model_name,metric_rows,avg_wmape,avg_mape,avg_rmse,avg_smape,avg_bias
ARIMA_Fixed,454,0.21391372252197371,0.48578601347183836,71673.3031578778,0.13663595258577105,-59360.66822518564
ETS_Current,454,0.1819190892679788,0.5236432420107666,19592.957832394142,0.0902865827086065,-13684.611103880448
FixedGrowth_1_5,454,0.049355524426517534,0.31595432892640435,7132.217182990547,0.058672972018954335,-4553.965050129805
FixedGrowth_3,454,0.05104372279602908,0.32027648429306316,7461.158247134561,0.06004555993337295,-3091.6231192898226
FixedGrowth_4,454,0.05349012845414714,0.32446806675982953,8080.550677206487,0.06225595445227418,-2116.7284987298367
FixedGrowth_6,454,0.05963112421355646,0.334086135691117,9647.851925762978,0.06785764326307249,-166.93925760986016
LinearRegression,454,0.13294019668699464,0.41943880327097505,7833.231157996714,0.07247359216756843,-4602.621735215468
