metric_id,metric_name,db_type,scenario,scenario_status,granularity,entity_key,forecast_version,unit,unit_status,availability_status,computability_status,not_computable_reason,explanation_context,safe_summary,assistant_allowed_claims,assistant_disallowed_claims,evidence_level,source_object,source_file
hdd_edb,hdd_edb,EDB,not_applicable,not_applicable,region,APC-Dedicated,2026-03-07,UNKNOWN,pending_d5,local_ingested,accuracy_only,NO_TARGET_DATE_GRAIN|NO_FORECAST_FACT_TABLE|SHINY_NOT_CONNECTED,"Multiple forecast versions are retained, so cross version accuracy comparison is available.","hdd_edb / EDB at region grain, key APC-Dedicated, forecast version 2026-03-07: average MAPE 81.63, average accuracy 18.37, across 9 evaluation windows from 2026-04-07 to 2026-04-21.",observed accuracy|observed bias|evaluation window coverage|source identity,cross metric raw aggregation|invented scenario values,VERIFIED_LOCAL,forecast_substrateBE_hdd_region_metrics,hdd_region_metrics.csv
hdd_edb,hdd_edb,EDB,not_applicable,not_applicable,region,APC-Dedicated,2026-05-01,UNKNOWN,pending_d5,local_ingested,accuracy_only,NO_TARGET_DATE_GRAIN|NO_FORECAST_FACT_TABLE|SHINY_NOT_CONNECTED,"Multiple forecast versions are retained, so cross version accuracy comparison is available.","hdd_edb / EDB at region grain, key APC-Dedicated, forecast version 2026-05-01: average MAPE 12.688125, average accuracy 87.50875, across 32 evaluation windows from 2026-05-01 to 2026-06-09.",observed accuracy|observed bias|evaluation window coverage|source identity,cross metric raw aggregation|invented scenario values,VERIFIED_LOCAL,forecast_substrateBE_hdd_region_metrics,hdd_region_metrics.csv
hdd_edb,hdd_edb,EDB,not_applicable,not_applicable,region,APC-Dedicated,2026-04-16,UNKNOWN,pending_d5,local_ingested,accuracy_only,NO_TARGET_DATE_GRAIN|NO_FORECAST_FACT_TABLE|SHINY_NOT_CONNECTED,"Multiple forecast versions are retained, so cross version accuracy comparison is available.","hdd_edb / EDB at region grain, key APC-Dedicated, forecast version 2026-04-16: average MAPE 0.79625, average accuracy 99.20375, across 16 evaluation windows from 2026-04-16 to 2026-05-06.",observed accuracy|observed bias|evaluation window coverage|source identity,cross metric raw aggregation|invented scenario values,VERIFIED_LOCAL,forecast_substrateBE_hdd_region_metrics,hdd_region_metrics.csv
hdd_edb,hdd_edb,EDB,not_applicable,not_applicable,region,SGP-Go Local,2026-04-16,UNKNOWN,pending_d5,local_ingested,accuracy_only,NO_TARGET_DATE_GRAIN|NO_FORECAST_FACT_TABLE|SHINY_NOT_CONNECTED,"Multiple forecast versions are retained, so cross version accuracy comparison is available.","hdd_edb / EDB at region grain, key SGP-Go Local, forecast version 2026-04-16: average MAPE 31.1025, average accuracy 68.8975, across 16 evaluation windows from 2026-04-16 to 2026-05-06.",observed accuracy|observed bias|evaluation window coverage|source identity,cross metric raw aggregation|invented scenario values,VERIFIED_LOCAL,forecast_substrateBE_hdd_region_metrics,hdd_region_metrics.csv
hdd_edb,hdd_edb,EDB,not_applicable,not_applicable,region,CAN-Go Local,2026-04-16,UNKNOWN,pending_d5,local_ingested,accuracy_only,NO_TARGET_DATE_GRAIN|NO_FORECAST_FACT_TABLE|SHINY_NOT_CONNECTED,"Multiple forecast versions are retained, so cross version accuracy comparison is available.","hdd_edb / EDB at region grain, key CAN-Go Local, forecast version 2026-04-16: average MAPE 0.42375, average accuracy 99.57625, across 16 evaluation windows from 2026-04-16 to 2026-05-06.",observed accuracy|observed bias|evaluation window coverage|source identity,cross metric raw aggregation|invented scenario values,VERIFIED_LOCAL,forecast_substrateBE_hdd_region_metrics,hdd_region_metrics.csv
hdd_edb,hdd_edb,EDB,not_applicable,not_applicable,region,MEX-Go Local,2026-04-16,UNKNOWN,pending_d5,local_ingested,accuracy_only,NO_TARGET_DATE_GRAIN|NO_FORECAST_FACT_TABLE|SHINY_NOT_CONNECTED,"Multiple forecast versions are retained, so cross version accuracy comparison is available.","hdd_edb / EDB at region grain, key MEX-Go Local, forecast version 2026-04-16: average MAPE 0.88875, average accuracy 99.11125, across 16 evaluation windows from 2026-04-16 to 2026-05-06.",observed accuracy|observed bias|evaluation window coverage|source identity,cross metric raw aggregation|invented scenario values,VERIFIED_LOCAL,forecast_substrateBE_hdd_region_metrics,hdd_region_metrics.csv
hdd_edb,hdd_edb,EDB,not_applicable,not_applicable,region,GBR-Go Local,2026-04-16,UNKNOWN,pending_d5,local_ingested,accuracy_only,NO_TARGET_DATE_GRAIN|NO_FORECAST_FACT_TABLE|SHINY_NOT_CONNECTED,"Multiple forecast versions are retained, so cross version accuracy comparison is available.","hdd_edb / EDB at region grain, key GBR-Go Local, forecast version 2026-04-16: average MAPE 0.51625, average accuracy 99.48375, across 16 evaluation windows from 2026-04-16 to 2026-05-06.",observed accuracy|observed bias|evaluation window coverage|source identity,cross metric raw aggregation|invented scenario values,VERIFIED_LOCAL,forecast_substrateBE_hdd_region_metrics,hdd_region_metrics.csv
hdd_edb,hdd_edb,EDB,not_applicable,not_applicable,region,EUR-Go Local,2026-04-16,UNKNOWN,pending_d5,local_ingested,accuracy_only,NO_TARGET_DATE_GRAIN|NO_FORECAST_FACT_TABLE|SHINY_NOT_CONNECTED,"Multiple forecast versions are retained, so cross version accuracy comparison is available.","hdd_edb / EDB at region grain, key EUR-Go Local, forecast version 2026-04-16: average MAPE 11.426875, average accuracy 88.573125, across 16 evaluation windows from 2026-04-16 to 2026-05-06.",observed accuracy|observed bias|evaluation window coverage|source identity,cross metric raw aggregation|invented scenario values,VERIFIED_LOCAL,forecast_substrateBE_hdd_region_metrics,hdd_region_metrics.csv
hdd_edb,hdd_edb,EDB,not_applicable,not_applicable,region,IND-Go Local,2026-05-01,UNKNOWN,pending_d5,local_ingested,accuracy_only,NO_TARGET_DATE_GRAIN|NO_FORECAST_FACT_TABLE|SHINY_NOT_CONNECTED,"Multiple forecast versions are retained, so cross version accuracy comparison is available.","hdd_edb / EDB at region grain, key IND-Go Local, forecast version 2026-05-01: average MAPE 0.493125, average accuracy 99.506875, across 32 evaluation windows from 2026-05-01 to 2026-06-09.",observed accuracy|observed bias|evaluation window coverage|source identity,cross metric raw aggregation|invented scenario values,VERIFIED_LOCAL,forecast_substrateBE_hdd_region_metrics,hdd_region_metrics.csv
hdd_edb,hdd_edb,EDB,not_applicable,not_applicable,region,KOR-Go Local,2026-04-16,UNKNOWN,pending_d5,local_ingested,accuracy_only,NO_TARGET_DATE_GRAIN|NO_FORECAST_FACT_TABLE|SHINY_NOT_CONNECTED,"Multiple forecast versions are retained, so cross version accuracy comparison is available.","hdd_edb / EDB at region grain, key KOR-Go Local, forecast version 2026-04-16: average MAPE 23.135625, average accuracy 76.864375, across 16 evaluation windows from 2026-04-16 to 2026-05-06.",observed accuracy|observed bias|evaluation window coverage|source identity,cross metric raw aggregation|invented scenario values,VERIFIED_LOCAL,forecast_substrateBE_hdd_region_metrics,hdd_region_metrics.csv
hdd_edb,hdd_edb,EDB,not_applicable,not_applicable,region,APC-Multitenant,2026-04-16,UNKNOWN,pending_d5,local_ingested,accuracy_only,NO_TARGET_DATE_GRAIN|NO_FORECAST_FACT_TABLE|SHINY_NOT_CONNECTED,"Multiple forecast versions are retained, so cross version accuracy comparison is available.","hdd_edb / EDB at region grain, key APC-Multitenant, forecast version 2026-04-16: average MAPE 0.901875, average accuracy 99.098125, across 16 evaluation windows from 2026-04-16 to 2026-05-06.",observed accuracy|observed bias|evaluation window coverage|source identity,cross metric raw aggregation|invented scenario values,VERIFIED_LOCAL,forecast_substrateBE_hdd_region_metrics,hdd_region_metrics.csv
hdd_edb,hdd_edb,EDB,not_applicable,not_applicable,region,LAM-Multitenant,2026-04-16,UNKNOWN,pending_d5,local_ingested,accuracy_only,NO_TARGET_DATE_GRAIN|NO_FORECAST_FACT_TABLE|SHINY_NOT_CONNECTED,"Multiple forecast versions are retained, so cross version accuracy comparison is available.","hdd_edb / EDB at region grain, key LAM-Multitenant, forecast version 2026-04-16: average MAPE 0.079375, average accuracy 99.920625, across 16 evaluation windows from 2026-04-16 to 2026-05-06.",observed accuracy|observed bias|evaluation window coverage|source identity,cross metric raw aggregation|invented scenario values,VERIFIED_LOCAL,forecast_substrateBE_hdd_region_metrics,hdd_region_metrics.csv
hdd_edb,hdd_edb,EDB,not_applicable,not_applicable,region,NAM-MSIT,2026-04-16,UNKNOWN,pending_d5,local_ingested,accuracy_only,NO_TARGET_DATE_GRAIN|NO_FORECAST_FACT_TABLE|SHINY_NOT_CONNECTED,"Multiple forecast versions are retained, so cross version accuracy comparison is available.","hdd_edb / EDB at region grain, key NAM-MSIT, forecast version 2026-04-16: average MAPE 4.320625, average accuracy 95.679375, across 16 evaluation windows from 2026-04-16 to 2026-05-06.",observed accuracy|observed bias|evaluation window coverage|source identity,cross metric raw aggregation|invented scenario values,VERIFIED_LOCAL,forecast_substrateBE_hdd_region_metrics,hdd_region_metrics.csv
hdd_edb,hdd_edb,EDB,not_applicable,not_applicable,region,NAM-Multitenant,2026-04-16,UNKNOWN,pending_d5,local_ingested,accuracy_only,NO_TARGET_DATE_GRAIN|NO_FORECAST_FACT_TABLE|SHINY_NOT_CONNECTED,"Multiple forecast versions are retained, so cross version accuracy comparison is available.","hdd_edb / EDB at region grain, key NAM-Multitenant, forecast version 2026-04-16: average MAPE 13.299375, average accuracy 86.700625, across 16 evaluation windows from 2026-04-16 to 2026-05-06.",observed accuracy|observed bias|evaluation window coverage|source identity,cross metric raw aggregation|invented scenario values,VERIFIED_LOCAL,forecast_substrateBE_hdd_region_metrics,hdd_region_metrics.csv
hdd_edb,hdd_edb,EDB,not_applicable,not_applicable,region,NOR-Go Local,2026-04-16,UNKNOWN,pending_d5,local_ingested,accuracy_only,NO_TARGET_DATE_GRAIN|NO_FORECAST_FACT_TABLE|SHINY_NOT_CONNECTED,"Multiple forecast versions are retained, so cross version accuracy comparison is available.","hdd_edb / EDB at region grain, key NOR-Go Local, forecast version 2026-04-16: average MAPE 46.986875, average accuracy 53.013125, across 16 evaluation windows from 2026-04-16 to 2026-05-06.",observed accuracy|observed bias|evaluation window coverage|source identity,cross metric raw aggregation|invented scenario values,VERIFIED_LOCAL,forecast_substrateBE_hdd_region_metrics,hdd_region_metrics.csv
hdd_edb,hdd_edb,EDB,not_applicable,not_applicable,region,DNK-Go Local,2026-04-16,UNKNOWN,pending_d5,local_ingested,accuracy_only,NO_TARGET_DATE_GRAIN|NO_FORECAST_FACT_TABLE|SHINY_NOT_CONNECTED,"Multiple forecast versions are retained, so cross version accuracy comparison is available.","hdd_edb / EDB at region grain, key DNK-Go Local, forecast version 2026-04-16: average MAPE 66.89, average accuracy 33.11, across 16 evaluation windows from 2026-04-16 to 2026-05-06.",observed accuracy|observed bias|evaluation window coverage|source identity,cross metric raw aggregation|invented scenario values,VERIFIED_LOCAL,forecast_substrateBE_hdd_region_metrics,hdd_region_metrics.csv
hdd_edb,hdd_edb,EDB,not_applicable,not_applicable,region,NAM-TDF,2026-04-16,UNKNOWN,pending_d5,local_ingested,accuracy_only,NO_TARGET_DATE_GRAIN|NO_FORECAST_FACT_TABLE|SHINY_NOT_CONNECTED,"Multiple forecast versions are retained, so cross version accuracy comparison is available.","hdd_edb / EDB at region grain, key NAM-TDF, forecast version 2026-04-16: average MAPE 1.831875, average accuracy 98.168125, across 16 evaluation windows from 2026-04-16 to 2026-05-06.",observed accuracy|observed bias|evaluation window coverage|source identity,cross metric raw aggregation|invented scenario values,VERIFIED_LOCAL,forecast_substrateBE_hdd_region_metrics,hdd_region_metrics.csv
hdd_edb,hdd_edb,EDB,not_applicable,not_applicable,region,IDN-Go Local,2026-05-01,UNKNOWN,pending_d5,local_ingested,accuracy_only,NO_TARGET_DATE_GRAIN|NO_FORECAST_FACT_TABLE|SHINY_NOT_CONNECTED,"Multiple forecast versions are retained, so cross version accuracy comparison is available.","hdd_edb / EDB at region grain, key IDN-Go Local, forecast version 2026-05-01: average MAPE 8.744063, average accuracy 91.255938, across 32 evaluation windows from 2026-05-01 to 2026-06-09.",observed accuracy|observed bias|evaluation window coverage|source identity,cross metric raw aggregation|invented scenario values,VERIFIED_LOCAL,forecast_substrateBE_hdd_region_metrics,hdd_region_metrics.csv
hdd_edb,hdd_edb,EDB,not_applicable,not_applicable,region,EUR-Multitenant,2026-04-16,UNKNOWN,pending_d5,local_ingested,accuracy_only,NO_TARGET_DATE_GRAIN|NO_FORECAST_FACT_TABLE|SHINY_NOT_CONNECTED,"Multiple forecast versions are retained, so cross version accuracy comparison is available.","hdd_edb / EDB at region grain, key EUR-Multitenant, forecast version 2026-04-16: average MAPE 14.93, average accuracy 85.07, across 16 evaluation windows from 2026-04-16 to 2026-05-06.",observed accuracy|observed bias|evaluation window coverage|source identity,cross metric raw aggregation|invented scenario values,VERIFIED_LOCAL,forecast_substrateBE_hdd_region_metrics,hdd_region_metrics.csv
hdd_edb,hdd_edb,EDB,not_applicable,not_applicable,region,POL-Go Local,2026-04-16,UNKNOWN,pending_d5,local_ingested,accuracy_only,NO_TARGET_DATE_GRAIN|NO_FORECAST_FACT_TABLE|SHINY_NOT_CONNECTED,"Multiple forecast versions are retained, so cross version accuracy comparison is available.","hdd_edb / EDB at region grain, key POL-Go Local, forecast version 2026-04-16: average MAPE 124.596875, average accuracy 0.0, across 16 evaluation windows from 2026-04-16 to 2026-05-06.",observed accuracy|observed bias|evaluation window coverage|source identity,cross metric raw aggregation|invented scenario values,VERIFIED_LOCAL,forecast_substrateBE_hdd_region_metrics,hdd_region_metrics.csv
hdd_edb,hdd_edb,EDB,not_applicable,not_applicable,region,APC-MSIT,2026-04-16,UNKNOWN,pending_d5,local_ingested,accuracy_only,NO_TARGET_DATE_GRAIN|NO_FORECAST_FACT_TABLE|SHINY_NOT_CONNECTED,"Multiple forecast versions are retained, so cross version accuracy comparison is available.","hdd_edb / EDB at region grain, key APC-MSIT, forecast version 2026-04-16: average MAPE 0.738125, average accuracy 99.261875, across 16 evaluation windows from 2026-04-16 to 2026-05-06.",observed accuracy|observed bias|evaluation window coverage|source identity,cross metric raw aggregation|invented scenario values,VERIFIED_LOCAL,forecast_substrateBE_hdd_region_metrics,hdd_region_metrics.csv
hdd_edb,hdd_edb,EDB,not_applicable,not_applicable,region,NAM-SDF,2026-04-16,UNKNOWN,pending_d5,local_ingested,accuracy_only,NO_TARGET_DATE_GRAIN|NO_FORECAST_FACT_TABLE|SHINY_NOT_CONNECTED,"Multiple forecast versions are retained, so cross version accuracy comparison is available.","hdd_edb / EDB at region grain, key NAM-SDF, forecast version 2026-04-16: average MAPE 7.85125, average accuracy 92.14875, across 16 evaluation windows from 2026-04-16 to 2026-05-06.",observed accuracy|observed bias|evaluation window coverage|source identity,cross metric raw aggregation|invented scenario values,VERIFIED_LOCAL,forecast_substrateBE_hdd_region_metrics,hdd_region_metrics.csv
hdd_edb,hdd_edb,EDB,not_applicable,not_applicable,region,ZAF-Go Local,2026-04-16,UNKNOWN,pending_d5,local_ingested,accuracy_only,NO_TARGET_DATE_GRAIN|NO_FORECAST_FACT_TABLE|SHINY_NOT_CONNECTED,"Multiple forecast versions are retained, so cross version accuracy comparison is available.","hdd_edb / EDB at region grain, key ZAF-Go Local, forecast version 2026-04-16: average MAPE 0.430625, average accuracy 99.569375, across 16 evaluation windows from 2026-04-16 to 2026-05-06.",observed accuracy|observed bias|evaluation window coverage|source identity,cross metric raw aggregation|invented scenario values,VERIFIED_LOCAL,forecast_substrateBE_hdd_region_metrics,hdd_region_metrics.csv
hdd_edb,hdd_edb,EDB,not_applicable,not_applicable,region,AUT-Go Local,2026-04-16,UNKNOWN,pending_d5,local_ingested,accuracy_only,NO_TARGET_DATE_GRAIN|NO_FORECAST_FACT_TABLE|SHINY_NOT_CONNECTED,"Multiple forecast versions are retained, so cross version accuracy comparison is available.","hdd_edb / EDB at region grain, key AUT-Go Local, forecast version 2026-04-16: average MAPE 37.545, average accuracy 62.455, across 16 evaluation windows from 2026-04-16 to 2026-05-06.",observed accuracy|observed bias|evaluation window coverage|source identity,cross metric raw aggregation|invented scenario values,VERIFIED_LOCAL,forecast_substrateBE_hdd_region_metrics,hdd_region_metrics.csv
hdd_edb,hdd_edb,EDB,not_applicable,not_applicable,region,CHL-Go Local,2026-04-16,UNKNOWN,pending_d5,local_ingested,accuracy_only,NO_TARGET_DATE_GRAIN|NO_FORECAST_FACT_TABLE|SHINY_NOT_CONNECTED,"Multiple forecast versions are retained, so cross version accuracy comparison is available.","hdd_edb / EDB at region grain, key CHL-Go Local, forecast version 2026-04-16: average MAPE 13.05625, average accuracy 86.94375, across 16 evaluation windows from 2026-04-16 to 2026-05-06.",observed accuracy|observed bias|evaluation window coverage|source identity,cross metric raw aggregation|invented scenario values,VERIFIED_LOCAL,forecast_substrateBE_hdd_region_metrics,hdd_region_metrics.csv
hdd_edb,hdd_edb,EDB,not_applicable,not_applicable,region,NAM-GCC Low,2026-04-16,UNKNOWN,pending_d5,local_ingested,accuracy_only,NO_TARGET_DATE_GRAIN|NO_FORECAST_FACT_TABLE|SHINY_NOT_CONNECTED,"Multiple forecast versions are retained, so cross version accuracy comparison is available.","hdd_edb / EDB at region grain, key NAM-GCC Low, forecast version 2026-04-16: average MAPE 0.104375, average accuracy 99.895625, across 16 evaluation windows from 2026-04-16 to 2026-05-06.",observed accuracy|observed bias|evaluation window coverage|source identity,cross metric raw aggregation|invented scenario values,VERIFIED_LOCAL,forecast_substrateBE_hdd_region_metrics,hdd_region_metrics.csv
hdd_edb,hdd_edb,EDB,not_applicable,not_applicable,region,EUR-Go Local,2026-05-01,UNKNOWN,pending_d5,local_ingested,accuracy_only,NO_TARGET_DATE_GRAIN|NO_FORECAST_FACT_TABLE|SHINY_NOT_CONNECTED,"Multiple forecast versions are retained, so cross version accuracy comparison is available.","hdd_edb / EDB at region grain, key EUR-Go Local, forecast version 2026-05-01: average MAPE 9.317187, average accuracy 90.682812, across 32 evaluation windows from 2026-05-01 to 2026-06-09.",observed accuracy|observed bias|evaluation window coverage|source identity,cross metric raw aggregation|invented scenario values,VERIFIED_LOCAL,forecast_substrateBE_hdd_region_metrics,hdd_region_metrics.csv
hdd_edb,hdd_edb,EDB,not_applicable,not_applicable,region,ARE-Go Local,2026-04-16,UNKNOWN,pending_d5,local_ingested,accuracy_only,NO_TARGET_DATE_GRAIN|NO_FORECAST_FACT_TABLE|SHINY_NOT_CONNECTED,"Multiple forecast versions are retained, so cross version accuracy comparison is available.","hdd_edb / EDB at region grain, key ARE-Go Local, forecast version 2026-04-16: average MAPE 5.875, average accuracy 94.125, across 16 evaluation windows from 2026-04-16 to 2026-05-06.",observed accuracy|observed bias|evaluation window coverage|source identity,cross metric raw aggregation|invented scenario values,VERIFIED_LOCAL,forecast_substrateBE_hdd_region_metrics,hdd_region_metrics.csv
hdd_edb,hdd_edb,EDB,not_applicable,not_applicable,region,CHL-Go Local,2026-05-01,UNKNOWN,pending_d5,local_ingested,accuracy_only,NO_TARGET_DATE_GRAIN|NO_FORECAST_FACT_TABLE|SHINY_NOT_CONNECTED,"Multiple forecast versions are retained, so cross version accuracy comparison is available.","hdd_edb / EDB at region grain, key CHL-Go Local, forecast version 2026-05-01: average MAPE 1.5225, average accuracy 98.4775, across 32 evaluation windows from 2026-05-01 to 2026-06-09.",observed accuracy|observed bias|evaluation window coverage|source identity,cross metric raw aggregation|invented scenario values,VERIFIED_LOCAL,forecast_substrateBE_hdd_region_metrics,hdd_region_metrics.csv
hdd_edb,hdd_edb,EDB,not_applicable,not_applicable,region,NAM-MSIT,2026-05-01,UNKNOWN,pending_d5,local_ingested,accuracy_only,NO_TARGET_DATE_GRAIN|NO_FORECAST_FACT_TABLE|SHINY_NOT_CONNECTED,"Multiple forecast versions are retained, so cross version accuracy comparison is available.","hdd_edb / EDB at region grain, key NAM-MSIT, forecast version 2026-05-01: average MAPE 0.862187, average accuracy 99.137812, across 32 evaluation windows from 2026-05-01 to 2026-06-09.",observed accuracy|observed bias|evaluation window coverage|source identity,cross metric raw aggregation|invented scenario values,VERIFIED_LOCAL,forecast_substrateBE_hdd_region_metrics,hdd_region_metrics.csv
hdd_edb,hdd_edb,EDB,not_applicable,not_applicable,region,EUR-Dedicated,2026-04-16,UNKNOWN,pending_d5,local_ingested,accuracy_only,NO_TARGET_DATE_GRAIN|NO_FORECAST_FACT_TABLE|SHINY_NOT_CONNECTED,"Multiple forecast versions are retained, so cross version accuracy comparison is available.","hdd_edb / EDB at region grain, key EUR-Dedicated, forecast version 2026-04-16: average MAPE 1.05375, average accuracy 98.94625, across 16 evaluation windows from 2026-04-16 to 2026-05-06.",observed accuracy|observed bias|evaluation window coverage|source identity,cross metric raw aggregation|invented scenario values,VERIFIED_LOCAL,forecast_substrateBE_hdd_region_metrics,hdd_region_metrics.csv
hdd_edb,hdd_edb,EDB,not_applicable,not_applicable,region,IDN-Go Local,2026-04-16,UNKNOWN,pending_d5,local_ingested,accuracy_only,NO_TARGET_DATE_GRAIN|NO_FORECAST_FACT_TABLE|SHINY_NOT_CONNECTED,"Multiple forecast versions are retained, so cross version accuracy comparison is available.","hdd_edb / EDB at region grain, key IDN-Go Local, forecast version 2026-04-16: average MAPE 0.599375, average accuracy 99.400625, across 16 evaluation windows from 2026-04-16 to 2026-05-06.",observed accuracy|observed bias|evaluation window coverage|source identity,cross metric raw aggregation|invented scenario values,VERIFIED_LOCAL,forecast_substrateBE_hdd_region_metrics,hdd_region_metrics.csv
hdd_edb,hdd_edb,EDB,not_applicable,not_applicable,region,KOR-Go Local,2026-05-01,UNKNOWN,pending_d5,local_ingested,accuracy_only,NO_TARGET_DATE_GRAIN|NO_FORECAST_FACT_TABLE|SHINY_NOT_CONNECTED,"Multiple forecast versions are retained, so cross version accuracy comparison is available.","hdd_edb / EDB at region grain, key KOR-Go Local, forecast version 2026-05-01: average MAPE 23.85875, average accuracy 76.14125, across 32 evaluation windows from 2026-05-01 to 2026-06-09.",observed accuracy|observed bias|evaluation window coverage|source identity,cross metric raw aggregation|invented scenario values,VERIFIED_LOCAL,forecast_substrateBE_hdd_region_metrics,hdd_region_metrics.csv
hdd_edb,hdd_edb,EDB,not_applicable,not_applicable,region,AUS-Go Local,2026-04-16,UNKNOWN,pending_d5,local_ingested,accuracy_only,NO_TARGET_DATE_GRAIN|NO_FORECAST_FACT_TABLE|SHINY_NOT_CONNECTED,"Multiple forecast versions are retained, so cross version accuracy comparison is available.","hdd_edb / EDB at region grain, key AUS-Go Local, forecast version 2026-04-16: average MAPE 1.090625, average accuracy 98.909375, across 16 evaluation windows from 2026-04-16 to 2026-05-06.",observed accuracy|observed bias|evaluation window coverage|source identity,cross metric raw aggregation|invented scenario values,VERIFIED_LOCAL,forecast_substrateBE_hdd_region_metrics,hdd_region_metrics.csv
hdd_edb,hdd_edb,EDB,not_applicable,not_applicable,region,DEU-Go Local,2026-04-16,UNKNOWN,pending_d5,local_ingested,accuracy_only,NO_TARGET_DATE_GRAIN|NO_FORECAST_FACT_TABLE|SHINY_NOT_CONNECTED,"Multiple forecast versions are retained, so cross version accuracy comparison is available.","hdd_edb / EDB at region grain, key DEU-Go Local, forecast version 2026-04-16: average MAPE 0.4025, average accuracy 99.5975, across 16 evaluation windows from 2026-04-16 to 2026-05-06.",observed accuracy|observed bias|evaluation window coverage|source identity,cross metric raw aggregation|invented scenario values,VERIFIED_LOCAL,forecast_substrateBE_hdd_region_metrics,hdd_region_metrics.csv
hdd_edb,hdd_edb,EDB,not_applicable,not_applicable,region,APC-MSIT,2026-03-07,UNKNOWN,pending_d5,local_ingested,accuracy_only,NO_TARGET_DATE_GRAIN|NO_FORECAST_FACT_TABLE|SHINY_NOT_CONNECTED,"Multiple forecast versions are retained, so cross version accuracy comparison is available.","hdd_edb / EDB at region grain, key APC-MSIT, forecast version 2026-03-07: average MAPE 0.81, average accuracy 99.19, across 9 evaluation windows from 2026-04-07 to 2026-04-21.",observed accuracy|observed bias|evaluation window coverage|source identity,cross metric raw aggregation|invented scenario values,VERIFIED_LOCAL,forecast_substrateBE_hdd_region_metrics,hdd_region_metrics.csv
hdd_edb,hdd_edb,EDB,not_applicable,not_applicable,region,APC-MSIT,2026-05-01,UNKNOWN,pending_d5,local_ingested,accuracy_only,NO_TARGET_DATE_GRAIN|NO_FORECAST_FACT_TABLE|SHINY_NOT_CONNECTED,"Multiple forecast versions are retained, so cross version accuracy comparison is available.","hdd_edb / EDB at region grain, key APC-MSIT, forecast version 2026-05-01: average MAPE 0.536875, average accuracy 99.463125, across 32 evaluation windows from 2026-05-01 to 2026-06-09.",observed accuracy|observed bias|evaluation window coverage|source identity,cross metric raw aggregation|invented scenario values,VERIFIED_LOCAL,forecast_substrateBE_hdd_region_metrics,hdd_region_metrics.csv
hdd_edb,hdd_edb,EDB,not_applicable,not_applicable,region,BRA-Go Local,2026-05-01,UNKNOWN,pending_d5,local_ingested,accuracy_only,NO_TARGET_DATE_GRAIN|NO_FORECAST_FACT_TABLE|SHINY_NOT_CONNECTED,"Multiple forecast versions are retained, so cross version accuracy comparison is available.","hdd_edb / EDB at region grain, key BRA-Go Local, forecast version 2026-05-01: average MAPE 0.928125, average accuracy 99.071875, across 32 evaluation windows from 2026-05-01 to 2026-06-09.",observed accuracy|observed bias|evaluation window coverage|source identity,cross metric raw aggregation|invented scenario values,VERIFIED_LOCAL,forecast_substrateBE_hdd_region_metrics,hdd_region_metrics.csv
hdd_edb,hdd_edb,EDB,not_applicable,not_applicable,region,ISR-Go Local,2026-04-16,UNKNOWN,pending_d5,local_ingested,accuracy_only,NO_TARGET_DATE_GRAIN|NO_FORECAST_FACT_TABLE|SHINY_NOT_CONNECTED,"Multiple forecast versions are retained, so cross version accuracy comparison is available.","hdd_edb / EDB at region grain, key ISR-Go Local, forecast version 2026-04-16: average MAPE 0.86125, average accuracy 99.13875, across 16 evaluation windows from 2026-04-16 to 2026-05-06.",observed accuracy|observed bias|evaluation window coverage|source identity,cross metric raw aggregation|invented scenario values,VERIFIED_LOCAL,forecast_substrateBE_hdd_region_metrics,hdd_region_metrics.csv
hdd_edb,hdd_edb,EDB,not_applicable,not_applicable,region,NAM-ITAR DoD,2026-04-16,UNKNOWN,pending_d5,local_ingested,accuracy_only,NO_TARGET_DATE_GRAIN|NO_FORECAST_FACT_TABLE|SHINY_NOT_CONNECTED,"Multiple forecast versions are retained, so cross version accuracy comparison is available.","hdd_edb / EDB at region grain, key NAM-ITAR DoD, forecast version 2026-04-16: average MAPE 0.68, average accuracy 99.32, across 16 evaluation windows from 2026-04-16 to 2026-05-06.",observed accuracy|observed bias|evaluation window coverage|source identity,cross metric raw aggregation|invented scenario values,VERIFIED_LOCAL,forecast_substrateBE_hdd_region_metrics,hdd_region_metrics.csv
hdd_edb,hdd_edb,EDB,not_applicable,not_applicable,region,AUT-Go Local,2026-05-01,UNKNOWN,pending_d5,local_ingested,accuracy_only,NO_TARGET_DATE_GRAIN|NO_FORECAST_FACT_TABLE|SHINY_NOT_CONNECTED,"Multiple forecast versions are retained, so cross version accuracy comparison is available.","hdd_edb / EDB at region grain, key AUT-Go Local, forecast version 2026-05-01: average MAPE 13.305, average accuracy 86.695, across 32 evaluation windows from 2026-05-01 to 2026-06-09.",observed accuracy|observed bias|evaluation window coverage|source identity,cross metric raw aggregation|invented scenario values,VERIFIED_LOCAL,forecast_substrateBE_hdd_region_metrics,hdd_region_metrics.csv
hdd_edb,hdd_edb,EDB,not_applicable,not_applicable,region,NZL-Go Local,2026-04-16,UNKNOWN,pending_d5,local_ingested,accuracy_only,NO_TARGET_DATE_GRAIN|NO_FORECAST_FACT_TABLE|SHINY_NOT_CONNECTED,"Multiple forecast versions are retained, so cross version accuracy comparison is available.","hdd_edb / EDB at region grain, key NZL-Go Local, forecast version 2026-04-16: average MAPE 12.543125, average accuracy 87.456875, across 16 evaluation windows from 2026-04-16 to 2026-05-06.",observed accuracy|observed bias|evaluation window coverage|source identity,cross metric raw aggregation|invented scenario values,VERIFIED_LOCAL,forecast_substrateBE_hdd_region_metrics,hdd_region_metrics.csv
hdd_edb,hdd_edb,EDB,not_applicable,not_applicable,region,CHE-Go Local,2026-05-01,UNKNOWN,pending_d5,local_ingested,accuracy_only,NO_TARGET_DATE_GRAIN|NO_FORECAST_FACT_TABLE|SHINY_NOT_CONNECTED,"Multiple forecast versions are retained, so cross version accuracy comparison is available.","hdd_edb / EDB at region grain, key CHE-Go Local, forecast version 2026-05-01: average MAPE 5.683438, average accuracy 94.316563, across 32 evaluation windows from 2026-05-01 to 2026-06-09.",observed accuracy|observed bias|evaluation window coverage|source identity,cross metric raw aggregation|invented scenario values,VERIFIED_LOCAL,forecast_substrateBE_hdd_region_metrics,hdd_region_metrics.csv
hdd_edb,hdd_edb,EDB,not_applicable,not_applicable,region,SWE-Go Local,2026-04-16,UNKNOWN,pending_d5,local_ingested,accuracy_only,NO_TARGET_DATE_GRAIN|NO_FORECAST_FACT_TABLE|SHINY_NOT_CONNECTED,"Multiple forecast versions are retained, so cross version accuracy comparison is available.","hdd_edb / EDB at region grain, key SWE-Go Local, forecast version 2026-04-16: average MAPE 37.420625, average accuracy 62.579375, across 16 evaluation windows from 2026-04-16 to 2026-05-06.",observed accuracy|observed bias|evaluation window coverage|source identity,cross metric raw aggregation|invented scenario values,VERIFIED_LOCAL,forecast_substrateBE_hdd_region_metrics,hdd_region_metrics.csv
hdd_edb,hdd_edb,EDB,not_applicable,not_applicable,region,DEU-Go Local,2026-05-01,UNKNOWN,pending_d5,local_ingested,accuracy_only,NO_TARGET_DATE_GRAIN|NO_FORECAST_FACT_TABLE|SHINY_NOT_CONNECTED,"Multiple forecast versions are retained, so cross version accuracy comparison is available.","hdd_edb / EDB at region grain, key DEU-Go Local, forecast version 2026-05-01: average MAPE 0.7975, average accuracy 99.2025, across 32 evaluation windows from 2026-05-01 to 2026-06-09.",observed accuracy|observed bias|evaluation window coverage|source identity,cross metric raw aggregation|invented scenario values,VERIFIED_LOCAL,forecast_substrateBE_hdd_region_metrics,hdd_region_metrics.csv
hdd_edb,hdd_edb,EDB,not_applicable,not_applicable,region,TWN-Go Local,2026-04-16,UNKNOWN,pending_d5,local_ingested,accuracy_only,NO_TARGET_DATE_GRAIN|NO_FORECAST_FACT_TABLE|SHINY_NOT_CONNECTED,"Multiple forecast versions are retained, so cross version accuracy comparison is available.","hdd_edb / EDB at region grain, key TWN-Go Local, forecast version 2026-04-16: average MAPE 26.62625, average accuracy 73.37375, across 16 evaluation windows from 2026-04-16 to 2026-05-06.",observed accuracy|observed bias|evaluation window coverage|source identity,cross metric raw aggregation|invented scenario values,VERIFIED_LOCAL,forecast_substrateBE_hdd_region_metrics,hdd_region_metrics.csv
hdd_edb,hdd_edb,EDB,not_applicable,not_applicable,region,ESP-Go Local,2026-05-01,UNKNOWN,pending_d5,local_ingested,accuracy_only,NO_TARGET_DATE_GRAIN|NO_FORECAST_FACT_TABLE|SHINY_NOT_CONNECTED,"Multiple forecast versions are retained, so cross version accuracy comparison is available.","hdd_edb / EDB at region grain, key ESP-Go Local, forecast version 2026-05-01: average MAPE 152.85875, average accuracy 0.0, across 32 evaluation windows from 2026-05-01 to 2026-06-09.",observed accuracy|observed bias|evaluation window coverage|source identity,cross metric raw aggregation|invented scenario values,VERIFIED_LOCAL,forecast_substrateBE_hdd_region_metrics,hdd_region_metrics.csv
hdd_edb,hdd_edb,EDB,not_applicable,not_applicable,region,DNK-Go Local,2026-05-01,UNKNOWN,pending_d5,local_ingested,accuracy_only,NO_TARGET_DATE_GRAIN|NO_FORECAST_FACT_TABLE|SHINY_NOT_CONNECTED,"Multiple forecast versions are retained, so cross version accuracy comparison is available.","hdd_edb / EDB at region grain, key DNK-Go Local, forecast version 2026-05-01: average MAPE 55.488125, average accuracy 44.511875, across 32 evaluation windows from 2026-05-01 to 2026-06-09.",observed accuracy|observed bias|evaluation window coverage|source identity,cross metric raw aggregation|invented scenario values,VERIFIED_LOCAL,forecast_substrateBE_hdd_region_metrics,hdd_region_metrics.csv
hdd_edb,hdd_edb,EDB,not_applicable,not_applicable,region,NAM-TDF,2026-05-01,UNKNOWN,pending_d5,local_ingested,accuracy_only,NO_TARGET_DATE_GRAIN|NO_FORECAST_FACT_TABLE|SHINY_NOT_CONNECTED,"Multiple forecast versions are retained, so cross version accuracy comparison is available.","hdd_edb / EDB at region grain, key NAM-TDF, forecast version 2026-05-01: average MAPE 46.284687, average accuracy 80.429375, across 32 evaluation windows from 2026-05-01 to 2026-06-09.",observed accuracy|observed bias|evaluation window coverage|source identity,cross metric raw aggregation|invented scenario values,VERIFIED_LOCAL,forecast_substrateBE_hdd_region_metrics,hdd_region_metrics.csv
hdd_edb,hdd_edb,EDB,not_applicable,not_applicable,region,EUR-MSIT,2026-04-16,UNKNOWN,pending_d5,local_ingested,accuracy_only,NO_TARGET_DATE_GRAIN|NO_FORECAST_FACT_TABLE|SHINY_NOT_CONNECTED,"Multiple forecast versions are retained, so cross version accuracy comparison is available.","hdd_edb / EDB at region grain, key EUR-MSIT, forecast version 2026-04-16: average MAPE 2.64125, average accuracy 97.35875, across 16 evaluation windows from 2026-04-16 to 2026-05-06.",observed accuracy|observed bias|evaluation window coverage|source identity,cross metric raw aggregation|invented scenario values,VERIFIED_LOCAL,forecast_substrateBE_hdd_region_metrics,hdd_region_metrics.csv
hdd_edb,hdd_edb,EDB,not_applicable,not_applicable,region,NOR-Go Local,2026-05-01,UNKNOWN,pending_d5,local_ingested,accuracy_only,NO_TARGET_DATE_GRAIN|NO_FORECAST_FACT_TABLE|SHINY_NOT_CONNECTED,"Multiple forecast versions are retained, so cross version accuracy comparison is available.","hdd_edb / EDB at region grain, key NOR-Go Local, forecast version 2026-05-01: average MAPE 37.983125, average accuracy 62.016875, across 32 evaluation windows from 2026-05-01 to 2026-06-09.",observed accuracy|observed bias|evaluation window coverage|source identity,cross metric raw aggregation|invented scenario values,VERIFIED_LOCAL,forecast_substrateBE_hdd_region_metrics,hdd_region_metrics.csv
hdd_edb,hdd_edb,EDB,not_applicable,not_applicable,region,GBR-Dedicated,2026-04-16,UNKNOWN,pending_d5,local_ingested,accuracy_only,NO_TARGET_DATE_GRAIN|NO_FORECAST_FACT_TABLE|SHINY_NOT_CONNECTED,"Multiple forecast versions are retained, so cross version accuracy comparison is available.","hdd_edb / EDB at region grain, key GBR-Dedicated, forecast version 2026-04-16: average MAPE 160.316875, average accuracy 0.0, across 16 evaluation windows from 2026-04-16 to 2026-05-06.",observed accuracy|observed bias|evaluation window coverage|source identity,cross metric raw aggregation|invented scenario values,VERIFIED_LOCAL,forecast_substrateBE_hdd_region_metrics,hdd_region_metrics.csv
hdd_edb,hdd_edb,EDB,not_applicable,not_applicable,region,SWE-Go Local,2026-05-01,UNKNOWN,pending_d5,local_ingested,accuracy_only,NO_TARGET_DATE_GRAIN|NO_FORECAST_FACT_TABLE|SHINY_NOT_CONNECTED,"Multiple forecast versions are retained, so cross version accuracy comparison is available.","hdd_edb / EDB at region grain, key SWE-Go Local, forecast version 2026-05-01: average MAPE 30.054063, average accuracy 69.945937, across 32 evaluation windows from 2026-05-01 to 2026-06-09.",observed accuracy|observed bias|evaluation window coverage|source identity,cross metric raw aggregation|invented scenario values,VERIFIED_LOCAL,forecast_substrateBE_hdd_region_metrics,hdd_region_metrics.csv
hdd_edb,hdd_edb,EDB,not_applicable,not_applicable,region,SGP-Go Local,2026-05-01,UNKNOWN,pending_d5,local_ingested,accuracy_only,NO_TARGET_DATE_GRAIN|NO_FORECAST_FACT_TABLE|SHINY_NOT_CONNECTED,"Multiple forecast versions are retained, so cross version accuracy comparison is available.","hdd_edb / EDB at region grain, key SGP-Go Local, forecast version 2026-05-01: average MAPE 38.231875, average accuracy 61.768125, across 32 evaluation windows from 2026-05-01 to 2026-06-09.",observed accuracy|observed bias|evaluation window coverage|source identity,cross metric raw aggregation|invented scenario values,VERIFIED_LOCAL,forecast_substrateBE_hdd_region_metrics,hdd_region_metrics.csv
hdd_edb,hdd_edb,EDB,not_applicable,not_applicable,region,MYS-Go Local,2026-04-16,UNKNOWN,pending_d5,local_ingested,accuracy_only,NO_TARGET_DATE_GRAIN|NO_FORECAST_FACT_TABLE|SHINY_NOT_CONNECTED,"Multiple forecast versions are retained, so cross version accuracy comparison is available.","hdd_edb / EDB at region grain, key MYS-Go Local, forecast version 2026-04-16: average MAPE 9.16125, average accuracy 90.83875, across 16 evaluation windows from 2026-04-16 to 2026-05-06.",observed accuracy|observed bias|evaluation window coverage|source identity,cross metric raw aggregation|invented scenario values,VERIFIED_LOCAL,forecast_substrateBE_hdd_region_metrics,hdd_region_metrics.csv
hdd_edb,hdd_edb,EDB,not_applicable,not_applicable,region,EUR-Dedicated,2026-05-01,UNKNOWN,pending_d5,local_ingested,accuracy_only,NO_TARGET_DATE_GRAIN|NO_FORECAST_FACT_TABLE|SHINY_NOT_CONNECTED,"Multiple forecast versions are retained, so cross version accuracy comparison is available.","hdd_edb / EDB at region grain, key EUR-Dedicated, forecast version 2026-05-01: average MAPE 0.289375, average accuracy 99.710625, across 32 evaluation windows from 2026-05-01 to 2026-06-09.",observed accuracy|observed bias|evaluation window coverage|source identity,cross metric raw aggregation|invented scenario values,VERIFIED_LOCAL,forecast_substrateBE_hdd_region_metrics,hdd_region_metrics.csv
hdd_edb,hdd_edb,EDB,not_applicable,not_applicable,region,NAM-Multitenant,2026-05-01,UNKNOWN,pending_d5,local_ingested,accuracy_only,NO_TARGET_DATE_GRAIN|NO_FORECAST_FACT_TABLE|SHINY_NOT_CONNECTED,"Multiple forecast versions are retained, so cross version accuracy comparison is available.","hdd_edb / EDB at region grain, key NAM-Multitenant, forecast version 2026-05-01: average MAPE 13.279375, average accuracy 86.720625, across 32 evaluation windows from 2026-05-01 to 2026-06-09.",observed accuracy|observed bias|evaluation window coverage|source identity,cross metric raw aggregation|invented scenario values,VERIFIED_LOCAL,forecast_substrateBE_hdd_region_metrics,hdd_region_metrics.csv
hdd_edb,hdd_edb,EDB,not_applicable,not_applicable,region,EUR-MSIT,2026-05-01,UNKNOWN,pending_d5,local_ingested,accuracy_only,NO_TARGET_DATE_GRAIN|NO_FORECAST_FACT_TABLE|SHINY_NOT_CONNECTED,"Multiple forecast versions are retained, so cross version accuracy comparison is available.","hdd_edb / EDB at region grain, key EUR-MSIT, forecast version 2026-05-01: average MAPE 10.634375, average accuracy 89.365625, across 32 evaluation windows from 2026-05-01 to 2026-06-09.",observed accuracy|observed bias|evaluation window coverage|source identity,cross metric raw aggregation|invented scenario values,VERIFIED_LOCAL,forecast_substrateBE_hdd_region_metrics,hdd_region_metrics.csv
hdd_edb,hdd_edb,EDB,not_applicable,not_applicable,region,APC-Multitenant,2026-03-07,UNKNOWN,pending_d5,local_ingested,accuracy_only,NO_TARGET_DATE_GRAIN|NO_FORECAST_FACT_TABLE|SHINY_NOT_CONNECTED,"Multiple forecast versions are retained, so cross version accuracy comparison is available.","hdd_edb / EDB at region grain, key APC-Multitenant, forecast version 2026-03-07: average MAPE 0.161111, average accuracy 99.838889, across 9 evaluation windows from 2026-04-07 to 2026-04-21.",observed accuracy|observed bias|evaluation window coverage|source identity,cross metric raw aggregation|invented scenario values,VERIFIED_LOCAL,forecast_substrateBE_hdd_region_metrics,hdd_region_metrics.csv
hdd_edb,hdd_edb,EDB,not_applicable,not_applicable,region,APC-Multitenant,2026-05-01,UNKNOWN,pending_d5,local_ingested,accuracy_only,NO_TARGET_DATE_GRAIN|NO_FORECAST_FACT_TABLE|SHINY_NOT_CONNECTED,"Multiple forecast versions are retained, so cross version accuracy comparison is available.","hdd_edb / EDB at region grain, key APC-Multitenant, forecast version 2026-05-01: average MAPE 0.099375, average accuracy 99.900625, across 32 evaluation windows from 2026-05-01 to 2026-06-09.",observed accuracy|observed bias|evaluation window coverage|source identity,cross metric raw aggregation|invented scenario values,VERIFIED_LOCAL,forecast_substrateBE_hdd_region_metrics,hdd_region_metrics.csv
hdd_edb,hdd_edb,EDB,not_applicable,not_applicable,region,GBR-Go Local,2026-05-01,UNKNOWN,pending_d5,local_ingested,accuracy_only,NO_TARGET_DATE_GRAIN|NO_FORECAST_FACT_TABLE|SHINY_NOT_CONNECTED,"Multiple forecast versions are retained, so cross version accuracy comparison is available.","hdd_edb / EDB at region grain, key GBR-Go Local, forecast version 2026-05-01: average MAPE 1.82875, average accuracy 98.17125, across 32 evaluation windows from 2026-05-01 to 2026-06-09.",observed accuracy|observed bias|evaluation window coverage|source identity,cross metric raw aggregation|invented scenario values,VERIFIED_LOCAL,forecast_substrateBE_hdd_region_metrics,hdd_region_metrics.csv
hdd_edb,hdd_edb,EDB,not_applicable,not_applicable,region,FRA-Go Local,2026-05-01,UNKNOWN,pending_d5,local_ingested,accuracy_only,NO_TARGET_DATE_GRAIN|NO_FORECAST_FACT_TABLE|SHINY_NOT_CONNECTED,"Multiple forecast versions are retained, so cross version accuracy comparison is available.","hdd_edb / EDB at region grain, key FRA-Go Local, forecast version 2026-05-01: average MAPE 1.681875, average accuracy 98.318125, across 32 evaluation windows from 2026-05-01 to 2026-06-09.",observed accuracy|observed bias|evaluation window coverage|source identity,cross metric raw aggregation|invented scenario values,VERIFIED_LOCAL,forecast_substrateBE_hdd_region_metrics,hdd_region_metrics.csv
hdd_edb,hdd_edb,EDB,not_applicable,not_applicable,region,QAT-Go Local,2026-05-01,UNKNOWN,pending_d5,local_ingested,accuracy_only,NO_TARGET_DATE_GRAIN|NO_FORECAST_FACT_TABLE|SHINY_NOT_CONNECTED,"Multiple forecast versions are retained, so cross version accuracy comparison is available.","hdd_edb / EDB at region grain, key QAT-Go Local, forecast version 2026-05-01: average MAPE 0.371875, average accuracy 99.628125, across 32 evaluation windows from 2026-05-01 to 2026-06-09.",observed accuracy|observed bias|evaluation window coverage|source identity,cross metric raw aggregation|invented scenario values,VERIFIED_LOCAL,forecast_substrateBE_hdd_region_metrics,hdd_region_metrics.csv
hdd_edb,hdd_edb,EDB,not_applicable,not_applicable,region,NAM-SDF,2026-05-01,UNKNOWN,pending_d5,local_ingested,accuracy_only,NO_TARGET_DATE_GRAIN|NO_FORECAST_FACT_TABLE|SHINY_NOT_CONNECTED,"Multiple forecast versions are retained, so cross version accuracy comparison is available.","hdd_edb / EDB at region grain, key NAM-SDF, forecast version 2026-05-01: average MAPE 11.525625, average accuracy 89.240625, across 32 evaluation windows from 2026-05-01 to 2026-06-09.",observed accuracy|observed bias|evaluation window coverage|source identity,cross metric raw aggregation|invented scenario values,VERIFIED_LOCAL,forecast_substrateBE_hdd_region_metrics,hdd_region_metrics.csv
hdd_edb,hdd_edb,EDB,not_applicable,not_applicable,region,GBR-Dedicated,2026-05-01,UNKNOWN,pending_d5,local_ingested,accuracy_only,NO_TARGET_DATE_GRAIN|NO_FORECAST_FACT_TABLE|SHINY_NOT_CONNECTED,"Multiple forecast versions are retained, so cross version accuracy comparison is available.","hdd_edb / EDB at region grain, key GBR-Dedicated, forecast version 2026-05-01: average MAPE 11.18625, average accuracy 88.81375, across 32 evaluation windows from 2026-05-01 to 2026-06-09.",observed accuracy|observed bias|evaluation window coverage|source identity,cross metric raw aggregation|invented scenario values,VERIFIED_LOCAL,forecast_substrateBE_hdd_region_metrics,hdd_region_metrics.csv
hdd_edb,hdd_edb,EDB,not_applicable,not_applicable,region,ARE-Go Local,2026-03-07,UNKNOWN,pending_d5,local_ingested,accuracy_only,NO_TARGET_DATE_GRAIN|NO_FORECAST_FACT_TABLE|SHINY_NOT_CONNECTED,"Multiple forecast versions are retained, so cross version accuracy comparison is available.","hdd_edb / EDB at region grain, key ARE-Go Local, forecast version 2026-03-07: average MAPE 41.896667, average accuracy 58.103333, across 9 evaluation windows from 2026-04-07 to 2026-04-21.",observed accuracy|observed bias|evaluation window coverage|source identity,cross metric raw aggregation|invented scenario values,VERIFIED_LOCAL,forecast_substrateBE_hdd_region_metrics,hdd_region_metrics.csv
hdd_edb,hdd_edb,EDB,not_applicable,not_applicable,region,ARE-Go Local,2026-05-01,UNKNOWN,pending_d5,local_ingested,accuracy_only,NO_TARGET_DATE_GRAIN|NO_FORECAST_FACT_TABLE|SHINY_NOT_CONNECTED,"Multiple forecast versions are retained, so cross version accuracy comparison is available.","hdd_edb / EDB at region grain, key ARE-Go Local, forecast version 2026-05-01: average MAPE 2.019062, average accuracy 97.980937, across 32 evaluation windows from 2026-05-01 to 2026-06-09.",observed accuracy|observed bias|evaluation window coverage|source identity,cross metric raw aggregation|invented scenario values,VERIFIED_LOCAL,forecast_substrateBE_hdd_region_metrics,hdd_region_metrics.csv
hdd_edb,hdd_edb,EDB,not_applicable,not_applicable,region,NAM-Dedicated,2026-05-01,UNKNOWN,pending_d5,local_ingested,accuracy_only,NO_TARGET_DATE_GRAIN|NO_FORECAST_FACT_TABLE|SHINY_NOT_CONNECTED,"Multiple forecast versions are retained, so cross version accuracy comparison is available.","hdd_edb / EDB at region grain, key NAM-Dedicated, forecast version 2026-05-01: average MAPE 0.433125, average accuracy 99.566875, across 32 evaluation windows from 2026-05-01 to 2026-06-09.",observed accuracy|observed bias|evaluation window coverage|source identity,cross metric raw aggregation|invented scenario values,VERIFIED_LOCAL,forecast_substrateBE_hdd_region_metrics,hdd_region_metrics.csv
hdd_edb,hdd_edb,EDB,not_applicable,not_applicable,region,ZAF-Go Local,2026-05-01,UNKNOWN,pending_d5,local_ingested,accuracy_only,NO_TARGET_DATE_GRAIN|NO_FORECAST_FACT_TABLE|SHINY_NOT_CONNECTED,"Multiple forecast versions are retained, so cross version accuracy comparison is available.","hdd_edb / EDB at region grain, key ZAF-Go Local, forecast version 2026-05-01: average MAPE 0.600938, average accuracy 99.399062, across 32 evaluation windows from 2026-05-01 to 2026-06-09.",observed accuracy|observed bias|evaluation window coverage|source identity,cross metric raw aggregation|invented scenario values,VERIFIED_LOCAL,forecast_substrateBE_hdd_region_metrics,hdd_region_metrics.csv
hdd_edb,hdd_edb,EDB,not_applicable,not_applicable,region,AUS-Go Local,2026-03-07,UNKNOWN,pending_d5,local_ingested,accuracy_only,NO_TARGET_DATE_GRAIN|NO_FORECAST_FACT_TABLE|SHINY_NOT_CONNECTED,"Multiple forecast versions are retained, so cross version accuracy comparison is available.","hdd_edb / EDB at region grain, key AUS-Go Local, forecast version 2026-03-07: average MAPE 3.1, average accuracy 96.9, across 9 evaluation windows from 2026-04-07 to 2026-04-21.",observed accuracy|observed bias|evaluation window coverage|source identity,cross metric raw aggregation|invented scenario values,VERIFIED_LOCAL,forecast_substrateBE_hdd_region_metrics,hdd_region_metrics.csv
hdd_edb,hdd_edb,EDB,not_applicable,not_applicable,region,AUS-Go Local,2026-05-01,UNKNOWN,pending_d5,local_ingested,accuracy_only,NO_TARGET_DATE_GRAIN|NO_FORECAST_FACT_TABLE|SHINY_NOT_CONNECTED,"Multiple forecast versions are retained, so cross version accuracy comparison is available.","hdd_edb / EDB at region grain, key AUS-Go Local, forecast version 2026-05-01: average MAPE 1.137812, average accuracy 98.862188, across 32 evaluation windows from 2026-05-01 to 2026-06-09.",observed accuracy|observed bias|evaluation window coverage|source identity,cross metric raw aggregation|invented scenario values,VERIFIED_LOCAL,forecast_substrateBE_hdd_region_metrics,hdd_region_metrics.csv
hdd_edb,hdd_edb,EDB,not_applicable,not_applicable,region,MEX-Go Local,2026-05-01,UNKNOWN,pending_d5,local_ingested,accuracy_only,NO_TARGET_DATE_GRAIN|NO_FORECAST_FACT_TABLE|SHINY_NOT_CONNECTED,"Multiple forecast versions are retained, so cross version accuracy comparison is available.","hdd_edb / EDB at region grain, key MEX-Go Local, forecast version 2026-05-01: average MAPE 1.211875, average accuracy 98.788125, across 32 evaluation windows from 2026-05-01 to 2026-06-09.",observed accuracy|observed bias|evaluation window coverage|source identity,cross metric raw aggregation|invented scenario values,VERIFIED_LOCAL,forecast_substrateBE_hdd_region_metrics,hdd_region_metrics.csv
hdd_edb,hdd_edb,EDB,not_applicable,not_applicable,region,AUT-Go Local,2026-03-07,UNKNOWN,pending_d5,local_ingested,accuracy_only,NO_TARGET_DATE_GRAIN|NO_FORECAST_FACT_TABLE|SHINY_NOT_CONNECTED,"Multiple forecast versions are retained, so cross version accuracy comparison is available.","hdd_edb / EDB at region grain, key AUT-Go Local, forecast version 2026-03-07: average MAPE 68.145556, average accuracy 31.854444, across 9 evaluation windows from 2026-04-07 to 2026-04-21.",observed accuracy|observed bias|evaluation window coverage|source identity,cross metric raw aggregation|invented scenario values,VERIFIED_LOCAL,forecast_substrateBE_hdd_region_metrics,hdd_region_metrics.csv
hdd_edb,hdd_edb,EDB,not_applicable,not_applicable,region,BRA-Go Local,2026-03-07,UNKNOWN,pending_d5,local_ingested,accuracy_only,NO_TARGET_DATE_GRAIN|NO_FORECAST_FACT_TABLE|SHINY_NOT_CONNECTED,"Multiple forecast versions are retained, so cross version accuracy comparison is available.","hdd_edb / EDB at region grain, key BRA-Go Local, forecast version 2026-03-07: average MAPE 2.652222, average accuracy 97.347778, across 9 evaluation windows from 2026-04-07 to 2026-04-21.",observed accuracy|observed bias|evaluation window coverage|source identity,cross metric raw aggregation|invented scenario values,VERIFIED_LOCAL,forecast_substrateBE_hdd_region_metrics,hdd_region_metrics.csv
hdd_edb,hdd_edb,EDB,not_applicable,not_applicable,region,BRA-Go Local,2026-04-16,UNKNOWN,pending_d5,local_ingested,accuracy_only,NO_TARGET_DATE_GRAIN|NO_FORECAST_FACT_TABLE|SHINY_NOT_CONNECTED,"Multiple forecast versions are retained, so cross version accuracy comparison is available.","hdd_edb / EDB at region grain, key BRA-Go Local, forecast version 2026-04-16: average MAPE 0.996875, average accuracy 99.003125, across 16 evaluation windows from 2026-04-16 to 2026-05-06.",observed accuracy|observed bias|evaluation window coverage|source identity,cross metric raw aggregation|invented scenario values,VERIFIED_LOCAL,forecast_substrateBE_hdd_region_metrics,hdd_region_metrics.csv
hdd_edb,hdd_edb,EDB,not_applicable,not_applicable,region,CAN-Go Local,2026-03-07,UNKNOWN,pending_d5,local_ingested,accuracy_only,NO_TARGET_DATE_GRAIN|NO_FORECAST_FACT_TABLE|SHINY_NOT_CONNECTED,"Multiple forecast versions are retained, so cross version accuracy comparison is available.","hdd_edb / EDB at region grain, key CAN-Go Local, forecast version 2026-03-07: average MAPE 1.391111, average accuracy 98.608889, across 9 evaluation windows from 2026-04-07 to 2026-04-21.",observed accuracy|observed bias|evaluation window coverage|source identity,cross metric raw aggregation|invented scenario values,VERIFIED_LOCAL,forecast_substrateBE_hdd_region_metrics,hdd_region_metrics.csv
hdd_edb,hdd_edb,EDB,not_applicable,not_applicable,region,CAN-Go Local,2026-05-01,UNKNOWN,pending_d5,local_ingested,accuracy_only,NO_TARGET_DATE_GRAIN|NO_FORECAST_FACT_TABLE|SHINY_NOT_CONNECTED,"Multiple forecast versions are retained, so cross version accuracy comparison is available.","hdd_edb / EDB at region grain, key CAN-Go Local, forecast version 2026-05-01: average MAPE 0.299375, average accuracy 99.700625, across 32 evaluation windows from 2026-05-01 to 2026-06-09.",observed accuracy|observed bias|evaluation window coverage|source identity,cross metric raw aggregation|invented scenario values,VERIFIED_LOCAL,forecast_substrateBE_hdd_region_metrics,hdd_region_metrics.csv
hdd_edb,hdd_edb,EDB,not_applicable,not_applicable,region,CHE-Go Local,2026-03-07,UNKNOWN,pending_d5,local_ingested,accuracy_only,NO_TARGET_DATE_GRAIN|NO_FORECAST_FACT_TABLE|SHINY_NOT_CONNECTED,"Multiple forecast versions are retained, so cross version accuracy comparison is available.","hdd_edb / EDB at region grain, key CHE-Go Local, forecast version 2026-03-07: average MAPE 1.292222, average accuracy 98.707778, across 9 evaluation windows from 2026-04-07 to 2026-04-21.",observed accuracy|observed bias|evaluation window coverage|source identity,cross metric raw aggregation|invented scenario values,VERIFIED_LOCAL,forecast_substrateBE_hdd_region_metrics,hdd_region_metrics.csv
hdd_edb,hdd_edb,EDB,not_applicable,not_applicable,region,CHE-Go Local,2026-04-16,UNKNOWN,pending_d5,local_ingested,accuracy_only,NO_TARGET_DATE_GRAIN|NO_FORECAST_FACT_TABLE|SHINY_NOT_CONNECTED,"Multiple forecast versions are retained, so cross version accuracy comparison is available.","hdd_edb / EDB at region grain, key CHE-Go Local, forecast version 2026-04-16: average MAPE 6.906875, average accuracy 93.093125, across 16 evaluation windows from 2026-04-16 to 2026-05-06.",observed accuracy|observed bias|evaluation window coverage|source identity,cross metric raw aggregation|invented scenario values,VERIFIED_LOCAL,forecast_substrateBE_hdd_region_metrics,hdd_region_metrics.csv
hdd_edb,hdd_edb,EDB,not_applicable,not_applicable,region,CHL-Go Local,2026-03-07,UNKNOWN,pending_d5,local_ingested,accuracy_only,NO_TARGET_DATE_GRAIN|NO_FORECAST_FACT_TABLE|SHINY_NOT_CONNECTED,"Multiple forecast versions are retained, so cross version accuracy comparison is available.","hdd_edb / EDB at region grain, key CHL-Go Local, forecast version 2026-03-07: average MAPE 19.182222, average accuracy 80.817778, across 9 evaluation windows from 2026-04-07 to 2026-04-21.",observed accuracy|observed bias|evaluation window coverage|source identity,cross metric raw aggregation|invented scenario values,VERIFIED_LOCAL,forecast_substrateBE_hdd_region_metrics,hdd_region_metrics.csv
hdd_edb,hdd_edb,EDB,not_applicable,not_applicable,region,DEU-Go Local,2026-03-07,UNKNOWN,pending_d5,local_ingested,accuracy_only,NO_TARGET_DATE_GRAIN|NO_FORECAST_FACT_TABLE|SHINY_NOT_CONNECTED,"Multiple forecast versions are retained, so cross version accuracy comparison is available.","hdd_edb / EDB at region grain, key DEU-Go Local, forecast version 2026-03-07: average MAPE 0.316667, average accuracy 99.683333, across 9 evaluation windows from 2026-04-07 to 2026-04-21.",observed accuracy|observed bias|evaluation window coverage|source identity,cross metric raw aggregation|invented scenario values,VERIFIED_LOCAL,forecast_substrateBE_hdd_region_metrics,hdd_region_metrics.csv
hdd_edb,hdd_edb,EDB,not_applicable,not_applicable,region,DNK-Go Local,2026-03-07,UNKNOWN,pending_d5,local_ingested,accuracy_only,NO_TARGET_DATE_GRAIN|NO_FORECAST_FACT_TABLE|SHINY_NOT_CONNECTED,"Multiple forecast versions are retained, so cross version accuracy comparison is available.","hdd_edb / EDB at region grain, key DNK-Go Local, forecast version 2026-03-07: average MAPE 59.953333, average accuracy 40.046667, across 9 evaluation windows from 2026-04-07 to 2026-04-21.",observed accuracy|observed bias|evaluation window coverage|source identity,cross metric raw aggregation|invented scenario values,VERIFIED_LOCAL,forecast_substrateBE_hdd_region_metrics,hdd_region_metrics.csv
hdd_edb,hdd_edb,EDB,not_applicable,not_applicable,region,ESP-Go Local,2026-03-07,UNKNOWN,pending_d5,local_ingested,accuracy_only,NO_TARGET_DATE_GRAIN|NO_FORECAST_FACT_TABLE|SHINY_NOT_CONNECTED,"Multiple forecast versions are retained, so cross version accuracy comparison is available.","hdd_edb / EDB at region grain, key ESP-Go Local, forecast version 2026-03-07: average MAPE 39.195556, average accuracy 60.804444, across 9 evaluation windows from 2026-04-07 to 2026-04-21.",observed accuracy|observed bias|evaluation window coverage|source identity,cross metric raw aggregation|invented scenario values,VERIFIED_LOCAL,forecast_substrateBE_hdd_region_metrics,hdd_region_metrics.csv
hdd_edb,hdd_edb,EDB,not_applicable,not_applicable,region,ESP-Go Local,2026-04-16,UNKNOWN,pending_d5,local_ingested,accuracy_only,NO_TARGET_DATE_GRAIN|NO_FORECAST_FACT_TABLE|SHINY_NOT_CONNECTED,"Multiple forecast versions are retained, so cross version accuracy comparison is available.","hdd_edb / EDB at region grain, key ESP-Go Local, forecast version 2026-04-16: average MAPE 217.80625, average accuracy 0.0, across 16 evaluation windows from 2026-04-16 to 2026-05-06.",observed accuracy|observed bias|evaluation window coverage|source identity,cross metric raw aggregation|invented scenario values,VERIFIED_LOCAL,forecast_substrateBE_hdd_region_metrics,hdd_region_metrics.csv
hdd_edb,hdd_edb,EDB,not_applicable,not_applicable,region,EUR-Dedicated,2026-03-07,UNKNOWN,pending_d5,local_ingested,accuracy_only,NO_TARGET_DATE_GRAIN|NO_FORECAST_FACT_TABLE|SHINY_NOT_CONNECTED,"Multiple forecast versions are retained, so cross version accuracy comparison is available.","hdd_edb / EDB at region grain, key EUR-Dedicated, forecast version 2026-03-07: average MAPE 2.421111, average accuracy 97.578889, across 9 evaluation windows from 2026-04-07 to 2026-04-21.",observed accuracy|observed bias|evaluation window coverage|source identity,cross metric raw aggregation|invented scenario values,VERIFIED_LOCAL,forecast_substrateBE_hdd_region_metrics,hdd_region_metrics.csv
hdd_edb,hdd_edb,EDB,not_applicable,not_applicable,region,EUR-MSIT,2026-03-07,UNKNOWN,pending_d5,local_ingested,accuracy_only,NO_TARGET_DATE_GRAIN|NO_FORECAST_FACT_TABLE|SHINY_NOT_CONNECTED,"Multiple forecast versions are retained, so cross version accuracy comparison is available.","hdd_edb / EDB at region grain, key EUR-MSIT, forecast version 2026-03-07: average MAPE 0.756667, average accuracy 99.243333, across 9 evaluation windows from 2026-04-07 to 2026-04-21.",observed accuracy|observed bias|evaluation window coverage|source identity,cross metric raw aggregation|invented scenario values,VERIFIED_LOCAL,forecast_substrateBE_hdd_region_metrics,hdd_region_metrics.csv
hdd_edb,hdd_edb,EDB,not_applicable,not_applicable,region,EUR-Multitenant,2026-03-07,UNKNOWN,pending_d5,local_ingested,accuracy_only,NO_TARGET_DATE_GRAIN|NO_FORECAST_FACT_TABLE|SHINY_NOT_CONNECTED,"Multiple forecast versions are retained, so cross version accuracy comparison is available.","hdd_edb / EDB at region grain, key EUR-Multitenant, forecast version 2026-03-07: average MAPE 3.966667, average accuracy 96.033333, across 9 evaluation windows from 2026-04-07 to 2026-04-21.",observed accuracy|observed bias|evaluation window coverage|source identity,cross metric raw aggregation|invented scenario values,VERIFIED_LOCAL,forecast_substrateBE_hdd_region_metrics,hdd_region_metrics.csv
hdd_edb,hdd_edb,EDB,not_applicable,not_applicable,region,FRA-Go Local,2026-03-07,UNKNOWN,pending_d5,local_ingested,accuracy_only,NO_TARGET_DATE_GRAIN|NO_FORECAST_FACT_TABLE|SHINY_NOT_CONNECTED,"Multiple forecast versions are retained, so cross version accuracy comparison is available.","hdd_edb / EDB at region grain, key FRA-Go Local, forecast version 2026-03-07: average MAPE 1.156667, average accuracy 98.843333, across 9 evaluation windows from 2026-04-07 to 2026-04-21.",observed accuracy|observed bias|evaluation window coverage|source identity,cross metric raw aggregation|invented scenario values,VERIFIED_LOCAL,forecast_substrateBE_hdd_region_metrics,hdd_region_metrics.csv
hdd_edb,hdd_edb,EDB,not_applicable,not_applicable,region,EUR-Multitenant,2026-05-01,UNKNOWN,pending_d5,local_ingested,accuracy_only,NO_TARGET_DATE_GRAIN|NO_FORECAST_FACT_TABLE|SHINY_NOT_CONNECTED,"Multiple forecast versions are retained, so cross version accuracy comparison is available.","hdd_edb / EDB at region grain, key EUR-Multitenant, forecast version 2026-05-01: average MAPE 17.014688, average accuracy 82.985313, across 32 evaluation windows from 2026-05-01 to 2026-06-09.",observed accuracy|observed bias|evaluation window coverage|source identity,cross metric raw aggregation|invented scenario values,VERIFIED_LOCAL,forecast_substrateBE_hdd_region_metrics,hdd_region_metrics.csv
hdd_edb,hdd_edb,EDB,not_applicable,not_applicable,region,GBR-Dedicated,2026-03-07,UNKNOWN,pending_d5,local_ingested,accuracy_only,NO_TARGET_DATE_GRAIN|NO_FORECAST_FACT_TABLE|SHINY_NOT_CONNECTED,"Multiple forecast versions are retained, so cross version accuracy comparison is available.","hdd_edb / EDB at region grain, key GBR-Dedicated, forecast version 2026-03-07: average MAPE 97.644444, average accuracy 12.564444, across 9 evaluation windows from 2026-04-07 to 2026-04-21.",observed accuracy|observed bias|evaluation window coverage|source identity,cross metric raw aggregation|invented scenario values,VERIFIED_LOCAL,forecast_substrateBE_hdd_region_metrics,hdd_region_metrics.csv
hdd_edb,hdd_edb,EDB,not_applicable,not_applicable,region,FRA-Go Local,2026-04-16,UNKNOWN,pending_d5,local_ingested,accuracy_only,NO_TARGET_DATE_GRAIN|NO_FORECAST_FACT_TABLE|SHINY_NOT_CONNECTED,"Multiple forecast versions are retained, so cross version accuracy comparison is available.","hdd_edb / EDB at region grain, key FRA-Go Local, forecast version 2026-04-16: average MAPE 1.08375, average accuracy 98.91625, across 16 evaluation windows from 2026-04-16 to 2026-05-06.",observed accuracy|observed bias|evaluation window coverage|source identity,cross metric raw aggregation|invented scenario values,VERIFIED_LOCAL,forecast_substrateBE_hdd_region_metrics,hdd_region_metrics.csv
hdd_edb,hdd_edb,EDB,not_applicable,not_applicable,region,GBR-Go Local,2026-03-07,UNKNOWN,pending_d5,local_ingested,accuracy_only,NO_TARGET_DATE_GRAIN|NO_FORECAST_FACT_TABLE|SHINY_NOT_CONNECTED,"Multiple forecast versions are retained, so cross version accuracy comparison is available.","hdd_edb / EDB at region grain, key GBR-Go Local, forecast version 2026-03-07: average MAPE 5.168889, average accuracy 94.831111, across 9 evaluation windows from 2026-04-07 to 2026-04-21.",observed accuracy|observed bias|evaluation window coverage|source identity,cross metric raw aggregation|invented scenario values,VERIFIED_LOCAL,forecast_substrateBE_hdd_region_metrics,hdd_region_metrics.csv
hdd_edb,hdd_edb,EDB,not_applicable,not_applicable,region,IDN-Go Local,2026-03-07,UNKNOWN,pending_d5,local_ingested,accuracy_only,NO_TARGET_DATE_GRAIN|NO_FORECAST_FACT_TABLE|SHINY_NOT_CONNECTED,"Multiple forecast versions are retained, so cross version accuracy comparison is available.","hdd_edb / EDB at region grain, key IDN-Go Local, forecast version 2026-03-07: average MAPE 13.824444, average accuracy 86.175556, across 9 evaluation windows from 2026-04-07 to 2026-04-21.",observed accuracy|observed bias|evaluation window coverage|source identity,cross metric raw aggregation|invented scenario values,VERIFIED_LOCAL,forecast_substrateBE_hdd_region_metrics,hdd_region_metrics.csv
hdd_edb,hdd_edb,EDB,not_applicable,not_applicable,region,IND-Go Local,2026-03-07,UNKNOWN,pending_d5,local_ingested,accuracy_only,NO_TARGET_DATE_GRAIN|NO_FORECAST_FACT_TABLE|SHINY_NOT_CONNECTED,"Multiple forecast versions are retained, so cross version accuracy comparison is available.","hdd_edb / EDB at region grain, key IND-Go Local, forecast version 2026-03-07: average MAPE 2.427778, average accuracy 97.572222, across 9 evaluation windows from 2026-04-07 to 2026-04-21.",observed accuracy|observed bias|evaluation window coverage|source identity,cross metric raw aggregation|invented scenario values,VERIFIED_LOCAL,forecast_substrateBE_hdd_region_metrics,hdd_region_metrics.csv
hdd_edb,hdd_edb,EDB,not_applicable,not_applicable,region,ISR-Go Local,2026-03-07,UNKNOWN,pending_d5,local_ingested,accuracy_only,NO_TARGET_DATE_GRAIN|NO_FORECAST_FACT_TABLE|SHINY_NOT_CONNECTED,"Multiple forecast versions are retained, so cross version accuracy comparison is available.","hdd_edb / EDB at region grain, key ISR-Go Local, forecast version 2026-03-07: average MAPE 0.134444, average accuracy 99.865556, across 9 evaluation windows from 2026-04-07 to 2026-04-21.",observed accuracy|observed bias|evaluation window coverage|source identity,cross metric raw aggregation|invented scenario values,VERIFIED_LOCAL,forecast_substrateBE_hdd_region_metrics,hdd_region_metrics.csv
hdd_edb,hdd_edb,EDB,not_applicable,not_applicable,region,IND-Go Local,2026-04-16,UNKNOWN,pending_d5,local_ingested,accuracy_only,NO_TARGET_DATE_GRAIN|NO_FORECAST_FACT_TABLE|SHINY_NOT_CONNECTED,"Multiple forecast versions are retained, so cross version accuracy comparison is available.","hdd_edb / EDB at region grain, key IND-Go Local, forecast version 2026-04-16: average MAPE 0.61875, average accuracy 99.38125, across 16 evaluation windows from 2026-04-16 to 2026-05-06.",observed accuracy|observed bias|evaluation window coverage|source identity,cross metric raw aggregation|invented scenario values,VERIFIED_LOCAL,forecast_substrateBE_hdd_region_metrics,hdd_region_metrics.csv
hdd_edb,hdd_edb,EDB,not_applicable,not_applicable,region,ITA-Go Local,2026-03-07,UNKNOWN,pending_d5,local_ingested,accuracy_only,NO_TARGET_DATE_GRAIN|NO_FORECAST_FACT_TABLE|SHINY_NOT_CONNECTED,"Multiple forecast versions are retained, so cross version accuracy comparison is available.","hdd_edb / EDB at region grain, key ITA-Go Local, forecast version 2026-03-07: average MAPE 25.125556, average accuracy 74.874444, across 9 evaluation windows from 2026-04-07 to 2026-04-21.",observed accuracy|observed bias|evaluation window coverage|source identity,cross metric raw aggregation|invented scenario values,VERIFIED_LOCAL,forecast_substrateBE_hdd_region_metrics,hdd_region_metrics.csv
hdd_edb,hdd_edb,EDB,not_applicable,not_applicable,region,ISR-Go Local,2026-05-01,UNKNOWN,pending_d5,local_ingested,accuracy_only,NO_TARGET_DATE_GRAIN|NO_FORECAST_FACT_TABLE|SHINY_NOT_CONNECTED,"Multiple forecast versions are retained, so cross version accuracy comparison is available.","hdd_edb / EDB at region grain, key ISR-Go Local, forecast version 2026-05-01: average MAPE 1.817187, average accuracy 98.182812, across 32 evaluation windows from 2026-05-01 to 2026-06-09.",observed accuracy|observed bias|evaluation window coverage|source identity,cross metric raw aggregation|invented scenario values,VERIFIED_LOCAL,forecast_substrateBE_hdd_region_metrics,hdd_region_metrics.csv
hdd_edb,hdd_edb,EDB,not_applicable,not_applicable,region,JPN-Go Local,2026-03-07,UNKNOWN,pending_d5,local_ingested,accuracy_only,NO_TARGET_DATE_GRAIN|NO_FORECAST_FACT_TABLE|SHINY_NOT_CONNECTED,"Multiple forecast versions are retained, so cross version accuracy comparison is available.","hdd_edb / EDB at region grain, key JPN-Go Local, forecast version 2026-03-07: average MAPE 1.271111, average accuracy 98.728889, across 9 evaluation windows from 2026-04-07 to 2026-04-21.",observed accuracy|observed bias|evaluation window coverage|source identity,cross metric raw aggregation|invented scenario values,VERIFIED_LOCAL,forecast_substrateBE_hdd_region_metrics,hdd_region_metrics.csv
hdd_edb,hdd_edb,EDB,not_applicable,not_applicable,region,ITA-Go Local,2026-05-01,UNKNOWN,pending_d5,local_ingested,accuracy_only,NO_TARGET_DATE_GRAIN|NO_FORECAST_FACT_TABLE|SHINY_NOT_CONNECTED,"Multiple forecast versions are retained, so cross version accuracy comparison is available.","hdd_edb / EDB at region grain, key ITA-Go Local, forecast version 2026-05-01: average MAPE 68.655625, average accuracy 31.344375, across 32 evaluation windows from 2026-05-01 to 2026-06-09.",observed accuracy|observed bias|evaluation window coverage|source identity,cross metric raw aggregation|invented scenario values,VERIFIED_LOCAL,forecast_substrateBE_hdd_region_metrics,hdd_region_metrics.csv
hdd_edb,hdd_edb,EDB,not_applicable,not_applicable,region,ITA-Go Local,2026-04-16,UNKNOWN,pending_d5,local_ingested,accuracy_only,NO_TARGET_DATE_GRAIN|NO_FORECAST_FACT_TABLE|SHINY_NOT_CONNECTED,"Multiple forecast versions are retained, so cross version accuracy comparison is available.","hdd_edb / EDB at region grain, key ITA-Go Local, forecast version 2026-04-16: average MAPE 77.589375, average accuracy 22.410625, across 16 evaluation windows from 2026-04-16 to 2026-05-06.",observed accuracy|observed bias|evaluation window coverage|source identity,cross metric raw aggregation|invented scenario values,VERIFIED_LOCAL,forecast_substrateBE_hdd_region_metrics,hdd_region_metrics.csv
hdd_edb,hdd_edb,EDB,not_applicable,not_applicable,region,KOR-Go Local,2026-03-07,UNKNOWN,pending_d5,local_ingested,accuracy_only,NO_TARGET_DATE_GRAIN|NO_FORECAST_FACT_TABLE|SHINY_NOT_CONNECTED,"Multiple forecast versions are retained, so cross version accuracy comparison is available.","hdd_edb / EDB at region grain, key KOR-Go Local, forecast version 2026-03-07: average MAPE 2.512222, average accuracy 97.487778, across 9 evaluation windows from 2026-04-07 to 2026-04-21.",observed accuracy|observed bias|evaluation window coverage|source identity,cross metric raw aggregation|invented scenario values,VERIFIED_LOCAL,forecast_substrateBE_hdd_region_metrics,hdd_region_metrics.csv
hdd_edb,hdd_edb,EDB,not_applicable,not_applicable,region,JPN-Go Local,2026-05-01,UNKNOWN,pending_d5,local_ingested,accuracy_only,NO_TARGET_DATE_GRAIN|NO_FORECAST_FACT_TABLE|SHINY_NOT_CONNECTED,"Multiple forecast versions are retained, so cross version accuracy comparison is available.","hdd_edb / EDB at region grain, key JPN-Go Local, forecast version 2026-05-01: average MAPE 0.5725, average accuracy 99.4275, across 32 evaluation windows from 2026-05-01 to 2026-06-09.",observed accuracy|observed bias|evaluation window coverage|source identity,cross metric raw aggregation|invented scenario values,VERIFIED_LOCAL,forecast_substrateBE_hdd_region_metrics,hdd_region_metrics.csv
hdd_edb,hdd_edb,EDB,not_applicable,not_applicable,region,JPN-Go Local,2026-04-16,UNKNOWN,pending_d5,local_ingested,accuracy_only,NO_TARGET_DATE_GRAIN|NO_FORECAST_FACT_TABLE|SHINY_NOT_CONNECTED,"Multiple forecast versions are retained, so cross version accuracy comparison is available.","hdd_edb / EDB at region grain, key JPN-Go Local, forecast version 2026-04-16: average MAPE 0.96875, average accuracy 99.03125, across 16 evaluation windows from 2026-04-16 to 2026-05-06.",observed accuracy|observed bias|evaluation window coverage|source identity,cross metric raw aggregation|invented scenario values,VERIFIED_LOCAL,forecast_substrateBE_hdd_region_metrics,hdd_region_metrics.csv
hdd_edb,hdd_edb,EDB,not_applicable,not_applicable,region,LAM-Multitenant,2026-03-07,UNKNOWN,pending_d5,local_ingested,accuracy_only,NO_TARGET_DATE_GRAIN|NO_FORECAST_FACT_TABLE|SHINY_NOT_CONNECTED,"Multiple forecast versions are retained, so cross version accuracy comparison is available.","hdd_edb / EDB at region grain, key LAM-Multitenant, forecast version 2026-03-07: average MAPE 0.323333, average accuracy 99.676667, across 9 evaluation windows from 2026-04-07 to 2026-04-21.",observed accuracy|observed bias|evaluation window coverage|source identity,cross metric raw aggregation|invented scenario values,VERIFIED_LOCAL,forecast_substrateBE_hdd_region_metrics,hdd_region_metrics.csv
hdd_edb,hdd_edb,EDB,not_applicable,not_applicable,region,MEX-Go Local,2026-03-07,UNKNOWN,pending_d5,local_ingested,accuracy_only,NO_TARGET_DATE_GRAIN|NO_FORECAST_FACT_TABLE|SHINY_NOT_CONNECTED,"Multiple forecast versions are retained, so cross version accuracy comparison is available.","hdd_edb / EDB at region grain, key MEX-Go Local, forecast version 2026-03-07: average MAPE 2.413333, average accuracy 97.586667, across 9 evaluation windows from 2026-04-07 to 2026-04-21.",observed accuracy|observed bias|evaluation window coverage|source identity,cross metric raw aggregation|invented scenario values,VERIFIED_LOCAL,forecast_substrateBE_hdd_region_metrics,hdd_region_metrics.csv
hdd_edb,hdd_edb,EDB,not_applicable,not_applicable,region,LAM-Multitenant,2026-05-01,UNKNOWN,pending_d5,local_ingested,accuracy_only,NO_TARGET_DATE_GRAIN|NO_FORECAST_FACT_TABLE|SHINY_NOT_CONNECTED,"Multiple forecast versions are retained, so cross version accuracy comparison is available.","hdd_edb / EDB at region grain, key LAM-Multitenant, forecast version 2026-05-01: average MAPE 0.29625, average accuracy 99.70375, across 32 evaluation windows from 2026-05-01 to 2026-06-09.",observed accuracy|observed bias|evaluation window coverage|source identity,cross metric raw aggregation|invented scenario values,VERIFIED_LOCAL,forecast_substrateBE_hdd_region_metrics,hdd_region_metrics.csv
hdd_edb,hdd_edb,EDB,not_applicable,not_applicable,region,MYS-Go Local,2026-03-07,UNKNOWN,pending_d5,local_ingested,accuracy_only,NO_TARGET_DATE_GRAIN|NO_FORECAST_FACT_TABLE|SHINY_NOT_CONNECTED,"Multiple forecast versions are retained, so cross version accuracy comparison is available.","hdd_edb / EDB at region grain, key MYS-Go Local, forecast version 2026-03-07: average MAPE 13.905556, average accuracy 86.094444, across 9 evaluation windows from 2026-04-07 to 2026-04-21.",observed accuracy|observed bias|evaluation window coverage|source identity,cross metric raw aggregation|invented scenario values,VERIFIED_LOCAL,forecast_substrateBE_hdd_region_metrics,hdd_region_metrics.csv
hdd_edb,hdd_edb,EDB,not_applicable,not_applicable,region,NAM-Dedicated,2026-03-07,UNKNOWN,pending_d5,local_ingested,accuracy_only,NO_TARGET_DATE_GRAIN|NO_FORECAST_FACT_TABLE|SHINY_NOT_CONNECTED,"Multiple forecast versions are retained, so cross version accuracy comparison is available.","hdd_edb / EDB at region grain, key NAM-Dedicated, forecast version 2026-03-07: average MAPE 4.531111, average accuracy 95.468889, across 9 evaluation windows from 2026-04-07 to 2026-04-21.",observed accuracy|observed bias|evaluation window coverage|source identity,cross metric raw aggregation|invented scenario values,VERIFIED_LOCAL,forecast_substrateBE_hdd_region_metrics,hdd_region_metrics.csv
hdd_edb,hdd_edb,EDB,not_applicable,not_applicable,region,MYS-Go Local,2026-05-01,UNKNOWN,pending_d5,local_ingested,accuracy_only,NO_TARGET_DATE_GRAIN|NO_FORECAST_FACT_TABLE|SHINY_NOT_CONNECTED,"Multiple forecast versions are retained, so cross version accuracy comparison is available.","hdd_edb / EDB at region grain, key MYS-Go Local, forecast version 2026-05-01: average MAPE 1.9425, average accuracy 98.0575, across 32 evaluation windows from 2026-05-01 to 2026-06-09.",observed accuracy|observed bias|evaluation window coverage|source identity,cross metric raw aggregation|invented scenario values,VERIFIED_LOCAL,forecast_substrateBE_hdd_region_metrics,hdd_region_metrics.csv
hdd_edb,hdd_edb,EDB,not_applicable,not_applicable,region,NAM-GCC Low,2026-03-07,UNKNOWN,pending_d5,local_ingested,accuracy_only,NO_TARGET_DATE_GRAIN|NO_FORECAST_FACT_TABLE|SHINY_NOT_CONNECTED,"Multiple forecast versions are retained, so cross version accuracy comparison is available.","hdd_edb / EDB at region grain, key NAM-GCC Low, forecast version 2026-03-07: average MAPE 0.081111, average accuracy 99.918889, across 9 evaluation windows from 2026-04-07 to 2026-04-21.",observed accuracy|observed bias|evaluation window coverage|source identity,cross metric raw aggregation|invented scenario values,VERIFIED_LOCAL,forecast_substrateBE_hdd_region_metrics,hdd_region_metrics.csv
hdd_edb,hdd_edb,EDB,not_applicable,not_applicable,region,NAM-Dedicated,2026-04-16,UNKNOWN,pending_d5,local_ingested,accuracy_only,NO_TARGET_DATE_GRAIN|NO_FORECAST_FACT_TABLE|SHINY_NOT_CONNECTED,"Multiple forecast versions are retained, so cross version accuracy comparison is available.","hdd_edb / EDB at region grain, key NAM-Dedicated, forecast version 2026-04-16: average MAPE 3.974375, average accuracy 96.025625, across 16 evaluation windows from 2026-04-16 to 2026-05-06.",observed accuracy|observed bias|evaluation window coverage|source identity,cross metric raw aggregation|invented scenario values,VERIFIED_LOCAL,forecast_substrateBE_hdd_region_metrics,hdd_region_metrics.csv
hdd_edb,hdd_edb,EDB,not_applicable,not_applicable,region,NAM-ITAR DoD,2026-03-07,UNKNOWN,pending_d5,local_ingested,accuracy_only,NO_TARGET_DATE_GRAIN|NO_FORECAST_FACT_TABLE|SHINY_NOT_CONNECTED,"Multiple forecast versions are retained, so cross version accuracy comparison is available.","hdd_edb / EDB at region grain, key NAM-ITAR DoD, forecast version 2026-03-07: average MAPE 4.091111, average accuracy 95.908889, across 9 evaluation windows from 2026-04-07 to 2026-04-21.",observed accuracy|observed bias|evaluation window coverage|source identity,cross metric raw aggregation|invented scenario values,VERIFIED_LOCAL,forecast_substrateBE_hdd_region_metrics,hdd_region_metrics.csv
hdd_edb,hdd_edb,EDB,not_applicable,not_applicable,region,NAM-GCC Low,2026-05-01,UNKNOWN,pending_d5,local_ingested,accuracy_only,NO_TARGET_DATE_GRAIN|NO_FORECAST_FACT_TABLE|SHINY_NOT_CONNECTED,"Multiple forecast versions are retained, so cross version accuracy comparison is available.","hdd_edb / EDB at region grain, key NAM-GCC Low, forecast version 2026-05-01: average MAPE 0.1525, average accuracy 99.8475, across 32 evaluation windows from 2026-05-01 to 2026-06-09.",observed accuracy|observed bias|evaluation window coverage|source identity,cross metric raw aggregation|invented scenario values,VERIFIED_LOCAL,forecast_substrateBE_hdd_region_metrics,hdd_region_metrics.csv
hdd_edb,hdd_edb,EDB,not_applicable,not_applicable,region,NAM-ITAR GCCH,2026-03-07,UNKNOWN,pending_d5,local_ingested,accuracy_only,NO_TARGET_DATE_GRAIN|NO_FORECAST_FACT_TABLE|SHINY_NOT_CONNECTED,"Multiple forecast versions are retained, so cross version accuracy comparison is available.","hdd_edb / EDB at region grain, key NAM-ITAR GCCH, forecast version 2026-03-07: average MAPE 2.551111, average accuracy 97.448889, across 9 evaluation windows from 2026-04-07 to 2026-04-21.",observed accuracy|observed bias|evaluation window coverage|source identity,cross metric raw aggregation|invented scenario values,VERIFIED_LOCAL,forecast_substrateBE_hdd_region_metrics,hdd_region_metrics.csv
hdd_edb,hdd_edb,EDB,not_applicable,not_applicable,region,NAM-ITAR DoD,2026-05-01,UNKNOWN,pending_d5,local_ingested,accuracy_only,NO_TARGET_DATE_GRAIN|NO_FORECAST_FACT_TABLE|SHINY_NOT_CONNECTED,"Multiple forecast versions are retained, so cross version accuracy comparison is available.","hdd_edb / EDB at region grain, key NAM-ITAR DoD, forecast version 2026-05-01: average MAPE 0.501724, average accuracy 99.498276, across 29 evaluation windows from 2026-05-01 to 2026-06-07.",observed accuracy|observed bias|evaluation window coverage|source identity,cross metric raw aggregation|invented scenario values,VERIFIED_LOCAL,forecast_substrateBE_hdd_region_metrics,hdd_region_metrics.csv
hdd_edb,hdd_edb,EDB,not_applicable,not_applicable,region,NAM-MSIT,2026-03-07,UNKNOWN,pending_d5,local_ingested,accuracy_only,NO_TARGET_DATE_GRAIN|NO_FORECAST_FACT_TABLE|SHINY_NOT_CONNECTED,"Multiple forecast versions are retained, so cross version accuracy comparison is available.","hdd_edb / EDB at region grain, key NAM-MSIT, forecast version 2026-03-07: average MAPE 0.935556, average accuracy 99.064444, across 9 evaluation windows from 2026-04-07 to 2026-04-21.",observed accuracy|observed bias|evaluation window coverage|source identity,cross metric raw aggregation|invented scenario values,VERIFIED_LOCAL,forecast_substrateBE_hdd_region_metrics,hdd_region_metrics.csv
hdd_edb,hdd_edb,EDB,not_applicable,not_applicable,region,NAM-ITAR GCCH,2026-05-01,UNKNOWN,pending_d5,local_ingested,accuracy_only,NO_TARGET_DATE_GRAIN|NO_FORECAST_FACT_TABLE|SHINY_NOT_CONNECTED,"Multiple forecast versions are retained, so cross version accuracy comparison is available.","hdd_edb / EDB at region grain, key NAM-ITAR GCCH, forecast version 2026-05-01: average MAPE 1.885862, average accuracy 98.114138, across 29 evaluation windows from 2026-05-01 to 2026-06-07.",observed accuracy|observed bias|evaluation window coverage|source identity,cross metric raw aggregation|invented scenario values,VERIFIED_LOCAL,forecast_substrateBE_hdd_region_metrics,hdd_region_metrics.csv
hdd_edb,hdd_edb,EDB,not_applicable,not_applicable,region,NAM-ITAR GCCH,2026-04-16,UNKNOWN,pending_d5,local_ingested,accuracy_only,NO_TARGET_DATE_GRAIN|NO_FORECAST_FACT_TABLE|SHINY_NOT_CONNECTED,"Multiple forecast versions are retained, so cross version accuracy comparison is available.","hdd_edb / EDB at region grain, key NAM-ITAR GCCH, forecast version 2026-04-16: average MAPE 2.103125, average accuracy 97.896875, across 16 evaluation windows from 2026-04-16 to 2026-05-06.",observed accuracy|observed bias|evaluation window coverage|source identity,cross metric raw aggregation|invented scenario values,VERIFIED_LOCAL,forecast_substrateBE_hdd_region_metrics,hdd_region_metrics.csv
hdd_edb,hdd_edb,EDB,not_applicable,not_applicable,region,NAM-Multitenant,2026-03-07,UNKNOWN,pending_d5,local_ingested,accuracy_only,NO_TARGET_DATE_GRAIN|NO_FORECAST_FACT_TABLE|SHINY_NOT_CONNECTED,"Multiple forecast versions are retained, so cross version accuracy comparison is available.","hdd_edb / EDB at region grain, key NAM-Multitenant, forecast version 2026-03-07: average MAPE 2.597778, average accuracy 97.402222, across 9 evaluation windows from 2026-04-07 to 2026-04-21.",observed accuracy|observed bias|evaluation window coverage|source identity,cross metric raw aggregation|invented scenario values,VERIFIED_LOCAL,forecast_substrateBE_hdd_region_metrics,hdd_region_metrics.csv
hdd_edb,hdd_edb,EDB,not_applicable,not_applicable,region,NAM-SDF,2026-03-07,UNKNOWN,pending_d5,local_ingested,accuracy_only,NO_TARGET_DATE_GRAIN|NO_FORECAST_FACT_TABLE|SHINY_NOT_CONNECTED,"Multiple forecast versions are retained, so cross version accuracy comparison is available.","hdd_edb / EDB at region grain, key NAM-SDF, forecast version 2026-03-07: average MAPE 3.524444, average accuracy 96.475556, across 9 evaluation windows from 2026-04-07 to 2026-04-21.",observed accuracy|observed bias|evaluation window coverage|source identity,cross metric raw aggregation|invented scenario values,VERIFIED_LOCAL,forecast_substrateBE_hdd_region_metrics,hdd_region_metrics.csv
hdd_edb,hdd_edb,EDB,not_applicable,not_applicable,region,NAM-TDF,2026-03-07,UNKNOWN,pending_d5,local_ingested,accuracy_only,NO_TARGET_DATE_GRAIN|NO_FORECAST_FACT_TABLE|SHINY_NOT_CONNECTED,"Multiple forecast versions are retained, so cross version accuracy comparison is available.","hdd_edb / EDB at region grain, key NAM-TDF, forecast version 2026-03-07: average MAPE 13.25, average accuracy 86.75, across 9 evaluation windows from 2026-04-07 to 2026-04-21.",observed accuracy|observed bias|evaluation window coverage|source identity,cross metric raw aggregation|invented scenario values,VERIFIED_LOCAL,forecast_substrateBE_hdd_region_metrics,hdd_region_metrics.csv
hdd_edb,hdd_edb,EDB,not_applicable,not_applicable,region,NOR-Go Local,2026-03-07,UNKNOWN,pending_d5,local_ingested,accuracy_only,NO_TARGET_DATE_GRAIN|NO_FORECAST_FACT_TABLE|SHINY_NOT_CONNECTED,"Multiple forecast versions are retained, so cross version accuracy comparison is available.","hdd_edb / EDB at region grain, key NOR-Go Local, forecast version 2026-03-07: average MAPE 9.398889, average accuracy 90.601111, across 9 evaluation windows from 2026-04-07 to 2026-04-21.",observed accuracy|observed bias|evaluation window coverage|source identity,cross metric raw aggregation|invented scenario values,VERIFIED_LOCAL,forecast_substrateBE_hdd_region_metrics,hdd_region_metrics.csv
hdd_edb,hdd_edb,EDB,not_applicable,not_applicable,region,NZL-Go Local,2026-03-07,UNKNOWN,pending_d5,local_ingested,accuracy_only,NO_TARGET_DATE_GRAIN|NO_FORECAST_FACT_TABLE|SHINY_NOT_CONNECTED,"Multiple forecast versions are retained, so cross version accuracy comparison is available.","hdd_edb / EDB at region grain, key NZL-Go Local, forecast version 2026-03-07: average MAPE 37.714444, average accuracy 62.285556, across 9 evaluation windows from 2026-04-07 to 2026-04-21.",observed accuracy|observed bias|evaluation window coverage|source identity,cross metric raw aggregation|invented scenario values,VERIFIED_LOCAL,forecast_substrateBE_hdd_region_metrics,hdd_region_metrics.csv
hdd_edb,hdd_edb,EDB,not_applicable,not_applicable,region,POL-Go Local,2026-03-07,UNKNOWN,pending_d5,local_ingested,accuracy_only,NO_TARGET_DATE_GRAIN|NO_FORECAST_FACT_TABLE|SHINY_NOT_CONNECTED,"Multiple forecast versions are retained, so cross version accuracy comparison is available.","hdd_edb / EDB at region grain, key POL-Go Local, forecast version 2026-03-07: average MAPE 47.131111, average accuracy 52.868889, across 9 evaluation windows from 2026-04-07 to 2026-04-21.",observed accuracy|observed bias|evaluation window coverage|source identity,cross metric raw aggregation|invented scenario values,VERIFIED_LOCAL,forecast_substrateBE_hdd_region_metrics,hdd_region_metrics.csv
hdd_edb,hdd_edb,EDB,not_applicable,not_applicable,region,NZL-Go Local,2026-05-01,UNKNOWN,pending_d5,local_ingested,accuracy_only,NO_TARGET_DATE_GRAIN|NO_FORECAST_FACT_TABLE|SHINY_NOT_CONNECTED,"Multiple forecast versions are retained, so cross version accuracy comparison is available.","hdd_edb / EDB at region grain, key NZL-Go Local, forecast version 2026-05-01: average MAPE 12.357188, average accuracy 87.642812, across 32 evaluation windows from 2026-05-01 to 2026-06-09.",observed accuracy|observed bias|evaluation window coverage|source identity,cross metric raw aggregation|invented scenario values,VERIFIED_LOCAL,forecast_substrateBE_hdd_region_metrics,hdd_region_metrics.csv
hdd_edb,hdd_edb,EDB,not_applicable,not_applicable,region,QAT-Go Local,2026-03-07,UNKNOWN,pending_d5,local_ingested,accuracy_only,NO_TARGET_DATE_GRAIN|NO_FORECAST_FACT_TABLE|SHINY_NOT_CONNECTED,"Multiple forecast versions are retained, so cross version accuracy comparison is available.","hdd_edb / EDB at region grain, key QAT-Go Local, forecast version 2026-03-07: average MAPE 33.826667, average accuracy 66.173333, across 9 evaluation windows from 2026-04-07 to 2026-04-21.",observed accuracy|observed bias|evaluation window coverage|source identity,cross metric raw aggregation|invented scenario values,VERIFIED_LOCAL,forecast_substrateBE_hdd_region_metrics,hdd_region_metrics.csv
hdd_edb,hdd_edb,EDB,not_applicable,not_applicable,region,POL-Go Local,2026-05-01,UNKNOWN,pending_d5,local_ingested,accuracy_only,NO_TARGET_DATE_GRAIN|NO_FORECAST_FACT_TABLE|SHINY_NOT_CONNECTED,"Multiple forecast versions are retained, so cross version accuracy comparison is available.","hdd_edb / EDB at region grain, key POL-Go Local, forecast version 2026-05-01: average MAPE 108.295, average accuracy 0.01125, across 32 evaluation windows from 2026-05-01 to 2026-06-09.",observed accuracy|observed bias|evaluation window coverage|source identity,cross metric raw aggregation|invented scenario values,VERIFIED_LOCAL,forecast_substrateBE_hdd_region_metrics,hdd_region_metrics.csv
hdd_edb,hdd_edb,EDB,not_applicable,not_applicable,region,SGP-Go Local,2026-03-07,UNKNOWN,pending_d5,local_ingested,accuracy_only,NO_TARGET_DATE_GRAIN|NO_FORECAST_FACT_TABLE|SHINY_NOT_CONNECTED,"Multiple forecast versions are retained, so cross version accuracy comparison is available.","hdd_edb / EDB at region grain, key SGP-Go Local, forecast version 2026-03-07: average MAPE 40.396667, average accuracy 59.603333, across 9 evaluation windows from 2026-04-07 to 2026-04-21.",observed accuracy|observed bias|evaluation window coverage|source identity,cross metric raw aggregation|invented scenario values,VERIFIED_LOCAL,forecast_substrateBE_hdd_region_metrics,hdd_region_metrics.csv
hdd_edb,hdd_edb,EDB,not_applicable,not_applicable,region,QAT-Go Local,2026-04-16,UNKNOWN,pending_d5,local_ingested,accuracy_only,NO_TARGET_DATE_GRAIN|NO_FORECAST_FACT_TABLE|SHINY_NOT_CONNECTED,"Multiple forecast versions are retained, so cross version accuracy comparison is available.","hdd_edb / EDB at region grain, key QAT-Go Local, forecast version 2026-04-16: average MAPE 8.011875, average accuracy 91.988125, across 16 evaluation windows from 2026-04-16 to 2026-05-06.",observed accuracy|observed bias|evaluation window coverage|source identity,cross metric raw aggregation|invented scenario values,VERIFIED_LOCAL,forecast_substrateBE_hdd_region_metrics,hdd_region_metrics.csv
hdd_edb,hdd_edb,EDB,not_applicable,not_applicable,region,SWE-Go Local,2026-03-07,UNKNOWN,pending_d5,local_ingested,accuracy_only,NO_TARGET_DATE_GRAIN|NO_FORECAST_FACT_TABLE|SHINY_NOT_CONNECTED,"Multiple forecast versions are retained, so cross version accuracy comparison is available.","hdd_edb / EDB at region grain, key SWE-Go Local, forecast version 2026-03-07: average MAPE 4.625556, average accuracy 95.374444, across 9 evaluation windows from 2026-04-07 to 2026-04-21.",observed accuracy|observed bias|evaluation window coverage|source identity,cross metric raw aggregation|invented scenario values,VERIFIED_LOCAL,forecast_substrateBE_hdd_region_metrics,hdd_region_metrics.csv
hdd_edb,hdd_edb,EDB,not_applicable,not_applicable,region,TWN-Go Local,2026-03-07,UNKNOWN,pending_d5,local_ingested,accuracy_only,NO_TARGET_DATE_GRAIN|NO_FORECAST_FACT_TABLE|SHINY_NOT_CONNECTED,"Multiple forecast versions are retained, so cross version accuracy comparison is available.","hdd_edb / EDB at region grain, key TWN-Go Local, forecast version 2026-03-07: average MAPE 36.944444, average accuracy 63.055556, across 9 evaluation windows from 2026-04-07 to 2026-04-21.",observed accuracy|observed bias|evaluation window coverage|source identity,cross metric raw aggregation|invented scenario values,VERIFIED_LOCAL,forecast_substrateBE_hdd_region_metrics,hdd_region_metrics.csv
hdd_edb,hdd_edb,EDB,not_applicable,not_applicable,region,ZAF-Go Local,2026-03-07,UNKNOWN,pending_d5,local_ingested,accuracy_only,NO_TARGET_DATE_GRAIN|NO_FORECAST_FACT_TABLE|SHINY_NOT_CONNECTED,"Multiple forecast versions are retained, so cross version accuracy comparison is available.","hdd_edb / EDB at region grain, key ZAF-Go Local, forecast version 2026-03-07: average MAPE 0.096667, average accuracy 99.903333, across 9 evaluation windows from 2026-04-07 to 2026-04-21.",observed accuracy|observed bias|evaluation window coverage|source identity,cross metric raw aggregation|invented scenario values,VERIFIED_LOCAL,forecast_substrateBE_hdd_region_metrics,hdd_region_metrics.csv
hdd_edb,hdd_edb,EDB,not_applicable,not_applicable,region,TWN-Go Local,2026-05-01,UNKNOWN,pending_d5,local_ingested,accuracy_only,NO_TARGET_DATE_GRAIN|NO_FORECAST_FACT_TABLE|SHINY_NOT_CONNECTED,"Multiple forecast versions are retained, so cross version accuracy comparison is available.","hdd_edb / EDB at region grain, key TWN-Go Local, forecast version 2026-05-01: average MAPE 19.995313, average accuracy 80.004688, across 32 evaluation windows from 2026-05-01 to 2026-06-09.",observed accuracy|observed bias|evaluation window coverage|source identity,cross metric raw aggregation|invented scenario values,VERIFIED_LOCAL,forecast_substrateBE_hdd_region_metrics,hdd_region_metrics.csv
hdd_edb,hdd_edb,EDB,not_applicable,not_applicable,forest,NAMP108,2026-04-16 07:50:38,UNKNOWN,pending_d5,local_ingested,accuracy_only,NO_TARGET_DATE_GRAIN|NO_FORECAST_FACT_TABLE|SHINY_NOT_CONNECTED,"Multiple forecast versions are retained, so cross version accuracy comparison is available.","hdd_edb / EDB at forest grain, key NAMP108, forecast version 2026-04-16 07:50:38: average MAPE 0.691875, average accuracy 99.308125, across 16 evaluation windows from 2026-04-16 to 2026-05-06.",observed accuracy|observed bias|evaluation window coverage|source identity,cross metric raw aggregation|invented scenario values,VERIFIED_LOCAL,forecast_substrateBE_hdd_forest_metrics,hdd_forest_metrics.csv
hdd_edb,hdd_edb,EDB,not_applicable,not_applicable,forest,BRAP284,2026-04-16 07:50:38,UNKNOWN,pending_d5,local_ingested,accuracy_only,NO_TARGET_DATE_GRAIN|NO_FORECAST_FACT_TABLE|SHINY_NOT_CONNECTED,"Multiple forecast versions are retained, so cross version accuracy comparison is available.","hdd_edb / EDB at forest grain, key BRAP284, forecast version 2026-04-16 07:50:38: average MAPE 0.996875, average accuracy 99.003125, across 16 evaluation windows from 2026-04-16 to 2026-05-06.",observed accuracy|observed bias|evaluation window coverage|source identity,cross metric raw aggregation|invented scenario values,VERIFIED_LOCAL,forecast_substrateBE_hdd_forest_metrics,hdd_forest_metrics.csv
hdd_edb,hdd_edb,EDB,not_applicable,not_applicable,forest,NAMPRD01,2026-04-16 07:50:38,UNKNOWN,pending_d5,local_ingested,accuracy_only,NO_TARGET_DATE_GRAIN|NO_FORECAST_FACT_TABLE|SHINY_NOT_CONNECTED,"Multiple forecast versions are retained, so cross version accuracy comparison is available.","hdd_edb / EDB at forest grain, key NAMPRD01, forecast version 2026-04-16 07:50:38: average MAPE 10.08, average accuracy 89.92, across 16 evaluation windows from 2026-04-16 to 2026-05-06.",observed accuracy|observed bias|evaluation window coverage|source identity,cross metric raw aggregation|invented scenario values,VERIFIED_LOCAL,forecast_substrateBE_hdd_forest_metrics,hdd_forest_metrics.csv
hdd_edb,hdd_edb,EDB,not_applicable,not_applicable,forest,EURP195,2026-04-16 07:50:38,UNKNOWN,pending_d5,local_ingested,accuracy_only,NO_TARGET_DATE_GRAIN|NO_FORECAST_FACT_TABLE|SHINY_NOT_CONNECTED,"Multiple forecast versions are retained, so cross version accuracy comparison is available.","hdd_edb / EDB at forest grain, key EURP195, forecast version 2026-04-16 07:50:38: average MAPE 66.940625, average accuracy 33.059375, across 16 evaluation windows from 2026-04-16 to 2026-05-06.",observed accuracy|observed bias|evaluation window coverage|source identity,cross metric raw aggregation|invented scenario values,VERIFIED_LOCAL,forecast_substrateBE_hdd_forest_metrics,hdd_forest_metrics.csv
hdd_edb,hdd_edb,EDB,not_applicable,not_applicable,forest,EURPRD07,2026-04-16 07:50:38,UNKNOWN,pending_d5,local_ingested,accuracy_only,NO_TARGET_DATE_GRAIN|NO_FORECAST_FACT_TABLE|SHINY_NOT_CONNECTED,"Multiple forecast versions are retained, so cross version accuracy comparison is available.","hdd_edb / EDB at forest grain, key EURPRD07, forecast version 2026-04-16 07:50:38: average MAPE 27.654375, average accuracy 72.345625, across 16 evaluation windows from 2026-04-16 to 2026-05-06.",observed accuracy|observed bias|evaluation window coverage|source identity,cross metric raw aggregation|invented scenario values,VERIFIED_LOCAL,forecast_substrateBE_hdd_forest_metrics,hdd_forest_metrics.csv
hdd_edb,hdd_edb,EDB,not_applicable,not_applicable,forest,APCP150,2026-04-06 19:49:02,UNKNOWN,pending_d5,local_ingested,accuracy_only,NO_TARGET_DATE_GRAIN|NO_FORECAST_FACT_TABLE|SHINY_NOT_CONNECTED,"Multiple forecast versions are retained, so cross version accuracy comparison is available.","hdd_edb / EDB at forest grain, key APCP150, forecast version 2026-04-06 19:49:02: average MAPE 0.273333, average accuracy 99.726667, across 9 evaluation windows from 2026-04-07 to 2026-04-21.",observed accuracy|observed bias|evaluation window coverage|source identity,cross metric raw aggregation|invented scenario values,VERIFIED_LOCAL,forecast_substrateBE_hdd_forest_metrics,hdd_forest_metrics.csv
hdd_edb,hdd_edb,EDB,not_applicable,not_applicable,forest,APCP150,2026-04-16 07:50:38,UNKNOWN,pending_d5,local_ingested,accuracy_only,NO_TARGET_DATE_GRAIN|NO_FORECAST_FACT_TABLE|SHINY_NOT_CONNECTED,"Multiple forecast versions are retained, so cross version accuracy comparison is available.","hdd_edb / EDB at forest grain, key APCP150, forecast version 2026-04-16 07:50:38: average MAPE 1086.85375, average accuracy 0.0, across 16 evaluation windows from 2026-04-16 to 2026-05-06.",observed accuracy|observed bias|evaluation window coverage|source identity,cross metric raw aggregation|invented scenario values,VERIFIED_LOCAL,forecast_substrateBE_hdd_forest_metrics,hdd_forest_metrics.csv
hdd_edb,hdd_edb,EDB,not_applicable,not_applicable,forest,EURP191,2026-04-16 07:50:38,UNKNOWN,pending_d5,local_ingested,accuracy_only,NO_TARGET_DATE_GRAIN|NO_FORECAST_FACT_TABLE|SHINY_NOT_CONNECTED,"Multiple forecast versions are retained, so cross version accuracy comparison is available.","hdd_edb / EDB at forest grain, key EURP191, forecast version 2026-04-16 07:50:38: average MAPE 24.483125, average accuracy 75.516875, across 16 evaluation windows from 2026-04-16 to 2026-05-06.",observed accuracy|observed bias|evaluation window coverage|source identity,cross metric raw aggregation|invented scenario values,VERIFIED_LOCAL,forecast_substrateBE_hdd_forest_metrics,hdd_forest_metrics.csv
hdd_edb,hdd_edb,EDB,not_applicable,not_applicable,forest,AUSPRD01,2026-04-16 07:50:38,UNKNOWN,pending_d5,local_ingested,accuracy_only,NO_TARGET_DATE_GRAIN|NO_FORECAST_FACT_TABLE|SHINY_NOT_CONNECTED,"Multiple forecast versions are retained, so cross version accuracy comparison is available.","hdd_edb / EDB at forest grain, key AUSPRD01, forecast version 2026-04-16 07:50:38: average MAPE 3.395, average accuracy 96.605, across 16 evaluation windows from 2026-04-16 to 2026-05-06.",observed accuracy|observed bias|evaluation window coverage|source identity,cross metric raw aggregation|invented scenario values,VERIFIED_LOCAL,forecast_substrateBE_hdd_forest_metrics,hdd_forest_metrics.csv
hdd_edb,hdd_edb,EDB,not_applicable,not_applicable,forest,DEUP281,2026-04-16 07:50:38,UNKNOWN,pending_d5,local_ingested,accuracy_only,NO_TARGET_DATE_GRAIN|NO_FORECAST_FACT_TABLE|SHINY_NOT_CONNECTED,"Multiple forecast versions are retained, so cross version accuracy comparison is available.","hdd_edb / EDB at forest grain, key DEUP281, forecast version 2026-04-16 07:50:38: average MAPE 0.4025, average accuracy 99.5975, across 16 evaluation windows from 2026-04-16 to 2026-05-06.",observed accuracy|observed bias|evaluation window coverage|source identity,cross metric raw aggregation|invented scenario values,VERIFIED_LOCAL,forecast_substrateBE_hdd_forest_metrics,hdd_forest_metrics.csv
hdd_edb,hdd_edb,EDB,not_applicable,not_applicable,forest,NAMPRD11,2026-04-16 07:50:38,UNKNOWN,pending_d5,local_ingested,accuracy_only,NO_TARGET_DATE_GRAIN|NO_FORECAST_FACT_TABLE|SHINY_NOT_CONNECTED,"Multiple forecast versions are retained, so cross version accuracy comparison is available.","hdd_edb / EDB at forest grain, key NAMPRD11, forecast version 2026-04-16 07:50:38: average MAPE 20.0675, average accuracy 79.9325, across 16 evaluation windows from 2026-04-16 to 2026-05-06.",observed accuracy|observed bias|evaluation window coverage|source identity,cross metric raw aggregation|invented scenario values,VERIFIED_LOCAL,forecast_substrateBE_hdd_forest_metrics,hdd_forest_metrics.csv
hdd_edb,hdd_edb,EDB,not_applicable,not_applicable,forest,EURPRD01,2026-04-16 07:50:38,UNKNOWN,pending_d5,local_ingested,accuracy_only,NO_TARGET_DATE_GRAIN|NO_FORECAST_FACT_TABLE|SHINY_NOT_CONNECTED,"Multiple forecast versions are retained, so cross version accuracy comparison is available.","hdd_edb / EDB at forest grain, key EURPRD01, forecast version 2026-04-16 07:50:38: average MAPE 0.536875, average accuracy 99.463125, across 16 evaluation windows from 2026-04-16 to 2026-05-06.",observed accuracy|observed bias|evaluation window coverage|source identity,cross metric raw aggregation|invented scenario values,VERIFIED_LOCAL,forecast_substrateBE_hdd_forest_metrics,hdd_forest_metrics.csv
hdd_edb,hdd_edb,EDB,not_applicable,not_applicable,forest,NAMP104,2026-04-16 07:50:38,UNKNOWN,pending_d5,local_ingested,accuracy_only,NO_TARGET_DATE_GRAIN|NO_FORECAST_FACT_TABLE|SHINY_NOT_CONNECTED,"Multiple forecast versions are retained, so cross version accuracy comparison is available.","hdd_edb / EDB at forest grain, key NAMP104, forecast version 2026-04-16 07:50:38: average MAPE 1.631875, average accuracy 98.368125, across 16 evaluation windows from 2026-04-16 to 2026-05-06.",observed accuracy|observed bias|evaluation window coverage|source identity,cross metric raw aggregation|invented scenario values,VERIFIED_LOCAL,forecast_substrateBE_hdd_forest_metrics,hdd_forest_metrics.csv
hdd_edb,hdd_edb,EDB,not_applicable,not_applicable,forest,CANP288,2026-04-16 07:50:38,UNKNOWN,pending_d5,local_ingested,accuracy_only,NO_TARGET_DATE_GRAIN|NO_FORECAST_FACT_TABLE|SHINY_NOT_CONNECTED,"Multiple forecast versions are retained, so cross version accuracy comparison is available.","hdd_edb / EDB at forest grain, key CANP288, forecast version 2026-04-16 07:50:38: average MAPE 2.48875, average accuracy 97.51125, across 16 evaluation windows from 2026-04-16 to 2026-05-06.",observed accuracy|observed bias|evaluation window coverage|source identity,cross metric raw aggregation|invented scenario values,VERIFIED_LOCAL,forecast_substrateBE_hdd_forest_metrics,hdd_forest_metrics.csv
hdd_edb,hdd_edb,EDB,not_applicable,not_applicable,forest,KORP216,2026-04-16 07:50:38,UNKNOWN,pending_d5,local_ingested,accuracy_only,NO_TARGET_DATE_GRAIN|NO_FORECAST_FACT_TABLE|SHINY_NOT_CONNECTED,"Multiple forecast versions are retained, so cross version accuracy comparison is available.","hdd_edb / EDB at forest grain, key KORP216, forecast version 2026-04-16 07:50:38: average MAPE 30.321875, average accuracy 69.678125, across 16 evaluation windows from 2026-04-16 to 2026-05-06.",observed accuracy|observed bias|evaluation window coverage|source identity,cross metric raw aggregation|invented scenario values,VERIFIED_LOCAL,forecast_substrateBE_hdd_forest_metrics,hdd_forest_metrics.csv
hdd_edb,hdd_edb,EDB,not_applicable,not_applicable,forest,NAMPRD15,2026-04-16 07:50:38,UNKNOWN,pending_d5,local_ingested,accuracy_only,NO_TARGET_DATE_GRAIN|NO_FORECAST_FACT_TABLE|SHINY_NOT_CONNECTED,"Multiple forecast versions are retained, so cross version accuracy comparison is available.","hdd_edb / EDB at forest grain, key NAMPRD15, forecast version 2026-04-16 07:50:38: average MAPE 12.383125, average accuracy 87.616875, across 16 evaluation windows from 2026-04-16 to 2026-05-06.",observed accuracy|observed bias|evaluation window coverage|source identity,cross metric raw aggregation|invented scenario values,VERIFIED_LOCAL,forecast_substrateBE_hdd_forest_metrics,hdd_forest_metrics.csv
hdd_edb,hdd_edb,EDB,not_applicable,not_applicable,forest,NAMP131,2026-04-16 07:50:38,UNKNOWN,pending_d5,local_ingested,accuracy_only,NO_TARGET_DATE_GRAIN|NO_FORECAST_FACT_TABLE|SHINY_NOT_CONNECTED,"Multiple forecast versions are retained, so cross version accuracy comparison is available.","hdd_edb / EDB at forest grain, key NAMP131, forecast version 2026-04-16 07:50:38: average MAPE 0.82875, average accuracy 99.17125, across 16 evaluation windows from 2026-04-16 to 2026-05-06.",observed accuracy|observed bias|evaluation window coverage|source identity,cross metric raw aggregation|invented scenario values,VERIFIED_LOCAL,forecast_substrateBE_hdd_forest_metrics,hdd_forest_metrics.csv
hdd_edb,hdd_edb,EDB,not_applicable,not_applicable,forest,EURPRD10,2026-04-16 07:50:38,UNKNOWN,pending_d5,local_ingested,accuracy_only,NO_TARGET_DATE_GRAIN|NO_FORECAST_FACT_TABLE|SHINY_NOT_CONNECTED,"Multiple forecast versions are retained, so cross version accuracy comparison is available.","hdd_edb / EDB at forest grain, key EURPRD10, forecast version 2026-04-16 07:50:38: average MAPE 11.185625, average accuracy 88.814375, across 16 evaluation windows from 2026-04-16 to 2026-05-06.",observed accuracy|observed bias|evaluation window coverage|source identity,cross metric raw aggregation|invented scenario values,VERIFIED_LOCAL,forecast_substrateBE_hdd_forest_metrics,hdd_forest_metrics.csv
hdd_edb,hdd_edb,EDB,not_applicable,not_applicable,forest,EURPRD05,2026-04-16 07:50:38,UNKNOWN,pending_d5,local_ingested,accuracy_only,NO_TARGET_DATE_GRAIN|NO_FORECAST_FACT_TABLE|SHINY_NOT_CONNECTED,"Multiple forecast versions are retained, so cross version accuracy comparison is available.","hdd_edb / EDB at forest grain, key EURPRD05, forecast version 2026-04-16 07:50:38: average MAPE 7.653125, average accuracy 92.346875, across 16 evaluation windows from 2026-04-16 to 2026-05-06.",observed accuracy|observed bias|evaluation window coverage|source identity,cross metric raw aggregation|invented scenario values,VERIFIED_LOCAL,forecast_substrateBE_hdd_forest_metrics,hdd_forest_metrics.csv
hdd_edb,hdd_edb,EDB,not_applicable,not_applicable,forest,GBRP267,2026-04-16 07:50:38,UNKNOWN,pending_d5,local_ingested,accuracy_only,NO_TARGET_DATE_GRAIN|NO_FORECAST_FACT_TABLE|SHINY_NOT_CONNECTED,"Multiple forecast versions are retained, so cross version accuracy comparison is available.","hdd_edb / EDB at forest grain, key GBRP267, forecast version 2026-04-16 07:50:38: average MAPE 160.316875, average accuracy 0.0, across 16 evaluation windows from 2026-04-16 to 2026-05-06.",observed accuracy|observed bias|evaluation window coverage|source identity,cross metric raw aggregation|invented scenario values,VERIFIED_LOCAL,forecast_substrateBE_hdd_forest_metrics,hdd_forest_metrics.csv
hdd_edb,hdd_edb,EDB,not_applicable,not_applicable,forest,EURP190,2026-04-16 07:50:38,UNKNOWN,pending_d5,local_ingested,accuracy_only,NO_TARGET_DATE_GRAIN|NO_FORECAST_FACT_TABLE|SHINY_NOT_CONNECTED,"Multiple forecast versions are retained, so cross version accuracy comparison is available.","hdd_edb / EDB at forest grain, key EURP190, forecast version 2026-04-16 07:50:38: average MAPE 34.186875, average accuracy 65.813125, across 16 evaluation windows from 2026-04-16 to 2026-05-06.",observed accuracy|observed bias|evaluation window coverage|source identity,cross metric raw aggregation|invented scenario values,VERIFIED_LOCAL,forecast_substrateBE_hdd_forest_metrics,hdd_forest_metrics.csv
hdd_edb,hdd_edb,EDB,not_applicable,not_applicable,forest,NAMP109,2026-04-16 07:50:38,UNKNOWN,pending_d5,local_ingested,accuracy_only,NO_TARGET_DATE_GRAIN|NO_FORECAST_FACT_TABLE|SHINY_NOT_CONNECTED,"Multiple forecast versions are retained, so cross version accuracy comparison is available.","hdd_edb / EDB at forest grain, key NAMP109, forecast version 2026-04-16 07:50:38: average MAPE 0.54375, average accuracy 99.45625, across 16 evaluation windows from 2026-04-16 to 2026-05-06.",observed accuracy|observed bias|evaluation window coverage|source identity,cross metric raw aggregation|invented scenario values,VERIFIED_LOCAL,forecast_substrateBE_hdd_forest_metrics,hdd_forest_metrics.csv
hdd_edb,hdd_edb,EDB,not_applicable,not_applicable,forest,AUTP296,2026-04-16 07:50:38,UNKNOWN,pending_d5,local_ingested,accuracy_only,NO_TARGET_DATE_GRAIN|NO_FORECAST_FACT_TABLE|SHINY_NOT_CONNECTED,"Multiple forecast versions are retained, so cross version accuracy comparison is available.","hdd_edb / EDB at forest grain, key AUTP296, forecast version 2026-04-16 07:50:38: average MAPE 37.545, average accuracy 62.455, across 16 evaluation windows from 2026-04-16 to 2026-05-06.",observed accuracy|observed bias|evaluation window coverage|source identity,cross metric raw aggregation|invented scenario values,VERIFIED_LOCAL,forecast_substrateBE_hdd_forest_metrics,hdd_forest_metrics.csv
hdd_edb,hdd_edb,EDB,not_applicable,not_applicable,forest,NAMP130,2026-04-16 07:50:38,UNKNOWN,pending_d5,local_ingested,accuracy_only,NO_TARGET_DATE_GRAIN|NO_FORECAST_FACT_TABLE|SHINY_NOT_CONNECTED,"Multiple forecast versions are retained, so cross version accuracy comparison is available.","hdd_edb / EDB at forest grain, key NAMP130, forecast version 2026-04-16 07:50:38: average MAPE 0.523125, average accuracy 99.476875, across 16 evaluation windows from 2026-04-16 to 2026-05-06.",observed accuracy|observed bias|evaluation window coverage|source identity,cross metric raw aggregation|invented scenario values,VERIFIED_LOCAL,forecast_substrateBE_hdd_forest_metrics,hdd_forest_metrics.csv
hdd_edb,hdd_edb,EDB,not_applicable,not_applicable,forest,EURP193,2026-04-16 07:50:38,UNKNOWN,pending_d5,local_ingested,accuracy_only,NO_TARGET_DATE_GRAIN|NO_FORECAST_FACT_TABLE|SHINY_NOT_CONNECTED,"Multiple forecast versions are retained, so cross version accuracy comparison is available.","hdd_edb / EDB at forest grain, key EURP193, forecast version 2026-04-16 07:50:38: average MAPE 47.01625, average accuracy 52.98375, across 16 evaluation windows from 2026-04-16 to 2026-05-06.",observed accuracy|observed bias|evaluation window coverage|source identity,cross metric raw aggregation|invented scenario values,VERIFIED_LOCAL,forecast_substrateBE_hdd_forest_metrics,hdd_forest_metrics.csv
hdd_edb,hdd_edb,EDB,not_applicable,not_applicable,forest,AUSP300,2026-04-16 07:50:38,UNKNOWN,pending_d5,local_ingested,accuracy_only,NO_TARGET_DATE_GRAIN|NO_FORECAST_FACT_TABLE|SHINY_NOT_CONNECTED,"Multiple forecast versions are retained, so cross version accuracy comparison is available.","hdd_edb / EDB at forest grain, key AUSP300, forecast version 2026-04-16 07:50:38: average MAPE 1.741875, average accuracy 98.258125, across 16 evaluation windows from 2026-04-16 to 2026-05-06.",observed accuracy|observed bias|evaluation window coverage|source identity,cross metric raw aggregation|invented scenario values,VERIFIED_LOCAL,forecast_substrateBE_hdd_forest_metrics,hdd_forest_metrics.csv
hdd_edb,hdd_edb,EDB,not_applicable,not_applicable,forest,NAMP172,2026-04-16 07:50:38,UNKNOWN,pending_d5,local_ingested,accuracy_only,NO_TARGET_DATE_GRAIN|NO_FORECAST_FACT_TABLE|SHINY_NOT_CONNECTED,"Multiple forecast versions are retained, so cross version accuracy comparison is available.","hdd_edb / EDB at forest grain, key NAMP172, forecast version 2026-04-16 07:50:38: average MAPE 0.87, average accuracy 99.13, across 16 evaluation windows from 2026-04-16 to 2026-05-06.",observed accuracy|observed bias|evaluation window coverage|source identity,cross metric raw aggregation|invented scenario values,VERIFIED_LOCAL,forecast_substrateBE_hdd_forest_metrics,hdd_forest_metrics.csv
hdd_edb,hdd_edb,EDB,not_applicable,not_applicable,forest,APCPRD06,2026-04-16 07:50:38,UNKNOWN,pending_d5,local_ingested,accuracy_only,NO_TARGET_DATE_GRAIN|NO_FORECAST_FACT_TABLE|SHINY_NOT_CONNECTED,"Multiple forecast versions are retained, so cross version accuracy comparison is available.","hdd_edb / EDB at forest grain, key APCPRD06, forecast version 2026-04-16 07:50:38: average MAPE 0.945625, average accuracy 99.054375, across 16 evaluation windows from 2026-04-16 to 2026-05-06.",observed accuracy|observed bias|evaluation window coverage|source identity,cross metric raw aggregation|invented scenario values,VERIFIED_LOCAL,forecast_substrateBE_hdd_forest_metrics,hdd_forest_metrics.csv
hdd_edb,hdd_edb,EDB,not_applicable,not_applicable,forest,APCP153,2026-04-16 07:50:38,UNKNOWN,pending_d5,local_ingested,accuracy_only,NO_TARGET_DATE_GRAIN|NO_FORECAST_FACT_TABLE|SHINY_NOT_CONNECTED,"Multiple forecast versions are retained, so cross version accuracy comparison is available.","hdd_edb / EDB at forest grain, key APCP153, forecast version 2026-04-16 07:50:38: average MAPE 0.738125, average accuracy 99.261875, across 16 evaluation windows from 2026-04-16 to 2026-05-06.",observed accuracy|observed bias|evaluation window coverage|source identity,cross metric raw aggregation|invented scenario values,VERIFIED_LOCAL,forecast_substrateBE_hdd_forest_metrics,hdd_forest_metrics.csv
hdd_edb,hdd_edb,EDB,not_applicable,not_applicable,forest,EURP250,2026-04-16 07:50:38,UNKNOWN,pending_d5,local_ingested,accuracy_only,NO_TARGET_DATE_GRAIN|NO_FORECAST_FACT_TABLE|SHINY_NOT_CONNECTED,"Multiple forecast versions are retained, so cross version accuracy comparison is available.","hdd_edb / EDB at forest grain, key EURP250, forecast version 2026-04-16 07:50:38: average MAPE 54.79875, average accuracy 45.20125, across 16 evaluation windows from 2026-04-16 to 2026-05-06.",observed accuracy|observed bias|evaluation window coverage|source identity,cross metric raw aggregation|invented scenario values,VERIFIED_LOCAL,forecast_substrateBE_hdd_forest_metrics,hdd_forest_metrics.csv
hdd_edb,hdd_edb,EDB,not_applicable,not_applicable,forest,EURP309,2026-04-16 07:50:38,UNKNOWN,pending_d5,local_ingested,accuracy_only,NO_TARGET_DATE_GRAIN|NO_FORECAST_FACT_TABLE|SHINY_NOT_CONNECTED,"Multiple forecast versions are retained, so cross version accuracy comparison is available.","hdd_edb / EDB at forest grain, key EURP309, forecast version 2026-04-16 07:50:38: average MAPE 11.426875, average accuracy 88.573125, across 16 evaluation windows from 2026-04-16 to 2026-05-06.",observed accuracy|observed bias|evaluation window coverage|source identity,cross metric raw aggregation|invented scenario values,VERIFIED_LOCAL,forecast_substrateBE_hdd_forest_metrics,hdd_forest_metrics.csv
hdd_edb,hdd_edb,EDB,not_applicable,not_applicable,forest,NAMP163,2026-04-16 07:50:38,UNKNOWN,pending_d5,local_ingested,accuracy_only,NO_TARGET_DATE_GRAIN|NO_FORECAST_FACT_TABLE|SHINY_NOT_CONNECTED,"Multiple forecast versions are retained, so cross version accuracy comparison is available.","hdd_edb / EDB at forest grain, key NAMP163, forecast version 2026-04-16 07:50:38: average MAPE 0.575625, average accuracy 99.424375, across 16 evaluation windows from 2026-04-16 to 2026-05-06.",observed accuracy|observed bias|evaluation window coverage|source identity,cross metric raw aggregation|invented scenario values,VERIFIED_LOCAL,forecast_substrateBE_hdd_forest_metrics,hdd_forest_metrics.csv
hdd_edb,hdd_edb,EDB,not_applicable,not_applicable,forest,CANPRD01,2026-04-16 07:50:38,UNKNOWN,pending_d5,local_ingested,accuracy_only,NO_TARGET_DATE_GRAIN|NO_FORECAST_FACT_TABLE|SHINY_NOT_CONNECTED,"Multiple forecast versions are retained, so cross version accuracy comparison is available.","hdd_edb / EDB at forest grain, key CANPRD01, forecast version 2026-04-16 07:50:38: average MAPE 0.485625, average accuracy 99.514375, across 16 evaluation windows from 2026-04-16 to 2026-05-06.",observed accuracy|observed bias|evaluation window coverage|source identity,cross metric raw aggregation|invented scenario values,VERIFIED_LOCAL,forecast_substrateBE_hdd_forest_metrics,hdd_forest_metrics.csv
hdd_edb,hdd_edb,EDB,not_applicable,not_applicable,forest,EURP119,2026-04-16 07:50:38,UNKNOWN,pending_d5,local_ingested,accuracy_only,NO_TARGET_DATE_GRAIN|NO_FORECAST_FACT_TABLE|SHINY_NOT_CONNECTED,"Multiple forecast versions are retained, so cross version accuracy comparison is available.","hdd_edb / EDB at forest grain, key EURP119, forecast version 2026-04-16 07:50:38: average MAPE 0.055, average accuracy 99.945, across 16 evaluation windows from 2026-04-16 to 2026-05-06.",observed accuracy|observed bias|evaluation window coverage|source identity,cross metric raw aggregation|invented scenario values,VERIFIED_LOCAL,forecast_substrateBE_hdd_forest_metrics,hdd_forest_metrics.csv
hdd_edb,hdd_edb,EDB,not_applicable,not_applicable,forest,NAMP116,2026-04-16 07:50:38,UNKNOWN,pending_d5,local_ingested,accuracy_only,NO_TARGET_DATE_GRAIN|NO_FORECAST_FACT_TABLE|SHINY_NOT_CONNECTED,"Multiple forecast versions are retained, so cross version accuracy comparison is available.","hdd_edb / EDB at forest grain, key NAMP116, forecast version 2026-04-16 07:50:38: average MAPE 1130.049375, average accuracy 0.0, across 16 evaluation windows from 2026-04-16 to 2026-05-06.",observed accuracy|observed bias|evaluation window coverage|source identity,cross metric raw aggregation|invented scenario values,VERIFIED_LOCAL,forecast_substrateBE_hdd_forest_metrics,hdd_forest_metrics.csv
hdd_edb,hdd_edb,EDB,not_applicable,not_applicable,forest,LAMPRD80,2026-04-16 07:50:38,UNKNOWN,pending_d5,local_ingested,accuracy_only,NO_TARGET_DATE_GRAIN|NO_FORECAST_FACT_TABLE|SHINY_NOT_CONNECTED,"Multiple forecast versions are retained, so cross version accuracy comparison is available.","hdd_edb / EDB at forest grain, key LAMPRD80, forecast version 2026-04-16 07:50:38: average MAPE 0.045625, average accuracy 99.954375, across 16 evaluation windows from 2026-04-16 to 2026-05-06.",observed accuracy|observed bias|evaluation window coverage|source identity,cross metric raw aggregation|invented scenario values,VERIFIED_LOCAL,forecast_substrateBE_hdd_forest_metrics,hdd_forest_metrics.csv
hdd_edb,hdd_edb,EDB,not_applicable,not_applicable,forest,EURP194,2026-04-16 07:50:38,UNKNOWN,pending_d5,local_ingested,accuracy_only,NO_TARGET_DATE_GRAIN|NO_FORECAST_FACT_TABLE|SHINY_NOT_CONNECTED,"Multiple forecast versions are retained, so cross version accuracy comparison is available.","hdd_edb / EDB at forest grain, key EURP194, forecast version 2026-04-16 07:50:38: average MAPE 60.948125, average accuracy 39.051875, across 16 evaluation windows from 2026-04-16 to 2026-05-06.",observed accuracy|observed bias|evaluation window coverage|source identity,cross metric raw aggregation|invented scenario values,VERIFIED_LOCAL,forecast_substrateBE_hdd_forest_metrics,hdd_forest_metrics.csv
hdd_edb,hdd_edb,EDB,not_applicable,not_applicable,forest,JPNP301,2026-04-16 07:50:38,UNKNOWN,pending_d5,local_ingested,accuracy_only,NO_TARGET_DATE_GRAIN|NO_FORECAST_FACT_TABLE|SHINY_NOT_CONNECTED,"Multiple forecast versions are retained, so cross version accuracy comparison is available.","hdd_edb / EDB at forest grain, key JPNP301, forecast version 2026-04-16 07:50:38: average MAPE 0.655, average accuracy 99.345, across 16 evaluation windows from 2026-04-16 to 2026-05-06.",observed accuracy|observed bias|evaluation window coverage|source identity,cross metric raw aggregation|invented scenario values,VERIFIED_LOCAL,forecast_substrateBE_hdd_forest_metrics,hdd_forest_metrics.csv
hdd_edb,hdd_edb,EDB,not_applicable,not_applicable,forest,NAMPRD22,2026-04-16 07:50:38,UNKNOWN,pending_d5,local_ingested,accuracy_only,NO_TARGET_DATE_GRAIN|NO_FORECAST_FACT_TABLE|SHINY_NOT_CONNECTED,"Multiple forecast versions are retained, so cross version accuracy comparison is available.","hdd_edb / EDB at forest grain, key NAMPRD22, forecast version 2026-04-16 07:50:38: average MAPE 14.1975, average accuracy 85.8025, across 16 evaluation windows from 2026-04-16 to 2026-05-06.",observed accuracy|observed bias|evaluation window coverage|source identity,cross metric raw aggregation|invented scenario values,VERIFIED_LOCAL,forecast_substrateBE_hdd_forest_metrics,hdd_forest_metrics.csv
hdd_edb,hdd_edb,EDB,not_applicable,not_applicable,forest,EURP107,2026-04-16 07:50:38,UNKNOWN,pending_d5,local_ingested,accuracy_only,NO_TARGET_DATE_GRAIN|NO_FORECAST_FACT_TABLE|SHINY_NOT_CONNECTED,"Multiple forecast versions are retained, so cross version accuracy comparison is available.","hdd_edb / EDB at forest grain, key EURP107, forecast version 2026-04-16 07:50:38: average MAPE 0.6525, average accuracy 99.3475, across 16 evaluation windows from 2026-04-16 to 2026-05-06.",observed accuracy|observed bias|evaluation window coverage|source identity,cross metric raw aggregation|invented scenario values,VERIFIED_LOCAL,forecast_substrateBE_hdd_forest_metrics,hdd_forest_metrics.csv
hdd_edb,hdd_edb,EDB,not_applicable,not_applicable,forest,NAMP113,2026-04-16 07:50:38,UNKNOWN,pending_d5,local_ingested,accuracy_only,NO_TARGET_DATE_GRAIN|NO_FORECAST_FACT_TABLE|SHINY_NOT_CONNECTED,"Multiple forecast versions are retained, so cross version accuracy comparison is available.","hdd_edb / EDB at forest grain, key NAMP113, forecast version 2026-04-16 07:50:38: average MAPE 0.186875, average accuracy 99.813125, across 16 evaluation windows from 2026-04-16 to 2026-05-06.",observed accuracy|observed bias|evaluation window coverage|source identity,cross metric raw aggregation|invented scenario values,VERIFIED_LOCAL,forecast_substrateBE_hdd_forest_metrics,hdd_forest_metrics.csv
hdd_edb,hdd_edb,EDB,not_applicable,not_applicable,forest,NAMP134,2026-04-16 07:50:38,UNKNOWN,pending_d5,local_ingested,accuracy_only,NO_TARGET_DATE_GRAIN|NO_FORECAST_FACT_TABLE|SHINY_NOT_CONNECTED,"Multiple forecast versions are retained, so cross version accuracy comparison is available.","hdd_edb / EDB at forest grain, key NAMP134, forecast version 2026-04-16 07:50:38: average MAPE 0.65875, average accuracy 99.34125, across 16 evaluation windows from 2026-04-16 to 2026-05-06.",observed accuracy|observed bias|evaluation window coverage|source identity,cross metric raw aggregation|invented scenario values,VERIFIED_LOCAL,forecast_substrateBE_hdd_forest_metrics,hdd_forest_metrics.csv
hdd_edb,hdd_edb,EDB,not_applicable,not_applicable,forest,EURP174,2026-04-16 07:50:38,UNKNOWN,pending_d5,local_ingested,accuracy_only,NO_TARGET_DATE_GRAIN|NO_FORECAST_FACT_TABLE|SHINY_NOT_CONNECTED,"Multiple forecast versions are retained, so cross version accuracy comparison is available.","hdd_edb / EDB at forest grain, key EURP174, forecast version 2026-04-16 07:50:38: average MAPE 0.485625, average accuracy 99.514375, across 16 evaluation windows from 2026-04-16 to 2026-05-06.",observed accuracy|observed bias|evaluation window coverage|source identity,cross metric raw aggregation|invented scenario values,VERIFIED_LOCAL,forecast_substrateBE_hdd_forest_metrics,hdd_forest_metrics.csv
hdd_edb,hdd_edb,EDB,not_applicable,not_applicable,forest,APCPRD02,2026-04-16 07:50:38,UNKNOWN,pending_d5,local_ingested,accuracy_only,NO_TARGET_DATE_GRAIN|NO_FORECAST_FACT_TABLE|SHINY_NOT_CONNECTED,"Multiple forecast versions are retained, so cross version accuracy comparison is available.","hdd_edb / EDB at forest grain, key APCPRD02, forecast version 2026-04-16 07:50:38: average MAPE 1.695, average accuracy 98.305, across 16 evaluation windows from 2026-04-16 to 2026-05-06.",observed accuracy|observed bias|evaluation window coverage|source identity,cross metric raw aggregation|invented scenario values,VERIFIED_LOCAL,forecast_substrateBE_hdd_forest_metrics,hdd_forest_metrics.csv
hdd_edb,hdd_edb,EDB,not_applicable,not_applicable,forest,NAMP125,2026-04-16 07:50:38,UNKNOWN,pending_d5,local_ingested,accuracy_only,NO_TARGET_DATE_GRAIN|NO_FORECAST_FACT_TABLE|SHINY_NOT_CONNECTED,"Multiple forecast versions are retained, so cross version accuracy comparison is available.","hdd_edb / EDB at forest grain, key NAMP125, forecast version 2026-04-16 07:50:38: average MAPE 0.264375, average accuracy 99.735625, across 16 evaluation windows from 2026-04-16 to 2026-05-06.",observed accuracy|observed bias|evaluation window coverage|source identity,cross metric raw aggregation|invented scenario values,VERIFIED_LOCAL,forecast_substrateBE_hdd_forest_metrics,hdd_forest_metrics.csv
hdd_edb,hdd_edb,EDB,not_applicable,not_applicable,forest,NAMP111,2026-04-16 07:50:38,UNKNOWN,pending_d5,local_ingested,accuracy_only,NO_TARGET_DATE_GRAIN|NO_FORECAST_FACT_TABLE|SHINY_NOT_CONNECTED,"Multiple forecast versions are retained, so cross version accuracy comparison is available.","hdd_edb / EDB at forest grain, key NAMP111, forecast version 2026-04-16 07:50:38: average MAPE 0.68, average accuracy 99.32, across 16 evaluation windows from 2026-04-16 to 2026-05-06.",observed accuracy|observed bias|evaluation window coverage|source identity,cross metric raw aggregation|invented scenario values,VERIFIED_LOCAL,forecast_substrateBE_hdd_forest_metrics,hdd_forest_metrics.csv
hdd_edb,hdd_edb,EDB,not_applicable,not_applicable,forest,APCP150,2026-05-01 03:35:00,UNKNOWN,pending_d5,local_ingested,accuracy_only,NO_TARGET_DATE_GRAIN|NO_FORECAST_FACT_TABLE|SHINY_NOT_CONNECTED,"Multiple forecast versions are retained, so cross version accuracy comparison is available.","hdd_edb / EDB at forest grain, key APCP150, forecast version 2026-05-01 03:35:00: average MAPE 12.688125, average accuracy 87.50875, across 32 evaluation windows from 2026-05-01 to 2026-06-09.",observed accuracy|observed bias|evaluation window coverage|source identity,cross metric raw aggregation|invented scenario values,VERIFIED_LOCAL,forecast_substrateBE_hdd_forest_metrics,hdd_forest_metrics.csv
hdd_edb,hdd_edb,EDB,not_applicable,not_applicable,forest,NAMP154,2026-04-16 07:50:38,UNKNOWN,pending_d5,local_ingested,accuracy_only,NO_TARGET_DATE_GRAIN|NO_FORECAST_FACT_TABLE|SHINY_NOT_CONNECTED,"Multiple forecast versions are retained, so cross version accuracy comparison is available.","hdd_edb / EDB at forest grain, key NAMP154, forecast version 2026-04-16 07:50:38: average MAPE 0.689375, average accuracy 99.310625, across 16 evaluation windows from 2026-04-16 to 2026-05-06.",observed accuracy|observed bias|evaluation window coverage|source identity,cross metric raw aggregation|invented scenario values,VERIFIED_LOCAL,forecast_substrateBE_hdd_forest_metrics,hdd_forest_metrics.csv
hdd_edb,hdd_edb,EDB,not_applicable,not_applicable,forest,NAMP221,2026-04-16 07:50:38,UNKNOWN,pending_d5,local_ingested,accuracy_only,NO_TARGET_DATE_GRAIN|NO_FORECAST_FACT_TABLE|SHINY_NOT_CONNECTED,"Multiple forecast versions are retained, so cross version accuracy comparison is available.","hdd_edb / EDB at forest grain, key NAMP221, forecast version 2026-04-16 07:50:38: average MAPE 90.8225, average accuracy 9.1775, across 16 evaluation windows from 2026-04-16 to 2026-05-06.",observed accuracy|observed bias|evaluation window coverage|source identity,cross metric raw aggregation|invented scenario values,VERIFIED_LOCAL,forecast_substrateBE_hdd_forest_metrics,hdd_forest_metrics.csv
hdd_edb,hdd_edb,EDB,not_applicable,not_applicable,forest,APCP153,2026-04-06 19:49:02,UNKNOWN,pending_d5,local_ingested,accuracy_only,NO_TARGET_DATE_GRAIN|NO_FORECAST_FACT_TABLE|SHINY_NOT_CONNECTED,"Multiple forecast versions are retained, so cross version accuracy comparison is available.","hdd_edb / EDB at forest grain, key APCP153, forecast version 2026-04-06 19:49:02: average MAPE 1.338889, average accuracy 98.661111, across 9 evaluation windows from 2026-04-07 to 2026-04-21.",observed accuracy|observed bias|evaluation window coverage|source identity,cross metric raw aggregation|invented scenario values,VERIFIED_LOCAL,forecast_substrateBE_hdd_forest_metrics,hdd_forest_metrics.csv
hdd_edb,hdd_edb,EDB,not_applicable,not_applicable,forest,EURP138,2026-04-16 07:50:38,UNKNOWN,pending_d5,local_ingested,accuracy_only,NO_TARGET_DATE_GRAIN|NO_FORECAST_FACT_TABLE|SHINY_NOT_CONNECTED,"Multiple forecast versions are retained, so cross version accuracy comparison is available.","hdd_edb / EDB at forest grain, key EURP138, forecast version 2026-04-16 07:50:38: average MAPE 0.556875, average accuracy 99.443125, across 16 evaluation windows from 2026-04-16 to 2026-05-06.",observed accuracy|observed bias|evaluation window coverage|source identity,cross metric raw aggregation|invented scenario values,VERIFIED_LOCAL,forecast_substrateBE_hdd_forest_metrics,hdd_forest_metrics.csv
hdd_edb,hdd_edb,EDB,not_applicable,not_applicable,forest,EURP120,2026-04-16 07:50:38,UNKNOWN,pending_d5,local_ingested,accuracy_only,NO_TARGET_DATE_GRAIN|NO_FORECAST_FACT_TABLE|SHINY_NOT_CONNECTED,"Multiple forecast versions are retained, so cross version accuracy comparison is available.","hdd_edb / EDB at forest grain, key EURP120, forecast version 2026-04-16 07:50:38: average MAPE 0.735, average accuracy 99.265, across 16 evaluation windows from 2026-04-16 to 2026-05-06.",observed accuracy|observed bias|evaluation window coverage|source identity,cross metric raw aggregation|invented scenario values,VERIFIED_LOCAL,forecast_substrateBE_hdd_forest_metrics,hdd_forest_metrics.csv
hdd_edb,hdd_edb,EDB,not_applicable,not_applicable,forest,NAMPRD14,2026-04-16 07:50:38,UNKNOWN,pending_d5,local_ingested,accuracy_only,NO_TARGET_DATE_GRAIN|NO_FORECAST_FACT_TABLE|SHINY_NOT_CONNECTED,"Multiple forecast versions are retained, so cross version accuracy comparison is available.","hdd_edb / EDB at forest grain, key NAMPRD14, forecast version 2026-04-16 07:50:38: average MAPE 20.365625, average accuracy 79.634375, across 16 evaluation windows from 2026-04-16 to 2026-05-06.",observed accuracy|observed bias|evaluation window coverage|source identity,cross metric raw aggregation|invented scenario values,VERIFIED_LOCAL,forecast_substrateBE_hdd_forest_metrics,hdd_forest_metrics.csv
hdd_edb,hdd_edb,EDB,not_applicable,not_applicable,forest,LAMP215,2026-04-16 07:50:38,UNKNOWN,pending_d5,local_ingested,accuracy_only,NO_TARGET_DATE_GRAIN|NO_FORECAST_FACT_TABLE|SHINY_NOT_CONNECTED,"Multiple forecast versions are retained, so cross version accuracy comparison is available.","hdd_edb / EDB at forest grain, key LAMP215, forecast version 2026-04-16 07:50:38: average MAPE 0.4375, average accuracy 99.5625, across 16 evaluation windows from 2026-04-16 to 2026-05-06.",observed accuracy|observed bias|evaluation window coverage|source identity,cross metric raw aggregation|invented scenario values,VERIFIED_LOCAL,forecast_substrateBE_hdd_forest_metrics,hdd_forest_metrics.csv
hdd_edb,hdd_edb,EDB,not_applicable,not_applicable,forest,NAMP223,2026-04-16 07:50:38,UNKNOWN,pending_d5,local_ingested,accuracy_only,NO_TARGET_DATE_GRAIN|NO_FORECAST_FACT_TABLE|SHINY_NOT_CONNECTED,"Multiple forecast versions are retained, so cross version accuracy comparison is available.","hdd_edb / EDB at forest grain, key NAMP223, forecast version 2026-04-16 07:50:38: average MAPE 69.14, average accuracy 30.86, across 16 evaluation windows from 2026-04-16 to 2026-05-06.",observed accuracy|observed bias|evaluation window coverage|source identity,cross metric raw aggregation|invented scenario values,VERIFIED_LOCAL,forecast_substrateBE_hdd_forest_metrics,hdd_forest_metrics.csv
hdd_edb,hdd_edb,EDB,not_applicable,not_applicable,forest,NAMP115,2026-05-01 03:35:00,UNKNOWN,pending_d5,local_ingested,accuracy_only,NO_TARGET_DATE_GRAIN|NO_FORECAST_FACT_TABLE|SHINY_NOT_CONNECTED,"Multiple forecast versions are retained, so cross version accuracy comparison is available.","hdd_edb / EDB at forest grain, key NAMP115, forecast version 2026-05-01 03:35:00: average MAPE 1.4525, average accuracy 98.5475, across 32 evaluation windows from 2026-05-01 to 2026-06-09.",observed accuracy|observed bias|evaluation window coverage|source identity,cross metric raw aggregation|invented scenario values,VERIFIED_LOCAL,forecast_substrateBE_hdd_forest_metrics,hdd_forest_metrics.csv
hdd_edb,hdd_edb,EDB,not_applicable,not_applicable,forest,SWEP280,2026-04-16 07:50:38,UNKNOWN,pending_d5,local_ingested,accuracy_only,NO_TARGET_DATE_GRAIN|NO_FORECAST_FACT_TABLE|SHINY_NOT_CONNECTED,"Multiple forecast versions are retained, so cross version accuracy comparison is available.","hdd_edb / EDB at forest grain, key SWEP280, forecast version 2026-04-16 07:50:38: average MAPE 37.420625, average accuracy 62.579375, across 16 evaluation windows from 2026-04-16 to 2026-05-06.",observed accuracy|observed bias|evaluation window coverage|source identity,cross metric raw aggregation|invented scenario values,VERIFIED_LOCAL,forecast_substrateBE_hdd_forest_metrics,hdd_forest_metrics.csv
hdd_edb,hdd_edb,EDB,not_applicable,not_applicable,forest,POLP291,2026-04-16 07:50:38,UNKNOWN,pending_d5,local_ingested,accuracy_only,NO_TARGET_DATE_GRAIN|NO_FORECAST_FACT_TABLE|SHINY_NOT_CONNECTED,"Multiple forecast versions are retained, so cross version accuracy comparison is available.","hdd_edb / EDB at forest grain, key POLP291, forecast version 2026-04-16 07:50:38: average MAPE 124.596875, average accuracy 0.0, across 16 evaluation windows from 2026-04-16 to 2026-05-06.",observed accuracy|observed bias|evaluation window coverage|source identity,cross metric raw aggregation|invented scenario values,VERIFIED_LOCAL,forecast_substrateBE_hdd_forest_metrics,hdd_forest_metrics.csv
hdd_edb,hdd_edb,EDB,not_applicable,not_applicable,forest,NAMP162,2026-04-16 07:50:38,UNKNOWN,pending_d5,local_ingested,accuracy_only,NO_TARGET_DATE_GRAIN|NO_FORECAST_FACT_TABLE|SHINY_NOT_CONNECTED,"Multiple forecast versions are retained, so cross version accuracy comparison is available.","hdd_edb / EDB at forest grain, key NAMP162, forecast version 2026-04-16 07:50:38: average MAPE 1.290625, average accuracy 98.709375, across 16 evaluation windows from 2026-04-16 to 2026-05-06.",observed accuracy|observed bias|evaluation window coverage|source identity,cross metric raw aggregation|invented scenario values,VERIFIED_LOCAL,forecast_substrateBE_hdd_forest_metrics,hdd_forest_metrics.csv
hdd_edb,hdd_edb,EDB,not_applicable,not_applicable,forest,NAMP133,2026-04-16 07:50:38,UNKNOWN,pending_d5,local_ingested,accuracy_only,NO_TARGET_DATE_GRAIN|NO_FORECAST_FACT_TABLE|SHINY_NOT_CONNECTED,"Multiple forecast versions are retained, so cross version accuracy comparison is available.","hdd_edb / EDB at forest grain, key NAMP133, forecast version 2026-04-16 07:50:38: average MAPE 0.38, average accuracy 99.62, across 16 evaluation windows from 2026-04-16 to 2026-05-06.",observed accuracy|observed bias|evaluation window coverage|source identity,cross metric raw aggregation|invented scenario values,VERIFIED_LOCAL,forecast_substrateBE_hdd_forest_metrics,hdd_forest_metrics.csv
hdd_edb,hdd_edb,EDB,not_applicable,not_applicable,forest,NAMP126,2026-04-16 07:50:38,UNKNOWN,pending_d5,local_ingested,accuracy_only,NO_TARGET_DATE_GRAIN|NO_FORECAST_FACT_TABLE|SHINY_NOT_CONNECTED,"Multiple forecast versions are retained, so cross version accuracy comparison is available.","hdd_edb / EDB at forest grain, key NAMP126, forecast version 2026-04-16 07:50:38: average MAPE 0.19625, average accuracy 99.80375, across 16 evaluation windows from 2026-04-16 to 2026-05-06.",observed accuracy|observed bias|evaluation window coverage|source identity,cross metric raw aggregation|invented scenario values,VERIFIED_LOCAL,forecast_substrateBE_hdd_forest_metrics,hdd_forest_metrics.csv
hdd_edb,hdd_edb,EDB,not_applicable,not_applicable,forest,NAMP164,2026-04-16 07:50:38,UNKNOWN,pending_d5,local_ingested,accuracy_only,NO_TARGET_DATE_GRAIN|NO_FORECAST_FACT_TABLE|SHINY_NOT_CONNECTED,"Multiple forecast versions are retained, so cross version accuracy comparison is available.","hdd_edb / EDB at forest grain, key NAMP164, forecast version 2026-04-16 07:50:38: average MAPE 0.15875, average accuracy 99.84125, across 16 evaluation windows from 2026-04-16 to 2026-05-06.",observed accuracy|observed bias|evaluation window coverage|source identity,cross metric raw aggregation|invented scenario values,VERIFIED_LOCAL,forecast_substrateBE_hdd_forest_metrics,hdd_forest_metrics.csv
hdd_edb,hdd_edb,EDB,not_applicable,not_applicable,forest,MEXP297,2026-04-16 07:50:38,UNKNOWN,pending_d5,local_ingested,accuracy_only,NO_TARGET_DATE_GRAIN|NO_FORECAST_FACT_TABLE|SHINY_NOT_CONNECTED,"Multiple forecast versions are retained, so cross version accuracy comparison is available.","hdd_edb / EDB at forest grain, key MEXP297, forecast version 2026-04-16 07:50:38: average MAPE 0.88875, average accuracy 99.11125, across 16 evaluation windows from 2026-04-16 to 2026-05-06.",observed accuracy|observed bias|evaluation window coverage|source identity,cross metric raw aggregation|invented scenario values,VERIFIED_LOCAL,forecast_substrateBE_hdd_forest_metrics,hdd_forest_metrics.csv
hdd_edb,hdd_edb,EDB,not_applicable,not_applicable,forest,NORP279,2026-04-16 07:50:38,UNKNOWN,pending_d5,local_ingested,accuracy_only,NO_TARGET_DATE_GRAIN|NO_FORECAST_FACT_TABLE|SHINY_NOT_CONNECTED,"Multiple forecast versions are retained, so cross version accuracy comparison is available.","hdd_edb / EDB at forest grain, key NORP279, forecast version 2026-04-16 07:50:38: average MAPE 46.988125, average accuracy 53.011875, across 16 evaluation windows from 2026-04-16 to 2026-05-06.",observed accuracy|observed bias|evaluation window coverage|source identity,cross metric raw aggregation|invented scenario values,VERIFIED_LOCAL,forecast_substrateBE_hdd_forest_metrics,hdd_forest_metrics.csv
hdd_edb,hdd_edb,EDB,not_applicable,not_applicable,forest,EURP180,2026-04-16 07:50:38,UNKNOWN,pending_d5,local_ingested,accuracy_only,NO_TARGET_DATE_GRAIN|NO_FORECAST_FACT_TABLE|SHINY_NOT_CONNECTED,"Multiple forecast versions are retained, so cross version accuracy comparison is available.","hdd_edb / EDB at forest grain, key EURP180, forecast version 2026-04-16 07:50:38: average MAPE 0.389375, average accuracy 99.610625, across 16 evaluation windows from 2026-04-16 to 2026-05-06.",observed accuracy|observed bias|evaluation window coverage|source identity,cross metric raw aggregation|invented scenario values,VERIFIED_LOCAL,forecast_substrateBE_hdd_forest_metrics,hdd_forest_metrics.csv
hdd_edb,hdd_edb,EDB,not_applicable,not_applicable,forest,APCPRD03,2026-05-01 03:35:00,UNKNOWN,pending_d5,local_ingested,accuracy_only,NO_TARGET_DATE_GRAIN|NO_FORECAST_FACT_TABLE|SHINY_NOT_CONNECTED,"Multiple forecast versions are retained, so cross version accuracy comparison is available.","hdd_edb / EDB at forest grain, key APCPRD03, forecast version 2026-05-01 03:35:00: average MAPE 0.395625, average accuracy 99.604375, across 32 evaluation windows from 2026-05-01 to 2026-06-09.",observed accuracy|observed bias|evaluation window coverage|source identity,cross metric raw aggregation|invented scenario values,VERIFIED_LOCAL,forecast_substrateBE_hdd_forest_metrics,hdd_forest_metrics.csv
hdd_edb,hdd_edb,EDB,not_applicable,not_applicable,forest,NAMP128,2026-04-16 07:50:38,UNKNOWN,pending_d5,local_ingested,accuracy_only,NO_TARGET_DATE_GRAIN|NO_FORECAST_FACT_TABLE|SHINY_NOT_CONNECTED,"Multiple forecast versions are retained, so cross version accuracy comparison is available.","hdd_edb / EDB at forest grain, key NAMP128, forecast version 2026-04-16 07:50:38: average MAPE 0.210625, average accuracy 99.789375, across 16 evaluation windows from 2026-04-16 to 2026-05-06.",observed accuracy|observed bias|evaluation window coverage|source identity,cross metric raw aggregation|invented scenario values,VERIFIED_LOCAL,forecast_substrateBE_hdd_forest_metrics,hdd_forest_metrics.csv
hdd_edb,hdd_edb,EDB,not_applicable,not_applicable,forest,NAMP116,2026-05-01 03:35:00,UNKNOWN,pending_d5,local_ingested,accuracy_only,NO_TARGET_DATE_GRAIN|NO_FORECAST_FACT_TABLE|SHINY_NOT_CONNECTED,"Multiple forecast versions are retained, so cross version accuracy comparison is available.","hdd_edb / EDB at forest grain, key NAMP116, forecast version 2026-05-01 03:35:00: average MAPE 1978.885625, average accuracy 0.0, across 32 evaluation windows from 2026-05-01 to 2026-06-09.",observed accuracy|observed bias|evaluation window coverage|source identity,cross metric raw aggregation|invented scenario values,VERIFIED_LOCAL,forecast_substrateBE_hdd_forest_metrics,hdd_forest_metrics.csv
hdd_edb,hdd_edb,EDB,not_applicable,not_applicable,forest,EURP174,2026-05-01 03:35:00,UNKNOWN,pending_d5,local_ingested,accuracy_only,NO_TARGET_DATE_GRAIN|NO_FORECAST_FACT_TABLE|SHINY_NOT_CONNECTED,"Multiple forecast versions are retained, so cross version accuracy comparison is available.","hdd_edb / EDB at forest grain, key EURP174, forecast version 2026-05-01 03:35:00: average MAPE 0.839677, average accuracy 99.160323, across 31 evaluation windows from 2026-05-01 to 2026-06-08.",observed accuracy|observed bias|evaluation window coverage|source identity,cross metric raw aggregation|invented scenario values,VERIFIED_LOCAL,forecast_substrateBE_hdd_forest_metrics,hdd_forest_metrics.csv
hdd_edb,hdd_edb,EDB,not_applicable,not_applicable,forest,EURP179,2026-04-16 07:50:38,UNKNOWN,pending_d5,local_ingested,accuracy_only,NO_TARGET_DATE_GRAIN|NO_FORECAST_FACT_TABLE|SHINY_NOT_CONNECTED,"Multiple forecast versions are retained, so cross version accuracy comparison is available.","hdd_edb / EDB at forest grain, key EURP179, forecast version 2026-04-16 07:50:38: average MAPE 1.25875, average accuracy 98.74125, across 16 evaluation windows from 2026-04-16 to 2026-05-06.",observed accuracy|observed bias|evaluation window coverage|source identity,cross metric raw aggregation|invented scenario values,VERIFIED_LOCAL,forecast_substrateBE_hdd_forest_metrics,hdd_forest_metrics.csv
hdd_edb,hdd_edb,EDB,not_applicable,not_applicable,forest,INDP287,2026-04-16 07:50:38,UNKNOWN,pending_d5,local_ingested,accuracy_only,NO_TARGET_DATE_GRAIN|NO_FORECAST_FACT_TABLE|SHINY_NOT_CONNECTED,"Multiple forecast versions are retained, so cross version accuracy comparison is available.","hdd_edb / EDB at forest grain, key INDP287, forecast version 2026-04-16 07:50:38: average MAPE 0.530625, average accuracy 99.469375, across 16 evaluation windows from 2026-04-16 to 2026-05-06.",observed accuracy|observed bias|evaluation window coverage|source identity,cross metric raw aggregation|invented scenario values,VERIFIED_LOCAL,forecast_substrateBE_hdd_forest_metrics,hdd_forest_metrics.csv
hdd_edb,hdd_edb,EDB,not_applicable,not_applicable,forest,EURP121,2026-05-01 03:35:00,UNKNOWN,pending_d5,local_ingested,accuracy_only,NO_TARGET_DATE_GRAIN|NO_FORECAST_FACT_TABLE|SHINY_NOT_CONNECTED,"Multiple forecast versions are retained, so cross version accuracy comparison is available.","hdd_edb / EDB at forest grain, key EURP121, forecast version 2026-05-01 03:35:00: average MAPE 0.351875, average accuracy 99.648125, across 32 evaluation windows from 2026-05-01 to 2026-06-09.",observed accuracy|observed bias|evaluation window coverage|source identity,cross metric raw aggregation|invented scenario values,VERIFIED_LOCAL,forecast_substrateBE_hdd_forest_metrics,hdd_forest_metrics.csv
hdd_edb,hdd_edb,EDB,not_applicable,not_applicable,forest,EURP309,2026-05-01 03:35:00,UNKNOWN,pending_d5,local_ingested,accuracy_only,NO_TARGET_DATE_GRAIN|NO_FORECAST_FACT_TABLE|SHINY_NOT_CONNECTED,"Multiple forecast versions are retained, so cross version accuracy comparison is available.","hdd_edb / EDB at forest grain, key EURP309, forecast version 2026-05-01 03:35:00: average MAPE 9.317187, average accuracy 90.682812, across 32 evaluation windows from 2026-05-01 to 2026-06-09.",observed accuracy|observed bias|evaluation window coverage|source identity,cross metric raw aggregation|invented scenario values,VERIFIED_LOCAL,forecast_substrateBE_hdd_forest_metrics,hdd_forest_metrics.csv
hdd_edb,hdd_edb,EDB,not_applicable,not_applicable,forest,ITAP293,2026-04-16 07:50:38,UNKNOWN,pending_d5,local_ingested,accuracy_only,NO_TARGET_DATE_GRAIN|NO_FORECAST_FACT_TABLE|SHINY_NOT_CONNECTED,"Multiple forecast versions are retained, so cross version accuracy comparison is available.","hdd_edb / EDB at forest grain, key ITAP293, forecast version 2026-04-16 07:50:38: average MAPE 77.58, average accuracy 22.42, across 16 evaluation windows from 2026-04-16 to 2026-05-06.",observed accuracy|observed bias|evaluation window coverage|source identity,cross metric raw aggregation|invented scenario values,VERIFIED_LOCAL,forecast_substrateBE_hdd_forest_metrics,hdd_forest_metrics.csv
hdd_edb,hdd_edb,EDB,not_applicable,not_applicable,forest,NAMPRD03,2026-04-16 07:50:38,UNKNOWN,pending_d5,local_ingested,accuracy_only,NO_TARGET_DATE_GRAIN|NO_FORECAST_FACT_TABLE|SHINY_NOT_CONNECTED,"Multiple forecast versions are retained, so cross version accuracy comparison is available.","hdd_edb / EDB at forest grain, key NAMPRD03, forecast version 2026-04-16 07:50:38: average MAPE 2.163125, average accuracy 97.836875, across 16 evaluation windows from 2026-04-16 to 2026-05-06.",observed accuracy|observed bias|evaluation window coverage|source identity,cross metric raw aggregation|invented scenario values,VERIFIED_LOCAL,forecast_substrateBE_hdd_forest_metrics,hdd_forest_metrics.csv
hdd_edb,hdd_edb,EDB,not_applicable,not_applicable,forest,NAMP110,2026-04-16 07:50:38,UNKNOWN,pending_d5,local_ingested,accuracy_only,NO_TARGET_DATE_GRAIN|NO_FORECAST_FACT_TABLE|SHINY_NOT_CONNECTED,"Multiple forecast versions are retained, so cross version accuracy comparison is available.","hdd_edb / EDB at forest grain, key NAMP110, forecast version 2026-04-16 07:50:38: average MAPE 2.103125, average accuracy 97.896875, across 16 evaluation windows from 2026-04-16 to 2026-05-06.",observed accuracy|observed bias|evaluation window coverage|source identity,cross metric raw aggregation|invented scenario values,VERIFIED_LOCAL,forecast_substrateBE_hdd_forest_metrics,hdd_forest_metrics.csv
hdd_edb,hdd_edb,EDB,not_applicable,not_applicable,forest,EURP251,2026-05-01 03:35:00,UNKNOWN,pending_d5,local_ingested,accuracy_only,NO_TARGET_DATE_GRAIN|NO_FORECAST_FACT_TABLE|SHINY_NOT_CONNECTED,"Multiple forecast versions are retained, so cross version accuracy comparison is available.","hdd_edb / EDB at forest grain, key EURP251, forecast version 2026-05-01 03:35:00: average MAPE 61.643125, average accuracy 38.356875, across 32 evaluation windows from 2026-05-01 to 2026-06-09.",observed accuracy|observed bias|evaluation window coverage|source identity,cross metric raw aggregation|invented scenario values,VERIFIED_LOCAL,forecast_substrateBE_hdd_forest_metrics,hdd_forest_metrics.csv
hdd_edb,hdd_edb,EDB,not_applicable,not_applicable,forest,NAMP114,2026-04-16 07:50:38,UNKNOWN,pending_d5,local_ingested,accuracy_only,NO_TARGET_DATE_GRAIN|NO_FORECAST_FACT_TABLE|SHINY_NOT_CONNECTED,"Multiple forecast versions are retained, so cross version accuracy comparison is available.","hdd_edb / EDB at forest grain, key NAMP114, forecast version 2026-04-16 07:50:38: average MAPE 33.344375, average accuracy 66.655625, across 16 evaluation windows from 2026-04-16 to 2026-05-06.",observed accuracy|observed bias|evaluation window coverage|source identity,cross metric raw aggregation|invented scenario values,VERIFIED_LOCAL,forecast_substrateBE_hdd_forest_metrics,hdd_forest_metrics.csv
hdd_edb,hdd_edb,EDB,not_applicable,not_applicable,forest,APCP153,2026-05-01 03:35:00,UNKNOWN,pending_d5,local_ingested,accuracy_only,NO_TARGET_DATE_GRAIN|NO_FORECAST_FACT_TABLE|SHINY_NOT_CONNECTED,"Multiple forecast versions are retained, so cross version accuracy comparison is available.","hdd_edb / EDB at forest grain, key APCP153, forecast version 2026-05-01 03:35:00: average MAPE 0.694375, average accuracy 99.305625, across 32 evaluation windows from 2026-05-01 to 2026-06-09.",observed accuracy|observed bias|evaluation window coverage|source identity,cross metric raw aggregation|invented scenario values,VERIFIED_LOCAL,forecast_substrateBE_hdd_forest_metrics,hdd_forest_metrics.csv
hdd_edb,hdd_edb,EDB,not_applicable,not_applicable,forest,EURPRD08,2026-04-16 07:50:38,UNKNOWN,pending_d5,local_ingested,accuracy_only,NO_TARGET_DATE_GRAIN|NO_FORECAST_FACT_TABLE|SHINY_NOT_CONNECTED,"Multiple forecast versions are retained, so cross version accuracy comparison is available.","hdd_edb / EDB at forest grain, key EURPRD08, forecast version 2026-04-16 07:50:38: average MAPE 7.614375, average accuracy 92.385625, across 16 evaluation windows from 2026-04-16 to 2026-05-06.",observed accuracy|observed bias|evaluation window coverage|source identity,cross metric raw aggregation|invented scenario values,VERIFIED_LOCAL,forecast_substrateBE_hdd_forest_metrics,hdd_forest_metrics.csv
hdd_edb,hdd_edb,EDB,not_applicable,not_applicable,forest,SGPP274,2026-04-16 07:50:38,UNKNOWN,pending_d5,local_ingested,accuracy_only,NO_TARGET_DATE_GRAIN|NO_FORECAST_FACT_TABLE|SHINY_NOT_CONNECTED,"Multiple forecast versions are retained, so cross version accuracy comparison is available.","hdd_edb / EDB at forest grain, key SGPP274, forecast version 2026-04-16 07:50:38: average MAPE 19.671875, average accuracy 80.328125, across 16 evaluation windows from 2026-04-16 to 2026-05-06.",observed accuracy|observed bias|evaluation window coverage|source identity,cross metric raw aggregation|invented scenario values,VERIFIED_LOCAL,forecast_substrateBE_hdd_forest_metrics,hdd_forest_metrics.csv
hdd_edb,hdd_edb,EDB,not_applicable,not_applicable,forest,ESPP292,2026-04-16 07:50:38,UNKNOWN,pending_d5,local_ingested,accuracy_only,NO_TARGET_DATE_GRAIN|NO_FORECAST_FACT_TABLE|SHINY_NOT_CONNECTED,"Multiple forecast versions are retained, so cross version accuracy comparison is available.","hdd_edb / EDB at forest grain, key ESPP292, forecast version 2026-04-16 07:50:38: average MAPE 217.80625, average accuracy 0.0, across 16 evaluation windows from 2026-04-16 to 2026-05-06.",observed accuracy|observed bias|evaluation window coverage|source identity,cross metric raw aggregation|invented scenario values,VERIFIED_LOCAL,forecast_substrateBE_hdd_forest_metrics,hdd_forest_metrics.csv
hdd_edb,hdd_edb,EDB,not_applicable,not_applicable,forest,NAMP159,2026-04-16 07:50:38,UNKNOWN,pending_d5,local_ingested,accuracy_only,NO_TARGET_DATE_GRAIN|NO_FORECAST_FACT_TABLE|SHINY_NOT_CONNECTED,"Multiple forecast versions are retained, so cross version accuracy comparison is available.","hdd_edb / EDB at forest grain, key NAMP159, forecast version 2026-04-16 07:50:38: average MAPE 2.05875, average accuracy 97.94125, across 16 evaluation windows from 2026-04-16 to 2026-05-06.",observed accuracy|observed bias|evaluation window coverage|source identity,cross metric raw aggregation|invented scenario values,VERIFIED_LOCAL,forecast_substrateBE_hdd_forest_metrics,hdd_forest_metrics.csv
hdd_edb,hdd_edb,EDB,not_applicable,not_applicable,forest,NAMPRD85,2026-04-16 07:50:38,UNKNOWN,pending_d5,local_ingested,accuracy_only,NO_TARGET_DATE_GRAIN|NO_FORECAST_FACT_TABLE|SHINY_NOT_CONNECTED,"Multiple forecast versions are retained, so cross version accuracy comparison is available.","hdd_edb / EDB at forest grain, key NAMPRD85, forecast version 2026-04-16 07:50:38: average MAPE 0.395, average accuracy 99.605, across 16 evaluation windows from 2026-04-16 to 2026-05-06.",observed accuracy|observed bias|evaluation window coverage|source identity,cross metric raw aggregation|invented scenario values,VERIFIED_LOCAL,forecast_substrateBE_hdd_forest_metrics,hdd_forest_metrics.csv
hdd_edb,hdd_edb,EDB,not_applicable,not_applicable,forest,NAMP171,2026-04-16 07:50:38,UNKNOWN,pending_d5,local_ingested,accuracy_only,NO_TARGET_DATE_GRAIN|NO_FORECAST_FACT_TABLE|SHINY_NOT_CONNECTED,"Multiple forecast versions are retained, so cross version accuracy comparison is available.","hdd_edb / EDB at forest grain, key NAMP171, forecast version 2026-04-16 07:50:38: average MAPE 0.566875, average accuracy 99.433125, across 16 evaluation windows from 2026-04-16 to 2026-05-06.",observed accuracy|observed bias|evaluation window coverage|source identity,cross metric raw aggregation|invented scenario values,VERIFIED_LOCAL,forecast_substrateBE_hdd_forest_metrics,hdd_forest_metrics.csv
hdd_edb,hdd_edb,EDB,not_applicable,not_applicable,forest,NAMP131,2026-05-01 03:35:00,UNKNOWN,pending_d5,local_ingested,accuracy_only,NO_TARGET_DATE_GRAIN|NO_FORECAST_FACT_TABLE|SHINY_NOT_CONNECTED,"Multiple forecast versions are retained, so cross version accuracy comparison is available.","hdd_edb / EDB at forest grain, key NAMP131, forecast version 2026-05-01 03:35:00: average MAPE 0.496875, average accuracy 99.503125, across 32 evaluation windows from 2026-05-01 to 2026-06-09.",observed accuracy|observed bias|evaluation window coverage|source identity,cross metric raw aggregation|invented scenario values,VERIFIED_LOCAL,forecast_substrateBE_hdd_forest_metrics,hdd_forest_metrics.csv
hdd_edb,hdd_edb,EDB,not_applicable,not_applicable,forest,APCPRD01,2026-04-06 19:49:02,UNKNOWN,pending_d5,local_ingested,accuracy_only,NO_TARGET_DATE_GRAIN|NO_FORECAST_FACT_TABLE|SHINY_NOT_CONNECTED,"Multiple forecast versions are retained, so cross version accuracy comparison is available.","hdd_edb / EDB at forest grain, key APCPRD01, forecast version 2026-04-06 19:49:02: average MAPE 0.268889, average accuracy 99.731111, across 9 evaluation windows from 2026-04-07 to 2026-04-21.",observed accuracy|observed bias|evaluation window coverage|source identity,cross metric raw aggregation|invented scenario values,VERIFIED_LOCAL,forecast_substrateBE_hdd_forest_metrics,hdd_forest_metrics.csv
hdd_edb,hdd_edb,EDB,not_applicable,not_applicable,forest,APCPRD01,2026-04-16 07:50:38,UNKNOWN,pending_d5,local_ingested,accuracy_only,NO_TARGET_DATE_GRAIN|NO_FORECAST_FACT_TABLE|SHINY_NOT_CONNECTED,"Multiple forecast versions are retained, so cross version accuracy comparison is available.","hdd_edb / EDB at forest grain, key APCPRD01, forecast version 2026-04-16 07:50:38: average MAPE 1.329375, average accuracy 98.670625, across 16 evaluation windows from 2026-04-16 to 2026-05-06.",observed accuracy|observed bias|evaluation window coverage|source identity,cross metric raw aggregation|invented scenario values,VERIFIED_LOCAL,forecast_substrateBE_hdd_forest_metrics,hdd_forest_metrics.csv
hdd_edb,hdd_edb,EDB,not_applicable,not_applicable,forest,EURPRD04,2026-04-16 07:50:38,UNKNOWN,pending_d5,local_ingested,accuracy_only,NO_TARGET_DATE_GRAIN|NO_FORECAST_FACT_TABLE|SHINY_NOT_CONNECTED,"Multiple forecast versions are retained, so cross version accuracy comparison is available.","hdd_edb / EDB at forest grain, key EURPRD04, forecast version 2026-04-16 07:50:38: average MAPE 4.72125, average accuracy 95.27875, across 16 evaluation windows from 2026-04-16 to 2026-05-06.",observed accuracy|observed bias|evaluation window coverage|source identity,cross metric raw aggregation|invented scenario values,VERIFIED_LOCAL,forecast_substrateBE_hdd_forest_metrics,hdd_forest_metrics.csv
hdd_edb,hdd_edb,EDB,not_applicable,not_applicable,forest,JPNP286,2026-04-16 07:50:38,UNKNOWN,pending_d5,local_ingested,accuracy_only,NO_TARGET_DATE_GRAIN|NO_FORECAST_FACT_TABLE|SHINY_NOT_CONNECTED,"Multiple forecast versions are retained, so cross version accuracy comparison is available.","hdd_edb / EDB at forest grain, key JPNP286, forecast version 2026-04-16 07:50:38: average MAPE 2.06625, average accuracy 97.93375, across 16 evaluation windows from 2026-04-16 to 2026-05-06.",observed accuracy|observed bias|evaluation window coverage|source identity,cross metric raw aggregation|invented scenario values,VERIFIED_LOCAL,forecast_substrateBE_hdd_forest_metrics,hdd_forest_metrics.csv
hdd_edb,hdd_edb,EDB,not_applicable,not_applicable,forest,EURP194,2026-05-01 03:35:00,UNKNOWN,pending_d5,local_ingested,accuracy_only,NO_TARGET_DATE_GRAIN|NO_FORECAST_FACT_TABLE|SHINY_NOT_CONNECTED,"Multiple forecast versions are retained, so cross version accuracy comparison is available.","hdd_edb / EDB at forest grain, key EURP194, forecast version 2026-05-01 03:35:00: average MAPE 49.9, average accuracy 50.1, across 32 evaluation windows from 2026-05-01 to 2026-06-09.",observed accuracy|observed bias|evaluation window coverage|source identity,cross metric raw aggregation|invented scenario values,VERIFIED_LOCAL,forecast_substrateBE_hdd_forest_metrics,hdd_forest_metrics.csv
hdd_edb,hdd_edb,EDB,not_applicable,not_applicable,forest,APCPRD01,2026-05-01 03:35:00,UNKNOWN,pending_d5,local_ingested,accuracy_only,NO_TARGET_DATE_GRAIN|NO_FORECAST_FACT_TABLE|SHINY_NOT_CONNECTED,"Multiple forecast versions are retained, so cross version accuracy comparison is available.","hdd_edb / EDB at forest grain, key APCPRD01, forecast version 2026-05-01 03:35:00: average MAPE 1.756563, average accuracy 98.243437, across 32 evaluation windows from 2026-05-01 to 2026-06-09.",observed accuracy|observed bias|evaluation window coverage|source identity,cross metric raw aggregation|invented scenario values,VERIFIED_LOCAL,forecast_substrateBE_hdd_forest_metrics,hdd_forest_metrics.csv
hdd_edb,hdd_edb,EDB,not_applicable,not_applicable,forest,NAMP129,2026-05-01 03:35:00,UNKNOWN,pending_d5,local_ingested,accuracy_only,NO_TARGET_DATE_GRAIN|NO_FORECAST_FACT_TABLE|SHINY_NOT_CONNECTED,"Multiple forecast versions are retained, so cross version accuracy comparison is available.","hdd_edb / EDB at forest grain, key NAMP129, forecast version 2026-05-01 03:35:00: average MAPE 1.043438, average accuracy 98.956563, across 32 evaluation windows from 2026-05-01 to 2026-06-09.",observed accuracy|observed bias|evaluation window coverage|source identity,cross metric raw aggregation|invented scenario values,VERIFIED_LOCAL,forecast_substrateBE_hdd_forest_metrics,hdd_forest_metrics.csv
hdd_edb,hdd_edb,EDB,not_applicable,not_applicable,forest,NAMP135,2026-05-01 03:35:00,UNKNOWN,pending_d5,local_ingested,accuracy_only,NO_TARGET_DATE_GRAIN|NO_FORECAST_FACT_TABLE|SHINY_NOT_CONNECTED,"Multiple forecast versions are retained, so cross version accuracy comparison is available.","hdd_edb / EDB at forest grain, key NAMP135, forecast version 2026-05-01 03:35:00: average MAPE 0.256875, average accuracy 99.743125, across 32 evaluation windows from 2026-05-01 to 2026-06-09.",observed accuracy|observed bias|evaluation window coverage|source identity,cross metric raw aggregation|invented scenario values,VERIFIED_LOCAL,forecast_substrateBE_hdd_forest_metrics,hdd_forest_metrics.csv
hdd_edb,hdd_edb,EDB,not_applicable,not_applicable,forest,EURP180,2026-05-01 03:35:00,UNKNOWN,pending_d5,local_ingested,accuracy_only,NO_TARGET_DATE_GRAIN|NO_FORECAST_FACT_TABLE|SHINY_NOT_CONNECTED,"Multiple forecast versions are retained, so cross version accuracy comparison is available.","hdd_edb / EDB at forest grain, key EURP180, forecast version 2026-05-01 03:35:00: average MAPE 0.413438, average accuracy 99.586562, across 32 evaluation windows from 2026-05-01 to 2026-06-09.",observed accuracy|observed bias|evaluation window coverage|source identity,cross metric raw aggregation|invented scenario values,VERIFIED_LOCAL,forecast_substrateBE_hdd_forest_metrics,hdd_forest_metrics.csv
hdd_edb,hdd_edb,EDB,not_applicable,not_applicable,forest,NAMP132,2026-04-16 07:50:38,UNKNOWN,pending_d5,local_ingested,accuracy_only,NO_TARGET_DATE_GRAIN|NO_FORECAST_FACT_TABLE|SHINY_NOT_CONNECTED,"Multiple forecast versions are retained, so cross version accuracy comparison is available.","hdd_edb / EDB at forest grain, key NAMP132, forecast version 2026-04-16 07:50:38: average MAPE 1.008125, average accuracy 98.991875, across 16 evaluation windows from 2026-04-16 to 2026-05-06.",observed accuracy|observed bias|evaluation window coverage|source identity,cross metric raw aggregation|invented scenario values,VERIFIED_LOCAL,forecast_substrateBE_hdd_forest_metrics,hdd_forest_metrics.csv
hdd_edb,hdd_edb,EDB,not_applicable,not_applicable,forest,NAMPRD10,2026-04-16 07:50:38,UNKNOWN,pending_d5,local_ingested,accuracy_only,NO_TARGET_DATE_GRAIN|NO_FORECAST_FACT_TABLE|SHINY_NOT_CONNECTED,"Multiple forecast versions are retained, so cross version accuracy comparison is available.","hdd_edb / EDB at forest grain, key NAMPRD10, forecast version 2026-04-16 07:50:38: average MAPE 16.305625, average accuracy 83.694375, across 16 evaluation windows from 2026-04-16 to 2026-05-06.",observed accuracy|observed bias|evaluation window coverage|source identity,cross metric raw aggregation|invented scenario values,VERIFIED_LOCAL,forecast_substrateBE_hdd_forest_metrics,hdd_forest_metrics.csv
hdd_edb,hdd_edb,EDB,not_applicable,not_applicable,forest,EURPRD01,2026-05-01 03:35:00,UNKNOWN,pending_d5,local_ingested,accuracy_only,NO_TARGET_DATE_GRAIN|NO_FORECAST_FACT_TABLE|SHINY_NOT_CONNECTED,"Multiple forecast versions are retained, so cross version accuracy comparison is available.","hdd_edb / EDB at forest grain, key EURPRD01, forecast version 2026-05-01 03:35:00: average MAPE 4.444063, average accuracy 95.555937, across 32 evaluation windows from 2026-05-01 to 2026-06-09.",observed accuracy|observed bias|evaluation window coverage|source identity,cross metric raw aggregation|invented scenario values,VERIFIED_LOCAL,forecast_substrateBE_hdd_forest_metrics,hdd_forest_metrics.csv
hdd_edb,hdd_edb,EDB,not_applicable,not_applicable,forest,NAMP159,2026-05-01 03:35:00,UNKNOWN,pending_d5,local_ingested,accuracy_only,NO_TARGET_DATE_GRAIN|NO_FORECAST_FACT_TABLE|SHINY_NOT_CONNECTED,"Multiple forecast versions are retained, so cross version accuracy comparison is available.","hdd_edb / EDB at forest grain, key NAMP159, forecast version 2026-05-01 03:35:00: average MAPE 2.806563, average accuracy 97.193438, across 32 evaluation windows from 2026-05-01 to 2026-06-09.",observed accuracy|observed bias|evaluation window coverage|source identity,cross metric raw aggregation|invented scenario values,VERIFIED_LOCAL,forecast_substrateBE_hdd_forest_metrics,hdd_forest_metrics.csv
hdd_edb,hdd_edb,EDB,not_applicable,not_applicable,forest,NAMP106,2026-04-16 07:50:38,UNKNOWN,pending_d5,local_ingested,accuracy_only,NO_TARGET_DATE_GRAIN|NO_FORECAST_FACT_TABLE|SHINY_NOT_CONNECTED,"Multiple forecast versions are retained, so cross version accuracy comparison is available.","hdd_edb / EDB at forest grain, key NAMP106, forecast version 2026-04-16 07:50:38: average MAPE 0.810625, average accuracy 99.189375, across 16 evaluation windows from 2026-04-16 to 2026-05-06.",observed accuracy|observed bias|evaluation window coverage|source identity,cross metric raw aggregation|invented scenario values,VERIFIED_LOCAL,forecast_substrateBE_hdd_forest_metrics,hdd_forest_metrics.csv
hdd_edb,hdd_edb,EDB,not_applicable,not_applicable,forest,EURP122,2026-05-01 03:35:00,UNKNOWN,pending_d5,local_ingested,accuracy_only,NO_TARGET_DATE_GRAIN|NO_FORECAST_FACT_TABLE|SHINY_NOT_CONNECTED,"Multiple forecast versions are retained, so cross version accuracy comparison is available.","hdd_edb / EDB at forest grain, key EURP122, forecast version 2026-05-01 03:35:00: average MAPE 0.260625, average accuracy 99.739375, across 32 evaluation windows from 2026-05-01 to 2026-06-09.",observed accuracy|observed bias|evaluation window coverage|source identity,cross metric raw aggregation|invented scenario values,VERIFIED_LOCAL,forecast_substrateBE_hdd_forest_metrics,hdd_forest_metrics.csv
hdd_edb,hdd_edb,EDB,not_applicable,not_applicable,forest,NAMP128,2026-05-01 03:35:00,UNKNOWN,pending_d5,local_ingested,accuracy_only,NO_TARGET_DATE_GRAIN|NO_FORECAST_FACT_TABLE|SHINY_NOT_CONNECTED,"Multiple forecast versions are retained, so cross version accuracy comparison is available.","hdd_edb / EDB at forest grain, key NAMP128, forecast version 2026-05-01 03:35:00: average MAPE 0.344375, average accuracy 99.655625, across 32 evaluation windows from 2026-05-01 to 2026-06-09.",observed accuracy|observed bias|evaluation window coverage|source identity,cross metric raw aggregation|invented scenario values,VERIFIED_LOCAL,forecast_substrateBE_hdd_forest_metrics,hdd_forest_metrics.csv
hdd_edb,hdd_edb,EDB,not_applicable,not_applicable,forest,AUSPRD01,2026-05-01 03:35:00,UNKNOWN,pending_d5,local_ingested,accuracy_only,NO_TARGET_DATE_GRAIN|NO_FORECAST_FACT_TABLE|SHINY_NOT_CONNECTED,"Multiple forecast versions are retained, so cross version accuracy comparison is available.","hdd_edb / EDB at forest grain, key AUSPRD01, forecast version 2026-05-01 03:35:00: average MAPE 1.980312, average accuracy 98.019688, across 32 evaluation windows from 2026-05-01 to 2026-06-09.",observed accuracy|observed bias|evaluation window coverage|source identity,cross metric raw aggregation|invented scenario values,VERIFIED_LOCAL,forecast_substrateBE_hdd_forest_metrics,hdd_forest_metrics.csv
hdd_edb,hdd_edb,EDB,not_applicable,not_applicable,forest,EURP189,2026-05-01 03:35:00,UNKNOWN,pending_d5,local_ingested,accuracy_only,NO_TARGET_DATE_GRAIN|NO_FORECAST_FACT_TABLE|SHINY_NOT_CONNECTED,"Multiple forecast versions are retained, so cross version accuracy comparison is available.","hdd_edb / EDB at forest grain, key EURP189, forecast version 2026-05-01 03:35:00: average MAPE 46.739063, average accuracy 53.260937, across 32 evaluation windows from 2026-05-01 to 2026-06-09.",observed accuracy|observed bias|evaluation window coverage|source identity,cross metric raw aggregation|invented scenario values,VERIFIED_LOCAL,forecast_substrateBE_hdd_forest_metrics,hdd_forest_metrics.csv
hdd_edb,hdd_edb,EDB,not_applicable,not_applicable,forest,FRAP264,2026-04-16 07:50:38,UNKNOWN,pending_d5,local_ingested,accuracy_only,NO_TARGET_DATE_GRAIN|NO_FORECAST_FACT_TABLE|SHINY_NOT_CONNECTED,"Multiple forecast versions are retained, so cross version accuracy comparison is available.","hdd_edb / EDB at forest grain, key FRAP264, forecast version 2026-04-16 07:50:38: average MAPE 1.08375, average accuracy 98.91625, across 16 evaluation windows from 2026-04-16 to 2026-05-06.",observed accuracy|observed bias|evaluation window coverage|source identity,cross metric raw aggregation|invented scenario values,VERIFIED_LOCAL,forecast_substrateBE_hdd_forest_metrics,hdd_forest_metrics.csv
hdd_edb,hdd_edb,EDB,not_applicable,not_applicable,forest,NAMP103,2026-05-01 03:35:00,UNKNOWN,pending_d5,local_ingested,accuracy_only,NO_TARGET_DATE_GRAIN|NO_FORECAST_FACT_TABLE|SHINY_NOT_CONNECTED,"Multiple forecast versions are retained, so cross version accuracy comparison is available.","hdd_edb / EDB at forest grain, key NAMP103, forecast version 2026-05-01 03:35:00: average MAPE 1053.054375, average accuracy 0.0, across 32 evaluation windows from 2026-05-01 to 2026-06-09.",observed accuracy|observed bias|evaluation window coverage|source identity,cross metric raw aggregation|invented scenario values,VERIFIED_LOCAL,forecast_substrateBE_hdd_forest_metrics,hdd_forest_metrics.csv
hdd_edb,hdd_edb,EDB,not_applicable,not_applicable,forest,NZLP299,2026-04-16 07:50:38,UNKNOWN,pending_d5,local_ingested,accuracy_only,NO_TARGET_DATE_GRAIN|NO_FORECAST_FACT_TABLE|SHINY_NOT_CONNECTED,"Multiple forecast versions are retained, so cross version accuracy comparison is available.","hdd_edb / EDB at forest grain, key NZLP299, forecast version 2026-04-16 07:50:38: average MAPE 12.541875, average accuracy 87.458125, across 16 evaluation windows from 2026-04-16 to 2026-05-06.",observed accuracy|observed bias|evaluation window coverage|source identity,cross metric raw aggregation|invented scenario values,VERIFIED_LOCAL,forecast_substrateBE_hdd_forest_metrics,hdd_forest_metrics.csv
hdd_edb,hdd_edb,EDB,not_applicable,not_applicable,forest,NAMPRD16,2026-04-16 07:50:38,UNKNOWN,pending_d5,local_ingested,accuracy_only,NO_TARGET_DATE_GRAIN|NO_FORECAST_FACT_TABLE|SHINY_NOT_CONNECTED,"Multiple forecast versions are retained, so cross version accuracy comparison is available.","hdd_edb / EDB at forest grain, key NAMPRD16, forecast version 2026-04-16 07:50:38: average MAPE 2.5425, average accuracy 97.4575, across 16 evaluation windows from 2026-04-16 to 2026-05-06.",observed accuracy|observed bias|evaluation window coverage|source identity,cross metric raw aggregation|invented scenario values,VERIFIED_LOCAL,forecast_substrateBE_hdd_forest_metrics,hdd_forest_metrics.csv
hdd_edb,hdd_edb,EDB,not_applicable,not_applicable,forest,NAMP157,2026-04-16 07:50:38,UNKNOWN,pending_d5,local_ingested,accuracy_only,NO_TARGET_DATE_GRAIN|NO_FORECAST_FACT_TABLE|SHINY_NOT_CONNECTED,"Multiple forecast versions are retained, so cross version accuracy comparison is available.","hdd_edb / EDB at forest grain, key NAMP157, forecast version 2026-04-16 07:50:38: average MAPE 0.44875, average accuracy 99.55125, across 16 evaluation windows from 2026-04-16 to 2026-05-06.",observed accuracy|observed bias|evaluation window coverage|source identity,cross metric raw aggregation|invented scenario values,VERIFIED_LOCAL,forecast_substrateBE_hdd_forest_metrics,hdd_forest_metrics.csv
hdd_edb,hdd_edb,EDB,not_applicable,not_applicable,forest,NAMP221,2026-05-01 03:35:00,UNKNOWN,pending_d5,local_ingested,accuracy_only,NO_TARGET_DATE_GRAIN|NO_FORECAST_FACT_TABLE|SHINY_NOT_CONNECTED,"Multiple forecast versions are retained, so cross version accuracy comparison is available.","hdd_edb / EDB at forest grain, key NAMP221, forecast version 2026-05-01 03:35:00: average MAPE 70.67125, average accuracy 29.32875, across 32 evaluation windows from 2026-05-01 to 2026-06-09.",observed accuracy|observed bias|evaluation window coverage|source identity,cross metric raw aggregation|invented scenario values,VERIFIED_LOCAL,forecast_substrateBE_hdd_forest_metrics,hdd_forest_metrics.csv
hdd_edb,hdd_edb,EDB,not_applicable,not_applicable,forest,DEUP281,2026-05-01 03:35:00,UNKNOWN,pending_d5,local_ingested,accuracy_only,NO_TARGET_DATE_GRAIN|NO_FORECAST_FACT_TABLE|SHINY_NOT_CONNECTED,"Multiple forecast versions are retained, so cross version accuracy comparison is available.","hdd_edb / EDB at forest grain, key DEUP281, forecast version 2026-05-01 03:35:00: average MAPE 0.7975, average accuracy 99.2025, across 32 evaluation windows from 2026-05-01 to 2026-06-09.",observed accuracy|observed bias|evaluation window coverage|source identity,cross metric raw aggregation|invented scenario values,VERIFIED_LOCAL,forecast_substrateBE_hdd_forest_metrics,hdd_forest_metrics.csv
hdd_edb,hdd_edb,EDB,not_applicable,not_applicable,forest,CANP288,2026-05-01 03:35:00,UNKNOWN,pending_d5,local_ingested,accuracy_only,NO_TARGET_DATE_GRAIN|NO_FORECAST_FACT_TABLE|SHINY_NOT_CONNECTED,"Multiple forecast versions are retained, so cross version accuracy comparison is available.","hdd_edb / EDB at forest grain, key CANP288, forecast version 2026-05-01 03:35:00: average MAPE 3.483437, average accuracy 96.516563, across 32 evaluation windows from 2026-05-01 to 2026-06-09.",observed accuracy|observed bias|evaluation window coverage|source identity,cross metric raw aggregation|invented scenario values,VERIFIED_LOCAL,forecast_substrateBE_hdd_forest_metrics,hdd_forest_metrics.csv
hdd_edb,hdd_edb,EDB,not_applicable,not_applicable,forest,NAMPRD09,2026-04-16 07:50:38,UNKNOWN,pending_d5,local_ingested,accuracy_only,NO_TARGET_DATE_GRAIN|NO_FORECAST_FACT_TABLE|SHINY_NOT_CONNECTED,"Multiple forecast versions are retained, so cross version accuracy comparison is available.","hdd_edb / EDB at forest grain, key NAMPRD09, forecast version 2026-04-16 07:50:38: average MAPE 0.104375, average accuracy 99.895625, across 16 evaluation windows from 2026-04-16 to 2026-05-06.",observed accuracy|observed bias|evaluation window coverage|source identity,cross metric raw aggregation|invented scenario values,VERIFIED_LOCAL,forecast_substrateBE_hdd_forest_metrics,hdd_forest_metrics.csv
hdd_edb,hdd_edb,EDB,not_applicable,not_applicable,forest,JPNP286,2026-05-01 03:35:00,UNKNOWN,pending_d5,local_ingested,accuracy_only,NO_TARGET_DATE_GRAIN|NO_FORECAST_FACT_TABLE|SHINY_NOT_CONNECTED,"Multiple forecast versions are retained, so cross version accuracy comparison is available.","hdd_edb / EDB at forest grain, key JPNP286, forecast version 2026-05-01 03:35:00: average MAPE 0.2475, average accuracy 99.7525, across 32 evaluation windows from 2026-05-01 to 2026-06-09.",observed accuracy|observed bias|evaluation window coverage|source identity,cross metric raw aggregation|invented scenario values,VERIFIED_LOCAL,forecast_substrateBE_hdd_forest_metrics,hdd_forest_metrics.csv
hdd_edb,hdd_edb,EDB,not_applicable,not_applicable,forest,EURP178,2026-04-16 07:50:38,UNKNOWN,pending_d5,local_ingested,accuracy_only,NO_TARGET_DATE_GRAIN|NO_FORECAST_FACT_TABLE|SHINY_NOT_CONNECTED,"Multiple forecast versions are retained, so cross version accuracy comparison is available.","hdd_edb / EDB at forest grain, key EURP178, forecast version 2026-04-16 07:50:38: average MAPE 0.300625, average accuracy 99.699375, across 16 evaluation windows from 2026-04-16 to 2026-05-06.",observed accuracy|observed bias|evaluation window coverage|source identity,cross metric raw aggregation|invented scenario values,VERIFIED_LOCAL,forecast_substrateBE_hdd_forest_metrics,hdd_forest_metrics.csv
hdd_edb,hdd_edb,EDB,not_applicable,not_applicable,forest,NAMP133,2026-05-01 03:35:00,UNKNOWN,pending_d5,local_ingested,accuracy_only,NO_TARGET_DATE_GRAIN|NO_FORECAST_FACT_TABLE|SHINY_NOT_CONNECTED,"Multiple forecast versions are retained, so cross version accuracy comparison is available.","hdd_edb / EDB at forest grain, key NAMP133, forecast version 2026-05-01 03:35:00: average MAPE 1.460938, average accuracy 98.539062, across 32 evaluation windows from 2026-05-01 to 2026-06-09.",observed accuracy|observed bias|evaluation window coverage|source identity,cross metric raw aggregation|invented scenario values,VERIFIED_LOCAL,forecast_substrateBE_hdd_forest_metrics,hdd_forest_metrics.csv
hdd_edb,hdd_edb,EDB,not_applicable,not_applicable,forest,APCPRD02,2026-04-06 19:49:02,UNKNOWN,pending_d5,local_ingested,accuracy_only,NO_TARGET_DATE_GRAIN|NO_FORECAST_FACT_TABLE|SHINY_NOT_CONNECTED,"Multiple forecast versions are retained, so cross version accuracy comparison is available.","hdd_edb / EDB at forest grain, key APCPRD02, forecast version 2026-04-06 19:49:02: average MAPE 0.977778, average accuracy 99.022222, across 9 evaluation windows from 2026-04-07 to 2026-04-21.",observed accuracy|observed bias|evaluation window coverage|source identity,cross metric raw aggregation|invented scenario values,VERIFIED_LOCAL,forecast_substrateBE_hdd_forest_metrics,hdd_forest_metrics.csv
hdd_edb,hdd_edb,EDB,not_applicable,not_applicable,forest,NAMPRD05,2026-04-16 07:50:38,UNKNOWN,pending_d5,local_ingested,accuracy_only,NO_TARGET_DATE_GRAIN|NO_FORECAST_FACT_TABLE|SHINY_NOT_CONNECTED,"Multiple forecast versions are retained, so cross version accuracy comparison is available.","hdd_edb / EDB at forest grain, key NAMPRD05, forecast version 2026-04-16 07:50:38: average MAPE 14.946875, average accuracy 85.053125, across 16 evaluation windows from 2026-04-16 to 2026-05-06.",observed accuracy|observed bias|evaluation window coverage|source identity,cross metric raw aggregation|invented scenario values,VERIFIED_LOCAL,forecast_substrateBE_hdd_forest_metrics,hdd_forest_metrics.csv
hdd_edb,hdd_edb,EDB,not_applicable,not_applicable,forest,NAMP197,2026-04-16 07:50:38,UNKNOWN,pending_d5,local_ingested,accuracy_only,NO_TARGET_DATE_GRAIN|NO_FORECAST_FACT_TABLE|SHINY_NOT_CONNECTED,"Multiple forecast versions are retained, so cross version accuracy comparison is available.","hdd_edb / EDB at forest grain, key NAMP197, forecast version 2026-04-16 07:50:38: average MAPE 1.545, average accuracy 98.455, across 16 evaluation windows from 2026-04-16 to 2026-05-06.",observed accuracy|observed bias|evaluation window coverage|source identity,cross metric raw aggregation|invented scenario values,VERIFIED_LOCAL,forecast_substrateBE_hdd_forest_metrics,hdd_forest_metrics.csv
hdd_edb,hdd_edb,EDB,not_applicable,not_applicable,forest,CHLP298,2026-05-01 03:35:00,UNKNOWN,pending_d5,local_ingested,accuracy_only,NO_TARGET_DATE_GRAIN|NO_FORECAST_FACT_TABLE|SHINY_NOT_CONNECTED,"Multiple forecast versions are retained, so cross version accuracy comparison is available.","hdd_edb / EDB at forest grain, key CHLP298, forecast version 2026-05-01 03:35:00: average MAPE 1.5225, average accuracy 98.4775, across 32 evaluation windows from 2026-05-01 to 2026-06-09.",observed accuracy|observed bias|evaluation window coverage|source identity,cross metric raw aggregation|invented scenario values,VERIFIED_LOCAL,forecast_substrateBE_hdd_forest_metrics,hdd_forest_metrics.csv
hdd_edb,hdd_edb,EDB,not_applicable,not_applicable,forest,NAMP173,2026-05-01 03:35:00,UNKNOWN,pending_d5,local_ingested,accuracy_only,NO_TARGET_DATE_GRAIN|NO_FORECAST_FACT_TABLE|SHINY_NOT_CONNECTED,"Multiple forecast versions are retained, so cross version accuracy comparison is available.","hdd_edb / EDB at forest grain, key NAMP173, forecast version 2026-05-01 03:35:00: average MAPE 1052.4225, average accuracy 0.0, across 32 evaluation windows from 2026-05-01 to 2026-06-09.",observed accuracy|observed bias|evaluation window coverage|source identity,cross metric raw aggregation|invented scenario values,VERIFIED_LOCAL,forecast_substrateBE_hdd_forest_metrics,hdd_forest_metrics.csv
hdd_edb,hdd_edb,EDB,not_applicable,not_applicable,forest,NAMP163,2026-05-01 03:35:00,UNKNOWN,pending_d5,local_ingested,accuracy_only,NO_TARGET_DATE_GRAIN|NO_FORECAST_FACT_TABLE|SHINY_NOT_CONNECTED,"Multiple forecast versions are retained, so cross version accuracy comparison is available.","hdd_edb / EDB at forest grain, key NAMP163, forecast version 2026-05-01 03:35:00: average MAPE 0.433437, average accuracy 99.566563, across 32 evaluation windows from 2026-05-01 to 2026-06-09.",observed accuracy|observed bias|evaluation window coverage|source identity,cross metric raw aggregation|invented scenario values,VERIFIED_LOCAL,forecast_substrateBE_hdd_forest_metrics,hdd_forest_metrics.csv
hdd_edb,hdd_edb,EDB,not_applicable,not_applicable,forest,NAMPRD09,2026-05-01 03:35:00,UNKNOWN,pending_d5,local_ingested,accuracy_only,NO_TARGET_DATE_GRAIN|NO_FORECAST_FACT_TABLE|SHINY_NOT_CONNECTED,"Multiple forecast versions are retained, so cross version accuracy comparison is available.","hdd_edb / EDB at forest grain, key NAMPRD09, forecast version 2026-05-01 03:35:00: average MAPE 0.1525, average accuracy 99.8475, across 32 evaluation windows from 2026-05-01 to 2026-06-09.",observed accuracy|observed bias|evaluation window coverage|source identity,cross metric raw aggregation|invented scenario values,VERIFIED_LOCAL,forecast_substrateBE_hdd_forest_metrics,hdd_forest_metrics.csv
hdd_edb,hdd_edb,EDB,not_applicable,not_applicable,forest,EURPRD06,2026-05-01 03:35:00,UNKNOWN,pending_d5,local_ingested,accuracy_only,NO_TARGET_DATE_GRAIN|NO_FORECAST_FACT_TABLE|SHINY_NOT_CONNECTED,"Multiple forecast versions are retained, so cross version accuracy comparison is available.","hdd_edb / EDB at forest grain, key EURPRD06, forecast version 2026-05-01 03:35:00: average MAPE 0.7225, average accuracy 99.2775, across 32 evaluation windows from 2026-05-01 to 2026-06-09.",observed accuracy|observed bias|evaluation window coverage|source identity,cross metric raw aggregation|invented scenario values,VERIFIED_LOCAL,forecast_substrateBE_hdd_forest_metrics,hdd_forest_metrics.csv
hdd_edb,hdd_edb,EDB,not_applicable,not_applicable,forest,NAMPRD84,2026-05-01 03:35:00,UNKNOWN,pending_d5,local_ingested,accuracy_only,NO_TARGET_DATE_GRAIN|NO_FORECAST_FACT_TABLE|SHINY_NOT_CONNECTED,"Multiple forecast versions are retained, so cross version accuracy comparison is available.","hdd_edb / EDB at forest grain, key NAMPRD84, forecast version 2026-05-01 03:35:00: average MAPE 67.220313, average accuracy 32.779688, across 32 evaluation windows from 2026-05-01 to 2026-06-09.",observed accuracy|observed bias|evaluation window coverage|source identity,cross metric raw aggregation|invented scenario values,VERIFIED_LOCAL,forecast_substrateBE_hdd_forest_metrics,hdd_forest_metrics.csv
hdd_edb,hdd_edb,EDB,not_applicable,not_applicable,forest,NAMP166,2026-04-16 07:50:38,UNKNOWN,pending_d5,local_ingested,accuracy_only,NO_TARGET_DATE_GRAIN|NO_FORECAST_FACT_TABLE|SHINY_NOT_CONNECTED,"Multiple forecast versions are retained, so cross version accuracy comparison is available.","hdd_edb / EDB at forest grain, key NAMP166, forecast version 2026-04-16 07:50:38: average MAPE 0.1675, average accuracy 99.8325, across 16 evaluation windows from 2026-04-16 to 2026-05-06.",observed accuracy|observed bias|evaluation window coverage|source identity,cross metric raw aggregation|invented scenario values,VERIFIED_LOCAL,forecast_substrateBE_hdd_forest_metrics,hdd_forest_metrics.csv
hdd_edb,hdd_edb,EDB,not_applicable,not_applicable,forest,NAMP154,2026-05-01 03:35:00,UNKNOWN,pending_d5,local_ingested,accuracy_only,NO_TARGET_DATE_GRAIN|NO_FORECAST_FACT_TABLE|SHINY_NOT_CONNECTED,"Multiple forecast versions are retained, so cross version accuracy comparison is available.","hdd_edb / EDB at forest grain, key NAMP154, forecast version 2026-05-01 03:35:00: average MAPE 0.548125, average accuracy 99.451875, across 32 evaluation windows from 2026-05-01 to 2026-06-09.",observed accuracy|observed bias|evaluation window coverage|source identity,cross metric raw aggregation|invented scenario values,VERIFIED_LOCAL,forecast_substrateBE_hdd_forest_metrics,hdd_forest_metrics.csv
hdd_edb,hdd_edb,EDB,not_applicable,not_applicable,forest,NAMPRD20,2026-05-01 03:35:00,UNKNOWN,pending_d5,local_ingested,accuracy_only,NO_TARGET_DATE_GRAIN|NO_FORECAST_FACT_TABLE|SHINY_NOT_CONNECTED,"Multiple forecast versions are retained, so cross version accuracy comparison is available.","hdd_edb / EDB at forest grain, key NAMPRD20, forecast version 2026-05-01 03:35:00: average MAPE 18.305312, average accuracy 81.694688, across 32 evaluation windows from 2026-05-01 to 2026-06-09.",observed accuracy|observed bias|evaluation window coverage|source identity,cross metric raw aggregation|invented scenario values,VERIFIED_LOCAL,forecast_substrateBE_hdd_forest_metrics,hdd_forest_metrics.csv
hdd_edb,hdd_edb,EDB,not_applicable,not_applicable,forest,ESPP292,2026-05-01 03:35:00,UNKNOWN,pending_d5,local_ingested,accuracy_only,NO_TARGET_DATE_GRAIN|NO_FORECAST_FACT_TABLE|SHINY_NOT_CONNECTED,"Multiple forecast versions are retained, so cross version accuracy comparison is available.","hdd_edb / EDB at forest grain, key ESPP292, forecast version 2026-05-01 03:35:00: average MAPE 152.85875, average accuracy 0.0, across 32 evaluation windows from 2026-05-01 to 2026-06-09.",observed accuracy|observed bias|evaluation window coverage|source identity,cross metric raw aggregation|invented scenario values,VERIFIED_LOCAL,forecast_substrateBE_hdd_forest_metrics,hdd_forest_metrics.csv
hdd_edb,hdd_edb,EDB,not_applicable,not_applicable,forest,EURP193,2026-05-01 03:35:00,UNKNOWN,pending_d5,local_ingested,accuracy_only,NO_TARGET_DATE_GRAIN|NO_FORECAST_FACT_TABLE|SHINY_NOT_CONNECTED,"Multiple forecast versions are retained, so cross version accuracy comparison is available.","hdd_edb / EDB at forest grain, key EURP193, forecast version 2026-05-01 03:35:00: average MAPE 40.21625, average accuracy 59.78375, across 32 evaluation windows from 2026-05-01 to 2026-06-09.",observed accuracy|observed bias|evaluation window coverage|source identity,cross metric raw aggregation|invented scenario values,VERIFIED_LOCAL,forecast_substrateBE_hdd_forest_metrics,hdd_forest_metrics.csv
hdd_edb,hdd_edb,EDB,not_applicable,not_applicable,forest,GBRP265,2026-04-16 07:50:38,UNKNOWN,pending_d5,local_ingested,accuracy_only,NO_TARGET_DATE_GRAIN|NO_FORECAST_FACT_TABLE|SHINY_NOT_CONNECTED,"Multiple forecast versions are retained, so cross version accuracy comparison is available.","hdd_edb / EDB at forest grain, key GBRP265, forecast version 2026-04-16 07:50:38: average MAPE 0.811875, average accuracy 99.188125, across 16 evaluation windows from 2026-04-16 to 2026-05-06.",observed accuracy|observed bias|evaluation window coverage|source identity,cross metric raw aggregation|invented scenario values,VERIFIED_LOCAL,forecast_substrateBE_hdd_forest_metrics,hdd_forest_metrics.csv
hdd_edb,hdd_edb,EDB,not_applicable,not_applicable,forest,NAMPRD05,2026-05-01 03:35:00,UNKNOWN,pending_d5,local_ingested,accuracy_only,NO_TARGET_DATE_GRAIN|NO_FORECAST_FACT_TABLE|SHINY_NOT_CONNECTED,"Multiple forecast versions are retained, so cross version accuracy comparison is available.","hdd_edb / EDB at forest grain, key NAMPRD05, forecast version 2026-05-01 03:35:00: average MAPE 13.410312, average accuracy 86.589687, across 32 evaluation windows from 2026-05-01 to 2026-06-09.",observed accuracy|observed bias|evaluation window coverage|source identity,cross metric raw aggregation|invented scenario values,VERIFIED_LOCAL,forecast_substrateBE_hdd_forest_metrics,hdd_forest_metrics.csv
hdd_edb,hdd_edb,EDB,not_applicable,not_applicable,forest,APCPRD06,2026-05-01 03:35:00,UNKNOWN,pending_d5,local_ingested,accuracy_only,NO_TARGET_DATE_GRAIN|NO_FORECAST_FACT_TABLE|SHINY_NOT_CONNECTED,"Multiple forecast versions are retained, so cross version accuracy comparison is available.","hdd_edb / EDB at forest grain, key APCPRD06, forecast version 2026-05-01 03:35:00: average MAPE 0.651875, average accuracy 99.348125, across 32 evaluation windows from 2026-05-01 to 2026-06-09.",observed accuracy|observed bias|evaluation window coverage|source identity,cross metric raw aggregation|invented scenario values,VERIFIED_LOCAL,forecast_substrateBE_hdd_forest_metrics,hdd_forest_metrics.csv
hdd_edb,hdd_edb,EDB,not_applicable,not_applicable,forest,AUTP296,2026-05-01 03:35:00,UNKNOWN,pending_d5,local_ingested,accuracy_only,NO_TARGET_DATE_GRAIN|NO_FORECAST_FACT_TABLE|SHINY_NOT_CONNECTED,"Multiple forecast versions are retained, so cross version accuracy comparison is available.","hdd_edb / EDB at forest grain, key AUTP296, forecast version 2026-05-01 03:35:00: average MAPE 13.305, average accuracy 86.695, across 32 evaluation windows from 2026-05-01 to 2026-06-09.",observed accuracy|observed bias|evaluation window coverage|source identity,cross metric raw aggregation|invented scenario values,VERIFIED_LOCAL,forecast_substrateBE_hdd_forest_metrics,hdd_forest_metrics.csv
hdd_edb,hdd_edb,EDB,not_applicable,not_applicable,forest,ZAFP275,2026-04-16 07:50:38,UNKNOWN,pending_d5,local_ingested,accuracy_only,NO_TARGET_DATE_GRAIN|NO_FORECAST_FACT_TABLE|SHINY_NOT_CONNECTED,"Multiple forecast versions are retained, so cross version accuracy comparison is available.","hdd_edb / EDB at forest grain, key ZAFP275, forecast version 2026-04-16 07:50:38: average MAPE 0.430625, average accuracy 99.569375, across 16 evaluation windows from 2026-04-16 to 2026-05-06.",observed accuracy|observed bias|evaluation window coverage|source identity,cross metric raw aggregation|invented scenario values,VERIFIED_LOCAL,forecast_substrateBE_hdd_forest_metrics,hdd_forest_metrics.csv
hdd_edb,hdd_edb,EDB,not_applicable,not_applicable,forest,NAMP222,2026-04-16 07:50:38,UNKNOWN,pending_d5,local_ingested,accuracy_only,NO_TARGET_DATE_GRAIN|NO_FORECAST_FACT_TABLE|SHINY_NOT_CONNECTED,"Multiple forecast versions are retained, so cross version accuracy comparison is available.","hdd_edb / EDB at forest grain, key NAMP222, forecast version 2026-04-16 07:50:38: average MAPE 7.72625, average accuracy 92.27375, across 16 evaluation windows from 2026-04-16 to 2026-05-06.",observed accuracy|observed bias|evaluation window coverage|source identity,cross metric raw aggregation|invented scenario values,VERIFIED_LOCAL,forecast_substrateBE_hdd_forest_metrics,hdd_forest_metrics.csv
hdd_edb,hdd_edb,EDB,not_applicable,not_applicable,forest,MYSP306,2026-05-01 03:35:00,UNKNOWN,pending_d5,local_ingested,accuracy_only,NO_TARGET_DATE_GRAIN|NO_FORECAST_FACT_TABLE|SHINY_NOT_CONNECTED,"Multiple forecast versions are retained, so cross version accuracy comparison is available.","hdd_edb / EDB at forest grain, key MYSP306, forecast version 2026-05-01 03:35:00: average MAPE 1.9425, average accuracy 98.0575, across 32 evaluation windows from 2026-05-01 to 2026-06-09.",observed accuracy|observed bias|evaluation window coverage|source identity,cross metric raw aggregation|invented scenario values,VERIFIED_LOCAL,forecast_substrateBE_hdd_forest_metrics,hdd_forest_metrics.csv
hdd_edb,hdd_edb,EDB,not_applicable,not_applicable,forest,EURPRD02,2026-05-01 03:35:00,UNKNOWN,pending_d5,local_ingested,accuracy_only,NO_TARGET_DATE_GRAIN|NO_FORECAST_FACT_TABLE|SHINY_NOT_CONNECTED,"Multiple forecast versions are retained, so cross version accuracy comparison is available.","hdd_edb / EDB at forest grain, key EURPRD02, forecast version 2026-05-01 03:35:00: average MAPE 12.675625, average accuracy 87.324375, across 32 evaluation windows from 2026-05-01 to 2026-06-09.",observed accuracy|observed bias|evaluation window coverage|source identity,cross metric raw aggregation|invented scenario values,VERIFIED_LOCAL,forecast_substrateBE_hdd_forest_metrics,hdd_forest_metrics.csv
hdd_edb,hdd_edb,EDB,not_applicable,not_applicable,forest,NAMP158,2026-05-01 03:35:00,UNKNOWN,pending_d5,local_ingested,accuracy_only,NO_TARGET_DATE_GRAIN|NO_FORECAST_FACT_TABLE|SHINY_NOT_CONNECTED,"Multiple forecast versions are retained, so cross version accuracy comparison is available.","hdd_edb / EDB at forest grain, key NAMP158, forecast version 2026-05-01 03:35:00: average MAPE 0.890938, average accuracy 99.109062, across 32 evaluation windows from 2026-05-01 to 2026-06-09.",observed accuracy|observed bias|evaluation window coverage|source identity,cross metric raw aggregation|invented scenario values,VERIFIED_LOCAL,forecast_substrateBE_hdd_forest_metrics,hdd_forest_metrics.csv
hdd_edb,hdd_edb,EDB,not_applicable,not_applicable,forest,EURP189,2026-04-16 07:50:38,UNKNOWN,pending_d5,local_ingested,accuracy_only,NO_TARGET_DATE_GRAIN|NO_FORECAST_FACT_TABLE|SHINY_NOT_CONNECTED,"Multiple forecast versions are retained, so cross version accuracy comparison is available.","hdd_edb / EDB at forest grain, key EURP189, forecast version 2026-04-16 07:50:38: average MAPE 58.7975, average accuracy 41.2025, across 16 evaluation windows from 2026-04-16 to 2026-05-06.",observed accuracy|observed bias|evaluation window coverage|source identity,cross metric raw aggregation|invented scenario values,VERIFIED_LOCAL,forecast_substrateBE_hdd_forest_metrics,hdd_forest_metrics.csv
hdd_edb,hdd_edb,EDB,not_applicable,not_applicable,forest,APCPRD02,2026-05-01 03:35:00,UNKNOWN,pending_d5,local_ingested,accuracy_only,NO_TARGET_DATE_GRAIN|NO_FORECAST_FACT_TABLE|SHINY_NOT_CONNECTED,"Multiple forecast versions are retained, so cross version accuracy comparison is available.","hdd_edb / EDB at forest grain, key APCPRD02, forecast version 2026-05-01 03:35:00: average MAPE 0.668438, average accuracy 99.331563, across 32 evaluation windows from 2026-05-01 to 2026-06-09.",observed accuracy|observed bias|evaluation window coverage|source identity,cross metric raw aggregation|invented scenario values,VERIFIED_LOCAL,forecast_substrateBE_hdd_forest_metrics,hdd_forest_metrics.csv
hdd_edb,hdd_edb,EDB,not_applicable,not_applicable,forest,NAMPRD01,2026-05-01 03:35:00,UNKNOWN,pending_d5,local_ingested,accuracy_only,NO_TARGET_DATE_GRAIN|NO_FORECAST_FACT_TABLE|SHINY_NOT_CONNECTED,"Multiple forecast versions are retained, so cross version accuracy comparison is available.","hdd_edb / EDB at forest grain, key NAMPRD01, forecast version 2026-05-01 03:35:00: average MAPE 9.519687, average accuracy 90.480312, across 32 evaluation windows from 2026-05-01 to 2026-06-09.",observed accuracy|observed bias|evaluation window coverage|source identity,cross metric raw aggregation|invented scenario values,VERIFIED_LOCAL,forecast_substrateBE_hdd_forest_metrics,hdd_forest_metrics.csv
hdd_edb,hdd_edb,EDB,not_applicable,not_applicable,forest,APCPRD03,2026-04-06 19:49:02,UNKNOWN,pending_d5,local_ingested,accuracy_only,NO_TARGET_DATE_GRAIN|NO_FORECAST_FACT_TABLE|SHINY_NOT_CONNECTED,"Multiple forecast versions are retained, so cross version accuracy comparison is available.","hdd_edb / EDB at forest grain, key APCPRD03, forecast version 2026-04-06 19:49:02: average MAPE 0.366667, average accuracy 99.633333, across 9 evaluation windows from 2026-04-07 to 2026-04-21.",observed accuracy|observed bias|evaluation window coverage|source identity,cross metric raw aggregation|invented scenario values,VERIFIED_LOCAL,forecast_substrateBE_hdd_forest_metrics,hdd_forest_metrics.csv
hdd_edb,hdd_edb,EDB,not_applicable,not_applicable,forest,APCPRD03,2026-04-16 07:50:38,UNKNOWN,pending_d5,local_ingested,accuracy_only,NO_TARGET_DATE_GRAIN|NO_FORECAST_FACT_TABLE|SHINY_NOT_CONNECTED,"Multiple forecast versions are retained, so cross version accuracy comparison is available.","hdd_edb / EDB at forest grain, key APCPRD03, forecast version 2026-04-16 07:50:38: average MAPE 0.823125, average accuracy 99.176875, across 16 evaluation windows from 2026-04-16 to 2026-05-06.",observed accuracy|observed bias|evaluation window coverage|source identity,cross metric raw aggregation|invented scenario values,VERIFIED_LOCAL,forecast_substrateBE_hdd_forest_metrics,hdd_forest_metrics.csv
hdd_edb,hdd_edb,EDB,not_applicable,not_applicable,forest,NAMPRD19,2026-04-16 07:50:38,UNKNOWN,pending_d5,local_ingested,accuracy_only,NO_TARGET_DATE_GRAIN|NO_FORECAST_FACT_TABLE|SHINY_NOT_CONNECTED,"Multiple forecast versions are retained, so cross version accuracy comparison is available.","hdd_edb / EDB at forest grain, key NAMPRD19, forecast version 2026-04-16 07:50:38: average MAPE 19.124375, average accuracy 80.875625, across 16 evaluation windows from 2026-04-16 to 2026-05-06.",observed accuracy|observed bias|evaluation window coverage|source identity,cross metric raw aggregation|invented scenario values,VERIFIED_LOCAL,forecast_substrateBE_hdd_forest_metrics,hdd_forest_metrics.csv
hdd_edb,hdd_edb,EDB,not_applicable,not_applicable,forest,EURPRD05,2026-05-01 03:35:00,UNKNOWN,pending_d5,local_ingested,accuracy_only,NO_TARGET_DATE_GRAIN|NO_FORECAST_FACT_TABLE|SHINY_NOT_CONNECTED,"Multiple forecast versions are retained, so cross version accuracy comparison is available.","hdd_edb / EDB at forest grain, key EURPRD05, forecast version 2026-05-01 03:35:00: average MAPE 9.94875, average accuracy 90.05125, across 32 evaluation windows from 2026-05-01 to 2026-06-09.",observed accuracy|observed bias|evaluation window coverage|source identity,cross metric raw aggregation|invented scenario values,VERIFIED_LOCAL,forecast_substrateBE_hdd_forest_metrics,hdd_forest_metrics.csv
hdd_edb,hdd_edb,EDB,not_applicable,not_applicable,forest,NAMP104,2026-05-01 03:35:00,UNKNOWN,pending_d5,local_ingested,accuracy_only,NO_TARGET_DATE_GRAIN|NO_FORECAST_FACT_TABLE|SHINY_NOT_CONNECTED,"Multiple forecast versions are retained, so cross version accuracy comparison is available.","hdd_edb / EDB at forest grain, key NAMP104, forecast version 2026-05-01 03:35:00: average MAPE 1.69875, average accuracy 98.30125, across 32 evaluation windows from 2026-05-01 to 2026-06-09.",observed accuracy|observed bias|evaluation window coverage|source identity,cross metric raw aggregation|invented scenario values,VERIFIED_LOCAL,forecast_substrateBE_hdd_forest_metrics,hdd_forest_metrics.csv
hdd_edb,hdd_edb,EDB,not_applicable,not_applicable,forest,LAMP215,2026-05-01 03:35:00,UNKNOWN,pending_d5,local_ingested,accuracy_only,NO_TARGET_DATE_GRAIN|NO_FORECAST_FACT_TABLE|SHINY_NOT_CONNECTED,"Multiple forecast versions are retained, so cross version accuracy comparison is available.","hdd_edb / EDB at forest grain, key LAMP215, forecast version 2026-05-01 03:35:00: average MAPE 0.247812, average accuracy 99.752188, across 32 evaluation windows from 2026-05-01 to 2026-06-09.",observed accuracy|observed bias|evaluation window coverage|source identity,cross metric raw aggregation|invented scenario values,VERIFIED_LOCAL,forecast_substrateBE_hdd_forest_metrics,hdd_forest_metrics.csv
hdd_edb,hdd_edb,EDB,not_applicable,not_applicable,forest,EURP137,2026-05-01 03:35:00,UNKNOWN,pending_d5,local_ingested,accuracy_only,NO_TARGET_DATE_GRAIN|NO_FORECAST_FACT_TABLE|SHINY_NOT_CONNECTED,"Multiple forecast versions are retained, so cross version accuracy comparison is available.","hdd_edb / EDB at forest grain, key EURP137, forecast version 2026-05-01 03:35:00: average MAPE 340.947187, average accuracy 0.0, across 32 evaluation windows from 2026-05-01 to 2026-06-09.",observed accuracy|observed bias|evaluation window coverage|source identity,cross metric raw aggregation|invented scenario values,VERIFIED_LOCAL,forecast_substrateBE_hdd_forest_metrics,hdd_forest_metrics.csv
hdd_edb,hdd_edb,EDB,not_applicable,not_applicable,forest,EURP177,2026-05-01 03:35:00,UNKNOWN,pending_d5,local_ingested,accuracy_only,NO_TARGET_DATE_GRAIN|NO_FORECAST_FACT_TABLE|SHINY_NOT_CONNECTED,"Multiple forecast versions are retained, so cross version accuracy comparison is available.","hdd_edb / EDB at forest grain, key EURP177, forecast version 2026-05-01 03:35:00: average MAPE 329.730625, average accuracy 0.0, across 32 evaluation windows from 2026-05-01 to 2026-06-09.",observed accuracy|observed bias|evaluation window coverage|source identity,cross metric raw aggregation|invented scenario values,VERIFIED_LOCAL,forecast_substrateBE_hdd_forest_metrics,hdd_forest_metrics.csv
hdd_edb,hdd_edb,EDB,not_applicable,not_applicable,forest,EURPRD83,2026-05-01 03:35:00,UNKNOWN,pending_d5,local_ingested,accuracy_only,NO_TARGET_DATE_GRAIN|NO_FORECAST_FACT_TABLE|SHINY_NOT_CONNECTED,"Multiple forecast versions are retained, so cross version accuracy comparison is available.","hdd_edb / EDB at forest grain, key EURPRD83, forecast version 2026-05-01 03:35:00: average MAPE 10.634375, average accuracy 89.365625, across 32 evaluation windows from 2026-05-01 to 2026-06-09.",observed accuracy|observed bias|evaluation window coverage|source identity,cross metric raw aggregation|invented scenario values,VERIFIED_LOCAL,forecast_substrateBE_hdd_forest_metrics,hdd_forest_metrics.csv
hdd_edb,hdd_edb,EDB,not_applicable,not_applicable,forest,EURP120,2026-05-01 03:35:00,UNKNOWN,pending_d5,local_ingested,accuracy_only,NO_TARGET_DATE_GRAIN|NO_FORECAST_FACT_TABLE|SHINY_NOT_CONNECTED,"Multiple forecast versions are retained, so cross version accuracy comparison is available.","hdd_edb / EDB at forest grain, key EURP120, forecast version 2026-05-01 03:35:00: average MAPE 0.1275, average accuracy 99.8725, across 32 evaluation windows from 2026-05-01 to 2026-06-09.",observed accuracy|observed bias|evaluation window coverage|source identity,cross metric raw aggregation|invented scenario values,VERIFIED_LOCAL,forecast_substrateBE_hdd_forest_metrics,hdd_forest_metrics.csv
hdd_edb,hdd_edb,EDB,not_applicable,not_applicable,forest,NAMP283,2026-04-16 07:50:38,UNKNOWN,pending_d5,local_ingested,accuracy_only,NO_TARGET_DATE_GRAIN|NO_FORECAST_FACT_TABLE|SHINY_NOT_CONNECTED,"Multiple forecast versions are retained, so cross version accuracy comparison is available.","hdd_edb / EDB at forest grain, key NAMP283, forecast version 2026-04-16 07:50:38: average MAPE 1.831875, average accuracy 98.168125, across 16 evaluation windows from 2026-04-16 to 2026-05-06.",observed accuracy|observed bias|evaluation window coverage|source identity,cross metric raw aggregation|invented scenario values,VERIFIED_LOCAL,forecast_substrateBE_hdd_forest_metrics,hdd_forest_metrics.csv
hdd_edb,hdd_edb,EDB,not_applicable,not_applicable,forest,NAMPRD13,2026-05-01 03:35:00,UNKNOWN,pending_d5,local_ingested,accuracy_only,NO_TARGET_DATE_GRAIN|NO_FORECAST_FACT_TABLE|SHINY_NOT_CONNECTED,"Multiple forecast versions are retained, so cross version accuracy comparison is available.","hdd_edb / EDB at forest grain, key NAMPRD13, forecast version 2026-05-01 03:35:00: average MAPE 4.312812, average accuracy 95.687188, across 32 evaluation windows from 2026-05-01 to 2026-06-09.",observed accuracy|observed bias|evaluation window coverage|source identity,cross metric raw aggregation|invented scenario values,VERIFIED_LOCAL,forecast_substrateBE_hdd_forest_metrics,hdd_forest_metrics.csv
hdd_edb,hdd_edb,EDB,not_applicable,not_applicable,forest,NAMP169,2026-05-01 03:35:00,UNKNOWN,pending_d5,local_ingested,accuracy_only,NO_TARGET_DATE_GRAIN|NO_FORECAST_FACT_TABLE|SHINY_NOT_CONNECTED,"Multiple forecast versions are retained, so cross version accuracy comparison is available.","hdd_edb / EDB at forest grain, key NAMP169, forecast version 2026-05-01 03:35:00: average MAPE 1.88875, average accuracy 98.11125, across 32 evaluation windows from 2026-05-01 to 2026-06-09.",observed accuracy|observed bias|evaluation window coverage|source identity,cross metric raw aggregation|invented scenario values,VERIFIED_LOCAL,forecast_substrateBE_hdd_forest_metrics,hdd_forest_metrics.csv
hdd_edb,hdd_edb,EDB,not_applicable,not_applicable,forest,NAMPRD04,2026-05-01 03:35:00,UNKNOWN,pending_d5,local_ingested,accuracy_only,NO_TARGET_DATE_GRAIN|NO_FORECAST_FACT_TABLE|SHINY_NOT_CONNECTED,"Multiple forecast versions are retained, so cross version accuracy comparison is available.","hdd_edb / EDB at forest grain, key NAMPRD04, forecast version 2026-05-01 03:35:00: average MAPE 11.505625, average accuracy 88.494375, across 32 evaluation windows from 2026-05-01 to 2026-06-09.",observed accuracy|observed bias|evaluation window coverage|source identity,cross metric raw aggregation|invented scenario values,VERIFIED_LOCAL,forecast_substrateBE_hdd_forest_metrics,hdd_forest_metrics.csv
hdd_edb,hdd_edb,EDB,not_applicable,not_applicable,forest,NAMP108,2026-05-01 03:35:00,UNKNOWN,pending_d5,local_ingested,accuracy_only,NO_TARGET_DATE_GRAIN|NO_FORECAST_FACT_TABLE|SHINY_NOT_CONNECTED,"Multiple forecast versions are retained, so cross version accuracy comparison is available.","hdd_edb / EDB at forest grain, key NAMP108, forecast version 2026-05-01 03:35:00: average MAPE 0.864688, average accuracy 99.135312, across 32 evaluation windows from 2026-05-01 to 2026-06-09.",observed accuracy|observed bias|evaluation window coverage|source identity,cross metric raw aggregation|invented scenario values,VERIFIED_LOCAL,forecast_substrateBE_hdd_forest_metrics,hdd_forest_metrics.csv
hdd_edb,hdd_edb,EDB,not_applicable,not_applicable,forest,AUSP300,2026-05-01 03:35:00,UNKNOWN,pending_d5,local_ingested,accuracy_only,NO_TARGET_DATE_GRAIN|NO_FORECAST_FACT_TABLE|SHINY_NOT_CONNECTED,"Multiple forecast versions are retained, so cross version accuracy comparison is available.","hdd_edb / EDB at forest grain, key AUSP300, forecast version 2026-05-01 03:35:00: average MAPE 5.475313, average accuracy 94.524687, across 32 evaluation windows from 2026-05-01 to 2026-06-09.",observed accuracy|observed bias|evaluation window coverage|source identity,cross metric raw aggregation|invented scenario values,VERIFIED_LOCAL,forecast_substrateBE_hdd_forest_metrics,hdd_forest_metrics.csv
hdd_edb,hdd_edb,EDB,not_applicable,not_applicable,forest,EURP119,2026-05-01 03:35:00,UNKNOWN,pending_d5,local_ingested,accuracy_only,NO_TARGET_DATE_GRAIN|NO_FORECAST_FACT_TABLE|SHINY_NOT_CONNECTED,"Multiple forecast versions are retained, so cross version accuracy comparison is available.","hdd_edb / EDB at forest grain, key EURP119, forecast version 2026-05-01 03:35:00: average MAPE 0.297187, average accuracy 99.702812, across 32 evaluation windows from 2026-05-01 to 2026-06-09.",observed accuracy|observed bias|evaluation window coverage|source identity,cross metric raw aggregation|invented scenario values,VERIFIED_LOCAL,forecast_substrateBE_hdd_forest_metrics,hdd_forest_metrics.csv
hdd_edb,hdd_edb,EDB,not_applicable,not_applicable,forest,NAMP126,2026-05-01 03:35:00,UNKNOWN,pending_d5,local_ingested,accuracy_only,NO_TARGET_DATE_GRAIN|NO_FORECAST_FACT_TABLE|SHINY_NOT_CONNECTED,"Multiple forecast versions are retained, so cross version accuracy comparison is available.","hdd_edb / EDB at forest grain, key NAMP126, forecast version 2026-05-01 03:35:00: average MAPE 0.988125, average accuracy 99.011875, across 32 evaluation windows from 2026-05-01 to 2026-06-09.",observed accuracy|observed bias|evaluation window coverage|source identity,cross metric raw aggregation|invented scenario values,VERIFIED_LOCAL,forecast_substrateBE_hdd_forest_metrics,hdd_forest_metrics.csv
hdd_edb,hdd_edb,EDB,not_applicable,not_applicable,forest,APCPRD04,2026-05-01 03:35:00,UNKNOWN,pending_d5,local_ingested,accuracy_only,NO_TARGET_DATE_GRAIN|NO_FORECAST_FACT_TABLE|SHINY_NOT_CONNECTED,"Multiple forecast versions are retained, so cross version accuracy comparison is available.","hdd_edb / EDB at forest grain, key APCPRD04, forecast version 2026-05-01 03:35:00: average MAPE 0.376563, average accuracy 99.623437, across 32 evaluation windows from 2026-05-01 to 2026-06-09.",observed accuracy|observed bias|evaluation window coverage|source identity,cross metric raw aggregation|invented scenario values,VERIFIED_LOCAL,forecast_substrateBE_hdd_forest_metrics,hdd_forest_metrics.csv
hdd_edb,hdd_edb,EDB,not_applicable,not_applicable,forest,NAMPRD20,2026-04-16 07:50:38,UNKNOWN,pending_d5,local_ingested,accuracy_only,NO_TARGET_DATE_GRAIN|NO_FORECAST_FACT_TABLE|SHINY_NOT_CONNECTED,"Multiple forecast versions are retained, so cross version accuracy comparison is available.","hdd_edb / EDB at forest grain, key NAMPRD20, forecast version 2026-04-16 07:50:38: average MAPE 19.49625, average accuracy 80.50375, across 16 evaluation windows from 2026-04-16 to 2026-05-06.",observed accuracy|observed bias|evaluation window coverage|source identity,cross metric raw aggregation|invented scenario values,VERIFIED_LOCAL,forecast_substrateBE_hdd_forest_metrics,hdd_forest_metrics.csv
hdd_edb,hdd_edb,EDB,not_applicable,not_applicable,forest,EURP176,2026-05-01 03:35:00,UNKNOWN,pending_d5,local_ingested,accuracy_only,NO_TARGET_DATE_GRAIN|NO_FORECAST_FACT_TABLE|SHINY_NOT_CONNECTED,"Multiple forecast versions are retained, so cross version accuracy comparison is available.","hdd_edb / EDB at forest grain, key EURP176, forecast version 2026-05-01 03:35:00: average MAPE 1.093125, average accuracy 98.906875, across 32 evaluation windows from 2026-05-01 to 2026-06-09.",observed accuracy|observed bias|evaluation window coverage|source identity,cross metric raw aggregation|invented scenario values,VERIFIED_LOCAL,forecast_substrateBE_hdd_forest_metrics,hdd_forest_metrics.csv
hdd_edb,hdd_edb,EDB,not_applicable,not_applicable,forest,EURP107,2026-05-01 03:35:00,UNKNOWN,pending_d5,local_ingested,accuracy_only,NO_TARGET_DATE_GRAIN|NO_FORECAST_FACT_TABLE|SHINY_NOT_CONNECTED,"Multiple forecast versions are retained, so cross version accuracy comparison is available.","hdd_edb / EDB at forest grain, key EURP107, forecast version 2026-05-01 03:35:00: average MAPE 1.002812, average accuracy 98.997187, across 32 evaluation windows from 2026-05-01 to 2026-06-09.",observed accuracy|observed bias|evaluation window coverage|source identity,cross metric raw aggregation|invented scenario values,VERIFIED_LOCAL,forecast_substrateBE_hdd_forest_metrics,hdd_forest_metrics.csv
hdd_edb,hdd_edb,EDB,not_applicable,not_applicable,forest,EURPRD04,2026-05-01 03:35:00,UNKNOWN,pending_d5,local_ingested,accuracy_only,NO_TARGET_DATE_GRAIN|NO_FORECAST_FACT_TABLE|SHINY_NOT_CONNECTED,"Multiple forecast versions are retained, so cross version accuracy comparison is available.","hdd_edb / EDB at forest grain, key EURPRD04, forecast version 2026-05-01 03:35:00: average MAPE 0.320937, average accuracy 99.679063, across 32 evaluation windows from 2026-05-01 to 2026-06-09.",observed accuracy|observed bias|evaluation window coverage|source identity,cross metric raw aggregation|invented scenario values,VERIFIED_LOCAL,forecast_substrateBE_hdd_forest_metrics,hdd_forest_metrics.csv
hdd_edb,hdd_edb,EDB,not_applicable,not_applicable,forest,APCPRD04,2026-04-06 19:49:02,UNKNOWN,pending_d5,local_ingested,accuracy_only,NO_TARGET_DATE_GRAIN|NO_FORECAST_FACT_TABLE|SHINY_NOT_CONNECTED,"Multiple forecast versions are retained, so cross version accuracy comparison is available.","hdd_edb / EDB at forest grain, key APCPRD04, forecast version 2026-04-06 19:49:02: average MAPE 0.14, average accuracy 99.86, across 9 evaluation windows from 2026-04-07 to 2026-04-21.",observed accuracy|observed bias|evaluation window coverage|source identity,cross metric raw aggregation|invented scenario values,VERIFIED_LOCAL,forecast_substrateBE_hdd_forest_metrics,hdd_forest_metrics.csv
hdd_edb,hdd_edb,EDB,not_applicable,not_applicable,forest,APCPRD04,2026-04-16 07:50:38,UNKNOWN,pending_d5,local_ingested,accuracy_only,NO_TARGET_DATE_GRAIN|NO_FORECAST_FACT_TABLE|SHINY_NOT_CONNECTED,"Multiple forecast versions are retained, so cross version accuracy comparison is available.","hdd_edb / EDB at forest grain, key APCPRD04, forecast version 2026-04-16 07:50:38: average MAPE 0.830625, average accuracy 99.169375, across 16 evaluation windows from 2026-04-16 to 2026-05-06.",observed accuracy|observed bias|evaluation window coverage|source identity,cross metric raw aggregation|invented scenario values,VERIFIED_LOCAL,forecast_substrateBE_hdd_forest_metrics,hdd_forest_metrics.csv
hdd_edb,hdd_edb,EDB,not_applicable,not_applicable,forest,TWNP295,2026-04-16 07:50:38,UNKNOWN,pending_d5,local_ingested,accuracy_only,NO_TARGET_DATE_GRAIN|NO_FORECAST_FACT_TABLE|SHINY_NOT_CONNECTED,"Multiple forecast versions are retained, so cross version accuracy comparison is available.","hdd_edb / EDB at forest grain, key TWNP295, forecast version 2026-04-16 07:50:38: average MAPE 26.62625, average accuracy 73.37375, across 16 evaluation windows from 2026-04-16 to 2026-05-06.",observed accuracy|observed bias|evaluation window coverage|source identity,cross metric raw aggregation|invented scenario values,VERIFIED_LOCAL,forecast_substrateBE_hdd_forest_metrics,hdd_forest_metrics.csv
hdd_edb,hdd_edb,EDB,not_applicable,not_applicable,forest,NAMP102,2026-05-01 03:35:00,UNKNOWN,pending_d5,local_ingested,accuracy_only,NO_TARGET_DATE_GRAIN|NO_FORECAST_FACT_TABLE|SHINY_NOT_CONNECTED,"Multiple forecast versions are retained, so cross version accuracy comparison is available.","hdd_edb / EDB at forest grain, key NAMP102, forecast version 2026-05-01 03:35:00: average MAPE 1.865938, average accuracy 98.134062, across 32 evaluation windows from 2026-05-01 to 2026-06-09.",observed accuracy|observed bias|evaluation window coverage|source identity,cross metric raw aggregation|invented scenario values,VERIFIED_LOCAL,forecast_substrateBE_hdd_forest_metrics,hdd_forest_metrics.csv
hdd_edb,hdd_edb,EDB,not_applicable,not_applicable,forest,NAMPRD12,2026-05-01 03:35:00,UNKNOWN,pending_d5,local_ingested,accuracy_only,NO_TARGET_DATE_GRAIN|NO_FORECAST_FACT_TABLE|SHINY_NOT_CONNECTED,"Multiple forecast versions are retained, so cross version accuracy comparison is available.","hdd_edb / EDB at forest grain, key NAMPRD12, forecast version 2026-05-01 03:35:00: average MAPE 16.331563, average accuracy 83.668437, across 32 evaluation windows from 2026-05-01 to 2026-06-09.",observed accuracy|observed bias|evaluation window coverage|source identity,cross metric raw aggregation|invented scenario values,VERIFIED_LOCAL,forecast_substrateBE_hdd_forest_metrics,hdd_forest_metrics.csv
hdd_edb,hdd_edb,EDB,not_applicable,not_applicable,forest,EURP192,2026-05-01 03:35:00,UNKNOWN,pending_d5,local_ingested,accuracy_only,NO_TARGET_DATE_GRAIN|NO_FORECAST_FACT_TABLE|SHINY_NOT_CONNECTED,"Multiple forecast versions are retained, so cross version accuracy comparison is available.","hdd_edb / EDB at forest grain, key EURP192, forecast version 2026-05-01 03:35:00: average MAPE 50.387813, average accuracy 49.612187, across 32 evaluation windows from 2026-05-01 to 2026-06-09.",observed accuracy|observed bias|evaluation window coverage|source identity,cross metric raw aggregation|invented scenario values,VERIFIED_LOCAL,forecast_substrateBE_hdd_forest_metrics,hdd_forest_metrics.csv
hdd_edb,hdd_edb,EDB,not_applicable,not_applicable,forest,EURPRD10,2026-05-01 03:35:00,UNKNOWN,pending_d5,local_ingested,accuracy_only,NO_TARGET_DATE_GRAIN|NO_FORECAST_FACT_TABLE|SHINY_NOT_CONNECTED,"Multiple forecast versions are retained, so cross version accuracy comparison is available.","hdd_edb / EDB at forest grain, key EURPRD10, forecast version 2026-05-01 03:35:00: average MAPE 13.03625, average accuracy 86.96375, across 32 evaluation windows from 2026-05-01 to 2026-06-09.",observed accuracy|observed bias|evaluation window coverage|source identity,cross metric raw aggregation|invented scenario values,VERIFIED_LOCAL,forecast_substrateBE_hdd_forest_metrics,hdd_forest_metrics.csv
hdd_edb,hdd_edb,EDB,not_applicable,not_applicable,forest,NAMPRD07,2026-04-16 07:50:38,UNKNOWN,pending_d5,local_ingested,accuracy_only,NO_TARGET_DATE_GRAIN|NO_FORECAST_FACT_TABLE|SHINY_NOT_CONNECTED,"Multiple forecast versions are retained, so cross version accuracy comparison is available.","hdd_edb / EDB at forest grain, key NAMPRD07, forecast version 2026-04-16 07:50:38: average MAPE 11.429375, average accuracy 88.570625, across 16 evaluation windows from 2026-04-16 to 2026-05-06.",observed accuracy|observed bias|evaluation window coverage|source identity,cross metric raw aggregation|invented scenario values,VERIFIED_LOCAL,forecast_substrateBE_hdd_forest_metrics,hdd_forest_metrics.csv
hdd_edb,hdd_edb,EDB,not_applicable,not_applicable,forest,GBRP267,2026-05-01 03:35:00,UNKNOWN,pending_d5,local_ingested,accuracy_only,NO_TARGET_DATE_GRAIN|NO_FORECAST_FACT_TABLE|SHINY_NOT_CONNECTED,"Multiple forecast versions are retained, so cross version accuracy comparison is available.","hdd_edb / EDB at forest grain, key GBRP267, forecast version 2026-05-01 03:35:00: average MAPE 11.18625, average accuracy 88.81375, across 32 evaluation windows from 2026-05-01 to 2026-06-09.",observed accuracy|observed bias|evaluation window coverage|source identity,cross metric raw aggregation|invented scenario values,VERIFIED_LOCAL,forecast_substrateBE_hdd_forest_metrics,hdd_forest_metrics.csv
hdd_edb,hdd_edb,EDB,not_applicable,not_applicable,forest,NAMPRD19,2026-05-01 03:35:00,UNKNOWN,pending_d5,local_ingested,accuracy_only,NO_TARGET_DATE_GRAIN|NO_FORECAST_FACT_TABLE|SHINY_NOT_CONNECTED,"Multiple forecast versions are retained, so cross version accuracy comparison is available.","hdd_edb / EDB at forest grain, key NAMPRD19, forecast version 2026-05-01 03:35:00: average MAPE 19.075937, average accuracy 80.924063, across 32 evaluation windows from 2026-05-01 to 2026-06-09.",observed accuracy|observed bias|evaluation window coverage|source identity,cross metric raw aggregation|invented scenario values,VERIFIED_LOCAL,forecast_substrateBE_hdd_forest_metrics,hdd_forest_metrics.csv
hdd_edb,hdd_edb,EDB,not_applicable,not_applicable,forest,NAMP134,2026-05-01 03:35:00,UNKNOWN,pending_d5,local_ingested,accuracy_only,NO_TARGET_DATE_GRAIN|NO_FORECAST_FACT_TABLE|SHINY_NOT_CONNECTED,"Multiple forecast versions are retained, so cross version accuracy comparison is available.","hdd_edb / EDB at forest grain, key NAMP134, forecast version 2026-05-01 03:35:00: average MAPE 0.978437, average accuracy 99.021563, across 32 evaluation windows from 2026-05-01 to 2026-06-09.",observed accuracy|observed bias|evaluation window coverage|source identity,cross metric raw aggregation|invented scenario values,VERIFIED_LOCAL,forecast_substrateBE_hdd_forest_metrics,hdd_forest_metrics.csv
hdd_edb,hdd_edb,EDB,not_applicable,not_applicable,forest,ITAP293,2026-05-01 03:35:00,UNKNOWN,pending_d5,local_ingested,accuracy_only,NO_TARGET_DATE_GRAIN|NO_FORECAST_FACT_TABLE|SHINY_NOT_CONNECTED,"Multiple forecast versions are retained, so cross version accuracy comparison is available.","hdd_edb / EDB at forest grain, key ITAP293, forecast version 2026-05-01 03:35:00: average MAPE 68.655625, average accuracy 31.344375, across 32 evaluation windows from 2026-05-01 to 2026-06-09.",observed accuracy|observed bias|evaluation window coverage|source identity,cross metric raw aggregation|invented scenario values,VERIFIED_LOCAL,forecast_substrateBE_hdd_forest_metrics,hdd_forest_metrics.csv
hdd_edb,hdd_edb,EDB,not_applicable,not_applicable,forest,NAMP170,2026-05-01 03:35:00,UNKNOWN,pending_d5,local_ingested,accuracy_only,NO_TARGET_DATE_GRAIN|NO_FORECAST_FACT_TABLE|SHINY_NOT_CONNECTED,"Multiple forecast versions are retained, so cross version accuracy comparison is available.","hdd_edb / EDB at forest grain, key NAMP170, forecast version 2026-05-01 03:35:00: average MAPE 15.699375, average accuracy 84.300625, across 32 evaluation windows from 2026-05-01 to 2026-06-09.",observed accuracy|observed bias|evaluation window coverage|source identity,cross metric raw aggregation|invented scenario values,VERIFIED_LOCAL,forecast_substrateBE_hdd_forest_metrics,hdd_forest_metrics.csv
hdd_edb,hdd_edb,EDB,not_applicable,not_applicable,forest,BRAP284,2026-05-01 03:35:00,UNKNOWN,pending_d5,local_ingested,accuracy_only,NO_TARGET_DATE_GRAIN|NO_FORECAST_FACT_TABLE|SHINY_NOT_CONNECTED,"Multiple forecast versions are retained, so cross version accuracy comparison is available.","hdd_edb / EDB at forest grain, key BRAP284, forecast version 2026-05-01 03:35:00: average MAPE 0.928125, average accuracy 99.071875, across 32 evaluation windows from 2026-05-01 to 2026-06-09.",observed accuracy|observed bias|evaluation window coverage|source identity,cross metric raw aggregation|invented scenario values,VERIFIED_LOCAL,forecast_substrateBE_hdd_forest_metrics,hdd_forest_metrics.csv
hdd_edb,hdd_edb,EDB,not_applicable,not_applicable,forest,EURP195,2026-05-01 03:35:00,UNKNOWN,pending_d5,local_ingested,accuracy_only,NO_TARGET_DATE_GRAIN|NO_FORECAST_FACT_TABLE|SHINY_NOT_CONNECTED,"Multiple forecast versions are retained, so cross version accuracy comparison is available.","hdd_edb / EDB at forest grain, key EURP195, forecast version 2026-05-01 03:35:00: average MAPE 44.01875, average accuracy 55.98125, across 32 evaluation windows from 2026-05-01 to 2026-06-09.",observed accuracy|observed bias|evaluation window coverage|source identity,cross metric raw aggregation|invented scenario values,VERIFIED_LOCAL,forecast_substrateBE_hdd_forest_metrics,hdd_forest_metrics.csv
hdd_edb,hdd_edb,EDB,not_applicable,not_applicable,forest,NAMPRD06,2026-05-01 03:35:00,UNKNOWN,pending_d5,local_ingested,accuracy_only,NO_TARGET_DATE_GRAIN|NO_FORECAST_FACT_TABLE|SHINY_NOT_CONNECTED,"Multiple forecast versions are retained, so cross version accuracy comparison is available.","hdd_edb / EDB at forest grain, key NAMPRD06, forecast version 2026-05-01 03:35:00: average MAPE 6.810937, average accuracy 93.189063, across 32 evaluation windows from 2026-05-01 to 2026-06-09.",observed accuracy|observed bias|evaluation window coverage|source identity,cross metric raw aggregation|invented scenario values,VERIFIED_LOCAL,forecast_substrateBE_hdd_forest_metrics,hdd_forest_metrics.csv
hdd_edb,hdd_edb,EDB,not_applicable,not_applicable,forest,NAMPRD17,2026-05-01 03:35:00,UNKNOWN,pending_d5,local_ingested,accuracy_only,NO_TARGET_DATE_GRAIN|NO_FORECAST_FACT_TABLE|SHINY_NOT_CONNECTED,"Multiple forecast versions are retained, so cross version accuracy comparison is available.","hdd_edb / EDB at forest grain, key NAMPRD17, forecast version 2026-05-01 03:35:00: average MAPE 4.013438, average accuracy 95.986563, across 32 evaluation windows from 2026-05-01 to 2026-06-09.",observed accuracy|observed bias|evaluation window coverage|source identity,cross metric raw aggregation|invented scenario values,VERIFIED_LOCAL,forecast_substrateBE_hdd_forest_metrics,hdd_forest_metrics.csv
hdd_edb,hdd_edb,EDB,not_applicable,not_applicable,forest,IDNP305,2026-05-01 03:35:00,UNKNOWN,pending_d5,local_ingested,accuracy_only,NO_TARGET_DATE_GRAIN|NO_FORECAST_FACT_TABLE|SHINY_NOT_CONNECTED,"Multiple forecast versions are retained, so cross version accuracy comparison is available.","hdd_edb / EDB at forest grain, key IDNP305, forecast version 2026-05-01 03:35:00: average MAPE 8.744063, average accuracy 91.255938, across 32 evaluation windows from 2026-05-01 to 2026-06-09.",observed accuracy|observed bias|evaluation window coverage|source identity,cross metric raw aggregation|invented scenario values,VERIFIED_LOCAL,forecast_substrateBE_hdd_forest_metrics,hdd_forest_metrics.csv
hdd_edb,hdd_edb,EDB,not_applicable,not_applicable,forest,APCPRD06,2026-04-06 19:49:02,UNKNOWN,pending_d5,local_ingested,accuracy_only,NO_TARGET_DATE_GRAIN|NO_FORECAST_FACT_TABLE|SHINY_NOT_CONNECTED,"Multiple forecast versions are retained, so cross version accuracy comparison is available.","hdd_edb / EDB at forest grain, key APCPRD06, forecast version 2026-04-06 19:49:02: average MAPE 0.466667, average accuracy 99.533333, across 9 evaluation windows from 2026-04-07 to 2026-04-21.",observed accuracy|observed bias|evaluation window coverage|source identity,cross metric raw aggregation|invented scenario values,VERIFIED_LOCAL,forecast_substrateBE_hdd_forest_metrics,hdd_forest_metrics.csv
hdd_edb,hdd_edb,EDB,not_applicable,not_applicable,forest,NAMP172,2026-05-01 03:35:00,UNKNOWN,pending_d5,local_ingested,accuracy_only,NO_TARGET_DATE_GRAIN|NO_FORECAST_FACT_TABLE|SHINY_NOT_CONNECTED,"Multiple forecast versions are retained, so cross version accuracy comparison is available.","hdd_edb / EDB at forest grain, key NAMP172, forecast version 2026-05-01 03:35:00: average MAPE 1.462813, average accuracy 98.537188, across 32 evaluation windows from 2026-05-01 to 2026-06-09.",observed accuracy|observed bias|evaluation window coverage|source identity,cross metric raw aggregation|invented scenario values,VERIFIED_LOCAL,forecast_substrateBE_hdd_forest_metrics,hdd_forest_metrics.csv
hdd_edb,hdd_edb,EDB,not_applicable,not_applicable,forest,GBRP123,2026-05-01 03:35:00,UNKNOWN,pending_d5,local_ingested,accuracy_only,NO_TARGET_DATE_GRAIN|NO_FORECAST_FACT_TABLE|SHINY_NOT_CONNECTED,"Multiple forecast versions are retained, so cross version accuracy comparison is available.","hdd_edb / EDB at forest grain, key GBRP123, forecast version 2026-05-01 03:35:00: average MAPE 0.350313, average accuracy 99.649687, across 32 evaluation windows from 2026-05-01 to 2026-06-09.",observed accuracy|observed bias|evaluation window coverage|source identity,cross metric raw aggregation|invented scenario values,VERIFIED_LOCAL,forecast_substrateBE_hdd_forest_metrics,hdd_forest_metrics.csv
hdd_edb,hdd_edb,EDB,not_applicable,not_applicable,forest,NAMP162,2026-05-01 03:35:00,UNKNOWN,pending_d5,local_ingested,accuracy_only,NO_TARGET_DATE_GRAIN|NO_FORECAST_FACT_TABLE|SHINY_NOT_CONNECTED,"Multiple forecast versions are retained, so cross version accuracy comparison is available.","hdd_edb / EDB at forest grain, key NAMP162, forecast version 2026-05-01 03:35:00: average MAPE 1.185625, average accuracy 98.814375, across 32 evaluation windows from 2026-05-01 to 2026-06-09.",observed accuracy|observed bias|evaluation window coverage|source identity,cross metric raw aggregation|invented scenario values,VERIFIED_LOCAL,forecast_substrateBE_hdd_forest_metrics,hdd_forest_metrics.csv
hdd_edb,hdd_edb,EDB,not_applicable,not_applicable,forest,NAMPRD18,2026-04-16 07:50:38,UNKNOWN,pending_d5,local_ingested,accuracy_only,NO_TARGET_DATE_GRAIN|NO_FORECAST_FACT_TABLE|SHINY_NOT_CONNECTED,"Multiple forecast versions are retained, so cross version accuracy comparison is available.","hdd_edb / EDB at forest grain, key NAMPRD18, forecast version 2026-04-16 07:50:38: average MAPE 5.6375, average accuracy 94.3625, across 16 evaluation windows from 2026-04-16 to 2026-05-06.",observed accuracy|observed bias|evaluation window coverage|source identity,cross metric raw aggregation|invented scenario values,VERIFIED_LOCAL,forecast_substrateBE_hdd_forest_metrics,hdd_forest_metrics.csv
hdd_edb,hdd_edb,EDB,not_applicable,not_applicable,forest,LAMP152,2026-05-01 03:35:00,UNKNOWN,pending_d5,local_ingested,accuracy_only,NO_TARGET_DATE_GRAIN|NO_FORECAST_FACT_TABLE|SHINY_NOT_CONNECTED,"Multiple forecast versions are retained, so cross version accuracy comparison is available.","hdd_edb / EDB at forest grain, key LAMP152, forecast version 2026-05-01 03:35:00: average MAPE 0.405625, average accuracy 99.594375, across 32 evaluation windows from 2026-05-01 to 2026-06-09.",observed accuracy|observed bias|evaluation window coverage|source identity,cross metric raw aggregation|invented scenario values,VERIFIED_LOCAL,forecast_substrateBE_hdd_forest_metrics,hdd_forest_metrics.csv
hdd_edb,hdd_edb,EDB,not_applicable,not_applicable,forest,EURPRD08,2026-05-01 03:35:00,UNKNOWN,pending_d5,local_ingested,accuracy_only,NO_TARGET_DATE_GRAIN|NO_FORECAST_FACT_TABLE|SHINY_NOT_CONNECTED,"Multiple forecast versions are retained, so cross version accuracy comparison is available.","hdd_edb / EDB at forest grain, key EURPRD08, forecast version 2026-05-01 03:35:00: average MAPE 8.534688, average accuracy 91.465312, across 32 evaluation windows from 2026-05-01 to 2026-06-09.",observed accuracy|observed bias|evaluation window coverage|source identity,cross metric raw aggregation|invented scenario values,VERIFIED_LOCAL,forecast_substrateBE_hdd_forest_metrics,hdd_forest_metrics.csv
hdd_edb,hdd_edb,EDB,not_applicable,not_applicable,forest,NAMPRD21,2026-05-01 03:35:00,UNKNOWN,pending_d5,local_ingested,accuracy_only,NO_TARGET_DATE_GRAIN|NO_FORECAST_FACT_TABLE|SHINY_NOT_CONNECTED,"Multiple forecast versions are retained, so cross version accuracy comparison is available.","hdd_edb / EDB at forest grain, key NAMPRD21, forecast version 2026-05-01 03:35:00: average MAPE 0.86125, average accuracy 99.13875, across 32 evaluation windows from 2026-05-01 to 2026-06-09.",observed accuracy|observed bias|evaluation window coverage|source identity,cross metric raw aggregation|invented scenario values,VERIFIED_LOCAL,forecast_substrateBE_hdd_forest_metrics,hdd_forest_metrics.csv
hdd_edb,hdd_edb,EDB,not_applicable,not_applicable,forest,NAMP100,2026-05-01 03:35:00,UNKNOWN,pending_d5,local_ingested,accuracy_only,NO_TARGET_DATE_GRAIN|NO_FORECAST_FACT_TABLE|SHINY_NOT_CONNECTED,"Multiple forecast versions are retained, so cross version accuracy comparison is available.","hdd_edb / EDB at forest grain, key NAMP100, forecast version 2026-05-01 03:35:00: average MAPE 1.199375, average accuracy 98.800625, across 32 evaluation windows from 2026-05-01 to 2026-06-09.",observed accuracy|observed bias|evaluation window coverage|source identity,cross metric raw aggregation|invented scenario values,VERIFIED_LOCAL,forecast_substrateBE_hdd_forest_metrics,hdd_forest_metrics.csv
hdd_edb,hdd_edb,EDB,not_applicable,not_applicable,forest,EURPRD09,2026-05-01 03:35:00,UNKNOWN,pending_d5,local_ingested,accuracy_only,NO_TARGET_DATE_GRAIN|NO_FORECAST_FACT_TABLE|SHINY_NOT_CONNECTED,"Multiple forecast versions are retained, so cross version accuracy comparison is available.","hdd_edb / EDB at forest grain, key EURPRD09, forecast version 2026-05-01 03:35:00: average MAPE 13.393125, average accuracy 86.606875, across 32 evaluation windows from 2026-05-01 to 2026-06-09.",observed accuracy|observed bias|evaluation window coverage|source identity,cross metric raw aggregation|invented scenario values,VERIFIED_LOCAL,forecast_substrateBE_hdd_forest_metrics,hdd_forest_metrics.csv
hdd_edb,hdd_edb,EDB,not_applicable,not_applicable,forest,NAMP132,2026-05-01 03:35:00,UNKNOWN,pending_d5,local_ingested,accuracy_only,NO_TARGET_DATE_GRAIN|NO_FORECAST_FACT_TABLE|SHINY_NOT_CONNECTED,"Multiple forecast versions are retained, so cross version accuracy comparison is available.","hdd_edb / EDB at forest grain, key NAMP132, forecast version 2026-05-01 03:35:00: average MAPE 0.497188, average accuracy 99.502813, across 32 evaluation windows from 2026-05-01 to 2026-06-09.",observed accuracy|observed bias|evaluation window coverage|source identity,cross metric raw aggregation|invented scenario values,VERIFIED_LOCAL,forecast_substrateBE_hdd_forest_metrics,hdd_forest_metrics.csv
hdd_edb,hdd_edb,EDB,not_applicable,not_applicable,forest,NAMP157,2026-05-01 03:35:00,UNKNOWN,pending_d5,local_ingested,accuracy_only,NO_TARGET_DATE_GRAIN|NO_FORECAST_FACT_TABLE|SHINY_NOT_CONNECTED,"Multiple forecast versions are retained, so cross version accuracy comparison is available.","hdd_edb / EDB at forest grain, key NAMP157, forecast version 2026-05-01 03:35:00: average MAPE 0.17875, average accuracy 99.82125, across 32 evaluation windows from 2026-05-01 to 2026-06-09.",observed accuracy|observed bias|evaluation window coverage|source identity,cross metric raw aggregation|invented scenario values,VERIFIED_LOCAL,forecast_substrateBE_hdd_forest_metrics,hdd_forest_metrics.csv
hdd_edb,hdd_edb,EDB,not_applicable,not_applicable,forest,NAMPRD10,2026-05-01 03:35:00,UNKNOWN,pending_d5,local_ingested,accuracy_only,NO_TARGET_DATE_GRAIN|NO_FORECAST_FACT_TABLE|SHINY_NOT_CONNECTED,"Multiple forecast versions are retained, so cross version accuracy comparison is available.","hdd_edb / EDB at forest grain, key NAMPRD10, forecast version 2026-05-01 03:35:00: average MAPE 15.088125, average accuracy 84.911875, across 32 evaluation windows from 2026-05-01 to 2026-06-09.",observed accuracy|observed bias|evaluation window coverage|source identity,cross metric raw aggregation|invented scenario values,VERIFIED_LOCAL,forecast_substrateBE_hdd_forest_metrics,hdd_forest_metrics.csv
hdd_edb,hdd_edb,EDB,not_applicable,not_applicable,forest,NAMP109,2026-05-01 03:35:00,UNKNOWN,pending_d5,local_ingested,accuracy_only,NO_TARGET_DATE_GRAIN|NO_FORECAST_FACT_TABLE|SHINY_NOT_CONNECTED,"Multiple forecast versions are retained, so cross version accuracy comparison is available.","hdd_edb / EDB at forest grain, key NAMP109, forecast version 2026-05-01 03:35:00: average MAPE 0.501563, average accuracy 99.498437, across 32 evaluation windows from 2026-05-01 to 2026-06-09.",observed accuracy|observed bias|evaluation window coverage|source identity,cross metric raw aggregation|invented scenario values,VERIFIED_LOCAL,forecast_substrateBE_hdd_forest_metrics,hdd_forest_metrics.csv
hdd_edb,hdd_edb,EDB,not_applicable,not_applicable,forest,AREP273,2026-04-06 19:49:02,UNKNOWN,pending_d5,local_ingested,accuracy_only,NO_TARGET_DATE_GRAIN|NO_FORECAST_FACT_TABLE|SHINY_NOT_CONNECTED,"Multiple forecast versions are retained, so cross version accuracy comparison is available.","hdd_edb / EDB at forest grain, key AREP273, forecast version 2026-04-06 19:49:02: average MAPE 30.232222, average accuracy 69.767778, across 9 evaluation windows from 2026-04-07 to 2026-04-21.",observed accuracy|observed bias|evaluation window coverage|source identity,cross metric raw aggregation|invented scenario values,VERIFIED_LOCAL,forecast_substrateBE_hdd_forest_metrics,hdd_forest_metrics.csv
hdd_edb,hdd_edb,EDB,not_applicable,not_applicable,forest,AREP273,2026-04-16 07:50:38,UNKNOWN,pending_d5,local_ingested,accuracy_only,NO_TARGET_DATE_GRAIN|NO_FORECAST_FACT_TABLE|SHINY_NOT_CONNECTED,"Multiple forecast versions are retained, so cross version accuracy comparison is available.","hdd_edb / EDB at forest grain, key AREP273, forecast version 2026-04-16 07:50:38: average MAPE 5.875, average accuracy 94.125, across 16 evaluation windows from 2026-04-16 to 2026-05-06.",observed accuracy|observed bias|evaluation window coverage|source identity,cross metric raw aggregation|invented scenario values,VERIFIED_LOCAL,forecast_substrateBE_hdd_forest_metrics,hdd_forest_metrics.csv
hdd_edb,hdd_edb,EDB,not_applicable,not_applicable,forest,JPNPRD01,2026-05-01 03:35:00,UNKNOWN,pending_d5,local_ingested,accuracy_only,NO_TARGET_DATE_GRAIN|NO_FORECAST_FACT_TABLE|SHINY_NOT_CONNECTED,"Multiple forecast versions are retained, so cross version accuracy comparison is available.","hdd_edb / EDB at forest grain, key JPNPRD01, forecast version 2026-05-01 03:35:00: average MAPE 0.37125, average accuracy 99.62875, across 32 evaluation windows from 2026-05-01 to 2026-06-09.",observed accuracy|observed bias|evaluation window coverage|source identity,cross metric raw aggregation|invented scenario values,VERIFIED_LOCAL,forecast_substrateBE_hdd_forest_metrics,hdd_forest_metrics.csv
hdd_edb,hdd_edb,EDB,not_applicable,not_applicable,forest,NAMPRD02,2026-05-01 03:35:00,UNKNOWN,pending_d5,local_ingested,accuracy_only,NO_TARGET_DATE_GRAIN|NO_FORECAST_FACT_TABLE|SHINY_NOT_CONNECTED,"Multiple forecast versions are retained, so cross version accuracy comparison is available.","hdd_edb / EDB at forest grain, key NAMPRD02, forecast version 2026-05-01 03:35:00: average MAPE 14.23, average accuracy 85.77, across 32 evaluation windows from 2026-05-01 to 2026-06-09.",observed accuracy|observed bias|evaluation window coverage|source identity,cross metric raw aggregation|invented scenario values,VERIFIED_LOCAL,forecast_substrateBE_hdd_forest_metrics,hdd_forest_metrics.csv
hdd_edb,hdd_edb,EDB,not_applicable,not_applicable,forest,MEXP297,2026-05-01 03:35:00,UNKNOWN,pending_d5,local_ingested,accuracy_only,NO_TARGET_DATE_GRAIN|NO_FORECAST_FACT_TABLE|SHINY_NOT_CONNECTED,"Multiple forecast versions are retained, so cross version accuracy comparison is available.","hdd_edb / EDB at forest grain, key MEXP297, forecast version 2026-05-01 03:35:00: average MAPE 1.211875, average accuracy 98.788125, across 32 evaluation windows from 2026-05-01 to 2026-06-09.",observed accuracy|observed bias|evaluation window coverage|source identity,cross metric raw aggregation|invented scenario values,VERIFIED_LOCAL,forecast_substrateBE_hdd_forest_metrics,hdd_forest_metrics.csv
hdd_edb,hdd_edb,EDB,not_applicable,not_applicable,forest,NAMP164,2026-05-01 03:35:00,UNKNOWN,pending_d5,local_ingested,accuracy_only,NO_TARGET_DATE_GRAIN|NO_FORECAST_FACT_TABLE|SHINY_NOT_CONNECTED,"Multiple forecast versions are retained, so cross version accuracy comparison is available.","hdd_edb / EDB at forest grain, key NAMP164, forecast version 2026-05-01 03:35:00: average MAPE 0.83625, average accuracy 99.16375, across 32 evaluation windows from 2026-05-01 to 2026-06-09.",observed accuracy|observed bias|evaluation window coverage|source identity,cross metric raw aggregation|invented scenario values,VERIFIED_LOCAL,forecast_substrateBE_hdd_forest_metrics,hdd_forest_metrics.csv
hdd_edb,hdd_edb,EDB,not_applicable,not_applicable,forest,AUSP282,2026-05-01 03:35:00,UNKNOWN,pending_d5,local_ingested,accuracy_only,NO_TARGET_DATE_GRAIN|NO_FORECAST_FACT_TABLE|SHINY_NOT_CONNECTED,"Multiple forecast versions are retained, so cross version accuracy comparison is available.","hdd_edb / EDB at forest grain, key AUSP282, forecast version 2026-05-01 03:35:00: average MAPE 0.85625, average accuracy 99.14375, across 32 evaluation windows from 2026-05-01 to 2026-06-09.",observed accuracy|observed bias|evaluation window coverage|source identity,cross metric raw aggregation|invented scenario values,VERIFIED_LOCAL,forecast_substrateBE_hdd_forest_metrics,hdd_forest_metrics.csv
hdd_edb,hdd_edb,EDB,not_applicable,not_applicable,forest,NAMPRD22,2026-05-01 03:35:00,UNKNOWN,pending_d5,local_ingested,accuracy_only,NO_TARGET_DATE_GRAIN|NO_FORECAST_FACT_TABLE|SHINY_NOT_CONNECTED,"Multiple forecast versions are retained, so cross version accuracy comparison is available.","hdd_edb / EDB at forest grain, key NAMPRD22, forecast version 2026-05-01 03:35:00: average MAPE 13.94125, average accuracy 86.05875, across 32 evaluation windows from 2026-05-01 to 2026-06-09.",observed accuracy|observed bias|evaluation window coverage|source identity,cross metric raw aggregation|invented scenario values,VERIFIED_LOCAL,forecast_substrateBE_hdd_forest_metrics,hdd_forest_metrics.csv
hdd_edb,hdd_edb,EDB,not_applicable,not_applicable,forest,AREP273,2026-05-01 03:35:00,UNKNOWN,pending_d5,local_ingested,accuracy_only,NO_TARGET_DATE_GRAIN|NO_FORECAST_FACT_TABLE|SHINY_NOT_CONNECTED,"Multiple forecast versions are retained, so cross version accuracy comparison is available.","hdd_edb / EDB at forest grain, key AREP273, forecast version 2026-05-01 03:35:00: average MAPE 2.019062, average accuracy 97.980937, across 32 evaluation windows from 2026-05-01 to 2026-06-09.",observed accuracy|observed bias|evaluation window coverage|source identity,cross metric raw aggregation|invented scenario values,VERIFIED_LOCAL,forecast_substrateBE_hdd_forest_metrics,hdd_forest_metrics.csv
hdd_edb,hdd_edb,EDB,not_applicable,not_applicable,forest,AUSP282,2026-04-06 19:49:02,UNKNOWN,pending_d5,local_ingested,accuracy_only,NO_TARGET_DATE_GRAIN|NO_FORECAST_FACT_TABLE|SHINY_NOT_CONNECTED,"Multiple forecast versions are retained, so cross version accuracy comparison is available.","hdd_edb / EDB at forest grain, key AUSP282, forecast version 2026-04-06 19:49:02: average MAPE 1.05, average accuracy 98.95, across 9 evaluation windows from 2026-04-07 to 2026-04-21.",observed accuracy|observed bias|evaluation window coverage|source identity,cross metric raw aggregation|invented scenario values,VERIFIED_LOCAL,forecast_substrateBE_hdd_forest_metrics,hdd_forest_metrics.csv
hdd_edb,hdd_edb,EDB,not_applicable,not_applicable,forest,AUSP282,2026-04-16 07:50:38,UNKNOWN,pending_d5,local_ingested,accuracy_only,NO_TARGET_DATE_GRAIN|NO_FORECAST_FACT_TABLE|SHINY_NOT_CONNECTED,"Multiple forecast versions are retained, so cross version accuracy comparison is available.","hdd_edb / EDB at forest grain, key AUSP282, forecast version 2026-04-16 07:50:38: average MAPE 1.75375, average accuracy 98.24625, across 16 evaluation windows from 2026-04-16 to 2026-05-06.",observed accuracy|observed bias|evaluation window coverage|source identity,cross metric raw aggregation|invented scenario values,VERIFIED_LOCAL,forecast_substrateBE_hdd_forest_metrics,hdd_forest_metrics.csv
hdd_edb,hdd_edb,EDB,not_applicable,not_applicable,forest,NAMP114,2026-05-01 03:35:00,UNKNOWN,pending_d5,local_ingested,accuracy_only,NO_TARGET_DATE_GRAIN|NO_FORECAST_FACT_TABLE|SHINY_NOT_CONNECTED,"Multiple forecast versions are retained, so cross version accuracy comparison is available.","hdd_edb / EDB at forest grain, key NAMP114, forecast version 2026-05-01 03:35:00: average MAPE 7.484063, average accuracy 92.515938, across 32 evaluation windows from 2026-05-01 to 2026-06-09.",observed accuracy|observed bias|evaluation window coverage|source identity,cross metric raw aggregation|invented scenario values,VERIFIED_LOCAL,forecast_substrateBE_hdd_forest_metrics,hdd_forest_metrics.csv
hdd_edb,hdd_edb,EDB,not_applicable,not_applicable,forest,NAMPRD14,2026-05-01 03:35:00,UNKNOWN,pending_d5,local_ingested,accuracy_only,NO_TARGET_DATE_GRAIN|NO_FORECAST_FACT_TABLE|SHINY_NOT_CONNECTED,"Multiple forecast versions are retained, so cross version accuracy comparison is available.","hdd_edb / EDB at forest grain, key NAMPRD14, forecast version 2026-05-01 03:35:00: average MAPE 19.681875, average accuracy 80.318125, across 32 evaluation windows from 2026-05-01 to 2026-06-09.",observed accuracy|observed bias|evaluation window coverage|source identity,cross metric raw aggregation|invented scenario values,VERIFIED_LOCAL,forecast_substrateBE_hdd_forest_metrics,hdd_forest_metrics.csv
hdd_edb,hdd_edb,EDB,not_applicable,not_applicable,forest,NAMP222,2026-05-01 03:35:00,UNKNOWN,pending_d5,local_ingested,accuracy_only,NO_TARGET_DATE_GRAIN|NO_FORECAST_FACT_TABLE|SHINY_NOT_CONNECTED,"Multiple forecast versions are retained, so cross version accuracy comparison is available.","hdd_edb / EDB at forest grain, key NAMP222, forecast version 2026-05-01 03:35:00: average MAPE 9.864062, average accuracy 90.135937, across 32 evaluation windows from 2026-05-01 to 2026-06-09.",observed accuracy|observed bias|evaluation window coverage|source identity,cross metric raw aggregation|invented scenario values,VERIFIED_LOCAL,forecast_substrateBE_hdd_forest_metrics,hdd_forest_metrics.csv
hdd_edb,hdd_edb,EDB,not_applicable,not_applicable,forest,NAMP118,2026-05-01 03:35:00,UNKNOWN,pending_d5,local_ingested,accuracy_only,NO_TARGET_DATE_GRAIN|NO_FORECAST_FACT_TABLE|SHINY_NOT_CONNECTED,"Multiple forecast versions are retained, so cross version accuracy comparison is available.","hdd_edb / EDB at forest grain, key NAMP118, forecast version 2026-05-01 03:35:00: average MAPE 19.890625, average accuracy 80.109375, across 32 evaluation windows from 2026-05-01 to 2026-06-09.",observed accuracy|observed bias|evaluation window coverage|source identity,cross metric raw aggregation|invented scenario values,VERIFIED_LOCAL,forecast_substrateBE_hdd_forest_metrics,hdd_forest_metrics.csv
hdd_edb,hdd_edb,EDB,not_applicable,not_applicable,forest,EURP250,2026-05-01 03:35:00,UNKNOWN,pending_d5,local_ingested,accuracy_only,NO_TARGET_DATE_GRAIN|NO_FORECAST_FACT_TABLE|SHINY_NOT_CONNECTED,"Multiple forecast versions are retained, so cross version accuracy comparison is available.","hdd_edb / EDB at forest grain, key EURP250, forecast version 2026-05-01 03:35:00: average MAPE 54.425938, average accuracy 45.574062, across 32 evaluation windows from 2026-05-01 to 2026-06-09.",observed accuracy|observed bias|evaluation window coverage|source identity,cross metric raw aggregation|invented scenario values,VERIFIED_LOCAL,forecast_substrateBE_hdd_forest_metrics,hdd_forest_metrics.csv
hdd_edb,hdd_edb,EDB,not_applicable,not_applicable,forest,AUSP300,2026-04-06 19:49:02,UNKNOWN,pending_d5,local_ingested,accuracy_only,NO_TARGET_DATE_GRAIN|NO_FORECAST_FACT_TABLE|SHINY_NOT_CONNECTED,"Multiple forecast versions are retained, so cross version accuracy comparison is available.","hdd_edb / EDB at forest grain, key AUSP300, forecast version 2026-04-06 19:49:02: average MAPE 3.1, average accuracy 96.9, across 9 evaluation windows from 2026-04-07 to 2026-04-21.",observed accuracy|observed bias|evaluation window coverage|source identity,cross metric raw aggregation|invented scenario values,VERIFIED_LOCAL,forecast_substrateBE_hdd_forest_metrics,hdd_forest_metrics.csv
hdd_edb,hdd_edb,EDB,not_applicable,not_applicable,forest,NAMP220,2026-05-01 03:35:00,UNKNOWN,pending_d5,local_ingested,accuracy_only,NO_TARGET_DATE_GRAIN|NO_FORECAST_FACT_TABLE|SHINY_NOT_CONNECTED,"Multiple forecast versions are retained, so cross version accuracy comparison is available.","hdd_edb / EDB at forest grain, key NAMP220, forecast version 2026-05-01 03:35:00: average MAPE 50.351875, average accuracy 49.648125, across 32 evaluation windows from 2026-05-01 to 2026-06-09.",observed accuracy|observed bias|evaluation window coverage|source identity,cross metric raw aggregation|invented scenario values,VERIFIED_LOCAL,forecast_substrateBE_hdd_forest_metrics,hdd_forest_metrics.csv
hdd_edb,hdd_edb,EDB,not_applicable,not_applicable,forest,NAMP167,2026-05-01 03:35:00,UNKNOWN,pending_d5,local_ingested,accuracy_only,NO_TARGET_DATE_GRAIN|NO_FORECAST_FACT_TABLE|SHINY_NOT_CONNECTED,"Multiple forecast versions are retained, so cross version accuracy comparison is available.","hdd_edb / EDB at forest grain, key NAMP167, forecast version 2026-05-01 03:35:00: average MAPE 1242.872813, average accuracy 0.0, across 32 evaluation windows from 2026-05-01 to 2026-06-09.",observed accuracy|observed bias|evaluation window coverage|source identity,cross metric raw aggregation|invented scenario values,VERIFIED_LOCAL,forecast_substrateBE_hdd_forest_metrics,hdd_forest_metrics.csv
hdd_edb,hdd_edb,EDB,not_applicable,not_applicable,forest,POLP291,2026-05-01 03:35:00,UNKNOWN,pending_d5,local_ingested,accuracy_only,NO_TARGET_DATE_GRAIN|NO_FORECAST_FACT_TABLE|SHINY_NOT_CONNECTED,"Multiple forecast versions are retained, so cross version accuracy comparison is available.","hdd_edb / EDB at forest grain, key POLP291, forecast version 2026-05-01 03:35:00: average MAPE 108.295, average accuracy 0.01125, across 32 evaluation windows from 2026-05-01 to 2026-06-09.",observed accuracy|observed bias|evaluation window coverage|source identity,cross metric raw aggregation|invented scenario values,VERIFIED_LOCAL,forecast_substrateBE_hdd_forest_metrics,hdd_forest_metrics.csv
hdd_edb,hdd_edb,EDB,not_applicable,not_applicable,forest,NAMP125,2026-05-01 03:35:00,UNKNOWN,pending_d5,local_ingested,accuracy_only,NO_TARGET_DATE_GRAIN|NO_FORECAST_FACT_TABLE|SHINY_NOT_CONNECTED,"Multiple forecast versions are retained, so cross version accuracy comparison is available.","hdd_edb / EDB at forest grain, key NAMP125, forecast version 2026-05-01 03:35:00: average MAPE 0.567813, average accuracy 99.432187, across 32 evaluation windows from 2026-05-01 to 2026-06-09.",observed accuracy|observed bias|evaluation window coverage|source identity,cross metric raw aggregation|invented scenario values,VERIFIED_LOCAL,forecast_substrateBE_hdd_forest_metrics,hdd_forest_metrics.csv
hdd_edb,hdd_edb,EDB,not_applicable,not_applicable,forest,AUSPRD01,2026-04-06 19:49:02,UNKNOWN,pending_d5,local_ingested,accuracy_only,NO_TARGET_DATE_GRAIN|NO_FORECAST_FACT_TABLE|SHINY_NOT_CONNECTED,"Multiple forecast versions are retained, so cross version accuracy comparison is available.","hdd_edb / EDB at forest grain, key AUSPRD01, forecast version 2026-04-06 19:49:02: average MAPE 3.378889, average accuracy 96.621111, across 9 evaluation windows from 2026-04-07 to 2026-04-21.",observed accuracy|observed bias|evaluation window coverage|source identity,cross metric raw aggregation|invented scenario values,VERIFIED_LOCAL,forecast_substrateBE_hdd_forest_metrics,hdd_forest_metrics.csv
hdd_edb,hdd_edb,EDB,not_applicable,not_applicable,forest,NAMP171,2026-05-01 03:35:00,UNKNOWN,pending_d5,local_ingested,accuracy_only,NO_TARGET_DATE_GRAIN|NO_FORECAST_FACT_TABLE|SHINY_NOT_CONNECTED,"Multiple forecast versions are retained, so cross version accuracy comparison is available.","hdd_edb / EDB at forest grain, key NAMP171, forecast version 2026-05-01 03:35:00: average MAPE 0.260313, average accuracy 99.739688, across 32 evaluation windows from 2026-05-01 to 2026-06-09.",observed accuracy|observed bias|evaluation window coverage|source identity,cross metric raw aggregation|invented scenario values,VERIFIED_LOCAL,forecast_substrateBE_hdd_forest_metrics,hdd_forest_metrics.csv
hdd_edb,hdd_edb,EDB,not_applicable,not_applicable,forest,NAMPRD07,2026-05-01 03:35:00,UNKNOWN,pending_d5,local_ingested,accuracy_only,NO_TARGET_DATE_GRAIN|NO_FORECAST_FACT_TABLE|SHINY_NOT_CONNECTED,"Multiple forecast versions are retained, so cross version accuracy comparison is available.","hdd_edb / EDB at forest grain, key NAMPRD07, forecast version 2026-05-01 03:35:00: average MAPE 14.5725, average accuracy 85.4275, across 32 evaluation windows from 2026-05-01 to 2026-06-09.",observed accuracy|observed bias|evaluation window coverage|source identity,cross metric raw aggregation|invented scenario values,VERIFIED_LOCAL,forecast_substrateBE_hdd_forest_metrics,hdd_forest_metrics.csv
hdd_edb,hdd_edb,EDB,not_applicable,not_applicable,forest,AUTP296,2026-04-06 19:49:02,UNKNOWN,pending_d5,local_ingested,accuracy_only,NO_TARGET_DATE_GRAIN|NO_FORECAST_FACT_TABLE|SHINY_NOT_CONNECTED,"Multiple forecast versions are retained, so cross version accuracy comparison is available.","hdd_edb / EDB at forest grain, key AUTP296, forecast version 2026-04-06 19:49:02: average MAPE 35.763333, average accuracy 64.236667, across 9 evaluation windows from 2026-04-07 to 2026-04-21.",observed accuracy|observed bias|evaluation window coverage|source identity,cross metric raw aggregation|invented scenario values,VERIFIED_LOCAL,forecast_substrateBE_hdd_forest_metrics,hdd_forest_metrics.csv
hdd_edb,hdd_edb,EDB,not_applicable,not_applicable,forest,ZAFP275,2026-05-01 03:35:00,UNKNOWN,pending_d5,local_ingested,accuracy_only,NO_TARGET_DATE_GRAIN|NO_FORECAST_FACT_TABLE|SHINY_NOT_CONNECTED,"Multiple forecast versions are retained, so cross version accuracy comparison is available.","hdd_edb / EDB at forest grain, key ZAFP275, forecast version 2026-05-01 03:35:00: average MAPE 0.600938, average accuracy 99.399062, across 32 evaluation windows from 2026-05-01 to 2026-06-09.",observed accuracy|observed bias|evaluation window coverage|source identity,cross metric raw aggregation|invented scenario values,VERIFIED_LOCAL,forecast_substrateBE_hdd_forest_metrics,hdd_forest_metrics.csv
hdd_edb,hdd_edb,EDB,not_applicable,not_applicable,forest,BRAP284,2026-04-06 19:49:02,UNKNOWN,pending_d5,local_ingested,accuracy_only,NO_TARGET_DATE_GRAIN|NO_FORECAST_FACT_TABLE|SHINY_NOT_CONNECTED,"Multiple forecast versions are retained, so cross version accuracy comparison is available.","hdd_edb / EDB at forest grain, key BRAP284, forecast version 2026-04-06 19:49:02: average MAPE 1.52, average accuracy 98.48, across 9 evaluation windows from 2026-04-07 to 2026-04-21.",observed accuracy|observed bias|evaluation window coverage|source identity,cross metric raw aggregation|invented scenario values,VERIFIED_LOCAL,forecast_substrateBE_hdd_forest_metrics,hdd_forest_metrics.csv
hdd_edb,hdd_edb,EDB,not_applicable,not_applicable,forest,CANP288,2026-04-06 19:49:02,UNKNOWN,pending_d5,local_ingested,accuracy_only,NO_TARGET_DATE_GRAIN|NO_FORECAST_FACT_TABLE|SHINY_NOT_CONNECTED,"Multiple forecast versions are retained, so cross version accuracy comparison is available.","hdd_edb / EDB at forest grain, key CANP288, forecast version 2026-04-06 19:49:02: average MAPE 0.946667, average accuracy 99.053333, across 9 evaluation windows from 2026-04-07 to 2026-04-21.",observed accuracy|observed bias|evaluation window coverage|source identity,cross metric raw aggregation|invented scenario values,VERIFIED_LOCAL,forecast_substrateBE_hdd_forest_metrics,hdd_forest_metrics.csv
hdd_edb,hdd_edb,EDB,not_applicable,not_applicable,forest,CANPRD01,2026-04-06 19:49:02,UNKNOWN,pending_d5,local_ingested,accuracy_only,NO_TARGET_DATE_GRAIN|NO_FORECAST_FACT_TABLE|SHINY_NOT_CONNECTED,"Multiple forecast versions are retained, so cross version accuracy comparison is available.","hdd_edb / EDB at forest grain, key CANPRD01, forecast version 2026-04-06 19:49:02: average MAPE 0.691111, average accuracy 99.308889, across 9 evaluation windows from 2026-04-07 to 2026-04-21.",observed accuracy|observed bias|evaluation window coverage|source identity,cross metric raw aggregation|invented scenario values,VERIFIED_LOCAL,forecast_substrateBE_hdd_forest_metrics,hdd_forest_metrics.csv
hdd_edb,hdd_edb,EDB,not_applicable,not_applicable,forest,CANPRD01,2026-05-01 03:35:00,UNKNOWN,pending_d5,local_ingested,accuracy_only,NO_TARGET_DATE_GRAIN|NO_FORECAST_FACT_TABLE|SHINY_NOT_CONNECTED,"Multiple forecast versions are retained, so cross version accuracy comparison is available.","hdd_edb / EDB at forest grain, key CANPRD01, forecast version 2026-05-01 03:35:00: average MAPE 0.145, average accuracy 99.855, across 32 evaluation windows from 2026-05-01 to 2026-06-09.",observed accuracy|observed bias|evaluation window coverage|source identity,cross metric raw aggregation|invented scenario values,VERIFIED_LOCAL,forecast_substrateBE_hdd_forest_metrics,hdd_forest_metrics.csv
hdd_edb,hdd_edb,EDB,not_applicable,not_applicable,forest,CHEP278,2026-04-06 19:49:02,UNKNOWN,pending_d5,local_ingested,accuracy_only,NO_TARGET_DATE_GRAIN|NO_FORECAST_FACT_TABLE|SHINY_NOT_CONNECTED,"Multiple forecast versions are retained, so cross version accuracy comparison is available.","hdd_edb / EDB at forest grain, key CHEP278, forecast version 2026-04-06 19:49:02: average MAPE 0.051111, average accuracy 99.948889, across 9 evaluation windows from 2026-04-07 to 2026-04-21.",observed accuracy|observed bias|evaluation window coverage|source identity,cross metric raw aggregation|invented scenario values,VERIFIED_LOCAL,forecast_substrateBE_hdd_forest_metrics,hdd_forest_metrics.csv
hdd_edb,hdd_edb,EDB,not_applicable,not_applicable,forest,CHEP278,2026-04-16 07:50:38,UNKNOWN,pending_d5,local_ingested,accuracy_only,NO_TARGET_DATE_GRAIN|NO_FORECAST_FACT_TABLE|SHINY_NOT_CONNECTED,"Multiple forecast versions are retained, so cross version accuracy comparison is available.","hdd_edb / EDB at forest grain, key CHEP278, forecast version 2026-04-16 07:50:38: average MAPE 6.906875, average accuracy 93.093125, across 16 evaluation windows from 2026-04-16 to 2026-05-06.",observed accuracy|observed bias|evaluation window coverage|source identity,cross metric raw aggregation|invented scenario values,VERIFIED_LOCAL,forecast_substrateBE_hdd_forest_metrics,hdd_forest_metrics.csv
hdd_edb,hdd_edb,EDB,not_applicable,not_applicable,forest,CHEP278,2026-05-01 03:35:00,UNKNOWN,pending_d5,local_ingested,accuracy_only,NO_TARGET_DATE_GRAIN|NO_FORECAST_FACT_TABLE|SHINY_NOT_CONNECTED,"Multiple forecast versions are retained, so cross version accuracy comparison is available.","hdd_edb / EDB at forest grain, key CHEP278, forecast version 2026-05-01 03:35:00: average MAPE 5.683438, average accuracy 94.316563, across 32 evaluation windows from 2026-05-01 to 2026-06-09.",observed accuracy|observed bias|evaluation window coverage|source identity,cross metric raw aggregation|invented scenario values,VERIFIED_LOCAL,forecast_substrateBE_hdd_forest_metrics,hdd_forest_metrics.csv
hdd_edb,hdd_edb,EDB,not_applicable,not_applicable,forest,CHLP298,2026-04-06 19:49:02,UNKNOWN,pending_d5,local_ingested,accuracy_only,NO_TARGET_DATE_GRAIN|NO_FORECAST_FACT_TABLE|SHINY_NOT_CONNECTED,"Multiple forecast versions are retained, so cross version accuracy comparison is available.","hdd_edb / EDB at forest grain, key CHLP298, forecast version 2026-04-06 19:49:02: average MAPE 7.516667, average accuracy 92.483333, across 9 evaluation windows from 2026-04-07 to 2026-04-21.",observed accuracy|observed bias|evaluation window coverage|source identity,cross metric raw aggregation|invented scenario values,VERIFIED_LOCAL,forecast_substrateBE_hdd_forest_metrics,hdd_forest_metrics.csv
hdd_edb,hdd_edb,EDB,not_applicable,not_applicable,forest,CHLP298,2026-04-16 07:50:38,UNKNOWN,pending_d5,local_ingested,accuracy_only,NO_TARGET_DATE_GRAIN|NO_FORECAST_FACT_TABLE|SHINY_NOT_CONNECTED,"Multiple forecast versions are retained, so cross version accuracy comparison is available.","hdd_edb / EDB at forest grain, key CHLP298, forecast version 2026-04-16 07:50:38: average MAPE 13.05625, average accuracy 86.94375, across 16 evaluation windows from 2026-04-16 to 2026-05-06.",observed accuracy|observed bias|evaluation window coverage|source identity,cross metric raw aggregation|invented scenario values,VERIFIED_LOCAL,forecast_substrateBE_hdd_forest_metrics,hdd_forest_metrics.csv
hdd_edb,hdd_edb,EDB,not_applicable,not_applicable,forest,DEUP281,2026-04-06 19:49:02,UNKNOWN,pending_d5,local_ingested,accuracy_only,NO_TARGET_DATE_GRAIN|NO_FORECAST_FACT_TABLE|SHINY_NOT_CONNECTED,"Multiple forecast versions are retained, so cross version accuracy comparison is available.","hdd_edb / EDB at forest grain, key DEUP281, forecast version 2026-04-06 19:49:02: average MAPE 0.352222, average accuracy 99.647778, across 9 evaluation windows from 2026-04-07 to 2026-04-21.",observed accuracy|observed bias|evaluation window coverage|source identity,cross metric raw aggregation|invented scenario values,VERIFIED_LOCAL,forecast_substrateBE_hdd_forest_metrics,hdd_forest_metrics.csv
hdd_edb,hdd_edb,EDB,not_applicable,not_applicable,forest,DNKP307,2026-04-06 19:49:02,UNKNOWN,pending_d5,local_ingested,accuracy_only,NO_TARGET_DATE_GRAIN|NO_FORECAST_FACT_TABLE|SHINY_NOT_CONNECTED,"Multiple forecast versions are retained, so cross version accuracy comparison is available.","hdd_edb / EDB at forest grain, key DNKP307, forecast version 2026-04-06 19:49:02: average MAPE 61.066667, average accuracy 38.933333, across 9 evaluation windows from 2026-04-07 to 2026-04-21.",observed accuracy|observed bias|evaluation window coverage|source identity,cross metric raw aggregation|invented scenario values,VERIFIED_LOCAL,forecast_substrateBE_hdd_forest_metrics,hdd_forest_metrics.csv
hdd_edb,hdd_edb,EDB,not_applicable,not_applicable,forest,DNKP307,2026-04-16 07:50:38,UNKNOWN,pending_d5,local_ingested,accuracy_only,NO_TARGET_DATE_GRAIN|NO_FORECAST_FACT_TABLE|SHINY_NOT_CONNECTED,"Multiple forecast versions are retained, so cross version accuracy comparison is available.","hdd_edb / EDB at forest grain, key DNKP307, forecast version 2026-04-16 07:50:38: average MAPE 66.86, average accuracy 33.14, across 16 evaluation windows from 2026-04-16 to 2026-05-06.",observed accuracy|observed bias|evaluation window coverage|source identity,cross metric raw aggregation|invented scenario values,VERIFIED_LOCAL,forecast_substrateBE_hdd_forest_metrics,hdd_forest_metrics.csv
hdd_edb,hdd_edb,EDB,not_applicable,not_applicable,forest,DNKP307,2026-05-01 03:35:00,UNKNOWN,pending_d5,local_ingested,accuracy_only,NO_TARGET_DATE_GRAIN|NO_FORECAST_FACT_TABLE|SHINY_NOT_CONNECTED,"Multiple forecast versions are retained, so cross version accuracy comparison is available.","hdd_edb / EDB at forest grain, key DNKP307, forecast version 2026-05-01 03:35:00: average MAPE 55.488125, average accuracy 44.511875, across 32 evaluation windows from 2026-05-01 to 2026-06-09.",observed accuracy|observed bias|evaluation window coverage|source identity,cross metric raw aggregation|invented scenario values,VERIFIED_LOCAL,forecast_substrateBE_hdd_forest_metrics,hdd_forest_metrics.csv
hdd_edb,hdd_edb,EDB,not_applicable,not_applicable,forest,ESPP292,2026-04-06 19:49:02,UNKNOWN,pending_d5,local_ingested,accuracy_only,NO_TARGET_DATE_GRAIN|NO_FORECAST_FACT_TABLE|SHINY_NOT_CONNECTED,"Multiple forecast versions are retained, so cross version accuracy comparison is available.","hdd_edb / EDB at forest grain, key ESPP292, forecast version 2026-04-06 19:49:02: average MAPE 30.763333, average accuracy 69.236667, across 9 evaluation windows from 2026-04-07 to 2026-04-21.",observed accuracy|observed bias|evaluation window coverage|source identity,cross metric raw aggregation|invented scenario values,VERIFIED_LOCAL,forecast_substrateBE_hdd_forest_metrics,hdd_forest_metrics.csv
hdd_edb,hdd_edb,EDB,not_applicable,not_applicable,forest,EURP107,2026-04-06 19:49:02,UNKNOWN,pending_d5,local_ingested,accuracy_only,NO_TARGET_DATE_GRAIN|NO_FORECAST_FACT_TABLE|SHINY_NOT_CONNECTED,"Multiple forecast versions are retained, so cross version accuracy comparison is available.","hdd_edb / EDB at forest grain, key EURP107, forecast version 2026-04-06 19:49:02: average MAPE 0.633333, average accuracy 99.366667, across 9 evaluation windows from 2026-04-07 to 2026-04-21.",observed accuracy|observed bias|evaluation window coverage|source identity,cross metric raw aggregation|invented scenario values,VERIFIED_LOCAL,forecast_substrateBE_hdd_forest_metrics,hdd_forest_metrics.csv
hdd_edb,hdd_edb,EDB,not_applicable,not_applicable,forest,EURP119,2026-04-06 19:49:02,UNKNOWN,pending_d5,local_ingested,accuracy_only,NO_TARGET_DATE_GRAIN|NO_FORECAST_FACT_TABLE|SHINY_NOT_CONNECTED,"Multiple forecast versions are retained, so cross version accuracy comparison is available.","hdd_edb / EDB at forest grain, key EURP119, forecast version 2026-04-06 19:49:02: average MAPE 0.073333, average accuracy 99.926667, across 9 evaluation windows from 2026-04-07 to 2026-04-21.",observed accuracy|observed bias|evaluation window coverage|source identity,cross metric raw aggregation|invented scenario values,VERIFIED_LOCAL,forecast_substrateBE_hdd_forest_metrics,hdd_forest_metrics.csv
hdd_edb,hdd_edb,EDB,not_applicable,not_applicable,forest,EURP120,2026-04-06 19:49:02,UNKNOWN,pending_d5,local_ingested,accuracy_only,NO_TARGET_DATE_GRAIN|NO_FORECAST_FACT_TABLE|SHINY_NOT_CONNECTED,"Multiple forecast versions are retained, so cross version accuracy comparison is available.","hdd_edb / EDB at forest grain, key EURP120, forecast version 2026-04-06 19:49:02: average MAPE 2.121111, average accuracy 97.878889, across 9 evaluation windows from 2026-04-07 to 2026-04-21.",observed accuracy|observed bias|evaluation window coverage|source identity,cross metric raw aggregation|invented scenario values,VERIFIED_LOCAL,forecast_substrateBE_hdd_forest_metrics,hdd_forest_metrics.csv
hdd_edb,hdd_edb,EDB,not_applicable,not_applicable,forest,EURP121,2026-04-06 19:49:02,UNKNOWN,pending_d5,local_ingested,accuracy_only,NO_TARGET_DATE_GRAIN|NO_FORECAST_FACT_TABLE|SHINY_NOT_CONNECTED,"Multiple forecast versions are retained, so cross version accuracy comparison is available.","hdd_edb / EDB at forest grain, key EURP121, forecast version 2026-04-06 19:49:02: average MAPE 0.064444, average accuracy 99.935556, across 9 evaluation windows from 2026-04-07 to 2026-04-21.",observed accuracy|observed bias|evaluation window coverage|source identity,cross metric raw aggregation|invented scenario values,VERIFIED_LOCAL,forecast_substrateBE_hdd_forest_metrics,hdd_forest_metrics.csv
hdd_edb,hdd_edb,EDB,not_applicable,not_applicable,forest,EURP121,2026-04-16 07:50:38,UNKNOWN,pending_d5,local_ingested,accuracy_only,NO_TARGET_DATE_GRAIN|NO_FORECAST_FACT_TABLE|SHINY_NOT_CONNECTED,"Multiple forecast versions are retained, so cross version accuracy comparison is available.","hdd_edb / EDB at forest grain, key EURP121, forecast version 2026-04-16 07:50:38: average MAPE 0.110625, average accuracy 99.889375, across 16 evaluation windows from 2026-04-16 to 2026-05-06.",observed accuracy|observed bias|evaluation window coverage|source identity,cross metric raw aggregation|invented scenario values,VERIFIED_LOCAL,forecast_substrateBE_hdd_forest_metrics,hdd_forest_metrics.csv
hdd_edb,hdd_edb,EDB,not_applicable,not_applicable,forest,EURP122,2026-04-06 19:49:02,UNKNOWN,pending_d5,local_ingested,accuracy_only,NO_TARGET_DATE_GRAIN|NO_FORECAST_FACT_TABLE|SHINY_NOT_CONNECTED,"Multiple forecast versions are retained, so cross version accuracy comparison is available.","hdd_edb / EDB at forest grain, key EURP122, forecast version 2026-04-06 19:49:02: average MAPE 0.271111, average accuracy 99.728889, across 9 evaluation windows from 2026-04-07 to 2026-04-21.",observed accuracy|observed bias|evaluation window coverage|source identity,cross metric raw aggregation|invented scenario values,VERIFIED_LOCAL,forecast_substrateBE_hdd_forest_metrics,hdd_forest_metrics.csv
hdd_edb,hdd_edb,EDB,not_applicable,not_applicable,forest,EURP122,2026-04-16 07:50:38,UNKNOWN,pending_d5,local_ingested,accuracy_only,NO_TARGET_DATE_GRAIN|NO_FORECAST_FACT_TABLE|SHINY_NOT_CONNECTED,"Multiple forecast versions are retained, so cross version accuracy comparison is available.","hdd_edb / EDB at forest grain, key EURP122, forecast version 2026-04-16 07:50:38: average MAPE 0.51, average accuracy 99.49, across 16 evaluation windows from 2026-04-16 to 2026-05-06.",observed accuracy|observed bias|evaluation window coverage|source identity,cross metric raw aggregation|invented scenario values,VERIFIED_LOCAL,forecast_substrateBE_hdd_forest_metrics,hdd_forest_metrics.csv
hdd_edb,hdd_edb,EDB,not_applicable,not_applicable,forest,EURP137,2026-04-06 19:49:02,UNKNOWN,pending_d5,local_ingested,accuracy_only,NO_TARGET_DATE_GRAIN|NO_FORECAST_FACT_TABLE|SHINY_NOT_CONNECTED,"Multiple forecast versions are retained, so cross version accuracy comparison is available.","hdd_edb / EDB at forest grain, key EURP137, forecast version 2026-04-06 19:49:02: average MAPE 221.064444, average accuracy 0.0, across 9 evaluation windows from 2026-04-07 to 2026-04-21.",observed accuracy|observed bias|evaluation window coverage|source identity,cross metric raw aggregation|invented scenario values,VERIFIED_LOCAL,forecast_substrateBE_hdd_forest_metrics,hdd_forest_metrics.csv
hdd_edb,hdd_edb,EDB,not_applicable,not_applicable,forest,EURP137,2026-04-16 07:50:38,UNKNOWN,pending_d5,local_ingested,accuracy_only,NO_TARGET_DATE_GRAIN|NO_FORECAST_FACT_TABLE|SHINY_NOT_CONNECTED,"Multiple forecast versions are retained, so cross version accuracy comparison is available.","hdd_edb / EDB at forest grain, key EURP137, forecast version 2026-04-16 07:50:38: average MAPE 256.2525, average accuracy 0.0, across 16 evaluation windows from 2026-04-16 to 2026-05-06.",observed accuracy|observed bias|evaluation window coverage|source identity,cross metric raw aggregation|invented scenario values,VERIFIED_LOCAL,forecast_substrateBE_hdd_forest_metrics,hdd_forest_metrics.csv
hdd_edb,hdd_edb,EDB,not_applicable,not_applicable,forest,EURP138,2026-04-06 19:49:02,UNKNOWN,pending_d5,local_ingested,accuracy_only,NO_TARGET_DATE_GRAIN|NO_FORECAST_FACT_TABLE|SHINY_NOT_CONNECTED,"Multiple forecast versions are retained, so cross version accuracy comparison is available.","hdd_edb / EDB at forest grain, key EURP138, forecast version 2026-04-06 19:49:02: average MAPE 0.975556, average accuracy 99.024444, across 9 evaluation windows from 2026-04-07 to 2026-04-21.",observed accuracy|observed bias|evaluation window coverage|source identity,cross metric raw aggregation|invented scenario values,VERIFIED_LOCAL,forecast_substrateBE_hdd_forest_metrics,hdd_forest_metrics.csv
hdd_edb,hdd_edb,EDB,not_applicable,not_applicable,forest,EURP138,2026-05-01 03:35:00,UNKNOWN,pending_d5,local_ingested,accuracy_only,NO_TARGET_DATE_GRAIN|NO_FORECAST_FACT_TABLE|SHINY_NOT_CONNECTED,"Multiple forecast versions are retained, so cross version accuracy comparison is available.","hdd_edb / EDB at forest grain, key EURP138, forecast version 2026-05-01 03:35:00: average MAPE 1.381563, average accuracy 98.618437, across 32 evaluation windows from 2026-05-01 to 2026-06-09.",observed accuracy|observed bias|evaluation window coverage|source identity,cross metric raw aggregation|invented scenario values,VERIFIED_LOCAL,forecast_substrateBE_hdd_forest_metrics,hdd_forest_metrics.csv
hdd_edb,hdd_edb,EDB,not_applicable,not_applicable,forest,EURP174,2026-04-06 19:49:02,UNKNOWN,pending_d5,local_ingested,accuracy_only,NO_TARGET_DATE_GRAIN|NO_FORECAST_FACT_TABLE|SHINY_NOT_CONNECTED,"Multiple forecast versions are retained, so cross version accuracy comparison is available.","hdd_edb / EDB at forest grain, key EURP174, forecast version 2026-04-06 19:49:02: average MAPE 0.918889, average accuracy 99.081111, across 9 evaluation windows from 2026-04-07 to 2026-04-21.",observed accuracy|observed bias|evaluation window coverage|source identity,cross metric raw aggregation|invented scenario values,VERIFIED_LOCAL,forecast_substrateBE_hdd_forest_metrics,hdd_forest_metrics.csv
hdd_edb,hdd_edb,EDB,not_applicable,not_applicable,forest,EURP175,2026-04-06 19:49:02,UNKNOWN,pending_d5,local_ingested,accuracy_only,NO_TARGET_DATE_GRAIN|NO_FORECAST_FACT_TABLE|SHINY_NOT_CONNECTED,"Multiple forecast versions are retained, so cross version accuracy comparison is available.","hdd_edb / EDB at forest grain, key EURP175, forecast version 2026-04-06 19:49:02: average MAPE 1.532222, average accuracy 98.467778, across 9 evaluation windows from 2026-04-07 to 2026-04-21.",observed accuracy|observed bias|evaluation window coverage|source identity,cross metric raw aggregation|invented scenario values,VERIFIED_LOCAL,forecast_substrateBE_hdd_forest_metrics,hdd_forest_metrics.csv
hdd_edb,hdd_edb,EDB,not_applicable,not_applicable,forest,EURP175,2026-04-16 07:50:38,UNKNOWN,pending_d5,local_ingested,accuracy_only,NO_TARGET_DATE_GRAIN|NO_FORECAST_FACT_TABLE|SHINY_NOT_CONNECTED,"Multiple forecast versions are retained, so cross version accuracy comparison is available.","hdd_edb / EDB at forest grain, key EURP175, forecast version 2026-04-16 07:50:38: average MAPE 0.894375, average accuracy 99.105625, across 16 evaluation windows from 2026-04-16 to 2026-05-06.",observed accuracy|observed bias|evaluation window coverage|source identity,cross metric raw aggregation|invented scenario values,VERIFIED_LOCAL,forecast_substrateBE_hdd_forest_metrics,hdd_forest_metrics.csv
hdd_edb,hdd_edb,EDB,not_applicable,not_applicable,forest,EURP175,2026-05-01 03:35:00,UNKNOWN,pending_d5,local_ingested,accuracy_only,NO_TARGET_DATE_GRAIN|NO_FORECAST_FACT_TABLE|SHINY_NOT_CONNECTED,"Multiple forecast versions are retained, so cross version accuracy comparison is available.","hdd_edb / EDB at forest grain, key EURP175, forecast version 2026-05-01 03:35:00: average MAPE 0.917813, average accuracy 99.082188, across 32 evaluation windows from 2026-05-01 to 2026-06-09.",observed accuracy|observed bias|evaluation window coverage|source identity,cross metric raw aggregation|invented scenario values,VERIFIED_LOCAL,forecast_substrateBE_hdd_forest_metrics,hdd_forest_metrics.csv
hdd_edb,hdd_edb,EDB,not_applicable,not_applicable,forest,EURP176,2026-04-06 19:49:02,UNKNOWN,pending_d5,local_ingested,accuracy_only,NO_TARGET_DATE_GRAIN|NO_FORECAST_FACT_TABLE|SHINY_NOT_CONNECTED,"Multiple forecast versions are retained, so cross version accuracy comparison is available.","hdd_edb / EDB at forest grain, key EURP176, forecast version 2026-04-06 19:49:02: average MAPE 0.53, average accuracy 99.47, across 9 evaluation windows from 2026-04-07 to 2026-04-21.",observed accuracy|observed bias|evaluation window coverage|source identity,cross metric raw aggregation|invented scenario values,VERIFIED_LOCAL,forecast_substrateBE_hdd_forest_metrics,hdd_forest_metrics.csv
hdd_edb,hdd_edb,EDB,not_applicable,not_applicable,forest,EURP176,2026-04-16 07:50:38,UNKNOWN,pending_d5,local_ingested,accuracy_only,NO_TARGET_DATE_GRAIN|NO_FORECAST_FACT_TABLE|SHINY_NOT_CONNECTED,"Multiple forecast versions are retained, so cross version accuracy comparison is available.","hdd_edb / EDB at forest grain, key EURP176, forecast version 2026-04-16 07:50:38: average MAPE 2.640625, average accuracy 97.359375, across 16 evaluation windows from 2026-04-16 to 2026-05-06.",observed accuracy|observed bias|evaluation window coverage|source identity,cross metric raw aggregation|invented scenario values,VERIFIED_LOCAL,forecast_substrateBE_hdd_forest_metrics,hdd_forest_metrics.csv
hdd_edb,hdd_edb,EDB,not_applicable,not_applicable,forest,EURP177,2026-04-06 19:49:02,UNKNOWN,pending_d5,local_ingested,accuracy_only,NO_TARGET_DATE_GRAIN|NO_FORECAST_FACT_TABLE|SHINY_NOT_CONNECTED,"Multiple forecast versions are retained, so cross version accuracy comparison is available.","hdd_edb / EDB at forest grain, key EURP177, forecast version 2026-04-06 19:49:02: average MAPE 204.863333, average accuracy 33.142222, across 9 evaluation windows from 2026-04-07 to 2026-04-21.",observed accuracy|observed bias|evaluation window coverage|source identity,cross metric raw aggregation|invented scenario values,VERIFIED_LOCAL,forecast_substrateBE_hdd_forest_metrics,hdd_forest_metrics.csv
hdd_edb,hdd_edb,EDB,not_applicable,not_applicable,forest,EURP177,2026-04-16 07:50:38,UNKNOWN,pending_d5,local_ingested,accuracy_only,NO_TARGET_DATE_GRAIN|NO_FORECAST_FACT_TABLE|SHINY_NOT_CONNECTED,"Multiple forecast versions are retained, so cross version accuracy comparison is available.","hdd_edb / EDB at forest grain, key EURP177, forecast version 2026-04-16 07:50:38: average MAPE 614.51375, average accuracy 0.0, across 16 evaluation windows from 2026-04-16 to 2026-05-06.",observed accuracy|observed bias|evaluation window coverage|source identity,cross metric raw aggregation|invented scenario values,VERIFIED_LOCAL,forecast_substrateBE_hdd_forest_metrics,hdd_forest_metrics.csv
hdd_edb,hdd_edb,EDB,not_applicable,not_applicable,forest,EURP178,2026-04-06 19:49:02,UNKNOWN,pending_d5,local_ingested,accuracy_only,NO_TARGET_DATE_GRAIN|NO_FORECAST_FACT_TABLE|SHINY_NOT_CONNECTED,"Multiple forecast versions are retained, so cross version accuracy comparison is available.","hdd_edb / EDB at forest grain, key EURP178, forecast version 2026-04-06 19:49:02: average MAPE 0.797778, average accuracy 99.202222, across 9 evaluation windows from 2026-04-07 to 2026-04-21.",observed accuracy|observed bias|evaluation window coverage|source identity,cross metric raw aggregation|invented scenario values,VERIFIED_LOCAL,forecast_substrateBE_hdd_forest_metrics,hdd_forest_metrics.csv
hdd_edb,hdd_edb,EDB,not_applicable,not_applicable,forest,EURP178,2026-05-01 03:35:00,UNKNOWN,pending_d5,local_ingested,accuracy_only,NO_TARGET_DATE_GRAIN|NO_FORECAST_FACT_TABLE|SHINY_NOT_CONNECTED,"Multiple forecast versions are retained, so cross version accuracy comparison is available.","hdd_edb / EDB at forest grain, key EURP178, forecast version 2026-05-01 03:35:00: average MAPE 1.390937, average accuracy 98.609062, across 32 evaluation windows from 2026-05-01 to 2026-06-09.",observed accuracy|observed bias|evaluation window coverage|source identity,cross metric raw aggregation|invented scenario values,VERIFIED_LOCAL,forecast_substrateBE_hdd_forest_metrics,hdd_forest_metrics.csv
hdd_edb,hdd_edb,EDB,not_applicable,not_applicable,forest,EURP179,2026-04-06 19:49:02,UNKNOWN,pending_d5,local_ingested,accuracy_only,NO_TARGET_DATE_GRAIN|NO_FORECAST_FACT_TABLE|SHINY_NOT_CONNECTED,"Multiple forecast versions are retained, so cross version accuracy comparison is available.","hdd_edb / EDB at forest grain, key EURP179, forecast version 2026-04-06 19:49:02: average MAPE 1.551111, average accuracy 98.448889, across 9 evaluation windows from 2026-04-07 to 2026-04-21.",observed accuracy|observed bias|evaluation window coverage|source identity,cross metric raw aggregation|invented scenario values,VERIFIED_LOCAL,forecast_substrateBE_hdd_forest_metrics,hdd_forest_metrics.csv
hdd_edb,hdd_edb,EDB,not_applicable,not_applicable,forest,EURP179,2026-05-01 03:35:00,UNKNOWN,pending_d5,local_ingested,accuracy_only,NO_TARGET_DATE_GRAIN|NO_FORECAST_FACT_TABLE|SHINY_NOT_CONNECTED,"Multiple forecast versions are retained, so cross version accuracy comparison is available.","hdd_edb / EDB at forest grain, key EURP179, forecast version 2026-05-01 03:35:00: average MAPE 16.246562, average accuracy 83.753438, across 32 evaluation windows from 2026-05-01 to 2026-06-09.",observed accuracy|observed bias|evaluation window coverage|source identity,cross metric raw aggregation|invented scenario values,VERIFIED_LOCAL,forecast_substrateBE_hdd_forest_metrics,hdd_forest_metrics.csv
hdd_edb,hdd_edb,EDB,not_applicable,not_applicable,forest,EURP180,2026-04-06 19:49:02,UNKNOWN,pending_d5,local_ingested,accuracy_only,NO_TARGET_DATE_GRAIN|NO_FORECAST_FACT_TABLE|SHINY_NOT_CONNECTED,"Multiple forecast versions are retained, so cross version accuracy comparison is available.","hdd_edb / EDB at forest grain, key EURP180, forecast version 2026-04-06 19:49:02: average MAPE 0.641111, average accuracy 99.358889, across 9 evaluation windows from 2026-04-07 to 2026-04-21.",observed accuracy|observed bias|evaluation window coverage|source identity,cross metric raw aggregation|invented scenario values,VERIFIED_LOCAL,forecast_substrateBE_hdd_forest_metrics,hdd_forest_metrics.csv
hdd_edb,hdd_edb,EDB,not_applicable,not_applicable,forest,EURP189,2026-04-06 19:49:02,UNKNOWN,pending_d5,local_ingested,accuracy_only,NO_TARGET_DATE_GRAIN|NO_FORECAST_FACT_TABLE|SHINY_NOT_CONNECTED,"Multiple forecast versions are retained, so cross version accuracy comparison is available.","hdd_edb / EDB at forest grain, key EURP189, forecast version 2026-04-06 19:49:02: average MAPE 0.237778, average accuracy 99.762222, across 9 evaluation windows from 2026-04-07 to 2026-04-21.",observed accuracy|observed bias|evaluation window coverage|source identity,cross metric raw aggregation|invented scenario values,VERIFIED_LOCAL,forecast_substrateBE_hdd_forest_metrics,hdd_forest_metrics.csv
hdd_edb,hdd_edb,EDB,not_applicable,not_applicable,forest,EURP190,2026-04-06 19:49:02,UNKNOWN,pending_d5,local_ingested,accuracy_only,NO_TARGET_DATE_GRAIN|NO_FORECAST_FACT_TABLE|SHINY_NOT_CONNECTED,"Multiple forecast versions are retained, so cross version accuracy comparison is available.","hdd_edb / EDB at forest grain, key EURP190, forecast version 2026-04-06 19:49:02: average MAPE 0.027778, average accuracy 99.972222, across 9 evaluation windows from 2026-04-07 to 2026-04-21.",observed accuracy|observed bias|evaluation window coverage|source identity,cross metric raw aggregation|invented scenario values,VERIFIED_LOCAL,forecast_substrateBE_hdd_forest_metrics,hdd_forest_metrics.csv
hdd_edb,hdd_edb,EDB,not_applicable,not_applicable,forest,EURP190,2026-05-01 03:35:00,UNKNOWN,pending_d5,local_ingested,accuracy_only,NO_TARGET_DATE_GRAIN|NO_FORECAST_FACT_TABLE|SHINY_NOT_CONNECTED,"Multiple forecast versions are retained, so cross version accuracy comparison is available.","hdd_edb / EDB at forest grain, key EURP190, forecast version 2026-05-01 03:35:00: average MAPE 31.351562, average accuracy 68.648438, across 32 evaluation windows from 2026-05-01 to 2026-06-09.",observed accuracy|observed bias|evaluation window coverage|source identity,cross metric raw aggregation|invented scenario values,VERIFIED_LOCAL,forecast_substrateBE_hdd_forest_metrics,hdd_forest_metrics.csv
hdd_edb,hdd_edb,EDB,not_applicable,not_applicable,forest,EURP191,2026-04-06 19:49:02,UNKNOWN,pending_d5,local_ingested,accuracy_only,NO_TARGET_DATE_GRAIN|NO_FORECAST_FACT_TABLE|SHINY_NOT_CONNECTED,"Multiple forecast versions are retained, so cross version accuracy comparison is available.","hdd_edb / EDB at forest grain, key EURP191, forecast version 2026-04-06 19:49:02: average MAPE 0.447778, average accuracy 99.552222, across 9 evaluation windows from 2026-04-07 to 2026-04-21.",observed accuracy|observed bias|evaluation window coverage|source identity,cross metric raw aggregation|invented scenario values,VERIFIED_LOCAL,forecast_substrateBE_hdd_forest_metrics,hdd_forest_metrics.csv
hdd_edb,hdd_edb,EDB,not_applicable,not_applicable,forest,EURP191,2026-05-01 03:35:00,UNKNOWN,pending_d5,local_ingested,accuracy_only,NO_TARGET_DATE_GRAIN|NO_FORECAST_FACT_TABLE|SHINY_NOT_CONNECTED,"Multiple forecast versions are retained, so cross version accuracy comparison is available.","hdd_edb / EDB at forest grain, key EURP191, forecast version 2026-05-01 03:35:00: average MAPE 24.549688, average accuracy 75.450312, across 32 evaluation windows from 2026-05-01 to 2026-06-09.",observed accuracy|observed bias|evaluation window coverage|source identity,cross metric raw aggregation|invented scenario values,VERIFIED_LOCAL,forecast_substrateBE_hdd_forest_metrics,hdd_forest_metrics.csv
hdd_edb,hdd_edb,EDB,not_applicable,not_applicable,forest,EURP192,2026-04-06 19:49:02,UNKNOWN,pending_d5,local_ingested,accuracy_only,NO_TARGET_DATE_GRAIN|NO_FORECAST_FACT_TABLE|SHINY_NOT_CONNECTED,"Multiple forecast versions are retained, so cross version accuracy comparison is available.","hdd_edb / EDB at forest grain, key EURP192, forecast version 2026-04-06 19:49:02: average MAPE 7.546667, average accuracy 92.453333, across 9 evaluation windows from 2026-04-07 to 2026-04-21.",observed accuracy|observed bias|evaluation window coverage|source identity,cross metric raw aggregation|invented scenario values,VERIFIED_LOCAL,forecast_substrateBE_hdd_forest_metrics,hdd_forest_metrics.csv
hdd_edb,hdd_edb,EDB,not_applicable,not_applicable,forest,EURP192,2026-04-16 07:50:38,UNKNOWN,pending_d5,local_ingested,accuracy_only,NO_TARGET_DATE_GRAIN|NO_FORECAST_FACT_TABLE|SHINY_NOT_CONNECTED,"Multiple forecast versions are retained, so cross version accuracy comparison is available.","hdd_edb / EDB at forest grain, key EURP192, forecast version 2026-04-16 07:50:38: average MAPE 78.078125, average accuracy 21.921875, across 16 evaluation windows from 2026-04-16 to 2026-05-06.",observed accuracy|observed bias|evaluation window coverage|source identity,cross metric raw aggregation|invented scenario values,VERIFIED_LOCAL,forecast_substrateBE_hdd_forest_metrics,hdd_forest_metrics.csv
hdd_edb,hdd_edb,EDB,not_applicable,not_applicable,forest,EURP193,2026-04-06 19:49:02,UNKNOWN,pending_d5,local_ingested,accuracy_only,NO_TARGET_DATE_GRAIN|NO_FORECAST_FACT_TABLE|SHINY_NOT_CONNECTED,"Multiple forecast versions are retained, so cross version accuracy comparison is available.","hdd_edb / EDB at forest grain, key EURP193, forecast version 2026-04-06 19:49:02: average MAPE 0.156667, average accuracy 99.843333, across 9 evaluation windows from 2026-04-07 to 2026-04-21.",observed accuracy|observed bias|evaluation window coverage|source identity,cross metric raw aggregation|invented scenario values,VERIFIED_LOCAL,forecast_substrateBE_hdd_forest_metrics,hdd_forest_metrics.csv
hdd_edb,hdd_edb,EDB,not_applicable,not_applicable,forest,EURP194,2026-04-06 19:49:02,UNKNOWN,pending_d5,local_ingested,accuracy_only,NO_TARGET_DATE_GRAIN|NO_FORECAST_FACT_TABLE|SHINY_NOT_CONNECTED,"Multiple forecast versions are retained, so cross version accuracy comparison is available.","hdd_edb / EDB at forest grain, key EURP194, forecast version 2026-04-06 19:49:02: average MAPE 0.078889, average accuracy 99.921111, across 9 evaluation windows from 2026-04-07 to 2026-04-21.",observed accuracy|observed bias|evaluation window coverage|source identity,cross metric raw aggregation|invented scenario values,VERIFIED_LOCAL,forecast_substrateBE_hdd_forest_metrics,hdd_forest_metrics.csv
hdd_edb,hdd_edb,EDB,not_applicable,not_applicable,forest,EURP195,2026-04-06 19:49:02,UNKNOWN,pending_d5,local_ingested,accuracy_only,NO_TARGET_DATE_GRAIN|NO_FORECAST_FACT_TABLE|SHINY_NOT_CONNECTED,"Multiple forecast versions are retained, so cross version accuracy comparison is available.","hdd_edb / EDB at forest grain, key EURP195, forecast version 2026-04-06 19:49:02: average MAPE 7.183333, average accuracy 92.816667, across 9 evaluation windows from 2026-04-07 to 2026-04-21.",observed accuracy|observed bias|evaluation window coverage|source identity,cross metric raw aggregation|invented scenario values,VERIFIED_LOCAL,forecast_substrateBE_hdd_forest_metrics,hdd_forest_metrics.csv
hdd_edb,hdd_edb,EDB,not_applicable,not_applicable,forest,EURP250,2026-04-06 19:49:02,UNKNOWN,pending_d5,local_ingested,accuracy_only,NO_TARGET_DATE_GRAIN|NO_FORECAST_FACT_TABLE|SHINY_NOT_CONNECTED,"Multiple forecast versions are retained, so cross version accuracy comparison is available.","hdd_edb / EDB at forest grain, key EURP250, forecast version 2026-04-06 19:49:02: average MAPE 4.482222, average accuracy 95.517778, across 9 evaluation windows from 2026-04-07 to 2026-04-21.",observed accuracy|observed bias|evaluation window coverage|source identity,cross metric raw aggregation|invented scenario values,VERIFIED_LOCAL,forecast_substrateBE_hdd_forest_metrics,hdd_forest_metrics.csv
hdd_edb,hdd_edb,EDB,not_applicable,not_applicable,forest,EURP251,2026-04-06 19:49:02,UNKNOWN,pending_d5,local_ingested,accuracy_only,NO_TARGET_DATE_GRAIN|NO_FORECAST_FACT_TABLE|SHINY_NOT_CONNECTED,"Multiple forecast versions are retained, so cross version accuracy comparison is available.","hdd_edb / EDB at forest grain, key EURP251, forecast version 2026-04-06 19:49:02: average MAPE 4.202222, average accuracy 95.797778, across 9 evaluation windows from 2026-04-07 to 2026-04-21.",observed accuracy|observed bias|evaluation window coverage|source identity,cross metric raw aggregation|invented scenario values,VERIFIED_LOCAL,forecast_substrateBE_hdd_forest_metrics,hdd_forest_metrics.csv
hdd_edb,hdd_edb,EDB,not_applicable,not_applicable,forest,EURP251,2026-04-16 07:50:38,UNKNOWN,pending_d5,local_ingested,accuracy_only,NO_TARGET_DATE_GRAIN|NO_FORECAST_FACT_TABLE|SHINY_NOT_CONNECTED,"Multiple forecast versions are retained, so cross version accuracy comparison is available.","hdd_edb / EDB at forest grain, key EURP251, forecast version 2026-04-16 07:50:38: average MAPE 61.898125, average accuracy 38.101875, across 16 evaluation windows from 2026-04-16 to 2026-05-06.",observed accuracy|observed bias|evaluation window coverage|source identity,cross metric raw aggregation|invented scenario values,VERIFIED_LOCAL,forecast_substrateBE_hdd_forest_metrics,hdd_forest_metrics.csv
hdd_edb,hdd_edb,EDB,not_applicable,not_applicable,forest,EURP309,2026-04-06 19:49:02,UNKNOWN,pending_d5,local_ingested,accuracy_only,NO_TARGET_DATE_GRAIN|NO_FORECAST_FACT_TABLE|SHINY_NOT_CONNECTED,"Multiple forecast versions are retained, so cross version accuracy comparison is available.","hdd_edb / EDB at forest grain, key EURP309, forecast version 2026-04-06 19:49:02: average MAPE 12.777778, average accuracy 87.222222, across 9 evaluation windows from 2026-04-07 to 2026-04-21.",observed accuracy|observed bias|evaluation window coverage|source identity,cross metric raw aggregation|invented scenario values,VERIFIED_LOCAL,forecast_substrateBE_hdd_forest_metrics,hdd_forest_metrics.csv
hdd_edb,hdd_edb,EDB,not_applicable,not_applicable,forest,EURPRD01,2026-04-06 19:49:02,UNKNOWN,pending_d5,local_ingested,accuracy_only,NO_TARGET_DATE_GRAIN|NO_FORECAST_FACT_TABLE|SHINY_NOT_CONNECTED,"Multiple forecast versions are retained, so cross version accuracy comparison is available.","hdd_edb / EDB at forest grain, key EURPRD01, forecast version 2026-04-06 19:49:02: average MAPE 1.976667, average accuracy 98.023333, across 9 evaluation windows from 2026-04-07 to 2026-04-21.",observed accuracy|observed bias|evaluation window coverage|source identity,cross metric raw aggregation|invented scenario values,VERIFIED_LOCAL,forecast_substrateBE_hdd_forest_metrics,hdd_forest_metrics.csv
hdd_edb,hdd_edb,EDB,not_applicable,not_applicable,forest,EURPRD02,2026-04-06 19:49:02,UNKNOWN,pending_d5,local_ingested,accuracy_only,NO_TARGET_DATE_GRAIN|NO_FORECAST_FACT_TABLE|SHINY_NOT_CONNECTED,"Multiple forecast versions are retained, so cross version accuracy comparison is available.","hdd_edb / EDB at forest grain, key EURPRD02, forecast version 2026-04-06 19:49:02: average MAPE 1.42, average accuracy 98.58, across 9 evaluation windows from 2026-04-07 to 2026-04-21.",observed accuracy|observed bias|evaluation window coverage|source identity,cross metric raw aggregation|invented scenario values,VERIFIED_LOCAL,forecast_substrateBE_hdd_forest_metrics,hdd_forest_metrics.csv
hdd_edb,hdd_edb,EDB,not_applicable,not_applicable,forest,EURPRD02,2026-04-16 07:50:38,UNKNOWN,pending_d5,local_ingested,accuracy_only,NO_TARGET_DATE_GRAIN|NO_FORECAST_FACT_TABLE|SHINY_NOT_CONNECTED,"Multiple forecast versions are retained, so cross version accuracy comparison is available.","hdd_edb / EDB at forest grain, key EURPRD02, forecast version 2026-04-16 07:50:38: average MAPE 11.06, average accuracy 88.94, across 16 evaluation windows from 2026-04-16 to 2026-05-06.",observed accuracy|observed bias|evaluation window coverage|source identity,cross metric raw aggregation|invented scenario values,VERIFIED_LOCAL,forecast_substrateBE_hdd_forest_metrics,hdd_forest_metrics.csv
hdd_edb,hdd_edb,EDB,not_applicable,not_applicable,forest,EURPRD03,2026-04-06 19:49:02,UNKNOWN,pending_d5,local_ingested,accuracy_only,NO_TARGET_DATE_GRAIN|NO_FORECAST_FACT_TABLE|SHINY_NOT_CONNECTED,"Multiple forecast versions are retained, so cross version accuracy comparison is available.","hdd_edb / EDB at forest grain, key EURPRD03, forecast version 2026-04-06 19:49:02: average MAPE 3.001111, average accuracy 96.998889, across 9 evaluation windows from 2026-04-07 to 2026-04-21.",observed accuracy|observed bias|evaluation window coverage|source identity,cross metric raw aggregation|invented scenario values,VERIFIED_LOCAL,forecast_substrateBE_hdd_forest_metrics,hdd_forest_metrics.csv
hdd_edb,hdd_edb,EDB,not_applicable,not_applicable,forest,EURPRD03,2026-04-16 07:50:38,UNKNOWN,pending_d5,local_ingested,accuracy_only,NO_TARGET_DATE_GRAIN|NO_FORECAST_FACT_TABLE|SHINY_NOT_CONNECTED,"Multiple forecast versions are retained, so cross version accuracy comparison is available.","hdd_edb / EDB at forest grain, key EURPRD03, forecast version 2026-04-16 07:50:38: average MAPE 1.6225, average accuracy 98.3775, across 16 evaluation windows from 2026-04-16 to 2026-05-06.",observed accuracy|observed bias|evaluation window coverage|source identity,cross metric raw aggregation|invented scenario values,VERIFIED_LOCAL,forecast_substrateBE_hdd_forest_metrics,hdd_forest_metrics.csv
hdd_edb,hdd_edb,EDB,not_applicable,not_applicable,forest,EURPRD03,2026-05-01 03:35:00,UNKNOWN,pending_d5,local_ingested,accuracy_only,NO_TARGET_DATE_GRAIN|NO_FORECAST_FACT_TABLE|SHINY_NOT_CONNECTED,"Multiple forecast versions are retained, so cross version accuracy comparison is available.","hdd_edb / EDB at forest grain, key EURPRD03, forecast version 2026-05-01 03:35:00: average MAPE 5.4875, average accuracy 94.5125, across 32 evaluation windows from 2026-05-01 to 2026-06-09.",observed accuracy|observed bias|evaluation window coverage|source identity,cross metric raw aggregation|invented scenario values,VERIFIED_LOCAL,forecast_substrateBE_hdd_forest_metrics,hdd_forest_metrics.csv
hdd_edb,hdd_edb,EDB,not_applicable,not_applicable,forest,EURPRD04,2026-04-06 19:49:02,UNKNOWN,pending_d5,local_ingested,accuracy_only,NO_TARGET_DATE_GRAIN|NO_FORECAST_FACT_TABLE|SHINY_NOT_CONNECTED,"Multiple forecast versions are retained, so cross version accuracy comparison is available.","hdd_edb / EDB at forest grain, key EURPRD04, forecast version 2026-04-06 19:49:02: average MAPE 3.165556, average accuracy 96.834444, across 9 evaluation windows from 2026-04-07 to 2026-04-21.",observed accuracy|observed bias|evaluation window coverage|source identity,cross metric raw aggregation|invented scenario values,VERIFIED_LOCAL,forecast_substrateBE_hdd_forest_metrics,hdd_forest_metrics.csv
hdd_edb,hdd_edb,EDB,not_applicable,not_applicable,forest,EURPRD05,2026-04-06 19:49:02,UNKNOWN,pending_d5,local_ingested,accuracy_only,NO_TARGET_DATE_GRAIN|NO_FORECAST_FACT_TABLE|SHINY_NOT_CONNECTED,"Multiple forecast versions are retained, so cross version accuracy comparison is available.","hdd_edb / EDB at forest grain, key EURPRD05, forecast version 2026-04-06 19:49:02: average MAPE 1.072222, average accuracy 98.927778, across 9 evaluation windows from 2026-04-07 to 2026-04-21.",observed accuracy|observed bias|evaluation window coverage|source identity,cross metric raw aggregation|invented scenario values,VERIFIED_LOCAL,forecast_substrateBE_hdd_forest_metrics,hdd_forest_metrics.csv
hdd_edb,hdd_edb,EDB,not_applicable,not_applicable,forest,EURPRD06,2026-04-06 19:49:02,UNKNOWN,pending_d5,local_ingested,accuracy_only,NO_TARGET_DATE_GRAIN|NO_FORECAST_FACT_TABLE|SHINY_NOT_CONNECTED,"Multiple forecast versions are retained, so cross version accuracy comparison is available.","hdd_edb / EDB at forest grain, key EURPRD06, forecast version 2026-04-06 19:49:02: average MAPE 1.825556, average accuracy 98.174444, across 9 evaluation windows from 2026-04-07 to 2026-04-21.",observed accuracy|observed bias|evaluation window coverage|source identity,cross metric raw aggregation|invented scenario values,VERIFIED_LOCAL,forecast_substrateBE_hdd_forest_metrics,hdd_forest_metrics.csv
hdd_edb,hdd_edb,EDB,not_applicable,not_applicable,forest,EURPRD06,2026-04-16 07:50:38,UNKNOWN,pending_d5,local_ingested,accuracy_only,NO_TARGET_DATE_GRAIN|NO_FORECAST_FACT_TABLE|SHINY_NOT_CONNECTED,"Multiple forecast versions are retained, so cross version accuracy comparison is available.","hdd_edb / EDB at forest grain, key EURPRD06, forecast version 2026-04-16 07:50:38: average MAPE 2.29125, average accuracy 97.70875, across 16 evaluation windows from 2026-04-16 to 2026-05-06.",observed accuracy|observed bias|evaluation window coverage|source identity,cross metric raw aggregation|invented scenario values,VERIFIED_LOCAL,forecast_substrateBE_hdd_forest_metrics,hdd_forest_metrics.csv
hdd_edb,hdd_edb,EDB,not_applicable,not_applicable,forest,EURPRD07,2026-04-06 19:49:02,UNKNOWN,pending_d5,local_ingested,accuracy_only,NO_TARGET_DATE_GRAIN|NO_FORECAST_FACT_TABLE|SHINY_NOT_CONNECTED,"Multiple forecast versions are retained, so cross version accuracy comparison is available.","hdd_edb / EDB at forest grain, key EURPRD07, forecast version 2026-04-06 19:49:02: average MAPE 3.836667, average accuracy 96.163333, across 9 evaluation windows from 2026-04-07 to 2026-04-21.",observed accuracy|observed bias|evaluation window coverage|source identity,cross metric raw aggregation|invented scenario values,VERIFIED_LOCAL,forecast_substrateBE_hdd_forest_metrics,hdd_forest_metrics.csv
hdd_edb,hdd_edb,EDB,not_applicable,not_applicable,forest,EURPRD07,2026-05-01 03:35:00,UNKNOWN,pending_d5,local_ingested,accuracy_only,NO_TARGET_DATE_GRAIN|NO_FORECAST_FACT_TABLE|SHINY_NOT_CONNECTED,"Multiple forecast versions are retained, so cross version accuracy comparison is available.","hdd_edb / EDB at forest grain, key EURPRD07, forecast version 2026-05-01 03:35:00: average MAPE 30.014063, average accuracy 69.985938, across 32 evaluation windows from 2026-05-01 to 2026-06-09.",observed accuracy|observed bias|evaluation window coverage|source identity,cross metric raw aggregation|invented scenario values,VERIFIED_LOCAL,forecast_substrateBE_hdd_forest_metrics,hdd_forest_metrics.csv
hdd_edb,hdd_edb,EDB,not_applicable,not_applicable,forest,EURPRD08,2026-04-06 19:49:02,UNKNOWN,pending_d5,local_ingested,accuracy_only,NO_TARGET_DATE_GRAIN|NO_FORECAST_FACT_TABLE|SHINY_NOT_CONNECTED,"Multiple forecast versions are retained, so cross version accuracy comparison is available.","hdd_edb / EDB at forest grain, key EURPRD08, forecast version 2026-04-06 19:49:02: average MAPE 0.386667, average accuracy 99.613333, across 9 evaluation windows from 2026-04-07 to 2026-04-21.",observed accuracy|observed bias|evaluation window coverage|source identity,cross metric raw aggregation|invented scenario values,VERIFIED_LOCAL,forecast_substrateBE_hdd_forest_metrics,hdd_forest_metrics.csv
hdd_edb,hdd_edb,EDB,not_applicable,not_applicable,forest,EURPRD09,2026-04-06 19:49:02,UNKNOWN,pending_d5,local_ingested,accuracy_only,NO_TARGET_DATE_GRAIN|NO_FORECAST_FACT_TABLE|SHINY_NOT_CONNECTED,"Multiple forecast versions are retained, so cross version accuracy comparison is available.","hdd_edb / EDB at forest grain, key EURPRD09, forecast version 2026-04-06 19:49:02: average MAPE 1.666667, average accuracy 98.333333, across 9 evaluation windows from 2026-04-07 to 2026-04-21.",observed accuracy|observed bias|evaluation window coverage|source identity,cross metric raw aggregation|invented scenario values,VERIFIED_LOCAL,forecast_substrateBE_hdd_forest_metrics,hdd_forest_metrics.csv
hdd_edb,hdd_edb,EDB,not_applicable,not_applicable,forest,EURPRD09,2026-04-16 07:50:38,UNKNOWN,pending_d5,local_ingested,accuracy_only,NO_TARGET_DATE_GRAIN|NO_FORECAST_FACT_TABLE|SHINY_NOT_CONNECTED,"Multiple forecast versions are retained, so cross version accuracy comparison is available.","hdd_edb / EDB at forest grain, key EURPRD09, forecast version 2026-04-16 07:50:38: average MAPE 12.463125, average accuracy 87.536875, across 16 evaluation windows from 2026-04-16 to 2026-05-06.",observed accuracy|observed bias|evaluation window coverage|source identity,cross metric raw aggregation|invented scenario values,VERIFIED_LOCAL,forecast_substrateBE_hdd_forest_metrics,hdd_forest_metrics.csv
hdd_edb,hdd_edb,EDB,not_applicable,not_applicable,forest,EURPRD10,2026-04-06 19:49:02,UNKNOWN,pending_d5,local_ingested,accuracy_only,NO_TARGET_DATE_GRAIN|NO_FORECAST_FACT_TABLE|SHINY_NOT_CONNECTED,"Multiple forecast versions are retained, so cross version accuracy comparison is available.","hdd_edb / EDB at forest grain, key EURPRD10, forecast version 2026-04-06 19:49:02: average MAPE 3.264444, average accuracy 96.735556, across 9 evaluation windows from 2026-04-07 to 2026-04-21.",observed accuracy|observed bias|evaluation window coverage|source identity,cross metric raw aggregation|invented scenario values,VERIFIED_LOCAL,forecast_substrateBE_hdd_forest_metrics,hdd_forest_metrics.csv
hdd_edb,hdd_edb,EDB,not_applicable,not_applicable,forest,EURPRD83,2026-04-06 19:49:02,UNKNOWN,pending_d5,local_ingested,accuracy_only,NO_TARGET_DATE_GRAIN|NO_FORECAST_FACT_TABLE|SHINY_NOT_CONNECTED,"Multiple forecast versions are retained, so cross version accuracy comparison is available.","hdd_edb / EDB at forest grain, key EURPRD83, forecast version 2026-04-06 19:49:02: average MAPE 1.13, average accuracy 98.87, across 9 evaluation windows from 2026-04-07 to 2026-04-21.",observed accuracy|observed bias|evaluation window coverage|source identity,cross metric raw aggregation|invented scenario values,VERIFIED_LOCAL,forecast_substrateBE_hdd_forest_metrics,hdd_forest_metrics.csv
hdd_edb,hdd_edb,EDB,not_applicable,not_applicable,forest,EURPRD83,2026-04-16 07:50:38,UNKNOWN,pending_d5,local_ingested,accuracy_only,NO_TARGET_DATE_GRAIN|NO_FORECAST_FACT_TABLE|SHINY_NOT_CONNECTED,"Multiple forecast versions are retained, so cross version accuracy comparison is available.","hdd_edb / EDB at forest grain, key EURPRD83, forecast version 2026-04-16 07:50:38: average MAPE 2.64125, average accuracy 97.35875, across 16 evaluation windows from 2026-04-16 to 2026-05-06.",observed accuracy|observed bias|evaluation window coverage|source identity,cross metric raw aggregation|invented scenario values,VERIFIED_LOCAL,forecast_substrateBE_hdd_forest_metrics,hdd_forest_metrics.csv
hdd_edb,hdd_edb,EDB,not_applicable,not_applicable,forest,FRAP264,2026-04-06 19:49:02,UNKNOWN,pending_d5,local_ingested,accuracy_only,NO_TARGET_DATE_GRAIN|NO_FORECAST_FACT_TABLE|SHINY_NOT_CONNECTED,"Multiple forecast versions are retained, so cross version accuracy comparison is available.","hdd_edb / EDB at forest grain, key FRAP264, forecast version 2026-04-06 19:49:02: average MAPE 0.171111, average accuracy 99.828889, across 9 evaluation windows from 2026-04-07 to 2026-04-21.",observed accuracy|observed bias|evaluation window coverage|source identity,cross metric raw aggregation|invented scenario values,VERIFIED_LOCAL,forecast_substrateBE_hdd_forest_metrics,hdd_forest_metrics.csv
hdd_edb,hdd_edb,EDB,not_applicable,not_applicable,forest,FRAP264,2026-05-01 03:35:00,UNKNOWN,pending_d5,local_ingested,accuracy_only,NO_TARGET_DATE_GRAIN|NO_FORECAST_FACT_TABLE|SHINY_NOT_CONNECTED,"Multiple forecast versions are retained, so cross version accuracy comparison is available.","hdd_edb / EDB at forest grain, key FRAP264, forecast version 2026-05-01 03:35:00: average MAPE 1.681875, average accuracy 98.318125, across 32 evaluation windows from 2026-05-01 to 2026-06-09.",observed accuracy|observed bias|evaluation window coverage|source identity,cross metric raw aggregation|invented scenario values,VERIFIED_LOCAL,forecast_substrateBE_hdd_forest_metrics,hdd_forest_metrics.csv
hdd_edb,hdd_edb,EDB,not_applicable,not_applicable,forest,GBRP123,2026-04-06 19:49:02,UNKNOWN,pending_d5,local_ingested,accuracy_only,NO_TARGET_DATE_GRAIN|NO_FORECAST_FACT_TABLE|SHINY_NOT_CONNECTED,"Multiple forecast versions are retained, so cross version accuracy comparison is available.","hdd_edb / EDB at forest grain, key GBRP123, forecast version 2026-04-06 19:49:02: average MAPE 0.394444, average accuracy 99.605556, across 9 evaluation windows from 2026-04-07 to 2026-04-21.",observed accuracy|observed bias|evaluation window coverage|source identity,cross metric raw aggregation|invented scenario values,VERIFIED_LOCAL,forecast_substrateBE_hdd_forest_metrics,hdd_forest_metrics.csv
hdd_edb,hdd_edb,EDB,not_applicable,not_applicable,forest,GBRP123,2026-04-16 07:50:38,UNKNOWN,pending_d5,local_ingested,accuracy_only,NO_TARGET_DATE_GRAIN|NO_FORECAST_FACT_TABLE|SHINY_NOT_CONNECTED,"Multiple forecast versions are retained, so cross version accuracy comparison is available.","hdd_edb / EDB at forest grain, key GBRP123, forecast version 2026-04-16 07:50:38: average MAPE 0.351875, average accuracy 99.648125, across 16 evaluation windows from 2026-04-16 to 2026-05-06.",observed accuracy|observed bias|evaluation window coverage|source identity,cross metric raw aggregation|invented scenario values,VERIFIED_LOCAL,forecast_substrateBE_hdd_forest_metrics,hdd_forest_metrics.csv
hdd_edb,hdd_edb,EDB,not_applicable,not_applicable,forest,GBRP265,2026-04-06 19:49:02,UNKNOWN,pending_d5,local_ingested,accuracy_only,NO_TARGET_DATE_GRAIN|NO_FORECAST_FACT_TABLE|SHINY_NOT_CONNECTED,"Multiple forecast versions are retained, so cross version accuracy comparison is available.","hdd_edb / EDB at forest grain, key GBRP265, forecast version 2026-04-06 19:49:02: average MAPE 3.192222, average accuracy 96.807778, across 9 evaluation windows from 2026-04-07 to 2026-04-21.",observed accuracy|observed bias|evaluation window coverage|source identity,cross metric raw aggregation|invented scenario values,VERIFIED_LOCAL,forecast_substrateBE_hdd_forest_metrics,hdd_forest_metrics.csv
hdd_edb,hdd_edb,EDB,not_applicable,not_applicable,forest,GBRP265,2026-05-01 03:35:00,UNKNOWN,pending_d5,local_ingested,accuracy_only,NO_TARGET_DATE_GRAIN|NO_FORECAST_FACT_TABLE|SHINY_NOT_CONNECTED,"Multiple forecast versions are retained, so cross version accuracy comparison is available.","hdd_edb / EDB at forest grain, key GBRP265, forecast version 2026-05-01 03:35:00: average MAPE 3.455625, average accuracy 96.544375, across 32 evaluation windows from 2026-05-01 to 2026-06-09.",observed accuracy|observed bias|evaluation window coverage|source identity,cross metric raw aggregation|invented scenario values,VERIFIED_LOCAL,forecast_substrateBE_hdd_forest_metrics,hdd_forest_metrics.csv
hdd_edb,hdd_edb,EDB,not_applicable,not_applicable,forest,GBRP267,2026-04-06 19:49:02,UNKNOWN,pending_d5,local_ingested,accuracy_only,NO_TARGET_DATE_GRAIN|NO_FORECAST_FACT_TABLE|SHINY_NOT_CONNECTED,"Multiple forecast versions are retained, so cross version accuracy comparison is available.","hdd_edb / EDB at forest grain, key GBRP267, forecast version 2026-04-06 19:49:02: average MAPE 117.678889, average accuracy 6.258889, across 9 evaluation windows from 2026-04-07 to 2026-04-21.",observed accuracy|observed bias|evaluation window coverage|source identity,cross metric raw aggregation|invented scenario values,VERIFIED_LOCAL,forecast_substrateBE_hdd_forest_metrics,hdd_forest_metrics.csv
hdd_edb,hdd_edb,EDB,not_applicable,not_applicable,forest,GBRP302,2026-04-06 19:49:02,UNKNOWN,pending_d5,local_ingested,accuracy_only,NO_TARGET_DATE_GRAIN|NO_FORECAST_FACT_TABLE|SHINY_NOT_CONNECTED,"Multiple forecast versions are retained, so cross version accuracy comparison is available.","hdd_edb / EDB at forest grain, key GBRP302, forecast version 2026-04-06 19:49:02: average MAPE 1.456667, average accuracy 98.543333, across 9 evaluation windows from 2026-04-07 to 2026-04-21.",observed accuracy|observed bias|evaluation window coverage|source identity,cross metric raw aggregation|invented scenario values,VERIFIED_LOCAL,forecast_substrateBE_hdd_forest_metrics,hdd_forest_metrics.csv
hdd_edb,hdd_edb,EDB,not_applicable,not_applicable,forest,GBRP302,2026-04-16 07:50:38,UNKNOWN,pending_d5,local_ingested,accuracy_only,NO_TARGET_DATE_GRAIN|NO_FORECAST_FACT_TABLE|SHINY_NOT_CONNECTED,"Multiple forecast versions are retained, so cross version accuracy comparison is available.","hdd_edb / EDB at forest grain, key GBRP302, forecast version 2026-04-16 07:50:38: average MAPE 1.338125, average accuracy 98.661875, across 16 evaluation windows from 2026-04-16 to 2026-05-06.",observed accuracy|observed bias|evaluation window coverage|source identity,cross metric raw aggregation|invented scenario values,VERIFIED_LOCAL,forecast_substrateBE_hdd_forest_metrics,hdd_forest_metrics.csv
hdd_edb,hdd_edb,EDB,not_applicable,not_applicable,forest,GBRP302,2026-05-01 03:35:00,UNKNOWN,pending_d5,local_ingested,accuracy_only,NO_TARGET_DATE_GRAIN|NO_FORECAST_FACT_TABLE|SHINY_NOT_CONNECTED,"Multiple forecast versions are retained, so cross version accuracy comparison is available.","hdd_edb / EDB at forest grain, key GBRP302, forecast version 2026-05-01 03:35:00: average MAPE 1.191875, average accuracy 98.808125, across 32 evaluation windows from 2026-05-01 to 2026-06-09.",observed accuracy|observed bias|evaluation window coverage|source identity,cross metric raw aggregation|invented scenario values,VERIFIED_LOCAL,forecast_substrateBE_hdd_forest_metrics,hdd_forest_metrics.csv
hdd_edb,hdd_edb,EDB,not_applicable,not_applicable,forest,IDNP305,2026-04-06 19:49:02,UNKNOWN,pending_d5,local_ingested,accuracy_only,NO_TARGET_DATE_GRAIN|NO_FORECAST_FACT_TABLE|SHINY_NOT_CONNECTED,"Multiple forecast versions are retained, so cross version accuracy comparison is available.","hdd_edb / EDB at forest grain, key IDNP305, forecast version 2026-04-06 19:49:02: average MAPE 2.09, average accuracy 97.91, across 9 evaluation windows from 2026-04-07 to 2026-04-21.",observed accuracy|observed bias|evaluation window coverage|source identity,cross metric raw aggregation|invented scenario values,VERIFIED_LOCAL,forecast_substrateBE_hdd_forest_metrics,hdd_forest_metrics.csv
hdd_edb,hdd_edb,EDB,not_applicable,not_applicable,forest,IDNP305,2026-04-16 07:50:38,UNKNOWN,pending_d5,local_ingested,accuracy_only,NO_TARGET_DATE_GRAIN|NO_FORECAST_FACT_TABLE|SHINY_NOT_CONNECTED,"Multiple forecast versions are retained, so cross version accuracy comparison is available.","hdd_edb / EDB at forest grain, key IDNP305, forecast version 2026-04-16 07:50:38: average MAPE 0.599375, average accuracy 99.400625, across 16 evaluation windows from 2026-04-16 to 2026-05-06.",observed accuracy|observed bias|evaluation window coverage|source identity,cross metric raw aggregation|invented scenario values,VERIFIED_LOCAL,forecast_substrateBE_hdd_forest_metrics,hdd_forest_metrics.csv
hdd_edb,hdd_edb,EDB,not_applicable,not_applicable,forest,INDP287,2026-04-06 19:49:02,UNKNOWN,pending_d5,local_ingested,accuracy_only,NO_TARGET_DATE_GRAIN|NO_FORECAST_FACT_TABLE|SHINY_NOT_CONNECTED,"Multiple forecast versions are retained, so cross version accuracy comparison is available.","hdd_edb / EDB at forest grain, key INDP287, forecast version 2026-04-06 19:49:02: average MAPE 0.426667, average accuracy 99.573333, across 9 evaluation windows from 2026-04-07 to 2026-04-21.",observed accuracy|observed bias|evaluation window coverage|source identity,cross metric raw aggregation|invented scenario values,VERIFIED_LOCAL,forecast_substrateBE_hdd_forest_metrics,hdd_forest_metrics.csv
hdd_edb,hdd_edb,EDB,not_applicable,not_applicable,forest,INDP287,2026-05-01 03:35:00,UNKNOWN,pending_d5,local_ingested,accuracy_only,NO_TARGET_DATE_GRAIN|NO_FORECAST_FACT_TABLE|SHINY_NOT_CONNECTED,"Multiple forecast versions are retained, so cross version accuracy comparison is available.","hdd_edb / EDB at forest grain, key INDP287, forecast version 2026-05-01 03:35:00: average MAPE 0.3275, average accuracy 99.6725, across 32 evaluation windows from 2026-05-01 to 2026-06-09.",observed accuracy|observed bias|evaluation window coverage|source identity,cross metric raw aggregation|invented scenario values,VERIFIED_LOCAL,forecast_substrateBE_hdd_forest_metrics,hdd_forest_metrics.csv
hdd_edb,hdd_edb,EDB,not_applicable,not_applicable,forest,INDPRD01,2026-04-06 19:49:02,UNKNOWN,pending_d5,local_ingested,accuracy_only,NO_TARGET_DATE_GRAIN|NO_FORECAST_FACT_TABLE|SHINY_NOT_CONNECTED,"Multiple forecast versions are retained, so cross version accuracy comparison is available.","hdd_edb / EDB at forest grain, key INDPRD01, forecast version 2026-04-06 19:49:02: average MAPE 0.117778, average accuracy 99.882222, across 9 evaluation windows from 2026-04-07 to 2026-04-21.",observed accuracy|observed bias|evaluation window coverage|source identity,cross metric raw aggregation|invented scenario values,VERIFIED_LOCAL,forecast_substrateBE_hdd_forest_metrics,hdd_forest_metrics.csv
hdd_edb,hdd_edb,EDB,not_applicable,not_applicable,forest,INDPRD01,2026-04-16 07:50:38,UNKNOWN,pending_d5,local_ingested,accuracy_only,NO_TARGET_DATE_GRAIN|NO_FORECAST_FACT_TABLE|SHINY_NOT_CONNECTED,"Multiple forecast versions are retained, so cross version accuracy comparison is available.","hdd_edb / EDB at forest grain, key INDPRD01, forecast version 2026-04-16 07:50:38: average MAPE 0.6875, average accuracy 99.3125, across 16 evaluation windows from 2026-04-16 to 2026-05-06.",observed accuracy|observed bias|evaluation window coverage|source identity,cross metric raw aggregation|invented scenario values,VERIFIED_LOCAL,forecast_substrateBE_hdd_forest_metrics,hdd_forest_metrics.csv
hdd_edb,hdd_edb,EDB,not_applicable,not_applicable,forest,INDPRD01,2026-05-01 03:35:00,UNKNOWN,pending_d5,local_ingested,accuracy_only,NO_TARGET_DATE_GRAIN|NO_FORECAST_FACT_TABLE|SHINY_NOT_CONNECTED,"Multiple forecast versions are retained, so cross version accuracy comparison is available.","hdd_edb / EDB at forest grain, key INDPRD01, forecast version 2026-05-01 03:35:00: average MAPE 0.895312, average accuracy 99.104687, across 32 evaluation windows from 2026-05-01 to 2026-06-09.",observed accuracy|observed bias|evaluation window coverage|source identity,cross metric raw aggregation|invented scenario values,VERIFIED_LOCAL,forecast_substrateBE_hdd_forest_metrics,hdd_forest_metrics.csv
hdd_edb,hdd_edb,EDB,not_applicable,not_applicable,forest,ISRP290,2026-04-06 19:49:02,UNKNOWN,pending_d5,local_ingested,accuracy_only,NO_TARGET_DATE_GRAIN|NO_FORECAST_FACT_TABLE|SHINY_NOT_CONNECTED,"Multiple forecast versions are retained, so cross version accuracy comparison is available.","hdd_edb / EDB at forest grain, key ISRP290, forecast version 2026-04-06 19:49:02: average MAPE 0.456667, average accuracy 99.543333, across 9 evaluation windows from 2026-04-07 to 2026-04-21.",observed accuracy|observed bias|evaluation window coverage|source identity,cross metric raw aggregation|invented scenario values,VERIFIED_LOCAL,forecast_substrateBE_hdd_forest_metrics,hdd_forest_metrics.csv
hdd_edb,hdd_edb,EDB,not_applicable,not_applicable,forest,ISRP290,2026-04-16 07:50:38,UNKNOWN,pending_d5,local_ingested,accuracy_only,NO_TARGET_DATE_GRAIN|NO_FORECAST_FACT_TABLE|SHINY_NOT_CONNECTED,"Multiple forecast versions are retained, so cross version accuracy comparison is available.","hdd_edb / EDB at forest grain, key ISRP290, forecast version 2026-04-16 07:50:38: average MAPE 0.86125, average accuracy 99.13875, across 16 evaluation windows from 2026-04-16 to 2026-05-06.",observed accuracy|observed bias|evaluation window coverage|source identity,cross metric raw aggregation|invented scenario values,VERIFIED_LOCAL,forecast_substrateBE_hdd_forest_metrics,hdd_forest_metrics.csv
hdd_edb,hdd_edb,EDB,not_applicable,not_applicable,forest,ISRP290,2026-05-01 03:35:00,UNKNOWN,pending_d5,local_ingested,accuracy_only,NO_TARGET_DATE_GRAIN|NO_FORECAST_FACT_TABLE|SHINY_NOT_CONNECTED,"Multiple forecast versions are retained, so cross version accuracy comparison is available.","hdd_edb / EDB at forest grain, key ISRP290, forecast version 2026-05-01 03:35:00: average MAPE 1.817187, average accuracy 98.182812, across 32 evaluation windows from 2026-05-01 to 2026-06-09.",observed accuracy|observed bias|evaluation window coverage|source identity,cross metric raw aggregation|invented scenario values,VERIFIED_LOCAL,forecast_substrateBE_hdd_forest_metrics,hdd_forest_metrics.csv
hdd_edb,hdd_edb,EDB,not_applicable,not_applicable,forest,ITAP293,2026-04-06 19:49:02,UNKNOWN,pending_d5,local_ingested,accuracy_only,NO_TARGET_DATE_GRAIN|NO_FORECAST_FACT_TABLE|SHINY_NOT_CONNECTED,"Multiple forecast versions are retained, so cross version accuracy comparison is available.","hdd_edb / EDB at forest grain, key ITAP293, forecast version 2026-04-06 19:49:02: average MAPE 23.58, average accuracy 76.42, across 9 evaluation windows from 2026-04-07 to 2026-04-21.",observed accuracy|observed bias|evaluation window coverage|source identity,cross metric raw aggregation|invented scenario values,VERIFIED_LOCAL,forecast_substrateBE_hdd_forest_metrics,hdd_forest_metrics.csv
hdd_edb,hdd_edb,EDB,not_applicable,not_applicable,forest,JPNP286,2026-04-06 19:49:02,UNKNOWN,pending_d5,local_ingested,accuracy_only,NO_TARGET_DATE_GRAIN|NO_FORECAST_FACT_TABLE|SHINY_NOT_CONNECTED,"Multiple forecast versions are retained, so cross version accuracy comparison is available.","hdd_edb / EDB at forest grain, key JPNP286, forecast version 2026-04-06 19:49:02: average MAPE 0.62, average accuracy 99.38, across 9 evaluation windows from 2026-04-07 to 2026-04-21.",observed accuracy|observed bias|evaluation window coverage|source identity,cross metric raw aggregation|invented scenario values,VERIFIED_LOCAL,forecast_substrateBE_hdd_forest_metrics,hdd_forest_metrics.csv
hdd_edb,hdd_edb,EDB,not_applicable,not_applicable,forest,JPNP301,2026-04-06 19:49:02,UNKNOWN,pending_d5,local_ingested,accuracy_only,NO_TARGET_DATE_GRAIN|NO_FORECAST_FACT_TABLE|SHINY_NOT_CONNECTED,"Multiple forecast versions are retained, so cross version accuracy comparison is available.","hdd_edb / EDB at forest grain, key JPNP301, forecast version 2026-04-06 19:49:02: average MAPE 0.296667, average accuracy 99.703333, across 9 evaluation windows from 2026-04-07 to 2026-04-21.",observed accuracy|observed bias|evaluation window coverage|source identity,cross metric raw aggregation|invented scenario values,VERIFIED_LOCAL,forecast_substrateBE_hdd_forest_metrics,hdd_forest_metrics.csv
hdd_edb,hdd_edb,EDB,not_applicable,not_applicable,forest,JPNP301,2026-05-01 03:35:00,UNKNOWN,pending_d5,local_ingested,accuracy_only,NO_TARGET_DATE_GRAIN|NO_FORECAST_FACT_TABLE|SHINY_NOT_CONNECTED,"Multiple forecast versions are retained, so cross version accuracy comparison is available.","hdd_edb / EDB at forest grain, key JPNP301, forecast version 2026-05-01 03:35:00: average MAPE 4.35375, average accuracy 95.64625, across 32 evaluation windows from 2026-05-01 to 2026-06-09.",observed accuracy|observed bias|evaluation window coverage|source identity,cross metric raw aggregation|invented scenario values,VERIFIED_LOCAL,forecast_substrateBE_hdd_forest_metrics,hdd_forest_metrics.csv
hdd_edb,hdd_edb,EDB,not_applicable,not_applicable,forest,JPNPRD01,2026-04-06 19:49:02,UNKNOWN,pending_d5,local_ingested,accuracy_only,NO_TARGET_DATE_GRAIN|NO_FORECAST_FACT_TABLE|SHINY_NOT_CONNECTED,"Multiple forecast versions are retained, so cross version accuracy comparison is available.","hdd_edb / EDB at forest grain, key JPNPRD01, forecast version 2026-04-06 19:49:02: average MAPE 0.82, average accuracy 99.18, across 9 evaluation windows from 2026-04-07 to 2026-04-21.",observed accuracy|observed bias|evaluation window coverage|source identity,cross metric raw aggregation|invented scenario values,VERIFIED_LOCAL,forecast_substrateBE_hdd_forest_metrics,hdd_forest_metrics.csv
hdd_edb,hdd_edb,EDB,not_applicable,not_applicable,forest,JPNPRD01,2026-04-16 07:50:38,UNKNOWN,pending_d5,local_ingested,accuracy_only,NO_TARGET_DATE_GRAIN|NO_FORECAST_FACT_TABLE|SHINY_NOT_CONNECTED,"Multiple forecast versions are retained, so cross version accuracy comparison is available.","hdd_edb / EDB at forest grain, key JPNPRD01, forecast version 2026-04-16 07:50:38: average MAPE 0.29125, average accuracy 99.70875, across 16 evaluation windows from 2026-04-16 to 2026-05-06.",observed accuracy|observed bias|evaluation window coverage|source identity,cross metric raw aggregation|invented scenario values,VERIFIED_LOCAL,forecast_substrateBE_hdd_forest_metrics,hdd_forest_metrics.csv
hdd_edb,hdd_edb,EDB,not_applicable,not_applicable,forest,KORP216,2026-04-06 19:49:02,UNKNOWN,pending_d5,local_ingested,accuracy_only,NO_TARGET_DATE_GRAIN|NO_FORECAST_FACT_TABLE|SHINY_NOT_CONNECTED,"Multiple forecast versions are retained, so cross version accuracy comparison is available.","hdd_edb / EDB at forest grain, key KORP216, forecast version 2026-04-06 19:49:02: average MAPE 0.21, average accuracy 99.79, across 9 evaluation windows from 2026-04-07 to 2026-04-21.",observed accuracy|observed bias|evaluation window coverage|source identity,cross metric raw aggregation|invented scenario values,VERIFIED_LOCAL,forecast_substrateBE_hdd_forest_metrics,hdd_forest_metrics.csv
hdd_edb,hdd_edb,EDB,not_applicable,not_applicable,forest,KORP216,2026-05-01 03:35:00,UNKNOWN,pending_d5,local_ingested,accuracy_only,NO_TARGET_DATE_GRAIN|NO_FORECAST_FACT_TABLE|SHINY_NOT_CONNECTED,"Multiple forecast versions are retained, so cross version accuracy comparison is available.","hdd_edb / EDB at forest grain, key KORP216, forecast version 2026-05-01 03:35:00: average MAPE 23.8625, average accuracy 76.1375, across 32 evaluation windows from 2026-05-01 to 2026-06-09.",observed accuracy|observed bias|evaluation window coverage|source identity,cross metric raw aggregation|invented scenario values,VERIFIED_LOCAL,forecast_substrateBE_hdd_forest_metrics,hdd_forest_metrics.csv
hdd_edb,hdd_edb,EDB,not_applicable,not_applicable,forest,LAMP152,2026-04-06 19:49:02,UNKNOWN,pending_d5,local_ingested,accuracy_only,NO_TARGET_DATE_GRAIN|NO_FORECAST_FACT_TABLE|SHINY_NOT_CONNECTED,"Multiple forecast versions are retained, so cross version accuracy comparison is available.","hdd_edb / EDB at forest grain, key LAMP152, forecast version 2026-04-06 19:49:02: average MAPE 0.622222, average accuracy 99.377778, across 9 evaluation windows from 2026-04-07 to 2026-04-21.",observed accuracy|observed bias|evaluation window coverage|source identity,cross metric raw aggregation|invented scenario values,VERIFIED_LOCAL,forecast_substrateBE_hdd_forest_metrics,hdd_forest_metrics.csv
hdd_edb,hdd_edb,EDB,not_applicable,not_applicable,forest,LAMP152,2026-04-16 07:50:38,UNKNOWN,pending_d5,local_ingested,accuracy_only,NO_TARGET_DATE_GRAIN|NO_FORECAST_FACT_TABLE|SHINY_NOT_CONNECTED,"Multiple forecast versions are retained, so cross version accuracy comparison is available.","hdd_edb / EDB at forest grain, key LAMP152, forecast version 2026-04-16 07:50:38: average MAPE 0.1475, average accuracy 99.8525, across 16 evaluation windows from 2026-04-16 to 2026-05-06.",observed accuracy|observed bias|evaluation window coverage|source identity,cross metric raw aggregation|invented scenario values,VERIFIED_LOCAL,forecast_substrateBE_hdd_forest_metrics,hdd_forest_metrics.csv
hdd_edb,hdd_edb,EDB,not_applicable,not_applicable,forest,LAMP215,2026-04-06 19:49:02,UNKNOWN,pending_d5,local_ingested,accuracy_only,NO_TARGET_DATE_GRAIN|NO_FORECAST_FACT_TABLE|SHINY_NOT_CONNECTED,"Multiple forecast versions are retained, so cross version accuracy comparison is available.","hdd_edb / EDB at forest grain, key LAMP215, forecast version 2026-04-06 19:49:02: average MAPE 0.196667, average accuracy 99.803333, across 9 evaluation windows from 2026-04-07 to 2026-04-21.",observed accuracy|observed bias|evaluation window coverage|source identity,cross metric raw aggregation|invented scenario values,VERIFIED_LOCAL,forecast_substrateBE_hdd_forest_metrics,hdd_forest_metrics.csv
hdd_edb,hdd_edb,EDB,not_applicable,not_applicable,forest,LAMPRD80,2026-04-06 19:49:02,UNKNOWN,pending_d5,local_ingested,accuracy_only,NO_TARGET_DATE_GRAIN|NO_FORECAST_FACT_TABLE|SHINY_NOT_CONNECTED,"Multiple forecast versions are retained, so cross version accuracy comparison is available.","hdd_edb / EDB at forest grain, key LAMPRD80, forecast version 2026-04-06 19:49:02: average MAPE 0.164444, average accuracy 99.835556, across 9 evaluation windows from 2026-04-07 to 2026-04-21.",observed accuracy|observed bias|evaluation window coverage|source identity,cross metric raw aggregation|invented scenario values,VERIFIED_LOCAL,forecast_substrateBE_hdd_forest_metrics,hdd_forest_metrics.csv
hdd_edb,hdd_edb,EDB,not_applicable,not_applicable,forest,LAMPRD80,2026-05-01 03:35:00,UNKNOWN,pending_d5,local_ingested,accuracy_only,NO_TARGET_DATE_GRAIN|NO_FORECAST_FACT_TABLE|SHINY_NOT_CONNECTED,"Multiple forecast versions are retained, so cross version accuracy comparison is available.","hdd_edb / EDB at forest grain, key LAMPRD80, forecast version 2026-05-01 03:35:00: average MAPE 0.275938, average accuracy 99.724063, across 32 evaluation windows from 2026-05-01 to 2026-06-09.",observed accuracy|observed bias|evaluation window coverage|source identity,cross metric raw aggregation|invented scenario values,VERIFIED_LOCAL,forecast_substrateBE_hdd_forest_metrics,hdd_forest_metrics.csv
hdd_edb,hdd_edb,EDB,not_applicable,not_applicable,forest,MEXP297,2026-04-06 19:49:02,UNKNOWN,pending_d5,local_ingested,accuracy_only,NO_TARGET_DATE_GRAIN|NO_FORECAST_FACT_TABLE|SHINY_NOT_CONNECTED,"Multiple forecast versions are retained, so cross version accuracy comparison is available.","hdd_edb / EDB at forest grain, key MEXP297, forecast version 2026-04-06 19:49:02: average MAPE 0.948889, average accuracy 99.051111, across 9 evaluation windows from 2026-04-07 to 2026-04-21.",observed accuracy|observed bias|evaluation window coverage|source identity,cross metric raw aggregation|invented scenario values,VERIFIED_LOCAL,forecast_substrateBE_hdd_forest_metrics,hdd_forest_metrics.csv
hdd_edb,hdd_edb,EDB,not_applicable,not_applicable,forest,MYSP306,2026-04-06 19:49:02,UNKNOWN,pending_d5,local_ingested,accuracy_only,NO_TARGET_DATE_GRAIN|NO_FORECAST_FACT_TABLE|SHINY_NOT_CONNECTED,"Multiple forecast versions are retained, so cross version accuracy comparison is available.","hdd_edb / EDB at forest grain, key MYSP306, forecast version 2026-04-06 19:49:02: average MAPE 5.685556, average accuracy 94.314444, across 9 evaluation windows from 2026-04-07 to 2026-04-21.",observed accuracy|observed bias|evaluation window coverage|source identity,cross metric raw aggregation|invented scenario values,VERIFIED_LOCAL,forecast_substrateBE_hdd_forest_metrics,hdd_forest_metrics.csv
hdd_edb,hdd_edb,EDB,not_applicable,not_applicable,forest,MYSP306,2026-04-16 07:50:38,UNKNOWN,pending_d5,local_ingested,accuracy_only,NO_TARGET_DATE_GRAIN|NO_FORECAST_FACT_TABLE|SHINY_NOT_CONNECTED,"Multiple forecast versions are retained, so cross version accuracy comparison is available.","hdd_edb / EDB at forest grain, key MYSP306, forecast version 2026-04-16 07:50:38: average MAPE 9.16125, average accuracy 90.83875, across 16 evaluation windows from 2026-04-16 to 2026-05-06.",observed accuracy|observed bias|evaluation window coverage|source identity,cross metric raw aggregation|invented scenario values,VERIFIED_LOCAL,forecast_substrateBE_hdd_forest_metrics,hdd_forest_metrics.csv
hdd_edb,hdd_edb,EDB,not_applicable,not_applicable,forest,NAMP100,2026-04-06 19:49:02,UNKNOWN,pending_d5,local_ingested,accuracy_only,NO_TARGET_DATE_GRAIN|NO_FORECAST_FACT_TABLE|SHINY_NOT_CONNECTED,"Multiple forecast versions are retained, so cross version accuracy comparison is available.","hdd_edb / EDB at forest grain, key NAMP100, forecast version 2026-04-06 19:49:02: average MAPE 0.892222, average accuracy 99.107778, across 9 evaluation windows from 2026-04-07 to 2026-04-21.",observed accuracy|observed bias|evaluation window coverage|source identity,cross metric raw aggregation|invented scenario values,VERIFIED_LOCAL,forecast_substrateBE_hdd_forest_metrics,hdd_forest_metrics.csv
hdd_edb,hdd_edb,EDB,not_applicable,not_applicable,forest,NAMP100,2026-04-16 07:50:38,UNKNOWN,pending_d5,local_ingested,accuracy_only,NO_TARGET_DATE_GRAIN|NO_FORECAST_FACT_TABLE|SHINY_NOT_CONNECTED,"Multiple forecast versions are retained, so cross version accuracy comparison is available.","hdd_edb / EDB at forest grain, key NAMP100, forecast version 2026-04-16 07:50:38: average MAPE 0.895, average accuracy 99.105, across 16 evaluation windows from 2026-04-16 to 2026-05-06.",observed accuracy|observed bias|evaluation window coverage|source identity,cross metric raw aggregation|invented scenario values,VERIFIED_LOCAL,forecast_substrateBE_hdd_forest_metrics,hdd_forest_metrics.csv
hdd_edb,hdd_edb,EDB,not_applicable,not_applicable,forest,NAMP101,2026-04-06 19:49:02,UNKNOWN,pending_d5,local_ingested,accuracy_only,NO_TARGET_DATE_GRAIN|NO_FORECAST_FACT_TABLE|SHINY_NOT_CONNECTED,"Multiple forecast versions are retained, so cross version accuracy comparison is available.","hdd_edb / EDB at forest grain, key NAMP101, forecast version 2026-04-06 19:49:02: average MAPE 0.494444, average accuracy 99.505556, across 9 evaluation windows from 2026-04-07 to 2026-04-21.",observed accuracy|observed bias|evaluation window coverage|source identity,cross metric raw aggregation|invented scenario values,VERIFIED_LOCAL,forecast_substrateBE_hdd_forest_metrics,hdd_forest_metrics.csv
hdd_edb,hdd_edb,EDB,not_applicable,not_applicable,forest,NAMP101,2026-04-16 07:50:38,UNKNOWN,pending_d5,local_ingested,accuracy_only,NO_TARGET_DATE_GRAIN|NO_FORECAST_FACT_TABLE|SHINY_NOT_CONNECTED,"Multiple forecast versions are retained, so cross version accuracy comparison is available.","hdd_edb / EDB at forest grain, key NAMP101, forecast version 2026-04-16 07:50:38: average MAPE 0.25625, average accuracy 99.74375, across 16 evaluation windows from 2026-04-16 to 2026-05-06.",observed accuracy|observed bias|evaluation window coverage|source identity,cross metric raw aggregation|invented scenario values,VERIFIED_LOCAL,forecast_substrateBE_hdd_forest_metrics,hdd_forest_metrics.csv
hdd_edb,hdd_edb,EDB,not_applicable,not_applicable,forest,NAMP101,2026-05-01 03:35:00,UNKNOWN,pending_d5,local_ingested,accuracy_only,NO_TARGET_DATE_GRAIN|NO_FORECAST_FACT_TABLE|SHINY_NOT_CONNECTED,"Multiple forecast versions are retained, so cross version accuracy comparison is available.","hdd_edb / EDB at forest grain, key NAMP101, forecast version 2026-05-01 03:35:00: average MAPE 0.854375, average accuracy 99.145625, across 32 evaluation windows from 2026-05-01 to 2026-06-09.",observed accuracy|observed bias|evaluation window coverage|source identity,cross metric raw aggregation|invented scenario values,VERIFIED_LOCAL,forecast_substrateBE_hdd_forest_metrics,hdd_forest_metrics.csv
hdd_edb,hdd_edb,EDB,not_applicable,not_applicable,forest,NAMP102,2026-04-06 19:49:02,UNKNOWN,pending_d5,local_ingested,accuracy_only,NO_TARGET_DATE_GRAIN|NO_FORECAST_FACT_TABLE|SHINY_NOT_CONNECTED,"Multiple forecast versions are retained, so cross version accuracy comparison is available.","hdd_edb / EDB at forest grain, key NAMP102, forecast version 2026-04-06 19:49:02: average MAPE 0.174444, average accuracy 99.825556, across 9 evaluation windows from 2026-04-07 to 2026-04-21.",observed accuracy|observed bias|evaluation window coverage|source identity,cross metric raw aggregation|invented scenario values,VERIFIED_LOCAL,forecast_substrateBE_hdd_forest_metrics,hdd_forest_metrics.csv
hdd_edb,hdd_edb,EDB,not_applicable,not_applicable,forest,NAMP102,2026-04-16 07:50:38,UNKNOWN,pending_d5,local_ingested,accuracy_only,NO_TARGET_DATE_GRAIN|NO_FORECAST_FACT_TABLE|SHINY_NOT_CONNECTED,"Multiple forecast versions are retained, so cross version accuracy comparison is available.","hdd_edb / EDB at forest grain, key NAMP102, forecast version 2026-04-16 07:50:38: average MAPE 1.440625, average accuracy 98.559375, across 16 evaluation windows from 2026-04-16 to 2026-05-06.",observed accuracy|observed bias|evaluation window coverage|source identity,cross metric raw aggregation|invented scenario values,VERIFIED_LOCAL,forecast_substrateBE_hdd_forest_metrics,hdd_forest_metrics.csv
hdd_edb,hdd_edb,EDB,not_applicable,not_applicable,forest,NAMP103,2026-04-06 19:49:02,UNKNOWN,pending_d5,local_ingested,accuracy_only,NO_TARGET_DATE_GRAIN|NO_FORECAST_FACT_TABLE|SHINY_NOT_CONNECTED,"Multiple forecast versions are retained, so cross version accuracy comparison is available.","hdd_edb / EDB at forest grain, key NAMP103, forecast version 2026-04-06 19:49:02: average MAPE 2905.056667, average accuracy 0.0, across 9 evaluation windows from 2026-04-07 to 2026-04-21.",observed accuracy|observed bias|evaluation window coverage|source identity,cross metric raw aggregation|invented scenario values,VERIFIED_LOCAL,forecast_substrateBE_hdd_forest_metrics,hdd_forest_metrics.csv
hdd_edb,hdd_edb,EDB,not_applicable,not_applicable,forest,NAMP103,2026-04-16 07:50:38,UNKNOWN,pending_d5,local_ingested,accuracy_only,NO_TARGET_DATE_GRAIN|NO_FORECAST_FACT_TABLE|SHINY_NOT_CONNECTED,"Multiple forecast versions are retained, so cross version accuracy comparison is available.","hdd_edb / EDB at forest grain, key NAMP103, forecast version 2026-04-16 07:50:38: average MAPE 10.3325, average accuracy 89.6675, across 16 evaluation windows from 2026-04-16 to 2026-05-06.",observed accuracy|observed bias|evaluation window coverage|source identity,cross metric raw aggregation|invented scenario values,VERIFIED_LOCAL,forecast_substrateBE_hdd_forest_metrics,hdd_forest_metrics.csv
hdd_edb,hdd_edb,EDB,not_applicable,not_applicable,forest,NAMP104,2026-04-06 19:49:02,UNKNOWN,pending_d5,local_ingested,accuracy_only,NO_TARGET_DATE_GRAIN|NO_FORECAST_FACT_TABLE|SHINY_NOT_CONNECTED,"Multiple forecast versions are retained, so cross version accuracy comparison is available.","hdd_edb / EDB at forest grain, key NAMP104, forecast version 2026-04-06 19:49:02: average MAPE 1.752222, average accuracy 98.247778, across 9 evaluation windows from 2026-04-07 to 2026-04-21.",observed accuracy|observed bias|evaluation window coverage|source identity,cross metric raw aggregation|invented scenario values,VERIFIED_LOCAL,forecast_substrateBE_hdd_forest_metrics,hdd_forest_metrics.csv
hdd_edb,hdd_edb,EDB,not_applicable,not_applicable,forest,NAMP105,2026-04-06 19:49:02,UNKNOWN,pending_d5,local_ingested,accuracy_only,NO_TARGET_DATE_GRAIN|NO_FORECAST_FACT_TABLE|SHINY_NOT_CONNECTED,"Multiple forecast versions are retained, so cross version accuracy comparison is available.","hdd_edb / EDB at forest grain, key NAMP105, forecast version 2026-04-06 19:49:02: average MAPE 0.197778, average accuracy 99.802222, across 9 evaluation windows from 2026-04-07 to 2026-04-21.",observed accuracy|observed bias|evaluation window coverage|source identity,cross metric raw aggregation|invented scenario values,VERIFIED_LOCAL,forecast_substrateBE_hdd_forest_metrics,hdd_forest_metrics.csv
hdd_edb,hdd_edb,EDB,not_applicable,not_applicable,forest,NAMP105,2026-04-16 07:50:38,UNKNOWN,pending_d5,local_ingested,accuracy_only,NO_TARGET_DATE_GRAIN|NO_FORECAST_FACT_TABLE|SHINY_NOT_CONNECTED,"Multiple forecast versions are retained, so cross version accuracy comparison is available.","hdd_edb / EDB at forest grain, key NAMP105, forecast version 2026-04-16 07:50:38: average MAPE 0.24, average accuracy 99.76, across 16 evaluation windows from 2026-04-16 to 2026-05-06.",observed accuracy|observed bias|evaluation window coverage|source identity,cross metric raw aggregation|invented scenario values,VERIFIED_LOCAL,forecast_substrateBE_hdd_forest_metrics,hdd_forest_metrics.csv
hdd_edb,hdd_edb,EDB,not_applicable,not_applicable,forest,NAMP105,2026-05-01 03:35:00,UNKNOWN,pending_d5,local_ingested,accuracy_only,NO_TARGET_DATE_GRAIN|NO_FORECAST_FACT_TABLE|SHINY_NOT_CONNECTED,"Multiple forecast versions are retained, so cross version accuracy comparison is available.","hdd_edb / EDB at forest grain, key NAMP105, forecast version 2026-05-01 03:35:00: average MAPE 0.09, average accuracy 99.91, across 32 evaluation windows from 2026-05-01 to 2026-06-09.",observed accuracy|observed bias|evaluation window coverage|source identity,cross metric raw aggregation|invented scenario values,VERIFIED_LOCAL,forecast_substrateBE_hdd_forest_metrics,hdd_forest_metrics.csv
hdd_edb,hdd_edb,EDB,not_applicable,not_applicable,forest,NAMP106,2026-04-06 19:49:02,UNKNOWN,pending_d5,local_ingested,accuracy_only,NO_TARGET_DATE_GRAIN|NO_FORECAST_FACT_TABLE|SHINY_NOT_CONNECTED,"Multiple forecast versions are retained, so cross version accuracy comparison is available.","hdd_edb / EDB at forest grain, key NAMP106, forecast version 2026-04-06 19:49:02: average MAPE 0.73, average accuracy 99.27, across 9 evaluation windows from 2026-04-07 to 2026-04-21.",observed accuracy|observed bias|evaluation window coverage|source identity,cross metric raw aggregation|invented scenario values,VERIFIED_LOCAL,forecast_substrateBE_hdd_forest_metrics,hdd_forest_metrics.csv
hdd_edb,hdd_edb,EDB,not_applicable,not_applicable,forest,NAMP106,2026-05-01 03:35:00,UNKNOWN,pending_d5,local_ingested,accuracy_only,NO_TARGET_DATE_GRAIN|NO_FORECAST_FACT_TABLE|SHINY_NOT_CONNECTED,"Multiple forecast versions are retained, so cross version accuracy comparison is available.","hdd_edb / EDB at forest grain, key NAMP106, forecast version 2026-05-01 03:35:00: average MAPE 2.024062, average accuracy 97.975938, across 32 evaluation windows from 2026-05-01 to 2026-06-09.",observed accuracy|observed bias|evaluation window coverage|source identity,cross metric raw aggregation|invented scenario values,VERIFIED_LOCAL,forecast_substrateBE_hdd_forest_metrics,hdd_forest_metrics.csv
hdd_edb,hdd_edb,EDB,not_applicable,not_applicable,forest,NAMP108,2026-04-06 19:49:02,UNKNOWN,pending_d5,local_ingested,accuracy_only,NO_TARGET_DATE_GRAIN|NO_FORECAST_FACT_TABLE|SHINY_NOT_CONNECTED,"Multiple forecast versions are retained, so cross version accuracy comparison is available.","hdd_edb / EDB at forest grain, key NAMP108, forecast version 2026-04-06 19:49:02: average MAPE 0.663333, average accuracy 99.336667, across 9 evaluation windows from 2026-04-07 to 2026-04-21.",observed accuracy|observed bias|evaluation window coverage|source identity,cross metric raw aggregation|invented scenario values,VERIFIED_LOCAL,forecast_substrateBE_hdd_forest_metrics,hdd_forest_metrics.csv
hdd_edb,hdd_edb,EDB,not_applicable,not_applicable,forest,NAMP109,2026-04-06 19:49:02,UNKNOWN,pending_d5,local_ingested,accuracy_only,NO_TARGET_DATE_GRAIN|NO_FORECAST_FACT_TABLE|SHINY_NOT_CONNECTED,"Multiple forecast versions are retained, so cross version accuracy comparison is available.","hdd_edb / EDB at forest grain, key NAMP109, forecast version 2026-04-06 19:49:02: average MAPE 0.285556, average accuracy 99.714444, across 9 evaluation windows from 2026-04-07 to 2026-04-21.",observed accuracy|observed bias|evaluation window coverage|source identity,cross metric raw aggregation|invented scenario values,VERIFIED_LOCAL,forecast_substrateBE_hdd_forest_metrics,hdd_forest_metrics.csv
hdd_edb,hdd_edb,EDB,not_applicable,not_applicable,forest,NAMP110,2026-04-06 19:49:02,UNKNOWN,pending_d5,local_ingested,accuracy_only,NO_TARGET_DATE_GRAIN|NO_FORECAST_FACT_TABLE|SHINY_NOT_CONNECTED,"Multiple forecast versions are retained, so cross version accuracy comparison is available.","hdd_edb / EDB at forest grain, key NAMP110, forecast version 2026-04-06 19:49:02: average MAPE 1.68, average accuracy 98.32, across 9 evaluation windows from 2026-04-07 to 2026-04-21.",observed accuracy|observed bias|evaluation window coverage|source identity,cross metric raw aggregation|invented scenario values,VERIFIED_LOCAL,forecast_substrateBE_hdd_forest_metrics,hdd_forest_metrics.csv
hdd_edb,hdd_edb,EDB,not_applicable,not_applicable,forest,NAMP110,2026-05-01 03:35:00,UNKNOWN,pending_d5,local_ingested,accuracy_only,NO_TARGET_DATE_GRAIN|NO_FORECAST_FACT_TABLE|SHINY_NOT_CONNECTED,"Multiple forecast versions are retained, so cross version accuracy comparison is available.","hdd_edb / EDB at forest grain, key NAMP110, forecast version 2026-05-01 03:35:00: average MAPE 1.885862, average accuracy 98.114138, across 29 evaluation windows from 2026-05-01 to 2026-06-07.",observed accuracy|observed bias|evaluation window coverage|source identity,cross metric raw aggregation|invented scenario values,VERIFIED_LOCAL,forecast_substrateBE_hdd_forest_metrics,hdd_forest_metrics.csv
hdd_edb,hdd_edb,EDB,not_applicable,not_applicable,forest,NAMP111,2026-04-06 19:49:02,UNKNOWN,pending_d5,local_ingested,accuracy_only,NO_TARGET_DATE_GRAIN|NO_FORECAST_FACT_TABLE|SHINY_NOT_CONNECTED,"Multiple forecast versions are retained, so cross version accuracy comparison is available.","hdd_edb / EDB at forest grain, key NAMP111, forecast version 2026-04-06 19:49:02: average MAPE 4.832222, average accuracy 95.167778, across 9 evaluation windows from 2026-04-07 to 2026-04-21.",observed accuracy|observed bias|evaluation window coverage|source identity,cross metric raw aggregation|invented scenario values,VERIFIED_LOCAL,forecast_substrateBE_hdd_forest_metrics,hdd_forest_metrics.csv
hdd_edb,hdd_edb,EDB,not_applicable,not_applicable,forest,NAMP111,2026-05-01 03:35:00,UNKNOWN,pending_d5,local_ingested,accuracy_only,NO_TARGET_DATE_GRAIN|NO_FORECAST_FACT_TABLE|SHINY_NOT_CONNECTED,"Multiple forecast versions are retained, so cross version accuracy comparison is available.","hdd_edb / EDB at forest grain, key NAMP111, forecast version 2026-05-01 03:35:00: average MAPE 0.501724, average accuracy 99.498276, across 29 evaluation windows from 2026-05-01 to 2026-06-07.",observed accuracy|observed bias|evaluation window coverage|source identity,cross metric raw aggregation|invented scenario values,VERIFIED_LOCAL,forecast_substrateBE_hdd_forest_metrics,hdd_forest_metrics.csv
hdd_edb,hdd_edb,EDB,not_applicable,not_applicable,forest,NAMP113,2026-04-06 19:49:02,UNKNOWN,pending_d5,local_ingested,accuracy_only,NO_TARGET_DATE_GRAIN|NO_FORECAST_FACT_TABLE|SHINY_NOT_CONNECTED,"Multiple forecast versions are retained, so cross version accuracy comparison is available.","hdd_edb / EDB at forest grain, key NAMP113, forecast version 2026-04-06 19:49:02: average MAPE 0.533333, average accuracy 99.466667, across 9 evaluation windows from 2026-04-07 to 2026-04-21.",observed accuracy|observed bias|evaluation window coverage|source identity,cross metric raw aggregation|invented scenario values,VERIFIED_LOCAL,forecast_substrateBE_hdd_forest_metrics,hdd_forest_metrics.csv
hdd_edb,hdd_edb,EDB,not_applicable,not_applicable,forest,NAMP113,2026-05-01 03:35:00,UNKNOWN,pending_d5,local_ingested,accuracy_only,NO_TARGET_DATE_GRAIN|NO_FORECAST_FACT_TABLE|SHINY_NOT_CONNECTED,"Multiple forecast versions are retained, so cross version accuracy comparison is available.","hdd_edb / EDB at forest grain, key NAMP113, forecast version 2026-05-01 03:35:00: average MAPE 0.215, average accuracy 99.785, across 32 evaluation windows from 2026-05-01 to 2026-06-09.",observed accuracy|observed bias|evaluation window coverage|source identity,cross metric raw aggregation|invented scenario values,VERIFIED_LOCAL,forecast_substrateBE_hdd_forest_metrics,hdd_forest_metrics.csv
hdd_edb,hdd_edb,EDB,not_applicable,not_applicable,forest,NAMP114,2026-04-06 19:49:02,UNKNOWN,pending_d5,local_ingested,accuracy_only,NO_TARGET_DATE_GRAIN|NO_FORECAST_FACT_TABLE|SHINY_NOT_CONNECTED,"Multiple forecast versions are retained, so cross version accuracy comparison is available.","hdd_edb / EDB at forest grain, key NAMP114, forecast version 2026-04-06 19:49:02: average MAPE 44.85, average accuracy 55.15, across 9 evaluation windows from 2026-04-07 to 2026-04-21.",observed accuracy|observed bias|evaluation window coverage|source identity,cross metric raw aggregation|invented scenario values,VERIFIED_LOCAL,forecast_substrateBE_hdd_forest_metrics,hdd_forest_metrics.csv
hdd_edb,hdd_edb,EDB,not_applicable,not_applicable,forest,NAMP115,2026-04-06 19:49:02,UNKNOWN,pending_d5,local_ingested,accuracy_only,NO_TARGET_DATE_GRAIN|NO_FORECAST_FACT_TABLE|SHINY_NOT_CONNECTED,"Multiple forecast versions are retained, so cross version accuracy comparison is available.","hdd_edb / EDB at forest grain, key NAMP115, forecast version 2026-04-06 19:49:02: average MAPE 1.748889, average accuracy 98.251111, across 9 evaluation windows from 2026-04-07 to 2026-04-21.",observed accuracy|observed bias|evaluation window coverage|source identity,cross metric raw aggregation|invented scenario values,VERIFIED_LOCAL,forecast_substrateBE_hdd_forest_metrics,hdd_forest_metrics.csv
hdd_edb,hdd_edb,EDB,not_applicable,not_applicable,forest,NAMP115,2026-04-16 07:50:38,UNKNOWN,pending_d5,local_ingested,accuracy_only,NO_TARGET_DATE_GRAIN|NO_FORECAST_FACT_TABLE|SHINY_NOT_CONNECTED,"Multiple forecast versions are retained, so cross version accuracy comparison is available.","hdd_edb / EDB at forest grain, key NAMP115, forecast version 2026-04-16 07:50:38: average MAPE 1.644375, average accuracy 98.355625, across 16 evaluation windows from 2026-04-16 to 2026-05-06.",observed accuracy|observed bias|evaluation window coverage|source identity,cross metric raw aggregation|invented scenario values,VERIFIED_LOCAL,forecast_substrateBE_hdd_forest_metrics,hdd_forest_metrics.csv
hdd_edb,hdd_edb,EDB,not_applicable,not_applicable,forest,NAMP116,2026-04-06 19:49:02,UNKNOWN,pending_d5,local_ingested,accuracy_only,NO_TARGET_DATE_GRAIN|NO_FORECAST_FACT_TABLE|SHINY_NOT_CONNECTED,"Multiple forecast versions are retained, so cross version accuracy comparison is available.","hdd_edb / EDB at forest grain, key NAMP116, forecast version 2026-04-06 19:49:02: average MAPE 3433.154444, average accuracy 0.0, across 9 evaluation windows from 2026-04-07 to 2026-04-21.",observed accuracy|observed bias|evaluation window coverage|source identity,cross metric raw aggregation|invented scenario values,VERIFIED_LOCAL,forecast_substrateBE_hdd_forest_metrics,hdd_forest_metrics.csv
hdd_edb,hdd_edb,EDB,not_applicable,not_applicable,forest,NAMP118,2026-04-06 19:49:02,UNKNOWN,pending_d5,local_ingested,accuracy_only,NO_TARGET_DATE_GRAIN|NO_FORECAST_FACT_TABLE|SHINY_NOT_CONNECTED,"Multiple forecast versions are retained, so cross version accuracy comparison is available.","hdd_edb / EDB at forest grain, key NAMP118, forecast version 2026-04-06 19:49:02: average MAPE 59.74, average accuracy 40.26, across 9 evaluation windows from 2026-04-07 to 2026-04-21.",observed accuracy|observed bias|evaluation window coverage|source identity,cross metric raw aggregation|invented scenario values,VERIFIED_LOCAL,forecast_substrateBE_hdd_forest_metrics,hdd_forest_metrics.csv
hdd_edb,hdd_edb,EDB,not_applicable,not_applicable,forest,NAMP118,2026-04-16 07:50:38,UNKNOWN,pending_d5,local_ingested,accuracy_only,NO_TARGET_DATE_GRAIN|NO_FORECAST_FACT_TABLE|SHINY_NOT_CONNECTED,"Multiple forecast versions are retained, so cross version accuracy comparison is available.","hdd_edb / EDB at forest grain, key NAMP118, forecast version 2026-04-16 07:50:38: average MAPE 2622.26875, average accuracy 0.0, across 16 evaluation windows from 2026-04-16 to 2026-05-06.",observed accuracy|observed bias|evaluation window coverage|source identity,cross metric raw aggregation|invented scenario values,VERIFIED_LOCAL,forecast_substrateBE_hdd_forest_metrics,hdd_forest_metrics.csv
hdd_edb,hdd_edb,EDB,not_applicable,not_applicable,forest,NAMP125,2026-04-06 19:49:02,UNKNOWN,pending_d5,local_ingested,accuracy_only,NO_TARGET_DATE_GRAIN|NO_FORECAST_FACT_TABLE|SHINY_NOT_CONNECTED,"Multiple forecast versions are retained, so cross version accuracy comparison is available.","hdd_edb / EDB at forest grain, key NAMP125, forecast version 2026-04-06 19:49:02: average MAPE 0.191111, average accuracy 99.808889, across 9 evaluation windows from 2026-04-07 to 2026-04-21.",observed accuracy|observed bias|evaluation window coverage|source identity,cross metric raw aggregation|invented scenario values,VERIFIED_LOCAL,forecast_substrateBE_hdd_forest_metrics,hdd_forest_metrics.csv
hdd_edb,hdd_edb,EDB,not_applicable,not_applicable,forest,NAMP126,2026-04-06 19:49:02,UNKNOWN,pending_d5,local_ingested,accuracy_only,NO_TARGET_DATE_GRAIN|NO_FORECAST_FACT_TABLE|SHINY_NOT_CONNECTED,"Multiple forecast versions are retained, so cross version accuracy comparison is available.","hdd_edb / EDB at forest grain, key NAMP126, forecast version 2026-04-06 19:49:02: average MAPE 1.145556, average accuracy 98.854444, across 9 evaluation windows from 2026-04-07 to 2026-04-21.",observed accuracy|observed bias|evaluation window coverage|source identity,cross metric raw aggregation|invented scenario values,VERIFIED_LOCAL,forecast_substrateBE_hdd_forest_metrics,hdd_forest_metrics.csv
hdd_edb,hdd_edb,EDB,not_applicable,not_applicable,forest,NAMP128,2026-04-06 19:49:02,UNKNOWN,pending_d5,local_ingested,accuracy_only,NO_TARGET_DATE_GRAIN|NO_FORECAST_FACT_TABLE|SHINY_NOT_CONNECTED,"Multiple forecast versions are retained, so cross version accuracy comparison is available.","hdd_edb / EDB at forest grain, key NAMP128, forecast version 2026-04-06 19:49:02: average MAPE 0.156667, average accuracy 99.843333, across 9 evaluation windows from 2026-04-07 to 2026-04-21.",observed accuracy|observed bias|evaluation window coverage|source identity,cross metric raw aggregation|invented scenario values,VERIFIED_LOCAL,forecast_substrateBE_hdd_forest_metrics,hdd_forest_metrics.csv
hdd_edb,hdd_edb,EDB,not_applicable,not_applicable,forest,NAMP129,2026-04-06 19:49:02,UNKNOWN,pending_d5,local_ingested,accuracy_only,NO_TARGET_DATE_GRAIN|NO_FORECAST_FACT_TABLE|SHINY_NOT_CONNECTED,"Multiple forecast versions are retained, so cross version accuracy comparison is available.","hdd_edb / EDB at forest grain, key NAMP129, forecast version 2026-04-06 19:49:02: average MAPE 7.355556, average accuracy 92.644444, across 9 evaluation windows from 2026-04-07 to 2026-04-21.",observed accuracy|observed bias|evaluation window coverage|source identity,cross metric raw aggregation|invented scenario values,VERIFIED_LOCAL,forecast_substrateBE_hdd_forest_metrics,hdd_forest_metrics.csv
hdd_edb,hdd_edb,EDB,not_applicable,not_applicable,forest,NAMP129,2026-04-16 07:50:38,UNKNOWN,pending_d5,local_ingested,accuracy_only,NO_TARGET_DATE_GRAIN|NO_FORECAST_FACT_TABLE|SHINY_NOT_CONNECTED,"Multiple forecast versions are retained, so cross version accuracy comparison is available.","hdd_edb / EDB at forest grain, key NAMP129, forecast version 2026-04-16 07:50:38: average MAPE 1.111875, average accuracy 98.888125, across 16 evaluation windows from 2026-04-16 to 2026-05-06.",observed accuracy|observed bias|evaluation window coverage|source identity,cross metric raw aggregation|invented scenario values,VERIFIED_LOCAL,forecast_substrateBE_hdd_forest_metrics,hdd_forest_metrics.csv
hdd_edb,hdd_edb,EDB,not_applicable,not_applicable,forest,NAMP130,2026-04-06 19:49:02,UNKNOWN,pending_d5,local_ingested,accuracy_only,NO_TARGET_DATE_GRAIN|NO_FORECAST_FACT_TABLE|SHINY_NOT_CONNECTED,"Multiple forecast versions are retained, so cross version accuracy comparison is available.","hdd_edb / EDB at forest grain, key NAMP130, forecast version 2026-04-06 19:49:02: average MAPE 1.343333, average accuracy 98.656667, across 9 evaluation windows from 2026-04-07 to 2026-04-21.",observed accuracy|observed bias|evaluation window coverage|source identity,cross metric raw aggregation|invented scenario values,VERIFIED_LOCAL,forecast_substrateBE_hdd_forest_metrics,hdd_forest_metrics.csv
hdd_edb,hdd_edb,EDB,not_applicable,not_applicable,forest,NAMP130,2026-05-01 03:35:00,UNKNOWN,pending_d5,local_ingested,accuracy_only,NO_TARGET_DATE_GRAIN|NO_FORECAST_FACT_TABLE|SHINY_NOT_CONNECTED,"Multiple forecast versions are retained, so cross version accuracy comparison is available.","hdd_edb / EDB at forest grain, key NAMP130, forecast version 2026-05-01 03:35:00: average MAPE 0.997188, average accuracy 99.002813, across 32 evaluation windows from 2026-05-01 to 2026-06-09.",observed accuracy|observed bias|evaluation window coverage|source identity,cross metric raw aggregation|invented scenario values,VERIFIED_LOCAL,forecast_substrateBE_hdd_forest_metrics,hdd_forest_metrics.csv
hdd_edb,hdd_edb,EDB,not_applicable,not_applicable,forest,NAMP131,2026-04-06 19:49:02,UNKNOWN,pending_d5,local_ingested,accuracy_only,NO_TARGET_DATE_GRAIN|NO_FORECAST_FACT_TABLE|SHINY_NOT_CONNECTED,"Multiple forecast versions are retained, so cross version accuracy comparison is available.","hdd_edb / EDB at forest grain, key NAMP131, forecast version 2026-04-06 19:49:02: average MAPE 1.306667, average accuracy 98.693333, across 9 evaluation windows from 2026-04-07 to 2026-04-21.",observed accuracy|observed bias|evaluation window coverage|source identity,cross metric raw aggregation|invented scenario values,VERIFIED_LOCAL,forecast_substrateBE_hdd_forest_metrics,hdd_forest_metrics.csv
hdd_edb,hdd_edb,EDB,not_applicable,not_applicable,forest,NAMP132,2026-04-06 19:49:02,UNKNOWN,pending_d5,local_ingested,accuracy_only,NO_TARGET_DATE_GRAIN|NO_FORECAST_FACT_TABLE|SHINY_NOT_CONNECTED,"Multiple forecast versions are retained, so cross version accuracy comparison is available.","hdd_edb / EDB at forest grain, key NAMP132, forecast version 2026-04-06 19:49:02: average MAPE 0.773333, average accuracy 99.226667, across 9 evaluation windows from 2026-04-07 to 2026-04-21.",observed accuracy|observed bias|evaluation window coverage|source identity,cross metric raw aggregation|invented scenario values,VERIFIED_LOCAL,forecast_substrateBE_hdd_forest_metrics,hdd_forest_metrics.csv
hdd_edb,hdd_edb,EDB,not_applicable,not_applicable,forest,NAMP133,2026-04-06 19:49:02,UNKNOWN,pending_d5,local_ingested,accuracy_only,NO_TARGET_DATE_GRAIN|NO_FORECAST_FACT_TABLE|SHINY_NOT_CONNECTED,"Multiple forecast versions are retained, so cross version accuracy comparison is available.","hdd_edb / EDB at forest grain, key NAMP133, forecast version 2026-04-06 19:49:02: average MAPE 0.302222, average accuracy 99.697778, across 9 evaluation windows from 2026-04-07 to 2026-04-21.",observed accuracy|observed bias|evaluation window coverage|source identity,cross metric raw aggregation|invented scenario values,VERIFIED_LOCAL,forecast_substrateBE_hdd_forest_metrics,hdd_forest_metrics.csv
hdd_edb,hdd_edb,EDB,not_applicable,not_applicable,forest,NAMP134,2026-04-06 19:49:02,UNKNOWN,pending_d5,local_ingested,accuracy_only,NO_TARGET_DATE_GRAIN|NO_FORECAST_FACT_TABLE|SHINY_NOT_CONNECTED,"Multiple forecast versions are retained, so cross version accuracy comparison is available.","hdd_edb / EDB at forest grain, key NAMP134, forecast version 2026-04-06 19:49:02: average MAPE 0.423333, average accuracy 99.576667, across 9 evaluation windows from 2026-04-07 to 2026-04-21.",observed accuracy|observed bias|evaluation window coverage|source identity,cross metric raw aggregation|invented scenario values,VERIFIED_LOCAL,forecast_substrateBE_hdd_forest_metrics,hdd_forest_metrics.csv
hdd_edb,hdd_edb,EDB,not_applicable,not_applicable,forest,NAMP135,2026-04-06 19:49:02,UNKNOWN,pending_d5,local_ingested,accuracy_only,NO_TARGET_DATE_GRAIN|NO_FORECAST_FACT_TABLE|SHINY_NOT_CONNECTED,"Multiple forecast versions are retained, so cross version accuracy comparison is available.","hdd_edb / EDB at forest grain, key NAMP135, forecast version 2026-04-06 19:49:02: average MAPE 0.583333, average accuracy 99.416667, across 9 evaluation windows from 2026-04-07 to 2026-04-21.",observed accuracy|observed bias|evaluation window coverage|source identity,cross metric raw aggregation|invented scenario values,VERIFIED_LOCAL,forecast_substrateBE_hdd_forest_metrics,hdd_forest_metrics.csv
hdd_edb,hdd_edb,EDB,not_applicable,not_applicable,forest,NAMP135,2026-04-16 07:50:38,UNKNOWN,pending_d5,local_ingested,accuracy_only,NO_TARGET_DATE_GRAIN|NO_FORECAST_FACT_TABLE|SHINY_NOT_CONNECTED,"Multiple forecast versions are retained, so cross version accuracy comparison is available.","hdd_edb / EDB at forest grain, key NAMP135, forecast version 2026-04-16 07:50:38: average MAPE 0.22625, average accuracy 99.77375, across 16 evaluation windows from 2026-04-16 to 2026-05-06.",observed accuracy|observed bias|evaluation window coverage|source identity,cross metric raw aggregation|invented scenario values,VERIFIED_LOCAL,forecast_substrateBE_hdd_forest_metrics,hdd_forest_metrics.csv
hdd_edb,hdd_edb,EDB,not_applicable,not_applicable,forest,NAMP136,2026-04-06 19:49:02,UNKNOWN,pending_d5,local_ingested,accuracy_only,NO_TARGET_DATE_GRAIN|NO_FORECAST_FACT_TABLE|SHINY_NOT_CONNECTED,"Multiple forecast versions are retained, so cross version accuracy comparison is available.","hdd_edb / EDB at forest grain, key NAMP136, forecast version 2026-04-06 19:49:02: average MAPE 1.016667, average accuracy 98.983333, across 9 evaluation windows from 2026-04-07 to 2026-04-21.",observed accuracy|observed bias|evaluation window coverage|source identity,cross metric raw aggregation|invented scenario values,VERIFIED_LOCAL,forecast_substrateBE_hdd_forest_metrics,hdd_forest_metrics.csv
hdd_edb,hdd_edb,EDB,not_applicable,not_applicable,forest,NAMP136,2026-04-16 07:50:38,UNKNOWN,pending_d5,local_ingested,accuracy_only,NO_TARGET_DATE_GRAIN|NO_FORECAST_FACT_TABLE|SHINY_NOT_CONNECTED,"Multiple forecast versions are retained, so cross version accuracy comparison is available.","hdd_edb / EDB at forest grain, key NAMP136, forecast version 2026-04-16 07:50:38: average MAPE 0.849375, average accuracy 99.150625, across 16 evaluation windows from 2026-04-16 to 2026-05-06.",observed accuracy|observed bias|evaluation window coverage|source identity,cross metric raw aggregation|invented scenario values,VERIFIED_LOCAL,forecast_substrateBE_hdd_forest_metrics,hdd_forest_metrics.csv
hdd_edb,hdd_edb,EDB,not_applicable,not_applicable,forest,NAMP136,2026-05-01 03:35:00,UNKNOWN,pending_d5,local_ingested,accuracy_only,NO_TARGET_DATE_GRAIN|NO_FORECAST_FACT_TABLE|SHINY_NOT_CONNECTED,"Multiple forecast versions are retained, so cross version accuracy comparison is available.","hdd_edb / EDB at forest grain, key NAMP136, forecast version 2026-05-01 03:35:00: average MAPE 1.768437, average accuracy 98.231562, across 32 evaluation windows from 2026-05-01 to 2026-06-09.",observed accuracy|observed bias|evaluation window coverage|source identity,cross metric raw aggregation|invented scenario values,VERIFIED_LOCAL,forecast_substrateBE_hdd_forest_metrics,hdd_forest_metrics.csv
hdd_edb,hdd_edb,EDB,not_applicable,not_applicable,forest,NAMP154,2026-04-06 19:49:02,UNKNOWN,pending_d5,local_ingested,accuracy_only,NO_TARGET_DATE_GRAIN|NO_FORECAST_FACT_TABLE|SHINY_NOT_CONNECTED,"Multiple forecast versions are retained, so cross version accuracy comparison is available.","hdd_edb / EDB at forest grain, key NAMP154, forecast version 2026-04-06 19:49:02: average MAPE 0.53, average accuracy 99.47, across 9 evaluation windows from 2026-04-07 to 2026-04-21.",observed accuracy|observed bias|evaluation window coverage|source identity,cross metric raw aggregation|invented scenario values,VERIFIED_LOCAL,forecast_substrateBE_hdd_forest_metrics,hdd_forest_metrics.csv
hdd_edb,hdd_edb,EDB,not_applicable,not_applicable,forest,NAMP157,2026-04-06 19:49:02,UNKNOWN,pending_d5,local_ingested,accuracy_only,NO_TARGET_DATE_GRAIN|NO_FORECAST_FACT_TABLE|SHINY_NOT_CONNECTED,"Multiple forecast versions are retained, so cross version accuracy comparison is available.","hdd_edb / EDB at forest grain, key NAMP157, forecast version 2026-04-06 19:49:02: average MAPE 0.15, average accuracy 99.85, across 9 evaluation windows from 2026-04-07 to 2026-04-21.",observed accuracy|observed bias|evaluation window coverage|source identity,cross metric raw aggregation|invented scenario values,VERIFIED_LOCAL,forecast_substrateBE_hdd_forest_metrics,hdd_forest_metrics.csv
hdd_edb,hdd_edb,EDB,not_applicable,not_applicable,forest,NAMP158,2026-04-06 19:49:02,UNKNOWN,pending_d5,local_ingested,accuracy_only,NO_TARGET_DATE_GRAIN|NO_FORECAST_FACT_TABLE|SHINY_NOT_CONNECTED,"Multiple forecast versions are retained, so cross version accuracy comparison is available.","hdd_edb / EDB at forest grain, key NAMP158, forecast version 2026-04-06 19:49:02: average MAPE 0.427778, average accuracy 99.572222, across 9 evaluation windows from 2026-04-07 to 2026-04-21.",observed accuracy|observed bias|evaluation window coverage|source identity,cross metric raw aggregation|invented scenario values,VERIFIED_LOCAL,forecast_substrateBE_hdd_forest_metrics,hdd_forest_metrics.csv
hdd_edb,hdd_edb,EDB,not_applicable,not_applicable,forest,NAMP158,2026-04-16 07:50:38,UNKNOWN,pending_d5,local_ingested,accuracy_only,NO_TARGET_DATE_GRAIN|NO_FORECAST_FACT_TABLE|SHINY_NOT_CONNECTED,"Multiple forecast versions are retained, so cross version accuracy comparison is available.","hdd_edb / EDB at forest grain, key NAMP158, forecast version 2026-04-16 07:50:38: average MAPE 0.815, average accuracy 99.185, across 16 evaluation windows from 2026-04-16 to 2026-05-06.",observed accuracy|observed bias|evaluation window coverage|source identity,cross metric raw aggregation|invented scenario values,VERIFIED_LOCAL,forecast_substrateBE_hdd_forest_metrics,hdd_forest_metrics.csv
hdd_edb,hdd_edb,EDB,not_applicable,not_applicable,forest,NAMP159,2026-04-06 19:49:02,UNKNOWN,pending_d5,local_ingested,accuracy_only,NO_TARGET_DATE_GRAIN|NO_FORECAST_FACT_TABLE|SHINY_NOT_CONNECTED,"Multiple forecast versions are retained, so cross version accuracy comparison is available.","hdd_edb / EDB at forest grain, key NAMP159, forecast version 2026-04-06 19:49:02: average MAPE 1.016667, average accuracy 98.983333, across 9 evaluation windows from 2026-04-07 to 2026-04-21.",observed accuracy|observed bias|evaluation window coverage|source identity,cross metric raw aggregation|invented scenario values,VERIFIED_LOCAL,forecast_substrateBE_hdd_forest_metrics,hdd_forest_metrics.csv
hdd_edb,hdd_edb,EDB,not_applicable,not_applicable,forest,NAMP161,2026-04-06 19:49:02,UNKNOWN,pending_d5,local_ingested,accuracy_only,NO_TARGET_DATE_GRAIN|NO_FORECAST_FACT_TABLE|SHINY_NOT_CONNECTED,"Multiple forecast versions are retained, so cross version accuracy comparison is available.","hdd_edb / EDB at forest grain, key NAMP161, forecast version 2026-04-06 19:49:02: average MAPE 0.218889, average accuracy 99.781111, across 9 evaluation windows from 2026-04-07 to 2026-04-21.",observed accuracy|observed bias|evaluation window coverage|source identity,cross metric raw aggregation|invented scenario values,VERIFIED_LOCAL,forecast_substrateBE_hdd_forest_metrics,hdd_forest_metrics.csv
hdd_edb,hdd_edb,EDB,not_applicable,not_applicable,forest,NAMP161,2026-04-16 07:50:38,UNKNOWN,pending_d5,local_ingested,accuracy_only,NO_TARGET_DATE_GRAIN|NO_FORECAST_FACT_TABLE|SHINY_NOT_CONNECTED,"Multiple forecast versions are retained, so cross version accuracy comparison is available.","hdd_edb / EDB at forest grain, key NAMP161, forecast version 2026-04-16 07:50:38: average MAPE 0.105, average accuracy 99.895, across 16 evaluation windows from 2026-04-16 to 2026-05-06.",observed accuracy|observed bias|evaluation window coverage|source identity,cross metric raw aggregation|invented scenario values,VERIFIED_LOCAL,forecast_substrateBE_hdd_forest_metrics,hdd_forest_metrics.csv
hdd_edb,hdd_edb,EDB,not_applicable,not_applicable,forest,NAMP161,2026-05-01 03:35:00,UNKNOWN,pending_d5,local_ingested,accuracy_only,NO_TARGET_DATE_GRAIN|NO_FORECAST_FACT_TABLE|SHINY_NOT_CONNECTED,"Multiple forecast versions are retained, so cross version accuracy comparison is available.","hdd_edb / EDB at forest grain, key NAMP161, forecast version 2026-05-01 03:35:00: average MAPE 1.070625, average accuracy 98.929375, across 32 evaluation windows from 2026-05-01 to 2026-06-09.",observed accuracy|observed bias|evaluation window coverage|source identity,cross metric raw aggregation|invented scenario values,VERIFIED_LOCAL,forecast_substrateBE_hdd_forest_metrics,hdd_forest_metrics.csv
hdd_edb,hdd_edb,EDB,not_applicable,not_applicable,forest,NAMP162,2026-04-06 19:49:02,UNKNOWN,pending_d5,local_ingested,accuracy_only,NO_TARGET_DATE_GRAIN|NO_FORECAST_FACT_TABLE|SHINY_NOT_CONNECTED,"Multiple forecast versions are retained, so cross version accuracy comparison is available.","hdd_edb / EDB at forest grain, key NAMP162, forecast version 2026-04-06 19:49:02: average MAPE 2.743333, average accuracy 97.256667, across 9 evaluation windows from 2026-04-07 to 2026-04-21.",observed accuracy|observed bias|evaluation window coverage|source identity,cross metric raw aggregation|invented scenario values,VERIFIED_LOCAL,forecast_substrateBE_hdd_forest_metrics,hdd_forest_metrics.csv
hdd_edb,hdd_edb,EDB,not_applicable,not_applicable,forest,NAMP163,2026-04-06 19:49:02,UNKNOWN,pending_d5,local_ingested,accuracy_only,NO_TARGET_DATE_GRAIN|NO_FORECAST_FACT_TABLE|SHINY_NOT_CONNECTED,"Multiple forecast versions are retained, so cross version accuracy comparison is available.","hdd_edb / EDB at forest grain, key NAMP163, forecast version 2026-04-06 19:49:02: average MAPE 0.508889, average accuracy 99.491111, across 9 evaluation windows from 2026-04-07 to 2026-04-21.",observed accuracy|observed bias|evaluation window coverage|source identity,cross metric raw aggregation|invented scenario values,VERIFIED_LOCAL,forecast_substrateBE_hdd_forest_metrics,hdd_forest_metrics.csv
hdd_edb,hdd_edb,EDB,not_applicable,not_applicable,forest,NAMP164,2026-04-06 19:49:02,UNKNOWN,pending_d5,local_ingested,accuracy_only,NO_TARGET_DATE_GRAIN|NO_FORECAST_FACT_TABLE|SHINY_NOT_CONNECTED,"Multiple forecast versions are retained, so cross version accuracy comparison is available.","hdd_edb / EDB at forest grain, key NAMP164, forecast version 2026-04-06 19:49:02: average MAPE 0.081111, average accuracy 99.918889, across 9 evaluation windows from 2026-04-07 to 2026-04-21.",observed accuracy|observed bias|evaluation window coverage|source identity,cross metric raw aggregation|invented scenario values,VERIFIED_LOCAL,forecast_substrateBE_hdd_forest_metrics,hdd_forest_metrics.csv
hdd_edb,hdd_edb,EDB,not_applicable,not_applicable,forest,NAMP166,2026-04-06 19:49:02,UNKNOWN,pending_d5,local_ingested,accuracy_only,NO_TARGET_DATE_GRAIN|NO_FORECAST_FACT_TABLE|SHINY_NOT_CONNECTED,"Multiple forecast versions are retained, so cross version accuracy comparison is available.","hdd_edb / EDB at forest grain, key NAMP166, forecast version 2026-04-06 19:49:02: average MAPE 0.937778, average accuracy 99.062222, across 9 evaluation windows from 2026-04-07 to 2026-04-21.",observed accuracy|observed bias|evaluation window coverage|source identity,cross metric raw aggregation|invented scenario values,VERIFIED_LOCAL,forecast_substrateBE_hdd_forest_metrics,hdd_forest_metrics.csv
hdd_edb,hdd_edb,EDB,not_applicable,not_applicable,forest,NAMP166,2026-05-01 03:35:00,UNKNOWN,pending_d5,local_ingested,accuracy_only,NO_TARGET_DATE_GRAIN|NO_FORECAST_FACT_TABLE|SHINY_NOT_CONNECTED,"Multiple forecast versions are retained, so cross version accuracy comparison is available.","hdd_edb / EDB at forest grain, key NAMP166, forecast version 2026-05-01 03:35:00: average MAPE 0.633437, average accuracy 99.366563, across 32 evaluation windows from 2026-05-01 to 2026-06-09.",observed accuracy|observed bias|evaluation window coverage|source identity,cross metric raw aggregation|invented scenario values,VERIFIED_LOCAL,forecast_substrateBE_hdd_forest_metrics,hdd_forest_metrics.csv
hdd_edb,hdd_edb,EDB,not_applicable,not_applicable,forest,NAMP167,2026-04-06 19:49:02,UNKNOWN,pending_d5,local_ingested,accuracy_only,NO_TARGET_DATE_GRAIN|NO_FORECAST_FACT_TABLE|SHINY_NOT_CONNECTED,"Multiple forecast versions are retained, so cross version accuracy comparison is available.","hdd_edb / EDB at forest grain, key NAMP167, forecast version 2026-04-06 19:49:02: average MAPE 167.702222, average accuracy 0.0, across 9 evaluation windows from 2026-04-07 to 2026-04-21.",observed accuracy|observed bias|evaluation window coverage|source identity,cross metric raw aggregation|invented scenario values,VERIFIED_LOCAL,forecast_substrateBE_hdd_forest_metrics,hdd_forest_metrics.csv
hdd_edb,hdd_edb,EDB,not_applicable,not_applicable,forest,NAMP167,2026-04-16 07:50:38,UNKNOWN,pending_d5,local_ingested,accuracy_only,NO_TARGET_DATE_GRAIN|NO_FORECAST_FACT_TABLE|SHINY_NOT_CONNECTED,"Multiple forecast versions are retained, so cross version accuracy comparison is available.","hdd_edb / EDB at forest grain, key NAMP167, forecast version 2026-04-16 07:50:38: average MAPE 190.795, average accuracy 0.0, across 16 evaluation windows from 2026-04-16 to 2026-05-06.",observed accuracy|observed bias|evaluation window coverage|source identity,cross metric raw aggregation|invented scenario values,VERIFIED_LOCAL,forecast_substrateBE_hdd_forest_metrics,hdd_forest_metrics.csv
hdd_edb,hdd_edb,EDB,not_applicable,not_applicable,forest,NAMP169,2026-04-06 19:49:02,UNKNOWN,pending_d5,local_ingested,accuracy_only,NO_TARGET_DATE_GRAIN|NO_FORECAST_FACT_TABLE|SHINY_NOT_CONNECTED,"Multiple forecast versions are retained, so cross version accuracy comparison is available.","hdd_edb / EDB at forest grain, key NAMP169, forecast version 2026-04-06 19:49:02: average MAPE 1.715556, average accuracy 98.284444, across 9 evaluation windows from 2026-04-07 to 2026-04-21.",observed accuracy|observed bias|evaluation window coverage|source identity,cross metric raw aggregation|invented scenario values,VERIFIED_LOCAL,forecast_substrateBE_hdd_forest_metrics,hdd_forest_metrics.csv
hdd_edb,hdd_edb,EDB,not_applicable,not_applicable,forest,NAMP169,2026-04-16 07:50:38,UNKNOWN,pending_d5,local_ingested,accuracy_only,NO_TARGET_DATE_GRAIN|NO_FORECAST_FACT_TABLE|SHINY_NOT_CONNECTED,"Multiple forecast versions are retained, so cross version accuracy comparison is available.","hdd_edb / EDB at forest grain, key NAMP169, forecast version 2026-04-16 07:50:38: average MAPE 1.00625, average accuracy 98.99375, across 16 evaluation windows from 2026-04-16 to 2026-05-06.",observed accuracy|observed bias|evaluation window coverage|source identity,cross metric raw aggregation|invented scenario values,VERIFIED_LOCAL,forecast_substrateBE_hdd_forest_metrics,hdd_forest_metrics.csv
hdd_edb,hdd_edb,EDB,not_applicable,not_applicable,forest,NAMP170,2026-04-06 19:49:02,UNKNOWN,pending_d5,local_ingested,accuracy_only,NO_TARGET_DATE_GRAIN|NO_FORECAST_FACT_TABLE|SHINY_NOT_CONNECTED,"Multiple forecast versions are retained, so cross version accuracy comparison is available.","hdd_edb / EDB at forest grain, key NAMP170, forecast version 2026-04-06 19:49:02: average MAPE 1.72, average accuracy 98.28, across 9 evaluation windows from 2026-04-07 to 2026-04-21.",observed accuracy|observed bias|evaluation window coverage|source identity,cross metric raw aggregation|invented scenario values,VERIFIED_LOCAL,forecast_substrateBE_hdd_forest_metrics,hdd_forest_metrics.csv
hdd_edb,hdd_edb,EDB,not_applicable,not_applicable,forest,NAMP170,2026-04-16 07:50:38,UNKNOWN,pending_d5,local_ingested,accuracy_only,NO_TARGET_DATE_GRAIN|NO_FORECAST_FACT_TABLE|SHINY_NOT_CONNECTED,"Multiple forecast versions are retained, so cross version accuracy comparison is available.","hdd_edb / EDB at forest grain, key NAMP170, forecast version 2026-04-16 07:50:38: average MAPE 1.23, average accuracy 98.77, across 16 evaluation windows from 2026-04-16 to 2026-05-06.",observed accuracy|observed bias|evaluation window coverage|source identity,cross metric raw aggregation|invented scenario values,VERIFIED_LOCAL,forecast_substrateBE_hdd_forest_metrics,hdd_forest_metrics.csv
hdd_edb,hdd_edb,EDB,not_applicable,not_applicable,forest,NAMP171,2026-04-06 19:49:02,UNKNOWN,pending_d5,local_ingested,accuracy_only,NO_TARGET_DATE_GRAIN|NO_FORECAST_FACT_TABLE|SHINY_NOT_CONNECTED,"Multiple forecast versions are retained, so cross version accuracy comparison is available.","hdd_edb / EDB at forest grain, key NAMP171, forecast version 2026-04-06 19:49:02: average MAPE 0.175556, average accuracy 99.824444, across 9 evaluation windows from 2026-04-07 to 2026-04-21.",observed accuracy|observed bias|evaluation window coverage|source identity,cross metric raw aggregation|invented scenario values,VERIFIED_LOCAL,forecast_substrateBE_hdd_forest_metrics,hdd_forest_metrics.csv
hdd_edb,hdd_edb,EDB,not_applicable,not_applicable,forest,NAMP172,2026-04-06 19:49:02,UNKNOWN,pending_d5,local_ingested,accuracy_only,NO_TARGET_DATE_GRAIN|NO_FORECAST_FACT_TABLE|SHINY_NOT_CONNECTED,"Multiple forecast versions are retained, so cross version accuracy comparison is available.","hdd_edb / EDB at forest grain, key NAMP172, forecast version 2026-04-06 19:49:02: average MAPE 0.093333, average accuracy 99.906667, across 9 evaluation windows from 2026-04-07 to 2026-04-21.",observed accuracy|observed bias|evaluation window coverage|source identity,cross metric raw aggregation|invented scenario values,VERIFIED_LOCAL,forecast_substrateBE_hdd_forest_metrics,hdd_forest_metrics.csv
hdd_edb,hdd_edb,EDB,not_applicable,not_applicable,forest,NAMP173,2026-04-06 19:49:02,UNKNOWN,pending_d5,local_ingested,accuracy_only,NO_TARGET_DATE_GRAIN|NO_FORECAST_FACT_TABLE|SHINY_NOT_CONNECTED,"Multiple forecast versions are retained, so cross version accuracy comparison is available.","hdd_edb / EDB at forest grain, key NAMP173, forecast version 2026-04-06 19:49:02: average MAPE 46.501111, average accuracy 65.022222, across 9 evaluation windows from 2026-04-07 to 2026-04-21.",observed accuracy|observed bias|evaluation window coverage|source identity,cross metric raw aggregation|invented scenario values,VERIFIED_LOCAL,forecast_substrateBE_hdd_forest_metrics,hdd_forest_metrics.csv
hdd_edb,hdd_edb,EDB,not_applicable,not_applicable,forest,NAMP173,2026-04-16 07:50:38,UNKNOWN,pending_d5,local_ingested,accuracy_only,NO_TARGET_DATE_GRAIN|NO_FORECAST_FACT_TABLE|SHINY_NOT_CONNECTED,"Multiple forecast versions are retained, so cross version accuracy comparison is available.","hdd_edb / EDB at forest grain, key NAMP173, forecast version 2026-04-16 07:50:38: average MAPE 1629.873125, average accuracy 0.0, across 16 evaluation windows from 2026-04-16 to 2026-05-06.",observed accuracy|observed bias|evaluation window coverage|source identity,cross metric raw aggregation|invented scenario values,VERIFIED_LOCAL,forecast_substrateBE_hdd_forest_metrics,hdd_forest_metrics.csv
hdd_edb,hdd_edb,EDB,not_applicable,not_applicable,forest,NAMP197,2026-04-06 19:49:02,UNKNOWN,pending_d5,local_ingested,accuracy_only,NO_TARGET_DATE_GRAIN|NO_FORECAST_FACT_TABLE|SHINY_NOT_CONNECTED,"Multiple forecast versions are retained, so cross version accuracy comparison is available.","hdd_edb / EDB at forest grain, key NAMP197, forecast version 2026-04-06 19:49:02: average MAPE 2.965556, average accuracy 97.034444, across 9 evaluation windows from 2026-04-07 to 2026-04-21.",observed accuracy|observed bias|evaluation window coverage|source identity,cross metric raw aggregation|invented scenario values,VERIFIED_LOCAL,forecast_substrateBE_hdd_forest_metrics,hdd_forest_metrics.csv
hdd_edb,hdd_edb,EDB,not_applicable,not_applicable,forest,NAMP197,2026-05-01 03:35:00,UNKNOWN,pending_d5,local_ingested,accuracy_only,NO_TARGET_DATE_GRAIN|NO_FORECAST_FACT_TABLE|SHINY_NOT_CONNECTED,"Multiple forecast versions are retained, so cross version accuracy comparison is available.","hdd_edb / EDB at forest grain, key NAMP197, forecast version 2026-05-01 03:35:00: average MAPE 0.71625, average accuracy 99.28375, across 32 evaluation windows from 2026-05-01 to 2026-06-09.",observed accuracy|observed bias|evaluation window coverage|source identity,cross metric raw aggregation|invented scenario values,VERIFIED_LOCAL,forecast_substrateBE_hdd_forest_metrics,hdd_forest_metrics.csv
hdd_edb,hdd_edb,EDB,not_applicable,not_applicable,forest,NAMP220,2026-04-06 19:49:02,UNKNOWN,pending_d5,local_ingested,accuracy_only,NO_TARGET_DATE_GRAIN|NO_FORECAST_FACT_TABLE|SHINY_NOT_CONNECTED,"Multiple forecast versions are retained, so cross version accuracy comparison is available.","hdd_edb / EDB at forest grain, key NAMP220, forecast version 2026-04-06 19:49:02: average MAPE 0.835556, average accuracy 99.164444, across 9 evaluation windows from 2026-04-07 to 2026-04-21.",observed accuracy|observed bias|evaluation window coverage|source identity,cross metric raw aggregation|invented scenario values,VERIFIED_LOCAL,forecast_substrateBE_hdd_forest_metrics,hdd_forest_metrics.csv
hdd_edb,hdd_edb,EDB,not_applicable,not_applicable,forest,NAMP220,2026-04-16 07:50:38,UNKNOWN,pending_d5,local_ingested,accuracy_only,NO_TARGET_DATE_GRAIN|NO_FORECAST_FACT_TABLE|SHINY_NOT_CONNECTED,"Multiple forecast versions are retained, so cross version accuracy comparison is available.","hdd_edb / EDB at forest grain, key NAMP220, forecast version 2026-04-16 07:50:38: average MAPE 53.811875, average accuracy 46.188125, across 16 evaluation windows from 2026-04-16 to 2026-05-06.",observed accuracy|observed bias|evaluation window coverage|source identity,cross metric raw aggregation|invented scenario values,VERIFIED_LOCAL,forecast_substrateBE_hdd_forest_metrics,hdd_forest_metrics.csv
hdd_edb,hdd_edb,EDB,not_applicable,not_applicable,forest,NAMP221,2026-04-06 19:49:02,UNKNOWN,pending_d5,local_ingested,accuracy_only,NO_TARGET_DATE_GRAIN|NO_FORECAST_FACT_TABLE|SHINY_NOT_CONNECTED,"Multiple forecast versions are retained, so cross version accuracy comparison is available.","hdd_edb / EDB at forest grain, key NAMP221, forecast version 2026-04-06 19:49:02: average MAPE 0.854444, average accuracy 99.145556, across 9 evaluation windows from 2026-04-07 to 2026-04-21.",observed accuracy|observed bias|evaluation window coverage|source identity,cross metric raw aggregation|invented scenario values,VERIFIED_LOCAL,forecast_substrateBE_hdd_forest_metrics,hdd_forest_metrics.csv
hdd_edb,hdd_edb,EDB,not_applicable,not_applicable,forest,NAMP222,2026-04-06 19:49:02,UNKNOWN,pending_d5,local_ingested,accuracy_only,NO_TARGET_DATE_GRAIN|NO_FORECAST_FACT_TABLE|SHINY_NOT_CONNECTED,"Multiple forecast versions are retained, so cross version accuracy comparison is available.","hdd_edb / EDB at forest grain, key NAMP222, forecast version 2026-04-06 19:49:02: average MAPE 0.618889, average accuracy 99.381111, across 9 evaluation windows from 2026-04-07 to 2026-04-21.",observed accuracy|observed bias|evaluation window coverage|source identity,cross metric raw aggregation|invented scenario values,VERIFIED_LOCAL,forecast_substrateBE_hdd_forest_metrics,hdd_forest_metrics.csv
hdd_edb,hdd_edb,EDB,not_applicable,not_applicable,forest,NAMP223,2026-04-06 19:49:02,UNKNOWN,pending_d5,local_ingested,accuracy_only,NO_TARGET_DATE_GRAIN|NO_FORECAST_FACT_TABLE|SHINY_NOT_CONNECTED,"Multiple forecast versions are retained, so cross version accuracy comparison is available.","hdd_edb / EDB at forest grain, key NAMP223, forecast version 2026-04-06 19:49:02: average MAPE 0.935556, average accuracy 99.064444, across 9 evaluation windows from 2026-04-07 to 2026-04-21.",observed accuracy|observed bias|evaluation window coverage|source identity,cross metric raw aggregation|invented scenario values,VERIFIED_LOCAL,forecast_substrateBE_hdd_forest_metrics,hdd_forest_metrics.csv
hdd_edb,hdd_edb,EDB,not_applicable,not_applicable,forest,NAMP223,2026-05-01 03:35:00,UNKNOWN,pending_d5,local_ingested,accuracy_only,NO_TARGET_DATE_GRAIN|NO_FORECAST_FACT_TABLE|SHINY_NOT_CONNECTED,"Multiple forecast versions are retained, so cross version accuracy comparison is available.","hdd_edb / EDB at forest grain, key NAMP223, forecast version 2026-05-01 03:35:00: average MAPE 63.245, average accuracy 36.755, across 32 evaluation windows from 2026-05-01 to 2026-06-09.",observed accuracy|observed bias|evaluation window coverage|source identity,cross metric raw aggregation|invented scenario values,VERIFIED_LOCAL,forecast_substrateBE_hdd_forest_metrics,hdd_forest_metrics.csv
hdd_edb,hdd_edb,EDB,not_applicable,not_applicable,forest,NAMP283,2026-04-06 19:49:02,UNKNOWN,pending_d5,local_ingested,accuracy_only,NO_TARGET_DATE_GRAIN|NO_FORECAST_FACT_TABLE|SHINY_NOT_CONNECTED,"Multiple forecast versions are retained, so cross version accuracy comparison is available.","hdd_edb / EDB at forest grain, key NAMP283, forecast version 2026-04-06 19:49:02: average MAPE 14.514444, average accuracy 85.485556, across 9 evaluation windows from 2026-04-07 to 2026-04-21.",observed accuracy|observed bias|evaluation window coverage|source identity,cross metric raw aggregation|invented scenario values,VERIFIED_LOCAL,forecast_substrateBE_hdd_forest_metrics,hdd_forest_metrics.csv
hdd_edb,hdd_edb,EDB,not_applicable,not_applicable,forest,NAMP283,2026-05-01 03:35:00,UNKNOWN,pending_d5,local_ingested,accuracy_only,NO_TARGET_DATE_GRAIN|NO_FORECAST_FACT_TABLE|SHINY_NOT_CONNECTED,"Multiple forecast versions are retained, so cross version accuracy comparison is available.","hdd_edb / EDB at forest grain, key NAMP283, forecast version 2026-05-01 03:35:00: average MAPE 46.284687, average accuracy 80.429375, across 32 evaluation windows from 2026-05-01 to 2026-06-09.",observed accuracy|observed bias|evaluation window coverage|source identity,cross metric raw aggregation|invented scenario values,VERIFIED_LOCAL,forecast_substrateBE_hdd_forest_metrics,hdd_forest_metrics.csv
hdd_edb,hdd_edb,EDB,not_applicable,not_applicable,forest,NAMPRD00,2026-04-06 19:49:02,UNKNOWN,pending_d5,local_ingested,accuracy_only,NO_TARGET_DATE_GRAIN|NO_FORECAST_FACT_TABLE|SHINY_NOT_CONNECTED,"Multiple forecast versions are retained, so cross version accuracy comparison is available.","hdd_edb / EDB at forest grain, key NAMPRD00, forecast version 2026-04-06 19:49:02: average MAPE 4.077778, average accuracy 95.922222, across 9 evaluation windows from 2026-04-07 to 2026-04-21.",observed accuracy|observed bias|evaluation window coverage|source identity,cross metric raw aggregation|invented scenario values,VERIFIED_LOCAL,forecast_substrateBE_hdd_forest_metrics,hdd_forest_metrics.csv
hdd_edb,hdd_edb,EDB,not_applicable,not_applicable,forest,NAMPRD00,2026-04-16 07:50:38,UNKNOWN,pending_d5,local_ingested,accuracy_only,NO_TARGET_DATE_GRAIN|NO_FORECAST_FACT_TABLE|SHINY_NOT_CONNECTED,"Multiple forecast versions are retained, so cross version accuracy comparison is available.","hdd_edb / EDB at forest grain, key NAMPRD00, forecast version 2026-04-16 07:50:38: average MAPE 7.8475, average accuracy 92.1525, across 16 evaluation windows from 2026-04-16 to 2026-05-06.",observed accuracy|observed bias|evaluation window coverage|source identity,cross metric raw aggregation|invented scenario values,VERIFIED_LOCAL,forecast_substrateBE_hdd_forest_metrics,hdd_forest_metrics.csv
hdd_edb,hdd_edb,EDB,not_applicable,not_applicable,forest,NAMPRD00,2026-05-01 03:35:00,UNKNOWN,pending_d5,local_ingested,accuracy_only,NO_TARGET_DATE_GRAIN|NO_FORECAST_FACT_TABLE|SHINY_NOT_CONNECTED,"Multiple forecast versions are retained, so cross version accuracy comparison is available.","hdd_edb / EDB at forest grain, key NAMPRD00, forecast version 2026-05-01 03:35:00: average MAPE 11.525625, average accuracy 89.240625, across 32 evaluation windows from 2026-05-01 to 2026-06-09.",observed accuracy|observed bias|evaluation window coverage|source identity,cross metric raw aggregation|invented scenario values,VERIFIED_LOCAL,forecast_substrateBE_hdd_forest_metrics,hdd_forest_metrics.csv
hdd_edb,hdd_edb,EDB,not_applicable,not_applicable,forest,NAMPRD01,2026-04-06 19:49:02,UNKNOWN,pending_d5,local_ingested,accuracy_only,NO_TARGET_DATE_GRAIN|NO_FORECAST_FACT_TABLE|SHINY_NOT_CONNECTED,"Multiple forecast versions are retained, so cross version accuracy comparison is available.","hdd_edb / EDB at forest grain, key NAMPRD01, forecast version 2026-04-06 19:49:02: average MAPE 0.552222, average accuracy 99.447778, across 9 evaluation windows from 2026-04-07 to 2026-04-21.",observed accuracy|observed bias|evaluation window coverage|source identity,cross metric raw aggregation|invented scenario values,VERIFIED_LOCAL,forecast_substrateBE_hdd_forest_metrics,hdd_forest_metrics.csv
hdd_edb,hdd_edb,EDB,not_applicable,not_applicable,forest,NAMPRD02,2026-04-06 19:49:02,UNKNOWN,pending_d5,local_ingested,accuracy_only,NO_TARGET_DATE_GRAIN|NO_FORECAST_FACT_TABLE|SHINY_NOT_CONNECTED,"Multiple forecast versions are retained, so cross version accuracy comparison is available.","hdd_edb / EDB at forest grain, key NAMPRD02, forecast version 2026-04-06 19:49:02: average MAPE 0.181111, average accuracy 99.818889, across 9 evaluation windows from 2026-04-07 to 2026-04-21.",observed accuracy|observed bias|evaluation window coverage|source identity,cross metric raw aggregation|invented scenario values,VERIFIED_LOCAL,forecast_substrateBE_hdd_forest_metrics,hdd_forest_metrics.csv
hdd_edb,hdd_edb,EDB,not_applicable,not_applicable,forest,NAMPRD02,2026-04-16 07:50:38,UNKNOWN,pending_d5,local_ingested,accuracy_only,NO_TARGET_DATE_GRAIN|NO_FORECAST_FACT_TABLE|SHINY_NOT_CONNECTED,"Multiple forecast versions are retained, so cross version accuracy comparison is available.","hdd_edb / EDB at forest grain, key NAMPRD02, forecast version 2026-04-16 07:50:38: average MAPE 14.616875, average accuracy 85.383125, across 16 evaluation windows from 2026-04-16 to 2026-05-06.",observed accuracy|observed bias|evaluation window coverage|source identity,cross metric raw aggregation|invented scenario values,VERIFIED_LOCAL,forecast_substrateBE_hdd_forest_metrics,hdd_forest_metrics.csv
hdd_edb,hdd_edb,EDB,not_applicable,not_applicable,forest,NAMPRD03,2026-04-06 19:49:02,UNKNOWN,pending_d5,local_ingested,accuracy_only,NO_TARGET_DATE_GRAIN|NO_FORECAST_FACT_TABLE|SHINY_NOT_CONNECTED,"Multiple forecast versions are retained, so cross version accuracy comparison is available.","hdd_edb / EDB at forest grain, key NAMPRD03, forecast version 2026-04-06 19:49:02: average MAPE 0.406667, average accuracy 99.593333, across 9 evaluation windows from 2026-04-07 to 2026-04-21.",observed accuracy|observed bias|evaluation window coverage|source identity,cross metric raw aggregation|invented scenario values,VERIFIED_LOCAL,forecast_substrateBE_hdd_forest_metrics,hdd_forest_metrics.csv
hdd_edb,hdd_edb,EDB,not_applicable,not_applicable,forest,NAMPRD03,2026-05-01 03:35:00,UNKNOWN,pending_d5,local_ingested,accuracy_only,NO_TARGET_DATE_GRAIN|NO_FORECAST_FACT_TABLE|SHINY_NOT_CONNECTED,"Multiple forecast versions are retained, so cross version accuracy comparison is available.","hdd_edb / EDB at forest grain, key NAMPRD03, forecast version 2026-05-01 03:35:00: average MAPE 4.48875, average accuracy 95.51125, across 32 evaluation windows from 2026-05-01 to 2026-06-09.",observed accuracy|observed bias|evaluation window coverage|source identity,cross metric raw aggregation|invented scenario values,VERIFIED_LOCAL,forecast_substrateBE_hdd_forest_metrics,hdd_forest_metrics.csv
hdd_edb,hdd_edb,EDB,not_applicable,not_applicable,forest,NAMPRD04,2026-04-06 19:49:02,UNKNOWN,pending_d5,local_ingested,accuracy_only,NO_TARGET_DATE_GRAIN|NO_FORECAST_FACT_TABLE|SHINY_NOT_CONNECTED,"Multiple forecast versions are retained, so cross version accuracy comparison is available.","hdd_edb / EDB at forest grain, key NAMPRD04, forecast version 2026-04-06 19:49:02: average MAPE 0.326667, average accuracy 99.673333, across 9 evaluation windows from 2026-04-07 to 2026-04-21.",observed accuracy|observed bias|evaluation window coverage|source identity,cross metric raw aggregation|invented scenario values,VERIFIED_LOCAL,forecast_substrateBE_hdd_forest_metrics,hdd_forest_metrics.csv
hdd_edb,hdd_edb,EDB,not_applicable,not_applicable,forest,NAMPRD04,2026-04-16 07:50:38,UNKNOWN,pending_d5,local_ingested,accuracy_only,NO_TARGET_DATE_GRAIN|NO_FORECAST_FACT_TABLE|SHINY_NOT_CONNECTED,"Multiple forecast versions are retained, so cross version accuracy comparison is available.","hdd_edb / EDB at forest grain, key NAMPRD04, forecast version 2026-04-16 07:50:38: average MAPE 11.09, average accuracy 88.91, across 16 evaluation windows from 2026-04-16 to 2026-05-06.",observed accuracy|observed bias|evaluation window coverage|source identity,cross metric raw aggregation|invented scenario values,VERIFIED_LOCAL,forecast_substrateBE_hdd_forest_metrics,hdd_forest_metrics.csv
hdd_edb,hdd_edb,EDB,not_applicable,not_applicable,forest,NAMPRD05,2026-04-06 19:49:02,UNKNOWN,pending_d5,local_ingested,accuracy_only,NO_TARGET_DATE_GRAIN|NO_FORECAST_FACT_TABLE|SHINY_NOT_CONNECTED,"Multiple forecast versions are retained, so cross version accuracy comparison is available.","hdd_edb / EDB at forest grain, key NAMPRD05, forecast version 2026-04-06 19:49:02: average MAPE 1.262222, average accuracy 98.737778, across 9 evaluation windows from 2026-04-07 to 2026-04-21.",observed accuracy|observed bias|evaluation window coverage|source identity,cross metric raw aggregation|invented scenario values,VERIFIED_LOCAL,forecast_substrateBE_hdd_forest_metrics,hdd_forest_metrics.csv
hdd_edb,hdd_edb,EDB,not_applicable,not_applicable,forest,NAMPRD06,2026-04-06 19:49:02,UNKNOWN,pending_d5,local_ingested,accuracy_only,NO_TARGET_DATE_GRAIN|NO_FORECAST_FACT_TABLE|SHINY_NOT_CONNECTED,"Multiple forecast versions are retained, so cross version accuracy comparison is available.","hdd_edb / EDB at forest grain, key NAMPRD06, forecast version 2026-04-06 19:49:02: average MAPE 0.484444, average accuracy 99.515556, across 9 evaluation windows from 2026-04-07 to 2026-04-21.",observed accuracy|observed bias|evaluation window coverage|source identity,cross metric raw aggregation|invented scenario values,VERIFIED_LOCAL,forecast_substrateBE_hdd_forest_metrics,hdd_forest_metrics.csv
hdd_edb,hdd_edb,EDB,not_applicable,not_applicable,forest,NAMPRD06,2026-04-16 07:50:38,UNKNOWN,pending_d5,local_ingested,accuracy_only,NO_TARGET_DATE_GRAIN|NO_FORECAST_FACT_TABLE|SHINY_NOT_CONNECTED,"Multiple forecast versions are retained, so cross version accuracy comparison is available.","hdd_edb / EDB at forest grain, key NAMPRD06, forecast version 2026-04-16 07:50:38: average MAPE 6.870625, average accuracy 93.129375, across 16 evaluation windows from 2026-04-16 to 2026-05-06.",observed accuracy|observed bias|evaluation window coverage|source identity,cross metric raw aggregation|invented scenario values,VERIFIED_LOCAL,forecast_substrateBE_hdd_forest_metrics,hdd_forest_metrics.csv
hdd_edb,hdd_edb,EDB,not_applicable,not_applicable,forest,NAMPRD07,2026-04-06 19:49:02,UNKNOWN,pending_d5,local_ingested,accuracy_only,NO_TARGET_DATE_GRAIN|NO_FORECAST_FACT_TABLE|SHINY_NOT_CONNECTED,"Multiple forecast versions are retained, so cross version accuracy comparison is available.","hdd_edb / EDB at forest grain, key NAMPRD07, forecast version 2026-04-06 19:49:02: average MAPE 0.492222, average accuracy 99.507778, across 9 evaluation windows from 2026-04-07 to 2026-04-21.",observed accuracy|observed bias|evaluation window coverage|source identity,cross metric raw aggregation|invented scenario values,VERIFIED_LOCAL,forecast_substrateBE_hdd_forest_metrics,hdd_forest_metrics.csv
hdd_edb,hdd_edb,EDB,not_applicable,not_applicable,forest,NAMPRD08,2026-04-06 19:49:02,UNKNOWN,pending_d5,local_ingested,accuracy_only,NO_TARGET_DATE_GRAIN|NO_FORECAST_FACT_TABLE|SHINY_NOT_CONNECTED,"Multiple forecast versions are retained, so cross version accuracy comparison is available.","hdd_edb / EDB at forest grain, key NAMPRD08, forecast version 2026-04-06 19:49:02: average MAPE 0.824444, average accuracy 99.175556, across 9 evaluation windows from 2026-04-07 to 2026-04-21.",observed accuracy|observed bias|evaluation window coverage|source identity,cross metric raw aggregation|invented scenario values,VERIFIED_LOCAL,forecast_substrateBE_hdd_forest_metrics,hdd_forest_metrics.csv
hdd_edb,hdd_edb,EDB,not_applicable,not_applicable,forest,NAMPRD08,2026-04-16 07:50:38,UNKNOWN,pending_d5,local_ingested,accuracy_only,NO_TARGET_DATE_GRAIN|NO_FORECAST_FACT_TABLE|SHINY_NOT_CONNECTED,"Multiple forecast versions are retained, so cross version accuracy comparison is available.","hdd_edb / EDB at forest grain, key NAMPRD08, forecast version 2026-04-16 07:50:38: average MAPE 1.45, average accuracy 98.55, across 16 evaluation windows from 2026-04-16 to 2026-05-06.",observed accuracy|observed bias|evaluation window coverage|source identity,cross metric raw aggregation|invented scenario values,VERIFIED_LOCAL,forecast_substrateBE_hdd_forest_metrics,hdd_forest_metrics.csv
hdd_edb,hdd_edb,EDB,not_applicable,not_applicable,forest,NAMPRD08,2026-05-01 03:35:00,UNKNOWN,pending_d5,local_ingested,accuracy_only,NO_TARGET_DATE_GRAIN|NO_FORECAST_FACT_TABLE|SHINY_NOT_CONNECTED,"Multiple forecast versions are retained, so cross version accuracy comparison is available.","hdd_edb / EDB at forest grain, key NAMPRD08, forecast version 2026-05-01 03:35:00: average MAPE 1.6475, average accuracy 98.3525, across 32 evaluation windows from 2026-05-01 to 2026-06-09.",observed accuracy|observed bias|evaluation window coverage|source identity,cross metric raw aggregation|invented scenario values,VERIFIED_LOCAL,forecast_substrateBE_hdd_forest_metrics,hdd_forest_metrics.csv
hdd_edb,hdd_edb,EDB,not_applicable,not_applicable,forest,NAMPRD09,2026-04-06 19:49:02,UNKNOWN,pending_d5,local_ingested,accuracy_only,NO_TARGET_DATE_GRAIN|NO_FORECAST_FACT_TABLE|SHINY_NOT_CONNECTED,"Multiple forecast versions are retained, so cross version accuracy comparison is available.","hdd_edb / EDB at forest grain, key NAMPRD09, forecast version 2026-04-06 19:49:02: average MAPE 0.062222, average accuracy 99.937778, across 9 evaluation windows from 2026-04-07 to 2026-04-21.",observed accuracy|observed bias|evaluation window coverage|source identity,cross metric raw aggregation|invented scenario values,VERIFIED_LOCAL,forecast_substrateBE_hdd_forest_metrics,hdd_forest_metrics.csv
hdd_edb,hdd_edb,EDB,not_applicable,not_applicable,forest,NAMPRD10,2026-04-06 19:49:02,UNKNOWN,pending_d5,local_ingested,accuracy_only,NO_TARGET_DATE_GRAIN|NO_FORECAST_FACT_TABLE|SHINY_NOT_CONNECTED,"Multiple forecast versions are retained, so cross version accuracy comparison is available.","hdd_edb / EDB at forest grain, key NAMPRD10, forecast version 2026-04-06 19:49:02: average MAPE 0.1, average accuracy 99.9, across 9 evaluation windows from 2026-04-07 to 2026-04-21.",observed accuracy|observed bias|evaluation window coverage|source identity,cross metric raw aggregation|invented scenario values,VERIFIED_LOCAL,forecast_substrateBE_hdd_forest_metrics,hdd_forest_metrics.csv
hdd_edb,hdd_edb,EDB,not_applicable,not_applicable,forest,NAMPRD11,2026-04-06 19:49:02,UNKNOWN,pending_d5,local_ingested,accuracy_only,NO_TARGET_DATE_GRAIN|NO_FORECAST_FACT_TABLE|SHINY_NOT_CONNECTED,"Multiple forecast versions are retained, so cross version accuracy comparison is available.","hdd_edb / EDB at forest grain, key NAMPRD11, forecast version 2026-04-06 19:49:02: average MAPE 0.131111, average accuracy 99.868889, across 9 evaluation windows from 2026-04-07 to 2026-04-21.",observed accuracy|observed bias|evaluation window coverage|source identity,cross metric raw aggregation|invented scenario values,VERIFIED_LOCAL,forecast_substrateBE_hdd_forest_metrics,hdd_forest_metrics.csv
hdd_edb,hdd_edb,EDB,not_applicable,not_applicable,forest,NAMPRD11,2026-05-01 03:35:00,UNKNOWN,pending_d5,local_ingested,accuracy_only,NO_TARGET_DATE_GRAIN|NO_FORECAST_FACT_TABLE|SHINY_NOT_CONNECTED,"Multiple forecast versions are retained, so cross version accuracy comparison is available.","hdd_edb / EDB at forest grain, key NAMPRD11, forecast version 2026-05-01 03:35:00: average MAPE 18.710625, average accuracy 81.289375, across 32 evaluation windows from 2026-05-01 to 2026-06-09.",observed accuracy|observed bias|evaluation window coverage|source identity,cross metric raw aggregation|invented scenario values,VERIFIED_LOCAL,forecast_substrateBE_hdd_forest_metrics,hdd_forest_metrics.csv
hdd_edb,hdd_edb,EDB,not_applicable,not_applicable,forest,NAMPRD12,2026-04-06 19:49:02,UNKNOWN,pending_d5,local_ingested,accuracy_only,NO_TARGET_DATE_GRAIN|NO_FORECAST_FACT_TABLE|SHINY_NOT_CONNECTED,"Multiple forecast versions are retained, so cross version accuracy comparison is available.","hdd_edb / EDB at forest grain, key NAMPRD12, forecast version 2026-04-06 19:49:02: average MAPE 0.585556, average accuracy 99.414444, across 9 evaluation windows from 2026-04-07 to 2026-04-21.",observed accuracy|observed bias|evaluation window coverage|source identity,cross metric raw aggregation|invented scenario values,VERIFIED_LOCAL,forecast_substrateBE_hdd_forest_metrics,hdd_forest_metrics.csv
hdd_edb,hdd_edb,EDB,not_applicable,not_applicable,forest,NAMPRD12,2026-04-16 07:50:38,UNKNOWN,pending_d5,local_ingested,accuracy_only,NO_TARGET_DATE_GRAIN|NO_FORECAST_FACT_TABLE|SHINY_NOT_CONNECTED,"Multiple forecast versions are retained, so cross version accuracy comparison is available.","hdd_edb / EDB at forest grain, key NAMPRD12, forecast version 2026-04-16 07:50:38: average MAPE 16.105, average accuracy 83.895, across 16 evaluation windows from 2026-04-16 to 2026-05-06.",observed accuracy|observed bias|evaluation window coverage|source identity,cross metric raw aggregation|invented scenario values,VERIFIED_LOCAL,forecast_substrateBE_hdd_forest_metrics,hdd_forest_metrics.csv
hdd_edb,hdd_edb,EDB,not_applicable,not_applicable,forest,NAMPRD13,2026-04-06 19:49:02,UNKNOWN,pending_d5,local_ingested,accuracy_only,NO_TARGET_DATE_GRAIN|NO_FORECAST_FACT_TABLE|SHINY_NOT_CONNECTED,"Multiple forecast versions are retained, so cross version accuracy comparison is available.","hdd_edb / EDB at forest grain, key NAMPRD13, forecast version 2026-04-06 19:49:02: average MAPE 0.563333, average accuracy 99.436667, across 9 evaluation windows from 2026-04-07 to 2026-04-21.",observed accuracy|observed bias|evaluation window coverage|source identity,cross metric raw aggregation|invented scenario values,VERIFIED_LOCAL,forecast_substrateBE_hdd_forest_metrics,hdd_forest_metrics.csv
hdd_edb,hdd_edb,EDB,not_applicable,not_applicable,forest,NAMPRD13,2026-04-16 07:50:38,UNKNOWN,pending_d5,local_ingested,accuracy_only,NO_TARGET_DATE_GRAIN|NO_FORECAST_FACT_TABLE|SHINY_NOT_CONNECTED,"Multiple forecast versions are retained, so cross version accuracy comparison is available.","hdd_edb / EDB at forest grain, key NAMPRD13, forecast version 2026-04-16 07:50:38: average MAPE 4.37, average accuracy 95.63, across 16 evaluation windows from 2026-04-16 to 2026-05-06.",observed accuracy|observed bias|evaluation window coverage|source identity,cross metric raw aggregation|invented scenario values,VERIFIED_LOCAL,forecast_substrateBE_hdd_forest_metrics,hdd_forest_metrics.csv
hdd_edb,hdd_edb,EDB,not_applicable,not_applicable,forest,NAMPRD14,2026-04-06 19:49:02,UNKNOWN,pending_d5,local_ingested,accuracy_only,NO_TARGET_DATE_GRAIN|NO_FORECAST_FACT_TABLE|SHINY_NOT_CONNECTED,"Multiple forecast versions are retained, so cross version accuracy comparison is available.","hdd_edb / EDB at forest grain, key NAMPRD14, forecast version 2026-04-06 19:49:02: average MAPE 0.101111, average accuracy 99.898889, across 9 evaluation windows from 2026-04-07 to 2026-04-21.",observed accuracy|observed bias|evaluation window coverage|source identity,cross metric raw aggregation|invented scenario values,VERIFIED_LOCAL,forecast_substrateBE_hdd_forest_metrics,hdd_forest_metrics.csv
hdd_edb,hdd_edb,EDB,not_applicable,not_applicable,forest,NAMPRD15,2026-04-06 19:49:02,UNKNOWN,pending_d5,local_ingested,accuracy_only,NO_TARGET_DATE_GRAIN|NO_FORECAST_FACT_TABLE|SHINY_NOT_CONNECTED,"Multiple forecast versions are retained, so cross version accuracy comparison is available.","hdd_edb / EDB at forest grain, key NAMPRD15, forecast version 2026-04-06 19:49:02: average MAPE 0.421111, average accuracy 99.578889, across 9 evaluation windows from 2026-04-07 to 2026-04-21.",observed accuracy|observed bias|evaluation window coverage|source identity,cross metric raw aggregation|invented scenario values,VERIFIED_LOCAL,forecast_substrateBE_hdd_forest_metrics,hdd_forest_metrics.csv
hdd_edb,hdd_edb,EDB,not_applicable,not_applicable,forest,NAMPRD15,2026-05-01 03:35:00,UNKNOWN,pending_d5,local_ingested,accuracy_only,NO_TARGET_DATE_GRAIN|NO_FORECAST_FACT_TABLE|SHINY_NOT_CONNECTED,"Multiple forecast versions are retained, so cross version accuracy comparison is available.","hdd_edb / EDB at forest grain, key NAMPRD15, forecast version 2026-05-01 03:35:00: average MAPE 11.674062, average accuracy 88.325937, across 32 evaluation windows from 2026-05-01 to 2026-06-09.",observed accuracy|observed bias|evaluation window coverage|source identity,cross metric raw aggregation|invented scenario values,VERIFIED_LOCAL,forecast_substrateBE_hdd_forest_metrics,hdd_forest_metrics.csv
hdd_edb,hdd_edb,EDB,not_applicable,not_applicable,forest,NAMPRD16,2026-04-06 19:49:02,UNKNOWN,pending_d5,local_ingested,accuracy_only,NO_TARGET_DATE_GRAIN|NO_FORECAST_FACT_TABLE|SHINY_NOT_CONNECTED,"Multiple forecast versions are retained, so cross version accuracy comparison is available.","hdd_edb / EDB at forest grain, key NAMPRD16, forecast version 2026-04-06 19:49:02: average MAPE 0.498889, average accuracy 99.501111, across 9 evaluation windows from 2026-04-07 to 2026-04-21.",observed accuracy|observed bias|evaluation window coverage|source identity,cross metric raw aggregation|invented scenario values,VERIFIED_LOCAL,forecast_substrateBE_hdd_forest_metrics,hdd_forest_metrics.csv
hdd_edb,hdd_edb,EDB,not_applicable,not_applicable,forest,NAMPRD16,2026-05-01 03:35:00,UNKNOWN,pending_d5,local_ingested,accuracy_only,NO_TARGET_DATE_GRAIN|NO_FORECAST_FACT_TABLE|SHINY_NOT_CONNECTED,"Multiple forecast versions are retained, so cross version accuracy comparison is available.","hdd_edb / EDB at forest grain, key NAMPRD16, forecast version 2026-05-01 03:35:00: average MAPE 5.484375, average accuracy 94.515625, across 32 evaluation windows from 2026-05-01 to 2026-06-09.",observed accuracy|observed bias|evaluation window coverage|source identity,cross metric raw aggregation|invented scenario values,VERIFIED_LOCAL,forecast_substrateBE_hdd_forest_metrics,hdd_forest_metrics.csv
hdd_edb,hdd_edb,EDB,not_applicable,not_applicable,forest,NAMPRD17,2026-04-06 19:49:02,UNKNOWN,pending_d5,local_ingested,accuracy_only,NO_TARGET_DATE_GRAIN|NO_FORECAST_FACT_TABLE|SHINY_NOT_CONNECTED,"Multiple forecast versions are retained, so cross version accuracy comparison is available.","hdd_edb / EDB at forest grain, key NAMPRD17, forecast version 2026-04-06 19:49:02: average MAPE 0.183333, average accuracy 99.816667, across 9 evaluation windows from 2026-04-07 to 2026-04-21.",observed accuracy|observed bias|evaluation window coverage|source identity,cross metric raw aggregation|invented scenario values,VERIFIED_LOCAL,forecast_substrateBE_hdd_forest_metrics,hdd_forest_metrics.csv
hdd_edb,hdd_edb,EDB,not_applicable,not_applicable,forest,NAMPRD17,2026-04-16 07:50:38,UNKNOWN,pending_d5,local_ingested,accuracy_only,NO_TARGET_DATE_GRAIN|NO_FORECAST_FACT_TABLE|SHINY_NOT_CONNECTED,"Multiple forecast versions are retained, so cross version accuracy comparison is available.","hdd_edb / EDB at forest grain, key NAMPRD17, forecast version 2026-04-16 07:50:38: average MAPE 3.258125, average accuracy 96.741875, across 16 evaluation windows from 2026-04-16 to 2026-05-06.",observed accuracy|observed bias|evaluation window coverage|source identity,cross metric raw aggregation|invented scenario values,VERIFIED_LOCAL,forecast_substrateBE_hdd_forest_metrics,hdd_forest_metrics.csv
hdd_edb,hdd_edb,EDB,not_applicable,not_applicable,forest,NAMPRD18,2026-04-06 19:49:02,UNKNOWN,pending_d5,local_ingested,accuracy_only,NO_TARGET_DATE_GRAIN|NO_FORECAST_FACT_TABLE|SHINY_NOT_CONNECTED,"Multiple forecast versions are retained, so cross version accuracy comparison is available.","hdd_edb / EDB at forest grain, key NAMPRD18, forecast version 2026-04-06 19:49:02: average MAPE 2.201111, average accuracy 97.798889, across 9 evaluation windows from 2026-04-07 to 2026-04-21.",observed accuracy|observed bias|evaluation window coverage|source identity,cross metric raw aggregation|invented scenario values,VERIFIED_LOCAL,forecast_substrateBE_hdd_forest_metrics,hdd_forest_metrics.csv
hdd_edb,hdd_edb,EDB,not_applicable,not_applicable,forest,NAMPRD18,2026-05-01 03:35:00,UNKNOWN,pending_d5,local_ingested,accuracy_only,NO_TARGET_DATE_GRAIN|NO_FORECAST_FACT_TABLE|SHINY_NOT_CONNECTED,"Multiple forecast versions are retained, so cross version accuracy comparison is available.","hdd_edb / EDB at forest grain, key NAMPRD18, forecast version 2026-05-01 03:35:00: average MAPE 8.184062, average accuracy 91.815938, across 32 evaluation windows from 2026-05-01 to 2026-06-09.",observed accuracy|observed bias|evaluation window coverage|source identity,cross metric raw aggregation|invented scenario values,VERIFIED_LOCAL,forecast_substrateBE_hdd_forest_metrics,hdd_forest_metrics.csv
hdd_edb,hdd_edb,EDB,not_applicable,not_applicable,forest,NAMPRD19,2026-04-06 19:49:02,UNKNOWN,pending_d5,local_ingested,accuracy_only,NO_TARGET_DATE_GRAIN|NO_FORECAST_FACT_TABLE|SHINY_NOT_CONNECTED,"Multiple forecast versions are retained, so cross version accuracy comparison is available.","hdd_edb / EDB at forest grain, key NAMPRD19, forecast version 2026-04-06 19:49:02: average MAPE 0.727778, average accuracy 99.272222, across 9 evaluation windows from 2026-04-07 to 2026-04-21.",observed accuracy|observed bias|evaluation window coverage|source identity,cross metric raw aggregation|invented scenario values,VERIFIED_LOCAL,forecast_substrateBE_hdd_forest_metrics,hdd_forest_metrics.csv
hdd_edb,hdd_edb,EDB,not_applicable,not_applicable,forest,NAMPRD20,2026-04-06 19:49:02,UNKNOWN,pending_d5,local_ingested,accuracy_only,NO_TARGET_DATE_GRAIN|NO_FORECAST_FACT_TABLE|SHINY_NOT_CONNECTED,"Multiple forecast versions are retained, so cross version accuracy comparison is available.","hdd_edb / EDB at forest grain, key NAMPRD20, forecast version 2026-04-06 19:49:02: average MAPE 0.423333, average accuracy 99.576667, across 9 evaluation windows from 2026-04-07 to 2026-04-21.",observed accuracy|observed bias|evaluation window coverage|source identity,cross metric raw aggregation|invented scenario values,VERIFIED_LOCAL,forecast_substrateBE_hdd_forest_metrics,hdd_forest_metrics.csv
hdd_edb,hdd_edb,EDB,not_applicable,not_applicable,forest,NAMPRD21,2026-04-06 19:49:02,UNKNOWN,pending_d5,local_ingested,accuracy_only,NO_TARGET_DATE_GRAIN|NO_FORECAST_FACT_TABLE|SHINY_NOT_CONNECTED,"Multiple forecast versions are retained, so cross version accuracy comparison is available.","hdd_edb / EDB at forest grain, key NAMPRD21, forecast version 2026-04-06 19:49:02: average MAPE 1.356667, average accuracy 98.643333, across 9 evaluation windows from 2026-04-07 to 2026-04-21.",observed accuracy|observed bias|evaluation window coverage|source identity,cross metric raw aggregation|invented scenario values,VERIFIED_LOCAL,forecast_substrateBE_hdd_forest_metrics,hdd_forest_metrics.csv
hdd_edb,hdd_edb,EDB,not_applicable,not_applicable,forest,NAMPRD21,2026-04-16 07:50:38,UNKNOWN,pending_d5,local_ingested,accuracy_only,NO_TARGET_DATE_GRAIN|NO_FORECAST_FACT_TABLE|SHINY_NOT_CONNECTED,"Multiple forecast versions are retained, so cross version accuracy comparison is available.","hdd_edb / EDB at forest grain, key NAMPRD21, forecast version 2026-04-16 07:50:38: average MAPE 4.320625, average accuracy 95.679375, across 16 evaluation windows from 2026-04-16 to 2026-05-06.",observed accuracy|observed bias|evaluation window coverage|source identity,cross metric raw aggregation|invented scenario values,VERIFIED_LOCAL,forecast_substrateBE_hdd_forest_metrics,hdd_forest_metrics.csv
hdd_edb,hdd_edb,EDB,not_applicable,not_applicable,forest,NAMPRD22,2026-04-06 19:49:02,UNKNOWN,pending_d5,local_ingested,accuracy_only,NO_TARGET_DATE_GRAIN|NO_FORECAST_FACT_TABLE|SHINY_NOT_CONNECTED,"Multiple forecast versions are retained, so cross version accuracy comparison is available.","hdd_edb / EDB at forest grain, key NAMPRD22, forecast version 2026-04-06 19:49:02: average MAPE 0.772222, average accuracy 99.227778, across 9 evaluation windows from 2026-04-07 to 2026-04-21.",observed accuracy|observed bias|evaluation window coverage|source identity,cross metric raw aggregation|invented scenario values,VERIFIED_LOCAL,forecast_substrateBE_hdd_forest_metrics,hdd_forest_metrics.csv
hdd_edb,hdd_edb,EDB,not_applicable,not_applicable,forest,NAMPRD84,2026-04-06 19:49:02,UNKNOWN,pending_d5,local_ingested,accuracy_only,NO_TARGET_DATE_GRAIN|NO_FORECAST_FACT_TABLE|SHINY_NOT_CONNECTED,"Multiple forecast versions are retained, so cross version accuracy comparison is available.","hdd_edb / EDB at forest grain, key NAMPRD84, forecast version 2026-04-06 19:49:02: average MAPE 7.421111, average accuracy 92.578889, across 9 evaluation windows from 2026-04-07 to 2026-04-21.",observed accuracy|observed bias|evaluation window coverage|source identity,cross metric raw aggregation|invented scenario values,VERIFIED_LOCAL,forecast_substrateBE_hdd_forest_metrics,hdd_forest_metrics.csv
hdd_edb,hdd_edb,EDB,not_applicable,not_applicable,forest,NAMPRD84,2026-04-16 07:50:38,UNKNOWN,pending_d5,local_ingested,accuracy_only,NO_TARGET_DATE_GRAIN|NO_FORECAST_FACT_TABLE|SHINY_NOT_CONNECTED,"Multiple forecast versions are retained, so cross version accuracy comparison is available.","hdd_edb / EDB at forest grain, key NAMPRD84, forecast version 2026-04-16 07:50:38: average MAPE 89.9975, average accuracy 10.0025, across 16 evaluation windows from 2026-04-16 to 2026-05-06.",observed accuracy|observed bias|evaluation window coverage|source identity,cross metric raw aggregation|invented scenario values,VERIFIED_LOCAL,forecast_substrateBE_hdd_forest_metrics,hdd_forest_metrics.csv
hdd_edb,hdd_edb,EDB,not_applicable,not_applicable,forest,NAMPRD85,2026-04-06 19:49:02,UNKNOWN,pending_d5,local_ingested,accuracy_only,NO_TARGET_DATE_GRAIN|NO_FORECAST_FACT_TABLE|SHINY_NOT_CONNECTED,"Multiple forecast versions are retained, so cross version accuracy comparison is available.","hdd_edb / EDB at forest grain, key NAMPRD85, forecast version 2026-04-06 19:49:02: average MAPE 0.405556, average accuracy 99.594444, across 9 evaluation windows from 2026-04-07 to 2026-04-21.",observed accuracy|observed bias|evaluation window coverage|source identity,cross metric raw aggregation|invented scenario values,VERIFIED_LOCAL,forecast_substrateBE_hdd_forest_metrics,hdd_forest_metrics.csv
hdd_edb,hdd_edb,EDB,not_applicable,not_applicable,forest,NAMPRD85,2026-05-01 03:35:00,UNKNOWN,pending_d5,local_ingested,accuracy_only,NO_TARGET_DATE_GRAIN|NO_FORECAST_FACT_TABLE|SHINY_NOT_CONNECTED,"Multiple forecast versions are retained, so cross version accuracy comparison is available.","hdd_edb / EDB at forest grain, key NAMPRD85, forecast version 2026-05-01 03:35:00: average MAPE 0.225, average accuracy 99.775, across 32 evaluation windows from 2026-05-01 to 2026-06-09.",observed accuracy|observed bias|evaluation window coverage|source identity,cross metric raw aggregation|invented scenario values,VERIFIED_LOCAL,forecast_substrateBE_hdd_forest_metrics,hdd_forest_metrics.csv
hdd_edb,hdd_edb,EDB,not_applicable,not_applicable,forest,NORP279,2026-04-06 19:49:02,UNKNOWN,pending_d5,local_ingested,accuracy_only,NO_TARGET_DATE_GRAIN|NO_FORECAST_FACT_TABLE|SHINY_NOT_CONNECTED,"Multiple forecast versions are retained, so cross version accuracy comparison is available.","hdd_edb / EDB at forest grain, key NORP279, forecast version 2026-04-06 19:49:02: average MAPE 0.636667, average accuracy 99.363333, across 9 evaluation windows from 2026-04-07 to 2026-04-21.",observed accuracy|observed bias|evaluation window coverage|source identity,cross metric raw aggregation|invented scenario values,VERIFIED_LOCAL,forecast_substrateBE_hdd_forest_metrics,hdd_forest_metrics.csv
hdd_edb,hdd_edb,EDB,not_applicable,not_applicable,forest,NORP279,2026-05-01 03:35:00,UNKNOWN,pending_d5,local_ingested,accuracy_only,NO_TARGET_DATE_GRAIN|NO_FORECAST_FACT_TABLE|SHINY_NOT_CONNECTED,"Multiple forecast versions are retained, so cross version accuracy comparison is available.","hdd_edb / EDB at forest grain, key NORP279, forecast version 2026-05-01 03:35:00: average MAPE 37.999375, average accuracy 62.000625, across 32 evaluation windows from 2026-05-01 to 2026-06-09.",observed accuracy|observed bias|evaluation window coverage|source identity,cross metric raw aggregation|invented scenario values,VERIFIED_LOCAL,forecast_substrateBE_hdd_forest_metrics,hdd_forest_metrics.csv
hdd_edb,hdd_edb,EDB,not_applicable,not_applicable,forest,NZLP299,2026-04-06 19:49:02,UNKNOWN,pending_d5,local_ingested,accuracy_only,NO_TARGET_DATE_GRAIN|NO_FORECAST_FACT_TABLE|SHINY_NOT_CONNECTED,"Multiple forecast versions are retained, so cross version accuracy comparison is available.","hdd_edb / EDB at forest grain, key NZLP299, forecast version 2026-04-06 19:49:02: average MAPE 18.245556, average accuracy 81.754444, across 9 evaluation windows from 2026-04-07 to 2026-04-21.",observed accuracy|observed bias|evaluation window coverage|source identity,cross metric raw aggregation|invented scenario values,VERIFIED_LOCAL,forecast_substrateBE_hdd_forest_metrics,hdd_forest_metrics.csv
hdd_edb,hdd_edb,EDB,not_applicable,not_applicable,forest,NZLP299,2026-05-01 03:35:00,UNKNOWN,pending_d5,local_ingested,accuracy_only,NO_TARGET_DATE_GRAIN|NO_FORECAST_FACT_TABLE|SHINY_NOT_CONNECTED,"Multiple forecast versions are retained, so cross version accuracy comparison is available.","hdd_edb / EDB at forest grain, key NZLP299, forecast version 2026-05-01 03:35:00: average MAPE 12.357188, average accuracy 87.642812, across 32 evaluation windows from 2026-05-01 to 2026-06-09.",observed accuracy|observed bias|evaluation window coverage|source identity,cross metric raw aggregation|invented scenario values,VERIFIED_LOCAL,forecast_substrateBE_hdd_forest_metrics,hdd_forest_metrics.csv
hdd_edb,hdd_edb,EDB,not_applicable,not_applicable,forest,POLP291,2026-04-06 19:49:02,UNKNOWN,pending_d5,local_ingested,accuracy_only,NO_TARGET_DATE_GRAIN|NO_FORECAST_FACT_TABLE|SHINY_NOT_CONNECTED,"Multiple forecast versions are retained, so cross version accuracy comparison is available.","hdd_edb / EDB at forest grain, key POLP291, forecast version 2026-04-06 19:49:02: average MAPE 34.206667, average accuracy 65.793333, across 9 evaluation windows from 2026-04-07 to 2026-04-21.",observed accuracy|observed bias|evaluation window coverage|source identity,cross metric raw aggregation|invented scenario values,VERIFIED_LOCAL,forecast_substrateBE_hdd_forest_metrics,hdd_forest_metrics.csv
hdd_edb,hdd_edb,EDB,not_applicable,not_applicable,forest,QATP289,2026-04-06 19:49:02,UNKNOWN,pending_d5,local_ingested,accuracy_only,NO_TARGET_DATE_GRAIN|NO_FORECAST_FACT_TABLE|SHINY_NOT_CONNECTED,"Multiple forecast versions are retained, so cross version accuracy comparison is available.","hdd_edb / EDB at forest grain, key QATP289, forecast version 2026-04-06 19:49:02: average MAPE 31.565556, average accuracy 68.434444, across 9 evaluation windows from 2026-04-07 to 2026-04-21.",observed accuracy|observed bias|evaluation window coverage|source identity,cross metric raw aggregation|invented scenario values,VERIFIED_LOCAL,forecast_substrateBE_hdd_forest_metrics,hdd_forest_metrics.csv
hdd_edb,hdd_edb,EDB,not_applicable,not_applicable,forest,QATP289,2026-04-16 07:50:38,UNKNOWN,pending_d5,local_ingested,accuracy_only,NO_TARGET_DATE_GRAIN|NO_FORECAST_FACT_TABLE|SHINY_NOT_CONNECTED,"Multiple forecast versions are retained, so cross version accuracy comparison is available.","hdd_edb / EDB at forest grain, key QATP289, forecast version 2026-04-16 07:50:38: average MAPE 8.011875, average accuracy 91.988125, across 16 evaluation windows from 2026-04-16 to 2026-05-06.",observed accuracy|observed bias|evaluation window coverage|source identity,cross metric raw aggregation|invented scenario values,VERIFIED_LOCAL,forecast_substrateBE_hdd_forest_metrics,hdd_forest_metrics.csv
hdd_edb,hdd_edb,EDB,not_applicable,not_applicable,forest,QATP289,2026-05-01 03:35:00,UNKNOWN,pending_d5,local_ingested,accuracy_only,NO_TARGET_DATE_GRAIN|NO_FORECAST_FACT_TABLE|SHINY_NOT_CONNECTED,"Multiple forecast versions are retained, so cross version accuracy comparison is available.","hdd_edb / EDB at forest grain, key QATP289, forecast version 2026-05-01 03:35:00: average MAPE 0.371875, average accuracy 99.628125, across 32 evaluation windows from 2026-05-01 to 2026-06-09.",observed accuracy|observed bias|evaluation window coverage|source identity,cross metric raw aggregation|invented scenario values,VERIFIED_LOCAL,forecast_substrateBE_hdd_forest_metrics,hdd_forest_metrics.csv
hdd_edb,hdd_edb,EDB,not_applicable,not_applicable,forest,SGPP274,2026-04-06 19:49:02,UNKNOWN,pending_d5,local_ingested,accuracy_only,NO_TARGET_DATE_GRAIN|NO_FORECAST_FACT_TABLE|SHINY_NOT_CONNECTED,"Multiple forecast versions are retained, so cross version accuracy comparison is available.","hdd_edb / EDB at forest grain, key SGPP274, forecast version 2026-04-06 19:49:02: average MAPE 34.811111, average accuracy 65.188889, across 9 evaluation windows from 2026-04-07 to 2026-04-21.",observed accuracy|observed bias|evaluation window coverage|source identity,cross metric raw aggregation|invented scenario values,VERIFIED_LOCAL,forecast_substrateBE_hdd_forest_metrics,hdd_forest_metrics.csv
hdd_edb,hdd_edb,EDB,not_applicable,not_applicable,forest,SGPP274,2026-05-01 03:35:00,UNKNOWN,pending_d5,local_ingested,accuracy_only,NO_TARGET_DATE_GRAIN|NO_FORECAST_FACT_TABLE|SHINY_NOT_CONNECTED,"Multiple forecast versions are retained, so cross version accuracy comparison is available.","hdd_edb / EDB at forest grain, key SGPP274, forecast version 2026-05-01 03:35:00: average MAPE 38.231875, average accuracy 61.768125, across 32 evaluation windows from 2026-05-01 to 2026-06-09.",observed accuracy|observed bias|evaluation window coverage|source identity,cross metric raw aggregation|invented scenario values,VERIFIED_LOCAL,forecast_substrateBE_hdd_forest_metrics,hdd_forest_metrics.csv
hdd_edb,hdd_edb,EDB,not_applicable,not_applicable,forest,SWEP280,2026-04-06 19:49:02,UNKNOWN,pending_d5,local_ingested,accuracy_only,NO_TARGET_DATE_GRAIN|NO_FORECAST_FACT_TABLE|SHINY_NOT_CONNECTED,"Multiple forecast versions are retained, so cross version accuracy comparison is available.","hdd_edb / EDB at forest grain, key SWEP280, forecast version 2026-04-06 19:49:02: average MAPE 1.285556, average accuracy 98.714444, across 9 evaluation windows from 2026-04-07 to 2026-04-21.",observed accuracy|observed bias|evaluation window coverage|source identity,cross metric raw aggregation|invented scenario values,VERIFIED_LOCAL,forecast_substrateBE_hdd_forest_metrics,hdd_forest_metrics.csv
hdd_edb,hdd_edb,EDB,not_applicable,not_applicable,forest,SWEP280,2026-05-01 03:35:00,UNKNOWN,pending_d5,local_ingested,accuracy_only,NO_TARGET_DATE_GRAIN|NO_FORECAST_FACT_TABLE|SHINY_NOT_CONNECTED,"Multiple forecast versions are retained, so cross version accuracy comparison is available.","hdd_edb / EDB at forest grain, key SWEP280, forecast version 2026-05-01 03:35:00: average MAPE 30.054063, average accuracy 69.945937, across 32 evaluation windows from 2026-05-01 to 2026-06-09.",observed accuracy|observed bias|evaluation window coverage|source identity,cross metric raw aggregation|invented scenario values,VERIFIED_LOCAL,forecast_substrateBE_hdd_forest_metrics,hdd_forest_metrics.csv
hdd_edb,hdd_edb,EDB,not_applicable,not_applicable,forest,TWNP295,2026-04-06 19:49:02,UNKNOWN,pending_d5,local_ingested,accuracy_only,NO_TARGET_DATE_GRAIN|NO_FORECAST_FACT_TABLE|SHINY_NOT_CONNECTED,"Multiple forecast versions are retained, so cross version accuracy comparison is available.","hdd_edb / EDB at forest grain, key TWNP295, forecast version 2026-04-06 19:49:02: average MAPE 23.814444, average accuracy 76.185556, across 9 evaluation windows from 2026-04-07 to 2026-04-21.",observed accuracy|observed bias|evaluation window coverage|source identity,cross metric raw aggregation|invented scenario values,VERIFIED_LOCAL,forecast_substrateBE_hdd_forest_metrics,hdd_forest_metrics.csv
hdd_edb,hdd_edb,EDB,not_applicable,not_applicable,forest,TWNP295,2026-05-01 03:35:00,UNKNOWN,pending_d5,local_ingested,accuracy_only,NO_TARGET_DATE_GRAIN|NO_FORECAST_FACT_TABLE|SHINY_NOT_CONNECTED,"Multiple forecast versions are retained, so cross version accuracy comparison is available.","hdd_edb / EDB at forest grain, key TWNP295, forecast version 2026-05-01 03:35:00: average MAPE 19.995313, average accuracy 80.004688, across 32 evaluation windows from 2026-05-01 to 2026-06-09.",observed accuracy|observed bias|evaluation window coverage|source identity,cross metric raw aggregation|invented scenario values,VERIFIED_LOCAL,forecast_substrateBE_hdd_forest_metrics,hdd_forest_metrics.csv
hdd_edb,hdd_edb,EDB,not_applicable,not_applicable,forest,ZAFP275,2026-04-06 19:49:02,UNKNOWN,pending_d5,local_ingested,accuracy_only,NO_TARGET_DATE_GRAIN|NO_FORECAST_FACT_TABLE|SHINY_NOT_CONNECTED,"Multiple forecast versions are retained, so cross version accuracy comparison is available.","hdd_edb / EDB at forest grain, key ZAFP275, forecast version 2026-04-06 19:49:02: average MAPE 0.48, average accuracy 99.52, across 9 evaluation windows from 2026-04-07 to 2026-04-21.",observed accuracy|observed bias|evaluation window coverage|source identity,cross metric raw aggregation|invented scenario values,VERIFIED_LOCAL,forecast_substrateBE_hdd_forest_metrics,hdd_forest_metrics.csv
ssd_phoenix,ssd_phoenix,lv_with_efficiency,not_applicable,not_applicable,forest,NAMPRD02,2026-03-12,UNKNOWN,pending_d5,partially_available,single_version_accuracy_only,SINGLE_VERSION_ONLY|NO_TARGET_DATE_GRAIN|NO_FORECAST_FACT_TABLE|SHINY_NOT_CONNECTED,"Single retained forecast version, so this is point accuracy for one cycle and not drift.","ssd_phoenix / lv_with_efficiency at forest grain, key NAMPRD02, forecast version 2026-03-12: average MAPE 14.127368, average accuracy 85.872632, across 57 evaluation windows from 2026-04-07 to 2026-06-09.",observed accuracy|observed bias|evaluation window coverage|source identity,drift|trend over time|deterioration|improvement over time|cross metric raw aggregation|invented scenario values,VERIFIED_LOCAL,forecast_substrateBE_ssd_phx_lvwe_metrics,ssd_phx_lvwe_metrics.csv
ssd_phoenix,ssd_phoenix,lv_with_efficiency,not_applicable,not_applicable,forest,APCPRD03,2026-03-12,UNKNOWN,pending_d5,partially_available,single_version_accuracy_only,SINGLE_VERSION_ONLY|NO_TARGET_DATE_GRAIN|NO_FORECAST_FACT_TABLE|SHINY_NOT_CONNECTED,"Single retained forecast version, so this is point accuracy for one cycle and not drift.","ssd_phoenix / lv_with_efficiency at forest grain, key APCPRD03, forecast version 2026-03-12: average MAPE 14.153509, average accuracy 85.846491, across 57 evaluation windows from 2026-04-07 to 2026-06-09.",observed accuracy|observed bias|evaluation window coverage|source identity,drift|trend over time|deterioration|improvement over time|cross metric raw aggregation|invented scenario values,VERIFIED_LOCAL,forecast_substrateBE_ssd_phx_lvwe_metrics,ssd_phx_lvwe_metrics.csv
ssd_phoenix,ssd_phoenix,lv_with_efficiency,not_applicable,not_applicable,forest,APCPRD02,2026-03-12,UNKNOWN,pending_d5,partially_available,single_version_accuracy_only,SINGLE_VERSION_ONLY|NO_TARGET_DATE_GRAIN|NO_FORECAST_FACT_TABLE|SHINY_NOT_CONNECTED,"Single retained forecast version, so this is point accuracy for one cycle and not drift.","ssd_phoenix / lv_with_efficiency at forest grain, key APCPRD02, forecast version 2026-03-12: average MAPE 7.693684, average accuracy 92.306316, across 57 evaluation windows from 2026-04-07 to 2026-06-09.",observed accuracy|observed bias|evaluation window coverage|source identity,drift|trend over time|deterioration|improvement over time|cross metric raw aggregation|invented scenario values,VERIFIED_LOCAL,forecast_substrateBE_ssd_phx_lvwe_metrics,ssd_phx_lvwe_metrics.csv
ssd_phoenix,ssd_phoenix,lv_with_efficiency,not_applicable,not_applicable,forest,APCPRD06,2026-03-12,UNKNOWN,pending_d5,partially_available,single_version_accuracy_only,SINGLE_VERSION_ONLY|NO_TARGET_DATE_GRAIN|NO_FORECAST_FACT_TABLE|SHINY_NOT_CONNECTED,"Single retained forecast version, so this is point accuracy for one cycle and not drift.","ssd_phoenix / lv_with_efficiency at forest grain, key APCPRD06, forecast version 2026-03-12: average MAPE 9.164737, average accuracy 90.835263, across 57 evaluation windows from 2026-04-07 to 2026-06-09.",observed accuracy|observed bias|evaluation window coverage|source identity,drift|trend over time|deterioration|improvement over time|cross metric raw aggregation|invented scenario values,VERIFIED_LOCAL,forecast_substrateBE_ssd_phx_lvwe_metrics,ssd_phx_lvwe_metrics.csv
ssd_phoenix,ssd_phoenix,lv_with_efficiency,not_applicable,not_applicable,forest,APCP150,2026-03-12,UNKNOWN,pending_d5,partially_available,single_version_accuracy_only,SINGLE_VERSION_ONLY|NO_TARGET_DATE_GRAIN|NO_FORECAST_FACT_TABLE|SHINY_NOT_CONNECTED,"Single retained forecast version, so this is point accuracy for one cycle and not drift.","ssd_phoenix / lv_with_efficiency at forest grain, key APCP150, forecast version 2026-03-12: average MAPE 1010.865789, average accuracy 0.0, across 57 evaluation windows from 2026-04-07 to 2026-06-09.",observed accuracy|observed bias|evaluation window coverage|source identity,drift|trend over time|deterioration|improvement over time|cross metric raw aggregation|invented scenario values,VERIFIED_LOCAL,forecast_substrateBE_ssd_phx_lvwe_metrics,ssd_phx_lvwe_metrics.csv
ssd_phoenix,ssd_phoenix,lv_with_efficiency,not_applicable,not_applicable,forest,EURP192,2026-03-12,UNKNOWN,pending_d5,partially_available,single_version_accuracy_only,SINGLE_VERSION_ONLY|NO_TARGET_DATE_GRAIN|NO_FORECAST_FACT_TABLE|SHINY_NOT_CONNECTED,"Single retained forecast version, so this is point accuracy for one cycle and not drift.","ssd_phoenix / lv_with_efficiency at forest grain, key EURP192, forecast version 2026-03-12: average MAPE 25.802281, average accuracy 74.197719, across 57 evaluation windows from 2026-04-07 to 2026-06-09.",observed accuracy|observed bias|evaluation window coverage|source identity,drift|trend over time|deterioration|improvement over time|cross metric raw aggregation|invented scenario values,VERIFIED_LOCAL,forecast_substrateBE_ssd_phx_lvwe_metrics,ssd_phx_lvwe_metrics.csv
ssd_phoenix,ssd_phoenix,lv_with_efficiency,not_applicable,not_applicable,forest,NAMP154,2026-03-12,UNKNOWN,pending_d5,partially_available,single_version_accuracy_only,SINGLE_VERSION_ONLY|NO_TARGET_DATE_GRAIN|NO_FORECAST_FACT_TABLE|SHINY_NOT_CONNECTED,"Single retained forecast version, so this is point accuracy for one cycle and not drift.","ssd_phoenix / lv_with_efficiency at forest grain, key NAMP154, forecast version 2026-03-12: average MAPE 68.402456, average accuracy 31.597544, across 57 evaluation windows from 2026-04-07 to 2026-06-09.",observed accuracy|observed bias|evaluation window coverage|source identity,drift|trend over time|deterioration|improvement over time|cross metric raw aggregation|invented scenario values,VERIFIED_LOCAL,forecast_substrateBE_ssd_phx_lvwe_metrics,ssd_phx_lvwe_metrics.csv
ssd_phoenix,ssd_phoenix,lv_with_efficiency,not_applicable,not_applicable,forest,NAMP129,2026-03-12,UNKNOWN,pending_d5,partially_available,single_version_accuracy_only,SINGLE_VERSION_ONLY|NO_TARGET_DATE_GRAIN|NO_FORECAST_FACT_TABLE|SHINY_NOT_CONNECTED,"Single retained forecast version, so this is point accuracy for one cycle and not drift.","ssd_phoenix / lv_with_efficiency at forest grain, key NAMP129, forecast version 2026-03-12: average MAPE 9.277018, average accuracy 90.722982, across 57 evaluation windows from 2026-04-07 to 2026-06-09.",observed accuracy|observed bias|evaluation window coverage|source identity,drift|trend over time|deterioration|improvement over time|cross metric raw aggregation|invented scenario values,VERIFIED_LOCAL,forecast_substrateBE_ssd_phx_lvwe_metrics,ssd_phx_lvwe_metrics.csv
ssd_phoenix,ssd_phoenix,lv_with_efficiency,not_applicable,not_applicable,forest,APCPRD04,2026-03-12,UNKNOWN,pending_d5,partially_available,single_version_accuracy_only,SINGLE_VERSION_ONLY|NO_TARGET_DATE_GRAIN|NO_FORECAST_FACT_TABLE|SHINY_NOT_CONNECTED,"Single retained forecast version, so this is point accuracy for one cycle and not drift.","ssd_phoenix / lv_with_efficiency at forest grain, key APCPRD04, forecast version 2026-03-12: average MAPE 20.755789, average accuracy 79.244211, across 57 evaluation windows from 2026-04-07 to 2026-06-09.",observed accuracy|observed bias|evaluation window coverage|source identity,drift|trend over time|deterioration|improvement over time|cross metric raw aggregation|invented scenario values,VERIFIED_LOCAL,forecast_substrateBE_ssd_phx_lvwe_metrics,ssd_phx_lvwe_metrics.csv
ssd_phoenix,ssd_phoenix,lv_with_efficiency,not_applicable,not_applicable,forest,AREP273,2026-03-12,UNKNOWN,pending_d5,partially_available,single_version_accuracy_only,SINGLE_VERSION_ONLY|NO_TARGET_DATE_GRAIN|NO_FORECAST_FACT_TABLE|SHINY_NOT_CONNECTED,"Single retained forecast version, so this is point accuracy for one cycle and not drift.","ssd_phoenix / lv_with_efficiency at forest grain, key AREP273, forecast version 2026-03-12: average MAPE 103.608772, average accuracy 7.221053, across 57 evaluation windows from 2026-04-07 to 2026-06-09.",observed accuracy|observed bias|evaluation window coverage|source identity,drift|trend over time|deterioration|improvement over time|cross metric raw aggregation|invented scenario values,VERIFIED_LOCAL,forecast_substrateBE_ssd_phx_lvwe_metrics,ssd_phx_lvwe_metrics.csv
ssd_phoenix,ssd_phoenix,lv_with_efficiency,not_applicable,not_applicable,forest,CANP288,2026-03-12,UNKNOWN,pending_d5,partially_available,single_version_accuracy_only,SINGLE_VERSION_ONLY|NO_TARGET_DATE_GRAIN|NO_FORECAST_FACT_TABLE|SHINY_NOT_CONNECTED,"Single retained forecast version, so this is point accuracy for one cycle and not drift.","ssd_phoenix / lv_with_efficiency at forest grain, key CANP288, forecast version 2026-03-12: average MAPE 6.186491, average accuracy 93.813509, across 57 evaluation windows from 2026-04-07 to 2026-06-09.",observed accuracy|observed bias|evaluation window coverage|source identity,drift|trend over time|deterioration|improvement over time|cross metric raw aggregation|invented scenario values,VERIFIED_LOCAL,forecast_substrateBE_ssd_phx_lvwe_metrics,ssd_phx_lvwe_metrics.csv
ssd_phoenix,ssd_phoenix,lv_with_efficiency,not_applicable,not_applicable,forest,EURPRD09,2026-03-12,UNKNOWN,pending_d5,partially_available,single_version_accuracy_only,SINGLE_VERSION_ONLY|NO_TARGET_DATE_GRAIN|NO_FORECAST_FACT_TABLE|SHINY_NOT_CONNECTED,"Single retained forecast version, so this is point accuracy for one cycle and not drift.","ssd_phoenix / lv_with_efficiency at forest grain, key EURPRD09, forecast version 2026-03-12: average MAPE 21.183158, average accuracy 78.816842, across 57 evaluation windows from 2026-04-07 to 2026-06-09.",observed accuracy|observed bias|evaluation window coverage|source identity,drift|trend over time|deterioration|improvement over time|cross metric raw aggregation|invented scenario values,VERIFIED_LOCAL,forecast_substrateBE_ssd_phx_lvwe_metrics,ssd_phx_lvwe_metrics.csv
ssd_phoenix,ssd_phoenix,lv_with_efficiency,not_applicable,not_applicable,forest,ESPP292,2026-03-12,UNKNOWN,pending_d5,partially_available,single_version_accuracy_only,SINGLE_VERSION_ONLY|NO_TARGET_DATE_GRAIN|NO_FORECAST_FACT_TABLE|SHINY_NOT_CONNECTED,"Single retained forecast version, so this is point accuracy for one cycle and not drift.","ssd_phoenix / lv_with_efficiency at forest grain, key ESPP292, forecast version 2026-03-12: average MAPE 16.171754, average accuracy 83.828246, across 57 evaluation windows from 2026-04-07 to 2026-06-09.",observed accuracy|observed bias|evaluation window coverage|source identity,drift|trend over time|deterioration|improvement over time|cross metric raw aggregation|invented scenario values,VERIFIED_LOCAL,forecast_substrateBE_ssd_phx_lvwe_metrics,ssd_phx_lvwe_metrics.csv
ssd_phoenix,ssd_phoenix,lv_with_efficiency,not_applicable,not_applicable,forest,EURP189,2026-03-12,UNKNOWN,pending_d5,partially_available,single_version_accuracy_only,SINGLE_VERSION_ONLY|NO_TARGET_DATE_GRAIN|NO_FORECAST_FACT_TABLE|SHINY_NOT_CONNECTED,"Single retained forecast version, so this is point accuracy for one cycle and not drift.","ssd_phoenix / lv_with_efficiency at forest grain, key EURP189, forecast version 2026-03-12: average MAPE 9.7, average accuracy 90.3, across 57 evaluation windows from 2026-04-07 to 2026-06-09.",observed accuracy|observed bias|evaluation window coverage|source identity,drift|trend over time|deterioration|improvement over time|cross metric raw aggregation|invented scenario values,VERIFIED_LOCAL,forecast_substrateBE_ssd_phx_lvwe_metrics,ssd_phx_lvwe_metrics.csv
ssd_phoenix,ssd_phoenix,lv_with_efficiency,not_applicable,not_applicable,forest,EURP178,2026-03-12,UNKNOWN,pending_d5,partially_available,single_version_accuracy_only,SINGLE_VERSION_ONLY|NO_TARGET_DATE_GRAIN|NO_FORECAST_FACT_TABLE|SHINY_NOT_CONNECTED,"Single retained forecast version, so this is point accuracy for one cycle and not drift.","ssd_phoenix / lv_with_efficiency at forest grain, key EURP178, forecast version 2026-03-12: average MAPE 239.682281, average accuracy 0.0, across 57 evaluation windows from 2026-04-07 to 2026-06-09.",observed accuracy|observed bias|evaluation window coverage|source identity,drift|trend over time|deterioration|improvement over time|cross metric raw aggregation|invented scenario values,VERIFIED_LOCAL,forecast_substrateBE_ssd_phx_lvwe_metrics,ssd_phx_lvwe_metrics.csv
ssd_phoenix,ssd_phoenix,lv_with_efficiency,not_applicable,not_applicable,forest,EURP193,2026-03-12,UNKNOWN,pending_d5,partially_available,single_version_accuracy_only,SINGLE_VERSION_ONLY|NO_TARGET_DATE_GRAIN|NO_FORECAST_FACT_TABLE|SHINY_NOT_CONNECTED,"Single retained forecast version, so this is point accuracy for one cycle and not drift.","ssd_phoenix / lv_with_efficiency at forest grain, key EURP193, forecast version 2026-03-12: average MAPE 26.389825, average accuracy 73.610175, across 57 evaluation windows from 2026-04-07 to 2026-06-09.",observed accuracy|observed bias|evaluation window coverage|source identity,drift|trend over time|deterioration|improvement over time|cross metric raw aggregation|invented scenario values,VERIFIED_LOCAL,forecast_substrateBE_ssd_phx_lvwe_metrics,ssd_phx_lvwe_metrics.csv
ssd_phoenix,ssd_phoenix,lv_with_efficiency,not_applicable,not_applicable,forest,APCPRD01,2026-03-12,UNKNOWN,pending_d5,partially_available,single_version_accuracy_only,SINGLE_VERSION_ONLY|NO_TARGET_DATE_GRAIN|NO_FORECAST_FACT_TABLE|SHINY_NOT_CONNECTED,"Single retained forecast version, so this is point accuracy for one cycle and not drift.","ssd_phoenix / lv_with_efficiency at forest grain, key APCPRD01, forecast version 2026-03-12: average MAPE 34.217368, average accuracy 65.782632, across 57 evaluation windows from 2026-04-07 to 2026-06-09.",observed accuracy|observed bias|evaluation window coverage|source identity,drift|trend over time|deterioration|improvement over time|cross metric raw aggregation|invented scenario values,VERIFIED_LOCAL,forecast_substrateBE_ssd_phx_lvwe_metrics,ssd_phx_lvwe_metrics.csv
ssd_phoenix,ssd_phoenix,lv_with_efficiency,not_applicable,not_applicable,forest,EURP121,2026-03-12,UNKNOWN,pending_d5,partially_available,single_version_accuracy_only,SINGLE_VERSION_ONLY|NO_TARGET_DATE_GRAIN|NO_FORECAST_FACT_TABLE|SHINY_NOT_CONNECTED,"Single retained forecast version, so this is point accuracy for one cycle and not drift.","ssd_phoenix / lv_with_efficiency at forest grain, key EURP121, forecast version 2026-03-12: average MAPE 18.355965, average accuracy 81.644035, across 57 evaluation windows from 2026-04-07 to 2026-06-09.",observed accuracy|observed bias|evaluation window coverage|source identity,drift|trend over time|deterioration|improvement over time|cross metric raw aggregation|invented scenario values,VERIFIED_LOCAL,forecast_substrateBE_ssd_phx_lvwe_metrics,ssd_phx_lvwe_metrics.csv
ssd_phoenix,ssd_phoenix,lv_with_efficiency,not_applicable,not_applicable,forest,NAMP167,2026-03-12,UNKNOWN,pending_d5,partially_available,single_version_accuracy_only,SINGLE_VERSION_ONLY|NO_TARGET_DATE_GRAIN|NO_FORECAST_FACT_TABLE|SHINY_NOT_CONNECTED,"Single retained forecast version, so this is point accuracy for one cycle and not drift.","ssd_phoenix / lv_with_efficiency at forest grain, key NAMP167, forecast version 2026-03-12: average MAPE 3485.462807, average accuracy 0.0, across 57 evaluation windows from 2026-04-07 to 2026-06-09.",observed accuracy|observed bias|evaluation window coverage|source identity,drift|trend over time|deterioration|improvement over time|cross metric raw aggregation|invented scenario values,VERIFIED_LOCAL,forecast_substrateBE_ssd_phx_lvwe_metrics,ssd_phx_lvwe_metrics.csv
ssd_phoenix,ssd_phoenix,lv_with_efficiency,not_applicable,not_applicable,forest,NAMPRD10,2026-03-12,UNKNOWN,pending_d5,partially_available,single_version_accuracy_only,SINGLE_VERSION_ONLY|NO_TARGET_DATE_GRAIN|NO_FORECAST_FACT_TABLE|SHINY_NOT_CONNECTED,"Single retained forecast version, so this is point accuracy for one cycle and not drift.","ssd_phoenix / lv_with_efficiency at forest grain, key NAMPRD10, forecast version 2026-03-12: average MAPE 16.073333, average accuracy 83.926667, across 57 evaluation windows from 2026-04-07 to 2026-06-09.",observed accuracy|observed bias|evaluation window coverage|source identity,drift|trend over time|deterioration|improvement over time|cross metric raw aggregation|invented scenario values,VERIFIED_LOCAL,forecast_substrateBE_ssd_phx_lvwe_metrics,ssd_phx_lvwe_metrics.csv
ssd_phoenix,ssd_phoenix,lv_with_efficiency,not_applicable,not_applicable,forest,NAMP101,2026-03-12,UNKNOWN,pending_d5,partially_available,single_version_accuracy_only,SINGLE_VERSION_ONLY|NO_TARGET_DATE_GRAIN|NO_FORECAST_FACT_TABLE|SHINY_NOT_CONNECTED,"Single retained forecast version, so this is point accuracy for one cycle and not drift.","ssd_phoenix / lv_with_efficiency at forest grain, key NAMP101, forecast version 2026-03-12: average MAPE 246.59, average accuracy 17.527895, across 57 evaluation windows from 2026-04-07 to 2026-06-09.",observed accuracy|observed bias|evaluation window coverage|source identity,drift|trend over time|deterioration|improvement over time|cross metric raw aggregation|invented scenario values,VERIFIED_LOCAL,forecast_substrateBE_ssd_phx_lvwe_metrics,ssd_phx_lvwe_metrics.csv
ssd_phoenix,ssd_phoenix,lv_with_efficiency,not_applicable,not_applicable,forest,AUTP296,2026-03-12,UNKNOWN,pending_d5,partially_available,single_version_accuracy_only,SINGLE_VERSION_ONLY|NO_TARGET_DATE_GRAIN|NO_FORECAST_FACT_TABLE|SHINY_NOT_CONNECTED,"Single retained forecast version, so this is point accuracy for one cycle and not drift.","ssd_phoenix / lv_with_efficiency at forest grain, key AUTP296, forecast version 2026-03-12: average MAPE 44.789825, average accuracy 55.210175, across 57 evaluation windows from 2026-04-07 to 2026-06-09.",observed accuracy|observed bias|evaluation window coverage|source identity,drift|trend over time|deterioration|improvement over time|cross metric raw aggregation|invented scenario values,VERIFIED_LOCAL,forecast_substrateBE_ssd_phx_lvwe_metrics,ssd_phx_lvwe_metrics.csv
ssd_phoenix,ssd_phoenix,lv_with_efficiency,not_applicable,not_applicable,forest,JPNPRD01,2026-03-12,UNKNOWN,pending_d5,partially_available,single_version_accuracy_only,SINGLE_VERSION_ONLY|NO_TARGET_DATE_GRAIN|NO_FORECAST_FACT_TABLE|SHINY_NOT_CONNECTED,"Single retained forecast version, so this is point accuracy for one cycle and not drift.","ssd_phoenix / lv_with_efficiency at forest grain, key JPNPRD01, forecast version 2026-03-12: average MAPE 7.747193, average accuracy 92.252807, across 57 evaluation windows from 2026-04-07 to 2026-06-09.",observed accuracy|observed bias|evaluation window coverage|source identity,drift|trend over time|deterioration|improvement over time|cross metric raw aggregation|invented scenario values,VERIFIED_LOCAL,forecast_substrateBE_ssd_phx_lvwe_metrics,ssd_phx_lvwe_metrics.csv
ssd_phoenix,ssd_phoenix,lv_with_efficiency,not_applicable,not_applicable,forest,EURP191,2026-03-12,UNKNOWN,pending_d5,partially_available,single_version_accuracy_only,SINGLE_VERSION_ONLY|NO_TARGET_DATE_GRAIN|NO_FORECAST_FACT_TABLE|SHINY_NOT_CONNECTED,"Single retained forecast version, so this is point accuracy for one cycle and not drift.","ssd_phoenix / lv_with_efficiency at forest grain, key EURP191, forecast version 2026-03-12: average MAPE 7.688421, average accuracy 92.311579, across 57 evaluation windows from 2026-04-07 to 2026-06-09.",observed accuracy|observed bias|evaluation window coverage|source identity,drift|trend over time|deterioration|improvement over time|cross metric raw aggregation|invented scenario values,VERIFIED_LOCAL,forecast_substrateBE_ssd_phx_lvwe_metrics,ssd_phx_lvwe_metrics.csv
ssd_phoenix,ssd_phoenix,lv_with_efficiency,not_applicable,not_applicable,forest,EURP180,2026-03-12,UNKNOWN,pending_d5,partially_available,single_version_accuracy_only,SINGLE_VERSION_ONLY|NO_TARGET_DATE_GRAIN|NO_FORECAST_FACT_TABLE|SHINY_NOT_CONNECTED,"Single retained forecast version, so this is point accuracy for one cycle and not drift.","ssd_phoenix / lv_with_efficiency at forest grain, key EURP180, forecast version 2026-03-12: average MAPE 3893.870175, average accuracy 0.0, across 57 evaluation windows from 2026-04-07 to 2026-06-09.",observed accuracy|observed bias|evaluation window coverage|source identity,drift|trend over time|deterioration|improvement over time|cross metric raw aggregation|invented scenario values,VERIFIED_LOCAL,forecast_substrateBE_ssd_phx_lvwe_metrics,ssd_phx_lvwe_metrics.csv
ssd_phoenix,ssd_phoenix,lv_with_efficiency,not_applicable,not_applicable,forest,ZAFP275,2026-03-12,UNKNOWN,pending_d5,partially_available,single_version_accuracy_only,SINGLE_VERSION_ONLY|NO_TARGET_DATE_GRAIN|NO_FORECAST_FACT_TABLE|SHINY_NOT_CONNECTED,"Single retained forecast version, so this is point accuracy for one cycle and not drift.","ssd_phoenix / lv_with_efficiency at forest grain, key ZAFP275, forecast version 2026-03-12: average MAPE 4.481579, average accuracy 95.518421, across 57 evaluation windows from 2026-04-07 to 2026-06-09.",observed accuracy|observed bias|evaluation window coverage|source identity,drift|trend over time|deterioration|improvement over time|cross metric raw aggregation|invented scenario values,VERIFIED_LOCAL,forecast_substrateBE_ssd_phx_lvwe_metrics,ssd_phx_lvwe_metrics.csv
ssd_phoenix,ssd_phoenix,lv_with_efficiency,not_applicable,not_applicable,forest,NAMP220,2026-03-12,UNKNOWN,pending_d5,partially_available,single_version_accuracy_only,SINGLE_VERSION_ONLY|NO_TARGET_DATE_GRAIN|NO_FORECAST_FACT_TABLE|SHINY_NOT_CONNECTED,"Single retained forecast version, so this is point accuracy for one cycle and not drift.","ssd_phoenix / lv_with_efficiency at forest grain, key NAMP220, forecast version 2026-03-12: average MAPE 49.308596, average accuracy 50.691404, across 57 evaluation windows from 2026-04-07 to 2026-06-09.",observed accuracy|observed bias|evaluation window coverage|source identity,drift|trend over time|deterioration|improvement over time|cross metric raw aggregation|invented scenario values,VERIFIED_LOCAL,forecast_substrateBE_ssd_phx_lvwe_metrics,ssd_phx_lvwe_metrics.csv
ssd_phoenix,ssd_phoenix,lv_with_efficiency,not_applicable,not_applicable,forest,BRAP284,2026-03-12,UNKNOWN,pending_d5,partially_available,single_version_accuracy_only,SINGLE_VERSION_ONLY|NO_TARGET_DATE_GRAIN|NO_FORECAST_FACT_TABLE|SHINY_NOT_CONNECTED,"Single retained forecast version, so this is point accuracy for one cycle and not drift.","ssd_phoenix / lv_with_efficiency at forest grain, key BRAP284, forecast version 2026-03-12: average MAPE 17.505965, average accuracy 82.494035, across 57 evaluation windows from 2026-04-07 to 2026-06-09.",observed accuracy|observed bias|evaluation window coverage|source identity,drift|trend over time|deterioration|improvement over time|cross metric raw aggregation|invented scenario values,VERIFIED_LOCAL,forecast_substrateBE_ssd_phx_lvwe_metrics,ssd_phx_lvwe_metrics.csv
ssd_phoenix,ssd_phoenix,lv_with_efficiency,not_applicable,not_applicable,forest,NAMPRD18,2026-03-12,UNKNOWN,pending_d5,partially_available,single_version_accuracy_only,SINGLE_VERSION_ONLY|NO_TARGET_DATE_GRAIN|NO_FORECAST_FACT_TABLE|SHINY_NOT_CONNECTED,"Single retained forecast version, so this is point accuracy for one cycle and not drift.","ssd_phoenix / lv_with_efficiency at forest grain, key NAMPRD18, forecast version 2026-03-12: average MAPE 24.801579, average accuracy 75.198421, across 57 evaluation windows from 2026-04-07 to 2026-06-09.",observed accuracy|observed bias|evaluation window coverage|source identity,drift|trend over time|deterioration|improvement over time|cross metric raw aggregation|invented scenario values,VERIFIED_LOCAL,forecast_substrateBE_ssd_phx_lvwe_metrics,ssd_phx_lvwe_metrics.csv
ssd_phoenix,ssd_phoenix,lv_with_efficiency,not_applicable,not_applicable,forest,NAMP100,2026-03-12,UNKNOWN,pending_d5,partially_available,single_version_accuracy_only,SINGLE_VERSION_ONLY|NO_TARGET_DATE_GRAIN|NO_FORECAST_FACT_TABLE|SHINY_NOT_CONNECTED,"Single retained forecast version, so this is point accuracy for one cycle and not drift.","ssd_phoenix / lv_with_efficiency at forest grain, key NAMP100, forecast version 2026-03-12: average MAPE 36.687018, average accuracy 63.312982, across 57 evaluation windows from 2026-04-07 to 2026-06-09.",observed accuracy|observed bias|evaluation window coverage|source identity,drift|trend over time|deterioration|improvement over time|cross metric raw aggregation|invented scenario values,VERIFIED_LOCAL,forecast_substrateBE_ssd_phx_lvwe_metrics,ssd_phx_lvwe_metrics.csv
ssd_phoenix,ssd_phoenix,lv_with_efficiency,not_applicable,not_applicable,forest,EURPRD07,2026-03-12,UNKNOWN,pending_d5,partially_available,single_version_accuracy_only,SINGLE_VERSION_ONLY|NO_TARGET_DATE_GRAIN|NO_FORECAST_FACT_TABLE|SHINY_NOT_CONNECTED,"Single retained forecast version, so this is point accuracy for one cycle and not drift.","ssd_phoenix / lv_with_efficiency at forest grain, key EURPRD07, forecast version 2026-03-12: average MAPE 8.610526, average accuracy 91.389474, across 57 evaluation windows from 2026-04-07 to 2026-06-09.",observed accuracy|observed bias|evaluation window coverage|source identity,drift|trend over time|deterioration|improvement over time|cross metric raw aggregation|invented scenario values,VERIFIED_LOCAL,forecast_substrateBE_ssd_phx_lvwe_metrics,ssd_phx_lvwe_metrics.csv
ssd_phoenix,ssd_phoenix,lv_with_efficiency,not_applicable,not_applicable,forest,EURP119,2026-03-12,UNKNOWN,pending_d5,partially_available,single_version_accuracy_only,SINGLE_VERSION_ONLY|NO_TARGET_DATE_GRAIN|NO_FORECAST_FACT_TABLE|SHINY_NOT_CONNECTED,"Single retained forecast version, so this is point accuracy for one cycle and not drift.","ssd_phoenix / lv_with_efficiency at forest grain, key EURP119, forecast version 2026-03-12: average MAPE 141.072807, average accuracy 0.0, across 57 evaluation windows from 2026-04-07 to 2026-06-09.",observed accuracy|observed bias|evaluation window coverage|source identity,drift|trend over time|deterioration|improvement over time|cross metric raw aggregation|invented scenario values,VERIFIED_LOCAL,forecast_substrateBE_ssd_phx_lvwe_metrics,ssd_phx_lvwe_metrics.csv
ssd_phoenix,ssd_phoenix,lv_with_efficiency,not_applicable,not_applicable,forest,EURP250,2026-03-12,UNKNOWN,pending_d5,partially_available,single_version_accuracy_only,SINGLE_VERSION_ONLY|NO_TARGET_DATE_GRAIN|NO_FORECAST_FACT_TABLE|SHINY_NOT_CONNECTED,"Single retained forecast version, so this is point accuracy for one cycle and not drift.","ssd_phoenix / lv_with_efficiency at forest grain, key EURP250, forecast version 2026-03-12: average MAPE 15.559649, average accuracy 84.440351, across 57 evaluation windows from 2026-04-07 to 2026-06-09.",observed accuracy|observed bias|evaluation window coverage|source identity,drift|trend over time|deterioration|improvement over time|cross metric raw aggregation|invented scenario values,VERIFIED_LOCAL,forecast_substrateBE_ssd_phx_lvwe_metrics,ssd_phx_lvwe_metrics.csv
ssd_phoenix,ssd_phoenix,lv_with_efficiency,not_applicable,not_applicable,forest,INDPRD01,2026-03-12,UNKNOWN,pending_d5,partially_available,single_version_accuracy_only,SINGLE_VERSION_ONLY|NO_TARGET_DATE_GRAIN|NO_FORECAST_FACT_TABLE|SHINY_NOT_CONNECTED,"Single retained forecast version, so this is point accuracy for one cycle and not drift.","ssd_phoenix / lv_with_efficiency at forest grain, key INDPRD01, forecast version 2026-03-12: average MAPE 11.775439, average accuracy 88.224561, across 57 evaluation windows from 2026-04-07 to 2026-06-09.",observed accuracy|observed bias|evaluation window coverage|source identity,drift|trend over time|deterioration|improvement over time|cross metric raw aggregation|invented scenario values,VERIFIED_LOCAL,forecast_substrateBE_ssd_phx_lvwe_metrics,ssd_phx_lvwe_metrics.csv
ssd_phoenix,ssd_phoenix,lv_with_efficiency,not_applicable,not_applicable,forest,EURP120,2026-03-12,UNKNOWN,pending_d5,partially_available,single_version_accuracy_only,SINGLE_VERSION_ONLY|NO_TARGET_DATE_GRAIN|NO_FORECAST_FACT_TABLE|SHINY_NOT_CONNECTED,"Single retained forecast version, so this is point accuracy for one cycle and not drift.","ssd_phoenix / lv_with_efficiency at forest grain, key EURP120, forecast version 2026-03-12: average MAPE 5.535614, average accuracy 94.464386, across 57 evaluation windows from 2026-04-07 to 2026-06-09.",observed accuracy|observed bias|evaluation window coverage|source identity,drift|trend over time|deterioration|improvement over time|cross metric raw aggregation|invented scenario values,VERIFIED_LOCAL,forecast_substrateBE_ssd_phx_lvwe_metrics,ssd_phx_lvwe_metrics.csv
ssd_phoenix,ssd_phoenix,lv_with_efficiency,not_applicable,not_applicable,forest,EURP179,2026-03-12,UNKNOWN,pending_d5,partially_available,single_version_accuracy_only,SINGLE_VERSION_ONLY|NO_TARGET_DATE_GRAIN|NO_FORECAST_FACT_TABLE|SHINY_NOT_CONNECTED,"Single retained forecast version, so this is point accuracy for one cycle and not drift.","ssd_phoenix / lv_with_efficiency at forest grain, key EURP179, forecast version 2026-03-12: average MAPE 14.716667, average accuracy 85.283333, across 57 evaluation windows from 2026-04-07 to 2026-06-09.",observed accuracy|observed bias|evaluation window coverage|source identity,drift|trend over time|deterioration|improvement over time|cross metric raw aggregation|invented scenario values,VERIFIED_LOCAL,forecast_substrateBE_ssd_phx_lvwe_metrics,ssd_phx_lvwe_metrics.csv
ssd_phoenix,ssd_phoenix,lv_with_efficiency,not_applicable,not_applicable,forest,JPNP286,2026-03-12,UNKNOWN,pending_d5,partially_available,single_version_accuracy_only,SINGLE_VERSION_ONLY|NO_TARGET_DATE_GRAIN|NO_FORECAST_FACT_TABLE|SHINY_NOT_CONNECTED,"Single retained forecast version, so this is point accuracy for one cycle and not drift.","ssd_phoenix / lv_with_efficiency at forest grain, key JPNP286, forecast version 2026-03-12: average MAPE 41.360702, average accuracy 58.639298, across 57 evaluation windows from 2026-04-07 to 2026-06-09.",observed accuracy|observed bias|evaluation window coverage|source identity,drift|trend over time|deterioration|improvement over time|cross metric raw aggregation|invented scenario values,VERIFIED_LOCAL,forecast_substrateBE_ssd_phx_lvwe_metrics,ssd_phx_lvwe_metrics.csv
ssd_phoenix,ssd_phoenix,lv_with_efficiency,not_applicable,not_applicable,forest,GBRP265,2026-03-12,UNKNOWN,pending_d5,partially_available,single_version_accuracy_only,SINGLE_VERSION_ONLY|NO_TARGET_DATE_GRAIN|NO_FORECAST_FACT_TABLE|SHINY_NOT_CONNECTED,"Single retained forecast version, so this is point accuracy for one cycle and not drift.","ssd_phoenix / lv_with_efficiency at forest grain, key GBRP265, forecast version 2026-03-12: average MAPE 48.421579, average accuracy 51.578421, across 57 evaluation windows from 2026-04-07 to 2026-06-09.",observed accuracy|observed bias|evaluation window coverage|source identity,drift|trend over time|deterioration|improvement over time|cross metric raw aggregation|invented scenario values,VERIFIED_LOCAL,forecast_substrateBE_ssd_phx_lvwe_metrics,ssd_phx_lvwe_metrics.csv
ssd_phoenix,ssd_phoenix,lv_with_efficiency,not_applicable,not_applicable,forest,LAMP152,2026-03-12,UNKNOWN,pending_d5,partially_available,single_version_accuracy_only,SINGLE_VERSION_ONLY|NO_TARGET_DATE_GRAIN|NO_FORECAST_FACT_TABLE|SHINY_NOT_CONNECTED,"Single retained forecast version, so this is point accuracy for one cycle and not drift.","ssd_phoenix / lv_with_efficiency at forest grain, key LAMP152, forecast version 2026-03-12: average MAPE 11.604737, average accuracy 88.395263, across 57 evaluation windows from 2026-04-07 to 2026-06-09.",observed accuracy|observed bias|evaluation window coverage|source identity,drift|trend over time|deterioration|improvement over time|cross metric raw aggregation|invented scenario values,VERIFIED_LOCAL,forecast_substrateBE_ssd_phx_lvwe_metrics,ssd_phx_lvwe_metrics.csv
ssd_phoenix,ssd_phoenix,lv_with_efficiency,not_applicable,not_applicable,forest,IDNP305,2026-03-12,UNKNOWN,pending_d5,partially_available,single_version_accuracy_only,SINGLE_VERSION_ONLY|NO_TARGET_DATE_GRAIN|NO_FORECAST_FACT_TABLE|SHINY_NOT_CONNECTED,"Single retained forecast version, so this is point accuracy for one cycle and not drift.","ssd_phoenix / lv_with_efficiency at forest grain, key IDNP305, forecast version 2026-03-12: average MAPE 21.558596, average accuracy 78.441404, across 57 evaluation windows from 2026-04-07 to 2026-06-09.",observed accuracy|observed bias|evaluation window coverage|source identity,drift|trend over time|deterioration|improvement over time|cross metric raw aggregation|invented scenario values,VERIFIED_LOCAL,forecast_substrateBE_ssd_phx_lvwe_metrics,ssd_phx_lvwe_metrics.csv
ssd_phoenix,ssd_phoenix,lv_with_efficiency,not_applicable,not_applicable,forest,NAMPRD05,2026-03-12,UNKNOWN,pending_d5,partially_available,single_version_accuracy_only,SINGLE_VERSION_ONLY|NO_TARGET_DATE_GRAIN|NO_FORECAST_FACT_TABLE|SHINY_NOT_CONNECTED,"Single retained forecast version, so this is point accuracy for one cycle and not drift.","ssd_phoenix / lv_with_efficiency at forest grain, key NAMPRD05, forecast version 2026-03-12: average MAPE 8.43193, average accuracy 91.56807, across 57 evaluation windows from 2026-04-07 to 2026-06-09.",observed accuracy|observed bias|evaluation window coverage|source identity,drift|trend over time|deterioration|improvement over time|cross metric raw aggregation|invented scenario values,VERIFIED_LOCAL,forecast_substrateBE_ssd_phx_lvwe_metrics,ssd_phx_lvwe_metrics.csv
ssd_phoenix,ssd_phoenix,lv_with_efficiency,not_applicable,not_applicable,forest,GBRP123,2026-03-12,UNKNOWN,pending_d5,partially_available,single_version_accuracy_only,SINGLE_VERSION_ONLY|NO_TARGET_DATE_GRAIN|NO_FORECAST_FACT_TABLE|SHINY_NOT_CONNECTED,"Single retained forecast version, so this is point accuracy for one cycle and not drift.","ssd_phoenix / lv_with_efficiency at forest grain, key GBRP123, forecast version 2026-03-12: average MAPE 17.056491, average accuracy 82.943509, across 57 evaluation windows from 2026-04-07 to 2026-06-09.",observed accuracy|observed bias|evaluation window coverage|source identity,drift|trend over time|deterioration|improvement over time|cross metric raw aggregation|invented scenario values,VERIFIED_LOCAL,forecast_substrateBE_ssd_phx_lvwe_metrics,ssd_phx_lvwe_metrics.csv
ssd_phoenix,ssd_phoenix,lv_with_efficiency,not_applicable,not_applicable,forest,NAMPRD11,2026-03-12,UNKNOWN,pending_d5,partially_available,single_version_accuracy_only,SINGLE_VERSION_ONLY|NO_TARGET_DATE_GRAIN|NO_FORECAST_FACT_TABLE|SHINY_NOT_CONNECTED,"Single retained forecast version, so this is point accuracy for one cycle and not drift.","ssd_phoenix / lv_with_efficiency at forest grain, key NAMPRD11, forecast version 2026-03-12: average MAPE 18.584386, average accuracy 81.415614, across 57 evaluation windows from 2026-04-07 to 2026-06-09.",observed accuracy|observed bias|evaluation window coverage|source identity,drift|trend over time|deterioration|improvement over time|cross metric raw aggregation|invented scenario values,VERIFIED_LOCAL,forecast_substrateBE_ssd_phx_lvwe_metrics,ssd_phx_lvwe_metrics.csv
ssd_phoenix,ssd_phoenix,lv_with_efficiency,not_applicable,not_applicable,forest,EURPRD01,2026-03-12,UNKNOWN,pending_d5,partially_available,single_version_accuracy_only,SINGLE_VERSION_ONLY|NO_TARGET_DATE_GRAIN|NO_FORECAST_FACT_TABLE|SHINY_NOT_CONNECTED,"Single retained forecast version, so this is point accuracy for one cycle and not drift.","ssd_phoenix / lv_with_efficiency at forest grain, key EURPRD01, forecast version 2026-03-12: average MAPE 37.414561, average accuracy 62.585439, across 57 evaluation windows from 2026-04-07 to 2026-06-09.",observed accuracy|observed bias|evaluation window coverage|source identity,drift|trend over time|deterioration|improvement over time|cross metric raw aggregation|invented scenario values,VERIFIED_LOCAL,forecast_substrateBE_ssd_phx_lvwe_metrics,ssd_phx_lvwe_metrics.csv
ssd_phoenix,ssd_phoenix,lv_with_efficiency,not_applicable,not_applicable,forest,NAMP161,2026-03-12,UNKNOWN,pending_d5,partially_available,single_version_accuracy_only,SINGLE_VERSION_ONLY|NO_TARGET_DATE_GRAIN|NO_FORECAST_FACT_TABLE|SHINY_NOT_CONNECTED,"Single retained forecast version, so this is point accuracy for one cycle and not drift.","ssd_phoenix / lv_with_efficiency at forest grain, key NAMP161, forecast version 2026-03-12: average MAPE 22.919825, average accuracy 77.080175, across 57 evaluation windows from 2026-04-07 to 2026-06-09.",observed accuracy|observed bias|evaluation window coverage|source identity,drift|trend over time|deterioration|improvement over time|cross metric raw aggregation|invented scenario values,VERIFIED_LOCAL,forecast_substrateBE_ssd_phx_lvwe_metrics,ssd_phx_lvwe_metrics.csv
ssd_phoenix,ssd_phoenix,lv_with_efficiency,not_applicable,not_applicable,forest,EURP107,2026-03-12,UNKNOWN,pending_d5,partially_available,single_version_accuracy_only,SINGLE_VERSION_ONLY|NO_TARGET_DATE_GRAIN|NO_FORECAST_FACT_TABLE|SHINY_NOT_CONNECTED,"Single retained forecast version, so this is point accuracy for one cycle and not drift.","ssd_phoenix / lv_with_efficiency at forest grain, key EURP107, forecast version 2026-03-12: average MAPE 32.31, average accuracy 67.69, across 57 evaluation windows from 2026-04-07 to 2026-06-09.",observed accuracy|observed bias|evaluation window coverage|source identity,drift|trend over time|deterioration|improvement over time|cross metric raw aggregation|invented scenario values,VERIFIED_LOCAL,forecast_substrateBE_ssd_phx_lvwe_metrics,ssd_phx_lvwe_metrics.csv
ssd_phoenix,ssd_phoenix,lv_with_efficiency,not_applicable,not_applicable,forest,NZLP299,2026-03-12,UNKNOWN,pending_d5,partially_available,single_version_accuracy_only,SINGLE_VERSION_ONLY|NO_TARGET_DATE_GRAIN|NO_FORECAST_FACT_TABLE|SHINY_NOT_CONNECTED,"Single retained forecast version, so this is point accuracy for one cycle and not drift.","ssd_phoenix / lv_with_efficiency at forest grain, key NZLP299, forecast version 2026-03-12: average MAPE 20.454211, average accuracy 79.545789, across 57 evaluation windows from 2026-04-07 to 2026-06-09.",observed accuracy|observed bias|evaluation window coverage|source identity,drift|trend over time|deterioration|improvement over time|cross metric raw aggregation|invented scenario values,VERIFIED_LOCAL,forecast_substrateBE_ssd_phx_lvwe_metrics,ssd_phx_lvwe_metrics.csv
ssd_phoenix,ssd_phoenix,lv_with_efficiency,not_applicable,not_applicable,forest,EURPRD05,2026-03-12,UNKNOWN,pending_d5,partially_available,single_version_accuracy_only,SINGLE_VERSION_ONLY|NO_TARGET_DATE_GRAIN|NO_FORECAST_FACT_TABLE|SHINY_NOT_CONNECTED,"Single retained forecast version, so this is point accuracy for one cycle and not drift.","ssd_phoenix / lv_with_efficiency at forest grain, key EURPRD05, forecast version 2026-03-12: average MAPE 18.562456, average accuracy 81.437544, across 57 evaluation windows from 2026-04-07 to 2026-06-09.",observed accuracy|observed bias|evaluation window coverage|source identity,drift|trend over time|deterioration|improvement over time|cross metric raw aggregation|invented scenario values,VERIFIED_LOCAL,forecast_substrateBE_ssd_phx_lvwe_metrics,ssd_phx_lvwe_metrics.csv
ssd_phoenix,ssd_phoenix,lv_with_efficiency,not_applicable,not_applicable,forest,EURP190,2026-03-12,UNKNOWN,pending_d5,partially_available,single_version_accuracy_only,SINGLE_VERSION_ONLY|NO_TARGET_DATE_GRAIN|NO_FORECAST_FACT_TABLE|SHINY_NOT_CONNECTED,"Single retained forecast version, so this is point accuracy for one cycle and not drift.","ssd_phoenix / lv_with_efficiency at forest grain, key EURP190, forecast version 2026-03-12: average MAPE 31.896667, average accuracy 68.103333, across 57 evaluation windows from 2026-04-07 to 2026-06-09.",observed accuracy|observed bias|evaluation window coverage|source identity,drift|trend over time|deterioration|improvement over time|cross metric raw aggregation|invented scenario values,VERIFIED_LOCAL,forecast_substrateBE_ssd_phx_lvwe_metrics,ssd_phx_lvwe_metrics.csv
ssd_phoenix,ssd_phoenix,lv_with_efficiency,not_applicable,not_applicable,forest,EURPRD04,2026-03-12,UNKNOWN,pending_d5,partially_available,single_version_accuracy_only,SINGLE_VERSION_ONLY|NO_TARGET_DATE_GRAIN|NO_FORECAST_FACT_TABLE|SHINY_NOT_CONNECTED,"Single retained forecast version, so this is point accuracy for one cycle and not drift.","ssd_phoenix / lv_with_efficiency at forest grain, key EURPRD04, forecast version 2026-03-12: average MAPE 8.571228, average accuracy 91.428772, across 57 evaluation windows from 2026-04-07 to 2026-06-09.",observed accuracy|observed bias|evaluation window coverage|source identity,drift|trend over time|deterioration|improvement over time|cross metric raw aggregation|invented scenario values,VERIFIED_LOCAL,forecast_substrateBE_ssd_phx_lvwe_metrics,ssd_phx_lvwe_metrics.csv
ssd_phoenix,ssd_phoenix,lv_with_efficiency,not_applicable,not_applicable,forest,ITAP293,2026-03-12,UNKNOWN,pending_d5,partially_available,single_version_accuracy_only,SINGLE_VERSION_ONLY|NO_TARGET_DATE_GRAIN|NO_FORECAST_FACT_TABLE|SHINY_NOT_CONNECTED,"Single retained forecast version, so this is point accuracy for one cycle and not drift.","ssd_phoenix / lv_with_efficiency at forest grain, key ITAP293, forecast version 2026-03-12: average MAPE 23.671754, average accuracy 76.328246, across 57 evaluation windows from 2026-04-07 to 2026-06-09.",observed accuracy|observed bias|evaluation window coverage|source identity,drift|trend over time|deterioration|improvement over time|cross metric raw aggregation|invented scenario values,VERIFIED_LOCAL,forecast_substrateBE_ssd_phx_lvwe_metrics,ssd_phx_lvwe_metrics.csv
ssd_phoenix,ssd_phoenix,lv_with_efficiency,not_applicable,not_applicable,forest,NAMP169,2026-03-12,UNKNOWN,pending_d5,partially_available,single_version_accuracy_only,SINGLE_VERSION_ONLY|NO_TARGET_DATE_GRAIN|NO_FORECAST_FACT_TABLE|SHINY_NOT_CONNECTED,"Single retained forecast version, so this is point accuracy for one cycle and not drift.","ssd_phoenix / lv_with_efficiency at forest grain, key NAMP169, forecast version 2026-03-12: average MAPE 140677697.690877, average accuracy 0.0, across 57 evaluation windows from 2026-04-07 to 2026-06-09.",observed accuracy|observed bias|evaluation window coverage|source identity,drift|trend over time|deterioration|improvement over time|cross metric raw aggregation|invented scenario values,VERIFIED_LOCAL,forecast_substrateBE_ssd_phx_lvwe_metrics,ssd_phx_lvwe_metrics.csv
ssd_phoenix,ssd_phoenix,lv_with_efficiency,not_applicable,not_applicable,forest,NAMPRD14,2026-03-12,UNKNOWN,pending_d5,partially_available,single_version_accuracy_only,SINGLE_VERSION_ONLY|NO_TARGET_DATE_GRAIN|NO_FORECAST_FACT_TABLE|SHINY_NOT_CONNECTED,"Single retained forecast version, so this is point accuracy for one cycle and not drift.","ssd_phoenix / lv_with_efficiency at forest grain, key NAMPRD14, forecast version 2026-03-12: average MAPE 9.906842, average accuracy 90.093158, across 57 evaluation windows from 2026-04-07 to 2026-06-09.",observed accuracy|observed bias|evaluation window coverage|source identity,drift|trend over time|deterioration|improvement over time|cross metric raw aggregation|invented scenario values,VERIFIED_LOCAL,forecast_substrateBE_ssd_phx_lvwe_metrics,ssd_phx_lvwe_metrics.csv
ssd_phoenix,ssd_phoenix,lv_with_efficiency,not_applicable,not_applicable,forest,NAMP131,2026-03-12,UNKNOWN,pending_d5,partially_available,single_version_accuracy_only,SINGLE_VERSION_ONLY|NO_TARGET_DATE_GRAIN|NO_FORECAST_FACT_TABLE|SHINY_NOT_CONNECTED,"Single retained forecast version, so this is point accuracy for one cycle and not drift.","ssd_phoenix / lv_with_efficiency at forest grain, key NAMP131, forecast version 2026-03-12: average MAPE 20.75, average accuracy 79.25, across 57 evaluation windows from 2026-04-07 to 2026-06-09.",observed accuracy|observed bias|evaluation window coverage|source identity,drift|trend over time|deterioration|improvement over time|cross metric raw aggregation|invented scenario values,VERIFIED_LOCAL,forecast_substrateBE_ssd_phx_lvwe_metrics,ssd_phx_lvwe_metrics.csv
ssd_phoenix,ssd_phoenix,lv_with_efficiency,not_applicable,not_applicable,forest,JPNP301,2026-03-12,UNKNOWN,pending_d5,partially_available,single_version_accuracy_only,SINGLE_VERSION_ONLY|NO_TARGET_DATE_GRAIN|NO_FORECAST_FACT_TABLE|SHINY_NOT_CONNECTED,"Single retained forecast version, so this is point accuracy for one cycle and not drift.","ssd_phoenix / lv_with_efficiency at forest grain, key JPNP301, forecast version 2026-03-12: average MAPE 27.494035, average accuracy 72.505965, across 57 evaluation windows from 2026-04-07 to 2026-06-09.",observed accuracy|observed bias|evaluation window coverage|source identity,drift|trend over time|deterioration|improvement over time|cross metric raw aggregation|invented scenario values,VERIFIED_LOCAL,forecast_substrateBE_ssd_phx_lvwe_metrics,ssd_phx_lvwe_metrics.csv
ssd_phoenix,ssd_phoenix,lv_with_efficiency,not_applicable,not_applicable,forest,EURP175,2026-03-12,UNKNOWN,pending_d5,partially_available,single_version_accuracy_only,SINGLE_VERSION_ONLY|NO_TARGET_DATE_GRAIN|NO_FORECAST_FACT_TABLE|SHINY_NOT_CONNECTED,"Single retained forecast version, so this is point accuracy for one cycle and not drift.","ssd_phoenix / lv_with_efficiency at forest grain, key EURP175, forecast version 2026-03-12: average MAPE 93831394.601053, average accuracy 0.0, across 57 evaluation windows from 2026-04-07 to 2026-06-09.",observed accuracy|observed bias|evaluation window coverage|source identity,drift|trend over time|deterioration|improvement over time|cross metric raw aggregation|invented scenario values,VERIFIED_LOCAL,forecast_substrateBE_ssd_phx_lvwe_metrics,ssd_phx_lvwe_metrics.csv
ssd_phoenix,ssd_phoenix,lv_with_efficiency,not_applicable,not_applicable,forest,NAMP132,2026-03-12,UNKNOWN,pending_d5,partially_available,single_version_accuracy_only,SINGLE_VERSION_ONLY|NO_TARGET_DATE_GRAIN|NO_FORECAST_FACT_TABLE|SHINY_NOT_CONNECTED,"Single retained forecast version, so this is point accuracy for one cycle and not drift.","ssd_phoenix / lv_with_efficiency at forest grain, key NAMP132, forecast version 2026-03-12: average MAPE 25.145965, average accuracy 74.854035, across 57 evaluation windows from 2026-04-07 to 2026-06-09.",observed accuracy|observed bias|evaluation window coverage|source identity,drift|trend over time|deterioration|improvement over time|cross metric raw aggregation|invented scenario values,VERIFIED_LOCAL,forecast_substrateBE_ssd_phx_lvwe_metrics,ssd_phx_lvwe_metrics.csv
ssd_phoenix,ssd_phoenix,lv_with_efficiency,not_applicable,not_applicable,forest,NAMP105,2026-03-12,UNKNOWN,pending_d5,partially_available,single_version_accuracy_only,SINGLE_VERSION_ONLY|NO_TARGET_DATE_GRAIN|NO_FORECAST_FACT_TABLE|SHINY_NOT_CONNECTED,"Single retained forecast version, so this is point accuracy for one cycle and not drift.","ssd_phoenix / lv_with_efficiency at forest grain, key NAMP105, forecast version 2026-03-12: average MAPE 131.804912, average accuracy 0.0, across 57 evaluation windows from 2026-04-07 to 2026-06-09.",observed accuracy|observed bias|evaluation window coverage|source identity,drift|trend over time|deterioration|improvement over time|cross metric raw aggregation|invented scenario values,VERIFIED_LOCAL,forecast_substrateBE_ssd_phx_lvwe_metrics,ssd_phx_lvwe_metrics.csv
ssd_phoenix,ssd_phoenix,lv_with_efficiency,not_applicable,not_applicable,forest,EURPRD10,2026-03-12,UNKNOWN,pending_d5,partially_available,single_version_accuracy_only,SINGLE_VERSION_ONLY|NO_TARGET_DATE_GRAIN|NO_FORECAST_FACT_TABLE|SHINY_NOT_CONNECTED,"Single retained forecast version, so this is point accuracy for one cycle and not drift.","ssd_phoenix / lv_with_efficiency at forest grain, key EURPRD10, forecast version 2026-03-12: average MAPE 13.490702, average accuracy 86.509298, across 57 evaluation windows from 2026-04-07 to 2026-06-09.",observed accuracy|observed bias|evaluation window coverage|source identity,drift|trend over time|deterioration|improvement over time|cross metric raw aggregation|invented scenario values,VERIFIED_LOCAL,forecast_substrateBE_ssd_phx_lvwe_metrics,ssd_phx_lvwe_metrics.csv
ssd_phoenix,ssd_phoenix,lv_with_efficiency,not_applicable,not_applicable,forest,NAMPRD03,2026-03-12,UNKNOWN,pending_d5,partially_available,single_version_accuracy_only,SINGLE_VERSION_ONLY|NO_TARGET_DATE_GRAIN|NO_FORECAST_FACT_TABLE|SHINY_NOT_CONNECTED,"Single retained forecast version, so this is point accuracy for one cycle and not drift.","ssd_phoenix / lv_with_efficiency at forest grain, key NAMPRD03, forecast version 2026-03-12: average MAPE 30.103158, average accuracy 69.896842, across 57 evaluation windows from 2026-04-07 to 2026-06-09.",observed accuracy|observed bias|evaluation window coverage|source identity,drift|trend over time|deterioration|improvement over time|cross metric raw aggregation|invented scenario values,VERIFIED_LOCAL,forecast_substrateBE_ssd_phx_lvwe_metrics,ssd_phx_lvwe_metrics.csv
ssd_phoenix,ssd_phoenix,lv_with_efficiency,not_applicable,not_applicable,forest,EURP195,2026-03-12,UNKNOWN,pending_d5,partially_available,single_version_accuracy_only,SINGLE_VERSION_ONLY|NO_TARGET_DATE_GRAIN|NO_FORECAST_FACT_TABLE|SHINY_NOT_CONNECTED,"Single retained forecast version, so this is point accuracy for one cycle and not drift.","ssd_phoenix / lv_with_efficiency at forest grain, key EURP195, forecast version 2026-03-12: average MAPE 8.740526, average accuracy 91.259474, across 57 evaluation windows from 2026-04-07 to 2026-06-09.",observed accuracy|observed bias|evaluation window coverage|source identity,drift|trend over time|deterioration|improvement over time|cross metric raw aggregation|invented scenario values,VERIFIED_LOCAL,forecast_substrateBE_ssd_phx_lvwe_metrics,ssd_phx_lvwe_metrics.csv
ssd_phoenix,ssd_phoenix,lv_with_efficiency,not_applicable,not_applicable,forest,CHLP298,2026-03-12,UNKNOWN,pending_d5,partially_available,single_version_accuracy_only,SINGLE_VERSION_ONLY|NO_TARGET_DATE_GRAIN|NO_FORECAST_FACT_TABLE|SHINY_NOT_CONNECTED,"Single retained forecast version, so this is point accuracy for one cycle and not drift.","ssd_phoenix / lv_with_efficiency at forest grain, key CHLP298, forecast version 2026-03-12: average MAPE 67.531579, average accuracy 32.468421, across 57 evaluation windows from 2026-04-07 to 2026-06-09.",observed accuracy|observed bias|evaluation window coverage|source identity,drift|trend over time|deterioration|improvement over time|cross metric raw aggregation|invented scenario values,VERIFIED_LOCAL,forecast_substrateBE_ssd_phx_lvwe_metrics,ssd_phx_lvwe_metrics.csv
ssd_phoenix,ssd_phoenix,lv_with_efficiency,not_applicable,not_applicable,forest,NAMP134,2026-03-12,UNKNOWN,pending_d5,partially_available,single_version_accuracy_only,SINGLE_VERSION_ONLY|NO_TARGET_DATE_GRAIN|NO_FORECAST_FACT_TABLE|SHINY_NOT_CONNECTED,"Single retained forecast version, so this is point accuracy for one cycle and not drift.","ssd_phoenix / lv_with_efficiency at forest grain, key NAMP134, forecast version 2026-03-12: average MAPE 41.226491, average accuracy 58.773509, across 57 evaluation windows from 2026-04-07 to 2026-06-09.",observed accuracy|observed bias|evaluation window coverage|source identity,drift|trend over time|deterioration|improvement over time|cross metric raw aggregation|invented scenario values,VERIFIED_LOCAL,forecast_substrateBE_ssd_phx_lvwe_metrics,ssd_phx_lvwe_metrics.csv
ssd_phoenix,ssd_phoenix,lv_with_efficiency,not_applicable,not_applicable,forest,GBRP267,2026-03-12,UNKNOWN,pending_d5,partially_available,single_version_accuracy_only,SINGLE_VERSION_ONLY|NO_TARGET_DATE_GRAIN|NO_FORECAST_FACT_TABLE|SHINY_NOT_CONNECTED,"Single retained forecast version, so this is point accuracy for one cycle and not drift.","ssd_phoenix / lv_with_efficiency at forest grain, key GBRP267, forecast version 2026-03-12: average MAPE 8697.693333, average accuracy 0.328772, across 57 evaluation windows from 2026-04-07 to 2026-06-09.",observed accuracy|observed bias|evaluation window coverage|source identity,drift|trend over time|deterioration|improvement over time|cross metric raw aggregation|invented scenario values,VERIFIED_LOCAL,forecast_substrateBE_ssd_phx_lvwe_metrics,ssd_phx_lvwe_metrics.csv
ssd_phoenix,ssd_phoenix,lv_with_efficiency,not_applicable,not_applicable,forest,CHEP278,2026-03-12,UNKNOWN,pending_d5,partially_available,single_version_accuracy_only,SINGLE_VERSION_ONLY|NO_TARGET_DATE_GRAIN|NO_FORECAST_FACT_TABLE|SHINY_NOT_CONNECTED,"Single retained forecast version, so this is point accuracy for one cycle and not drift.","ssd_phoenix / lv_with_efficiency at forest grain, key CHEP278, forecast version 2026-03-12: average MAPE 27.31193, average accuracy 72.68807, across 57 evaluation windows from 2026-04-07 to 2026-06-09.",observed accuracy|observed bias|evaluation window coverage|source identity,drift|trend over time|deterioration|improvement over time|cross metric raw aggregation|invented scenario values,VERIFIED_LOCAL,forecast_substrateBE_ssd_phx_lvwe_metrics,ssd_phx_lvwe_metrics.csv
ssd_phoenix,ssd_phoenix,lv_with_efficiency,not_applicable,not_applicable,forest,NAMP128,2026-03-12,UNKNOWN,pending_d5,partially_available,single_version_accuracy_only,SINGLE_VERSION_ONLY|NO_TARGET_DATE_GRAIN|NO_FORECAST_FACT_TABLE|SHINY_NOT_CONNECTED,"Single retained forecast version, so this is point accuracy for one cycle and not drift.","ssd_phoenix / lv_with_efficiency at forest grain, key NAMP128, forecast version 2026-03-12: average MAPE 18.578772, average accuracy 81.421228, across 57 evaluation windows from 2026-04-07 to 2026-06-09.",observed accuracy|observed bias|evaluation window coverage|source identity,drift|trend over time|deterioration|improvement over time|cross metric raw aggregation|invented scenario values,VERIFIED_LOCAL,forecast_substrateBE_ssd_phx_lvwe_metrics,ssd_phx_lvwe_metrics.csv
ssd_phoenix,ssd_phoenix,lv_with_efficiency,not_applicable,not_applicable,forest,NAMP114,2026-03-12,UNKNOWN,pending_d5,partially_available,single_version_accuracy_only,SINGLE_VERSION_ONLY|NO_TARGET_DATE_GRAIN|NO_FORECAST_FACT_TABLE|SHINY_NOT_CONNECTED,"Single retained forecast version, so this is point accuracy for one cycle and not drift.","ssd_phoenix / lv_with_efficiency at forest grain, key NAMP114, forecast version 2026-03-12: average MAPE 54.468772, average accuracy 45.531228, across 57 evaluation windows from 2026-04-07 to 2026-06-09.",observed accuracy|observed bias|evaluation window coverage|source identity,drift|trend over time|deterioration|improvement over time|cross metric raw aggregation|invented scenario values,VERIFIED_LOCAL,forecast_substrateBE_ssd_phx_lvwe_metrics,ssd_phx_lvwe_metrics.csv
ssd_phoenix,ssd_phoenix,lv_with_efficiency,not_applicable,not_applicable,forest,AUSPRD01,2026-03-12,UNKNOWN,pending_d5,partially_available,single_version_accuracy_only,SINGLE_VERSION_ONLY|NO_TARGET_DATE_GRAIN|NO_FORECAST_FACT_TABLE|SHINY_NOT_CONNECTED,"Single retained forecast version, so this is point accuracy for one cycle and not drift.","ssd_phoenix / lv_with_efficiency at forest grain, key AUSPRD01, forecast version 2026-03-12: average MAPE 16.965965, average accuracy 83.034035, across 57 evaluation windows from 2026-04-07 to 2026-06-09.",observed accuracy|observed bias|evaluation window coverage|source identity,drift|trend over time|deterioration|improvement over time|cross metric raw aggregation|invented scenario values,VERIFIED_LOCAL,forecast_substrateBE_ssd_phx_lvwe_metrics,ssd_phx_lvwe_metrics.csv
ssd_phoenix,ssd_phoenix,lv_with_efficiency,not_applicable,not_applicable,forest,NAMPRD16,2026-03-12,UNKNOWN,pending_d5,partially_available,single_version_accuracy_only,SINGLE_VERSION_ONLY|NO_TARGET_DATE_GRAIN|NO_FORECAST_FACT_TABLE|SHINY_NOT_CONNECTED,"Single retained forecast version, so this is point accuracy for one cycle and not drift.","ssd_phoenix / lv_with_efficiency at forest grain, key NAMPRD16, forecast version 2026-03-12: average MAPE 30.849298, average accuracy 69.150702, across 57 evaluation windows from 2026-04-07 to 2026-06-09.",observed accuracy|observed bias|evaluation window coverage|source identity,drift|trend over time|deterioration|improvement over time|cross metric raw aggregation|invented scenario values,VERIFIED_LOCAL,forecast_substrateBE_ssd_phx_lvwe_metrics,ssd_phx_lvwe_metrics.csv
ssd_phoenix,ssd_phoenix,lv_with_efficiency,not_applicable,not_applicable,forest,NAMP106,2026-03-12,UNKNOWN,pending_d5,partially_available,single_version_accuracy_only,SINGLE_VERSION_ONLY|NO_TARGET_DATE_GRAIN|NO_FORECAST_FACT_TABLE|SHINY_NOT_CONNECTED,"Single retained forecast version, so this is point accuracy for one cycle and not drift.","ssd_phoenix / lv_with_efficiency at forest grain, key NAMP106, forecast version 2026-03-12: average MAPE 12.147544, average accuracy 87.852456, across 57 evaluation windows from 2026-04-07 to 2026-06-09.",observed accuracy|observed bias|evaluation window coverage|source identity,drift|trend over time|deterioration|improvement over time|cross metric raw aggregation|invented scenario values,VERIFIED_LOCAL,forecast_substrateBE_ssd_phx_lvwe_metrics,ssd_phx_lvwe_metrics.csv
ssd_phoenix,ssd_phoenix,lv_with_efficiency,not_applicable,not_applicable,forest,NAMPRD19,2026-03-12,UNKNOWN,pending_d5,partially_available,single_version_accuracy_only,SINGLE_VERSION_ONLY|NO_TARGET_DATE_GRAIN|NO_FORECAST_FACT_TABLE|SHINY_NOT_CONNECTED,"Single retained forecast version, so this is point accuracy for one cycle and not drift.","ssd_phoenix / lv_with_efficiency at forest grain, key NAMPRD19, forecast version 2026-03-12: average MAPE 8.959649, average accuracy 91.040351, across 57 evaluation windows from 2026-04-07 to 2026-06-09.",observed accuracy|observed bias|evaluation window coverage|source identity,drift|trend over time|deterioration|improvement over time|cross metric raw aggregation|invented scenario values,VERIFIED_LOCAL,forecast_substrateBE_ssd_phx_lvwe_metrics,ssd_phx_lvwe_metrics.csv
ssd_phoenix,ssd_phoenix,lv_with_efficiency,not_applicable,not_applicable,forest,NAMP113,2026-03-12,UNKNOWN,pending_d5,partially_available,single_version_accuracy_only,SINGLE_VERSION_ONLY|NO_TARGET_DATE_GRAIN|NO_FORECAST_FACT_TABLE|SHINY_NOT_CONNECTED,"Single retained forecast version, so this is point accuracy for one cycle and not drift.","ssd_phoenix / lv_with_efficiency at forest grain, key NAMP113, forecast version 2026-03-12: average MAPE 46.977368, average accuracy 53.022632, across 57 evaluation windows from 2026-04-07 to 2026-06-09.",observed accuracy|observed bias|evaluation window coverage|source identity,drift|trend over time|deterioration|improvement over time|cross metric raw aggregation|invented scenario values,VERIFIED_LOCAL,forecast_substrateBE_ssd_phx_lvwe_metrics,ssd_phx_lvwe_metrics.csv
ssd_phoenix,ssd_phoenix,lv_with_efficiency,not_applicable,not_applicable,forest,MYSP306,2026-03-12,UNKNOWN,pending_d5,partially_available,single_version_accuracy_only,SINGLE_VERSION_ONLY|NO_TARGET_DATE_GRAIN|NO_FORECAST_FACT_TABLE|SHINY_NOT_CONNECTED,"Single retained forecast version, so this is point accuracy for one cycle and not drift.","ssd_phoenix / lv_with_efficiency at forest grain, key MYSP306, forecast version 2026-03-12: average MAPE 18.022632, average accuracy 81.977368, across 57 evaluation windows from 2026-04-07 to 2026-06-09.",observed accuracy|observed bias|evaluation window coverage|source identity,drift|trend over time|deterioration|improvement over time|cross metric raw aggregation|invented scenario values,VERIFIED_LOCAL,forecast_substrateBE_ssd_phx_lvwe_metrics,ssd_phx_lvwe_metrics.csv
ssd_phoenix,ssd_phoenix,lv_with_efficiency,not_applicable,not_applicable,forest,TWNP295,2026-03-12,UNKNOWN,pending_d5,partially_available,single_version_accuracy_only,SINGLE_VERSION_ONLY|NO_TARGET_DATE_GRAIN|NO_FORECAST_FACT_TABLE|SHINY_NOT_CONNECTED,"Single retained forecast version, so this is point accuracy for one cycle and not drift.","ssd_phoenix / lv_with_efficiency at forest grain, key TWNP295, forecast version 2026-03-12: average MAPE 89.520702, average accuracy 18.063158, across 57 evaluation windows from 2026-04-07 to 2026-06-09.",observed accuracy|observed bias|evaluation window coverage|source identity,drift|trend over time|deterioration|improvement over time|cross metric raw aggregation|invented scenario values,VERIFIED_LOCAL,forecast_substrateBE_ssd_phx_lvwe_metrics,ssd_phx_lvwe_metrics.csv
ssd_phoenix,ssd_phoenix,lv_with_efficiency,not_applicable,not_applicable,forest,NAMPRD17,2026-03-12,UNKNOWN,pending_d5,partially_available,single_version_accuracy_only,SINGLE_VERSION_ONLY|NO_TARGET_DATE_GRAIN|NO_FORECAST_FACT_TABLE|SHINY_NOT_CONNECTED,"Single retained forecast version, so this is point accuracy for one cycle and not drift.","ssd_phoenix / lv_with_efficiency at forest grain, key NAMPRD17, forecast version 2026-03-12: average MAPE 26.184035, average accuracy 73.815965, across 57 evaluation windows from 2026-04-07 to 2026-06-09.",observed accuracy|observed bias|evaluation window coverage|source identity,drift|trend over time|deterioration|improvement over time|cross metric raw aggregation|invented scenario values,VERIFIED_LOCAL,forecast_substrateBE_ssd_phx_lvwe_metrics,ssd_phx_lvwe_metrics.csv
ssd_phoenix,ssd_phoenix,lv_with_efficiency,not_applicable,not_applicable,forest,LAMP215,2026-03-12,UNKNOWN,pending_d5,partially_available,single_version_accuracy_only,SINGLE_VERSION_ONLY|NO_TARGET_DATE_GRAIN|NO_FORECAST_FACT_TABLE|SHINY_NOT_CONNECTED,"Single retained forecast version, so this is point accuracy for one cycle and not drift.","ssd_phoenix / lv_with_efficiency at forest grain, key LAMP215, forecast version 2026-03-12: average MAPE 8.449825, average accuracy 91.550175, across 57 evaluation windows from 2026-04-07 to 2026-06-09.",observed accuracy|observed bias|evaluation window coverage|source identity,drift|trend over time|deterioration|improvement over time|cross metric raw aggregation|invented scenario values,VERIFIED_LOCAL,forecast_substrateBE_ssd_phx_lvwe_metrics,ssd_phx_lvwe_metrics.csv
ssd_phoenix,ssd_phoenix,lv_with_efficiency,not_applicable,not_applicable,forest,NAMP170,2026-03-12,UNKNOWN,pending_d5,partially_available,single_version_accuracy_only,SINGLE_VERSION_ONLY|NO_TARGET_DATE_GRAIN|NO_FORECAST_FACT_TABLE|SHINY_NOT_CONNECTED,"Single retained forecast version, so this is point accuracy for one cycle and not drift.","ssd_phoenix / lv_with_efficiency at forest grain, key NAMP170, forecast version 2026-03-12: average MAPE 29.709298, average accuracy 70.290702, across 57 evaluation windows from 2026-04-07 to 2026-06-09.",observed accuracy|observed bias|evaluation window coverage|source identity,drift|trend over time|deterioration|improvement over time|cross metric raw aggregation|invented scenario values,VERIFIED_LOCAL,forecast_substrateBE_ssd_phx_lvwe_metrics,ssd_phx_lvwe_metrics.csv
ssd_phoenix,ssd_phoenix,lv_with_efficiency,not_applicable,not_applicable,forest,NAMP162,2026-03-12,UNKNOWN,pending_d5,partially_available,single_version_accuracy_only,SINGLE_VERSION_ONLY|NO_TARGET_DATE_GRAIN|NO_FORECAST_FACT_TABLE|SHINY_NOT_CONNECTED,"Single retained forecast version, so this is point accuracy for one cycle and not drift.","ssd_phoenix / lv_with_efficiency at forest grain, key NAMP162, forecast version 2026-03-12: average MAPE 5.084737, average accuracy 94.915263, across 57 evaluation windows from 2026-04-07 to 2026-06-09.",observed accuracy|observed bias|evaluation window coverage|source identity,drift|trend over time|deterioration|improvement over time|cross metric raw aggregation|invented scenario values,VERIFIED_LOCAL,forecast_substrateBE_ssd_phx_lvwe_metrics,ssd_phx_lvwe_metrics.csv
ssd_phoenix,ssd_phoenix,lv_with_efficiency,not_applicable,not_applicable,forest,EURP251,2026-03-12,UNKNOWN,pending_d5,partially_available,single_version_accuracy_only,SINGLE_VERSION_ONLY|NO_TARGET_DATE_GRAIN|NO_FORECAST_FACT_TABLE|SHINY_NOT_CONNECTED,"Single retained forecast version, so this is point accuracy for one cycle and not drift.","ssd_phoenix / lv_with_efficiency at forest grain, key EURP251, forecast version 2026-03-12: average MAPE 31.259649, average accuracy 68.740351, across 57 evaluation windows from 2026-04-07 to 2026-06-09.",observed accuracy|observed bias|evaluation window coverage|source identity,drift|trend over time|deterioration|improvement over time|cross metric raw aggregation|invented scenario values,VERIFIED_LOCAL,forecast_substrateBE_ssd_phx_lvwe_metrics,ssd_phx_lvwe_metrics.csv
ssd_phoenix,ssd_phoenix,lv_with_efficiency,not_applicable,not_applicable,forest,EURP138,2026-03-12,UNKNOWN,pending_d5,partially_available,single_version_accuracy_only,SINGLE_VERSION_ONLY|NO_TARGET_DATE_GRAIN|NO_FORECAST_FACT_TABLE|SHINY_NOT_CONNECTED,"Single retained forecast version, so this is point accuracy for one cycle and not drift.","ssd_phoenix / lv_with_efficiency at forest grain, key EURP138, forecast version 2026-03-12: average MAPE 9.663509, average accuracy 90.336491, across 57 evaluation windows from 2026-04-07 to 2026-06-09.",observed accuracy|observed bias|evaluation window coverage|source identity,drift|trend over time|deterioration|improvement over time|cross metric raw aggregation|invented scenario values,VERIFIED_LOCAL,forecast_substrateBE_ssd_phx_lvwe_metrics,ssd_phx_lvwe_metrics.csv
ssd_phoenix,ssd_phoenix,lv_with_efficiency,not_applicable,not_applicable,forest,POLP291,2026-03-12,UNKNOWN,pending_d5,partially_available,single_version_accuracy_only,SINGLE_VERSION_ONLY|NO_TARGET_DATE_GRAIN|NO_FORECAST_FACT_TABLE|SHINY_NOT_CONNECTED,"Single retained forecast version, so this is point accuracy for one cycle and not drift.","ssd_phoenix / lv_with_efficiency at forest grain, key POLP291, forecast version 2026-03-12: average MAPE 39.824035, average accuracy 60.175965, across 57 evaluation windows from 2026-04-07 to 2026-06-09.",observed accuracy|observed bias|evaluation window coverage|source identity,drift|trend over time|deterioration|improvement over time|cross metric raw aggregation|invented scenario values,VERIFIED_LOCAL,forecast_substrateBE_ssd_phx_lvwe_metrics,ssd_phx_lvwe_metrics.csv
ssd_phoenix,ssd_phoenix,lv_with_efficiency,not_applicable,not_applicable,forest,NAMP163,2026-03-12,UNKNOWN,pending_d5,partially_available,single_version_accuracy_only,SINGLE_VERSION_ONLY|NO_TARGET_DATE_GRAIN|NO_FORECAST_FACT_TABLE|SHINY_NOT_CONNECTED,"Single retained forecast version, so this is point accuracy for one cycle and not drift.","ssd_phoenix / lv_with_efficiency at forest grain, key NAMP163, forecast version 2026-03-12: average MAPE 15.147895, average accuracy 84.852105, across 57 evaluation windows from 2026-04-07 to 2026-06-09.",observed accuracy|observed bias|evaluation window coverage|source identity,drift|trend over time|deterioration|improvement over time|cross metric raw aggregation|invented scenario values,VERIFIED_LOCAL,forecast_substrateBE_ssd_phx_lvwe_metrics,ssd_phx_lvwe_metrics.csv
ssd_phoenix,ssd_phoenix,lv_with_efficiency,not_applicable,not_applicable,forest,EURP194,2026-03-12,UNKNOWN,pending_d5,partially_available,single_version_accuracy_only,SINGLE_VERSION_ONLY|NO_TARGET_DATE_GRAIN|NO_FORECAST_FACT_TABLE|SHINY_NOT_CONNECTED,"Single retained forecast version, so this is point accuracy for one cycle and not drift.","ssd_phoenix / lv_with_efficiency at forest grain, key EURP194, forecast version 2026-03-12: average MAPE 11.494737, average accuracy 88.505263, across 57 evaluation windows from 2026-04-07 to 2026-06-09.",observed accuracy|observed bias|evaluation window coverage|source identity,drift|trend over time|deterioration|improvement over time|cross metric raw aggregation|invented scenario values,VERIFIED_LOCAL,forecast_substrateBE_ssd_phx_lvwe_metrics,ssd_phx_lvwe_metrics.csv
ssd_phoenix,ssd_phoenix,lv_with_efficiency,not_applicable,not_applicable,forest,NAMP158,2026-03-12,UNKNOWN,pending_d5,partially_available,single_version_accuracy_only,SINGLE_VERSION_ONLY|NO_TARGET_DATE_GRAIN|NO_FORECAST_FACT_TABLE|SHINY_NOT_CONNECTED,"Single retained forecast version, so this is point accuracy for one cycle and not drift.","ssd_phoenix / lv_with_efficiency at forest grain, key NAMP158, forecast version 2026-03-12: average MAPE 11.07, average accuracy 88.93, across 57 evaluation windows from 2026-04-07 to 2026-06-09.",observed accuracy|observed bias|evaluation window coverage|source identity,drift|trend over time|deterioration|improvement over time|cross metric raw aggregation|invented scenario values,VERIFIED_LOCAL,forecast_substrateBE_ssd_phx_lvwe_metrics,ssd_phx_lvwe_metrics.csv
ssd_phoenix,ssd_phoenix,lv_with_efficiency,not_applicable,not_applicable,forest,NAMP136,2026-03-12,UNKNOWN,pending_d5,partially_available,single_version_accuracy_only,SINGLE_VERSION_ONLY|NO_TARGET_DATE_GRAIN|NO_FORECAST_FACT_TABLE|SHINY_NOT_CONNECTED,"Single retained forecast version, so this is point accuracy for one cycle and not drift.","ssd_phoenix / lv_with_efficiency at forest grain, key NAMP136, forecast version 2026-03-12: average MAPE 9.111228, average accuracy 90.888772, across 57 evaluation windows from 2026-04-07 to 2026-06-09.",observed accuracy|observed bias|evaluation window coverage|source identity,drift|trend over time|deterioration|improvement over time|cross metric raw aggregation|invented scenario values,VERIFIED_LOCAL,forecast_substrateBE_ssd_phx_lvwe_metrics,ssd_phx_lvwe_metrics.csv
ssd_phoenix,ssd_phoenix,lv_with_efficiency,not_applicable,not_applicable,forest,NAMP223,2026-03-12,UNKNOWN,pending_d5,partially_available,single_version_accuracy_only,SINGLE_VERSION_ONLY|NO_TARGET_DATE_GRAIN|NO_FORECAST_FACT_TABLE|SHINY_NOT_CONNECTED,"Single retained forecast version, so this is point accuracy for one cycle and not drift.","ssd_phoenix / lv_with_efficiency at forest grain, key NAMP223, forecast version 2026-03-12: average MAPE 26.24193, average accuracy 73.75807, across 57 evaluation windows from 2026-04-07 to 2026-06-09.",observed accuracy|observed bias|evaluation window coverage|source identity,drift|trend over time|deterioration|improvement over time|cross metric raw aggregation|invented scenario values,VERIFIED_LOCAL,forecast_substrateBE_ssd_phx_lvwe_metrics,ssd_phx_lvwe_metrics.csv
ssd_phoenix,ssd_phoenix,lv_with_efficiency,not_applicable,not_applicable,forest,NAMP157,2026-03-12,UNKNOWN,pending_d5,partially_available,single_version_accuracy_only,SINGLE_VERSION_ONLY|NO_TARGET_DATE_GRAIN|NO_FORECAST_FACT_TABLE|SHINY_NOT_CONNECTED,"Single retained forecast version, so this is point accuracy for one cycle and not drift.","ssd_phoenix / lv_with_efficiency at forest grain, key NAMP157, forecast version 2026-03-12: average MAPE 141.151754, average accuracy 0.149649, across 57 evaluation windows from 2026-04-07 to 2026-06-09.",observed accuracy|observed bias|evaluation window coverage|source identity,drift|trend over time|deterioration|improvement over time|cross metric raw aggregation|invented scenario values,VERIFIED_LOCAL,forecast_substrateBE_ssd_phx_lvwe_metrics,ssd_phx_lvwe_metrics.csv
ssd_phoenix,ssd_phoenix,lv_with_efficiency,not_applicable,not_applicable,forest,NAMP118,2026-03-12,UNKNOWN,pending_d5,partially_available,single_version_accuracy_only,SINGLE_VERSION_ONLY|NO_TARGET_DATE_GRAIN|NO_FORECAST_FACT_TABLE|SHINY_NOT_CONNECTED,"Single retained forecast version, so this is point accuracy for one cycle and not drift.","ssd_phoenix / lv_with_efficiency at forest grain, key NAMP118, forecast version 2026-03-12: average MAPE 6392.145614, average accuracy 0.638421, across 57 evaluation windows from 2026-04-07 to 2026-06-09.",observed accuracy|observed bias|evaluation window coverage|source identity,drift|trend over time|deterioration|improvement over time|cross metric raw aggregation|invented scenario values,VERIFIED_LOCAL,forecast_substrateBE_ssd_phx_lvwe_metrics,ssd_phx_lvwe_metrics.csv
ssd_phoenix,ssd_phoenix,lv_with_efficiency,not_applicable,not_applicable,forest,NAMPRD06,2026-03-12,UNKNOWN,pending_d5,partially_available,single_version_accuracy_only,SINGLE_VERSION_ONLY|NO_TARGET_DATE_GRAIN|NO_FORECAST_FACT_TABLE|SHINY_NOT_CONNECTED,"Single retained forecast version, so this is point accuracy for one cycle and not drift.","ssd_phoenix / lv_with_efficiency at forest grain, key NAMPRD06, forecast version 2026-03-12: average MAPE 15.78614, average accuracy 84.21386, across 57 evaluation windows from 2026-04-07 to 2026-06-09.",observed accuracy|observed bias|evaluation window coverage|source identity,drift|trend over time|deterioration|improvement over time|cross metric raw aggregation|invented scenario values,VERIFIED_LOCAL,forecast_substrateBE_ssd_phx_lvwe_metrics,ssd_phx_lvwe_metrics.csv
ssd_phoenix,ssd_phoenix,lv_with_efficiency,not_applicable,not_applicable,forest,NAMPRD20,2026-03-12,UNKNOWN,pending_d5,partially_available,single_version_accuracy_only,SINGLE_VERSION_ONLY|NO_TARGET_DATE_GRAIN|NO_FORECAST_FACT_TABLE|SHINY_NOT_CONNECTED,"Single retained forecast version, so this is point accuracy for one cycle and not drift.","ssd_phoenix / lv_with_efficiency at forest grain, key NAMPRD20, forecast version 2026-03-12: average MAPE 22.161754, average accuracy 77.838246, across 57 evaluation windows from 2026-04-07 to 2026-06-09.",observed accuracy|observed bias|evaluation window coverage|source identity,drift|trend over time|deterioration|improvement over time|cross metric raw aggregation|invented scenario values,VERIFIED_LOCAL,forecast_substrateBE_ssd_phx_lvwe_metrics,ssd_phx_lvwe_metrics.csv
ssd_phoenix,ssd_phoenix,lv_with_efficiency,not_applicable,not_applicable,forest,NAMP104,2026-03-12,UNKNOWN,pending_d5,partially_available,single_version_accuracy_only,SINGLE_VERSION_ONLY|NO_TARGET_DATE_GRAIN|NO_FORECAST_FACT_TABLE|SHINY_NOT_CONNECTED,"Single retained forecast version, so this is point accuracy for one cycle and not drift.","ssd_phoenix / lv_with_efficiency at forest grain, key NAMP104, forecast version 2026-03-12: average MAPE 15.313333, average accuracy 84.686667, across 57 evaluation windows from 2026-04-07 to 2026-06-09.",observed accuracy|observed bias|evaluation window coverage|source identity,drift|trend over time|deterioration|improvement over time|cross metric raw aggregation|invented scenario values,VERIFIED_LOCAL,forecast_substrateBE_ssd_phx_lvwe_metrics,ssd_phx_lvwe_metrics.csv
ssd_phoenix,ssd_phoenix,lv_with_efficiency,not_applicable,not_applicable,forest,AUSP300,2026-03-12,UNKNOWN,pending_d5,partially_available,single_version_accuracy_only,SINGLE_VERSION_ONLY|NO_TARGET_DATE_GRAIN|NO_FORECAST_FACT_TABLE|SHINY_NOT_CONNECTED,"Single retained forecast version, so this is point accuracy for one cycle and not drift.","ssd_phoenix / lv_with_efficiency at forest grain, key AUSP300, forecast version 2026-03-12: average MAPE 21.540351, average accuracy 78.459649, across 57 evaluation windows from 2026-04-07 to 2026-06-09.",observed accuracy|observed bias|evaluation window coverage|source identity,drift|trend over time|deterioration|improvement over time|cross metric raw aggregation|invented scenario values,VERIFIED_LOCAL,forecast_substrateBE_ssd_phx_lvwe_metrics,ssd_phx_lvwe_metrics.csv
ssd_phoenix,ssd_phoenix,lv_with_efficiency,not_applicable,not_applicable,forest,MEXP297,2026-03-12,UNKNOWN,pending_d5,partially_available,single_version_accuracy_only,SINGLE_VERSION_ONLY|NO_TARGET_DATE_GRAIN|NO_FORECAST_FACT_TABLE|SHINY_NOT_CONNECTED,"Single retained forecast version, so this is point accuracy for one cycle and not drift.","ssd_phoenix / lv_with_efficiency at forest grain, key MEXP297, forecast version 2026-03-12: average MAPE 22.249825, average accuracy 77.750175, across 57 evaluation windows from 2026-04-07 to 2026-06-09.",observed accuracy|observed bias|evaluation window coverage|source identity,drift|trend over time|deterioration|improvement over time|cross metric raw aggregation|invented scenario values,VERIFIED_LOCAL,forecast_substrateBE_ssd_phx_lvwe_metrics,ssd_phx_lvwe_metrics.csv
ssd_phoenix,ssd_phoenix,lv_with_efficiency,not_applicable,not_applicable,forest,EURP137,2026-03-12,UNKNOWN,pending_d5,partially_available,single_version_accuracy_only,SINGLE_VERSION_ONLY|NO_TARGET_DATE_GRAIN|NO_FORECAST_FACT_TABLE|SHINY_NOT_CONNECTED,"Single retained forecast version, so this is point accuracy for one cycle and not drift.","ssd_phoenix / lv_with_efficiency at forest grain, key EURP137, forecast version 2026-03-12: average MAPE 9649.34, average accuracy 0.0, across 57 evaluation windows from 2026-04-07 to 2026-06-09.",observed accuracy|observed bias|evaluation window coverage|source identity,drift|trend over time|deterioration|improvement over time|cross metric raw aggregation|invented scenario values,VERIFIED_LOCAL,forecast_substrateBE_ssd_phx_lvwe_metrics,ssd_phx_lvwe_metrics.csv
ssd_phoenix,ssd_phoenix,lv_with_efficiency,not_applicable,not_applicable,forest,NAMP173,2026-03-12,UNKNOWN,pending_d5,partially_available,single_version_accuracy_only,SINGLE_VERSION_ONLY|NO_TARGET_DATE_GRAIN|NO_FORECAST_FACT_TABLE|SHINY_NOT_CONNECTED,"Single retained forecast version, so this is point accuracy for one cycle and not drift.","ssd_phoenix / lv_with_efficiency at forest grain, key NAMP173, forecast version 2026-03-12: average MAPE 26417.792807, average accuracy 11.629474, across 57 evaluation windows from 2026-04-07 to 2026-06-09.",observed accuracy|observed bias|evaluation window coverage|source identity,drift|trend over time|deterioration|improvement over time|cross metric raw aggregation|invented scenario values,VERIFIED_LOCAL,forecast_substrateBE_ssd_phx_lvwe_metrics,ssd_phx_lvwe_metrics.csv
ssd_phoenix,ssd_phoenix,lv_with_efficiency,not_applicable,not_applicable,forest,ISRP290,2026-03-12,UNKNOWN,pending_d5,partially_available,single_version_accuracy_only,SINGLE_VERSION_ONLY|NO_TARGET_DATE_GRAIN|NO_FORECAST_FACT_TABLE|SHINY_NOT_CONNECTED,"Single retained forecast version, so this is point accuracy for one cycle and not drift.","ssd_phoenix / lv_with_efficiency at forest grain, key ISRP290, forecast version 2026-03-12: average MAPE 27.871053, average accuracy 72.128947, across 57 evaluation windows from 2026-04-07 to 2026-06-09.",observed accuracy|observed bias|evaluation window coverage|source identity,drift|trend over time|deterioration|improvement over time|cross metric raw aggregation|invented scenario values,VERIFIED_LOCAL,forecast_substrateBE_ssd_phx_lvwe_metrics,ssd_phx_lvwe_metrics.csv
ssd_phoenix,ssd_phoenix,lv_with_efficiency,not_applicable,not_applicable,forest,NAMP222,2026-03-12,UNKNOWN,pending_d5,partially_available,single_version_accuracy_only,SINGLE_VERSION_ONLY|NO_TARGET_DATE_GRAIN|NO_FORECAST_FACT_TABLE|SHINY_NOT_CONNECTED,"Single retained forecast version, so this is point accuracy for one cycle and not drift.","ssd_phoenix / lv_with_efficiency at forest grain, key NAMP222, forecast version 2026-03-12: average MAPE 30.769825, average accuracy 69.230175, across 57 evaluation windows from 2026-04-07 to 2026-06-09.",observed accuracy|observed bias|evaluation window coverage|source identity,drift|trend over time|deterioration|improvement over time|cross metric raw aggregation|invented scenario values,VERIFIED_LOCAL,forecast_substrateBE_ssd_phx_lvwe_metrics,ssd_phx_lvwe_metrics.csv
ssd_phoenix,ssd_phoenix,lv_with_efficiency,not_applicable,not_applicable,forest,NAMP221,2026-03-12,UNKNOWN,pending_d5,partially_available,single_version_accuracy_only,SINGLE_VERSION_ONLY|NO_TARGET_DATE_GRAIN|NO_FORECAST_FACT_TABLE|SHINY_NOT_CONNECTED,"Single retained forecast version, so this is point accuracy for one cycle and not drift.","ssd_phoenix / lv_with_efficiency at forest grain, key NAMP221, forecast version 2026-03-12: average MAPE 6.050702, average accuracy 93.949298, across 57 evaluation windows from 2026-04-07 to 2026-06-09.",observed accuracy|observed bias|evaluation window coverage|source identity,drift|trend over time|deterioration|improvement over time|cross metric raw aggregation|invented scenario values,VERIFIED_LOCAL,forecast_substrateBE_ssd_phx_lvwe_metrics,ssd_phx_lvwe_metrics.csv
ssd_phoenix,ssd_phoenix,lv_with_efficiency,not_applicable,not_applicable,forest,NAMP115,2026-03-12,UNKNOWN,pending_d5,partially_available,single_version_accuracy_only,SINGLE_VERSION_ONLY|NO_TARGET_DATE_GRAIN|NO_FORECAST_FACT_TABLE|SHINY_NOT_CONNECTED,"Single retained forecast version, so this is point accuracy for one cycle and not drift.","ssd_phoenix / lv_with_efficiency at forest grain, key NAMP115, forecast version 2026-03-12: average MAPE 39.21386, average accuracy 60.78614, across 57 evaluation windows from 2026-04-07 to 2026-06-09.",observed accuracy|observed bias|evaluation window coverage|source identity,drift|trend over time|deterioration|improvement over time|cross metric raw aggregation|invented scenario values,VERIFIED_LOCAL,forecast_substrateBE_ssd_phx_lvwe_metrics,ssd_phx_lvwe_metrics.csv
ssd_phoenix,ssd_phoenix,lv_with_efficiency,not_applicable,not_applicable,forest,NAMP164,2026-03-12,UNKNOWN,pending_d5,partially_available,single_version_accuracy_only,SINGLE_VERSION_ONLY|NO_TARGET_DATE_GRAIN|NO_FORECAST_FACT_TABLE|SHINY_NOT_CONNECTED,"Single retained forecast version, so this is point accuracy for one cycle and not drift.","ssd_phoenix / lv_with_efficiency at forest grain, key NAMP164, forecast version 2026-03-12: average MAPE 6.959825, average accuracy 93.040175, across 57 evaluation windows from 2026-04-07 to 2026-06-09.",observed accuracy|observed bias|evaluation window coverage|source identity,drift|trend over time|deterioration|improvement over time|cross metric raw aggregation|invented scenario values,VERIFIED_LOCAL,forecast_substrateBE_ssd_phx_lvwe_metrics,ssd_phx_lvwe_metrics.csv
ssd_phoenix,ssd_phoenix,lv_with_efficiency,not_applicable,not_applicable,forest,NAMP108,2026-03-12,UNKNOWN,pending_d5,partially_available,single_version_accuracy_only,SINGLE_VERSION_ONLY|NO_TARGET_DATE_GRAIN|NO_FORECAST_FACT_TABLE|SHINY_NOT_CONNECTED,"Single retained forecast version, so this is point accuracy for one cycle and not drift.","ssd_phoenix / lv_with_efficiency at forest grain, key NAMP108, forecast version 2026-03-12: average MAPE 10.891404, average accuracy 89.108596, across 57 evaluation windows from 2026-04-07 to 2026-06-09.",observed accuracy|observed bias|evaluation window coverage|source identity,drift|trend over time|deterioration|improvement over time|cross metric raw aggregation|invented scenario values,VERIFIED_LOCAL,forecast_substrateBE_ssd_phx_lvwe_metrics,ssd_phx_lvwe_metrics.csv
ssd_phoenix,ssd_phoenix,lv_with_efficiency,not_applicable,not_applicable,forest,NAMPRD22,2026-03-12,UNKNOWN,pending_d5,partially_available,single_version_accuracy_only,SINGLE_VERSION_ONLY|NO_TARGET_DATE_GRAIN|NO_FORECAST_FACT_TABLE|SHINY_NOT_CONNECTED,"Single retained forecast version, so this is point accuracy for one cycle and not drift.","ssd_phoenix / lv_with_efficiency at forest grain, key NAMPRD22, forecast version 2026-03-12: average MAPE 20.709649, average accuracy 79.290351, across 57 evaluation windows from 2026-04-07 to 2026-06-09.",observed accuracy|observed bias|evaluation window coverage|source identity,drift|trend over time|deterioration|improvement over time|cross metric raw aggregation|invented scenario values,VERIFIED_LOCAL,forecast_substrateBE_ssd_phx_lvwe_metrics,ssd_phx_lvwe_metrics.csv
ssd_phoenix,ssd_phoenix,lv_with_efficiency,not_applicable,not_applicable,forest,NAMP166,2026-03-12,UNKNOWN,pending_d5,partially_available,single_version_accuracy_only,SINGLE_VERSION_ONLY|NO_TARGET_DATE_GRAIN|NO_FORECAST_FACT_TABLE|SHINY_NOT_CONNECTED,"Single retained forecast version, so this is point accuracy for one cycle and not drift.","ssd_phoenix / lv_with_efficiency at forest grain, key NAMP166, forecast version 2026-03-12: average MAPE 31.313333, average accuracy 68.686667, across 57 evaluation windows from 2026-04-07 to 2026-06-09.",observed accuracy|observed bias|evaluation window coverage|source identity,drift|trend over time|deterioration|improvement over time|cross metric raw aggregation|invented scenario values,VERIFIED_LOCAL,forecast_substrateBE_ssd_phx_lvwe_metrics,ssd_phx_lvwe_metrics.csv
ssd_phoenix,ssd_phoenix,lv_with_efficiency,not_applicable,not_applicable,forest,EURPRD02,2026-03-12,UNKNOWN,pending_d5,partially_available,single_version_accuracy_only,SINGLE_VERSION_ONLY|NO_TARGET_DATE_GRAIN|NO_FORECAST_FACT_TABLE|SHINY_NOT_CONNECTED,"Single retained forecast version, so this is point accuracy for one cycle and not drift.","ssd_phoenix / lv_with_efficiency at forest grain, key EURPRD02, forecast version 2026-03-12: average MAPE 29.21, average accuracy 70.79, across 57 evaluation windows from 2026-04-07 to 2026-06-09.",observed accuracy|observed bias|evaluation window coverage|source identity,drift|trend over time|deterioration|improvement over time|cross metric raw aggregation|invented scenario values,VERIFIED_LOCAL,forecast_substrateBE_ssd_phx_lvwe_metrics,ssd_phx_lvwe_metrics.csv
ssd_phoenix,ssd_phoenix,lv_with_efficiency,not_applicable,not_applicable,forest,NAMPRD07,2026-03-12,UNKNOWN,pending_d5,partially_available,single_version_accuracy_only,SINGLE_VERSION_ONLY|NO_TARGET_DATE_GRAIN|NO_FORECAST_FACT_TABLE|SHINY_NOT_CONNECTED,"Single retained forecast version, so this is point accuracy for one cycle and not drift.","ssd_phoenix / lv_with_efficiency at forest grain, key NAMPRD07, forecast version 2026-03-12: average MAPE 4.513333, average accuracy 95.486667, across 57 evaluation windows from 2026-04-07 to 2026-06-09.",observed accuracy|observed bias|evaluation window coverage|source identity,drift|trend over time|deterioration|improvement over time|cross metric raw aggregation|invented scenario values,VERIFIED_LOCAL,forecast_substrateBE_ssd_phx_lvwe_metrics,ssd_phx_lvwe_metrics.csv
ssd_phoenix,ssd_phoenix,lv_with_efficiency,not_applicable,not_applicable,forest,SGPP274,2026-03-12,UNKNOWN,pending_d5,partially_available,single_version_accuracy_only,SINGLE_VERSION_ONLY|NO_TARGET_DATE_GRAIN|NO_FORECAST_FACT_TABLE|SHINY_NOT_CONNECTED,"Single retained forecast version, so this is point accuracy for one cycle and not drift.","ssd_phoenix / lv_with_efficiency at forest grain, key SGPP274, forecast version 2026-03-12: average MAPE 50.026316, average accuracy 49.973684, across 57 evaluation windows from 2026-04-07 to 2026-06-09.",observed accuracy|observed bias|evaluation window coverage|source identity,drift|trend over time|deterioration|improvement over time|cross metric raw aggregation|invented scenario values,VERIFIED_LOCAL,forecast_substrateBE_ssd_phx_lvwe_metrics,ssd_phx_lvwe_metrics.csv
ssd_phoenix,ssd_phoenix,lv_with_efficiency,not_applicable,not_applicable,forest,NAMPRD13,2026-03-12,UNKNOWN,pending_d5,partially_available,single_version_accuracy_only,SINGLE_VERSION_ONLY|NO_TARGET_DATE_GRAIN|NO_FORECAST_FACT_TABLE|SHINY_NOT_CONNECTED,"Single retained forecast version, so this is point accuracy for one cycle and not drift.","ssd_phoenix / lv_with_efficiency at forest grain, key NAMPRD13, forecast version 2026-03-12: average MAPE 4.95614, average accuracy 95.04386, across 57 evaluation windows from 2026-04-07 to 2026-06-09.",observed accuracy|observed bias|evaluation window coverage|source identity,drift|trend over time|deterioration|improvement over time|cross metric raw aggregation|invented scenario values,VERIFIED_LOCAL,forecast_substrateBE_ssd_phx_lvwe_metrics,ssd_phx_lvwe_metrics.csv
ssd_phoenix,ssd_phoenix,lv_with_efficiency,not_applicable,not_applicable,forest,NAMP130,2026-03-12,UNKNOWN,pending_d5,partially_available,single_version_accuracy_only,SINGLE_VERSION_ONLY|NO_TARGET_DATE_GRAIN|NO_FORECAST_FACT_TABLE|SHINY_NOT_CONNECTED,"Single retained forecast version, so this is point accuracy for one cycle and not drift.","ssd_phoenix / lv_with_efficiency at forest grain, key NAMP130, forecast version 2026-03-12: average MAPE 75.494561, average accuracy 24.505439, across 57 evaluation windows from 2026-04-07 to 2026-06-09.",observed accuracy|observed bias|evaluation window coverage|source identity,drift|trend over time|deterioration|improvement over time|cross metric raw aggregation|invented scenario values,VERIFIED_LOCAL,forecast_substrateBE_ssd_phx_lvwe_metrics,ssd_phx_lvwe_metrics.csv
ssd_phoenix,ssd_phoenix,lv_with_efficiency,not_applicable,not_applicable,forest,NORP279,2026-03-12,UNKNOWN,pending_d5,partially_available,single_version_accuracy_only,SINGLE_VERSION_ONLY|NO_TARGET_DATE_GRAIN|NO_FORECAST_FACT_TABLE|SHINY_NOT_CONNECTED,"Single retained forecast version, so this is point accuracy for one cycle and not drift.","ssd_phoenix / lv_with_efficiency at forest grain, key NORP279, forecast version 2026-03-12: average MAPE 39.710877, average accuracy 60.289123, across 57 evaluation windows from 2026-04-07 to 2026-06-09.",observed accuracy|observed bias|evaluation window coverage|source identity,drift|trend over time|deterioration|improvement over time|cross metric raw aggregation|invented scenario values,VERIFIED_LOCAL,forecast_substrateBE_ssd_phx_lvwe_metrics,ssd_phx_lvwe_metrics.csv
ssd_phoenix,ssd_phoenix,lv_with_efficiency,not_applicable,not_applicable,forest,DEUP281,2026-03-12,UNKNOWN,pending_d5,partially_available,single_version_accuracy_only,SINGLE_VERSION_ONLY|NO_TARGET_DATE_GRAIN|NO_FORECAST_FACT_TABLE|SHINY_NOT_CONNECTED,"Single retained forecast version, so this is point accuracy for one cycle and not drift.","ssd_phoenix / lv_with_efficiency at forest grain, key DEUP281, forecast version 2026-03-12: average MAPE 22.813684, average accuracy 77.186316, across 57 evaluation windows from 2026-04-07 to 2026-06-09.",observed accuracy|observed bias|evaluation window coverage|source identity,drift|trend over time|deterioration|improvement over time|cross metric raw aggregation|invented scenario values,VERIFIED_LOCAL,forecast_substrateBE_ssd_phx_lvwe_metrics,ssd_phx_lvwe_metrics.csv
ssd_phoenix,ssd_phoenix,lv_with_efficiency,not_applicable,not_applicable,forest,FRAP264,2026-03-12,UNKNOWN,pending_d5,partially_available,single_version_accuracy_only,SINGLE_VERSION_ONLY|NO_TARGET_DATE_GRAIN|NO_FORECAST_FACT_TABLE|SHINY_NOT_CONNECTED,"Single retained forecast version, so this is point accuracy for one cycle and not drift.","ssd_phoenix / lv_with_efficiency at forest grain, key FRAP264, forecast version 2026-03-12: average MAPE 14.174386, average accuracy 85.825614, across 57 evaluation windows from 2026-04-07 to 2026-06-09.",observed accuracy|observed bias|evaluation window coverage|source identity,drift|trend over time|deterioration|improvement over time|cross metric raw aggregation|invented scenario values,VERIFIED_LOCAL,forecast_substrateBE_ssd_phx_lvwe_metrics,ssd_phx_lvwe_metrics.csv
ssd_phoenix,ssd_phoenix,lv_with_efficiency,not_applicable,not_applicable,forest,EURP176,2026-03-12,UNKNOWN,pending_d5,partially_available,single_version_accuracy_only,SINGLE_VERSION_ONLY|NO_TARGET_DATE_GRAIN|NO_FORECAST_FACT_TABLE|SHINY_NOT_CONNECTED,"Single retained forecast version, so this is point accuracy for one cycle and not drift.","ssd_phoenix / lv_with_efficiency at forest grain, key EURP176, forecast version 2026-03-12: average MAPE 3.971053, average accuracy 96.028947, across 57 evaluation windows from 2026-04-07 to 2026-06-09.",observed accuracy|observed bias|evaluation window coverage|source identity,drift|trend over time|deterioration|improvement over time|cross metric raw aggregation|invented scenario values,VERIFIED_LOCAL,forecast_substrateBE_ssd_phx_lvwe_metrics,ssd_phx_lvwe_metrics.csv
ssd_phoenix,ssd_phoenix,lv_with_efficiency,not_applicable,not_applicable,forest,NAMPRD04,2026-03-12,UNKNOWN,pending_d5,partially_available,single_version_accuracy_only,SINGLE_VERSION_ONLY|NO_TARGET_DATE_GRAIN|NO_FORECAST_FACT_TABLE|SHINY_NOT_CONNECTED,"Single retained forecast version, so this is point accuracy for one cycle and not drift.","ssd_phoenix / lv_with_efficiency at forest grain, key NAMPRD04, forecast version 2026-03-12: average MAPE 24.297018, average accuracy 75.702982, across 57 evaluation windows from 2026-04-07 to 2026-06-09.",observed accuracy|observed bias|evaluation window coverage|source identity,drift|trend over time|deterioration|improvement over time|cross metric raw aggregation|invented scenario values,VERIFIED_LOCAL,forecast_substrateBE_ssd_phx_lvwe_metrics,ssd_phx_lvwe_metrics.csv
ssd_phoenix,ssd_phoenix,lv_with_efficiency,not_applicable,not_applicable,forest,NAMPRD12,2026-03-12,UNKNOWN,pending_d5,partially_available,single_version_accuracy_only,SINGLE_VERSION_ONLY|NO_TARGET_DATE_GRAIN|NO_FORECAST_FACT_TABLE|SHINY_NOT_CONNECTED,"Single retained forecast version, so this is point accuracy for one cycle and not drift.","ssd_phoenix / lv_with_efficiency at forest grain, key NAMPRD12, forecast version 2026-03-12: average MAPE 10.368596, average accuracy 89.631404, across 57 evaluation windows from 2026-04-07 to 2026-06-09.",observed accuracy|observed bias|evaluation window coverage|source identity,drift|trend over time|deterioration|improvement over time|cross metric raw aggregation|invented scenario values,VERIFIED_LOCAL,forecast_substrateBE_ssd_phx_lvwe_metrics,ssd_phx_lvwe_metrics.csv
ssd_phoenix,ssd_phoenix,lv_with_efficiency,not_applicable,not_applicable,forest,NAMPRD08,2026-03-12,UNKNOWN,pending_d5,partially_available,single_version_accuracy_only,SINGLE_VERSION_ONLY|NO_TARGET_DATE_GRAIN|NO_FORECAST_FACT_TABLE|SHINY_NOT_CONNECTED,"Single retained forecast version, so this is point accuracy for one cycle and not drift.","ssd_phoenix / lv_with_efficiency at forest grain, key NAMPRD08, forecast version 2026-03-12: average MAPE 7.23193, average accuracy 92.76807, across 57 evaluation windows from 2026-04-07 to 2026-06-09.",observed accuracy|observed bias|evaluation window coverage|source identity,drift|trend over time|deterioration|improvement over time|cross metric raw aggregation|invented scenario values,VERIFIED_LOCAL,forecast_substrateBE_ssd_phx_lvwe_metrics,ssd_phx_lvwe_metrics.csv
ssd_phoenix,ssd_phoenix,lv_with_efficiency,not_applicable,not_applicable,forest,NAMP109,2026-03-12,UNKNOWN,pending_d5,partially_available,single_version_accuracy_only,SINGLE_VERSION_ONLY|NO_TARGET_DATE_GRAIN|NO_FORECAST_FACT_TABLE|SHINY_NOT_CONNECTED,"Single retained forecast version, so this is point accuracy for one cycle and not drift.","ssd_phoenix / lv_with_efficiency at forest grain, key NAMP109, forecast version 2026-03-12: average MAPE 10.482105, average accuracy 89.517895, across 57 evaluation windows from 2026-04-07 to 2026-06-09.",observed accuracy|observed bias|evaluation window coverage|source identity,drift|trend over time|deterioration|improvement over time|cross metric raw aggregation|invented scenario values,VERIFIED_LOCAL,forecast_substrateBE_ssd_phx_lvwe_metrics,ssd_phx_lvwe_metrics.csv
ssd_phoenix,ssd_phoenix,lv_with_efficiency,not_applicable,not_applicable,forest,NAMPRD15,2026-03-12,UNKNOWN,pending_d5,partially_available,single_version_accuracy_only,SINGLE_VERSION_ONLY|NO_TARGET_DATE_GRAIN|NO_FORECAST_FACT_TABLE|SHINY_NOT_CONNECTED,"Single retained forecast version, so this is point accuracy for one cycle and not drift.","ssd_phoenix / lv_with_efficiency at forest grain, key NAMPRD15, forecast version 2026-03-12: average MAPE 20.000877, average accuracy 79.999123, across 57 evaluation windows from 2026-04-07 to 2026-06-09.",observed accuracy|observed bias|evaluation window coverage|source identity,drift|trend over time|deterioration|improvement over time|cross metric raw aggregation|invented scenario values,VERIFIED_LOCAL,forecast_substrateBE_ssd_phx_lvwe_metrics,ssd_phx_lvwe_metrics.csv
ssd_phoenix,ssd_phoenix,lv_with_efficiency,not_applicable,not_applicable,forest,DNKP307,2026-03-12,UNKNOWN,pending_d5,partially_available,single_version_accuracy_only,SINGLE_VERSION_ONLY|NO_TARGET_DATE_GRAIN|NO_FORECAST_FACT_TABLE|SHINY_NOT_CONNECTED,"Single retained forecast version, so this is point accuracy for one cycle and not drift.","ssd_phoenix / lv_with_efficiency at forest grain, key DNKP307, forecast version 2026-03-12: average MAPE 99.038246, average accuracy 0.961754, across 57 evaluation windows from 2026-04-07 to 2026-06-09.",observed accuracy|observed bias|evaluation window coverage|source identity,drift|trend over time|deterioration|improvement over time|cross metric raw aggregation|invented scenario values,VERIFIED_LOCAL,forecast_substrateBE_ssd_phx_lvwe_metrics,ssd_phx_lvwe_metrics.csv
ssd_phoenix,ssd_phoenix,lv_with_efficiency,not_applicable,not_applicable,forest,CANPRD01,2026-03-12,UNKNOWN,pending_d5,partially_available,single_version_accuracy_only,SINGLE_VERSION_ONLY|NO_TARGET_DATE_GRAIN|NO_FORECAST_FACT_TABLE|SHINY_NOT_CONNECTED,"Single retained forecast version, so this is point accuracy for one cycle and not drift.","ssd_phoenix / lv_with_efficiency at forest grain, key CANPRD01, forecast version 2026-03-12: average MAPE 25.497193, average accuracy 74.502807, across 57 evaluation windows from 2026-04-07 to 2026-06-09.",observed accuracy|observed bias|evaluation window coverage|source identity,drift|trend over time|deterioration|improvement over time|cross metric raw aggregation|invented scenario values,VERIFIED_LOCAL,forecast_substrateBE_ssd_phx_lvwe_metrics,ssd_phx_lvwe_metrics.csv
ssd_phoenix,ssd_phoenix,lv_with_efficiency,not_applicable,not_applicable,forest,NAMP125,2026-03-12,UNKNOWN,pending_d5,partially_available,single_version_accuracy_only,SINGLE_VERSION_ONLY|NO_TARGET_DATE_GRAIN|NO_FORECAST_FACT_TABLE|SHINY_NOT_CONNECTED,"Single retained forecast version, so this is point accuracy for one cycle and not drift.","ssd_phoenix / lv_with_efficiency at forest grain, key NAMP125, forecast version 2026-03-12: average MAPE 61.064561, average accuracy 38.935439, across 57 evaluation windows from 2026-04-07 to 2026-06-09.",observed accuracy|observed bias|evaluation window coverage|source identity,drift|trend over time|deterioration|improvement over time|cross metric raw aggregation|invented scenario values,VERIFIED_LOCAL,forecast_substrateBE_ssd_phx_lvwe_metrics,ssd_phx_lvwe_metrics.csv
ssd_phoenix,ssd_phoenix,lv_with_efficiency,not_applicable,not_applicable,forest,AUSP282,2026-03-12,UNKNOWN,pending_d5,partially_available,single_version_accuracy_only,SINGLE_VERSION_ONLY|NO_TARGET_DATE_GRAIN|NO_FORECAST_FACT_TABLE|SHINY_NOT_CONNECTED,"Single retained forecast version, so this is point accuracy for one cycle and not drift.","ssd_phoenix / lv_with_efficiency at forest grain, key AUSP282, forecast version 2026-03-12: average MAPE 16.211053, average accuracy 83.788947, across 57 evaluation windows from 2026-04-07 to 2026-06-09.",observed accuracy|observed bias|evaluation window coverage|source identity,drift|trend over time|deterioration|improvement over time|cross metric raw aggregation|invented scenario values,VERIFIED_LOCAL,forecast_substrateBE_ssd_phx_lvwe_metrics,ssd_phx_lvwe_metrics.csv
ssd_phoenix,ssd_phoenix,lv_with_efficiency,not_applicable,not_applicable,forest,QATP289,2026-03-12,UNKNOWN,pending_d5,partially_available,single_version_accuracy_only,SINGLE_VERSION_ONLY|NO_TARGET_DATE_GRAIN|NO_FORECAST_FACT_TABLE|SHINY_NOT_CONNECTED,"Single retained forecast version, so this is point accuracy for one cycle and not drift.","ssd_phoenix / lv_with_efficiency at forest grain, key QATP289, forecast version 2026-03-12: average MAPE 135.137368, average accuracy 1.555439, across 57 evaluation windows from 2026-04-07 to 2026-06-09.",observed accuracy|observed bias|evaluation window coverage|source identity,drift|trend over time|deterioration|improvement over time|cross metric raw aggregation|invented scenario values,VERIFIED_LOCAL,forecast_substrateBE_ssd_phx_lvwe_metrics,ssd_phx_lvwe_metrics.csv
ssd_phoenix,ssd_phoenix,lv_with_efficiency,not_applicable,not_applicable,forest,KORP216,2026-03-12,UNKNOWN,pending_d5,partially_available,single_version_accuracy_only,SINGLE_VERSION_ONLY|NO_TARGET_DATE_GRAIN|NO_FORECAST_FACT_TABLE|SHINY_NOT_CONNECTED,"Single retained forecast version, so this is point accuracy for one cycle and not drift.","ssd_phoenix / lv_with_efficiency at forest grain, key KORP216, forecast version 2026-03-12: average MAPE 16.049474, average accuracy 83.950526, across 57 evaluation windows from 2026-04-07 to 2026-06-09.",observed accuracy|observed bias|evaluation window coverage|source identity,drift|trend over time|deterioration|improvement over time|cross metric raw aggregation|invented scenario values,VERIFIED_LOCAL,forecast_substrateBE_ssd_phx_lvwe_metrics,ssd_phx_lvwe_metrics.csv
ssd_phoenix,ssd_phoenix,lv_with_efficiency,not_applicable,not_applicable,forest,SWEP280,2026-03-12,UNKNOWN,pending_d5,partially_available,single_version_accuracy_only,SINGLE_VERSION_ONLY|NO_TARGET_DATE_GRAIN|NO_FORECAST_FACT_TABLE|SHINY_NOT_CONNECTED,"Single retained forecast version, so this is point accuracy for one cycle and not drift.","ssd_phoenix / lv_with_efficiency at forest grain, key SWEP280, forecast version 2026-03-12: average MAPE 38.694035, average accuracy 61.305965, across 57 evaluation windows from 2026-04-07 to 2026-06-09.",observed accuracy|observed bias|evaluation window coverage|source identity,drift|trend over time|deterioration|improvement over time|cross metric raw aggregation|invented scenario values,VERIFIED_LOCAL,forecast_substrateBE_ssd_phx_lvwe_metrics,ssd_phx_lvwe_metrics.csv
ssd_phoenix,ssd_phoenix,lv_with_efficiency,not_applicable,not_applicable,forest,EURP122,2026-03-12,UNKNOWN,pending_d5,partially_available,single_version_accuracy_only,SINGLE_VERSION_ONLY|NO_TARGET_DATE_GRAIN|NO_FORECAST_FACT_TABLE|SHINY_NOT_CONNECTED,"Single retained forecast version, so this is point accuracy for one cycle and not drift.","ssd_phoenix / lv_with_efficiency at forest grain, key EURP122, forecast version 2026-03-12: average MAPE 12.397193, average accuracy 87.602807, across 57 evaluation windows from 2026-04-07 to 2026-06-09.",observed accuracy|observed bias|evaluation window coverage|source identity,drift|trend over time|deterioration|improvement over time|cross metric raw aggregation|invented scenario values,VERIFIED_LOCAL,forecast_substrateBE_ssd_phx_lvwe_metrics,ssd_phx_lvwe_metrics.csv
ssd_phoenix,ssd_phoenix,lv_with_efficiency,not_applicable,not_applicable,forest,NAMPRD84,2026-03-12,UNKNOWN,pending_d5,partially_available,single_version_accuracy_only,SINGLE_VERSION_ONLY|NO_TARGET_DATE_GRAIN|NO_FORECAST_FACT_TABLE|SHINY_NOT_CONNECTED,"Single retained forecast version, so this is point accuracy for one cycle and not drift.","ssd_phoenix / lv_with_efficiency at forest grain, key NAMPRD84, forecast version 2026-03-12: average MAPE 7.06386, average accuracy 92.93614, across 57 evaluation windows from 2026-04-07 to 2026-06-09.",observed accuracy|observed bias|evaluation window coverage|source identity,drift|trend over time|deterioration|improvement over time|cross metric raw aggregation|invented scenario values,VERIFIED_LOCAL,forecast_substrateBE_ssd_phx_lvwe_metrics,ssd_phx_lvwe_metrics.csv
ssd_phoenix,ssd_phoenix,lv_with_efficiency,not_applicable,not_applicable,forest,EURP177,2026-03-12,UNKNOWN,pending_d5,partially_available,single_version_accuracy_only,SINGLE_VERSION_ONLY|NO_TARGET_DATE_GRAIN|NO_FORECAST_FACT_TABLE|SHINY_NOT_CONNECTED,"Single retained forecast version, so this is point accuracy for one cycle and not drift.","ssd_phoenix / lv_with_efficiency at forest grain, key EURP177, forecast version 2026-03-12: average MAPE 13502193.870833, average accuracy 15.4475, across 24 evaluation windows from 2026-04-07 to 2026-05-05.",observed accuracy|observed bias|evaluation window coverage|source identity,drift|trend over time|deterioration|improvement over time|cross metric raw aggregation|invented scenario values,VERIFIED_LOCAL,forecast_substrateBE_ssd_phx_lvwe_metrics,ssd_phx_lvwe_metrics.csv
ssd_phoenix,ssd_phoenix,lv_with_efficiency,not_applicable,not_applicable,forest,EURPRD03,2026-03-12,UNKNOWN,pending_d5,partially_available,single_version_accuracy_only,SINGLE_VERSION_ONLY|NO_TARGET_DATE_GRAIN|NO_FORECAST_FACT_TABLE|SHINY_NOT_CONNECTED,"Single retained forecast version, so this is point accuracy for one cycle and not drift.","ssd_phoenix / lv_with_efficiency at forest grain, key EURPRD03, forecast version 2026-03-12: average MAPE 20.903509, average accuracy 79.096491, across 57 evaluation windows from 2026-04-07 to 2026-06-09.",observed accuracy|observed bias|evaluation window coverage|source identity,drift|trend over time|deterioration|improvement over time|cross metric raw aggregation|invented scenario values,VERIFIED_LOCAL,forecast_substrateBE_ssd_phx_lvwe_metrics,ssd_phx_lvwe_metrics.csv
ssd_phoenix,ssd_phoenix,lv_with_efficiency,not_applicable,not_applicable,forest,EURPRD06,2026-03-12,UNKNOWN,pending_d5,partially_available,single_version_accuracy_only,SINGLE_VERSION_ONLY|NO_TARGET_DATE_GRAIN|NO_FORECAST_FACT_TABLE|SHINY_NOT_CONNECTED,"Single retained forecast version, so this is point accuracy for one cycle and not drift.","ssd_phoenix / lv_with_efficiency at forest grain, key EURPRD06, forecast version 2026-03-12: average MAPE 6.703509, average accuracy 93.296491, across 57 evaluation windows from 2026-04-07 to 2026-06-09.",observed accuracy|observed bias|evaluation window coverage|source identity,drift|trend over time|deterioration|improvement over time|cross metric raw aggregation|invented scenario values,VERIFIED_LOCAL,forecast_substrateBE_ssd_phx_lvwe_metrics,ssd_phx_lvwe_metrics.csv
ssd_phoenix,ssd_phoenix,lv_with_efficiency,not_applicable,not_applicable,forest,EURPRD08,2026-03-12,UNKNOWN,pending_d5,partially_available,single_version_accuracy_only,SINGLE_VERSION_ONLY|NO_TARGET_DATE_GRAIN|NO_FORECAST_FACT_TABLE|SHINY_NOT_CONNECTED,"Single retained forecast version, so this is point accuracy for one cycle and not drift.","ssd_phoenix / lv_with_efficiency at forest grain, key EURPRD08, forecast version 2026-03-12: average MAPE 14.648246, average accuracy 85.351754, across 57 evaluation windows from 2026-04-07 to 2026-06-09.",observed accuracy|observed bias|evaluation window coverage|source identity,drift|trend over time|deterioration|improvement over time|cross metric raw aggregation|invented scenario values,VERIFIED_LOCAL,forecast_substrateBE_ssd_phx_lvwe_metrics,ssd_phx_lvwe_metrics.csv
ssd_phoenix,ssd_phoenix,lv_with_efficiency,not_applicable,not_applicable,forest,GBRP302,2026-03-12,UNKNOWN,pending_d5,partially_available,single_version_accuracy_only,SINGLE_VERSION_ONLY|NO_TARGET_DATE_GRAIN|NO_FORECAST_FACT_TABLE|SHINY_NOT_CONNECTED,"Single retained forecast version, so this is point accuracy for one cycle and not drift.","ssd_phoenix / lv_with_efficiency at forest grain, key GBRP302, forecast version 2026-03-12: average MAPE 27.612281, average accuracy 72.387719, across 57 evaluation windows from 2026-04-07 to 2026-06-09.",observed accuracy|observed bias|evaluation window coverage|source identity,drift|trend over time|deterioration|improvement over time|cross metric raw aggregation|invented scenario values,VERIFIED_LOCAL,forecast_substrateBE_ssd_phx_lvwe_metrics,ssd_phx_lvwe_metrics.csv
ssd_phoenix,ssd_phoenix,lv_with_efficiency,not_applicable,not_applicable,forest,INDP287,2026-03-12,UNKNOWN,pending_d5,partially_available,single_version_accuracy_only,SINGLE_VERSION_ONLY|NO_TARGET_DATE_GRAIN|NO_FORECAST_FACT_TABLE|SHINY_NOT_CONNECTED,"Single retained forecast version, so this is point accuracy for one cycle and not drift.","ssd_phoenix / lv_with_efficiency at forest grain, key INDP287, forecast version 2026-03-12: average MAPE 8.81386, average accuracy 91.18614, across 57 evaluation windows from 2026-04-07 to 2026-06-09.",observed accuracy|observed bias|evaluation window coverage|source identity,drift|trend over time|deterioration|improvement over time|cross metric raw aggregation|invented scenario values,VERIFIED_LOCAL,forecast_substrateBE_ssd_phx_lvwe_metrics,ssd_phx_lvwe_metrics.csv
ssd_phoenix,ssd_phoenix,lv_with_efficiency,not_applicable,not_applicable,forest,LAMPRD80,2026-03-12,UNKNOWN,pending_d5,partially_available,single_version_accuracy_only,SINGLE_VERSION_ONLY|NO_TARGET_DATE_GRAIN|NO_FORECAST_FACT_TABLE|SHINY_NOT_CONNECTED,"Single retained forecast version, so this is point accuracy for one cycle and not drift.","ssd_phoenix / lv_with_efficiency at forest grain, key LAMPRD80, forecast version 2026-03-12: average MAPE 14.041053, average accuracy 85.958947, across 57 evaluation windows from 2026-04-07 to 2026-06-09.",observed accuracy|observed bias|evaluation window coverage|source identity,drift|trend over time|deterioration|improvement over time|cross metric raw aggregation|invented scenario values,VERIFIED_LOCAL,forecast_substrateBE_ssd_phx_lvwe_metrics,ssd_phx_lvwe_metrics.csv
ssd_phoenix,ssd_phoenix,lv_with_efficiency,not_applicable,not_applicable,forest,NAMP133,2026-03-12,UNKNOWN,pending_d5,partially_available,single_version_accuracy_only,SINGLE_VERSION_ONLY|NO_TARGET_DATE_GRAIN|NO_FORECAST_FACT_TABLE|SHINY_NOT_CONNECTED,"Single retained forecast version, so this is point accuracy for one cycle and not drift.","ssd_phoenix / lv_with_efficiency at forest grain, key NAMP133, forecast version 2026-03-12: average MAPE 17.320877, average accuracy 82.679123, across 57 evaluation windows from 2026-04-07 to 2026-06-09.",observed accuracy|observed bias|evaluation window coverage|source identity,drift|trend over time|deterioration|improvement over time|cross metric raw aggregation|invented scenario values,VERIFIED_LOCAL,forecast_substrateBE_ssd_phx_lvwe_metrics,ssd_phx_lvwe_metrics.csv
ssd_phoenix,ssd_phoenix,lv_with_efficiency,not_applicable,not_applicable,forest,NAMP171,2026-03-12,UNKNOWN,pending_d5,partially_available,single_version_accuracy_only,SINGLE_VERSION_ONLY|NO_TARGET_DATE_GRAIN|NO_FORECAST_FACT_TABLE|SHINY_NOT_CONNECTED,"Single retained forecast version, so this is point accuracy for one cycle and not drift.","ssd_phoenix / lv_with_efficiency at forest grain, key NAMP171, forecast version 2026-03-12: average MAPE 6.44614, average accuracy 93.55386, across 57 evaluation windows from 2026-04-07 to 2026-06-09.",observed accuracy|observed bias|evaluation window coverage|source identity,drift|trend over time|deterioration|improvement over time|cross metric raw aggregation|invented scenario values,VERIFIED_LOCAL,forecast_substrateBE_ssd_phx_lvwe_metrics,ssd_phx_lvwe_metrics.csv
ssd_phoenix,ssd_phoenix,lv_with_efficiency,not_applicable,not_applicable,forest,NAMPRD01,2026-03-12,UNKNOWN,pending_d5,partially_available,single_version_accuracy_only,SINGLE_VERSION_ONLY|NO_TARGET_DATE_GRAIN|NO_FORECAST_FACT_TABLE|SHINY_NOT_CONNECTED,"Single retained forecast version, so this is point accuracy for one cycle and not drift.","ssd_phoenix / lv_with_efficiency at forest grain, key NAMPRD01, forecast version 2026-03-12: average MAPE 27.322982, average accuracy 72.677018, across 57 evaluation windows from 2026-04-07 to 2026-06-09.",observed accuracy|observed bias|evaluation window coverage|source identity,drift|trend over time|deterioration|improvement over time|cross metric raw aggregation|invented scenario values,VERIFIED_LOCAL,forecast_substrateBE_ssd_phx_lvwe_metrics,ssd_phx_lvwe_metrics.csv
ssd_phoenix,ssd_phoenix,lv_with_efficiency,not_applicable,not_applicable,forest,NAMPRD85,2026-03-12,UNKNOWN,pending_d5,partially_available,single_version_accuracy_only,SINGLE_VERSION_ONLY|NO_TARGET_DATE_GRAIN|NO_FORECAST_FACT_TABLE|SHINY_NOT_CONNECTED,"Single retained forecast version, so this is point accuracy for one cycle and not drift.","ssd_phoenix / lv_with_efficiency at forest grain, key NAMPRD85, forecast version 2026-03-12: average MAPE 57.86807, average accuracy 42.13193, across 57 evaluation windows from 2026-04-07 to 2026-06-09.",observed accuracy|observed bias|evaluation window coverage|source identity,drift|trend over time|deterioration|improvement over time|cross metric raw aggregation|invented scenario values,VERIFIED_LOCAL,forecast_substrateBE_ssd_phx_lvwe_metrics,ssd_phx_lvwe_metrics.csv
ssd_phoenix,ssd_phoenix,lv_no_efficiency,not_applicable,not_applicable,forest,KORP216,2026-03-12,UNKNOWN,pending_d5,partially_available,single_version_accuracy_only,SINGLE_VERSION_ONLY|NO_TARGET_DATE_GRAIN|NO_FORECAST_FACT_TABLE|SHINY_NOT_CONNECTED,"Single retained forecast version, so this is point accuracy for one cycle and not drift.","ssd_phoenix / lv_no_efficiency at forest grain, key KORP216, forecast version 2026-03-12: average MAPE 15.930862, average accuracy 84.069138, across 58 evaluation windows from 2026-04-03 to 2026-06-09.",observed accuracy|observed bias|evaluation window coverage|source identity,drift|trend over time|deterioration|improvement over time|cross metric raw aggregation|invented scenario values,VERIFIED_LOCAL,forecast_substrateBE_ssd_phx_lvne_metrics,ssd_phx_lvne_metrics.csv
ssd_phoenix,ssd_phoenix,lv_no_efficiency,not_applicable,not_applicable,forest,NAMP134,2026-03-12,UNKNOWN,pending_d5,partially_available,single_version_accuracy_only,SINGLE_VERSION_ONLY|NO_TARGET_DATE_GRAIN|NO_FORECAST_FACT_TABLE|SHINY_NOT_CONNECTED,"Single retained forecast version, so this is point accuracy for one cycle and not drift.","ssd_phoenix / lv_no_efficiency at forest grain, key NAMP134, forecast version 2026-03-12: average MAPE 40.768276, average accuracy 59.231724, across 58 evaluation windows from 2026-04-03 to 2026-06-09.",observed accuracy|observed bias|evaluation window coverage|source identity,drift|trend over time|deterioration|improvement over time|cross metric raw aggregation|invented scenario values,VERIFIED_LOCAL,forecast_substrateBE_ssd_phx_lvne_metrics,ssd_phx_lvne_metrics.csv
ssd_phoenix,ssd_phoenix,lv_no_efficiency,not_applicable,not_applicable,forest,AUTP296,2026-03-12,UNKNOWN,pending_d5,partially_available,single_version_accuracy_only,SINGLE_VERSION_ONLY|NO_TARGET_DATE_GRAIN|NO_FORECAST_FACT_TABLE|SHINY_NOT_CONNECTED,"Single retained forecast version, so this is point accuracy for one cycle and not drift.","ssd_phoenix / lv_no_efficiency at forest grain, key AUTP296, forecast version 2026-03-12: average MAPE 45.170517, average accuracy 54.829483, across 58 evaluation windows from 2026-04-03 to 2026-06-09.",observed accuracy|observed bias|evaluation window coverage|source identity,drift|trend over time|deterioration|improvement over time|cross metric raw aggregation|invented scenario values,VERIFIED_LOCAL,forecast_substrateBE_ssd_phx_lvne_metrics,ssd_phx_lvne_metrics.csv
ssd_phoenix,ssd_phoenix,lv_no_efficiency,not_applicable,not_applicable,forest,EURP137,2026-03-12,UNKNOWN,pending_d5,partially_available,single_version_accuracy_only,SINGLE_VERSION_ONLY|NO_TARGET_DATE_GRAIN|NO_FORECAST_FACT_TABLE|SHINY_NOT_CONNECTED,"Single retained forecast version, so this is point accuracy for one cycle and not drift.","ssd_phoenix / lv_no_efficiency at forest grain, key EURP137, forecast version 2026-03-12: average MAPE 9486.43569, average accuracy 0.0, across 58 evaluation windows from 2026-04-03 to 2026-06-09.",observed accuracy|observed bias|evaluation window coverage|source identity,drift|trend over time|deterioration|improvement over time|cross metric raw aggregation|invented scenario values,VERIFIED_LOCAL,forecast_substrateBE_ssd_phx_lvne_metrics,ssd_phx_lvne_metrics.csv
ssd_phoenix,ssd_phoenix,lv_no_efficiency,not_applicable,not_applicable,forest,AUSPRD01,2026-03-12,UNKNOWN,pending_d5,partially_available,single_version_accuracy_only,SINGLE_VERSION_ONLY|NO_TARGET_DATE_GRAIN|NO_FORECAST_FACT_TABLE|SHINY_NOT_CONNECTED,"Single retained forecast version, so this is point accuracy for one cycle and not drift.","ssd_phoenix / lv_no_efficiency at forest grain, key AUSPRD01, forecast version 2026-03-12: average MAPE 16.997759, average accuracy 83.002241, across 58 evaluation windows from 2026-04-03 to 2026-06-09.",observed accuracy|observed bias|evaluation window coverage|source identity,drift|trend over time|deterioration|improvement over time|cross metric raw aggregation|invented scenario values,VERIFIED_LOCAL,forecast_substrateBE_ssd_phx_lvne_metrics,ssd_phx_lvne_metrics.csv
ssd_phoenix,ssd_phoenix,lv_no_efficiency,not_applicable,not_applicable,forest,EURP122,2026-03-12,UNKNOWN,pending_d5,partially_available,single_version_accuracy_only,SINGLE_VERSION_ONLY|NO_TARGET_DATE_GRAIN|NO_FORECAST_FACT_TABLE|SHINY_NOT_CONNECTED,"Single retained forecast version, so this is point accuracy for one cycle and not drift.","ssd_phoenix / lv_no_efficiency at forest grain, key EURP122, forecast version 2026-03-12: average MAPE 12.385345, average accuracy 87.614655, across 58 evaluation windows from 2026-04-03 to 2026-06-09.",observed accuracy|observed bias|evaluation window coverage|source identity,drift|trend over time|deterioration|improvement over time|cross metric raw aggregation|invented scenario values,VERIFIED_LOCAL,forecast_substrateBE_ssd_phx_lvne_metrics,ssd_phx_lvne_metrics.csv
ssd_phoenix,ssd_phoenix,lv_no_efficiency,not_applicable,not_applicable,forest,BRAP284,2026-03-12,UNKNOWN,pending_d5,partially_available,single_version_accuracy_only,SINGLE_VERSION_ONLY|NO_TARGET_DATE_GRAIN|NO_FORECAST_FACT_TABLE|SHINY_NOT_CONNECTED,"Single retained forecast version, so this is point accuracy for one cycle and not drift.","ssd_phoenix / lv_no_efficiency at forest grain, key BRAP284, forecast version 2026-03-12: average MAPE 17.477069, average accuracy 82.522931, across 58 evaluation windows from 2026-04-03 to 2026-06-09.",observed accuracy|observed bias|evaluation window coverage|source identity,drift|trend over time|deterioration|improvement over time|cross metric raw aggregation|invented scenario values,VERIFIED_LOCAL,forecast_substrateBE_ssd_phx_lvne_metrics,ssd_phx_lvne_metrics.csv
ssd_phoenix,ssd_phoenix,lv_no_efficiency,not_applicable,not_applicable,forest,EURP250,2026-03-12,UNKNOWN,pending_d5,partially_available,single_version_accuracy_only,SINGLE_VERSION_ONLY|NO_TARGET_DATE_GRAIN|NO_FORECAST_FACT_TABLE|SHINY_NOT_CONNECTED,"Single retained forecast version, so this is point accuracy for one cycle and not drift.","ssd_phoenix / lv_no_efficiency at forest grain, key EURP250, forecast version 2026-03-12: average MAPE 15.558276, average accuracy 84.441724, across 58 evaluation windows from 2026-04-03 to 2026-06-09.",observed accuracy|observed bias|evaluation window coverage|source identity,drift|trend over time|deterioration|improvement over time|cross metric raw aggregation|invented scenario values,VERIFIED_LOCAL,forecast_substrateBE_ssd_phx_lvne_metrics,ssd_phx_lvne_metrics.csv
ssd_phoenix,ssd_phoenix,lv_no_efficiency,not_applicable,not_applicable,forest,NAMP163,2026-03-12,UNKNOWN,pending_d5,partially_available,single_version_accuracy_only,SINGLE_VERSION_ONLY|NO_TARGET_DATE_GRAIN|NO_FORECAST_FACT_TABLE|SHINY_NOT_CONNECTED,"Single retained forecast version, so this is point accuracy for one cycle and not drift.","ssd_phoenix / lv_no_efficiency at forest grain, key NAMP163, forecast version 2026-03-12: average MAPE 15.068448, average accuracy 84.931552, across 58 evaluation windows from 2026-04-03 to 2026-06-09.",observed accuracy|observed bias|evaluation window coverage|source identity,drift|trend over time|deterioration|improvement over time|cross metric raw aggregation|invented scenario values,VERIFIED_LOCAL,forecast_substrateBE_ssd_phx_lvne_metrics,ssd_phx_lvne_metrics.csv
ssd_phoenix,ssd_phoenix,lv_no_efficiency,not_applicable,not_applicable,forest,AUSP282,2026-03-12,UNKNOWN,pending_d5,partially_available,single_version_accuracy_only,SINGLE_VERSION_ONLY|NO_TARGET_DATE_GRAIN|NO_FORECAST_FACT_TABLE|SHINY_NOT_CONNECTED,"Single retained forecast version, so this is point accuracy for one cycle and not drift.","ssd_phoenix / lv_no_efficiency at forest grain, key AUSP282, forecast version 2026-03-12: average MAPE 16.151552, average accuracy 83.848448, across 58 evaluation windows from 2026-04-03 to 2026-06-09.",observed accuracy|observed bias|evaluation window coverage|source identity,drift|trend over time|deterioration|improvement over time|cross metric raw aggregation|invented scenario values,VERIFIED_LOCAL,forecast_substrateBE_ssd_phx_lvne_metrics,ssd_phx_lvne_metrics.csv
ssd_phoenix,ssd_phoenix,lv_no_efficiency,not_applicable,not_applicable,forest,EURP107,2026-03-12,UNKNOWN,pending_d5,partially_available,single_version_accuracy_only,SINGLE_VERSION_ONLY|NO_TARGET_DATE_GRAIN|NO_FORECAST_FACT_TABLE|SHINY_NOT_CONNECTED,"Single retained forecast version, so this is point accuracy for one cycle and not drift.","ssd_phoenix / lv_no_efficiency at forest grain, key EURP107, forecast version 2026-03-12: average MAPE 32.238276, average accuracy 67.761724, across 58 evaluation windows from 2026-04-03 to 2026-06-09.",observed accuracy|observed bias|evaluation window coverage|source identity,drift|trend over time|deterioration|improvement over time|cross metric raw aggregation|invented scenario values,VERIFIED_LOCAL,forecast_substrateBE_ssd_phx_lvne_metrics,ssd_phx_lvne_metrics.csv
ssd_phoenix,ssd_phoenix,lv_no_efficiency,not_applicable,not_applicable,forest,GBRP265,2026-03-12,UNKNOWN,pending_d5,partially_available,single_version_accuracy_only,SINGLE_VERSION_ONLY|NO_TARGET_DATE_GRAIN|NO_FORECAST_FACT_TABLE|SHINY_NOT_CONNECTED,"Single retained forecast version, so this is point accuracy for one cycle and not drift.","ssd_phoenix / lv_no_efficiency at forest grain, key GBRP265, forecast version 2026-03-12: average MAPE 48.289483, average accuracy 51.710517, across 58 evaluation windows from 2026-04-03 to 2026-06-09.",observed accuracy|observed bias|evaluation window coverage|source identity,drift|trend over time|deterioration|improvement over time|cross metric raw aggregation|invented scenario values,VERIFIED_LOCAL,forecast_substrateBE_ssd_phx_lvne_metrics,ssd_phx_lvne_metrics.csv
ssd_phoenix,ssd_phoenix,lv_no_efficiency,not_applicable,not_applicable,forest,APCPRD04,2026-03-12,UNKNOWN,pending_d5,partially_available,single_version_accuracy_only,SINGLE_VERSION_ONLY|NO_TARGET_DATE_GRAIN|NO_FORECAST_FACT_TABLE|SHINY_NOT_CONNECTED,"Single retained forecast version, so this is point accuracy for one cycle and not drift.","ssd_phoenix / lv_no_efficiency at forest grain, key APCPRD04, forecast version 2026-03-12: average MAPE 20.639138, average accuracy 79.360862, across 58 evaluation windows from 2026-04-03 to 2026-06-09.",observed accuracy|observed bias|evaluation window coverage|source identity,drift|trend over time|deterioration|improvement over time|cross metric raw aggregation|invented scenario values,VERIFIED_LOCAL,forecast_substrateBE_ssd_phx_lvne_metrics,ssd_phx_lvne_metrics.csv
ssd_phoenix,ssd_phoenix,lv_no_efficiency,not_applicable,not_applicable,forest,NAMPRD08,2026-03-12,UNKNOWN,pending_d5,partially_available,single_version_accuracy_only,SINGLE_VERSION_ONLY|NO_TARGET_DATE_GRAIN|NO_FORECAST_FACT_TABLE|SHINY_NOT_CONNECTED,"Single retained forecast version, so this is point accuracy for one cycle and not drift.","ssd_phoenix / lv_no_efficiency at forest grain, key NAMPRD08, forecast version 2026-03-12: average MAPE 7.196034, average accuracy 92.803966, across 58 evaluation windows from 2026-04-03 to 2026-06-09.",observed accuracy|observed bias|evaluation window coverage|source identity,drift|trend over time|deterioration|improvement over time|cross metric raw aggregation|invented scenario values,VERIFIED_LOCAL,forecast_substrateBE_ssd_phx_lvne_metrics,ssd_phx_lvne_metrics.csv
ssd_phoenix,ssd_phoenix,lv_no_efficiency,not_applicable,not_applicable,forest,EURPRD08,2026-03-12,UNKNOWN,pending_d5,partially_available,single_version_accuracy_only,SINGLE_VERSION_ONLY|NO_TARGET_DATE_GRAIN|NO_FORECAST_FACT_TABLE|SHINY_NOT_CONNECTED,"Single retained forecast version, so this is point accuracy for one cycle and not drift.","ssd_phoenix / lv_no_efficiency at forest grain, key EURPRD08, forecast version 2026-03-12: average MAPE 14.611552, average accuracy 85.388448, across 58 evaluation windows from 2026-04-03 to 2026-06-09.",observed accuracy|observed bias|evaluation window coverage|source identity,drift|trend over time|deterioration|improvement over time|cross metric raw aggregation|invented scenario values,VERIFIED_LOCAL,forecast_substrateBE_ssd_phx_lvne_metrics,ssd_phx_lvne_metrics.csv
ssd_phoenix,ssd_phoenix,lv_no_efficiency,not_applicable,not_applicable,forest,CANP288,2026-03-12,UNKNOWN,pending_d5,partially_available,single_version_accuracy_only,SINGLE_VERSION_ONLY|NO_TARGET_DATE_GRAIN|NO_FORECAST_FACT_TABLE|SHINY_NOT_CONNECTED,"Single retained forecast version, so this is point accuracy for one cycle and not drift.","ssd_phoenix / lv_no_efficiency at forest grain, key CANP288, forecast version 2026-03-12: average MAPE 6.145862, average accuracy 93.854138, across 58 evaluation windows from 2026-04-03 to 2026-06-09.",observed accuracy|observed bias|evaluation window coverage|source identity,drift|trend over time|deterioration|improvement over time|cross metric raw aggregation|invented scenario values,VERIFIED_LOCAL,forecast_substrateBE_ssd_phx_lvne_metrics,ssd_phx_lvne_metrics.csv
ssd_phoenix,ssd_phoenix,lv_no_efficiency,not_applicable,not_applicable,forest,NAMPRD02,2026-03-12,UNKNOWN,pending_d5,partially_available,single_version_accuracy_only,SINGLE_VERSION_ONLY|NO_TARGET_DATE_GRAIN|NO_FORECAST_FACT_TABLE|SHINY_NOT_CONNECTED,"Single retained forecast version, so this is point accuracy for one cycle and not drift.","ssd_phoenix / lv_no_efficiency at forest grain, key NAMPRD02, forecast version 2026-03-12: average MAPE 14.056379, average accuracy 85.943621, across 58 evaluation windows from 2026-04-03 to 2026-06-09.",observed accuracy|observed bias|evaluation window coverage|source identity,drift|trend over time|deterioration|improvement over time|cross metric raw aggregation|invented scenario values,VERIFIED_LOCAL,forecast_substrateBE_ssd_phx_lvne_metrics,ssd_phx_lvne_metrics.csv
ssd_phoenix,ssd_phoenix,lv_no_efficiency,not_applicable,not_applicable,forest,NAMP125,2026-03-12,UNKNOWN,pending_d5,partially_available,single_version_accuracy_only,SINGLE_VERSION_ONLY|NO_TARGET_DATE_GRAIN|NO_FORECAST_FACT_TABLE|SHINY_NOT_CONNECTED,"Single retained forecast version, so this is point accuracy for one cycle and not drift.","ssd_phoenix / lv_no_efficiency at forest grain, key NAMP125, forecast version 2026-03-12: average MAPE 60.80569, average accuracy 39.19431, across 58 evaluation windows from 2026-04-03 to 2026-06-09.",observed accuracy|observed bias|evaluation window coverage|source identity,drift|trend over time|deterioration|improvement over time|cross metric raw aggregation|invented scenario values,VERIFIED_LOCAL,forecast_substrateBE_ssd_phx_lvne_metrics,ssd_phx_lvne_metrics.csv
ssd_phoenix,ssd_phoenix,lv_no_efficiency,not_applicable,not_applicable,forest,CHLP298,2026-03-12,UNKNOWN,pending_d5,partially_available,single_version_accuracy_only,SINGLE_VERSION_ONLY|NO_TARGET_DATE_GRAIN|NO_FORECAST_FACT_TABLE|SHINY_NOT_CONNECTED,"Single retained forecast version, so this is point accuracy for one cycle and not drift.","ssd_phoenix / lv_no_efficiency at forest grain, key CHLP298, forecast version 2026-03-12: average MAPE 67.050172, average accuracy 32.949828, across 58 evaluation windows from 2026-04-03 to 2026-06-09.",observed accuracy|observed bias|evaluation window coverage|source identity,drift|trend over time|deterioration|improvement over time|cross metric raw aggregation|invented scenario values,VERIFIED_LOCAL,forecast_substrateBE_ssd_phx_lvne_metrics,ssd_phx_lvne_metrics.csv
ssd_phoenix,ssd_phoenix,lv_no_efficiency,not_applicable,not_applicable,forest,NAMP170,2026-03-12,UNKNOWN,pending_d5,partially_available,single_version_accuracy_only,SINGLE_VERSION_ONLY|NO_TARGET_DATE_GRAIN|NO_FORECAST_FACT_TABLE|SHINY_NOT_CONNECTED,"Single retained forecast version, so this is point accuracy for one cycle and not drift.","ssd_phoenix / lv_no_efficiency at forest grain, key NAMP170, forecast version 2026-03-12: average MAPE 29.555517, average accuracy 70.444483, across 58 evaluation windows from 2026-04-03 to 2026-06-09.",observed accuracy|observed bias|evaluation window coverage|source identity,drift|trend over time|deterioration|improvement over time|cross metric raw aggregation|invented scenario values,VERIFIED_LOCAL,forecast_substrateBE_ssd_phx_lvne_metrics,ssd_phx_lvne_metrics.csv
ssd_phoenix,ssd_phoenix,lv_no_efficiency,not_applicable,not_applicable,forest,EURP138,2026-03-12,UNKNOWN,pending_d5,partially_available,single_version_accuracy_only,SINGLE_VERSION_ONLY|NO_TARGET_DATE_GRAIN|NO_FORECAST_FACT_TABLE|SHINY_NOT_CONNECTED,"Single retained forecast version, so this is point accuracy for one cycle and not drift.","ssd_phoenix / lv_no_efficiency at forest grain, key EURP138, forecast version 2026-03-12: average MAPE 9.683448, average accuracy 90.316552, across 58 evaluation windows from 2026-04-03 to 2026-06-09.",observed accuracy|observed bias|evaluation window coverage|source identity,drift|trend over time|deterioration|improvement over time|cross metric raw aggregation|invented scenario values,VERIFIED_LOCAL,forecast_substrateBE_ssd_phx_lvne_metrics,ssd_phx_lvne_metrics.csv
ssd_phoenix,ssd_phoenix,lv_no_efficiency,not_applicable,not_applicable,forest,NAMPRD05,2026-03-12,UNKNOWN,pending_d5,partially_available,single_version_accuracy_only,SINGLE_VERSION_ONLY|NO_TARGET_DATE_GRAIN|NO_FORECAST_FACT_TABLE|SHINY_NOT_CONNECTED,"Single retained forecast version, so this is point accuracy for one cycle and not drift.","ssd_phoenix / lv_no_efficiency at forest grain, key NAMPRD05, forecast version 2026-03-12: average MAPE 8.509138, average accuracy 91.490862, across 58 evaluation windows from 2026-04-03 to 2026-06-09.",observed accuracy|observed bias|evaluation window coverage|source identity,drift|trend over time|deterioration|improvement over time|cross metric raw aggregation|invented scenario values,VERIFIED_LOCAL,forecast_substrateBE_ssd_phx_lvne_metrics,ssd_phx_lvne_metrics.csv
ssd_phoenix,ssd_phoenix,lv_no_efficiency,not_applicable,not_applicable,forest,APCPRD06,2026-03-12,UNKNOWN,pending_d5,partially_available,single_version_accuracy_only,SINGLE_VERSION_ONLY|NO_TARGET_DATE_GRAIN|NO_FORECAST_FACT_TABLE|SHINY_NOT_CONNECTED,"Single retained forecast version, so this is point accuracy for one cycle and not drift.","ssd_phoenix / lv_no_efficiency at forest grain, key APCPRD06, forecast version 2026-03-12: average MAPE 9.164655, average accuracy 90.835345, across 58 evaluation windows from 2026-04-03 to 2026-06-09.",observed accuracy|observed bias|evaluation window coverage|source identity,drift|trend over time|deterioration|improvement over time|cross metric raw aggregation|invented scenario values,VERIFIED_LOCAL,forecast_substrateBE_ssd_phx_lvne_metrics,ssd_phx_lvne_metrics.csv
ssd_phoenix,ssd_phoenix,lv_no_efficiency,not_applicable,not_applicable,forest,ESPP292,2026-03-12,UNKNOWN,pending_d5,partially_available,single_version_accuracy_only,SINGLE_VERSION_ONLY|NO_TARGET_DATE_GRAIN|NO_FORECAST_FACT_TABLE|SHINY_NOT_CONNECTED,"Single retained forecast version, so this is point accuracy for one cycle and not drift.","ssd_phoenix / lv_no_efficiency at forest grain, key ESPP292, forecast version 2026-03-12: average MAPE 16.327931, average accuracy 83.672069, across 58 evaluation windows from 2026-04-03 to 2026-06-09.",observed accuracy|observed bias|evaluation window coverage|source identity,drift|trend over time|deterioration|improvement over time|cross metric raw aggregation|invented scenario values,VERIFIED_LOCAL,forecast_substrateBE_ssd_phx_lvne_metrics,ssd_phx_lvne_metrics.csv
ssd_phoenix,ssd_phoenix,lv_no_efficiency,not_applicable,not_applicable,forest,JPNPRD01,2026-03-12,UNKNOWN,pending_d5,partially_available,single_version_accuracy_only,SINGLE_VERSION_ONLY|NO_TARGET_DATE_GRAIN|NO_FORECAST_FACT_TABLE|SHINY_NOT_CONNECTED,"Single retained forecast version, so this is point accuracy for one cycle and not drift.","ssd_phoenix / lv_no_efficiency at forest grain, key JPNPRD01, forecast version 2026-03-12: average MAPE 7.806034, average accuracy 92.193966, across 58 evaluation windows from 2026-04-03 to 2026-06-09.",observed accuracy|observed bias|evaluation window coverage|source identity,drift|trend over time|deterioration|improvement over time|cross metric raw aggregation|invented scenario values,VERIFIED_LOCAL,forecast_substrateBE_ssd_phx_lvne_metrics,ssd_phx_lvne_metrics.csv
ssd_phoenix,ssd_phoenix,lv_no_efficiency,not_applicable,not_applicable,forest,APCP150,2026-03-12,UNKNOWN,pending_d5,partially_available,single_version_accuracy_only,SINGLE_VERSION_ONLY|NO_TARGET_DATE_GRAIN|NO_FORECAST_FACT_TABLE|SHINY_NOT_CONNECTED,"Single retained forecast version, so this is point accuracy for one cycle and not drift.","ssd_phoenix / lv_no_efficiency at forest grain, key APCP150, forecast version 2026-03-12: average MAPE 1010.825, average accuracy 0.0, across 58 evaluation windows from 2026-04-03 to 2026-06-09.",observed accuracy|observed bias|evaluation window coverage|source identity,drift|trend over time|deterioration|improvement over time|cross metric raw aggregation|invented scenario values,VERIFIED_LOCAL,forecast_substrateBE_ssd_phx_lvne_metrics,ssd_phx_lvne_metrics.csv
ssd_phoenix,ssd_phoenix,lv_no_efficiency,not_applicable,not_applicable,forest,EURP120,2026-03-12,UNKNOWN,pending_d5,partially_available,single_version_accuracy_only,SINGLE_VERSION_ONLY|NO_TARGET_DATE_GRAIN|NO_FORECAST_FACT_TABLE|SHINY_NOT_CONNECTED,"Single retained forecast version, so this is point accuracy for one cycle and not drift.","ssd_phoenix / lv_no_efficiency at forest grain, key EURP120, forecast version 2026-03-12: average MAPE 5.64569, average accuracy 94.35431, across 58 evaluation windows from 2026-04-03 to 2026-06-09.",observed accuracy|observed bias|evaluation window coverage|source identity,drift|trend over time|deterioration|improvement over time|cross metric raw aggregation|invented scenario values,VERIFIED_LOCAL,forecast_substrateBE_ssd_phx_lvne_metrics,ssd_phx_lvne_metrics.csv
ssd_phoenix,ssd_phoenix,lv_no_efficiency,not_applicable,not_applicable,forest,EURP195,2026-03-12,UNKNOWN,pending_d5,partially_available,single_version_accuracy_only,SINGLE_VERSION_ONLY|NO_TARGET_DATE_GRAIN|NO_FORECAST_FACT_TABLE|SHINY_NOT_CONNECTED,"Single retained forecast version, so this is point accuracy for one cycle and not drift.","ssd_phoenix / lv_no_efficiency at forest grain, key EURP195, forecast version 2026-03-12: average MAPE 8.747586, average accuracy 91.252414, across 58 evaluation windows from 2026-04-03 to 2026-06-09.",observed accuracy|observed bias|evaluation window coverage|source identity,drift|trend over time|deterioration|improvement over time|cross metric raw aggregation|invented scenario values,VERIFIED_LOCAL,forecast_substrateBE_ssd_phx_lvne_metrics,ssd_phx_lvne_metrics.csv
ssd_phoenix,ssd_phoenix,lv_no_efficiency,not_applicable,not_applicable,forest,EURP178,2026-03-12,UNKNOWN,pending_d5,partially_available,single_version_accuracy_only,SINGLE_VERSION_ONLY|NO_TARGET_DATE_GRAIN|NO_FORECAST_FACT_TABLE|SHINY_NOT_CONNECTED,"Single retained forecast version, so this is point accuracy for one cycle and not drift.","ssd_phoenix / lv_no_efficiency at forest grain, key EURP178, forecast version 2026-03-12: average MAPE 238.604483, average accuracy 0.0, across 58 evaluation windows from 2026-04-03 to 2026-06-09.",observed accuracy|observed bias|evaluation window coverage|source identity,drift|trend over time|deterioration|improvement over time|cross metric raw aggregation|invented scenario values,VERIFIED_LOCAL,forecast_substrateBE_ssd_phx_lvne_metrics,ssd_phx_lvne_metrics.csv
ssd_phoenix,ssd_phoenix,lv_no_efficiency,not_applicable,not_applicable,forest,LAMP152,2026-03-12,UNKNOWN,pending_d5,partially_available,single_version_accuracy_only,SINGLE_VERSION_ONLY|NO_TARGET_DATE_GRAIN|NO_FORECAST_FACT_TABLE|SHINY_NOT_CONNECTED,"Single retained forecast version, so this is point accuracy for one cycle and not drift.","ssd_phoenix / lv_no_efficiency at forest grain, key LAMP152, forecast version 2026-03-12: average MAPE 11.523448, average accuracy 88.476552, across 58 evaluation windows from 2026-04-03 to 2026-06-09.",observed accuracy|observed bias|evaluation window coverage|source identity,drift|trend over time|deterioration|improvement over time|cross metric raw aggregation|invented scenario values,VERIFIED_LOCAL,forecast_substrateBE_ssd_phx_lvne_metrics,ssd_phx_lvne_metrics.csv
ssd_phoenix,ssd_phoenix,lv_no_efficiency,not_applicable,not_applicable,forest,EURPRD09,2026-03-12,UNKNOWN,pending_d5,partially_available,single_version_accuracy_only,SINGLE_VERSION_ONLY|NO_TARGET_DATE_GRAIN|NO_FORECAST_FACT_TABLE|SHINY_NOT_CONNECTED,"Single retained forecast version, so this is point accuracy for one cycle and not drift.","ssd_phoenix / lv_no_efficiency at forest grain, key EURPRD09, forecast version 2026-03-12: average MAPE 21.079483, average accuracy 78.920517, across 58 evaluation windows from 2026-04-03 to 2026-06-09.",observed accuracy|observed bias|evaluation window coverage|source identity,drift|trend over time|deterioration|improvement over time|cross metric raw aggregation|invented scenario values,VERIFIED_LOCAL,forecast_substrateBE_ssd_phx_lvne_metrics,ssd_phx_lvne_metrics.csv
ssd_phoenix,ssd_phoenix,lv_no_efficiency,not_applicable,not_applicable,forest,EURPRD07,2026-03-12,UNKNOWN,pending_d5,partially_available,single_version_accuracy_only,SINGLE_VERSION_ONLY|NO_TARGET_DATE_GRAIN|NO_FORECAST_FACT_TABLE|SHINY_NOT_CONNECTED,"Single retained forecast version, so this is point accuracy for one cycle and not drift.","ssd_phoenix / lv_no_efficiency at forest grain, key EURPRD07, forecast version 2026-03-12: average MAPE 8.536552, average accuracy 91.463448, across 58 evaluation windows from 2026-04-03 to 2026-06-09.",observed accuracy|observed bias|evaluation window coverage|source identity,drift|trend over time|deterioration|improvement over time|cross metric raw aggregation|invented scenario values,VERIFIED_LOCAL,forecast_substrateBE_ssd_phx_lvne_metrics,ssd_phx_lvne_metrics.csv
ssd_phoenix,ssd_phoenix,lv_no_efficiency,not_applicable,not_applicable,forest,EURP180,2026-03-12,UNKNOWN,pending_d5,partially_available,single_version_accuracy_only,SINGLE_VERSION_ONLY|NO_TARGET_DATE_GRAIN|NO_FORECAST_FACT_TABLE|SHINY_NOT_CONNECTED,"Single retained forecast version, so this is point accuracy for one cycle and not drift.","ssd_phoenix / lv_no_efficiency at forest grain, key EURP180, forecast version 2026-03-12: average MAPE 3870.505345, average accuracy 0.0, across 58 evaluation windows from 2026-04-03 to 2026-06-09.",observed accuracy|observed bias|evaluation window coverage|source identity,drift|trend over time|deterioration|improvement over time|cross metric raw aggregation|invented scenario values,VERIFIED_LOCAL,forecast_substrateBE_ssd_phx_lvne_metrics,ssd_phx_lvne_metrics.csv
ssd_phoenix,ssd_phoenix,lv_no_efficiency,not_applicable,not_applicable,forest,EURPRD06,2026-03-12,UNKNOWN,pending_d5,partially_available,single_version_accuracy_only,SINGLE_VERSION_ONLY|NO_TARGET_DATE_GRAIN|NO_FORECAST_FACT_TABLE|SHINY_NOT_CONNECTED,"Single retained forecast version, so this is point accuracy for one cycle and not drift.","ssd_phoenix / lv_no_efficiency at forest grain, key EURPRD06, forecast version 2026-03-12: average MAPE 6.75431, average accuracy 93.24569, across 58 evaluation windows from 2026-04-03 to 2026-06-09.",observed accuracy|observed bias|evaluation window coverage|source identity,drift|trend over time|deterioration|improvement over time|cross metric raw aggregation|invented scenario values,VERIFIED_LOCAL,forecast_substrateBE_ssd_phx_lvne_metrics,ssd_phx_lvne_metrics.csv
ssd_phoenix,ssd_phoenix,lv_no_efficiency,not_applicable,not_applicable,forest,LAMP215,2026-03-12,UNKNOWN,pending_d5,partially_available,single_version_accuracy_only,SINGLE_VERSION_ONLY|NO_TARGET_DATE_GRAIN|NO_FORECAST_FACT_TABLE|SHINY_NOT_CONNECTED,"Single retained forecast version, so this is point accuracy for one cycle and not drift.","ssd_phoenix / lv_no_efficiency at forest grain, key LAMP215, forecast version 2026-03-12: average MAPE 8.546552, average accuracy 91.453448, across 58 evaluation windows from 2026-04-03 to 2026-06-09.",observed accuracy|observed bias|evaluation window coverage|source identity,drift|trend over time|deterioration|improvement over time|cross metric raw aggregation|invented scenario values,VERIFIED_LOCAL,forecast_substrateBE_ssd_phx_lvne_metrics,ssd_phx_lvne_metrics.csv
ssd_phoenix,ssd_phoenix,lv_no_efficiency,not_applicable,not_applicable,forest,INDP287,2026-03-12,UNKNOWN,pending_d5,partially_available,single_version_accuracy_only,SINGLE_VERSION_ONLY|NO_TARGET_DATE_GRAIN|NO_FORECAST_FACT_TABLE|SHINY_NOT_CONNECTED,"Single retained forecast version, so this is point accuracy for one cycle and not drift.","ssd_phoenix / lv_no_efficiency at forest grain, key INDP287, forecast version 2026-03-12: average MAPE 8.683966, average accuracy 91.316034, across 58 evaluation windows from 2026-04-03 to 2026-06-09.",observed accuracy|observed bias|evaluation window coverage|source identity,drift|trend over time|deterioration|improvement over time|cross metric raw aggregation|invented scenario values,VERIFIED_LOCAL,forecast_substrateBE_ssd_phx_lvne_metrics,ssd_phx_lvne_metrics.csv
ssd_phoenix,ssd_phoenix,lv_no_efficiency,not_applicable,not_applicable,forest,NAMP161,2026-03-12,UNKNOWN,pending_d5,partially_available,single_version_accuracy_only,SINGLE_VERSION_ONLY|NO_TARGET_DATE_GRAIN|NO_FORECAST_FACT_TABLE|SHINY_NOT_CONNECTED,"Single retained forecast version, so this is point accuracy for one cycle and not drift.","ssd_phoenix / lv_no_efficiency at forest grain, key NAMP161, forecast version 2026-03-12: average MAPE 22.551034, average accuracy 77.448966, across 58 evaluation windows from 2026-04-03 to 2026-06-09.",observed accuracy|observed bias|evaluation window coverage|source identity,drift|trend over time|deterioration|improvement over time|cross metric raw aggregation|invented scenario values,VERIFIED_LOCAL,forecast_substrateBE_ssd_phx_lvne_metrics,ssd_phx_lvne_metrics.csv
ssd_phoenix,ssd_phoenix,lv_no_efficiency,not_applicable,not_applicable,forest,EURP176,2026-03-12,UNKNOWN,pending_d5,partially_available,single_version_accuracy_only,SINGLE_VERSION_ONLY|NO_TARGET_DATE_GRAIN|NO_FORECAST_FACT_TABLE|SHINY_NOT_CONNECTED,"Single retained forecast version, so this is point accuracy for one cycle and not drift.","ssd_phoenix / lv_no_efficiency at forest grain, key EURP176, forecast version 2026-03-12: average MAPE 4.021552, average accuracy 95.978448, across 58 evaluation windows from 2026-04-03 to 2026-06-09.",observed accuracy|observed bias|evaluation window coverage|source identity,drift|trend over time|deterioration|improvement over time|cross metric raw aggregation|invented scenario values,VERIFIED_LOCAL,forecast_substrateBE_ssd_phx_lvne_metrics,ssd_phx_lvne_metrics.csv
ssd_phoenix,ssd_phoenix,lv_no_efficiency,not_applicable,not_applicable,forest,DEUP281,2026-03-12,UNKNOWN,pending_d5,partially_available,single_version_accuracy_only,SINGLE_VERSION_ONLY|NO_TARGET_DATE_GRAIN|NO_FORECAST_FACT_TABLE|SHINY_NOT_CONNECTED,"Single retained forecast version, so this is point accuracy for one cycle and not drift.","ssd_phoenix / lv_no_efficiency at forest grain, key DEUP281, forecast version 2026-03-12: average MAPE 22.622414, average accuracy 77.377586, across 58 evaluation windows from 2026-04-03 to 2026-06-09.",observed accuracy|observed bias|evaluation window coverage|source identity,drift|trend over time|deterioration|improvement over time|cross metric raw aggregation|invented scenario values,VERIFIED_LOCAL,forecast_substrateBE_ssd_phx_lvne_metrics,ssd_phx_lvne_metrics.csv
ssd_phoenix,ssd_phoenix,lv_no_efficiency,not_applicable,not_applicable,forest,CANPRD01,2026-03-12,UNKNOWN,pending_d5,partially_available,single_version_accuracy_only,SINGLE_VERSION_ONLY|NO_TARGET_DATE_GRAIN|NO_FORECAST_FACT_TABLE|SHINY_NOT_CONNECTED,"Single retained forecast version, so this is point accuracy for one cycle and not drift.","ssd_phoenix / lv_no_efficiency at forest grain, key CANPRD01, forecast version 2026-03-12: average MAPE 25.41, average accuracy 74.59, across 58 evaluation windows from 2026-04-03 to 2026-06-09.",observed accuracy|observed bias|evaluation window coverage|source identity,drift|trend over time|deterioration|improvement over time|cross metric raw aggregation|invented scenario values,VERIFIED_LOCAL,forecast_substrateBE_ssd_phx_lvne_metrics,ssd_phx_lvne_metrics.csv
ssd_phoenix,ssd_phoenix,lv_no_efficiency,not_applicable,not_applicable,forest,APCPRD02,2026-03-12,UNKNOWN,pending_d5,partially_available,single_version_accuracy_only,SINGLE_VERSION_ONLY|NO_TARGET_DATE_GRAIN|NO_FORECAST_FACT_TABLE|SHINY_NOT_CONNECTED,"Single retained forecast version, so this is point accuracy for one cycle and not drift.","ssd_phoenix / lv_no_efficiency at forest grain, key APCPRD02, forecast version 2026-03-12: average MAPE 7.827759, average accuracy 92.172241, across 58 evaluation windows from 2026-04-03 to 2026-06-09.",observed accuracy|observed bias|evaluation window coverage|source identity,drift|trend over time|deterioration|improvement over time|cross metric raw aggregation|invented scenario values,VERIFIED_LOCAL,forecast_substrateBE_ssd_phx_lvne_metrics,ssd_phx_lvne_metrics.csv
ssd_phoenix,ssd_phoenix,lv_no_efficiency,not_applicable,not_applicable,forest,NAMP166,2026-03-12,UNKNOWN,pending_d5,partially_available,single_version_accuracy_only,SINGLE_VERSION_ONLY|NO_TARGET_DATE_GRAIN|NO_FORECAST_FACT_TABLE|SHINY_NOT_CONNECTED,"Single retained forecast version, so this is point accuracy for one cycle and not drift.","ssd_phoenix / lv_no_efficiency at forest grain, key NAMP166, forecast version 2026-03-12: average MAPE 31.39069, average accuracy 68.60931, across 58 evaluation windows from 2026-04-03 to 2026-06-09.",observed accuracy|observed bias|evaluation window coverage|source identity,drift|trend over time|deterioration|improvement over time|cross metric raw aggregation|invented scenario values,VERIFIED_LOCAL,forecast_substrateBE_ssd_phx_lvne_metrics,ssd_phx_lvne_metrics.csv
ssd_phoenix,ssd_phoenix,lv_no_efficiency,not_applicable,not_applicable,forest,EURPRD01,2026-03-12,UNKNOWN,pending_d5,partially_available,single_version_accuracy_only,SINGLE_VERSION_ONLY|NO_TARGET_DATE_GRAIN|NO_FORECAST_FACT_TABLE|SHINY_NOT_CONNECTED,"Single retained forecast version, so this is point accuracy for one cycle and not drift.","ssd_phoenix / lv_no_efficiency at forest grain, key EURPRD01, forecast version 2026-03-12: average MAPE 37.372931, average accuracy 62.627069, across 58 evaluation windows from 2026-04-03 to 2026-06-09.",observed accuracy|observed bias|evaluation window coverage|source identity,drift|trend over time|deterioration|improvement over time|cross metric raw aggregation|invented scenario values,VERIFIED_LOCAL,forecast_substrateBE_ssd_phx_lvne_metrics,ssd_phx_lvne_metrics.csv
ssd_phoenix,ssd_phoenix,lv_no_efficiency,not_applicable,not_applicable,forest,EURPRD03,2026-03-12,UNKNOWN,pending_d5,partially_available,single_version_accuracy_only,SINGLE_VERSION_ONLY|NO_TARGET_DATE_GRAIN|NO_FORECAST_FACT_TABLE|SHINY_NOT_CONNECTED,"Single retained forecast version, so this is point accuracy for one cycle and not drift.","ssd_phoenix / lv_no_efficiency at forest grain, key EURPRD03, forecast version 2026-03-12: average MAPE 20.857759, average accuracy 79.142241, across 58 evaluation windows from 2026-04-03 to 2026-06-09.",observed accuracy|observed bias|evaluation window coverage|source identity,drift|trend over time|deterioration|improvement over time|cross metric raw aggregation|invented scenario values,VERIFIED_LOCAL,forecast_substrateBE_ssd_phx_lvne_metrics,ssd_phx_lvne_metrics.csv
ssd_phoenix,ssd_phoenix,lv_no_efficiency,not_applicable,not_applicable,forest,EURP119,2026-03-12,UNKNOWN,pending_d5,partially_available,single_version_accuracy_only,SINGLE_VERSION_ONLY|NO_TARGET_DATE_GRAIN|NO_FORECAST_FACT_TABLE|SHINY_NOT_CONNECTED,"Single retained forecast version, so this is point accuracy for one cycle and not drift.","ssd_phoenix / lv_no_efficiency at forest grain, key EURP119, forecast version 2026-03-12: average MAPE 140.593966, average accuracy 0.0, across 58 evaluation windows from 2026-04-03 to 2026-06-09.",observed accuracy|observed bias|evaluation window coverage|source identity,drift|trend over time|deterioration|improvement over time|cross metric raw aggregation|invented scenario values,VERIFIED_LOCAL,forecast_substrateBE_ssd_phx_lvne_metrics,ssd_phx_lvne_metrics.csv
ssd_phoenix,ssd_phoenix,lv_no_efficiency,not_applicable,not_applicable,forest,AREP273,2026-03-12,UNKNOWN,pending_d5,partially_available,single_version_accuracy_only,SINGLE_VERSION_ONLY|NO_TARGET_DATE_GRAIN|NO_FORECAST_FACT_TABLE|SHINY_NOT_CONNECTED,"Single retained forecast version, so this is point accuracy for one cycle and not drift.","ssd_phoenix / lv_no_efficiency at forest grain, key AREP273, forecast version 2026-03-12: average MAPE 102.817931, average accuracy 7.825172, across 58 evaluation windows from 2026-04-03 to 2026-06-09.",observed accuracy|observed bias|evaluation window coverage|source identity,drift|trend over time|deterioration|improvement over time|cross metric raw aggregation|invented scenario values,VERIFIED_LOCAL,forecast_substrateBE_ssd_phx_lvne_metrics,ssd_phx_lvne_metrics.csv
ssd_phoenix,ssd_phoenix,lv_no_efficiency,not_applicable,not_applicable,forest,CHEP278,2026-03-12,UNKNOWN,pending_d5,partially_available,single_version_accuracy_only,SINGLE_VERSION_ONLY|NO_TARGET_DATE_GRAIN|NO_FORECAST_FACT_TABLE|SHINY_NOT_CONNECTED,"Single retained forecast version, so this is point accuracy for one cycle and not drift.","ssd_phoenix / lv_no_efficiency at forest grain, key CHEP278, forecast version 2026-03-12: average MAPE 27.057069, average accuracy 72.942931, across 58 evaluation windows from 2026-04-03 to 2026-06-09.",observed accuracy|observed bias|evaluation window coverage|source identity,drift|trend over time|deterioration|improvement over time|cross metric raw aggregation|invented scenario values,VERIFIED_LOCAL,forecast_substrateBE_ssd_phx_lvne_metrics,ssd_phx_lvne_metrics.csv
ssd_phoenix,ssd_phoenix,lv_no_efficiency,not_applicable,not_applicable,forest,JPNP301,2026-03-12,UNKNOWN,pending_d5,partially_available,single_version_accuracy_only,SINGLE_VERSION_ONLY|NO_TARGET_DATE_GRAIN|NO_FORECAST_FACT_TABLE|SHINY_NOT_CONNECTED,"Single retained forecast version, so this is point accuracy for one cycle and not drift.","ssd_phoenix / lv_no_efficiency at forest grain, key JPNP301, forecast version 2026-03-12: average MAPE 27.531897, average accuracy 72.468103, across 58 evaluation windows from 2026-04-03 to 2026-06-09.",observed accuracy|observed bias|evaluation window coverage|source identity,drift|trend over time|deterioration|improvement over time|cross metric raw aggregation|invented scenario values,VERIFIED_LOCAL,forecast_substrateBE_ssd_phx_lvne_metrics,ssd_phx_lvne_metrics.csv
ssd_phoenix,ssd_phoenix,lv_no_efficiency,not_applicable,not_applicable,forest,EURP175,2026-03-12,UNKNOWN,pending_d5,partially_available,single_version_accuracy_only,SINGLE_VERSION_ONLY|NO_TARGET_DATE_GRAIN|NO_FORECAST_FACT_TABLE|SHINY_NOT_CONNECTED,"Single retained forecast version, so this is point accuracy for one cycle and not drift.","ssd_phoenix / lv_no_efficiency at forest grain, key EURP175, forecast version 2026-03-12: average MAPE 93265901.605345, average accuracy 0.0, across 58 evaluation windows from 2026-04-03 to 2026-06-09.",observed accuracy|observed bias|evaluation window coverage|source identity,drift|trend over time|deterioration|improvement over time|cross metric raw aggregation|invented scenario values,VERIFIED_LOCAL,forecast_substrateBE_ssd_phx_lvne_metrics,ssd_phx_lvne_metrics.csv
ssd_phoenix,ssd_phoenix,lv_no_efficiency,not_applicable,not_applicable,forest,APCPRD03,2026-03-12,UNKNOWN,pending_d5,partially_available,single_version_accuracy_only,SINGLE_VERSION_ONLY|NO_TARGET_DATE_GRAIN|NO_FORECAST_FACT_TABLE|SHINY_NOT_CONNECTED,"Single retained forecast version, so this is point accuracy for one cycle and not drift.","ssd_phoenix / lv_no_efficiency at forest grain, key APCPRD03, forecast version 2026-03-12: average MAPE 14.061552, average accuracy 85.938448, across 58 evaluation windows from 2026-04-03 to 2026-06-09.",observed accuracy|observed bias|evaluation window coverage|source identity,drift|trend over time|deterioration|improvement over time|cross metric raw aggregation|invented scenario values,VERIFIED_LOCAL,forecast_substrateBE_ssd_phx_lvne_metrics,ssd_phx_lvne_metrics.csv
ssd_phoenix,ssd_phoenix,lv_no_efficiency,not_applicable,not_applicable,forest,APCPRD01,2026-03-12,UNKNOWN,pending_d5,partially_available,single_version_accuracy_only,SINGLE_VERSION_ONLY|NO_TARGET_DATE_GRAIN|NO_FORECAST_FACT_TABLE|SHINY_NOT_CONNECTED,"Single retained forecast version, so this is point accuracy for one cycle and not drift.","ssd_phoenix / lv_no_efficiency at forest grain, key APCPRD01, forecast version 2026-03-12: average MAPE 34.068966, average accuracy 65.931034, across 58 evaluation windows from 2026-04-03 to 2026-06-09.",observed accuracy|observed bias|evaluation window coverage|source identity,drift|trend over time|deterioration|improvement over time|cross metric raw aggregation|invented scenario values,VERIFIED_LOCAL,forecast_substrateBE_ssd_phx_lvne_metrics,ssd_phx_lvne_metrics.csv
ssd_phoenix,ssd_phoenix,lv_no_efficiency,not_applicable,not_applicable,forest,NAMP130,2026-03-12,UNKNOWN,pending_d5,partially_available,single_version_accuracy_only,SINGLE_VERSION_ONLY|NO_TARGET_DATE_GRAIN|NO_FORECAST_FACT_TABLE|SHINY_NOT_CONNECTED,"Single retained forecast version, so this is point accuracy for one cycle and not drift.","ssd_phoenix / lv_no_efficiency at forest grain, key NAMP130, forecast version 2026-03-12: average MAPE 75.23569, average accuracy 24.76431, across 58 evaluation windows from 2026-04-03 to 2026-06-09.",observed accuracy|observed bias|evaluation window coverage|source identity,drift|trend over time|deterioration|improvement over time|cross metric raw aggregation|invented scenario values,VERIFIED_LOCAL,forecast_substrateBE_ssd_phx_lvne_metrics,ssd_phx_lvne_metrics.csv
ssd_phoenix,ssd_phoenix,lv_no_efficiency,not_applicable,not_applicable,forest,EURP189,2026-03-12,UNKNOWN,pending_d5,partially_available,single_version_accuracy_only,SINGLE_VERSION_ONLY|NO_TARGET_DATE_GRAIN|NO_FORECAST_FACT_TABLE|SHINY_NOT_CONNECTED,"Single retained forecast version, so this is point accuracy for one cycle and not drift.","ssd_phoenix / lv_no_efficiency at forest grain, key EURP189, forecast version 2026-03-12: average MAPE 9.594483, average accuracy 90.405517, across 58 evaluation windows from 2026-04-03 to 2026-06-09.",observed accuracy|observed bias|evaluation window coverage|source identity,drift|trend over time|deterioration|improvement over time|cross metric raw aggregation|invented scenario values,VERIFIED_LOCAL,forecast_substrateBE_ssd_phx_lvne_metrics,ssd_phx_lvne_metrics.csv
ssd_phoenix,ssd_phoenix,lv_no_efficiency,not_applicable,not_applicable,forest,NAMP136,2026-03-12,UNKNOWN,pending_d5,partially_available,single_version_accuracy_only,SINGLE_VERSION_ONLY|NO_TARGET_DATE_GRAIN|NO_FORECAST_FACT_TABLE|SHINY_NOT_CONNECTED,"Single retained forecast version, so this is point accuracy for one cycle and not drift.","ssd_phoenix / lv_no_efficiency at forest grain, key NAMP136, forecast version 2026-03-12: average MAPE 9.143103, average accuracy 90.856897, across 58 evaluation windows from 2026-04-03 to 2026-06-09.",observed accuracy|observed bias|evaluation window coverage|source identity,drift|trend over time|deterioration|improvement over time|cross metric raw aggregation|invented scenario values,VERIFIED_LOCAL,forecast_substrateBE_ssd_phx_lvne_metrics,ssd_phx_lvne_metrics.csv
ssd_phoenix,ssd_phoenix,lv_no_efficiency,not_applicable,not_applicable,forest,EURPRD10,2026-03-12,UNKNOWN,pending_d5,partially_available,single_version_accuracy_only,SINGLE_VERSION_ONLY|NO_TARGET_DATE_GRAIN|NO_FORECAST_FACT_TABLE|SHINY_NOT_CONNECTED,"Single retained forecast version, so this is point accuracy for one cycle and not drift.","ssd_phoenix / lv_no_efficiency at forest grain, key EURPRD10, forecast version 2026-03-12: average MAPE 13.68431, average accuracy 86.31569, across 58 evaluation windows from 2026-04-03 to 2026-06-09.",observed accuracy|observed bias|evaluation window coverage|source identity,drift|trend over time|deterioration|improvement over time|cross metric raw aggregation|invented scenario values,VERIFIED_LOCAL,forecast_substrateBE_ssd_phx_lvne_metrics,ssd_phx_lvne_metrics.csv
ssd_phoenix,ssd_phoenix,lv_no_efficiency,not_applicable,not_applicable,forest,IDNP305,2026-03-12,UNKNOWN,pending_d5,partially_available,single_version_accuracy_only,SINGLE_VERSION_ONLY|NO_TARGET_DATE_GRAIN|NO_FORECAST_FACT_TABLE|SHINY_NOT_CONNECTED,"Single retained forecast version, so this is point accuracy for one cycle and not drift.","ssd_phoenix / lv_no_efficiency at forest grain, key IDNP305, forecast version 2026-03-12: average MAPE 21.498276, average accuracy 78.501724, across 58 evaluation windows from 2026-04-03 to 2026-06-09.",observed accuracy|observed bias|evaluation window coverage|source identity,drift|trend over time|deterioration|improvement over time|cross metric raw aggregation|invented scenario values,VERIFIED_LOCAL,forecast_substrateBE_ssd_phx_lvne_metrics,ssd_phx_lvne_metrics.csv
ssd_phoenix,ssd_phoenix,lv_no_efficiency,not_applicable,not_applicable,forest,EURP121,2026-03-12,UNKNOWN,pending_d5,partially_available,single_version_accuracy_only,SINGLE_VERSION_ONLY|NO_TARGET_DATE_GRAIN|NO_FORECAST_FACT_TABLE|SHINY_NOT_CONNECTED,"Single retained forecast version, so this is point accuracy for one cycle and not drift.","ssd_phoenix / lv_no_efficiency at forest grain, key EURP121, forecast version 2026-03-12: average MAPE 18.472241, average accuracy 81.527759, across 58 evaluation windows from 2026-04-03 to 2026-06-09.",observed accuracy|observed bias|evaluation window coverage|source identity,drift|trend over time|deterioration|improvement over time|cross metric raw aggregation|invented scenario values,VERIFIED_LOCAL,forecast_substrateBE_ssd_phx_lvne_metrics,ssd_phx_lvne_metrics.csv
ssd_phoenix,ssd_phoenix,lv_no_efficiency,not_applicable,not_applicable,forest,EURP193,2026-03-12,UNKNOWN,pending_d5,partially_available,single_version_accuracy_only,SINGLE_VERSION_ONLY|NO_TARGET_DATE_GRAIN|NO_FORECAST_FACT_TABLE|SHINY_NOT_CONNECTED,"Single retained forecast version, so this is point accuracy for one cycle and not drift.","ssd_phoenix / lv_no_efficiency at forest grain, key EURP193, forecast version 2026-03-12: average MAPE 26.398103, average accuracy 73.601897, across 58 evaluation windows from 2026-04-03 to 2026-06-09.",observed accuracy|observed bias|evaluation window coverage|source identity,drift|trend over time|deterioration|improvement over time|cross metric raw aggregation|invented scenario values,VERIFIED_LOCAL,forecast_substrateBE_ssd_phx_lvne_metrics,ssd_phx_lvne_metrics.csv
ssd_phoenix,ssd_phoenix,lv_no_efficiency,not_applicable,not_applicable,forest,GBRP302,2026-03-12,UNKNOWN,pending_d5,partially_available,single_version_accuracy_only,SINGLE_VERSION_ONLY|NO_TARGET_DATE_GRAIN|NO_FORECAST_FACT_TABLE|SHINY_NOT_CONNECTED,"Single retained forecast version, so this is point accuracy for one cycle and not drift.","ssd_phoenix / lv_no_efficiency at forest grain, key GBRP302, forecast version 2026-03-12: average MAPE 27.537414, average accuracy 72.462586, across 58 evaluation windows from 2026-04-03 to 2026-06-09.",observed accuracy|observed bias|evaluation window coverage|source identity,drift|trend over time|deterioration|improvement over time|cross metric raw aggregation|invented scenario values,VERIFIED_LOCAL,forecast_substrateBE_ssd_phx_lvne_metrics,ssd_phx_lvne_metrics.csv
ssd_phoenix,ssd_phoenix,lv_no_efficiency,not_applicable,not_applicable,forest,NAMP101,2026-03-12,UNKNOWN,pending_d5,partially_available,single_version_accuracy_only,SINGLE_VERSION_ONLY|NO_TARGET_DATE_GRAIN|NO_FORECAST_FACT_TABLE|SHINY_NOT_CONNECTED,"Single retained forecast version, so this is point accuracy for one cycle and not drift.","ssd_phoenix / lv_no_efficiency at forest grain, key NAMP101, forecast version 2026-03-12: average MAPE 247.655517, average accuracy 17.22569, across 58 evaluation windows from 2026-04-03 to 2026-06-09.",observed accuracy|observed bias|evaluation window coverage|source identity,drift|trend over time|deterioration|improvement over time|cross metric raw aggregation|invented scenario values,VERIFIED_LOCAL,forecast_substrateBE_ssd_phx_lvne_metrics,ssd_phx_lvne_metrics.csv
ssd_phoenix,ssd_phoenix,lv_no_efficiency,not_applicable,not_applicable,forest,NAMP108,2026-03-12,UNKNOWN,pending_d5,partially_available,single_version_accuracy_only,SINGLE_VERSION_ONLY|NO_TARGET_DATE_GRAIN|NO_FORECAST_FACT_TABLE|SHINY_NOT_CONNECTED,"Single retained forecast version, so this is point accuracy for one cycle and not drift.","ssd_phoenix / lv_no_efficiency at forest grain, key NAMP108, forecast version 2026-03-12: average MAPE 10.861379, average accuracy 89.138621, across 58 evaluation windows from 2026-04-03 to 2026-06-09.",observed accuracy|observed bias|evaluation window coverage|source identity,drift|trend over time|deterioration|improvement over time|cross metric raw aggregation|invented scenario values,VERIFIED_LOCAL,forecast_substrateBE_ssd_phx_lvne_metrics,ssd_phx_lvne_metrics.csv
ssd_phoenix,ssd_phoenix,lv_no_efficiency,not_applicable,not_applicable,forest,EURP179,2026-03-12,UNKNOWN,pending_d5,partially_available,single_version_accuracy_only,SINGLE_VERSION_ONLY|NO_TARGET_DATE_GRAIN|NO_FORECAST_FACT_TABLE|SHINY_NOT_CONNECTED,"Single retained forecast version, so this is point accuracy for one cycle and not drift.","ssd_phoenix / lv_no_efficiency at forest grain, key EURP179, forecast version 2026-03-12: average MAPE 14.712069, average accuracy 85.287931, across 58 evaluation windows from 2026-04-03 to 2026-06-09.",observed accuracy|observed bias|evaluation window coverage|source identity,drift|trend over time|deterioration|improvement over time|cross metric raw aggregation|invented scenario values,VERIFIED_LOCAL,forecast_substrateBE_ssd_phx_lvne_metrics,ssd_phx_lvne_metrics.csv
ssd_phoenix,ssd_phoenix,lv_no_efficiency,not_applicable,not_applicable,forest,NAMP132,2026-03-12,UNKNOWN,pending_d5,partially_available,single_version_accuracy_only,SINGLE_VERSION_ONLY|NO_TARGET_DATE_GRAIN|NO_FORECAST_FACT_TABLE|SHINY_NOT_CONNECTED,"Single retained forecast version, so this is point accuracy for one cycle and not drift.","ssd_phoenix / lv_no_efficiency at forest grain, key NAMP132, forecast version 2026-03-12: average MAPE 25.317759, average accuracy 74.682241, across 58 evaluation windows from 2026-04-03 to 2026-06-09.",observed accuracy|observed bias|evaluation window coverage|source identity,drift|trend over time|deterioration|improvement over time|cross metric raw aggregation|invented scenario values,VERIFIED_LOCAL,forecast_substrateBE_ssd_phx_lvne_metrics,ssd_phx_lvne_metrics.csv
ssd_phoenix,ssd_phoenix,lv_no_efficiency,not_applicable,not_applicable,forest,DNKP307,2026-03-12,UNKNOWN,pending_d5,partially_available,single_version_accuracy_only,SINGLE_VERSION_ONLY|NO_TARGET_DATE_GRAIN|NO_FORECAST_FACT_TABLE|SHINY_NOT_CONNECTED,"Single retained forecast version, so this is point accuracy for one cycle and not drift.","ssd_phoenix / lv_no_efficiency at forest grain, key DNKP307, forecast version 2026-03-12: average MAPE 99.033103, average accuracy 0.966897, across 58 evaluation windows from 2026-04-03 to 2026-06-09.",observed accuracy|observed bias|evaluation window coverage|source identity,drift|trend over time|deterioration|improvement over time|cross metric raw aggregation|invented scenario values,VERIFIED_LOCAL,forecast_substrateBE_ssd_phx_lvne_metrics,ssd_phx_lvne_metrics.csv
ssd_phoenix,ssd_phoenix,lv_no_efficiency,not_applicable,not_applicable,forest,EURPRD04,2026-03-12,UNKNOWN,pending_d5,partially_available,single_version_accuracy_only,SINGLE_VERSION_ONLY|NO_TARGET_DATE_GRAIN|NO_FORECAST_FACT_TABLE|SHINY_NOT_CONNECTED,"Single retained forecast version, so this is point accuracy for one cycle and not drift.","ssd_phoenix / lv_no_efficiency at forest grain, key EURPRD04, forecast version 2026-03-12: average MAPE 8.473793, average accuracy 91.526207, across 58 evaluation windows from 2026-04-03 to 2026-06-09.",observed accuracy|observed bias|evaluation window coverage|source identity,drift|trend over time|deterioration|improvement over time|cross metric raw aggregation|invented scenario values,VERIFIED_LOCAL,forecast_substrateBE_ssd_phx_lvne_metrics,ssd_phx_lvne_metrics.csv
ssd_phoenix,ssd_phoenix,lv_no_efficiency,not_applicable,not_applicable,forest,NAMP221,2026-03-12,UNKNOWN,pending_d5,partially_available,single_version_accuracy_only,SINGLE_VERSION_ONLY|NO_TARGET_DATE_GRAIN|NO_FORECAST_FACT_TABLE|SHINY_NOT_CONNECTED,"Single retained forecast version, so this is point accuracy for one cycle and not drift.","ssd_phoenix / lv_no_efficiency at forest grain, key NAMP221, forecast version 2026-03-12: average MAPE 6.093793, average accuracy 93.906207, across 58 evaluation windows from 2026-04-03 to 2026-06-09.",observed accuracy|observed bias|evaluation window coverage|source identity,drift|trend over time|deterioration|improvement over time|cross metric raw aggregation|invented scenario values,VERIFIED_LOCAL,forecast_substrateBE_ssd_phx_lvne_metrics,ssd_phx_lvne_metrics.csv
ssd_phoenix,ssd_phoenix,lv_no_efficiency,not_applicable,not_applicable,forest,NAMP171,2026-03-12,UNKNOWN,pending_d5,partially_available,single_version_accuracy_only,SINGLE_VERSION_ONLY|NO_TARGET_DATE_GRAIN|NO_FORECAST_FACT_TABLE|SHINY_NOT_CONNECTED,"Single retained forecast version, so this is point accuracy for one cycle and not drift.","ssd_phoenix / lv_no_efficiency at forest grain, key NAMP171, forecast version 2026-03-12: average MAPE 6.493621, average accuracy 93.506379, across 58 evaluation windows from 2026-04-03 to 2026-06-09.",observed accuracy|observed bias|evaluation window coverage|source identity,drift|trend over time|deterioration|improvement over time|cross metric raw aggregation|invented scenario values,VERIFIED_LOCAL,forecast_substrateBE_ssd_phx_lvne_metrics,ssd_phx_lvne_metrics.csv
ssd_phoenix,ssd_phoenix,lv_no_efficiency,not_applicable,not_applicable,forest,NAMPRD01,2026-03-12,UNKNOWN,pending_d5,partially_available,single_version_accuracy_only,SINGLE_VERSION_ONLY|NO_TARGET_DATE_GRAIN|NO_FORECAST_FACT_TABLE|SHINY_NOT_CONNECTED,"Single retained forecast version, so this is point accuracy for one cycle and not drift.","ssd_phoenix / lv_no_efficiency at forest grain, key NAMPRD01, forecast version 2026-03-12: average MAPE 27.284138, average accuracy 72.715862, across 58 evaluation windows from 2026-04-03 to 2026-06-09.",observed accuracy|observed bias|evaluation window coverage|source identity,drift|trend over time|deterioration|improvement over time|cross metric raw aggregation|invented scenario values,VERIFIED_LOCAL,forecast_substrateBE_ssd_phx_lvne_metrics,ssd_phx_lvne_metrics.csv
ssd_phoenix,ssd_phoenix,lv_no_efficiency,not_applicable,not_applicable,forest,AUSP300,2026-03-12,UNKNOWN,pending_d5,partially_available,single_version_accuracy_only,SINGLE_VERSION_ONLY|NO_TARGET_DATE_GRAIN|NO_FORECAST_FACT_TABLE|SHINY_NOT_CONNECTED,"Single retained forecast version, so this is point accuracy for one cycle and not drift.","ssd_phoenix / lv_no_efficiency at forest grain, key AUSP300, forecast version 2026-03-12: average MAPE 21.667759, average accuracy 78.332241, across 58 evaluation windows from 2026-04-03 to 2026-06-09.",observed accuracy|observed bias|evaluation window coverage|source identity,drift|trend over time|deterioration|improvement over time|cross metric raw aggregation|invented scenario values,VERIFIED_LOCAL,forecast_substrateBE_ssd_phx_lvne_metrics,ssd_phx_lvne_metrics.csv
ssd_phoenix,ssd_phoenix,lv_no_efficiency,not_applicable,not_applicable,forest,NAMPRD85,2026-03-12,UNKNOWN,pending_d5,partially_available,single_version_accuracy_only,SINGLE_VERSION_ONLY|NO_TARGET_DATE_GRAIN|NO_FORECAST_FACT_TABLE|SHINY_NOT_CONNECTED,"Single retained forecast version, so this is point accuracy for one cycle and not drift.","ssd_phoenix / lv_no_efficiency at forest grain, key NAMPRD85, forecast version 2026-03-12: average MAPE 57.71431, average accuracy 42.28569, across 58 evaluation windows from 2026-04-03 to 2026-06-09.",observed accuracy|observed bias|evaluation window coverage|source identity,drift|trend over time|deterioration|improvement over time|cross metric raw aggregation|invented scenario values,VERIFIED_LOCAL,forecast_substrateBE_ssd_phx_lvne_metrics,ssd_phx_lvne_metrics.csv
ssd_phoenix,ssd_phoenix,lv_no_efficiency,not_applicable,not_applicable,forest,NAMP113,2026-03-12,UNKNOWN,pending_d5,partially_available,single_version_accuracy_only,SINGLE_VERSION_ONLY|NO_TARGET_DATE_GRAIN|NO_FORECAST_FACT_TABLE|SHINY_NOT_CONNECTED,"Single retained forecast version, so this is point accuracy for one cycle and not drift.","ssd_phoenix / lv_no_efficiency at forest grain, key NAMP113, forecast version 2026-03-12: average MAPE 47.096552, average accuracy 52.903448, across 58 evaluation windows from 2026-04-03 to 2026-06-09.",observed accuracy|observed bias|evaluation window coverage|source identity,drift|trend over time|deterioration|improvement over time|cross metric raw aggregation|invented scenario values,VERIFIED_LOCAL,forecast_substrateBE_ssd_phx_lvne_metrics,ssd_phx_lvne_metrics.csv
ssd_phoenix,ssd_phoenix,lv_no_efficiency,not_applicable,not_applicable,forest,EURP251,2026-03-12,UNKNOWN,pending_d5,partially_available,single_version_accuracy_only,SINGLE_VERSION_ONLY|NO_TARGET_DATE_GRAIN|NO_FORECAST_FACT_TABLE|SHINY_NOT_CONNECTED,"Single retained forecast version, so this is point accuracy for one cycle and not drift.","ssd_phoenix / lv_no_efficiency at forest grain, key EURP251, forecast version 2026-03-12: average MAPE 31.089655, average accuracy 68.910345, across 58 evaluation windows from 2026-04-03 to 2026-06-09.",observed accuracy|observed bias|evaluation window coverage|source identity,drift|trend over time|deterioration|improvement over time|cross metric raw aggregation|invented scenario values,VERIFIED_LOCAL,forecast_substrateBE_ssd_phx_lvne_metrics,ssd_phx_lvne_metrics.csv
ssd_phoenix,ssd_phoenix,lv_no_efficiency,not_applicable,not_applicable,forest,NAMP220,2026-03-12,UNKNOWN,pending_d5,partially_available,single_version_accuracy_only,SINGLE_VERSION_ONLY|NO_TARGET_DATE_GRAIN|NO_FORECAST_FACT_TABLE|SHINY_NOT_CONNECTED,"Single retained forecast version, so this is point accuracy for one cycle and not drift.","ssd_phoenix / lv_no_efficiency at forest grain, key NAMP220, forecast version 2026-03-12: average MAPE 49.052759, average accuracy 50.947241, across 58 evaluation windows from 2026-04-03 to 2026-06-09.",observed accuracy|observed bias|evaluation window coverage|source identity,drift|trend over time|deterioration|improvement over time|cross metric raw aggregation|invented scenario values,VERIFIED_LOCAL,forecast_substrateBE_ssd_phx_lvne_metrics,ssd_phx_lvne_metrics.csv
ssd_phoenix,ssd_phoenix,lv_no_efficiency,not_applicable,not_applicable,forest,EURP177,2026-03-12,UNKNOWN,pending_d5,partially_available,single_version_accuracy_only,SINGLE_VERSION_ONLY|NO_TARGET_DATE_GRAIN|NO_FORECAST_FACT_TABLE|SHINY_NOT_CONNECTED,"Single retained forecast version, so this is point accuracy for one cycle and not drift.","ssd_phoenix / lv_no_efficiency at forest grain, key EURP177, forecast version 2026-03-12: average MAPE 12962106.5768, average accuracy 18.3688, across 25 evaluation windows from 2026-04-03 to 2026-05-05.",observed accuracy|observed bias|evaluation window coverage|source identity,drift|trend over time|deterioration|improvement over time|cross metric raw aggregation|invented scenario values,VERIFIED_LOCAL,forecast_substrateBE_ssd_phx_lvne_metrics,ssd_phx_lvne_metrics.csv
ssd_phoenix,ssd_phoenix,lv_no_efficiency,not_applicable,not_applicable,forest,LAMPRD80,2026-03-12,UNKNOWN,pending_d5,partially_available,single_version_accuracy_only,SINGLE_VERSION_ONLY|NO_TARGET_DATE_GRAIN|NO_FORECAST_FACT_TABLE|SHINY_NOT_CONNECTED,"Single retained forecast version, so this is point accuracy for one cycle and not drift.","ssd_phoenix / lv_no_efficiency at forest grain, key LAMPRD80, forecast version 2026-03-12: average MAPE 13.983966, average accuracy 86.016034, across 58 evaluation windows from 2026-04-03 to 2026-06-09.",observed accuracy|observed bias|evaluation window coverage|source identity,drift|trend over time|deterioration|improvement over time|cross metric raw aggregation|invented scenario values,VERIFIED_LOCAL,forecast_substrateBE_ssd_phx_lvne_metrics,ssd_phx_lvne_metrics.csv
ssd_phoenix,ssd_phoenix,lv_no_efficiency,not_applicable,not_applicable,forest,NAMP128,2026-03-12,UNKNOWN,pending_d5,partially_available,single_version_accuracy_only,SINGLE_VERSION_ONLY|NO_TARGET_DATE_GRAIN|NO_FORECAST_FACT_TABLE|SHINY_NOT_CONNECTED,"Single retained forecast version, so this is point accuracy for one cycle and not drift.","ssd_phoenix / lv_no_efficiency at forest grain, key NAMP128, forecast version 2026-03-12: average MAPE 18.522414, average accuracy 81.477586, across 58 evaluation windows from 2026-04-03 to 2026-06-09.",observed accuracy|observed bias|evaluation window coverage|source identity,drift|trend over time|deterioration|improvement over time|cross metric raw aggregation|invented scenario values,VERIFIED_LOCAL,forecast_substrateBE_ssd_phx_lvne_metrics,ssd_phx_lvne_metrics.csv
ssd_phoenix,ssd_phoenix,lv_no_efficiency,not_applicable,not_applicable,forest,NAMPRD15,2026-03-12,UNKNOWN,pending_d5,partially_available,single_version_accuracy_only,SINGLE_VERSION_ONLY|NO_TARGET_DATE_GRAIN|NO_FORECAST_FACT_TABLE|SHINY_NOT_CONNECTED,"Single retained forecast version, so this is point accuracy for one cycle and not drift.","ssd_phoenix / lv_no_efficiency at forest grain, key NAMPRD15, forecast version 2026-03-12: average MAPE 19.874138, average accuracy 80.125862, across 58 evaluation windows from 2026-04-03 to 2026-06-09.",observed accuracy|observed bias|evaluation window coverage|source identity,drift|trend over time|deterioration|improvement over time|cross metric raw aggregation|invented scenario values,VERIFIED_LOCAL,forecast_substrateBE_ssd_phx_lvne_metrics,ssd_phx_lvne_metrics.csv
ssd_phoenix,ssd_phoenix,lv_no_efficiency,not_applicable,not_applicable,forest,JPNP286,2026-03-12,UNKNOWN,pending_d5,partially_available,single_version_accuracy_only,SINGLE_VERSION_ONLY|NO_TARGET_DATE_GRAIN|NO_FORECAST_FACT_TABLE|SHINY_NOT_CONNECTED,"Single retained forecast version, so this is point accuracy for one cycle and not drift.","ssd_phoenix / lv_no_efficiency at forest grain, key JPNP286, forecast version 2026-03-12: average MAPE 41.146207, average accuracy 58.853793, across 58 evaluation windows from 2026-04-03 to 2026-06-09.",observed accuracy|observed bias|evaluation window coverage|source identity,drift|trend over time|deterioration|improvement over time|cross metric raw aggregation|invented scenario values,VERIFIED_LOCAL,forecast_substrateBE_ssd_phx_lvne_metrics,ssd_phx_lvne_metrics.csv
ssd_phoenix,ssd_phoenix,lv_no_efficiency,not_applicable,not_applicable,forest,GBRP123,2026-03-12,UNKNOWN,pending_d5,partially_available,single_version_accuracy_only,SINGLE_VERSION_ONLY|NO_TARGET_DATE_GRAIN|NO_FORECAST_FACT_TABLE|SHINY_NOT_CONNECTED,"Single retained forecast version, so this is point accuracy for one cycle and not drift.","ssd_phoenix / lv_no_efficiency at forest grain, key GBRP123, forecast version 2026-03-12: average MAPE 17.07431, average accuracy 82.92569, across 58 evaluation windows from 2026-04-03 to 2026-06-09.",observed accuracy|observed bias|evaluation window coverage|source identity,drift|trend over time|deterioration|improvement over time|cross metric raw aggregation|invented scenario values,VERIFIED_LOCAL,forecast_substrateBE_ssd_phx_lvne_metrics,ssd_phx_lvne_metrics.csv
ssd_phoenix,ssd_phoenix,lv_no_efficiency,not_applicable,not_applicable,forest,NAMPRD16,2026-03-12,UNKNOWN,pending_d5,partially_available,single_version_accuracy_only,SINGLE_VERSION_ONLY|NO_TARGET_DATE_GRAIN|NO_FORECAST_FACT_TABLE|SHINY_NOT_CONNECTED,"Single retained forecast version, so this is point accuracy for one cycle and not drift.","ssd_phoenix / lv_no_efficiency at forest grain, key NAMPRD16, forecast version 2026-03-12: average MAPE 30.779138, average accuracy 69.220862, across 58 evaluation windows from 2026-04-03 to 2026-06-09.",observed accuracy|observed bias|evaluation window coverage|source identity,drift|trend over time|deterioration|improvement over time|cross metric raw aggregation|invented scenario values,VERIFIED_LOCAL,forecast_substrateBE_ssd_phx_lvne_metrics,ssd_phx_lvne_metrics.csv
ssd_phoenix,ssd_phoenix,lv_no_efficiency,not_applicable,not_applicable,forest,NAMP115,2026-03-12,UNKNOWN,pending_d5,partially_available,single_version_accuracy_only,SINGLE_VERSION_ONLY|NO_TARGET_DATE_GRAIN|NO_FORECAST_FACT_TABLE|SHINY_NOT_CONNECTED,"Single retained forecast version, so this is point accuracy for one cycle and not drift.","ssd_phoenix / lv_no_efficiency at forest grain, key NAMP115, forecast version 2026-03-12: average MAPE 38.957931, average accuracy 61.042069, across 58 evaluation windows from 2026-04-03 to 2026-06-09.",observed accuracy|observed bias|evaluation window coverage|source identity,drift|trend over time|deterioration|improvement over time|cross metric raw aggregation|invented scenario values,VERIFIED_LOCAL,forecast_substrateBE_ssd_phx_lvne_metrics,ssd_phx_lvne_metrics.csv
ssd_phoenix,ssd_phoenix,lv_no_efficiency,not_applicable,not_applicable,forest,EURPRD05,2026-03-12,UNKNOWN,pending_d5,partially_available,single_version_accuracy_only,SINGLE_VERSION_ONLY|NO_TARGET_DATE_GRAIN|NO_FORECAST_FACT_TABLE|SHINY_NOT_CONNECTED,"Single retained forecast version, so this is point accuracy for one cycle and not drift.","ssd_phoenix / lv_no_efficiency at forest grain, key EURPRD05, forecast version 2026-03-12: average MAPE 18.567586, average accuracy 81.432414, across 58 evaluation windows from 2026-04-03 to 2026-06-09.",observed accuracy|observed bias|evaluation window coverage|source identity,drift|trend over time|deterioration|improvement over time|cross metric raw aggregation|invented scenario values,VERIFIED_LOCAL,forecast_substrateBE_ssd_phx_lvne_metrics,ssd_phx_lvne_metrics.csv
ssd_phoenix,ssd_phoenix,lv_no_efficiency,not_applicable,not_applicable,forest,NAMP223,2026-03-12,UNKNOWN,pending_d5,partially_available,single_version_accuracy_only,SINGLE_VERSION_ONLY|NO_TARGET_DATE_GRAIN|NO_FORECAST_FACT_TABLE|SHINY_NOT_CONNECTED,"Single retained forecast version, so this is point accuracy for one cycle and not drift.","ssd_phoenix / lv_no_efficiency at forest grain, key NAMP223, forecast version 2026-03-12: average MAPE 26.216034, average accuracy 73.783966, across 58 evaluation windows from 2026-04-03 to 2026-06-09.",observed accuracy|observed bias|evaluation window coverage|source identity,drift|trend over time|deterioration|improvement over time|cross metric raw aggregation|invented scenario values,VERIFIED_LOCAL,forecast_substrateBE_ssd_phx_lvne_metrics,ssd_phx_lvne_metrics.csv
ssd_phoenix,ssd_phoenix,lv_no_efficiency,not_applicable,not_applicable,forest,NAMP162,2026-03-12,UNKNOWN,pending_d5,partially_available,single_version_accuracy_only,SINGLE_VERSION_ONLY|NO_TARGET_DATE_GRAIN|NO_FORECAST_FACT_TABLE|SHINY_NOT_CONNECTED,"Single retained forecast version, so this is point accuracy for one cycle and not drift.","ssd_phoenix / lv_no_efficiency at forest grain, key NAMP162, forecast version 2026-03-12: average MAPE 5.054655, average accuracy 94.945345, across 58 evaluation windows from 2026-04-03 to 2026-06-09.",observed accuracy|observed bias|evaluation window coverage|source identity,drift|trend over time|deterioration|improvement over time|cross metric raw aggregation|invented scenario values,VERIFIED_LOCAL,forecast_substrateBE_ssd_phx_lvne_metrics,ssd_phx_lvne_metrics.csv
ssd_phoenix,ssd_phoenix,lv_no_efficiency,not_applicable,not_applicable,forest,TWNP295,2026-03-12,UNKNOWN,pending_d5,partially_available,single_version_accuracy_only,SINGLE_VERSION_ONLY|NO_TARGET_DATE_GRAIN|NO_FORECAST_FACT_TABLE|SHINY_NOT_CONNECTED,"Single retained forecast version, so this is point accuracy for one cycle and not drift.","ssd_phoenix / lv_no_efficiency at forest grain, key TWNP295, forecast version 2026-03-12: average MAPE 88.555517, average accuracy 18.897586, across 58 evaluation windows from 2026-04-03 to 2026-06-09.",observed accuracy|observed bias|evaluation window coverage|source identity,drift|trend over time|deterioration|improvement over time|cross metric raw aggregation|invented scenario values,VERIFIED_LOCAL,forecast_substrateBE_ssd_phx_lvne_metrics,ssd_phx_lvne_metrics.csv
ssd_phoenix,ssd_phoenix,lv_no_efficiency,not_applicable,not_applicable,forest,EURP194,2026-03-12,UNKNOWN,pending_d5,partially_available,single_version_accuracy_only,SINGLE_VERSION_ONLY|NO_TARGET_DATE_GRAIN|NO_FORECAST_FACT_TABLE|SHINY_NOT_CONNECTED,"Single retained forecast version, so this is point accuracy for one cycle and not drift.","ssd_phoenix / lv_no_efficiency at forest grain, key EURP194, forecast version 2026-03-12: average MAPE 11.446379, average accuracy 88.553621, across 58 evaluation windows from 2026-04-03 to 2026-06-09.",observed accuracy|observed bias|evaluation window coverage|source identity,drift|trend over time|deterioration|improvement over time|cross metric raw aggregation|invented scenario values,VERIFIED_LOCAL,forecast_substrateBE_ssd_phx_lvne_metrics,ssd_phx_lvne_metrics.csv
ssd_phoenix,ssd_phoenix,lv_no_efficiency,not_applicable,not_applicable,forest,NAMP104,2026-03-12,UNKNOWN,pending_d5,partially_available,single_version_accuracy_only,SINGLE_VERSION_ONLY|NO_TARGET_DATE_GRAIN|NO_FORECAST_FACT_TABLE|SHINY_NOT_CONNECTED,"Single retained forecast version, so this is point accuracy for one cycle and not drift.","ssd_phoenix / lv_no_efficiency at forest grain, key NAMP104, forecast version 2026-03-12: average MAPE 15.274138, average accuracy 84.725862, across 58 evaluation windows from 2026-04-03 to 2026-06-09.",observed accuracy|observed bias|evaluation window coverage|source identity,drift|trend over time|deterioration|improvement over time|cross metric raw aggregation|invented scenario values,VERIFIED_LOCAL,forecast_substrateBE_ssd_phx_lvne_metrics,ssd_phx_lvne_metrics.csv
ssd_phoenix,ssd_phoenix,lv_no_efficiency,not_applicable,not_applicable,forest,NAMPRD04,2026-03-12,UNKNOWN,pending_d5,partially_available,single_version_accuracy_only,SINGLE_VERSION_ONLY|NO_TARGET_DATE_GRAIN|NO_FORECAST_FACT_TABLE|SHINY_NOT_CONNECTED,"Single retained forecast version, so this is point accuracy for one cycle and not drift.","ssd_phoenix / lv_no_efficiency at forest grain, key NAMPRD04, forecast version 2026-03-12: average MAPE 24.24431, average accuracy 75.75569, across 58 evaluation windows from 2026-04-03 to 2026-06-09.",observed accuracy|observed bias|evaluation window coverage|source identity,drift|trend over time|deterioration|improvement over time|cross metric raw aggregation|invented scenario values,VERIFIED_LOCAL,forecast_substrateBE_ssd_phx_lvne_metrics,ssd_phx_lvne_metrics.csv
ssd_phoenix,ssd_phoenix,lv_no_efficiency,not_applicable,not_applicable,forest,NAMP133,2026-03-12,UNKNOWN,pending_d5,partially_available,single_version_accuracy_only,SINGLE_VERSION_ONLY|NO_TARGET_DATE_GRAIN|NO_FORECAST_FACT_TABLE|SHINY_NOT_CONNECTED,"Single retained forecast version, so this is point accuracy for one cycle and not drift.","ssd_phoenix / lv_no_efficiency at forest grain, key NAMP133, forecast version 2026-03-12: average MAPE 17.063103, average accuracy 82.936897, across 58 evaluation windows from 2026-04-03 to 2026-06-09.",observed accuracy|observed bias|evaluation window coverage|source identity,drift|trend over time|deterioration|improvement over time|cross metric raw aggregation|invented scenario values,VERIFIED_LOCAL,forecast_substrateBE_ssd_phx_lvne_metrics,ssd_phx_lvne_metrics.csv
ssd_phoenix,ssd_phoenix,lv_no_efficiency,not_applicable,not_applicable,forest,NAMPRD11,2026-03-12,UNKNOWN,pending_d5,partially_available,single_version_accuracy_only,SINGLE_VERSION_ONLY|NO_TARGET_DATE_GRAIN|NO_FORECAST_FACT_TABLE|SHINY_NOT_CONNECTED,"Single retained forecast version, so this is point accuracy for one cycle and not drift.","ssd_phoenix / lv_no_efficiency at forest grain, key NAMPRD11, forecast version 2026-03-12: average MAPE 18.593276, average accuracy 81.406724, across 58 evaluation windows from 2026-04-03 to 2026-06-09.",observed accuracy|observed bias|evaluation window coverage|source identity,drift|trend over time|deterioration|improvement over time|cross metric raw aggregation|invented scenario values,VERIFIED_LOCAL,forecast_substrateBE_ssd_phx_lvne_metrics,ssd_phx_lvne_metrics.csv
ssd_phoenix,ssd_phoenix,lv_no_efficiency,not_applicable,not_applicable,forest,MEXP297,2026-03-12,UNKNOWN,pending_d5,partially_available,single_version_accuracy_only,SINGLE_VERSION_ONLY|NO_TARGET_DATE_GRAIN|NO_FORECAST_FACT_TABLE|SHINY_NOT_CONNECTED,"Single retained forecast version, so this is point accuracy for one cycle and not drift.","ssd_phoenix / lv_no_efficiency at forest grain, key MEXP297, forecast version 2026-03-12: average MAPE 22.137069, average accuracy 77.862931, across 58 evaluation windows from 2026-04-03 to 2026-06-09.",observed accuracy|observed bias|evaluation window coverage|source identity,drift|trend over time|deterioration|improvement over time|cross metric raw aggregation|invented scenario values,VERIFIED_LOCAL,forecast_substrateBE_ssd_phx_lvne_metrics,ssd_phx_lvne_metrics.csv
ssd_phoenix,ssd_phoenix,lv_no_efficiency,not_applicable,not_applicable,forest,NAMP173,2026-03-12,UNKNOWN,pending_d5,partially_available,single_version_accuracy_only,SINGLE_VERSION_ONLY|NO_TARGET_DATE_GRAIN|NO_FORECAST_FACT_TABLE|SHINY_NOT_CONNECTED,"Single retained forecast version, so this is point accuracy for one cycle and not drift.","ssd_phoenix / lv_no_efficiency at forest grain, key NAMP173, forecast version 2026-03-12: average MAPE 25962.447069, average accuracy 13.019655, across 58 evaluation windows from 2026-04-03 to 2026-06-09.",observed accuracy|observed bias|evaluation window coverage|source identity,drift|trend over time|deterioration|improvement over time|cross metric raw aggregation|invented scenario values,VERIFIED_LOCAL,forecast_substrateBE_ssd_phx_lvne_metrics,ssd_phx_lvne_metrics.csv
ssd_phoenix,ssd_phoenix,lv_no_efficiency,not_applicable,not_applicable,forest,INDPRD01,2026-03-12,UNKNOWN,pending_d5,partially_available,single_version_accuracy_only,SINGLE_VERSION_ONLY|NO_TARGET_DATE_GRAIN|NO_FORECAST_FACT_TABLE|SHINY_NOT_CONNECTED,"Single retained forecast version, so this is point accuracy for one cycle and not drift.","ssd_phoenix / lv_no_efficiency at forest grain, key INDPRD01, forecast version 2026-03-12: average MAPE 11.811379, average accuracy 88.188621, across 58 evaluation windows from 2026-04-03 to 2026-06-09.",observed accuracy|observed bias|evaluation window coverage|source identity,drift|trend over time|deterioration|improvement over time|cross metric raw aggregation|invented scenario values,VERIFIED_LOCAL,forecast_substrateBE_ssd_phx_lvne_metrics,ssd_phx_lvne_metrics.csv
ssd_phoenix,ssd_phoenix,lv_no_efficiency,not_applicable,not_applicable,forest,EURP192,2026-03-12,UNKNOWN,pending_d5,partially_available,single_version_accuracy_only,SINGLE_VERSION_ONLY|NO_TARGET_DATE_GRAIN|NO_FORECAST_FACT_TABLE|SHINY_NOT_CONNECTED,"Single retained forecast version, so this is point accuracy for one cycle and not drift.","ssd_phoenix / lv_no_efficiency at forest grain, key EURP192, forecast version 2026-03-12: average MAPE 25.663793, average accuracy 74.336207, across 58 evaluation windows from 2026-04-03 to 2026-06-09.",observed accuracy|observed bias|evaluation window coverage|source identity,drift|trend over time|deterioration|improvement over time|cross metric raw aggregation|invented scenario values,VERIFIED_LOCAL,forecast_substrateBE_ssd_phx_lvne_metrics,ssd_phx_lvne_metrics.csv
ssd_phoenix,ssd_phoenix,lv_no_efficiency,not_applicable,not_applicable,forest,ISRP290,2026-03-12,UNKNOWN,pending_d5,partially_available,single_version_accuracy_only,SINGLE_VERSION_ONLY|NO_TARGET_DATE_GRAIN|NO_FORECAST_FACT_TABLE|SHINY_NOT_CONNECTED,"Single retained forecast version, so this is point accuracy for one cycle and not drift.","ssd_phoenix / lv_no_efficiency at forest grain, key ISRP290, forecast version 2026-03-12: average MAPE 27.455345, average accuracy 72.544655, across 58 evaluation windows from 2026-04-03 to 2026-06-09.",observed accuracy|observed bias|evaluation window coverage|source identity,drift|trend over time|deterioration|improvement over time|cross metric raw aggregation|invented scenario values,VERIFIED_LOCAL,forecast_substrateBE_ssd_phx_lvne_metrics,ssd_phx_lvne_metrics.csv
ssd_phoenix,ssd_phoenix,lv_no_efficiency,not_applicable,not_applicable,forest,EURP190,2026-03-12,UNKNOWN,pending_d5,partially_available,single_version_accuracy_only,SINGLE_VERSION_ONLY|NO_TARGET_DATE_GRAIN|NO_FORECAST_FACT_TABLE|SHINY_NOT_CONNECTED,"Single retained forecast version, so this is point accuracy for one cycle and not drift.","ssd_phoenix / lv_no_efficiency at forest grain, key EURP190, forecast version 2026-03-12: average MAPE 31.729138, average accuracy 68.270862, across 58 evaluation windows from 2026-04-03 to 2026-06-09.",observed accuracy|observed bias|evaluation window coverage|source identity,drift|trend over time|deterioration|improvement over time|cross metric raw aggregation|invented scenario values,VERIFIED_LOCAL,forecast_substrateBE_ssd_phx_lvne_metrics,ssd_phx_lvne_metrics.csv
ssd_phoenix,ssd_phoenix,lv_no_efficiency,not_applicable,not_applicable,forest,NAMP222,2026-03-12,UNKNOWN,pending_d5,partially_available,single_version_accuracy_only,SINGLE_VERSION_ONLY|NO_TARGET_DATE_GRAIN|NO_FORECAST_FACT_TABLE|SHINY_NOT_CONNECTED,"Single retained forecast version, so this is point accuracy for one cycle and not drift.","ssd_phoenix / lv_no_efficiency at forest grain, key NAMP222, forecast version 2026-03-12: average MAPE 30.669828, average accuracy 69.330172, across 58 evaluation windows from 2026-04-03 to 2026-06-09.",observed accuracy|observed bias|evaluation window coverage|source identity,drift|trend over time|deterioration|improvement over time|cross metric raw aggregation|invented scenario values,VERIFIED_LOCAL,forecast_substrateBE_ssd_phx_lvne_metrics,ssd_phx_lvne_metrics.csv
ssd_phoenix,ssd_phoenix,lv_no_efficiency,not_applicable,not_applicable,forest,MYSP306,2026-03-12,UNKNOWN,pending_d5,partially_available,single_version_accuracy_only,SINGLE_VERSION_ONLY|NO_TARGET_DATE_GRAIN|NO_FORECAST_FACT_TABLE|SHINY_NOT_CONNECTED,"Single retained forecast version, so this is point accuracy for one cycle and not drift.","ssd_phoenix / lv_no_efficiency at forest grain, key MYSP306, forecast version 2026-03-12: average MAPE 18.237414, average accuracy 81.762586, across 58 evaluation windows from 2026-04-03 to 2026-06-09.",observed accuracy|observed bias|evaluation window coverage|source identity,drift|trend over time|deterioration|improvement over time|cross metric raw aggregation|invented scenario values,VERIFIED_LOCAL,forecast_substrateBE_ssd_phx_lvne_metrics,ssd_phx_lvne_metrics.csv
ssd_phoenix,ssd_phoenix,lv_no_efficiency,not_applicable,not_applicable,forest,NAMP154,2026-03-12,UNKNOWN,pending_d5,partially_available,single_version_accuracy_only,SINGLE_VERSION_ONLY|NO_TARGET_DATE_GRAIN|NO_FORECAST_FACT_TABLE|SHINY_NOT_CONNECTED,"Single retained forecast version, so this is point accuracy for one cycle and not drift.","ssd_phoenix / lv_no_efficiency at forest grain, key NAMP154, forecast version 2026-03-12: average MAPE 68.095, average accuracy 31.905, across 58 evaluation windows from 2026-04-03 to 2026-06-09.",observed accuracy|observed bias|evaluation window coverage|source identity,drift|trend over time|deterioration|improvement over time|cross metric raw aggregation|invented scenario values,VERIFIED_LOCAL,forecast_substrateBE_ssd_phx_lvne_metrics,ssd_phx_lvne_metrics.csv
ssd_phoenix,ssd_phoenix,lv_no_efficiency,not_applicable,not_applicable,forest,NAMP114,2026-03-12,UNKNOWN,pending_d5,partially_available,single_version_accuracy_only,SINGLE_VERSION_ONLY|NO_TARGET_DATE_GRAIN|NO_FORECAST_FACT_TABLE|SHINY_NOT_CONNECTED,"Single retained forecast version, so this is point accuracy for one cycle and not drift.","ssd_phoenix / lv_no_efficiency at forest grain, key NAMP114, forecast version 2026-03-12: average MAPE 54.577586, average accuracy 45.422414, across 58 evaluation windows from 2026-04-03 to 2026-06-09.",observed accuracy|observed bias|evaluation window coverage|source identity,drift|trend over time|deterioration|improvement over time|cross metric raw aggregation|invented scenario values,VERIFIED_LOCAL,forecast_substrateBE_ssd_phx_lvne_metrics,ssd_phx_lvne_metrics.csv
ssd_phoenix,ssd_phoenix,lv_no_efficiency,not_applicable,not_applicable,forest,NAMPRD03,2026-03-12,UNKNOWN,pending_d5,partially_available,single_version_accuracy_only,SINGLE_VERSION_ONLY|NO_TARGET_DATE_GRAIN|NO_FORECAST_FACT_TABLE|SHINY_NOT_CONNECTED,"Single retained forecast version, so this is point accuracy for one cycle and not drift.","ssd_phoenix / lv_no_efficiency at forest grain, key NAMPRD03, forecast version 2026-03-12: average MAPE 29.915517, average accuracy 70.084483, across 58 evaluation windows from 2026-04-03 to 2026-06-09.",observed accuracy|observed bias|evaluation window coverage|source identity,drift|trend over time|deterioration|improvement over time|cross metric raw aggregation|invented scenario values,VERIFIED_LOCAL,forecast_substrateBE_ssd_phx_lvne_metrics,ssd_phx_lvne_metrics.csv
ssd_phoenix,ssd_phoenix,lv_no_efficiency,not_applicable,not_applicable,forest,NAMPRD84,2026-03-12,UNKNOWN,pending_d5,partially_available,single_version_accuracy_only,SINGLE_VERSION_ONLY|NO_TARGET_DATE_GRAIN|NO_FORECAST_FACT_TABLE|SHINY_NOT_CONNECTED,"Single retained forecast version, so this is point accuracy for one cycle and not drift.","ssd_phoenix / lv_no_efficiency at forest grain, key NAMPRD84, forecast version 2026-03-12: average MAPE 6.991207, average accuracy 93.008793, across 58 evaluation windows from 2026-04-03 to 2026-06-09.",observed accuracy|observed bias|evaluation window coverage|source identity,drift|trend over time|deterioration|improvement over time|cross metric raw aggregation|invented scenario values,VERIFIED_LOCAL,forecast_substrateBE_ssd_phx_lvne_metrics,ssd_phx_lvne_metrics.csv
ssd_phoenix,ssd_phoenix,lv_no_efficiency,not_applicable,not_applicable,forest,GBRP267,2026-03-12,UNKNOWN,pending_d5,partially_available,single_version_accuracy_only,SINGLE_VERSION_ONLY|NO_TARGET_DATE_GRAIN|NO_FORECAST_FACT_TABLE|SHINY_NOT_CONNECTED,"Single retained forecast version, so this is point accuracy for one cycle and not drift.","ssd_phoenix / lv_no_efficiency at forest grain, key GBRP267, forecast version 2026-03-12: average MAPE 8548.313448, average accuracy 1.466897, across 58 evaluation windows from 2026-04-03 to 2026-06-09.",observed accuracy|observed bias|evaluation window coverage|source identity,drift|trend over time|deterioration|improvement over time|cross metric raw aggregation|invented scenario values,VERIFIED_LOCAL,forecast_substrateBE_ssd_phx_lvne_metrics,ssd_phx_lvne_metrics.csv
ssd_phoenix,ssd_phoenix,lv_no_efficiency,not_applicable,not_applicable,forest,EURPRD02,2026-03-12,UNKNOWN,pending_d5,partially_available,single_version_accuracy_only,SINGLE_VERSION_ONLY|NO_TARGET_DATE_GRAIN|NO_FORECAST_FACT_TABLE|SHINY_NOT_CONNECTED,"Single retained forecast version, so this is point accuracy for one cycle and not drift.","ssd_phoenix / lv_no_efficiency at forest grain, key EURPRD02, forecast version 2026-03-12: average MAPE 29.103276, average accuracy 70.896724, across 58 evaluation windows from 2026-04-03 to 2026-06-09.",observed accuracy|observed bias|evaluation window coverage|source identity,drift|trend over time|deterioration|improvement over time|cross metric raw aggregation|invented scenario values,VERIFIED_LOCAL,forecast_substrateBE_ssd_phx_lvne_metrics,ssd_phx_lvne_metrics.csv
ssd_phoenix,ssd_phoenix,lv_no_efficiency,not_applicable,not_applicable,forest,NZLP299,2026-03-12,UNKNOWN,pending_d5,partially_available,single_version_accuracy_only,SINGLE_VERSION_ONLY|NO_TARGET_DATE_GRAIN|NO_FORECAST_FACT_TABLE|SHINY_NOT_CONNECTED,"Single retained forecast version, so this is point accuracy for one cycle and not drift.","ssd_phoenix / lv_no_efficiency at forest grain, key NZLP299, forecast version 2026-03-12: average MAPE 20.621552, average accuracy 79.378448, across 58 evaluation windows from 2026-04-03 to 2026-06-09.",observed accuracy|observed bias|evaluation window coverage|source identity,drift|trend over time|deterioration|improvement over time|cross metric raw aggregation|invented scenario values,VERIFIED_LOCAL,forecast_substrateBE_ssd_phx_lvne_metrics,ssd_phx_lvne_metrics.csv
ssd_phoenix,ssd_phoenix,lv_no_efficiency,not_applicable,not_applicable,forest,NAMPRD14,2026-03-12,UNKNOWN,pending_d5,partially_available,single_version_accuracy_only,SINGLE_VERSION_ONLY|NO_TARGET_DATE_GRAIN|NO_FORECAST_FACT_TABLE|SHINY_NOT_CONNECTED,"Single retained forecast version, so this is point accuracy for one cycle and not drift.","ssd_phoenix / lv_no_efficiency at forest grain, key NAMPRD14, forecast version 2026-03-12: average MAPE 10.033793, average accuracy 89.966207, across 58 evaluation windows from 2026-04-03 to 2026-06-09.",observed accuracy|observed bias|evaluation window coverage|source identity,drift|trend over time|deterioration|improvement over time|cross metric raw aggregation|invented scenario values,VERIFIED_LOCAL,forecast_substrateBE_ssd_phx_lvne_metrics,ssd_phx_lvne_metrics.csv
ssd_phoenix,ssd_phoenix,lv_no_efficiency,not_applicable,not_applicable,forest,FRAP264,2026-03-12,UNKNOWN,pending_d5,partially_available,single_version_accuracy_only,SINGLE_VERSION_ONLY|NO_TARGET_DATE_GRAIN|NO_FORECAST_FACT_TABLE|SHINY_NOT_CONNECTED,"Single retained forecast version, so this is point accuracy for one cycle and not drift.","ssd_phoenix / lv_no_efficiency at forest grain, key FRAP264, forecast version 2026-03-12: average MAPE 14.108276, average accuracy 85.891724, across 58 evaluation windows from 2026-04-03 to 2026-06-09.",observed accuracy|observed bias|evaluation window coverage|source identity,drift|trend over time|deterioration|improvement over time|cross metric raw aggregation|invented scenario values,VERIFIED_LOCAL,forecast_substrateBE_ssd_phx_lvne_metrics,ssd_phx_lvne_metrics.csv
ssd_phoenix,ssd_phoenix,lv_no_efficiency,not_applicable,not_applicable,forest,NAMP105,2026-03-12,UNKNOWN,pending_d5,partially_available,single_version_accuracy_only,SINGLE_VERSION_ONLY|NO_TARGET_DATE_GRAIN|NO_FORECAST_FACT_TABLE|SHINY_NOT_CONNECTED,"Single retained forecast version, so this is point accuracy for one cycle and not drift.","ssd_phoenix / lv_no_efficiency at forest grain, key NAMP105, forecast version 2026-03-12: average MAPE 131.319655, average accuracy 0.0, across 58 evaluation windows from 2026-04-03 to 2026-06-09.",observed accuracy|observed bias|evaluation window coverage|source identity,drift|trend over time|deterioration|improvement over time|cross metric raw aggregation|invented scenario values,VERIFIED_LOCAL,forecast_substrateBE_ssd_phx_lvne_metrics,ssd_phx_lvne_metrics.csv
ssd_phoenix,ssd_phoenix,lv_no_efficiency,not_applicable,not_applicable,forest,NAMP100,2026-03-12,UNKNOWN,pending_d5,partially_available,single_version_accuracy_only,SINGLE_VERSION_ONLY|NO_TARGET_DATE_GRAIN|NO_FORECAST_FACT_TABLE|SHINY_NOT_CONNECTED,"Single retained forecast version, so this is point accuracy for one cycle and not drift.","ssd_phoenix / lv_no_efficiency at forest grain, key NAMP100, forecast version 2026-03-12: average MAPE 36.516207, average accuracy 63.483793, across 58 evaluation windows from 2026-04-03 to 2026-06-09.",observed accuracy|observed bias|evaluation window coverage|source identity,drift|trend over time|deterioration|improvement over time|cross metric raw aggregation|invented scenario values,VERIFIED_LOCAL,forecast_substrateBE_ssd_phx_lvne_metrics,ssd_phx_lvne_metrics.csv
ssd_phoenix,ssd_phoenix,lv_no_efficiency,not_applicable,not_applicable,forest,NAMP157,2026-03-12,UNKNOWN,pending_d5,partially_available,single_version_accuracy_only,SINGLE_VERSION_ONLY|NO_TARGET_DATE_GRAIN|NO_FORECAST_FACT_TABLE|SHINY_NOT_CONNECTED,"Single retained forecast version, so this is point accuracy for one cycle and not drift.","ssd_phoenix / lv_no_efficiency at forest grain, key NAMP157, forecast version 2026-03-12: average MAPE 140.235517, average accuracy 0.353793, across 58 evaluation windows from 2026-04-03 to 2026-06-09.",observed accuracy|observed bias|evaluation window coverage|source identity,drift|trend over time|deterioration|improvement over time|cross metric raw aggregation|invented scenario values,VERIFIED_LOCAL,forecast_substrateBE_ssd_phx_lvne_metrics,ssd_phx_lvne_metrics.csv
ssd_phoenix,ssd_phoenix,lv_no_efficiency,not_applicable,not_applicable,forest,QATP289,2026-03-12,UNKNOWN,pending_d5,partially_available,single_version_accuracy_only,SINGLE_VERSION_ONLY|NO_TARGET_DATE_GRAIN|NO_FORECAST_FACT_TABLE|SHINY_NOT_CONNECTED,"Single retained forecast version, so this is point accuracy for one cycle and not drift.","ssd_phoenix / lv_no_efficiency at forest grain, key QATP289, forecast version 2026-03-12: average MAPE 134.154828, average accuracy 1.905345, across 58 evaluation windows from 2026-04-03 to 2026-06-09.",observed accuracy|observed bias|evaluation window coverage|source identity,drift|trend over time|deterioration|improvement over time|cross metric raw aggregation|invented scenario values,VERIFIED_LOCAL,forecast_substrateBE_ssd_phx_lvne_metrics,ssd_phx_lvne_metrics.csv
ssd_phoenix,ssd_phoenix,lv_no_efficiency,not_applicable,not_applicable,forest,ITAP293,2026-03-12,UNKNOWN,pending_d5,partially_available,single_version_accuracy_only,SINGLE_VERSION_ONLY|NO_TARGET_DATE_GRAIN|NO_FORECAST_FACT_TABLE|SHINY_NOT_CONNECTED,"Single retained forecast version, so this is point accuracy for one cycle and not drift.","ssd_phoenix / lv_no_efficiency at forest grain, key ITAP293, forecast version 2026-03-12: average MAPE 23.701552, average accuracy 76.298448, across 58 evaluation windows from 2026-04-03 to 2026-06-09.",observed accuracy|observed bias|evaluation window coverage|source identity,drift|trend over time|deterioration|improvement over time|cross metric raw aggregation|invented scenario values,VERIFIED_LOCAL,forecast_substrateBE_ssd_phx_lvne_metrics,ssd_phx_lvne_metrics.csv
ssd_phoenix,ssd_phoenix,lv_no_efficiency,not_applicable,not_applicable,forest,NAMP169,2026-03-12,UNKNOWN,pending_d5,partially_available,single_version_accuracy_only,SINGLE_VERSION_ONLY|NO_TARGET_DATE_GRAIN|NO_FORECAST_FACT_TABLE|SHINY_NOT_CONNECTED,"Single retained forecast version, so this is point accuracy for one cycle and not drift.","ssd_phoenix / lv_no_efficiency at forest grain, key NAMP169, forecast version 2026-03-12: average MAPE 138253213.133276, average accuracy 0.0, across 58 evaluation windows from 2026-04-03 to 2026-06-09.",observed accuracy|observed bias|evaluation window coverage|source identity,drift|trend over time|deterioration|improvement over time|cross metric raw aggregation|invented scenario values,VERIFIED_LOCAL,forecast_substrateBE_ssd_phx_lvne_metrics,ssd_phx_lvne_metrics.csv
ssd_phoenix,ssd_phoenix,lv_no_efficiency,not_applicable,not_applicable,forest,POLP291,2026-03-12,UNKNOWN,pending_d5,partially_available,single_version_accuracy_only,SINGLE_VERSION_ONLY|NO_TARGET_DATE_GRAIN|NO_FORECAST_FACT_TABLE|SHINY_NOT_CONNECTED,"Single retained forecast version, so this is point accuracy for one cycle and not drift.","ssd_phoenix / lv_no_efficiency at forest grain, key POLP291, forecast version 2026-03-12: average MAPE 39.588448, average accuracy 60.411552, across 58 evaluation windows from 2026-04-03 to 2026-06-09.",observed accuracy|observed bias|evaluation window coverage|source identity,drift|trend over time|deterioration|improvement over time|cross metric raw aggregation|invented scenario values,VERIFIED_LOCAL,forecast_substrateBE_ssd_phx_lvne_metrics,ssd_phx_lvne_metrics.csv
ssd_phoenix,ssd_phoenix,lv_no_efficiency,not_applicable,not_applicable,forest,NAMP167,2026-03-12,UNKNOWN,pending_d5,partially_available,single_version_accuracy_only,SINGLE_VERSION_ONLY|NO_TARGET_DATE_GRAIN|NO_FORECAST_FACT_TABLE|SHINY_NOT_CONNECTED,"Single retained forecast version, so this is point accuracy for one cycle and not drift.","ssd_phoenix / lv_no_efficiency at forest grain, key NAMP167, forecast version 2026-03-12: average MAPE 3436.263276, average accuracy 0.0, across 58 evaluation windows from 2026-04-03 to 2026-06-09.",observed accuracy|observed bias|evaluation window coverage|source identity,drift|trend over time|deterioration|improvement over time|cross metric raw aggregation|invented scenario values,VERIFIED_LOCAL,forecast_substrateBE_ssd_phx_lvne_metrics,ssd_phx_lvne_metrics.csv
ssd_phoenix,ssd_phoenix,lv_no_efficiency,not_applicable,not_applicable,forest,NORP279,2026-03-12,UNKNOWN,pending_d5,partially_available,single_version_accuracy_only,SINGLE_VERSION_ONLY|NO_TARGET_DATE_GRAIN|NO_FORECAST_FACT_TABLE|SHINY_NOT_CONNECTED,"Single retained forecast version, so this is point accuracy for one cycle and not drift.","ssd_phoenix / lv_no_efficiency at forest grain, key NORP279, forecast version 2026-03-12: average MAPE 39.576207, average accuracy 60.423793, across 58 evaluation windows from 2026-04-03 to 2026-06-09.",observed accuracy|observed bias|evaluation window coverage|source identity,drift|trend over time|deterioration|improvement over time|cross metric raw aggregation|invented scenario values,VERIFIED_LOCAL,forecast_substrateBE_ssd_phx_lvne_metrics,ssd_phx_lvne_metrics.csv
ssd_phoenix,ssd_phoenix,lv_no_efficiency,not_applicable,not_applicable,forest,NAMP118,2026-03-12,UNKNOWN,pending_d5,partially_available,single_version_accuracy_only,SINGLE_VERSION_ONLY|NO_TARGET_DATE_GRAIN|NO_FORECAST_FACT_TABLE|SHINY_NOT_CONNECTED,"Single retained forecast version, so this is point accuracy for one cycle and not drift.","ssd_phoenix / lv_no_efficiency at forest grain, key NAMP118, forecast version 2026-03-12: average MAPE 6283.405, average accuracy 0.882759, across 58 evaluation windows from 2026-04-03 to 2026-06-09.",observed accuracy|observed bias|evaluation window coverage|source identity,drift|trend over time|deterioration|improvement over time|cross metric raw aggregation|invented scenario values,VERIFIED_LOCAL,forecast_substrateBE_ssd_phx_lvne_metrics,ssd_phx_lvne_metrics.csv
ssd_phoenix,ssd_phoenix,lv_no_efficiency,not_applicable,not_applicable,forest,NAMP129,2026-03-12,UNKNOWN,pending_d5,partially_available,single_version_accuracy_only,SINGLE_VERSION_ONLY|NO_TARGET_DATE_GRAIN|NO_FORECAST_FACT_TABLE|SHINY_NOT_CONNECTED,"Single retained forecast version, so this is point accuracy for one cycle and not drift.","ssd_phoenix / lv_no_efficiency at forest grain, key NAMP129, forecast version 2026-03-12: average MAPE 9.35069, average accuracy 90.64931, across 58 evaluation windows from 2026-04-03 to 2026-06-09.",observed accuracy|observed bias|evaluation window coverage|source identity,drift|trend over time|deterioration|improvement over time|cross metric raw aggregation|invented scenario values,VERIFIED_LOCAL,forecast_substrateBE_ssd_phx_lvne_metrics,ssd_phx_lvne_metrics.csv
ssd_phoenix,ssd_phoenix,lv_no_efficiency,not_applicable,not_applicable,forest,NAMPRD18,2026-03-12,UNKNOWN,pending_d5,partially_available,single_version_accuracy_only,SINGLE_VERSION_ONLY|NO_TARGET_DATE_GRAIN|NO_FORECAST_FACT_TABLE|SHINY_NOT_CONNECTED,"Single retained forecast version, so this is point accuracy for one cycle and not drift.","ssd_phoenix / lv_no_efficiency at forest grain, key NAMPRD18, forecast version 2026-03-12: average MAPE 24.704828, average accuracy 75.295172, across 58 evaluation windows from 2026-04-03 to 2026-06-09.",observed accuracy|observed bias|evaluation window coverage|source identity,drift|trend over time|deterioration|improvement over time|cross metric raw aggregation|invented scenario values,VERIFIED_LOCAL,forecast_substrateBE_ssd_phx_lvne_metrics,ssd_phx_lvne_metrics.csv
ssd_phoenix,ssd_phoenix,lv_no_efficiency,not_applicable,not_applicable,forest,EURP191,2026-03-12,UNKNOWN,pending_d5,partially_available,single_version_accuracy_only,SINGLE_VERSION_ONLY|NO_TARGET_DATE_GRAIN|NO_FORECAST_FACT_TABLE|SHINY_NOT_CONNECTED,"Single retained forecast version, so this is point accuracy for one cycle and not drift.","ssd_phoenix / lv_no_efficiency at forest grain, key EURP191, forecast version 2026-03-12: average MAPE 7.603448, average accuracy 92.396552, across 58 evaluation windows from 2026-04-03 to 2026-06-09.",observed accuracy|observed bias|evaluation window coverage|source identity,drift|trend over time|deterioration|improvement over time|cross metric raw aggregation|invented scenario values,VERIFIED_LOCAL,forecast_substrateBE_ssd_phx_lvne_metrics,ssd_phx_lvne_metrics.csv
ssd_phoenix,ssd_phoenix,lv_no_efficiency,not_applicable,not_applicable,forest,NAMP106,2026-03-12,UNKNOWN,pending_d5,partially_available,single_version_accuracy_only,SINGLE_VERSION_ONLY|NO_TARGET_DATE_GRAIN|NO_FORECAST_FACT_TABLE|SHINY_NOT_CONNECTED,"Single retained forecast version, so this is point accuracy for one cycle and not drift.","ssd_phoenix / lv_no_efficiency at forest grain, key NAMP106, forecast version 2026-03-12: average MAPE 12.102759, average accuracy 87.897241, across 58 evaluation windows from 2026-04-03 to 2026-06-09.",observed accuracy|observed bias|evaluation window coverage|source identity,drift|trend over time|deterioration|improvement over time|cross metric raw aggregation|invented scenario values,VERIFIED_LOCAL,forecast_substrateBE_ssd_phx_lvne_metrics,ssd_phx_lvne_metrics.csv
ssd_phoenix,ssd_phoenix,lv_no_efficiency,not_applicable,not_applicable,forest,NAMPRD12,2026-03-12,UNKNOWN,pending_d5,partially_available,single_version_accuracy_only,SINGLE_VERSION_ONLY|NO_TARGET_DATE_GRAIN|NO_FORECAST_FACT_TABLE|SHINY_NOT_CONNECTED,"Single retained forecast version, so this is point accuracy for one cycle and not drift.","ssd_phoenix / lv_no_efficiency at forest grain, key NAMPRD12, forecast version 2026-03-12: average MAPE 10.354138, average accuracy 89.645862, across 58 evaluation windows from 2026-04-03 to 2026-06-09.",observed accuracy|observed bias|evaluation window coverage|source identity,drift|trend over time|deterioration|improvement over time|cross metric raw aggregation|invented scenario values,VERIFIED_LOCAL,forecast_substrateBE_ssd_phx_lvne_metrics,ssd_phx_lvne_metrics.csv
ssd_phoenix,ssd_phoenix,lv_no_efficiency,not_applicable,not_applicable,forest,NAMPRD22,2026-03-12,UNKNOWN,pending_d5,partially_available,single_version_accuracy_only,SINGLE_VERSION_ONLY|NO_TARGET_DATE_GRAIN|NO_FORECAST_FACT_TABLE|SHINY_NOT_CONNECTED,"Single retained forecast version, so this is point accuracy for one cycle and not drift.","ssd_phoenix / lv_no_efficiency at forest grain, key NAMPRD22, forecast version 2026-03-12: average MAPE 20.672931, average accuracy 79.327069, across 58 evaluation windows from 2026-04-03 to 2026-06-09.",observed accuracy|observed bias|evaluation window coverage|source identity,drift|trend over time|deterioration|improvement over time|cross metric raw aggregation|invented scenario values,VERIFIED_LOCAL,forecast_substrateBE_ssd_phx_lvne_metrics,ssd_phx_lvne_metrics.csv
ssd_phoenix,ssd_phoenix,lv_no_efficiency,not_applicable,not_applicable,forest,NAMPRD06,2026-03-12,UNKNOWN,pending_d5,partially_available,single_version_accuracy_only,SINGLE_VERSION_ONLY|NO_TARGET_DATE_GRAIN|NO_FORECAST_FACT_TABLE|SHINY_NOT_CONNECTED,"Single retained forecast version, so this is point accuracy for one cycle and not drift.","ssd_phoenix / lv_no_efficiency at forest grain, key NAMPRD06, forecast version 2026-03-12: average MAPE 15.73, average accuracy 84.27, across 58 evaluation windows from 2026-04-03 to 2026-06-09.",observed accuracy|observed bias|evaluation window coverage|source identity,drift|trend over time|deterioration|improvement over time|cross metric raw aggregation|invented scenario values,VERIFIED_LOCAL,forecast_substrateBE_ssd_phx_lvne_metrics,ssd_phx_lvne_metrics.csv
ssd_phoenix,ssd_phoenix,lv_no_efficiency,not_applicable,not_applicable,forest,NAMPRD07,2026-03-12,UNKNOWN,pending_d5,partially_available,single_version_accuracy_only,SINGLE_VERSION_ONLY|NO_TARGET_DATE_GRAIN|NO_FORECAST_FACT_TABLE|SHINY_NOT_CONNECTED,"Single retained forecast version, so this is point accuracy for one cycle and not drift.","ssd_phoenix / lv_no_efficiency at forest grain, key NAMPRD07, forecast version 2026-03-12: average MAPE 4.498448, average accuracy 95.501552, across 58 evaluation windows from 2026-04-03 to 2026-06-09.",observed accuracy|observed bias|evaluation window coverage|source identity,drift|trend over time|deterioration|improvement over time|cross metric raw aggregation|invented scenario values,VERIFIED_LOCAL,forecast_substrateBE_ssd_phx_lvne_metrics,ssd_phx_lvne_metrics.csv
ssd_phoenix,ssd_phoenix,lv_no_efficiency,not_applicable,not_applicable,forest,NAMP109,2026-03-12,UNKNOWN,pending_d5,partially_available,single_version_accuracy_only,SINGLE_VERSION_ONLY|NO_TARGET_DATE_GRAIN|NO_FORECAST_FACT_TABLE|SHINY_NOT_CONNECTED,"Single retained forecast version, so this is point accuracy for one cycle and not drift.","ssd_phoenix / lv_no_efficiency at forest grain, key NAMP109, forecast version 2026-03-12: average MAPE 10.522931, average accuracy 89.477069, across 58 evaluation windows from 2026-04-03 to 2026-06-09.",observed accuracy|observed bias|evaluation window coverage|source identity,drift|trend over time|deterioration|improvement over time|cross metric raw aggregation|invented scenario values,VERIFIED_LOCAL,forecast_substrateBE_ssd_phx_lvne_metrics,ssd_phx_lvne_metrics.csv
ssd_phoenix,ssd_phoenix,lv_no_efficiency,not_applicable,not_applicable,forest,ZAFP275,2026-03-12,UNKNOWN,pending_d5,partially_available,single_version_accuracy_only,SINGLE_VERSION_ONLY|NO_TARGET_DATE_GRAIN|NO_FORECAST_FACT_TABLE|SHINY_NOT_CONNECTED,"Single retained forecast version, so this is point accuracy for one cycle and not drift.","ssd_phoenix / lv_no_efficiency at forest grain, key ZAFP275, forecast version 2026-03-12: average MAPE 4.527931, average accuracy 95.472069, across 58 evaluation windows from 2026-04-03 to 2026-06-09.",observed accuracy|observed bias|evaluation window coverage|source identity,drift|trend over time|deterioration|improvement over time|cross metric raw aggregation|invented scenario values,VERIFIED_LOCAL,forecast_substrateBE_ssd_phx_lvne_metrics,ssd_phx_lvne_metrics.csv
ssd_phoenix,ssd_phoenix,lv_no_efficiency,not_applicable,not_applicable,forest,NAMPRD13,2026-03-12,UNKNOWN,pending_d5,partially_available,single_version_accuracy_only,SINGLE_VERSION_ONLY|NO_TARGET_DATE_GRAIN|NO_FORECAST_FACT_TABLE|SHINY_NOT_CONNECTED,"Single retained forecast version, so this is point accuracy for one cycle and not drift.","ssd_phoenix / lv_no_efficiency at forest grain, key NAMPRD13, forecast version 2026-03-12: average MAPE 5.043276, average accuracy 94.956724, across 58 evaluation windows from 2026-04-03 to 2026-06-09.",observed accuracy|observed bias|evaluation window coverage|source identity,drift|trend over time|deterioration|improvement over time|cross metric raw aggregation|invented scenario values,VERIFIED_LOCAL,forecast_substrateBE_ssd_phx_lvne_metrics,ssd_phx_lvne_metrics.csv
ssd_phoenix,ssd_phoenix,lv_no_efficiency,not_applicable,not_applicable,forest,SGPP274,2026-03-12,UNKNOWN,pending_d5,partially_available,single_version_accuracy_only,SINGLE_VERSION_ONLY|NO_TARGET_DATE_GRAIN|NO_FORECAST_FACT_TABLE|SHINY_NOT_CONNECTED,"Single retained forecast version, so this is point accuracy for one cycle and not drift.","ssd_phoenix / lv_no_efficiency at forest grain, key SGPP274, forecast version 2026-03-12: average MAPE 49.810172, average accuracy 50.189828, across 58 evaluation windows from 2026-04-03 to 2026-06-09.",observed accuracy|observed bias|evaluation window coverage|source identity,drift|trend over time|deterioration|improvement over time|cross metric raw aggregation|invented scenario values,VERIFIED_LOCAL,forecast_substrateBE_ssd_phx_lvne_metrics,ssd_phx_lvne_metrics.csv
ssd_phoenix,ssd_phoenix,lv_no_efficiency,not_applicable,not_applicable,forest,NAMP131,2026-03-12,UNKNOWN,pending_d5,partially_available,single_version_accuracy_only,SINGLE_VERSION_ONLY|NO_TARGET_DATE_GRAIN|NO_FORECAST_FACT_TABLE|SHINY_NOT_CONNECTED,"Single retained forecast version, so this is point accuracy for one cycle and not drift.","ssd_phoenix / lv_no_efficiency at forest grain, key NAMP131, forecast version 2026-03-12: average MAPE 20.484828, average accuracy 79.515172, across 58 evaluation windows from 2026-04-03 to 2026-06-09.",observed accuracy|observed bias|evaluation window coverage|source identity,drift|trend over time|deterioration|improvement over time|cross metric raw aggregation|invented scenario values,VERIFIED_LOCAL,forecast_substrateBE_ssd_phx_lvne_metrics,ssd_phx_lvne_metrics.csv
ssd_phoenix,ssd_phoenix,lv_no_efficiency,not_applicable,not_applicable,forest,NAMPRD19,2026-03-12,UNKNOWN,pending_d5,partially_available,single_version_accuracy_only,SINGLE_VERSION_ONLY|NO_TARGET_DATE_GRAIN|NO_FORECAST_FACT_TABLE|SHINY_NOT_CONNECTED,"Single retained forecast version, so this is point accuracy for one cycle and not drift.","ssd_phoenix / lv_no_efficiency at forest grain, key NAMPRD19, forecast version 2026-03-12: average MAPE 8.981552, average accuracy 91.018448, across 58 evaluation windows from 2026-04-03 to 2026-06-09.",observed accuracy|observed bias|evaluation window coverage|source identity,drift|trend over time|deterioration|improvement over time|cross metric raw aggregation|invented scenario values,VERIFIED_LOCAL,forecast_substrateBE_ssd_phx_lvne_metrics,ssd_phx_lvne_metrics.csv
ssd_phoenix,ssd_phoenix,lv_no_efficiency,not_applicable,not_applicable,forest,SWEP280,2026-03-12,UNKNOWN,pending_d5,partially_available,single_version_accuracy_only,SINGLE_VERSION_ONLY|NO_TARGET_DATE_GRAIN|NO_FORECAST_FACT_TABLE|SHINY_NOT_CONNECTED,"Single retained forecast version, so this is point accuracy for one cycle and not drift.","ssd_phoenix / lv_no_efficiency at forest grain, key SWEP280, forecast version 2026-03-12: average MAPE 38.388448, average accuracy 61.611552, across 58 evaluation windows from 2026-04-03 to 2026-06-09.",observed accuracy|observed bias|evaluation window coverage|source identity,drift|trend over time|deterioration|improvement over time|cross metric raw aggregation|invented scenario values,VERIFIED_LOCAL,forecast_substrateBE_ssd_phx_lvne_metrics,ssd_phx_lvne_metrics.csv
ssd_phoenix,ssd_phoenix,lv_no_efficiency,not_applicable,not_applicable,forest,NAMPRD10,2026-03-12,UNKNOWN,pending_d5,partially_available,single_version_accuracy_only,SINGLE_VERSION_ONLY|NO_TARGET_DATE_GRAIN|NO_FORECAST_FACT_TABLE|SHINY_NOT_CONNECTED,"Single retained forecast version, so this is point accuracy for one cycle and not drift.","ssd_phoenix / lv_no_efficiency at forest grain, key NAMPRD10, forecast version 2026-03-12: average MAPE 16.079655, average accuracy 83.920345, across 58 evaluation windows from 2026-04-03 to 2026-06-09.",observed accuracy|observed bias|evaluation window coverage|source identity,drift|trend over time|deterioration|improvement over time|cross metric raw aggregation|invented scenario values,VERIFIED_LOCAL,forecast_substrateBE_ssd_phx_lvne_metrics,ssd_phx_lvne_metrics.csv
ssd_phoenix,ssd_phoenix,lv_no_efficiency,not_applicable,not_applicable,forest,NAMPRD17,2026-03-12,UNKNOWN,pending_d5,partially_available,single_version_accuracy_only,SINGLE_VERSION_ONLY|NO_TARGET_DATE_GRAIN|NO_FORECAST_FACT_TABLE|SHINY_NOT_CONNECTED,"Single retained forecast version, so this is point accuracy for one cycle and not drift.","ssd_phoenix / lv_no_efficiency at forest grain, key NAMPRD17, forecast version 2026-03-12: average MAPE 26.098103, average accuracy 73.901897, across 58 evaluation windows from 2026-04-03 to 2026-06-09.",observed accuracy|observed bias|evaluation window coverage|source identity,drift|trend over time|deterioration|improvement over time|cross metric raw aggregation|invented scenario values,VERIFIED_LOCAL,forecast_substrateBE_ssd_phx_lvne_metrics,ssd_phx_lvne_metrics.csv
ssd_phoenix,ssd_phoenix,lv_no_efficiency,not_applicable,not_applicable,forest,NAMP158,2026-03-12,UNKNOWN,pending_d5,partially_available,single_version_accuracy_only,SINGLE_VERSION_ONLY|NO_TARGET_DATE_GRAIN|NO_FORECAST_FACT_TABLE|SHINY_NOT_CONNECTED,"Single retained forecast version, so this is point accuracy for one cycle and not drift.","ssd_phoenix / lv_no_efficiency at forest grain, key NAMP158, forecast version 2026-03-12: average MAPE 11.152414, average accuracy 88.847586, across 58 evaluation windows from 2026-04-03 to 2026-06-09.",observed accuracy|observed bias|evaluation window coverage|source identity,drift|trend over time|deterioration|improvement over time|cross metric raw aggregation|invented scenario values,VERIFIED_LOCAL,forecast_substrateBE_ssd_phx_lvne_metrics,ssd_phx_lvne_metrics.csv
ssd_phoenix,ssd_phoenix,lv_no_efficiency,not_applicable,not_applicable,forest,NAMP164,2026-03-12,UNKNOWN,pending_d5,partially_available,single_version_accuracy_only,SINGLE_VERSION_ONLY|NO_TARGET_DATE_GRAIN|NO_FORECAST_FACT_TABLE|SHINY_NOT_CONNECTED,"Single retained forecast version, so this is point accuracy for one cycle and not drift.","ssd_phoenix / lv_no_efficiency at forest grain, key NAMP164, forecast version 2026-03-12: average MAPE 6.914655, average accuracy 93.085345, across 58 evaluation windows from 2026-04-03 to 2026-06-09.",observed accuracy|observed bias|evaluation window coverage|source identity,drift|trend over time|deterioration|improvement over time|cross metric raw aggregation|invented scenario values,VERIFIED_LOCAL,forecast_substrateBE_ssd_phx_lvne_metrics,ssd_phx_lvne_metrics.csv
ssd_phoenix,ssd_phoenix,lv_no_efficiency,not_applicable,not_applicable,forest,NAMPRD20,2026-03-12,UNKNOWN,pending_d5,partially_available,single_version_accuracy_only,SINGLE_VERSION_ONLY|NO_TARGET_DATE_GRAIN|NO_FORECAST_FACT_TABLE|SHINY_NOT_CONNECTED,"Single retained forecast version, so this is point accuracy for one cycle and not drift.","ssd_phoenix / lv_no_efficiency at forest grain, key NAMPRD20, forecast version 2026-03-12: average MAPE 22.067759, average accuracy 77.932241, across 58 evaluation windows from 2026-04-03 to 2026-06-09.",observed accuracy|observed bias|evaluation window coverage|source identity,drift|trend over time|deterioration|improvement over time|cross metric raw aggregation|invented scenario values,VERIFIED_LOCAL,forecast_substrateBE_ssd_phx_lvne_metrics,ssd_phx_lvne_metrics.csv
