case_id,route_id,route_group,base_metric,entity_value,case_class,viewer_complete,forecast_complete,has_observed_actuals,observed_row_count,has_backtest_estimates,backtest_row_count,backtest_model_count,has_all_15_governed_models,backtest_model_names,has_forecast_values,forecast_row_count,forward_actual_row_count,missing_data_reason
HDD|Organic|Basilisk|Forest::apcp150,HDD|Organic|Basilisk|Forest,HDD Basilisk,HDD,apcp150,VIEWER_COMPLETE,True,True,True,2250,True,2250,15,True,ARIMA_Fixed|AutoARIMA|ETS Explicit|ETS_Current|FNAR-V2|FixedGrowth_1_5|FixedGrowth_3|FixedGrowth_4|FixedGrowth_6|LightGBM|LinearRegression|NLIN-DLIN_FIXED|SMLP-TCN|Theta|XGBoost,True,732,144,
HDD|Organic|Basilisk|Forest::apcp153,HDD|Organic|Basilisk|Forest,HDD Basilisk,HDD,apcp153,VIEWER_COMPLETE,True,True,True,2250,True,2250,15,True,ARIMA_Fixed|AutoARIMA|ETS Explicit|ETS_Current|FNAR-V2|FixedGrowth_1_5|FixedGrowth_3|FixedGrowth_4|FixedGrowth_6|LightGBM|LinearRegression|NLIN-DLIN_FIXED|SMLP-TCN|Theta|XGBoost,True,732,144,
HDD|Organic|Basilisk|Forest::apcprd01,HDD|Organic|Basilisk|Forest,HDD Basilisk,HDD,apcprd01,VIEWER_COMPLETE,True,True,True,2250,True,2250,15,True,ARIMA_Fixed|AutoARIMA|ETS Explicit|ETS_Current|FNAR-V2|FixedGrowth_1_5|FixedGrowth_3|FixedGrowth_4|FixedGrowth_6|LightGBM|LinearRegression|NLIN-DLIN_FIXED|SMLP-TCN|Theta|XGBoost,True,732,144,
HDD|Organic|Basilisk|Forest::apcprd02,HDD|Organic|Basilisk|Forest,HDD Basilisk,HDD,apcprd02,VIEWER_COMPLETE,True,True,True,2250,True,2250,15,True,ARIMA_Fixed|AutoARIMA|ETS Explicit|ETS_Current|FNAR-V2|FixedGrowth_1_5|FixedGrowth_3|FixedGrowth_4|FixedGrowth_6|LightGBM|LinearRegression|NLIN-DLIN_FIXED|SMLP-TCN|Theta|XGBoost,True,732,144,
HDD|Organic|Basilisk|Forest::apcprd03,HDD|Organic|Basilisk|Forest,HDD Basilisk,HDD,apcprd03,VIEWER_COMPLETE,True,True,True,2250,True,2250,15,True,ARIMA_Fixed|AutoARIMA|ETS Explicit|ETS_Current|FNAR-V2|FixedGrowth_1_5|FixedGrowth_3|FixedGrowth_4|FixedGrowth_6|LightGBM|LinearRegression|NLIN-DLIN_FIXED|SMLP-TCN|Theta|XGBoost,True,732,144,
HDD|Organic|Basilisk|Forest::apcprd04,HDD|Organic|Basilisk|Forest,HDD Basilisk,HDD,apcprd04,VIEWER_COMPLETE,True,True,True,2250,True,2250,15,True,ARIMA_Fixed|AutoARIMA|ETS Explicit|ETS_Current|FNAR-V2|FixedGrowth_1_5|FixedGrowth_3|FixedGrowth_4|FixedGrowth_6|LightGBM|LinearRegression|NLIN-DLIN_FIXED|SMLP-TCN|Theta|XGBoost,True,732,144,
HDD|Organic|Basilisk|Forest::apcprd06,HDD|Organic|Basilisk|Forest,HDD Basilisk,HDD,apcprd06,VIEWER_COMPLETE,True,True,True,2250,True,2250,15,True,ARIMA_Fixed|AutoARIMA|ETS Explicit|ETS_Current|FNAR-V2|FixedGrowth_1_5|FixedGrowth_3|FixedGrowth_4|FixedGrowth_6|LightGBM|LinearRegression|NLIN-DLIN_FIXED|SMLP-TCN|Theta|XGBoost,True,732,144,
HDD|Organic|Basilisk|Forest::arep273,HDD|Organic|Basilisk|Forest,HDD Basilisk,HDD,arep273,VIEWER_COMPLETE,True,True,True,2250,True,2250,15,True,ARIMA_Fixed|AutoARIMA|ETS Explicit|ETS_Current|FNAR-V2|FixedGrowth_1_5|FixedGrowth_3|FixedGrowth_4|FixedGrowth_6|LightGBM|LinearRegression|NLIN-DLIN_FIXED|SMLP-TCN|Theta|XGBoost,True,732,144,
HDD|Organic|Basilisk|Forest::ausp282,HDD|Organic|Basilisk|Forest,HDD Basilisk,HDD,ausp282,VIEWER_COMPLETE,True,True,True,2250,True,2250,15,True,ARIMA_Fixed|AutoARIMA|ETS Explicit|ETS_Current|FNAR-V2|FixedGrowth_1_5|FixedGrowth_3|FixedGrowth_4|FixedGrowth_6|LightGBM|LinearRegression|NLIN-DLIN_FIXED|SMLP-TCN|Theta|XGBoost,True,732,144,
HDD|Organic|Basilisk|Forest::ausp300,HDD|Organic|Basilisk|Forest,HDD Basilisk,HDD,ausp300,VIEWER_COMPLETE,True,True,True,2250,True,2250,15,True,ARIMA_Fixed|AutoARIMA|ETS Explicit|ETS_Current|FNAR-V2|FixedGrowth_1_5|FixedGrowth_3|FixedGrowth_4|FixedGrowth_6|LightGBM|LinearRegression|NLIN-DLIN_FIXED|SMLP-TCN|Theta|XGBoost,True,732,144,
HDD|Organic|Basilisk|Forest::ausprd01,HDD|Organic|Basilisk|Forest,HDD Basilisk,HDD,ausprd01,VIEWER_COMPLETE,True,True,True,2250,True,2250,15,True,ARIMA_Fixed|AutoARIMA|ETS Explicit|ETS_Current|FNAR-V2|FixedGrowth_1_5|FixedGrowth_3|FixedGrowth_4|FixedGrowth_6|LightGBM|LinearRegression|NLIN-DLIN_FIXED|SMLP-TCN|Theta|XGBoost,True,732,144,
HDD|Organic|Basilisk|Forest::autp296,HDD|Organic|Basilisk|Forest,HDD Basilisk,HDD,autp296,VIEWER_COMPLETE,True,True,True,2250,True,2250,15,True,ARIMA_Fixed|AutoARIMA|ETS Explicit|ETS_Current|FNAR-V2|FixedGrowth_1_5|FixedGrowth_3|FixedGrowth_4|FixedGrowth_6|LightGBM|LinearRegression|NLIN-DLIN_FIXED|SMLP-TCN|Theta|XGBoost,True,732,144,
HDD|Organic|Basilisk|Forest::brap284,HDD|Organic|Basilisk|Forest,HDD Basilisk,HDD,brap284,VIEWER_COMPLETE,True,True,True,2250,True,2250,15,True,ARIMA_Fixed|AutoARIMA|ETS Explicit|ETS_Current|FNAR-V2|FixedGrowth_1_5|FixedGrowth_3|FixedGrowth_4|FixedGrowth_6|LightGBM|LinearRegression|NLIN-DLIN_FIXED|SMLP-TCN|Theta|XGBoost,True,732,144,
HDD|Organic|Basilisk|Forest::canp288,HDD|Organic|Basilisk|Forest,HDD Basilisk,HDD,canp288,VIEWER_COMPLETE,True,True,True,2250,True,2250,15,True,ARIMA_Fixed|AutoARIMA|ETS Explicit|ETS_Current|FNAR-V2|FixedGrowth_1_5|FixedGrowth_3|FixedGrowth_4|FixedGrowth_6|LightGBM|LinearRegression|NLIN-DLIN_FIXED|SMLP-TCN|Theta|XGBoost,True,732,144,
HDD|Organic|Basilisk|Forest::canprd01,HDD|Organic|Basilisk|Forest,HDD Basilisk,HDD,canprd01,VIEWER_COMPLETE,True,True,True,2250,True,2250,15,True,ARIMA_Fixed|AutoARIMA|ETS Explicit|ETS_Current|FNAR-V2|FixedGrowth_1_5|FixedGrowth_3|FixedGrowth_4|FixedGrowth_6|LightGBM|LinearRegression|NLIN-DLIN_FIXED|SMLP-TCN|Theta|XGBoost,True,732,144,
HDD|Organic|Basilisk|Forest::chep278,HDD|Organic|Basilisk|Forest,HDD Basilisk,HDD,chep278,VIEWER_COMPLETE,True,True,True,2250,True,2250,15,True,ARIMA_Fixed|AutoARIMA|ETS Explicit|ETS_Current|FNAR-V2|FixedGrowth_1_5|FixedGrowth_3|FixedGrowth_4|FixedGrowth_6|LightGBM|LinearRegression|NLIN-DLIN_FIXED|SMLP-TCN|Theta|XGBoost,True,732,144,
HDD|Organic|Basilisk|Forest::chlp298,HDD|Organic|Basilisk|Forest,HDD Basilisk,HDD,chlp298,VIEWER_COMPLETE,True,True,True,2250,True,2250,15,True,ARIMA_Fixed|AutoARIMA|ETS Explicit|ETS_Current|FNAR-V2|FixedGrowth_1_5|FixedGrowth_3|FixedGrowth_4|FixedGrowth_6|LightGBM|LinearRegression|NLIN-DLIN_FIXED|SMLP-TCN|Theta|XGBoost,True,732,144,
HDD|Organic|Basilisk|Forest::chnpr01,HDD|Organic|Basilisk|Forest,HDD Basilisk,HDD,chnpr01,VIEWER_COMPLETE,True,True,True,2250,True,2250,15,True,ARIMA_Fixed|AutoARIMA|ETS Explicit|ETS_Current|FNAR-V2|FixedGrowth_1_5|FixedGrowth_3|FixedGrowth_4|FixedGrowth_6|LightGBM|LinearRegression|NLIN-DLIN_FIXED|SMLP-TCN|Theta|XGBoost,True,732,144,
HDD|Organic|Basilisk|Forest::deup281,HDD|Organic|Basilisk|Forest,HDD Basilisk,HDD,deup281,VIEWER_COMPLETE,True,True,True,2250,True,2250,15,True,ARIMA_Fixed|AutoARIMA|ETS Explicit|ETS_Current|FNAR-V2|FixedGrowth_1_5|FixedGrowth_3|FixedGrowth_4|FixedGrowth_6|LightGBM|LinearRegression|NLIN-DLIN_FIXED|SMLP-TCN|Theta|XGBoost,True,732,144,
HDD|Organic|Basilisk|Forest::dnkp307,HDD|Organic|Basilisk|Forest,HDD Basilisk,HDD,dnkp307,VIEWER_COMPLETE,True,True,True,2250,True,2250,15,True,ARIMA_Fixed|AutoARIMA|ETS Explicit|ETS_Current|FNAR-V2|FixedGrowth_1_5|FixedGrowth_3|FixedGrowth_4|FixedGrowth_6|LightGBM|LinearRegression|NLIN-DLIN_FIXED|SMLP-TCN|Theta|XGBoost,True,732,144,
HDD|Organic|Basilisk|Forest::espp292,HDD|Organic|Basilisk|Forest,HDD Basilisk,HDD,espp292,VIEWER_COMPLETE,True,True,True,2250,True,2250,15,True,ARIMA_Fixed|AutoARIMA|ETS Explicit|ETS_Current|FNAR-V2|FixedGrowth_1_5|FixedGrowth_3|FixedGrowth_4|FixedGrowth_6|LightGBM|LinearRegression|NLIN-DLIN_FIXED|SMLP-TCN|Theta|XGBoost,True,732,144,
HDD|Organic|Basilisk|Forest::eurp107,HDD|Organic|Basilisk|Forest,HDD Basilisk,HDD,eurp107,VIEWER_COMPLETE,True,True,True,2250,True,2250,15,True,ARIMA_Fixed|AutoARIMA|ETS Explicit|ETS_Current|FNAR-V2|FixedGrowth_1_5|FixedGrowth_3|FixedGrowth_4|FixedGrowth_6|LightGBM|LinearRegression|NLIN-DLIN_FIXED|SMLP-TCN|Theta|XGBoost,True,732,144,
HDD|Organic|Basilisk|Forest::eurp119,HDD|Organic|Basilisk|Forest,HDD Basilisk,HDD,eurp119,VIEWER_COMPLETE,True,True,True,2250,True,2250,15,True,ARIMA_Fixed|AutoARIMA|ETS Explicit|ETS_Current|FNAR-V2|FixedGrowth_1_5|FixedGrowth_3|FixedGrowth_4|FixedGrowth_6|LightGBM|LinearRegression|NLIN-DLIN_FIXED|SMLP-TCN|Theta|XGBoost,True,732,144,
HDD|Organic|Basilisk|Forest::eurp120,HDD|Organic|Basilisk|Forest,HDD Basilisk,HDD,eurp120,VIEWER_COMPLETE,True,True,True,2250,True,2250,15,True,ARIMA_Fixed|AutoARIMA|ETS Explicit|ETS_Current|FNAR-V2|FixedGrowth_1_5|FixedGrowth_3|FixedGrowth_4|FixedGrowth_6|LightGBM|LinearRegression|NLIN-DLIN_FIXED|SMLP-TCN|Theta|XGBoost,True,732,144,
HDD|Organic|Basilisk|Forest::eurp121,HDD|Organic|Basilisk|Forest,HDD Basilisk,HDD,eurp121,VIEWER_COMPLETE,True,True,True,2250,True,2250,15,True,ARIMA_Fixed|AutoARIMA|ETS Explicit|ETS_Current|FNAR-V2|FixedGrowth_1_5|FixedGrowth_3|FixedGrowth_4|FixedGrowth_6|LightGBM|LinearRegression|NLIN-DLIN_FIXED|SMLP-TCN|Theta|XGBoost,True,732,144,
HDD|Organic|Basilisk|Forest::eurp122,HDD|Organic|Basilisk|Forest,HDD Basilisk,HDD,eurp122,VIEWER_COMPLETE,True,True,True,2250,True,2250,15,True,ARIMA_Fixed|AutoARIMA|ETS Explicit|ETS_Current|FNAR-V2|FixedGrowth_1_5|FixedGrowth_3|FixedGrowth_4|FixedGrowth_6|LightGBM|LinearRegression|NLIN-DLIN_FIXED|SMLP-TCN|Theta|XGBoost,True,732,144,
HDD|Organic|Basilisk|Forest::eurp137,HDD|Organic|Basilisk|Forest,HDD Basilisk,HDD,eurp137,VIEWER_COMPLETE,True,True,True,2250,True,2250,15,True,ARIMA_Fixed|AutoARIMA|ETS Explicit|ETS_Current|FNAR-V2|FixedGrowth_1_5|FixedGrowth_3|FixedGrowth_4|FixedGrowth_6|LightGBM|LinearRegression|NLIN-DLIN_FIXED|SMLP-TCN|Theta|XGBoost,True,732,144,
HDD|Organic|Basilisk|Forest::eurp138,HDD|Organic|Basilisk|Forest,HDD Basilisk,HDD,eurp138,VIEWER_COMPLETE,True,True,True,2250,True,2250,15,True,ARIMA_Fixed|AutoARIMA|ETS Explicit|ETS_Current|FNAR-V2|FixedGrowth_1_5|FixedGrowth_3|FixedGrowth_4|FixedGrowth_6|LightGBM|LinearRegression|NLIN-DLIN_FIXED|SMLP-TCN|Theta|XGBoost,True,732,144,
HDD|Organic|Basilisk|Forest::eurp174,HDD|Organic|Basilisk|Forest,HDD Basilisk,HDD,eurp174,VIEWER_COMPLETE,True,True,True,2250,True,2250,15,True,ARIMA_Fixed|AutoARIMA|ETS Explicit|ETS_Current|FNAR-V2|FixedGrowth_1_5|FixedGrowth_3|FixedGrowth_4|FixedGrowth_6|LightGBM|LinearRegression|NLIN-DLIN_FIXED|SMLP-TCN|Theta|XGBoost,True,732,144,
HDD|Organic|Basilisk|Forest::eurp175,HDD|Organic|Basilisk|Forest,HDD Basilisk,HDD,eurp175,VIEWER_COMPLETE,True,True,True,2250,True,2250,15,True,ARIMA_Fixed|AutoARIMA|ETS Explicit|ETS_Current|FNAR-V2|FixedGrowth_1_5|FixedGrowth_3|FixedGrowth_4|FixedGrowth_6|LightGBM|LinearRegression|NLIN-DLIN_FIXED|SMLP-TCN|Theta|XGBoost,True,732,144,
HDD|Organic|Basilisk|Forest::eurp176,HDD|Organic|Basilisk|Forest,HDD Basilisk,HDD,eurp176,VIEWER_COMPLETE,True,True,True,2250,True,2250,15,True,ARIMA_Fixed|AutoARIMA|ETS Explicit|ETS_Current|FNAR-V2|FixedGrowth_1_5|FixedGrowth_3|FixedGrowth_4|FixedGrowth_6|LightGBM|LinearRegression|NLIN-DLIN_FIXED|SMLP-TCN|Theta|XGBoost,True,732,144,
HDD|Organic|Basilisk|Forest::eurp177,HDD|Organic|Basilisk|Forest,HDD Basilisk,HDD,eurp177,VIEWER_COMPLETE,True,True,True,2250,True,2250,15,True,ARIMA_Fixed|AutoARIMA|ETS Explicit|ETS_Current|FNAR-V2|FixedGrowth_1_5|FixedGrowth_3|FixedGrowth_4|FixedGrowth_6|LightGBM|LinearRegression|NLIN-DLIN_FIXED|SMLP-TCN|Theta|XGBoost,True,732,144,
HDD|Organic|Basilisk|Forest::eurp178,HDD|Organic|Basilisk|Forest,HDD Basilisk,HDD,eurp178,VIEWER_COMPLETE,True,True,True,2250,True,2250,15,True,ARIMA_Fixed|AutoARIMA|ETS Explicit|ETS_Current|FNAR-V2|FixedGrowth_1_5|FixedGrowth_3|FixedGrowth_4|FixedGrowth_6|LightGBM|LinearRegression|NLIN-DLIN_FIXED|SMLP-TCN|Theta|XGBoost,True,732,144,
HDD|Organic|Basilisk|Forest::eurp179,HDD|Organic|Basilisk|Forest,HDD Basilisk,HDD,eurp179,VIEWER_COMPLETE,True,True,True,2250,True,2250,15,True,ARIMA_Fixed|AutoARIMA|ETS Explicit|ETS_Current|FNAR-V2|FixedGrowth_1_5|FixedGrowth_3|FixedGrowth_4|FixedGrowth_6|LightGBM|LinearRegression|NLIN-DLIN_FIXED|SMLP-TCN|Theta|XGBoost,True,732,144,
HDD|Organic|Basilisk|Forest::eurp180,HDD|Organic|Basilisk|Forest,HDD Basilisk,HDD,eurp180,VIEWER_COMPLETE,True,True,True,2250,True,2250,15,True,ARIMA_Fixed|AutoARIMA|ETS Explicit|ETS_Current|FNAR-V2|FixedGrowth_1_5|FixedGrowth_3|FixedGrowth_4|FixedGrowth_6|LightGBM|LinearRegression|NLIN-DLIN_FIXED|SMLP-TCN|Theta|XGBoost,True,732,144,
HDD|Organic|Basilisk|Forest::eurp189,HDD|Organic|Basilisk|Forest,HDD Basilisk,HDD,eurp189,VIEWER_COMPLETE,True,True,True,2250,True,2250,15,True,ARIMA_Fixed|AutoARIMA|ETS Explicit|ETS_Current|FNAR-V2|FixedGrowth_1_5|FixedGrowth_3|FixedGrowth_4|FixedGrowth_6|LightGBM|LinearRegression|NLIN-DLIN_FIXED|SMLP-TCN|Theta|XGBoost,True,732,144,
HDD|Organic|Basilisk|Forest::eurp190,HDD|Organic|Basilisk|Forest,HDD Basilisk,HDD,eurp190,VIEWER_COMPLETE,True,True,True,2250,True,2250,15,True,ARIMA_Fixed|AutoARIMA|ETS Explicit|ETS_Current|FNAR-V2|FixedGrowth_1_5|FixedGrowth_3|FixedGrowth_4|FixedGrowth_6|LightGBM|LinearRegression|NLIN-DLIN_FIXED|SMLP-TCN|Theta|XGBoost,True,732,144,
HDD|Organic|Basilisk|Forest::eurp191,HDD|Organic|Basilisk|Forest,HDD Basilisk,HDD,eurp191,VIEWER_COMPLETE,True,True,True,2250,True,2250,15,True,ARIMA_Fixed|AutoARIMA|ETS Explicit|ETS_Current|FNAR-V2|FixedGrowth_1_5|FixedGrowth_3|FixedGrowth_4|FixedGrowth_6|LightGBM|LinearRegression|NLIN-DLIN_FIXED|SMLP-TCN|Theta|XGBoost,True,732,144,
HDD|Organic|Basilisk|Forest::eurp192,HDD|Organic|Basilisk|Forest,HDD Basilisk,HDD,eurp192,VIEWER_COMPLETE,True,True,True,2250,True,2250,15,True,ARIMA_Fixed|AutoARIMA|ETS Explicit|ETS_Current|FNAR-V2|FixedGrowth_1_5|FixedGrowth_3|FixedGrowth_4|FixedGrowth_6|LightGBM|LinearRegression|NLIN-DLIN_FIXED|SMLP-TCN|Theta|XGBoost,True,732,144,
HDD|Organic|Basilisk|Forest::eurp193,HDD|Organic|Basilisk|Forest,HDD Basilisk,HDD,eurp193,VIEWER_COMPLETE,True,True,True,2250,True,2250,15,True,ARIMA_Fixed|AutoARIMA|ETS Explicit|ETS_Current|FNAR-V2|FixedGrowth_1_5|FixedGrowth_3|FixedGrowth_4|FixedGrowth_6|LightGBM|LinearRegression|NLIN-DLIN_FIXED|SMLP-TCN|Theta|XGBoost,True,732,144,
HDD|Organic|Basilisk|Forest::eurp194,HDD|Organic|Basilisk|Forest,HDD Basilisk,HDD,eurp194,VIEWER_COMPLETE,True,True,True,2250,True,2250,15,True,ARIMA_Fixed|AutoARIMA|ETS Explicit|ETS_Current|FNAR-V2|FixedGrowth_1_5|FixedGrowth_3|FixedGrowth_4|FixedGrowth_6|LightGBM|LinearRegression|NLIN-DLIN_FIXED|SMLP-TCN|Theta|XGBoost,True,732,144,
HDD|Organic|Basilisk|Forest::eurp195,HDD|Organic|Basilisk|Forest,HDD Basilisk,HDD,eurp195,VIEWER_COMPLETE,True,True,True,2250,True,2250,15,True,ARIMA_Fixed|AutoARIMA|ETS Explicit|ETS_Current|FNAR-V2|FixedGrowth_1_5|FixedGrowth_3|FixedGrowth_4|FixedGrowth_6|LightGBM|LinearRegression|NLIN-DLIN_FIXED|SMLP-TCN|Theta|XGBoost,True,732,144,
HDD|Organic|Basilisk|Forest::eurp250,HDD|Organic|Basilisk|Forest,HDD Basilisk,HDD,eurp250,VIEWER_COMPLETE,True,True,True,2250,True,2250,15,True,ARIMA_Fixed|AutoARIMA|ETS Explicit|ETS_Current|FNAR-V2|FixedGrowth_1_5|FixedGrowth_3|FixedGrowth_4|FixedGrowth_6|LightGBM|LinearRegression|NLIN-DLIN_FIXED|SMLP-TCN|Theta|XGBoost,True,732,144,
HDD|Organic|Basilisk|Forest::eurp251,HDD|Organic|Basilisk|Forest,HDD Basilisk,HDD,eurp251,VIEWER_COMPLETE,True,True,True,2250,True,2250,15,True,ARIMA_Fixed|AutoARIMA|ETS Explicit|ETS_Current|FNAR-V2|FixedGrowth_1_5|FixedGrowth_3|FixedGrowth_4|FixedGrowth_6|LightGBM|LinearRegression|NLIN-DLIN_FIXED|SMLP-TCN|Theta|XGBoost,True,732,144,
HDD|Organic|Basilisk|Forest::eurp309,HDD|Organic|Basilisk|Forest,HDD Basilisk,HDD,eurp309,VIEWER_COMPLETE,True,True,True,2250,True,2250,15,True,ARIMA_Fixed|AutoARIMA|ETS Explicit|ETS_Current|FNAR-V2|FixedGrowth_1_5|FixedGrowth_3|FixedGrowth_4|FixedGrowth_6|LightGBM|LinearRegression|NLIN-DLIN_FIXED|SMLP-TCN|Theta|XGBoost,True,732,144,
HDD|Organic|Basilisk|Forest::eurprd01,HDD|Organic|Basilisk|Forest,HDD Basilisk,HDD,eurprd01,VIEWER_COMPLETE,True,True,True,2250,True,2250,15,True,ARIMA_Fixed|AutoARIMA|ETS Explicit|ETS_Current|FNAR-V2|FixedGrowth_1_5|FixedGrowth_3|FixedGrowth_4|FixedGrowth_6|LightGBM|LinearRegression|NLIN-DLIN_FIXED|SMLP-TCN|Theta|XGBoost,True,732,144,
HDD|Organic|Basilisk|Forest::eurprd02,HDD|Organic|Basilisk|Forest,HDD Basilisk,HDD,eurprd02,VIEWER_COMPLETE,True,True,True,2250,True,2250,15,True,ARIMA_Fixed|AutoARIMA|ETS Explicit|ETS_Current|FNAR-V2|FixedGrowth_1_5|FixedGrowth_3|FixedGrowth_4|FixedGrowth_6|LightGBM|LinearRegression|NLIN-DLIN_FIXED|SMLP-TCN|Theta|XGBoost,True,732,144,
HDD|Organic|Basilisk|Forest::eurprd03,HDD|Organic|Basilisk|Forest,HDD Basilisk,HDD,eurprd03,VIEWER_COMPLETE,True,True,True,2250,True,2250,15,True,ARIMA_Fixed|AutoARIMA|ETS Explicit|ETS_Current|FNAR-V2|FixedGrowth_1_5|FixedGrowth_3|FixedGrowth_4|FixedGrowth_6|LightGBM|LinearRegression|NLIN-DLIN_FIXED|SMLP-TCN|Theta|XGBoost,True,732,144,
HDD|Organic|Basilisk|Forest::eurprd04,HDD|Organic|Basilisk|Forest,HDD Basilisk,HDD,eurprd04,VIEWER_COMPLETE,True,True,True,2250,True,2250,15,True,ARIMA_Fixed|AutoARIMA|ETS Explicit|ETS_Current|FNAR-V2|FixedGrowth_1_5|FixedGrowth_3|FixedGrowth_4|FixedGrowth_6|LightGBM|LinearRegression|NLIN-DLIN_FIXED|SMLP-TCN|Theta|XGBoost,True,732,144,
HDD|Organic|Basilisk|Forest::eurprd05,HDD|Organic|Basilisk|Forest,HDD Basilisk,HDD,eurprd05,VIEWER_COMPLETE,True,True,True,2250,True,2250,15,True,ARIMA_Fixed|AutoARIMA|ETS Explicit|ETS_Current|FNAR-V2|FixedGrowth_1_5|FixedGrowth_3|FixedGrowth_4|FixedGrowth_6|LightGBM|LinearRegression|NLIN-DLIN_FIXED|SMLP-TCN|Theta|XGBoost,True,732,144,
HDD|Organic|Basilisk|Forest::eurprd06,HDD|Organic|Basilisk|Forest,HDD Basilisk,HDD,eurprd06,VIEWER_COMPLETE,True,True,True,2250,True,2250,15,True,ARIMA_Fixed|AutoARIMA|ETS Explicit|ETS_Current|FNAR-V2|FixedGrowth_1_5|FixedGrowth_3|FixedGrowth_4|FixedGrowth_6|LightGBM|LinearRegression|NLIN-DLIN_FIXED|SMLP-TCN|Theta|XGBoost,True,732,144,
HDD|Organic|Basilisk|Forest::eurprd07,HDD|Organic|Basilisk|Forest,HDD Basilisk,HDD,eurprd07,VIEWER_COMPLETE,True,True,True,2250,True,2250,15,True,ARIMA_Fixed|AutoARIMA|ETS Explicit|ETS_Current|FNAR-V2|FixedGrowth_1_5|FixedGrowth_3|FixedGrowth_4|FixedGrowth_6|LightGBM|LinearRegression|NLIN-DLIN_FIXED|SMLP-TCN|Theta|XGBoost,True,732,144,
HDD|Organic|Basilisk|Forest::eurprd08,HDD|Organic|Basilisk|Forest,HDD Basilisk,HDD,eurprd08,VIEWER_COMPLETE,True,True,True,2250,True,2250,15,True,ARIMA_Fixed|AutoARIMA|ETS Explicit|ETS_Current|FNAR-V2|FixedGrowth_1_5|FixedGrowth_3|FixedGrowth_4|FixedGrowth_6|LightGBM|LinearRegression|NLIN-DLIN_FIXED|SMLP-TCN|Theta|XGBoost,True,732,144,
HDD|Organic|Basilisk|Forest::eurprd09,HDD|Organic|Basilisk|Forest,HDD Basilisk,HDD,eurprd09,VIEWER_COMPLETE,True,True,True,2250,True,2250,15,True,ARIMA_Fixed|AutoARIMA|ETS Explicit|ETS_Current|FNAR-V2|FixedGrowth_1_5|FixedGrowth_3|FixedGrowth_4|FixedGrowth_6|LightGBM|LinearRegression|NLIN-DLIN_FIXED|SMLP-TCN|Theta|XGBoost,True,732,144,
HDD|Organic|Basilisk|Forest::eurprd10,HDD|Organic|Basilisk|Forest,HDD Basilisk,HDD,eurprd10,VIEWER_COMPLETE,True,True,True,2250,True,2250,15,True,ARIMA_Fixed|AutoARIMA|ETS Explicit|ETS_Current|FNAR-V2|FixedGrowth_1_5|FixedGrowth_3|FixedGrowth_4|FixedGrowth_6|LightGBM|LinearRegression|NLIN-DLIN_FIXED|SMLP-TCN|Theta|XGBoost,True,732,144,
HDD|Organic|Basilisk|Forest::eurprd83,HDD|Organic|Basilisk|Forest,HDD Basilisk,HDD,eurprd83,VIEWER_COMPLETE,True,True,True,2250,True,2250,15,True,ARIMA_Fixed|AutoARIMA|ETS Explicit|ETS_Current|FNAR-V2|FixedGrowth_1_5|FixedGrowth_3|FixedGrowth_4|FixedGrowth_6|LightGBM|LinearRegression|NLIN-DLIN_FIXED|SMLP-TCN|Theta|XGBoost,True,732,144,
HDD|Organic|Basilisk|Forest::frap264,HDD|Organic|Basilisk|Forest,HDD Basilisk,HDD,frap264,VIEWER_COMPLETE,True,True,True,2250,True,2250,15,True,ARIMA_Fixed|AutoARIMA|ETS Explicit|ETS_Current|FNAR-V2|FixedGrowth_1_5|FixedGrowth_3|FixedGrowth_4|FixedGrowth_6|LightGBM|LinearRegression|NLIN-DLIN_FIXED|SMLP-TCN|Theta|XGBoost,True,732,144,
HDD|Organic|Basilisk|Forest::gbrp123,HDD|Organic|Basilisk|Forest,HDD Basilisk,HDD,gbrp123,VIEWER_COMPLETE,True,True,True,2250,True,2250,15,True,ARIMA_Fixed|AutoARIMA|ETS Explicit|ETS_Current|FNAR-V2|FixedGrowth_1_5|FixedGrowth_3|FixedGrowth_4|FixedGrowth_6|LightGBM|LinearRegression|NLIN-DLIN_FIXED|SMLP-TCN|Theta|XGBoost,True,732,144,
HDD|Organic|Basilisk|Forest::gbrp265,HDD|Organic|Basilisk|Forest,HDD Basilisk,HDD,gbrp265,VIEWER_COMPLETE,True,True,True,2250,True,2250,15,True,ARIMA_Fixed|AutoARIMA|ETS Explicit|ETS_Current|FNAR-V2|FixedGrowth_1_5|FixedGrowth_3|FixedGrowth_4|FixedGrowth_6|LightGBM|LinearRegression|NLIN-DLIN_FIXED|SMLP-TCN|Theta|XGBoost,True,732,144,
HDD|Organic|Basilisk|Forest::gbrp267,HDD|Organic|Basilisk|Forest,HDD Basilisk,HDD,gbrp267,VIEWER_COMPLETE,True,True,True,2250,True,2250,15,True,ARIMA_Fixed|AutoARIMA|ETS Explicit|ETS_Current|FNAR-V2|FixedGrowth_1_5|FixedGrowth_3|FixedGrowth_4|FixedGrowth_6|LightGBM|LinearRegression|NLIN-DLIN_FIXED|SMLP-TCN|Theta|XGBoost,True,732,144,
HDD|Organic|Basilisk|Forest::gbrp302,HDD|Organic|Basilisk|Forest,HDD Basilisk,HDD,gbrp302,VIEWER_COMPLETE,True,True,True,2250,True,2250,15,True,ARIMA_Fixed|AutoARIMA|ETS Explicit|ETS_Current|FNAR-V2|FixedGrowth_1_5|FixedGrowth_3|FixedGrowth_4|FixedGrowth_6|LightGBM|LinearRegression|NLIN-DLIN_FIXED|SMLP-TCN|Theta|XGBoost,True,732,144,
HDD|Organic|Basilisk|Forest::idnp305,HDD|Organic|Basilisk|Forest,HDD Basilisk,HDD,idnp305,VIEWER_COMPLETE,True,True,True,2250,True,2250,15,True,ARIMA_Fixed|AutoARIMA|ETS Explicit|ETS_Current|FNAR-V2|FixedGrowth_1_5|FixedGrowth_3|FixedGrowth_4|FixedGrowth_6|LightGBM|LinearRegression|NLIN-DLIN_FIXED|SMLP-TCN|Theta|XGBoost,True,732,144,
HDD|Organic|Basilisk|Forest::indp287,HDD|Organic|Basilisk|Forest,HDD Basilisk,HDD,indp287,VIEWER_COMPLETE,True,True,True,2250,True,2250,15,True,ARIMA_Fixed|AutoARIMA|ETS Explicit|ETS_Current|FNAR-V2|FixedGrowth_1_5|FixedGrowth_3|FixedGrowth_4|FixedGrowth_6|LightGBM|LinearRegression|NLIN-DLIN_FIXED|SMLP-TCN|Theta|XGBoost,True,732,144,
HDD|Organic|Basilisk|Forest::indprd01,HDD|Organic|Basilisk|Forest,HDD Basilisk,HDD,indprd01,VIEWER_COMPLETE,True,True,True,2250,True,2250,15,True,ARIMA_Fixed|AutoARIMA|ETS Explicit|ETS_Current|FNAR-V2|FixedGrowth_1_5|FixedGrowth_3|FixedGrowth_4|FixedGrowth_6|LightGBM|LinearRegression|NLIN-DLIN_FIXED|SMLP-TCN|Theta|XGBoost,True,732,144,
HDD|Organic|Basilisk|Forest::isrp290,HDD|Organic|Basilisk|Forest,HDD Basilisk,HDD,isrp290,VIEWER_COMPLETE,True,True,True,2250,True,2250,15,True,ARIMA_Fixed|AutoARIMA|ETS Explicit|ETS_Current|FNAR-V2|FixedGrowth_1_5|FixedGrowth_3|FixedGrowth_4|FixedGrowth_6|LightGBM|LinearRegression|NLIN-DLIN_FIXED|SMLP-TCN|Theta|XGBoost,True,732,144,
HDD|Organic|Basilisk|Forest::itap293,HDD|Organic|Basilisk|Forest,HDD Basilisk,HDD,itap293,VIEWER_COMPLETE,True,True,True,2250,True,2250,15,True,ARIMA_Fixed|AutoARIMA|ETS Explicit|ETS_Current|FNAR-V2|FixedGrowth_1_5|FixedGrowth_3|FixedGrowth_4|FixedGrowth_6|LightGBM|LinearRegression|NLIN-DLIN_FIXED|SMLP-TCN|Theta|XGBoost,True,732,144,
HDD|Organic|Basilisk|Forest::jpnp286,HDD|Organic|Basilisk|Forest,HDD Basilisk,HDD,jpnp286,VIEWER_COMPLETE,True,True,True,2250,True,2250,15,True,ARIMA_Fixed|AutoARIMA|ETS Explicit|ETS_Current|FNAR-V2|FixedGrowth_1_5|FixedGrowth_3|FixedGrowth_4|FixedGrowth_6|LightGBM|LinearRegression|NLIN-DLIN_FIXED|SMLP-TCN|Theta|XGBoost,True,732,144,
HDD|Organic|Basilisk|Forest::jpnp301,HDD|Organic|Basilisk|Forest,HDD Basilisk,HDD,jpnp301,VIEWER_COMPLETE,True,True,True,2250,True,2250,15,True,ARIMA_Fixed|AutoARIMA|ETS Explicit|ETS_Current|FNAR-V2|FixedGrowth_1_5|FixedGrowth_3|FixedGrowth_4|FixedGrowth_6|LightGBM|LinearRegression|NLIN-DLIN_FIXED|SMLP-TCN|Theta|XGBoost,True,732,144,
HDD|Organic|Basilisk|Forest::jpnprd01,HDD|Organic|Basilisk|Forest,HDD Basilisk,HDD,jpnprd01,VIEWER_COMPLETE,True,True,True,2250,True,2250,15,True,ARIMA_Fixed|AutoARIMA|ETS Explicit|ETS_Current|FNAR-V2|FixedGrowth_1_5|FixedGrowth_3|FixedGrowth_4|FixedGrowth_6|LightGBM|LinearRegression|NLIN-DLIN_FIXED|SMLP-TCN|Theta|XGBoost,True,732,144,
HDD|Organic|Basilisk|Forest::korp216,HDD|Organic|Basilisk|Forest,HDD Basilisk,HDD,korp216,VIEWER_COMPLETE,True,True,True,2250,True,2250,15,True,ARIMA_Fixed|AutoARIMA|ETS Explicit|ETS_Current|FNAR-V2|FixedGrowth_1_5|FixedGrowth_3|FixedGrowth_4|FixedGrowth_6|LightGBM|LinearRegression|NLIN-DLIN_FIXED|SMLP-TCN|Theta|XGBoost,True,732,144,
HDD|Organic|Basilisk|Forest::lamp152,HDD|Organic|Basilisk|Forest,HDD Basilisk,HDD,lamp152,VIEWER_COMPLETE,True,True,True,2250,True,2250,15,True,ARIMA_Fixed|AutoARIMA|ETS Explicit|ETS_Current|FNAR-V2|FixedGrowth_1_5|FixedGrowth_3|FixedGrowth_4|FixedGrowth_6|LightGBM|LinearRegression|NLIN-DLIN_FIXED|SMLP-TCN|Theta|XGBoost,True,732,144,
HDD|Organic|Basilisk|Forest::lamp215,HDD|Organic|Basilisk|Forest,HDD Basilisk,HDD,lamp215,VIEWER_COMPLETE,True,True,True,2250,True,2250,15,True,ARIMA_Fixed|AutoARIMA|ETS Explicit|ETS_Current|FNAR-V2|FixedGrowth_1_5|FixedGrowth_3|FixedGrowth_4|FixedGrowth_6|LightGBM|LinearRegression|NLIN-DLIN_FIXED|SMLP-TCN|Theta|XGBoost,True,732,144,
HDD|Organic|Basilisk|Forest::lamprd80,HDD|Organic|Basilisk|Forest,HDD Basilisk,HDD,lamprd80,VIEWER_COMPLETE,True,True,True,2250,True,2250,15,True,ARIMA_Fixed|AutoARIMA|ETS Explicit|ETS_Current|FNAR-V2|FixedGrowth_1_5|FixedGrowth_3|FixedGrowth_4|FixedGrowth_6|LightGBM|LinearRegression|NLIN-DLIN_FIXED|SMLP-TCN|Theta|XGBoost,True,732,144,
HDD|Organic|Basilisk|Forest::mexp297,HDD|Organic|Basilisk|Forest,HDD Basilisk,HDD,mexp297,VIEWER_COMPLETE,True,True,True,2250,True,2250,15,True,ARIMA_Fixed|AutoARIMA|ETS Explicit|ETS_Current|FNAR-V2|FixedGrowth_1_5|FixedGrowth_3|FixedGrowth_4|FixedGrowth_6|LightGBM|LinearRegression|NLIN-DLIN_FIXED|SMLP-TCN|Theta|XGBoost,True,732,144,
HDD|Organic|Basilisk|Forest::mysp306,HDD|Organic|Basilisk|Forest,HDD Basilisk,HDD,mysp306,VIEWER_COMPLETE,True,True,True,2250,True,2250,15,True,ARIMA_Fixed|AutoARIMA|ETS Explicit|ETS_Current|FNAR-V2|FixedGrowth_1_5|FixedGrowth_3|FixedGrowth_4|FixedGrowth_6|LightGBM|LinearRegression|NLIN-DLIN_FIXED|SMLP-TCN|Theta|XGBoost,True,732,144,
HDD|Organic|Basilisk|Forest::namp100,HDD|Organic|Basilisk|Forest,HDD Basilisk,HDD,namp100,VIEWER_COMPLETE,True,True,True,2250,True,2250,15,True,ARIMA_Fixed|AutoARIMA|ETS Explicit|ETS_Current|FNAR-V2|FixedGrowth_1_5|FixedGrowth_3|FixedGrowth_4|FixedGrowth_6|LightGBM|LinearRegression|NLIN-DLIN_FIXED|SMLP-TCN|Theta|XGBoost,True,732,144,
HDD|Organic|Basilisk|Forest::namp101,HDD|Organic|Basilisk|Forest,HDD Basilisk,HDD,namp101,VIEWER_COMPLETE,True,True,True,2250,True,2250,15,True,ARIMA_Fixed|AutoARIMA|ETS Explicit|ETS_Current|FNAR-V2|FixedGrowth_1_5|FixedGrowth_3|FixedGrowth_4|FixedGrowth_6|LightGBM|LinearRegression|NLIN-DLIN_FIXED|SMLP-TCN|Theta|XGBoost,True,732,144,
HDD|Organic|Basilisk|Forest::namp102,HDD|Organic|Basilisk|Forest,HDD Basilisk,HDD,namp102,VIEWER_COMPLETE,True,True,True,2250,True,2250,15,True,ARIMA_Fixed|AutoARIMA|ETS Explicit|ETS_Current|FNAR-V2|FixedGrowth_1_5|FixedGrowth_3|FixedGrowth_4|FixedGrowth_6|LightGBM|LinearRegression|NLIN-DLIN_FIXED|SMLP-TCN|Theta|XGBoost,True,732,144,
HDD|Organic|Basilisk|Forest::namp103,HDD|Organic|Basilisk|Forest,HDD Basilisk,HDD,namp103,VIEWER_COMPLETE,True,True,True,2250,True,2250,15,True,ARIMA_Fixed|AutoARIMA|ETS Explicit|ETS_Current|FNAR-V2|FixedGrowth_1_5|FixedGrowth_3|FixedGrowth_4|FixedGrowth_6|LightGBM|LinearRegression|NLIN-DLIN_FIXED|SMLP-TCN|Theta|XGBoost,True,732,144,
HDD|Organic|Basilisk|Forest::namp104,HDD|Organic|Basilisk|Forest,HDD Basilisk,HDD,namp104,VIEWER_COMPLETE,True,True,True,2250,True,2250,15,True,ARIMA_Fixed|AutoARIMA|ETS Explicit|ETS_Current|FNAR-V2|FixedGrowth_1_5|FixedGrowth_3|FixedGrowth_4|FixedGrowth_6|LightGBM|LinearRegression|NLIN-DLIN_FIXED|SMLP-TCN|Theta|XGBoost,True,732,144,
HDD|Organic|Basilisk|Forest::namp105,HDD|Organic|Basilisk|Forest,HDD Basilisk,HDD,namp105,VIEWER_COMPLETE,True,True,True,2250,True,2250,15,True,ARIMA_Fixed|AutoARIMA|ETS Explicit|ETS_Current|FNAR-V2|FixedGrowth_1_5|FixedGrowth_3|FixedGrowth_4|FixedGrowth_6|LightGBM|LinearRegression|NLIN-DLIN_FIXED|SMLP-TCN|Theta|XGBoost,True,732,144,
HDD|Organic|Basilisk|Forest::namp106,HDD|Organic|Basilisk|Forest,HDD Basilisk,HDD,namp106,VIEWER_COMPLETE,True,True,True,2250,True,2250,15,True,ARIMA_Fixed|AutoARIMA|ETS Explicit|ETS_Current|FNAR-V2|FixedGrowth_1_5|FixedGrowth_3|FixedGrowth_4|FixedGrowth_6|LightGBM|LinearRegression|NLIN-DLIN_FIXED|SMLP-TCN|Theta|XGBoost,True,732,144,
HDD|Organic|Basilisk|Forest::namp108,HDD|Organic|Basilisk|Forest,HDD Basilisk,HDD,namp108,VIEWER_COMPLETE,True,True,True,2250,True,2250,15,True,ARIMA_Fixed|AutoARIMA|ETS Explicit|ETS_Current|FNAR-V2|FixedGrowth_1_5|FixedGrowth_3|FixedGrowth_4|FixedGrowth_6|LightGBM|LinearRegression|NLIN-DLIN_FIXED|SMLP-TCN|Theta|XGBoost,True,732,144,
HDD|Organic|Basilisk|Forest::namp109,HDD|Organic|Basilisk|Forest,HDD Basilisk,HDD,namp109,VIEWER_COMPLETE,True,True,True,2250,True,2250,15,True,ARIMA_Fixed|AutoARIMA|ETS Explicit|ETS_Current|FNAR-V2|FixedGrowth_1_5|FixedGrowth_3|FixedGrowth_4|FixedGrowth_6|LightGBM|LinearRegression|NLIN-DLIN_FIXED|SMLP-TCN|Theta|XGBoost,True,732,144,
HDD|Organic|Basilisk|Forest::namp110,HDD|Organic|Basilisk|Forest,HDD Basilisk,HDD,namp110,VIEWER_COMPLETE,True,True,True,2250,True,2250,15,True,ARIMA_Fixed|AutoARIMA|ETS Explicit|ETS_Current|FNAR-V2|FixedGrowth_1_5|FixedGrowth_3|FixedGrowth_4|FixedGrowth_6|LightGBM|LinearRegression|NLIN-DLIN_FIXED|SMLP-TCN|Theta|XGBoost,True,732,144,
HDD|Organic|Basilisk|Forest::namp111,HDD|Organic|Basilisk|Forest,HDD Basilisk,HDD,namp111,VIEWER_COMPLETE,True,True,True,2250,True,2250,15,True,ARIMA_Fixed|AutoARIMA|ETS Explicit|ETS_Current|FNAR-V2|FixedGrowth_1_5|FixedGrowth_3|FixedGrowth_4|FixedGrowth_6|LightGBM|LinearRegression|NLIN-DLIN_FIXED|SMLP-TCN|Theta|XGBoost,True,732,144,
HDD|Organic|Basilisk|Forest::namp113,HDD|Organic|Basilisk|Forest,HDD Basilisk,HDD,namp113,VIEWER_COMPLETE,True,True,True,2250,True,2250,15,True,ARIMA_Fixed|AutoARIMA|ETS Explicit|ETS_Current|FNAR-V2|FixedGrowth_1_5|FixedGrowth_3|FixedGrowth_4|FixedGrowth_6|LightGBM|LinearRegression|NLIN-DLIN_FIXED|SMLP-TCN|Theta|XGBoost,True,732,144,
HDD|Organic|Basilisk|Forest::namp114,HDD|Organic|Basilisk|Forest,HDD Basilisk,HDD,namp114,VIEWER_COMPLETE,True,True,True,2250,True,2250,15,True,ARIMA_Fixed|AutoARIMA|ETS Explicit|ETS_Current|FNAR-V2|FixedGrowth_1_5|FixedGrowth_3|FixedGrowth_4|FixedGrowth_6|LightGBM|LinearRegression|NLIN-DLIN_FIXED|SMLP-TCN|Theta|XGBoost,True,732,144,
HDD|Organic|Basilisk|Forest::namp115,HDD|Organic|Basilisk|Forest,HDD Basilisk,HDD,namp115,VIEWER_COMPLETE,True,True,True,2250,True,2250,15,True,ARIMA_Fixed|AutoARIMA|ETS Explicit|ETS_Current|FNAR-V2|FixedGrowth_1_5|FixedGrowth_3|FixedGrowth_4|FixedGrowth_6|LightGBM|LinearRegression|NLIN-DLIN_FIXED|SMLP-TCN|Theta|XGBoost,True,732,144,
HDD|Organic|Basilisk|Forest::namp116,HDD|Organic|Basilisk|Forest,HDD Basilisk,HDD,namp116,VIEWER_COMPLETE,True,True,True,2250,True,2250,15,True,ARIMA_Fixed|AutoARIMA|ETS Explicit|ETS_Current|FNAR-V2|FixedGrowth_1_5|FixedGrowth_3|FixedGrowth_4|FixedGrowth_6|LightGBM|LinearRegression|NLIN-DLIN_FIXED|SMLP-TCN|Theta|XGBoost,True,732,144,
HDD|Organic|Basilisk|Forest::namp118,HDD|Organic|Basilisk|Forest,HDD Basilisk,HDD,namp118,VIEWER_COMPLETE,True,True,True,2250,True,2250,15,True,ARIMA_Fixed|AutoARIMA|ETS Explicit|ETS_Current|FNAR-V2|FixedGrowth_1_5|FixedGrowth_3|FixedGrowth_4|FixedGrowth_6|LightGBM|LinearRegression|NLIN-DLIN_FIXED|SMLP-TCN|Theta|XGBoost,True,732,144,
HDD|Organic|Basilisk|Forest::namp125,HDD|Organic|Basilisk|Forest,HDD Basilisk,HDD,namp125,VIEWER_COMPLETE,True,True,True,2250,True,2250,15,True,ARIMA_Fixed|AutoARIMA|ETS Explicit|ETS_Current|FNAR-V2|FixedGrowth_1_5|FixedGrowth_3|FixedGrowth_4|FixedGrowth_6|LightGBM|LinearRegression|NLIN-DLIN_FIXED|SMLP-TCN|Theta|XGBoost,True,732,144,
HDD|Organic|Basilisk|Forest::namp126,HDD|Organic|Basilisk|Forest,HDD Basilisk,HDD,namp126,VIEWER_COMPLETE,True,True,True,2250,True,2250,15,True,ARIMA_Fixed|AutoARIMA|ETS Explicit|ETS_Current|FNAR-V2|FixedGrowth_1_5|FixedGrowth_3|FixedGrowth_4|FixedGrowth_6|LightGBM|LinearRegression|NLIN-DLIN_FIXED|SMLP-TCN|Theta|XGBoost,True,732,144,
HDD|Organic|Basilisk|Forest::namp128,HDD|Organic|Basilisk|Forest,HDD Basilisk,HDD,namp128,VIEWER_COMPLETE,True,True,True,2250,True,2250,15,True,ARIMA_Fixed|AutoARIMA|ETS Explicit|ETS_Current|FNAR-V2|FixedGrowth_1_5|FixedGrowth_3|FixedGrowth_4|FixedGrowth_6|LightGBM|LinearRegression|NLIN-DLIN_FIXED|SMLP-TCN|Theta|XGBoost,True,732,144,
HDD|Organic|Basilisk|Forest::namp129,HDD|Organic|Basilisk|Forest,HDD Basilisk,HDD,namp129,VIEWER_COMPLETE,True,True,True,2250,True,2250,15,True,ARIMA_Fixed|AutoARIMA|ETS Explicit|ETS_Current|FNAR-V2|FixedGrowth_1_5|FixedGrowth_3|FixedGrowth_4|FixedGrowth_6|LightGBM|LinearRegression|NLIN-DLIN_FIXED|SMLP-TCN|Theta|XGBoost,True,732,144,
HDD|Organic|Basilisk|Forest::namp130,HDD|Organic|Basilisk|Forest,HDD Basilisk,HDD,namp130,VIEWER_COMPLETE,True,True,True,2250,True,2250,15,True,ARIMA_Fixed|AutoARIMA|ETS Explicit|ETS_Current|FNAR-V2|FixedGrowth_1_5|FixedGrowth_3|FixedGrowth_4|FixedGrowth_6|LightGBM|LinearRegression|NLIN-DLIN_FIXED|SMLP-TCN|Theta|XGBoost,True,732,144,
HDD|Organic|Basilisk|Forest::namp131,HDD|Organic|Basilisk|Forest,HDD Basilisk,HDD,namp131,VIEWER_COMPLETE,True,True,True,2250,True,2250,15,True,ARIMA_Fixed|AutoARIMA|ETS Explicit|ETS_Current|FNAR-V2|FixedGrowth_1_5|FixedGrowth_3|FixedGrowth_4|FixedGrowth_6|LightGBM|LinearRegression|NLIN-DLIN_FIXED|SMLP-TCN|Theta|XGBoost,True,732,144,
HDD|Organic|Basilisk|Forest::namp132,HDD|Organic|Basilisk|Forest,HDD Basilisk,HDD,namp132,VIEWER_COMPLETE,True,True,True,2250,True,2250,15,True,ARIMA_Fixed|AutoARIMA|ETS Explicit|ETS_Current|FNAR-V2|FixedGrowth_1_5|FixedGrowth_3|FixedGrowth_4|FixedGrowth_6|LightGBM|LinearRegression|NLIN-DLIN_FIXED|SMLP-TCN|Theta|XGBoost,True,732,144,
HDD|Organic|Basilisk|Forest::namp133,HDD|Organic|Basilisk|Forest,HDD Basilisk,HDD,namp133,VIEWER_COMPLETE,True,True,True,2250,True,2250,15,True,ARIMA_Fixed|AutoARIMA|ETS Explicit|ETS_Current|FNAR-V2|FixedGrowth_1_5|FixedGrowth_3|FixedGrowth_4|FixedGrowth_6|LightGBM|LinearRegression|NLIN-DLIN_FIXED|SMLP-TCN|Theta|XGBoost,True,732,144,
HDD|Organic|Basilisk|Forest::namp134,HDD|Organic|Basilisk|Forest,HDD Basilisk,HDD,namp134,VIEWER_COMPLETE,True,True,True,2250,True,2250,15,True,ARIMA_Fixed|AutoARIMA|ETS Explicit|ETS_Current|FNAR-V2|FixedGrowth_1_5|FixedGrowth_3|FixedGrowth_4|FixedGrowth_6|LightGBM|LinearRegression|NLIN-DLIN_FIXED|SMLP-TCN|Theta|XGBoost,True,732,144,
HDD|Organic|Basilisk|Forest::namp135,HDD|Organic|Basilisk|Forest,HDD Basilisk,HDD,namp135,VIEWER_COMPLETE,True,True,True,2250,True,2250,15,True,ARIMA_Fixed|AutoARIMA|ETS Explicit|ETS_Current|FNAR-V2|FixedGrowth_1_5|FixedGrowth_3|FixedGrowth_4|FixedGrowth_6|LightGBM|LinearRegression|NLIN-DLIN_FIXED|SMLP-TCN|Theta|XGBoost,True,732,144,
HDD|Organic|Basilisk|Forest::namp136,HDD|Organic|Basilisk|Forest,HDD Basilisk,HDD,namp136,VIEWER_COMPLETE,True,True,True,2250,True,2250,15,True,ARIMA_Fixed|AutoARIMA|ETS Explicit|ETS_Current|FNAR-V2|FixedGrowth_1_5|FixedGrowth_3|FixedGrowth_4|FixedGrowth_6|LightGBM|LinearRegression|NLIN-DLIN_FIXED|SMLP-TCN|Theta|XGBoost,True,732,144,
HDD|Organic|Basilisk|Forest::namp154,HDD|Organic|Basilisk|Forest,HDD Basilisk,HDD,namp154,VIEWER_COMPLETE,True,True,True,2250,True,2250,15,True,ARIMA_Fixed|AutoARIMA|ETS Explicit|ETS_Current|FNAR-V2|FixedGrowth_1_5|FixedGrowth_3|FixedGrowth_4|FixedGrowth_6|LightGBM|LinearRegression|NLIN-DLIN_FIXED|SMLP-TCN|Theta|XGBoost,True,732,144,
HDD|Organic|Basilisk|Forest::namp157,HDD|Organic|Basilisk|Forest,HDD Basilisk,HDD,namp157,VIEWER_COMPLETE,True,True,True,2250,True,2250,15,True,ARIMA_Fixed|AutoARIMA|ETS Explicit|ETS_Current|FNAR-V2|FixedGrowth_1_5|FixedGrowth_3|FixedGrowth_4|FixedGrowth_6|LightGBM|LinearRegression|NLIN-DLIN_FIXED|SMLP-TCN|Theta|XGBoost,True,732,144,
HDD|Organic|Basilisk|Forest::namp158,HDD|Organic|Basilisk|Forest,HDD Basilisk,HDD,namp158,VIEWER_COMPLETE,True,True,True,2250,True,2250,15,True,ARIMA_Fixed|AutoARIMA|ETS Explicit|ETS_Current|FNAR-V2|FixedGrowth_1_5|FixedGrowth_3|FixedGrowth_4|FixedGrowth_6|LightGBM|LinearRegression|NLIN-DLIN_FIXED|SMLP-TCN|Theta|XGBoost,True,732,144,
HDD|Organic|Basilisk|Forest::namp159,HDD|Organic|Basilisk|Forest,HDD Basilisk,HDD,namp159,VIEWER_COMPLETE,True,True,True,2250,True,2250,15,True,ARIMA_Fixed|AutoARIMA|ETS Explicit|ETS_Current|FNAR-V2|FixedGrowth_1_5|FixedGrowth_3|FixedGrowth_4|FixedGrowth_6|LightGBM|LinearRegression|NLIN-DLIN_FIXED|SMLP-TCN|Theta|XGBoost,True,732,144,
HDD|Organic|Basilisk|Forest::namp161,HDD|Organic|Basilisk|Forest,HDD Basilisk,HDD,namp161,VIEWER_COMPLETE,True,True,True,2250,True,2250,15,True,ARIMA_Fixed|AutoARIMA|ETS Explicit|ETS_Current|FNAR-V2|FixedGrowth_1_5|FixedGrowth_3|FixedGrowth_4|FixedGrowth_6|LightGBM|LinearRegression|NLIN-DLIN_FIXED|SMLP-TCN|Theta|XGBoost,True,732,144,
HDD|Organic|Basilisk|Forest::namp162,HDD|Organic|Basilisk|Forest,HDD Basilisk,HDD,namp162,VIEWER_COMPLETE,True,True,True,2250,True,2250,15,True,ARIMA_Fixed|AutoARIMA|ETS Explicit|ETS_Current|FNAR-V2|FixedGrowth_1_5|FixedGrowth_3|FixedGrowth_4|FixedGrowth_6|LightGBM|LinearRegression|NLIN-DLIN_FIXED|SMLP-TCN|Theta|XGBoost,True,732,144,
HDD|Organic|Basilisk|Forest::namp163,HDD|Organic|Basilisk|Forest,HDD Basilisk,HDD,namp163,VIEWER_COMPLETE,True,True,True,2250,True,2250,15,True,ARIMA_Fixed|AutoARIMA|ETS Explicit|ETS_Current|FNAR-V2|FixedGrowth_1_5|FixedGrowth_3|FixedGrowth_4|FixedGrowth_6|LightGBM|LinearRegression|NLIN-DLIN_FIXED|SMLP-TCN|Theta|XGBoost,True,732,144,
HDD|Organic|Basilisk|Forest::namp164,HDD|Organic|Basilisk|Forest,HDD Basilisk,HDD,namp164,VIEWER_COMPLETE,True,True,True,2250,True,2250,15,True,ARIMA_Fixed|AutoARIMA|ETS Explicit|ETS_Current|FNAR-V2|FixedGrowth_1_5|FixedGrowth_3|FixedGrowth_4|FixedGrowth_6|LightGBM|LinearRegression|NLIN-DLIN_FIXED|SMLP-TCN|Theta|XGBoost,True,732,144,
HDD|Organic|Basilisk|Forest::namp166,HDD|Organic|Basilisk|Forest,HDD Basilisk,HDD,namp166,VIEWER_COMPLETE,True,True,True,2250,True,2250,15,True,ARIMA_Fixed|AutoARIMA|ETS Explicit|ETS_Current|FNAR-V2|FixedGrowth_1_5|FixedGrowth_3|FixedGrowth_4|FixedGrowth_6|LightGBM|LinearRegression|NLIN-DLIN_FIXED|SMLP-TCN|Theta|XGBoost,True,732,144,
HDD|Organic|Basilisk|Forest::namp167,HDD|Organic|Basilisk|Forest,HDD Basilisk,HDD,namp167,VIEWER_COMPLETE,True,True,True,2250,True,2250,15,True,ARIMA_Fixed|AutoARIMA|ETS Explicit|ETS_Current|FNAR-V2|FixedGrowth_1_5|FixedGrowth_3|FixedGrowth_4|FixedGrowth_6|LightGBM|LinearRegression|NLIN-DLIN_FIXED|SMLP-TCN|Theta|XGBoost,True,732,144,
HDD|Organic|Basilisk|Forest::namp169,HDD|Organic|Basilisk|Forest,HDD Basilisk,HDD,namp169,VIEWER_COMPLETE,True,True,True,2250,True,2250,15,True,ARIMA_Fixed|AutoARIMA|ETS Explicit|ETS_Current|FNAR-V2|FixedGrowth_1_5|FixedGrowth_3|FixedGrowth_4|FixedGrowth_6|LightGBM|LinearRegression|NLIN-DLIN_FIXED|SMLP-TCN|Theta|XGBoost,True,732,144,
HDD|Organic|Basilisk|Forest::namp170,HDD|Organic|Basilisk|Forest,HDD Basilisk,HDD,namp170,VIEWER_COMPLETE,True,True,True,2250,True,2250,15,True,ARIMA_Fixed|AutoARIMA|ETS Explicit|ETS_Current|FNAR-V2|FixedGrowth_1_5|FixedGrowth_3|FixedGrowth_4|FixedGrowth_6|LightGBM|LinearRegression|NLIN-DLIN_FIXED|SMLP-TCN|Theta|XGBoost,True,732,144,
HDD|Organic|Basilisk|Forest::namp171,HDD|Organic|Basilisk|Forest,HDD Basilisk,HDD,namp171,VIEWER_COMPLETE,True,True,True,2250,True,2250,15,True,ARIMA_Fixed|AutoARIMA|ETS Explicit|ETS_Current|FNAR-V2|FixedGrowth_1_5|FixedGrowth_3|FixedGrowth_4|FixedGrowth_6|LightGBM|LinearRegression|NLIN-DLIN_FIXED|SMLP-TCN|Theta|XGBoost,True,732,144,
HDD|Organic|Basilisk|Forest::namp172,HDD|Organic|Basilisk|Forest,HDD Basilisk,HDD,namp172,VIEWER_COMPLETE,True,True,True,2250,True,2250,15,True,ARIMA_Fixed|AutoARIMA|ETS Explicit|ETS_Current|FNAR-V2|FixedGrowth_1_5|FixedGrowth_3|FixedGrowth_4|FixedGrowth_6|LightGBM|LinearRegression|NLIN-DLIN_FIXED|SMLP-TCN|Theta|XGBoost,True,732,144,
HDD|Organic|Basilisk|Forest::namp173,HDD|Organic|Basilisk|Forest,HDD Basilisk,HDD,namp173,VIEWER_COMPLETE,True,True,True,2250,True,2250,15,True,ARIMA_Fixed|AutoARIMA|ETS Explicit|ETS_Current|FNAR-V2|FixedGrowth_1_5|FixedGrowth_3|FixedGrowth_4|FixedGrowth_6|LightGBM|LinearRegression|NLIN-DLIN_FIXED|SMLP-TCN|Theta|XGBoost,True,732,144,
HDD|Organic|Basilisk|Forest::namp197,HDD|Organic|Basilisk|Forest,HDD Basilisk,HDD,namp197,VIEWER_COMPLETE,True,True,True,2250,True,2250,15,True,ARIMA_Fixed|AutoARIMA|ETS Explicit|ETS_Current|FNAR-V2|FixedGrowth_1_5|FixedGrowth_3|FixedGrowth_4|FixedGrowth_6|LightGBM|LinearRegression|NLIN-DLIN_FIXED|SMLP-TCN|Theta|XGBoost,True,732,144,
HDD|Organic|Basilisk|Forest::namp220,HDD|Organic|Basilisk|Forest,HDD Basilisk,HDD,namp220,VIEWER_COMPLETE,True,True,True,2250,True,2250,15,True,ARIMA_Fixed|AutoARIMA|ETS Explicit|ETS_Current|FNAR-V2|FixedGrowth_1_5|FixedGrowth_3|FixedGrowth_4|FixedGrowth_6|LightGBM|LinearRegression|NLIN-DLIN_FIXED|SMLP-TCN|Theta|XGBoost,True,732,144,
HDD|Organic|Basilisk|Forest::namp221,HDD|Organic|Basilisk|Forest,HDD Basilisk,HDD,namp221,VIEWER_COMPLETE,True,True,True,2250,True,2250,15,True,ARIMA_Fixed|AutoARIMA|ETS Explicit|ETS_Current|FNAR-V2|FixedGrowth_1_5|FixedGrowth_3|FixedGrowth_4|FixedGrowth_6|LightGBM|LinearRegression|NLIN-DLIN_FIXED|SMLP-TCN|Theta|XGBoost,True,732,144,
HDD|Organic|Basilisk|Forest::namp222,HDD|Organic|Basilisk|Forest,HDD Basilisk,HDD,namp222,VIEWER_COMPLETE,True,True,True,2250,True,2250,15,True,ARIMA_Fixed|AutoARIMA|ETS Explicit|ETS_Current|FNAR-V2|FixedGrowth_1_5|FixedGrowth_3|FixedGrowth_4|FixedGrowth_6|LightGBM|LinearRegression|NLIN-DLIN_FIXED|SMLP-TCN|Theta|XGBoost,True,732,144,
HDD|Organic|Basilisk|Forest::namp223,HDD|Organic|Basilisk|Forest,HDD Basilisk,HDD,namp223,VIEWER_COMPLETE,True,True,True,2250,True,2250,15,True,ARIMA_Fixed|AutoARIMA|ETS Explicit|ETS_Current|FNAR-V2|FixedGrowth_1_5|FixedGrowth_3|FixedGrowth_4|FixedGrowth_6|LightGBM|LinearRegression|NLIN-DLIN_FIXED|SMLP-TCN|Theta|XGBoost,True,732,144,
HDD|Organic|Basilisk|Forest::namp283,HDD|Organic|Basilisk|Forest,HDD Basilisk,HDD,namp283,VIEWER_COMPLETE,True,True,True,2250,True,2250,15,True,ARIMA_Fixed|AutoARIMA|ETS Explicit|ETS_Current|FNAR-V2|FixedGrowth_1_5|FixedGrowth_3|FixedGrowth_4|FixedGrowth_6|LightGBM|LinearRegression|NLIN-DLIN_FIXED|SMLP-TCN|Theta|XGBoost,True,732,144,
HDD|Organic|Basilisk|Forest::namprd00,HDD|Organic|Basilisk|Forest,HDD Basilisk,HDD,namprd00,VIEWER_COMPLETE,True,True,True,2250,True,2250,15,True,ARIMA_Fixed|AutoARIMA|ETS Explicit|ETS_Current|FNAR-V2|FixedGrowth_1_5|FixedGrowth_3|FixedGrowth_4|FixedGrowth_6|LightGBM|LinearRegression|NLIN-DLIN_FIXED|SMLP-TCN|Theta|XGBoost,True,732,144,
HDD|Organic|Basilisk|Forest::namprd02,HDD|Organic|Basilisk|Forest,HDD Basilisk,HDD,namprd02,VIEWER_COMPLETE,True,True,True,2250,True,2250,15,True,ARIMA_Fixed|AutoARIMA|ETS Explicit|ETS_Current|FNAR-V2|FixedGrowth_1_5|FixedGrowth_3|FixedGrowth_4|FixedGrowth_6|LightGBM|LinearRegression|NLIN-DLIN_FIXED|SMLP-TCN|Theta|XGBoost,True,732,144,
HDD|Organic|Basilisk|Forest::namprd03,HDD|Organic|Basilisk|Forest,HDD Basilisk,HDD,namprd03,VIEWER_COMPLETE,True,True,True,2250,True,2250,15,True,ARIMA_Fixed|AutoARIMA|ETS Explicit|ETS_Current|FNAR-V2|FixedGrowth_1_5|FixedGrowth_3|FixedGrowth_4|FixedGrowth_6|LightGBM|LinearRegression|NLIN-DLIN_FIXED|SMLP-TCN|Theta|XGBoost,True,732,144,
HDD|Organic|Basilisk|Forest::namprd04,HDD|Organic|Basilisk|Forest,HDD Basilisk,HDD,namprd04,VIEWER_COMPLETE,True,True,True,2250,True,2250,15,True,ARIMA_Fixed|AutoARIMA|ETS Explicit|ETS_Current|FNAR-V2|FixedGrowth_1_5|FixedGrowth_3|FixedGrowth_4|FixedGrowth_6|LightGBM|LinearRegression|NLIN-DLIN_FIXED|SMLP-TCN|Theta|XGBoost,True,732,144,
HDD|Organic|Basilisk|Forest::namprd05,HDD|Organic|Basilisk|Forest,HDD Basilisk,HDD,namprd05,VIEWER_COMPLETE,True,True,True,2250,True,2250,15,True,ARIMA_Fixed|AutoARIMA|ETS Explicit|ETS_Current|FNAR-V2|FixedGrowth_1_5|FixedGrowth_3|FixedGrowth_4|FixedGrowth_6|LightGBM|LinearRegression|NLIN-DLIN_FIXED|SMLP-TCN|Theta|XGBoost,True,732,144,
HDD|Organic|Basilisk|Forest::namprd06,HDD|Organic|Basilisk|Forest,HDD Basilisk,HDD,namprd06,VIEWER_COMPLETE,True,True,True,2250,True,2250,15,True,ARIMA_Fixed|AutoARIMA|ETS Explicit|ETS_Current|FNAR-V2|FixedGrowth_1_5|FixedGrowth_3|FixedGrowth_4|FixedGrowth_6|LightGBM|LinearRegression|NLIN-DLIN_FIXED|SMLP-TCN|Theta|XGBoost,True,732,144,
HDD|Organic|Basilisk|Forest::namprd07,HDD|Organic|Basilisk|Forest,HDD Basilisk,HDD,namprd07,VIEWER_COMPLETE,True,True,True,2250,True,2250,15,True,ARIMA_Fixed|AutoARIMA|ETS Explicit|ETS_Current|FNAR-V2|FixedGrowth_1_5|FixedGrowth_3|FixedGrowth_4|FixedGrowth_6|LightGBM|LinearRegression|NLIN-DLIN_FIXED|SMLP-TCN|Theta|XGBoost,True,732,144,
HDD|Organic|Basilisk|Forest::namprd08,HDD|Organic|Basilisk|Forest,HDD Basilisk,HDD,namprd08,VIEWER_COMPLETE,True,True,True,2250,True,2250,15,True,ARIMA_Fixed|AutoARIMA|ETS Explicit|ETS_Current|FNAR-V2|FixedGrowth_1_5|FixedGrowth_3|FixedGrowth_4|FixedGrowth_6|LightGBM|LinearRegression|NLIN-DLIN_FIXED|SMLP-TCN|Theta|XGBoost,True,732,144,
HDD|Organic|Basilisk|Forest::namprd09,HDD|Organic|Basilisk|Forest,HDD Basilisk,HDD,namprd09,VIEWER_COMPLETE,True,True,True,2250,True,2250,15,True,ARIMA_Fixed|AutoARIMA|ETS Explicit|ETS_Current|FNAR-V2|FixedGrowth_1_5|FixedGrowth_3|FixedGrowth_4|FixedGrowth_6|LightGBM|LinearRegression|NLIN-DLIN_FIXED|SMLP-TCN|Theta|XGBoost,True,732,144,
HDD|Organic|Basilisk|Forest::namprd10,HDD|Organic|Basilisk|Forest,HDD Basilisk,HDD,namprd10,VIEWER_COMPLETE,True,True,True,2250,True,2250,15,True,ARIMA_Fixed|AutoARIMA|ETS Explicit|ETS_Current|FNAR-V2|FixedGrowth_1_5|FixedGrowth_3|FixedGrowth_4|FixedGrowth_6|LightGBM|LinearRegression|NLIN-DLIN_FIXED|SMLP-TCN|Theta|XGBoost,True,732,144,
HDD|Organic|Basilisk|Forest::namprd11,HDD|Organic|Basilisk|Forest,HDD Basilisk,HDD,namprd11,VIEWER_COMPLETE,True,True,True,2250,True,2250,15,True,ARIMA_Fixed|AutoARIMA|ETS Explicit|ETS_Current|FNAR-V2|FixedGrowth_1_5|FixedGrowth_3|FixedGrowth_4|FixedGrowth_6|LightGBM|LinearRegression|NLIN-DLIN_FIXED|SMLP-TCN|Theta|XGBoost,True,732,144,
HDD|Organic|Basilisk|Forest::namprd12,HDD|Organic|Basilisk|Forest,HDD Basilisk,HDD,namprd12,VIEWER_COMPLETE,True,True,True,2250,True,2250,15,True,ARIMA_Fixed|AutoARIMA|ETS Explicit|ETS_Current|FNAR-V2|FixedGrowth_1_5|FixedGrowth_3|FixedGrowth_4|FixedGrowth_6|LightGBM|LinearRegression|NLIN-DLIN_FIXED|SMLP-TCN|Theta|XGBoost,True,732,144,
HDD|Organic|Basilisk|Forest::namprd13,HDD|Organic|Basilisk|Forest,HDD Basilisk,HDD,namprd13,VIEWER_COMPLETE,True,True,True,2250,True,2250,15,True,ARIMA_Fixed|AutoARIMA|ETS Explicit|ETS_Current|FNAR-V2|FixedGrowth_1_5|FixedGrowth_3|FixedGrowth_4|FixedGrowth_6|LightGBM|LinearRegression|NLIN-DLIN_FIXED|SMLP-TCN|Theta|XGBoost,True,732,144,
HDD|Organic|Basilisk|Forest::namprd14,HDD|Organic|Basilisk|Forest,HDD Basilisk,HDD,namprd14,VIEWER_COMPLETE,True,True,True,2250,True,2250,15,True,ARIMA_Fixed|AutoARIMA|ETS Explicit|ETS_Current|FNAR-V2|FixedGrowth_1_5|FixedGrowth_3|FixedGrowth_4|FixedGrowth_6|LightGBM|LinearRegression|NLIN-DLIN_FIXED|SMLP-TCN|Theta|XGBoost,True,732,144,
HDD|Organic|Basilisk|Forest::namprd15,HDD|Organic|Basilisk|Forest,HDD Basilisk,HDD,namprd15,VIEWER_COMPLETE,True,True,True,2250,True,2250,15,True,ARIMA_Fixed|AutoARIMA|ETS Explicit|ETS_Current|FNAR-V2|FixedGrowth_1_5|FixedGrowth_3|FixedGrowth_4|FixedGrowth_6|LightGBM|LinearRegression|NLIN-DLIN_FIXED|SMLP-TCN|Theta|XGBoost,True,732,144,
HDD|Organic|Basilisk|Forest::namprd16,HDD|Organic|Basilisk|Forest,HDD Basilisk,HDD,namprd16,VIEWER_COMPLETE,True,True,True,2250,True,2250,15,True,ARIMA_Fixed|AutoARIMA|ETS Explicit|ETS_Current|FNAR-V2|FixedGrowth_1_5|FixedGrowth_3|FixedGrowth_4|FixedGrowth_6|LightGBM|LinearRegression|NLIN-DLIN_FIXED|SMLP-TCN|Theta|XGBoost,True,732,144,
HDD|Organic|Basilisk|Forest::namprd17,HDD|Organic|Basilisk|Forest,HDD Basilisk,HDD,namprd17,VIEWER_COMPLETE,True,True,True,2250,True,2250,15,True,ARIMA_Fixed|AutoARIMA|ETS Explicit|ETS_Current|FNAR-V2|FixedGrowth_1_5|FixedGrowth_3|FixedGrowth_4|FixedGrowth_6|LightGBM|LinearRegression|NLIN-DLIN_FIXED|SMLP-TCN|Theta|XGBoost,True,732,144,
HDD|Organic|Basilisk|Forest::namprd18,HDD|Organic|Basilisk|Forest,HDD Basilisk,HDD,namprd18,VIEWER_COMPLETE,True,True,True,2250,True,2250,15,True,ARIMA_Fixed|AutoARIMA|ETS Explicit|ETS_Current|FNAR-V2|FixedGrowth_1_5|FixedGrowth_3|FixedGrowth_4|FixedGrowth_6|LightGBM|LinearRegression|NLIN-DLIN_FIXED|SMLP-TCN|Theta|XGBoost,True,732,144,
HDD|Organic|Basilisk|Forest::namprd19,HDD|Organic|Basilisk|Forest,HDD Basilisk,HDD,namprd19,VIEWER_COMPLETE,True,True,True,2250,True,2250,15,True,ARIMA_Fixed|AutoARIMA|ETS Explicit|ETS_Current|FNAR-V2|FixedGrowth_1_5|FixedGrowth_3|FixedGrowth_4|FixedGrowth_6|LightGBM|LinearRegression|NLIN-DLIN_FIXED|SMLP-TCN|Theta|XGBoost,True,732,144,
HDD|Organic|Basilisk|Forest::namprd20,HDD|Organic|Basilisk|Forest,HDD Basilisk,HDD,namprd20,VIEWER_COMPLETE,True,True,True,2250,True,2250,15,True,ARIMA_Fixed|AutoARIMA|ETS Explicit|ETS_Current|FNAR-V2|FixedGrowth_1_5|FixedGrowth_3|FixedGrowth_4|FixedGrowth_6|LightGBM|LinearRegression|NLIN-DLIN_FIXED|SMLP-TCN|Theta|XGBoost,True,732,144,
HDD|Organic|Basilisk|Forest::namprd21,HDD|Organic|Basilisk|Forest,HDD Basilisk,HDD,namprd21,VIEWER_COMPLETE,True,True,True,2250,True,2250,15,True,ARIMA_Fixed|AutoARIMA|ETS Explicit|ETS_Current|FNAR-V2|FixedGrowth_1_5|FixedGrowth_3|FixedGrowth_4|FixedGrowth_6|LightGBM|LinearRegression|NLIN-DLIN_FIXED|SMLP-TCN|Theta|XGBoost,True,732,144,
HDD|Organic|Basilisk|Forest::namprd22,HDD|Organic|Basilisk|Forest,HDD Basilisk,HDD,namprd22,VIEWER_COMPLETE,True,True,True,2250,True,2250,15,True,ARIMA_Fixed|AutoARIMA|ETS Explicit|ETS_Current|FNAR-V2|FixedGrowth_1_5|FixedGrowth_3|FixedGrowth_4|FixedGrowth_6|LightGBM|LinearRegression|NLIN-DLIN_FIXED|SMLP-TCN|Theta|XGBoost,True,732,144,
HDD|Organic|Basilisk|Forest::namprd84,HDD|Organic|Basilisk|Forest,HDD Basilisk,HDD,namprd84,VIEWER_COMPLETE,True,True,True,2250,True,2250,15,True,ARIMA_Fixed|AutoARIMA|ETS Explicit|ETS_Current|FNAR-V2|FixedGrowth_1_5|FixedGrowth_3|FixedGrowth_4|FixedGrowth_6|LightGBM|LinearRegression|NLIN-DLIN_FIXED|SMLP-TCN|Theta|XGBoost,True,732,144,
HDD|Organic|Basilisk|Forest::namprd85,HDD|Organic|Basilisk|Forest,HDD Basilisk,HDD,namprd85,VIEWER_COMPLETE,True,True,True,2250,True,2250,15,True,ARIMA_Fixed|AutoARIMA|ETS Explicit|ETS_Current|FNAR-V2|FixedGrowth_1_5|FixedGrowth_3|FixedGrowth_4|FixedGrowth_6|LightGBM|LinearRegression|NLIN-DLIN_FIXED|SMLP-TCN|Theta|XGBoost,True,732,144,
HDD|Organic|Basilisk|Forest::norp279,HDD|Organic|Basilisk|Forest,HDD Basilisk,HDD,norp279,VIEWER_COMPLETE,True,True,True,2250,True,2250,15,True,ARIMA_Fixed|AutoARIMA|ETS Explicit|ETS_Current|FNAR-V2|FixedGrowth_1_5|FixedGrowth_3|FixedGrowth_4|FixedGrowth_6|LightGBM|LinearRegression|NLIN-DLIN_FIXED|SMLP-TCN|Theta|XGBoost,True,732,144,
HDD|Organic|Basilisk|Forest::nzlp299,HDD|Organic|Basilisk|Forest,HDD Basilisk,HDD,nzlp299,VIEWER_COMPLETE,True,True,True,2250,True,2250,15,True,ARIMA_Fixed|AutoARIMA|ETS Explicit|ETS_Current|FNAR-V2|FixedGrowth_1_5|FixedGrowth_3|FixedGrowth_4|FixedGrowth_6|LightGBM|LinearRegression|NLIN-DLIN_FIXED|SMLP-TCN|Theta|XGBoost,True,732,144,
HDD|Organic|Basilisk|Forest::polp291,HDD|Organic|Basilisk|Forest,HDD Basilisk,HDD,polp291,VIEWER_COMPLETE,True,True,True,2250,True,2250,15,True,ARIMA_Fixed|AutoARIMA|ETS Explicit|ETS_Current|FNAR-V2|FixedGrowth_1_5|FixedGrowth_3|FixedGrowth_4|FixedGrowth_6|LightGBM|LinearRegression|NLIN-DLIN_FIXED|SMLP-TCN|Theta|XGBoost,True,732,144,
HDD|Organic|Basilisk|Forest::qatp289,HDD|Organic|Basilisk|Forest,HDD Basilisk,HDD,qatp289,VIEWER_COMPLETE,True,True,True,2250,True,2250,15,True,ARIMA_Fixed|AutoARIMA|ETS Explicit|ETS_Current|FNAR-V2|FixedGrowth_1_5|FixedGrowth_3|FixedGrowth_4|FixedGrowth_6|LightGBM|LinearRegression|NLIN-DLIN_FIXED|SMLP-TCN|Theta|XGBoost,True,732,144,
HDD|Organic|Basilisk|Forest::sgpp274,HDD|Organic|Basilisk|Forest,HDD Basilisk,HDD,sgpp274,VIEWER_COMPLETE,True,True,True,2250,True,2250,15,True,ARIMA_Fixed|AutoARIMA|ETS Explicit|ETS_Current|FNAR-V2|FixedGrowth_1_5|FixedGrowth_3|FixedGrowth_4|FixedGrowth_6|LightGBM|LinearRegression|NLIN-DLIN_FIXED|SMLP-TCN|Theta|XGBoost,True,732,144,
HDD|Organic|Basilisk|Forest::swep280,HDD|Organic|Basilisk|Forest,HDD Basilisk,HDD,swep280,VIEWER_COMPLETE,True,True,True,2250,True,2250,15,True,ARIMA_Fixed|AutoARIMA|ETS Explicit|ETS_Current|FNAR-V2|FixedGrowth_1_5|FixedGrowth_3|FixedGrowth_4|FixedGrowth_6|LightGBM|LinearRegression|NLIN-DLIN_FIXED|SMLP-TCN|Theta|XGBoost,True,732,144,
HDD|Organic|Basilisk|Forest::twnp295,HDD|Organic|Basilisk|Forest,HDD Basilisk,HDD,twnp295,VIEWER_COMPLETE,True,True,True,2250,True,2250,15,True,ARIMA_Fixed|AutoARIMA|ETS Explicit|ETS_Current|FNAR-V2|FixedGrowth_1_5|FixedGrowth_3|FixedGrowth_4|FixedGrowth_6|LightGBM|LinearRegression|NLIN-DLIN_FIXED|SMLP-TCN|Theta|XGBoost,True,732,144,
HDD|Organic|Basilisk|Forest::zafp275,HDD|Organic|Basilisk|Forest,HDD Basilisk,HDD,zafp275,VIEWER_COMPLETE,True,True,True,2250,True,2250,15,True,ARIMA_Fixed|AutoARIMA|ETS Explicit|ETS_Current|FNAR-V2|FixedGrowth_1_5|FixedGrowth_3|FixedGrowth_4|FixedGrowth_6|LightGBM|LinearRegression|NLIN-DLIN_FIXED|SMLP-TCN|Theta|XGBoost,True,732,144,
HDD|Organic|Basilisk|Region::DNK-Go Local,HDD|Organic|Basilisk|Region,HDD Basilisk,HDD,DNK-Go Local,VIEWER_COMPLETE,True,True,True,2250,True,2250,15,True,ARIMA_Fixed|AutoARIMA|ETS Explicit|ETS_Current|FNAR-V2|FixedGrowth_1_5|FixedGrowth_3|FixedGrowth_4|FixedGrowth_6|LightGBM|LinearRegression|NLIN-DLIN_FIXED|SMLP-TCN|Theta|XGBoost,True,732,144,
HDD|Organic|Basilisk|Region::ESP-Go Local,HDD|Organic|Basilisk|Region,HDD Basilisk,HDD,ESP-Go Local,VIEWER_COMPLETE,True,True,True,2250,True,2250,15,True,ARIMA_Fixed|AutoARIMA|ETS Explicit|ETS_Current|FNAR-V2|FixedGrowth_1_5|FixedGrowth_3|FixedGrowth_4|FixedGrowth_6|LightGBM|LinearRegression|NLIN-DLIN_FIXED|SMLP-TCN|Theta|XGBoost,True,732,144,
HDD|Organic|Basilisk|Region::EUR-Go Local,HDD|Organic|Basilisk|Region,HDD Basilisk,HDD,EUR-Go Local,VIEWER_COMPLETE,True,True,True,2250,True,2250,15,True,ARIMA_Fixed|AutoARIMA|ETS Explicit|ETS_Current|FNAR-V2|FixedGrowth_1_5|FixedGrowth_3|FixedGrowth_4|FixedGrowth_6|LightGBM|LinearRegression|NLIN-DLIN_FIXED|SMLP-TCN|Theta|XGBoost,True,732,144,
HDD|Organic|Basilisk|Region::GBR-Go Local,HDD|Organic|Basilisk|Region,HDD Basilisk,HDD,GBR-Go Local,VIEWER_COMPLETE,True,True,True,2250,True,2250,15,True,ARIMA_Fixed|AutoARIMA|ETS Explicit|ETS_Current|FNAR-V2|FixedGrowth_1_5|FixedGrowth_3|FixedGrowth_4|FixedGrowth_6|LightGBM|LinearRegression|NLIN-DLIN_FIXED|SMLP-TCN|Theta|XGBoost,True,732,140,
HDD|Organic|Basilisk|Region::ISR-Go Local,HDD|Organic|Basilisk|Region,HDD Basilisk,HDD,ISR-Go Local,VIEWER_COMPLETE,True,True,True,2250,True,2250,15,True,ARIMA_Fixed|AutoARIMA|ETS Explicit|ETS_Current|FNAR-V2|FixedGrowth_1_5|FixedGrowth_3|FixedGrowth_4|FixedGrowth_6|LightGBM|LinearRegression|NLIN-DLIN_FIXED|SMLP-TCN|Theta|XGBoost,True,732,144,
HDD|Organic|Basilisk|Region::ITA-Go Local,HDD|Organic|Basilisk|Region,HDD Basilisk,HDD,ITA-Go Local,VIEWER_COMPLETE,True,True,True,2250,True,2250,15,True,ARIMA_Fixed|AutoARIMA|ETS Explicit|ETS_Current|FNAR-V2|FixedGrowth_1_5|FixedGrowth_3|FixedGrowth_4|FixedGrowth_6|LightGBM|LinearRegression|NLIN-DLIN_FIXED|SMLP-TCN|Theta|XGBoost,True,732,144,
HDD|Organic|Basilisk|Region::MEX-Go Local,HDD|Organic|Basilisk|Region,HDD Basilisk,HDD,MEX-Go Local,VIEWER_COMPLETE,True,True,True,2250,True,2250,15,True,ARIMA_Fixed|AutoARIMA|ETS Explicit|ETS_Current|FNAR-V2|FixedGrowth_1_5|FixedGrowth_3|FixedGrowth_4|FixedGrowth_6|LightGBM|LinearRegression|NLIN-DLIN_FIXED|SMLP-TCN|Theta|XGBoost,True,732,144,
HDD|Organic|Basilisk|Region::POL-Go Local,HDD|Organic|Basilisk|Region,HDD Basilisk,HDD,POL-Go Local,VIEWER_COMPLETE,True,True,True,2250,True,2250,15,True,ARIMA_Fixed|AutoARIMA|ETS Explicit|ETS_Current|FNAR-V2|FixedGrowth_1_5|FixedGrowth_3|FixedGrowth_4|FixedGrowth_6|LightGBM|LinearRegression|NLIN-DLIN_FIXED|SMLP-TCN|Theta|XGBoost,True,732,144,
HDD|Organic|Basilisk|Region::apc-Dedicated,HDD|Organic|Basilisk|Region,HDD Basilisk,HDD,apc-Dedicated,VIEWER_COMPLETE,True,True,True,2250,True,2250,15,True,ARIMA_Fixed|AutoARIMA|ETS Explicit|ETS_Current|FNAR-V2|FixedGrowth_1_5|FixedGrowth_3|FixedGrowth_4|FixedGrowth_6|LightGBM|LinearRegression|NLIN-DLIN_FIXED|SMLP-TCN|Theta|XGBoost,True,732,144,
HDD|Organic|Basilisk|Region::apc-MSIT,HDD|Organic|Basilisk|Region,HDD Basilisk,HDD,apc-MSIT,VIEWER_COMPLETE,True,True,True,2250,True,2250,15,True,ARIMA_Fixed|AutoARIMA|ETS Explicit|ETS_Current|FNAR-V2|FixedGrowth_1_5|FixedGrowth_3|FixedGrowth_4|FixedGrowth_6|LightGBM|LinearRegression|NLIN-DLIN_FIXED|SMLP-TCN|Theta|XGBoost,True,732,144,
HDD|Organic|Basilisk|Region::apc-Multitenant,HDD|Organic|Basilisk|Region,HDD Basilisk,HDD,apc-Multitenant,VIEWER_COMPLETE,True,True,True,2250,True,2250,15,True,ARIMA_Fixed|AutoARIMA|ETS Explicit|ETS_Current|FNAR-V2|FixedGrowth_1_5|FixedGrowth_3|FixedGrowth_4|FixedGrowth_6|LightGBM|LinearRegression|NLIN-DLIN_FIXED|SMLP-TCN|Theta|XGBoost,True,732,144,
HDD|Organic|Basilisk|Region::are-Go Local,HDD|Organic|Basilisk|Region,HDD Basilisk,HDD,are-Go Local,VIEWER_COMPLETE,True,True,True,2250,True,2250,15,True,ARIMA_Fixed|AutoARIMA|ETS Explicit|ETS_Current|FNAR-V2|FixedGrowth_1_5|FixedGrowth_3|FixedGrowth_4|FixedGrowth_6|LightGBM|LinearRegression|NLIN-DLIN_FIXED|SMLP-TCN|Theta|XGBoost,True,732,144,
HDD|Organic|Basilisk|Region::aus-Go Local,HDD|Organic|Basilisk|Region,HDD Basilisk,HDD,aus-Go Local,VIEWER_COMPLETE,True,True,True,2250,True,2250,15,True,ARIMA_Fixed|AutoARIMA|ETS Explicit|ETS_Current|FNAR-V2|FixedGrowth_1_5|FixedGrowth_3|FixedGrowth_4|FixedGrowth_6|LightGBM|LinearRegression|NLIN-DLIN_FIXED|SMLP-TCN|Theta|XGBoost,True,732,144,
HDD|Organic|Basilisk|Region::aut-Go Local,HDD|Organic|Basilisk|Region,HDD Basilisk,HDD,aut-Go Local,VIEWER_COMPLETE,True,True,True,2250,True,2250,15,True,ARIMA_Fixed|AutoARIMA|ETS Explicit|ETS_Current|FNAR-V2|FixedGrowth_1_5|FixedGrowth_3|FixedGrowth_4|FixedGrowth_6|LightGBM|LinearRegression|NLIN-DLIN_FIXED|SMLP-TCN|Theta|XGBoost,True,732,144,
HDD|Organic|Basilisk|Region::bra-Go Local,HDD|Organic|Basilisk|Region,HDD Basilisk,HDD,bra-Go Local,VIEWER_COMPLETE,True,True,True,2250,True,2250,15,True,ARIMA_Fixed|AutoARIMA|ETS Explicit|ETS_Current|FNAR-V2|FixedGrowth_1_5|FixedGrowth_3|FixedGrowth_4|FixedGrowth_6|LightGBM|LinearRegression|NLIN-DLIN_FIXED|SMLP-TCN|Theta|XGBoost,True,732,144,
HDD|Organic|Basilisk|Region::can-Go Local,HDD|Organic|Basilisk|Region,HDD Basilisk,HDD,can-Go Local,VIEWER_COMPLETE,True,True,True,2250,True,2250,15,True,ARIMA_Fixed|AutoARIMA|ETS Explicit|ETS_Current|FNAR-V2|FixedGrowth_1_5|FixedGrowth_3|FixedGrowth_4|FixedGrowth_6|LightGBM|LinearRegression|NLIN-DLIN_FIXED|SMLP-TCN|Theta|XGBoost,True,732,144,
HDD|Organic|Basilisk|Region::che-Go Local,HDD|Organic|Basilisk|Region,HDD Basilisk,HDD,che-Go Local,VIEWER_COMPLETE,True,True,True,2250,True,2250,15,True,ARIMA_Fixed|AutoARIMA|ETS Explicit|ETS_Current|FNAR-V2|FixedGrowth_1_5|FixedGrowth_3|FixedGrowth_4|FixedGrowth_6|LightGBM|LinearRegression|NLIN-DLIN_FIXED|SMLP-TCN|Theta|XGBoost,True,732,144,
HDD|Organic|Basilisk|Region::chl-Go Local,HDD|Organic|Basilisk|Region,HDD Basilisk,HDD,chl-Go Local,VIEWER_COMPLETE,True,True,True,2250,True,2250,15,True,ARIMA_Fixed|AutoARIMA|ETS Explicit|ETS_Current|FNAR-V2|FixedGrowth_1_5|FixedGrowth_3|FixedGrowth_4|FixedGrowth_6|LightGBM|LinearRegression|NLIN-DLIN_FIXED|SMLP-TCN|Theta|XGBoost,True,732,144,
HDD|Organic|Basilisk|Region::chn-Gallatin,HDD|Organic|Basilisk|Region,HDD Basilisk,HDD,chn-Gallatin,VIEWER_COMPLETE,True,True,True,2250,True,2250,15,True,ARIMA_Fixed|AutoARIMA|ETS Explicit|ETS_Current|FNAR-V2|FixedGrowth_1_5|FixedGrowth_3|FixedGrowth_4|FixedGrowth_6|LightGBM|LinearRegression|NLIN-DLIN_FIXED|SMLP-TCN|Theta|XGBoost,True,732,144,
HDD|Organic|Basilisk|Region::deu-Go Local,HDD|Organic|Basilisk|Region,HDD Basilisk,HDD,deu-Go Local,VIEWER_COMPLETE,True,True,True,2250,True,2250,15,True,ARIMA_Fixed|AutoARIMA|ETS Explicit|ETS_Current|FNAR-V2|FixedGrowth_1_5|FixedGrowth_3|FixedGrowth_4|FixedGrowth_6|LightGBM|LinearRegression|NLIN-DLIN_FIXED|SMLP-TCN|Theta|XGBoost,True,732,144,
HDD|Organic|Basilisk|Region::eur-Dedicated,HDD|Organic|Basilisk|Region,HDD Basilisk,HDD,eur-Dedicated,VIEWER_COMPLETE,True,True,True,2250,True,2250,15,True,ARIMA_Fixed|AutoARIMA|ETS Explicit|ETS_Current|FNAR-V2|FixedGrowth_1_5|FixedGrowth_3|FixedGrowth_4|FixedGrowth_6|LightGBM|LinearRegression|NLIN-DLIN_FIXED|SMLP-TCN|Theta|XGBoost,True,732,144,
HDD|Organic|Basilisk|Region::eur-MSIT,HDD|Organic|Basilisk|Region,HDD Basilisk,HDD,eur-MSIT,VIEWER_COMPLETE,True,True,True,2250,True,2250,15,True,ARIMA_Fixed|AutoARIMA|ETS Explicit|ETS_Current|FNAR-V2|FixedGrowth_1_5|FixedGrowth_3|FixedGrowth_4|FixedGrowth_6|LightGBM|LinearRegression|NLIN-DLIN_FIXED|SMLP-TCN|Theta|XGBoost,True,732,144,
HDD|Organic|Basilisk|Region::eur-Multitenant,HDD|Organic|Basilisk|Region,HDD Basilisk,HDD,eur-Multitenant,VIEWER_COMPLETE,True,True,True,2250,True,2250,15,True,ARIMA_Fixed|AutoARIMA|ETS Explicit|ETS_Current|FNAR-V2|FixedGrowth_1_5|FixedGrowth_3|FixedGrowth_4|FixedGrowth_6|LightGBM|LinearRegression|NLIN-DLIN_FIXED|SMLP-TCN|Theta|XGBoost,True,732,144,
HDD|Organic|Basilisk|Region::fra-Go Local,HDD|Organic|Basilisk|Region,HDD Basilisk,HDD,fra-Go Local,VIEWER_COMPLETE,True,True,True,2250,True,2250,15,True,ARIMA_Fixed|AutoARIMA|ETS Explicit|ETS_Current|FNAR-V2|FixedGrowth_1_5|FixedGrowth_3|FixedGrowth_4|FixedGrowth_6|LightGBM|LinearRegression|NLIN-DLIN_FIXED|SMLP-TCN|Theta|XGBoost,True,732,144,
HDD|Organic|Basilisk|Region::gbr-Dedicated,HDD|Organic|Basilisk|Region,HDD Basilisk,HDD,gbr-Dedicated,VIEWER_COMPLETE,True,True,True,2250,True,2250,15,True,ARIMA_Fixed|AutoARIMA|ETS Explicit|ETS_Current|FNAR-V2|FixedGrowth_1_5|FixedGrowth_3|FixedGrowth_4|FixedGrowth_6|LightGBM|LinearRegression|NLIN-DLIN_FIXED|SMLP-TCN|Theta|XGBoost,True,732,144,
HDD|Organic|Basilisk|Region::gbr-Go Local,HDD|Organic|Basilisk|Region,HDD Basilisk,HDD,gbr-Go Local,VIEWER_COMPLETE,True,True,True,2250,True,2250,15,True,ARIMA_Fixed|AutoARIMA|ETS Explicit|ETS_Current|FNAR-V2|FixedGrowth_1_5|FixedGrowth_3|FixedGrowth_4|FixedGrowth_6|LightGBM|LinearRegression|NLIN-DLIN_FIXED|SMLP-TCN|Theta|XGBoost,True,732,144,
HDD|Organic|Basilisk|Region::idn-Go Local,HDD|Organic|Basilisk|Region,HDD Basilisk,HDD,idn-Go Local,VIEWER_COMPLETE,True,True,True,2250,True,2250,15,True,ARIMA_Fixed|AutoARIMA|ETS Explicit|ETS_Current|FNAR-V2|FixedGrowth_1_5|FixedGrowth_3|FixedGrowth_4|FixedGrowth_6|LightGBM|LinearRegression|NLIN-DLIN_FIXED|SMLP-TCN|Theta|XGBoost,True,732,144,
HDD|Organic|Basilisk|Region::ind-Go Local,HDD|Organic|Basilisk|Region,HDD Basilisk,HDD,ind-Go Local,VIEWER_COMPLETE,True,True,True,2250,True,2250,15,True,ARIMA_Fixed|AutoARIMA|ETS Explicit|ETS_Current|FNAR-V2|FixedGrowth_1_5|FixedGrowth_3|FixedGrowth_4|FixedGrowth_6|LightGBM|LinearRegression|NLIN-DLIN_FIXED|SMLP-TCN|Theta|XGBoost,True,732,144,
HDD|Organic|Basilisk|Region::jpn-Go Local,HDD|Organic|Basilisk|Region,HDD Basilisk,HDD,jpn-Go Local,VIEWER_COMPLETE,True,True,True,2250,True,2250,15,True,ARIMA_Fixed|AutoARIMA|ETS Explicit|ETS_Current|FNAR-V2|FixedGrowth_1_5|FixedGrowth_3|FixedGrowth_4|FixedGrowth_6|LightGBM|LinearRegression|NLIN-DLIN_FIXED|SMLP-TCN|Theta|XGBoost,True,732,144,
HDD|Organic|Basilisk|Region::kor-Go Local,HDD|Organic|Basilisk|Region,HDD Basilisk,HDD,kor-Go Local,VIEWER_COMPLETE,True,True,True,2250,True,2250,15,True,ARIMA_Fixed|AutoARIMA|ETS Explicit|ETS_Current|FNAR-V2|FixedGrowth_1_5|FixedGrowth_3|FixedGrowth_4|FixedGrowth_6|LightGBM|LinearRegression|NLIN-DLIN_FIXED|SMLP-TCN|Theta|XGBoost,True,732,144,
HDD|Organic|Basilisk|Region::lam-Multitenant,HDD|Organic|Basilisk|Region,HDD Basilisk,HDD,lam-Multitenant,VIEWER_COMPLETE,True,True,True,2250,True,2250,15,True,ARIMA_Fixed|AutoARIMA|ETS Explicit|ETS_Current|FNAR-V2|FixedGrowth_1_5|FixedGrowth_3|FixedGrowth_4|FixedGrowth_6|LightGBM|LinearRegression|NLIN-DLIN_FIXED|SMLP-TCN|Theta|XGBoost,True,732,144,
HDD|Organic|Basilisk|Region::mys-Go Local,HDD|Organic|Basilisk|Region,HDD Basilisk,HDD,mys-Go Local,VIEWER_COMPLETE,True,True,True,2250,True,2250,15,True,ARIMA_Fixed|AutoARIMA|ETS Explicit|ETS_Current|FNAR-V2|FixedGrowth_1_5|FixedGrowth_3|FixedGrowth_4|FixedGrowth_6|LightGBM|LinearRegression|NLIN-DLIN_FIXED|SMLP-TCN|Theta|XGBoost,True,732,144,
HDD|Organic|Basilisk|Region::nam-Dedicated,HDD|Organic|Basilisk|Region,HDD Basilisk,HDD,nam-Dedicated,VIEWER_COMPLETE,True,True,True,2250,True,2250,15,True,ARIMA_Fixed|AutoARIMA|ETS Explicit|ETS_Current|FNAR-V2|FixedGrowth_1_5|FixedGrowth_3|FixedGrowth_4|FixedGrowth_6|LightGBM|LinearRegression|NLIN-DLIN_FIXED|SMLP-TCN|Theta|XGBoost,True,732,144,
HDD|Organic|Basilisk|Region::nam-GCC Low,HDD|Organic|Basilisk|Region,HDD Basilisk,HDD,nam-GCC Low,VIEWER_COMPLETE,True,True,True,2250,True,2250,15,True,ARIMA_Fixed|AutoARIMA|ETS Explicit|ETS_Current|FNAR-V2|FixedGrowth_1_5|FixedGrowth_3|FixedGrowth_4|FixedGrowth_6|LightGBM|LinearRegression|NLIN-DLIN_FIXED|SMLP-TCN|Theta|XGBoost,True,732,144,
HDD|Organic|Basilisk|Region::nam-ITAR DoD,HDD|Organic|Basilisk|Region,HDD Basilisk,HDD,nam-ITAR DoD,VIEWER_COMPLETE,True,True,True,2250,True,2250,15,True,ARIMA_Fixed|AutoARIMA|ETS Explicit|ETS_Current|FNAR-V2|FixedGrowth_1_5|FixedGrowth_3|FixedGrowth_4|FixedGrowth_6|LightGBM|LinearRegression|NLIN-DLIN_FIXED|SMLP-TCN|Theta|XGBoost,True,732,144,
HDD|Organic|Basilisk|Region::nam-ITAR GCCH,HDD|Organic|Basilisk|Region,HDD Basilisk,HDD,nam-ITAR GCCH,VIEWER_COMPLETE,True,True,True,2250,True,2250,15,True,ARIMA_Fixed|AutoARIMA|ETS Explicit|ETS_Current|FNAR-V2|FixedGrowth_1_5|FixedGrowth_3|FixedGrowth_4|FixedGrowth_6|LightGBM|LinearRegression|NLIN-DLIN_FIXED|SMLP-TCN|Theta|XGBoost,True,732,144,
HDD|Organic|Basilisk|Region::nam-MSIT,HDD|Organic|Basilisk|Region,HDD Basilisk,HDD,nam-MSIT,VIEWER_COMPLETE,True,True,True,2250,True,2250,15,True,ARIMA_Fixed|AutoARIMA|ETS Explicit|ETS_Current|FNAR-V2|FixedGrowth_1_5|FixedGrowth_3|FixedGrowth_4|FixedGrowth_6|LightGBM|LinearRegression|NLIN-DLIN_FIXED|SMLP-TCN|Theta|XGBoost,True,732,144,
HDD|Organic|Basilisk|Region::nam-Multitenant,HDD|Organic|Basilisk|Region,HDD Basilisk,HDD,nam-Multitenant,VIEWER_COMPLETE,True,True,True,2250,True,2250,15,True,ARIMA_Fixed|AutoARIMA|ETS Explicit|ETS_Current|FNAR-V2|FixedGrowth_1_5|FixedGrowth_3|FixedGrowth_4|FixedGrowth_6|LightGBM|LinearRegression|NLIN-DLIN_FIXED|SMLP-TCN|Theta|XGBoost,True,732,144,
HDD|Organic|Basilisk|Region::nam-SDF,HDD|Organic|Basilisk|Region,HDD Basilisk,HDD,nam-SDF,VIEWER_COMPLETE,True,True,True,2250,True,2250,15,True,ARIMA_Fixed|AutoARIMA|ETS Explicit|ETS_Current|FNAR-V2|FixedGrowth_1_5|FixedGrowth_3|FixedGrowth_4|FixedGrowth_6|LightGBM|LinearRegression|NLIN-DLIN_FIXED|SMLP-TCN|Theta|XGBoost,True,732,144,
HDD|Organic|Basilisk|Region::nam-TDF,HDD|Organic|Basilisk|Region,HDD Basilisk,HDD,nam-TDF,VIEWER_COMPLETE,True,True,True,2250,True,2250,15,True,ARIMA_Fixed|AutoARIMA|ETS Explicit|ETS_Current|FNAR-V2|FixedGrowth_1_5|FixedGrowth_3|FixedGrowth_4|FixedGrowth_6|LightGBM|LinearRegression|NLIN-DLIN_FIXED|SMLP-TCN|Theta|XGBoost,True,732,144,
HDD|Organic|Basilisk|Region::nor-Go Local,HDD|Organic|Basilisk|Region,HDD Basilisk,HDD,nor-Go Local,VIEWER_COMPLETE,True,True,True,2250,True,2250,15,True,ARIMA_Fixed|AutoARIMA|ETS Explicit|ETS_Current|FNAR-V2|FixedGrowth_1_5|FixedGrowth_3|FixedGrowth_4|FixedGrowth_6|LightGBM|LinearRegression|NLIN-DLIN_FIXED|SMLP-TCN|Theta|XGBoost,True,732,144,
HDD|Organic|Basilisk|Region::nzl-Go Local,HDD|Organic|Basilisk|Region,HDD Basilisk,HDD,nzl-Go Local,VIEWER_COMPLETE,True,True,True,2250,True,2250,15,True,ARIMA_Fixed|AutoARIMA|ETS Explicit|ETS_Current|FNAR-V2|FixedGrowth_1_5|FixedGrowth_3|FixedGrowth_4|FixedGrowth_6|LightGBM|LinearRegression|NLIN-DLIN_FIXED|SMLP-TCN|Theta|XGBoost,True,732,144,
HDD|Organic|Basilisk|Region::qat-Go Local,HDD|Organic|Basilisk|Region,HDD Basilisk,HDD,qat-Go Local,VIEWER_COMPLETE,True,True,True,2250,True,2250,15,True,ARIMA_Fixed|AutoARIMA|ETS Explicit|ETS_Current|FNAR-V2|FixedGrowth_1_5|FixedGrowth_3|FixedGrowth_4|FixedGrowth_6|LightGBM|LinearRegression|NLIN-DLIN_FIXED|SMLP-TCN|Theta|XGBoost,True,732,144,
HDD|Organic|Basilisk|Region::sgp-Go Local,HDD|Organic|Basilisk|Region,HDD Basilisk,HDD,sgp-Go Local,VIEWER_COMPLETE,True,True,True,2250,True,2250,15,True,ARIMA_Fixed|AutoARIMA|ETS Explicit|ETS_Current|FNAR-V2|FixedGrowth_1_5|FixedGrowth_3|FixedGrowth_4|FixedGrowth_6|LightGBM|LinearRegression|NLIN-DLIN_FIXED|SMLP-TCN|Theta|XGBoost,True,732,144,
HDD|Organic|Basilisk|Region::swe-Go Local,HDD|Organic|Basilisk|Region,HDD Basilisk,HDD,swe-Go Local,VIEWER_COMPLETE,True,True,True,2250,True,2250,15,True,ARIMA_Fixed|AutoARIMA|ETS Explicit|ETS_Current|FNAR-V2|FixedGrowth_1_5|FixedGrowth_3|FixedGrowth_4|FixedGrowth_6|LightGBM|LinearRegression|NLIN-DLIN_FIXED|SMLP-TCN|Theta|XGBoost,True,732,144,
HDD|Organic|Basilisk|Region::twn-Go Local,HDD|Organic|Basilisk|Region,HDD Basilisk,HDD,twn-Go Local,VIEWER_COMPLETE,True,True,True,2250,True,2250,15,True,ARIMA_Fixed|AutoARIMA|ETS Explicit|ETS_Current|FNAR-V2|FixedGrowth_1_5|FixedGrowth_3|FixedGrowth_4|FixedGrowth_6|LightGBM|LinearRegression|NLIN-DLIN_FIXED|SMLP-TCN|Theta|XGBoost,True,732,144,
HDD|Organic|Basilisk|Region::zaf-Go Local,HDD|Organic|Basilisk|Region,HDD Basilisk,HDD,zaf-Go Local,VIEWER_COMPLETE,True,True,True,2250,True,2250,15,True,ARIMA_Fixed|AutoARIMA|ETS Explicit|ETS_Current|FNAR-V2|FixedGrowth_1_5|FixedGrowth_3|FixedGrowth_4|FixedGrowth_6|LightGBM|LinearRegression|NLIN-DLIN_FIXED|SMLP-TCN|Theta|XGBoost,True,732,144,
HDD|Organic|EDB|Consumer|Forest::APCP150,HDD|Organic|EDB|Consumer|Forest,HDD EDB Consumer,HDD,APCP150,VIEWER_COMPLETE,True,True,True,4950,True,4950,15,True,ARIMA_Fixed|AutoARIMA|ETS Explicit|ETS_Current|FNAR-V2|FixedGrowth_1_5|FixedGrowth_3|FixedGrowth_4|FixedGrowth_6|LightGBM|LinearRegression|NLIN-DLIN_FIXED|SMLP-TCN|Theta|XGBoost,True,732,342,
HDD|Organic|EDB|Consumer|Forest::APCP153,HDD|Organic|EDB|Consumer|Forest,HDD EDB Consumer,HDD,APCP153,VIEWER_COMPLETE,True,True,True,4950,True,4950,15,True,ARIMA_Fixed|AutoARIMA|ETS Explicit|ETS_Current|FNAR-V2|FixedGrowth_1_5|FixedGrowth_3|FixedGrowth_4|FixedGrowth_6|LightGBM|LinearRegression|NLIN-DLIN_FIXED|SMLP-TCN|Theta|XGBoost,True,732,342,
HDD|Organic|EDB|Consumer|Forest::APCPRD01,HDD|Organic|EDB|Consumer|Forest,HDD EDB Consumer,HDD,APCPRD01,VIEWER_COMPLETE,True,True,True,4950,True,4950,15,True,ARIMA_Fixed|AutoARIMA|ETS Explicit|ETS_Current|FNAR-V2|FixedGrowth_1_5|FixedGrowth_3|FixedGrowth_4|FixedGrowth_6|LightGBM|LinearRegression|NLIN-DLIN_FIXED|SMLP-TCN|Theta|XGBoost,True,732,342,
HDD|Organic|EDB|Consumer|Forest::APCPRD02,HDD|Organic|EDB|Consumer|Forest,HDD EDB Consumer,HDD,APCPRD02,VIEWER_COMPLETE,True,True,True,4950,True,4950,15,True,ARIMA_Fixed|AutoARIMA|ETS Explicit|ETS_Current|FNAR-V2|FixedGrowth_1_5|FixedGrowth_3|FixedGrowth_4|FixedGrowth_6|LightGBM|LinearRegression|NLIN-DLIN_FIXED|SMLP-TCN|Theta|XGBoost,True,732,342,
HDD|Organic|EDB|Consumer|Forest::APCPRD03,HDD|Organic|EDB|Consumer|Forest,HDD EDB Consumer,HDD,APCPRD03,VIEWER_COMPLETE,True,True,True,4950,True,4950,15,True,ARIMA_Fixed|AutoARIMA|ETS Explicit|ETS_Current|FNAR-V2|FixedGrowth_1_5|FixedGrowth_3|FixedGrowth_4|FixedGrowth_6|LightGBM|LinearRegression|NLIN-DLIN_FIXED|SMLP-TCN|Theta|XGBoost,True,732,342,
HDD|Organic|EDB|Consumer|Forest::APCPRD04,HDD|Organic|EDB|Consumer|Forest,HDD EDB Consumer,HDD,APCPRD04,VIEWER_COMPLETE,True,True,True,4950,True,4950,15,True,ARIMA_Fixed|AutoARIMA|ETS Explicit|ETS_Current|FNAR-V2|FixedGrowth_1_5|FixedGrowth_3|FixedGrowth_4|FixedGrowth_6|LightGBM|LinearRegression|NLIN-DLIN_FIXED|SMLP-TCN|Theta|XGBoost,True,732,342,
HDD|Organic|EDB|Consumer|Forest::APCPRD06,HDD|Organic|EDB|Consumer|Forest,HDD EDB Consumer,HDD,APCPRD06,VIEWER_COMPLETE,True,True,True,4950,True,4950,15,True,ARIMA_Fixed|AutoARIMA|ETS Explicit|ETS_Current|FNAR-V2|FixedGrowth_1_5|FixedGrowth_3|FixedGrowth_4|FixedGrowth_6|LightGBM|LinearRegression|NLIN-DLIN_FIXED|SMLP-TCN|Theta|XGBoost,True,732,342,
HDD|Organic|EDB|Consumer|Forest::AREP273,HDD|Organic|EDB|Consumer|Forest,HDD EDB Consumer,HDD,AREP273,VIEWER_COMPLETE,True,True,True,4950,True,4950,15,True,ARIMA_Fixed|AutoARIMA|ETS Explicit|ETS_Current|FNAR-V2|FixedGrowth_1_5|FixedGrowth_3|FixedGrowth_4|FixedGrowth_6|LightGBM|LinearRegression|NLIN-DLIN_FIXED|SMLP-TCN|Theta|XGBoost,True,732,342,
HDD|Organic|EDB|Consumer|Forest::AUSP282,HDD|Organic|EDB|Consumer|Forest,HDD EDB Consumer,HDD,AUSP282,VIEWER_COMPLETE,True,True,True,4950,True,4950,15,True,ARIMA_Fixed|AutoARIMA|ETS Explicit|ETS_Current|FNAR-V2|FixedGrowth_1_5|FixedGrowth_3|FixedGrowth_4|FixedGrowth_6|LightGBM|LinearRegression|NLIN-DLIN_FIXED|SMLP-TCN|Theta|XGBoost,True,732,342,
HDD|Organic|EDB|Consumer|Forest::AUSP300,HDD|Organic|EDB|Consumer|Forest,HDD EDB Consumer,HDD,AUSP300,VIEWER_COMPLETE,True,True,True,4950,True,4950,15,True,ARIMA_Fixed|AutoARIMA|ETS Explicit|ETS_Current|FNAR-V2|FixedGrowth_1_5|FixedGrowth_3|FixedGrowth_4|FixedGrowth_6|LightGBM|LinearRegression|NLIN-DLIN_FIXED|SMLP-TCN|Theta|XGBoost,True,732,342,
HDD|Organic|EDB|Consumer|Forest::AUSPRD01,HDD|Organic|EDB|Consumer|Forest,HDD EDB Consumer,HDD,AUSPRD01,VIEWER_COMPLETE,True,True,True,4950,True,4950,15,True,ARIMA_Fixed|AutoARIMA|ETS Explicit|ETS_Current|FNAR-V2|FixedGrowth_1_5|FixedGrowth_3|FixedGrowth_4|FixedGrowth_6|LightGBM|LinearRegression|NLIN-DLIN_FIXED|SMLP-TCN|Theta|XGBoost,True,732,342,
HDD|Organic|EDB|Consumer|Forest::AUTP296,HDD|Organic|EDB|Consumer|Forest,HDD EDB Consumer,HDD,AUTP296,VIEWER_COMPLETE,True,True,True,4950,True,4950,15,True,ARIMA_Fixed|AutoARIMA|ETS Explicit|ETS_Current|FNAR-V2|FixedGrowth_1_5|FixedGrowth_3|FixedGrowth_4|FixedGrowth_6|LightGBM|LinearRegression|NLIN-DLIN_FIXED|SMLP-TCN|Theta|XGBoost,True,732,342,
HDD|Organic|EDB|Consumer|Forest::BRAP284,HDD|Organic|EDB|Consumer|Forest,HDD EDB Consumer,HDD,BRAP284,VIEWER_COMPLETE,True,True,True,4950,True,4950,15,True,ARIMA_Fixed|AutoARIMA|ETS Explicit|ETS_Current|FNAR-V2|FixedGrowth_1_5|FixedGrowth_3|FixedGrowth_4|FixedGrowth_6|LightGBM|LinearRegression|NLIN-DLIN_FIXED|SMLP-TCN|Theta|XGBoost,True,732,342,
HDD|Organic|EDB|Consumer|Forest::CANP288,HDD|Organic|EDB|Consumer|Forest,HDD EDB Consumer,HDD,CANP288,VIEWER_COMPLETE,True,True,True,4950,True,4950,15,True,ARIMA_Fixed|AutoARIMA|ETS Explicit|ETS_Current|FNAR-V2|FixedGrowth_1_5|FixedGrowth_3|FixedGrowth_4|FixedGrowth_6|LightGBM|LinearRegression|NLIN-DLIN_FIXED|SMLP-TCN|Theta|XGBoost,True,732,342,
HDD|Organic|EDB|Consumer|Forest::CANPRD01,HDD|Organic|EDB|Consumer|Forest,HDD EDB Consumer,HDD,CANPRD01,VIEWER_COMPLETE,True,True,True,4950,True,4950,15,True,ARIMA_Fixed|AutoARIMA|ETS Explicit|ETS_Current|FNAR-V2|FixedGrowth_1_5|FixedGrowth_3|FixedGrowth_4|FixedGrowth_6|LightGBM|LinearRegression|NLIN-DLIN_FIXED|SMLP-TCN|Theta|XGBoost,True,732,342,
HDD|Organic|EDB|Consumer|Forest::CHEP278,HDD|Organic|EDB|Consumer|Forest,HDD EDB Consumer,HDD,CHEP278,VIEWER_COMPLETE,True,True,True,4950,True,4950,15,True,ARIMA_Fixed|AutoARIMA|ETS Explicit|ETS_Current|FNAR-V2|FixedGrowth_1_5|FixedGrowth_3|FixedGrowth_4|FixedGrowth_6|LightGBM|LinearRegression|NLIN-DLIN_FIXED|SMLP-TCN|Theta|XGBoost,True,732,342,
HDD|Organic|EDB|Consumer|Forest::CHLP298,HDD|Organic|EDB|Consumer|Forest,HDD EDB Consumer,HDD,CHLP298,VIEWER_COMPLETE,True,True,True,4950,True,4950,15,True,ARIMA_Fixed|AutoARIMA|ETS Explicit|ETS_Current|FNAR-V2|FixedGrowth_1_5|FixedGrowth_3|FixedGrowth_4|FixedGrowth_6|LightGBM|LinearRegression|NLIN-DLIN_FIXED|SMLP-TCN|Theta|XGBoost,True,732,342,
HDD|Organic|EDB|Consumer|Forest::CHNPR01,HDD|Organic|EDB|Consumer|Forest,HDD EDB Consumer,HDD,CHNPR01,VIEWER_COMPLETE,True,True,True,4950,True,4950,15,True,ARIMA_Fixed|AutoARIMA|ETS Explicit|ETS_Current|FNAR-V2|FixedGrowth_1_5|FixedGrowth_3|FixedGrowth_4|FixedGrowth_6|LightGBM|LinearRegression|NLIN-DLIN_FIXED|SMLP-TCN|Theta|XGBoost,True,732,342,
HDD|Organic|EDB|Consumer|Forest::DEUP281,HDD|Organic|EDB|Consumer|Forest,HDD EDB Consumer,HDD,DEUP281,VIEWER_COMPLETE,True,True,True,4950,True,4950,15,True,ARIMA_Fixed|AutoARIMA|ETS Explicit|ETS_Current|FNAR-V2|FixedGrowth_1_5|FixedGrowth_3|FixedGrowth_4|FixedGrowth_6|LightGBM|LinearRegression|NLIN-DLIN_FIXED|SMLP-TCN|Theta|XGBoost,True,732,342,
HDD|Organic|EDB|Consumer|Forest::DNKP307,HDD|Organic|EDB|Consumer|Forest,HDD EDB Consumer,HDD,DNKP307,VIEWER_COMPLETE,True,True,True,4950,True,4950,15,True,ARIMA_Fixed|AutoARIMA|ETS Explicit|ETS_Current|FNAR-V2|FixedGrowth_1_5|FixedGrowth_3|FixedGrowth_4|FixedGrowth_6|LightGBM|LinearRegression|NLIN-DLIN_FIXED|SMLP-TCN|Theta|XGBoost,True,732,332,
HDD|Organic|EDB|Consumer|Forest::ESPP292,HDD|Organic|EDB|Consumer|Forest,HDD EDB Consumer,HDD,ESPP292,VIEWER_COMPLETE,True,True,True,4950,True,4950,15,True,ARIMA_Fixed|AutoARIMA|ETS Explicit|ETS_Current|FNAR-V2|FixedGrowth_1_5|FixedGrowth_3|FixedGrowth_4|FixedGrowth_6|LightGBM|LinearRegression|NLIN-DLIN_FIXED|SMLP-TCN|Theta|XGBoost,True,732,342,
HDD|Organic|EDB|Consumer|Forest::EURP107,HDD|Organic|EDB|Consumer|Forest,HDD EDB Consumer,HDD,EURP107,VIEWER_COMPLETE,True,True,True,4950,True,4950,15,True,ARIMA_Fixed|AutoARIMA|ETS Explicit|ETS_Current|FNAR-V2|FixedGrowth_1_5|FixedGrowth_3|FixedGrowth_4|FixedGrowth_6|LightGBM|LinearRegression|NLIN-DLIN_FIXED|SMLP-TCN|Theta|XGBoost,True,732,342,
HDD|Organic|EDB|Consumer|Forest::EURP119,HDD|Organic|EDB|Consumer|Forest,HDD EDB Consumer,HDD,EURP119,VIEWER_COMPLETE,True,True,True,4950,True,4950,15,True,ARIMA_Fixed|AutoARIMA|ETS Explicit|ETS_Current|FNAR-V2|FixedGrowth_1_5|FixedGrowth_3|FixedGrowth_4|FixedGrowth_6|LightGBM|LinearRegression|NLIN-DLIN_FIXED|SMLP-TCN|Theta|XGBoost,True,732,342,
HDD|Organic|EDB|Consumer|Forest::EURP120,HDD|Organic|EDB|Consumer|Forest,HDD EDB Consumer,HDD,EURP120,VIEWER_COMPLETE,True,True,True,4950,True,4950,15,True,ARIMA_Fixed|AutoARIMA|ETS Explicit|ETS_Current|FNAR-V2|FixedGrowth_1_5|FixedGrowth_3|FixedGrowth_4|FixedGrowth_6|LightGBM|LinearRegression|NLIN-DLIN_FIXED|SMLP-TCN|Theta|XGBoost,True,732,342,
HDD|Organic|EDB|Consumer|Forest::EURP121,HDD|Organic|EDB|Consumer|Forest,HDD EDB Consumer,HDD,EURP121,VIEWER_COMPLETE,True,True,True,4950,True,4950,15,True,ARIMA_Fixed|AutoARIMA|ETS Explicit|ETS_Current|FNAR-V2|FixedGrowth_1_5|FixedGrowth_3|FixedGrowth_4|FixedGrowth_6|LightGBM|LinearRegression|NLIN-DLIN_FIXED|SMLP-TCN|Theta|XGBoost,True,732,342,
HDD|Organic|EDB|Consumer|Forest::EURP122,HDD|Organic|EDB|Consumer|Forest,HDD EDB Consumer,HDD,EURP122,VIEWER_COMPLETE,True,True,True,4950,True,4950,15,True,ARIMA_Fixed|AutoARIMA|ETS Explicit|ETS_Current|FNAR-V2|FixedGrowth_1_5|FixedGrowth_3|FixedGrowth_4|FixedGrowth_6|LightGBM|LinearRegression|NLIN-DLIN_FIXED|SMLP-TCN|Theta|XGBoost,True,732,342,
HDD|Organic|EDB|Consumer|Forest::EURP137,HDD|Organic|EDB|Consumer|Forest,HDD EDB Consumer,HDD,EURP137,VIEWER_COMPLETE,True,True,True,4950,True,4950,15,True,ARIMA_Fixed|AutoARIMA|ETS Explicit|ETS_Current|FNAR-V2|FixedGrowth_1_5|FixedGrowth_3|FixedGrowth_4|FixedGrowth_6|LightGBM|LinearRegression|NLIN-DLIN_FIXED|SMLP-TCN|Theta|XGBoost,True,732,342,
HDD|Organic|EDB|Consumer|Forest::EURP138,HDD|Organic|EDB|Consumer|Forest,HDD EDB Consumer,HDD,EURP138,VIEWER_COMPLETE,True,True,True,4950,True,4950,15,True,ARIMA_Fixed|AutoARIMA|ETS Explicit|ETS_Current|FNAR-V2|FixedGrowth_1_5|FixedGrowth_3|FixedGrowth_4|FixedGrowth_6|LightGBM|LinearRegression|NLIN-DLIN_FIXED|SMLP-TCN|Theta|XGBoost,True,732,342,
HDD|Organic|EDB|Consumer|Forest::EURP175,HDD|Organic|EDB|Consumer|Forest,HDD EDB Consumer,HDD,EURP175,VIEWER_COMPLETE,True,True,True,4950,True,4950,15,True,ARIMA_Fixed|AutoARIMA|ETS Explicit|ETS_Current|FNAR-V2|FixedGrowth_1_5|FixedGrowth_3|FixedGrowth_4|FixedGrowth_6|LightGBM|LinearRegression|NLIN-DLIN_FIXED|SMLP-TCN|Theta|XGBoost,True,732,342,
HDD|Organic|EDB|Consumer|Forest::EURP176,HDD|Organic|EDB|Consumer|Forest,HDD EDB Consumer,HDD,EURP176,VIEWER_COMPLETE,True,True,True,4950,True,4950,15,True,ARIMA_Fixed|AutoARIMA|ETS Explicit|ETS_Current|FNAR-V2|FixedGrowth_1_5|FixedGrowth_3|FixedGrowth_4|FixedGrowth_6|LightGBM|LinearRegression|NLIN-DLIN_FIXED|SMLP-TCN|Theta|XGBoost,True,732,342,
HDD|Organic|EDB|Consumer|Forest::EURP177,HDD|Organic|EDB|Consumer|Forest,HDD EDB Consumer,HDD,EURP177,VIEWER_COMPLETE,True,True,True,4950,True,4950,15,True,ARIMA_Fixed|AutoARIMA|ETS Explicit|ETS_Current|FNAR-V2|FixedGrowth_1_5|FixedGrowth_3|FixedGrowth_4|FixedGrowth_6|LightGBM|LinearRegression|NLIN-DLIN_FIXED|SMLP-TCN|Theta|XGBoost,True,732,342,
HDD|Organic|EDB|Consumer|Forest::EURP178,HDD|Organic|EDB|Consumer|Forest,HDD EDB Consumer,HDD,EURP178,VIEWER_COMPLETE,True,True,True,4950,True,4950,15,True,ARIMA_Fixed|AutoARIMA|ETS Explicit|ETS_Current|FNAR-V2|FixedGrowth_1_5|FixedGrowth_3|FixedGrowth_4|FixedGrowth_6|LightGBM|LinearRegression|NLIN-DLIN_FIXED|SMLP-TCN|Theta|XGBoost,True,732,342,
HDD|Organic|EDB|Consumer|Forest::EURP179,HDD|Organic|EDB|Consumer|Forest,HDD EDB Consumer,HDD,EURP179,VIEWER_COMPLETE,True,True,True,4950,True,4950,15,True,ARIMA_Fixed|AutoARIMA|ETS Explicit|ETS_Current|FNAR-V2|FixedGrowth_1_5|FixedGrowth_3|FixedGrowth_4|FixedGrowth_6|LightGBM|LinearRegression|NLIN-DLIN_FIXED|SMLP-TCN|Theta|XGBoost,True,732,342,
HDD|Organic|EDB|Consumer|Forest::EURP180,HDD|Organic|EDB|Consumer|Forest,HDD EDB Consumer,HDD,EURP180,VIEWER_COMPLETE,True,True,True,4950,True,4950,15,True,ARIMA_Fixed|AutoARIMA|ETS Explicit|ETS_Current|FNAR-V2|FixedGrowth_1_5|FixedGrowth_3|FixedGrowth_4|FixedGrowth_6|LightGBM|LinearRegression|NLIN-DLIN_FIXED|SMLP-TCN|Theta|XGBoost,True,732,342,
HDD|Organic|EDB|Consumer|Forest::EURP189,HDD|Organic|EDB|Consumer|Forest,HDD EDB Consumer,HDD,EURP189,VIEWER_COMPLETE,True,True,True,4950,True,4950,15,True,ARIMA_Fixed|AutoARIMA|ETS Explicit|ETS_Current|FNAR-V2|FixedGrowth_1_5|FixedGrowth_3|FixedGrowth_4|FixedGrowth_6|LightGBM|LinearRegression|NLIN-DLIN_FIXED|SMLP-TCN|Theta|XGBoost,True,732,342,
HDD|Organic|EDB|Consumer|Forest::EURP190,HDD|Organic|EDB|Consumer|Forest,HDD EDB Consumer,HDD,EURP190,VIEWER_COMPLETE,True,True,True,4950,True,4950,15,True,ARIMA_Fixed|AutoARIMA|ETS Explicit|ETS_Current|FNAR-V2|FixedGrowth_1_5|FixedGrowth_3|FixedGrowth_4|FixedGrowth_6|LightGBM|LinearRegression|NLIN-DLIN_FIXED|SMLP-TCN|Theta|XGBoost,True,732,342,
HDD|Organic|EDB|Consumer|Forest::EURP191,HDD|Organic|EDB|Consumer|Forest,HDD EDB Consumer,HDD,EURP191,VIEWER_COMPLETE,True,True,True,4950,True,4950,15,True,ARIMA_Fixed|AutoARIMA|ETS Explicit|ETS_Current|FNAR-V2|FixedGrowth_1_5|FixedGrowth_3|FixedGrowth_4|FixedGrowth_6|LightGBM|LinearRegression|NLIN-DLIN_FIXED|SMLP-TCN|Theta|XGBoost,True,732,342,
HDD|Organic|EDB|Consumer|Forest::EURP192,HDD|Organic|EDB|Consumer|Forest,HDD EDB Consumer,HDD,EURP192,VIEWER_COMPLETE,True,True,True,4950,True,4950,15,True,ARIMA_Fixed|AutoARIMA|ETS Explicit|ETS_Current|FNAR-V2|FixedGrowth_1_5|FixedGrowth_3|FixedGrowth_4|FixedGrowth_6|LightGBM|LinearRegression|NLIN-DLIN_FIXED|SMLP-TCN|Theta|XGBoost,True,732,342,
HDD|Organic|EDB|Consumer|Forest::EURP193,HDD|Organic|EDB|Consumer|Forest,HDD EDB Consumer,HDD,EURP193,VIEWER_COMPLETE,True,True,True,4950,True,4950,15,True,ARIMA_Fixed|AutoARIMA|ETS Explicit|ETS_Current|FNAR-V2|FixedGrowth_1_5|FixedGrowth_3|FixedGrowth_4|FixedGrowth_6|LightGBM|LinearRegression|NLIN-DLIN_FIXED|SMLP-TCN|Theta|XGBoost,True,732,342,
HDD|Organic|EDB|Consumer|Forest::EURP194,HDD|Organic|EDB|Consumer|Forest,HDD EDB Consumer,HDD,EURP194,VIEWER_COMPLETE,True,True,True,4950,True,4950,15,True,ARIMA_Fixed|AutoARIMA|ETS Explicit|ETS_Current|FNAR-V2|FixedGrowth_1_5|FixedGrowth_3|FixedGrowth_4|FixedGrowth_6|LightGBM|LinearRegression|NLIN-DLIN_FIXED|SMLP-TCN|Theta|XGBoost,True,732,342,
HDD|Organic|EDB|Consumer|Forest::EURP195,HDD|Organic|EDB|Consumer|Forest,HDD EDB Consumer,HDD,EURP195,VIEWER_COMPLETE,True,True,True,4950,True,4950,15,True,ARIMA_Fixed|AutoARIMA|ETS Explicit|ETS_Current|FNAR-V2|FixedGrowth_1_5|FixedGrowth_3|FixedGrowth_4|FixedGrowth_6|LightGBM|LinearRegression|NLIN-DLIN_FIXED|SMLP-TCN|Theta|XGBoost,True,732,342,
HDD|Organic|EDB|Consumer|Forest::EURP250,HDD|Organic|EDB|Consumer|Forest,HDD EDB Consumer,HDD,EURP250,VIEWER_COMPLETE,True,True,True,4950,True,4950,15,True,ARIMA_Fixed|AutoARIMA|ETS Explicit|ETS_Current|FNAR-V2|FixedGrowth_1_5|FixedGrowth_3|FixedGrowth_4|FixedGrowth_6|LightGBM|LinearRegression|NLIN-DLIN_FIXED|SMLP-TCN|Theta|XGBoost,True,732,342,
HDD|Organic|EDB|Consumer|Forest::EURP251,HDD|Organic|EDB|Consumer|Forest,HDD EDB Consumer,HDD,EURP251,VIEWER_COMPLETE,True,True,True,4950,True,4950,15,True,ARIMA_Fixed|AutoARIMA|ETS Explicit|ETS_Current|FNAR-V2|FixedGrowth_1_5|FixedGrowth_3|FixedGrowth_4|FixedGrowth_6|LightGBM|LinearRegression|NLIN-DLIN_FIXED|SMLP-TCN|Theta|XGBoost,True,732,342,
HDD|Organic|EDB|Consumer|Forest::EURP309,HDD|Organic|EDB|Consumer|Forest,HDD EDB Consumer,HDD,EURP309,VIEWER_COMPLETE,True,True,True,4950,True,4950,15,True,ARIMA_Fixed|AutoARIMA|ETS Explicit|ETS_Current|FNAR-V2|FixedGrowth_1_5|FixedGrowth_3|FixedGrowth_4|FixedGrowth_6|LightGBM|LinearRegression|NLIN-DLIN_FIXED|SMLP-TCN|Theta|XGBoost,True,732,276,
HDD|Organic|EDB|Consumer|Forest::EURPRD01,HDD|Organic|EDB|Consumer|Forest,HDD EDB Consumer,HDD,EURPRD01,VIEWER_COMPLETE,True,True,True,4950,True,4950,15,True,ARIMA_Fixed|AutoARIMA|ETS Explicit|ETS_Current|FNAR-V2|FixedGrowth_1_5|FixedGrowth_3|FixedGrowth_4|FixedGrowth_6|LightGBM|LinearRegression|NLIN-DLIN_FIXED|SMLP-TCN|Theta|XGBoost,True,732,342,
HDD|Organic|EDB|Consumer|Forest::EURPRD02,HDD|Organic|EDB|Consumer|Forest,HDD EDB Consumer,HDD,EURPRD02,VIEWER_COMPLETE,True,True,True,4950,True,4950,15,True,ARIMA_Fixed|AutoARIMA|ETS Explicit|ETS_Current|FNAR-V2|FixedGrowth_1_5|FixedGrowth_3|FixedGrowth_4|FixedGrowth_6|LightGBM|LinearRegression|NLIN-DLIN_FIXED|SMLP-TCN|Theta|XGBoost,True,732,342,
HDD|Organic|EDB|Consumer|Forest::EURPRD03,HDD|Organic|EDB|Consumer|Forest,HDD EDB Consumer,HDD,EURPRD03,VIEWER_COMPLETE,True,True,True,4950,True,4950,15,True,ARIMA_Fixed|AutoARIMA|ETS Explicit|ETS_Current|FNAR-V2|FixedGrowth_1_5|FixedGrowth_3|FixedGrowth_4|FixedGrowth_6|LightGBM|LinearRegression|NLIN-DLIN_FIXED|SMLP-TCN|Theta|XGBoost,True,732,342,
HDD|Organic|EDB|Consumer|Forest::EURPRD04,HDD|Organic|EDB|Consumer|Forest,HDD EDB Consumer,HDD,EURPRD04,VIEWER_COMPLETE,True,True,True,4950,True,4950,15,True,ARIMA_Fixed|AutoARIMA|ETS Explicit|ETS_Current|FNAR-V2|FixedGrowth_1_5|FixedGrowth_3|FixedGrowth_4|FixedGrowth_6|LightGBM|LinearRegression|NLIN-DLIN_FIXED|SMLP-TCN|Theta|XGBoost,True,732,342,
HDD|Organic|EDB|Consumer|Forest::EURPRD05,HDD|Organic|EDB|Consumer|Forest,HDD EDB Consumer,HDD,EURPRD05,VIEWER_COMPLETE,True,True,True,4950,True,4950,15,True,ARIMA_Fixed|AutoARIMA|ETS Explicit|ETS_Current|FNAR-V2|FixedGrowth_1_5|FixedGrowth_3|FixedGrowth_4|FixedGrowth_6|LightGBM|LinearRegression|NLIN-DLIN_FIXED|SMLP-TCN|Theta|XGBoost,True,732,342,
HDD|Organic|EDB|Consumer|Forest::EURPRD06,HDD|Organic|EDB|Consumer|Forest,HDD EDB Consumer,HDD,EURPRD06,VIEWER_COMPLETE,True,True,True,4950,True,4950,15,True,ARIMA_Fixed|AutoARIMA|ETS Explicit|ETS_Current|FNAR-V2|FixedGrowth_1_5|FixedGrowth_3|FixedGrowth_4|FixedGrowth_6|LightGBM|LinearRegression|NLIN-DLIN_FIXED|SMLP-TCN|Theta|XGBoost,True,732,342,
HDD|Organic|EDB|Consumer|Forest::EURPRD07,HDD|Organic|EDB|Consumer|Forest,HDD EDB Consumer,HDD,EURPRD07,VIEWER_COMPLETE,True,True,True,4950,True,4950,15,True,ARIMA_Fixed|AutoARIMA|ETS Explicit|ETS_Current|FNAR-V2|FixedGrowth_1_5|FixedGrowth_3|FixedGrowth_4|FixedGrowth_6|LightGBM|LinearRegression|NLIN-DLIN_FIXED|SMLP-TCN|Theta|XGBoost,True,732,342,
HDD|Organic|EDB|Consumer|Forest::EURPRD08,HDD|Organic|EDB|Consumer|Forest,HDD EDB Consumer,HDD,EURPRD08,VIEWER_COMPLETE,True,True,True,4950,True,4950,15,True,ARIMA_Fixed|AutoARIMA|ETS Explicit|ETS_Current|FNAR-V2|FixedGrowth_1_5|FixedGrowth_3|FixedGrowth_4|FixedGrowth_6|LightGBM|LinearRegression|NLIN-DLIN_FIXED|SMLP-TCN|Theta|XGBoost,True,732,342,
HDD|Organic|EDB|Consumer|Forest::EURPRD09,HDD|Organic|EDB|Consumer|Forest,HDD EDB Consumer,HDD,EURPRD09,VIEWER_COMPLETE,True,True,True,4950,True,4950,15,True,ARIMA_Fixed|AutoARIMA|ETS Explicit|ETS_Current|FNAR-V2|FixedGrowth_1_5|FixedGrowth_3|FixedGrowth_4|FixedGrowth_6|LightGBM|LinearRegression|NLIN-DLIN_FIXED|SMLP-TCN|Theta|XGBoost,True,732,342,
HDD|Organic|EDB|Consumer|Forest::EURPRD10,HDD|Organic|EDB|Consumer|Forest,HDD EDB Consumer,HDD,EURPRD10,VIEWER_COMPLETE,True,True,True,4950,True,4950,15,True,ARIMA_Fixed|AutoARIMA|ETS Explicit|ETS_Current|FNAR-V2|FixedGrowth_1_5|FixedGrowth_3|FixedGrowth_4|FixedGrowth_6|LightGBM|LinearRegression|NLIN-DLIN_FIXED|SMLP-TCN|Theta|XGBoost,True,732,342,
HDD|Organic|EDB|Consumer|Forest::EURPRD83,HDD|Organic|EDB|Consumer|Forest,HDD EDB Consumer,HDD,EURPRD83,VIEWER_COMPLETE,True,True,True,4950,True,4950,15,True,ARIMA_Fixed|AutoARIMA|ETS Explicit|ETS_Current|FNAR-V2|FixedGrowth_1_5|FixedGrowth_3|FixedGrowth_4|FixedGrowth_6|LightGBM|LinearRegression|NLIN-DLIN_FIXED|SMLP-TCN|Theta|XGBoost,True,732,342,
HDD|Organic|EDB|Consumer|Forest::FRAP264,HDD|Organic|EDB|Consumer|Forest,HDD EDB Consumer,HDD,FRAP264,VIEWER_COMPLETE,True,True,True,4950,True,4950,15,True,ARIMA_Fixed|AutoARIMA|ETS Explicit|ETS_Current|FNAR-V2|FixedGrowth_1_5|FixedGrowth_3|FixedGrowth_4|FixedGrowth_6|LightGBM|LinearRegression|NLIN-DLIN_FIXED|SMLP-TCN|Theta|XGBoost,True,732,342,
HDD|Organic|EDB|Consumer|Forest::GBRP123,HDD|Organic|EDB|Consumer|Forest,HDD EDB Consumer,HDD,GBRP123,VIEWER_COMPLETE,True,True,True,4950,True,4950,15,True,ARIMA_Fixed|AutoARIMA|ETS Explicit|ETS_Current|FNAR-V2|FixedGrowth_1_5|FixedGrowth_3|FixedGrowth_4|FixedGrowth_6|LightGBM|LinearRegression|NLIN-DLIN_FIXED|SMLP-TCN|Theta|XGBoost,True,732,342,
HDD|Organic|EDB|Consumer|Forest::GBRP265,HDD|Organic|EDB|Consumer|Forest,HDD EDB Consumer,HDD,GBRP265,VIEWER_COMPLETE,True,True,True,4950,True,4950,15,True,ARIMA_Fixed|AutoARIMA|ETS Explicit|ETS_Current|FNAR-V2|FixedGrowth_1_5|FixedGrowth_3|FixedGrowth_4|FixedGrowth_6|LightGBM|LinearRegression|NLIN-DLIN_FIXED|SMLP-TCN|Theta|XGBoost,True,732,342,
HDD|Organic|EDB|Consumer|Forest::GBRP267,HDD|Organic|EDB|Consumer|Forest,HDD EDB Consumer,HDD,GBRP267,VIEWER_COMPLETE,True,True,True,4950,True,4950,15,True,ARIMA_Fixed|AutoARIMA|ETS Explicit|ETS_Current|FNAR-V2|FixedGrowth_1_5|FixedGrowth_3|FixedGrowth_4|FixedGrowth_6|LightGBM|LinearRegression|NLIN-DLIN_FIXED|SMLP-TCN|Theta|XGBoost,True,732,342,
HDD|Organic|EDB|Consumer|Forest::GBRP302,HDD|Organic|EDB|Consumer|Forest,HDD EDB Consumer,HDD,GBRP302,VIEWER_COMPLETE,True,True,True,4950,True,4950,15,True,ARIMA_Fixed|AutoARIMA|ETS Explicit|ETS_Current|FNAR-V2|FixedGrowth_1_5|FixedGrowth_3|FixedGrowth_4|FixedGrowth_6|LightGBM|LinearRegression|NLIN-DLIN_FIXED|SMLP-TCN|Theta|XGBoost,True,732,342,
HDD|Organic|EDB|Consumer|Forest::IDNP305,HDD|Organic|EDB|Consumer|Forest,HDD EDB Consumer,HDD,IDNP305,VIEWER_COMPLETE,True,True,True,4950,True,4950,15,True,ARIMA_Fixed|AutoARIMA|ETS Explicit|ETS_Current|FNAR-V2|FixedGrowth_1_5|FixedGrowth_3|FixedGrowth_4|FixedGrowth_6|LightGBM|LinearRegression|NLIN-DLIN_FIXED|SMLP-TCN|Theta|XGBoost,True,732,342,
HDD|Organic|EDB|Consumer|Forest::INDP287,HDD|Organic|EDB|Consumer|Forest,HDD EDB Consumer,HDD,INDP287,VIEWER_COMPLETE,True,True,True,4950,True,4950,15,True,ARIMA_Fixed|AutoARIMA|ETS Explicit|ETS_Current|FNAR-V2|FixedGrowth_1_5|FixedGrowth_3|FixedGrowth_4|FixedGrowth_6|LightGBM|LinearRegression|NLIN-DLIN_FIXED|SMLP-TCN|Theta|XGBoost,True,732,342,
HDD|Organic|EDB|Consumer|Forest::INDPRD01,HDD|Organic|EDB|Consumer|Forest,HDD EDB Consumer,HDD,INDPRD01,VIEWER_COMPLETE,True,True,True,4950,True,4950,15,True,ARIMA_Fixed|AutoARIMA|ETS Explicit|ETS_Current|FNAR-V2|FixedGrowth_1_5|FixedGrowth_3|FixedGrowth_4|FixedGrowth_6|LightGBM|LinearRegression|NLIN-DLIN_FIXED|SMLP-TCN|Theta|XGBoost,True,732,342,
HDD|Organic|EDB|Consumer|Forest::ISRP290,HDD|Organic|EDB|Consumer|Forest,HDD EDB Consumer,HDD,ISRP290,VIEWER_COMPLETE,True,True,True,4950,True,4950,15,True,ARIMA_Fixed|AutoARIMA|ETS Explicit|ETS_Current|FNAR-V2|FixedGrowth_1_5|FixedGrowth_3|FixedGrowth_4|FixedGrowth_6|LightGBM|LinearRegression|NLIN-DLIN_FIXED|SMLP-TCN|Theta|XGBoost,True,732,342,
HDD|Organic|EDB|Consumer|Forest::ITAP293,HDD|Organic|EDB|Consumer|Forest,HDD EDB Consumer,HDD,ITAP293,VIEWER_COMPLETE,True,True,True,4950,True,4950,15,True,ARIMA_Fixed|AutoARIMA|ETS Explicit|ETS_Current|FNAR-V2|FixedGrowth_1_5|FixedGrowth_3|FixedGrowth_4|FixedGrowth_6|LightGBM|LinearRegression|NLIN-DLIN_FIXED|SMLP-TCN|Theta|XGBoost,True,732,342,
HDD|Organic|EDB|Consumer|Forest::JPNP286,HDD|Organic|EDB|Consumer|Forest,HDD EDB Consumer,HDD,JPNP286,VIEWER_COMPLETE,True,True,True,4950,True,4950,15,True,ARIMA_Fixed|AutoARIMA|ETS Explicit|ETS_Current|FNAR-V2|FixedGrowth_1_5|FixedGrowth_3|FixedGrowth_4|FixedGrowth_6|LightGBM|LinearRegression|NLIN-DLIN_FIXED|SMLP-TCN|Theta|XGBoost,True,732,342,
HDD|Organic|EDB|Consumer|Forest::JPNP301,HDD|Organic|EDB|Consumer|Forest,HDD EDB Consumer,HDD,JPNP301,VIEWER_COMPLETE,True,True,True,4950,True,4950,15,True,ARIMA_Fixed|AutoARIMA|ETS Explicit|ETS_Current|FNAR-V2|FixedGrowth_1_5|FixedGrowth_3|FixedGrowth_4|FixedGrowth_6|LightGBM|LinearRegression|NLIN-DLIN_FIXED|SMLP-TCN|Theta|XGBoost,True,732,342,
HDD|Organic|EDB|Consumer|Forest::JPNPRD01,HDD|Organic|EDB|Consumer|Forest,HDD EDB Consumer,HDD,JPNPRD01,VIEWER_COMPLETE,True,True,True,4950,True,4950,15,True,ARIMA_Fixed|AutoARIMA|ETS Explicit|ETS_Current|FNAR-V2|FixedGrowth_1_5|FixedGrowth_3|FixedGrowth_4|FixedGrowth_6|LightGBM|LinearRegression|NLIN-DLIN_FIXED|SMLP-TCN|Theta|XGBoost,True,732,342,
HDD|Organic|EDB|Consumer|Forest::KORP216,HDD|Organic|EDB|Consumer|Forest,HDD EDB Consumer,HDD,KORP216,VIEWER_COMPLETE,True,True,True,4950,True,4950,15,True,ARIMA_Fixed|AutoARIMA|ETS Explicit|ETS_Current|FNAR-V2|FixedGrowth_1_5|FixedGrowth_3|FixedGrowth_4|FixedGrowth_6|LightGBM|LinearRegression|NLIN-DLIN_FIXED|SMLP-TCN|Theta|XGBoost,True,732,342,
HDD|Organic|EDB|Consumer|Forest::LAMP152,HDD|Organic|EDB|Consumer|Forest,HDD EDB Consumer,HDD,LAMP152,VIEWER_COMPLETE,True,True,True,4950,True,4950,15,True,ARIMA_Fixed|AutoARIMA|ETS Explicit|ETS_Current|FNAR-V2|FixedGrowth_1_5|FixedGrowth_3|FixedGrowth_4|FixedGrowth_6|LightGBM|LinearRegression|NLIN-DLIN_FIXED|SMLP-TCN|Theta|XGBoost,True,732,342,
HDD|Organic|EDB|Consumer|Forest::LAMP215,HDD|Organic|EDB|Consumer|Forest,HDD EDB Consumer,HDD,LAMP215,VIEWER_COMPLETE,True,True,True,4950,True,4950,15,True,ARIMA_Fixed|AutoARIMA|ETS Explicit|ETS_Current|FNAR-V2|FixedGrowth_1_5|FixedGrowth_3|FixedGrowth_4|FixedGrowth_6|LightGBM|LinearRegression|NLIN-DLIN_FIXED|SMLP-TCN|Theta|XGBoost,True,732,342,
HDD|Organic|EDB|Consumer|Forest::LAMPRD80,HDD|Organic|EDB|Consumer|Forest,HDD EDB Consumer,HDD,LAMPRD80,VIEWER_COMPLETE,True,True,True,4950,True,4950,15,True,ARIMA_Fixed|AutoARIMA|ETS Explicit|ETS_Current|FNAR-V2|FixedGrowth_1_5|FixedGrowth_3|FixedGrowth_4|FixedGrowth_6|LightGBM|LinearRegression|NLIN-DLIN_FIXED|SMLP-TCN|Theta|XGBoost,True,732,342,
HDD|Organic|EDB|Consumer|Forest::MEXP297,HDD|Organic|EDB|Consumer|Forest,HDD EDB Consumer,HDD,MEXP297,VIEWER_COMPLETE,True,True,True,4950,True,4950,15,True,ARIMA_Fixed|AutoARIMA|ETS Explicit|ETS_Current|FNAR-V2|FixedGrowth_1_5|FixedGrowth_3|FixedGrowth_4|FixedGrowth_6|LightGBM|LinearRegression|NLIN-DLIN_FIXED|SMLP-TCN|Theta|XGBoost,True,732,342,
HDD|Organic|EDB|Consumer|Forest::MYSP306,HDD|Organic|EDB|Consumer|Forest,HDD EDB Consumer,HDD,MYSP306,VIEWER_COMPLETE,True,True,True,4950,True,4950,15,True,ARIMA_Fixed|AutoARIMA|ETS Explicit|ETS_Current|FNAR-V2|FixedGrowth_1_5|FixedGrowth_3|FixedGrowth_4|FixedGrowth_6|LightGBM|LinearRegression|NLIN-DLIN_FIXED|SMLP-TCN|Theta|XGBoost,True,732,342,
HDD|Organic|EDB|Consumer|Forest::NAMP100,HDD|Organic|EDB|Consumer|Forest,HDD EDB Consumer,HDD,NAMP100,VIEWER_COMPLETE,True,True,True,4950,True,4950,15,True,ARIMA_Fixed|AutoARIMA|ETS Explicit|ETS_Current|FNAR-V2|FixedGrowth_1_5|FixedGrowth_3|FixedGrowth_4|FixedGrowth_6|LightGBM|LinearRegression|NLIN-DLIN_FIXED|SMLP-TCN|Theta|XGBoost,True,732,342,
HDD|Organic|EDB|Consumer|Forest::NAMP101,HDD|Organic|EDB|Consumer|Forest,HDD EDB Consumer,HDD,NAMP101,VIEWER_COMPLETE,True,True,True,4950,True,4950,15,True,ARIMA_Fixed|AutoARIMA|ETS Explicit|ETS_Current|FNAR-V2|FixedGrowth_1_5|FixedGrowth_3|FixedGrowth_4|FixedGrowth_6|LightGBM|LinearRegression|NLIN-DLIN_FIXED|SMLP-TCN|Theta|XGBoost,True,732,342,
HDD|Organic|EDB|Consumer|Forest::NAMP103,HDD|Organic|EDB|Consumer|Forest,HDD EDB Consumer,HDD,NAMP103,VIEWER_COMPLETE,True,True,True,4950,True,4950,15,True,ARIMA_Fixed|AutoARIMA|ETS Explicit|ETS_Current|FNAR-V2|FixedGrowth_1_5|FixedGrowth_3|FixedGrowth_4|FixedGrowth_6|LightGBM|LinearRegression|NLIN-DLIN_FIXED|SMLP-TCN|Theta|XGBoost,True,732,342,
HDD|Organic|EDB|Consumer|Forest::NAMP104,HDD|Organic|EDB|Consumer|Forest,HDD EDB Consumer,HDD,NAMP104,VIEWER_COMPLETE,True,True,True,4950,True,4950,15,True,ARIMA_Fixed|AutoARIMA|ETS Explicit|ETS_Current|FNAR-V2|FixedGrowth_1_5|FixedGrowth_3|FixedGrowth_4|FixedGrowth_6|LightGBM|LinearRegression|NLIN-DLIN_FIXED|SMLP-TCN|Theta|XGBoost,True,732,342,
HDD|Organic|EDB|Consumer|Forest::NAMP105,HDD|Organic|EDB|Consumer|Forest,HDD EDB Consumer,HDD,NAMP105,VIEWER_COMPLETE,True,True,True,4950,True,4950,15,True,ARIMA_Fixed|AutoARIMA|ETS Explicit|ETS_Current|FNAR-V2|FixedGrowth_1_5|FixedGrowth_3|FixedGrowth_4|FixedGrowth_6|LightGBM|LinearRegression|NLIN-DLIN_FIXED|SMLP-TCN|Theta|XGBoost,True,732,342,
HDD|Organic|EDB|Consumer|Forest::NAMP106,HDD|Organic|EDB|Consumer|Forest,HDD EDB Consumer,HDD,NAMP106,VIEWER_COMPLETE,True,True,True,4950,True,4950,15,True,ARIMA_Fixed|AutoARIMA|ETS Explicit|ETS_Current|FNAR-V2|FixedGrowth_1_5|FixedGrowth_3|FixedGrowth_4|FixedGrowth_6|LightGBM|LinearRegression|NLIN-DLIN_FIXED|SMLP-TCN|Theta|XGBoost,True,732,342,
HDD|Organic|EDB|Consumer|Forest::NAMP108,HDD|Organic|EDB|Consumer|Forest,HDD EDB Consumer,HDD,NAMP108,VIEWER_COMPLETE,True,True,True,4950,True,4950,15,True,ARIMA_Fixed|AutoARIMA|ETS Explicit|ETS_Current|FNAR-V2|FixedGrowth_1_5|FixedGrowth_3|FixedGrowth_4|FixedGrowth_6|LightGBM|LinearRegression|NLIN-DLIN_FIXED|SMLP-TCN|Theta|XGBoost,True,732,342,
HDD|Organic|EDB|Consumer|Forest::NAMP109,HDD|Organic|EDB|Consumer|Forest,HDD EDB Consumer,HDD,NAMP109,VIEWER_COMPLETE,True,True,True,4950,True,4950,15,True,ARIMA_Fixed|AutoARIMA|ETS Explicit|ETS_Current|FNAR-V2|FixedGrowth_1_5|FixedGrowth_3|FixedGrowth_4|FixedGrowth_6|LightGBM|LinearRegression|NLIN-DLIN_FIXED|SMLP-TCN|Theta|XGBoost,True,732,342,
HDD|Organic|EDB|Consumer|Forest::NAMP113,HDD|Organic|EDB|Consumer|Forest,HDD EDB Consumer,HDD,NAMP113,VIEWER_COMPLETE,True,True,True,4950,True,4950,15,True,ARIMA_Fixed|AutoARIMA|ETS Explicit|ETS_Current|FNAR-V2|FixedGrowth_1_5|FixedGrowth_3|FixedGrowth_4|FixedGrowth_6|LightGBM|LinearRegression|NLIN-DLIN_FIXED|SMLP-TCN|Theta|XGBoost,True,732,342,
HDD|Organic|EDB|Consumer|Forest::NAMP114,HDD|Organic|EDB|Consumer|Forest,HDD EDB Consumer,HDD,NAMP114,VIEWER_COMPLETE,True,True,True,4950,True,4950,15,True,ARIMA_Fixed|AutoARIMA|ETS Explicit|ETS_Current|FNAR-V2|FixedGrowth_1_5|FixedGrowth_3|FixedGrowth_4|FixedGrowth_6|LightGBM|LinearRegression|NLIN-DLIN_FIXED|SMLP-TCN|Theta|XGBoost,True,732,342,
HDD|Organic|EDB|Consumer|Forest::NAMP115,HDD|Organic|EDB|Consumer|Forest,HDD EDB Consumer,HDD,NAMP115,VIEWER_COMPLETE,True,True,True,4950,True,4950,15,True,ARIMA_Fixed|AutoARIMA|ETS Explicit|ETS_Current|FNAR-V2|FixedGrowth_1_5|FixedGrowth_3|FixedGrowth_4|FixedGrowth_6|LightGBM|LinearRegression|NLIN-DLIN_FIXED|SMLP-TCN|Theta|XGBoost,True,732,342,
HDD|Organic|EDB|Consumer|Forest::NAMP116,HDD|Organic|EDB|Consumer|Forest,HDD EDB Consumer,HDD,NAMP116,VIEWER_COMPLETE,True,True,True,4950,True,4950,15,True,ARIMA_Fixed|AutoARIMA|ETS Explicit|ETS_Current|FNAR-V2|FixedGrowth_1_5|FixedGrowth_3|FixedGrowth_4|FixedGrowth_6|LightGBM|LinearRegression|NLIN-DLIN_FIXED|SMLP-TCN|Theta|XGBoost,True,732,342,
HDD|Organic|EDB|Consumer|Forest::NAMP118,HDD|Organic|EDB|Consumer|Forest,HDD EDB Consumer,HDD,NAMP118,VIEWER_COMPLETE,True,True,True,4950,True,4950,15,True,ARIMA_Fixed|AutoARIMA|ETS Explicit|ETS_Current|FNAR-V2|FixedGrowth_1_5|FixedGrowth_3|FixedGrowth_4|FixedGrowth_6|LightGBM|LinearRegression|NLIN-DLIN_FIXED|SMLP-TCN|Theta|XGBoost,True,732,342,
HDD|Organic|EDB|Consumer|Forest::NAMP125,HDD|Organic|EDB|Consumer|Forest,HDD EDB Consumer,HDD,NAMP125,VIEWER_COMPLETE,True,True,True,4950,True,4950,15,True,ARIMA_Fixed|AutoARIMA|ETS Explicit|ETS_Current|FNAR-V2|FixedGrowth_1_5|FixedGrowth_3|FixedGrowth_4|FixedGrowth_6|LightGBM|LinearRegression|NLIN-DLIN_FIXED|SMLP-TCN|Theta|XGBoost,True,732,342,
HDD|Organic|EDB|Consumer|Forest::NAMP126,HDD|Organic|EDB|Consumer|Forest,HDD EDB Consumer,HDD,NAMP126,VIEWER_COMPLETE,True,True,True,4950,True,4950,15,True,ARIMA_Fixed|AutoARIMA|ETS Explicit|ETS_Current|FNAR-V2|FixedGrowth_1_5|FixedGrowth_3|FixedGrowth_4|FixedGrowth_6|LightGBM|LinearRegression|NLIN-DLIN_FIXED|SMLP-TCN|Theta|XGBoost,True,732,342,
HDD|Organic|EDB|Consumer|Forest::NAMP128,HDD|Organic|EDB|Consumer|Forest,HDD EDB Consumer,HDD,NAMP128,VIEWER_COMPLETE,True,True,True,4950,True,4950,15,True,ARIMA_Fixed|AutoARIMA|ETS Explicit|ETS_Current|FNAR-V2|FixedGrowth_1_5|FixedGrowth_3|FixedGrowth_4|FixedGrowth_6|LightGBM|LinearRegression|NLIN-DLIN_FIXED|SMLP-TCN|Theta|XGBoost,True,732,342,
HDD|Organic|EDB|Consumer|Forest::NAMP129,HDD|Organic|EDB|Consumer|Forest,HDD EDB Consumer,HDD,NAMP129,VIEWER_COMPLETE,True,True,True,4950,True,4950,15,True,ARIMA_Fixed|AutoARIMA|ETS Explicit|ETS_Current|FNAR-V2|FixedGrowth_1_5|FixedGrowth_3|FixedGrowth_4|FixedGrowth_6|LightGBM|LinearRegression|NLIN-DLIN_FIXED|SMLP-TCN|Theta|XGBoost,True,732,342,
HDD|Organic|EDB|Consumer|Forest::NAMP130,HDD|Organic|EDB|Consumer|Forest,HDD EDB Consumer,HDD,NAMP130,VIEWER_COMPLETE,True,True,True,4950,True,4950,15,True,ARIMA_Fixed|AutoARIMA|ETS Explicit|ETS_Current|FNAR-V2|FixedGrowth_1_5|FixedGrowth_3|FixedGrowth_4|FixedGrowth_6|LightGBM|LinearRegression|NLIN-DLIN_FIXED|SMLP-TCN|Theta|XGBoost,True,732,342,
HDD|Organic|EDB|Consumer|Forest::NAMP131,HDD|Organic|EDB|Consumer|Forest,HDD EDB Consumer,HDD,NAMP131,VIEWER_COMPLETE,True,True,True,4950,True,4950,15,True,ARIMA_Fixed|AutoARIMA|ETS Explicit|ETS_Current|FNAR-V2|FixedGrowth_1_5|FixedGrowth_3|FixedGrowth_4|FixedGrowth_6|LightGBM|LinearRegression|NLIN-DLIN_FIXED|SMLP-TCN|Theta|XGBoost,True,732,342,
HDD|Organic|EDB|Consumer|Forest::NAMP132,HDD|Organic|EDB|Consumer|Forest,HDD EDB Consumer,HDD,NAMP132,VIEWER_COMPLETE,True,True,True,4950,True,4950,15,True,ARIMA_Fixed|AutoARIMA|ETS Explicit|ETS_Current|FNAR-V2|FixedGrowth_1_5|FixedGrowth_3|FixedGrowth_4|FixedGrowth_6|LightGBM|LinearRegression|NLIN-DLIN_FIXED|SMLP-TCN|Theta|XGBoost,True,732,342,
HDD|Organic|EDB|Consumer|Forest::NAMP133,HDD|Organic|EDB|Consumer|Forest,HDD EDB Consumer,HDD,NAMP133,VIEWER_COMPLETE,True,True,True,4950,True,4950,15,True,ARIMA_Fixed|AutoARIMA|ETS Explicit|ETS_Current|FNAR-V2|FixedGrowth_1_5|FixedGrowth_3|FixedGrowth_4|FixedGrowth_6|LightGBM|LinearRegression|NLIN-DLIN_FIXED|SMLP-TCN|Theta|XGBoost,True,732,342,
HDD|Organic|EDB|Consumer|Forest::NAMP134,HDD|Organic|EDB|Consumer|Forest,HDD EDB Consumer,HDD,NAMP134,VIEWER_COMPLETE,True,True,True,4950,True,4950,15,True,ARIMA_Fixed|AutoARIMA|ETS Explicit|ETS_Current|FNAR-V2|FixedGrowth_1_5|FixedGrowth_3|FixedGrowth_4|FixedGrowth_6|LightGBM|LinearRegression|NLIN-DLIN_FIXED|SMLP-TCN|Theta|XGBoost,True,732,342,
HDD|Organic|EDB|Consumer|Forest::NAMP135,HDD|Organic|EDB|Consumer|Forest,HDD EDB Consumer,HDD,NAMP135,VIEWER_COMPLETE,True,True,True,4950,True,4950,15,True,ARIMA_Fixed|AutoARIMA|ETS Explicit|ETS_Current|FNAR-V2|FixedGrowth_1_5|FixedGrowth_3|FixedGrowth_4|FixedGrowth_6|LightGBM|LinearRegression|NLIN-DLIN_FIXED|SMLP-TCN|Theta|XGBoost,True,732,342,
HDD|Organic|EDB|Consumer|Forest::NAMP136,HDD|Organic|EDB|Consumer|Forest,HDD EDB Consumer,HDD,NAMP136,VIEWER_COMPLETE,True,True,True,4950,True,4950,15,True,ARIMA_Fixed|AutoARIMA|ETS Explicit|ETS_Current|FNAR-V2|FixedGrowth_1_5|FixedGrowth_3|FixedGrowth_4|FixedGrowth_6|LightGBM|LinearRegression|NLIN-DLIN_FIXED|SMLP-TCN|Theta|XGBoost,True,732,342,
HDD|Organic|EDB|Consumer|Forest::NAMP154,HDD|Organic|EDB|Consumer|Forest,HDD EDB Consumer,HDD,NAMP154,VIEWER_COMPLETE,True,True,True,4950,True,4950,15,True,ARIMA_Fixed|AutoARIMA|ETS Explicit|ETS_Current|FNAR-V2|FixedGrowth_1_5|FixedGrowth_3|FixedGrowth_4|FixedGrowth_6|LightGBM|LinearRegression|NLIN-DLIN_FIXED|SMLP-TCN|Theta|XGBoost,True,732,342,
HDD|Organic|EDB|Consumer|Forest::NAMP157,HDD|Organic|EDB|Consumer|Forest,HDD EDB Consumer,HDD,NAMP157,VIEWER_COMPLETE,True,True,True,4950,True,4950,15,True,ARIMA_Fixed|AutoARIMA|ETS Explicit|ETS_Current|FNAR-V2|FixedGrowth_1_5|FixedGrowth_3|FixedGrowth_4|FixedGrowth_6|LightGBM|LinearRegression|NLIN-DLIN_FIXED|SMLP-TCN|Theta|XGBoost,True,732,342,
HDD|Organic|EDB|Consumer|Forest::NAMP158,HDD|Organic|EDB|Consumer|Forest,HDD EDB Consumer,HDD,NAMP158,VIEWER_COMPLETE,True,True,True,4950,True,4950,15,True,ARIMA_Fixed|AutoARIMA|ETS Explicit|ETS_Current|FNAR-V2|FixedGrowth_1_5|FixedGrowth_3|FixedGrowth_4|FixedGrowth_6|LightGBM|LinearRegression|NLIN-DLIN_FIXED|SMLP-TCN|Theta|XGBoost,True,732,342,
HDD|Organic|EDB|Consumer|Forest::NAMP159,HDD|Organic|EDB|Consumer|Forest,HDD EDB Consumer,HDD,NAMP159,VIEWER_COMPLETE,True,True,True,4950,True,4950,15,True,ARIMA_Fixed|AutoARIMA|ETS Explicit|ETS_Current|FNAR-V2|FixedGrowth_1_5|FixedGrowth_3|FixedGrowth_4|FixedGrowth_6|LightGBM|LinearRegression|NLIN-DLIN_FIXED|SMLP-TCN|Theta|XGBoost,True,732,342,
HDD|Organic|EDB|Consumer|Forest::NAMP161,HDD|Organic|EDB|Consumer|Forest,HDD EDB Consumer,HDD,NAMP161,VIEWER_COMPLETE,True,True,True,4950,True,4950,15,True,ARIMA_Fixed|AutoARIMA|ETS Explicit|ETS_Current|FNAR-V2|FixedGrowth_1_5|FixedGrowth_3|FixedGrowth_4|FixedGrowth_6|LightGBM|LinearRegression|NLIN-DLIN_FIXED|SMLP-TCN|Theta|XGBoost,True,732,342,
HDD|Organic|EDB|Consumer|Forest::NAMP162,HDD|Organic|EDB|Consumer|Forest,HDD EDB Consumer,HDD,NAMP162,VIEWER_COMPLETE,True,True,True,4950,True,4950,15,True,ARIMA_Fixed|AutoARIMA|ETS Explicit|ETS_Current|FNAR-V2|FixedGrowth_1_5|FixedGrowth_3|FixedGrowth_4|FixedGrowth_6|LightGBM|LinearRegression|NLIN-DLIN_FIXED|SMLP-TCN|Theta|XGBoost,True,732,342,
HDD|Organic|EDB|Consumer|Forest::NAMP163,HDD|Organic|EDB|Consumer|Forest,HDD EDB Consumer,HDD,NAMP163,VIEWER_COMPLETE,True,True,True,4950,True,4950,15,True,ARIMA_Fixed|AutoARIMA|ETS Explicit|ETS_Current|FNAR-V2|FixedGrowth_1_5|FixedGrowth_3|FixedGrowth_4|FixedGrowth_6|LightGBM|LinearRegression|NLIN-DLIN_FIXED|SMLP-TCN|Theta|XGBoost,True,732,342,
HDD|Organic|EDB|Consumer|Forest::NAMP164,HDD|Organic|EDB|Consumer|Forest,HDD EDB Consumer,HDD,NAMP164,VIEWER_COMPLETE,True,True,True,4950,True,4950,15,True,ARIMA_Fixed|AutoARIMA|ETS Explicit|ETS_Current|FNAR-V2|FixedGrowth_1_5|FixedGrowth_3|FixedGrowth_4|FixedGrowth_6|LightGBM|LinearRegression|NLIN-DLIN_FIXED|SMLP-TCN|Theta|XGBoost,True,732,342,
HDD|Organic|EDB|Consumer|Forest::NAMP166,HDD|Organic|EDB|Consumer|Forest,HDD EDB Consumer,HDD,NAMP166,VIEWER_COMPLETE,True,True,True,4950,True,4950,15,True,ARIMA_Fixed|AutoARIMA|ETS Explicit|ETS_Current|FNAR-V2|FixedGrowth_1_5|FixedGrowth_3|FixedGrowth_4|FixedGrowth_6|LightGBM|LinearRegression|NLIN-DLIN_FIXED|SMLP-TCN|Theta|XGBoost,True,732,342,
HDD|Organic|EDB|Consumer|Forest::NAMP167,HDD|Organic|EDB|Consumer|Forest,HDD EDB Consumer,HDD,NAMP167,VIEWER_COMPLETE,True,True,True,4950,True,4950,15,True,ARIMA_Fixed|AutoARIMA|ETS Explicit|ETS_Current|FNAR-V2|FixedGrowth_1_5|FixedGrowth_3|FixedGrowth_4|FixedGrowth_6|LightGBM|LinearRegression|NLIN-DLIN_FIXED|SMLP-TCN|Theta|XGBoost,True,732,342,
HDD|Organic|EDB|Consumer|Forest::NAMP169,HDD|Organic|EDB|Consumer|Forest,HDD EDB Consumer,HDD,NAMP169,VIEWER_COMPLETE,True,True,True,4950,True,4950,15,True,ARIMA_Fixed|AutoARIMA|ETS Explicit|ETS_Current|FNAR-V2|FixedGrowth_1_5|FixedGrowth_3|FixedGrowth_4|FixedGrowth_6|LightGBM|LinearRegression|NLIN-DLIN_FIXED|SMLP-TCN|Theta|XGBoost,True,732,342,
HDD|Organic|EDB|Consumer|Forest::NAMP170,HDD|Organic|EDB|Consumer|Forest,HDD EDB Consumer,HDD,NAMP170,VIEWER_COMPLETE,True,True,True,4950,True,4950,15,True,ARIMA_Fixed|AutoARIMA|ETS Explicit|ETS_Current|FNAR-V2|FixedGrowth_1_5|FixedGrowth_3|FixedGrowth_4|FixedGrowth_6|LightGBM|LinearRegression|NLIN-DLIN_FIXED|SMLP-TCN|Theta|XGBoost,True,732,342,
HDD|Organic|EDB|Consumer|Forest::NAMP171,HDD|Organic|EDB|Consumer|Forest,HDD EDB Consumer,HDD,NAMP171,VIEWER_COMPLETE,True,True,True,4950,True,4950,15,True,ARIMA_Fixed|AutoARIMA|ETS Explicit|ETS_Current|FNAR-V2|FixedGrowth_1_5|FixedGrowth_3|FixedGrowth_4|FixedGrowth_6|LightGBM|LinearRegression|NLIN-DLIN_FIXED|SMLP-TCN|Theta|XGBoost,True,732,342,
HDD|Organic|EDB|Consumer|Forest::NAMP172,HDD|Organic|EDB|Consumer|Forest,HDD EDB Consumer,HDD,NAMP172,VIEWER_COMPLETE,True,True,True,4950,True,4950,15,True,ARIMA_Fixed|AutoARIMA|ETS Explicit|ETS_Current|FNAR-V2|FixedGrowth_1_5|FixedGrowth_3|FixedGrowth_4|FixedGrowth_6|LightGBM|LinearRegression|NLIN-DLIN_FIXED|SMLP-TCN|Theta|XGBoost,True,732,342,
HDD|Organic|EDB|Consumer|Forest::NAMP173,HDD|Organic|EDB|Consumer|Forest,HDD EDB Consumer,HDD,NAMP173,VIEWER_COMPLETE,True,True,True,4950,True,4950,15,True,ARIMA_Fixed|AutoARIMA|ETS Explicit|ETS_Current|FNAR-V2|FixedGrowth_1_5|FixedGrowth_3|FixedGrowth_4|FixedGrowth_6|LightGBM|LinearRegression|NLIN-DLIN_FIXED|SMLP-TCN|Theta|XGBoost,True,732,342,
HDD|Organic|EDB|Consumer|Forest::NAMP197,HDD|Organic|EDB|Consumer|Forest,HDD EDB Consumer,HDD,NAMP197,VIEWER_COMPLETE,True,True,True,4950,True,4950,15,True,ARIMA_Fixed|AutoARIMA|ETS Explicit|ETS_Current|FNAR-V2|FixedGrowth_1_5|FixedGrowth_3|FixedGrowth_4|FixedGrowth_6|LightGBM|LinearRegression|NLIN-DLIN_FIXED|SMLP-TCN|Theta|XGBoost,True,732,342,
HDD|Organic|EDB|Consumer|Forest::NAMP220,HDD|Organic|EDB|Consumer|Forest,HDD EDB Consumer,HDD,NAMP220,VIEWER_COMPLETE,True,True,True,4950,True,4950,15,True,ARIMA_Fixed|AutoARIMA|ETS Explicit|ETS_Current|FNAR-V2|FixedGrowth_1_5|FixedGrowth_3|FixedGrowth_4|FixedGrowth_6|LightGBM|LinearRegression|NLIN-DLIN_FIXED|SMLP-TCN|Theta|XGBoost,True,732,342,
HDD|Organic|EDB|Consumer|Forest::NAMP221,HDD|Organic|EDB|Consumer|Forest,HDD EDB Consumer,HDD,NAMP221,VIEWER_COMPLETE,True,True,True,4950,True,4950,15,True,ARIMA_Fixed|AutoARIMA|ETS Explicit|ETS_Current|FNAR-V2|FixedGrowth_1_5|FixedGrowth_3|FixedGrowth_4|FixedGrowth_6|LightGBM|LinearRegression|NLIN-DLIN_FIXED|SMLP-TCN|Theta|XGBoost,True,732,342,
HDD|Organic|EDB|Consumer|Forest::NAMP222,HDD|Organic|EDB|Consumer|Forest,HDD EDB Consumer,HDD,NAMP222,VIEWER_COMPLETE,True,True,True,4950,True,4950,15,True,ARIMA_Fixed|AutoARIMA|ETS Explicit|ETS_Current|FNAR-V2|FixedGrowth_1_5|FixedGrowth_3|FixedGrowth_4|FixedGrowth_6|LightGBM|LinearRegression|NLIN-DLIN_FIXED|SMLP-TCN|Theta|XGBoost,True,732,342,
HDD|Organic|EDB|Consumer|Forest::NAMP223,HDD|Organic|EDB|Consumer|Forest,HDD EDB Consumer,HDD,NAMP223,VIEWER_COMPLETE,True,True,True,4950,True,4950,15,True,ARIMA_Fixed|AutoARIMA|ETS Explicit|ETS_Current|FNAR-V2|FixedGrowth_1_5|FixedGrowth_3|FixedGrowth_4|FixedGrowth_6|LightGBM|LinearRegression|NLIN-DLIN_FIXED|SMLP-TCN|Theta|XGBoost,True,732,342,
HDD|Organic|EDB|Consumer|Forest::NAMP283,HDD|Organic|EDB|Consumer|Forest,HDD EDB Consumer,HDD,NAMP283,VIEWER_COMPLETE,True,True,True,4950,True,4950,15,True,ARIMA_Fixed|AutoARIMA|ETS Explicit|ETS_Current|FNAR-V2|FixedGrowth_1_5|FixedGrowth_3|FixedGrowth_4|FixedGrowth_6|LightGBM|LinearRegression|NLIN-DLIN_FIXED|SMLP-TCN|Theta|XGBoost,True,732,342,
HDD|Organic|EDB|Consumer|Forest::NAMPRD00,HDD|Organic|EDB|Consumer|Forest,HDD EDB Consumer,HDD,NAMPRD00,VIEWER_COMPLETE,True,True,True,4950,True,4950,15,True,ARIMA_Fixed|AutoARIMA|ETS Explicit|ETS_Current|FNAR-V2|FixedGrowth_1_5|FixedGrowth_3|FixedGrowth_4|FixedGrowth_6|LightGBM|LinearRegression|NLIN-DLIN_FIXED|SMLP-TCN|Theta|XGBoost,True,732,342,
HDD|Organic|EDB|Consumer|Forest::NAMPRD01,HDD|Organic|EDB|Consumer|Forest,HDD EDB Consumer,HDD,NAMPRD01,VIEWER_COMPLETE,True,True,True,4950,True,4950,15,True,ARIMA_Fixed|AutoARIMA|ETS Explicit|ETS_Current|FNAR-V2|FixedGrowth_1_5|FixedGrowth_3|FixedGrowth_4|FixedGrowth_6|LightGBM|LinearRegression|NLIN-DLIN_FIXED|SMLP-TCN|Theta|XGBoost,True,732,342,
HDD|Organic|EDB|Consumer|Forest::NAMPRD02,HDD|Organic|EDB|Consumer|Forest,HDD EDB Consumer,HDD,NAMPRD02,VIEWER_COMPLETE,True,True,True,4950,True,4950,15,True,ARIMA_Fixed|AutoARIMA|ETS Explicit|ETS_Current|FNAR-V2|FixedGrowth_1_5|FixedGrowth_3|FixedGrowth_4|FixedGrowth_6|LightGBM|LinearRegression|NLIN-DLIN_FIXED|SMLP-TCN|Theta|XGBoost,True,732,342,
HDD|Organic|EDB|Consumer|Forest::NAMPRD03,HDD|Organic|EDB|Consumer|Forest,HDD EDB Consumer,HDD,NAMPRD03,VIEWER_COMPLETE,True,True,True,4950,True,4950,15,True,ARIMA_Fixed|AutoARIMA|ETS Explicit|ETS_Current|FNAR-V2|FixedGrowth_1_5|FixedGrowth_3|FixedGrowth_4|FixedGrowth_6|LightGBM|LinearRegression|NLIN-DLIN_FIXED|SMLP-TCN|Theta|XGBoost,True,732,342,
HDD|Organic|EDB|Consumer|Forest::NAMPRD04,HDD|Organic|EDB|Consumer|Forest,HDD EDB Consumer,HDD,NAMPRD04,VIEWER_COMPLETE,True,True,True,4950,True,4950,15,True,ARIMA_Fixed|AutoARIMA|ETS Explicit|ETS_Current|FNAR-V2|FixedGrowth_1_5|FixedGrowth_3|FixedGrowth_4|FixedGrowth_6|LightGBM|LinearRegression|NLIN-DLIN_FIXED|SMLP-TCN|Theta|XGBoost,True,732,342,
HDD|Organic|EDB|Consumer|Forest::NAMPRD05,HDD|Organic|EDB|Consumer|Forest,HDD EDB Consumer,HDD,NAMPRD05,VIEWER_COMPLETE,True,True,True,4950,True,4950,15,True,ARIMA_Fixed|AutoARIMA|ETS Explicit|ETS_Current|FNAR-V2|FixedGrowth_1_5|FixedGrowth_3|FixedGrowth_4|FixedGrowth_6|LightGBM|LinearRegression|NLIN-DLIN_FIXED|SMLP-TCN|Theta|XGBoost,True,732,342,
HDD|Organic|EDB|Consumer|Forest::NAMPRD06,HDD|Organic|EDB|Consumer|Forest,HDD EDB Consumer,HDD,NAMPRD06,VIEWER_COMPLETE,True,True,True,4950,True,4950,15,True,ARIMA_Fixed|AutoARIMA|ETS Explicit|ETS_Current|FNAR-V2|FixedGrowth_1_5|FixedGrowth_3|FixedGrowth_4|FixedGrowth_6|LightGBM|LinearRegression|NLIN-DLIN_FIXED|SMLP-TCN|Theta|XGBoost,True,732,342,
HDD|Organic|EDB|Consumer|Forest::NAMPRD07,HDD|Organic|EDB|Consumer|Forest,HDD EDB Consumer,HDD,NAMPRD07,VIEWER_COMPLETE,True,True,True,4950,True,4950,15,True,ARIMA_Fixed|AutoARIMA|ETS Explicit|ETS_Current|FNAR-V2|FixedGrowth_1_5|FixedGrowth_3|FixedGrowth_4|FixedGrowth_6|LightGBM|LinearRegression|NLIN-DLIN_FIXED|SMLP-TCN|Theta|XGBoost,True,732,342,
HDD|Organic|EDB|Consumer|Forest::NAMPRD08,HDD|Organic|EDB|Consumer|Forest,HDD EDB Consumer,HDD,NAMPRD08,VIEWER_COMPLETE,True,True,True,4950,True,4950,15,True,ARIMA_Fixed|AutoARIMA|ETS Explicit|ETS_Current|FNAR-V2|FixedGrowth_1_5|FixedGrowth_3|FixedGrowth_4|FixedGrowth_6|LightGBM|LinearRegression|NLIN-DLIN_FIXED|SMLP-TCN|Theta|XGBoost,True,732,342,
HDD|Organic|EDB|Consumer|Forest::NAMPRD09,HDD|Organic|EDB|Consumer|Forest,HDD EDB Consumer,HDD,NAMPRD09,VIEWER_COMPLETE,True,True,True,4950,True,4950,15,True,ARIMA_Fixed|AutoARIMA|ETS Explicit|ETS_Current|FNAR-V2|FixedGrowth_1_5|FixedGrowth_3|FixedGrowth_4|FixedGrowth_6|LightGBM|LinearRegression|NLIN-DLIN_FIXED|SMLP-TCN|Theta|XGBoost,True,732,342,
HDD|Organic|EDB|Consumer|Forest::NAMPRD10,HDD|Organic|EDB|Consumer|Forest,HDD EDB Consumer,HDD,NAMPRD10,VIEWER_COMPLETE,True,True,True,4950,True,4950,15,True,ARIMA_Fixed|AutoARIMA|ETS Explicit|ETS_Current|FNAR-V2|FixedGrowth_1_5|FixedGrowth_3|FixedGrowth_4|FixedGrowth_6|LightGBM|LinearRegression|NLIN-DLIN_FIXED|SMLP-TCN|Theta|XGBoost,True,732,342,
HDD|Organic|EDB|Consumer|Forest::NAMPRD11,HDD|Organic|EDB|Consumer|Forest,HDD EDB Consumer,HDD,NAMPRD11,VIEWER_COMPLETE,True,True,True,4950,True,4950,15,True,ARIMA_Fixed|AutoARIMA|ETS Explicit|ETS_Current|FNAR-V2|FixedGrowth_1_5|FixedGrowth_3|FixedGrowth_4|FixedGrowth_6|LightGBM|LinearRegression|NLIN-DLIN_FIXED|SMLP-TCN|Theta|XGBoost,True,732,342,
HDD|Organic|EDB|Consumer|Forest::NAMPRD12,HDD|Organic|EDB|Consumer|Forest,HDD EDB Consumer,HDD,NAMPRD12,VIEWER_COMPLETE,True,True,True,4950,True,4950,15,True,ARIMA_Fixed|AutoARIMA|ETS Explicit|ETS_Current|FNAR-V2|FixedGrowth_1_5|FixedGrowth_3|FixedGrowth_4|FixedGrowth_6|LightGBM|LinearRegression|NLIN-DLIN_FIXED|SMLP-TCN|Theta|XGBoost,True,732,342,
HDD|Organic|EDB|Consumer|Forest::NAMPRD13,HDD|Organic|EDB|Consumer|Forest,HDD EDB Consumer,HDD,NAMPRD13,VIEWER_COMPLETE,True,True,True,4950,True,4950,15,True,ARIMA_Fixed|AutoARIMA|ETS Explicit|ETS_Current|FNAR-V2|FixedGrowth_1_5|FixedGrowth_3|FixedGrowth_4|FixedGrowth_6|LightGBM|LinearRegression|NLIN-DLIN_FIXED|SMLP-TCN|Theta|XGBoost,True,732,342,
HDD|Organic|EDB|Consumer|Forest::NAMPRD14,HDD|Organic|EDB|Consumer|Forest,HDD EDB Consumer,HDD,NAMPRD14,VIEWER_COMPLETE,True,True,True,4950,True,4950,15,True,ARIMA_Fixed|AutoARIMA|ETS Explicit|ETS_Current|FNAR-V2|FixedGrowth_1_5|FixedGrowth_3|FixedGrowth_4|FixedGrowth_6|LightGBM|LinearRegression|NLIN-DLIN_FIXED|SMLP-TCN|Theta|XGBoost,True,732,342,
HDD|Organic|EDB|Consumer|Forest::NAMPRD15,HDD|Organic|EDB|Consumer|Forest,HDD EDB Consumer,HDD,NAMPRD15,VIEWER_COMPLETE,True,True,True,4950,True,4950,15,True,ARIMA_Fixed|AutoARIMA|ETS Explicit|ETS_Current|FNAR-V2|FixedGrowth_1_5|FixedGrowth_3|FixedGrowth_4|FixedGrowth_6|LightGBM|LinearRegression|NLIN-DLIN_FIXED|SMLP-TCN|Theta|XGBoost,True,732,342,
HDD|Organic|EDB|Consumer|Forest::NAMPRD16,HDD|Organic|EDB|Consumer|Forest,HDD EDB Consumer,HDD,NAMPRD16,VIEWER_COMPLETE,True,True,True,4950,True,4950,15,True,ARIMA_Fixed|AutoARIMA|ETS Explicit|ETS_Current|FNAR-V2|FixedGrowth_1_5|FixedGrowth_3|FixedGrowth_4|FixedGrowth_6|LightGBM|LinearRegression|NLIN-DLIN_FIXED|SMLP-TCN|Theta|XGBoost,True,732,342,
HDD|Organic|EDB|Consumer|Forest::NAMPRD17,HDD|Organic|EDB|Consumer|Forest,HDD EDB Consumer,HDD,NAMPRD17,VIEWER_COMPLETE,True,True,True,4950,True,4950,15,True,ARIMA_Fixed|AutoARIMA|ETS Explicit|ETS_Current|FNAR-V2|FixedGrowth_1_5|FixedGrowth_3|FixedGrowth_4|FixedGrowth_6|LightGBM|LinearRegression|NLIN-DLIN_FIXED|SMLP-TCN|Theta|XGBoost,True,732,342,
HDD|Organic|EDB|Consumer|Forest::NAMPRD18,HDD|Organic|EDB|Consumer|Forest,HDD EDB Consumer,HDD,NAMPRD18,VIEWER_COMPLETE,True,True,True,4950,True,4950,15,True,ARIMA_Fixed|AutoARIMA|ETS Explicit|ETS_Current|FNAR-V2|FixedGrowth_1_5|FixedGrowth_3|FixedGrowth_4|FixedGrowth_6|LightGBM|LinearRegression|NLIN-DLIN_FIXED|SMLP-TCN|Theta|XGBoost,True,732,342,
HDD|Organic|EDB|Consumer|Forest::NAMPRD19,HDD|Organic|EDB|Consumer|Forest,HDD EDB Consumer,HDD,NAMPRD19,VIEWER_COMPLETE,True,True,True,4950,True,4950,15,True,ARIMA_Fixed|AutoARIMA|ETS Explicit|ETS_Current|FNAR-V2|FixedGrowth_1_5|FixedGrowth_3|FixedGrowth_4|FixedGrowth_6|LightGBM|LinearRegression|NLIN-DLIN_FIXED|SMLP-TCN|Theta|XGBoost,True,732,342,
HDD|Organic|EDB|Consumer|Forest::NAMPRD20,HDD|Organic|EDB|Consumer|Forest,HDD EDB Consumer,HDD,NAMPRD20,VIEWER_COMPLETE,True,True,True,4950,True,4950,15,True,ARIMA_Fixed|AutoARIMA|ETS Explicit|ETS_Current|FNAR-V2|FixedGrowth_1_5|FixedGrowth_3|FixedGrowth_4|FixedGrowth_6|LightGBM|LinearRegression|NLIN-DLIN_FIXED|SMLP-TCN|Theta|XGBoost,True,732,342,
HDD|Organic|EDB|Consumer|Forest::NAMPRD21,HDD|Organic|EDB|Consumer|Forest,HDD EDB Consumer,HDD,NAMPRD21,VIEWER_COMPLETE,True,True,True,4950,True,4950,15,True,ARIMA_Fixed|AutoARIMA|ETS Explicit|ETS_Current|FNAR-V2|FixedGrowth_1_5|FixedGrowth_3|FixedGrowth_4|FixedGrowth_6|LightGBM|LinearRegression|NLIN-DLIN_FIXED|SMLP-TCN|Theta|XGBoost,True,732,342,
HDD|Organic|EDB|Consumer|Forest::NAMPRD22,HDD|Organic|EDB|Consumer|Forest,HDD EDB Consumer,HDD,NAMPRD22,VIEWER_COMPLETE,True,True,True,4950,True,4950,15,True,ARIMA_Fixed|AutoARIMA|ETS Explicit|ETS_Current|FNAR-V2|FixedGrowth_1_5|FixedGrowth_3|FixedGrowth_4|FixedGrowth_6|LightGBM|LinearRegression|NLIN-DLIN_FIXED|SMLP-TCN|Theta|XGBoost,True,732,342,
HDD|Organic|EDB|Consumer|Forest::NAMPRD84,HDD|Organic|EDB|Consumer|Forest,HDD EDB Consumer,HDD,NAMPRD84,VIEWER_COMPLETE,True,True,True,4950,True,4950,15,True,ARIMA_Fixed|AutoARIMA|ETS Explicit|ETS_Current|FNAR-V2|FixedGrowth_1_5|FixedGrowth_3|FixedGrowth_4|FixedGrowth_6|LightGBM|LinearRegression|NLIN-DLIN_FIXED|SMLP-TCN|Theta|XGBoost,True,732,342,
HDD|Organic|EDB|Consumer|Forest::NAMPRD85,HDD|Organic|EDB|Consumer|Forest,HDD EDB Consumer,HDD,NAMPRD85,VIEWER_COMPLETE,True,True,True,4950,True,4950,15,True,ARIMA_Fixed|AutoARIMA|ETS Explicit|ETS_Current|FNAR-V2|FixedGrowth_1_5|FixedGrowth_3|FixedGrowth_4|FixedGrowth_6|LightGBM|LinearRegression|NLIN-DLIN_FIXED|SMLP-TCN|Theta|XGBoost,True,732,342,
HDD|Organic|EDB|Consumer|Forest::NORP279,HDD|Organic|EDB|Consumer|Forest,HDD EDB Consumer,HDD,NORP279,VIEWER_COMPLETE,True,True,True,4950,True,4950,15,True,ARIMA_Fixed|AutoARIMA|ETS Explicit|ETS_Current|FNAR-V2|FixedGrowth_1_5|FixedGrowth_3|FixedGrowth_4|FixedGrowth_6|LightGBM|LinearRegression|NLIN-DLIN_FIXED|SMLP-TCN|Theta|XGBoost,True,732,342,
HDD|Organic|EDB|Consumer|Forest::NZLP299,HDD|Organic|EDB|Consumer|Forest,HDD EDB Consumer,HDD,NZLP299,VIEWER_COMPLETE,True,True,True,4950,True,4950,15,True,ARIMA_Fixed|AutoARIMA|ETS Explicit|ETS_Current|FNAR-V2|FixedGrowth_1_5|FixedGrowth_3|FixedGrowth_4|FixedGrowth_6|LightGBM|LinearRegression|NLIN-DLIN_FIXED|SMLP-TCN|Theta|XGBoost,True,732,342,
HDD|Organic|EDB|Consumer|Forest::POLP291,HDD|Organic|EDB|Consumer|Forest,HDD EDB Consumer,HDD,POLP291,VIEWER_COMPLETE,True,True,True,4950,True,4950,15,True,ARIMA_Fixed|AutoARIMA|ETS Explicit|ETS_Current|FNAR-V2|FixedGrowth_1_5|FixedGrowth_3|FixedGrowth_4|FixedGrowth_6|LightGBM|LinearRegression|NLIN-DLIN_FIXED|SMLP-TCN|Theta|XGBoost,True,732,342,
HDD|Organic|EDB|Consumer|Forest::QATP289,HDD|Organic|EDB|Consumer|Forest,HDD EDB Consumer,HDD,QATP289,VIEWER_COMPLETE,True,True,True,4950,True,4950,15,True,ARIMA_Fixed|AutoARIMA|ETS Explicit|ETS_Current|FNAR-V2|FixedGrowth_1_5|FixedGrowth_3|FixedGrowth_4|FixedGrowth_6|LightGBM|LinearRegression|NLIN-DLIN_FIXED|SMLP-TCN|Theta|XGBoost,True,732,342,
HDD|Organic|EDB|Consumer|Forest::SGPP274,HDD|Organic|EDB|Consumer|Forest,HDD EDB Consumer,HDD,SGPP274,VIEWER_COMPLETE,True,True,True,4950,True,4950,15,True,ARIMA_Fixed|AutoARIMA|ETS Explicit|ETS_Current|FNAR-V2|FixedGrowth_1_5|FixedGrowth_3|FixedGrowth_4|FixedGrowth_6|LightGBM|LinearRegression|NLIN-DLIN_FIXED|SMLP-TCN|Theta|XGBoost,True,732,342,
HDD|Organic|EDB|Consumer|Forest::SWEP280,HDD|Organic|EDB|Consumer|Forest,HDD EDB Consumer,HDD,SWEP280,VIEWER_COMPLETE,True,True,True,4950,True,4950,15,True,ARIMA_Fixed|AutoARIMA|ETS Explicit|ETS_Current|FNAR-V2|FixedGrowth_1_5|FixedGrowth_3|FixedGrowth_4|FixedGrowth_6|LightGBM|LinearRegression|NLIN-DLIN_FIXED|SMLP-TCN|Theta|XGBoost,True,732,342,
HDD|Organic|EDB|Consumer|Forest::TWNP295,HDD|Organic|EDB|Consumer|Forest,HDD EDB Consumer,HDD,TWNP295,VIEWER_COMPLETE,True,True,True,4950,True,4950,15,True,ARIMA_Fixed|AutoARIMA|ETS Explicit|ETS_Current|FNAR-V2|FixedGrowth_1_5|FixedGrowth_3|FixedGrowth_4|FixedGrowth_6|LightGBM|LinearRegression|NLIN-DLIN_FIXED|SMLP-TCN|Theta|XGBoost,True,732,342,
HDD|Organic|EDB|Consumer|Forest::ZAFP275,HDD|Organic|EDB|Consumer|Forest,HDD EDB Consumer,HDD,ZAFP275,VIEWER_COMPLETE,True,True,True,4950,True,4950,15,True,ARIMA_Fixed|AutoARIMA|ETS Explicit|ETS_Current|FNAR-V2|FixedGrowth_1_5|FixedGrowth_3|FixedGrowth_4|FixedGrowth_6|LightGBM|LinearRegression|NLIN-DLIN_FIXED|SMLP-TCN|Theta|XGBoost,True,732,342,
HDD|Organic|EDB|Consumer|Region::APC-Dedicated,HDD|Organic|EDB|Consumer|Region,HDD EDB Consumer,HDD,APC-Dedicated,VIEWER_COMPLETE,True,True,True,4950,True,4950,15,True,ARIMA_Fixed|AutoARIMA|ETS Explicit|ETS_Current|FNAR-V2|FixedGrowth_1_5|FixedGrowth_3|FixedGrowth_4|FixedGrowth_6|LightGBM|LinearRegression|NLIN-DLIN_FIXED|SMLP-TCN|Theta|XGBoost,True,732,341,
HDD|Organic|EDB|Consumer|Region::APC-MSIT,HDD|Organic|EDB|Consumer|Region,HDD EDB Consumer,HDD,APC-MSIT,VIEWER_COMPLETE,True,True,True,4950,True,4950,15,True,ARIMA_Fixed|AutoARIMA|ETS Explicit|ETS_Current|FNAR-V2|FixedGrowth_1_5|FixedGrowth_3|FixedGrowth_4|FixedGrowth_6|LightGBM|LinearRegression|NLIN-DLIN_FIXED|SMLP-TCN|Theta|XGBoost,True,732,341,
HDD|Organic|EDB|Consumer|Region::APC-Multitenant,HDD|Organic|EDB|Consumer|Region,HDD EDB Consumer,HDD,APC-Multitenant,VIEWER_COMPLETE,True,True,True,4950,True,4950,15,True,ARIMA_Fixed|AutoARIMA|ETS Explicit|ETS_Current|FNAR-V2|FixedGrowth_1_5|FixedGrowth_3|FixedGrowth_4|FixedGrowth_6|LightGBM|LinearRegression|NLIN-DLIN_FIXED|SMLP-TCN|Theta|XGBoost,True,732,341,
HDD|Organic|EDB|Consumer|Region::ARE-Go Local,HDD|Organic|EDB|Consumer|Region,HDD EDB Consumer,HDD,ARE-Go Local,VIEWER_COMPLETE,True,True,True,4950,True,4950,15,True,ARIMA_Fixed|AutoARIMA|ETS Explicit|ETS_Current|FNAR-V2|FixedGrowth_1_5|FixedGrowth_3|FixedGrowth_4|FixedGrowth_6|LightGBM|LinearRegression|NLIN-DLIN_FIXED|SMLP-TCN|Theta|XGBoost,True,732,341,
HDD|Organic|EDB|Consumer|Region::AUS-Go Local,HDD|Organic|EDB|Consumer|Region,HDD EDB Consumer,HDD,AUS-Go Local,VIEWER_COMPLETE,True,True,True,4950,True,4950,15,True,ARIMA_Fixed|AutoARIMA|ETS Explicit|ETS_Current|FNAR-V2|FixedGrowth_1_5|FixedGrowth_3|FixedGrowth_4|FixedGrowth_6|LightGBM|LinearRegression|NLIN-DLIN_FIXED|SMLP-TCN|Theta|XGBoost,True,732,341,
HDD|Organic|EDB|Consumer|Region::AUT-Go Local,HDD|Organic|EDB|Consumer|Region,HDD EDB Consumer,HDD,AUT-Go Local,VIEWER_COMPLETE,True,True,True,4950,True,4950,15,True,ARIMA_Fixed|AutoARIMA|ETS Explicit|ETS_Current|FNAR-V2|FixedGrowth_1_5|FixedGrowth_3|FixedGrowth_4|FixedGrowth_6|LightGBM|LinearRegression|NLIN-DLIN_FIXED|SMLP-TCN|Theta|XGBoost,True,732,341,
HDD|Organic|EDB|Consumer|Region::BRA-Go Local,HDD|Organic|EDB|Consumer|Region,HDD EDB Consumer,HDD,BRA-Go Local,VIEWER_COMPLETE,True,True,True,4950,True,4950,15,True,ARIMA_Fixed|AutoARIMA|ETS Explicit|ETS_Current|FNAR-V2|FixedGrowth_1_5|FixedGrowth_3|FixedGrowth_4|FixedGrowth_6|LightGBM|LinearRegression|NLIN-DLIN_FIXED|SMLP-TCN|Theta|XGBoost,True,732,341,
HDD|Organic|EDB|Consumer|Region::CAN-Go Local,HDD|Organic|EDB|Consumer|Region,HDD EDB Consumer,HDD,CAN-Go Local,VIEWER_COMPLETE,True,True,True,4950,True,4950,15,True,ARIMA_Fixed|AutoARIMA|ETS Explicit|ETS_Current|FNAR-V2|FixedGrowth_1_5|FixedGrowth_3|FixedGrowth_4|FixedGrowth_6|LightGBM|LinearRegression|NLIN-DLIN_FIXED|SMLP-TCN|Theta|XGBoost,True,732,341,
HDD|Organic|EDB|Consumer|Region::CHE-Go Local,HDD|Organic|EDB|Consumer|Region,HDD EDB Consumer,HDD,CHE-Go Local,VIEWER_COMPLETE,True,True,True,4950,True,4950,15,True,ARIMA_Fixed|AutoARIMA|ETS Explicit|ETS_Current|FNAR-V2|FixedGrowth_1_5|FixedGrowth_3|FixedGrowth_4|FixedGrowth_6|LightGBM|LinearRegression|NLIN-DLIN_FIXED|SMLP-TCN|Theta|XGBoost,True,732,341,
HDD|Organic|EDB|Consumer|Region::CHL-Go Local,HDD|Organic|EDB|Consumer|Region,HDD EDB Consumer,HDD,CHL-Go Local,VIEWER_COMPLETE,True,True,True,4950,True,4950,15,True,ARIMA_Fixed|AutoARIMA|ETS Explicit|ETS_Current|FNAR-V2|FixedGrowth_1_5|FixedGrowth_3|FixedGrowth_4|FixedGrowth_6|LightGBM|LinearRegression|NLIN-DLIN_FIXED|SMLP-TCN|Theta|XGBoost,True,732,341,
HDD|Organic|EDB|Consumer|Region::DEU-Go Local,HDD|Organic|EDB|Consumer|Region,HDD EDB Consumer,HDD,DEU-Go Local,VIEWER_COMPLETE,True,True,True,4950,True,4950,15,True,ARIMA_Fixed|AutoARIMA|ETS Explicit|ETS_Current|FNAR-V2|FixedGrowth_1_5|FixedGrowth_3|FixedGrowth_4|FixedGrowth_6|LightGBM|LinearRegression|NLIN-DLIN_FIXED|SMLP-TCN|Theta|XGBoost,True,732,341,
HDD|Organic|EDB|Consumer|Region::DNK-Go Local,HDD|Organic|EDB|Consumer|Region,HDD EDB Consumer,HDD,DNK-Go Local,VIEWER_COMPLETE,True,True,True,4950,True,4950,15,True,ARIMA_Fixed|AutoARIMA|ETS Explicit|ETS_Current|FNAR-V2|FixedGrowth_1_5|FixedGrowth_3|FixedGrowth_4|FixedGrowth_6|LightGBM|LinearRegression|NLIN-DLIN_FIXED|SMLP-TCN|Theta|XGBoost,True,732,331,
HDD|Organic|EDB|Consumer|Region::ESP-Go Local,HDD|Organic|EDB|Consumer|Region,HDD EDB Consumer,HDD,ESP-Go Local,VIEWER_COMPLETE,True,True,True,4950,True,4950,15,True,ARIMA_Fixed|AutoARIMA|ETS Explicit|ETS_Current|FNAR-V2|FixedGrowth_1_5|FixedGrowth_3|FixedGrowth_4|FixedGrowth_6|LightGBM|LinearRegression|NLIN-DLIN_FIXED|SMLP-TCN|Theta|XGBoost,True,732,341,
HDD|Organic|EDB|Consumer|Region::EUR-Dedicated,HDD|Organic|EDB|Consumer|Region,HDD EDB Consumer,HDD,EUR-Dedicated,VIEWER_COMPLETE,True,True,True,4950,True,4950,15,True,ARIMA_Fixed|AutoARIMA|ETS Explicit|ETS_Current|FNAR-V2|FixedGrowth_1_5|FixedGrowth_3|FixedGrowth_4|FixedGrowth_6|LightGBM|LinearRegression|NLIN-DLIN_FIXED|SMLP-TCN|Theta|XGBoost,True,732,341,
HDD|Organic|EDB|Consumer|Region::EUR-Go Local,HDD|Organic|EDB|Consumer|Region,HDD EDB Consumer,HDD,EUR-Go Local,VIEWER_COMPLETE,True,True,True,4950,True,4950,15,True,ARIMA_Fixed|AutoARIMA|ETS Explicit|ETS_Current|FNAR-V2|FixedGrowth_1_5|FixedGrowth_3|FixedGrowth_4|FixedGrowth_6|LightGBM|LinearRegression|NLIN-DLIN_FIXED|SMLP-TCN|Theta|XGBoost,True,732,275,
HDD|Organic|EDB|Consumer|Region::EUR-MSIT,HDD|Organic|EDB|Consumer|Region,HDD EDB Consumer,HDD,EUR-MSIT,VIEWER_COMPLETE,True,True,True,4950,True,4950,15,True,ARIMA_Fixed|AutoARIMA|ETS Explicit|ETS_Current|FNAR-V2|FixedGrowth_1_5|FixedGrowth_3|FixedGrowth_4|FixedGrowth_6|LightGBM|LinearRegression|NLIN-DLIN_FIXED|SMLP-TCN|Theta|XGBoost,True,732,341,
HDD|Organic|EDB|Consumer|Region::EUR-Multitenant,HDD|Organic|EDB|Consumer|Region,HDD EDB Consumer,HDD,EUR-Multitenant,VIEWER_COMPLETE,True,True,True,4950,True,4950,15,True,ARIMA_Fixed|AutoARIMA|ETS Explicit|ETS_Current|FNAR-V2|FixedGrowth_1_5|FixedGrowth_3|FixedGrowth_4|FixedGrowth_6|LightGBM|LinearRegression|NLIN-DLIN_FIXED|SMLP-TCN|Theta|XGBoost,True,732,341,
HDD|Organic|EDB|Consumer|Region::FRA-Go Local,HDD|Organic|EDB|Consumer|Region,HDD EDB Consumer,HDD,FRA-Go Local,VIEWER_COMPLETE,True,True,True,4950,True,4950,15,True,ARIMA_Fixed|AutoARIMA|ETS Explicit|ETS_Current|FNAR-V2|FixedGrowth_1_5|FixedGrowth_3|FixedGrowth_4|FixedGrowth_6|LightGBM|LinearRegression|NLIN-DLIN_FIXED|SMLP-TCN|Theta|XGBoost,True,732,341,
HDD|Organic|EDB|Consumer|Region::GBR-Dedicated,HDD|Organic|EDB|Consumer|Region,HDD EDB Consumer,HDD,GBR-Dedicated,VIEWER_COMPLETE,True,True,True,4950,True,4950,15,True,ARIMA_Fixed|AutoARIMA|ETS Explicit|ETS_Current|FNAR-V2|FixedGrowth_1_5|FixedGrowth_3|FixedGrowth_4|FixedGrowth_6|LightGBM|LinearRegression|NLIN-DLIN_FIXED|SMLP-TCN|Theta|XGBoost,True,732,341,
HDD|Organic|EDB|Consumer|Region::GBR-Go Local,HDD|Organic|EDB|Consumer|Region,HDD EDB Consumer,HDD,GBR-Go Local,VIEWER_COMPLETE,True,True,True,4950,True,4950,15,True,ARIMA_Fixed|AutoARIMA|ETS Explicit|ETS_Current|FNAR-V2|FixedGrowth_1_5|FixedGrowth_3|FixedGrowth_4|FixedGrowth_6|LightGBM|LinearRegression|NLIN-DLIN_FIXED|SMLP-TCN|Theta|XGBoost,True,732,341,
HDD|Organic|EDB|Consumer|Region::IDN-Go Local,HDD|Organic|EDB|Consumer|Region,HDD EDB Consumer,HDD,IDN-Go Local,VIEWER_COMPLETE,True,True,True,4950,True,4950,15,True,ARIMA_Fixed|AutoARIMA|ETS Explicit|ETS_Current|FNAR-V2|FixedGrowth_1_5|FixedGrowth_3|FixedGrowth_4|FixedGrowth_6|LightGBM|LinearRegression|NLIN-DLIN_FIXED|SMLP-TCN|Theta|XGBoost,True,732,341,
HDD|Organic|EDB|Consumer|Region::IND-Go Local,HDD|Organic|EDB|Consumer|Region,HDD EDB Consumer,HDD,IND-Go Local,VIEWER_COMPLETE,True,True,True,4950,True,4950,15,True,ARIMA_Fixed|AutoARIMA|ETS Explicit|ETS_Current|FNAR-V2|FixedGrowth_1_5|FixedGrowth_3|FixedGrowth_4|FixedGrowth_6|LightGBM|LinearRegression|NLIN-DLIN_FIXED|SMLP-TCN|Theta|XGBoost,True,732,341,
HDD|Organic|EDB|Consumer|Region::ISR-Go Local,HDD|Organic|EDB|Consumer|Region,HDD EDB Consumer,HDD,ISR-Go Local,VIEWER_COMPLETE,True,True,True,4950,True,4950,15,True,ARIMA_Fixed|AutoARIMA|ETS Explicit|ETS_Current|FNAR-V2|FixedGrowth_1_5|FixedGrowth_3|FixedGrowth_4|FixedGrowth_6|LightGBM|LinearRegression|NLIN-DLIN_FIXED|SMLP-TCN|Theta|XGBoost,True,732,341,
HDD|Organic|EDB|Consumer|Region::ITA-Go Local,HDD|Organic|EDB|Consumer|Region,HDD EDB Consumer,HDD,ITA-Go Local,VIEWER_COMPLETE,True,True,True,4950,True,4950,15,True,ARIMA_Fixed|AutoARIMA|ETS Explicit|ETS_Current|FNAR-V2|FixedGrowth_1_5|FixedGrowth_3|FixedGrowth_4|FixedGrowth_6|LightGBM|LinearRegression|NLIN-DLIN_FIXED|SMLP-TCN|Theta|XGBoost,True,732,341,
HDD|Organic|EDB|Consumer|Region::JPN-Go Local,HDD|Organic|EDB|Consumer|Region,HDD EDB Consumer,HDD,JPN-Go Local,VIEWER_COMPLETE,True,True,True,4950,True,4950,15,True,ARIMA_Fixed|AutoARIMA|ETS Explicit|ETS_Current|FNAR-V2|FixedGrowth_1_5|FixedGrowth_3|FixedGrowth_4|FixedGrowth_6|LightGBM|LinearRegression|NLIN-DLIN_FIXED|SMLP-TCN|Theta|XGBoost,True,732,341,
HDD|Organic|EDB|Consumer|Region::KOR-Go Local,HDD|Organic|EDB|Consumer|Region,HDD EDB Consumer,HDD,KOR-Go Local,VIEWER_COMPLETE,True,True,True,4950,True,4950,15,True,ARIMA_Fixed|AutoARIMA|ETS Explicit|ETS_Current|FNAR-V2|FixedGrowth_1_5|FixedGrowth_3|FixedGrowth_4|FixedGrowth_6|LightGBM|LinearRegression|NLIN-DLIN_FIXED|SMLP-TCN|Theta|XGBoost,True,732,341,
HDD|Organic|EDB|Consumer|Region::LAM-Multitenant,HDD|Organic|EDB|Consumer|Region,HDD EDB Consumer,HDD,LAM-Multitenant,VIEWER_COMPLETE,True,True,True,4950,True,4950,15,True,ARIMA_Fixed|AutoARIMA|ETS Explicit|ETS_Current|FNAR-V2|FixedGrowth_1_5|FixedGrowth_3|FixedGrowth_4|FixedGrowth_6|LightGBM|LinearRegression|NLIN-DLIN_FIXED|SMLP-TCN|Theta|XGBoost,True,732,341,
HDD|Organic|EDB|Consumer|Region::MEX-Go Local,HDD|Organic|EDB|Consumer|Region,HDD EDB Consumer,HDD,MEX-Go Local,VIEWER_COMPLETE,True,True,True,4950,True,4950,15,True,ARIMA_Fixed|AutoARIMA|ETS Explicit|ETS_Current|FNAR-V2|FixedGrowth_1_5|FixedGrowth_3|FixedGrowth_4|FixedGrowth_6|LightGBM|LinearRegression|NLIN-DLIN_FIXED|SMLP-TCN|Theta|XGBoost,True,732,341,
HDD|Organic|EDB|Consumer|Region::MYS-Go Local,HDD|Organic|EDB|Consumer|Region,HDD EDB Consumer,HDD,MYS-Go Local,VIEWER_COMPLETE,True,True,True,4950,True,4950,15,True,ARIMA_Fixed|AutoARIMA|ETS Explicit|ETS_Current|FNAR-V2|FixedGrowth_1_5|FixedGrowth_3|FixedGrowth_4|FixedGrowth_6|LightGBM|LinearRegression|NLIN-DLIN_FIXED|SMLP-TCN|Theta|XGBoost,True,732,341,
HDD|Organic|EDB|Consumer|Region::NAM-Dedicated,HDD|Organic|EDB|Consumer|Region,HDD EDB Consumer,HDD,NAM-Dedicated,VIEWER_COMPLETE,True,True,True,4950,True,4950,15,True,ARIMA_Fixed|AutoARIMA|ETS Explicit|ETS_Current|FNAR-V2|FixedGrowth_1_5|FixedGrowth_3|FixedGrowth_4|FixedGrowth_6|LightGBM|LinearRegression|NLIN-DLIN_FIXED|SMLP-TCN|Theta|XGBoost,True,732,341,
HDD|Organic|EDB|Consumer|Region::NAM-GCC Low,HDD|Organic|EDB|Consumer|Region,HDD EDB Consumer,HDD,NAM-GCC Low,VIEWER_COMPLETE,True,True,True,4950,True,4950,15,True,ARIMA_Fixed|AutoARIMA|ETS Explicit|ETS_Current|FNAR-V2|FixedGrowth_1_5|FixedGrowth_3|FixedGrowth_4|FixedGrowth_6|LightGBM|LinearRegression|NLIN-DLIN_FIXED|SMLP-TCN|Theta|XGBoost,True,732,341,
HDD|Organic|EDB|Consumer|Region::NAM-ITAR DoD,HDD|Organic|EDB|Consumer|Region,HDD EDB Consumer,HDD,NAM-ITAR DoD,VIEWER_COMPLETE,True,True,True,4950,True,4950,15,True,ARIMA_Fixed|AutoARIMA|ETS Explicit|ETS_Current|FNAR-V2|FixedGrowth_1_5|FixedGrowth_3|FixedGrowth_4|FixedGrowth_6|LightGBM|LinearRegression|NLIN-DLIN_FIXED|SMLP-TCN|Theta|XGBoost,True,732,258,
HDD|Organic|EDB|Consumer|Region::NAM-ITAR GCCH,HDD|Organic|EDB|Consumer|Region,HDD EDB Consumer,HDD,NAM-ITAR GCCH,VIEWER_COMPLETE,True,True,True,4950,True,4950,15,True,ARIMA_Fixed|AutoARIMA|ETS Explicit|ETS_Current|FNAR-V2|FixedGrowth_1_5|FixedGrowth_3|FixedGrowth_4|FixedGrowth_6|LightGBM|LinearRegression|NLIN-DLIN_FIXED|SMLP-TCN|Theta|XGBoost,True,732,258,
HDD|Organic|EDB|Consumer|Region::NAM-MSIT,HDD|Organic|EDB|Consumer|Region,HDD EDB Consumer,HDD,NAM-MSIT,VIEWER_COMPLETE,True,True,True,4950,True,4950,15,True,ARIMA_Fixed|AutoARIMA|ETS Explicit|ETS_Current|FNAR-V2|FixedGrowth_1_5|FixedGrowth_3|FixedGrowth_4|FixedGrowth_6|LightGBM|LinearRegression|NLIN-DLIN_FIXED|SMLP-TCN|Theta|XGBoost,True,732,341,
HDD|Organic|EDB|Consumer|Region::NAM-Multitenant,HDD|Organic|EDB|Consumer|Region,HDD EDB Consumer,HDD,NAM-Multitenant,VIEWER_COMPLETE,True,True,True,4950,True,4950,15,True,ARIMA_Fixed|AutoARIMA|ETS Explicit|ETS_Current|FNAR-V2|FixedGrowth_1_5|FixedGrowth_3|FixedGrowth_4|FixedGrowth_6|LightGBM|LinearRegression|NLIN-DLIN_FIXED|SMLP-TCN|Theta|XGBoost,True,732,341,
HDD|Organic|EDB|Consumer|Region::NAM-SDF,HDD|Organic|EDB|Consumer|Region,HDD EDB Consumer,HDD,NAM-SDF,VIEWER_COMPLETE,True,True,True,4950,True,4950,15,True,ARIMA_Fixed|AutoARIMA|ETS Explicit|ETS_Current|FNAR-V2|FixedGrowth_1_5|FixedGrowth_3|FixedGrowth_4|FixedGrowth_6|LightGBM|LinearRegression|NLIN-DLIN_FIXED|SMLP-TCN|Theta|XGBoost,True,732,341,
HDD|Organic|EDB|Consumer|Region::NAM-TDF,HDD|Organic|EDB|Consumer|Region,HDD EDB Consumer,HDD,NAM-TDF,VIEWER_COMPLETE,True,True,True,4950,True,4950,15,True,ARIMA_Fixed|AutoARIMA|ETS Explicit|ETS_Current|FNAR-V2|FixedGrowth_1_5|FixedGrowth_3|FixedGrowth_4|FixedGrowth_6|LightGBM|LinearRegression|NLIN-DLIN_FIXED|SMLP-TCN|Theta|XGBoost,True,732,341,
HDD|Organic|EDB|Consumer|Region::NOR-Go Local,HDD|Organic|EDB|Consumer|Region,HDD EDB Consumer,HDD,NOR-Go Local,VIEWER_COMPLETE,True,True,True,4950,True,4950,15,True,ARIMA_Fixed|AutoARIMA|ETS Explicit|ETS_Current|FNAR-V2|FixedGrowth_1_5|FixedGrowth_3|FixedGrowth_4|FixedGrowth_6|LightGBM|LinearRegression|NLIN-DLIN_FIXED|SMLP-TCN|Theta|XGBoost,True,732,341,
HDD|Organic|EDB|Consumer|Region::NZL-Go Local,HDD|Organic|EDB|Consumer|Region,HDD EDB Consumer,HDD,NZL-Go Local,VIEWER_COMPLETE,True,True,True,4950,True,4950,15,True,ARIMA_Fixed|AutoARIMA|ETS Explicit|ETS_Current|FNAR-V2|FixedGrowth_1_5|FixedGrowth_3|FixedGrowth_4|FixedGrowth_6|LightGBM|LinearRegression|NLIN-DLIN_FIXED|SMLP-TCN|Theta|XGBoost,True,732,341,
HDD|Organic|EDB|Consumer|Region::POL-Go Local,HDD|Organic|EDB|Consumer|Region,HDD EDB Consumer,HDD,POL-Go Local,VIEWER_COMPLETE,True,True,True,4950,True,4950,15,True,ARIMA_Fixed|AutoARIMA|ETS Explicit|ETS_Current|FNAR-V2|FixedGrowth_1_5|FixedGrowth_3|FixedGrowth_4|FixedGrowth_6|LightGBM|LinearRegression|NLIN-DLIN_FIXED|SMLP-TCN|Theta|XGBoost,True,732,341,
HDD|Organic|EDB|Consumer|Region::QAT-Go Local,HDD|Organic|EDB|Consumer|Region,HDD EDB Consumer,HDD,QAT-Go Local,VIEWER_COMPLETE,True,True,True,4950,True,4950,15,True,ARIMA_Fixed|AutoARIMA|ETS Explicit|ETS_Current|FNAR-V2|FixedGrowth_1_5|FixedGrowth_3|FixedGrowth_4|FixedGrowth_6|LightGBM|LinearRegression|NLIN-DLIN_FIXED|SMLP-TCN|Theta|XGBoost,True,732,341,
HDD|Organic|EDB|Consumer|Region::SGP-Go Local,HDD|Organic|EDB|Consumer|Region,HDD EDB Consumer,HDD,SGP-Go Local,VIEWER_COMPLETE,True,True,True,4950,True,4950,15,True,ARIMA_Fixed|AutoARIMA|ETS Explicit|ETS_Current|FNAR-V2|FixedGrowth_1_5|FixedGrowth_3|FixedGrowth_4|FixedGrowth_6|LightGBM|LinearRegression|NLIN-DLIN_FIXED|SMLP-TCN|Theta|XGBoost,True,732,341,
HDD|Organic|EDB|Consumer|Region::SWE-Go Local,HDD|Organic|EDB|Consumer|Region,HDD EDB Consumer,HDD,SWE-Go Local,VIEWER_COMPLETE,True,True,True,4950,True,4950,15,True,ARIMA_Fixed|AutoARIMA|ETS Explicit|ETS_Current|FNAR-V2|FixedGrowth_1_5|FixedGrowth_3|FixedGrowth_4|FixedGrowth_6|LightGBM|LinearRegression|NLIN-DLIN_FIXED|SMLP-TCN|Theta|XGBoost,True,732,341,
HDD|Organic|EDB|Consumer|Region::TWN-Go Local,HDD|Organic|EDB|Consumer|Region,HDD EDB Consumer,HDD,TWN-Go Local,VIEWER_COMPLETE,True,True,True,4950,True,4950,15,True,ARIMA_Fixed|AutoARIMA|ETS Explicit|ETS_Current|FNAR-V2|FixedGrowth_1_5|FixedGrowth_3|FixedGrowth_4|FixedGrowth_6|LightGBM|LinearRegression|NLIN-DLIN_FIXED|SMLP-TCN|Theta|XGBoost,True,732,341,
HDD|Organic|EDB|Consumer|Region::ZAF-Go Local,HDD|Organic|EDB|Consumer|Region,HDD EDB Consumer,HDD,ZAF-Go Local,VIEWER_COMPLETE,True,True,True,4950,True,4950,15,True,ARIMA_Fixed|AutoARIMA|ETS Explicit|ETS_Current|FNAR-V2|FixedGrowth_1_5|FixedGrowth_3|FixedGrowth_4|FixedGrowth_6|LightGBM|LinearRegression|NLIN-DLIN_FIXED|SMLP-TCN|Theta|XGBoost,True,732,341,
HDD|Organic|EDB|Enterprise|Forest::APCP150,HDD|Organic|EDB|Enterprise|Forest,HDD EDB Enterprise,HDD,APCP150,VIEWER_COMPLETE,True,True,True,4950,True,4950,15,True,ARIMA_Fixed|AutoARIMA|ETS Explicit|ETS_Current|FNAR-V2|FixedGrowth_1_5|FixedGrowth_3|FixedGrowth_4|FixedGrowth_6|LightGBM|LinearRegression|NLIN-DLIN_FIXED|SMLP-TCN|Theta|XGBoost,True,732,342,
HDD|Organic|EDB|Enterprise|Forest::APCP153,HDD|Organic|EDB|Enterprise|Forest,HDD EDB Enterprise,HDD,APCP153,VIEWER_COMPLETE,True,True,True,4950,True,4950,15,True,ARIMA_Fixed|AutoARIMA|ETS Explicit|ETS_Current|FNAR-V2|FixedGrowth_1_5|FixedGrowth_3|FixedGrowth_4|FixedGrowth_6|LightGBM|LinearRegression|NLIN-DLIN_FIXED|SMLP-TCN|Theta|XGBoost,True,732,342,
HDD|Organic|EDB|Enterprise|Forest::APCPRD01,HDD|Organic|EDB|Enterprise|Forest,HDD EDB Enterprise,HDD,APCPRD01,VIEWER_COMPLETE,True,True,True,4950,True,4950,15,True,ARIMA_Fixed|AutoARIMA|ETS Explicit|ETS_Current|FNAR-V2|FixedGrowth_1_5|FixedGrowth_3|FixedGrowth_4|FixedGrowth_6|LightGBM|LinearRegression|NLIN-DLIN_FIXED|SMLP-TCN|Theta|XGBoost,True,732,342,
HDD|Organic|EDB|Enterprise|Forest::APCPRD02,HDD|Organic|EDB|Enterprise|Forest,HDD EDB Enterprise,HDD,APCPRD02,VIEWER_COMPLETE,True,True,True,4950,True,4950,15,True,ARIMA_Fixed|AutoARIMA|ETS Explicit|ETS_Current|FNAR-V2|FixedGrowth_1_5|FixedGrowth_3|FixedGrowth_4|FixedGrowth_6|LightGBM|LinearRegression|NLIN-DLIN_FIXED|SMLP-TCN|Theta|XGBoost,True,732,342,
HDD|Organic|EDB|Enterprise|Forest::APCPRD03,HDD|Organic|EDB|Enterprise|Forest,HDD EDB Enterprise,HDD,APCPRD03,VIEWER_COMPLETE,True,True,True,4950,True,4950,15,True,ARIMA_Fixed|AutoARIMA|ETS Explicit|ETS_Current|FNAR-V2|FixedGrowth_1_5|FixedGrowth_3|FixedGrowth_4|FixedGrowth_6|LightGBM|LinearRegression|NLIN-DLIN_FIXED|SMLP-TCN|Theta|XGBoost,True,732,342,
HDD|Organic|EDB|Enterprise|Forest::APCPRD04,HDD|Organic|EDB|Enterprise|Forest,HDD EDB Enterprise,HDD,APCPRD04,VIEWER_COMPLETE,True,True,True,4950,True,4950,15,True,ARIMA_Fixed|AutoARIMA|ETS Explicit|ETS_Current|FNAR-V2|FixedGrowth_1_5|FixedGrowth_3|FixedGrowth_4|FixedGrowth_6|LightGBM|LinearRegression|NLIN-DLIN_FIXED|SMLP-TCN|Theta|XGBoost,True,732,342,
HDD|Organic|EDB|Enterprise|Forest::APCPRD06,HDD|Organic|EDB|Enterprise|Forest,HDD EDB Enterprise,HDD,APCPRD06,VIEWER_COMPLETE,True,True,True,4950,True,4950,15,True,ARIMA_Fixed|AutoARIMA|ETS Explicit|ETS_Current|FNAR-V2|FixedGrowth_1_5|FixedGrowth_3|FixedGrowth_4|FixedGrowth_6|LightGBM|LinearRegression|NLIN-DLIN_FIXED|SMLP-TCN|Theta|XGBoost,True,732,342,
HDD|Organic|EDB|Enterprise|Forest::AREP273,HDD|Organic|EDB|Enterprise|Forest,HDD EDB Enterprise,HDD,AREP273,VIEWER_COMPLETE,True,True,True,4950,True,4950,15,True,ARIMA_Fixed|AutoARIMA|ETS Explicit|ETS_Current|FNAR-V2|FixedGrowth_1_5|FixedGrowth_3|FixedGrowth_4|FixedGrowth_6|LightGBM|LinearRegression|NLIN-DLIN_FIXED|SMLP-TCN|Theta|XGBoost,True,732,342,
HDD|Organic|EDB|Enterprise|Forest::AUSP282,HDD|Organic|EDB|Enterprise|Forest,HDD EDB Enterprise,HDD,AUSP282,VIEWER_COMPLETE,True,True,True,4950,True,4950,15,True,ARIMA_Fixed|AutoARIMA|ETS Explicit|ETS_Current|FNAR-V2|FixedGrowth_1_5|FixedGrowth_3|FixedGrowth_4|FixedGrowth_6|LightGBM|LinearRegression|NLIN-DLIN_FIXED|SMLP-TCN|Theta|XGBoost,True,732,342,
HDD|Organic|EDB|Enterprise|Forest::AUSP300,HDD|Organic|EDB|Enterprise|Forest,HDD EDB Enterprise,HDD,AUSP300,VIEWER_COMPLETE,True,True,True,4950,True,4950,15,True,ARIMA_Fixed|AutoARIMA|ETS Explicit|ETS_Current|FNAR-V2|FixedGrowth_1_5|FixedGrowth_3|FixedGrowth_4|FixedGrowth_6|LightGBM|LinearRegression|NLIN-DLIN_FIXED|SMLP-TCN|Theta|XGBoost,True,732,342,
HDD|Organic|EDB|Enterprise|Forest::AUSPRD01,HDD|Organic|EDB|Enterprise|Forest,HDD EDB Enterprise,HDD,AUSPRD01,VIEWER_COMPLETE,True,True,True,4950,True,4950,15,True,ARIMA_Fixed|AutoARIMA|ETS Explicit|ETS_Current|FNAR-V2|FixedGrowth_1_5|FixedGrowth_3|FixedGrowth_4|FixedGrowth_6|LightGBM|LinearRegression|NLIN-DLIN_FIXED|SMLP-TCN|Theta|XGBoost,True,732,342,
HDD|Organic|EDB|Enterprise|Forest::AUTP296,HDD|Organic|EDB|Enterprise|Forest,HDD EDB Enterprise,HDD,AUTP296,VIEWER_COMPLETE,True,True,True,4950,True,4950,15,True,ARIMA_Fixed|AutoARIMA|ETS Explicit|ETS_Current|FNAR-V2|FixedGrowth_1_5|FixedGrowth_3|FixedGrowth_4|FixedGrowth_6|LightGBM|LinearRegression|NLIN-DLIN_FIXED|SMLP-TCN|Theta|XGBoost,True,732,342,
HDD|Organic|EDB|Enterprise|Forest::BRAP284,HDD|Organic|EDB|Enterprise|Forest,HDD EDB Enterprise,HDD,BRAP284,VIEWER_COMPLETE,True,True,True,4950,True,4950,15,True,ARIMA_Fixed|AutoARIMA|ETS Explicit|ETS_Current|FNAR-V2|FixedGrowth_1_5|FixedGrowth_3|FixedGrowth_4|FixedGrowth_6|LightGBM|LinearRegression|NLIN-DLIN_FIXED|SMLP-TCN|Theta|XGBoost,True,732,342,
HDD|Organic|EDB|Enterprise|Forest::CANP288,HDD|Organic|EDB|Enterprise|Forest,HDD EDB Enterprise,HDD,CANP288,VIEWER_COMPLETE,True,True,True,4950,True,4950,15,True,ARIMA_Fixed|AutoARIMA|ETS Explicit|ETS_Current|FNAR-V2|FixedGrowth_1_5|FixedGrowth_3|FixedGrowth_4|FixedGrowth_6|LightGBM|LinearRegression|NLIN-DLIN_FIXED|SMLP-TCN|Theta|XGBoost,True,732,342,
HDD|Organic|EDB|Enterprise|Forest::CANPRD01,HDD|Organic|EDB|Enterprise|Forest,HDD EDB Enterprise,HDD,CANPRD01,VIEWER_COMPLETE,True,True,True,4950,True,4950,15,True,ARIMA_Fixed|AutoARIMA|ETS Explicit|ETS_Current|FNAR-V2|FixedGrowth_1_5|FixedGrowth_3|FixedGrowth_4|FixedGrowth_6|LightGBM|LinearRegression|NLIN-DLIN_FIXED|SMLP-TCN|Theta|XGBoost,True,732,342,
HDD|Organic|EDB|Enterprise|Forest::CHEP278,HDD|Organic|EDB|Enterprise|Forest,HDD EDB Enterprise,HDD,CHEP278,VIEWER_COMPLETE,True,True,True,4950,True,4950,15,True,ARIMA_Fixed|AutoARIMA|ETS Explicit|ETS_Current|FNAR-V2|FixedGrowth_1_5|FixedGrowth_3|FixedGrowth_4|FixedGrowth_6|LightGBM|LinearRegression|NLIN-DLIN_FIXED|SMLP-TCN|Theta|XGBoost,True,732,342,
HDD|Organic|EDB|Enterprise|Forest::CHLP298,HDD|Organic|EDB|Enterprise|Forest,HDD EDB Enterprise,HDD,CHLP298,VIEWER_COMPLETE,True,True,True,4950,True,4950,15,True,ARIMA_Fixed|AutoARIMA|ETS Explicit|ETS_Current|FNAR-V2|FixedGrowth_1_5|FixedGrowth_3|FixedGrowth_4|FixedGrowth_6|LightGBM|LinearRegression|NLIN-DLIN_FIXED|SMLP-TCN|Theta|XGBoost,True,732,342,
HDD|Organic|EDB|Enterprise|Forest::CHNPR01,HDD|Organic|EDB|Enterprise|Forest,HDD EDB Enterprise,HDD,CHNPR01,VIEWER_COMPLETE,True,True,True,4950,True,4950,15,True,ARIMA_Fixed|AutoARIMA|ETS Explicit|ETS_Current|FNAR-V2|FixedGrowth_1_5|FixedGrowth_3|FixedGrowth_4|FixedGrowth_6|LightGBM|LinearRegression|NLIN-DLIN_FIXED|SMLP-TCN|Theta|XGBoost,True,732,342,
HDD|Organic|EDB|Enterprise|Forest::DEUP281,HDD|Organic|EDB|Enterprise|Forest,HDD EDB Enterprise,HDD,DEUP281,VIEWER_COMPLETE,True,True,True,4950,True,4950,15,True,ARIMA_Fixed|AutoARIMA|ETS Explicit|ETS_Current|FNAR-V2|FixedGrowth_1_5|FixedGrowth_3|FixedGrowth_4|FixedGrowth_6|LightGBM|LinearRegression|NLIN-DLIN_FIXED|SMLP-TCN|Theta|XGBoost,True,732,342,
HDD|Organic|EDB|Enterprise|Forest::DNKP307,HDD|Organic|EDB|Enterprise|Forest,HDD EDB Enterprise,HDD,DNKP307,VIEWER_COMPLETE,True,True,True,4950,True,4950,15,True,ARIMA_Fixed|AutoARIMA|ETS Explicit|ETS_Current|FNAR-V2|FixedGrowth_1_5|FixedGrowth_3|FixedGrowth_4|FixedGrowth_6|LightGBM|LinearRegression|NLIN-DLIN_FIXED|SMLP-TCN|Theta|XGBoost,True,732,332,
HDD|Organic|EDB|Enterprise|Forest::ESPP292,HDD|Organic|EDB|Enterprise|Forest,HDD EDB Enterprise,HDD,ESPP292,VIEWER_COMPLETE,True,True,True,4950,True,4950,15,True,ARIMA_Fixed|AutoARIMA|ETS Explicit|ETS_Current|FNAR-V2|FixedGrowth_1_5|FixedGrowth_3|FixedGrowth_4|FixedGrowth_6|LightGBM|LinearRegression|NLIN-DLIN_FIXED|SMLP-TCN|Theta|XGBoost,True,732,342,
HDD|Organic|EDB|Enterprise|Forest::EURP107,HDD|Organic|EDB|Enterprise|Forest,HDD EDB Enterprise,HDD,EURP107,VIEWER_COMPLETE,True,True,True,4950,True,4950,15,True,ARIMA_Fixed|AutoARIMA|ETS Explicit|ETS_Current|FNAR-V2|FixedGrowth_1_5|FixedGrowth_3|FixedGrowth_4|FixedGrowth_6|LightGBM|LinearRegression|NLIN-DLIN_FIXED|SMLP-TCN|Theta|XGBoost,True,732,342,
HDD|Organic|EDB|Enterprise|Forest::EURP119,HDD|Organic|EDB|Enterprise|Forest,HDD EDB Enterprise,HDD,EURP119,VIEWER_COMPLETE,True,True,True,4950,True,4950,15,True,ARIMA_Fixed|AutoARIMA|ETS Explicit|ETS_Current|FNAR-V2|FixedGrowth_1_5|FixedGrowth_3|FixedGrowth_4|FixedGrowth_6|LightGBM|LinearRegression|NLIN-DLIN_FIXED|SMLP-TCN|Theta|XGBoost,True,732,342,
HDD|Organic|EDB|Enterprise|Forest::EURP120,HDD|Organic|EDB|Enterprise|Forest,HDD EDB Enterprise,HDD,EURP120,VIEWER_COMPLETE,True,True,True,4950,True,4950,15,True,ARIMA_Fixed|AutoARIMA|ETS Explicit|ETS_Current|FNAR-V2|FixedGrowth_1_5|FixedGrowth_3|FixedGrowth_4|FixedGrowth_6|LightGBM|LinearRegression|NLIN-DLIN_FIXED|SMLP-TCN|Theta|XGBoost,True,732,342,
HDD|Organic|EDB|Enterprise|Forest::EURP121,HDD|Organic|EDB|Enterprise|Forest,HDD EDB Enterprise,HDD,EURP121,VIEWER_COMPLETE,True,True,True,4950,True,4950,15,True,ARIMA_Fixed|AutoARIMA|ETS Explicit|ETS_Current|FNAR-V2|FixedGrowth_1_5|FixedGrowth_3|FixedGrowth_4|FixedGrowth_6|LightGBM|LinearRegression|NLIN-DLIN_FIXED|SMLP-TCN|Theta|XGBoost,True,732,342,
HDD|Organic|EDB|Enterprise|Forest::EURP122,HDD|Organic|EDB|Enterprise|Forest,HDD EDB Enterprise,HDD,EURP122,VIEWER_COMPLETE,True,True,True,4950,True,4950,15,True,ARIMA_Fixed|AutoARIMA|ETS Explicit|ETS_Current|FNAR-V2|FixedGrowth_1_5|FixedGrowth_3|FixedGrowth_4|FixedGrowth_6|LightGBM|LinearRegression|NLIN-DLIN_FIXED|SMLP-TCN|Theta|XGBoost,True,732,342,
HDD|Organic|EDB|Enterprise|Forest::EURP137,HDD|Organic|EDB|Enterprise|Forest,HDD EDB Enterprise,HDD,EURP137,VIEWER_COMPLETE,True,True,True,4950,True,4950,15,True,ARIMA_Fixed|AutoARIMA|ETS Explicit|ETS_Current|FNAR-V2|FixedGrowth_1_5|FixedGrowth_3|FixedGrowth_4|FixedGrowth_6|LightGBM|LinearRegression|NLIN-DLIN_FIXED|SMLP-TCN|Theta|XGBoost,True,732,342,
HDD|Organic|EDB|Enterprise|Forest::EURP138,HDD|Organic|EDB|Enterprise|Forest,HDD EDB Enterprise,HDD,EURP138,VIEWER_COMPLETE,True,True,True,4950,True,4950,15,True,ARIMA_Fixed|AutoARIMA|ETS Explicit|ETS_Current|FNAR-V2|FixedGrowth_1_5|FixedGrowth_3|FixedGrowth_4|FixedGrowth_6|LightGBM|LinearRegression|NLIN-DLIN_FIXED|SMLP-TCN|Theta|XGBoost,True,732,342,
HDD|Organic|EDB|Enterprise|Forest::EURP175,HDD|Organic|EDB|Enterprise|Forest,HDD EDB Enterprise,HDD,EURP175,VIEWER_COMPLETE,True,True,True,4950,True,4950,15,True,ARIMA_Fixed|AutoARIMA|ETS Explicit|ETS_Current|FNAR-V2|FixedGrowth_1_5|FixedGrowth_3|FixedGrowth_4|FixedGrowth_6|LightGBM|LinearRegression|NLIN-DLIN_FIXED|SMLP-TCN|Theta|XGBoost,True,732,342,
HDD|Organic|EDB|Enterprise|Forest::EURP176,HDD|Organic|EDB|Enterprise|Forest,HDD EDB Enterprise,HDD,EURP176,VIEWER_COMPLETE,True,True,True,4950,True,4950,15,True,ARIMA_Fixed|AutoARIMA|ETS Explicit|ETS_Current|FNAR-V2|FixedGrowth_1_5|FixedGrowth_3|FixedGrowth_4|FixedGrowth_6|LightGBM|LinearRegression|NLIN-DLIN_FIXED|SMLP-TCN|Theta|XGBoost,True,732,342,
HDD|Organic|EDB|Enterprise|Forest::EURP177,HDD|Organic|EDB|Enterprise|Forest,HDD EDB Enterprise,HDD,EURP177,VIEWER_COMPLETE,True,True,True,4950,True,4950,15,True,ARIMA_Fixed|AutoARIMA|ETS Explicit|ETS_Current|FNAR-V2|FixedGrowth_1_5|FixedGrowth_3|FixedGrowth_4|FixedGrowth_6|LightGBM|LinearRegression|NLIN-DLIN_FIXED|SMLP-TCN|Theta|XGBoost,True,732,342,
HDD|Organic|EDB|Enterprise|Forest::EURP178,HDD|Organic|EDB|Enterprise|Forest,HDD EDB Enterprise,HDD,EURP178,VIEWER_COMPLETE,True,True,True,4950,True,4950,15,True,ARIMA_Fixed|AutoARIMA|ETS Explicit|ETS_Current|FNAR-V2|FixedGrowth_1_5|FixedGrowth_3|FixedGrowth_4|FixedGrowth_6|LightGBM|LinearRegression|NLIN-DLIN_FIXED|SMLP-TCN|Theta|XGBoost,True,732,342,
HDD|Organic|EDB|Enterprise|Forest::EURP179,HDD|Organic|EDB|Enterprise|Forest,HDD EDB Enterprise,HDD,EURP179,VIEWER_COMPLETE,True,True,True,4950,True,4950,15,True,ARIMA_Fixed|AutoARIMA|ETS Explicit|ETS_Current|FNAR-V2|FixedGrowth_1_5|FixedGrowth_3|FixedGrowth_4|FixedGrowth_6|LightGBM|LinearRegression|NLIN-DLIN_FIXED|SMLP-TCN|Theta|XGBoost,True,732,342,
HDD|Organic|EDB|Enterprise|Forest::EURP180,HDD|Organic|EDB|Enterprise|Forest,HDD EDB Enterprise,HDD,EURP180,VIEWER_COMPLETE,True,True,True,4950,True,4950,15,True,ARIMA_Fixed|AutoARIMA|ETS Explicit|ETS_Current|FNAR-V2|FixedGrowth_1_5|FixedGrowth_3|FixedGrowth_4|FixedGrowth_6|LightGBM|LinearRegression|NLIN-DLIN_FIXED|SMLP-TCN|Theta|XGBoost,True,732,342,
HDD|Organic|EDB|Enterprise|Forest::EURP189,HDD|Organic|EDB|Enterprise|Forest,HDD EDB Enterprise,HDD,EURP189,VIEWER_COMPLETE,True,True,True,4950,True,4950,15,True,ARIMA_Fixed|AutoARIMA|ETS Explicit|ETS_Current|FNAR-V2|FixedGrowth_1_5|FixedGrowth_3|FixedGrowth_4|FixedGrowth_6|LightGBM|LinearRegression|NLIN-DLIN_FIXED|SMLP-TCN|Theta|XGBoost,True,732,342,
HDD|Organic|EDB|Enterprise|Forest::EURP190,HDD|Organic|EDB|Enterprise|Forest,HDD EDB Enterprise,HDD,EURP190,VIEWER_COMPLETE,True,True,True,4950,True,4950,15,True,ARIMA_Fixed|AutoARIMA|ETS Explicit|ETS_Current|FNAR-V2|FixedGrowth_1_5|FixedGrowth_3|FixedGrowth_4|FixedGrowth_6|LightGBM|LinearRegression|NLIN-DLIN_FIXED|SMLP-TCN|Theta|XGBoost,True,732,342,
HDD|Organic|EDB|Enterprise|Forest::EURP191,HDD|Organic|EDB|Enterprise|Forest,HDD EDB Enterprise,HDD,EURP191,VIEWER_COMPLETE,True,True,True,4950,True,4950,15,True,ARIMA_Fixed|AutoARIMA|ETS Explicit|ETS_Current|FNAR-V2|FixedGrowth_1_5|FixedGrowth_3|FixedGrowth_4|FixedGrowth_6|LightGBM|LinearRegression|NLIN-DLIN_FIXED|SMLP-TCN|Theta|XGBoost,True,732,342,
HDD|Organic|EDB|Enterprise|Forest::EURP192,HDD|Organic|EDB|Enterprise|Forest,HDD EDB Enterprise,HDD,EURP192,VIEWER_COMPLETE,True,True,True,4950,True,4950,15,True,ARIMA_Fixed|AutoARIMA|ETS Explicit|ETS_Current|FNAR-V2|FixedGrowth_1_5|FixedGrowth_3|FixedGrowth_4|FixedGrowth_6|LightGBM|LinearRegression|NLIN-DLIN_FIXED|SMLP-TCN|Theta|XGBoost,True,732,342,
HDD|Organic|EDB|Enterprise|Forest::EURP193,HDD|Organic|EDB|Enterprise|Forest,HDD EDB Enterprise,HDD,EURP193,VIEWER_COMPLETE,True,True,True,4950,True,4950,15,True,ARIMA_Fixed|AutoARIMA|ETS Explicit|ETS_Current|FNAR-V2|FixedGrowth_1_5|FixedGrowth_3|FixedGrowth_4|FixedGrowth_6|LightGBM|LinearRegression|NLIN-DLIN_FIXED|SMLP-TCN|Theta|XGBoost,True,732,342,
HDD|Organic|EDB|Enterprise|Forest::EURP194,HDD|Organic|EDB|Enterprise|Forest,HDD EDB Enterprise,HDD,EURP194,VIEWER_COMPLETE,True,True,True,4950,True,4950,15,True,ARIMA_Fixed|AutoARIMA|ETS Explicit|ETS_Current|FNAR-V2|FixedGrowth_1_5|FixedGrowth_3|FixedGrowth_4|FixedGrowth_6|LightGBM|LinearRegression|NLIN-DLIN_FIXED|SMLP-TCN|Theta|XGBoost,True,732,342,
HDD|Organic|EDB|Enterprise|Forest::EURP195,HDD|Organic|EDB|Enterprise|Forest,HDD EDB Enterprise,HDD,EURP195,VIEWER_COMPLETE,True,True,True,4950,True,4950,15,True,ARIMA_Fixed|AutoARIMA|ETS Explicit|ETS_Current|FNAR-V2|FixedGrowth_1_5|FixedGrowth_3|FixedGrowth_4|FixedGrowth_6|LightGBM|LinearRegression|NLIN-DLIN_FIXED|SMLP-TCN|Theta|XGBoost,True,732,342,
HDD|Organic|EDB|Enterprise|Forest::EURP250,HDD|Organic|EDB|Enterprise|Forest,HDD EDB Enterprise,HDD,EURP250,VIEWER_COMPLETE,True,True,True,4950,True,4950,15,True,ARIMA_Fixed|AutoARIMA|ETS Explicit|ETS_Current|FNAR-V2|FixedGrowth_1_5|FixedGrowth_3|FixedGrowth_4|FixedGrowth_6|LightGBM|LinearRegression|NLIN-DLIN_FIXED|SMLP-TCN|Theta|XGBoost,True,732,342,
HDD|Organic|EDB|Enterprise|Forest::EURP251,HDD|Organic|EDB|Enterprise|Forest,HDD EDB Enterprise,HDD,EURP251,VIEWER_COMPLETE,True,True,True,4950,True,4950,15,True,ARIMA_Fixed|AutoARIMA|ETS Explicit|ETS_Current|FNAR-V2|FixedGrowth_1_5|FixedGrowth_3|FixedGrowth_4|FixedGrowth_6|LightGBM|LinearRegression|NLIN-DLIN_FIXED|SMLP-TCN|Theta|XGBoost,True,732,342,
HDD|Organic|EDB|Enterprise|Forest::EURP309,HDD|Organic|EDB|Enterprise|Forest,HDD EDB Enterprise,HDD,EURP309,VIEWER_COMPLETE,True,True,True,4950,True,4950,15,True,ARIMA_Fixed|AutoARIMA|ETS Explicit|ETS_Current|FNAR-V2|FixedGrowth_1_5|FixedGrowth_3|FixedGrowth_4|FixedGrowth_6|LightGBM|LinearRegression|NLIN-DLIN_FIXED|SMLP-TCN|Theta|XGBoost,True,732,276,
HDD|Organic|EDB|Enterprise|Forest::EURPRD01,HDD|Organic|EDB|Enterprise|Forest,HDD EDB Enterprise,HDD,EURPRD01,VIEWER_COMPLETE,True,True,True,4950,True,4950,15,True,ARIMA_Fixed|AutoARIMA|ETS Explicit|ETS_Current|FNAR-V2|FixedGrowth_1_5|FixedGrowth_3|FixedGrowth_4|FixedGrowth_6|LightGBM|LinearRegression|NLIN-DLIN_FIXED|SMLP-TCN|Theta|XGBoost,True,732,342,
HDD|Organic|EDB|Enterprise|Forest::EURPRD02,HDD|Organic|EDB|Enterprise|Forest,HDD EDB Enterprise,HDD,EURPRD02,VIEWER_COMPLETE,True,True,True,4950,True,4950,15,True,ARIMA_Fixed|AutoARIMA|ETS Explicit|ETS_Current|FNAR-V2|FixedGrowth_1_5|FixedGrowth_3|FixedGrowth_4|FixedGrowth_6|LightGBM|LinearRegression|NLIN-DLIN_FIXED|SMLP-TCN|Theta|XGBoost,True,732,342,
HDD|Organic|EDB|Enterprise|Forest::EURPRD03,HDD|Organic|EDB|Enterprise|Forest,HDD EDB Enterprise,HDD,EURPRD03,VIEWER_COMPLETE,True,True,True,4950,True,4950,15,True,ARIMA_Fixed|AutoARIMA|ETS Explicit|ETS_Current|FNAR-V2|FixedGrowth_1_5|FixedGrowth_3|FixedGrowth_4|FixedGrowth_6|LightGBM|LinearRegression|NLIN-DLIN_FIXED|SMLP-TCN|Theta|XGBoost,True,732,342,
HDD|Organic|EDB|Enterprise|Forest::EURPRD04,HDD|Organic|EDB|Enterprise|Forest,HDD EDB Enterprise,HDD,EURPRD04,VIEWER_COMPLETE,True,True,True,4950,True,4950,15,True,ARIMA_Fixed|AutoARIMA|ETS Explicit|ETS_Current|FNAR-V2|FixedGrowth_1_5|FixedGrowth_3|FixedGrowth_4|FixedGrowth_6|LightGBM|LinearRegression|NLIN-DLIN_FIXED|SMLP-TCN|Theta|XGBoost,True,732,342,
HDD|Organic|EDB|Enterprise|Forest::EURPRD05,HDD|Organic|EDB|Enterprise|Forest,HDD EDB Enterprise,HDD,EURPRD05,VIEWER_COMPLETE,True,True,True,4950,True,4950,15,True,ARIMA_Fixed|AutoARIMA|ETS Explicit|ETS_Current|FNAR-V2|FixedGrowth_1_5|FixedGrowth_3|FixedGrowth_4|FixedGrowth_6|LightGBM|LinearRegression|NLIN-DLIN_FIXED|SMLP-TCN|Theta|XGBoost,True,732,342,
HDD|Organic|EDB|Enterprise|Forest::EURPRD06,HDD|Organic|EDB|Enterprise|Forest,HDD EDB Enterprise,HDD,EURPRD06,VIEWER_COMPLETE,True,True,True,4950,True,4950,15,True,ARIMA_Fixed|AutoARIMA|ETS Explicit|ETS_Current|FNAR-V2|FixedGrowth_1_5|FixedGrowth_3|FixedGrowth_4|FixedGrowth_6|LightGBM|LinearRegression|NLIN-DLIN_FIXED|SMLP-TCN|Theta|XGBoost,True,732,342,
HDD|Organic|EDB|Enterprise|Forest::EURPRD07,HDD|Organic|EDB|Enterprise|Forest,HDD EDB Enterprise,HDD,EURPRD07,VIEWER_COMPLETE,True,True,True,4950,True,4950,15,True,ARIMA_Fixed|AutoARIMA|ETS Explicit|ETS_Current|FNAR-V2|FixedGrowth_1_5|FixedGrowth_3|FixedGrowth_4|FixedGrowth_6|LightGBM|LinearRegression|NLIN-DLIN_FIXED|SMLP-TCN|Theta|XGBoost,True,732,342,
HDD|Organic|EDB|Enterprise|Forest::EURPRD08,HDD|Organic|EDB|Enterprise|Forest,HDD EDB Enterprise,HDD,EURPRD08,VIEWER_COMPLETE,True,True,True,4950,True,4950,15,True,ARIMA_Fixed|AutoARIMA|ETS Explicit|ETS_Current|FNAR-V2|FixedGrowth_1_5|FixedGrowth_3|FixedGrowth_4|FixedGrowth_6|LightGBM|LinearRegression|NLIN-DLIN_FIXED|SMLP-TCN|Theta|XGBoost,True,732,342,
HDD|Organic|EDB|Enterprise|Forest::EURPRD09,HDD|Organic|EDB|Enterprise|Forest,HDD EDB Enterprise,HDD,EURPRD09,VIEWER_COMPLETE,True,True,True,4950,True,4950,15,True,ARIMA_Fixed|AutoARIMA|ETS Explicit|ETS_Current|FNAR-V2|FixedGrowth_1_5|FixedGrowth_3|FixedGrowth_4|FixedGrowth_6|LightGBM|LinearRegression|NLIN-DLIN_FIXED|SMLP-TCN|Theta|XGBoost,True,732,342,
HDD|Organic|EDB|Enterprise|Forest::EURPRD10,HDD|Organic|EDB|Enterprise|Forest,HDD EDB Enterprise,HDD,EURPRD10,VIEWER_COMPLETE,True,True,True,4950,True,4950,15,True,ARIMA_Fixed|AutoARIMA|ETS Explicit|ETS_Current|FNAR-V2|FixedGrowth_1_5|FixedGrowth_3|FixedGrowth_4|FixedGrowth_6|LightGBM|LinearRegression|NLIN-DLIN_FIXED|SMLP-TCN|Theta|XGBoost,True,732,342,
HDD|Organic|EDB|Enterprise|Forest::EURPRD83,HDD|Organic|EDB|Enterprise|Forest,HDD EDB Enterprise,HDD,EURPRD83,VIEWER_COMPLETE,True,True,True,4950,True,4950,15,True,ARIMA_Fixed|AutoARIMA|ETS Explicit|ETS_Current|FNAR-V2|FixedGrowth_1_5|FixedGrowth_3|FixedGrowth_4|FixedGrowth_6|LightGBM|LinearRegression|NLIN-DLIN_FIXED|SMLP-TCN|Theta|XGBoost,True,732,342,
HDD|Organic|EDB|Enterprise|Forest::FRAP264,HDD|Organic|EDB|Enterprise|Forest,HDD EDB Enterprise,HDD,FRAP264,VIEWER_COMPLETE,True,True,True,4950,True,4950,15,True,ARIMA_Fixed|AutoARIMA|ETS Explicit|ETS_Current|FNAR-V2|FixedGrowth_1_5|FixedGrowth_3|FixedGrowth_4|FixedGrowth_6|LightGBM|LinearRegression|NLIN-DLIN_FIXED|SMLP-TCN|Theta|XGBoost,True,732,342,
HDD|Organic|EDB|Enterprise|Forest::GBRP123,HDD|Organic|EDB|Enterprise|Forest,HDD EDB Enterprise,HDD,GBRP123,VIEWER_COMPLETE,True,True,True,4950,True,4950,15,True,ARIMA_Fixed|AutoARIMA|ETS Explicit|ETS_Current|FNAR-V2|FixedGrowth_1_5|FixedGrowth_3|FixedGrowth_4|FixedGrowth_6|LightGBM|LinearRegression|NLIN-DLIN_FIXED|SMLP-TCN|Theta|XGBoost,True,732,342,
HDD|Organic|EDB|Enterprise|Forest::GBRP265,HDD|Organic|EDB|Enterprise|Forest,HDD EDB Enterprise,HDD,GBRP265,VIEWER_COMPLETE,True,True,True,4950,True,4950,15,True,ARIMA_Fixed|AutoARIMA|ETS Explicit|ETS_Current|FNAR-V2|FixedGrowth_1_5|FixedGrowth_3|FixedGrowth_4|FixedGrowth_6|LightGBM|LinearRegression|NLIN-DLIN_FIXED|SMLP-TCN|Theta|XGBoost,True,732,342,
HDD|Organic|EDB|Enterprise|Forest::GBRP267,HDD|Organic|EDB|Enterprise|Forest,HDD EDB Enterprise,HDD,GBRP267,VIEWER_COMPLETE,True,True,True,4950,True,4950,15,True,ARIMA_Fixed|AutoARIMA|ETS Explicit|ETS_Current|FNAR-V2|FixedGrowth_1_5|FixedGrowth_3|FixedGrowth_4|FixedGrowth_6|LightGBM|LinearRegression|NLIN-DLIN_FIXED|SMLP-TCN|Theta|XGBoost,True,732,342,
HDD|Organic|EDB|Enterprise|Forest::GBRP302,HDD|Organic|EDB|Enterprise|Forest,HDD EDB Enterprise,HDD,GBRP302,VIEWER_COMPLETE,True,True,True,4950,True,4950,15,True,ARIMA_Fixed|AutoARIMA|ETS Explicit|ETS_Current|FNAR-V2|FixedGrowth_1_5|FixedGrowth_3|FixedGrowth_4|FixedGrowth_6|LightGBM|LinearRegression|NLIN-DLIN_FIXED|SMLP-TCN|Theta|XGBoost,True,732,342,
HDD|Organic|EDB|Enterprise|Forest::IDNP305,HDD|Organic|EDB|Enterprise|Forest,HDD EDB Enterprise,HDD,IDNP305,VIEWER_COMPLETE,True,True,True,4950,True,4950,15,True,ARIMA_Fixed|AutoARIMA|ETS Explicit|ETS_Current|FNAR-V2|FixedGrowth_1_5|FixedGrowth_3|FixedGrowth_4|FixedGrowth_6|LightGBM|LinearRegression|NLIN-DLIN_FIXED|SMLP-TCN|Theta|XGBoost,True,732,342,
HDD|Organic|EDB|Enterprise|Forest::INDP287,HDD|Organic|EDB|Enterprise|Forest,HDD EDB Enterprise,HDD,INDP287,VIEWER_COMPLETE,True,True,True,4950,True,4950,15,True,ARIMA_Fixed|AutoARIMA|ETS Explicit|ETS_Current|FNAR-V2|FixedGrowth_1_5|FixedGrowth_3|FixedGrowth_4|FixedGrowth_6|LightGBM|LinearRegression|NLIN-DLIN_FIXED|SMLP-TCN|Theta|XGBoost,True,732,342,
HDD|Organic|EDB|Enterprise|Forest::INDPRD01,HDD|Organic|EDB|Enterprise|Forest,HDD EDB Enterprise,HDD,INDPRD01,VIEWER_COMPLETE,True,True,True,4950,True,4950,15,True,ARIMA_Fixed|AutoARIMA|ETS Explicit|ETS_Current|FNAR-V2|FixedGrowth_1_5|FixedGrowth_3|FixedGrowth_4|FixedGrowth_6|LightGBM|LinearRegression|NLIN-DLIN_FIXED|SMLP-TCN|Theta|XGBoost,True,732,342,
HDD|Organic|EDB|Enterprise|Forest::ISRP290,HDD|Organic|EDB|Enterprise|Forest,HDD EDB Enterprise,HDD,ISRP290,VIEWER_COMPLETE,True,True,True,4950,True,4950,15,True,ARIMA_Fixed|AutoARIMA|ETS Explicit|ETS_Current|FNAR-V2|FixedGrowth_1_5|FixedGrowth_3|FixedGrowth_4|FixedGrowth_6|LightGBM|LinearRegression|NLIN-DLIN_FIXED|SMLP-TCN|Theta|XGBoost,True,732,342,
HDD|Organic|EDB|Enterprise|Forest::ITAP293,HDD|Organic|EDB|Enterprise|Forest,HDD EDB Enterprise,HDD,ITAP293,VIEWER_COMPLETE,True,True,True,4950,True,4950,15,True,ARIMA_Fixed|AutoARIMA|ETS Explicit|ETS_Current|FNAR-V2|FixedGrowth_1_5|FixedGrowth_3|FixedGrowth_4|FixedGrowth_6|LightGBM|LinearRegression|NLIN-DLIN_FIXED|SMLP-TCN|Theta|XGBoost,True,732,342,
HDD|Organic|EDB|Enterprise|Forest::JPNP286,HDD|Organic|EDB|Enterprise|Forest,HDD EDB Enterprise,HDD,JPNP286,VIEWER_COMPLETE,True,True,True,4950,True,4950,15,True,ARIMA_Fixed|AutoARIMA|ETS Explicit|ETS_Current|FNAR-V2|FixedGrowth_1_5|FixedGrowth_3|FixedGrowth_4|FixedGrowth_6|LightGBM|LinearRegression|NLIN-DLIN_FIXED|SMLP-TCN|Theta|XGBoost,True,732,342,
HDD|Organic|EDB|Enterprise|Forest::JPNP301,HDD|Organic|EDB|Enterprise|Forest,HDD EDB Enterprise,HDD,JPNP301,VIEWER_COMPLETE,True,True,True,4950,True,4950,15,True,ARIMA_Fixed|AutoARIMA|ETS Explicit|ETS_Current|FNAR-V2|FixedGrowth_1_5|FixedGrowth_3|FixedGrowth_4|FixedGrowth_6|LightGBM|LinearRegression|NLIN-DLIN_FIXED|SMLP-TCN|Theta|XGBoost,True,732,342,
HDD|Organic|EDB|Enterprise|Forest::JPNPRD01,HDD|Organic|EDB|Enterprise|Forest,HDD EDB Enterprise,HDD,JPNPRD01,VIEWER_COMPLETE,True,True,True,4950,True,4950,15,True,ARIMA_Fixed|AutoARIMA|ETS Explicit|ETS_Current|FNAR-V2|FixedGrowth_1_5|FixedGrowth_3|FixedGrowth_4|FixedGrowth_6|LightGBM|LinearRegression|NLIN-DLIN_FIXED|SMLP-TCN|Theta|XGBoost,True,732,342,
HDD|Organic|EDB|Enterprise|Forest::KORP216,HDD|Organic|EDB|Enterprise|Forest,HDD EDB Enterprise,HDD,KORP216,VIEWER_COMPLETE,True,True,True,4950,True,4950,15,True,ARIMA_Fixed|AutoARIMA|ETS Explicit|ETS_Current|FNAR-V2|FixedGrowth_1_5|FixedGrowth_3|FixedGrowth_4|FixedGrowth_6|LightGBM|LinearRegression|NLIN-DLIN_FIXED|SMLP-TCN|Theta|XGBoost,True,732,342,
HDD|Organic|EDB|Enterprise|Forest::LAMP152,HDD|Organic|EDB|Enterprise|Forest,HDD EDB Enterprise,HDD,LAMP152,VIEWER_COMPLETE,True,True,True,4950,True,4950,15,True,ARIMA_Fixed|AutoARIMA|ETS Explicit|ETS_Current|FNAR-V2|FixedGrowth_1_5|FixedGrowth_3|FixedGrowth_4|FixedGrowth_6|LightGBM|LinearRegression|NLIN-DLIN_FIXED|SMLP-TCN|Theta|XGBoost,True,732,342,
HDD|Organic|EDB|Enterprise|Forest::LAMP215,HDD|Organic|EDB|Enterprise|Forest,HDD EDB Enterprise,HDD,LAMP215,VIEWER_COMPLETE,True,True,True,4950,True,4950,15,True,ARIMA_Fixed|AutoARIMA|ETS Explicit|ETS_Current|FNAR-V2|FixedGrowth_1_5|FixedGrowth_3|FixedGrowth_4|FixedGrowth_6|LightGBM|LinearRegression|NLIN-DLIN_FIXED|SMLP-TCN|Theta|XGBoost,True,732,342,
HDD|Organic|EDB|Enterprise|Forest::LAMPRD80,HDD|Organic|EDB|Enterprise|Forest,HDD EDB Enterprise,HDD,LAMPRD80,VIEWER_COMPLETE,True,True,True,4950,True,4950,15,True,ARIMA_Fixed|AutoARIMA|ETS Explicit|ETS_Current|FNAR-V2|FixedGrowth_1_5|FixedGrowth_3|FixedGrowth_4|FixedGrowth_6|LightGBM|LinearRegression|NLIN-DLIN_FIXED|SMLP-TCN|Theta|XGBoost,True,732,342,
HDD|Organic|EDB|Enterprise|Forest::MEXP297,HDD|Organic|EDB|Enterprise|Forest,HDD EDB Enterprise,HDD,MEXP297,VIEWER_COMPLETE,True,True,True,4950,True,4950,15,True,ARIMA_Fixed|AutoARIMA|ETS Explicit|ETS_Current|FNAR-V2|FixedGrowth_1_5|FixedGrowth_3|FixedGrowth_4|FixedGrowth_6|LightGBM|LinearRegression|NLIN-DLIN_FIXED|SMLP-TCN|Theta|XGBoost,True,732,342,
HDD|Organic|EDB|Enterprise|Forest::MYSP306,HDD|Organic|EDB|Enterprise|Forest,HDD EDB Enterprise,HDD,MYSP306,VIEWER_COMPLETE,True,True,True,4950,True,4950,15,True,ARIMA_Fixed|AutoARIMA|ETS Explicit|ETS_Current|FNAR-V2|FixedGrowth_1_5|FixedGrowth_3|FixedGrowth_4|FixedGrowth_6|LightGBM|LinearRegression|NLIN-DLIN_FIXED|SMLP-TCN|Theta|XGBoost,True,732,342,
HDD|Organic|EDB|Enterprise|Forest::NAMP100,HDD|Organic|EDB|Enterprise|Forest,HDD EDB Enterprise,HDD,NAMP100,VIEWER_COMPLETE,True,True,True,4950,True,4950,15,True,ARIMA_Fixed|AutoARIMA|ETS Explicit|ETS_Current|FNAR-V2|FixedGrowth_1_5|FixedGrowth_3|FixedGrowth_4|FixedGrowth_6|LightGBM|LinearRegression|NLIN-DLIN_FIXED|SMLP-TCN|Theta|XGBoost,True,732,342,
HDD|Organic|EDB|Enterprise|Forest::NAMP101,HDD|Organic|EDB|Enterprise|Forest,HDD EDB Enterprise,HDD,NAMP101,VIEWER_COMPLETE,True,True,True,4950,True,4950,15,True,ARIMA_Fixed|AutoARIMA|ETS Explicit|ETS_Current|FNAR-V2|FixedGrowth_1_5|FixedGrowth_3|FixedGrowth_4|FixedGrowth_6|LightGBM|LinearRegression|NLIN-DLIN_FIXED|SMLP-TCN|Theta|XGBoost,True,732,342,
HDD|Organic|EDB|Enterprise|Forest::NAMP103,HDD|Organic|EDB|Enterprise|Forest,HDD EDB Enterprise,HDD,NAMP103,VIEWER_COMPLETE,True,True,True,4950,True,4950,15,True,ARIMA_Fixed|AutoARIMA|ETS Explicit|ETS_Current|FNAR-V2|FixedGrowth_1_5|FixedGrowth_3|FixedGrowth_4|FixedGrowth_6|LightGBM|LinearRegression|NLIN-DLIN_FIXED|SMLP-TCN|Theta|XGBoost,True,732,342,
HDD|Organic|EDB|Enterprise|Forest::NAMP104,HDD|Organic|EDB|Enterprise|Forest,HDD EDB Enterprise,HDD,NAMP104,VIEWER_COMPLETE,True,True,True,4950,True,4950,15,True,ARIMA_Fixed|AutoARIMA|ETS Explicit|ETS_Current|FNAR-V2|FixedGrowth_1_5|FixedGrowth_3|FixedGrowth_4|FixedGrowth_6|LightGBM|LinearRegression|NLIN-DLIN_FIXED|SMLP-TCN|Theta|XGBoost,True,732,342,
HDD|Organic|EDB|Enterprise|Forest::NAMP105,HDD|Organic|EDB|Enterprise|Forest,HDD EDB Enterprise,HDD,NAMP105,VIEWER_COMPLETE,True,True,True,4950,True,4950,15,True,ARIMA_Fixed|AutoARIMA|ETS Explicit|ETS_Current|FNAR-V2|FixedGrowth_1_5|FixedGrowth_3|FixedGrowth_4|FixedGrowth_6|LightGBM|LinearRegression|NLIN-DLIN_FIXED|SMLP-TCN|Theta|XGBoost,True,732,342,
HDD|Organic|EDB|Enterprise|Forest::NAMP106,HDD|Organic|EDB|Enterprise|Forest,HDD EDB Enterprise,HDD,NAMP106,VIEWER_COMPLETE,True,True,True,4950,True,4950,15,True,ARIMA_Fixed|AutoARIMA|ETS Explicit|ETS_Current|FNAR-V2|FixedGrowth_1_5|FixedGrowth_3|FixedGrowth_4|FixedGrowth_6|LightGBM|LinearRegression|NLIN-DLIN_FIXED|SMLP-TCN|Theta|XGBoost,True,732,342,
HDD|Organic|EDB|Enterprise|Forest::NAMP108,HDD|Organic|EDB|Enterprise|Forest,HDD EDB Enterprise,HDD,NAMP108,VIEWER_COMPLETE,True,True,True,4950,True,4950,15,True,ARIMA_Fixed|AutoARIMA|ETS Explicit|ETS_Current|FNAR-V2|FixedGrowth_1_5|FixedGrowth_3|FixedGrowth_4|FixedGrowth_6|LightGBM|LinearRegression|NLIN-DLIN_FIXED|SMLP-TCN|Theta|XGBoost,True,732,342,
HDD|Organic|EDB|Enterprise|Forest::NAMP109,HDD|Organic|EDB|Enterprise|Forest,HDD EDB Enterprise,HDD,NAMP109,VIEWER_COMPLETE,True,True,True,4950,True,4950,15,True,ARIMA_Fixed|AutoARIMA|ETS Explicit|ETS_Current|FNAR-V2|FixedGrowth_1_5|FixedGrowth_3|FixedGrowth_4|FixedGrowth_6|LightGBM|LinearRegression|NLIN-DLIN_FIXED|SMLP-TCN|Theta|XGBoost,True,732,342,
HDD|Organic|EDB|Enterprise|Forest::NAMP113,HDD|Organic|EDB|Enterprise|Forest,HDD EDB Enterprise,HDD,NAMP113,VIEWER_COMPLETE,True,True,True,4950,True,4950,15,True,ARIMA_Fixed|AutoARIMA|ETS Explicit|ETS_Current|FNAR-V2|FixedGrowth_1_5|FixedGrowth_3|FixedGrowth_4|FixedGrowth_6|LightGBM|LinearRegression|NLIN-DLIN_FIXED|SMLP-TCN|Theta|XGBoost,True,732,342,
HDD|Organic|EDB|Enterprise|Forest::NAMP114,HDD|Organic|EDB|Enterprise|Forest,HDD EDB Enterprise,HDD,NAMP114,VIEWER_COMPLETE,True,True,True,4950,True,4950,15,True,ARIMA_Fixed|AutoARIMA|ETS Explicit|ETS_Current|FNAR-V2|FixedGrowth_1_5|FixedGrowth_3|FixedGrowth_4|FixedGrowth_6|LightGBM|LinearRegression|NLIN-DLIN_FIXED|SMLP-TCN|Theta|XGBoost,True,732,342,
HDD|Organic|EDB|Enterprise|Forest::NAMP115,HDD|Organic|EDB|Enterprise|Forest,HDD EDB Enterprise,HDD,NAMP115,VIEWER_COMPLETE,True,True,True,4950,True,4950,15,True,ARIMA_Fixed|AutoARIMA|ETS Explicit|ETS_Current|FNAR-V2|FixedGrowth_1_5|FixedGrowth_3|FixedGrowth_4|FixedGrowth_6|LightGBM|LinearRegression|NLIN-DLIN_FIXED|SMLP-TCN|Theta|XGBoost,True,732,342,
HDD|Organic|EDB|Enterprise|Forest::NAMP116,HDD|Organic|EDB|Enterprise|Forest,HDD EDB Enterprise,HDD,NAMP116,VIEWER_COMPLETE,True,True,True,4950,True,4950,15,True,ARIMA_Fixed|AutoARIMA|ETS Explicit|ETS_Current|FNAR-V2|FixedGrowth_1_5|FixedGrowth_3|FixedGrowth_4|FixedGrowth_6|LightGBM|LinearRegression|NLIN-DLIN_FIXED|SMLP-TCN|Theta|XGBoost,True,732,342,
HDD|Organic|EDB|Enterprise|Forest::NAMP118,HDD|Organic|EDB|Enterprise|Forest,HDD EDB Enterprise,HDD,NAMP118,VIEWER_COMPLETE,True,True,True,4950,True,4950,15,True,ARIMA_Fixed|AutoARIMA|ETS Explicit|ETS_Current|FNAR-V2|FixedGrowth_1_5|FixedGrowth_3|FixedGrowth_4|FixedGrowth_6|LightGBM|LinearRegression|NLIN-DLIN_FIXED|SMLP-TCN|Theta|XGBoost,True,732,342,
HDD|Organic|EDB|Enterprise|Forest::NAMP125,HDD|Organic|EDB|Enterprise|Forest,HDD EDB Enterprise,HDD,NAMP125,VIEWER_COMPLETE,True,True,True,4950,True,4950,15,True,ARIMA_Fixed|AutoARIMA|ETS Explicit|ETS_Current|FNAR-V2|FixedGrowth_1_5|FixedGrowth_3|FixedGrowth_4|FixedGrowth_6|LightGBM|LinearRegression|NLIN-DLIN_FIXED|SMLP-TCN|Theta|XGBoost,True,732,342,
HDD|Organic|EDB|Enterprise|Forest::NAMP126,HDD|Organic|EDB|Enterprise|Forest,HDD EDB Enterprise,HDD,NAMP126,VIEWER_COMPLETE,True,True,True,4950,True,4950,15,True,ARIMA_Fixed|AutoARIMA|ETS Explicit|ETS_Current|FNAR-V2|FixedGrowth_1_5|FixedGrowth_3|FixedGrowth_4|FixedGrowth_6|LightGBM|LinearRegression|NLIN-DLIN_FIXED|SMLP-TCN|Theta|XGBoost,True,732,342,
HDD|Organic|EDB|Enterprise|Forest::NAMP128,HDD|Organic|EDB|Enterprise|Forest,HDD EDB Enterprise,HDD,NAMP128,VIEWER_COMPLETE,True,True,True,4950,True,4950,15,True,ARIMA_Fixed|AutoARIMA|ETS Explicit|ETS_Current|FNAR-V2|FixedGrowth_1_5|FixedGrowth_3|FixedGrowth_4|FixedGrowth_6|LightGBM|LinearRegression|NLIN-DLIN_FIXED|SMLP-TCN|Theta|XGBoost,True,732,342,
HDD|Organic|EDB|Enterprise|Forest::NAMP129,HDD|Organic|EDB|Enterprise|Forest,HDD EDB Enterprise,HDD,NAMP129,VIEWER_COMPLETE,True,True,True,4950,True,4950,15,True,ARIMA_Fixed|AutoARIMA|ETS Explicit|ETS_Current|FNAR-V2|FixedGrowth_1_5|FixedGrowth_3|FixedGrowth_4|FixedGrowth_6|LightGBM|LinearRegression|NLIN-DLIN_FIXED|SMLP-TCN|Theta|XGBoost,True,732,342,
HDD|Organic|EDB|Enterprise|Forest::NAMP130,HDD|Organic|EDB|Enterprise|Forest,HDD EDB Enterprise,HDD,NAMP130,VIEWER_COMPLETE,True,True,True,4950,True,4950,15,True,ARIMA_Fixed|AutoARIMA|ETS Explicit|ETS_Current|FNAR-V2|FixedGrowth_1_5|FixedGrowth_3|FixedGrowth_4|FixedGrowth_6|LightGBM|LinearRegression|NLIN-DLIN_FIXED|SMLP-TCN|Theta|XGBoost,True,732,342,
HDD|Organic|EDB|Enterprise|Forest::NAMP131,HDD|Organic|EDB|Enterprise|Forest,HDD EDB Enterprise,HDD,NAMP131,VIEWER_COMPLETE,True,True,True,4950,True,4950,15,True,ARIMA_Fixed|AutoARIMA|ETS Explicit|ETS_Current|FNAR-V2|FixedGrowth_1_5|FixedGrowth_3|FixedGrowth_4|FixedGrowth_6|LightGBM|LinearRegression|NLIN-DLIN_FIXED|SMLP-TCN|Theta|XGBoost,True,732,342,
HDD|Organic|EDB|Enterprise|Forest::NAMP132,HDD|Organic|EDB|Enterprise|Forest,HDD EDB Enterprise,HDD,NAMP132,VIEWER_COMPLETE,True,True,True,4950,True,4950,15,True,ARIMA_Fixed|AutoARIMA|ETS Explicit|ETS_Current|FNAR-V2|FixedGrowth_1_5|FixedGrowth_3|FixedGrowth_4|FixedGrowth_6|LightGBM|LinearRegression|NLIN-DLIN_FIXED|SMLP-TCN|Theta|XGBoost,True,732,342,
HDD|Organic|EDB|Enterprise|Forest::NAMP133,HDD|Organic|EDB|Enterprise|Forest,HDD EDB Enterprise,HDD,NAMP133,VIEWER_COMPLETE,True,True,True,4950,True,4950,15,True,ARIMA_Fixed|AutoARIMA|ETS Explicit|ETS_Current|FNAR-V2|FixedGrowth_1_5|FixedGrowth_3|FixedGrowth_4|FixedGrowth_6|LightGBM|LinearRegression|NLIN-DLIN_FIXED|SMLP-TCN|Theta|XGBoost,True,732,342,
HDD|Organic|EDB|Enterprise|Forest::NAMP134,HDD|Organic|EDB|Enterprise|Forest,HDD EDB Enterprise,HDD,NAMP134,VIEWER_COMPLETE,True,True,True,4950,True,4950,15,True,ARIMA_Fixed|AutoARIMA|ETS Explicit|ETS_Current|FNAR-V2|FixedGrowth_1_5|FixedGrowth_3|FixedGrowth_4|FixedGrowth_6|LightGBM|LinearRegression|NLIN-DLIN_FIXED|SMLP-TCN|Theta|XGBoost,True,732,342,
HDD|Organic|EDB|Enterprise|Forest::NAMP135,HDD|Organic|EDB|Enterprise|Forest,HDD EDB Enterprise,HDD,NAMP135,VIEWER_COMPLETE,True,True,True,4950,True,4950,15,True,ARIMA_Fixed|AutoARIMA|ETS Explicit|ETS_Current|FNAR-V2|FixedGrowth_1_5|FixedGrowth_3|FixedGrowth_4|FixedGrowth_6|LightGBM|LinearRegression|NLIN-DLIN_FIXED|SMLP-TCN|Theta|XGBoost,True,732,342,
HDD|Organic|EDB|Enterprise|Forest::NAMP136,HDD|Organic|EDB|Enterprise|Forest,HDD EDB Enterprise,HDD,NAMP136,VIEWER_COMPLETE,True,True,True,4950,True,4950,15,True,ARIMA_Fixed|AutoARIMA|ETS Explicit|ETS_Current|FNAR-V2|FixedGrowth_1_5|FixedGrowth_3|FixedGrowth_4|FixedGrowth_6|LightGBM|LinearRegression|NLIN-DLIN_FIXED|SMLP-TCN|Theta|XGBoost,True,732,342,
HDD|Organic|EDB|Enterprise|Forest::NAMP154,HDD|Organic|EDB|Enterprise|Forest,HDD EDB Enterprise,HDD,NAMP154,VIEWER_COMPLETE,True,True,True,4950,True,4950,15,True,ARIMA_Fixed|AutoARIMA|ETS Explicit|ETS_Current|FNAR-V2|FixedGrowth_1_5|FixedGrowth_3|FixedGrowth_4|FixedGrowth_6|LightGBM|LinearRegression|NLIN-DLIN_FIXED|SMLP-TCN|Theta|XGBoost,True,732,342,
HDD|Organic|EDB|Enterprise|Forest::NAMP157,HDD|Organic|EDB|Enterprise|Forest,HDD EDB Enterprise,HDD,NAMP157,VIEWER_COMPLETE,True,True,True,4950,True,4950,15,True,ARIMA_Fixed|AutoARIMA|ETS Explicit|ETS_Current|FNAR-V2|FixedGrowth_1_5|FixedGrowth_3|FixedGrowth_4|FixedGrowth_6|LightGBM|LinearRegression|NLIN-DLIN_FIXED|SMLP-TCN|Theta|XGBoost,True,732,342,
HDD|Organic|EDB|Enterprise|Forest::NAMP158,HDD|Organic|EDB|Enterprise|Forest,HDD EDB Enterprise,HDD,NAMP158,VIEWER_COMPLETE,True,True,True,4950,True,4950,15,True,ARIMA_Fixed|AutoARIMA|ETS Explicit|ETS_Current|FNAR-V2|FixedGrowth_1_5|FixedGrowth_3|FixedGrowth_4|FixedGrowth_6|LightGBM|LinearRegression|NLIN-DLIN_FIXED|SMLP-TCN|Theta|XGBoost,True,732,342,
HDD|Organic|EDB|Enterprise|Forest::NAMP159,HDD|Organic|EDB|Enterprise|Forest,HDD EDB Enterprise,HDD,NAMP159,VIEWER_COMPLETE,True,True,True,4950,True,4950,15,True,ARIMA_Fixed|AutoARIMA|ETS Explicit|ETS_Current|FNAR-V2|FixedGrowth_1_5|FixedGrowth_3|FixedGrowth_4|FixedGrowth_6|LightGBM|LinearRegression|NLIN-DLIN_FIXED|SMLP-TCN|Theta|XGBoost,True,732,342,
HDD|Organic|EDB|Enterprise|Forest::NAMP161,HDD|Organic|EDB|Enterprise|Forest,HDD EDB Enterprise,HDD,NAMP161,VIEWER_COMPLETE,True,True,True,4950,True,4950,15,True,ARIMA_Fixed|AutoARIMA|ETS Explicit|ETS_Current|FNAR-V2|FixedGrowth_1_5|FixedGrowth_3|FixedGrowth_4|FixedGrowth_6|LightGBM|LinearRegression|NLIN-DLIN_FIXED|SMLP-TCN|Theta|XGBoost,True,732,342,
HDD|Organic|EDB|Enterprise|Forest::NAMP162,HDD|Organic|EDB|Enterprise|Forest,HDD EDB Enterprise,HDD,NAMP162,VIEWER_COMPLETE,True,True,True,4950,True,4950,15,True,ARIMA_Fixed|AutoARIMA|ETS Explicit|ETS_Current|FNAR-V2|FixedGrowth_1_5|FixedGrowth_3|FixedGrowth_4|FixedGrowth_6|LightGBM|LinearRegression|NLIN-DLIN_FIXED|SMLP-TCN|Theta|XGBoost,True,732,342,
HDD|Organic|EDB|Enterprise|Forest::NAMP163,HDD|Organic|EDB|Enterprise|Forest,HDD EDB Enterprise,HDD,NAMP163,VIEWER_COMPLETE,True,True,True,4950,True,4950,15,True,ARIMA_Fixed|AutoARIMA|ETS Explicit|ETS_Current|FNAR-V2|FixedGrowth_1_5|FixedGrowth_3|FixedGrowth_4|FixedGrowth_6|LightGBM|LinearRegression|NLIN-DLIN_FIXED|SMLP-TCN|Theta|XGBoost,True,732,342,
HDD|Organic|EDB|Enterprise|Forest::NAMP164,HDD|Organic|EDB|Enterprise|Forest,HDD EDB Enterprise,HDD,NAMP164,VIEWER_COMPLETE,True,True,True,4950,True,4950,15,True,ARIMA_Fixed|AutoARIMA|ETS Explicit|ETS_Current|FNAR-V2|FixedGrowth_1_5|FixedGrowth_3|FixedGrowth_4|FixedGrowth_6|LightGBM|LinearRegression|NLIN-DLIN_FIXED|SMLP-TCN|Theta|XGBoost,True,732,342,
HDD|Organic|EDB|Enterprise|Forest::NAMP166,HDD|Organic|EDB|Enterprise|Forest,HDD EDB Enterprise,HDD,NAMP166,VIEWER_COMPLETE,True,True,True,4950,True,4950,15,True,ARIMA_Fixed|AutoARIMA|ETS Explicit|ETS_Current|FNAR-V2|FixedGrowth_1_5|FixedGrowth_3|FixedGrowth_4|FixedGrowth_6|LightGBM|LinearRegression|NLIN-DLIN_FIXED|SMLP-TCN|Theta|XGBoost,True,732,342,
HDD|Organic|EDB|Enterprise|Forest::NAMP167,HDD|Organic|EDB|Enterprise|Forest,HDD EDB Enterprise,HDD,NAMP167,VIEWER_COMPLETE,True,True,True,4950,True,4950,15,True,ARIMA_Fixed|AutoARIMA|ETS Explicit|ETS_Current|FNAR-V2|FixedGrowth_1_5|FixedGrowth_3|FixedGrowth_4|FixedGrowth_6|LightGBM|LinearRegression|NLIN-DLIN_FIXED|SMLP-TCN|Theta|XGBoost,True,732,342,
HDD|Organic|EDB|Enterprise|Forest::NAMP169,HDD|Organic|EDB|Enterprise|Forest,HDD EDB Enterprise,HDD,NAMP169,VIEWER_COMPLETE,True,True,True,4950,True,4950,15,True,ARIMA_Fixed|AutoARIMA|ETS Explicit|ETS_Current|FNAR-V2|FixedGrowth_1_5|FixedGrowth_3|FixedGrowth_4|FixedGrowth_6|LightGBM|LinearRegression|NLIN-DLIN_FIXED|SMLP-TCN|Theta|XGBoost,True,732,342,
HDD|Organic|EDB|Enterprise|Forest::NAMP170,HDD|Organic|EDB|Enterprise|Forest,HDD EDB Enterprise,HDD,NAMP170,VIEWER_COMPLETE,True,True,True,4950,True,4950,15,True,ARIMA_Fixed|AutoARIMA|ETS Explicit|ETS_Current|FNAR-V2|FixedGrowth_1_5|FixedGrowth_3|FixedGrowth_4|FixedGrowth_6|LightGBM|LinearRegression|NLIN-DLIN_FIXED|SMLP-TCN|Theta|XGBoost,True,732,342,
HDD|Organic|EDB|Enterprise|Forest::NAMP171,HDD|Organic|EDB|Enterprise|Forest,HDD EDB Enterprise,HDD,NAMP171,VIEWER_COMPLETE,True,True,True,4950,True,4950,15,True,ARIMA_Fixed|AutoARIMA|ETS Explicit|ETS_Current|FNAR-V2|FixedGrowth_1_5|FixedGrowth_3|FixedGrowth_4|FixedGrowth_6|LightGBM|LinearRegression|NLIN-DLIN_FIXED|SMLP-TCN|Theta|XGBoost,True,732,342,
HDD|Organic|EDB|Enterprise|Forest::NAMP172,HDD|Organic|EDB|Enterprise|Forest,HDD EDB Enterprise,HDD,NAMP172,VIEWER_COMPLETE,True,True,True,4950,True,4950,15,True,ARIMA_Fixed|AutoARIMA|ETS Explicit|ETS_Current|FNAR-V2|FixedGrowth_1_5|FixedGrowth_3|FixedGrowth_4|FixedGrowth_6|LightGBM|LinearRegression|NLIN-DLIN_FIXED|SMLP-TCN|Theta|XGBoost,True,732,342,
HDD|Organic|EDB|Enterprise|Forest::NAMP173,HDD|Organic|EDB|Enterprise|Forest,HDD EDB Enterprise,HDD,NAMP173,VIEWER_COMPLETE,True,True,True,4950,True,4950,15,True,ARIMA_Fixed|AutoARIMA|ETS Explicit|ETS_Current|FNAR-V2|FixedGrowth_1_5|FixedGrowth_3|FixedGrowth_4|FixedGrowth_6|LightGBM|LinearRegression|NLIN-DLIN_FIXED|SMLP-TCN|Theta|XGBoost,True,732,342,
HDD|Organic|EDB|Enterprise|Forest::NAMP197,HDD|Organic|EDB|Enterprise|Forest,HDD EDB Enterprise,HDD,NAMP197,VIEWER_COMPLETE,True,True,True,4950,True,4950,15,True,ARIMA_Fixed|AutoARIMA|ETS Explicit|ETS_Current|FNAR-V2|FixedGrowth_1_5|FixedGrowth_3|FixedGrowth_4|FixedGrowth_6|LightGBM|LinearRegression|NLIN-DLIN_FIXED|SMLP-TCN|Theta|XGBoost,True,732,342,
HDD|Organic|EDB|Enterprise|Forest::NAMP220,HDD|Organic|EDB|Enterprise|Forest,HDD EDB Enterprise,HDD,NAMP220,VIEWER_COMPLETE,True,True,True,4950,True,4950,15,True,ARIMA_Fixed|AutoARIMA|ETS Explicit|ETS_Current|FNAR-V2|FixedGrowth_1_5|FixedGrowth_3|FixedGrowth_4|FixedGrowth_6|LightGBM|LinearRegression|NLIN-DLIN_FIXED|SMLP-TCN|Theta|XGBoost,True,732,342,
HDD|Organic|EDB|Enterprise|Forest::NAMP221,HDD|Organic|EDB|Enterprise|Forest,HDD EDB Enterprise,HDD,NAMP221,VIEWER_COMPLETE,True,True,True,4950,True,4950,15,True,ARIMA_Fixed|AutoARIMA|ETS Explicit|ETS_Current|FNAR-V2|FixedGrowth_1_5|FixedGrowth_3|FixedGrowth_4|FixedGrowth_6|LightGBM|LinearRegression|NLIN-DLIN_FIXED|SMLP-TCN|Theta|XGBoost,True,732,342,
HDD|Organic|EDB|Enterprise|Forest::NAMP222,HDD|Organic|EDB|Enterprise|Forest,HDD EDB Enterprise,HDD,NAMP222,VIEWER_COMPLETE,True,True,True,4950,True,4950,15,True,ARIMA_Fixed|AutoARIMA|ETS Explicit|ETS_Current|FNAR-V2|FixedGrowth_1_5|FixedGrowth_3|FixedGrowth_4|FixedGrowth_6|LightGBM|LinearRegression|NLIN-DLIN_FIXED|SMLP-TCN|Theta|XGBoost,True,732,342,
HDD|Organic|EDB|Enterprise|Forest::NAMP223,HDD|Organic|EDB|Enterprise|Forest,HDD EDB Enterprise,HDD,NAMP223,VIEWER_COMPLETE,True,True,True,4950,True,4950,15,True,ARIMA_Fixed|AutoARIMA|ETS Explicit|ETS_Current|FNAR-V2|FixedGrowth_1_5|FixedGrowth_3|FixedGrowth_4|FixedGrowth_6|LightGBM|LinearRegression|NLIN-DLIN_FIXED|SMLP-TCN|Theta|XGBoost,True,732,342,
HDD|Organic|EDB|Enterprise|Forest::NAMP283,HDD|Organic|EDB|Enterprise|Forest,HDD EDB Enterprise,HDD,NAMP283,VIEWER_COMPLETE,True,True,True,4950,True,4950,15,True,ARIMA_Fixed|AutoARIMA|ETS Explicit|ETS_Current|FNAR-V2|FixedGrowth_1_5|FixedGrowth_3|FixedGrowth_4|FixedGrowth_6|LightGBM|LinearRegression|NLIN-DLIN_FIXED|SMLP-TCN|Theta|XGBoost,True,732,342,
HDD|Organic|EDB|Enterprise|Forest::NAMPRD00,HDD|Organic|EDB|Enterprise|Forest,HDD EDB Enterprise,HDD,NAMPRD00,VIEWER_COMPLETE,True,True,True,4950,True,4950,15,True,ARIMA_Fixed|AutoARIMA|ETS Explicit|ETS_Current|FNAR-V2|FixedGrowth_1_5|FixedGrowth_3|FixedGrowth_4|FixedGrowth_6|LightGBM|LinearRegression|NLIN-DLIN_FIXED|SMLP-TCN|Theta|XGBoost,True,732,342,
HDD|Organic|EDB|Enterprise|Forest::NAMPRD01,HDD|Organic|EDB|Enterprise|Forest,HDD EDB Enterprise,HDD,NAMPRD01,VIEWER_COMPLETE,True,True,True,4950,True,4950,15,True,ARIMA_Fixed|AutoARIMA|ETS Explicit|ETS_Current|FNAR-V2|FixedGrowth_1_5|FixedGrowth_3|FixedGrowth_4|FixedGrowth_6|LightGBM|LinearRegression|NLIN-DLIN_FIXED|SMLP-TCN|Theta|XGBoost,True,732,342,
HDD|Organic|EDB|Enterprise|Forest::NAMPRD02,HDD|Organic|EDB|Enterprise|Forest,HDD EDB Enterprise,HDD,NAMPRD02,VIEWER_COMPLETE,True,True,True,4950,True,4950,15,True,ARIMA_Fixed|AutoARIMA|ETS Explicit|ETS_Current|FNAR-V2|FixedGrowth_1_5|FixedGrowth_3|FixedGrowth_4|FixedGrowth_6|LightGBM|LinearRegression|NLIN-DLIN_FIXED|SMLP-TCN|Theta|XGBoost,True,732,342,
HDD|Organic|EDB|Enterprise|Forest::NAMPRD03,HDD|Organic|EDB|Enterprise|Forest,HDD EDB Enterprise,HDD,NAMPRD03,VIEWER_COMPLETE,True,True,True,4950,True,4950,15,True,ARIMA_Fixed|AutoARIMA|ETS Explicit|ETS_Current|FNAR-V2|FixedGrowth_1_5|FixedGrowth_3|FixedGrowth_4|FixedGrowth_6|LightGBM|LinearRegression|NLIN-DLIN_FIXED|SMLP-TCN|Theta|XGBoost,True,732,342,
HDD|Organic|EDB|Enterprise|Forest::NAMPRD04,HDD|Organic|EDB|Enterprise|Forest,HDD EDB Enterprise,HDD,NAMPRD04,VIEWER_COMPLETE,True,True,True,4950,True,4950,15,True,ARIMA_Fixed|AutoARIMA|ETS Explicit|ETS_Current|FNAR-V2|FixedGrowth_1_5|FixedGrowth_3|FixedGrowth_4|FixedGrowth_6|LightGBM|LinearRegression|NLIN-DLIN_FIXED|SMLP-TCN|Theta|XGBoost,True,732,342,
HDD|Organic|EDB|Enterprise|Forest::NAMPRD05,HDD|Organic|EDB|Enterprise|Forest,HDD EDB Enterprise,HDD,NAMPRD05,VIEWER_COMPLETE,True,True,True,4950,True,4950,15,True,ARIMA_Fixed|AutoARIMA|ETS Explicit|ETS_Current|FNAR-V2|FixedGrowth_1_5|FixedGrowth_3|FixedGrowth_4|FixedGrowth_6|LightGBM|LinearRegression|NLIN-DLIN_FIXED|SMLP-TCN|Theta|XGBoost,True,732,342,
HDD|Organic|EDB|Enterprise|Forest::NAMPRD06,HDD|Organic|EDB|Enterprise|Forest,HDD EDB Enterprise,HDD,NAMPRD06,VIEWER_COMPLETE,True,True,True,4950,True,4950,15,True,ARIMA_Fixed|AutoARIMA|ETS Explicit|ETS_Current|FNAR-V2|FixedGrowth_1_5|FixedGrowth_3|FixedGrowth_4|FixedGrowth_6|LightGBM|LinearRegression|NLIN-DLIN_FIXED|SMLP-TCN|Theta|XGBoost,True,732,342,
HDD|Organic|EDB|Enterprise|Forest::NAMPRD07,HDD|Organic|EDB|Enterprise|Forest,HDD EDB Enterprise,HDD,NAMPRD07,VIEWER_COMPLETE,True,True,True,4950,True,4950,15,True,ARIMA_Fixed|AutoARIMA|ETS Explicit|ETS_Current|FNAR-V2|FixedGrowth_1_5|FixedGrowth_3|FixedGrowth_4|FixedGrowth_6|LightGBM|LinearRegression|NLIN-DLIN_FIXED|SMLP-TCN|Theta|XGBoost,True,732,342,
HDD|Organic|EDB|Enterprise|Forest::NAMPRD08,HDD|Organic|EDB|Enterprise|Forest,HDD EDB Enterprise,HDD,NAMPRD08,VIEWER_COMPLETE,True,True,True,4950,True,4950,15,True,ARIMA_Fixed|AutoARIMA|ETS Explicit|ETS_Current|FNAR-V2|FixedGrowth_1_5|FixedGrowth_3|FixedGrowth_4|FixedGrowth_6|LightGBM|LinearRegression|NLIN-DLIN_FIXED|SMLP-TCN|Theta|XGBoost,True,732,342,
HDD|Organic|EDB|Enterprise|Forest::NAMPRD09,HDD|Organic|EDB|Enterprise|Forest,HDD EDB Enterprise,HDD,NAMPRD09,VIEWER_COMPLETE,True,True,True,4950,True,4950,15,True,ARIMA_Fixed|AutoARIMA|ETS Explicit|ETS_Current|FNAR-V2|FixedGrowth_1_5|FixedGrowth_3|FixedGrowth_4|FixedGrowth_6|LightGBM|LinearRegression|NLIN-DLIN_FIXED|SMLP-TCN|Theta|XGBoost,True,732,342,
HDD|Organic|EDB|Enterprise|Forest::NAMPRD10,HDD|Organic|EDB|Enterprise|Forest,HDD EDB Enterprise,HDD,NAMPRD10,VIEWER_COMPLETE,True,True,True,4950,True,4950,15,True,ARIMA_Fixed|AutoARIMA|ETS Explicit|ETS_Current|FNAR-V2|FixedGrowth_1_5|FixedGrowth_3|FixedGrowth_4|FixedGrowth_6|LightGBM|LinearRegression|NLIN-DLIN_FIXED|SMLP-TCN|Theta|XGBoost,True,732,342,
HDD|Organic|EDB|Enterprise|Forest::NAMPRD11,HDD|Organic|EDB|Enterprise|Forest,HDD EDB Enterprise,HDD,NAMPRD11,VIEWER_COMPLETE,True,True,True,4950,True,4950,15,True,ARIMA_Fixed|AutoARIMA|ETS Explicit|ETS_Current|FNAR-V2|FixedGrowth_1_5|FixedGrowth_3|FixedGrowth_4|FixedGrowth_6|LightGBM|LinearRegression|NLIN-DLIN_FIXED|SMLP-TCN|Theta|XGBoost,True,732,342,
HDD|Organic|EDB|Enterprise|Forest::NAMPRD12,HDD|Organic|EDB|Enterprise|Forest,HDD EDB Enterprise,HDD,NAMPRD12,VIEWER_COMPLETE,True,True,True,4950,True,4950,15,True,ARIMA_Fixed|AutoARIMA|ETS Explicit|ETS_Current|FNAR-V2|FixedGrowth_1_5|FixedGrowth_3|FixedGrowth_4|FixedGrowth_6|LightGBM|LinearRegression|NLIN-DLIN_FIXED|SMLP-TCN|Theta|XGBoost,True,732,342,
HDD|Organic|EDB|Enterprise|Forest::NAMPRD13,HDD|Organic|EDB|Enterprise|Forest,HDD EDB Enterprise,HDD,NAMPRD13,VIEWER_COMPLETE,True,True,True,4950,True,4950,15,True,ARIMA_Fixed|AutoARIMA|ETS Explicit|ETS_Current|FNAR-V2|FixedGrowth_1_5|FixedGrowth_3|FixedGrowth_4|FixedGrowth_6|LightGBM|LinearRegression|NLIN-DLIN_FIXED|SMLP-TCN|Theta|XGBoost,True,732,342,
HDD|Organic|EDB|Enterprise|Forest::NAMPRD14,HDD|Organic|EDB|Enterprise|Forest,HDD EDB Enterprise,HDD,NAMPRD14,VIEWER_COMPLETE,True,True,True,4950,True,4950,15,True,ARIMA_Fixed|AutoARIMA|ETS Explicit|ETS_Current|FNAR-V2|FixedGrowth_1_5|FixedGrowth_3|FixedGrowth_4|FixedGrowth_6|LightGBM|LinearRegression|NLIN-DLIN_FIXED|SMLP-TCN|Theta|XGBoost,True,732,342,
HDD|Organic|EDB|Enterprise|Forest::NAMPRD15,HDD|Organic|EDB|Enterprise|Forest,HDD EDB Enterprise,HDD,NAMPRD15,VIEWER_COMPLETE,True,True,True,4950,True,4950,15,True,ARIMA_Fixed|AutoARIMA|ETS Explicit|ETS_Current|FNAR-V2|FixedGrowth_1_5|FixedGrowth_3|FixedGrowth_4|FixedGrowth_6|LightGBM|LinearRegression|NLIN-DLIN_FIXED|SMLP-TCN|Theta|XGBoost,True,732,342,
HDD|Organic|EDB|Enterprise|Forest::NAMPRD16,HDD|Organic|EDB|Enterprise|Forest,HDD EDB Enterprise,HDD,NAMPRD16,VIEWER_COMPLETE,True,True,True,4950,True,4950,15,True,ARIMA_Fixed|AutoARIMA|ETS Explicit|ETS_Current|FNAR-V2|FixedGrowth_1_5|FixedGrowth_3|FixedGrowth_4|FixedGrowth_6|LightGBM|LinearRegression|NLIN-DLIN_FIXED|SMLP-TCN|Theta|XGBoost,True,732,342,
HDD|Organic|EDB|Enterprise|Forest::NAMPRD17,HDD|Organic|EDB|Enterprise|Forest,HDD EDB Enterprise,HDD,NAMPRD17,VIEWER_COMPLETE,True,True,True,4950,True,4950,15,True,ARIMA_Fixed|AutoARIMA|ETS Explicit|ETS_Current|FNAR-V2|FixedGrowth_1_5|FixedGrowth_3|FixedGrowth_4|FixedGrowth_6|LightGBM|LinearRegression|NLIN-DLIN_FIXED|SMLP-TCN|Theta|XGBoost,True,732,342,
HDD|Organic|EDB|Enterprise|Forest::NAMPRD18,HDD|Organic|EDB|Enterprise|Forest,HDD EDB Enterprise,HDD,NAMPRD18,VIEWER_COMPLETE,True,True,True,4950,True,4950,15,True,ARIMA_Fixed|AutoARIMA|ETS Explicit|ETS_Current|FNAR-V2|FixedGrowth_1_5|FixedGrowth_3|FixedGrowth_4|FixedGrowth_6|LightGBM|LinearRegression|NLIN-DLIN_FIXED|SMLP-TCN|Theta|XGBoost,True,732,342,
HDD|Organic|EDB|Enterprise|Forest::NAMPRD19,HDD|Organic|EDB|Enterprise|Forest,HDD EDB Enterprise,HDD,NAMPRD19,VIEWER_COMPLETE,True,True,True,4950,True,4950,15,True,ARIMA_Fixed|AutoARIMA|ETS Explicit|ETS_Current|FNAR-V2|FixedGrowth_1_5|FixedGrowth_3|FixedGrowth_4|FixedGrowth_6|LightGBM|LinearRegression|NLIN-DLIN_FIXED|SMLP-TCN|Theta|XGBoost,True,732,342,
HDD|Organic|EDB|Enterprise|Forest::NAMPRD20,HDD|Organic|EDB|Enterprise|Forest,HDD EDB Enterprise,HDD,NAMPRD20,VIEWER_COMPLETE,True,True,True,4950,True,4950,15,True,ARIMA_Fixed|AutoARIMA|ETS Explicit|ETS_Current|FNAR-V2|FixedGrowth_1_5|FixedGrowth_3|FixedGrowth_4|FixedGrowth_6|LightGBM|LinearRegression|NLIN-DLIN_FIXED|SMLP-TCN|Theta|XGBoost,True,732,342,
HDD|Organic|EDB|Enterprise|Forest::NAMPRD21,HDD|Organic|EDB|Enterprise|Forest,HDD EDB Enterprise,HDD,NAMPRD21,VIEWER_COMPLETE,True,True,True,4950,True,4950,15,True,ARIMA_Fixed|AutoARIMA|ETS Explicit|ETS_Current|FNAR-V2|FixedGrowth_1_5|FixedGrowth_3|FixedGrowth_4|FixedGrowth_6|LightGBM|LinearRegression|NLIN-DLIN_FIXED|SMLP-TCN|Theta|XGBoost,True,732,342,
HDD|Organic|EDB|Enterprise|Forest::NAMPRD22,HDD|Organic|EDB|Enterprise|Forest,HDD EDB Enterprise,HDD,NAMPRD22,VIEWER_COMPLETE,True,True,True,4950,True,4950,15,True,ARIMA_Fixed|AutoARIMA|ETS Explicit|ETS_Current|FNAR-V2|FixedGrowth_1_5|FixedGrowth_3|FixedGrowth_4|FixedGrowth_6|LightGBM|LinearRegression|NLIN-DLIN_FIXED|SMLP-TCN|Theta|XGBoost,True,732,342,
HDD|Organic|EDB|Enterprise|Forest::NAMPRD84,HDD|Organic|EDB|Enterprise|Forest,HDD EDB Enterprise,HDD,NAMPRD84,VIEWER_COMPLETE,True,True,True,4950,True,4950,15,True,ARIMA_Fixed|AutoARIMA|ETS Explicit|ETS_Current|FNAR-V2|FixedGrowth_1_5|FixedGrowth_3|FixedGrowth_4|FixedGrowth_6|LightGBM|LinearRegression|NLIN-DLIN_FIXED|SMLP-TCN|Theta|XGBoost,True,732,342,
HDD|Organic|EDB|Enterprise|Forest::NAMPRD85,HDD|Organic|EDB|Enterprise|Forest,HDD EDB Enterprise,HDD,NAMPRD85,VIEWER_COMPLETE,True,True,True,4950,True,4950,15,True,ARIMA_Fixed|AutoARIMA|ETS Explicit|ETS_Current|FNAR-V2|FixedGrowth_1_5|FixedGrowth_3|FixedGrowth_4|FixedGrowth_6|LightGBM|LinearRegression|NLIN-DLIN_FIXED|SMLP-TCN|Theta|XGBoost,True,732,342,
HDD|Organic|EDB|Enterprise|Forest::NORP279,HDD|Organic|EDB|Enterprise|Forest,HDD EDB Enterprise,HDD,NORP279,VIEWER_COMPLETE,True,True,True,4950,True,4950,15,True,ARIMA_Fixed|AutoARIMA|ETS Explicit|ETS_Current|FNAR-V2|FixedGrowth_1_5|FixedGrowth_3|FixedGrowth_4|FixedGrowth_6|LightGBM|LinearRegression|NLIN-DLIN_FIXED|SMLP-TCN|Theta|XGBoost,True,732,342,
HDD|Organic|EDB|Enterprise|Forest::NZLP299,HDD|Organic|EDB|Enterprise|Forest,HDD EDB Enterprise,HDD,NZLP299,VIEWER_COMPLETE,True,True,True,4950,True,4950,15,True,ARIMA_Fixed|AutoARIMA|ETS Explicit|ETS_Current|FNAR-V2|FixedGrowth_1_5|FixedGrowth_3|FixedGrowth_4|FixedGrowth_6|LightGBM|LinearRegression|NLIN-DLIN_FIXED|SMLP-TCN|Theta|XGBoost,True,732,342,
HDD|Organic|EDB|Enterprise|Forest::POLP291,HDD|Organic|EDB|Enterprise|Forest,HDD EDB Enterprise,HDD,POLP291,VIEWER_COMPLETE,True,True,True,4950,True,4950,15,True,ARIMA_Fixed|AutoARIMA|ETS Explicit|ETS_Current|FNAR-V2|FixedGrowth_1_5|FixedGrowth_3|FixedGrowth_4|FixedGrowth_6|LightGBM|LinearRegression|NLIN-DLIN_FIXED|SMLP-TCN|Theta|XGBoost,True,732,342,
HDD|Organic|EDB|Enterprise|Forest::QATP289,HDD|Organic|EDB|Enterprise|Forest,HDD EDB Enterprise,HDD,QATP289,VIEWER_COMPLETE,True,True,True,4950,True,4950,15,True,ARIMA_Fixed|AutoARIMA|ETS Explicit|ETS_Current|FNAR-V2|FixedGrowth_1_5|FixedGrowth_3|FixedGrowth_4|FixedGrowth_6|LightGBM|LinearRegression|NLIN-DLIN_FIXED|SMLP-TCN|Theta|XGBoost,True,732,342,
HDD|Organic|EDB|Enterprise|Forest::SGPP274,HDD|Organic|EDB|Enterprise|Forest,HDD EDB Enterprise,HDD,SGPP274,VIEWER_COMPLETE,True,True,True,4950,True,4950,15,True,ARIMA_Fixed|AutoARIMA|ETS Explicit|ETS_Current|FNAR-V2|FixedGrowth_1_5|FixedGrowth_3|FixedGrowth_4|FixedGrowth_6|LightGBM|LinearRegression|NLIN-DLIN_FIXED|SMLP-TCN|Theta|XGBoost,True,732,342,
HDD|Organic|EDB|Enterprise|Forest::SWEP280,HDD|Organic|EDB|Enterprise|Forest,HDD EDB Enterprise,HDD,SWEP280,VIEWER_COMPLETE,True,True,True,4950,True,4950,15,True,ARIMA_Fixed|AutoARIMA|ETS Explicit|ETS_Current|FNAR-V2|FixedGrowth_1_5|FixedGrowth_3|FixedGrowth_4|FixedGrowth_6|LightGBM|LinearRegression|NLIN-DLIN_FIXED|SMLP-TCN|Theta|XGBoost,True,732,342,
HDD|Organic|EDB|Enterprise|Forest::TWNP295,HDD|Organic|EDB|Enterprise|Forest,HDD EDB Enterprise,HDD,TWNP295,VIEWER_COMPLETE,True,True,True,4950,True,4950,15,True,ARIMA_Fixed|AutoARIMA|ETS Explicit|ETS_Current|FNAR-V2|FixedGrowth_1_5|FixedGrowth_3|FixedGrowth_4|FixedGrowth_6|LightGBM|LinearRegression|NLIN-DLIN_FIXED|SMLP-TCN|Theta|XGBoost,True,732,342,
HDD|Organic|EDB|Enterprise|Forest::ZAFP275,HDD|Organic|EDB|Enterprise|Forest,HDD EDB Enterprise,HDD,ZAFP275,VIEWER_COMPLETE,True,True,True,4950,True,4950,15,True,ARIMA_Fixed|AutoARIMA|ETS Explicit|ETS_Current|FNAR-V2|FixedGrowth_1_5|FixedGrowth_3|FixedGrowth_4|FixedGrowth_6|LightGBM|LinearRegression|NLIN-DLIN_FIXED|SMLP-TCN|Theta|XGBoost,True,732,342,
HDD|Organic|EDB|Enterprise|Region::APC-Dedicated,HDD|Organic|EDB|Enterprise|Region,HDD EDB Enterprise,HDD,APC-Dedicated,VIEWER_COMPLETE,True,True,True,5400,True,5400,15,True,ARIMA_Fixed|AutoARIMA|ETS Explicit|ETS_Current|FNAR-V2|FixedGrowth_1_5|FixedGrowth_3|FixedGrowth_4|FixedGrowth_6|LightGBM|LinearRegression|NLIN-DLIN_FIXED|SMLP-TCN|Theta|XGBoost,True,732,341,
HDD|Organic|EDB|Enterprise|Region::APC-MSIT,HDD|Organic|EDB|Enterprise|Region,HDD EDB Enterprise,HDD,APC-MSIT,VIEWER_COMPLETE,True,True,True,5400,True,5400,15,True,ARIMA_Fixed|AutoARIMA|ETS Explicit|ETS_Current|FNAR-V2|FixedGrowth_1_5|FixedGrowth_3|FixedGrowth_4|FixedGrowth_6|LightGBM|LinearRegression|NLIN-DLIN_FIXED|SMLP-TCN|Theta|XGBoost,True,732,341,
HDD|Organic|EDB|Enterprise|Region::APC-Multitenant,HDD|Organic|EDB|Enterprise|Region,HDD EDB Enterprise,HDD,APC-Multitenant,VIEWER_COMPLETE,True,True,True,5400,True,5400,15,True,ARIMA_Fixed|AutoARIMA|ETS Explicit|ETS_Current|FNAR-V2|FixedGrowth_1_5|FixedGrowth_3|FixedGrowth_4|FixedGrowth_6|LightGBM|LinearRegression|NLIN-DLIN_FIXED|SMLP-TCN|Theta|XGBoost,True,732,341,
HDD|Organic|EDB|Enterprise|Region::ARE-Go Local,HDD|Organic|EDB|Enterprise|Region,HDD EDB Enterprise,HDD,ARE-Go Local,VIEWER_COMPLETE,True,True,True,5400,True,5400,15,True,ARIMA_Fixed|AutoARIMA|ETS Explicit|ETS_Current|FNAR-V2|FixedGrowth_1_5|FixedGrowth_3|FixedGrowth_4|FixedGrowth_6|LightGBM|LinearRegression|NLIN-DLIN_FIXED|SMLP-TCN|Theta|XGBoost,True,732,341,
HDD|Organic|EDB|Enterprise|Region::AUS-Go Local,HDD|Organic|EDB|Enterprise|Region,HDD EDB Enterprise,HDD,AUS-Go Local,VIEWER_COMPLETE,True,True,True,5400,True,5400,15,True,ARIMA_Fixed|AutoARIMA|ETS Explicit|ETS_Current|FNAR-V2|FixedGrowth_1_5|FixedGrowth_3|FixedGrowth_4|FixedGrowth_6|LightGBM|LinearRegression|NLIN-DLIN_FIXED|SMLP-TCN|Theta|XGBoost,True,732,341,
HDD|Organic|EDB|Enterprise|Region::AUT-Go Local,HDD|Organic|EDB|Enterprise|Region,HDD EDB Enterprise,HDD,AUT-Go Local,VIEWER_COMPLETE,True,True,True,4950,True,4950,15,True,ARIMA_Fixed|AutoARIMA|ETS Explicit|ETS_Current|FNAR-V2|FixedGrowth_1_5|FixedGrowth_3|FixedGrowth_4|FixedGrowth_6|LightGBM|LinearRegression|NLIN-DLIN_FIXED|SMLP-TCN|Theta|XGBoost,True,732,341,
HDD|Organic|EDB|Enterprise|Region::BRA-Go Local,HDD|Organic|EDB|Enterprise|Region,HDD EDB Enterprise,HDD,BRA-Go Local,VIEWER_COMPLETE,True,True,True,5400,True,5400,15,True,ARIMA_Fixed|AutoARIMA|ETS Explicit|ETS_Current|FNAR-V2|FixedGrowth_1_5|FixedGrowth_3|FixedGrowth_4|FixedGrowth_6|LightGBM|LinearRegression|NLIN-DLIN_FIXED|SMLP-TCN|Theta|XGBoost,True,732,341,
HDD|Organic|EDB|Enterprise|Region::CAN-Go Local,HDD|Organic|EDB|Enterprise|Region,HDD EDB Enterprise,HDD,CAN-Go Local,VIEWER_COMPLETE,True,True,True,5400,True,5400,15,True,ARIMA_Fixed|AutoARIMA|ETS Explicit|ETS_Current|FNAR-V2|FixedGrowth_1_5|FixedGrowth_3|FixedGrowth_4|FixedGrowth_6|LightGBM|LinearRegression|NLIN-DLIN_FIXED|SMLP-TCN|Theta|XGBoost,True,732,341,
HDD|Organic|EDB|Enterprise|Region::CHE-Go Local,HDD|Organic|EDB|Enterprise|Region,HDD EDB Enterprise,HDD,CHE-Go Local,VIEWER_COMPLETE,True,True,True,5400,True,5400,15,True,ARIMA_Fixed|AutoARIMA|ETS Explicit|ETS_Current|FNAR-V2|FixedGrowth_1_5|FixedGrowth_3|FixedGrowth_4|FixedGrowth_6|LightGBM|LinearRegression|NLIN-DLIN_FIXED|SMLP-TCN|Theta|XGBoost,True,732,341,
HDD|Organic|EDB|Enterprise|Region::CHL-Go Local,HDD|Organic|EDB|Enterprise|Region,HDD EDB Enterprise,HDD,CHL-Go Local,VIEWER_COMPLETE,True,True,True,4950,True,4950,15,True,ARIMA_Fixed|AutoARIMA|ETS Explicit|ETS_Current|FNAR-V2|FixedGrowth_1_5|FixedGrowth_3|FixedGrowth_4|FixedGrowth_6|LightGBM|LinearRegression|NLIN-DLIN_FIXED|SMLP-TCN|Theta|XGBoost,True,732,341,
HDD|Organic|EDB|Enterprise|Region::DEU-Go Local,HDD|Organic|EDB|Enterprise|Region,HDD EDB Enterprise,HDD,DEU-Go Local,VIEWER_COMPLETE,True,True,True,5400,True,5400,15,True,ARIMA_Fixed|AutoARIMA|ETS Explicit|ETS_Current|FNAR-V2|FixedGrowth_1_5|FixedGrowth_3|FixedGrowth_4|FixedGrowth_6|LightGBM|LinearRegression|NLIN-DLIN_FIXED|SMLP-TCN|Theta|XGBoost,True,732,341,
HDD|Organic|EDB|Enterprise|Region::DNK-Go Local,HDD|Organic|EDB|Enterprise|Region,HDD EDB Enterprise,HDD,DNK-Go Local,VIEWER_COMPLETE,True,True,True,4950,True,4950,15,True,ARIMA_Fixed|AutoARIMA|ETS Explicit|ETS_Current|FNAR-V2|FixedGrowth_1_5|FixedGrowth_3|FixedGrowth_4|FixedGrowth_6|LightGBM|LinearRegression|NLIN-DLIN_FIXED|SMLP-TCN|Theta|XGBoost,True,732,331,
HDD|Organic|EDB|Enterprise|Region::ESP-Go Local,HDD|Organic|EDB|Enterprise|Region,HDD EDB Enterprise,HDD,ESP-Go Local,VIEWER_COMPLETE,True,True,True,5400,True,5400,15,True,ARIMA_Fixed|AutoARIMA|ETS Explicit|ETS_Current|FNAR-V2|FixedGrowth_1_5|FixedGrowth_3|FixedGrowth_4|FixedGrowth_6|LightGBM|LinearRegression|NLIN-DLIN_FIXED|SMLP-TCN|Theta|XGBoost,True,732,341,
HDD|Organic|EDB|Enterprise|Region::EUR-Dedicated,HDD|Organic|EDB|Enterprise|Region,HDD EDB Enterprise,HDD,EUR-Dedicated,VIEWER_COMPLETE,True,True,True,5400,True,5400,15,True,ARIMA_Fixed|AutoARIMA|ETS Explicit|ETS_Current|FNAR-V2|FixedGrowth_1_5|FixedGrowth_3|FixedGrowth_4|FixedGrowth_6|LightGBM|LinearRegression|NLIN-DLIN_FIXED|SMLP-TCN|Theta|XGBoost,True,732,341,
HDD|Organic|EDB|Enterprise|Region::EUR-Go Local,HDD|Organic|EDB|Enterprise|Region,HDD EDB Enterprise,HDD,EUR-Go Local,VIEWER_COMPLETE,True,True,True,4950,True,4950,15,True,ARIMA_Fixed|AutoARIMA|ETS Explicit|ETS_Current|FNAR-V2|FixedGrowth_1_5|FixedGrowth_3|FixedGrowth_4|FixedGrowth_6|LightGBM|LinearRegression|NLIN-DLIN_FIXED|SMLP-TCN|Theta|XGBoost,True,732,275,
HDD|Organic|EDB|Enterprise|Region::EUR-MSIT,HDD|Organic|EDB|Enterprise|Region,HDD EDB Enterprise,HDD,EUR-MSIT,VIEWER_COMPLETE,True,True,True,5400,True,5400,15,True,ARIMA_Fixed|AutoARIMA|ETS Explicit|ETS_Current|FNAR-V2|FixedGrowth_1_5|FixedGrowth_3|FixedGrowth_4|FixedGrowth_6|LightGBM|LinearRegression|NLIN-DLIN_FIXED|SMLP-TCN|Theta|XGBoost,True,732,341,
HDD|Organic|EDB|Enterprise|Region::EUR-Multitenant,HDD|Organic|EDB|Enterprise|Region,HDD EDB Enterprise,HDD,EUR-Multitenant,VIEWER_COMPLETE,True,True,True,5400,True,5400,15,True,ARIMA_Fixed|AutoARIMA|ETS Explicit|ETS_Current|FNAR-V2|FixedGrowth_1_5|FixedGrowth_3|FixedGrowth_4|FixedGrowth_6|LightGBM|LinearRegression|NLIN-DLIN_FIXED|SMLP-TCN|Theta|XGBoost,True,732,341,
HDD|Organic|EDB|Enterprise|Region::FRA-Go Local,HDD|Organic|EDB|Enterprise|Region,HDD EDB Enterprise,HDD,FRA-Go Local,VIEWER_COMPLETE,True,True,True,5400,True,5400,15,True,ARIMA_Fixed|AutoARIMA|ETS Explicit|ETS_Current|FNAR-V2|FixedGrowth_1_5|FixedGrowth_3|FixedGrowth_4|FixedGrowth_6|LightGBM|LinearRegression|NLIN-DLIN_FIXED|SMLP-TCN|Theta|XGBoost,True,732,341,
HDD|Organic|EDB|Enterprise|Region::GBR-Dedicated,HDD|Organic|EDB|Enterprise|Region,HDD EDB Enterprise,HDD,GBR-Dedicated,VIEWER_COMPLETE,True,True,True,5400,True,5400,15,True,ARIMA_Fixed|AutoARIMA|ETS Explicit|ETS_Current|FNAR-V2|FixedGrowth_1_5|FixedGrowth_3|FixedGrowth_4|FixedGrowth_6|LightGBM|LinearRegression|NLIN-DLIN_FIXED|SMLP-TCN|Theta|XGBoost,True,732,341,
HDD|Organic|EDB|Enterprise|Region::GBR-Go Local,HDD|Organic|EDB|Enterprise|Region,HDD EDB Enterprise,HDD,GBR-Go Local,VIEWER_COMPLETE,True,True,True,5400,True,5400,15,True,ARIMA_Fixed|AutoARIMA|ETS Explicit|ETS_Current|FNAR-V2|FixedGrowth_1_5|FixedGrowth_3|FixedGrowth_4|FixedGrowth_6|LightGBM|LinearRegression|NLIN-DLIN_FIXED|SMLP-TCN|Theta|XGBoost,True,732,341,
HDD|Organic|EDB|Enterprise|Region::IDN-Go Local,HDD|Organic|EDB|Enterprise|Region,HDD EDB Enterprise,HDD,IDN-Go Local,VIEWER_COMPLETE,True,True,True,4950,True,4950,15,True,ARIMA_Fixed|AutoARIMA|ETS Explicit|ETS_Current|FNAR-V2|FixedGrowth_1_5|FixedGrowth_3|FixedGrowth_4|FixedGrowth_6|LightGBM|LinearRegression|NLIN-DLIN_FIXED|SMLP-TCN|Theta|XGBoost,True,732,341,
HDD|Organic|EDB|Enterprise|Region::IND-Go Local,HDD|Organic|EDB|Enterprise|Region,HDD EDB Enterprise,HDD,IND-Go Local,VIEWER_COMPLETE,True,True,True,5400,True,5400,15,True,ARIMA_Fixed|AutoARIMA|ETS Explicit|ETS_Current|FNAR-V2|FixedGrowth_1_5|FixedGrowth_3|FixedGrowth_4|FixedGrowth_6|LightGBM|LinearRegression|NLIN-DLIN_FIXED|SMLP-TCN|Theta|XGBoost,True,732,341,
HDD|Organic|EDB|Enterprise|Region::ISR-Go Local,HDD|Organic|EDB|Enterprise|Region,HDD EDB Enterprise,HDD,ISR-Go Local,VIEWER_COMPLETE,True,True,True,5400,True,5400,15,True,ARIMA_Fixed|AutoARIMA|ETS Explicit|ETS_Current|FNAR-V2|FixedGrowth_1_5|FixedGrowth_3|FixedGrowth_4|FixedGrowth_6|LightGBM|LinearRegression|NLIN-DLIN_FIXED|SMLP-TCN|Theta|XGBoost,True,732,341,
HDD|Organic|EDB|Enterprise|Region::ITA-Go Local,HDD|Organic|EDB|Enterprise|Region,HDD EDB Enterprise,HDD,ITA-Go Local,VIEWER_COMPLETE,True,True,True,5400,True,5400,15,True,ARIMA_Fixed|AutoARIMA|ETS Explicit|ETS_Current|FNAR-V2|FixedGrowth_1_5|FixedGrowth_3|FixedGrowth_4|FixedGrowth_6|LightGBM|LinearRegression|NLIN-DLIN_FIXED|SMLP-TCN|Theta|XGBoost,True,732,341,
HDD|Organic|EDB|Enterprise|Region::JPN-Go Local,HDD|Organic|EDB|Enterprise|Region,HDD EDB Enterprise,HDD,JPN-Go Local,VIEWER_COMPLETE,True,True,True,5400,True,5400,15,True,ARIMA_Fixed|AutoARIMA|ETS Explicit|ETS_Current|FNAR-V2|FixedGrowth_1_5|FixedGrowth_3|FixedGrowth_4|FixedGrowth_6|LightGBM|LinearRegression|NLIN-DLIN_FIXED|SMLP-TCN|Theta|XGBoost,True,732,341,
HDD|Organic|EDB|Enterprise|Region::KOR-Go Local,HDD|Organic|EDB|Enterprise|Region,HDD EDB Enterprise,HDD,KOR-Go Local,VIEWER_COMPLETE,True,True,True,5400,True,5400,15,True,ARIMA_Fixed|AutoARIMA|ETS Explicit|ETS_Current|FNAR-V2|FixedGrowth_1_5|FixedGrowth_3|FixedGrowth_4|FixedGrowth_6|LightGBM|LinearRegression|NLIN-DLIN_FIXED|SMLP-TCN|Theta|XGBoost,True,732,341,
HDD|Organic|EDB|Enterprise|Region::LAM-Multitenant,HDD|Organic|EDB|Enterprise|Region,HDD EDB Enterprise,HDD,LAM-Multitenant,VIEWER_COMPLETE,True,True,True,5400,True,5400,15,True,ARIMA_Fixed|AutoARIMA|ETS Explicit|ETS_Current|FNAR-V2|FixedGrowth_1_5|FixedGrowth_3|FixedGrowth_4|FixedGrowth_6|LightGBM|LinearRegression|NLIN-DLIN_FIXED|SMLP-TCN|Theta|XGBoost,True,732,341,
HDD|Organic|EDB|Enterprise|Region::MEX-Go Local,HDD|Organic|EDB|Enterprise|Region,HDD EDB Enterprise,HDD,MEX-Go Local,VIEWER_COMPLETE,True,True,True,5400,True,5400,15,True,ARIMA_Fixed|AutoARIMA|ETS Explicit|ETS_Current|FNAR-V2|FixedGrowth_1_5|FixedGrowth_3|FixedGrowth_4|FixedGrowth_6|LightGBM|LinearRegression|NLIN-DLIN_FIXED|SMLP-TCN|Theta|XGBoost,True,732,341,
HDD|Organic|EDB|Enterprise|Region::MYS-Go Local,HDD|Organic|EDB|Enterprise|Region,HDD EDB Enterprise,HDD,MYS-Go Local,VIEWER_COMPLETE,True,True,True,4950,True,4950,15,True,ARIMA_Fixed|AutoARIMA|ETS Explicit|ETS_Current|FNAR-V2|FixedGrowth_1_5|FixedGrowth_3|FixedGrowth_4|FixedGrowth_6|LightGBM|LinearRegression|NLIN-DLIN_FIXED|SMLP-TCN|Theta|XGBoost,True,732,341,
HDD|Organic|EDB|Enterprise|Region::NAM-Dedicated,HDD|Organic|EDB|Enterprise|Region,HDD EDB Enterprise,HDD,NAM-Dedicated,VIEWER_COMPLETE,True,True,True,5400,True,5400,15,True,ARIMA_Fixed|AutoARIMA|ETS Explicit|ETS_Current|FNAR-V2|FixedGrowth_1_5|FixedGrowth_3|FixedGrowth_4|FixedGrowth_6|LightGBM|LinearRegression|NLIN-DLIN_FIXED|SMLP-TCN|Theta|XGBoost,True,732,341,
HDD|Organic|EDB|Enterprise|Region::NAM-GCC Low,HDD|Organic|EDB|Enterprise|Region,HDD EDB Enterprise,HDD,NAM-GCC Low,VIEWER_COMPLETE,True,True,True,5400,True,5400,15,True,ARIMA_Fixed|AutoARIMA|ETS Explicit|ETS_Current|FNAR-V2|FixedGrowth_1_5|FixedGrowth_3|FixedGrowth_4|FixedGrowth_6|LightGBM|LinearRegression|NLIN-DLIN_FIXED|SMLP-TCN|Theta|XGBoost,True,732,341,
HDD|Organic|EDB|Enterprise|Region::NAM-ITAR DoD,HDD|Organic|EDB|Enterprise|Region,HDD EDB Enterprise,HDD,NAM-ITAR DoD,VIEWER_COMPLETE,True,True,True,5400,True,5400,15,True,ARIMA_Fixed|AutoARIMA|ETS Explicit|ETS_Current|FNAR-V2|FixedGrowth_1_5|FixedGrowth_3|FixedGrowth_4|FixedGrowth_6|LightGBM|LinearRegression|NLIN-DLIN_FIXED|SMLP-TCN|Theta|XGBoost,True,732,259,
HDD|Organic|EDB|Enterprise|Region::NAM-ITAR GCCH,HDD|Organic|EDB|Enterprise|Region,HDD EDB Enterprise,HDD,NAM-ITAR GCCH,VIEWER_COMPLETE,True,True,True,5400,True,5400,15,True,ARIMA_Fixed|AutoARIMA|ETS Explicit|ETS_Current|FNAR-V2|FixedGrowth_1_5|FixedGrowth_3|FixedGrowth_4|FixedGrowth_6|LightGBM|LinearRegression|NLIN-DLIN_FIXED|SMLP-TCN|Theta|XGBoost,True,732,259,
HDD|Organic|EDB|Enterprise|Region::NAM-MSIT,HDD|Organic|EDB|Enterprise|Region,HDD EDB Enterprise,HDD,NAM-MSIT,VIEWER_COMPLETE,True,True,True,5400,True,5400,15,True,ARIMA_Fixed|AutoARIMA|ETS Explicit|ETS_Current|FNAR-V2|FixedGrowth_1_5|FixedGrowth_3|FixedGrowth_4|FixedGrowth_6|LightGBM|LinearRegression|NLIN-DLIN_FIXED|SMLP-TCN|Theta|XGBoost,True,732,341,
HDD|Organic|EDB|Enterprise|Region::NAM-Multitenant,HDD|Organic|EDB|Enterprise|Region,HDD EDB Enterprise,HDD,NAM-Multitenant,VIEWER_COMPLETE,True,True,True,5400,True,5400,15,True,ARIMA_Fixed|AutoARIMA|ETS Explicit|ETS_Current|FNAR-V2|FixedGrowth_1_5|FixedGrowth_3|FixedGrowth_4|FixedGrowth_6|LightGBM|LinearRegression|NLIN-DLIN_FIXED|SMLP-TCN|Theta|XGBoost,True,732,341,
HDD|Organic|EDB|Enterprise|Region::NAM-SDF,HDD|Organic|EDB|Enterprise|Region,HDD EDB Enterprise,HDD,NAM-SDF,VIEWER_COMPLETE,True,True,True,5400,True,5400,15,True,ARIMA_Fixed|AutoARIMA|ETS Explicit|ETS_Current|FNAR-V2|FixedGrowth_1_5|FixedGrowth_3|FixedGrowth_4|FixedGrowth_6|LightGBM|LinearRegression|NLIN-DLIN_FIXED|SMLP-TCN|Theta|XGBoost,True,732,341,
HDD|Organic|EDB|Enterprise|Region::NAM-TDF,HDD|Organic|EDB|Enterprise|Region,HDD EDB Enterprise,HDD,NAM-TDF,VIEWER_COMPLETE,True,True,True,5400,True,5400,15,True,ARIMA_Fixed|AutoARIMA|ETS Explicit|ETS_Current|FNAR-V2|FixedGrowth_1_5|FixedGrowth_3|FixedGrowth_4|FixedGrowth_6|LightGBM|LinearRegression|NLIN-DLIN_FIXED|SMLP-TCN|Theta|XGBoost,True,732,341,
HDD|Organic|EDB|Enterprise|Region::NOR-Go Local,HDD|Organic|EDB|Enterprise|Region,HDD EDB Enterprise,HDD,NOR-Go Local,VIEWER_COMPLETE,True,True,True,5400,True,5400,15,True,ARIMA_Fixed|AutoARIMA|ETS Explicit|ETS_Current|FNAR-V2|FixedGrowth_1_5|FixedGrowth_3|FixedGrowth_4|FixedGrowth_6|LightGBM|LinearRegression|NLIN-DLIN_FIXED|SMLP-TCN|Theta|XGBoost,True,732,341,
HDD|Organic|EDB|Enterprise|Region::NZL-Go Local,HDD|Organic|EDB|Enterprise|Region,HDD EDB Enterprise,HDD,NZL-Go Local,VIEWER_COMPLETE,True,True,True,3150,True,3150,15,True,ARIMA_Fixed|AutoARIMA|ETS Explicit|ETS_Current|FNAR-V2|FixedGrowth_1_5|FixedGrowth_3|FixedGrowth_4|FixedGrowth_6|LightGBM|LinearRegression|NLIN-DLIN_FIXED|SMLP-TCN|Theta|XGBoost,True,732,341,
HDD|Organic|EDB|Enterprise|Region::POL-Go Local,HDD|Organic|EDB|Enterprise|Region,HDD EDB Enterprise,HDD,POL-Go Local,VIEWER_COMPLETE,True,True,True,5400,True,5400,15,True,ARIMA_Fixed|AutoARIMA|ETS Explicit|ETS_Current|FNAR-V2|FixedGrowth_1_5|FixedGrowth_3|FixedGrowth_4|FixedGrowth_6|LightGBM|LinearRegression|NLIN-DLIN_FIXED|SMLP-TCN|Theta|XGBoost,True,732,341,
HDD|Organic|EDB|Enterprise|Region::QAT-Go Local,HDD|Organic|EDB|Enterprise|Region,HDD EDB Enterprise,HDD,QAT-Go Local,VIEWER_COMPLETE,True,True,True,5400,True,5400,15,True,ARIMA_Fixed|AutoARIMA|ETS Explicit|ETS_Current|FNAR-V2|FixedGrowth_1_5|FixedGrowth_3|FixedGrowth_4|FixedGrowth_6|LightGBM|LinearRegression|NLIN-DLIN_FIXED|SMLP-TCN|Theta|XGBoost,True,732,341,
HDD|Organic|EDB|Enterprise|Region::SGP-Go Local,HDD|Organic|EDB|Enterprise|Region,HDD EDB Enterprise,HDD,SGP-Go Local,VIEWER_COMPLETE,True,True,True,4500,True,4500,15,True,ARIMA_Fixed|AutoARIMA|ETS Explicit|ETS_Current|FNAR-V2|FixedGrowth_1_5|FixedGrowth_3|FixedGrowth_4|FixedGrowth_6|LightGBM|LinearRegression|NLIN-DLIN_FIXED|SMLP-TCN|Theta|XGBoost,True,732,341,
HDD|Organic|EDB|Enterprise|Region::SWE-Go Local,HDD|Organic|EDB|Enterprise|Region,HDD EDB Enterprise,HDD,SWE-Go Local,VIEWER_COMPLETE,True,True,True,5400,True,5400,15,True,ARIMA_Fixed|AutoARIMA|ETS Explicit|ETS_Current|FNAR-V2|FixedGrowth_1_5|FixedGrowth_3|FixedGrowth_4|FixedGrowth_6|LightGBM|LinearRegression|NLIN-DLIN_FIXED|SMLP-TCN|Theta|XGBoost,True,732,341,
HDD|Organic|EDB|Enterprise|Region::TWN-Go Local,HDD|Organic|EDB|Enterprise|Region,HDD EDB Enterprise,HDD,TWN-Go Local,VIEWER_COMPLETE,True,True,True,3150,True,3150,15,True,ARIMA_Fixed|AutoARIMA|ETS Explicit|ETS_Current|FNAR-V2|FixedGrowth_1_5|FixedGrowth_3|FixedGrowth_4|FixedGrowth_6|LightGBM|LinearRegression|NLIN-DLIN_FIXED|SMLP-TCN|Theta|XGBoost,True,732,341,
HDD|Organic|EDB|Enterprise|Region::ZAF-Go Local,HDD|Organic|EDB|Enterprise|Region,HDD EDB Enterprise,HDD,ZAF-Go Local,VIEWER_COMPLETE,True,True,True,4500,True,4500,15,True,ARIMA_Fixed|AutoARIMA|ETS Explicit|ETS_Current|FNAR-V2|FixedGrowth_1_5|FixedGrowth_3|FixedGrowth_4|FixedGrowth_6|LightGBM|LinearRegression|NLIN-DLIN_FIXED|SMLP-TCN|Theta|XGBoost,True,732,341,
SSD|Phoenix|LEGACY_VARIANT|Low Volume No Efficiency|Forest::APCP150,SSD|Phoenix|LEGACY_VARIANT|Low Volume No Efficiency|Forest,SSD Phoenix Low Volume No Efficiency,SSD,APCP150,FORECAST_ONLY,False,True,False,0,False,0,0,False,,True,732,0,no observed actual values in the V6.17 Viewer artifact; no model backtest rows
SSD|Phoenix|LEGACY_VARIANT|Low Volume No Efficiency|Forest::APCPRD01,SSD|Phoenix|LEGACY_VARIANT|Low Volume No Efficiency|Forest,SSD Phoenix Low Volume No Efficiency,SSD,APCPRD01,FORECAST_ONLY,False,True,False,0,False,0,0,False,,True,732,0,no observed actual values in the V6.17 Viewer artifact; no model backtest rows
SSD|Phoenix|LEGACY_VARIANT|Low Volume No Efficiency|Forest::APCPRD02,SSD|Phoenix|LEGACY_VARIANT|Low Volume No Efficiency|Forest,SSD Phoenix Low Volume No Efficiency,SSD,APCPRD02,FORECAST_ONLY,False,True,False,0,False,0,0,False,,True,732,0,no observed actual values in the V6.17 Viewer artifact; no model backtest rows
SSD|Phoenix|LEGACY_VARIANT|Low Volume No Efficiency|Forest::APCPRD03,SSD|Phoenix|LEGACY_VARIANT|Low Volume No Efficiency|Forest,SSD Phoenix Low Volume No Efficiency,SSD,APCPRD03,FORECAST_ONLY,False,True,False,0,False,0,0,False,,True,732,0,no observed actual values in the V6.17 Viewer artifact; no model backtest rows
SSD|Phoenix|LEGACY_VARIANT|Low Volume No Efficiency|Forest::APCPRD04,SSD|Phoenix|LEGACY_VARIANT|Low Volume No Efficiency|Forest,SSD Phoenix Low Volume No Efficiency,SSD,APCPRD04,FORECAST_ONLY,False,True,False,0,False,0,0,False,,True,732,0,no observed actual values in the V6.17 Viewer artifact; no model backtest rows
SSD|Phoenix|LEGACY_VARIANT|Low Volume No Efficiency|Forest::APCPRD06,SSD|Phoenix|LEGACY_VARIANT|Low Volume No Efficiency|Forest,SSD Phoenix Low Volume No Efficiency,SSD,APCPRD06,FORECAST_ONLY,False,True,False,0,False,0,0,False,,True,732,0,no observed actual values in the V6.17 Viewer artifact; no model backtest rows
SSD|Phoenix|LEGACY_VARIANT|Low Volume No Efficiency|Forest::AREP273,SSD|Phoenix|LEGACY_VARIANT|Low Volume No Efficiency|Forest,SSD Phoenix Low Volume No Efficiency,SSD,AREP273,FORECAST_ONLY,False,True,False,0,False,0,0,False,,True,732,0,no observed actual values in the V6.17 Viewer artifact; no model backtest rows
SSD|Phoenix|LEGACY_VARIANT|Low Volume No Efficiency|Forest::AUSP282,SSD|Phoenix|LEGACY_VARIANT|Low Volume No Efficiency|Forest,SSD Phoenix Low Volume No Efficiency,SSD,AUSP282,FORECAST_ONLY,False,True,False,0,False,0,0,False,,True,732,0,no observed actual values in the V6.17 Viewer artifact; no model backtest rows
SSD|Phoenix|LEGACY_VARIANT|Low Volume No Efficiency|Forest::AUSP300,SSD|Phoenix|LEGACY_VARIANT|Low Volume No Efficiency|Forest,SSD Phoenix Low Volume No Efficiency,SSD,AUSP300,FORECAST_ONLY,False,True,False,0,False,0,0,False,,True,732,0,no observed actual values in the V6.17 Viewer artifact; no model backtest rows
SSD|Phoenix|LEGACY_VARIANT|Low Volume No Efficiency|Forest::AUSPRD01,SSD|Phoenix|LEGACY_VARIANT|Low Volume No Efficiency|Forest,SSD Phoenix Low Volume No Efficiency,SSD,AUSPRD01,FORECAST_ONLY,False,True,False,0,False,0,0,False,,True,732,0,no observed actual values in the V6.17 Viewer artifact; no model backtest rows
SSD|Phoenix|LEGACY_VARIANT|Low Volume No Efficiency|Forest::AUTP296,SSD|Phoenix|LEGACY_VARIANT|Low Volume No Efficiency|Forest,SSD Phoenix Low Volume No Efficiency,SSD,AUTP296,FORECAST_ONLY,False,True,False,0,False,0,0,False,,True,732,0,no observed actual values in the V6.17 Viewer artifact; no model backtest rows
SSD|Phoenix|LEGACY_VARIANT|Low Volume No Efficiency|Forest::BRAP284,SSD|Phoenix|LEGACY_VARIANT|Low Volume No Efficiency|Forest,SSD Phoenix Low Volume No Efficiency,SSD,BRAP284,FORECAST_ONLY,False,True,False,0,False,0,0,False,,True,732,0,no observed actual values in the V6.17 Viewer artifact; no model backtest rows
SSD|Phoenix|LEGACY_VARIANT|Low Volume No Efficiency|Forest::CANP288,SSD|Phoenix|LEGACY_VARIANT|Low Volume No Efficiency|Forest,SSD Phoenix Low Volume No Efficiency,SSD,CANP288,FORECAST_ONLY,False,True,False,0,False,0,0,False,,True,732,0,no observed actual values in the V6.17 Viewer artifact; no model backtest rows
SSD|Phoenix|LEGACY_VARIANT|Low Volume No Efficiency|Forest::CANPRD01,SSD|Phoenix|LEGACY_VARIANT|Low Volume No Efficiency|Forest,SSD Phoenix Low Volume No Efficiency,SSD,CANPRD01,FORECAST_ONLY,False,True,False,0,False,0,0,False,,True,732,0,no observed actual values in the V6.17 Viewer artifact; no model backtest rows
SSD|Phoenix|LEGACY_VARIANT|Low Volume No Efficiency|Forest::CHEP278,SSD|Phoenix|LEGACY_VARIANT|Low Volume No Efficiency|Forest,SSD Phoenix Low Volume No Efficiency,SSD,CHEP278,FORECAST_ONLY,False,True,False,0,False,0,0,False,,True,732,0,no observed actual values in the V6.17 Viewer artifact; no model backtest rows
SSD|Phoenix|LEGACY_VARIANT|Low Volume No Efficiency|Forest::CHLP298,SSD|Phoenix|LEGACY_VARIANT|Low Volume No Efficiency|Forest,SSD Phoenix Low Volume No Efficiency,SSD,CHLP298,FORECAST_ONLY,False,True,False,0,False,0,0,False,,True,732,0,no observed actual values in the V6.17 Viewer artifact; no model backtest rows
SSD|Phoenix|LEGACY_VARIANT|Low Volume No Efficiency|Forest::DEUP281,SSD|Phoenix|LEGACY_VARIANT|Low Volume No Efficiency|Forest,SSD Phoenix Low Volume No Efficiency,SSD,DEUP281,FORECAST_ONLY,False,True,False,0,False,0,0,False,,True,732,0,no observed actual values in the V6.17 Viewer artifact; no model backtest rows
SSD|Phoenix|LEGACY_VARIANT|Low Volume No Efficiency|Forest::DNKP307,SSD|Phoenix|LEGACY_VARIANT|Low Volume No Efficiency|Forest,SSD Phoenix Low Volume No Efficiency,SSD,DNKP307,FORECAST_ONLY,False,True,False,0,False,0,0,False,,True,732,0,no observed actual values in the V6.17 Viewer artifact; no model backtest rows
SSD|Phoenix|LEGACY_VARIANT|Low Volume No Efficiency|Forest::ESPP292,SSD|Phoenix|LEGACY_VARIANT|Low Volume No Efficiency|Forest,SSD Phoenix Low Volume No Efficiency,SSD,ESPP292,FORECAST_ONLY,False,True,False,0,False,0,0,False,,True,732,0,no observed actual values in the V6.17 Viewer artifact; no model backtest rows
SSD|Phoenix|LEGACY_VARIANT|Low Volume No Efficiency|Forest::EURP107,SSD|Phoenix|LEGACY_VARIANT|Low Volume No Efficiency|Forest,SSD Phoenix Low Volume No Efficiency,SSD,EURP107,FORECAST_ONLY,False,True,False,0,False,0,0,False,,True,732,0,no observed actual values in the V6.17 Viewer artifact; no model backtest rows
SSD|Phoenix|LEGACY_VARIANT|Low Volume No Efficiency|Forest::EURP119,SSD|Phoenix|LEGACY_VARIANT|Low Volume No Efficiency|Forest,SSD Phoenix Low Volume No Efficiency,SSD,EURP119,FORECAST_ONLY,False,True,False,0,False,0,0,False,,True,732,0,no observed actual values in the V6.17 Viewer artifact; no model backtest rows
SSD|Phoenix|LEGACY_VARIANT|Low Volume No Efficiency|Forest::EURP120,SSD|Phoenix|LEGACY_VARIANT|Low Volume No Efficiency|Forest,SSD Phoenix Low Volume No Efficiency,SSD,EURP120,FORECAST_ONLY,False,True,False,0,False,0,0,False,,True,732,0,no observed actual values in the V6.17 Viewer artifact; no model backtest rows
SSD|Phoenix|LEGACY_VARIANT|Low Volume No Efficiency|Forest::EURP121,SSD|Phoenix|LEGACY_VARIANT|Low Volume No Efficiency|Forest,SSD Phoenix Low Volume No Efficiency,SSD,EURP121,FORECAST_ONLY,False,True,False,0,False,0,0,False,,True,732,0,no observed actual values in the V6.17 Viewer artifact; no model backtest rows
SSD|Phoenix|LEGACY_VARIANT|Low Volume No Efficiency|Forest::EURP122,SSD|Phoenix|LEGACY_VARIANT|Low Volume No Efficiency|Forest,SSD Phoenix Low Volume No Efficiency,SSD,EURP122,FORECAST_ONLY,False,True,False,0,False,0,0,False,,True,732,0,no observed actual values in the V6.17 Viewer artifact; no model backtest rows
SSD|Phoenix|LEGACY_VARIANT|Low Volume No Efficiency|Forest::EURP137,SSD|Phoenix|LEGACY_VARIANT|Low Volume No Efficiency|Forest,SSD Phoenix Low Volume No Efficiency,SSD,EURP137,FORECAST_ONLY,False,True,False,0,False,0,0,False,,True,732,0,no observed actual values in the V6.17 Viewer artifact; no model backtest rows
SSD|Phoenix|LEGACY_VARIANT|Low Volume No Efficiency|Forest::EURP138,SSD|Phoenix|LEGACY_VARIANT|Low Volume No Efficiency|Forest,SSD Phoenix Low Volume No Efficiency,SSD,EURP138,FORECAST_ONLY,False,True,False,0,False,0,0,False,,True,732,0,no observed actual values in the V6.17 Viewer artifact; no model backtest rows
SSD|Phoenix|LEGACY_VARIANT|Low Volume No Efficiency|Forest::EURP174,SSD|Phoenix|LEGACY_VARIANT|Low Volume No Efficiency|Forest,SSD Phoenix Low Volume No Efficiency,SSD,EURP174,FORECAST_ONLY,False,True,False,0,False,0,0,False,,True,732,0,no observed actual values in the V6.17 Viewer artifact; no model backtest rows
SSD|Phoenix|LEGACY_VARIANT|Low Volume No Efficiency|Forest::EURP175,SSD|Phoenix|LEGACY_VARIANT|Low Volume No Efficiency|Forest,SSD Phoenix Low Volume No Efficiency,SSD,EURP175,FORECAST_ONLY,False,True,False,0,False,0,0,False,,True,732,0,no observed actual values in the V6.17 Viewer artifact; no model backtest rows
SSD|Phoenix|LEGACY_VARIANT|Low Volume No Efficiency|Forest::EURP176,SSD|Phoenix|LEGACY_VARIANT|Low Volume No Efficiency|Forest,SSD Phoenix Low Volume No Efficiency,SSD,EURP176,FORECAST_ONLY,False,True,False,0,False,0,0,False,,True,732,0,no observed actual values in the V6.17 Viewer artifact; no model backtest rows
SSD|Phoenix|LEGACY_VARIANT|Low Volume No Efficiency|Forest::EURP177,SSD|Phoenix|LEGACY_VARIANT|Low Volume No Efficiency|Forest,SSD Phoenix Low Volume No Efficiency,SSD,EURP177,FORECAST_ONLY,False,True,False,0,False,0,0,False,,True,732,0,no observed actual values in the V6.17 Viewer artifact; no model backtest rows
SSD|Phoenix|LEGACY_VARIANT|Low Volume No Efficiency|Forest::EURP178,SSD|Phoenix|LEGACY_VARIANT|Low Volume No Efficiency|Forest,SSD Phoenix Low Volume No Efficiency,SSD,EURP178,FORECAST_ONLY,False,True,False,0,False,0,0,False,,True,732,0,no observed actual values in the V6.17 Viewer artifact; no model backtest rows
SSD|Phoenix|LEGACY_VARIANT|Low Volume No Efficiency|Forest::EURP179,SSD|Phoenix|LEGACY_VARIANT|Low Volume No Efficiency|Forest,SSD Phoenix Low Volume No Efficiency,SSD,EURP179,FORECAST_ONLY,False,True,False,0,False,0,0,False,,True,732,0,no observed actual values in the V6.17 Viewer artifact; no model backtest rows
SSD|Phoenix|LEGACY_VARIANT|Low Volume No Efficiency|Forest::EURP180,SSD|Phoenix|LEGACY_VARIANT|Low Volume No Efficiency|Forest,SSD Phoenix Low Volume No Efficiency,SSD,EURP180,FORECAST_ONLY,False,True,False,0,False,0,0,False,,True,732,0,no observed actual values in the V6.17 Viewer artifact; no model backtest rows
SSD|Phoenix|LEGACY_VARIANT|Low Volume No Efficiency|Forest::EURP189,SSD|Phoenix|LEGACY_VARIANT|Low Volume No Efficiency|Forest,SSD Phoenix Low Volume No Efficiency,SSD,EURP189,FORECAST_ONLY,False,True,False,0,False,0,0,False,,True,732,0,no observed actual values in the V6.17 Viewer artifact; no model backtest rows
SSD|Phoenix|LEGACY_VARIANT|Low Volume No Efficiency|Forest::EURP190,SSD|Phoenix|LEGACY_VARIANT|Low Volume No Efficiency|Forest,SSD Phoenix Low Volume No Efficiency,SSD,EURP190,FORECAST_ONLY,False,True,False,0,False,0,0,False,,True,732,0,no observed actual values in the V6.17 Viewer artifact; no model backtest rows
SSD|Phoenix|LEGACY_VARIANT|Low Volume No Efficiency|Forest::EURP191,SSD|Phoenix|LEGACY_VARIANT|Low Volume No Efficiency|Forest,SSD Phoenix Low Volume No Efficiency,SSD,EURP191,FORECAST_ONLY,False,True,False,0,False,0,0,False,,True,732,0,no observed actual values in the V6.17 Viewer artifact; no model backtest rows
SSD|Phoenix|LEGACY_VARIANT|Low Volume No Efficiency|Forest::EURP192,SSD|Phoenix|LEGACY_VARIANT|Low Volume No Efficiency|Forest,SSD Phoenix Low Volume No Efficiency,SSD,EURP192,FORECAST_ONLY,False,True,False,0,False,0,0,False,,True,732,0,no observed actual values in the V6.17 Viewer artifact; no model backtest rows
SSD|Phoenix|LEGACY_VARIANT|Low Volume No Efficiency|Forest::EURP193,SSD|Phoenix|LEGACY_VARIANT|Low Volume No Efficiency|Forest,SSD Phoenix Low Volume No Efficiency,SSD,EURP193,FORECAST_ONLY,False,True,False,0,False,0,0,False,,True,732,0,no observed actual values in the V6.17 Viewer artifact; no model backtest rows
SSD|Phoenix|LEGACY_VARIANT|Low Volume No Efficiency|Forest::EURP194,SSD|Phoenix|LEGACY_VARIANT|Low Volume No Efficiency|Forest,SSD Phoenix Low Volume No Efficiency,SSD,EURP194,FORECAST_ONLY,False,True,False,0,False,0,0,False,,True,732,0,no observed actual values in the V6.17 Viewer artifact; no model backtest rows
SSD|Phoenix|LEGACY_VARIANT|Low Volume No Efficiency|Forest::EURP195,SSD|Phoenix|LEGACY_VARIANT|Low Volume No Efficiency|Forest,SSD Phoenix Low Volume No Efficiency,SSD,EURP195,FORECAST_ONLY,False,True,False,0,False,0,0,False,,True,732,0,no observed actual values in the V6.17 Viewer artifact; no model backtest rows
SSD|Phoenix|LEGACY_VARIANT|Low Volume No Efficiency|Forest::EURP250,SSD|Phoenix|LEGACY_VARIANT|Low Volume No Efficiency|Forest,SSD Phoenix Low Volume No Efficiency,SSD,EURP250,FORECAST_ONLY,False,True,False,0,False,0,0,False,,True,732,0,no observed actual values in the V6.17 Viewer artifact; no model backtest rows
SSD|Phoenix|LEGACY_VARIANT|Low Volume No Efficiency|Forest::EURP251,SSD|Phoenix|LEGACY_VARIANT|Low Volume No Efficiency|Forest,SSD Phoenix Low Volume No Efficiency,SSD,EURP251,FORECAST_ONLY,False,True,False,0,False,0,0,False,,True,732,0,no observed actual values in the V6.17 Viewer artifact; no model backtest rows
SSD|Phoenix|LEGACY_VARIANT|Low Volume No Efficiency|Forest::EURP309,SSD|Phoenix|LEGACY_VARIANT|Low Volume No Efficiency|Forest,SSD Phoenix Low Volume No Efficiency,SSD,EURP309,FORECAST_ONLY,False,True,False,0,False,0,0,False,,True,732,0,no observed actual values in the V6.17 Viewer artifact; no model backtest rows
SSD|Phoenix|LEGACY_VARIANT|Low Volume No Efficiency|Forest::EURPRD01,SSD|Phoenix|LEGACY_VARIANT|Low Volume No Efficiency|Forest,SSD Phoenix Low Volume No Efficiency,SSD,EURPRD01,FORECAST_ONLY,False,True,False,0,False,0,0,False,,True,732,0,no observed actual values in the V6.17 Viewer artifact; no model backtest rows
SSD|Phoenix|LEGACY_VARIANT|Low Volume No Efficiency|Forest::EURPRD02,SSD|Phoenix|LEGACY_VARIANT|Low Volume No Efficiency|Forest,SSD Phoenix Low Volume No Efficiency,SSD,EURPRD02,FORECAST_ONLY,False,True,False,0,False,0,0,False,,True,732,0,no observed actual values in the V6.17 Viewer artifact; no model backtest rows
SSD|Phoenix|LEGACY_VARIANT|Low Volume No Efficiency|Forest::EURPRD03,SSD|Phoenix|LEGACY_VARIANT|Low Volume No Efficiency|Forest,SSD Phoenix Low Volume No Efficiency,SSD,EURPRD03,FORECAST_ONLY,False,True,False,0,False,0,0,False,,True,732,0,no observed actual values in the V6.17 Viewer artifact; no model backtest rows
SSD|Phoenix|LEGACY_VARIANT|Low Volume No Efficiency|Forest::EURPRD04,SSD|Phoenix|LEGACY_VARIANT|Low Volume No Efficiency|Forest,SSD Phoenix Low Volume No Efficiency,SSD,EURPRD04,FORECAST_ONLY,False,True,False,0,False,0,0,False,,True,732,0,no observed actual values in the V6.17 Viewer artifact; no model backtest rows
SSD|Phoenix|LEGACY_VARIANT|Low Volume No Efficiency|Forest::EURPRD05,SSD|Phoenix|LEGACY_VARIANT|Low Volume No Efficiency|Forest,SSD Phoenix Low Volume No Efficiency,SSD,EURPRD05,FORECAST_ONLY,False,True,False,0,False,0,0,False,,True,732,0,no observed actual values in the V6.17 Viewer artifact; no model backtest rows
SSD|Phoenix|LEGACY_VARIANT|Low Volume No Efficiency|Forest::EURPRD06,SSD|Phoenix|LEGACY_VARIANT|Low Volume No Efficiency|Forest,SSD Phoenix Low Volume No Efficiency,SSD,EURPRD06,FORECAST_ONLY,False,True,False,0,False,0,0,False,,True,732,0,no observed actual values in the V6.17 Viewer artifact; no model backtest rows
SSD|Phoenix|LEGACY_VARIANT|Low Volume No Efficiency|Forest::EURPRD07,SSD|Phoenix|LEGACY_VARIANT|Low Volume No Efficiency|Forest,SSD Phoenix Low Volume No Efficiency,SSD,EURPRD07,FORECAST_ONLY,False,True,False,0,False,0,0,False,,True,732,0,no observed actual values in the V6.17 Viewer artifact; no model backtest rows
SSD|Phoenix|LEGACY_VARIANT|Low Volume No Efficiency|Forest::EURPRD08,SSD|Phoenix|LEGACY_VARIANT|Low Volume No Efficiency|Forest,SSD Phoenix Low Volume No Efficiency,SSD,EURPRD08,FORECAST_ONLY,False,True,False,0,False,0,0,False,,True,732,0,no observed actual values in the V6.17 Viewer artifact; no model backtest rows
SSD|Phoenix|LEGACY_VARIANT|Low Volume No Efficiency|Forest::EURPRD09,SSD|Phoenix|LEGACY_VARIANT|Low Volume No Efficiency|Forest,SSD Phoenix Low Volume No Efficiency,SSD,EURPRD09,FORECAST_ONLY,False,True,False,0,False,0,0,False,,True,732,0,no observed actual values in the V6.17 Viewer artifact; no model backtest rows
SSD|Phoenix|LEGACY_VARIANT|Low Volume No Efficiency|Forest::EURPRD10,SSD|Phoenix|LEGACY_VARIANT|Low Volume No Efficiency|Forest,SSD Phoenix Low Volume No Efficiency,SSD,EURPRD10,FORECAST_ONLY,False,True,False,0,False,0,0,False,,True,732,0,no observed actual values in the V6.17 Viewer artifact; no model backtest rows
SSD|Phoenix|LEGACY_VARIANT|Low Volume No Efficiency|Forest::FRAP264,SSD|Phoenix|LEGACY_VARIANT|Low Volume No Efficiency|Forest,SSD Phoenix Low Volume No Efficiency,SSD,FRAP264,FORECAST_ONLY,False,True,False,0,False,0,0,False,,True,732,0,no observed actual values in the V6.17 Viewer artifact; no model backtest rows
SSD|Phoenix|LEGACY_VARIANT|Low Volume No Efficiency|Forest::GBRP123,SSD|Phoenix|LEGACY_VARIANT|Low Volume No Efficiency|Forest,SSD Phoenix Low Volume No Efficiency,SSD,GBRP123,FORECAST_ONLY,False,True,False,0,False,0,0,False,,True,732,0,no observed actual values in the V6.17 Viewer artifact; no model backtest rows
SSD|Phoenix|LEGACY_VARIANT|Low Volume No Efficiency|Forest::GBRP265,SSD|Phoenix|LEGACY_VARIANT|Low Volume No Efficiency|Forest,SSD Phoenix Low Volume No Efficiency,SSD,GBRP265,FORECAST_ONLY,False,True,False,0,False,0,0,False,,True,732,0,no observed actual values in the V6.17 Viewer artifact; no model backtest rows
SSD|Phoenix|LEGACY_VARIANT|Low Volume No Efficiency|Forest::GBRP267,SSD|Phoenix|LEGACY_VARIANT|Low Volume No Efficiency|Forest,SSD Phoenix Low Volume No Efficiency,SSD,GBRP267,FORECAST_ONLY,False,True,False,0,False,0,0,False,,True,732,0,no observed actual values in the V6.17 Viewer artifact; no model backtest rows
SSD|Phoenix|LEGACY_VARIANT|Low Volume No Efficiency|Forest::GBRP302,SSD|Phoenix|LEGACY_VARIANT|Low Volume No Efficiency|Forest,SSD Phoenix Low Volume No Efficiency,SSD,GBRP302,FORECAST_ONLY,False,True,False,0,False,0,0,False,,True,732,0,no observed actual values in the V6.17 Viewer artifact; no model backtest rows
SSD|Phoenix|LEGACY_VARIANT|Low Volume No Efficiency|Forest::IDNP305,SSD|Phoenix|LEGACY_VARIANT|Low Volume No Efficiency|Forest,SSD Phoenix Low Volume No Efficiency,SSD,IDNP305,FORECAST_ONLY,False,True,False,0,False,0,0,False,,True,732,0,no observed actual values in the V6.17 Viewer artifact; no model backtest rows
SSD|Phoenix|LEGACY_VARIANT|Low Volume No Efficiency|Forest::INDP287,SSD|Phoenix|LEGACY_VARIANT|Low Volume No Efficiency|Forest,SSD Phoenix Low Volume No Efficiency,SSD,INDP287,FORECAST_ONLY,False,True,False,0,False,0,0,False,,True,732,0,no observed actual values in the V6.17 Viewer artifact; no model backtest rows
SSD|Phoenix|LEGACY_VARIANT|Low Volume No Efficiency|Forest::INDPRD01,SSD|Phoenix|LEGACY_VARIANT|Low Volume No Efficiency|Forest,SSD Phoenix Low Volume No Efficiency,SSD,INDPRD01,FORECAST_ONLY,False,True,False,0,False,0,0,False,,True,732,0,no observed actual values in the V6.17 Viewer artifact; no model backtest rows
SSD|Phoenix|LEGACY_VARIANT|Low Volume No Efficiency|Forest::ISRP290,SSD|Phoenix|LEGACY_VARIANT|Low Volume No Efficiency|Forest,SSD Phoenix Low Volume No Efficiency,SSD,ISRP290,FORECAST_ONLY,False,True,False,0,False,0,0,False,,True,732,0,no observed actual values in the V6.17 Viewer artifact; no model backtest rows
SSD|Phoenix|LEGACY_VARIANT|Low Volume No Efficiency|Forest::ITAP293,SSD|Phoenix|LEGACY_VARIANT|Low Volume No Efficiency|Forest,SSD Phoenix Low Volume No Efficiency,SSD,ITAP293,FORECAST_ONLY,False,True,False,0,False,0,0,False,,True,732,0,no observed actual values in the V6.17 Viewer artifact; no model backtest rows
SSD|Phoenix|LEGACY_VARIANT|Low Volume No Efficiency|Forest::JPNP286,SSD|Phoenix|LEGACY_VARIANT|Low Volume No Efficiency|Forest,SSD Phoenix Low Volume No Efficiency,SSD,JPNP286,FORECAST_ONLY,False,True,False,0,False,0,0,False,,True,732,0,no observed actual values in the V6.17 Viewer artifact; no model backtest rows
SSD|Phoenix|LEGACY_VARIANT|Low Volume No Efficiency|Forest::JPNP301,SSD|Phoenix|LEGACY_VARIANT|Low Volume No Efficiency|Forest,SSD Phoenix Low Volume No Efficiency,SSD,JPNP301,FORECAST_ONLY,False,True,False,0,False,0,0,False,,True,732,0,no observed actual values in the V6.17 Viewer artifact; no model backtest rows
SSD|Phoenix|LEGACY_VARIANT|Low Volume No Efficiency|Forest::JPNPRD01,SSD|Phoenix|LEGACY_VARIANT|Low Volume No Efficiency|Forest,SSD Phoenix Low Volume No Efficiency,SSD,JPNPRD01,FORECAST_ONLY,False,True,False,0,False,0,0,False,,True,732,0,no observed actual values in the V6.17 Viewer artifact; no model backtest rows
SSD|Phoenix|LEGACY_VARIANT|Low Volume No Efficiency|Forest::KORP216,SSD|Phoenix|LEGACY_VARIANT|Low Volume No Efficiency|Forest,SSD Phoenix Low Volume No Efficiency,SSD,KORP216,FORECAST_ONLY,False,True,False,0,False,0,0,False,,True,732,0,no observed actual values in the V6.17 Viewer artifact; no model backtest rows
SSD|Phoenix|LEGACY_VARIANT|Low Volume No Efficiency|Forest::LAMP152,SSD|Phoenix|LEGACY_VARIANT|Low Volume No Efficiency|Forest,SSD Phoenix Low Volume No Efficiency,SSD,LAMP152,FORECAST_ONLY,False,True,False,0,False,0,0,False,,True,732,0,no observed actual values in the V6.17 Viewer artifact; no model backtest rows
SSD|Phoenix|LEGACY_VARIANT|Low Volume No Efficiency|Forest::LAMP215,SSD|Phoenix|LEGACY_VARIANT|Low Volume No Efficiency|Forest,SSD Phoenix Low Volume No Efficiency,SSD,LAMP215,FORECAST_ONLY,False,True,False,0,False,0,0,False,,True,732,0,no observed actual values in the V6.17 Viewer artifact; no model backtest rows
SSD|Phoenix|LEGACY_VARIANT|Low Volume No Efficiency|Forest::LAMPRD80,SSD|Phoenix|LEGACY_VARIANT|Low Volume No Efficiency|Forest,SSD Phoenix Low Volume No Efficiency,SSD,LAMPRD80,FORECAST_ONLY,False,True,False,0,False,0,0,False,,True,732,0,no observed actual values in the V6.17 Viewer artifact; no model backtest rows
SSD|Phoenix|LEGACY_VARIANT|Low Volume No Efficiency|Forest::MEXP297,SSD|Phoenix|LEGACY_VARIANT|Low Volume No Efficiency|Forest,SSD Phoenix Low Volume No Efficiency,SSD,MEXP297,FORECAST_ONLY,False,True,False,0,False,0,0,False,,True,732,0,no observed actual values in the V6.17 Viewer artifact; no model backtest rows
SSD|Phoenix|LEGACY_VARIANT|Low Volume No Efficiency|Forest::MYSP306,SSD|Phoenix|LEGACY_VARIANT|Low Volume No Efficiency|Forest,SSD Phoenix Low Volume No Efficiency,SSD,MYSP306,FORECAST_ONLY,False,True,False,0,False,0,0,False,,True,732,0,no observed actual values in the V6.17 Viewer artifact; no model backtest rows
SSD|Phoenix|LEGACY_VARIANT|Low Volume No Efficiency|Forest::NAMP100,SSD|Phoenix|LEGACY_VARIANT|Low Volume No Efficiency|Forest,SSD Phoenix Low Volume No Efficiency,SSD,NAMP100,FORECAST_ONLY,False,True,False,0,False,0,0,False,,True,732,0,no observed actual values in the V6.17 Viewer artifact; no model backtest rows
SSD|Phoenix|LEGACY_VARIANT|Low Volume No Efficiency|Forest::NAMP101,SSD|Phoenix|LEGACY_VARIANT|Low Volume No Efficiency|Forest,SSD Phoenix Low Volume No Efficiency,SSD,NAMP101,FORECAST_ONLY,False,True,False,0,False,0,0,False,,True,732,0,no observed actual values in the V6.17 Viewer artifact; no model backtest rows
SSD|Phoenix|LEGACY_VARIANT|Low Volume No Efficiency|Forest::NAMP102,SSD|Phoenix|LEGACY_VARIANT|Low Volume No Efficiency|Forest,SSD Phoenix Low Volume No Efficiency,SSD,NAMP102,FORECAST_ONLY,False,True,False,0,False,0,0,False,,True,732,0,no observed actual values in the V6.17 Viewer artifact; no model backtest rows
SSD|Phoenix|LEGACY_VARIANT|Low Volume No Efficiency|Forest::NAMP103,SSD|Phoenix|LEGACY_VARIANT|Low Volume No Efficiency|Forest,SSD Phoenix Low Volume No Efficiency,SSD,NAMP103,FORECAST_ONLY,False,True,False,0,False,0,0,False,,True,732,0,no observed actual values in the V6.17 Viewer artifact; no model backtest rows
SSD|Phoenix|LEGACY_VARIANT|Low Volume No Efficiency|Forest::NAMP104,SSD|Phoenix|LEGACY_VARIANT|Low Volume No Efficiency|Forest,SSD Phoenix Low Volume No Efficiency,SSD,NAMP104,FORECAST_ONLY,False,True,False,0,False,0,0,False,,True,732,0,no observed actual values in the V6.17 Viewer artifact; no model backtest rows
SSD|Phoenix|LEGACY_VARIANT|Low Volume No Efficiency|Forest::NAMP105,SSD|Phoenix|LEGACY_VARIANT|Low Volume No Efficiency|Forest,SSD Phoenix Low Volume No Efficiency,SSD,NAMP105,FORECAST_ONLY,False,True,False,0,False,0,0,False,,True,732,0,no observed actual values in the V6.17 Viewer artifact; no model backtest rows
SSD|Phoenix|LEGACY_VARIANT|Low Volume No Efficiency|Forest::NAMP106,SSD|Phoenix|LEGACY_VARIANT|Low Volume No Efficiency|Forest,SSD Phoenix Low Volume No Efficiency,SSD,NAMP106,FORECAST_ONLY,False,True,False,0,False,0,0,False,,True,732,0,no observed actual values in the V6.17 Viewer artifact; no model backtest rows
SSD|Phoenix|LEGACY_VARIANT|Low Volume No Efficiency|Forest::NAMP108,SSD|Phoenix|LEGACY_VARIANT|Low Volume No Efficiency|Forest,SSD Phoenix Low Volume No Efficiency,SSD,NAMP108,FORECAST_ONLY,False,True,False,0,False,0,0,False,,True,732,0,no observed actual values in the V6.17 Viewer artifact; no model backtest rows
SSD|Phoenix|LEGACY_VARIANT|Low Volume No Efficiency|Forest::NAMP109,SSD|Phoenix|LEGACY_VARIANT|Low Volume No Efficiency|Forest,SSD Phoenix Low Volume No Efficiency,SSD,NAMP109,FORECAST_ONLY,False,True,False,0,False,0,0,False,,True,732,0,no observed actual values in the V6.17 Viewer artifact; no model backtest rows
SSD|Phoenix|LEGACY_VARIANT|Low Volume No Efficiency|Forest::NAMP113,SSD|Phoenix|LEGACY_VARIANT|Low Volume No Efficiency|Forest,SSD Phoenix Low Volume No Efficiency,SSD,NAMP113,FORECAST_ONLY,False,True,False,0,False,0,0,False,,True,732,0,no observed actual values in the V6.17 Viewer artifact; no model backtest rows
SSD|Phoenix|LEGACY_VARIANT|Low Volume No Efficiency|Forest::NAMP114,SSD|Phoenix|LEGACY_VARIANT|Low Volume No Efficiency|Forest,SSD Phoenix Low Volume No Efficiency,SSD,NAMP114,FORECAST_ONLY,False,True,False,0,False,0,0,False,,True,732,0,no observed actual values in the V6.17 Viewer artifact; no model backtest rows
SSD|Phoenix|LEGACY_VARIANT|Low Volume No Efficiency|Forest::NAMP115,SSD|Phoenix|LEGACY_VARIANT|Low Volume No Efficiency|Forest,SSD Phoenix Low Volume No Efficiency,SSD,NAMP115,FORECAST_ONLY,False,True,False,0,False,0,0,False,,True,732,0,no observed actual values in the V6.17 Viewer artifact; no model backtest rows
SSD|Phoenix|LEGACY_VARIANT|Low Volume No Efficiency|Forest::NAMP116,SSD|Phoenix|LEGACY_VARIANT|Low Volume No Efficiency|Forest,SSD Phoenix Low Volume No Efficiency,SSD,NAMP116,FORECAST_ONLY,False,True,False,0,False,0,0,False,,True,732,0,no observed actual values in the V6.17 Viewer artifact; no model backtest rows
SSD|Phoenix|LEGACY_VARIANT|Low Volume No Efficiency|Forest::NAMP118,SSD|Phoenix|LEGACY_VARIANT|Low Volume No Efficiency|Forest,SSD Phoenix Low Volume No Efficiency,SSD,NAMP118,FORECAST_ONLY,False,True,False,0,False,0,0,False,,True,732,0,no observed actual values in the V6.17 Viewer artifact; no model backtest rows
SSD|Phoenix|LEGACY_VARIANT|Low Volume No Efficiency|Forest::NAMP125,SSD|Phoenix|LEGACY_VARIANT|Low Volume No Efficiency|Forest,SSD Phoenix Low Volume No Efficiency,SSD,NAMP125,FORECAST_ONLY,False,True,False,0,False,0,0,False,,True,732,0,no observed actual values in the V6.17 Viewer artifact; no model backtest rows
SSD|Phoenix|LEGACY_VARIANT|Low Volume No Efficiency|Forest::NAMP126,SSD|Phoenix|LEGACY_VARIANT|Low Volume No Efficiency|Forest,SSD Phoenix Low Volume No Efficiency,SSD,NAMP126,FORECAST_ONLY,False,True,False,0,False,0,0,False,,True,732,0,no observed actual values in the V6.17 Viewer artifact; no model backtest rows
SSD|Phoenix|LEGACY_VARIANT|Low Volume No Efficiency|Forest::NAMP128,SSD|Phoenix|LEGACY_VARIANT|Low Volume No Efficiency|Forest,SSD Phoenix Low Volume No Efficiency,SSD,NAMP128,FORECAST_ONLY,False,True,False,0,False,0,0,False,,True,732,0,no observed actual values in the V6.17 Viewer artifact; no model backtest rows
SSD|Phoenix|LEGACY_VARIANT|Low Volume No Efficiency|Forest::NAMP129,SSD|Phoenix|LEGACY_VARIANT|Low Volume No Efficiency|Forest,SSD Phoenix Low Volume No Efficiency,SSD,NAMP129,FORECAST_ONLY,False,True,False,0,False,0,0,False,,True,732,0,no observed actual values in the V6.17 Viewer artifact; no model backtest rows
SSD|Phoenix|LEGACY_VARIANT|Low Volume No Efficiency|Forest::NAMP130,SSD|Phoenix|LEGACY_VARIANT|Low Volume No Efficiency|Forest,SSD Phoenix Low Volume No Efficiency,SSD,NAMP130,FORECAST_ONLY,False,True,False,0,False,0,0,False,,True,732,0,no observed actual values in the V6.17 Viewer artifact; no model backtest rows
SSD|Phoenix|LEGACY_VARIANT|Low Volume No Efficiency|Forest::NAMP131,SSD|Phoenix|LEGACY_VARIANT|Low Volume No Efficiency|Forest,SSD Phoenix Low Volume No Efficiency,SSD,NAMP131,FORECAST_ONLY,False,True,False,0,False,0,0,False,,True,732,0,no observed actual values in the V6.17 Viewer artifact; no model backtest rows
SSD|Phoenix|LEGACY_VARIANT|Low Volume No Efficiency|Forest::NAMP132,SSD|Phoenix|LEGACY_VARIANT|Low Volume No Efficiency|Forest,SSD Phoenix Low Volume No Efficiency,SSD,NAMP132,FORECAST_ONLY,False,True,False,0,False,0,0,False,,True,732,0,no observed actual values in the V6.17 Viewer artifact; no model backtest rows
SSD|Phoenix|LEGACY_VARIANT|Low Volume No Efficiency|Forest::NAMP133,SSD|Phoenix|LEGACY_VARIANT|Low Volume No Efficiency|Forest,SSD Phoenix Low Volume No Efficiency,SSD,NAMP133,FORECAST_ONLY,False,True,False,0,False,0,0,False,,True,732,0,no observed actual values in the V6.17 Viewer artifact; no model backtest rows
SSD|Phoenix|LEGACY_VARIANT|Low Volume No Efficiency|Forest::NAMP134,SSD|Phoenix|LEGACY_VARIANT|Low Volume No Efficiency|Forest,SSD Phoenix Low Volume No Efficiency,SSD,NAMP134,FORECAST_ONLY,False,True,False,0,False,0,0,False,,True,732,0,no observed actual values in the V6.17 Viewer artifact; no model backtest rows
SSD|Phoenix|LEGACY_VARIANT|Low Volume No Efficiency|Forest::NAMP135,SSD|Phoenix|LEGACY_VARIANT|Low Volume No Efficiency|Forest,SSD Phoenix Low Volume No Efficiency,SSD,NAMP135,FORECAST_ONLY,False,True,False,0,False,0,0,False,,True,732,0,no observed actual values in the V6.17 Viewer artifact; no model backtest rows
SSD|Phoenix|LEGACY_VARIANT|Low Volume No Efficiency|Forest::NAMP136,SSD|Phoenix|LEGACY_VARIANT|Low Volume No Efficiency|Forest,SSD Phoenix Low Volume No Efficiency,SSD,NAMP136,FORECAST_ONLY,False,True,False,0,False,0,0,False,,True,732,0,no observed actual values in the V6.17 Viewer artifact; no model backtest rows
SSD|Phoenix|LEGACY_VARIANT|Low Volume No Efficiency|Forest::NAMP154,SSD|Phoenix|LEGACY_VARIANT|Low Volume No Efficiency|Forest,SSD Phoenix Low Volume No Efficiency,SSD,NAMP154,FORECAST_ONLY,False,True,False,0,False,0,0,False,,True,732,0,no observed actual values in the V6.17 Viewer artifact; no model backtest rows
SSD|Phoenix|LEGACY_VARIANT|Low Volume No Efficiency|Forest::NAMP157,SSD|Phoenix|LEGACY_VARIANT|Low Volume No Efficiency|Forest,SSD Phoenix Low Volume No Efficiency,SSD,NAMP157,FORECAST_ONLY,False,True,False,0,False,0,0,False,,True,732,0,no observed actual values in the V6.17 Viewer artifact; no model backtest rows
SSD|Phoenix|LEGACY_VARIANT|Low Volume No Efficiency|Forest::NAMP158,SSD|Phoenix|LEGACY_VARIANT|Low Volume No Efficiency|Forest,SSD Phoenix Low Volume No Efficiency,SSD,NAMP158,FORECAST_ONLY,False,True,False,0,False,0,0,False,,True,732,0,no observed actual values in the V6.17 Viewer artifact; no model backtest rows
SSD|Phoenix|LEGACY_VARIANT|Low Volume No Efficiency|Forest::NAMP159,SSD|Phoenix|LEGACY_VARIANT|Low Volume No Efficiency|Forest,SSD Phoenix Low Volume No Efficiency,SSD,NAMP159,FORECAST_ONLY,False,True,False,0,False,0,0,False,,True,732,0,no observed actual values in the V6.17 Viewer artifact; no model backtest rows
SSD|Phoenix|LEGACY_VARIANT|Low Volume No Efficiency|Forest::NAMP161,SSD|Phoenix|LEGACY_VARIANT|Low Volume No Efficiency|Forest,SSD Phoenix Low Volume No Efficiency,SSD,NAMP161,FORECAST_ONLY,False,True,False,0,False,0,0,False,,True,732,0,no observed actual values in the V6.17 Viewer artifact; no model backtest rows
SSD|Phoenix|LEGACY_VARIANT|Low Volume No Efficiency|Forest::NAMP162,SSD|Phoenix|LEGACY_VARIANT|Low Volume No Efficiency|Forest,SSD Phoenix Low Volume No Efficiency,SSD,NAMP162,FORECAST_ONLY,False,True,False,0,False,0,0,False,,True,732,0,no observed actual values in the V6.17 Viewer artifact; no model backtest rows
SSD|Phoenix|LEGACY_VARIANT|Low Volume No Efficiency|Forest::NAMP163,SSD|Phoenix|LEGACY_VARIANT|Low Volume No Efficiency|Forest,SSD Phoenix Low Volume No Efficiency,SSD,NAMP163,FORECAST_ONLY,False,True,False,0,False,0,0,False,,True,732,0,no observed actual values in the V6.17 Viewer artifact; no model backtest rows
SSD|Phoenix|LEGACY_VARIANT|Low Volume No Efficiency|Forest::NAMP164,SSD|Phoenix|LEGACY_VARIANT|Low Volume No Efficiency|Forest,SSD Phoenix Low Volume No Efficiency,SSD,NAMP164,FORECAST_ONLY,False,True,False,0,False,0,0,False,,True,732,0,no observed actual values in the V6.17 Viewer artifact; no model backtest rows
SSD|Phoenix|LEGACY_VARIANT|Low Volume No Efficiency|Forest::NAMP166,SSD|Phoenix|LEGACY_VARIANT|Low Volume No Efficiency|Forest,SSD Phoenix Low Volume No Efficiency,SSD,NAMP166,FORECAST_ONLY,False,True,False,0,False,0,0,False,,True,732,0,no observed actual values in the V6.17 Viewer artifact; no model backtest rows
SSD|Phoenix|LEGACY_VARIANT|Low Volume No Efficiency|Forest::NAMP167,SSD|Phoenix|LEGACY_VARIANT|Low Volume No Efficiency|Forest,SSD Phoenix Low Volume No Efficiency,SSD,NAMP167,FORECAST_ONLY,False,True,False,0,False,0,0,False,,True,732,0,no observed actual values in the V6.17 Viewer artifact; no model backtest rows
SSD|Phoenix|LEGACY_VARIANT|Low Volume No Efficiency|Forest::NAMP169,SSD|Phoenix|LEGACY_VARIANT|Low Volume No Efficiency|Forest,SSD Phoenix Low Volume No Efficiency,SSD,NAMP169,FORECAST_ONLY,False,True,False,0,False,0,0,False,,True,732,0,no observed actual values in the V6.17 Viewer artifact; no model backtest rows
SSD|Phoenix|LEGACY_VARIANT|Low Volume No Efficiency|Forest::NAMP170,SSD|Phoenix|LEGACY_VARIANT|Low Volume No Efficiency|Forest,SSD Phoenix Low Volume No Efficiency,SSD,NAMP170,FORECAST_ONLY,False,True,False,0,False,0,0,False,,True,732,0,no observed actual values in the V6.17 Viewer artifact; no model backtest rows
SSD|Phoenix|LEGACY_VARIANT|Low Volume No Efficiency|Forest::NAMP171,SSD|Phoenix|LEGACY_VARIANT|Low Volume No Efficiency|Forest,SSD Phoenix Low Volume No Efficiency,SSD,NAMP171,FORECAST_ONLY,False,True,False,0,False,0,0,False,,True,732,0,no observed actual values in the V6.17 Viewer artifact; no model backtest rows
SSD|Phoenix|LEGACY_VARIANT|Low Volume No Efficiency|Forest::NAMP172,SSD|Phoenix|LEGACY_VARIANT|Low Volume No Efficiency|Forest,SSD Phoenix Low Volume No Efficiency,SSD,NAMP172,FORECAST_ONLY,False,True,False,0,False,0,0,False,,True,732,0,no observed actual values in the V6.17 Viewer artifact; no model backtest rows
SSD|Phoenix|LEGACY_VARIANT|Low Volume No Efficiency|Forest::NAMP173,SSD|Phoenix|LEGACY_VARIANT|Low Volume No Efficiency|Forest,SSD Phoenix Low Volume No Efficiency,SSD,NAMP173,FORECAST_ONLY,False,True,False,0,False,0,0,False,,True,732,0,no observed actual values in the V6.17 Viewer artifact; no model backtest rows
SSD|Phoenix|LEGACY_VARIANT|Low Volume No Efficiency|Forest::NAMP197,SSD|Phoenix|LEGACY_VARIANT|Low Volume No Efficiency|Forest,SSD Phoenix Low Volume No Efficiency,SSD,NAMP197,FORECAST_ONLY,False,True,False,0,False,0,0,False,,True,732,0,no observed actual values in the V6.17 Viewer artifact; no model backtest rows
SSD|Phoenix|LEGACY_VARIANT|Low Volume No Efficiency|Forest::NAMP220,SSD|Phoenix|LEGACY_VARIANT|Low Volume No Efficiency|Forest,SSD Phoenix Low Volume No Efficiency,SSD,NAMP220,FORECAST_ONLY,False,True,False,0,False,0,0,False,,True,732,0,no observed actual values in the V6.17 Viewer artifact; no model backtest rows
SSD|Phoenix|LEGACY_VARIANT|Low Volume No Efficiency|Forest::NAMP221,SSD|Phoenix|LEGACY_VARIANT|Low Volume No Efficiency|Forest,SSD Phoenix Low Volume No Efficiency,SSD,NAMP221,FORECAST_ONLY,False,True,False,0,False,0,0,False,,True,732,0,no observed actual values in the V6.17 Viewer artifact; no model backtest rows
SSD|Phoenix|LEGACY_VARIANT|Low Volume No Efficiency|Forest::NAMP222,SSD|Phoenix|LEGACY_VARIANT|Low Volume No Efficiency|Forest,SSD Phoenix Low Volume No Efficiency,SSD,NAMP222,FORECAST_ONLY,False,True,False,0,False,0,0,False,,True,732,0,no observed actual values in the V6.17 Viewer artifact; no model backtest rows
SSD|Phoenix|LEGACY_VARIANT|Low Volume No Efficiency|Forest::NAMP223,SSD|Phoenix|LEGACY_VARIANT|Low Volume No Efficiency|Forest,SSD Phoenix Low Volume No Efficiency,SSD,NAMP223,FORECAST_ONLY,False,True,False,0,False,0,0,False,,True,732,0,no observed actual values in the V6.17 Viewer artifact; no model backtest rows
SSD|Phoenix|LEGACY_VARIANT|Low Volume No Efficiency|Forest::NAMPRD01,SSD|Phoenix|LEGACY_VARIANT|Low Volume No Efficiency|Forest,SSD Phoenix Low Volume No Efficiency,SSD,NAMPRD01,FORECAST_ONLY,False,True,False,0,False,0,0,False,,True,732,0,no observed actual values in the V6.17 Viewer artifact; no model backtest rows
SSD|Phoenix|LEGACY_VARIANT|Low Volume No Efficiency|Forest::NAMPRD02,SSD|Phoenix|LEGACY_VARIANT|Low Volume No Efficiency|Forest,SSD Phoenix Low Volume No Efficiency,SSD,NAMPRD02,FORECAST_ONLY,False,True,False,0,False,0,0,False,,True,732,0,no observed actual values in the V6.17 Viewer artifact; no model backtest rows
SSD|Phoenix|LEGACY_VARIANT|Low Volume No Efficiency|Forest::NAMPRD03,SSD|Phoenix|LEGACY_VARIANT|Low Volume No Efficiency|Forest,SSD Phoenix Low Volume No Efficiency,SSD,NAMPRD03,FORECAST_ONLY,False,True,False,0,False,0,0,False,,True,732,0,no observed actual values in the V6.17 Viewer artifact; no model backtest rows
SSD|Phoenix|LEGACY_VARIANT|Low Volume No Efficiency|Forest::NAMPRD04,SSD|Phoenix|LEGACY_VARIANT|Low Volume No Efficiency|Forest,SSD Phoenix Low Volume No Efficiency,SSD,NAMPRD04,FORECAST_ONLY,False,True,False,0,False,0,0,False,,True,732,0,no observed actual values in the V6.17 Viewer artifact; no model backtest rows
SSD|Phoenix|LEGACY_VARIANT|Low Volume No Efficiency|Forest::NAMPRD05,SSD|Phoenix|LEGACY_VARIANT|Low Volume No Efficiency|Forest,SSD Phoenix Low Volume No Efficiency,SSD,NAMPRD05,FORECAST_ONLY,False,True,False,0,False,0,0,False,,True,732,0,no observed actual values in the V6.17 Viewer artifact; no model backtest rows
SSD|Phoenix|LEGACY_VARIANT|Low Volume No Efficiency|Forest::NAMPRD06,SSD|Phoenix|LEGACY_VARIANT|Low Volume No Efficiency|Forest,SSD Phoenix Low Volume No Efficiency,SSD,NAMPRD06,FORECAST_ONLY,False,True,False,0,False,0,0,False,,True,732,0,no observed actual values in the V6.17 Viewer artifact; no model backtest rows
SSD|Phoenix|LEGACY_VARIANT|Low Volume No Efficiency|Forest::NAMPRD07,SSD|Phoenix|LEGACY_VARIANT|Low Volume No Efficiency|Forest,SSD Phoenix Low Volume No Efficiency,SSD,NAMPRD07,FORECAST_ONLY,False,True,False,0,False,0,0,False,,True,732,0,no observed actual values in the V6.17 Viewer artifact; no model backtest rows
SSD|Phoenix|LEGACY_VARIANT|Low Volume No Efficiency|Forest::NAMPRD08,SSD|Phoenix|LEGACY_VARIANT|Low Volume No Efficiency|Forest,SSD Phoenix Low Volume No Efficiency,SSD,NAMPRD08,FORECAST_ONLY,False,True,False,0,False,0,0,False,,True,732,0,no observed actual values in the V6.17 Viewer artifact; no model backtest rows
SSD|Phoenix|LEGACY_VARIANT|Low Volume No Efficiency|Forest::NAMPRD10,SSD|Phoenix|LEGACY_VARIANT|Low Volume No Efficiency|Forest,SSD Phoenix Low Volume No Efficiency,SSD,NAMPRD10,FORECAST_ONLY,False,True,False,0,False,0,0,False,,True,732,0,no observed actual values in the V6.17 Viewer artifact; no model backtest rows
SSD|Phoenix|LEGACY_VARIANT|Low Volume No Efficiency|Forest::NAMPRD11,SSD|Phoenix|LEGACY_VARIANT|Low Volume No Efficiency|Forest,SSD Phoenix Low Volume No Efficiency,SSD,NAMPRD11,FORECAST_ONLY,False,True,False,0,False,0,0,False,,True,732,0,no observed actual values in the V6.17 Viewer artifact; no model backtest rows
SSD|Phoenix|LEGACY_VARIANT|Low Volume No Efficiency|Forest::NAMPRD12,SSD|Phoenix|LEGACY_VARIANT|Low Volume No Efficiency|Forest,SSD Phoenix Low Volume No Efficiency,SSD,NAMPRD12,FORECAST_ONLY,False,True,False,0,False,0,0,False,,True,732,0,no observed actual values in the V6.17 Viewer artifact; no model backtest rows
SSD|Phoenix|LEGACY_VARIANT|Low Volume No Efficiency|Forest::NAMPRD13,SSD|Phoenix|LEGACY_VARIANT|Low Volume No Efficiency|Forest,SSD Phoenix Low Volume No Efficiency,SSD,NAMPRD13,FORECAST_ONLY,False,True,False,0,False,0,0,False,,True,732,0,no observed actual values in the V6.17 Viewer artifact; no model backtest rows
SSD|Phoenix|LEGACY_VARIANT|Low Volume No Efficiency|Forest::NAMPRD14,SSD|Phoenix|LEGACY_VARIANT|Low Volume No Efficiency|Forest,SSD Phoenix Low Volume No Efficiency,SSD,NAMPRD14,FORECAST_ONLY,False,True,False,0,False,0,0,False,,True,732,0,no observed actual values in the V6.17 Viewer artifact; no model backtest rows
SSD|Phoenix|LEGACY_VARIANT|Low Volume No Efficiency|Forest::NAMPRD15,SSD|Phoenix|LEGACY_VARIANT|Low Volume No Efficiency|Forest,SSD Phoenix Low Volume No Efficiency,SSD,NAMPRD15,FORECAST_ONLY,False,True,False,0,False,0,0,False,,True,732,0,no observed actual values in the V6.17 Viewer artifact; no model backtest rows
SSD|Phoenix|LEGACY_VARIANT|Low Volume No Efficiency|Forest::NAMPRD16,SSD|Phoenix|LEGACY_VARIANT|Low Volume No Efficiency|Forest,SSD Phoenix Low Volume No Efficiency,SSD,NAMPRD16,FORECAST_ONLY,False,True,False,0,False,0,0,False,,True,732,0,no observed actual values in the V6.17 Viewer artifact; no model backtest rows
SSD|Phoenix|LEGACY_VARIANT|Low Volume No Efficiency|Forest::NAMPRD17,SSD|Phoenix|LEGACY_VARIANT|Low Volume No Efficiency|Forest,SSD Phoenix Low Volume No Efficiency,SSD,NAMPRD17,FORECAST_ONLY,False,True,False,0,False,0,0,False,,True,732,0,no observed actual values in the V6.17 Viewer artifact; no model backtest rows
SSD|Phoenix|LEGACY_VARIANT|Low Volume No Efficiency|Forest::NAMPRD18,SSD|Phoenix|LEGACY_VARIANT|Low Volume No Efficiency|Forest,SSD Phoenix Low Volume No Efficiency,SSD,NAMPRD18,FORECAST_ONLY,False,True,False,0,False,0,0,False,,True,732,0,no observed actual values in the V6.17 Viewer artifact; no model backtest rows
SSD|Phoenix|LEGACY_VARIANT|Low Volume No Efficiency|Forest::NAMPRD19,SSD|Phoenix|LEGACY_VARIANT|Low Volume No Efficiency|Forest,SSD Phoenix Low Volume No Efficiency,SSD,NAMPRD19,FORECAST_ONLY,False,True,False,0,False,0,0,False,,True,732,0,no observed actual values in the V6.17 Viewer artifact; no model backtest rows
SSD|Phoenix|LEGACY_VARIANT|Low Volume No Efficiency|Forest::NAMPRD20,SSD|Phoenix|LEGACY_VARIANT|Low Volume No Efficiency|Forest,SSD Phoenix Low Volume No Efficiency,SSD,NAMPRD20,FORECAST_ONLY,False,True,False,0,False,0,0,False,,True,732,0,no observed actual values in the V6.17 Viewer artifact; no model backtest rows
SSD|Phoenix|LEGACY_VARIANT|Low Volume No Efficiency|Forest::NAMPRD22,SSD|Phoenix|LEGACY_VARIANT|Low Volume No Efficiency|Forest,SSD Phoenix Low Volume No Efficiency,SSD,NAMPRD22,FORECAST_ONLY,False,True,False,0,False,0,0,False,,True,732,0,no observed actual values in the V6.17 Viewer artifact; no model backtest rows
SSD|Phoenix|LEGACY_VARIANT|Low Volume No Efficiency|Forest::NAMPRD84,SSD|Phoenix|LEGACY_VARIANT|Low Volume No Efficiency|Forest,SSD Phoenix Low Volume No Efficiency,SSD,NAMPRD84,FORECAST_ONLY,False,True,False,0,False,0,0,False,,True,732,0,no observed actual values in the V6.17 Viewer artifact; no model backtest rows
SSD|Phoenix|LEGACY_VARIANT|Low Volume No Efficiency|Forest::NAMPRD85,SSD|Phoenix|LEGACY_VARIANT|Low Volume No Efficiency|Forest,SSD Phoenix Low Volume No Efficiency,SSD,NAMPRD85,FORECAST_ONLY,False,True,False,0,False,0,0,False,,True,732,0,no observed actual values in the V6.17 Viewer artifact; no model backtest rows
SSD|Phoenix|LEGACY_VARIANT|Low Volume No Efficiency|Forest::NORP279,SSD|Phoenix|LEGACY_VARIANT|Low Volume No Efficiency|Forest,SSD Phoenix Low Volume No Efficiency,SSD,NORP279,FORECAST_ONLY,False,True,False,0,False,0,0,False,,True,732,0,no observed actual values in the V6.17 Viewer artifact; no model backtest rows
SSD|Phoenix|LEGACY_VARIANT|Low Volume No Efficiency|Forest::NZLP299,SSD|Phoenix|LEGACY_VARIANT|Low Volume No Efficiency|Forest,SSD Phoenix Low Volume No Efficiency,SSD,NZLP299,FORECAST_ONLY,False,True,False,0,False,0,0,False,,True,732,0,no observed actual values in the V6.17 Viewer artifact; no model backtest rows
SSD|Phoenix|LEGACY_VARIANT|Low Volume No Efficiency|Forest::POLP291,SSD|Phoenix|LEGACY_VARIANT|Low Volume No Efficiency|Forest,SSD Phoenix Low Volume No Efficiency,SSD,POLP291,FORECAST_ONLY,False,True,False,0,False,0,0,False,,True,732,0,no observed actual values in the V6.17 Viewer artifact; no model backtest rows
SSD|Phoenix|LEGACY_VARIANT|Low Volume No Efficiency|Forest::QATP289,SSD|Phoenix|LEGACY_VARIANT|Low Volume No Efficiency|Forest,SSD Phoenix Low Volume No Efficiency,SSD,QATP289,FORECAST_ONLY,False,True,False,0,False,0,0,False,,True,732,0,no observed actual values in the V6.17 Viewer artifact; no model backtest rows
SSD|Phoenix|LEGACY_VARIANT|Low Volume No Efficiency|Forest::SGPP274,SSD|Phoenix|LEGACY_VARIANT|Low Volume No Efficiency|Forest,SSD Phoenix Low Volume No Efficiency,SSD,SGPP274,FORECAST_ONLY,False,True,False,0,False,0,0,False,,True,732,0,no observed actual values in the V6.17 Viewer artifact; no model backtest rows
SSD|Phoenix|LEGACY_VARIANT|Low Volume No Efficiency|Forest::SWEP280,SSD|Phoenix|LEGACY_VARIANT|Low Volume No Efficiency|Forest,SSD Phoenix Low Volume No Efficiency,SSD,SWEP280,FORECAST_ONLY,False,True,False,0,False,0,0,False,,True,732,0,no observed actual values in the V6.17 Viewer artifact; no model backtest rows
SSD|Phoenix|LEGACY_VARIANT|Low Volume No Efficiency|Forest::TWNP295,SSD|Phoenix|LEGACY_VARIANT|Low Volume No Efficiency|Forest,SSD Phoenix Low Volume No Efficiency,SSD,TWNP295,FORECAST_ONLY,False,True,False,0,False,0,0,False,,True,732,0,no observed actual values in the V6.17 Viewer artifact; no model backtest rows
SSD|Phoenix|LEGACY_VARIANT|Low Volume No Efficiency|Forest::ZAFP275,SSD|Phoenix|LEGACY_VARIANT|Low Volume No Efficiency|Forest,SSD Phoenix Low Volume No Efficiency,SSD,ZAFP275,FORECAST_ONLY,False,True,False,0,False,0,0,False,,True,732,0,no observed actual values in the V6.17 Viewer artifact; no model backtest rows
SSD|Phoenix|LEGACY_VARIANT|Low Volume With Efficiency|Forest::APCP150,SSD|Phoenix|LEGACY_VARIANT|Low Volume With Efficiency|Forest,SSD Phoenix Low Volume With Efficiency,SSD,APCP150,FORECAST_ONLY,False,True,False,0,False,0,0,False,,True,732,0,no observed actual values in the V6.17 Viewer artifact; no model backtest rows
SSD|Phoenix|LEGACY_VARIANT|Low Volume With Efficiency|Forest::APCPRD01,SSD|Phoenix|LEGACY_VARIANT|Low Volume With Efficiency|Forest,SSD Phoenix Low Volume With Efficiency,SSD,APCPRD01,FORECAST_ONLY,False,True,False,0,False,0,0,False,,True,732,0,no observed actual values in the V6.17 Viewer artifact; no model backtest rows
SSD|Phoenix|LEGACY_VARIANT|Low Volume With Efficiency|Forest::APCPRD02,SSD|Phoenix|LEGACY_VARIANT|Low Volume With Efficiency|Forest,SSD Phoenix Low Volume With Efficiency,SSD,APCPRD02,FORECAST_ONLY,False,True,False,0,False,0,0,False,,True,732,0,no observed actual values in the V6.17 Viewer artifact; no model backtest rows
SSD|Phoenix|LEGACY_VARIANT|Low Volume With Efficiency|Forest::APCPRD03,SSD|Phoenix|LEGACY_VARIANT|Low Volume With Efficiency|Forest,SSD Phoenix Low Volume With Efficiency,SSD,APCPRD03,FORECAST_ONLY,False,True,False,0,False,0,0,False,,True,732,0,no observed actual values in the V6.17 Viewer artifact; no model backtest rows
SSD|Phoenix|LEGACY_VARIANT|Low Volume With Efficiency|Forest::APCPRD04,SSD|Phoenix|LEGACY_VARIANT|Low Volume With Efficiency|Forest,SSD Phoenix Low Volume With Efficiency,SSD,APCPRD04,FORECAST_ONLY,False,True,False,0,False,0,0,False,,True,732,0,no observed actual values in the V6.17 Viewer artifact; no model backtest rows
SSD|Phoenix|LEGACY_VARIANT|Low Volume With Efficiency|Forest::APCPRD06,SSD|Phoenix|LEGACY_VARIANT|Low Volume With Efficiency|Forest,SSD Phoenix Low Volume With Efficiency,SSD,APCPRD06,FORECAST_ONLY,False,True,False,0,False,0,0,False,,True,732,0,no observed actual values in the V6.17 Viewer artifact; no model backtest rows
SSD|Phoenix|LEGACY_VARIANT|Low Volume With Efficiency|Forest::AREP273,SSD|Phoenix|LEGACY_VARIANT|Low Volume With Efficiency|Forest,SSD Phoenix Low Volume With Efficiency,SSD,AREP273,FORECAST_ONLY,False,True,False,0,False,0,0,False,,True,732,0,no observed actual values in the V6.17 Viewer artifact; no model backtest rows
SSD|Phoenix|LEGACY_VARIANT|Low Volume With Efficiency|Forest::AUSP282,SSD|Phoenix|LEGACY_VARIANT|Low Volume With Efficiency|Forest,SSD Phoenix Low Volume With Efficiency,SSD,AUSP282,FORECAST_ONLY,False,True,False,0,False,0,0,False,,True,732,0,no observed actual values in the V6.17 Viewer artifact; no model backtest rows
SSD|Phoenix|LEGACY_VARIANT|Low Volume With Efficiency|Forest::AUSP300,SSD|Phoenix|LEGACY_VARIANT|Low Volume With Efficiency|Forest,SSD Phoenix Low Volume With Efficiency,SSD,AUSP300,FORECAST_ONLY,False,True,False,0,False,0,0,False,,True,732,0,no observed actual values in the V6.17 Viewer artifact; no model backtest rows
SSD|Phoenix|LEGACY_VARIANT|Low Volume With Efficiency|Forest::AUSPRD01,SSD|Phoenix|LEGACY_VARIANT|Low Volume With Efficiency|Forest,SSD Phoenix Low Volume With Efficiency,SSD,AUSPRD01,FORECAST_ONLY,False,True,False,0,False,0,0,False,,True,732,0,no observed actual values in the V6.17 Viewer artifact; no model backtest rows
SSD|Phoenix|LEGACY_VARIANT|Low Volume With Efficiency|Forest::AUTP296,SSD|Phoenix|LEGACY_VARIANT|Low Volume With Efficiency|Forest,SSD Phoenix Low Volume With Efficiency,SSD,AUTP296,FORECAST_ONLY,False,True,False,0,False,0,0,False,,True,732,0,no observed actual values in the V6.17 Viewer artifact; no model backtest rows
SSD|Phoenix|LEGACY_VARIANT|Low Volume With Efficiency|Forest::BRAP284,SSD|Phoenix|LEGACY_VARIANT|Low Volume With Efficiency|Forest,SSD Phoenix Low Volume With Efficiency,SSD,BRAP284,FORECAST_ONLY,False,True,False,0,False,0,0,False,,True,732,0,no observed actual values in the V6.17 Viewer artifact; no model backtest rows
SSD|Phoenix|LEGACY_VARIANT|Low Volume With Efficiency|Forest::CANP288,SSD|Phoenix|LEGACY_VARIANT|Low Volume With Efficiency|Forest,SSD Phoenix Low Volume With Efficiency,SSD,CANP288,FORECAST_ONLY,False,True,False,0,False,0,0,False,,True,732,0,no observed actual values in the V6.17 Viewer artifact; no model backtest rows
SSD|Phoenix|LEGACY_VARIANT|Low Volume With Efficiency|Forest::CANPRD01,SSD|Phoenix|LEGACY_VARIANT|Low Volume With Efficiency|Forest,SSD Phoenix Low Volume With Efficiency,SSD,CANPRD01,FORECAST_ONLY,False,True,False,0,False,0,0,False,,True,732,0,no observed actual values in the V6.17 Viewer artifact; no model backtest rows
SSD|Phoenix|LEGACY_VARIANT|Low Volume With Efficiency|Forest::CHEP278,SSD|Phoenix|LEGACY_VARIANT|Low Volume With Efficiency|Forest,SSD Phoenix Low Volume With Efficiency,SSD,CHEP278,FORECAST_ONLY,False,True,False,0,False,0,0,False,,True,732,0,no observed actual values in the V6.17 Viewer artifact; no model backtest rows
SSD|Phoenix|LEGACY_VARIANT|Low Volume With Efficiency|Forest::CHLP298,SSD|Phoenix|LEGACY_VARIANT|Low Volume With Efficiency|Forest,SSD Phoenix Low Volume With Efficiency,SSD,CHLP298,FORECAST_ONLY,False,True,False,0,False,0,0,False,,True,732,0,no observed actual values in the V6.17 Viewer artifact; no model backtest rows
SSD|Phoenix|LEGACY_VARIANT|Low Volume With Efficiency|Forest::CHNPR01,SSD|Phoenix|LEGACY_VARIANT|Low Volume With Efficiency|Forest,SSD Phoenix Low Volume With Efficiency,SSD,CHNPR01,FORECAST_ONLY,False,True,False,0,False,0,0,False,,True,732,0,no observed actual values in the V6.17 Viewer artifact; no model backtest rows
SSD|Phoenix|LEGACY_VARIANT|Low Volume With Efficiency|Forest::DEUP281,SSD|Phoenix|LEGACY_VARIANT|Low Volume With Efficiency|Forest,SSD Phoenix Low Volume With Efficiency,SSD,DEUP281,FORECAST_ONLY,False,True,False,0,False,0,0,False,,True,732,0,no observed actual values in the V6.17 Viewer artifact; no model backtest rows
SSD|Phoenix|LEGACY_VARIANT|Low Volume With Efficiency|Forest::DNKP307,SSD|Phoenix|LEGACY_VARIANT|Low Volume With Efficiency|Forest,SSD Phoenix Low Volume With Efficiency,SSD,DNKP307,FORECAST_ONLY,False,True,False,0,False,0,0,False,,True,732,0,no observed actual values in the V6.17 Viewer artifact; no model backtest rows
SSD|Phoenix|LEGACY_VARIANT|Low Volume With Efficiency|Forest::ESPP292,SSD|Phoenix|LEGACY_VARIANT|Low Volume With Efficiency|Forest,SSD Phoenix Low Volume With Efficiency,SSD,ESPP292,FORECAST_ONLY,False,True,False,0,False,0,0,False,,True,732,0,no observed actual values in the V6.17 Viewer artifact; no model backtest rows
SSD|Phoenix|LEGACY_VARIANT|Low Volume With Efficiency|Forest::EURP107,SSD|Phoenix|LEGACY_VARIANT|Low Volume With Efficiency|Forest,SSD Phoenix Low Volume With Efficiency,SSD,EURP107,FORECAST_ONLY,False,True,False,0,False,0,0,False,,True,732,0,no observed actual values in the V6.17 Viewer artifact; no model backtest rows
SSD|Phoenix|LEGACY_VARIANT|Low Volume With Efficiency|Forest::EURP119,SSD|Phoenix|LEGACY_VARIANT|Low Volume With Efficiency|Forest,SSD Phoenix Low Volume With Efficiency,SSD,EURP119,FORECAST_ONLY,False,True,False,0,False,0,0,False,,True,732,0,no observed actual values in the V6.17 Viewer artifact; no model backtest rows
SSD|Phoenix|LEGACY_VARIANT|Low Volume With Efficiency|Forest::EURP120,SSD|Phoenix|LEGACY_VARIANT|Low Volume With Efficiency|Forest,SSD Phoenix Low Volume With Efficiency,SSD,EURP120,FORECAST_ONLY,False,True,False,0,False,0,0,False,,True,732,0,no observed actual values in the V6.17 Viewer artifact; no model backtest rows
SSD|Phoenix|LEGACY_VARIANT|Low Volume With Efficiency|Forest::EURP121,SSD|Phoenix|LEGACY_VARIANT|Low Volume With Efficiency|Forest,SSD Phoenix Low Volume With Efficiency,SSD,EURP121,FORECAST_ONLY,False,True,False,0,False,0,0,False,,True,732,0,no observed actual values in the V6.17 Viewer artifact; no model backtest rows
SSD|Phoenix|LEGACY_VARIANT|Low Volume With Efficiency|Forest::EURP122,SSD|Phoenix|LEGACY_VARIANT|Low Volume With Efficiency|Forest,SSD Phoenix Low Volume With Efficiency,SSD,EURP122,FORECAST_ONLY,False,True,False,0,False,0,0,False,,True,732,0,no observed actual values in the V6.17 Viewer artifact; no model backtest rows
SSD|Phoenix|LEGACY_VARIANT|Low Volume With Efficiency|Forest::EURP137,SSD|Phoenix|LEGACY_VARIANT|Low Volume With Efficiency|Forest,SSD Phoenix Low Volume With Efficiency,SSD,EURP137,FORECAST_ONLY,False,True,False,0,False,0,0,False,,True,732,0,no observed actual values in the V6.17 Viewer artifact; no model backtest rows
SSD|Phoenix|LEGACY_VARIANT|Low Volume With Efficiency|Forest::EURP138,SSD|Phoenix|LEGACY_VARIANT|Low Volume With Efficiency|Forest,SSD Phoenix Low Volume With Efficiency,SSD,EURP138,FORECAST_ONLY,False,True,False,0,False,0,0,False,,True,732,0,no observed actual values in the V6.17 Viewer artifact; no model backtest rows
SSD|Phoenix|LEGACY_VARIANT|Low Volume With Efficiency|Forest::EURP174,SSD|Phoenix|LEGACY_VARIANT|Low Volume With Efficiency|Forest,SSD Phoenix Low Volume With Efficiency,SSD,EURP174,FORECAST_ONLY,False,True,False,0,False,0,0,False,,True,732,0,no observed actual values in the V6.17 Viewer artifact; no model backtest rows
SSD|Phoenix|LEGACY_VARIANT|Low Volume With Efficiency|Forest::EURP175,SSD|Phoenix|LEGACY_VARIANT|Low Volume With Efficiency|Forest,SSD Phoenix Low Volume With Efficiency,SSD,EURP175,FORECAST_ONLY,False,True,False,0,False,0,0,False,,True,732,0,no observed actual values in the V6.17 Viewer artifact; no model backtest rows
SSD|Phoenix|LEGACY_VARIANT|Low Volume With Efficiency|Forest::EURP176,SSD|Phoenix|LEGACY_VARIANT|Low Volume With Efficiency|Forest,SSD Phoenix Low Volume With Efficiency,SSD,EURP176,FORECAST_ONLY,False,True,False,0,False,0,0,False,,True,732,0,no observed actual values in the V6.17 Viewer artifact; no model backtest rows
SSD|Phoenix|LEGACY_VARIANT|Low Volume With Efficiency|Forest::EURP177,SSD|Phoenix|LEGACY_VARIANT|Low Volume With Efficiency|Forest,SSD Phoenix Low Volume With Efficiency,SSD,EURP177,FORECAST_ONLY,False,True,False,0,False,0,0,False,,True,732,0,no observed actual values in the V6.17 Viewer artifact; no model backtest rows
SSD|Phoenix|LEGACY_VARIANT|Low Volume With Efficiency|Forest::EURP178,SSD|Phoenix|LEGACY_VARIANT|Low Volume With Efficiency|Forest,SSD Phoenix Low Volume With Efficiency,SSD,EURP178,FORECAST_ONLY,False,True,False,0,False,0,0,False,,True,732,0,no observed actual values in the V6.17 Viewer artifact; no model backtest rows
SSD|Phoenix|LEGACY_VARIANT|Low Volume With Efficiency|Forest::EURP179,SSD|Phoenix|LEGACY_VARIANT|Low Volume With Efficiency|Forest,SSD Phoenix Low Volume With Efficiency,SSD,EURP179,FORECAST_ONLY,False,True,False,0,False,0,0,False,,True,732,0,no observed actual values in the V6.17 Viewer artifact; no model backtest rows
SSD|Phoenix|LEGACY_VARIANT|Low Volume With Efficiency|Forest::EURP180,SSD|Phoenix|LEGACY_VARIANT|Low Volume With Efficiency|Forest,SSD Phoenix Low Volume With Efficiency,SSD,EURP180,FORECAST_ONLY,False,True,False,0,False,0,0,False,,True,732,0,no observed actual values in the V6.17 Viewer artifact; no model backtest rows
SSD|Phoenix|LEGACY_VARIANT|Low Volume With Efficiency|Forest::EURP189,SSD|Phoenix|LEGACY_VARIANT|Low Volume With Efficiency|Forest,SSD Phoenix Low Volume With Efficiency,SSD,EURP189,FORECAST_ONLY,False,True,False,0,False,0,0,False,,True,732,0,no observed actual values in the V6.17 Viewer artifact; no model backtest rows
SSD|Phoenix|LEGACY_VARIANT|Low Volume With Efficiency|Forest::EURP190,SSD|Phoenix|LEGACY_VARIANT|Low Volume With Efficiency|Forest,SSD Phoenix Low Volume With Efficiency,SSD,EURP190,FORECAST_ONLY,False,True,False,0,False,0,0,False,,True,732,0,no observed actual values in the V6.17 Viewer artifact; no model backtest rows
SSD|Phoenix|LEGACY_VARIANT|Low Volume With Efficiency|Forest::EURP191,SSD|Phoenix|LEGACY_VARIANT|Low Volume With Efficiency|Forest,SSD Phoenix Low Volume With Efficiency,SSD,EURP191,FORECAST_ONLY,False,True,False,0,False,0,0,False,,True,732,0,no observed actual values in the V6.17 Viewer artifact; no model backtest rows
SSD|Phoenix|LEGACY_VARIANT|Low Volume With Efficiency|Forest::EURP192,SSD|Phoenix|LEGACY_VARIANT|Low Volume With Efficiency|Forest,SSD Phoenix Low Volume With Efficiency,SSD,EURP192,FORECAST_ONLY,False,True,False,0,False,0,0,False,,True,732,0,no observed actual values in the V6.17 Viewer artifact; no model backtest rows
SSD|Phoenix|LEGACY_VARIANT|Low Volume With Efficiency|Forest::EURP193,SSD|Phoenix|LEGACY_VARIANT|Low Volume With Efficiency|Forest,SSD Phoenix Low Volume With Efficiency,SSD,EURP193,FORECAST_ONLY,False,True,False,0,False,0,0,False,,True,732,0,no observed actual values in the V6.17 Viewer artifact; no model backtest rows
SSD|Phoenix|LEGACY_VARIANT|Low Volume With Efficiency|Forest::EURP194,SSD|Phoenix|LEGACY_VARIANT|Low Volume With Efficiency|Forest,SSD Phoenix Low Volume With Efficiency,SSD,EURP194,FORECAST_ONLY,False,True,False,0,False,0,0,False,,True,732,0,no observed actual values in the V6.17 Viewer artifact; no model backtest rows
SSD|Phoenix|LEGACY_VARIANT|Low Volume With Efficiency|Forest::EURP195,SSD|Phoenix|LEGACY_VARIANT|Low Volume With Efficiency|Forest,SSD Phoenix Low Volume With Efficiency,SSD,EURP195,FORECAST_ONLY,False,True,False,0,False,0,0,False,,True,732,0,no observed actual values in the V6.17 Viewer artifact; no model backtest rows
SSD|Phoenix|LEGACY_VARIANT|Low Volume With Efficiency|Forest::EURP250,SSD|Phoenix|LEGACY_VARIANT|Low Volume With Efficiency|Forest,SSD Phoenix Low Volume With Efficiency,SSD,EURP250,FORECAST_ONLY,False,True,False,0,False,0,0,False,,True,732,0,no observed actual values in the V6.17 Viewer artifact; no model backtest rows
SSD|Phoenix|LEGACY_VARIANT|Low Volume With Efficiency|Forest::EURP251,SSD|Phoenix|LEGACY_VARIANT|Low Volume With Efficiency|Forest,SSD Phoenix Low Volume With Efficiency,SSD,EURP251,FORECAST_ONLY,False,True,False,0,False,0,0,False,,True,732,0,no observed actual values in the V6.17 Viewer artifact; no model backtest rows
SSD|Phoenix|LEGACY_VARIANT|Low Volume With Efficiency|Forest::EURP309,SSD|Phoenix|LEGACY_VARIANT|Low Volume With Efficiency|Forest,SSD Phoenix Low Volume With Efficiency,SSD,EURP309,FORECAST_ONLY,False,True,False,0,False,0,0,False,,True,732,0,no observed actual values in the V6.17 Viewer artifact; no model backtest rows
SSD|Phoenix|LEGACY_VARIANT|Low Volume With Efficiency|Forest::EURPRD01,SSD|Phoenix|LEGACY_VARIANT|Low Volume With Efficiency|Forest,SSD Phoenix Low Volume With Efficiency,SSD,EURPRD01,FORECAST_ONLY,False,True,False,0,False,0,0,False,,True,732,0,no observed actual values in the V6.17 Viewer artifact; no model backtest rows
SSD|Phoenix|LEGACY_VARIANT|Low Volume With Efficiency|Forest::EURPRD02,SSD|Phoenix|LEGACY_VARIANT|Low Volume With Efficiency|Forest,SSD Phoenix Low Volume With Efficiency,SSD,EURPRD02,FORECAST_ONLY,False,True,False,0,False,0,0,False,,True,732,0,no observed actual values in the V6.17 Viewer artifact; no model backtest rows
SSD|Phoenix|LEGACY_VARIANT|Low Volume With Efficiency|Forest::EURPRD03,SSD|Phoenix|LEGACY_VARIANT|Low Volume With Efficiency|Forest,SSD Phoenix Low Volume With Efficiency,SSD,EURPRD03,FORECAST_ONLY,False,True,False,0,False,0,0,False,,True,732,0,no observed actual values in the V6.17 Viewer artifact; no model backtest rows
SSD|Phoenix|LEGACY_VARIANT|Low Volume With Efficiency|Forest::EURPRD04,SSD|Phoenix|LEGACY_VARIANT|Low Volume With Efficiency|Forest,SSD Phoenix Low Volume With Efficiency,SSD,EURPRD04,FORECAST_ONLY,False,True,False,0,False,0,0,False,,True,732,0,no observed actual values in the V6.17 Viewer artifact; no model backtest rows
SSD|Phoenix|LEGACY_VARIANT|Low Volume With Efficiency|Forest::EURPRD05,SSD|Phoenix|LEGACY_VARIANT|Low Volume With Efficiency|Forest,SSD Phoenix Low Volume With Efficiency,SSD,EURPRD05,FORECAST_ONLY,False,True,False,0,False,0,0,False,,True,732,0,no observed actual values in the V6.17 Viewer artifact; no model backtest rows
SSD|Phoenix|LEGACY_VARIANT|Low Volume With Efficiency|Forest::EURPRD06,SSD|Phoenix|LEGACY_VARIANT|Low Volume With Efficiency|Forest,SSD Phoenix Low Volume With Efficiency,SSD,EURPRD06,FORECAST_ONLY,False,True,False,0,False,0,0,False,,True,732,0,no observed actual values in the V6.17 Viewer artifact; no model backtest rows
SSD|Phoenix|LEGACY_VARIANT|Low Volume With Efficiency|Forest::EURPRD07,SSD|Phoenix|LEGACY_VARIANT|Low Volume With Efficiency|Forest,SSD Phoenix Low Volume With Efficiency,SSD,EURPRD07,FORECAST_ONLY,False,True,False,0,False,0,0,False,,True,732,0,no observed actual values in the V6.17 Viewer artifact; no model backtest rows
SSD|Phoenix|LEGACY_VARIANT|Low Volume With Efficiency|Forest::EURPRD08,SSD|Phoenix|LEGACY_VARIANT|Low Volume With Efficiency|Forest,SSD Phoenix Low Volume With Efficiency,SSD,EURPRD08,FORECAST_ONLY,False,True,False,0,False,0,0,False,,True,732,0,no observed actual values in the V6.17 Viewer artifact; no model backtest rows
SSD|Phoenix|LEGACY_VARIANT|Low Volume With Efficiency|Forest::EURPRD09,SSD|Phoenix|LEGACY_VARIANT|Low Volume With Efficiency|Forest,SSD Phoenix Low Volume With Efficiency,SSD,EURPRD09,FORECAST_ONLY,False,True,False,0,False,0,0,False,,True,732,0,no observed actual values in the V6.17 Viewer artifact; no model backtest rows
SSD|Phoenix|LEGACY_VARIANT|Low Volume With Efficiency|Forest::EURPRD10,SSD|Phoenix|LEGACY_VARIANT|Low Volume With Efficiency|Forest,SSD Phoenix Low Volume With Efficiency,SSD,EURPRD10,FORECAST_ONLY,False,True,False,0,False,0,0,False,,True,732,0,no observed actual values in the V6.17 Viewer artifact; no model backtest rows
SSD|Phoenix|LEGACY_VARIANT|Low Volume With Efficiency|Forest::FRAP264,SSD|Phoenix|LEGACY_VARIANT|Low Volume With Efficiency|Forest,SSD Phoenix Low Volume With Efficiency,SSD,FRAP264,FORECAST_ONLY,False,True,False,0,False,0,0,False,,True,732,0,no observed actual values in the V6.17 Viewer artifact; no model backtest rows
SSD|Phoenix|LEGACY_VARIANT|Low Volume With Efficiency|Forest::GBRP123,SSD|Phoenix|LEGACY_VARIANT|Low Volume With Efficiency|Forest,SSD Phoenix Low Volume With Efficiency,SSD,GBRP123,FORECAST_ONLY,False,True,False,0,False,0,0,False,,True,732,0,no observed actual values in the V6.17 Viewer artifact; no model backtest rows
SSD|Phoenix|LEGACY_VARIANT|Low Volume With Efficiency|Forest::GBRP265,SSD|Phoenix|LEGACY_VARIANT|Low Volume With Efficiency|Forest,SSD Phoenix Low Volume With Efficiency,SSD,GBRP265,FORECAST_ONLY,False,True,False,0,False,0,0,False,,True,732,0,no observed actual values in the V6.17 Viewer artifact; no model backtest rows
SSD|Phoenix|LEGACY_VARIANT|Low Volume With Efficiency|Forest::GBRP267,SSD|Phoenix|LEGACY_VARIANT|Low Volume With Efficiency|Forest,SSD Phoenix Low Volume With Efficiency,SSD,GBRP267,FORECAST_ONLY,False,True,False,0,False,0,0,False,,True,732,0,no observed actual values in the V6.17 Viewer artifact; no model backtest rows
SSD|Phoenix|LEGACY_VARIANT|Low Volume With Efficiency|Forest::GBRP302,SSD|Phoenix|LEGACY_VARIANT|Low Volume With Efficiency|Forest,SSD Phoenix Low Volume With Efficiency,SSD,GBRP302,FORECAST_ONLY,False,True,False,0,False,0,0,False,,True,732,0,no observed actual values in the V6.17 Viewer artifact; no model backtest rows
SSD|Phoenix|LEGACY_VARIANT|Low Volume With Efficiency|Forest::IDNP305,SSD|Phoenix|LEGACY_VARIANT|Low Volume With Efficiency|Forest,SSD Phoenix Low Volume With Efficiency,SSD,IDNP305,FORECAST_ONLY,False,True,False,0,False,0,0,False,,True,732,0,no observed actual values in the V6.17 Viewer artifact; no model backtest rows
SSD|Phoenix|LEGACY_VARIANT|Low Volume With Efficiency|Forest::INDP287,SSD|Phoenix|LEGACY_VARIANT|Low Volume With Efficiency|Forest,SSD Phoenix Low Volume With Efficiency,SSD,INDP287,FORECAST_ONLY,False,True,False,0,False,0,0,False,,True,732,0,no observed actual values in the V6.17 Viewer artifact; no model backtest rows
SSD|Phoenix|LEGACY_VARIANT|Low Volume With Efficiency|Forest::INDPRD01,SSD|Phoenix|LEGACY_VARIANT|Low Volume With Efficiency|Forest,SSD Phoenix Low Volume With Efficiency,SSD,INDPRD01,FORECAST_ONLY,False,True,False,0,False,0,0,False,,True,732,0,no observed actual values in the V6.17 Viewer artifact; no model backtest rows
SSD|Phoenix|LEGACY_VARIANT|Low Volume With Efficiency|Forest::ISRP290,SSD|Phoenix|LEGACY_VARIANT|Low Volume With Efficiency|Forest,SSD Phoenix Low Volume With Efficiency,SSD,ISRP290,FORECAST_ONLY,False,True,False,0,False,0,0,False,,True,732,0,no observed actual values in the V6.17 Viewer artifact; no model backtest rows
SSD|Phoenix|LEGACY_VARIANT|Low Volume With Efficiency|Forest::ITAP293,SSD|Phoenix|LEGACY_VARIANT|Low Volume With Efficiency|Forest,SSD Phoenix Low Volume With Efficiency,SSD,ITAP293,FORECAST_ONLY,False,True,False,0,False,0,0,False,,True,732,0,no observed actual values in the V6.17 Viewer artifact; no model backtest rows
SSD|Phoenix|LEGACY_VARIANT|Low Volume With Efficiency|Forest::JPNP286,SSD|Phoenix|LEGACY_VARIANT|Low Volume With Efficiency|Forest,SSD Phoenix Low Volume With Efficiency,SSD,JPNP286,FORECAST_ONLY,False,True,False,0,False,0,0,False,,True,732,0,no observed actual values in the V6.17 Viewer artifact; no model backtest rows
SSD|Phoenix|LEGACY_VARIANT|Low Volume With Efficiency|Forest::JPNP301,SSD|Phoenix|LEGACY_VARIANT|Low Volume With Efficiency|Forest,SSD Phoenix Low Volume With Efficiency,SSD,JPNP301,FORECAST_ONLY,False,True,False,0,False,0,0,False,,True,732,0,no observed actual values in the V6.17 Viewer artifact; no model backtest rows
SSD|Phoenix|LEGACY_VARIANT|Low Volume With Efficiency|Forest::JPNPRD01,SSD|Phoenix|LEGACY_VARIANT|Low Volume With Efficiency|Forest,SSD Phoenix Low Volume With Efficiency,SSD,JPNPRD01,FORECAST_ONLY,False,True,False,0,False,0,0,False,,True,732,0,no observed actual values in the V6.17 Viewer artifact; no model backtest rows
SSD|Phoenix|LEGACY_VARIANT|Low Volume With Efficiency|Forest::KORP216,SSD|Phoenix|LEGACY_VARIANT|Low Volume With Efficiency|Forest,SSD Phoenix Low Volume With Efficiency,SSD,KORP216,FORECAST_ONLY,False,True,False,0,False,0,0,False,,True,732,0,no observed actual values in the V6.17 Viewer artifact; no model backtest rows
SSD|Phoenix|LEGACY_VARIANT|Low Volume With Efficiency|Forest::LAMP152,SSD|Phoenix|LEGACY_VARIANT|Low Volume With Efficiency|Forest,SSD Phoenix Low Volume With Efficiency,SSD,LAMP152,FORECAST_ONLY,False,True,False,0,False,0,0,False,,True,732,0,no observed actual values in the V6.17 Viewer artifact; no model backtest rows
SSD|Phoenix|LEGACY_VARIANT|Low Volume With Efficiency|Forest::LAMP215,SSD|Phoenix|LEGACY_VARIANT|Low Volume With Efficiency|Forest,SSD Phoenix Low Volume With Efficiency,SSD,LAMP215,FORECAST_ONLY,False,True,False,0,False,0,0,False,,True,732,0,no observed actual values in the V6.17 Viewer artifact; no model backtest rows
SSD|Phoenix|LEGACY_VARIANT|Low Volume With Efficiency|Forest::LAMPRD80,SSD|Phoenix|LEGACY_VARIANT|Low Volume With Efficiency|Forest,SSD Phoenix Low Volume With Efficiency,SSD,LAMPRD80,FORECAST_ONLY,False,True,False,0,False,0,0,False,,True,732,0,no observed actual values in the V6.17 Viewer artifact; no model backtest rows
SSD|Phoenix|LEGACY_VARIANT|Low Volume With Efficiency|Forest::MEXP297,SSD|Phoenix|LEGACY_VARIANT|Low Volume With Efficiency|Forest,SSD Phoenix Low Volume With Efficiency,SSD,MEXP297,FORECAST_ONLY,False,True,False,0,False,0,0,False,,True,732,0,no observed actual values in the V6.17 Viewer artifact; no model backtest rows
SSD|Phoenix|LEGACY_VARIANT|Low Volume With Efficiency|Forest::MYSP306,SSD|Phoenix|LEGACY_VARIANT|Low Volume With Efficiency|Forest,SSD Phoenix Low Volume With Efficiency,SSD,MYSP306,FORECAST_ONLY,False,True,False,0,False,0,0,False,,True,732,0,no observed actual values in the V6.17 Viewer artifact; no model backtest rows
SSD|Phoenix|LEGACY_VARIANT|Low Volume With Efficiency|Forest::NAMP100,SSD|Phoenix|LEGACY_VARIANT|Low Volume With Efficiency|Forest,SSD Phoenix Low Volume With Efficiency,SSD,NAMP100,FORECAST_ONLY,False,True,False,0,False,0,0,False,,True,732,0,no observed actual values in the V6.17 Viewer artifact; no model backtest rows
SSD|Phoenix|LEGACY_VARIANT|Low Volume With Efficiency|Forest::NAMP101,SSD|Phoenix|LEGACY_VARIANT|Low Volume With Efficiency|Forest,SSD Phoenix Low Volume With Efficiency,SSD,NAMP101,FORECAST_ONLY,False,True,False,0,False,0,0,False,,True,732,0,no observed actual values in the V6.17 Viewer artifact; no model backtest rows
SSD|Phoenix|LEGACY_VARIANT|Low Volume With Efficiency|Forest::NAMP102,SSD|Phoenix|LEGACY_VARIANT|Low Volume With Efficiency|Forest,SSD Phoenix Low Volume With Efficiency,SSD,NAMP102,FORECAST_ONLY,False,True,False,0,False,0,0,False,,True,732,0,no observed actual values in the V6.17 Viewer artifact; no model backtest rows
SSD|Phoenix|LEGACY_VARIANT|Low Volume With Efficiency|Forest::NAMP103,SSD|Phoenix|LEGACY_VARIANT|Low Volume With Efficiency|Forest,SSD Phoenix Low Volume With Efficiency,SSD,NAMP103,FORECAST_ONLY,False,True,False,0,False,0,0,False,,True,732,0,no observed actual values in the V6.17 Viewer artifact; no model backtest rows
SSD|Phoenix|LEGACY_VARIANT|Low Volume With Efficiency|Forest::NAMP104,SSD|Phoenix|LEGACY_VARIANT|Low Volume With Efficiency|Forest,SSD Phoenix Low Volume With Efficiency,SSD,NAMP104,FORECAST_ONLY,False,True,False,0,False,0,0,False,,True,732,0,no observed actual values in the V6.17 Viewer artifact; no model backtest rows
SSD|Phoenix|LEGACY_VARIANT|Low Volume With Efficiency|Forest::NAMP105,SSD|Phoenix|LEGACY_VARIANT|Low Volume With Efficiency|Forest,SSD Phoenix Low Volume With Efficiency,SSD,NAMP105,FORECAST_ONLY,False,True,False,0,False,0,0,False,,True,732,0,no observed actual values in the V6.17 Viewer artifact; no model backtest rows
SSD|Phoenix|LEGACY_VARIANT|Low Volume With Efficiency|Forest::NAMP106,SSD|Phoenix|LEGACY_VARIANT|Low Volume With Efficiency|Forest,SSD Phoenix Low Volume With Efficiency,SSD,NAMP106,FORECAST_ONLY,False,True,False,0,False,0,0,False,,True,732,0,no observed actual values in the V6.17 Viewer artifact; no model backtest rows
SSD|Phoenix|LEGACY_VARIANT|Low Volume With Efficiency|Forest::NAMP108,SSD|Phoenix|LEGACY_VARIANT|Low Volume With Efficiency|Forest,SSD Phoenix Low Volume With Efficiency,SSD,NAMP108,FORECAST_ONLY,False,True,False,0,False,0,0,False,,True,732,0,no observed actual values in the V6.17 Viewer artifact; no model backtest rows
SSD|Phoenix|LEGACY_VARIANT|Low Volume With Efficiency|Forest::NAMP109,SSD|Phoenix|LEGACY_VARIANT|Low Volume With Efficiency|Forest,SSD Phoenix Low Volume With Efficiency,SSD,NAMP109,FORECAST_ONLY,False,True,False,0,False,0,0,False,,True,732,0,no observed actual values in the V6.17 Viewer artifact; no model backtest rows
SSD|Phoenix|LEGACY_VARIANT|Low Volume With Efficiency|Forest::NAMP113,SSD|Phoenix|LEGACY_VARIANT|Low Volume With Efficiency|Forest,SSD Phoenix Low Volume With Efficiency,SSD,NAMP113,FORECAST_ONLY,False,True,False,0,False,0,0,False,,True,732,0,no observed actual values in the V6.17 Viewer artifact; no model backtest rows
SSD|Phoenix|LEGACY_VARIANT|Low Volume With Efficiency|Forest::NAMP114,SSD|Phoenix|LEGACY_VARIANT|Low Volume With Efficiency|Forest,SSD Phoenix Low Volume With Efficiency,SSD,NAMP114,FORECAST_ONLY,False,True,False,0,False,0,0,False,,True,732,0,no observed actual values in the V6.17 Viewer artifact; no model backtest rows
SSD|Phoenix|LEGACY_VARIANT|Low Volume With Efficiency|Forest::NAMP115,SSD|Phoenix|LEGACY_VARIANT|Low Volume With Efficiency|Forest,SSD Phoenix Low Volume With Efficiency,SSD,NAMP115,FORECAST_ONLY,False,True,False,0,False,0,0,False,,True,732,0,no observed actual values in the V6.17 Viewer artifact; no model backtest rows
SSD|Phoenix|LEGACY_VARIANT|Low Volume With Efficiency|Forest::NAMP116,SSD|Phoenix|LEGACY_VARIANT|Low Volume With Efficiency|Forest,SSD Phoenix Low Volume With Efficiency,SSD,NAMP116,FORECAST_ONLY,False,True,False,0,False,0,0,False,,True,732,0,no observed actual values in the V6.17 Viewer artifact; no model backtest rows
SSD|Phoenix|LEGACY_VARIANT|Low Volume With Efficiency|Forest::NAMP118,SSD|Phoenix|LEGACY_VARIANT|Low Volume With Efficiency|Forest,SSD Phoenix Low Volume With Efficiency,SSD,NAMP118,FORECAST_ONLY,False,True,False,0,False,0,0,False,,True,732,0,no observed actual values in the V6.17 Viewer artifact; no model backtest rows
SSD|Phoenix|LEGACY_VARIANT|Low Volume With Efficiency|Forest::NAMP125,SSD|Phoenix|LEGACY_VARIANT|Low Volume With Efficiency|Forest,SSD Phoenix Low Volume With Efficiency,SSD,NAMP125,FORECAST_ONLY,False,True,False,0,False,0,0,False,,True,732,0,no observed actual values in the V6.17 Viewer artifact; no model backtest rows
SSD|Phoenix|LEGACY_VARIANT|Low Volume With Efficiency|Forest::NAMP126,SSD|Phoenix|LEGACY_VARIANT|Low Volume With Efficiency|Forest,SSD Phoenix Low Volume With Efficiency,SSD,NAMP126,FORECAST_ONLY,False,True,False,0,False,0,0,False,,True,732,0,no observed actual values in the V6.17 Viewer artifact; no model backtest rows
SSD|Phoenix|LEGACY_VARIANT|Low Volume With Efficiency|Forest::NAMP128,SSD|Phoenix|LEGACY_VARIANT|Low Volume With Efficiency|Forest,SSD Phoenix Low Volume With Efficiency,SSD,NAMP128,FORECAST_ONLY,False,True,False,0,False,0,0,False,,True,732,0,no observed actual values in the V6.17 Viewer artifact; no model backtest rows
SSD|Phoenix|LEGACY_VARIANT|Low Volume With Efficiency|Forest::NAMP129,SSD|Phoenix|LEGACY_VARIANT|Low Volume With Efficiency|Forest,SSD Phoenix Low Volume With Efficiency,SSD,NAMP129,FORECAST_ONLY,False,True,False,0,False,0,0,False,,True,732,0,no observed actual values in the V6.17 Viewer artifact; no model backtest rows
SSD|Phoenix|LEGACY_VARIANT|Low Volume With Efficiency|Forest::NAMP130,SSD|Phoenix|LEGACY_VARIANT|Low Volume With Efficiency|Forest,SSD Phoenix Low Volume With Efficiency,SSD,NAMP130,FORECAST_ONLY,False,True,False,0,False,0,0,False,,True,732,0,no observed actual values in the V6.17 Viewer artifact; no model backtest rows
SSD|Phoenix|LEGACY_VARIANT|Low Volume With Efficiency|Forest::NAMP131,SSD|Phoenix|LEGACY_VARIANT|Low Volume With Efficiency|Forest,SSD Phoenix Low Volume With Efficiency,SSD,NAMP131,FORECAST_ONLY,False,True,False,0,False,0,0,False,,True,732,0,no observed actual values in the V6.17 Viewer artifact; no model backtest rows
SSD|Phoenix|LEGACY_VARIANT|Low Volume With Efficiency|Forest::NAMP132,SSD|Phoenix|LEGACY_VARIANT|Low Volume With Efficiency|Forest,SSD Phoenix Low Volume With Efficiency,SSD,NAMP132,FORECAST_ONLY,False,True,False,0,False,0,0,False,,True,732,0,no observed actual values in the V6.17 Viewer artifact; no model backtest rows
SSD|Phoenix|LEGACY_VARIANT|Low Volume With Efficiency|Forest::NAMP133,SSD|Phoenix|LEGACY_VARIANT|Low Volume With Efficiency|Forest,SSD Phoenix Low Volume With Efficiency,SSD,NAMP133,FORECAST_ONLY,False,True,False,0,False,0,0,False,,True,732,0,no observed actual values in the V6.17 Viewer artifact; no model backtest rows
SSD|Phoenix|LEGACY_VARIANT|Low Volume With Efficiency|Forest::NAMP134,SSD|Phoenix|LEGACY_VARIANT|Low Volume With Efficiency|Forest,SSD Phoenix Low Volume With Efficiency,SSD,NAMP134,FORECAST_ONLY,False,True,False,0,False,0,0,False,,True,732,0,no observed actual values in the V6.17 Viewer artifact; no model backtest rows
SSD|Phoenix|LEGACY_VARIANT|Low Volume With Efficiency|Forest::NAMP135,SSD|Phoenix|LEGACY_VARIANT|Low Volume With Efficiency|Forest,SSD Phoenix Low Volume With Efficiency,SSD,NAMP135,FORECAST_ONLY,False,True,False,0,False,0,0,False,,True,732,0,no observed actual values in the V6.17 Viewer artifact; no model backtest rows
SSD|Phoenix|LEGACY_VARIANT|Low Volume With Efficiency|Forest::NAMP136,SSD|Phoenix|LEGACY_VARIANT|Low Volume With Efficiency|Forest,SSD Phoenix Low Volume With Efficiency,SSD,NAMP136,FORECAST_ONLY,False,True,False,0,False,0,0,False,,True,732,0,no observed actual values in the V6.17 Viewer artifact; no model backtest rows
SSD|Phoenix|LEGACY_VARIANT|Low Volume With Efficiency|Forest::NAMP154,SSD|Phoenix|LEGACY_VARIANT|Low Volume With Efficiency|Forest,SSD Phoenix Low Volume With Efficiency,SSD,NAMP154,FORECAST_ONLY,False,True,False,0,False,0,0,False,,True,732,0,no observed actual values in the V6.17 Viewer artifact; no model backtest rows
SSD|Phoenix|LEGACY_VARIANT|Low Volume With Efficiency|Forest::NAMP156,SSD|Phoenix|LEGACY_VARIANT|Low Volume With Efficiency|Forest,SSD Phoenix Low Volume With Efficiency,SSD,NAMP156,FORECAST_ONLY,False,True,False,0,False,0,0,False,,True,732,0,no observed actual values in the V6.17 Viewer artifact; no model backtest rows
SSD|Phoenix|LEGACY_VARIANT|Low Volume With Efficiency|Forest::NAMP157,SSD|Phoenix|LEGACY_VARIANT|Low Volume With Efficiency|Forest,SSD Phoenix Low Volume With Efficiency,SSD,NAMP157,FORECAST_ONLY,False,True,False,0,False,0,0,False,,True,732,0,no observed actual values in the V6.17 Viewer artifact; no model backtest rows
SSD|Phoenix|LEGACY_VARIANT|Low Volume With Efficiency|Forest::NAMP158,SSD|Phoenix|LEGACY_VARIANT|Low Volume With Efficiency|Forest,SSD Phoenix Low Volume With Efficiency,SSD,NAMP158,FORECAST_ONLY,False,True,False,0,False,0,0,False,,True,732,0,no observed actual values in the V6.17 Viewer artifact; no model backtest rows
SSD|Phoenix|LEGACY_VARIANT|Low Volume With Efficiency|Forest::NAMP159,SSD|Phoenix|LEGACY_VARIANT|Low Volume With Efficiency|Forest,SSD Phoenix Low Volume With Efficiency,SSD,NAMP159,FORECAST_ONLY,False,True,False,0,False,0,0,False,,True,732,0,no observed actual values in the V6.17 Viewer artifact; no model backtest rows
SSD|Phoenix|LEGACY_VARIANT|Low Volume With Efficiency|Forest::NAMP161,SSD|Phoenix|LEGACY_VARIANT|Low Volume With Efficiency|Forest,SSD Phoenix Low Volume With Efficiency,SSD,NAMP161,FORECAST_ONLY,False,True,False,0,False,0,0,False,,True,732,0,no observed actual values in the V6.17 Viewer artifact; no model backtest rows
SSD|Phoenix|LEGACY_VARIANT|Low Volume With Efficiency|Forest::NAMP162,SSD|Phoenix|LEGACY_VARIANT|Low Volume With Efficiency|Forest,SSD Phoenix Low Volume With Efficiency,SSD,NAMP162,FORECAST_ONLY,False,True,False,0,False,0,0,False,,True,732,0,no observed actual values in the V6.17 Viewer artifact; no model backtest rows
SSD|Phoenix|LEGACY_VARIANT|Low Volume With Efficiency|Forest::NAMP163,SSD|Phoenix|LEGACY_VARIANT|Low Volume With Efficiency|Forest,SSD Phoenix Low Volume With Efficiency,SSD,NAMP163,FORECAST_ONLY,False,True,False,0,False,0,0,False,,True,732,0,no observed actual values in the V6.17 Viewer artifact; no model backtest rows
SSD|Phoenix|LEGACY_VARIANT|Low Volume With Efficiency|Forest::NAMP164,SSD|Phoenix|LEGACY_VARIANT|Low Volume With Efficiency|Forest,SSD Phoenix Low Volume With Efficiency,SSD,NAMP164,FORECAST_ONLY,False,True,False,0,False,0,0,False,,True,732,0,no observed actual values in the V6.17 Viewer artifact; no model backtest rows
SSD|Phoenix|LEGACY_VARIANT|Low Volume With Efficiency|Forest::NAMP166,SSD|Phoenix|LEGACY_VARIANT|Low Volume With Efficiency|Forest,SSD Phoenix Low Volume With Efficiency,SSD,NAMP166,FORECAST_ONLY,False,True,False,0,False,0,0,False,,True,732,0,no observed actual values in the V6.17 Viewer artifact; no model backtest rows
SSD|Phoenix|LEGACY_VARIANT|Low Volume With Efficiency|Forest::NAMP167,SSD|Phoenix|LEGACY_VARIANT|Low Volume With Efficiency|Forest,SSD Phoenix Low Volume With Efficiency,SSD,NAMP167,FORECAST_ONLY,False,True,False,0,False,0,0,False,,True,732,0,no observed actual values in the V6.17 Viewer artifact; no model backtest rows
SSD|Phoenix|LEGACY_VARIANT|Low Volume With Efficiency|Forest::NAMP169,SSD|Phoenix|LEGACY_VARIANT|Low Volume With Efficiency|Forest,SSD Phoenix Low Volume With Efficiency,SSD,NAMP169,FORECAST_ONLY,False,True,False,0,False,0,0,False,,True,732,0,no observed actual values in the V6.17 Viewer artifact; no model backtest rows
SSD|Phoenix|LEGACY_VARIANT|Low Volume With Efficiency|Forest::NAMP170,SSD|Phoenix|LEGACY_VARIANT|Low Volume With Efficiency|Forest,SSD Phoenix Low Volume With Efficiency,SSD,NAMP170,FORECAST_ONLY,False,True,False,0,False,0,0,False,,True,732,0,no observed actual values in the V6.17 Viewer artifact; no model backtest rows
SSD|Phoenix|LEGACY_VARIANT|Low Volume With Efficiency|Forest::NAMP171,SSD|Phoenix|LEGACY_VARIANT|Low Volume With Efficiency|Forest,SSD Phoenix Low Volume With Efficiency,SSD,NAMP171,FORECAST_ONLY,False,True,False,0,False,0,0,False,,True,732,0,no observed actual values in the V6.17 Viewer artifact; no model backtest rows
SSD|Phoenix|LEGACY_VARIANT|Low Volume With Efficiency|Forest::NAMP172,SSD|Phoenix|LEGACY_VARIANT|Low Volume With Efficiency|Forest,SSD Phoenix Low Volume With Efficiency,SSD,NAMP172,FORECAST_ONLY,False,True,False,0,False,0,0,False,,True,732,0,no observed actual values in the V6.17 Viewer artifact; no model backtest rows
SSD|Phoenix|LEGACY_VARIANT|Low Volume With Efficiency|Forest::NAMP173,SSD|Phoenix|LEGACY_VARIANT|Low Volume With Efficiency|Forest,SSD Phoenix Low Volume With Efficiency,SSD,NAMP173,FORECAST_ONLY,False,True,False,0,False,0,0,False,,True,732,0,no observed actual values in the V6.17 Viewer artifact; no model backtest rows
SSD|Phoenix|LEGACY_VARIANT|Low Volume With Efficiency|Forest::NAMP197,SSD|Phoenix|LEGACY_VARIANT|Low Volume With Efficiency|Forest,SSD Phoenix Low Volume With Efficiency,SSD,NAMP197,FORECAST_ONLY,False,True,False,0,False,0,0,False,,True,732,0,no observed actual values in the V6.17 Viewer artifact; no model backtest rows
SSD|Phoenix|LEGACY_VARIANT|Low Volume With Efficiency|Forest::NAMP220,SSD|Phoenix|LEGACY_VARIANT|Low Volume With Efficiency|Forest,SSD Phoenix Low Volume With Efficiency,SSD,NAMP220,FORECAST_ONLY,False,True,False,0,False,0,0,False,,True,732,0,no observed actual values in the V6.17 Viewer artifact; no model backtest rows
SSD|Phoenix|LEGACY_VARIANT|Low Volume With Efficiency|Forest::NAMP221,SSD|Phoenix|LEGACY_VARIANT|Low Volume With Efficiency|Forest,SSD Phoenix Low Volume With Efficiency,SSD,NAMP221,FORECAST_ONLY,False,True,False,0,False,0,0,False,,True,732,0,no observed actual values in the V6.17 Viewer artifact; no model backtest rows
SSD|Phoenix|LEGACY_VARIANT|Low Volume With Efficiency|Forest::NAMP222,SSD|Phoenix|LEGACY_VARIANT|Low Volume With Efficiency|Forest,SSD Phoenix Low Volume With Efficiency,SSD,NAMP222,FORECAST_ONLY,False,True,False,0,False,0,0,False,,True,732,0,no observed actual values in the V6.17 Viewer artifact; no model backtest rows
SSD|Phoenix|LEGACY_VARIANT|Low Volume With Efficiency|Forest::NAMP223,SSD|Phoenix|LEGACY_VARIANT|Low Volume With Efficiency|Forest,SSD Phoenix Low Volume With Efficiency,SSD,NAMP223,FORECAST_ONLY,False,True,False,0,False,0,0,False,,True,732,0,no observed actual values in the V6.17 Viewer artifact; no model backtest rows
SSD|Phoenix|LEGACY_VARIANT|Low Volume With Efficiency|Forest::NAMP242,SSD|Phoenix|LEGACY_VARIANT|Low Volume With Efficiency|Forest,SSD Phoenix Low Volume With Efficiency,SSD,NAMP242,FORECAST_ONLY,False,True,False,0,False,0,0,False,,True,732,0,no observed actual values in the V6.17 Viewer artifact; no model backtest rows
SSD|Phoenix|LEGACY_VARIANT|Low Volume With Efficiency|Forest::NAMP243,SSD|Phoenix|LEGACY_VARIANT|Low Volume With Efficiency|Forest,SSD Phoenix Low Volume With Efficiency,SSD,NAMP243,FORECAST_ONLY,False,True,False,0,False,0,0,False,,True,732,0,no observed actual values in the V6.17 Viewer artifact; no model backtest rows
SSD|Phoenix|LEGACY_VARIANT|Low Volume With Efficiency|Forest::NAMPRD01,SSD|Phoenix|LEGACY_VARIANT|Low Volume With Efficiency|Forest,SSD Phoenix Low Volume With Efficiency,SSD,NAMPRD01,FORECAST_ONLY,False,True,False,0,False,0,0,False,,True,732,0,no observed actual values in the V6.17 Viewer artifact; no model backtest rows
SSD|Phoenix|LEGACY_VARIANT|Low Volume With Efficiency|Forest::NAMPRD02,SSD|Phoenix|LEGACY_VARIANT|Low Volume With Efficiency|Forest,SSD Phoenix Low Volume With Efficiency,SSD,NAMPRD02,FORECAST_ONLY,False,True,False,0,False,0,0,False,,True,732,0,no observed actual values in the V6.17 Viewer artifact; no model backtest rows
SSD|Phoenix|LEGACY_VARIANT|Low Volume With Efficiency|Forest::NAMPRD03,SSD|Phoenix|LEGACY_VARIANT|Low Volume With Efficiency|Forest,SSD Phoenix Low Volume With Efficiency,SSD,NAMPRD03,FORECAST_ONLY,False,True,False,0,False,0,0,False,,True,732,0,no observed actual values in the V6.17 Viewer artifact; no model backtest rows
SSD|Phoenix|LEGACY_VARIANT|Low Volume With Efficiency|Forest::NAMPRD04,SSD|Phoenix|LEGACY_VARIANT|Low Volume With Efficiency|Forest,SSD Phoenix Low Volume With Efficiency,SSD,NAMPRD04,FORECAST_ONLY,False,True,False,0,False,0,0,False,,True,732,0,no observed actual values in the V6.17 Viewer artifact; no model backtest rows
SSD|Phoenix|LEGACY_VARIANT|Low Volume With Efficiency|Forest::NAMPRD05,SSD|Phoenix|LEGACY_VARIANT|Low Volume With Efficiency|Forest,SSD Phoenix Low Volume With Efficiency,SSD,NAMPRD05,FORECAST_ONLY,False,True,False,0,False,0,0,False,,True,732,0,no observed actual values in the V6.17 Viewer artifact; no model backtest rows
SSD|Phoenix|LEGACY_VARIANT|Low Volume With Efficiency|Forest::NAMPRD06,SSD|Phoenix|LEGACY_VARIANT|Low Volume With Efficiency|Forest,SSD Phoenix Low Volume With Efficiency,SSD,NAMPRD06,FORECAST_ONLY,False,True,False,0,False,0,0,False,,True,732,0,no observed actual values in the V6.17 Viewer artifact; no model backtest rows
SSD|Phoenix|LEGACY_VARIANT|Low Volume With Efficiency|Forest::NAMPRD07,SSD|Phoenix|LEGACY_VARIANT|Low Volume With Efficiency|Forest,SSD Phoenix Low Volume With Efficiency,SSD,NAMPRD07,FORECAST_ONLY,False,True,False,0,False,0,0,False,,True,732,0,no observed actual values in the V6.17 Viewer artifact; no model backtest rows
SSD|Phoenix|LEGACY_VARIANT|Low Volume With Efficiency|Forest::NAMPRD08,SSD|Phoenix|LEGACY_VARIANT|Low Volume With Efficiency|Forest,SSD Phoenix Low Volume With Efficiency,SSD,NAMPRD08,FORECAST_ONLY,False,True,False,0,False,0,0,False,,True,732,0,no observed actual values in the V6.17 Viewer artifact; no model backtest rows
SSD|Phoenix|LEGACY_VARIANT|Low Volume With Efficiency|Forest::NAMPRD10,SSD|Phoenix|LEGACY_VARIANT|Low Volume With Efficiency|Forest,SSD Phoenix Low Volume With Efficiency,SSD,NAMPRD10,FORECAST_ONLY,False,True,False,0,False,0,0,False,,True,732,0,no observed actual values in the V6.17 Viewer artifact; no model backtest rows
SSD|Phoenix|LEGACY_VARIANT|Low Volume With Efficiency|Forest::NAMPRD11,SSD|Phoenix|LEGACY_VARIANT|Low Volume With Efficiency|Forest,SSD Phoenix Low Volume With Efficiency,SSD,NAMPRD11,FORECAST_ONLY,False,True,False,0,False,0,0,False,,True,732,0,no observed actual values in the V6.17 Viewer artifact; no model backtest rows
SSD|Phoenix|LEGACY_VARIANT|Low Volume With Efficiency|Forest::NAMPRD12,SSD|Phoenix|LEGACY_VARIANT|Low Volume With Efficiency|Forest,SSD Phoenix Low Volume With Efficiency,SSD,NAMPRD12,FORECAST_ONLY,False,True,False,0,False,0,0,False,,True,732,0,no observed actual values in the V6.17 Viewer artifact; no model backtest rows
SSD|Phoenix|LEGACY_VARIANT|Low Volume With Efficiency|Forest::NAMPRD13,SSD|Phoenix|LEGACY_VARIANT|Low Volume With Efficiency|Forest,SSD Phoenix Low Volume With Efficiency,SSD,NAMPRD13,FORECAST_ONLY,False,True,False,0,False,0,0,False,,True,732,0,no observed actual values in the V6.17 Viewer artifact; no model backtest rows
SSD|Phoenix|LEGACY_VARIANT|Low Volume With Efficiency|Forest::NAMPRD14,SSD|Phoenix|LEGACY_VARIANT|Low Volume With Efficiency|Forest,SSD Phoenix Low Volume With Efficiency,SSD,NAMPRD14,FORECAST_ONLY,False,True,False,0,False,0,0,False,,True,732,0,no observed actual values in the V6.17 Viewer artifact; no model backtest rows
SSD|Phoenix|LEGACY_VARIANT|Low Volume With Efficiency|Forest::NAMPRD15,SSD|Phoenix|LEGACY_VARIANT|Low Volume With Efficiency|Forest,SSD Phoenix Low Volume With Efficiency,SSD,NAMPRD15,FORECAST_ONLY,False,True,False,0,False,0,0,False,,True,732,0,no observed actual values in the V6.17 Viewer artifact; no model backtest rows
SSD|Phoenix|LEGACY_VARIANT|Low Volume With Efficiency|Forest::NAMPRD16,SSD|Phoenix|LEGACY_VARIANT|Low Volume With Efficiency|Forest,SSD Phoenix Low Volume With Efficiency,SSD,NAMPRD16,FORECAST_ONLY,False,True,False,0,False,0,0,False,,True,732,0,no observed actual values in the V6.17 Viewer artifact; no model backtest rows
SSD|Phoenix|LEGACY_VARIANT|Low Volume With Efficiency|Forest::NAMPRD17,SSD|Phoenix|LEGACY_VARIANT|Low Volume With Efficiency|Forest,SSD Phoenix Low Volume With Efficiency,SSD,NAMPRD17,FORECAST_ONLY,False,True,False,0,False,0,0,False,,True,732,0,no observed actual values in the V6.17 Viewer artifact; no model backtest rows
SSD|Phoenix|LEGACY_VARIANT|Low Volume With Efficiency|Forest::NAMPRD18,SSD|Phoenix|LEGACY_VARIANT|Low Volume With Efficiency|Forest,SSD Phoenix Low Volume With Efficiency,SSD,NAMPRD18,FORECAST_ONLY,False,True,False,0,False,0,0,False,,True,732,0,no observed actual values in the V6.17 Viewer artifact; no model backtest rows
SSD|Phoenix|LEGACY_VARIANT|Low Volume With Efficiency|Forest::NAMPRD19,SSD|Phoenix|LEGACY_VARIANT|Low Volume With Efficiency|Forest,SSD Phoenix Low Volume With Efficiency,SSD,NAMPRD19,FORECAST_ONLY,False,True,False,0,False,0,0,False,,True,732,0,no observed actual values in the V6.17 Viewer artifact; no model backtest rows
SSD|Phoenix|LEGACY_VARIANT|Low Volume With Efficiency|Forest::NAMPRD20,SSD|Phoenix|LEGACY_VARIANT|Low Volume With Efficiency|Forest,SSD Phoenix Low Volume With Efficiency,SSD,NAMPRD20,FORECAST_ONLY,False,True,False,0,False,0,0,False,,True,732,0,no observed actual values in the V6.17 Viewer artifact; no model backtest rows
SSD|Phoenix|LEGACY_VARIANT|Low Volume With Efficiency|Forest::NAMPRD22,SSD|Phoenix|LEGACY_VARIANT|Low Volume With Efficiency|Forest,SSD Phoenix Low Volume With Efficiency,SSD,NAMPRD22,FORECAST_ONLY,False,True,False,0,False,0,0,False,,True,732,0,no observed actual values in the V6.17 Viewer artifact; no model backtest rows
SSD|Phoenix|LEGACY_VARIANT|Low Volume With Efficiency|Forest::NAMPRD84,SSD|Phoenix|LEGACY_VARIANT|Low Volume With Efficiency|Forest,SSD Phoenix Low Volume With Efficiency,SSD,NAMPRD84,FORECAST_ONLY,False,True,False,0,False,0,0,False,,True,732,0,no observed actual values in the V6.17 Viewer artifact; no model backtest rows
SSD|Phoenix|LEGACY_VARIANT|Low Volume With Efficiency|Forest::NAMPRD85,SSD|Phoenix|LEGACY_VARIANT|Low Volume With Efficiency|Forest,SSD Phoenix Low Volume With Efficiency,SSD,NAMPRD85,FORECAST_ONLY,False,True,False,0,False,0,0,False,,True,732,0,no observed actual values in the V6.17 Viewer artifact; no model backtest rows
SSD|Phoenix|LEGACY_VARIANT|Low Volume With Efficiency|Forest::NORP279,SSD|Phoenix|LEGACY_VARIANT|Low Volume With Efficiency|Forest,SSD Phoenix Low Volume With Efficiency,SSD,NORP279,FORECAST_ONLY,False,True,False,0,False,0,0,False,,True,732,0,no observed actual values in the V6.17 Viewer artifact; no model backtest rows
SSD|Phoenix|LEGACY_VARIANT|Low Volume With Efficiency|Forest::NZLP299,SSD|Phoenix|LEGACY_VARIANT|Low Volume With Efficiency|Forest,SSD Phoenix Low Volume With Efficiency,SSD,NZLP299,FORECAST_ONLY,False,True,False,0,False,0,0,False,,True,732,0,no observed actual values in the V6.17 Viewer artifact; no model backtest rows
SSD|Phoenix|LEGACY_VARIANT|Low Volume With Efficiency|Forest::POLP291,SSD|Phoenix|LEGACY_VARIANT|Low Volume With Efficiency|Forest,SSD Phoenix Low Volume With Efficiency,SSD,POLP291,FORECAST_ONLY,False,True,False,0,False,0,0,False,,True,732,0,no observed actual values in the V6.17 Viewer artifact; no model backtest rows
SSD|Phoenix|LEGACY_VARIANT|Low Volume With Efficiency|Forest::QATP289,SSD|Phoenix|LEGACY_VARIANT|Low Volume With Efficiency|Forest,SSD Phoenix Low Volume With Efficiency,SSD,QATP289,FORECAST_ONLY,False,True,False,0,False,0,0,False,,True,732,0,no observed actual values in the V6.17 Viewer artifact; no model backtest rows
SSD|Phoenix|LEGACY_VARIANT|Low Volume With Efficiency|Forest::SGPP274,SSD|Phoenix|LEGACY_VARIANT|Low Volume With Efficiency|Forest,SSD Phoenix Low Volume With Efficiency,SSD,SGPP274,FORECAST_ONLY,False,True,False,0,False,0,0,False,,True,732,0,no observed actual values in the V6.17 Viewer artifact; no model backtest rows
SSD|Phoenix|LEGACY_VARIANT|Low Volume With Efficiency|Forest::SWEP280,SSD|Phoenix|LEGACY_VARIANT|Low Volume With Efficiency|Forest,SSD Phoenix Low Volume With Efficiency,SSD,SWEP280,FORECAST_ONLY,False,True,False,0,False,0,0,False,,True,732,0,no observed actual values in the V6.17 Viewer artifact; no model backtest rows
SSD|Phoenix|LEGACY_VARIANT|Low Volume With Efficiency|Forest::TWNP295,SSD|Phoenix|LEGACY_VARIANT|Low Volume With Efficiency|Forest,SSD Phoenix Low Volume With Efficiency,SSD,TWNP295,FORECAST_ONLY,False,True,False,0,False,0,0,False,,True,732,0,no observed actual values in the V6.17 Viewer artifact; no model backtest rows
SSD|Phoenix|LEGACY_VARIANT|Low Volume With Efficiency|Forest::ZAFP275,SSD|Phoenix|LEGACY_VARIANT|Low Volume With Efficiency|Forest,SSD Phoenix Low Volume With Efficiency,SSD,ZAFP275,FORECAST_ONLY,False,True,False,0,False,0,0,False,,True,732,0,no observed actual values in the V6.17 Viewer artifact; no model backtest rows
