model_name,outlier_count,outlier_percentage,average_severity
ARIMA_Fixed,115,0.03618628067967275,75.47958110524702
ETS_Current,109,0.03429830081812461,31.165785933465806
FixedGrowth_1_5,83,0.026117054751415986,18.463577571152445
FixedGrowth_3,93,0.029263687853996224,16.779807818781652
FixedGrowth_4,113,0.0355569540591567,14.361122066958375
FixedGrowth_6,167,0.05254877281308999,10.899812834645005
LinearRegression,105,0.03303964757709251,17.719180687437515
