[S00] Auth / VPN / SQL gate: COMPLETED (1.88 min, exit=0) budget=OK total_elapsed=0.0m :: SQL=PASS (113s); dir+sleep+orphans verified
[S01] Ingestion: COMPLETED (7.06 min, exit=0) budget=OK total_elapsed=7.1m :: [2026-06-27 19:44:48] INFO export_hdd_region - Export completed
[S02] Transform: COMPLETED (0.02 min, exit=0) budget=OK total_elapsed=7.1m :: [2026-06-27 19:44:50] INFO build_data_contract - Stage 4.1 data contract build completed
  [S03a] ARIMA_Fixed      Statistical      job 1/3178 (  0.0%) win=1/12 elapsed=  0.0m eta= 14.4m fin~19:59 model_complete
  [S03a] ETS_Current      Statistical      job 1/3178 (  0.0%) win=1/12 elapsed=  0.0m eta= 14.6m fin~19:59 model_complete
  [S03a] FixedGrowth_1_5  Growth baseline  job 1/3178 (  0.0%) win=1/12 elapsed=  0.0m eta= 14.7m fin~19:59 model_complete
  [S03a] FixedGrowth_3    Growth baseline  job 1/3178 (  0.0%) win=1/12 elapsed=  0.0m eta= 14.8m fin~19:59 model_complete
  [S03a] FixedGrowth_4    Growth baseline  job 1/3178 (  0.0%) win=1/12 elapsed=  0.0m eta= 14.9m fin~19:59 model_complete
  [S03a] FixedGrowth_6    Growth baseline  job 1/3178 (  0.0%) win=1/12 elapsed=  0.0m eta= 15.0m fin~19:59 model_complete
  [S03a] LinearRegression Machine learning job 1/3178 (  0.0%) win=2/12 elapsed=  0.0m eta= 15.3m fin~20:00 model_complete
  [S03a] ARIMA_Fixed      Statistical      job 2/3178 (  0.1%) win=2/12 elapsed=  0.0m eta=  7.7m fin~19:52 model_complete
  [S03a] ETS_Current      Statistical      job 2/3178 (  0.1%) win=2/12 elapsed=  0.0m eta=  7.8m fin~19:52 model_complete
  [S03a] FixedGrowth_1_5  Growth baseline  job 2/3178 (  0.1%) win=2/12 elapsed=  0.0m eta=  7.8m fin~19:52 model_complete
  [S03a] FixedGrowth_3    Growth baseline  job 2/3178 (  0.1%) win=2/12 elapsed=  0.0m eta=  7.9m fin~19:52 model_complete
  [S03a] FixedGrowth_4    Growth baseline  job 2/3178 (  0.1%) win=2/12 elapsed=  0.0m eta=  7.9m fin~19:52 model_complete
  [S03a] FixedGrowth_6    Growth baseline  job 2/3178 (  0.1%) win=2/12 elapsed=  0.0m eta=  8.0m fin~19:52 model_complete
  [S03a] LinearRegression Machine learning job 2/3178 (  0.1%) win=3/12 elapsed=  0.0m eta=  8.1m fin~19:52 model_complete
  [S03a] ARIMA_Fixed      Statistical      job 3/3178 (  0.1%) win=3/12 elapsed=  0.0m eta=  5.5m fin~19:50 model_complete
  [S03a] ETS_Current      Statistical      job 3/3178 (  0.1%) win=3/12 elapsed=  0.0m eta=  5.5m fin~19:50 model_complete
  [S03a] FixedGrowth_1_5  Growth baseline  job 3/3178 (  0.1%) win=3/12 elapsed=  0.0m eta=  5.6m fin~19:50 model_complete
  [S03a] FixedGrowth_3    Growth baseline  job 3/3178 (  0.1%) win=3/12 elapsed=  0.0m eta=  5.6m fin~19:50 model_complete
  [S03a] FixedGrowth_4    Growth baseline  job 3/3178 (  0.1%) win=3/12 elapsed=  0.0m eta=  5.7m fin~19:50 model_complete
  [S03a] FixedGrowth_6    Growth baseline  job 3/3178 (  0.1%) win=3/12 elapsed=  0.0m eta=  5.7m fin~19:50 model_complete
  [S03a] LinearRegression Machine learning job 3/3178 (  0.1%) win=4/12 elapsed=  0.0m eta=  5.8m fin~19:50 model_complete
  [S03a] ARIMA_Fixed      Statistical      job 4/3178 (  0.1%) win=4/12 elapsed=  0.0m eta=  4.4m fin~19:49 model_complete
  [S03a] ETS_Current      Statistical      job 4/3178 (  0.1%) win=4/12 elapsed=  0.0m eta=  4.4m fin~19:49 model_complete
  [S03a] FixedGrowth_1_5  Growth baseline  job 4/3178 (  0.1%) win=4/12 elapsed=  0.0m eta=  4.5m fin~19:49 model_complete
  [S03a] FixedGrowth_3    Growth baseline  job 25/3178 (  0.8%) win=4/12 elapsed=  0.0m eta=  0.7m fin~19:45 running
  [S03a] FixedGrowth_3    Growth baseline  job 4/3178 (  0.1%) win=4/12 elapsed=  0.0m eta=  4.6m fin~19:49 model_complete
  [S03a] FixedGrowth_4    Growth baseline  job 4/3178 (  0.1%) win=4/12 elapsed=  0.0m eta=  4.6m fin~19:49 model_complete
  [S03a] FixedGrowth_6    Growth baseline  job 4/3178 (  0.1%) win=4/12 elapsed=  0.0m eta=  4.7m fin~19:49 model_complete
  [S03a] LinearRegression Machine learning job 4/3178 (  0.1%) win=5/12 elapsed=  0.0m eta=  4.7m fin~19:49 model_complete
  [S03a] ARIMA_Fixed      Statistical      job 5/3178 (  0.2%) win=5/12 elapsed=  0.0m eta=  3.8m fin~19:48 model_complete
  [S03a] ETS_Current      Statistical      job 5/3178 (  0.2%) win=5/12 elapsed=  0.0m eta=  3.8m fin~19:48 model_complete
  [S03a] FixedGrowth_1_5  Growth baseline  job 5/3178 (  0.2%) win=5/12 elapsed=  0.0m eta=  3.9m fin~19:48 model_complete
  [S03a] FixedGrowth_3    Growth baseline  job 5/3178 (  0.2%) win=5/12 elapsed=  0.0m eta=  3.9m fin~19:48 model_complete
  [S03a] FixedGrowth_4    Growth baseline  job 5/3178 (  0.2%) win=5/12 elapsed=  0.0m eta=  3.9m fin~19:48 model_complete
  [S03a] FixedGrowth_6    Growth baseline  job 5/3178 (  0.2%) win=5/12 elapsed=  0.0m eta=  3.9m fin~19:48 model_complete
  [S03a] LinearRegression Machine learning job 5/3178 (  0.2%) win=6/12 elapsed=  0.0m eta=  4.0m fin~19:48 model_complete
  [S03a] ARIMA_Fixed      Statistical      job 6/3178 (  0.2%) win=6/12 elapsed=  0.0m eta=  3.3m fin~19:48 model_complete
  [S03a] ETS_Current      Statistical      job 6/3178 (  0.2%) win=6/12 elapsed=  0.0m eta=  3.4m fin~19:48 model_complete
  [S03a] FixedGrowth_1_5  Growth baseline  job 6/3178 (  0.2%) win=6/12 elapsed=  0.0m eta=  3.4m fin~19:48 model_complete
  [S03a] FixedGrowth_3    Growth baseline  job 6/3178 (  0.2%) win=6/12 elapsed=  0.0m eta=  3.4m fin~19:48 model_complete
  [S03a] FixedGrowth_4    Growth baseline  job 6/3178 (  0.2%) win=6/12 elapsed=  0.0m eta=  3.4m fin~19:48 model_complete
  [S03a] FixedGrowth_6    Growth baseline  job 6/3178 (  0.2%) win=6/12 elapsed=  0.0m eta=  3.4m fin~19:48 model_complete
  [S03a] LinearRegression Machine learning job 6/3178 (  0.2%) win=7/12 elapsed=  0.0m eta=  3.4m fin~19:48 model_complete
  [S03a] ARIMA_Fixed      Statistical      job 7/3178 (  0.2%) win=7/12 elapsed=  0.0m eta=  3.0m fin~19:47 model_complete
  [S03a] ETS_Current      Statistical      job 7/3178 (  0.2%) win=7/12 elapsed=  0.0m eta=  3.0m fin~19:47 model_complete
  [S03a] FixedGrowth_1_5  Growth baseline  job 7/3178 (  0.2%) win=7/12 elapsed=  0.0m eta=  3.0m fin~19:47 model_complete
  [S03a] FixedGrowth_3    Growth baseline  job 7/3178 (  0.2%) win=7/12 elapsed=  0.0m eta=  3.0m fin~19:47 model_complete
  [S03a] FixedGrowth_4    Growth baseline  job 7/3178 (  0.2%) win=7/12 elapsed=  0.0m eta=  3.1m fin~19:47 model_complete
  [S03a] FixedGrowth_6    Growth baseline  job 7/3178 (  0.2%) win=7/12 elapsed=  0.0m eta=  3.1m fin~19:47 model_complete
  [S03a] LinearRegression Machine learning job 7/3178 (  0.2%) win=8/12 elapsed=  0.0m eta=  3.2m fin~19:48 model_complete
  [S03a] ARIMA_Fixed      Statistical      job 50/3178 (  1.6%) win=8/12 elapsed=  0.0m eta=  0.4m fin~19:45 running
  [S03a] ARIMA_Fixed      Statistical      job 8/3178 (  0.3%) win=8/12 elapsed=  0.0m eta=  2.8m fin~19:47 model_complete
  [S03a] ETS_Current      Statistical      job 8/3178 (  0.3%) win=8/12 elapsed=  0.0m eta=  2.8m fin~19:47 model_complete
  [S03a] FixedGrowth_1_5  Growth baseline  job 8/3178 (  0.3%) win=8/12 elapsed=  0.0m eta=  2.8m fin~19:47 model_complete
  [S03a] FixedGrowth_3    Growth baseline  job 8/3178 (  0.3%) win=8/12 elapsed=  0.0m eta=  2.9m fin~19:47 model_complete
  [S03a] FixedGrowth_4    Growth baseline  job 8/3178 (  0.3%) win=8/12 elapsed=  0.0m eta=  2.9m fin~19:47 model_complete
  [S03a] FixedGrowth_6    Growth baseline  job 8/3178 (  0.3%) win=8/12 elapsed=  0.0m eta=  2.9m fin~19:47 model_complete
  [S03a] LinearRegression Machine learning job 8/3178 (  0.3%) win=9/12 elapsed=  0.0m eta=  3.0m fin~19:47 model_complete
  [S03a] ARIMA_Fixed      Statistical      job 9/3178 (  0.3%) win=9/12 elapsed=  0.0m eta=  2.6m fin~19:47 model_complete
  [S03a] ETS_Current      Statistical      job 9/3178 (  0.3%) win=9/12 elapsed=  0.0m eta=  2.6m fin~19:47 model_complete
  [S03a] FixedGrowth_1_5  Growth baseline  job 9/3178 (  0.3%) win=9/12 elapsed=  0.0m eta=  2.7m fin~19:47 model_complete
  [S03a] FixedGrowth_3    Growth baseline  job 9/3178 (  0.3%) win=9/12 elapsed=  0.0m eta=  2.7m fin~19:47 model_complete
  [S03a] FixedGrowth_4    Growth baseline  job 9/3178 (  0.3%) win=9/12 elapsed=  0.0m eta=  2.7m fin~19:47 model_complete
  [S03a] FixedGrowth_6    Growth baseline  job 9/3178 (  0.3%) win=9/12 elapsed=  0.0m eta=  2.7m fin~19:47 model_complete
  [S03a] LinearRegression Machine learning job 9/3178 (  0.3%) win=10/12 elapsed=  0.0m eta=  2.7m fin~19:47 model_complete
  [S03a] ARIMA_Fixed      Statistical      job 10/3178 (  0.3%) win=10/12 elapsed=  0.0m eta=  2.5m fin~19:47 model_complete
  [S03a] ETS_Current      Statistical      job 10/3178 (  0.3%) win=10/12 elapsed=  0.0m eta=  2.5m fin~19:47 model_complete
  [S03a] FixedGrowth_1_5  Growth baseline  job 10/3178 (  0.3%) win=10/12 elapsed=  0.0m eta=  2.5m fin~19:47 model_complete
  [S03a] FixedGrowth_3    Growth baseline  job 10/3178 (  0.3%) win=10/12 elapsed=  0.0m eta=  2.5m fin~19:47 model_complete
  [S03a] FixedGrowth_4    Growth baseline  job 10/3178 (  0.3%) win=10/12 elapsed=  0.0m eta=  2.5m fin~19:47 model_complete
  [S03a] FixedGrowth_6    Growth baseline  job 10/3178 (  0.3%) win=10/12 elapsed=  0.0m eta=  2.5m fin~19:47 model_complete
  [S03a] LinearRegression Machine learning job 10/3178 (  0.3%) win=11/12 elapsed=  0.0m eta=  2.5m fin~19:47 model_complete
  [S03a] ARIMA_Fixed      Statistical      job 11/3178 (  0.3%) win=11/12 elapsed=  0.0m eta=  2.3m fin~19:47 model_complete
  [S03a] ETS_Current      Statistical      job 11/3178 (  0.3%) win=11/12 elapsed=  0.0m eta=  2.3m fin~19:47 model_complete
  [S03a] FixedGrowth_1_5  Growth baseline  job 11/3178 (  0.3%) win=11/12 elapsed=  0.0m eta=  2.3m fin~19:47 model_complete
  [S03a] FixedGrowth_3    Growth baseline  job 11/3178 (  0.3%) win=11/12 elapsed=  0.0m eta=  2.4m fin~19:47 model_complete
  [S03a] FixedGrowth_4    Growth baseline  job 75/3178 (  2.4%) win=11/12 elapsed=  0.0m eta=  0.3m fin~19:45 running
  [S03a] FixedGrowth_4    Growth baseline  job 11/3178 (  0.3%) win=11/12 elapsed=  0.0m eta=  2.4m fin~19:47 model_complete
  [S03a] FixedGrowth_6    Growth baseline  job 11/3178 (  0.3%) win=11/12 elapsed=  0.0m eta=  2.4m fin~19:47 model_complete
  [S03a] LinearRegression Machine learning job 11/3178 (  0.3%) win=12/12 elapsed=  0.0m eta=  2.4m fin~19:47 model_complete
  [S03a] ARIMA_Fixed      Statistical      job 12/3178 (  0.4%) win=12/12 elapsed=  0.0m eta=  2.2m fin~19:47 model_complete
  [S03a] ETS_Current      Statistical      job 12/3178 (  0.4%) win=12/12 elapsed=  0.0m eta=  2.2m fin~19:47 model_complete
  [S03a] FixedGrowth_1_5  Growth baseline  job 12/3178 (  0.4%) win=12/12 elapsed=  0.0m eta=  2.2m fin~19:47 model_complete
  [S03a] FixedGrowth_3    Growth baseline  job 12/3178 (  0.4%) win=12/12 elapsed=  0.0m eta=  2.3m fin~19:47 model_complete
  [S03a] FixedGrowth_4    Growth baseline  job 12/3178 (  0.4%) win=12/12 elapsed=  0.0m eta=  2.3m fin~19:47 model_complete
  [S03a] FixedGrowth_6    Growth baseline  job 12/3178 (  0.4%) win=12/12 elapsed=  0.0m eta=  2.3m fin~19:47 model_complete
  [S03a] LinearRegression Machine learning job 12/3178 (  0.4%) win=1/12 elapsed=  0.0m eta=  2.3m fin~19:47 model_complete
  [S03a] ARIMA_Fixed      Statistical      job 13/3178 (  0.4%) win=1/12 elapsed=  0.0m eta=  2.1m fin~19:47 model_complete
  [S03a] ETS_Current      Statistical      job 13/3178 (  0.4%) win=1/12 elapsed=  0.0m eta=  2.2m fin~19:47 model_complete
  [S03a] FixedGrowth_1_5  Growth baseline  job 13/3178 (  0.4%) win=1/12 elapsed=  0.0m eta=  2.2m fin~19:47 model_complete
  [S03a] FixedGrowth_3    Growth baseline  job 13/3178 (  0.4%) win=1/12 elapsed=  0.0m eta=  2.2m fin~19:47 model_complete
  [S03a] FixedGrowth_4    Growth baseline  job 13/3178 (  0.4%) win=1/12 elapsed=  0.0m eta=  2.2m fin~19:47 model_complete
  [S03a] FixedGrowth_6    Growth baseline  job 13/3178 (  0.4%) win=1/12 elapsed=  0.0m eta=  2.2m fin~19:47 model_complete
  [S03a] LinearRegression Machine learning job 13/3178 (  0.4%) win=2/12 elapsed=  0.0m eta=  2.2m fin~19:47 model_complete
  [S03a] ARIMA_Fixed      Statistical      job 14/3178 (  0.4%) win=2/12 elapsed=  0.0m eta=  2.1m fin~19:46 model_complete
  [S03a] ETS_Current      Statistical      job 14/3178 (  0.4%) win=2/12 elapsed=  0.0m eta=  2.1m fin~19:46 model_complete
  [S03a] FixedGrowth_1_5  Growth baseline  job 14/3178 (  0.4%) win=2/12 elapsed=  0.0m eta=  2.1m fin~19:46 model_complete
  [S03a] FixedGrowth_3    Growth baseline  job 14/3178 (  0.4%) win=2/12 elapsed=  0.0m eta=  2.1m fin~19:46 model_complete
  [S03a] FixedGrowth_4    Growth baseline  job 14/3178 (  0.4%) win=2/12 elapsed=  0.0m eta=  2.1m fin~19:46 model_complete
  [S03a] FixedGrowth_6    Growth baseline  job 14/3178 (  0.4%) win=2/12 elapsed=  0.0m eta=  2.1m fin~19:47 model_complete
  [S03a] LinearRegression Machine learning job 14/3178 (  0.4%) win=3/12 elapsed=  0.0m eta=  2.2m fin~19:47 model_complete
  [S03a] ARIMA_Fixed      Statistical      job 15/3178 (  0.5%) win=3/12 elapsed=  0.0m eta=  2.0m fin~19:46 model_complete
  [S03a] ETS_Current      Statistical      job 100/3178 (  3.1%) win=3/12 elapsed=  0.0m eta=  0.3m fin~19:45 running
  [S03a] ETS_Current      Statistical      job 15/3178 (  0.5%) win=3/12 elapsed=  0.0m eta=  2.0m fin~19:46 model_complete
  [S03a] FixedGrowth_1_5  Growth baseline  job 15/3178 (  0.5%) win=3/12 elapsed=  0.0m eta=  2.1m fin~19:46 model_complete
  [S03a] FixedGrowth_3    Growth baseline  job 15/3178 (  0.5%) win=3/12 elapsed=  0.0m eta=  2.1m fin~19:46 model_complete
  [S03a] FixedGrowth_4    Growth baseline  job 15/3178 (  0.5%) win=3/12 elapsed=  0.0m eta=  2.1m fin~19:46 model_complete
  [S03a] FixedGrowth_6    Growth baseline  job 15/3178 (  0.5%) win=3/12 elapsed=  0.0m eta=  2.1m fin~19:46 model_complete
  [S03a] LinearRegression Machine learning job 15/3178 (  0.5%) win=4/12 elapsed=  0.0m eta=  2.1m fin~19:46 model_complete
  [S03a] ARIMA_Fixed      Statistical      job 16/3178 (  0.5%) win=4/12 elapsed=  0.0m eta=  2.0m fin~19:46 model_complete
  [S03a] ETS_Current      Statistical      job 16/3178 (  0.5%) win=4/12 elapsed=  0.0m eta=  2.0m fin~19:46 model_complete
  [S03a] FixedGrowth_1_5  Growth baseline  job 16/3178 (  0.5%) win=4/12 elapsed=  0.0m eta=  2.0m fin~19:46 model_complete
  [S03a] FixedGrowth_3    Growth baseline  job 16/3178 (  0.5%) win=4/12 elapsed=  0.0m eta=  2.0m fin~19:46 model_complete
  [S03a] FixedGrowth_4    Growth baseline  job 16/3178 (  0.5%) win=4/12 elapsed=  0.0m eta=  2.1m fin~19:46 model_complete
  [S03a] FixedGrowth_6    Growth baseline  job 16/3178 (  0.5%) win=4/12 elapsed=  0.0m eta=  2.1m fin~19:46 model_complete
  [S03a] LinearRegression Machine learning job 16/3178 (  0.5%) win=5/12 elapsed=  0.0m eta=  2.1m fin~19:46 model_complete
  [S03a] ARIMA_Fixed      Statistical      job 17/3178 (  0.5%) win=5/12 elapsed=  0.0m eta=  2.0m fin~19:46 model_complete
  [S03a] ETS_Current      Statistical      job 17/3178 (  0.5%) win=5/12 elapsed=  0.0m eta=  2.0m fin~19:46 model_complete
  [S03a] FixedGrowth_1_5  Growth baseline  job 17/3178 (  0.5%) win=5/12 elapsed=  0.0m eta=  2.0m fin~19:46 model_complete
  [S03a] FixedGrowth_3    Growth baseline  job 17/3178 (  0.5%) win=5/12 elapsed=  0.0m eta=  2.0m fin~19:46 model_complete
  [S03a] FixedGrowth_4    Growth baseline  job 17/3178 (  0.5%) win=5/12 elapsed=  0.0m eta=  2.0m fin~19:46 model_complete
  [S03a] FixedGrowth_6    Growth baseline  job 17/3178 (  0.5%) win=5/12 elapsed=  0.0m eta=  2.0m fin~19:46 model_complete
  [S03a] LinearRegression Machine learning job 17/3178 (  0.5%) win=6/12 elapsed=  0.0m eta=  2.0m fin~19:46 model_complete
  [S03a] ARIMA_Fixed      Statistical      job 18/3178 (  0.6%) win=6/12 elapsed=  0.0m eta=  1.9m fin~19:46 model_complete
  [S03a] ETS_Current      Statistical      job 18/3178 (  0.6%) win=6/12 elapsed=  0.0m eta=  2.0m fin~19:46 model_complete
  [S03a] FixedGrowth_1_5  Growth baseline  job 18/3178 (  0.6%) win=6/12 elapsed=  0.0m eta=  2.0m fin~19:46 model_complete
  [S03a] FixedGrowth_3    Growth baseline  job 18/3178 (  0.6%) win=6/12 elapsed=  0.0m eta=  2.0m fin~19:46 model_complete
  [S03a] FixedGrowth_4    Growth baseline  job 18/3178 (  0.6%) win=6/12 elapsed=  0.0m eta=  2.0m fin~19:46 model_complete
  [S03a] FixedGrowth_6    Growth baseline  job 125/3178 (  3.9%) win=6/12 elapsed=  0.0m eta=  0.3m fin~19:45 running
  [S03a] FixedGrowth_6    Growth baseline  job 18/3178 (  0.6%) win=6/12 elapsed=  0.0m eta=  2.0m fin~19:46 model_complete
  [S03a] LinearRegression Machine learning job 18/3178 (  0.6%) win=7/12 elapsed=  0.0m eta=  2.0m fin~19:46 model_complete
  [S03a] ARIMA_Fixed      Statistical      job 19/3178 (  0.6%) win=7/12 elapsed=  0.0m eta=  1.9m fin~19:46 model_complete
  [S03a] ETS_Current      Statistical      job 19/3178 (  0.6%) win=7/12 elapsed=  0.0m eta=  1.9m fin~19:46 model_complete
  [S03a] FixedGrowth_1_5  Growth baseline  job 19/3178 (  0.6%) win=7/12 elapsed=  0.0m eta=  1.9m fin~19:46 model_complete
  [S03a] FixedGrowth_3    Growth baseline  job 19/3178 (  0.6%) win=7/12 elapsed=  0.0m eta=  1.9m fin~19:46 model_complete
  [S03a] FixedGrowth_4    Growth baseline  job 19/3178 (  0.6%) win=7/12 elapsed=  0.0m eta=  2.0m fin~19:46 model_complete
  [S03a] FixedGrowth_6    Growth baseline  job 19/3178 (  0.6%) win=7/12 elapsed=  0.0m eta=  2.0m fin~19:46 model_complete
  [S03a] LinearRegression Machine learning job 19/3178 (  0.6%) win=8/12 elapsed=  0.0m eta=  2.0m fin~19:46 model_complete
  [S03a] ARIMA_Fixed      Statistical      job 20/3178 (  0.6%) win=8/12 elapsed=  0.0m eta=  1.9m fin~19:46 model_complete
  [S03a] ETS_Current      Statistical      job 20/3178 (  0.6%) win=8/12 elapsed=  0.0m eta=  1.9m fin~19:46 model_complete
  [S03a] FixedGrowth_1_5  Growth baseline  job 20/3178 (  0.6%) win=8/12 elapsed=  0.0m eta=  1.9m fin~19:46 model_complete
  [S03a] FixedGrowth_3    Growth baseline  job 20/3178 (  0.6%) win=8/12 elapsed=  0.0m eta=  1.9m fin~19:46 model_complete
  [S03a] FixedGrowth_4    Growth baseline  job 20/3178 (  0.6%) win=8/12 elapsed=  0.0m eta=  1.9m fin~19:46 model_complete
  [S03a] FixedGrowth_6    Growth baseline  job 20/3178 (  0.6%) win=8/12 elapsed=  0.0m eta=  1.9m fin~19:46 model_complete
  [S03a] LinearRegression Machine learning job 20/3178 (  0.6%) win=9/12 elapsed=  0.0m eta=  2.0m fin~19:46 model_complete
  [S03a] ARIMA_Fixed      Statistical      job 21/3178 (  0.7%) win=9/12 elapsed=  0.0m eta=  1.9m fin~19:46 model_complete
  [S03a] ETS_Current      Statistical      job 21/3178 (  0.7%) win=9/12 elapsed=  0.0m eta=  1.9m fin~19:46 model_complete
  [S03a] FixedGrowth_1_5  Growth baseline  job 21/3178 (  0.7%) win=9/12 elapsed=  0.0m eta=  1.9m fin~19:46 model_complete
  [S03a] FixedGrowth_3    Growth baseline  job 21/3178 (  0.7%) win=9/12 elapsed=  0.0m eta=  1.9m fin~19:46 model_complete
  [S03a] FixedGrowth_4    Growth baseline  job 21/3178 (  0.7%) win=9/12 elapsed=  0.0m eta=  1.9m fin~19:46 model_complete
  [S03a] FixedGrowth_6    Growth baseline  job 21/3178 (  0.7%) win=9/12 elapsed=  0.0m eta=  1.9m fin~19:46 model_complete
  [S03a] LinearRegression Machine learning job 21/3178 (  0.7%) win=10/12 elapsed=  0.0m eta=  1.9m fin~19:46 model_complete
  [S03a] ARIMA_Fixed      Statistical      job 22/3178 (  0.7%) win=10/12 elapsed=  0.0m eta=  1.9m fin~19:46 model_complete
  [S03a] ETS_Current      Statistical      job 22/3178 (  0.7%) win=10/12 elapsed=  0.0m eta=  1.9m fin~19:46 model_complete
  [S03a] FixedGrowth_1_5  Growth baseline  job 150/3178 (  4.7%) win=10/12 elapsed=  0.0m eta=  0.3m fin~19:45 running
  [S03a] FixedGrowth_1_5  Growth baseline  job 22/3178 (  0.7%) win=10/12 elapsed=  0.0m eta=  1.9m fin~19:46 model_complete
  [S03a] FixedGrowth_3    Growth baseline  job 22/3178 (  0.7%) win=10/12 elapsed=  0.0m eta=  1.9m fin~19:46 model_complete
  [S03a] FixedGrowth_4    Growth baseline  job 22/3178 (  0.7%) win=10/12 elapsed=  0.0m eta=  1.9m fin~19:46 model_complete
  [S03a] FixedGrowth_6    Growth baseline  job 22/3178 (  0.7%) win=10/12 elapsed=  0.0m eta=  1.9m fin~19:46 model_complete
  [S03a] LinearRegression Machine learning job 22/3178 (  0.7%) win=11/12 elapsed=  0.0m eta=  1.9m fin~19:46 model_complete
  [S03a] ARIMA_Fixed      Statistical      job 23/3178 (  0.7%) win=11/12 elapsed=  0.0m eta=  1.9m fin~19:46 model_complete
  [S03a] ETS_Current      Statistical      job 23/3178 (  0.7%) win=11/12 elapsed=  0.0m eta=  1.9m fin~19:46 model_complete
  [S03a] FixedGrowth_1_5  Growth baseline  job 23/3178 (  0.7%) win=11/12 elapsed=  0.0m eta=  1.9m fin~19:46 model_complete
  [S03a] FixedGrowth_3    Growth baseline  job 23/3178 (  0.7%) win=11/12 elapsed=  0.0m eta=  1.9m fin~19:46 model_complete
  [S03a] FixedGrowth_4    Growth baseline  job 23/3178 (  0.7%) win=11/12 elapsed=  0.0m eta=  1.9m fin~19:46 model_complete
  [S03a] FixedGrowth_6    Growth baseline  job 23/3178 (  0.7%) win=11/12 elapsed=  0.0m eta=  1.9m fin~19:46 model_complete
  [S03a] LinearRegression Machine learning job 23/3178 (  0.7%) win=12/12 elapsed=  0.0m eta=  1.9m fin~19:46 model_complete
  [S03a] ARIMA_Fixed      Statistical      job 24/3178 (  0.8%) win=12/12 elapsed=  0.0m eta=  1.8m fin~19:46 model_complete
  [S03a] ETS_Current      Statistical      job 24/3178 (  0.8%) win=12/12 elapsed=  0.0m eta=  1.8m fin~19:46 model_complete
  [S03a] FixedGrowth_1_5  Growth baseline  job 24/3178 (  0.8%) win=12/12 elapsed=  0.0m eta=  1.8m fin~19:46 model_complete
  [S03a] FixedGrowth_3    Growth baseline  job 24/3178 (  0.8%) win=12/12 elapsed=  0.0m eta=  1.9m fin~19:46 model_complete
  [S03a] FixedGrowth_4    Growth baseline  job 24/3178 (  0.8%) win=12/12 elapsed=  0.0m eta=  1.9m fin~19:46 model_complete
  [S03a] FixedGrowth_6    Growth baseline  job 24/3178 (  0.8%) win=12/12 elapsed=  0.0m eta=  1.9m fin~19:46 model_complete
  [S03a] LinearRegression Machine learning job 24/3178 (  0.8%) win=1/12 elapsed=  0.0m eta=  1.9m fin~19:46 model_complete
  [S03a] ARIMA_Fixed      Statistical      job 25/3178 (  0.8%) win=1/12 elapsed=  0.0m eta=  1.8m fin~19:46 model_complete
  [S03a] ETS_Current      Statistical      job 25/3178 (  0.8%) win=1/12 elapsed=  0.0m eta=  1.8m fin~19:46 model_complete
  [S03a] FixedGrowth_1_5  Growth baseline  job 25/3178 (  0.8%) win=1/12 elapsed=  0.0m eta=  1.8m fin~19:46 model_complete
  [S03a] FixedGrowth_3    Growth baseline  job 25/3178 (  0.8%) win=1/12 elapsed=  0.0m eta=  1.8m fin~19:46 model_complete
  [S03a] FixedGrowth_4    Growth baseline  job 25/3178 (  0.8%) win=1/12 elapsed=  0.0m eta=  1.8m fin~19:46 model_complete
  [S03a] FixedGrowth_6    Growth baseline  job 25/3178 (  0.8%) win=1/12 elapsed=  0.0m eta=  1.8m fin~19:46 model_complete
  [S03a] LinearRegression Machine learning job 175/3178 (  5.5%) win=1/12 elapsed=  0.0m eta=  0.2m fin~19:45 running
  [S03a] LinearRegression Machine learning job 25/3178 (  0.8%) win=2/12 elapsed=  0.0m eta=  1.9m fin~19:46 model_complete
  [S03a] ARIMA_Fixed      Statistical      job 26/3178 (  0.8%) win=2/12 elapsed=  0.0m eta=  1.8m fin~19:46 model_complete
  [S03a] ETS_Current      Statistical      job 26/3178 (  0.8%) win=2/12 elapsed=  0.0m eta=  1.8m fin~19:46 model_complete
  [S03a] FixedGrowth_1_5  Growth baseline  job 26/3178 (  0.8%) win=2/12 elapsed=  0.0m eta=  1.8m fin~19:46 model_complete
  [S03a] FixedGrowth_3    Growth baseline  job 26/3178 (  0.8%) win=2/12 elapsed=  0.0m eta=  1.8m fin~19:46 model_complete
  [S03a] FixedGrowth_4    Growth baseline  job 26/3178 (  0.8%) win=2/12 elapsed=  0.0m eta=  1.8m fin~19:46 model_complete
  [S03a] FixedGrowth_6    Growth baseline  job 26/3178 (  0.8%) win=2/12 elapsed=  0.0m eta=  1.8m fin~19:46 model_complete
  [S03a] LinearRegression Machine learning job 26/3178 (  0.8%) win=3/12 elapsed=  0.0m eta=  1.8m fin~19:46 model_complete
  [S03a] ARIMA_Fixed      Statistical      job 27/3178 (  0.8%) win=3/12 elapsed=  0.0m eta=  1.8m fin~19:46 model_complete
  [S03a] ETS_Current      Statistical      job 27/3178 (  0.8%) win=3/12 elapsed=  0.0m eta=  1.8m fin~19:46 model_complete
  [S03a] FixedGrowth_1_5  Growth baseline  job 27/3178 (  0.8%) win=3/12 elapsed=  0.0m eta=  1.8m fin~19:46 model_complete
  [S03a] FixedGrowth_3    Growth baseline  job 27/3178 (  0.8%) win=3/12 elapsed=  0.0m eta=  1.8m fin~19:46 model_complete
  [S03a] FixedGrowth_4    Growth baseline  job 27/3178 (  0.8%) win=3/12 elapsed=  0.0m eta=  1.8m fin~19:46 model_complete
  [S03a] FixedGrowth_6    Growth baseline  job 27/3178 (  0.8%) win=3/12 elapsed=  0.0m eta=  1.8m fin~19:46 model_complete
  [S03a] LinearRegression Machine learning job 27/3178 (  0.8%) win=4/12 elapsed=  0.0m eta=  1.8m fin~19:46 model_complete
  [S03a] ARIMA_Fixed      Statistical      job 28/3178 (  0.9%) win=4/12 elapsed=  0.0m eta=  1.8m fin~19:46 model_complete
  [S03a] ETS_Current      Statistical      job 28/3178 (  0.9%) win=4/12 elapsed=  0.0m eta=  1.8m fin~19:46 model_complete
  [S03a] FixedGrowth_1_5  Growth baseline  job 28/3178 (  0.9%) win=4/12 elapsed=  0.0m eta=  1.8m fin~19:46 model_complete
  [S03a] FixedGrowth_3    Growth baseline  job 28/3178 (  0.9%) win=4/12 elapsed=  0.0m eta=  1.8m fin~19:46 model_complete
  [S03a] FixedGrowth_4    Growth baseline  job 28/3178 (  0.9%) win=4/12 elapsed=  0.0m eta=  1.8m fin~19:46 model_complete
  [S03a] FixedGrowth_6    Growth baseline  job 28/3178 (  0.9%) win=4/12 elapsed=  0.0m eta=  1.8m fin~19:46 model_complete
  [S03a] LinearRegression Machine learning job 28/3178 (  0.9%) win=5/12 elapsed=  0.0m eta=  1.8m fin~19:46 model_complete
  [S03a] ARIMA_Fixed      Statistical      job 29/3178 (  0.9%) win=5/12 elapsed=  0.0m eta=  1.8m fin~19:46 model_complete
  [S03a] ETS_Current      Statistical      job 29/3178 (  0.9%) win=5/12 elapsed=  0.0m eta=  1.8m fin~19:46 model_complete
  [S03a] FixedGrowth_1_5  Growth baseline  job 29/3178 (  0.9%) win=5/12 elapsed=  0.0m eta=  1.8m fin~19:46 model_complete
  [S03a] FixedGrowth_3    Growth baseline  job 200/3178 (  6.3%) win=5/12 elapsed=  0.0m eta=  0.2m fin~19:45 running
  [S03a] FixedGrowth_3    Growth baseline  job 29/3178 (  0.9%) win=5/12 elapsed=  0.0m eta=  1.8m fin~19:46 model_complete
  [S03a] FixedGrowth_4    Growth baseline  job 29/3178 (  0.9%) win=5/12 elapsed=  0.0m eta=  1.8m fin~19:46 model_complete
  [S03a] FixedGrowth_6    Growth baseline  job 29/3178 (  0.9%) win=5/12 elapsed=  0.0m eta=  1.8m fin~19:46 model_complete
  [S03a] LinearRegression Machine learning job 29/3178 (  0.9%) win=6/12 elapsed=  0.0m eta=  1.8m fin~19:46 model_complete
  [S03a] ARIMA_Fixed      Statistical      job 30/3178 (  0.9%) win=6/12 elapsed=  0.0m eta=  1.8m fin~19:46 model_complete
  [S03a] ETS_Current      Statistical      job 30/3178 (  0.9%) win=6/12 elapsed=  0.0m eta=  1.8m fin~19:46 model_complete
  [S03a] FixedGrowth_1_5  Growth baseline  job 30/3178 (  0.9%) win=6/12 elapsed=  0.0m eta=  1.8m fin~19:46 model_complete
  [S03a] FixedGrowth_3    Growth baseline  job 30/3178 (  0.9%) win=6/12 elapsed=  0.0m eta=  1.8m fin~19:46 model_complete
  [S03a] FixedGrowth_4    Growth baseline  job 30/3178 (  0.9%) win=6/12 elapsed=  0.0m eta=  1.8m fin~19:46 model_complete
  [S03a] FixedGrowth_6    Growth baseline  job 30/3178 (  0.9%) win=6/12 elapsed=  0.0m eta=  1.8m fin~19:46 model_complete
  [S03a] LinearRegression Machine learning job 30/3178 (  0.9%) win=7/12 elapsed=  0.0m eta=  1.8m fin~19:46 model_complete
  [S03a] ARIMA_Fixed      Statistical      job 31/3178 (  1.0%) win=7/12 elapsed=  0.0m eta=  1.8m fin~19:46 model_complete
  [S03a] ETS_Current      Statistical      job 31/3178 (  1.0%) win=7/12 elapsed=  0.0m eta=  1.8m fin~19:46 model_complete
  [S03a] FixedGrowth_1_5  Growth baseline  job 31/3178 (  1.0%) win=7/12 elapsed=  0.0m eta=  1.8m fin~19:46 model_complete
  [S03a] FixedGrowth_3    Growth baseline  job 31/3178 (  1.0%) win=7/12 elapsed=  0.0m eta=  1.8m fin~19:46 model_complete
  [S03a] FixedGrowth_4    Growth baseline  job 31/3178 (  1.0%) win=7/12 elapsed=  0.0m eta=  1.8m fin~19:46 model_complete
  [S03a] FixedGrowth_6    Growth baseline  job 31/3178 (  1.0%) win=7/12 elapsed=  0.0m eta=  1.8m fin~19:46 model_complete
  [S03a] LinearRegression Machine learning job 31/3178 (  1.0%) win=8/12 elapsed=  0.0m eta=  1.8m fin~19:46 model_complete
  [S03a] ARIMA_Fixed      Statistical      job 32/3178 (  1.0%) win=8/12 elapsed=  0.0m eta=  1.7m fin~19:46 model_complete
  [S03a] ETS_Current      Statistical      job 32/3178 (  1.0%) win=8/12 elapsed=  0.0m eta=  1.8m fin~19:46 model_complete
  [S03a] FixedGrowth_1_5  Growth baseline  job 32/3178 (  1.0%) win=8/12 elapsed=  0.0m eta=  1.8m fin~19:46 model_complete
  [S03a] FixedGrowth_3    Growth baseline  job 32/3178 (  1.0%) win=8/12 elapsed=  0.0m eta=  1.8m fin~19:46 model_complete
  [S03a] FixedGrowth_4    Growth baseline  job 32/3178 (  1.0%) win=8/12 elapsed=  0.0m eta=  1.8m fin~19:46 model_complete
  [S03a] FixedGrowth_6    Growth baseline  job 32/3178 (  1.0%) win=8/12 elapsed=  0.0m eta=  1.8m fin~19:46 model_complete
  [S03a] LinearRegression Machine learning job 32/3178 (  1.0%) win=9/12 elapsed=  0.0m eta=  1.8m fin~19:46 model_complete
  [S03a] ARIMA_Fixed      Statistical      job 225/3178 (  7.1%) win=9/12 elapsed=  0.0m eta=  0.2m fin~19:45 running
  [S03a] ARIMA_Fixed      Statistical      job 33/3178 (  1.0%) win=9/12 elapsed=  0.0m eta=  1.7m fin~19:46 model_complete
  [S03a] ETS_Current      Statistical      job 33/3178 (  1.0%) win=9/12 elapsed=  0.0m eta=  1.7m fin~19:46 model_complete
  [S03a] FixedGrowth_1_5  Growth baseline  job 33/3178 (  1.0%) win=9/12 elapsed=  0.0m eta=  1.8m fin~19:46 model_complete
  [S03a] FixedGrowth_3    Growth baseline  job 33/3178 (  1.0%) win=9/12 elapsed=  0.0m eta=  1.8m fin~19:46 model_complete
  [S03a] FixedGrowth_4    Growth baseline  job 33/3178 (  1.0%) win=9/12 elapsed=  0.0m eta=  1.8m fin~19:46 model_complete
  [S03a] FixedGrowth_6    Growth baseline  job 33/3178 (  1.0%) win=9/12 elapsed=  0.0m eta=  1.8m fin~19:46 model_complete
  [S03a] LinearRegression Machine learning job 33/3178 (  1.0%) win=10/12 elapsed=  0.0m eta=  1.8m fin~19:46 model_complete
  [S03a] ARIMA_Fixed      Statistical      job 34/3178 (  1.1%) win=10/12 elapsed=  0.0m eta=  1.7m fin~19:46 model_complete
  [S03a] ETS_Current      Statistical      job 34/3178 (  1.1%) win=10/12 elapsed=  0.0m eta=  1.7m fin~19:46 model_complete
  [S03a] FixedGrowth_1_5  Growth baseline  job 34/3178 (  1.1%) win=10/12 elapsed=  0.0m eta=  1.7m fin~19:46 model_complete
  [S03a] FixedGrowth_3    Growth baseline  job 34/3178 (  1.1%) win=10/12 elapsed=  0.0m eta=  1.7m fin~19:46 model_complete
  [S03a] FixedGrowth_4    Growth baseline  job 34/3178 (  1.1%) win=10/12 elapsed=  0.0m eta=  1.7m fin~19:46 model_complete
  [S03a] FixedGrowth_6    Growth baseline  job 34/3178 (  1.1%) win=10/12 elapsed=  0.0m eta=  1.8m fin~19:46 model_complete
  [S03a] LinearRegression Machine learning job 34/3178 (  1.1%) win=11/12 elapsed=  0.0m eta=  1.8m fin~19:46 model_complete
  [S03a] ARIMA_Fixed      Statistical      job 35/3178 (  1.1%) win=11/12 elapsed=  0.0m eta=  1.7m fin~19:46 model_complete
  [S03a] ETS_Current      Statistical      job 35/3178 (  1.1%) win=11/12 elapsed=  0.0m eta=  1.7m fin~19:46 model_complete
  [S03a] FixedGrowth_1_5  Growth baseline  job 35/3178 (  1.1%) win=11/12 elapsed=  0.0m eta=  1.7m fin~19:46 model_complete
  [S03a] FixedGrowth_3    Growth baseline  job 35/3178 (  1.1%) win=11/12 elapsed=  0.0m eta=  1.7m fin~19:46 model_complete
  [S03a] FixedGrowth_4    Growth baseline  job 35/3178 (  1.1%) win=11/12 elapsed=  0.0m eta=  1.7m fin~19:46 model_complete
  [S03a] FixedGrowth_6    Growth baseline  job 35/3178 (  1.1%) win=11/12 elapsed=  0.0m eta=  1.7m fin~19:46 model_complete
  [S03a] LinearRegression Machine learning job 35/3178 (  1.1%) win=12/12 elapsed=  0.0m eta=  1.8m fin~19:46 model_complete
  [S03a] ARIMA_Fixed      Statistical      job 36/3178 (  1.1%) win=12/12 elapsed=  0.0m eta=  1.7m fin~19:46 model_complete
  [S03a] ETS_Current      Statistical      job 36/3178 (  1.1%) win=12/12 elapsed=  0.0m eta=  1.7m fin~19:46 model_complete
  [S03a] FixedGrowth_1_5  Growth baseline  job 36/3178 (  1.1%) win=12/12 elapsed=  0.0m eta=  1.7m fin~19:46 model_complete
  [S03a] FixedGrowth_3    Growth baseline  job 36/3178 (  1.1%) win=12/12 elapsed=  0.0m eta=  1.7m fin~19:46 model_complete
  [S03a] FixedGrowth_4    Growth baseline  job 250/3178 (  7.9%) win=12/12 elapsed=  0.0m eta=  0.2m fin~19:45 running
  [S03a] FixedGrowth_4    Growth baseline  job 36/3178 (  1.1%) win=12/12 elapsed=  0.0m eta=  1.7m fin~19:46 model_complete
  [S03a] FixedGrowth_6    Growth baseline  job 36/3178 (  1.1%) win=12/12 elapsed=  0.0m eta=  1.7m fin~19:46 model_complete
  [S03a] LinearRegression Machine learning job 36/3178 (  1.1%) win=1/12 elapsed=  0.0m eta=  1.8m fin~19:46 model_complete
  [S03a] ARIMA_Fixed      Statistical      job 37/3178 (  1.2%) win=1/12 elapsed=  0.0m eta=  1.7m fin~19:46 model_complete
  [S03a] ETS_Current      Statistical      job 37/3178 (  1.2%) win=1/12 elapsed=  0.0m eta=  1.7m fin~19:46 model_complete
  [S03a] FixedGrowth_1_5  Growth baseline  job 37/3178 (  1.2%) win=1/12 elapsed=  0.0m eta=  1.7m fin~19:46 model_complete
  [S03a] FixedGrowth_3    Growth baseline  job 37/3178 (  1.2%) win=1/12 elapsed=  0.0m eta=  1.7m fin~19:46 model_complete
  [S03a] FixedGrowth_4    Growth baseline  job 37/3178 (  1.2%) win=1/12 elapsed=  0.0m eta=  1.7m fin~19:46 model_complete
  [S03a] FixedGrowth_6    Growth baseline  job 37/3178 (  1.2%) win=1/12 elapsed=  0.0m eta=  1.7m fin~19:46 model_complete
  [S03a] LinearRegression Machine learning job 37/3178 (  1.2%) win=2/12 elapsed=  0.0m eta=  1.8m fin~19:46 model_complete
  [S03a] ARIMA_Fixed      Statistical      job 38/3178 (  1.2%) win=2/12 elapsed=  0.0m eta=  1.7m fin~19:46 model_complete
  [S03a] ETS_Current      Statistical      job 38/3178 (  1.2%) win=2/12 elapsed=  0.0m eta=  1.7m fin~19:46 model_complete
  [S03a] FixedGrowth_1_5  Growth baseline  job 38/3178 (  1.2%) win=2/12 elapsed=  0.0m eta=  1.7m fin~19:46 model_complete
  [S03a] FixedGrowth_3    Growth baseline  job 38/3178 (  1.2%) win=2/12 elapsed=  0.0m eta=  1.7m fin~19:46 model_complete
  [S03a] FixedGrowth_4    Growth baseline  job 38/3178 (  1.2%) win=2/12 elapsed=  0.0m eta=  1.7m fin~19:46 model_complete
  [S03a] FixedGrowth_6    Growth baseline  job 38/3178 (  1.2%) win=2/12 elapsed=  0.0m eta=  1.7m fin~19:46 model_complete
  [S03a] LinearRegression Machine learning job 38/3178 (  1.2%) win=3/12 elapsed=  0.0m eta=  1.7m fin~19:46 model_complete
  [S03a] ARIMA_Fixed      Statistical      job 39/3178 (  1.2%) win=3/12 elapsed=  0.0m eta=  1.7m fin~19:46 model_complete
  [S03a] ETS_Current      Statistical      job 39/3178 (  1.2%) win=3/12 elapsed=  0.0m eta=  1.7m fin~19:46 model_complete
  [S03a] FixedGrowth_1_5  Growth baseline  job 39/3178 (  1.2%) win=3/12 elapsed=  0.0m eta=  1.7m fin~19:46 model_complete
  [S03a] FixedGrowth_3    Growth baseline  job 39/3178 (  1.2%) win=3/12 elapsed=  0.0m eta=  1.7m fin~19:46 model_complete
  [S03a] FixedGrowth_4    Growth baseline  job 39/3178 (  1.2%) win=3/12 elapsed=  0.0m eta=  1.7m fin~19:46 model_complete
  [S03a] FixedGrowth_6    Growth baseline  job 39/3178 (  1.2%) win=3/12 elapsed=  0.0m eta=  1.7m fin~19:46 model_complete
  [S03a] LinearRegression Machine learning job 39/3178 (  1.2%) win=4/12 elapsed=  0.0m eta=  1.7m fin~19:46 model_complete
  [S03a] ARIMA_Fixed      Statistical      job 40/3178 (  1.3%) win=4/12 elapsed=  0.0m eta=  1.7m fin~19:46 model_complete
  [S03a] ETS_Current      Statistical      job 275/3178 (  8.7%) win=4/12 elapsed=  0.0m eta=  0.2m fin~19:45 running
  [S03a] ETS_Current      Statistical      job 40/3178 (  1.3%) win=4/12 elapsed=  0.0m eta=  1.7m fin~19:46 model_complete
  [S03a] FixedGrowth_1_5  Growth baseline  job 40/3178 (  1.3%) win=4/12 elapsed=  0.0m eta=  1.7m fin~19:46 model_complete
  [S03a] FixedGrowth_3    Growth baseline  job 40/3178 (  1.3%) win=4/12 elapsed=  0.0m eta=  1.7m fin~19:46 model_complete
  [S03a] FixedGrowth_4    Growth baseline  job 40/3178 (  1.3%) win=4/12 elapsed=  0.0m eta=  1.7m fin~19:46 model_complete
  [S03a] FixedGrowth_6    Growth baseline  job 40/3178 (  1.3%) win=4/12 elapsed=  0.0m eta=  1.7m fin~19:46 model_complete
  [S03a] LinearRegression Machine learning job 40/3178 (  1.3%) win=5/12 elapsed=  0.0m eta=  1.7m fin~19:46 model_complete
  [S03a] ARIMA_Fixed      Statistical      job 41/3178 (  1.3%) win=5/12 elapsed=  0.0m eta=  1.7m fin~19:46 model_complete
  [S03a] ETS_Current      Statistical      job 41/3178 (  1.3%) win=5/12 elapsed=  0.0m eta=  1.7m fin~19:46 model_complete
  [S03a] FixedGrowth_1_5  Growth baseline  job 41/3178 (  1.3%) win=5/12 elapsed=  0.0m eta=  1.7m fin~19:46 model_complete
  [S03a] FixedGrowth_3    Growth baseline  job 41/3178 (  1.3%) win=5/12 elapsed=  0.0m eta=  1.7m fin~19:46 model_complete
  [S03a] FixedGrowth_4    Growth baseline  job 41/3178 (  1.3%) win=5/12 elapsed=  0.0m eta=  1.7m fin~19:46 model_complete
  [S03a] FixedGrowth_6    Growth baseline  job 41/3178 (  1.3%) win=5/12 elapsed=  0.0m eta=  1.7m fin~19:46 model_complete
  [S03a] LinearRegression Machine learning job 41/3178 (  1.3%) win=6/12 elapsed=  0.0m eta=  1.7m fin~19:46 model_complete
  [S03a] ARIMA_Fixed      Statistical      job 42/3178 (  1.3%) win=6/12 elapsed=  0.0m eta=  1.7m fin~19:46 model_complete
  [S03a] ETS_Current      Statistical      job 42/3178 (  1.3%) win=6/12 elapsed=  0.0m eta=  1.7m fin~19:46 model_complete
  [S03a] FixedGrowth_1_5  Growth baseline  job 42/3178 (  1.3%) win=6/12 elapsed=  0.0m eta=  1.7m fin~19:46 model_complete
  [S03a] FixedGrowth_3    Growth baseline  job 42/3178 (  1.3%) win=6/12 elapsed=  0.0m eta=  1.7m fin~19:46 model_complete
  [S03a] FixedGrowth_4    Growth baseline  job 42/3178 (  1.3%) win=6/12 elapsed=  0.0m eta=  1.7m fin~19:46 model_complete
  [S03a] FixedGrowth_6    Growth baseline  job 42/3178 (  1.3%) win=6/12 elapsed=  0.0m eta=  1.7m fin~19:46 model_complete
  [S03a] LinearRegression Machine learning job 42/3178 (  1.3%) win=7/12 elapsed=  0.0m eta=  1.7m fin~19:46 model_complete
  [S03a] ARIMA_Fixed      Statistical      job 43/3178 (  1.4%) win=7/12 elapsed=  0.0m eta=  1.7m fin~19:46 model_complete
  [S03a] ETS_Current      Statistical      job 43/3178 (  1.4%) win=7/12 elapsed=  0.0m eta=  1.7m fin~19:46 model_complete
  [S03a] FixedGrowth_1_5  Growth baseline  job 43/3178 (  1.4%) win=7/12 elapsed=  0.0m eta=  1.7m fin~19:46 model_complete
  [S03a] FixedGrowth_3    Growth baseline  job 43/3178 (  1.4%) win=7/12 elapsed=  0.0m eta=  1.7m fin~19:46 model_complete
  [S03a] FixedGrowth_4    Growth baseline  job 43/3178 (  1.4%) win=7/12 elapsed=  0.0m eta=  1.7m fin~19:46 model_complete
  [S03a] FixedGrowth_6    Growth baseline  job 300/3178 (  9.4%) win=7/12 elapsed=  0.0m eta=  0.2m fin~19:45 running
  [S03a] FixedGrowth_6    Growth baseline  job 43/3178 (  1.4%) win=7/12 elapsed=  0.0m eta=  1.7m fin~19:46 model_complete
  [S03a] LinearRegression Machine learning job 43/3178 (  1.4%) win=8/12 elapsed=  0.0m eta=  1.7m fin~19:46 model_complete
  [S03a] ARIMA_Fixed      Statistical      job 44/3178 (  1.4%) win=8/12 elapsed=  0.0m eta=  1.7m fin~19:46 model_complete
  [S03a] ETS_Current      Statistical      job 44/3178 (  1.4%) win=8/12 elapsed=  0.0m eta=  1.7m fin~19:46 model_complete
  [S03a] FixedGrowth_1_5  Growth baseline  job 44/3178 (  1.4%) win=8/12 elapsed=  0.0m eta=  1.7m fin~19:46 model_complete
  [S03a] FixedGrowth_3    Growth baseline  job 44/3178 (  1.4%) win=8/12 elapsed=  0.0m eta=  1.7m fin~19:46 model_complete
  [S03a] FixedGrowth_4    Growth baseline  job 44/3178 (  1.4%) win=8/12 elapsed=  0.0m eta=  1.7m fin~19:46 model_complete
  [S03a] FixedGrowth_6    Growth baseline  job 44/3178 (  1.4%) win=8/12 elapsed=  0.0m eta=  1.7m fin~19:46 model_complete
  [S03a] LinearRegression Machine learning job 44/3178 (  1.4%) win=9/12 elapsed=  0.0m eta=  1.7m fin~19:46 model_complete
  [S03a] ARIMA_Fixed      Statistical      job 45/3178 (  1.4%) win=9/12 elapsed=  0.0m eta=  1.7m fin~19:46 model_complete
  [S03a] ETS_Current      Statistical      job 45/3178 (  1.4%) win=9/12 elapsed=  0.0m eta=  1.7m fin~19:46 model_complete
  [S03a] FixedGrowth_1_5  Growth baseline  job 45/3178 (  1.4%) win=9/12 elapsed=  0.0m eta=  1.7m fin~19:46 model_complete
  [S03a] FixedGrowth_3    Growth baseline  job 45/3178 (  1.4%) win=9/12 elapsed=  0.0m eta=  1.7m fin~19:46 model_complete
  [S03a] FixedGrowth_4    Growth baseline  job 45/3178 (  1.4%) win=9/12 elapsed=  0.0m eta=  1.7m fin~19:46 model_complete
  [S03a] FixedGrowth_6    Growth baseline  job 45/3178 (  1.4%) win=9/12 elapsed=  0.0m eta=  1.7m fin~19:46 model_complete
  [S03a] LinearRegression Machine learning job 45/3178 (  1.4%) win=10/12 elapsed=  0.0m eta=  1.7m fin~19:46 model_complete
  [S03a] ARIMA_Fixed      Statistical      job 46/3178 (  1.4%) win=10/12 elapsed=  0.0m eta=  1.7m fin~19:46 model_complete
  [S03a] ETS_Current      Statistical      job 46/3178 (  1.4%) win=10/12 elapsed=  0.0m eta=  1.7m fin~19:46 model_complete
  [S03a] FixedGrowth_1_5  Growth baseline  job 46/3178 (  1.4%) win=10/12 elapsed=  0.0m eta=  1.7m fin~19:46 model_complete
  [S03a] FixedGrowth_3    Growth baseline  job 46/3178 (  1.4%) win=10/12 elapsed=  0.0m eta=  1.7m fin~19:46 model_complete
  [S03a] FixedGrowth_4    Growth baseline  job 46/3178 (  1.4%) win=10/12 elapsed=  0.0m eta=  1.7m fin~19:46 model_complete
  [S03a] FixedGrowth_6    Growth baseline  job 46/3178 (  1.4%) win=10/12 elapsed=  0.0m eta=  1.7m fin~19:46 model_complete
  [S03a] LinearRegression Machine learning job 46/3178 (  1.4%) win=11/12 elapsed=  0.0m eta=  1.7m fin~19:46 model_complete
  [S03a] ARIMA_Fixed      Statistical      job 47/3178 (  1.5%) win=11/12 elapsed=  0.0m eta=  1.7m fin~19:46 model_complete
  [S03a] ETS_Current      Statistical      job 47/3178 (  1.5%) win=11/12 elapsed=  0.0m eta=  1.7m fin~19:46 model_complete
  [S03a] FixedGrowth_1_5  Growth baseline  job 325/3178 ( 10.2%) win=11/12 elapsed=  0.0m eta=  0.2m fin~19:45 running
  [S03a] FixedGrowth_1_5  Growth baseline  job 47/3178 (  1.5%) win=11/12 elapsed=  0.0m eta=  1.7m fin~19:46 model_complete
  [S03a] FixedGrowth_3    Growth baseline  job 47/3178 (  1.5%) win=11/12 elapsed=  0.0m eta=  1.7m fin~19:46 model_complete
  [S03a] FixedGrowth_4    Growth baseline  job 47/3178 (  1.5%) win=11/12 elapsed=  0.0m eta=  1.7m fin~19:46 model_complete
  [S03a] FixedGrowth_6    Growth baseline  job 47/3178 (  1.5%) win=11/12 elapsed=  0.0m eta=  1.7m fin~19:46 model_complete
  [S03a] LinearRegression Machine learning job 47/3178 (  1.5%) win=12/12 elapsed=  0.0m eta=  1.7m fin~19:46 model_complete
  [S03a] ARIMA_Fixed      Statistical      job 48/3178 (  1.5%) win=12/12 elapsed=  0.0m eta=  1.6m fin~19:46 model_complete
  [S03a] ETS_Current      Statistical      job 48/3178 (  1.5%) win=12/12 elapsed=  0.0m eta=  1.7m fin~19:46 model_complete
  [S03a] FixedGrowth_1_5  Growth baseline  job 48/3178 (  1.5%) win=12/12 elapsed=  0.0m eta=  1.7m fin~19:46 model_complete
  [S03a] FixedGrowth_3    Growth baseline  job 48/3178 (  1.5%) win=12/12 elapsed=  0.0m eta=  1.7m fin~19:46 model_complete
  [S03a] FixedGrowth_4    Growth baseline  job 48/3178 (  1.5%) win=12/12 elapsed=  0.0m eta=  1.7m fin~19:46 model_complete
  [S03a] FixedGrowth_6    Growth baseline  job 48/3178 (  1.5%) win=12/12 elapsed=  0.0m eta=  1.7m fin~19:46 model_complete
  [S03a] LinearRegression Machine learning job 48/3178 (  1.5%) win=1/12 elapsed=  0.0m eta=  1.7m fin~19:46 model_complete
  [S03a] ARIMA_Fixed      Statistical      job 49/3178 (  1.5%) win=1/12 elapsed=  0.0m eta=  1.6m fin~19:46 model_complete
  [S03a] ETS_Current      Statistical      job 49/3178 (  1.5%) win=1/12 elapsed=  0.0m eta=  1.6m fin~19:46 model_complete
  [S03a] FixedGrowth_1_5  Growth baseline  job 49/3178 (  1.5%) win=1/12 elapsed=  0.0m eta=  1.7m fin~19:46 model_complete
  [S03a] FixedGrowth_3    Growth baseline  job 49/3178 (  1.5%) win=1/12 elapsed=  0.0m eta=  1.7m fin~19:46 model_complete
  [S03a] FixedGrowth_4    Growth baseline  job 49/3178 (  1.5%) win=1/12 elapsed=  0.0m eta=  1.7m fin~19:46 model_complete
  [S03a] FixedGrowth_6    Growth baseline  job 49/3178 (  1.5%) win=1/12 elapsed=  0.0m eta=  1.7m fin~19:46 model_complete
  [S03a] LinearRegression Machine learning job 49/3178 (  1.5%) win=2/12 elapsed=  0.0m eta=  1.7m fin~19:46 model_complete
  [S03a] ARIMA_Fixed      Statistical      job 50/3178 (  1.6%) win=2/12 elapsed=  0.0m eta=  1.6m fin~19:46 model_complete
  [S03a] ETS_Current      Statistical      job 50/3178 (  1.6%) win=2/12 elapsed=  0.0m eta=  1.6m fin~19:46 model_complete
  [S03a] FixedGrowth_1_5  Growth baseline  job 50/3178 (  1.6%) win=2/12 elapsed=  0.0m eta=  1.7m fin~19:46 model_complete
  [S03a] FixedGrowth_3    Growth baseline  job 50/3178 (  1.6%) win=2/12 elapsed=  0.0m eta=  1.7m fin~19:46 model_complete
  [S03a] FixedGrowth_4    Growth baseline  job 50/3178 (  1.6%) win=2/12 elapsed=  0.0m eta=  1.7m fin~19:46 model_complete
  [S03a] FixedGrowth_6    Growth baseline  job 50/3178 (  1.6%) win=2/12 elapsed=  0.0m eta=  1.7m fin~19:46 model_complete
  [S03a] LinearRegression Machine learning job 350/3178 ( 11.0%) win=2/12 elapsed=  0.0m eta=  0.2m fin~19:45 running
  [S03a] LinearRegression Machine learning job 50/3178 (  1.6%) win=3/12 elapsed=  0.0m eta=  1.7m fin~19:46 model_complete
  [S03a] ARIMA_Fixed      Statistical      job 51/3178 (  1.6%) win=3/12 elapsed=  0.0m eta=  1.6m fin~19:46 model_complete
  [S03a] ETS_Current      Statistical      job 51/3178 (  1.6%) win=3/12 elapsed=  0.0m eta=  1.6m fin~19:46 model_complete
  [S03a] FixedGrowth_1_5  Growth baseline  job 51/3178 (  1.6%) win=3/12 elapsed=  0.0m eta=  1.6m fin~19:46 model_complete
  [S03a] FixedGrowth_3    Growth baseline  job 51/3178 (  1.6%) win=3/12 elapsed=  0.0m eta=  1.7m fin~19:46 model_complete
  [S03a] FixedGrowth_4    Growth baseline  job 51/3178 (  1.6%) win=3/12 elapsed=  0.0m eta=  1.7m fin~19:46 model_complete
  [S03a] FixedGrowth_6    Growth baseline  job 51/3178 (  1.6%) win=3/12 elapsed=  0.0m eta=  1.7m fin~19:46 model_complete
  [S03a] LinearRegression Machine learning job 51/3178 (  1.6%) win=4/12 elapsed=  0.0m eta=  1.7m fin~19:46 model_complete
  [S03a] ARIMA_Fixed      Statistical      job 52/3178 (  1.6%) win=4/12 elapsed=  0.0m eta=  1.6m fin~19:46 model_complete
  [S03a] ETS_Current      Statistical      job 52/3178 (  1.6%) win=4/12 elapsed=  0.0m eta=  1.6m fin~19:46 model_complete
  [S03a] FixedGrowth_1_5  Growth baseline  job 52/3178 (  1.6%) win=4/12 elapsed=  0.0m eta=  1.6m fin~19:46 model_complete
  [S03a] FixedGrowth_3    Growth baseline  job 52/3178 (  1.6%) win=4/12 elapsed=  0.0m eta=  1.6m fin~19:46 model_complete
  [S03a] FixedGrowth_4    Growth baseline  job 52/3178 (  1.6%) win=4/12 elapsed=  0.0m eta=  1.6m fin~19:46 model_complete
  [S03a] FixedGrowth_6    Growth baseline  job 52/3178 (  1.6%) win=4/12 elapsed=  0.0m eta=  1.7m fin~19:46 model_complete
  [S03a] LinearRegression Machine learning job 52/3178 (  1.6%) win=5/12 elapsed=  0.0m eta=  1.7m fin~19:46 model_complete
  [S03a] ARIMA_Fixed      Statistical      job 53/3178 (  1.7%) win=5/12 elapsed=  0.0m eta=  1.6m fin~19:46 model_complete
  [S03a] ETS_Current      Statistical      job 53/3178 (  1.7%) win=5/12 elapsed=  0.0m eta=  1.6m fin~19:46 model_complete
  [S03a] FixedGrowth_1_5  Growth baseline  job 53/3178 (  1.7%) win=5/12 elapsed=  0.0m eta=  1.6m fin~19:46 model_complete
  [S03a] FixedGrowth_3    Growth baseline  job 53/3178 (  1.7%) win=5/12 elapsed=  0.0m eta=  1.6m fin~19:46 model_complete
  [S03a] FixedGrowth_4    Growth baseline  job 53/3178 (  1.7%) win=5/12 elapsed=  0.0m eta=  1.6m fin~19:46 model_complete
  [S03a] FixedGrowth_6    Growth baseline  job 53/3178 (  1.7%) win=5/12 elapsed=  0.0m eta=  1.6m fin~19:46 model_complete
  [S03a] LinearRegression Machine learning job 53/3178 (  1.7%) win=6/12 elapsed=  0.0m eta=  1.7m fin~19:46 model_complete
  [S03a] ARIMA_Fixed      Statistical      job 54/3178 (  1.7%) win=6/12 elapsed=  0.0m eta=  1.6m fin~19:46 model_complete
  [S03a] ETS_Current      Statistical      job 54/3178 (  1.7%) win=6/12 elapsed=  0.0m eta=  1.6m fin~19:46 model_complete
  [S03a] FixedGrowth_1_5  Growth baseline  job 54/3178 (  1.7%) win=6/12 elapsed=  0.0m eta=  1.6m fin~19:46 model_complete
  [S03a] FixedGrowth_3    Growth baseline  job 375/3178 ( 11.8%) win=6/12 elapsed=  0.0m eta=  0.2m fin~19:45 running
  [S03a] FixedGrowth_3    Growth baseline  job 54/3178 (  1.7%) win=6/12 elapsed=  0.0m eta=  1.6m fin~19:46 model_complete
  [S03a] FixedGrowth_4    Growth baseline  job 54/3178 (  1.7%) win=6/12 elapsed=  0.0m eta=  1.6m fin~19:46 model_complete
  [S03a] FixedGrowth_6    Growth baseline  job 54/3178 (  1.7%) win=6/12 elapsed=  0.0m eta=  1.6m fin~19:46 model_complete
  [S03a] LinearRegression Machine learning job 54/3178 (  1.7%) win=7/12 elapsed=  0.0m eta=  1.7m fin~19:46 model_complete
  [S03a] ARIMA_Fixed      Statistical      job 55/3178 (  1.7%) win=7/12 elapsed=  0.0m eta=  1.6m fin~19:46 model_complete
  [S03a] ETS_Current      Statistical      job 55/3178 (  1.7%) win=7/12 elapsed=  0.0m eta=  1.6m fin~19:46 model_complete
  [S03a] FixedGrowth_1_5  Growth baseline  job 55/3178 (  1.7%) win=7/12 elapsed=  0.0m eta=  1.6m fin~19:46 model_complete
  [S03a] FixedGrowth_3    Growth baseline  job 55/3178 (  1.7%) win=7/12 elapsed=  0.0m eta=  1.6m fin~19:46 model_complete
  [S03a] FixedGrowth_4    Growth baseline  job 55/3178 (  1.7%) win=7/12 elapsed=  0.0m eta=  1.6m fin~19:46 model_complete
  [S03a] FixedGrowth_6    Growth baseline  job 55/3178 (  1.7%) win=7/12 elapsed=  0.0m eta=  1.7m fin~19:46 model_complete
  [S03a] LinearRegression Machine learning job 55/3178 (  1.7%) win=8/12 elapsed=  0.0m eta=  1.7m fin~19:46 model_complete
  [S03a] ARIMA_Fixed      Statistical      job 56/3178 (  1.8%) win=8/12 elapsed=  0.0m eta=  1.6m fin~19:46 model_complete
  [S03a] ETS_Current      Statistical      job 56/3178 (  1.8%) win=8/12 elapsed=  0.0m eta=  1.6m fin~19:46 model_complete
  [S03a] FixedGrowth_1_5  Growth baseline  job 56/3178 (  1.8%) win=8/12 elapsed=  0.0m eta=  1.6m fin~19:46 model_complete
  [S03a] FixedGrowth_3    Growth baseline  job 56/3178 (  1.8%) win=8/12 elapsed=  0.0m eta=  1.6m fin~19:46 model_complete
  [S03a] FixedGrowth_4    Growth baseline  job 56/3178 (  1.8%) win=8/12 elapsed=  0.0m eta=  1.6m fin~19:46 model_complete
  [S03a] FixedGrowth_6    Growth baseline  job 56/3178 (  1.8%) win=8/12 elapsed=  0.0m eta=  1.7m fin~19:46 model_complete
  [S03a] LinearRegression Machine learning job 56/3178 (  1.8%) win=9/12 elapsed=  0.0m eta=  1.7m fin~19:46 model_complete
  [S03a] ARIMA_Fixed      Statistical      job 57/3178 (  1.8%) win=9/12 elapsed=  0.0m eta=  1.6m fin~19:46 model_complete
  [S03a] ETS_Current      Statistical      job 57/3178 (  1.8%) win=9/12 elapsed=  0.0m eta=  1.6m fin~19:46 model_complete
  [S03a] FixedGrowth_1_5  Growth baseline  job 57/3178 (  1.8%) win=9/12 elapsed=  0.0m eta=  1.6m fin~19:46 model_complete
  [S03a] FixedGrowth_3    Growth baseline  job 57/3178 (  1.8%) win=9/12 elapsed=  0.0m eta=  1.6m fin~19:46 model_complete
  [S03a] FixedGrowth_4    Growth baseline  job 57/3178 (  1.8%) win=9/12 elapsed=  0.0m eta=  1.7m fin~19:46 model_complete
  [S03a] FixedGrowth_6    Growth baseline  job 57/3178 (  1.8%) win=9/12 elapsed=  0.0m eta=  1.7m fin~19:46 model_complete
  [S03a] LinearRegression Machine learning job 57/3178 (  1.8%) win=10/12 elapsed=  0.0m eta=  1.7m fin~19:46 model_complete
  [S03a] ARIMA_Fixed      Statistical      job 400/3178 ( 12.6%) win=10/12 elapsed=  0.0m eta=  0.2m fin~19:45 running
  [S03a] ARIMA_Fixed      Statistical      job 58/3178 (  1.8%) win=10/12 elapsed=  0.0m eta=  1.6m fin~19:46 model_complete
  [S03a] ETS_Current      Statistical      job 58/3178 (  1.8%) win=10/12 elapsed=  0.0m eta=  1.6m fin~19:46 model_complete
  [S03a] FixedGrowth_1_5  Growth baseline  job 58/3178 (  1.8%) win=10/12 elapsed=  0.0m eta=  1.6m fin~19:46 model_complete
  [S03a] FixedGrowth_3    Growth baseline  job 58/3178 (  1.8%) win=10/12 elapsed=  0.0m eta=  1.7m fin~19:46 model_complete
  [S03a] FixedGrowth_4    Growth baseline  job 58/3178 (  1.8%) win=10/12 elapsed=  0.0m eta=  1.7m fin~19:46 model_complete
  [S03a] FixedGrowth_6    Growth baseline  job 58/3178 (  1.8%) win=10/12 elapsed=  0.0m eta=  1.7m fin~19:46 model_complete
  [S03a] LinearRegression Machine learning job 58/3178 (  1.8%) win=11/12 elapsed=  0.0m eta=  1.7m fin~19:46 model_complete
  [S03a] ARIMA_Fixed      Statistical      job 59/3178 (  1.9%) win=11/12 elapsed=  0.0m eta=  1.6m fin~19:46 model_complete
  [S03a] ETS_Current      Statistical      job 59/3178 (  1.9%) win=11/12 elapsed=  0.0m eta=  1.7m fin~19:46 model_complete
  [S03a] FixedGrowth_1_5  Growth baseline  job 59/3178 (  1.9%) win=11/12 elapsed=  0.0m eta=  1.7m fin~19:46 model_complete
  [S03a] FixedGrowth_3    Growth baseline  job 59/3178 (  1.9%) win=11/12 elapsed=  0.0m eta=  1.7m fin~19:46 model_complete
  [S03a] FixedGrowth_4    Growth baseline  job 59/3178 (  1.9%) win=11/12 elapsed=  0.0m eta=  1.7m fin~19:46 model_complete
  [S03a] FixedGrowth_6    Growth baseline  job 59/3178 (  1.9%) win=11/12 elapsed=  0.0m eta=  1.7m fin~19:46 model_complete
  [S03a] LinearRegression Machine learning job 59/3178 (  1.9%) win=12/12 elapsed=  0.0m eta=  1.7m fin~19:46 model_complete
  [S03a] ARIMA_Fixed      Statistical      job 60/3178 (  1.9%) win=12/12 elapsed=  0.0m eta=  1.6m fin~19:46 model_complete
  [S03a] ETS_Current      Statistical      job 60/3178 (  1.9%) win=12/12 elapsed=  0.0m eta=  1.7m fin~19:46 model_complete
  [S03a] FixedGrowth_1_5  Growth baseline  job 60/3178 (  1.9%) win=12/12 elapsed=  0.0m eta=  1.7m fin~19:46 model_complete
  [S03a] FixedGrowth_3    Growth baseline  job 60/3178 (  1.9%) win=12/12 elapsed=  0.0m eta=  1.7m fin~19:46 model_complete
  [S03a] FixedGrowth_4    Growth baseline  job 60/3178 (  1.9%) win=12/12 elapsed=  0.0m eta=  1.7m fin~19:46 model_complete
  [S03a] FixedGrowth_6    Growth baseline  job 60/3178 (  1.9%) win=12/12 elapsed=  0.0m eta=  1.7m fin~19:46 model_complete
  [S03a] LinearRegression Machine learning job 60/3178 (  1.9%) win=1/12 elapsed=  0.0m eta=  1.7m fin~19:46 model_complete
  [S03a] ARIMA_Fixed      Statistical      job 61/3178 (  1.9%) win=1/12 elapsed=  0.0m eta=  1.6m fin~19:46 model_complete
  [S03a] ETS_Current      Statistical      job 61/3178 (  1.9%) win=1/12 elapsed=  0.0m eta=  1.7m fin~19:46 model_complete
  [S03a] FixedGrowth_1_5  Growth baseline  job 61/3178 (  1.9%) win=1/12 elapsed=  0.0m eta=  1.7m fin~19:46 model_complete
  [S03a] FixedGrowth_3    Growth baseline  job 61/3178 (  1.9%) win=1/12 elapsed=  0.0m eta=  1.7m fin~19:46 model_complete
  [S03a] FixedGrowth_4    Growth baseline  job 425/3178 ( 13.4%) win=1/12 elapsed=  0.0m eta=  0.2m fin~19:45 running
  [S03a] FixedGrowth_4    Growth baseline  job 61/3178 (  1.9%) win=1/12 elapsed=  0.0m eta=  1.7m fin~19:46 model_complete
  [S03a] FixedGrowth_6    Growth baseline  job 61/3178 (  1.9%) win=1/12 elapsed=  0.0m eta=  1.7m fin~19:46 model_complete
  [S03a] LinearRegression Machine learning job 61/3178 (  1.9%) win=2/12 elapsed=  0.0m eta=  1.7m fin~19:46 model_complete
  [S03a] ARIMA_Fixed      Statistical      job 62/3178 (  2.0%) win=2/12 elapsed=  0.0m eta=  1.6m fin~19:46 model_complete
  [S03a] ETS_Current      Statistical      job 62/3178 (  2.0%) win=2/12 elapsed=  0.0m eta=  1.6m fin~19:46 model_complete
  [S03a] FixedGrowth_1_5  Growth baseline  job 62/3178 (  2.0%) win=2/12 elapsed=  0.0m eta=  1.6m fin~19:46 model_complete
  [S03a] FixedGrowth_3    Growth baseline  job 62/3178 (  2.0%) win=2/12 elapsed=  0.0m eta=  1.6m fin~19:46 model_complete
  [S03a] FixedGrowth_4    Growth baseline  job 62/3178 (  2.0%) win=2/12 elapsed=  0.0m eta=  1.6m fin~19:46 model_complete
  [S03a] FixedGrowth_6    Growth baseline  job 62/3178 (  2.0%) win=2/12 elapsed=  0.0m eta=  1.6m fin~19:46 model_complete
  [S03a] LinearRegression Machine learning job 62/3178 (  2.0%) win=3/12 elapsed=  0.0m eta=  1.7m fin~19:46 model_complete
  [S03a] ARIMA_Fixed      Statistical      job 63/3178 (  2.0%) win=3/12 elapsed=  0.0m eta=  1.6m fin~19:46 model_complete
  [S03a] ETS_Current      Statistical      job 63/3178 (  2.0%) win=3/12 elapsed=  0.0m eta=  1.6m fin~19:46 model_complete
  [S03a] FixedGrowth_1_5  Growth baseline  job 63/3178 (  2.0%) win=3/12 elapsed=  0.0m eta=  1.6m fin~19:46 model_complete
  [S03a] FixedGrowth_3    Growth baseline  job 63/3178 (  2.0%) win=3/12 elapsed=  0.0m eta=  1.6m fin~19:46 model_complete
  [S03a] FixedGrowth_4    Growth baseline  job 63/3178 (  2.0%) win=3/12 elapsed=  0.0m eta=  1.6m fin~19:46 model_complete
  [S03a] FixedGrowth_6    Growth baseline  job 63/3178 (  2.0%) win=3/12 elapsed=  0.0m eta=  1.6m fin~19:46 model_complete
  [S03a] LinearRegression Machine learning job 63/3178 (  2.0%) win=4/12 elapsed=  0.0m eta=  1.6m fin~19:46 model_complete
  [S03a] ARIMA_Fixed      Statistical      job 64/3178 (  2.0%) win=4/12 elapsed=  0.0m eta=  1.6m fin~19:46 model_complete
  [S03a] ETS_Current      Statistical      job 64/3178 (  2.0%) win=4/12 elapsed=  0.0m eta=  1.6m fin~19:46 model_complete
  [S03a] FixedGrowth_1_5  Growth baseline  job 64/3178 (  2.0%) win=4/12 elapsed=  0.0m eta=  1.6m fin~19:46 model_complete
  [S03a] FixedGrowth_3    Growth baseline  job 64/3178 (  2.0%) win=4/12 elapsed=  0.0m eta=  1.6m fin~19:46 model_complete
  [S03a] FixedGrowth_4    Growth baseline  job 64/3178 (  2.0%) win=4/12 elapsed=  0.0m eta=  1.6m fin~19:46 model_complete
  [S03a] FixedGrowth_6    Growth baseline  job 64/3178 (  2.0%) win=4/12 elapsed=  0.0m eta=  1.6m fin~19:46 model_complete
  [S03a] LinearRegression Machine learning job 64/3178 (  2.0%) win=5/12 elapsed=  0.0m eta=  1.6m fin~19:46 model_complete
  [S03a] ARIMA_Fixed      Statistical      job 65/3178 (  2.0%) win=5/12 elapsed=  0.0m eta=  1.6m fin~19:46 model_complete
  [S03a] ETS_Current      Statistical      job 450/3178 ( 14.2%) win=5/12 elapsed=  0.0m eta=  0.2m fin~19:45 running
  [S03a] ETS_Current      Statistical      job 65/3178 (  2.0%) win=5/12 elapsed=  0.0m eta=  1.6m fin~19:46 model_complete
  [S03a] FixedGrowth_1_5  Growth baseline  job 65/3178 (  2.0%) win=5/12 elapsed=  0.0m eta=  1.6m fin~19:46 model_complete
  [S03a] FixedGrowth_3    Growth baseline  job 65/3178 (  2.0%) win=5/12 elapsed=  0.0m eta=  1.6m fin~19:46 model_complete
  [S03a] FixedGrowth_4    Growth baseline  job 65/3178 (  2.0%) win=5/12 elapsed=  0.0m eta=  1.6m fin~19:46 model_complete
  [S03a] FixedGrowth_6    Growth baseline  job 65/3178 (  2.0%) win=5/12 elapsed=  0.0m eta=  1.6m fin~19:46 model_complete
  [S03a] LinearRegression Machine learning job 65/3178 (  2.0%) win=6/12 elapsed=  0.0m eta=  1.6m fin~19:46 model_complete
  [S03a] ARIMA_Fixed      Statistical      job 66/3178 (  2.1%) win=6/12 elapsed=  0.0m eta=  1.6m fin~19:46 model_complete
  [S03a] ETS_Current      Statistical      job 66/3178 (  2.1%) win=6/12 elapsed=  0.0m eta=  1.6m fin~19:46 model_complete
  [S03a] FixedGrowth_1_5  Growth baseline  job 66/3178 (  2.1%) win=6/12 elapsed=  0.0m eta=  1.6m fin~19:46 model_complete
  [S03a] FixedGrowth_3    Growth baseline  job 66/3178 (  2.1%) win=6/12 elapsed=  0.0m eta=  1.6m fin~19:46 model_complete
  [S03a] FixedGrowth_4    Growth baseline  job 66/3178 (  2.1%) win=6/12 elapsed=  0.0m eta=  1.6m fin~19:46 model_complete
  [S03a] FixedGrowth_6    Growth baseline  job 66/3178 (  2.1%) win=6/12 elapsed=  0.0m eta=  1.6m fin~19:46 model_complete
  [S03a] LinearRegression Machine learning job 66/3178 (  2.1%) win=7/12 elapsed=  0.0m eta=  1.6m fin~19:46 model_complete
  [S03a] ARIMA_Fixed      Statistical      job 67/3178 (  2.1%) win=7/12 elapsed=  0.0m eta=  1.6m fin~19:46 model_complete
  [S03a] ETS_Current      Statistical      job 67/3178 (  2.1%) win=7/12 elapsed=  0.0m eta=  1.6m fin~19:46 model_complete
  [S03a] FixedGrowth_1_5  Growth baseline  job 67/3178 (  2.1%) win=7/12 elapsed=  0.0m eta=  1.6m fin~19:46 model_complete
  [S03a] FixedGrowth_3    Growth baseline  job 67/3178 (  2.1%) win=7/12 elapsed=  0.0m eta=  1.6m fin~19:46 model_complete
  [S03a] FixedGrowth_4    Growth baseline  job 67/3178 (  2.1%) win=7/12 elapsed=  0.0m eta=  1.6m fin~19:46 model_complete
  [S03a] FixedGrowth_6    Growth baseline  job 67/3178 (  2.1%) win=7/12 elapsed=  0.0m eta=  1.6m fin~19:46 model_complete
  [S03a] LinearRegression Machine learning job 67/3178 (  2.1%) win=8/12 elapsed=  0.0m eta=  1.6m fin~19:46 model_complete
  [S03a] ARIMA_Fixed      Statistical      job 68/3178 (  2.1%) win=8/12 elapsed=  0.0m eta=  1.6m fin~19:46 model_complete
  [S03a] ETS_Current      Statistical      job 68/3178 (  2.1%) win=8/12 elapsed=  0.0m eta=  1.6m fin~19:46 model_complete
  [S03a] FixedGrowth_1_5  Growth baseline  job 68/3178 (  2.1%) win=8/12 elapsed=  0.0m eta=  1.6m fin~19:46 model_complete
  [S03a] FixedGrowth_3    Growth baseline  job 68/3178 (  2.1%) win=8/12 elapsed=  0.0m eta=  1.6m fin~19:46 model_complete
  [S03a] FixedGrowth_4    Growth baseline  job 68/3178 (  2.1%) win=8/12 elapsed=  0.0m eta=  1.6m fin~19:46 model_complete
  [S03a] FixedGrowth_6    Growth baseline  job 475/3178 ( 14.9%) win=8/12 elapsed=  0.0m eta=  0.2m fin~19:45 running
  [S03a] FixedGrowth_6    Growth baseline  job 68/3178 (  2.1%) win=8/12 elapsed=  0.0m eta=  1.6m fin~19:46 model_complete
  [S03a] LinearRegression Machine learning job 68/3178 (  2.1%) win=9/12 elapsed=  0.0m eta=  1.6m fin~19:46 model_complete
  [S03a] ARIMA_Fixed      Statistical      job 69/3178 (  2.2%) win=9/12 elapsed=  0.0m eta=  1.6m fin~19:46 model_complete
  [S03a] ETS_Current      Statistical      job 69/3178 (  2.2%) win=9/12 elapsed=  0.0m eta=  1.6m fin~19:46 model_complete
  [S03a] FixedGrowth_1_5  Growth baseline  job 69/3178 (  2.2%) win=9/12 elapsed=  0.0m eta=  1.6m fin~19:46 model_complete
  [S03a] FixedGrowth_3    Growth baseline  job 69/3178 (  2.2%) win=9/12 elapsed=  0.0m eta=  1.6m fin~19:46 model_complete
  [S03a] FixedGrowth_4    Growth baseline  job 69/3178 (  2.2%) win=9/12 elapsed=  0.0m eta=  1.6m fin~19:46 model_complete
  [S03a] FixedGrowth_6    Growth baseline  job 69/3178 (  2.2%) win=9/12 elapsed=  0.0m eta=  1.6m fin~19:46 model_complete
  [S03a] LinearRegression Machine learning job 69/3178 (  2.2%) win=10/12 elapsed=  0.0m eta=  1.6m fin~19:46 model_complete
  [S03a] ARIMA_Fixed      Statistical      job 70/3178 (  2.2%) win=10/12 elapsed=  0.0m eta=  1.6m fin~19:46 model_complete
  [S03a] ETS_Current      Statistical      job 70/3178 (  2.2%) win=10/12 elapsed=  0.0m eta=  1.6m fin~19:46 model_complete
  [S03a] FixedGrowth_1_5  Growth baseline  job 70/3178 (  2.2%) win=10/12 elapsed=  0.0m eta=  1.6m fin~19:46 model_complete
  [S03a] FixedGrowth_3    Growth baseline  job 70/3178 (  2.2%) win=10/12 elapsed=  0.0m eta=  1.6m fin~19:46 model_complete
  [S03a] FixedGrowth_4    Growth baseline  job 70/3178 (  2.2%) win=10/12 elapsed=  0.0m eta=  1.6m fin~19:46 model_complete
  [S03a] FixedGrowth_6    Growth baseline  job 70/3178 (  2.2%) win=10/12 elapsed=  0.0m eta=  1.6m fin~19:46 model_complete
  [S03a] LinearRegression Machine learning job 70/3178 (  2.2%) win=11/12 elapsed=  0.0m eta=  1.6m fin~19:46 model_complete
  [S03a] ARIMA_Fixed      Statistical      job 71/3178 (  2.2%) win=11/12 elapsed=  0.0m eta=  1.6m fin~19:46 model_complete
  [S03a] ETS_Current      Statistical      job 71/3178 (  2.2%) win=11/12 elapsed=  0.0m eta=  1.6m fin~19:46 model_complete
  [S03a] FixedGrowth_1_5  Growth baseline  job 71/3178 (  2.2%) win=11/12 elapsed=  0.0m eta=  1.6m fin~19:46 model_complete
  [S03a] FixedGrowth_3    Growth baseline  job 71/3178 (  2.2%) win=11/12 elapsed=  0.0m eta=  1.6m fin~19:46 model_complete
  [S03a] FixedGrowth_4    Growth baseline  job 71/3178 (  2.2%) win=11/12 elapsed=  0.0m eta=  1.6m fin~19:46 model_complete
  [S03a] FixedGrowth_6    Growth baseline  job 71/3178 (  2.2%) win=11/12 elapsed=  0.0m eta=  1.6m fin~19:46 model_complete
  [S03a] LinearRegression Machine learning job 71/3178 (  2.2%) win=12/12 elapsed=  0.0m eta=  1.6m fin~19:46 model_complete
  [S03a] ARIMA_Fixed      Statistical      job 72/3178 (  2.3%) win=12/12 elapsed=  0.0m eta=  1.6m fin~19:46 model_complete
  [S03a] ETS_Current      Statistical      job 72/3178 (  2.3%) win=12/12 elapsed=  0.0m eta=  1.6m fin~19:46 model_complete
  [S03a] FixedGrowth_1_5  Growth baseline  job 500/3178 ( 15.7%) win=12/12 elapsed=  0.0m eta=  0.2m fin~19:45 running
  [S03a] FixedGrowth_1_5  Growth baseline  job 72/3178 (  2.3%) win=12/12 elapsed=  0.0m eta=  1.6m fin~19:46 model_complete
  [S03a] FixedGrowth_3    Growth baseline  job 72/3178 (  2.3%) win=12/12 elapsed=  0.0m eta=  1.6m fin~19:46 model_complete
  [S03a] FixedGrowth_4    Growth baseline  job 72/3178 (  2.3%) win=12/12 elapsed=  0.0m eta=  1.6m fin~19:46 model_complete
  [S03a] FixedGrowth_6    Growth baseline  job 72/3178 (  2.3%) win=12/12 elapsed=  0.0m eta=  1.6m fin~19:46 model_complete
  [S03a] LinearRegression Machine learning job 72/3178 (  2.3%) win=1/12 elapsed=  0.0m eta=  1.6m fin~19:46 model_complete
  [S03a] ARIMA_Fixed      Statistical      job 73/3178 (  2.3%) win=1/12 elapsed=  0.0m eta=  1.6m fin~19:46 model_complete
  [S03a] ETS_Current      Statistical      job 73/3178 (  2.3%) win=1/12 elapsed=  0.0m eta=  1.6m fin~19:46 model_complete
  [S03a] FixedGrowth_1_5  Growth baseline  job 73/3178 (  2.3%) win=1/12 elapsed=  0.0m eta=  1.6m fin~19:46 model_complete
  [S03a] FixedGrowth_3    Growth baseline  job 73/3178 (  2.3%) win=1/12 elapsed=  0.0m eta=  1.6m fin~19:46 model_complete
  [S03a] FixedGrowth_4    Growth baseline  job 73/3178 (  2.3%) win=1/12 elapsed=  0.0m eta=  1.6m fin~19:46 model_complete
  [S03a] FixedGrowth_6    Growth baseline  job 73/3178 (  2.3%) win=1/12 elapsed=  0.0m eta=  1.6m fin~19:46 model_complete
  [S03a] LinearRegression Machine learning job 73/3178 (  2.3%) win=2/12 elapsed=  0.0m eta=  1.6m fin~19:46 model_complete
  [S03a] ARIMA_Fixed      Statistical      job 74/3178 (  2.3%) win=2/12 elapsed=  0.0m eta=  1.5m fin~19:46 model_complete
  [S03a] ETS_Current      Statistical      job 74/3178 (  2.3%) win=2/12 elapsed=  0.0m eta=  1.5m fin~19:46 model_complete
  [S03a] FixedGrowth_1_5  Growth baseline  job 74/3178 (  2.3%) win=2/12 elapsed=  0.0m eta=  1.5m fin~19:46 model_complete
  [S03a] FixedGrowth_3    Growth baseline  job 74/3178 (  2.3%) win=2/12 elapsed=  0.0m eta=  1.5m fin~19:46 model_complete
  [S03a] FixedGrowth_4    Growth baseline  job 74/3178 (  2.3%) win=2/12 elapsed=  0.0m eta=  1.5m fin~19:46 model_complete
  [S03a] FixedGrowth_6    Growth baseline  job 74/3178 (  2.3%) win=2/12 elapsed=  0.0m eta=  1.5m fin~19:46 model_complete
  [S03a] LinearRegression Machine learning job 74/3178 (  2.3%) win=3/12 elapsed=  0.0m eta=  1.6m fin~19:46 model_complete
  [S03a] ARIMA_Fixed      Statistical      job 75/3178 (  2.4%) win=3/12 elapsed=  0.0m eta=  1.5m fin~19:46 model_complete
  [S03a] ETS_Current      Statistical      job 75/3178 (  2.4%) win=3/12 elapsed=  0.0m eta=  1.5m fin~19:46 model_complete
  [S03a] FixedGrowth_1_5  Growth baseline  job 75/3178 (  2.4%) win=3/12 elapsed=  0.0m eta=  1.5m fin~19:46 model_complete
  [S03a] FixedGrowth_3    Growth baseline  job 75/3178 (  2.4%) win=3/12 elapsed=  0.0m eta=  1.5m fin~19:46 model_complete
  [S03a] FixedGrowth_4    Growth baseline  job 75/3178 (  2.4%) win=3/12 elapsed=  0.0m eta=  1.5m fin~19:46 model_complete
  [S03a] FixedGrowth_6    Growth baseline  job 75/3178 (  2.4%) win=3/12 elapsed=  0.0m eta=  1.5m fin~19:46 model_complete
  [S03a] LinearRegression Machine learning job 525/3178 ( 16.5%) win=3/12 elapsed=  0.0m eta=  0.2m fin~19:45 running
  [S03a] LinearRegression Machine learning job 75/3178 (  2.4%) win=4/12 elapsed=  0.0m eta=  1.5m fin~19:46 model_complete
  [S03a] ARIMA_Fixed      Statistical      job 76/3178 (  2.4%) win=4/12 elapsed=  0.0m eta=  1.5m fin~19:46 model_complete
  [S03a] ETS_Current      Statistical      job 76/3178 (  2.4%) win=4/12 elapsed=  0.0m eta=  1.5m fin~19:46 model_complete
  [S03a] FixedGrowth_1_5  Growth baseline  job 76/3178 (  2.4%) win=4/12 elapsed=  0.0m eta=  1.5m fin~19:46 model_complete
  [S03a] FixedGrowth_3    Growth baseline  job 76/3178 (  2.4%) win=4/12 elapsed=  0.0m eta=  1.5m fin~19:46 model_complete
  [S03a] FixedGrowth_4    Growth baseline  job 76/3178 (  2.4%) win=4/12 elapsed=  0.0m eta=  1.5m fin~19:46 model_complete
  [S03a] FixedGrowth_6    Growth baseline  job 76/3178 (  2.4%) win=4/12 elapsed=  0.0m eta=  1.5m fin~19:46 model_complete
  [S03a] LinearRegression Machine learning job 76/3178 (  2.4%) win=5/12 elapsed=  0.0m eta=  1.5m fin~19:46 model_complete
  [S03a] ARIMA_Fixed      Statistical      job 77/3178 (  2.4%) win=5/12 elapsed=  0.0m eta=  1.5m fin~19:46 model_complete
  [S03a] ETS_Current      Statistical      job 77/3178 (  2.4%) win=5/12 elapsed=  0.0m eta=  1.5m fin~19:46 model_complete
  [S03a] FixedGrowth_1_5  Growth baseline  job 77/3178 (  2.4%) win=5/12 elapsed=  0.0m eta=  1.5m fin~19:46 model_complete
  [S03a] FixedGrowth_3    Growth baseline  job 77/3178 (  2.4%) win=5/12 elapsed=  0.0m eta=  1.5m fin~19:46 model_complete
  [S03a] FixedGrowth_4    Growth baseline  job 77/3178 (  2.4%) win=5/12 elapsed=  0.0m eta=  1.5m fin~19:46 model_complete
  [S03a] FixedGrowth_6    Growth baseline  job 77/3178 (  2.4%) win=5/12 elapsed=  0.0m eta=  1.5m fin~19:46 model_complete
  [S03a] LinearRegression Machine learning job 77/3178 (  2.4%) win=6/12 elapsed=  0.0m eta=  1.5m fin~19:46 model_complete
  [S03a] ARIMA_Fixed      Statistical      job 78/3178 (  2.5%) win=6/12 elapsed=  0.0m eta=  1.5m fin~19:46 model_complete
  [S03a] ETS_Current      Statistical      job 78/3178 (  2.5%) win=6/12 elapsed=  0.0m eta=  1.5m fin~19:46 model_complete
  [S03a] FixedGrowth_1_5  Growth baseline  job 78/3178 (  2.5%) win=6/12 elapsed=  0.0m eta=  1.5m fin~19:46 model_complete
  [S03a] FixedGrowth_3    Growth baseline  job 78/3178 (  2.5%) win=6/12 elapsed=  0.0m eta=  1.5m fin~19:46 model_complete
  [S03a] FixedGrowth_4    Growth baseline  job 78/3178 (  2.5%) win=6/12 elapsed=  0.0m eta=  1.5m fin~19:46 model_complete
  [S03a] FixedGrowth_6    Growth baseline  job 78/3178 (  2.5%) win=6/12 elapsed=  0.0m eta=  1.5m fin~19:46 model_complete
  [S03a] LinearRegression Machine learning job 78/3178 (  2.5%) win=7/12 elapsed=  0.0m eta=  1.5m fin~19:46 model_complete
  [S03a] ARIMA_Fixed      Statistical      job 79/3178 (  2.5%) win=7/12 elapsed=  0.0m eta=  1.5m fin~19:46 model_complete
  [S03a] ETS_Current      Statistical      job 79/3178 (  2.5%) win=7/12 elapsed=  0.0m eta=  1.5m fin~19:46 model_complete
  [S03a] FixedGrowth_1_5  Growth baseline  job 79/3178 (  2.5%) win=7/12 elapsed=  0.0m eta=  1.5m fin~19:46 model_complete
  [S03a] FixedGrowth_3    Growth baseline  job 550/3178 ( 17.3%) win=7/12 elapsed=  0.0m eta=  0.2m fin~19:45 running
  [S03a] FixedGrowth_3    Growth baseline  job 79/3178 (  2.5%) win=7/12 elapsed=  0.0m eta=  1.5m fin~19:46 model_complete
  [S03a] FixedGrowth_4    Growth baseline  job 79/3178 (  2.5%) win=7/12 elapsed=  0.0m eta=  1.5m fin~19:46 model_complete
  [S03a] FixedGrowth_6    Growth baseline  job 79/3178 (  2.5%) win=7/12 elapsed=  0.0m eta=  1.5m fin~19:46 model_complete
  [S03a] LinearRegression Machine learning job 79/3178 (  2.5%) win=8/12 elapsed=  0.0m eta=  1.5m fin~19:46 model_complete
  [S03a] ARIMA_Fixed      Statistical      job 80/3178 (  2.5%) win=8/12 elapsed=  0.0m eta=  1.5m fin~19:46 model_complete
  [S03a] ETS_Current      Statistical      job 80/3178 (  2.5%) win=8/12 elapsed=  0.0m eta=  1.5m fin~19:46 model_complete
  [S03a] FixedGrowth_1_5  Growth baseline  job 80/3178 (  2.5%) win=8/12 elapsed=  0.0m eta=  1.5m fin~19:46 model_complete
  [S03a] FixedGrowth_3    Growth baseline  job 80/3178 (  2.5%) win=8/12 elapsed=  0.0m eta=  1.5m fin~19:46 model_complete
  [S03a] FixedGrowth_4    Growth baseline  job 80/3178 (  2.5%) win=8/12 elapsed=  0.0m eta=  1.5m fin~19:46 model_complete
  [S03a] FixedGrowth_6    Growth baseline  job 80/3178 (  2.5%) win=8/12 elapsed=  0.0m eta=  1.5m fin~19:46 model_complete
  [S03a] LinearRegression Machine learning job 80/3178 (  2.5%) win=9/12 elapsed=  0.0m eta=  1.5m fin~19:46 model_complete
  [S03a] ARIMA_Fixed      Statistical      job 81/3178 (  2.5%) win=9/12 elapsed=  0.0m eta=  1.5m fin~19:46 model_complete
  [S03a] ETS_Current      Statistical      job 81/3178 (  2.5%) win=9/12 elapsed=  0.0m eta=  1.5m fin~19:46 model_complete
  [S03a] FixedGrowth_1_5  Growth baseline  job 81/3178 (  2.5%) win=9/12 elapsed=  0.0m eta=  1.5m fin~19:46 model_complete
  [S03a] FixedGrowth_3    Growth baseline  job 81/3178 (  2.5%) win=9/12 elapsed=  0.0m eta=  1.5m fin~19:46 model_complete
  [S03a] FixedGrowth_4    Growth baseline  job 81/3178 (  2.5%) win=9/12 elapsed=  0.0m eta=  1.5m fin~19:46 model_complete
  [S03a] FixedGrowth_6    Growth baseline  job 81/3178 (  2.5%) win=9/12 elapsed=  0.0m eta=  1.5m fin~19:46 model_complete
  [S03a] LinearRegression Machine learning job 81/3178 (  2.5%) win=10/12 elapsed=  0.0m eta=  1.5m fin~19:46 model_complete
  [S03a] ARIMA_Fixed      Statistical      job 82/3178 (  2.6%) win=10/12 elapsed=  0.0m eta=  1.5m fin~19:46 model_complete
  [S03a] ETS_Current      Statistical      job 82/3178 (  2.6%) win=10/12 elapsed=  0.0m eta=  1.5m fin~19:46 model_complete
  [S03a] FixedGrowth_1_5  Growth baseline  job 82/3178 (  2.6%) win=10/12 elapsed=  0.0m eta=  1.5m fin~19:46 model_complete
  [S03a] FixedGrowth_3    Growth baseline  job 82/3178 (  2.6%) win=10/12 elapsed=  0.0m eta=  1.5m fin~19:46 model_complete
  [S03a] FixedGrowth_4    Growth baseline  job 82/3178 (  2.6%) win=10/12 elapsed=  0.0m eta=  1.5m fin~19:46 model_complete
  [S03a] FixedGrowth_6    Growth baseline  job 82/3178 (  2.6%) win=10/12 elapsed=  0.0m eta=  1.5m fin~19:46 model_complete
  [S03a] LinearRegression Machine learning job 82/3178 (  2.6%) win=11/12 elapsed=  0.0m eta=  1.5m fin~19:46 model_complete
  [S03a] ARIMA_Fixed      Statistical      job 575/3178 ( 18.1%) win=11/12 elapsed=  0.0m eta=  0.2m fin~19:45 running
  [S03a] ARIMA_Fixed      Statistical      job 83/3178 (  2.6%) win=11/12 elapsed=  0.0m eta=  1.5m fin~19:46 model_complete
  [S03a] ETS_Current      Statistical      job 83/3178 (  2.6%) win=11/12 elapsed=  0.0m eta=  1.5m fin~19:46 model_complete
  [S03a] FixedGrowth_1_5  Growth baseline  job 83/3178 (  2.6%) win=11/12 elapsed=  0.0m eta=  1.5m fin~19:46 model_complete
  [S03a] FixedGrowth_3    Growth baseline  job 83/3178 (  2.6%) win=11/12 elapsed=  0.0m eta=  1.5m fin~19:46 model_complete
  [S03a] FixedGrowth_4    Growth baseline  job 83/3178 (  2.6%) win=11/12 elapsed=  0.0m eta=  1.5m fin~19:46 model_complete
  [S03a] FixedGrowth_6    Growth baseline  job 83/3178 (  2.6%) win=11/12 elapsed=  0.0m eta=  1.5m fin~19:46 model_complete
  [S03a] LinearRegression Machine learning job 83/3178 (  2.6%) win=12/12 elapsed=  0.0m eta=  1.5m fin~19:46 model_complete
  [S03a] ARIMA_Fixed      Statistical      job 84/3178 (  2.6%) win=12/12 elapsed=  0.0m eta=  1.5m fin~19:46 model_complete
  [S03a] ETS_Current      Statistical      job 84/3178 (  2.6%) win=12/12 elapsed=  0.0m eta=  1.5m fin~19:46 model_complete
  [S03a] FixedGrowth_1_5  Growth baseline  job 84/3178 (  2.6%) win=12/12 elapsed=  0.0m eta=  1.5m fin~19:46 model_complete
  [S03a] FixedGrowth_3    Growth baseline  job 84/3178 (  2.6%) win=12/12 elapsed=  0.0m eta=  1.5m fin~19:46 model_complete
  [S03a] FixedGrowth_4    Growth baseline  job 84/3178 (  2.6%) win=12/12 elapsed=  0.0m eta=  1.5m fin~19:46 model_complete
  [S03a] FixedGrowth_6    Growth baseline  job 84/3178 (  2.6%) win=12/12 elapsed=  0.0m eta=  1.5m fin~19:46 model_complete
  [S03a] LinearRegression Machine learning job 84/3178 (  2.6%) win=1/12 elapsed=  0.0m eta=  1.5m fin~19:46 model_complete
  [S03a] ARIMA_Fixed      Statistical      job 85/3178 (  2.7%) win=1/12 elapsed=  0.0m eta=  1.4m fin~19:46 model_complete
  [S03a] ETS_Current      Statistical      job 85/3178 (  2.7%) win=1/12 elapsed=  0.0m eta=  1.4m fin~19:46 model_complete
  [S03a] FixedGrowth_1_5  Growth baseline  job 85/3178 (  2.7%) win=1/12 elapsed=  0.0m eta=  1.4m fin~19:46 model_complete
  [S03a] FixedGrowth_3    Growth baseline  job 85/3178 (  2.7%) win=1/12 elapsed=  0.0m eta=  1.5m fin~19:46 model_complete
  [S03a] FixedGrowth_4    Growth baseline  job 85/3178 (  2.7%) win=1/12 elapsed=  0.0m eta=  1.5m fin~19:46 model_complete
  [S03a] FixedGrowth_6    Growth baseline  job 85/3178 (  2.7%) win=1/12 elapsed=  0.0m eta=  1.5m fin~19:46 model_complete
  [S03a] LinearRegression Machine learning job 85/3178 (  2.7%) win=2/12 elapsed=  0.0m eta=  1.5m fin~19:46 model_complete
  [S03a] ARIMA_Fixed      Statistical      job 86/3178 (  2.7%) win=2/12 elapsed=  0.0m eta=  1.4m fin~19:46 model_complete
  [S03a] ETS_Current      Statistical      job 86/3178 (  2.7%) win=2/12 elapsed=  0.0m eta=  1.4m fin~19:46 model_complete
  [S03a] FixedGrowth_1_5  Growth baseline  job 86/3178 (  2.7%) win=2/12 elapsed=  0.0m eta=  1.4m fin~19:46 model_complete
  [S03a] FixedGrowth_3    Growth baseline  job 86/3178 (  2.7%) win=2/12 elapsed=  0.0m eta=  1.4m fin~19:46 model_complete
  [S03a] FixedGrowth_4    Growth baseline  job 600/3178 ( 18.9%) win=2/12 elapsed=  0.0m eta=  0.2m fin~19:45 running
  [S03a] FixedGrowth_4    Growth baseline  job 86/3178 (  2.7%) win=2/12 elapsed=  0.0m eta=  1.4m fin~19:46 model_complete
  [S03a] FixedGrowth_6    Growth baseline  job 86/3178 (  2.7%) win=2/12 elapsed=  0.0m eta=  1.4m fin~19:46 model_complete
  [S03a] LinearRegression Machine learning job 86/3178 (  2.7%) win=3/12 elapsed=  0.0m eta=  1.5m fin~19:46 model_complete
  [S03a] ARIMA_Fixed      Statistical      job 87/3178 (  2.7%) win=3/12 elapsed=  0.0m eta=  1.4m fin~19:46 model_complete
  [S03a] ETS_Current      Statistical      job 87/3178 (  2.7%) win=3/12 elapsed=  0.0m eta=  1.4m fin~19:46 model_complete
  [S03a] FixedGrowth_1_5  Growth baseline  job 87/3178 (  2.7%) win=3/12 elapsed=  0.0m eta=  1.4m fin~19:46 model_complete
  [S03a] FixedGrowth_3    Growth baseline  job 87/3178 (  2.7%) win=3/12 elapsed=  0.0m eta=  1.4m fin~19:46 model_complete
  [S03a] FixedGrowth_4    Growth baseline  job 87/3178 (  2.7%) win=3/12 elapsed=  0.0m eta=  1.4m fin~19:46 model_complete
  [S03a] FixedGrowth_6    Growth baseline  job 87/3178 (  2.7%) win=3/12 elapsed=  0.0m eta=  1.4m fin~19:46 model_complete
  [S03a] LinearRegression Machine learning job 87/3178 (  2.7%) win=4/12 elapsed=  0.0m eta=  1.4m fin~19:46 model_complete
  [S03a] ARIMA_Fixed      Statistical      job 88/3178 (  2.8%) win=4/12 elapsed=  0.0m eta=  1.4m fin~19:46 model_complete
  [S03a] ETS_Current      Statistical      job 88/3178 (  2.8%) win=4/12 elapsed=  0.0m eta=  1.4m fin~19:46 model_complete
  [S03a] FixedGrowth_1_5  Growth baseline  job 88/3178 (  2.8%) win=4/12 elapsed=  0.0m eta=  1.4m fin~19:46 model_complete
  [S03a] FixedGrowth_3    Growth baseline  job 88/3178 (  2.8%) win=4/12 elapsed=  0.0m eta=  1.4m fin~19:46 model_complete
  [S03a] FixedGrowth_4    Growth baseline  job 88/3178 (  2.8%) win=4/12 elapsed=  0.0m eta=  1.4m fin~19:46 model_complete
  [S03a] FixedGrowth_6    Growth baseline  job 88/3178 (  2.8%) win=4/12 elapsed=  0.0m eta=  1.4m fin~19:46 model_complete
  [S03a] LinearRegression Machine learning job 88/3178 (  2.8%) win=5/12 elapsed=  0.0m eta=  1.4m fin~19:46 model_complete
  [S03a] ARIMA_Fixed      Statistical      job 89/3178 (  2.8%) win=5/12 elapsed=  0.0m eta=  1.4m fin~19:46 model_complete
  [S03a] ETS_Current      Statistical      job 89/3178 (  2.8%) win=5/12 elapsed=  0.0m eta=  1.4m fin~19:46 model_complete
  [S03a] FixedGrowth_1_5  Growth baseline  job 89/3178 (  2.8%) win=5/12 elapsed=  0.0m eta=  1.4m fin~19:46 model_complete
  [S03a] FixedGrowth_3    Growth baseline  job 89/3178 (  2.8%) win=5/12 elapsed=  0.0m eta=  1.4m fin~19:46 model_complete
  [S03a] FixedGrowth_4    Growth baseline  job 89/3178 (  2.8%) win=5/12 elapsed=  0.0m eta=  1.4m fin~19:46 model_complete
  [S03a] FixedGrowth_6    Growth baseline  job 89/3178 (  2.8%) win=5/12 elapsed=  0.0m eta=  1.4m fin~19:46 model_complete
  [S03a] LinearRegression Machine learning job 89/3178 (  2.8%) win=6/12 elapsed=  0.0m eta=  1.4m fin~19:46 model_complete
  [S03a] ARIMA_Fixed      Statistical      job 90/3178 (  2.8%) win=6/12 elapsed=  0.0m eta=  1.4m fin~19:46 model_complete
  [S03a] ETS_Current      Statistical      job 625/3178 ( 19.7%) win=6/12 elapsed=  0.0m eta=  0.2m fin~19:45 running
  [S03a] ETS_Current      Statistical      job 90/3178 (  2.8%) win=6/12 elapsed=  0.0m eta=  1.4m fin~19:46 model_complete
  [S03a] FixedGrowth_1_5  Growth baseline  job 90/3178 (  2.8%) win=6/12 elapsed=  0.0m eta=  1.4m fin~19:46 model_complete
  [S03a] FixedGrowth_3    Growth baseline  job 90/3178 (  2.8%) win=6/12 elapsed=  0.0m eta=  1.4m fin~19:46 model_complete
  [S03a] FixedGrowth_4    Growth baseline  job 90/3178 (  2.8%) win=6/12 elapsed=  0.0m eta=  1.4m fin~19:46 model_complete
  [S03a] FixedGrowth_6    Growth baseline  job 90/3178 (  2.8%) win=6/12 elapsed=  0.0m eta=  1.4m fin~19:46 model_complete
  [S03a] LinearRegression Machine learning job 90/3178 (  2.8%) win=7/12 elapsed=  0.0m eta=  1.4m fin~19:46 model_complete
  [S03a] ARIMA_Fixed      Statistical      job 91/3178 (  2.9%) win=7/12 elapsed=  0.0m eta=  1.4m fin~19:46 model_complete
  [S03a] ETS_Current      Statistical      job 91/3178 (  2.9%) win=7/12 elapsed=  0.0m eta=  1.4m fin~19:46 model_complete
  [S03a] FixedGrowth_1_5  Growth baseline  job 91/3178 (  2.9%) win=7/12 elapsed=  0.0m eta=  1.4m fin~19:46 model_complete
  [S03a] FixedGrowth_3    Growth baseline  job 91/3178 (  2.9%) win=7/12 elapsed=  0.0m eta=  1.4m fin~19:46 model_complete
  [S03a] FixedGrowth_4    Growth baseline  job 91/3178 (  2.9%) win=7/12 elapsed=  0.0m eta=  1.4m fin~19:46 model_complete
  [S03a] FixedGrowth_6    Growth baseline  job 91/3178 (  2.9%) win=7/12 elapsed=  0.0m eta=  1.4m fin~19:46 model_complete
  [S03a] LinearRegression Machine learning job 91/3178 (  2.9%) win=8/12 elapsed=  0.0m eta=  1.4m fin~19:46 model_complete
  [S03a] ARIMA_Fixed      Statistical      job 92/3178 (  2.9%) win=8/12 elapsed=  0.0m eta=  1.4m fin~19:46 model_complete
  [S03a] ETS_Current      Statistical      job 92/3178 (  2.9%) win=8/12 elapsed=  0.0m eta=  1.4m fin~19:46 model_complete
  [S03a] FixedGrowth_1_5  Growth baseline  job 92/3178 (  2.9%) win=8/12 elapsed=  0.0m eta=  1.4m fin~19:46 model_complete
  [S03a] FixedGrowth_3    Growth baseline  job 92/3178 (  2.9%) win=8/12 elapsed=  0.0m eta=  1.4m fin~19:46 model_complete
  [S03a] FixedGrowth_4    Growth baseline  job 92/3178 (  2.9%) win=8/12 elapsed=  0.0m eta=  1.4m fin~19:46 model_complete
  [S03a] FixedGrowth_6    Growth baseline  job 92/3178 (  2.9%) win=8/12 elapsed=  0.0m eta=  1.4m fin~19:46 model_complete
  [S03a] LinearRegression Machine learning job 92/3178 (  2.9%) win=9/12 elapsed=  0.0m eta=  1.4m fin~19:46 model_complete
  [S03a] ARIMA_Fixed      Statistical      job 93/3178 (  2.9%) win=9/12 elapsed=  0.0m eta=  1.4m fin~19:46 model_complete
  [S03a] ETS_Current      Statistical      job 93/3178 (  2.9%) win=9/12 elapsed=  0.0m eta=  1.4m fin~19:46 model_complete
  [S03a] FixedGrowth_1_5  Growth baseline  job 93/3178 (  2.9%) win=9/12 elapsed=  0.0m eta=  1.4m fin~19:46 model_complete
  [S03a] FixedGrowth_3    Growth baseline  job 93/3178 (  2.9%) win=9/12 elapsed=  0.0m eta=  1.4m fin~19:46 model_complete
  [S03a] FixedGrowth_4    Growth baseline  job 93/3178 (  2.9%) win=9/12 elapsed=  0.0m eta=  1.4m fin~19:46 model_complete
  [S03a] FixedGrowth_6    Growth baseline  job 650/3178 ( 20.5%) win=9/12 elapsed=  0.0m eta=  0.2m fin~19:45 running
  [S03a] FixedGrowth_6    Growth baseline  job 93/3178 (  2.9%) win=9/12 elapsed=  0.0m eta=  1.4m fin~19:46 model_complete
  [S03a] LinearRegression Machine learning job 93/3178 (  2.9%) win=10/12 elapsed=  0.0m eta=  1.4m fin~19:46 model_complete
  [S03a] ARIMA_Fixed      Statistical      job 94/3178 (  3.0%) win=10/12 elapsed=  0.0m eta=  1.4m fin~19:46 model_complete
  [S03a] ETS_Current      Statistical      job 94/3178 (  3.0%) win=10/12 elapsed=  0.0m eta=  1.4m fin~19:46 model_complete
  [S03a] FixedGrowth_1_5  Growth baseline  job 94/3178 (  3.0%) win=10/12 elapsed=  0.0m eta=  1.4m fin~19:46 model_complete
  [S03a] FixedGrowth_3    Growth baseline  job 94/3178 (  3.0%) win=10/12 elapsed=  0.0m eta=  1.4m fin~19:46 model_complete
  [S03a] FixedGrowth_4    Growth baseline  job 94/3178 (  3.0%) win=10/12 elapsed=  0.0m eta=  1.4m fin~19:46 model_complete
  [S03a] FixedGrowth_6    Growth baseline  job 94/3178 (  3.0%) win=10/12 elapsed=  0.0m eta=  1.4m fin~19:46 model_complete
  [S03a] LinearRegression Machine learning job 94/3178 (  3.0%) win=11/12 elapsed=  0.0m eta=  1.4m fin~19:46 model_complete
  [S03a] ARIMA_Fixed      Statistical      job 95/3178 (  3.0%) win=11/12 elapsed=  0.0m eta=  1.4m fin~19:46 model_complete
  [S03a] ETS_Current      Statistical      job 95/3178 (  3.0%) win=11/12 elapsed=  0.0m eta=  1.4m fin~19:46 model_complete
  [S03a] FixedGrowth_1_5  Growth baseline  job 95/3178 (  3.0%) win=11/12 elapsed=  0.0m eta=  1.4m fin~19:46 model_complete
  [S03a] FixedGrowth_3    Growth baseline  job 95/3178 (  3.0%) win=11/12 elapsed=  0.0m eta=  1.4m fin~19:46 model_complete
  [S03a] FixedGrowth_4    Growth baseline  job 95/3178 (  3.0%) win=11/12 elapsed=  0.0m eta=  1.4m fin~19:46 model_complete
  [S03a] FixedGrowth_6    Growth baseline  job 95/3178 (  3.0%) win=11/12 elapsed=  0.0m eta=  1.4m fin~19:46 model_complete
  [S03a] LinearRegression Machine learning job 95/3178 (  3.0%) win=12/12 elapsed=  0.0m eta=  1.4m fin~19:46 model_complete
  [S03a] ARIMA_Fixed      Statistical      job 96/3178 (  3.0%) win=12/12 elapsed=  0.0m eta=  1.4m fin~19:46 model_complete
  [S03a] ETS_Current      Statistical      job 96/3178 (  3.0%) win=12/12 elapsed=  0.0m eta=  1.4m fin~19:46 model_complete
  [S03a] FixedGrowth_1_5  Growth baseline  job 96/3178 (  3.0%) win=12/12 elapsed=  0.0m eta=  1.4m fin~19:46 model_complete
  [S03a] FixedGrowth_3    Growth baseline  job 96/3178 (  3.0%) win=12/12 elapsed=  0.0m eta=  1.4m fin~19:46 model_complete
  [S03a] FixedGrowth_4    Growth baseline  job 96/3178 (  3.0%) win=12/12 elapsed=  0.0m eta=  1.4m fin~19:46 model_complete
  [S03a] FixedGrowth_6    Growth baseline  job 96/3178 (  3.0%) win=12/12 elapsed=  0.0m eta=  1.4m fin~19:46 model_complete
  [S03a] LinearRegression Machine learning job 96/3178 (  3.0%) win=1/12 elapsed=  0.0m eta=  1.4m fin~19:46 model_complete
  [S03a] ARIMA_Fixed      Statistical      job 97/3178 (  3.1%) win=1/12 elapsed=  0.0m eta=  1.4m fin~19:46 model_complete
  [S03a] ETS_Current      Statistical      job 97/3178 (  3.1%) win=1/12 elapsed=  0.0m eta=  1.4m fin~19:46 model_complete
  [S03a] FixedGrowth_1_5  Growth baseline  job 675/3178 ( 21.2%) win=1/12 elapsed=  0.0m eta=  0.2m fin~19:45 running
  [S03a] FixedGrowth_1_5  Growth baseline  job 97/3178 (  3.1%) win=1/12 elapsed=  0.0m eta=  1.4m fin~19:46 model_complete
  [S03a] FixedGrowth_3    Growth baseline  job 97/3178 (  3.1%) win=1/12 elapsed=  0.0m eta=  1.4m fin~19:46 model_complete
  [S03a] FixedGrowth_4    Growth baseline  job 97/3178 (  3.1%) win=1/12 elapsed=  0.0m eta=  1.4m fin~19:46 model_complete
  [S03a] FixedGrowth_6    Growth baseline  job 97/3178 (  3.1%) win=1/12 elapsed=  0.0m eta=  1.4m fin~19:46 model_complete
  [S03a] LinearRegression Machine learning job 97/3178 (  3.1%) win=2/12 elapsed=  0.0m eta=  1.4m fin~19:46 model_complete
  [S03a] ARIMA_Fixed      Statistical      job 98/3178 (  3.1%) win=2/12 elapsed=  0.0m eta=  1.4m fin~19:46 model_complete
  [S03a] ETS_Current      Statistical      job 98/3178 (  3.1%) win=2/12 elapsed=  0.0m eta=  1.4m fin~19:46 model_complete
  [S03a] FixedGrowth_1_5  Growth baseline  job 98/3178 (  3.1%) win=2/12 elapsed=  0.0m eta=  1.4m fin~19:46 model_complete
  [S03a] FixedGrowth_3    Growth baseline  job 98/3178 (  3.1%) win=2/12 elapsed=  0.0m eta=  1.4m fin~19:46 model_complete
  [S03a] FixedGrowth_4    Growth baseline  job 98/3178 (  3.1%) win=2/12 elapsed=  0.0m eta=  1.4m fin~19:46 model_complete
  [S03a] FixedGrowth_6    Growth baseline  job 98/3178 (  3.1%) win=2/12 elapsed=  0.0m eta=  1.4m fin~19:46 model_complete
  [S03a] LinearRegression Machine learning job 98/3178 (  3.1%) win=3/12 elapsed=  0.0m eta=  1.4m fin~19:46 model_complete
  [S03a] ARIMA_Fixed      Statistical      job 99/3178 (  3.1%) win=3/12 elapsed=  0.0m eta=  1.4m fin~19:46 model_complete
  [S03a] ETS_Current      Statistical      job 99/3178 (  3.1%) win=3/12 elapsed=  0.0m eta=  1.4m fin~19:46 model_complete
  [S03a] FixedGrowth_1_5  Growth baseline  job 99/3178 (  3.1%) win=3/12 elapsed=  0.0m eta=  1.4m fin~19:46 model_complete
  [S03a] FixedGrowth_3    Growth baseline  job 99/3178 (  3.1%) win=3/12 elapsed=  0.0m eta=  1.4m fin~19:46 model_complete
  [S03a] FixedGrowth_4    Growth baseline  job 99/3178 (  3.1%) win=3/12 elapsed=  0.0m eta=  1.4m fin~19:46 model_complete
  [S03a] FixedGrowth_6    Growth baseline  job 99/3178 (  3.1%) win=3/12 elapsed=  0.0m eta=  1.4m fin~19:46 model_complete
  [S03a] LinearRegression Machine learning job 99/3178 (  3.1%) win=4/12 elapsed=  0.0m eta=  1.4m fin~19:46 model_complete
  [S03a] ARIMA_Fixed      Statistical      job 100/3178 (  3.1%) win=4/12 elapsed=  0.0m eta=  1.4m fin~19:46 model_complete
  [S03a] ETS_Current      Statistical      job 100/3178 (  3.1%) win=4/12 elapsed=  0.0m eta=  1.4m fin~19:46 model_complete
  [S03a] FixedGrowth_1_5  Growth baseline  job 100/3178 (  3.1%) win=4/12 elapsed=  0.0m eta=  1.4m fin~19:46 model_complete
  [S03a] FixedGrowth_3    Growth baseline  job 100/3178 (  3.1%) win=4/12 elapsed=  0.0m eta=  1.4m fin~19:46 model_complete
  [S03a] FixedGrowth_4    Growth baseline  job 100/3178 (  3.1%) win=4/12 elapsed=  0.0m eta=  1.4m fin~19:46 model_complete
  [S03a] FixedGrowth_6    Growth baseline  job 100/3178 (  3.1%) win=4/12 elapsed=  0.0m eta=  1.4m fin~19:46 model_complete
  [S03a] LinearRegression Machine learning job 700/3178 ( 22.0%) win=4/12 elapsed=  0.0m eta=  0.2m fin~19:45 running
  [S03a] LinearRegression Machine learning job 100/3178 (  3.1%) win=5/12 elapsed=  0.0m eta=  1.4m fin~19:46 model_complete
  [S03a] ARIMA_Fixed      Statistical      job 101/3178 (  3.2%) win=5/12 elapsed=  0.0m eta=  1.4m fin~19:46 model_complete
  [S03a] ETS_Current      Statistical      job 101/3178 (  3.2%) win=5/12 elapsed=  0.0m eta=  1.4m fin~19:46 model_complete
  [S03a] FixedGrowth_1_5  Growth baseline  job 101/3178 (  3.2%) win=5/12 elapsed=  0.0m eta=  1.4m fin~19:46 model_complete
  [S03a] FixedGrowth_3    Growth baseline  job 101/3178 (  3.2%) win=5/12 elapsed=  0.0m eta=  1.4m fin~19:46 model_complete
  [S03a] FixedGrowth_4    Growth baseline  job 101/3178 (  3.2%) win=5/12 elapsed=  0.0m eta=  1.4m fin~19:46 model_complete
  [S03a] FixedGrowth_6    Growth baseline  job 101/3178 (  3.2%) win=5/12 elapsed=  0.0m eta=  1.4m fin~19:46 model_complete
  [S03a] LinearRegression Machine learning job 101/3178 (  3.2%) win=6/12 elapsed=  0.0m eta=  1.4m fin~19:46 model_complete
  [S03a] ARIMA_Fixed      Statistical      job 102/3178 (  3.2%) win=6/12 elapsed=  0.0m eta=  1.4m fin~19:46 model_complete
  [S03a] ETS_Current      Statistical      job 102/3178 (  3.2%) win=6/12 elapsed=  0.0m eta=  1.4m fin~19:46 model_complete
  [S03a] FixedGrowth_1_5  Growth baseline  job 102/3178 (  3.2%) win=6/12 elapsed=  0.0m eta=  1.4m fin~19:46 model_complete
  [S03a] FixedGrowth_3    Growth baseline  job 102/3178 (  3.2%) win=6/12 elapsed=  0.0m eta=  1.4m fin~19:46 model_complete
  [S03a] FixedGrowth_4    Growth baseline  job 102/3178 (  3.2%) win=6/12 elapsed=  0.0m eta=  1.4m fin~19:46 model_complete
  [S03a] FixedGrowth_6    Growth baseline  job 102/3178 (  3.2%) win=6/12 elapsed=  0.0m eta=  1.4m fin~19:46 model_complete
  [S03a] LinearRegression Machine learning job 102/3178 (  3.2%) win=7/12 elapsed=  0.0m eta=  1.4m fin~19:46 model_complete
  [S03a] ARIMA_Fixed      Statistical      job 103/3178 (  3.2%) win=7/12 elapsed=  0.0m eta=  1.4m fin~19:46 model_complete
  [S03a] ETS_Current      Statistical      job 103/3178 (  3.2%) win=7/12 elapsed=  0.0m eta=  1.4m fin~19:46 model_complete
  [S03a] FixedGrowth_1_5  Growth baseline  job 103/3178 (  3.2%) win=7/12 elapsed=  0.0m eta=  1.4m fin~19:46 model_complete
  [S03a] FixedGrowth_3    Growth baseline  job 103/3178 (  3.2%) win=7/12 elapsed=  0.0m eta=  1.4m fin~19:46 model_complete
  [S03a] FixedGrowth_4    Growth baseline  job 103/3178 (  3.2%) win=7/12 elapsed=  0.0m eta=  1.4m fin~19:46 model_complete
  [S03a] FixedGrowth_6    Growth baseline  job 103/3178 (  3.2%) win=7/12 elapsed=  0.0m eta=  1.4m fin~19:46 model_complete
  [S03a] LinearRegression Machine learning job 103/3178 (  3.2%) win=8/12 elapsed=  0.0m eta=  1.4m fin~19:46 model_complete
  [S03a] ARIMA_Fixed      Statistical      job 104/3178 (  3.3%) win=8/12 elapsed=  0.0m eta=  1.4m fin~19:46 model_complete
  [S03a] ETS_Current      Statistical      job 104/3178 (  3.3%) win=8/12 elapsed=  0.0m eta=  1.4m fin~19:46 model_complete
  [S03a] FixedGrowth_1_5  Growth baseline  job 104/3178 (  3.3%) win=8/12 elapsed=  0.0m eta=  1.4m fin~19:46 model_complete
  [S03a] FixedGrowth_3    Growth baseline  job 725/3178 ( 22.8%) win=8/12 elapsed=  0.0m eta=  0.2m fin~19:45 running
  [S03a] FixedGrowth_3    Growth baseline  job 104/3178 (  3.3%) win=8/12 elapsed=  0.0m eta=  1.4m fin~19:46 model_complete
  [S03a] FixedGrowth_4    Growth baseline  job 104/3178 (  3.3%) win=8/12 elapsed=  0.0m eta=  1.4m fin~19:46 model_complete
  [S03a] FixedGrowth_6    Growth baseline  job 104/3178 (  3.3%) win=8/12 elapsed=  0.0m eta=  1.4m fin~19:46 model_complete
  [S03a] LinearRegression Machine learning job 104/3178 (  3.3%) win=9/12 elapsed=  0.0m eta=  1.4m fin~19:46 model_complete
  [S03a] ARIMA_Fixed      Statistical      job 105/3178 (  3.3%) win=9/12 elapsed=  0.0m eta=  1.4m fin~19:46 model_complete
  [S03a] ETS_Current      Statistical      job 105/3178 (  3.3%) win=9/12 elapsed=  0.0m eta=  1.4m fin~19:46 model_complete
  [S03a] FixedGrowth_1_5  Growth baseline  job 105/3178 (  3.3%) win=9/12 elapsed=  0.0m eta=  1.4m fin~19:46 model_complete
  [S03a] FixedGrowth_3    Growth baseline  job 105/3178 (  3.3%) win=9/12 elapsed=  0.0m eta=  1.4m fin~19:46 model_complete
  [S03a] FixedGrowth_4    Growth baseline  job 105/3178 (  3.3%) win=9/12 elapsed=  0.0m eta=  1.4m fin~19:46 model_complete
  [S03a] FixedGrowth_6    Growth baseline  job 105/3178 (  3.3%) win=9/12 elapsed=  0.0m eta=  1.4m fin~19:46 model_complete
  [S03a] LinearRegression Machine learning job 105/3178 (  3.3%) win=10/12 elapsed=  0.0m eta=  1.4m fin~19:46 model_complete
  [S03a] ARIMA_Fixed      Statistical      job 106/3178 (  3.3%) win=10/12 elapsed=  0.0m eta=  1.4m fin~19:46 model_complete
  [S03a] ETS_Current      Statistical      job 106/3178 (  3.3%) win=10/12 elapsed=  0.0m eta=  1.4m fin~19:46 model_complete
  [S03a] FixedGrowth_1_5  Growth baseline  job 106/3178 (  3.3%) win=10/12 elapsed=  0.0m eta=  1.4m fin~19:46 model_complete
  [S03a] FixedGrowth_3    Growth baseline  job 106/3178 (  3.3%) win=10/12 elapsed=  0.0m eta=  1.4m fin~19:46 model_complete
  [S03a] FixedGrowth_4    Growth baseline  job 106/3178 (  3.3%) win=10/12 elapsed=  0.0m eta=  1.4m fin~19:46 model_complete
  [S03a] FixedGrowth_6    Growth baseline  job 106/3178 (  3.3%) win=10/12 elapsed=  0.0m eta=  1.4m fin~19:46 model_complete
  [S03a] LinearRegression Machine learning job 106/3178 (  3.3%) win=11/12 elapsed=  0.0m eta=  1.4m fin~19:46 model_complete
  [S03a] ARIMA_Fixed      Statistical      job 107/3178 (  3.4%) win=11/12 elapsed=  0.0m eta=  1.3m fin~19:46 model_complete
  [S03a] ETS_Current      Statistical      job 107/3178 (  3.4%) win=11/12 elapsed=  0.0m eta=  1.3m fin~19:46 model_complete
  [S03a] FixedGrowth_1_5  Growth baseline  job 107/3178 (  3.4%) win=11/12 elapsed=  0.0m eta=  1.4m fin~19:46 model_complete
  [S03a] FixedGrowth_3    Growth baseline  job 107/3178 (  3.4%) win=11/12 elapsed=  0.0m eta=  1.4m fin~19:46 model_complete
  [S03a] FixedGrowth_4    Growth baseline  job 107/3178 (  3.4%) win=11/12 elapsed=  0.0m eta=  1.4m fin~19:46 model_complete
  [S03a] FixedGrowth_6    Growth baseline  job 107/3178 (  3.4%) win=11/12 elapsed=  0.0m eta=  1.4m fin~19:46 model_complete
  [S03a] LinearRegression Machine learning job 107/3178 (  3.4%) win=12/12 elapsed=  0.0m eta=  1.4m fin~19:46 model_complete
  [S03a] ARIMA_Fixed      Statistical      job 750/3178 ( 23.6%) win=12/12 elapsed=  0.0m eta=  0.1m fin~19:45 running
  [S03a] ARIMA_Fixed      Statistical      job 108/3178 (  3.4%) win=12/12 elapsed=  0.0m eta=  1.3m fin~19:46 model_complete
  [S03a] ETS_Current      Statistical      job 108/3178 (  3.4%) win=12/12 elapsed=  0.0m eta=  1.3m fin~19:46 model_complete
  [S03a] FixedGrowth_1_5  Growth baseline  job 108/3178 (  3.4%) win=12/12 elapsed=  0.0m eta=  1.3m fin~19:46 model_complete
  [S03a] FixedGrowth_3    Growth baseline  job 108/3178 (  3.4%) win=12/12 elapsed=  0.0m eta=  1.3m fin~19:46 model_complete
  [S03a] FixedGrowth_4    Growth baseline  job 108/3178 (  3.4%) win=12/12 elapsed=  0.0m eta=  1.3m fin~19:46 model_complete
  [S03a] FixedGrowth_6    Growth baseline  job 108/3178 (  3.4%) win=12/12 elapsed=  0.0m eta=  1.4m fin~19:46 model_complete
  [S03a] LinearRegression Machine learning job 108/3178 (  3.4%) win=1/12 elapsed=  0.0m eta=  1.4m fin~19:46 model_complete
  [S03a] ARIMA_Fixed      Statistical      job 109/3178 (  3.4%) win=1/12 elapsed=  0.0m eta=  1.3m fin~19:46 model_complete
  [S03a] ETS_Current      Statistical      job 109/3178 (  3.4%) win=1/12 elapsed=  0.0m eta=  1.3m fin~19:46 model_complete
  [S03a] FixedGrowth_1_5  Growth baseline  job 109/3178 (  3.4%) win=1/12 elapsed=  0.0m eta=  1.3m fin~19:46 model_complete
  [S03a] FixedGrowth_3    Growth baseline  job 109/3178 (  3.4%) win=1/12 elapsed=  0.0m eta=  1.3m fin~19:46 model_complete
  [S03a] FixedGrowth_4    Growth baseline  job 109/3178 (  3.4%) win=1/12 elapsed=  0.0m eta=  1.3m fin~19:46 model_complete
  [S03a] FixedGrowth_6    Growth baseline  job 109/3178 (  3.4%) win=1/12 elapsed=  0.0m eta=  1.3m fin~19:46 model_complete
  [S03a] LinearRegression Machine learning job 109/3178 (  3.4%) win=2/12 elapsed=  0.0m eta=  1.3m fin~19:46 model_complete
  [S03a] ARIMA_Fixed      Statistical      job 110/3178 (  3.5%) win=2/12 elapsed=  0.0m eta=  1.3m fin~19:46 model_complete
  [S03a] ETS_Current      Statistical      job 110/3178 (  3.5%) win=2/12 elapsed=  0.0m eta=  1.3m fin~19:46 model_complete
  [S03a] FixedGrowth_1_5  Growth baseline  job 110/3178 (  3.5%) win=2/12 elapsed=  0.0m eta=  1.3m fin~19:46 model_complete
  [S03a] FixedGrowth_3    Growth baseline  job 110/3178 (  3.5%) win=2/12 elapsed=  0.0m eta=  1.3m fin~19:46 model_complete
  [S03a] FixedGrowth_4    Growth baseline  job 110/3178 (  3.5%) win=2/12 elapsed=  0.0m eta=  1.3m fin~19:46 model_complete
  [S03a] FixedGrowth_6    Growth baseline  job 110/3178 (  3.5%) win=2/12 elapsed=  0.0m eta=  1.3m fin~19:46 model_complete
  [S03a] LinearRegression Machine learning job 110/3178 (  3.5%) win=3/12 elapsed=  0.0m eta=  1.3m fin~19:46 model_complete
  [S03a] ARIMA_Fixed      Statistical      job 111/3178 (  3.5%) win=3/12 elapsed=  0.0m eta=  1.3m fin~19:46 model_complete
  [S03a] ETS_Current      Statistical      job 111/3178 (  3.5%) win=3/12 elapsed=  0.0m eta=  1.3m fin~19:46 model_complete
  [S03a] FixedGrowth_1_5  Growth baseline  job 111/3178 (  3.5%) win=3/12 elapsed=  0.0m eta=  1.3m fin~19:46 model_complete
  [S03a] FixedGrowth_3    Growth baseline  job 111/3178 (  3.5%) win=3/12 elapsed=  0.0m eta=  1.3m fin~19:46 model_complete
  [S03a] FixedGrowth_4    Growth baseline  job 775/3178 ( 24.4%) win=3/12 elapsed=  0.0m eta=  0.1m fin~19:45 running
  [S03a] FixedGrowth_4    Growth baseline  job 111/3178 (  3.5%) win=3/12 elapsed=  0.0m eta=  1.3m fin~19:46 model_complete
  [S03a] FixedGrowth_6    Growth baseline  job 111/3178 (  3.5%) win=3/12 elapsed=  0.0m eta=  1.3m fin~19:46 model_complete
  [S03a] LinearRegression Machine learning job 111/3178 (  3.5%) win=4/12 elapsed=  0.0m eta=  1.3m fin~19:46 model_complete
  [S03a] ARIMA_Fixed      Statistical      job 112/3178 (  3.5%) win=4/12 elapsed=  0.0m eta=  1.3m fin~19:46 model_complete
  [S03a] ETS_Current      Statistical      job 112/3178 (  3.5%) win=4/12 elapsed=  0.0m eta=  1.3m fin~19:46 model_complete
  [S03a] FixedGrowth_1_5  Growth baseline  job 112/3178 (  3.5%) win=4/12 elapsed=  0.0m eta=  1.3m fin~19:46 model_complete
  [S03a] FixedGrowth_3    Growth baseline  job 112/3178 (  3.5%) win=4/12 elapsed=  0.0m eta=  1.3m fin~19:46 model_complete
  [S03a] FixedGrowth_4    Growth baseline  job 112/3178 (  3.5%) win=4/12 elapsed=  0.0m eta=  1.3m fin~19:46 model_complete
  [S03a] FixedGrowth_6    Growth baseline  job 112/3178 (  3.5%) win=4/12 elapsed=  0.0m eta=  1.3m fin~19:46 model_complete
  [S03a] LinearRegression Machine learning job 112/3178 (  3.5%) win=5/12 elapsed=  0.0m eta=  1.3m fin~19:46 model_complete
  [S03a] ARIMA_Fixed      Statistical      job 113/3178 (  3.6%) win=5/12 elapsed=  0.0m eta=  1.3m fin~19:46 model_complete
  [S03a] ETS_Current      Statistical      job 113/3178 (  3.6%) win=5/12 elapsed=  0.0m eta=  1.3m fin~19:46 model_complete
  [S03a] FixedGrowth_1_5  Growth baseline  job 113/3178 (  3.6%) win=5/12 elapsed=  0.0m eta=  1.3m fin~19:46 model_complete
  [S03a] FixedGrowth_3    Growth baseline  job 113/3178 (  3.6%) win=5/12 elapsed=  0.0m eta=  1.3m fin~19:46 model_complete
  [S03a] FixedGrowth_4    Growth baseline  job 113/3178 (  3.6%) win=5/12 elapsed=  0.0m eta=  1.3m fin~19:46 model_complete
  [S03a] FixedGrowth_6    Growth baseline  job 113/3178 (  3.6%) win=5/12 elapsed=  0.0m eta=  1.3m fin~19:46 model_complete
  [S03a] LinearRegression Machine learning job 113/3178 (  3.6%) win=6/12 elapsed=  0.0m eta=  1.3m fin~19:46 model_complete
  [S03a] ARIMA_Fixed      Statistical      job 114/3178 (  3.6%) win=6/12 elapsed=  0.0m eta=  1.3m fin~19:46 model_complete
  [S03a] ETS_Current      Statistical      job 114/3178 (  3.6%) win=6/12 elapsed=  0.0m eta=  1.3m fin~19:46 model_complete
  [S03a] FixedGrowth_1_5  Growth baseline  job 114/3178 (  3.6%) win=6/12 elapsed=  0.0m eta=  1.3m fin~19:46 model_complete
  [S03a] FixedGrowth_3    Growth baseline  job 114/3178 (  3.6%) win=6/12 elapsed=  0.0m eta=  1.3m fin~19:46 model_complete
  [S03a] FixedGrowth_4    Growth baseline  job 114/3178 (  3.6%) win=6/12 elapsed=  0.0m eta=  1.3m fin~19:46 model_complete
  [S03a] FixedGrowth_6    Growth baseline  job 114/3178 (  3.6%) win=6/12 elapsed=  0.0m eta=  1.3m fin~19:46 model_complete
  [S03a] LinearRegression Machine learning job 114/3178 (  3.6%) win=7/12 elapsed=  0.0m eta=  1.3m fin~19:46 model_complete
  [S03a] ARIMA_Fixed      Statistical      job 115/3178 (  3.6%) win=7/12 elapsed=  0.0m eta=  1.3m fin~19:46 model_complete
  [S03a] ETS_Current      Statistical      job 800/3178 ( 25.2%) win=7/12 elapsed=  0.0m eta=  0.1m fin~19:45 running
  [S03a] ETS_Current      Statistical      job 115/3178 (  3.6%) win=7/12 elapsed=  0.0m eta=  1.3m fin~19:46 model_complete
  [S03a] FixedGrowth_1_5  Growth baseline  job 115/3178 (  3.6%) win=7/12 elapsed=  0.0m eta=  1.3m fin~19:46 model_complete
  [S03a] FixedGrowth_3    Growth baseline  job 115/3178 (  3.6%) win=7/12 elapsed=  0.0m eta=  1.3m fin~19:46 model_complete
  [S03a] FixedGrowth_4    Growth baseline  job 115/3178 (  3.6%) win=7/12 elapsed=  0.0m eta=  1.3m fin~19:46 model_complete
  [S03a] FixedGrowth_6    Growth baseline  job 115/3178 (  3.6%) win=7/12 elapsed=  0.0m eta=  1.3m fin~19:46 model_complete
  [S03a] LinearRegression Machine learning job 115/3178 (  3.6%) win=8/12 elapsed=  0.0m eta=  1.3m fin~19:46 model_complete
  [S03a] ARIMA_Fixed      Statistical      job 116/3178 (  3.7%) win=8/12 elapsed=  0.0m eta=  1.3m fin~19:46 model_complete
  [S03a] ETS_Current      Statistical      job 116/3178 (  3.7%) win=8/12 elapsed=  0.0m eta=  1.3m fin~19:46 model_complete
  [S03a] FixedGrowth_1_5  Growth baseline  job 116/3178 (  3.7%) win=8/12 elapsed=  0.0m eta=  1.3m fin~19:46 model_complete
  [S03a] FixedGrowth_3    Growth baseline  job 116/3178 (  3.7%) win=8/12 elapsed=  0.0m eta=  1.3m fin~19:46 model_complete
  [S03a] FixedGrowth_4    Growth baseline  job 116/3178 (  3.7%) win=8/12 elapsed=  0.0m eta=  1.3m fin~19:46 model_complete
  [S03a] FixedGrowth_6    Growth baseline  job 116/3178 (  3.7%) win=8/12 elapsed=  0.0m eta=  1.3m fin~19:46 model_complete
  [S03a] LinearRegression Machine learning job 116/3178 (  3.7%) win=9/12 elapsed=  0.0m eta=  1.3m fin~19:46 model_complete
  [S03a] ARIMA_Fixed      Statistical      job 117/3178 (  3.7%) win=9/12 elapsed=  0.0m eta=  1.3m fin~19:46 model_complete
  [S03a] ETS_Current      Statistical      job 117/3178 (  3.7%) win=9/12 elapsed=  0.0m eta=  1.3m fin~19:46 model_complete
  [S03a] FixedGrowth_1_5  Growth baseline  job 117/3178 (  3.7%) win=9/12 elapsed=  0.0m eta=  1.3m fin~19:46 model_complete
  [S03a] FixedGrowth_3    Growth baseline  job 117/3178 (  3.7%) win=9/12 elapsed=  0.0m eta=  1.3m fin~19:46 model_complete
  [S03a] FixedGrowth_4    Growth baseline  job 117/3178 (  3.7%) win=9/12 elapsed=  0.0m eta=  1.3m fin~19:46 model_complete
  [S03a] FixedGrowth_6    Growth baseline  job 117/3178 (  3.7%) win=9/12 elapsed=  0.0m eta=  1.3m fin~19:46 model_complete
  [S03a] LinearRegression Machine learning job 117/3178 (  3.7%) win=10/12 elapsed=  0.0m eta=  1.3m fin~19:46 model_complete
  [S03a] ARIMA_Fixed      Statistical      job 118/3178 (  3.7%) win=10/12 elapsed=  0.0m eta=  1.3m fin~19:46 model_complete
  [S03a] ETS_Current      Statistical      job 118/3178 (  3.7%) win=10/12 elapsed=  0.0m eta=  1.3m fin~19:46 model_complete
  [S03a] FixedGrowth_1_5  Growth baseline  job 118/3178 (  3.7%) win=10/12 elapsed=  0.0m eta=  1.3m fin~19:46 model_complete
  [S03a] FixedGrowth_3    Growth baseline  job 118/3178 (  3.7%) win=10/12 elapsed=  0.0m eta=  1.3m fin~19:46 model_complete
  [S03a] FixedGrowth_4    Growth baseline  job 118/3178 (  3.7%) win=10/12 elapsed=  0.0m eta=  1.3m fin~19:46 model_complete
  [S03a] FixedGrowth_6    Growth baseline  job 825/3178 ( 26.0%) win=10/12 elapsed=  0.0m eta=  0.1m fin~19:45 running
  [S03a] FixedGrowth_6    Growth baseline  job 118/3178 (  3.7%) win=10/12 elapsed=  0.0m eta=  1.3m fin~19:46 model_complete
  [S03a] LinearRegression Machine learning job 118/3178 (  3.7%) win=11/12 elapsed=  0.0m eta=  1.3m fin~19:46 model_complete
  [S03a] ARIMA_Fixed      Statistical      job 119/3178 (  3.7%) win=11/12 elapsed=  0.1m eta=  1.3m fin~19:46 model_complete
  [S03a] ETS_Current      Statistical      job 119/3178 (  3.7%) win=11/12 elapsed=  0.1m eta=  1.3m fin~19:46 model_complete
  [S03a] FixedGrowth_1_5  Growth baseline  job 119/3178 (  3.7%) win=11/12 elapsed=  0.1m eta=  1.3m fin~19:46 model_complete
  [S03a] FixedGrowth_3    Growth baseline  job 119/3178 (  3.7%) win=11/12 elapsed=  0.1m eta=  1.3m fin~19:46 model_complete
  [S03a] FixedGrowth_4    Growth baseline  job 119/3178 (  3.7%) win=11/12 elapsed=  0.1m eta=  1.3m fin~19:46 model_complete
  [S03a] FixedGrowth_6    Growth baseline  job 119/3178 (  3.7%) win=11/12 elapsed=  0.1m eta=  1.3m fin~19:46 model_complete
  [S03a] LinearRegression Machine learning job 119/3178 (  3.7%) win=12/12 elapsed=  0.1m eta=  1.3m fin~19:46 model_complete
  [S03a] ARIMA_Fixed      Statistical      job 120/3178 (  3.8%) win=12/12 elapsed=  0.1m eta=  1.3m fin~19:46 model_complete
  [S03a] ETS_Current      Statistical      job 120/3178 (  3.8%) win=12/12 elapsed=  0.1m eta=  1.3m fin~19:46 model_complete
  [S03a] FixedGrowth_1_5  Growth baseline  job 120/3178 (  3.8%) win=12/12 elapsed=  0.1m eta=  1.3m fin~19:46 model_complete
  [S03a] FixedGrowth_3    Growth baseline  job 120/3178 (  3.8%) win=12/12 elapsed=  0.1m eta=  1.3m fin~19:46 model_complete
  [S03a] FixedGrowth_4    Growth baseline  job 120/3178 (  3.8%) win=12/12 elapsed=  0.1m eta=  1.3m fin~19:46 model_complete
  [S03a] FixedGrowth_6    Growth baseline  job 120/3178 (  3.8%) win=12/12 elapsed=  0.1m eta=  1.3m fin~19:46 model_complete
  [S03a] LinearRegression Machine learning job 120/3178 (  3.8%) win=1/12 elapsed=  0.1m eta=  1.3m fin~19:46 model_complete
  [S03a] ARIMA_Fixed      Statistical      job 121/3178 (  3.8%) win=1/12 elapsed=  0.1m eta=  1.3m fin~19:46 model_complete
  [S03a] ETS_Current      Statistical      job 121/3178 (  3.8%) win=1/12 elapsed=  0.1m eta=  1.3m fin~19:46 model_complete
  [S03a] FixedGrowth_1_5  Growth baseline  job 121/3178 (  3.8%) win=1/12 elapsed=  0.1m eta=  1.3m fin~19:46 model_complete
  [S03a] FixedGrowth_3    Growth baseline  job 121/3178 (  3.8%) win=1/12 elapsed=  0.1m eta=  1.3m fin~19:46 model_complete
  [S03a] FixedGrowth_4    Growth baseline  job 121/3178 (  3.8%) win=1/12 elapsed=  0.1m eta=  1.3m fin~19:46 model_complete
  [S03a] FixedGrowth_6    Growth baseline  job 121/3178 (  3.8%) win=1/12 elapsed=  0.1m eta=  1.3m fin~19:46 model_complete
  [S03a] LinearRegression Machine learning job 121/3178 (  3.8%) win=2/12 elapsed=  0.1m eta=  1.3m fin~19:46 model_complete
  [S03a] ARIMA_Fixed      Statistical      job 122/3178 (  3.8%) win=2/12 elapsed=  0.1m eta=  1.3m fin~19:46 model_complete
  [S03a] ETS_Current      Statistical      job 122/3178 (  3.8%) win=2/12 elapsed=  0.1m eta=  1.3m fin~19:46 model_complete
  [S03a] FixedGrowth_1_5  Growth baseline  job 850/3178 ( 26.7%) win=2/12 elapsed=  0.1m eta=  0.1m fin~19:45 running
  [S03a] FixedGrowth_1_5  Growth baseline  job 122/3178 (  3.8%) win=2/12 elapsed=  0.1m eta=  1.3m fin~19:46 model_complete
  [S03a] FixedGrowth_3    Growth baseline  job 122/3178 (  3.8%) win=2/12 elapsed=  0.1m eta=  1.3m fin~19:46 model_complete
  [S03a] FixedGrowth_4    Growth baseline  job 122/3178 (  3.8%) win=2/12 elapsed=  0.1m eta=  1.3m fin~19:46 model_complete
  [S03a] FixedGrowth_6    Growth baseline  job 122/3178 (  3.8%) win=2/12 elapsed=  0.1m eta=  1.3m fin~19:46 model_complete
  [S03a] LinearRegression Machine learning job 122/3178 (  3.8%) win=3/12 elapsed=  0.1m eta=  1.3m fin~19:46 model_complete
  [S03a] ARIMA_Fixed      Statistical      job 123/3178 (  3.9%) win=3/12 elapsed=  0.1m eta=  1.3m fin~19:46 model_complete
  [S03a] ETS_Current      Statistical      job 123/3178 (  3.9%) win=3/12 elapsed=  0.1m eta=  1.3m fin~19:46 model_complete
  [S03a] FixedGrowth_1_5  Growth baseline  job 123/3178 (  3.9%) win=3/12 elapsed=  0.1m eta=  1.3m fin~19:46 model_complete
  [S03a] FixedGrowth_3    Growth baseline  job 123/3178 (  3.9%) win=3/12 elapsed=  0.1m eta=  1.3m fin~19:46 model_complete
  [S03a] FixedGrowth_4    Growth baseline  job 123/3178 (  3.9%) win=3/12 elapsed=  0.1m eta=  1.3m fin~19:46 model_complete
  [S03a] FixedGrowth_6    Growth baseline  job 123/3178 (  3.9%) win=3/12 elapsed=  0.1m eta=  1.3m fin~19:46 model_complete
  [S03a] LinearRegression Machine learning job 123/3178 (  3.9%) win=4/12 elapsed=  0.1m eta=  1.3m fin~19:46 model_complete
  [S03a] ARIMA_Fixed      Statistical      job 124/3178 (  3.9%) win=4/12 elapsed=  0.1m eta=  1.3m fin~19:46 model_complete
  [S03a] ETS_Current      Statistical      job 124/3178 (  3.9%) win=4/12 elapsed=  0.1m eta=  1.3m fin~19:46 model_complete
  [S03a] FixedGrowth_1_5  Growth baseline  job 124/3178 (  3.9%) win=4/12 elapsed=  0.1m eta=  1.3m fin~19:46 model_complete
  [S03a] FixedGrowth_3    Growth baseline  job 124/3178 (  3.9%) win=4/12 elapsed=  0.1m eta=  1.3m fin~19:46 model_complete
  [S03a] FixedGrowth_4    Growth baseline  job 124/3178 (  3.9%) win=4/12 elapsed=  0.1m eta=  1.3m fin~19:46 model_complete
  [S03a] FixedGrowth_6    Growth baseline  job 124/3178 (  3.9%) win=4/12 elapsed=  0.1m eta=  1.3m fin~19:46 model_complete
  [S03a] LinearRegression Machine learning job 124/3178 (  3.9%) win=5/12 elapsed=  0.1m eta=  1.3m fin~19:46 model_complete
  [S03a] ARIMA_Fixed      Statistical      job 125/3178 (  3.9%) win=5/12 elapsed=  0.1m eta=  1.3m fin~19:46 model_complete
  [S03a] ETS_Current      Statistical      job 125/3178 (  3.9%) win=5/12 elapsed=  0.1m eta=  1.3m fin~19:46 model_complete
  [S03a] FixedGrowth_1_5  Growth baseline  job 125/3178 (  3.9%) win=5/12 elapsed=  0.1m eta=  1.3m fin~19:46 model_complete
  [S03a] FixedGrowth_3    Growth baseline  job 125/3178 (  3.9%) win=5/12 elapsed=  0.1m eta=  1.3m fin~19:46 model_complete
  [S03a] FixedGrowth_4    Growth baseline  job 125/3178 (  3.9%) win=5/12 elapsed=  0.1m eta=  1.3m fin~19:46 model_complete
  [S03a] FixedGrowth_6    Growth baseline  job 125/3178 (  3.9%) win=5/12 elapsed=  0.1m eta=  1.3m fin~19:46 model_complete
  [S03a] LinearRegression Machine learning job 875/3178 ( 27.5%) win=5/12 elapsed=  0.1m eta=  0.1m fin~19:45 running
  [S03a] LinearRegression Machine learning job 125/3178 (  3.9%) win=6/12 elapsed=  0.1m eta=  1.3m fin~19:46 model_complete
  [S03a] ARIMA_Fixed      Statistical      job 126/3178 (  4.0%) win=6/12 elapsed=  0.1m eta=  1.3m fin~19:46 model_complete
  [S03a] ETS_Current      Statistical      job 126/3178 (  4.0%) win=6/12 elapsed=  0.1m eta=  1.3m fin~19:46 model_complete
  [S03a] FixedGrowth_1_5  Growth baseline  job 126/3178 (  4.0%) win=6/12 elapsed=  0.1m eta=  1.3m fin~19:46 model_complete
  [S03a] FixedGrowth_3    Growth baseline  job 126/3178 (  4.0%) win=6/12 elapsed=  0.1m eta=  1.3m fin~19:46 model_complete
  [S03a] FixedGrowth_4    Growth baseline  job 126/3178 (  4.0%) win=6/12 elapsed=  0.1m eta=  1.3m fin~19:46 model_complete
  [S03a] FixedGrowth_6    Growth baseline  job 126/3178 (  4.0%) win=6/12 elapsed=  0.1m eta=  1.3m fin~19:46 model_complete
  [S03a] LinearRegression Machine learning job 126/3178 (  4.0%) win=7/12 elapsed=  0.1m eta=  1.3m fin~19:46 model_complete
  [S03a] ARIMA_Fixed      Statistical      job 127/3178 (  4.0%) win=7/12 elapsed=  0.1m eta=  1.3m fin~19:46 model_complete
  [S03a] ETS_Current      Statistical      job 127/3178 (  4.0%) win=7/12 elapsed=  0.1m eta=  1.3m fin~19:46 model_complete
  [S03a] FixedGrowth_1_5  Growth baseline  job 127/3178 (  4.0%) win=7/12 elapsed=  0.1m eta=  1.3m fin~19:46 model_complete
  [S03a] FixedGrowth_3    Growth baseline  job 127/3178 (  4.0%) win=7/12 elapsed=  0.1m eta=  1.3m fin~19:46 model_complete
  [S03a] FixedGrowth_4    Growth baseline  job 127/3178 (  4.0%) win=7/12 elapsed=  0.1m eta=  1.3m fin~19:46 model_complete
  [S03a] FixedGrowth_6    Growth baseline  job 127/3178 (  4.0%) win=7/12 elapsed=  0.1m eta=  1.3m fin~19:46 model_complete
  [S03a] LinearRegression Machine learning job 127/3178 (  4.0%) win=8/12 elapsed=  0.1m eta=  1.3m fin~19:46 model_complete
  [S03a] ARIMA_Fixed      Statistical      job 128/3178 (  4.0%) win=8/12 elapsed=  0.1m eta=  1.3m fin~19:46 model_complete
  [S03a] ETS_Current      Statistical      job 128/3178 (  4.0%) win=8/12 elapsed=  0.1m eta=  1.3m fin~19:46 model_complete
  [S03a] FixedGrowth_1_5  Growth baseline  job 128/3178 (  4.0%) win=8/12 elapsed=  0.1m eta=  1.3m fin~19:46 model_complete
  [S03a] FixedGrowth_3    Growth baseline  job 128/3178 (  4.0%) win=8/12 elapsed=  0.1m eta=  1.3m fin~19:46 model_complete
  [S03a] FixedGrowth_4    Growth baseline  job 128/3178 (  4.0%) win=8/12 elapsed=  0.1m eta=  1.3m fin~19:46 model_complete
  [S03a] FixedGrowth_6    Growth baseline  job 128/3178 (  4.0%) win=8/12 elapsed=  0.1m eta=  1.3m fin~19:46 model_complete
  [S03a] LinearRegression Machine learning job 128/3178 (  4.0%) win=9/12 elapsed=  0.1m eta=  1.3m fin~19:46 model_complete
  [S03a] ARIMA_Fixed      Statistical      job 129/3178 (  4.1%) win=9/12 elapsed=  0.1m eta=  1.3m fin~19:46 model_complete
  [S03a] ETS_Current      Statistical      job 129/3178 (  4.1%) win=9/12 elapsed=  0.1m eta=  1.3m fin~19:46 model_complete
  [S03a] FixedGrowth_1_5  Growth baseline  job 129/3178 (  4.1%) win=9/12 elapsed=  0.1m eta=  1.3m fin~19:46 model_complete
  [S03a] FixedGrowth_3    Growth baseline  job 900/3178 ( 28.3%) win=9/12 elapsed=  0.1m eta=  0.1m fin~19:45 running
  [S03a] FixedGrowth_3    Growth baseline  job 129/3178 (  4.1%) win=9/12 elapsed=  0.1m eta=  1.3m fin~19:46 model_complete
  [S03a] FixedGrowth_4    Growth baseline  job 129/3178 (  4.1%) win=9/12 elapsed=  0.1m eta=  1.3m fin~19:46 model_complete
  [S03a] FixedGrowth_6    Growth baseline  job 129/3178 (  4.1%) win=9/12 elapsed=  0.1m eta=  1.3m fin~19:46 model_complete
  [S03a] LinearRegression Machine learning job 129/3178 (  4.1%) win=10/12 elapsed=  0.1m eta=  1.3m fin~19:46 model_complete
  [S03a] ARIMA_Fixed      Statistical      job 130/3178 (  4.1%) win=10/12 elapsed=  0.1m eta=  1.2m fin~19:46 model_complete
  [S03a] ETS_Current      Statistical      job 130/3178 (  4.1%) win=10/12 elapsed=  0.1m eta=  1.3m fin~19:46 model_complete
  [S03a] FixedGrowth_1_5  Growth baseline  job 130/3178 (  4.1%) win=10/12 elapsed=  0.1m eta=  1.3m fin~19:46 model_complete
  [S03a] FixedGrowth_3    Growth baseline  job 130/3178 (  4.1%) win=10/12 elapsed=  0.1m eta=  1.3m fin~19:46 model_complete
  [S03a] FixedGrowth_4    Growth baseline  job 130/3178 (  4.1%) win=10/12 elapsed=  0.1m eta=  1.3m fin~19:46 model_complete
  [S03a] FixedGrowth_6    Growth baseline  job 130/3178 (  4.1%) win=10/12 elapsed=  0.1m eta=  1.3m fin~19:46 model_complete
  [S03a] LinearRegression Machine learning job 130/3178 (  4.1%) win=11/12 elapsed=  0.1m eta=  1.3m fin~19:46 model_complete
  [S03a] ARIMA_Fixed      Statistical      job 131/3178 (  4.1%) win=11/12 elapsed=  0.1m eta=  1.2m fin~19:46 model_complete
  [S03a] ETS_Current      Statistical      job 131/3178 (  4.1%) win=11/12 elapsed=  0.1m eta=  1.2m fin~19:46 model_complete
  [S03a] FixedGrowth_1_5  Growth baseline  job 131/3178 (  4.1%) win=11/12 elapsed=  0.1m eta=  1.2m fin~19:46 model_complete
  [S03a] FixedGrowth_3    Growth baseline  job 131/3178 (  4.1%) win=11/12 elapsed=  0.1m eta=  1.2m fin~19:46 model_complete
  [S03a] FixedGrowth_4    Growth baseline  job 131/3178 (  4.1%) win=11/12 elapsed=  0.1m eta=  1.2m fin~19:46 model_complete
  [S03a] FixedGrowth_6    Growth baseline  job 131/3178 (  4.1%) win=11/12 elapsed=  0.1m eta=  1.3m fin~19:46 model_complete
  [S03a] LinearRegression Machine learning job 131/3178 (  4.1%) win=12/12 elapsed=  0.1m eta=  1.3m fin~19:46 model_complete
  [S03a] ARIMA_Fixed      Statistical      job 132/3178 (  4.2%) win=12/12 elapsed=  0.1m eta=  1.2m fin~19:46 model_complete
  [S03a] ETS_Current      Statistical      job 132/3178 (  4.2%) win=12/12 elapsed=  0.1m eta=  1.2m fin~19:46 model_complete
  [S03a] FixedGrowth_1_5  Growth baseline  job 132/3178 (  4.2%) win=12/12 elapsed=  0.1m eta=  1.2m fin~19:46 model_complete
  [S03a] FixedGrowth_3    Growth baseline  job 132/3178 (  4.2%) win=12/12 elapsed=  0.1m eta=  1.2m fin~19:46 model_complete
  [S03a] FixedGrowth_4    Growth baseline  job 132/3178 (  4.2%) win=12/12 elapsed=  0.1m eta=  1.2m fin~19:46 model_complete
  [S03a] FixedGrowth_6    Growth baseline  job 132/3178 (  4.2%) win=12/12 elapsed=  0.1m eta=  1.2m fin~19:46 model_complete
  [S03a] LinearRegression Machine learning job 132/3178 (  4.2%) win=1/12 elapsed=  0.1m eta=  1.2m fin~19:46 model_complete
  [S03a] ARIMA_Fixed      Statistical      job 925/3178 ( 29.1%) win=1/12 elapsed=  0.1m eta=  0.1m fin~19:45 running
  [S03a] ARIMA_Fixed      Statistical      job 133/3178 (  4.2%) win=1/12 elapsed=  0.1m eta=  1.2m fin~19:46 model_complete
  [S03a] ETS_Current      Statistical      job 133/3178 (  4.2%) win=1/12 elapsed=  0.1m eta=  1.2m fin~19:46 model_complete
  [S03a] FixedGrowth_1_5  Growth baseline  job 133/3178 (  4.2%) win=1/12 elapsed=  0.1m eta=  1.2m fin~19:46 model_complete
  [S03a] FixedGrowth_3    Growth baseline  job 133/3178 (  4.2%) win=1/12 elapsed=  0.1m eta=  1.2m fin~19:46 model_complete
  [S03a] FixedGrowth_4    Growth baseline  job 133/3178 (  4.2%) win=1/12 elapsed=  0.1m eta=  1.2m fin~19:46 model_complete
  [S03a] FixedGrowth_6    Growth baseline  job 133/3178 (  4.2%) win=1/12 elapsed=  0.1m eta=  1.2m fin~19:46 model_complete
  [S03a] LinearRegression Machine learning job 133/3178 (  4.2%) win=2/12 elapsed=  0.1m eta=  1.2m fin~19:46 model_complete
  [S03a] ARIMA_Fixed      Statistical      job 134/3178 (  4.2%) win=2/12 elapsed=  0.1m eta=  1.2m fin~19:46 model_complete
  [S03a] ETS_Current      Statistical      job 134/3178 (  4.2%) win=2/12 elapsed=  0.1m eta=  1.2m fin~19:46 model_complete
  [S03a] FixedGrowth_1_5  Growth baseline  job 134/3178 (  4.2%) win=2/12 elapsed=  0.1m eta=  1.2m fin~19:46 model_complete
  [S03a] FixedGrowth_3    Growth baseline  job 134/3178 (  4.2%) win=2/12 elapsed=  0.1m eta=  1.2m fin~19:46 model_complete
  [S03a] FixedGrowth_4    Growth baseline  job 134/3178 (  4.2%) win=2/12 elapsed=  0.1m eta=  1.2m fin~19:46 model_complete
  [S03a] FixedGrowth_6    Growth baseline  job 134/3178 (  4.2%) win=2/12 elapsed=  0.1m eta=  1.2m fin~19:46 model_complete
  [S03a] LinearRegression Machine learning job 134/3178 (  4.2%) win=3/12 elapsed=  0.1m eta=  1.2m fin~19:46 model_complete
  [S03a] ARIMA_Fixed      Statistical      job 135/3178 (  4.2%) win=3/12 elapsed=  0.1m eta=  1.2m fin~19:46 model_complete
  [S03a] ETS_Current      Statistical      job 135/3178 (  4.2%) win=3/12 elapsed=  0.1m eta=  1.2m fin~19:46 model_complete
  [S03a] FixedGrowth_1_5  Growth baseline  job 135/3178 (  4.2%) win=3/12 elapsed=  0.1m eta=  1.2m fin~19:46 model_complete
  [S03a] FixedGrowth_3    Growth baseline  job 135/3178 (  4.2%) win=3/12 elapsed=  0.1m eta=  1.2m fin~19:46 model_complete
  [S03a] FixedGrowth_4    Growth baseline  job 135/3178 (  4.2%) win=3/12 elapsed=  0.1m eta=  1.2m fin~19:46 model_complete
  [S03a] FixedGrowth_6    Growth baseline  job 135/3178 (  4.2%) win=3/12 elapsed=  0.1m eta=  1.2m fin~19:46 model_complete
  [S03a] LinearRegression Machine learning job 135/3178 (  4.2%) win=4/12 elapsed=  0.1m eta=  1.2m fin~19:46 model_complete
  [S03a] ARIMA_Fixed      Statistical      job 136/3178 (  4.3%) win=4/12 elapsed=  0.1m eta=  1.2m fin~19:46 model_complete
  [S03a] ETS_Current      Statistical      job 136/3178 (  4.3%) win=4/12 elapsed=  0.1m eta=  1.2m fin~19:46 model_complete
  [S03a] FixedGrowth_1_5  Growth baseline  job 136/3178 (  4.3%) win=4/12 elapsed=  0.1m eta=  1.2m fin~19:46 model_complete
  [S03a] FixedGrowth_3    Growth baseline  job 136/3178 (  4.3%) win=4/12 elapsed=  0.1m eta=  1.2m fin~19:46 model_complete
  [S03a] FixedGrowth_4    Growth baseline  job 950/3178 ( 29.9%) win=4/12 elapsed=  0.1m eta=  0.1m fin~19:45 running
  [S03a] FixedGrowth_4    Growth baseline  job 136/3178 (  4.3%) win=4/12 elapsed=  0.1m eta=  1.2m fin~19:46 model_complete
  [S03a] FixedGrowth_6    Growth baseline  job 136/3178 (  4.3%) win=4/12 elapsed=  0.1m eta=  1.2m fin~19:46 model_complete
  [S03a] LinearRegression Machine learning job 136/3178 (  4.3%) win=5/12 elapsed=  0.1m eta=  1.2m fin~19:46 model_complete
  [S03a] ARIMA_Fixed      Statistical      job 137/3178 (  4.3%) win=5/12 elapsed=  0.1m eta=  1.2m fin~19:46 model_complete
  [S03a] ETS_Current      Statistical      job 137/3178 (  4.3%) win=5/12 elapsed=  0.1m eta=  1.2m fin~19:46 model_complete
  [S03a] FixedGrowth_1_5  Growth baseline  job 137/3178 (  4.3%) win=5/12 elapsed=  0.1m eta=  1.2m fin~19:46 model_complete
  [S03a] FixedGrowth_3    Growth baseline  job 137/3178 (  4.3%) win=5/12 elapsed=  0.1m eta=  1.2m fin~19:46 model_complete
  [S03a] FixedGrowth_4    Growth baseline  job 137/3178 (  4.3%) win=5/12 elapsed=  0.1m eta=  1.2m fin~19:46 model_complete
  [S03a] FixedGrowth_6    Growth baseline  job 137/3178 (  4.3%) win=5/12 elapsed=  0.1m eta=  1.2m fin~19:46 model_complete
  [S03a] LinearRegression Machine learning job 137/3178 (  4.3%) win=6/12 elapsed=  0.1m eta=  1.2m fin~19:46 model_complete
  [S03a] ARIMA_Fixed      Statistical      job 138/3178 (  4.3%) win=6/12 elapsed=  0.1m eta=  1.2m fin~19:46 model_complete
  [S03a] ETS_Current      Statistical      job 138/3178 (  4.3%) win=6/12 elapsed=  0.1m eta=  1.2m fin~19:46 model_complete
  [S03a] FixedGrowth_1_5  Growth baseline  job 138/3178 (  4.3%) win=6/12 elapsed=  0.1m eta=  1.2m fin~19:46 model_complete
  [S03a] FixedGrowth_3    Growth baseline  job 138/3178 (  4.3%) win=6/12 elapsed=  0.1m eta=  1.2m fin~19:46 model_complete
  [S03a] FixedGrowth_4    Growth baseline  job 138/3178 (  4.3%) win=6/12 elapsed=  0.1m eta=  1.2m fin~19:46 model_complete
  [S03a] FixedGrowth_6    Growth baseline  job 138/3178 (  4.3%) win=6/12 elapsed=  0.1m eta=  1.2m fin~19:46 model_complete
  [S03a] LinearRegression Machine learning job 138/3178 (  4.3%) win=7/12 elapsed=  0.1m eta=  1.2m fin~19:46 model_complete
  [S03a] ARIMA_Fixed      Statistical      job 139/3178 (  4.4%) win=7/12 elapsed=  0.1m eta=  1.2m fin~19:46 model_complete
  [S03a] ETS_Current      Statistical      job 139/3178 (  4.4%) win=7/12 elapsed=  0.1m eta=  1.2m fin~19:46 model_complete
  [S03a] FixedGrowth_1_5  Growth baseline  job 139/3178 (  4.4%) win=7/12 elapsed=  0.1m eta=  1.2m fin~19:46 model_complete
  [S03a] FixedGrowth_3    Growth baseline  job 139/3178 (  4.4%) win=7/12 elapsed=  0.1m eta=  1.2m fin~19:46 model_complete
  [S03a] FixedGrowth_4    Growth baseline  job 139/3178 (  4.4%) win=7/12 elapsed=  0.1m eta=  1.2m fin~19:46 model_complete
  [S03a] FixedGrowth_6    Growth baseline  job 139/3178 (  4.4%) win=7/12 elapsed=  0.1m eta=  1.2m fin~19:46 model_complete
  [S03a] LinearRegression Machine learning job 139/3178 (  4.4%) win=8/12 elapsed=  0.1m eta=  1.2m fin~19:46 model_complete
  [S03a] ARIMA_Fixed      Statistical      job 140/3178 (  4.4%) win=8/12 elapsed=  0.1m eta=  1.2m fin~19:46 model_complete
  [S03a] ETS_Current      Statistical      job 975/3178 ( 30.7%) win=8/12 elapsed=  0.1m eta=  0.1m fin~19:45 running
  [S03a] ETS_Current      Statistical      job 140/3178 (  4.4%) win=8/12 elapsed=  0.1m eta=  1.2m fin~19:46 model_complete
  [S03a] FixedGrowth_1_5  Growth baseline  job 140/3178 (  4.4%) win=8/12 elapsed=  0.1m eta=  1.2m fin~19:46 model_complete
  [S03a] FixedGrowth_3    Growth baseline  job 140/3178 (  4.4%) win=8/12 elapsed=  0.1m eta=  1.2m fin~19:46 model_complete
  [S03a] FixedGrowth_4    Growth baseline  job 140/3178 (  4.4%) win=8/12 elapsed=  0.1m eta=  1.2m fin~19:46 model_complete
  [S03a] FixedGrowth_6    Growth baseline  job 140/3178 (  4.4%) win=8/12 elapsed=  0.1m eta=  1.2m fin~19:46 model_complete
  [S03a] LinearRegression Machine learning job 140/3178 (  4.4%) win=9/12 elapsed=  0.1m eta=  1.2m fin~19:46 model_complete
  [S03a] ARIMA_Fixed      Statistical      job 141/3178 (  4.4%) win=9/12 elapsed=  0.1m eta=  1.2m fin~19:46 model_complete
  [S03a] ETS_Current      Statistical      job 141/3178 (  4.4%) win=9/12 elapsed=  0.1m eta=  1.2m fin~19:46 model_complete
  [S03a] FixedGrowth_1_5  Growth baseline  job 141/3178 (  4.4%) win=9/12 elapsed=  0.1m eta=  1.2m fin~19:46 model_complete
  [S03a] FixedGrowth_3    Growth baseline  job 141/3178 (  4.4%) win=9/12 elapsed=  0.1m eta=  1.2m fin~19:46 model_complete
  [S03a] FixedGrowth_4    Growth baseline  job 141/3178 (  4.4%) win=9/12 elapsed=  0.1m eta=  1.2m fin~19:46 model_complete
  [S03a] FixedGrowth_6    Growth baseline  job 141/3178 (  4.4%) win=9/12 elapsed=  0.1m eta=  1.2m fin~19:46 model_complete
  [S03a] LinearRegression Machine learning job 141/3178 (  4.4%) win=10/12 elapsed=  0.1m eta=  1.2m fin~19:46 model_complete
  [S03a] ARIMA_Fixed      Statistical      job 142/3178 (  4.5%) win=10/12 elapsed=  0.1m eta=  1.2m fin~19:46 model_complete
  [S03a] ETS_Current      Statistical      job 142/3178 (  4.5%) win=10/12 elapsed=  0.1m eta=  1.2m fin~19:46 model_complete
  [S03a] FixedGrowth_1_5  Growth baseline  job 142/3178 (  4.5%) win=10/12 elapsed=  0.1m eta=  1.2m fin~19:46 model_complete
  [S03a] FixedGrowth_3    Growth baseline  job 142/3178 (  4.5%) win=10/12 elapsed=  0.1m eta=  1.2m fin~19:46 model_complete
  [S03a] FixedGrowth_4    Growth baseline  job 142/3178 (  4.5%) win=10/12 elapsed=  0.1m eta=  1.2m fin~19:46 model_complete
  [S03a] FixedGrowth_6    Growth baseline  job 142/3178 (  4.5%) win=10/12 elapsed=  0.1m eta=  1.2m fin~19:46 model_complete
  [S03a] LinearRegression Machine learning job 142/3178 (  4.5%) win=11/12 elapsed=  0.1m eta=  1.2m fin~19:46 model_complete
  [S03a] ARIMA_Fixed      Statistical      job 143/3178 (  4.5%) win=11/12 elapsed=  0.1m eta=  1.2m fin~19:46 model_complete
  [S03a] ETS_Current      Statistical      job 143/3178 (  4.5%) win=11/12 elapsed=  0.1m eta=  1.2m fin~19:46 model_complete
  [S03a] FixedGrowth_1_5  Growth baseline  job 143/3178 (  4.5%) win=11/12 elapsed=  0.1m eta=  1.2m fin~19:46 model_complete
  [S03a] FixedGrowth_3    Growth baseline  job 143/3178 (  4.5%) win=11/12 elapsed=  0.1m eta=  1.2m fin~19:46 model_complete
  [S03a] FixedGrowth_4    Growth baseline  job 143/3178 (  4.5%) win=11/12 elapsed=  0.1m eta=  1.2m fin~19:46 model_complete
  [S03a] FixedGrowth_6    Growth baseline  job 1000/3178 ( 31.5%) win=11/12 elapsed=  0.1m eta=  0.1m fin~19:45 running
  [S03a] FixedGrowth_6    Growth baseline  job 143/3178 (  4.5%) win=11/12 elapsed=  0.1m eta=  1.2m fin~19:46 model_complete
  [S03a] LinearRegression Machine learning job 143/3178 (  4.5%) win=12/12 elapsed=  0.1m eta=  1.2m fin~19:46 model_complete
  [S03a] ARIMA_Fixed      Statistical      job 144/3178 (  4.5%) win=12/12 elapsed=  0.1m eta=  1.2m fin~19:46 model_complete
  [S03a] ETS_Current      Statistical      job 144/3178 (  4.5%) win=12/12 elapsed=  0.1m eta=  1.2m fin~19:46 model_complete
  [S03a] FixedGrowth_1_5  Growth baseline  job 144/3178 (  4.5%) win=12/12 elapsed=  0.1m eta=  1.2m fin~19:46 model_complete
  [S03a] FixedGrowth_3    Growth baseline  job 144/3178 (  4.5%) win=12/12 elapsed=  0.1m eta=  1.2m fin~19:46 model_complete
  [S03a] FixedGrowth_4    Growth baseline  job 144/3178 (  4.5%) win=12/12 elapsed=  0.1m eta=  1.2m fin~19:46 model_complete
  [S03a] FixedGrowth_6    Growth baseline  job 144/3178 (  4.5%) win=12/12 elapsed=  0.1m eta=  1.2m fin~19:46 model_complete
  [S03a] LinearRegression Machine learning job 144/3178 (  4.5%) win=1/12 elapsed=  0.1m eta=  1.2m fin~19:46 model_complete
  [S03a] ARIMA_Fixed      Statistical      job 145/3178 (  4.6%) win=1/12 elapsed=  0.1m eta=  1.2m fin~19:46 model_complete
  [S03a] ETS_Current      Statistical      job 145/3178 (  4.6%) win=1/12 elapsed=  0.1m eta=  1.2m fin~19:46 model_complete
  [S03a] FixedGrowth_1_5  Growth baseline  job 145/3178 (  4.6%) win=1/12 elapsed=  0.1m eta=  1.2m fin~19:46 model_complete
  [S03a] FixedGrowth_3    Growth baseline  job 145/3178 (  4.6%) win=1/12 elapsed=  0.1m eta=  1.2m fin~19:46 model_complete
  [S03a] FixedGrowth_4    Growth baseline  job 145/3178 (  4.6%) win=1/12 elapsed=  0.1m eta=  1.2m fin~19:46 model_complete
  [S03a] FixedGrowth_6    Growth baseline  job 145/3178 (  4.6%) win=1/12 elapsed=  0.1m eta=  1.2m fin~19:46 model_complete
  [S03a] LinearRegression Machine learning job 145/3178 (  4.6%) win=2/12 elapsed=  0.1m eta=  1.2m fin~19:46 model_complete
  [S03a] ARIMA_Fixed      Statistical      job 146/3178 (  4.6%) win=2/12 elapsed=  0.1m eta=  1.2m fin~19:46 model_complete
  [S03a] ETS_Current      Statistical      job 146/3178 (  4.6%) win=2/12 elapsed=  0.1m eta=  1.2m fin~19:46 model_complete
  [S03a] FixedGrowth_1_5  Growth baseline  job 146/3178 (  4.6%) win=2/12 elapsed=  0.1m eta=  1.2m fin~19:46 model_complete
  [S03a] FixedGrowth_3    Growth baseline  job 146/3178 (  4.6%) win=2/12 elapsed=  0.1m eta=  1.2m fin~19:46 model_complete
  [S03a] FixedGrowth_4    Growth baseline  job 146/3178 (  4.6%) win=2/12 elapsed=  0.1m eta=  1.2m fin~19:46 model_complete
  [S03a] FixedGrowth_6    Growth baseline  job 146/3178 (  4.6%) win=2/12 elapsed=  0.1m eta=  1.2m fin~19:46 model_complete
  [S03a] LinearRegression Machine learning job 146/3178 (  4.6%) win=3/12 elapsed=  0.1m eta=  1.2m fin~19:46 model_complete
  [S03a] ARIMA_Fixed      Statistical      job 147/3178 (  4.6%) win=3/12 elapsed=  0.1m eta=  1.2m fin~19:46 model_complete
  [S03a] ETS_Current      Statistical      job 147/3178 (  4.6%) win=3/12 elapsed=  0.1m eta=  1.2m fin~19:46 model_complete
  [S03a] FixedGrowth_1_5  Growth baseline  job 1025/3178 ( 32.3%) win=3/12 elapsed=  0.1m eta=  0.1m fin~19:45 running
  [S03a] FixedGrowth_1_5  Growth baseline  job 147/3178 (  4.6%) win=3/12 elapsed=  0.1m eta=  1.2m fin~19:46 model_complete
  [S03a] FixedGrowth_3    Growth baseline  job 147/3178 (  4.6%) win=3/12 elapsed=  0.1m eta=  1.2m fin~19:46 model_complete
  [S03a] FixedGrowth_4    Growth baseline  job 147/3178 (  4.6%) win=3/12 elapsed=  0.1m eta=  1.2m fin~19:46 model_complete
  [S03a] FixedGrowth_6    Growth baseline  job 147/3178 (  4.6%) win=3/12 elapsed=  0.1m eta=  1.2m fin~19:46 model_complete
  [S03a] LinearRegression Machine learning job 147/3178 (  4.6%) win=4/12 elapsed=  0.1m eta=  1.2m fin~19:46 model_complete
  [S03a] ARIMA_Fixed      Statistical      job 148/3178 (  4.7%) win=4/12 elapsed=  0.1m eta=  1.2m fin~19:46 model_complete
  [S03a] ETS_Current      Statistical      job 148/3178 (  4.7%) win=4/12 elapsed=  0.1m eta=  1.2m fin~19:46 model_complete
  [S03a] FixedGrowth_1_5  Growth baseline  job 148/3178 (  4.7%) win=4/12 elapsed=  0.1m eta=  1.2m fin~19:46 model_complete
  [S03a] FixedGrowth_3    Growth baseline  job 148/3178 (  4.7%) win=4/12 elapsed=  0.1m eta=  1.2m fin~19:46 model_complete
  [S03a] FixedGrowth_4    Growth baseline  job 148/3178 (  4.7%) win=4/12 elapsed=  0.1m eta=  1.2m fin~19:46 model_complete
  [S03a] FixedGrowth_6    Growth baseline  job 148/3178 (  4.7%) win=4/12 elapsed=  0.1m eta=  1.2m fin~19:46 model_complete
  [S03a] LinearRegression Machine learning job 148/3178 (  4.7%) win=5/12 elapsed=  0.1m eta=  1.2m fin~19:46 model_complete
  [S03a] ARIMA_Fixed      Statistical      job 149/3178 (  4.7%) win=5/12 elapsed=  0.1m eta=  1.2m fin~19:46 model_complete
  [S03a] ETS_Current      Statistical      job 149/3178 (  4.7%) win=5/12 elapsed=  0.1m eta=  1.2m fin~19:46 model_complete
  [S03a] FixedGrowth_1_5  Growth baseline  job 149/3178 (  4.7%) win=5/12 elapsed=  0.1m eta=  1.2m fin~19:46 model_complete
  [S03a] FixedGrowth_3    Growth baseline  job 149/3178 (  4.7%) win=5/12 elapsed=  0.1m eta=  1.2m fin~19:46 model_complete
  [S03a] FixedGrowth_4    Growth baseline  job 149/3178 (  4.7%) win=5/12 elapsed=  0.1m eta=  1.2m fin~19:46 model_complete
  [S03a] FixedGrowth_6    Growth baseline  job 149/3178 (  4.7%) win=5/12 elapsed=  0.1m eta=  1.2m fin~19:46 model_complete
  [S03a] LinearRegression Machine learning job 149/3178 (  4.7%) win=6/12 elapsed=  0.1m eta=  1.2m fin~19:46 model_complete
  [S03a] ARIMA_Fixed      Statistical      job 150/3178 (  4.7%) win=6/12 elapsed=  0.1m eta=  1.2m fin~19:46 model_complete
  [S03a] ETS_Current      Statistical      job 150/3178 (  4.7%) win=6/12 elapsed=  0.1m eta=  1.2m fin~19:46 model_complete
  [S03a] FixedGrowth_1_5  Growth baseline  job 150/3178 (  4.7%) win=6/12 elapsed=  0.1m eta=  1.2m fin~19:46 model_complete
  [S03a] FixedGrowth_3    Growth baseline  job 150/3178 (  4.7%) win=6/12 elapsed=  0.1m eta=  1.2m fin~19:46 model_complete
  [S03a] FixedGrowth_4    Growth baseline  job 150/3178 (  4.7%) win=6/12 elapsed=  0.1m eta=  1.2m fin~19:46 model_complete
  [S03a] FixedGrowth_6    Growth baseline  job 150/3178 (  4.7%) win=6/12 elapsed=  0.1m eta=  1.2m fin~19:46 model_complete
  [S03a] LinearRegression Machine learning job 1050/3178 ( 33.0%) win=6/12 elapsed=  0.1m eta=  0.1m fin~19:45 running
  [S03a] LinearRegression Machine learning job 150/3178 (  4.7%) win=7/12 elapsed=  0.1m eta=  1.2m fin~19:46 model_complete
  [S03a] ARIMA_Fixed      Statistical      job 151/3178 (  4.8%) win=7/12 elapsed=  0.1m eta=  1.2m fin~19:46 model_complete
  [S03a] ETS_Current      Statistical      job 151/3178 (  4.8%) win=7/12 elapsed=  0.1m eta=  1.2m fin~19:46 model_complete
  [S03a] FixedGrowth_1_5  Growth baseline  job 151/3178 (  4.8%) win=7/12 elapsed=  0.1m eta=  1.2m fin~19:46 model_complete
  [S03a] FixedGrowth_3    Growth baseline  job 151/3178 (  4.8%) win=7/12 elapsed=  0.1m eta=  1.2m fin~19:46 model_complete
  [S03a] FixedGrowth_4    Growth baseline  job 151/3178 (  4.8%) win=7/12 elapsed=  0.1m eta=  1.2m fin~19:46 model_complete
  [S03a] FixedGrowth_6    Growth baseline  job 151/3178 (  4.8%) win=7/12 elapsed=  0.1m eta=  1.2m fin~19:46 model_complete
  [S03a] LinearRegression Machine learning job 151/3178 (  4.8%) win=8/12 elapsed=  0.1m eta=  1.2m fin~19:46 model_complete
  [S03a] ARIMA_Fixed      Statistical      job 152/3178 (  4.8%) win=8/12 elapsed=  0.1m eta=  1.2m fin~19:46 model_complete
  [S03a] ETS_Current      Statistical      job 152/3178 (  4.8%) win=8/12 elapsed=  0.1m eta=  1.2m fin~19:46 model_complete
  [S03a] FixedGrowth_1_5  Growth baseline  job 152/3178 (  4.8%) win=8/12 elapsed=  0.1m eta=  1.2m fin~19:46 model_complete
  [S03a] FixedGrowth_3    Growth baseline  job 152/3178 (  4.8%) win=8/12 elapsed=  0.1m eta=  1.2m fin~19:46 model_complete
  [S03a] FixedGrowth_4    Growth baseline  job 152/3178 (  4.8%) win=8/12 elapsed=  0.1m eta=  1.2m fin~19:46 model_complete
  [S03a] FixedGrowth_6    Growth baseline  job 152/3178 (  4.8%) win=8/12 elapsed=  0.1m eta=  1.2m fin~19:46 model_complete
  [S03a] LinearRegression Machine learning job 152/3178 (  4.8%) win=9/12 elapsed=  0.1m eta=  1.2m fin~19:46 model_complete
  [S03a] ARIMA_Fixed      Statistical      job 153/3178 (  4.8%) win=9/12 elapsed=  0.1m eta=  1.2m fin~19:46 model_complete
  [S03a] ETS_Current      Statistical      job 153/3178 (  4.8%) win=9/12 elapsed=  0.1m eta=  1.2m fin~19:46 model_complete
  [S03a] FixedGrowth_1_5  Growth baseline  job 153/3178 (  4.8%) win=9/12 elapsed=  0.1m eta=  1.2m fin~19:46 model_complete
  [S03a] FixedGrowth_3    Growth baseline  job 153/3178 (  4.8%) win=9/12 elapsed=  0.1m eta=  1.2m fin~19:46 model_complete
  [S03a] FixedGrowth_4    Growth baseline  job 153/3178 (  4.8%) win=9/12 elapsed=  0.1m eta=  1.2m fin~19:46 model_complete
  [S03a] FixedGrowth_6    Growth baseline  job 153/3178 (  4.8%) win=9/12 elapsed=  0.1m eta=  1.2m fin~19:46 model_complete
  [S03a] LinearRegression Machine learning job 153/3178 (  4.8%) win=10/12 elapsed=  0.1m eta=  1.2m fin~19:46 model_complete
  [S03a] ARIMA_Fixed      Statistical      job 154/3178 (  4.8%) win=10/12 elapsed=  0.1m eta=  1.2m fin~19:46 model_complete
  [S03a] ETS_Current      Statistical      job 154/3178 (  4.8%) win=10/12 elapsed=  0.1m eta=  1.2m fin~19:46 model_complete
  [S03a] FixedGrowth_1_5  Growth baseline  job 154/3178 (  4.8%) win=10/12 elapsed=  0.1m eta=  1.2m fin~19:46 model_complete
  [S03a] FixedGrowth_3    Growth baseline  job 1075/3178 ( 33.8%) win=10/12 elapsed=  0.1m eta=  0.1m fin~19:45 running
  [S03a] FixedGrowth_3    Growth baseline  job 154/3178 (  4.8%) win=10/12 elapsed=  0.1m eta=  1.2m fin~19:46 model_complete
  [S03a] FixedGrowth_4    Growth baseline  job 154/3178 (  4.8%) win=10/12 elapsed=  0.1m eta=  1.2m fin~19:46 model_complete
  [S03a] FixedGrowth_6    Growth baseline  job 154/3178 (  4.8%) win=10/12 elapsed=  0.1m eta=  1.2m fin~19:46 model_complete
  [S03a] LinearRegression Machine learning job 154/3178 (  4.8%) win=11/12 elapsed=  0.1m eta=  1.2m fin~19:46 model_complete
  [S03a] ARIMA_Fixed      Statistical      job 155/3178 (  4.9%) win=11/12 elapsed=  0.1m eta=  1.2m fin~19:46 model_complete
  [S03a] ETS_Current      Statistical      job 155/3178 (  4.9%) win=11/12 elapsed=  0.1m eta=  1.2m fin~19:46 model_complete
  [S03a] FixedGrowth_1_5  Growth baseline  job 155/3178 (  4.9%) win=11/12 elapsed=  0.1m eta=  1.2m fin~19:46 model_complete
  [S03a] FixedGrowth_3    Growth baseline  job 155/3178 (  4.9%) win=11/12 elapsed=  0.1m eta=  1.2m fin~19:46 model_complete
  [S03a] FixedGrowth_4    Growth baseline  job 155/3178 (  4.9%) win=11/12 elapsed=  0.1m eta=  1.2m fin~19:46 model_complete
  [S03a] FixedGrowth_6    Growth baseline  job 155/3178 (  4.9%) win=11/12 elapsed=  0.1m eta=  1.2m fin~19:46 model_complete
  [S03a] LinearRegression Machine learning job 155/3178 (  4.9%) win=12/12 elapsed=  0.1m eta=  1.2m fin~19:46 model_complete
  [S03a] ARIMA_Fixed      Statistical      job 156/3178 (  4.9%) win=12/12 elapsed=  0.1m eta=  1.2m fin~19:46 model_complete
  [S03a] ETS_Current      Statistical      job 156/3178 (  4.9%) win=12/12 elapsed=  0.1m eta=  1.2m fin~19:46 model_complete
  [S03a] FixedGrowth_1_5  Growth baseline  job 156/3178 (  4.9%) win=12/12 elapsed=  0.1m eta=  1.2m fin~19:46 model_complete
  [S03a] FixedGrowth_3    Growth baseline  job 156/3178 (  4.9%) win=12/12 elapsed=  0.1m eta=  1.2m fin~19:46 model_complete
  [S03a] FixedGrowth_4    Growth baseline  job 156/3178 (  4.9%) win=12/12 elapsed=  0.1m eta=  1.2m fin~19:46 model_complete
  [S03a] FixedGrowth_6    Growth baseline  job 156/3178 (  4.9%) win=12/12 elapsed=  0.1m eta=  1.2m fin~19:46 model_complete
  [S03a] LinearRegression Machine learning job 156/3178 (  4.9%) win=1/12 elapsed=  0.1m eta=  1.2m fin~19:46 model_complete
  [S03a] ARIMA_Fixed      Statistical      job 157/3178 (  4.9%) win=1/12 elapsed=  0.1m eta=  1.2m fin~19:46 model_complete
  [S03a] ETS_Current      Statistical      job 157/3178 (  4.9%) win=1/12 elapsed=  0.1m eta=  1.2m fin~19:46 model_complete
  [S03a] FixedGrowth_1_5  Growth baseline  job 157/3178 (  4.9%) win=1/12 elapsed=  0.1m eta=  1.2m fin~19:46 model_complete
  [S03a] FixedGrowth_3    Growth baseline  job 157/3178 (  4.9%) win=1/12 elapsed=  0.1m eta=  1.2m fin~19:46 model_complete
  [S03a] FixedGrowth_4    Growth baseline  job 157/3178 (  4.9%) win=1/12 elapsed=  0.1m eta=  1.2m fin~19:46 model_complete
  [S03a] FixedGrowth_6    Growth baseline  job 157/3178 (  4.9%) win=1/12 elapsed=  0.1m eta=  1.2m fin~19:46 model_complete
  [S03a] LinearRegression Machine learning job 157/3178 (  4.9%) win=2/12 elapsed=  0.1m eta=  1.2m fin~19:46 model_complete
  [S03a] ARIMA_Fixed      Statistical      job 1100/3178 ( 34.6%) win=2/12 elapsed=  0.1m eta=  0.1m fin~19:45 running
  [S03a] ARIMA_Fixed      Statistical      job 158/3178 (  5.0%) win=2/12 elapsed=  0.1m eta=  1.2m fin~19:46 model_complete
  [S03a] ETS_Current      Statistical      job 158/3178 (  5.0%) win=2/12 elapsed=  0.1m eta=  1.2m fin~19:46 model_complete
  [S03a] FixedGrowth_1_5  Growth baseline  job 158/3178 (  5.0%) win=2/12 elapsed=  0.1m eta=  1.2m fin~19:46 model_complete
  [S03a] FixedGrowth_3    Growth baseline  job 158/3178 (  5.0%) win=2/12 elapsed=  0.1m eta=  1.2m fin~19:46 model_complete
  [S03a] FixedGrowth_4    Growth baseline  job 158/3178 (  5.0%) win=2/12 elapsed=  0.1m eta=  1.2m fin~19:46 model_complete
  [S03a] FixedGrowth_6    Growth baseline  job 158/3178 (  5.0%) win=2/12 elapsed=  0.1m eta=  1.2m fin~19:46 model_complete
  [S03a] LinearRegression Machine learning job 158/3178 (  5.0%) win=3/12 elapsed=  0.1m eta=  1.2m fin~19:46 model_complete
  [S03a] ARIMA_Fixed      Statistical      job 159/3178 (  5.0%) win=3/12 elapsed=  0.1m eta=  1.2m fin~19:46 model_complete
  [S03a] ETS_Current      Statistical      job 159/3178 (  5.0%) win=3/12 elapsed=  0.1m eta=  1.2m fin~19:46 model_complete
  [S03a] FixedGrowth_1_5  Growth baseline  job 159/3178 (  5.0%) win=3/12 elapsed=  0.1m eta=  1.2m fin~19:46 model_complete
  [S03a] FixedGrowth_3    Growth baseline  job 159/3178 (  5.0%) win=3/12 elapsed=  0.1m eta=  1.2m fin~19:46 model_complete
  [S03a] FixedGrowth_4    Growth baseline  job 159/3178 (  5.0%) win=3/12 elapsed=  0.1m eta=  1.2m fin~19:46 model_complete
  [S03a] FixedGrowth_6    Growth baseline  job 159/3178 (  5.0%) win=3/12 elapsed=  0.1m eta=  1.2m fin~19:46 model_complete
  [S03a] LinearRegression Machine learning job 159/3178 (  5.0%) win=4/12 elapsed=  0.1m eta=  1.2m fin~19:46 model_complete
  [S03a] ARIMA_Fixed      Statistical      job 160/3178 (  5.0%) win=4/12 elapsed=  0.1m eta=  1.2m fin~19:46 model_complete
  [S03a] ETS_Current      Statistical      job 160/3178 (  5.0%) win=4/12 elapsed=  0.1m eta=  1.2m fin~19:46 model_complete
  [S03a] FixedGrowth_1_5  Growth baseline  job 160/3178 (  5.0%) win=4/12 elapsed=  0.1m eta=  1.2m fin~19:46 model_complete
  [S03a] FixedGrowth_3    Growth baseline  job 160/3178 (  5.0%) win=4/12 elapsed=  0.1m eta=  1.2m fin~19:46 model_complete
  [S03a] FixedGrowth_4    Growth baseline  job 160/3178 (  5.0%) win=4/12 elapsed=  0.1m eta=  1.2m fin~19:46 model_complete
  [S03a] FixedGrowth_6    Growth baseline  job 160/3178 (  5.0%) win=4/12 elapsed=  0.1m eta=  1.2m fin~19:46 model_complete
  [S03a] LinearRegression Machine learning job 160/3178 (  5.0%) win=5/12 elapsed=  0.1m eta=  1.2m fin~19:46 model_complete
  [S03a] ARIMA_Fixed      Statistical      job 161/3178 (  5.1%) win=5/12 elapsed=  0.1m eta=  1.2m fin~19:46 model_complete
  [S03a] ETS_Current      Statistical      job 161/3178 (  5.1%) win=5/12 elapsed=  0.1m eta=  1.2m fin~19:46 model_complete
  [S03a] FixedGrowth_1_5  Growth baseline  job 161/3178 (  5.1%) win=5/12 elapsed=  0.1m eta=  1.2m fin~19:46 model_complete
  [S03a] FixedGrowth_3    Growth baseline  job 161/3178 (  5.1%) win=5/12 elapsed=  0.1m eta=  1.2m fin~19:46 model_complete
  [S03a] FixedGrowth_4    Growth baseline  job 1125/3178 ( 35.4%) win=5/12 elapsed=  0.1m eta=  0.1m fin~19:45 running
  [S03a] FixedGrowth_4    Growth baseline  job 161/3178 (  5.1%) win=5/12 elapsed=  0.1m eta=  1.2m fin~19:46 model_complete
  [S03a] FixedGrowth_6    Growth baseline  job 161/3178 (  5.1%) win=5/12 elapsed=  0.1m eta=  1.2m fin~19:46 model_complete
  [S03a] LinearRegression Machine learning job 161/3178 (  5.1%) win=6/12 elapsed=  0.1m eta=  1.2m fin~19:46 model_complete
  [S03a] ARIMA_Fixed      Statistical      job 162/3178 (  5.1%) win=6/12 elapsed=  0.1m eta=  1.2m fin~19:46 model_complete
  [S03a] ETS_Current      Statistical      job 162/3178 (  5.1%) win=6/12 elapsed=  0.1m eta=  1.2m fin~19:46 model_complete
  [S03a] FixedGrowth_1_5  Growth baseline  job 162/3178 (  5.1%) win=6/12 elapsed=  0.1m eta=  1.2m fin~19:46 model_complete
  [S03a] FixedGrowth_3    Growth baseline  job 162/3178 (  5.1%) win=6/12 elapsed=  0.1m eta=  1.2m fin~19:46 model_complete
  [S03a] FixedGrowth_4    Growth baseline  job 162/3178 (  5.1%) win=6/12 elapsed=  0.1m eta=  1.2m fin~19:46 model_complete
  [S03a] FixedGrowth_6    Growth baseline  job 162/3178 (  5.1%) win=6/12 elapsed=  0.1m eta=  1.2m fin~19:46 model_complete
  [S03a] LinearRegression Machine learning job 162/3178 (  5.1%) win=7/12 elapsed=  0.1m eta=  1.2m fin~19:46 model_complete
  [S03a] ARIMA_Fixed      Statistical      job 163/3178 (  5.1%) win=7/12 elapsed=  0.1m eta=  1.2m fin~19:46 model_complete
  [S03a] ETS_Current      Statistical      job 163/3178 (  5.1%) win=7/12 elapsed=  0.1m eta=  1.2m fin~19:46 model_complete
  [S03a] FixedGrowth_1_5  Growth baseline  job 163/3178 (  5.1%) win=7/12 elapsed=  0.1m eta=  1.2m fin~19:46 model_complete
  [S03a] FixedGrowth_3    Growth baseline  job 163/3178 (  5.1%) win=7/12 elapsed=  0.1m eta=  1.2m fin~19:46 model_complete
  [S03a] FixedGrowth_4    Growth baseline  job 163/3178 (  5.1%) win=7/12 elapsed=  0.1m eta=  1.2m fin~19:46 model_complete
  [S03a] FixedGrowth_6    Growth baseline  job 163/3178 (  5.1%) win=7/12 elapsed=  0.1m eta=  1.2m fin~19:46 model_complete
  [S03a] LinearRegression Machine learning job 163/3178 (  5.1%) win=8/12 elapsed=  0.1m eta=  1.2m fin~19:46 model_complete
  [S03a] ARIMA_Fixed      Statistical      job 164/3178 (  5.2%) win=8/12 elapsed=  0.1m eta=  1.2m fin~19:46 model_complete
  [S03a] ETS_Current      Statistical      job 164/3178 (  5.2%) win=8/12 elapsed=  0.1m eta=  1.2m fin~19:46 model_complete
  [S03a] FixedGrowth_1_5  Growth baseline  job 164/3178 (  5.2%) win=8/12 elapsed=  0.1m eta=  1.2m fin~19:46 model_complete
  [S03a] FixedGrowth_3    Growth baseline  job 164/3178 (  5.2%) win=8/12 elapsed=  0.1m eta=  1.2m fin~19:46 model_complete
  [S03a] FixedGrowth_4    Growth baseline  job 164/3178 (  5.2%) win=8/12 elapsed=  0.1m eta=  1.2m fin~19:46 model_complete
  [S03a] FixedGrowth_6    Growth baseline  job 164/3178 (  5.2%) win=8/12 elapsed=  0.1m eta=  1.2m fin~19:46 model_complete
  [S03a] LinearRegression Machine learning job 164/3178 (  5.2%) win=9/12 elapsed=  0.1m eta=  1.2m fin~19:46 model_complete
  [S03a] ARIMA_Fixed      Statistical      job 165/3178 (  5.2%) win=9/12 elapsed=  0.1m eta=  1.2m fin~19:46 model_complete
  [S03a] ETS_Current      Statistical      job 1150/3178 ( 36.2%) win=9/12 elapsed=  0.1m eta=  0.1m fin~19:45 running
  [S03a] ETS_Current      Statistical      job 165/3178 (  5.2%) win=9/12 elapsed=  0.1m eta=  1.2m fin~19:46 model_complete
  [S03a] FixedGrowth_1_5  Growth baseline  job 165/3178 (  5.2%) win=9/12 elapsed=  0.1m eta=  1.2m fin~19:46 model_complete
  [S03a] FixedGrowth_3    Growth baseline  job 165/3178 (  5.2%) win=9/12 elapsed=  0.1m eta=  1.2m fin~19:46 model_complete
  [S03a] FixedGrowth_4    Growth baseline  job 165/3178 (  5.2%) win=9/12 elapsed=  0.1m eta=  1.2m fin~19:46 model_complete
  [S03a] FixedGrowth_6    Growth baseline  job 165/3178 (  5.2%) win=9/12 elapsed=  0.1m eta=  1.2m fin~19:46 model_complete
  [S03a] LinearRegression Machine learning job 165/3178 (  5.2%) win=10/12 elapsed=  0.1m eta=  1.2m fin~19:46 model_complete
  [S03a] ARIMA_Fixed      Statistical      job 166/3178 (  5.2%) win=10/12 elapsed=  0.1m eta=  1.2m fin~19:46 model_complete
  [S03a] ETS_Current      Statistical      job 166/3178 (  5.2%) win=10/12 elapsed=  0.1m eta=  1.2m fin~19:46 model_complete
  [S03a] FixedGrowth_1_5  Growth baseline  job 166/3178 (  5.2%) win=10/12 elapsed=  0.1m eta=  1.2m fin~19:46 model_complete
  [S03a] FixedGrowth_3    Growth baseline  job 166/3178 (  5.2%) win=10/12 elapsed=  0.1m eta=  1.2m fin~19:46 model_complete
  [S03a] FixedGrowth_4    Growth baseline  job 166/3178 (  5.2%) win=10/12 elapsed=  0.1m eta=  1.2m fin~19:46 model_complete
  [S03a] FixedGrowth_6    Growth baseline  job 166/3178 (  5.2%) win=10/12 elapsed=  0.1m eta=  1.2m fin~19:46 model_complete
  [S03a] LinearRegression Machine learning job 166/3178 (  5.2%) win=11/12 elapsed=  0.1m eta=  1.2m fin~19:46 model_complete
  [S03a] ARIMA_Fixed      Statistical      job 167/3178 (  5.3%) win=11/12 elapsed=  0.1m eta=  1.2m fin~19:46 model_complete
  [S03a] ETS_Current      Statistical      job 167/3178 (  5.3%) win=11/12 elapsed=  0.1m eta=  1.2m fin~19:46 model_complete
  [S03a] FixedGrowth_1_5  Growth baseline  job 167/3178 (  5.3%) win=11/12 elapsed=  0.1m eta=  1.2m fin~19:46 model_complete
  [S03a] FixedGrowth_3    Growth baseline  job 167/3178 (  5.3%) win=11/12 elapsed=  0.1m eta=  1.2m fin~19:46 model_complete
  [S03a] FixedGrowth_4    Growth baseline  job 167/3178 (  5.3%) win=11/12 elapsed=  0.1m eta=  1.2m fin~19:46 model_complete
  [S03a] FixedGrowth_6    Growth baseline  job 167/3178 (  5.3%) win=11/12 elapsed=  0.1m eta=  1.2m fin~19:46 model_complete
  [S03a] LinearRegression Machine learning job 167/3178 (  5.3%) win=12/12 elapsed=  0.1m eta=  1.2m fin~19:46 model_complete
  [S03a] ARIMA_Fixed      Statistical      job 168/3178 (  5.3%) win=12/12 elapsed=  0.1m eta=  1.2m fin~19:46 model_complete
  [S03a] ETS_Current      Statistical      job 168/3178 (  5.3%) win=12/12 elapsed=  0.1m eta=  1.2m fin~19:46 model_complete
  [S03a] FixedGrowth_1_5  Growth baseline  job 168/3178 (  5.3%) win=12/12 elapsed=  0.1m eta=  1.2m fin~19:46 model_complete
  [S03a] FixedGrowth_3    Growth baseline  job 168/3178 (  5.3%) win=12/12 elapsed=  0.1m eta=  1.2m fin~19:46 model_complete
  [S03a] FixedGrowth_4    Growth baseline  job 168/3178 (  5.3%) win=12/12 elapsed=  0.1m eta=  1.2m fin~19:46 model_complete
  [S03a] FixedGrowth_6    Growth baseline  job 1175/3178 ( 37.0%) win=12/12 elapsed=  0.1m eta=  0.1m fin~19:45 running
  [S03a] FixedGrowth_6    Growth baseline  job 168/3178 (  5.3%) win=12/12 elapsed=  0.1m eta=  1.2m fin~19:46 model_complete
  [S03a] LinearRegression Machine learning job 168/3178 (  5.3%) win=1/12 elapsed=  0.1m eta=  1.2m fin~19:46 model_complete
  [S03a] ARIMA_Fixed      Statistical      job 169/3178 (  5.3%) win=1/12 elapsed=  0.1m eta=  1.2m fin~19:46 model_complete
  [S03a] ETS_Current      Statistical      job 169/3178 (  5.3%) win=1/12 elapsed=  0.1m eta=  1.2m fin~19:46 model_complete
  [S03a] FixedGrowth_1_5  Growth baseline  job 169/3178 (  5.3%) win=1/12 elapsed=  0.1m eta=  1.2m fin~19:46 model_complete
  [S03a] FixedGrowth_3    Growth baseline  job 169/3178 (  5.3%) win=1/12 elapsed=  0.1m eta=  1.2m fin~19:46 model_complete
  [S03a] FixedGrowth_4    Growth baseline  job 169/3178 (  5.3%) win=1/12 elapsed=  0.1m eta=  1.2m fin~19:46 model_complete
  [S03a] FixedGrowth_6    Growth baseline  job 169/3178 (  5.3%) win=1/12 elapsed=  0.1m eta=  1.2m fin~19:46 model_complete
  [S03a] LinearRegression Machine learning job 169/3178 (  5.3%) win=2/12 elapsed=  0.1m eta=  1.2m fin~19:46 model_complete
  [S03a] ARIMA_Fixed      Statistical      job 170/3178 (  5.3%) win=2/12 elapsed=  0.1m eta=  1.2m fin~19:46 model_complete
  [S03a] ETS_Current      Statistical      job 170/3178 (  5.3%) win=2/12 elapsed=  0.1m eta=  1.2m fin~19:46 model_complete
  [S03a] FixedGrowth_1_5  Growth baseline  job 170/3178 (  5.3%) win=2/12 elapsed=  0.1m eta=  1.2m fin~19:46 model_complete
  [S03a] FixedGrowth_3    Growth baseline  job 170/3178 (  5.3%) win=2/12 elapsed=  0.1m eta=  1.2m fin~19:46 model_complete
  [S03a] FixedGrowth_4    Growth baseline  job 170/3178 (  5.3%) win=2/12 elapsed=  0.1m eta=  1.2m fin~19:46 model_complete
  [S03a] FixedGrowth_6    Growth baseline  job 170/3178 (  5.3%) win=2/12 elapsed=  0.1m eta=  1.2m fin~19:46 model_complete
  [S03a] LinearRegression Machine learning job 170/3178 (  5.3%) win=3/12 elapsed=  0.1m eta=  1.2m fin~19:46 model_complete
  [S03a] ARIMA_Fixed      Statistical      job 171/3178 (  5.4%) win=3/12 elapsed=  0.1m eta=  1.2m fin~19:46 model_complete
  [S03a] ETS_Current      Statistical      job 171/3178 (  5.4%) win=3/12 elapsed=  0.1m eta=  1.2m fin~19:46 model_complete
  [S03a] FixedGrowth_1_5  Growth baseline  job 171/3178 (  5.4%) win=3/12 elapsed=  0.1m eta=  1.2m fin~19:46 model_complete
  [S03a] FixedGrowth_3    Growth baseline  job 171/3178 (  5.4%) win=3/12 elapsed=  0.1m eta=  1.2m fin~19:46 model_complete
  [S03a] FixedGrowth_4    Growth baseline  job 171/3178 (  5.4%) win=3/12 elapsed=  0.1m eta=  1.2m fin~19:46 model_complete
  [S03a] FixedGrowth_6    Growth baseline  job 171/3178 (  5.4%) win=3/12 elapsed=  0.1m eta=  1.2m fin~19:46 model_complete
  [S03a] LinearRegression Machine learning job 171/3178 (  5.4%) win=4/12 elapsed=  0.1m eta=  1.2m fin~19:46 model_complete
  [S03a] ARIMA_Fixed      Statistical      job 172/3178 (  5.4%) win=4/12 elapsed=  0.1m eta=  1.2m fin~19:46 model_complete
  [S03a] ETS_Current      Statistical      job 172/3178 (  5.4%) win=4/12 elapsed=  0.1m eta=  1.2m fin~19:46 model_complete
  [S03a] FixedGrowth_1_5  Growth baseline  job 1200/3178 ( 37.8%) win=4/12 elapsed=  0.1m eta=  0.1m fin~19:45 running
  [S03a] FixedGrowth_1_5  Growth baseline  job 172/3178 (  5.4%) win=4/12 elapsed=  0.1m eta=  1.2m fin~19:46 model_complete
  [S03a] FixedGrowth_3    Growth baseline  job 172/3178 (  5.4%) win=4/12 elapsed=  0.1m eta=  1.2m fin~19:46 model_complete
  [S03a] FixedGrowth_4    Growth baseline  job 172/3178 (  5.4%) win=4/12 elapsed=  0.1m eta=  1.2m fin~19:46 model_complete
  [S03a] FixedGrowth_6    Growth baseline  job 172/3178 (  5.4%) win=4/12 elapsed=  0.1m eta=  1.2m fin~19:46 model_complete
  [S03a] LinearRegression Machine learning job 172/3178 (  5.4%) win=5/12 elapsed=  0.1m eta=  1.2m fin~19:46 model_complete
  [S03a] ARIMA_Fixed      Statistical      job 173/3178 (  5.4%) win=5/12 elapsed=  0.1m eta=  1.2m fin~19:46 model_complete
  [S03a] ETS_Current      Statistical      job 173/3178 (  5.4%) win=5/12 elapsed=  0.1m eta=  1.2m fin~19:46 model_complete
  [S03a] FixedGrowth_1_5  Growth baseline  job 173/3178 (  5.4%) win=5/12 elapsed=  0.1m eta=  1.2m fin~19:46 model_complete
  [S03a] FixedGrowth_3    Growth baseline  job 173/3178 (  5.4%) win=5/12 elapsed=  0.1m eta=  1.2m fin~19:46 model_complete
  [S03a] FixedGrowth_4    Growth baseline  job 173/3178 (  5.4%) win=5/12 elapsed=  0.1m eta=  1.2m fin~19:46 model_complete
  [S03a] FixedGrowth_6    Growth baseline  job 173/3178 (  5.4%) win=5/12 elapsed=  0.1m eta=  1.2m fin~19:46 model_complete
  [S03a] LinearRegression Machine learning job 173/3178 (  5.4%) win=6/12 elapsed=  0.1m eta=  1.2m fin~19:46 model_complete
  [S03a] ARIMA_Fixed      Statistical      job 174/3178 (  5.5%) win=6/12 elapsed=  0.1m eta=  1.2m fin~19:46 model_complete
  [S03a] ETS_Current      Statistical      job 174/3178 (  5.5%) win=6/12 elapsed=  0.1m eta=  1.2m fin~19:46 model_complete
  [S03a] FixedGrowth_1_5  Growth baseline  job 174/3178 (  5.5%) win=6/12 elapsed=  0.1m eta=  1.2m fin~19:46 model_complete
  [S03a] FixedGrowth_3    Growth baseline  job 174/3178 (  5.5%) win=6/12 elapsed=  0.1m eta=  1.2m fin~19:46 model_complete
  [S03a] FixedGrowth_4    Growth baseline  job 174/3178 (  5.5%) win=6/12 elapsed=  0.1m eta=  1.2m fin~19:46 model_complete
  [S03a] FixedGrowth_6    Growth baseline  job 174/3178 (  5.5%) win=6/12 elapsed=  0.1m eta=  1.2m fin~19:46 model_complete
  [S03a] LinearRegression Machine learning job 174/3178 (  5.5%) win=7/12 elapsed=  0.1m eta=  1.2m fin~19:46 model_complete
  [S03a] ARIMA_Fixed      Statistical      job 175/3178 (  5.5%) win=7/12 elapsed=  0.1m eta=  1.2m fin~19:46 model_complete
  [S03a] ETS_Current      Statistical      job 175/3178 (  5.5%) win=7/12 elapsed=  0.1m eta=  1.2m fin~19:46 model_complete
  [S03a] FixedGrowth_1_5  Growth baseline  job 175/3178 (  5.5%) win=7/12 elapsed=  0.1m eta=  1.2m fin~19:46 model_complete
  [S03a] FixedGrowth_3    Growth baseline  job 175/3178 (  5.5%) win=7/12 elapsed=  0.1m eta=  1.2m fin~19:46 model_complete
  [S03a] FixedGrowth_4    Growth baseline  job 175/3178 (  5.5%) win=7/12 elapsed=  0.1m eta=  1.2m fin~19:46 model_complete
  [S03a] FixedGrowth_6    Growth baseline  job 175/3178 (  5.5%) win=7/12 elapsed=  0.1m eta=  1.2m fin~19:46 model_complete
  [S03a] LinearRegression Machine learning job 1225/3178 ( 38.5%) win=7/12 elapsed=  0.1m eta=  0.1m fin~19:45 running
  [S03a] LinearRegression Machine learning job 175/3178 (  5.5%) win=8/12 elapsed=  0.1m eta=  1.2m fin~19:46 model_complete
  [S03a] ARIMA_Fixed      Statistical      job 176/3178 (  5.5%) win=8/12 elapsed=  0.1m eta=  1.2m fin~19:46 model_complete
  [S03a] ETS_Current      Statistical      job 176/3178 (  5.5%) win=8/12 elapsed=  0.1m eta=  1.2m fin~19:46 model_complete
  [S03a] FixedGrowth_1_5  Growth baseline  job 176/3178 (  5.5%) win=8/12 elapsed=  0.1m eta=  1.2m fin~19:46 model_complete
  [S03a] FixedGrowth_3    Growth baseline  job 176/3178 (  5.5%) win=8/12 elapsed=  0.1m eta=  1.2m fin~19:46 model_complete
  [S03a] FixedGrowth_4    Growth baseline  job 176/3178 (  5.5%) win=8/12 elapsed=  0.1m eta=  1.2m fin~19:46 model_complete
  [S03a] FixedGrowth_6    Growth baseline  job 176/3178 (  5.5%) win=8/12 elapsed=  0.1m eta=  1.2m fin~19:46 model_complete
  [S03a] LinearRegression Machine learning job 176/3178 (  5.5%) win=9/12 elapsed=  0.1m eta=  1.2m fin~19:46 model_complete
  [S03a] ARIMA_Fixed      Statistical      job 177/3178 (  5.6%) win=9/12 elapsed=  0.1m eta=  1.2m fin~19:46 model_complete
  [S03a] ETS_Current      Statistical      job 177/3178 (  5.6%) win=9/12 elapsed=  0.1m eta=  1.2m fin~19:46 model_complete
  [S03a] FixedGrowth_1_5  Growth baseline  job 177/3178 (  5.6%) win=9/12 elapsed=  0.1m eta=  1.2m fin~19:46 model_complete
  [S03a] FixedGrowth_3    Growth baseline  job 177/3178 (  5.6%) win=9/12 elapsed=  0.1m eta=  1.2m fin~19:46 model_complete
  [S03a] FixedGrowth_4    Growth baseline  job 177/3178 (  5.6%) win=9/12 elapsed=  0.1m eta=  1.2m fin~19:46 model_complete
  [S03a] FixedGrowth_6    Growth baseline  job 177/3178 (  5.6%) win=9/12 elapsed=  0.1m eta=  1.2m fin~19:46 model_complete
  [S03a] LinearRegression Machine learning job 177/3178 (  5.6%) win=10/12 elapsed=  0.1m eta=  1.2m fin~19:46 model_complete
  [S03a] ARIMA_Fixed      Statistical      job 178/3178 (  5.6%) win=10/12 elapsed=  0.1m eta=  1.2m fin~19:46 model_complete
  [S03a] ETS_Current      Statistical      job 178/3178 (  5.6%) win=10/12 elapsed=  0.1m eta=  1.2m fin~19:46 model_complete
  [S03a] FixedGrowth_1_5  Growth baseline  job 178/3178 (  5.6%) win=10/12 elapsed=  0.1m eta=  1.2m fin~19:46 model_complete
  [S03a] FixedGrowth_3    Growth baseline  job 178/3178 (  5.6%) win=10/12 elapsed=  0.1m eta=  1.2m fin~19:46 model_complete
  [S03a] FixedGrowth_4    Growth baseline  job 178/3178 (  5.6%) win=10/12 elapsed=  0.1m eta=  1.2m fin~19:46 model_complete
  [S03a] FixedGrowth_6    Growth baseline  job 178/3178 (  5.6%) win=10/12 elapsed=  0.1m eta=  1.2m fin~19:46 model_complete
  [S03a] LinearRegression Machine learning job 178/3178 (  5.6%) win=11/12 elapsed=  0.1m eta=  1.2m fin~19:46 model_complete
  [S03a] ARIMA_Fixed      Statistical      job 179/3178 (  5.6%) win=11/12 elapsed=  0.1m eta=  1.2m fin~19:46 model_complete
  [S03a] ETS_Current      Statistical      job 179/3178 (  5.6%) win=11/12 elapsed=  0.1m eta=  1.2m fin~19:46 model_complete
  [S03a] FixedGrowth_1_5  Growth baseline  job 179/3178 (  5.6%) win=11/12 elapsed=  0.1m eta=  1.2m fin~19:46 model_complete
  [S03a] FixedGrowth_3    Growth baseline  job 1250/3178 ( 39.3%) win=11/12 elapsed=  0.1m eta=  0.1m fin~19:45 running
  [S03a] FixedGrowth_3    Growth baseline  job 179/3178 (  5.6%) win=11/12 elapsed=  0.1m eta=  1.2m fin~19:46 model_complete
  [S03a] FixedGrowth_4    Growth baseline  job 179/3178 (  5.6%) win=11/12 elapsed=  0.1m eta=  1.2m fin~19:46 model_complete
  [S03a] FixedGrowth_6    Growth baseline  job 179/3178 (  5.6%) win=11/12 elapsed=  0.1m eta=  1.2m fin~19:46 model_complete
  [S03a] LinearRegression Machine learning job 179/3178 (  5.6%) win=12/12 elapsed=  0.1m eta=  1.2m fin~19:46 model_complete
  [S03a] ARIMA_Fixed      Statistical      job 180/3178 (  5.7%) win=12/12 elapsed=  0.1m eta=  1.2m fin~19:46 model_complete
  [S03a] ETS_Current      Statistical      job 180/3178 (  5.7%) win=12/12 elapsed=  0.1m eta=  1.2m fin~19:46 model_complete
  [S03a] FixedGrowth_1_5  Growth baseline  job 180/3178 (  5.7%) win=12/12 elapsed=  0.1m eta=  1.2m fin~19:46 model_complete
  [S03a] FixedGrowth_3    Growth baseline  job 180/3178 (  5.7%) win=12/12 elapsed=  0.1m eta=  1.2m fin~19:46 model_complete
  [S03a] FixedGrowth_4    Growth baseline  job 180/3178 (  5.7%) win=12/12 elapsed=  0.1m eta=  1.2m fin~19:46 model_complete
  [S03a] FixedGrowth_6    Growth baseline  job 180/3178 (  5.7%) win=12/12 elapsed=  0.1m eta=  1.2m fin~19:46 model_complete
  [S03a] LinearRegression Machine learning job 180/3178 (  5.7%) win=1/12 elapsed=  0.1m eta=  1.2m fin~19:46 model_complete
  [S03a] ARIMA_Fixed      Statistical      job 181/3178 (  5.7%) win=1/12 elapsed=  0.1m eta=  1.2m fin~19:46 model_complete
  [S03a] ETS_Current      Statistical      job 181/3178 (  5.7%) win=1/12 elapsed=  0.1m eta=  1.2m fin~19:46 model_complete
  [S03a] FixedGrowth_1_5  Growth baseline  job 181/3178 (  5.7%) win=1/12 elapsed=  0.1m eta=  1.2m fin~19:46 model_complete
  [S03a] FixedGrowth_3    Growth baseline  job 181/3178 (  5.7%) win=1/12 elapsed=  0.1m eta=  1.2m fin~19:46 model_complete
  [S03a] FixedGrowth_4    Growth baseline  job 181/3178 (  5.7%) win=1/12 elapsed=  0.1m eta=  1.2m fin~19:46 model_complete
  [S03a] FixedGrowth_6    Growth baseline  job 181/3178 (  5.7%) win=1/12 elapsed=  0.1m eta=  1.2m fin~19:46 model_complete
  [S03a] LinearRegression Machine learning job 181/3178 (  5.7%) win=2/12 elapsed=  0.1m eta=  1.2m fin~19:46 model_complete
  [S03a] ARIMA_Fixed      Statistical      job 182/3178 (  5.7%) win=2/12 elapsed=  0.1m eta=  1.2m fin~19:46 model_complete
  [S03a] ETS_Current      Statistical      job 182/3178 (  5.7%) win=2/12 elapsed=  0.1m eta=  1.2m fin~19:46 model_complete
  [S03a] FixedGrowth_1_5  Growth baseline  job 182/3178 (  5.7%) win=2/12 elapsed=  0.1m eta=  1.2m fin~19:46 model_complete
  [S03a] FixedGrowth_3    Growth baseline  job 182/3178 (  5.7%) win=2/12 elapsed=  0.1m eta=  1.2m fin~19:46 model_complete
  [S03a] FixedGrowth_4    Growth baseline  job 182/3178 (  5.7%) win=2/12 elapsed=  0.1m eta=  1.2m fin~19:46 model_complete
  [S03a] FixedGrowth_6    Growth baseline  job 182/3178 (  5.7%) win=2/12 elapsed=  0.1m eta=  1.2m fin~19:46 model_complete
  [S03a] LinearRegression Machine learning job 182/3178 (  5.7%) win=3/12 elapsed=  0.1m eta=  1.2m fin~19:46 model_complete
  [S03a] ARIMA_Fixed      Statistical      job 1275/3178 ( 40.1%) win=3/12 elapsed=  0.1m eta=  0.1m fin~19:45 running
  [S03a] ARIMA_Fixed      Statistical      job 183/3178 (  5.8%) win=3/12 elapsed=  0.1m eta=  1.2m fin~19:46 model_complete
  [S03a] ETS_Current      Statistical      job 183/3178 (  5.8%) win=3/12 elapsed=  0.1m eta=  1.2m fin~19:46 model_complete
  [S03a] FixedGrowth_1_5  Growth baseline  job 183/3178 (  5.8%) win=3/12 elapsed=  0.1m eta=  1.2m fin~19:46 model_complete
  [S03a] FixedGrowth_3    Growth baseline  job 183/3178 (  5.8%) win=3/12 elapsed=  0.1m eta=  1.2m fin~19:46 model_complete
  [S03a] FixedGrowth_4    Growth baseline  job 183/3178 (  5.8%) win=3/12 elapsed=  0.1m eta=  1.2m fin~19:46 model_complete
  [S03a] FixedGrowth_6    Growth baseline  job 183/3178 (  5.8%) win=3/12 elapsed=  0.1m eta=  1.2m fin~19:46 model_complete
  [S03a] LinearRegression Machine learning job 183/3178 (  5.8%) win=4/12 elapsed=  0.1m eta=  1.2m fin~19:46 model_complete
  [S03a] ARIMA_Fixed      Statistical      job 184/3178 (  5.8%) win=4/12 elapsed=  0.1m eta=  1.2m fin~19:46 model_complete
  [S03a] ETS_Current      Statistical      job 184/3178 (  5.8%) win=4/12 elapsed=  0.1m eta=  1.2m fin~19:46 model_complete
  [S03a] FixedGrowth_1_5  Growth baseline  job 184/3178 (  5.8%) win=4/12 elapsed=  0.1m eta=  1.2m fin~19:46 model_complete
  [S03a] FixedGrowth_3    Growth baseline  job 184/3178 (  5.8%) win=4/12 elapsed=  0.1m eta=  1.2m fin~19:46 model_complete
  [S03a] FixedGrowth_4    Growth baseline  job 184/3178 (  5.8%) win=4/12 elapsed=  0.1m eta=  1.2m fin~19:46 model_complete
  [S03a] FixedGrowth_6    Growth baseline  job 184/3178 (  5.8%) win=4/12 elapsed=  0.1m eta=  1.2m fin~19:46 model_complete
  [S03a] LinearRegression Machine learning job 184/3178 (  5.8%) win=5/12 elapsed=  0.1m eta=  1.2m fin~19:46 model_complete
  [S03a] ARIMA_Fixed      Statistical      job 185/3178 (  5.8%) win=5/12 elapsed=  0.1m eta=  1.2m fin~19:46 model_complete
  [S03a] ETS_Current      Statistical      job 185/3178 (  5.8%) win=5/12 elapsed=  0.1m eta=  1.2m fin~19:46 model_complete
  [S03a] FixedGrowth_1_5  Growth baseline  job 185/3178 (  5.8%) win=5/12 elapsed=  0.1m eta=  1.2m fin~19:46 model_complete
  [S03a] FixedGrowth_3    Growth baseline  job 185/3178 (  5.8%) win=5/12 elapsed=  0.1m eta=  1.2m fin~19:46 model_complete
  [S03a] FixedGrowth_4    Growth baseline  job 185/3178 (  5.8%) win=5/12 elapsed=  0.1m eta=  1.2m fin~19:46 model_complete
  [S03a] FixedGrowth_6    Growth baseline  job 185/3178 (  5.8%) win=5/12 elapsed=  0.1m eta=  1.2m fin~19:46 model_complete
  [S03a] LinearRegression Machine learning job 185/3178 (  5.8%) win=6/12 elapsed=  0.1m eta=  1.2m fin~19:46 model_complete
  [S03a] ARIMA_Fixed      Statistical      job 186/3178 (  5.9%) win=6/12 elapsed=  0.1m eta=  1.2m fin~19:46 model_complete
  [S03a] ETS_Current      Statistical      job 186/3178 (  5.9%) win=6/12 elapsed=  0.1m eta=  1.2m fin~19:46 model_complete
  [S03a] FixedGrowth_1_5  Growth baseline  job 186/3178 (  5.9%) win=6/12 elapsed=  0.1m eta=  1.2m fin~19:46 model_complete
  [S03a] FixedGrowth_3    Growth baseline  job 186/3178 (  5.9%) win=6/12 elapsed=  0.1m eta=  1.2m fin~19:46 model_complete
  [S03a] FixedGrowth_4    Growth baseline  job 1300/3178 ( 40.9%) win=6/12 elapsed=  0.1m eta=  0.1m fin~19:45 running
  [S03a] FixedGrowth_4    Growth baseline  job 186/3178 (  5.9%) win=6/12 elapsed=  0.1m eta=  1.2m fin~19:46 model_complete
  [S03a] FixedGrowth_6    Growth baseline  job 186/3178 (  5.9%) win=6/12 elapsed=  0.1m eta=  1.2m fin~19:46 model_complete
  [S03a] LinearRegression Machine learning job 186/3178 (  5.9%) win=7/12 elapsed=  0.1m eta=  1.2m fin~19:46 model_complete
  [S03a] ARIMA_Fixed      Statistical      job 187/3178 (  5.9%) win=7/12 elapsed=  0.1m eta=  1.2m fin~19:46 model_complete
  [S03a] ETS_Current      Statistical      job 187/3178 (  5.9%) win=7/12 elapsed=  0.1m eta=  1.2m fin~19:46 model_complete
  [S03a] FixedGrowth_1_5  Growth baseline  job 187/3178 (  5.9%) win=7/12 elapsed=  0.1m eta=  1.2m fin~19:46 model_complete
  [S03a] FixedGrowth_3    Growth baseline  job 187/3178 (  5.9%) win=7/12 elapsed=  0.1m eta=  1.2m fin~19:46 model_complete
  [S03a] FixedGrowth_4    Growth baseline  job 187/3178 (  5.9%) win=7/12 elapsed=  0.1m eta=  1.2m fin~19:46 model_complete
  [S03a] FixedGrowth_6    Growth baseline  job 187/3178 (  5.9%) win=7/12 elapsed=  0.1m eta=  1.2m fin~19:46 model_complete
  [S03a] LinearRegression Machine learning job 187/3178 (  5.9%) win=8/12 elapsed=  0.1m eta=  1.2m fin~19:46 model_complete
  [S03a] ARIMA_Fixed      Statistical      job 188/3178 (  5.9%) win=8/12 elapsed=  0.1m eta=  1.1m fin~19:46 model_complete
  [S03a] ETS_Current      Statistical      job 188/3178 (  5.9%) win=8/12 elapsed=  0.1m eta=  1.2m fin~19:46 model_complete
  [S03a] FixedGrowth_1_5  Growth baseline  job 188/3178 (  5.9%) win=8/12 elapsed=  0.1m eta=  1.2m fin~19:46 model_complete
  [S03a] FixedGrowth_3    Growth baseline  job 188/3178 (  5.9%) win=8/12 elapsed=  0.1m eta=  1.2m fin~19:46 model_complete
  [S03a] FixedGrowth_4    Growth baseline  job 188/3178 (  5.9%) win=8/12 elapsed=  0.1m eta=  1.2m fin~19:46 model_complete
  [S03a] FixedGrowth_6    Growth baseline  job 188/3178 (  5.9%) win=8/12 elapsed=  0.1m eta=  1.2m fin~19:46 model_complete
  [S03a] LinearRegression Machine learning job 188/3178 (  5.9%) win=9/12 elapsed=  0.1m eta=  1.2m fin~19:46 model_complete
  [S03a] ARIMA_Fixed      Statistical      job 189/3178 (  5.9%) win=9/12 elapsed=  0.1m eta=  1.1m fin~19:46 model_complete
  [S03a] ETS_Current      Statistical      job 189/3178 (  5.9%) win=9/12 elapsed=  0.1m eta=  1.2m fin~19:46 model_complete
  [S03a] FixedGrowth_1_5  Growth baseline  job 189/3178 (  5.9%) win=9/12 elapsed=  0.1m eta=  1.2m fin~19:46 model_complete
  [S03a] FixedGrowth_3    Growth baseline  job 189/3178 (  5.9%) win=9/12 elapsed=  0.1m eta=  1.2m fin~19:46 model_complete
  [S03a] FixedGrowth_4    Growth baseline  job 189/3178 (  5.9%) win=9/12 elapsed=  0.1m eta=  1.2m fin~19:46 model_complete
  [S03a] FixedGrowth_6    Growth baseline  job 189/3178 (  5.9%) win=9/12 elapsed=  0.1m eta=  1.2m fin~19:46 model_complete
  [S03a] LinearRegression Machine learning job 189/3178 (  5.9%) win=10/12 elapsed=  0.1m eta=  1.2m fin~19:46 model_complete
  [S03a] ARIMA_Fixed      Statistical      job 190/3178 (  6.0%) win=10/12 elapsed=  0.1m eta=  1.2m fin~19:46 model_complete
  [S03a] ETS_Current      Statistical      job 1325/3178 ( 41.7%) win=10/12 elapsed=  0.1m eta=  0.1m fin~19:45 running
  [S03a] ETS_Current      Statistical      job 190/3178 (  6.0%) win=10/12 elapsed=  0.1m eta=  1.2m fin~19:46 model_complete
  [S03a] FixedGrowth_1_5  Growth baseline  job 190/3178 (  6.0%) win=10/12 elapsed=  0.1m eta=  1.2m fin~19:46 model_complete
  [S03a] FixedGrowth_3    Growth baseline  job 190/3178 (  6.0%) win=10/12 elapsed=  0.1m eta=  1.2m fin~19:46 model_complete
  [S03a] FixedGrowth_4    Growth baseline  job 190/3178 (  6.0%) win=10/12 elapsed=  0.1m eta=  1.2m fin~19:46 model_complete
  [S03a] FixedGrowth_6    Growth baseline  job 190/3178 (  6.0%) win=10/12 elapsed=  0.1m eta=  1.2m fin~19:46 model_complete
  [S03a] LinearRegression Machine learning job 190/3178 (  6.0%) win=11/12 elapsed=  0.1m eta=  1.2m fin~19:46 model_complete
  [S03a] ARIMA_Fixed      Statistical      job 191/3178 (  6.0%) win=11/12 elapsed=  0.1m eta=  1.2m fin~19:46 model_complete
  [S03a] ETS_Current      Statistical      job 191/3178 (  6.0%) win=11/12 elapsed=  0.1m eta=  1.2m fin~19:46 model_complete
  [S03a] FixedGrowth_1_5  Growth baseline  job 191/3178 (  6.0%) win=11/12 elapsed=  0.1m eta=  1.2m fin~19:46 model_complete
  [S03a] FixedGrowth_3    Growth baseline  job 191/3178 (  6.0%) win=11/12 elapsed=  0.1m eta=  1.2m fin~19:46 model_complete
  [S03a] FixedGrowth_4    Growth baseline  job 191/3178 (  6.0%) win=11/12 elapsed=  0.1m eta=  1.2m fin~19:46 model_complete
  [S03a] FixedGrowth_6    Growth baseline  job 191/3178 (  6.0%) win=11/12 elapsed=  0.1m eta=  1.2m fin~19:46 model_complete
  [S03a] LinearRegression Machine learning job 191/3178 (  6.0%) win=12/12 elapsed=  0.1m eta=  1.2m fin~19:46 model_complete
  [S03a] ARIMA_Fixed      Statistical      job 192/3178 (  6.0%) win=12/12 elapsed=  0.1m eta=  1.2m fin~19:46 model_complete
  [S03a] ETS_Current      Statistical      job 192/3178 (  6.0%) win=12/12 elapsed=  0.1m eta=  1.2m fin~19:46 model_complete
  [S03a] FixedGrowth_1_5  Growth baseline  job 192/3178 (  6.0%) win=12/12 elapsed=  0.1m eta=  1.2m fin~19:46 model_complete
  [S03a] FixedGrowth_3    Growth baseline  job 192/3178 (  6.0%) win=12/12 elapsed=  0.1m eta=  1.2m fin~19:46 model_complete
  [S03a] FixedGrowth_4    Growth baseline  job 192/3178 (  6.0%) win=12/12 elapsed=  0.1m eta=  1.2m fin~19:46 model_complete
  [S03a] FixedGrowth_6    Growth baseline  job 192/3178 (  6.0%) win=12/12 elapsed=  0.1m eta=  1.2m fin~19:46 model_complete
  [S03a] LinearRegression Machine learning job 192/3178 (  6.0%) win=1/12 elapsed=  0.1m eta=  1.2m fin~19:46 model_complete
  [S03a] ARIMA_Fixed      Statistical      job 193/3178 (  6.1%) win=1/12 elapsed=  0.1m eta=  1.2m fin~19:46 model_complete
  [S03a] ETS_Current      Statistical      job 193/3178 (  6.1%) win=1/12 elapsed=  0.1m eta=  1.2m fin~19:46 model_complete
  [S03a] FixedGrowth_1_5  Growth baseline  job 193/3178 (  6.1%) win=1/12 elapsed=  0.1m eta=  1.2m fin~19:46 model_complete
  [S03a] FixedGrowth_3    Growth baseline  job 193/3178 (  6.1%) win=1/12 elapsed=  0.1m eta=  1.2m fin~19:46 model_complete
  [S03a] FixedGrowth_4    Growth baseline  job 193/3178 (  6.1%) win=1/12 elapsed=  0.1m eta=  1.2m fin~19:46 model_complete
  [S03a] FixedGrowth_6    Growth baseline  job 1350/3178 ( 42.5%) win=1/12 elapsed=  0.1m eta=  0.1m fin~19:45 running
  [S03a] FixedGrowth_6    Growth baseline  job 193/3178 (  6.1%) win=1/12 elapsed=  0.1m eta=  1.2m fin~19:46 model_complete
  [S03a] LinearRegression Machine learning job 193/3178 (  6.1%) win=2/12 elapsed=  0.1m eta=  1.2m fin~19:46 model_complete
  [S03a] ARIMA_Fixed      Statistical      job 194/3178 (  6.1%) win=2/12 elapsed=  0.1m eta=  1.2m fin~19:46 model_complete
  [S03a] ETS_Current      Statistical      job 194/3178 (  6.1%) win=2/12 elapsed=  0.1m eta=  1.2m fin~19:46 model_complete
  [S03a] FixedGrowth_1_5  Growth baseline  job 194/3178 (  6.1%) win=2/12 elapsed=  0.1m eta=  1.2m fin~19:46 model_complete
  [S03a] FixedGrowth_3    Growth baseline  job 194/3178 (  6.1%) win=2/12 elapsed=  0.1m eta=  1.2m fin~19:46 model_complete
  [S03a] FixedGrowth_4    Growth baseline  job 194/3178 (  6.1%) win=2/12 elapsed=  0.1m eta=  1.2m fin~19:46 model_complete
  [S03a] FixedGrowth_6    Growth baseline  job 194/3178 (  6.1%) win=2/12 elapsed=  0.1m eta=  1.2m fin~19:46 model_complete
  [S03a] LinearRegression Machine learning job 194/3178 (  6.1%) win=3/12 elapsed=  0.1m eta=  1.2m fin~19:46 model_complete
  [S03a] ARIMA_Fixed      Statistical      job 195/3178 (  6.1%) win=3/12 elapsed=  0.1m eta=  1.2m fin~19:46 model_complete
  [S03a] ETS_Current      Statistical      job 195/3178 (  6.1%) win=3/12 elapsed=  0.1m eta=  1.2m fin~19:46 model_complete
  [S03a] FixedGrowth_1_5  Growth baseline  job 195/3178 (  6.1%) win=3/12 elapsed=  0.1m eta=  1.2m fin~19:46 model_complete
  [S03a] FixedGrowth_3    Growth baseline  job 195/3178 (  6.1%) win=3/12 elapsed=  0.1m eta=  1.2m fin~19:46 model_complete
  [S03a] FixedGrowth_4    Growth baseline  job 195/3178 (  6.1%) win=3/12 elapsed=  0.1m eta=  1.2m fin~19:46 model_complete
  [S03a] FixedGrowth_6    Growth baseline  job 195/3178 (  6.1%) win=3/12 elapsed=  0.1m eta=  1.2m fin~19:46 model_complete
  [S03a] LinearRegression Machine learning job 195/3178 (  6.1%) win=4/12 elapsed=  0.1m eta=  1.2m fin~19:46 model_complete
  [S03a] ARIMA_Fixed      Statistical      job 196/3178 (  6.2%) win=4/12 elapsed=  0.1m eta=  1.2m fin~19:46 model_complete
  [S03a] ETS_Current      Statistical      job 196/3178 (  6.2%) win=4/12 elapsed=  0.1m eta=  1.2m fin~19:46 model_complete
  [S03a] FixedGrowth_1_5  Growth baseline  job 196/3178 (  6.2%) win=4/12 elapsed=  0.1m eta=  1.2m fin~19:46 model_complete
  [S03a] FixedGrowth_3    Growth baseline  job 196/3178 (  6.2%) win=4/12 elapsed=  0.1m eta=  1.2m fin~19:46 model_complete
  [S03a] FixedGrowth_4    Growth baseline  job 196/3178 (  6.2%) win=4/12 elapsed=  0.1m eta=  1.2m fin~19:46 model_complete
  [S03a] FixedGrowth_6    Growth baseline  job 196/3178 (  6.2%) win=4/12 elapsed=  0.1m eta=  1.2m fin~19:46 model_complete
  [S03a] LinearRegression Machine learning job 196/3178 (  6.2%) win=5/12 elapsed=  0.1m eta=  1.2m fin~19:46 model_complete
  [S03a] ARIMA_Fixed      Statistical      job 197/3178 (  6.2%) win=5/12 elapsed=  0.1m eta=  1.2m fin~19:46 model_complete
  [S03a] ETS_Current      Statistical      job 197/3178 (  6.2%) win=5/12 elapsed=  0.1m eta=  1.2m fin~19:46 model_complete
  [S03a] FixedGrowth_1_5  Growth baseline  job 1375/3178 ( 43.3%) win=5/12 elapsed=  0.1m eta=  0.1m fin~19:45 running
  [S03a] FixedGrowth_1_5  Growth baseline  job 197/3178 (  6.2%) win=5/12 elapsed=  0.1m eta=  1.2m fin~19:46 model_complete
  [S03a] FixedGrowth_3    Growth baseline  job 197/3178 (  6.2%) win=5/12 elapsed=  0.1m eta=  1.2m fin~19:46 model_complete
  [S03a] FixedGrowth_4    Growth baseline  job 197/3178 (  6.2%) win=5/12 elapsed=  0.1m eta=  1.2m fin~19:46 model_complete
  [S03a] FixedGrowth_6    Growth baseline  job 197/3178 (  6.2%) win=5/12 elapsed=  0.1m eta=  1.2m fin~19:46 model_complete
  [S03a] LinearRegression Machine learning job 197/3178 (  6.2%) win=6/12 elapsed=  0.1m eta=  1.2m fin~19:46 model_complete
  [S03a] ARIMA_Fixed      Statistical      job 198/3178 (  6.2%) win=6/12 elapsed=  0.1m eta=  1.2m fin~19:46 model_complete
  [S03a] ETS_Current      Statistical      job 198/3178 (  6.2%) win=6/12 elapsed=  0.1m eta=  1.2m fin~19:46 model_complete
  [S03a] FixedGrowth_1_5  Growth baseline  job 198/3178 (  6.2%) win=6/12 elapsed=  0.1m eta=  1.2m fin~19:46 model_complete
  [S03a] FixedGrowth_3    Growth baseline  job 198/3178 (  6.2%) win=6/12 elapsed=  0.1m eta=  1.2m fin~19:46 model_complete
  [S03a] FixedGrowth_4    Growth baseline  job 198/3178 (  6.2%) win=6/12 elapsed=  0.1m eta=  1.2m fin~19:46 model_complete
  [S03a] FixedGrowth_6    Growth baseline  job 198/3178 (  6.2%) win=6/12 elapsed=  0.1m eta=  1.2m fin~19:46 model_complete
  [S03a] LinearRegression Machine learning job 198/3178 (  6.2%) win=7/12 elapsed=  0.1m eta=  1.2m fin~19:46 model_complete
  [S03a] ARIMA_Fixed      Statistical      job 199/3178 (  6.3%) win=7/12 elapsed=  0.1m eta=  1.2m fin~19:46 model_complete
  [S03a] ETS_Current      Statistical      job 199/3178 (  6.3%) win=7/12 elapsed=  0.1m eta=  1.2m fin~19:46 model_complete
  [S03a] FixedGrowth_1_5  Growth baseline  job 199/3178 (  6.3%) win=7/12 elapsed=  0.1m eta=  1.2m fin~19:46 model_complete
  [S03a] FixedGrowth_3    Growth baseline  job 199/3178 (  6.3%) win=7/12 elapsed=  0.1m eta=  1.2m fin~19:46 model_complete
  [S03a] FixedGrowth_4    Growth baseline  job 199/3178 (  6.3%) win=7/12 elapsed=  0.1m eta=  1.2m fin~19:46 model_complete
  [S03a] FixedGrowth_6    Growth baseline  job 199/3178 (  6.3%) win=7/12 elapsed=  0.1m eta=  1.2m fin~19:46 model_complete
  [S03a] LinearRegression Machine learning job 199/3178 (  6.3%) win=8/12 elapsed=  0.1m eta=  1.2m fin~19:46 model_complete
  [S03a] ARIMA_Fixed      Statistical      job 200/3178 (  6.3%) win=8/12 elapsed=  0.1m eta=  1.2m fin~19:46 model_complete
  [S03a] ETS_Current      Statistical      job 200/3178 (  6.3%) win=8/12 elapsed=  0.1m eta=  1.2m fin~19:46 model_complete
  [S03a] FixedGrowth_1_5  Growth baseline  job 200/3178 (  6.3%) win=8/12 elapsed=  0.1m eta=  1.2m fin~19:46 model_complete
  [S03a] FixedGrowth_3    Growth baseline  job 200/3178 (  6.3%) win=8/12 elapsed=  0.1m eta=  1.2m fin~19:46 model_complete
  [S03a] FixedGrowth_4    Growth baseline  job 200/3178 (  6.3%) win=8/12 elapsed=  0.1m eta=  1.2m fin~19:46 model_complete
  [S03a] FixedGrowth_6    Growth baseline  job 200/3178 (  6.3%) win=8/12 elapsed=  0.1m eta=  1.2m fin~19:46 model_complete
  [S03a] LinearRegression Machine learning job 1400/3178 ( 44.1%) win=8/12 elapsed=  0.1m eta=  0.1m fin~19:45 running
  [S03a] LinearRegression Machine learning job 200/3178 (  6.3%) win=9/12 elapsed=  0.1m eta=  1.2m fin~19:46 model_complete
  [S03a] ARIMA_Fixed      Statistical      job 201/3178 (  6.3%) win=9/12 elapsed=  0.1m eta=  1.2m fin~19:46 model_complete
  [S03a] ETS_Current      Statistical      job 201/3178 (  6.3%) win=9/12 elapsed=  0.1m eta=  1.2m fin~19:46 model_complete
  [S03a] FixedGrowth_1_5  Growth baseline  job 201/3178 (  6.3%) win=9/12 elapsed=  0.1m eta=  1.2m fin~19:46 model_complete
  [S03a] FixedGrowth_3    Growth baseline  job 201/3178 (  6.3%) win=9/12 elapsed=  0.1m eta=  1.2m fin~19:46 model_complete
  [S03a] FixedGrowth_4    Growth baseline  job 201/3178 (  6.3%) win=9/12 elapsed=  0.1m eta=  1.2m fin~19:46 model_complete
  [S03a] FixedGrowth_6    Growth baseline  job 201/3178 (  6.3%) win=9/12 elapsed=  0.1m eta=  1.2m fin~19:46 model_complete
  [S03a] LinearRegression Machine learning job 201/3178 (  6.3%) win=10/12 elapsed=  0.1m eta=  1.2m fin~19:46 model_complete
  [S03a] ARIMA_Fixed      Statistical      job 202/3178 (  6.4%) win=10/12 elapsed=  0.1m eta=  1.2m fin~19:46 model_complete
  [S03a] ETS_Current      Statistical      job 202/3178 (  6.4%) win=10/12 elapsed=  0.1m eta=  1.2m fin~19:46 model_complete
  [S03a] FixedGrowth_1_5  Growth baseline  job 202/3178 (  6.4%) win=10/12 elapsed=  0.1m eta=  1.2m fin~19:46 model_complete
  [S03a] FixedGrowth_3    Growth baseline  job 202/3178 (  6.4%) win=10/12 elapsed=  0.1m eta=  1.2m fin~19:46 model_complete
  [S03a] FixedGrowth_4    Growth baseline  job 202/3178 (  6.4%) win=10/12 elapsed=  0.1m eta=  1.2m fin~19:46 model_complete
  [S03a] FixedGrowth_6    Growth baseline  job 202/3178 (  6.4%) win=10/12 elapsed=  0.1m eta=  1.2m fin~19:46 model_complete
  [S03a] LinearRegression Machine learning job 202/3178 (  6.4%) win=11/12 elapsed=  0.1m eta=  1.2m fin~19:46 model_complete
  [S03a] ARIMA_Fixed      Statistical      job 203/3178 (  6.4%) win=11/12 elapsed=  0.1m eta=  1.2m fin~19:46 model_complete
  [S03a] ETS_Current      Statistical      job 203/3178 (  6.4%) win=11/12 elapsed=  0.1m eta=  1.2m fin~19:46 model_complete
  [S03a] FixedGrowth_1_5  Growth baseline  job 203/3178 (  6.4%) win=11/12 elapsed=  0.1m eta=  1.2m fin~19:46 model_complete
  [S03a] FixedGrowth_3    Growth baseline  job 203/3178 (  6.4%) win=11/12 elapsed=  0.1m eta=  1.2m fin~19:46 model_complete
  [S03a] FixedGrowth_4    Growth baseline  job 203/3178 (  6.4%) win=11/12 elapsed=  0.1m eta=  1.2m fin~19:46 model_complete
  [S03a] FixedGrowth_6    Growth baseline  job 203/3178 (  6.4%) win=11/12 elapsed=  0.1m eta=  1.2m fin~19:46 model_complete
  [S03a] LinearRegression Machine learning job 203/3178 (  6.4%) win=12/12 elapsed=  0.1m eta=  1.2m fin~19:46 model_complete
  [S03a] ARIMA_Fixed      Statistical      job 204/3178 (  6.4%) win=12/12 elapsed=  0.1m eta=  1.2m fin~19:46 model_complete
  [S03a] ETS_Current      Statistical      job 204/3178 (  6.4%) win=12/12 elapsed=  0.1m eta=  1.2m fin~19:46 model_complete
  [S03a] FixedGrowth_1_5  Growth baseline  job 204/3178 (  6.4%) win=12/12 elapsed=  0.1m eta=  1.2m fin~19:46 model_complete
  [S03a] FixedGrowth_3    Growth baseline  job 1425/3178 ( 44.8%) win=12/12 elapsed=  0.1m eta=  0.1m fin~19:45 running
  [S03a] FixedGrowth_3    Growth baseline  job 204/3178 (  6.4%) win=12/12 elapsed=  0.1m eta=  1.2m fin~19:46 model_complete
  [S03a] FixedGrowth_4    Growth baseline  job 204/3178 (  6.4%) win=12/12 elapsed=  0.1m eta=  1.2m fin~19:46 model_complete
  [S03a] FixedGrowth_6    Growth baseline  job 204/3178 (  6.4%) win=12/12 elapsed=  0.1m eta=  1.2m fin~19:46 model_complete
  [S03a] LinearRegression Machine learning job 204/3178 (  6.4%) win=1/12 elapsed=  0.1m eta=  1.2m fin~19:46 model_complete
  [S03a] ARIMA_Fixed      Statistical      job 205/3178 (  6.5%) win=1/12 elapsed=  0.1m eta=  1.2m fin~19:46 model_complete
  [S03a] ETS_Current      Statistical      job 205/3178 (  6.5%) win=1/12 elapsed=  0.1m eta=  1.2m fin~19:46 model_complete
  [S03a] FixedGrowth_1_5  Growth baseline  job 205/3178 (  6.5%) win=1/12 elapsed=  0.1m eta=  1.2m fin~19:46 model_complete
  [S03a] FixedGrowth_3    Growth baseline  job 205/3178 (  6.5%) win=1/12 elapsed=  0.1m eta=  1.2m fin~19:46 model_complete
  [S03a] FixedGrowth_4    Growth baseline  job 205/3178 (  6.5%) win=1/12 elapsed=  0.1m eta=  1.2m fin~19:46 model_complete
  [S03a] FixedGrowth_6    Growth baseline  job 205/3178 (  6.5%) win=1/12 elapsed=  0.1m eta=  1.2m fin~19:46 model_complete
  [S03a] LinearRegression Machine learning job 205/3178 (  6.5%) win=2/12 elapsed=  0.1m eta=  1.2m fin~19:46 model_complete
  [S03a] ARIMA_Fixed      Statistical      job 206/3178 (  6.5%) win=2/12 elapsed=  0.1m eta=  1.2m fin~19:46 model_complete
  [S03a] ETS_Current      Statistical      job 206/3178 (  6.5%) win=2/12 elapsed=  0.1m eta=  1.2m fin~19:46 model_complete
  [S03a] FixedGrowth_1_5  Growth baseline  job 206/3178 (  6.5%) win=2/12 elapsed=  0.1m eta=  1.2m fin~19:46 model_complete
  [S03a] FixedGrowth_3    Growth baseline  job 206/3178 (  6.5%) win=2/12 elapsed=  0.1m eta=  1.2m fin~19:46 model_complete
  [S03a] FixedGrowth_4    Growth baseline  job 206/3178 (  6.5%) win=2/12 elapsed=  0.1m eta=  1.2m fin~19:46 model_complete
  [S03a] FixedGrowth_6    Growth baseline  job 206/3178 (  6.5%) win=2/12 elapsed=  0.1m eta=  1.2m fin~19:46 model_complete
  [S03a] LinearRegression Machine learning job 206/3178 (  6.5%) win=3/12 elapsed=  0.1m eta=  1.2m fin~19:46 model_complete
  [S03a] ARIMA_Fixed      Statistical      job 207/3178 (  6.5%) win=3/12 elapsed=  0.1m eta=  1.2m fin~19:46 model_complete
  [S03a] ETS_Current      Statistical      job 207/3178 (  6.5%) win=3/12 elapsed=  0.1m eta=  1.2m fin~19:46 model_complete
  [S03a] FixedGrowth_1_5  Growth baseline  job 207/3178 (  6.5%) win=3/12 elapsed=  0.1m eta=  1.2m fin~19:46 model_complete
  [S03a] FixedGrowth_3    Growth baseline  job 207/3178 (  6.5%) win=3/12 elapsed=  0.1m eta=  1.2m fin~19:46 model_complete
  [S03a] FixedGrowth_4    Growth baseline  job 207/3178 (  6.5%) win=3/12 elapsed=  0.1m eta=  1.2m fin~19:46 model_complete
  [S03a] FixedGrowth_6    Growth baseline  job 207/3178 (  6.5%) win=3/12 elapsed=  0.1m eta=  1.2m fin~19:46 model_complete
  [S03a] LinearRegression Machine learning job 207/3178 (  6.5%) win=4/12 elapsed=  0.1m eta=  1.2m fin~19:46 model_complete
  [S03a] ARIMA_Fixed      Statistical      job 1450/3178 ( 45.6%) win=4/12 elapsed=  0.1m eta=  0.1m fin~19:45 running
  [S03a] ARIMA_Fixed      Statistical      job 208/3178 (  6.5%) win=4/12 elapsed=  0.1m eta=  1.2m fin~19:46 model_complete
  [S03a] ETS_Current      Statistical      job 208/3178 (  6.5%) win=4/12 elapsed=  0.1m eta=  1.2m fin~19:46 model_complete
  [S03a] FixedGrowth_1_5  Growth baseline  job 208/3178 (  6.5%) win=4/12 elapsed=  0.1m eta=  1.2m fin~19:46 model_complete
  [S03a] FixedGrowth_3    Growth baseline  job 208/3178 (  6.5%) win=4/12 elapsed=  0.1m eta=  1.2m fin~19:46 model_complete
  [S03a] FixedGrowth_4    Growth baseline  job 208/3178 (  6.5%) win=4/12 elapsed=  0.1m eta=  1.2m fin~19:46 model_complete
  [S03a] FixedGrowth_6    Growth baseline  job 208/3178 (  6.5%) win=4/12 elapsed=  0.1m eta=  1.2m fin~19:46 model_complete
  [S03a] LinearRegression Machine learning job 208/3178 (  6.5%) win=5/12 elapsed=  0.1m eta=  1.2m fin~19:46 model_complete
  [S03a] ARIMA_Fixed      Statistical      job 209/3178 (  6.6%) win=5/12 elapsed=  0.1m eta=  1.2m fin~19:46 model_complete
  [S03a] ETS_Current      Statistical      job 209/3178 (  6.6%) win=5/12 elapsed=  0.1m eta=  1.2m fin~19:46 model_complete
  [S03a] FixedGrowth_1_5  Growth baseline  job 209/3178 (  6.6%) win=5/12 elapsed=  0.1m eta=  1.2m fin~19:46 model_complete
  [S03a] FixedGrowth_3    Growth baseline  job 209/3178 (  6.6%) win=5/12 elapsed=  0.1m eta=  1.2m fin~19:46 model_complete
  [S03a] FixedGrowth_4    Growth baseline  job 209/3178 (  6.6%) win=5/12 elapsed=  0.1m eta=  1.2m fin~19:46 model_complete
  [S03a] FixedGrowth_6    Growth baseline  job 209/3178 (  6.6%) win=5/12 elapsed=  0.1m eta=  1.2m fin~19:46 model_complete
  [S03a] LinearRegression Machine learning job 209/3178 (  6.6%) win=6/12 elapsed=  0.1m eta=  1.2m fin~19:46 model_complete
  [S03a] ARIMA_Fixed      Statistical      job 210/3178 (  6.6%) win=6/12 elapsed=  0.1m eta=  1.2m fin~19:46 model_complete
  [S03a] ETS_Current      Statistical      job 210/3178 (  6.6%) win=6/12 elapsed=  0.1m eta=  1.2m fin~19:46 model_complete
  [S03a] FixedGrowth_1_5  Growth baseline  job 210/3178 (  6.6%) win=6/12 elapsed=  0.1m eta=  1.2m fin~19:46 model_complete
  [S03a] FixedGrowth_3    Growth baseline  job 210/3178 (  6.6%) win=6/12 elapsed=  0.1m eta=  1.2m fin~19:46 model_complete
  [S03a] FixedGrowth_4    Growth baseline  job 210/3178 (  6.6%) win=6/12 elapsed=  0.1m eta=  1.2m fin~19:46 model_complete
  [S03a] FixedGrowth_6    Growth baseline  job 210/3178 (  6.6%) win=6/12 elapsed=  0.1m eta=  1.2m fin~19:46 model_complete
  [S03a] LinearRegression Machine learning job 210/3178 (  6.6%) win=7/12 elapsed=  0.1m eta=  1.2m fin~19:46 model_complete
  [S03a] ARIMA_Fixed      Statistical      job 211/3178 (  6.6%) win=7/12 elapsed=  0.1m eta=  1.2m fin~19:46 model_complete
  [S03a] ETS_Current      Statistical      job 211/3178 (  6.6%) win=7/12 elapsed=  0.1m eta=  1.2m fin~19:46 model_complete
  [S03a] FixedGrowth_1_5  Growth baseline  job 211/3178 (  6.6%) win=7/12 elapsed=  0.1m eta=  1.2m fin~19:46 model_complete
  [S03a] FixedGrowth_3    Growth baseline  job 211/3178 (  6.6%) win=7/12 elapsed=  0.1m eta=  1.2m fin~19:46 model_complete
  [S03a] FixedGrowth_4    Growth baseline  job 1475/3178 ( 46.4%) win=7/12 elapsed=  0.1m eta=  0.1m fin~19:45 running
  [S03a] FixedGrowth_4    Growth baseline  job 211/3178 (  6.6%) win=7/12 elapsed=  0.1m eta=  1.2m fin~19:46 model_complete
  [S03a] FixedGrowth_6    Growth baseline  job 211/3178 (  6.6%) win=7/12 elapsed=  0.1m eta=  1.2m fin~19:46 model_complete
  [S03a] LinearRegression Machine learning job 211/3178 (  6.6%) win=8/12 elapsed=  0.1m eta=  1.2m fin~19:46 model_complete
  [S03a] ARIMA_Fixed      Statistical      job 212/3178 (  6.7%) win=8/12 elapsed=  0.1m eta=  1.2m fin~19:46 model_complete
  [S03a] ETS_Current      Statistical      job 212/3178 (  6.7%) win=8/12 elapsed=  0.1m eta=  1.2m fin~19:46 model_complete
  [S03a] FixedGrowth_1_5  Growth baseline  job 212/3178 (  6.7%) win=8/12 elapsed=  0.1m eta=  1.2m fin~19:46 model_complete
  [S03a] FixedGrowth_3    Growth baseline  job 212/3178 (  6.7%) win=8/12 elapsed=  0.1m eta=  1.2m fin~19:46 model_complete
  [S03a] FixedGrowth_4    Growth baseline  job 212/3178 (  6.7%) win=8/12 elapsed=  0.1m eta=  1.2m fin~19:46 model_complete
  [S03a] FixedGrowth_6    Growth baseline  job 212/3178 (  6.7%) win=8/12 elapsed=  0.1m eta=  1.2m fin~19:46 model_complete
  [S03a] LinearRegression Machine learning job 212/3178 (  6.7%) win=9/12 elapsed=  0.1m eta=  1.2m fin~19:46 model_complete
  [S03a] ARIMA_Fixed      Statistical      job 213/3178 (  6.7%) win=9/12 elapsed=  0.1m eta=  1.2m fin~19:46 model_complete
  [S03a] ETS_Current      Statistical      job 213/3178 (  6.7%) win=9/12 elapsed=  0.1m eta=  1.2m fin~19:46 model_complete
  [S03a] FixedGrowth_1_5  Growth baseline  job 213/3178 (  6.7%) win=9/12 elapsed=  0.1m eta=  1.2m fin~19:46 model_complete
  [S03a] FixedGrowth_3    Growth baseline  job 213/3178 (  6.7%) win=9/12 elapsed=  0.1m eta=  1.2m fin~19:46 model_complete
  [S03a] FixedGrowth_4    Growth baseline  job 213/3178 (  6.7%) win=9/12 elapsed=  0.1m eta=  1.2m fin~19:46 model_complete
  [S03a] FixedGrowth_6    Growth baseline  job 213/3178 (  6.7%) win=9/12 elapsed=  0.1m eta=  1.2m fin~19:46 model_complete
  [S03a] LinearRegression Machine learning job 213/3178 (  6.7%) win=10/12 elapsed=  0.1m eta=  1.2m fin~19:46 model_complete
  [S03a] ARIMA_Fixed      Statistical      job 214/3178 (  6.7%) win=10/12 elapsed=  0.1m eta=  1.2m fin~19:46 model_complete
  [S03a] ETS_Current      Statistical      job 214/3178 (  6.7%) win=10/12 elapsed=  0.1m eta=  1.2m fin~19:46 model_complete
  [S03a] FixedGrowth_1_5  Growth baseline  job 214/3178 (  6.7%) win=10/12 elapsed=  0.1m eta=  1.2m fin~19:46 model_complete
  [S03a] FixedGrowth_3    Growth baseline  job 214/3178 (  6.7%) win=10/12 elapsed=  0.1m eta=  1.2m fin~19:46 model_complete
  [S03a] FixedGrowth_4    Growth baseline  job 214/3178 (  6.7%) win=10/12 elapsed=  0.1m eta=  1.2m fin~19:46 model_complete
  [S03a] FixedGrowth_6    Growth baseline  job 214/3178 (  6.7%) win=10/12 elapsed=  0.1m eta=  1.2m fin~19:46 model_complete
  [S03a] LinearRegression Machine learning job 214/3178 (  6.7%) win=11/12 elapsed=  0.1m eta=  1.2m fin~19:46 model_complete
  [S03a] ARIMA_Fixed      Statistical      job 215/3178 (  6.8%) win=11/12 elapsed=  0.1m eta=  1.2m fin~19:46 model_complete
  [S03a] ETS_Current      Statistical      job 1500/3178 ( 47.2%) win=11/12 elapsed=  0.1m eta=  0.1m fin~19:45 running
  [S03a] ETS_Current      Statistical      job 215/3178 (  6.8%) win=11/12 elapsed=  0.1m eta=  1.2m fin~19:46 model_complete
  [S03a] FixedGrowth_1_5  Growth baseline  job 215/3178 (  6.8%) win=11/12 elapsed=  0.1m eta=  1.2m fin~19:46 model_complete
  [S03a] FixedGrowth_3    Growth baseline  job 215/3178 (  6.8%) win=11/12 elapsed=  0.1m eta=  1.2m fin~19:46 model_complete
  [S03a] FixedGrowth_4    Growth baseline  job 215/3178 (  6.8%) win=11/12 elapsed=  0.1m eta=  1.2m fin~19:46 model_complete
  [S03a] FixedGrowth_6    Growth baseline  job 215/3178 (  6.8%) win=11/12 elapsed=  0.1m eta=  1.2m fin~19:46 model_complete
  [S03a] LinearRegression Machine learning job 215/3178 (  6.8%) win=12/12 elapsed=  0.1m eta=  1.2m fin~19:46 model_complete
  [S03a] ARIMA_Fixed      Statistical      job 216/3178 (  6.8%) win=12/12 elapsed=  0.1m eta=  1.2m fin~19:46 model_complete
  [S03a] ETS_Current      Statistical      job 216/3178 (  6.8%) win=12/12 elapsed=  0.1m eta=  1.2m fin~19:46 model_complete
  [S03a] FixedGrowth_1_5  Growth baseline  job 216/3178 (  6.8%) win=12/12 elapsed=  0.1m eta=  1.2m fin~19:46 model_complete
  [S03a] FixedGrowth_3    Growth baseline  job 216/3178 (  6.8%) win=12/12 elapsed=  0.1m eta=  1.2m fin~19:46 model_complete
  [S03a] FixedGrowth_4    Growth baseline  job 216/3178 (  6.8%) win=12/12 elapsed=  0.1m eta=  1.2m fin~19:46 model_complete
  [S03a] FixedGrowth_6    Growth baseline  job 216/3178 (  6.8%) win=12/12 elapsed=  0.1m eta=  1.2m fin~19:46 model_complete
  [S03a] LinearRegression Machine learning job 216/3178 (  6.8%) win=1/12 elapsed=  0.1m eta=  1.2m fin~19:46 model_complete
  [S03a] ARIMA_Fixed      Statistical      job 217/3178 (  6.8%) win=1/12 elapsed=  0.1m eta=  1.2m fin~19:46 model_complete
  [S03a] ETS_Current      Statistical      job 217/3178 (  6.8%) win=1/12 elapsed=  0.1m eta=  1.2m fin~19:46 model_complete
  [S03a] FixedGrowth_1_5  Growth baseline  job 217/3178 (  6.8%) win=1/12 elapsed=  0.1m eta=  1.2m fin~19:46 model_complete
  [S03a] FixedGrowth_3    Growth baseline  job 217/3178 (  6.8%) win=1/12 elapsed=  0.1m eta=  1.2m fin~19:46 model_complete
  [S03a] FixedGrowth_4    Growth baseline  job 217/3178 (  6.8%) win=1/12 elapsed=  0.1m eta=  1.2m fin~19:46 model_complete
  [S03a] FixedGrowth_6    Growth baseline  job 217/3178 (  6.8%) win=1/12 elapsed=  0.1m eta=  1.2m fin~19:46 model_complete
  [S03a] LinearRegression Machine learning job 217/3178 (  6.8%) win=2/12 elapsed=  0.1m eta=  1.2m fin~19:46 model_complete
  [S03a] ARIMA_Fixed      Statistical      job 218/3178 (  6.9%) win=2/12 elapsed=  0.1m eta=  1.2m fin~19:46 model_complete
  [S03a] ETS_Current      Statistical      job 218/3178 (  6.9%) win=2/12 elapsed=  0.1m eta=  1.2m fin~19:46 model_complete
  [S03a] FixedGrowth_1_5  Growth baseline  job 218/3178 (  6.9%) win=2/12 elapsed=  0.1m eta=  1.2m fin~19:46 model_complete
  [S03a] FixedGrowth_3    Growth baseline  job 218/3178 (  6.9%) win=2/12 elapsed=  0.1m eta=  1.2m fin~19:46 model_complete
  [S03a] FixedGrowth_4    Growth baseline  job 218/3178 (  6.9%) win=2/12 elapsed=  0.1m eta=  1.2m fin~19:46 model_complete
  [S03a] FixedGrowth_6    Growth baseline  job 1525/3178 ( 48.0%) win=2/12 elapsed=  0.1m eta=  0.1m fin~19:45 running
  [S03a] FixedGrowth_6    Growth baseline  job 218/3178 (  6.9%) win=2/12 elapsed=  0.1m eta=  1.2m fin~19:46 model_complete
  [S03a] LinearRegression Machine learning job 218/3178 (  6.9%) win=3/12 elapsed=  0.1m eta=  1.2m fin~19:46 model_complete
  [S03a] ARIMA_Fixed      Statistical      job 219/3178 (  6.9%) win=3/12 elapsed=  0.1m eta=  1.2m fin~19:46 model_complete
  [S03a] ETS_Current      Statistical      job 219/3178 (  6.9%) win=3/12 elapsed=  0.1m eta=  1.2m fin~19:46 model_complete
  [S03a] FixedGrowth_1_5  Growth baseline  job 219/3178 (  6.9%) win=3/12 elapsed=  0.1m eta=  1.2m fin~19:46 model_complete
  [S03a] FixedGrowth_3    Growth baseline  job 219/3178 (  6.9%) win=3/12 elapsed=  0.1m eta=  1.2m fin~19:46 model_complete
  [S03a] FixedGrowth_4    Growth baseline  job 219/3178 (  6.9%) win=3/12 elapsed=  0.1m eta=  1.2m fin~19:46 model_complete
  [S03a] FixedGrowth_6    Growth baseline  job 219/3178 (  6.9%) win=3/12 elapsed=  0.1m eta=  1.2m fin~19:46 model_complete
  [S03a] LinearRegression Machine learning job 219/3178 (  6.9%) win=4/12 elapsed=  0.1m eta=  1.2m fin~19:46 model_complete
  [S03a] ARIMA_Fixed      Statistical      job 220/3178 (  6.9%) win=4/12 elapsed=  0.1m eta=  1.2m fin~19:46 model_complete
  [S03a] ETS_Current      Statistical      job 220/3178 (  6.9%) win=4/12 elapsed=  0.1m eta=  1.2m fin~19:46 model_complete
  [S03a] FixedGrowth_1_5  Growth baseline  job 220/3178 (  6.9%) win=4/12 elapsed=  0.1m eta=  1.2m fin~19:46 model_complete
  [S03a] FixedGrowth_3    Growth baseline  job 220/3178 (  6.9%) win=4/12 elapsed=  0.1m eta=  1.2m fin~19:46 model_complete
  [S03a] FixedGrowth_4    Growth baseline  job 220/3178 (  6.9%) win=4/12 elapsed=  0.1m eta=  1.2m fin~19:46 model_complete
  [S03a] FixedGrowth_6    Growth baseline  job 220/3178 (  6.9%) win=4/12 elapsed=  0.1m eta=  1.2m fin~19:46 model_complete
  [S03a] LinearRegression Machine learning job 220/3178 (  6.9%) win=5/12 elapsed=  0.1m eta=  1.2m fin~19:46 model_complete
  [S03a] ARIMA_Fixed      Statistical      job 221/3178 (  7.0%) win=5/12 elapsed=  0.1m eta=  1.2m fin~19:46 model_complete
  [S03a] ETS_Current      Statistical      job 221/3178 (  7.0%) win=5/12 elapsed=  0.1m eta=  1.2m fin~19:46 model_complete
  [S03a] FixedGrowth_1_5  Growth baseline  job 221/3178 (  7.0%) win=5/12 elapsed=  0.1m eta=  1.2m fin~19:46 model_complete
  [S03a] FixedGrowth_3    Growth baseline  job 221/3178 (  7.0%) win=5/12 elapsed=  0.1m eta=  1.2m fin~19:46 model_complete
  [S03a] FixedGrowth_4    Growth baseline  job 221/3178 (  7.0%) win=5/12 elapsed=  0.1m eta=  1.2m fin~19:46 model_complete
  [S03a] FixedGrowth_6    Growth baseline  job 221/3178 (  7.0%) win=5/12 elapsed=  0.1m eta=  1.2m fin~19:46 model_complete
  [S03a] LinearRegression Machine learning job 221/3178 (  7.0%) win=6/12 elapsed=  0.1m eta=  1.2m fin~19:46 model_complete
  [S03a] ARIMA_Fixed      Statistical      job 222/3178 (  7.0%) win=6/12 elapsed=  0.1m eta=  1.2m fin~19:46 model_complete
  [S03a] ETS_Current      Statistical      job 222/3178 (  7.0%) win=6/12 elapsed=  0.1m eta=  1.2m fin~19:46 model_complete
  [S03a] FixedGrowth_1_5  Growth baseline  job 1550/3178 ( 48.8%) win=6/12 elapsed=  0.1m eta=  0.1m fin~19:45 running
  [S03a] FixedGrowth_1_5  Growth baseline  job 222/3178 (  7.0%) win=6/12 elapsed=  0.1m eta=  1.2m fin~19:46 model_complete
  [S03a] FixedGrowth_3    Growth baseline  job 222/3178 (  7.0%) win=6/12 elapsed=  0.1m eta=  1.2m fin~19:46 model_complete
  [S03a] FixedGrowth_4    Growth baseline  job 222/3178 (  7.0%) win=6/12 elapsed=  0.1m eta=  1.2m fin~19:46 model_complete
  [S03a] FixedGrowth_6    Growth baseline  job 222/3178 (  7.0%) win=6/12 elapsed=  0.1m eta=  1.2m fin~19:46 model_complete
  [S03a] LinearRegression Machine learning job 222/3178 (  7.0%) win=7/12 elapsed=  0.1m eta=  1.2m fin~19:46 model_complete
  [S03a] ARIMA_Fixed      Statistical      job 223/3178 (  7.0%) win=7/12 elapsed=  0.1m eta=  1.2m fin~19:46 model_complete
  [S03a] ETS_Current      Statistical      job 223/3178 (  7.0%) win=7/12 elapsed=  0.1m eta=  1.2m fin~19:46 model_complete
  [S03a] FixedGrowth_1_5  Growth baseline  job 223/3178 (  7.0%) win=7/12 elapsed=  0.1m eta=  1.2m fin~19:46 model_complete
  [S03a] FixedGrowth_3    Growth baseline  job 223/3178 (  7.0%) win=7/12 elapsed=  0.1m eta=  1.2m fin~19:46 model_complete
  [S03a] FixedGrowth_4    Growth baseline  job 223/3178 (  7.0%) win=7/12 elapsed=  0.1m eta=  1.2m fin~19:46 model_complete
  [S03a] FixedGrowth_6    Growth baseline  job 223/3178 (  7.0%) win=7/12 elapsed=  0.1m eta=  1.2m fin~19:46 model_complete
  [S03a] LinearRegression Machine learning job 223/3178 (  7.0%) win=8/12 elapsed=  0.1m eta=  1.2m fin~19:46 model_complete
  [S03a] ARIMA_Fixed      Statistical      job 224/3178 (  7.0%) win=8/12 elapsed=  0.1m eta=  1.2m fin~19:46 model_complete
  [S03a] ETS_Current      Statistical      job 224/3178 (  7.0%) win=8/12 elapsed=  0.1m eta=  1.2m fin~19:46 model_complete
  [S03a] FixedGrowth_1_5  Growth baseline  job 224/3178 (  7.0%) win=8/12 elapsed=  0.1m eta=  1.2m fin~19:46 model_complete
  [S03a] FixedGrowth_3    Growth baseline  job 224/3178 (  7.0%) win=8/12 elapsed=  0.1m eta=  1.2m fin~19:46 model_complete
  [S03a] FixedGrowth_4    Growth baseline  job 224/3178 (  7.0%) win=8/12 elapsed=  0.1m eta=  1.2m fin~19:46 model_complete
  [S03a] FixedGrowth_6    Growth baseline  job 224/3178 (  7.0%) win=8/12 elapsed=  0.1m eta=  1.2m fin~19:46 model_complete
  [S03a] LinearRegression Machine learning job 224/3178 (  7.0%) win=9/12 elapsed=  0.1m eta=  1.2m fin~19:46 model_complete
  [S03a] ARIMA_Fixed      Statistical      job 225/3178 (  7.1%) win=9/12 elapsed=  0.1m eta=  1.2m fin~19:46 model_complete
  [S03a] ETS_Current      Statistical      job 225/3178 (  7.1%) win=9/12 elapsed=  0.1m eta=  1.2m fin~19:46 model_complete
  [S03a] FixedGrowth_1_5  Growth baseline  job 225/3178 (  7.1%) win=9/12 elapsed=  0.1m eta=  1.2m fin~19:46 model_complete
  [S03a] FixedGrowth_3    Growth baseline  job 225/3178 (  7.1%) win=9/12 elapsed=  0.1m eta=  1.2m fin~19:46 model_complete
  [S03a] FixedGrowth_4    Growth baseline  job 225/3178 (  7.1%) win=9/12 elapsed=  0.1m eta=  1.2m fin~19:46 model_complete
  [S03a] FixedGrowth_6    Growth baseline  job 225/3178 (  7.1%) win=9/12 elapsed=  0.1m eta=  1.2m fin~19:46 model_complete
  [S03a] LinearRegression Machine learning job 1575/3178 ( 49.6%) win=9/12 elapsed=  0.1m eta=  0.1m fin~19:45 running
  [S03a] LinearRegression Machine learning job 225/3178 (  7.1%) win=10/12 elapsed=  0.1m eta=  1.2m fin~19:46 model_complete
  [S03a] ARIMA_Fixed      Statistical      job 226/3178 (  7.1%) win=10/12 elapsed=  0.1m eta=  1.2m fin~19:46 model_complete
  [S03a] ETS_Current      Statistical      job 226/3178 (  7.1%) win=10/12 elapsed=  0.1m eta=  1.2m fin~19:46 model_complete
  [S03a] FixedGrowth_1_5  Growth baseline  job 226/3178 (  7.1%) win=10/12 elapsed=  0.1m eta=  1.2m fin~19:46 model_complete
  [S03a] FixedGrowth_3    Growth baseline  job 226/3178 (  7.1%) win=10/12 elapsed=  0.1m eta=  1.2m fin~19:46 model_complete
  [S03a] FixedGrowth_4    Growth baseline  job 226/3178 (  7.1%) win=10/12 elapsed=  0.1m eta=  1.2m fin~19:46 model_complete
  [S03a] FixedGrowth_6    Growth baseline  job 226/3178 (  7.1%) win=10/12 elapsed=  0.1m eta=  1.2m fin~19:46 model_complete
  [S03a] LinearRegression Machine learning job 226/3178 (  7.1%) win=11/12 elapsed=  0.1m eta=  1.2m fin~19:46 model_complete
  [S03a] ARIMA_Fixed      Statistical      job 227/3178 (  7.1%) win=11/12 elapsed=  0.1m eta=  1.2m fin~19:46 model_complete
  [S03a] ETS_Current      Statistical      job 227/3178 (  7.1%) win=11/12 elapsed=  0.1m eta=  1.2m fin~19:46 model_complete
  [S03a] FixedGrowth_1_5  Growth baseline  job 227/3178 (  7.1%) win=11/12 elapsed=  0.1m eta=  1.2m fin~19:46 model_complete
  [S03a] FixedGrowth_3    Growth baseline  job 227/3178 (  7.1%) win=11/12 elapsed=  0.1m eta=  1.2m fin~19:46 model_complete
  [S03a] FixedGrowth_4    Growth baseline  job 227/3178 (  7.1%) win=11/12 elapsed=  0.1m eta=  1.2m fin~19:46 model_complete
  [S03a] FixedGrowth_6    Growth baseline  job 227/3178 (  7.1%) win=11/12 elapsed=  0.1m eta=  1.2m fin~19:46 model_complete
  [S03a] LinearRegression Machine learning job 227/3178 (  7.1%) win=12/12 elapsed=  0.1m eta=  1.2m fin~19:46 model_complete
  [S03a] ARIMA_Fixed      Statistical      job 228/3178 (  7.2%) win=12/12 elapsed=  0.1m eta=  1.2m fin~19:46 model_complete
  [S03a] ETS_Current      Statistical      job 228/3178 (  7.2%) win=12/12 elapsed=  0.1m eta=  1.2m fin~19:46 model_complete
  [S03a] FixedGrowth_1_5  Growth baseline  job 228/3178 (  7.2%) win=12/12 elapsed=  0.1m eta=  1.2m fin~19:46 model_complete
  [S03a] FixedGrowth_3    Growth baseline  job 228/3178 (  7.2%) win=12/12 elapsed=  0.1m eta=  1.2m fin~19:46 model_complete
  [S03a] FixedGrowth_4    Growth baseline  job 228/3178 (  7.2%) win=12/12 elapsed=  0.1m eta=  1.2m fin~19:46 model_complete
  [S03a] FixedGrowth_6    Growth baseline  job 228/3178 (  7.2%) win=12/12 elapsed=  0.1m eta=  1.2m fin~19:46 model_complete
  [S03a] LinearRegression Machine learning job 228/3178 (  7.2%) win=1/12 elapsed=  0.1m eta=  1.2m fin~19:46 model_complete
  [S03a] ARIMA_Fixed      Statistical      job 229/3178 (  7.2%) win=1/12 elapsed=  0.1m eta=  1.2m fin~19:46 model_complete
  [S03a] ETS_Current      Statistical      job 229/3178 (  7.2%) win=1/12 elapsed=  0.1m eta=  1.2m fin~19:46 model_complete
  [S03a] FixedGrowth_1_5  Growth baseline  job 229/3178 (  7.2%) win=1/12 elapsed=  0.1m eta=  1.2m fin~19:46 model_complete
  [S03a] FixedGrowth_3    Growth baseline  job 1600/3178 ( 50.3%) win=1/12 elapsed=  0.1m eta=  0.1m fin~19:45 running
  [S03a] FixedGrowth_3    Growth baseline  job 229/3178 (  7.2%) win=1/12 elapsed=  0.1m eta=  1.2m fin~19:46 model_complete
  [S03a] FixedGrowth_4    Growth baseline  job 229/3178 (  7.2%) win=1/12 elapsed=  0.1m eta=  1.2m fin~19:46 model_complete
  [S03a] FixedGrowth_6    Growth baseline  job 229/3178 (  7.2%) win=1/12 elapsed=  0.1m eta=  1.2m fin~19:46 model_complete
  [S03a] LinearRegression Machine learning job 229/3178 (  7.2%) win=2/12 elapsed=  0.1m eta=  1.2m fin~19:46 model_complete
  [S03a] ARIMA_Fixed      Statistical      job 230/3178 (  7.2%) win=2/12 elapsed=  0.1m eta=  1.2m fin~19:46 model_complete
  [S03a] ETS_Current      Statistical      job 230/3178 (  7.2%) win=2/12 elapsed=  0.1m eta=  1.2m fin~19:46 model_complete
  [S03a] FixedGrowth_1_5  Growth baseline  job 230/3178 (  7.2%) win=2/12 elapsed=  0.1m eta=  1.2m fin~19:46 model_complete
  [S03a] FixedGrowth_3    Growth baseline  job 230/3178 (  7.2%) win=2/12 elapsed=  0.1m eta=  1.2m fin~19:46 model_complete
  [S03a] FixedGrowth_4    Growth baseline  job 230/3178 (  7.2%) win=2/12 elapsed=  0.1m eta=  1.2m fin~19:46 model_complete
  [S03a] FixedGrowth_6    Growth baseline  job 230/3178 (  7.2%) win=2/12 elapsed=  0.1m eta=  1.2m fin~19:46 model_complete
  [S03a] LinearRegression Machine learning job 230/3178 (  7.2%) win=3/12 elapsed=  0.1m eta=  1.2m fin~19:46 model_complete
  [S03a] ARIMA_Fixed      Statistical      job 231/3178 (  7.3%) win=3/12 elapsed=  0.1m eta=  1.2m fin~19:46 model_complete
  [S03a] ETS_Current      Statistical      job 231/3178 (  7.3%) win=3/12 elapsed=  0.1m eta=  1.2m fin~19:46 model_complete
  [S03a] FixedGrowth_1_5  Growth baseline  job 231/3178 (  7.3%) win=3/12 elapsed=  0.1m eta=  1.2m fin~19:46 model_complete
  [S03a] FixedGrowth_3    Growth baseline  job 231/3178 (  7.3%) win=3/12 elapsed=  0.1m eta=  1.2m fin~19:46 model_complete
  [S03a] FixedGrowth_4    Growth baseline  job 231/3178 (  7.3%) win=3/12 elapsed=  0.1m eta=  1.2m fin~19:46 model_complete
  [S03a] FixedGrowth_6    Growth baseline  job 231/3178 (  7.3%) win=3/12 elapsed=  0.1m eta=  1.2m fin~19:46 model_complete
  [S03a] LinearRegression Machine learning job 231/3178 (  7.3%) win=4/12 elapsed=  0.1m eta=  1.2m fin~19:46 model_complete
  [S03a] ARIMA_Fixed      Statistical      job 232/3178 (  7.3%) win=4/12 elapsed=  0.1m eta=  1.2m fin~19:46 model_complete
  [S03a] ETS_Current      Statistical      job 232/3178 (  7.3%) win=4/12 elapsed=  0.1m eta=  1.2m fin~19:46 model_complete
  [S03a] FixedGrowth_1_5  Growth baseline  job 232/3178 (  7.3%) win=4/12 elapsed=  0.1m eta=  1.2m fin~19:46 model_complete
  [S03a] FixedGrowth_3    Growth baseline  job 232/3178 (  7.3%) win=4/12 elapsed=  0.1m eta=  1.2m fin~19:46 model_complete
  [S03a] FixedGrowth_4    Growth baseline  job 232/3178 (  7.3%) win=4/12 elapsed=  0.1m eta=  1.2m fin~19:46 model_complete
  [S03a] FixedGrowth_6    Growth baseline  job 232/3178 (  7.3%) win=4/12 elapsed=  0.1m eta=  1.2m fin~19:46 model_complete
  [S03a] LinearRegression Machine learning job 232/3178 (  7.3%) win=5/12 elapsed=  0.1m eta=  1.2m fin~19:46 model_complete
  [S03a] ARIMA_Fixed      Statistical      job 1625/3178 ( 51.1%) win=5/12 elapsed=  0.1m eta=  0.1m fin~19:45 running
  [S03a] ARIMA_Fixed      Statistical      job 233/3178 (  7.3%) win=5/12 elapsed=  0.1m eta=  1.2m fin~19:46 model_complete
  [S03a] ETS_Current      Statistical      job 233/3178 (  7.3%) win=5/12 elapsed=  0.1m eta=  1.2m fin~19:46 model_complete
  [S03a] FixedGrowth_1_5  Growth baseline  job 233/3178 (  7.3%) win=5/12 elapsed=  0.1m eta=  1.2m fin~19:46 model_complete
  [S03a] FixedGrowth_3    Growth baseline  job 233/3178 (  7.3%) win=5/12 elapsed=  0.1m eta=  1.2m fin~19:46 model_complete
  [S03a] FixedGrowth_4    Growth baseline  job 233/3178 (  7.3%) win=5/12 elapsed=  0.1m eta=  1.2m fin~19:46 model_complete
  [S03a] FixedGrowth_6    Growth baseline  job 233/3178 (  7.3%) win=5/12 elapsed=  0.1m eta=  1.2m fin~19:46 model_complete
  [S03a] LinearRegression Machine learning job 233/3178 (  7.3%) win=6/12 elapsed=  0.1m eta=  1.2m fin~19:46 model_complete
  [S03a] ARIMA_Fixed      Statistical      job 234/3178 (  7.4%) win=6/12 elapsed=  0.1m eta=  1.2m fin~19:46 model_complete
  [S03a] ETS_Current      Statistical      job 234/3178 (  7.4%) win=6/12 elapsed=  0.1m eta=  1.2m fin~19:46 model_complete
  [S03a] FixedGrowth_1_5  Growth baseline  job 234/3178 (  7.4%) win=6/12 elapsed=  0.1m eta=  1.2m fin~19:46 model_complete
  [S03a] FixedGrowth_3    Growth baseline  job 234/3178 (  7.4%) win=6/12 elapsed=  0.1m eta=  1.2m fin~19:46 model_complete
  [S03a] FixedGrowth_4    Growth baseline  job 234/3178 (  7.4%) win=6/12 elapsed=  0.1m eta=  1.2m fin~19:46 model_complete
  [S03a] FixedGrowth_6    Growth baseline  job 234/3178 (  7.4%) win=6/12 elapsed=  0.1m eta=  1.2m fin~19:46 model_complete
  [S03a] LinearRegression Machine learning job 234/3178 (  7.4%) win=7/12 elapsed=  0.1m eta=  1.2m fin~19:46 model_complete
  [S03a] ARIMA_Fixed      Statistical      job 235/3178 (  7.4%) win=7/12 elapsed=  0.1m eta=  1.2m fin~19:46 model_complete
  [S03a] ETS_Current      Statistical      job 235/3178 (  7.4%) win=7/12 elapsed=  0.1m eta=  1.2m fin~19:46 model_complete
  [S03a] FixedGrowth_1_5  Growth baseline  job 235/3178 (  7.4%) win=7/12 elapsed=  0.1m eta=  1.2m fin~19:46 model_complete
  [S03a] FixedGrowth_3    Growth baseline  job 235/3178 (  7.4%) win=7/12 elapsed=  0.1m eta=  1.2m fin~19:46 model_complete
  [S03a] FixedGrowth_4    Growth baseline  job 235/3178 (  7.4%) win=7/12 elapsed=  0.1m eta=  1.2m fin~19:46 model_complete
  [S03a] FixedGrowth_6    Growth baseline  job 235/3178 (  7.4%) win=7/12 elapsed=  0.1m eta=  1.2m fin~19:46 model_complete
  [S03a] LinearRegression Machine learning job 235/3178 (  7.4%) win=8/12 elapsed=  0.1m eta=  1.2m fin~19:46 model_complete
  [S03a] ARIMA_Fixed      Statistical      job 236/3178 (  7.4%) win=8/12 elapsed=  0.1m eta=  1.2m fin~19:46 model_complete
  [S03a] ETS_Current      Statistical      job 236/3178 (  7.4%) win=8/12 elapsed=  0.1m eta=  1.2m fin~19:46 model_complete
  [S03a] FixedGrowth_1_5  Growth baseline  job 236/3178 (  7.4%) win=8/12 elapsed=  0.1m eta=  1.2m fin~19:46 model_complete
  [S03a] FixedGrowth_3    Growth baseline  job 236/3178 (  7.4%) win=8/12 elapsed=  0.1m eta=  1.2m fin~19:46 model_complete
  [S03a] FixedGrowth_4    Growth baseline  job 1650/3178 ( 51.9%) win=8/12 elapsed=  0.1m eta=  0.1m fin~19:45 running
  [S03a] FixedGrowth_4    Growth baseline  job 236/3178 (  7.4%) win=8/12 elapsed=  0.1m eta=  1.2m fin~19:46 model_complete
  [S03a] FixedGrowth_6    Growth baseline  job 236/3178 (  7.4%) win=8/12 elapsed=  0.1m eta=  1.2m fin~19:46 model_complete
  [S03a] LinearRegression Machine learning job 236/3178 (  7.4%) win=9/12 elapsed=  0.1m eta=  1.2m fin~19:46 model_complete
  [S03a] ARIMA_Fixed      Statistical      job 237/3178 (  7.5%) win=9/12 elapsed=  0.1m eta=  1.2m fin~19:46 model_complete
  [S03a] ETS_Current      Statistical      job 237/3178 (  7.5%) win=9/12 elapsed=  0.1m eta=  1.2m fin~19:46 model_complete
  [S03a] FixedGrowth_1_5  Growth baseline  job 237/3178 (  7.5%) win=9/12 elapsed=  0.1m eta=  1.2m fin~19:46 model_complete
  [S03a] FixedGrowth_3    Growth baseline  job 237/3178 (  7.5%) win=9/12 elapsed=  0.1m eta=  1.2m fin~19:46 model_complete
  [S03a] FixedGrowth_4    Growth baseline  job 237/3178 (  7.5%) win=9/12 elapsed=  0.1m eta=  1.2m fin~19:46 model_complete
  [S03a] FixedGrowth_6    Growth baseline  job 237/3178 (  7.5%) win=9/12 elapsed=  0.1m eta=  1.2m fin~19:46 model_complete
  [S03a] LinearRegression Machine learning job 237/3178 (  7.5%) win=10/12 elapsed=  0.1m eta=  1.2m fin~19:46 model_complete
  [S03a] ARIMA_Fixed      Statistical      job 238/3178 (  7.5%) win=10/12 elapsed=  0.1m eta=  1.2m fin~19:46 model_complete
  [S03a] ETS_Current      Statistical      job 238/3178 (  7.5%) win=10/12 elapsed=  0.1m eta=  1.2m fin~19:46 model_complete
  [S03a] FixedGrowth_1_5  Growth baseline  job 238/3178 (  7.5%) win=10/12 elapsed=  0.1m eta=  1.2m fin~19:46 model_complete
  [S03a] FixedGrowth_3    Growth baseline  job 238/3178 (  7.5%) win=10/12 elapsed=  0.1m eta=  1.2m fin~19:46 model_complete
  [S03a] FixedGrowth_4    Growth baseline  job 238/3178 (  7.5%) win=10/12 elapsed=  0.1m eta=  1.2m fin~19:46 model_complete
  [S03a] FixedGrowth_6    Growth baseline  job 238/3178 (  7.5%) win=10/12 elapsed=  0.1m eta=  1.2m fin~19:46 model_complete
  [S03a] LinearRegression Machine learning job 238/3178 (  7.5%) win=11/12 elapsed=  0.1m eta=  1.2m fin~19:46 model_complete
  [S03a] ARIMA_Fixed      Statistical      job 239/3178 (  7.5%) win=11/12 elapsed=  0.1m eta=  1.2m fin~19:46 model_complete
  [S03a] ETS_Current      Statistical      job 239/3178 (  7.5%) win=11/12 elapsed=  0.1m eta=  1.2m fin~19:46 model_complete
  [S03a] FixedGrowth_1_5  Growth baseline  job 239/3178 (  7.5%) win=11/12 elapsed=  0.1m eta=  1.2m fin~19:46 model_complete
  [S03a] FixedGrowth_3    Growth baseline  job 239/3178 (  7.5%) win=11/12 elapsed=  0.1m eta=  1.2m fin~19:46 model_complete
  [S03a] FixedGrowth_4    Growth baseline  job 239/3178 (  7.5%) win=11/12 elapsed=  0.1m eta=  1.2m fin~19:46 model_complete
  [S03a] FixedGrowth_6    Growth baseline  job 239/3178 (  7.5%) win=11/12 elapsed=  0.1m eta=  1.2m fin~19:46 model_complete
  [S03a] LinearRegression Machine learning job 239/3178 (  7.5%) win=12/12 elapsed=  0.1m eta=  1.2m fin~19:46 model_complete
  [S03a] ARIMA_Fixed      Statistical      job 240/3178 (  7.6%) win=12/12 elapsed=  0.1m eta=  1.2m fin~19:46 model_complete
  [S03a] ETS_Current      Statistical      job 1675/3178 ( 52.7%) win=12/12 elapsed=  0.1m eta=  0.1m fin~19:45 running
  [S03a] ETS_Current      Statistical      job 240/3178 (  7.6%) win=12/12 elapsed=  0.1m eta=  1.2m fin~19:46 model_complete
  [S03a] FixedGrowth_1_5  Growth baseline  job 240/3178 (  7.6%) win=12/12 elapsed=  0.1m eta=  1.2m fin~19:46 model_complete
  [S03a] FixedGrowth_3    Growth baseline  job 240/3178 (  7.6%) win=12/12 elapsed=  0.1m eta=  1.2m fin~19:46 model_complete
  [S03a] FixedGrowth_4    Growth baseline  job 240/3178 (  7.6%) win=12/12 elapsed=  0.1m eta=  1.2m fin~19:46 model_complete
  [S03a] FixedGrowth_6    Growth baseline  job 240/3178 (  7.6%) win=12/12 elapsed=  0.1m eta=  1.2m fin~19:46 model_complete
  [S03a] LinearRegression Machine learning job 240/3178 (  7.6%) win=1/12 elapsed=  0.1m eta=  1.2m fin~19:46 model_complete
  [S03a] ARIMA_Fixed      Statistical      job 241/3178 (  7.6%) win=1/12 elapsed=  0.1m eta=  1.2m fin~19:46 model_complete
  [S03a] ETS_Current      Statistical      job 241/3178 (  7.6%) win=1/12 elapsed=  0.1m eta=  1.2m fin~19:46 model_complete
  [S03a] FixedGrowth_1_5  Growth baseline  job 241/3178 (  7.6%) win=1/12 elapsed=  0.1m eta=  1.2m fin~19:46 model_complete
  [S03a] FixedGrowth_3    Growth baseline  job 241/3178 (  7.6%) win=1/12 elapsed=  0.1m eta=  1.2m fin~19:46 model_complete
  [S03a] FixedGrowth_4    Growth baseline  job 241/3178 (  7.6%) win=1/12 elapsed=  0.1m eta=  1.2m fin~19:46 model_complete
  [S03a] FixedGrowth_6    Growth baseline  job 241/3178 (  7.6%) win=1/12 elapsed=  0.1m eta=  1.2m fin~19:46 model_complete
  [S03a] LinearRegression Machine learning job 241/3178 (  7.6%) win=2/12 elapsed=  0.1m eta=  1.2m fin~19:46 model_complete
  [S03a] ARIMA_Fixed      Statistical      job 242/3178 (  7.6%) win=2/12 elapsed=  0.1m eta=  1.2m fin~19:46 model_complete
  [S03a] ETS_Current      Statistical      job 242/3178 (  7.6%) win=2/12 elapsed=  0.1m eta=  1.2m fin~19:46 model_complete
  [S03a] FixedGrowth_1_5  Growth baseline  job 242/3178 (  7.6%) win=2/12 elapsed=  0.1m eta=  1.2m fin~19:46 model_complete
  [S03a] FixedGrowth_3    Growth baseline  job 242/3178 (  7.6%) win=2/12 elapsed=  0.1m eta=  1.2m fin~19:46 model_complete
  [S03a] FixedGrowth_4    Growth baseline  job 242/3178 (  7.6%) win=2/12 elapsed=  0.1m eta=  1.2m fin~19:46 model_complete
  [S03a] FixedGrowth_6    Growth baseline  job 242/3178 (  7.6%) win=2/12 elapsed=  0.1m eta=  1.2m fin~19:46 model_complete
  [S03a] LinearRegression Machine learning job 242/3178 (  7.6%) win=3/12 elapsed=  0.1m eta=  1.2m fin~19:46 model_complete
  [S03a] ARIMA_Fixed      Statistical      job 243/3178 (  7.6%) win=3/12 elapsed=  0.1m eta=  1.2m fin~19:46 model_complete
  [S03a] ETS_Current      Statistical      job 243/3178 (  7.6%) win=3/12 elapsed=  0.1m eta=  1.2m fin~19:46 model_complete
  [S03a] FixedGrowth_1_5  Growth baseline  job 243/3178 (  7.6%) win=3/12 elapsed=  0.1m eta=  1.2m fin~19:46 model_complete
  [S03a] FixedGrowth_3    Growth baseline  job 243/3178 (  7.6%) win=3/12 elapsed=  0.1m eta=  1.2m fin~19:46 model_complete
  [S03a] FixedGrowth_4    Growth baseline  job 243/3178 (  7.6%) win=3/12 elapsed=  0.1m eta=  1.2m fin~19:46 model_complete
  [S03a] FixedGrowth_6    Growth baseline  job 1700/3178 ( 53.5%) win=3/12 elapsed=  0.1m eta=  0.1m fin~19:45 running
  [S03a] FixedGrowth_6    Growth baseline  job 243/3178 (  7.6%) win=3/12 elapsed=  0.1m eta=  1.2m fin~19:46 model_complete
  [S03a] LinearRegression Machine learning job 243/3178 (  7.6%) win=4/12 elapsed=  0.1m eta=  1.2m fin~19:46 model_complete
  [S03a] ARIMA_Fixed      Statistical      job 244/3178 (  7.7%) win=4/12 elapsed=  0.1m eta=  1.2m fin~19:46 model_complete
  [S03a] ETS_Current      Statistical      job 244/3178 (  7.7%) win=4/12 elapsed=  0.1m eta=  1.2m fin~19:46 model_complete
  [S03a] FixedGrowth_1_5  Growth baseline  job 244/3178 (  7.7%) win=4/12 elapsed=  0.1m eta=  1.2m fin~19:46 model_complete
  [S03a] FixedGrowth_3    Growth baseline  job 244/3178 (  7.7%) win=4/12 elapsed=  0.1m eta=  1.2m fin~19:46 model_complete
  [S03a] FixedGrowth_4    Growth baseline  job 244/3178 (  7.7%) win=4/12 elapsed=  0.1m eta=  1.2m fin~19:46 model_complete
  [S03a] FixedGrowth_6    Growth baseline  job 244/3178 (  7.7%) win=4/12 elapsed=  0.1m eta=  1.2m fin~19:46 model_complete
  [S03a] LinearRegression Machine learning job 244/3178 (  7.7%) win=5/12 elapsed=  0.1m eta=  1.2m fin~19:46 model_complete
  [S03a] ARIMA_Fixed      Statistical      job 245/3178 (  7.7%) win=5/12 elapsed=  0.1m eta=  1.2m fin~19:46 model_complete
  [S03a] ETS_Current      Statistical      job 245/3178 (  7.7%) win=5/12 elapsed=  0.1m eta=  1.2m fin~19:46 model_complete
  [S03a] FixedGrowth_1_5  Growth baseline  job 245/3178 (  7.7%) win=5/12 elapsed=  0.1m eta=  1.2m fin~19:46 model_complete
  [S03a] FixedGrowth_3    Growth baseline  job 245/3178 (  7.7%) win=5/12 elapsed=  0.1m eta=  1.2m fin~19:46 model_complete
  [S03a] FixedGrowth_4    Growth baseline  job 245/3178 (  7.7%) win=5/12 elapsed=  0.1m eta=  1.2m fin~19:46 model_complete
  [S03a] FixedGrowth_6    Growth baseline  job 245/3178 (  7.7%) win=5/12 elapsed=  0.1m eta=  1.2m fin~19:46 model_complete
  [S03a] LinearRegression Machine learning job 245/3178 (  7.7%) win=6/12 elapsed=  0.1m eta=  1.2m fin~19:46 model_complete
  [S03a] ARIMA_Fixed      Statistical      job 246/3178 (  7.7%) win=6/12 elapsed=  0.1m eta=  1.2m fin~19:46 model_complete
  [S03a] ETS_Current      Statistical      job 246/3178 (  7.7%) win=6/12 elapsed=  0.1m eta=  1.2m fin~19:46 model_complete
  [S03a] FixedGrowth_1_5  Growth baseline  job 246/3178 (  7.7%) win=6/12 elapsed=  0.1m eta=  1.2m fin~19:46 model_complete
  [S03a] FixedGrowth_3    Growth baseline  job 246/3178 (  7.7%) win=6/12 elapsed=  0.1m eta=  1.2m fin~19:46 model_complete
  [S03a] FixedGrowth_4    Growth baseline  job 246/3178 (  7.7%) win=6/12 elapsed=  0.1m eta=  1.2m fin~19:46 model_complete
  [S03a] FixedGrowth_6    Growth baseline  job 246/3178 (  7.7%) win=6/12 elapsed=  0.1m eta=  1.2m fin~19:46 model_complete
  [S03a] LinearRegression Machine learning job 246/3178 (  7.7%) win=7/12 elapsed=  0.1m eta=  1.2m fin~19:46 model_complete
  [S03a] ARIMA_Fixed      Statistical      job 247/3178 (  7.8%) win=7/12 elapsed=  0.1m eta=  1.2m fin~19:46 model_complete
  [S03a] ETS_Current      Statistical      job 247/3178 (  7.8%) win=7/12 elapsed=  0.1m eta=  1.2m fin~19:46 model_complete
  [S03a] FixedGrowth_1_5  Growth baseline  job 1725/3178 ( 54.3%) win=7/12 elapsed=  0.1m eta=  0.1m fin~19:45 running
  [S03a] FixedGrowth_1_5  Growth baseline  job 247/3178 (  7.8%) win=7/12 elapsed=  0.1m eta=  1.2m fin~19:46 model_complete
  [S03a] FixedGrowth_3    Growth baseline  job 247/3178 (  7.8%) win=7/12 elapsed=  0.1m eta=  1.2m fin~19:46 model_complete
  [S03a] FixedGrowth_4    Growth baseline  job 247/3178 (  7.8%) win=7/12 elapsed=  0.1m eta=  1.2m fin~19:46 model_complete
  [S03a] FixedGrowth_6    Growth baseline  job 247/3178 (  7.8%) win=7/12 elapsed=  0.1m eta=  1.2m fin~19:46 model_complete
  [S03a] LinearRegression Machine learning job 247/3178 (  7.8%) win=8/12 elapsed=  0.1m eta=  1.2m fin~19:46 model_complete
  [S03a] ARIMA_Fixed      Statistical      job 248/3178 (  7.8%) win=8/12 elapsed=  0.1m eta=  1.2m fin~19:46 model_complete
  [S03a] ETS_Current      Statistical      job 248/3178 (  7.8%) win=8/12 elapsed=  0.1m eta=  1.2m fin~19:46 model_complete
  [S03a] FixedGrowth_1_5  Growth baseline  job 248/3178 (  7.8%) win=8/12 elapsed=  0.1m eta=  1.2m fin~19:46 model_complete
  [S03a] FixedGrowth_3    Growth baseline  job 248/3178 (  7.8%) win=8/12 elapsed=  0.1m eta=  1.2m fin~19:46 model_complete
  [S03a] FixedGrowth_4    Growth baseline  job 248/3178 (  7.8%) win=8/12 elapsed=  0.1m eta=  1.2m fin~19:46 model_complete
  [S03a] FixedGrowth_6    Growth baseline  job 248/3178 (  7.8%) win=8/12 elapsed=  0.1m eta=  1.2m fin~19:46 model_complete
  [S03a] LinearRegression Machine learning job 248/3178 (  7.8%) win=9/12 elapsed=  0.1m eta=  1.2m fin~19:46 model_complete
  [S03a] ARIMA_Fixed      Statistical      job 249/3178 (  7.8%) win=9/12 elapsed=  0.1m eta=  1.2m fin~19:46 model_complete
  [S03a] ETS_Current      Statistical      job 249/3178 (  7.8%) win=9/12 elapsed=  0.1m eta=  1.2m fin~19:46 model_complete
  [S03a] FixedGrowth_1_5  Growth baseline  job 249/3178 (  7.8%) win=9/12 elapsed=  0.1m eta=  1.2m fin~19:46 model_complete
  [S03a] FixedGrowth_3    Growth baseline  job 249/3178 (  7.8%) win=9/12 elapsed=  0.1m eta=  1.2m fin~19:46 model_complete
  [S03a] FixedGrowth_4    Growth baseline  job 249/3178 (  7.8%) win=9/12 elapsed=  0.1m eta=  1.2m fin~19:46 model_complete
  [S03a] FixedGrowth_6    Growth baseline  job 249/3178 (  7.8%) win=9/12 elapsed=  0.1m eta=  1.2m fin~19:46 model_complete
  [S03a] LinearRegression Machine learning job 249/3178 (  7.8%) win=10/12 elapsed=  0.1m eta=  1.2m fin~19:46 model_complete
  [S03a] ARIMA_Fixed      Statistical      job 250/3178 (  7.9%) win=10/12 elapsed=  0.1m eta=  1.2m fin~19:46 model_complete
  [S03a] ETS_Current      Statistical      job 250/3178 (  7.9%) win=10/12 elapsed=  0.1m eta=  1.2m fin~19:46 model_complete
  [S03a] FixedGrowth_1_5  Growth baseline  job 250/3178 (  7.9%) win=10/12 elapsed=  0.1m eta=  1.2m fin~19:46 model_complete
  [S03a] FixedGrowth_3    Growth baseline  job 250/3178 (  7.9%) win=10/12 elapsed=  0.1m eta=  1.2m fin~19:46 model_complete
  [S03a] FixedGrowth_4    Growth baseline  job 250/3178 (  7.9%) win=10/12 elapsed=  0.1m eta=  1.2m fin~19:46 model_complete
  [S03a] FixedGrowth_6    Growth baseline  job 250/3178 (  7.9%) win=10/12 elapsed=  0.1m eta=  1.2m fin~19:46 model_complete
  [S03a] LinearRegression Machine learning job 1750/3178 ( 55.1%) win=10/12 elapsed=  0.1m eta=  0.1m fin~19:45 running
  [S03a] LinearRegression Machine learning job 250/3178 (  7.9%) win=11/12 elapsed=  0.1m eta=  1.2m fin~19:46 model_complete
  [S03a] ARIMA_Fixed      Statistical      job 251/3178 (  7.9%) win=11/12 elapsed=  0.1m eta=  1.2m fin~19:46 model_complete
  [S03a] ETS_Current      Statistical      job 251/3178 (  7.9%) win=11/12 elapsed=  0.1m eta=  1.2m fin~19:46 model_complete
  [S03a] FixedGrowth_1_5  Growth baseline  job 251/3178 (  7.9%) win=11/12 elapsed=  0.1m eta=  1.2m fin~19:46 model_complete
  [S03a] FixedGrowth_3    Growth baseline  job 251/3178 (  7.9%) win=11/12 elapsed=  0.1m eta=  1.2m fin~19:46 model_complete
  [S03a] FixedGrowth_4    Growth baseline  job 251/3178 (  7.9%) win=11/12 elapsed=  0.1m eta=  1.2m fin~19:46 model_complete
  [S03a] FixedGrowth_6    Growth baseline  job 251/3178 (  7.9%) win=11/12 elapsed=  0.1m eta=  1.2m fin~19:46 model_complete
  [S03a] LinearRegression Machine learning job 251/3178 (  7.9%) win=12/12 elapsed=  0.1m eta=  1.2m fin~19:46 model_complete
  [S03a] ARIMA_Fixed      Statistical      job 252/3178 (  7.9%) win=12/12 elapsed=  0.1m eta=  1.2m fin~19:46 model_complete
  [S03a] ETS_Current      Statistical      job 252/3178 (  7.9%) win=12/12 elapsed=  0.1m eta=  1.2m fin~19:46 model_complete
  [S03a] FixedGrowth_1_5  Growth baseline  job 252/3178 (  7.9%) win=12/12 elapsed=  0.1m eta=  1.2m fin~19:46 model_complete
  [S03a] FixedGrowth_3    Growth baseline  job 252/3178 (  7.9%) win=12/12 elapsed=  0.1m eta=  1.2m fin~19:46 model_complete
  [S03a] FixedGrowth_4    Growth baseline  job 252/3178 (  7.9%) win=12/12 elapsed=  0.1m eta=  1.2m fin~19:46 model_complete
  [S03a] FixedGrowth_6    Growth baseline  job 252/3178 (  7.9%) win=12/12 elapsed=  0.1m eta=  1.2m fin~19:46 model_complete
  [S03a] LinearRegression Machine learning job 252/3178 (  7.9%) win=1/12 elapsed=  0.1m eta=  1.2m fin~19:46 model_complete
  [S03a] ARIMA_Fixed      Statistical      job 253/3178 (  8.0%) win=1/12 elapsed=  0.1m eta=  1.2m fin~19:46 model_complete
  [S03a] ETS_Current      Statistical      job 253/3178 (  8.0%) win=1/12 elapsed=  0.1m eta=  1.2m fin~19:46 model_complete
  [S03a] FixedGrowth_1_5  Growth baseline  job 253/3178 (  8.0%) win=1/12 elapsed=  0.1m eta=  1.2m fin~19:46 model_complete
  [S03a] FixedGrowth_3    Growth baseline  job 253/3178 (  8.0%) win=1/12 elapsed=  0.1m eta=  1.2m fin~19:46 model_complete
  [S03a] FixedGrowth_4    Growth baseline  job 253/3178 (  8.0%) win=1/12 elapsed=  0.1m eta=  1.2m fin~19:46 model_complete
  [S03a] FixedGrowth_6    Growth baseline  job 253/3178 (  8.0%) win=1/12 elapsed=  0.1m eta=  1.2m fin~19:46 model_complete
  [S03a] LinearRegression Machine learning job 253/3178 (  8.0%) win=2/12 elapsed=  0.1m eta=  1.2m fin~19:46 model_complete
  [S03a] ARIMA_Fixed      Statistical      job 254/3178 (  8.0%) win=2/12 elapsed=  0.1m eta=  1.2m fin~19:46 model_complete
  [S03a] ETS_Current      Statistical      job 254/3178 (  8.0%) win=2/12 elapsed=  0.1m eta=  1.2m fin~19:46 model_complete
  [S03a] FixedGrowth_1_5  Growth baseline  job 254/3178 (  8.0%) win=2/12 elapsed=  0.1m eta=  1.2m fin~19:46 model_complete
  [S03a] FixedGrowth_3    Growth baseline  job 1775/3178 ( 55.9%) win=2/12 elapsed=  0.1m eta=  0.1m fin~19:45 running
  [S03a] FixedGrowth_3    Growth baseline  job 254/3178 (  8.0%) win=2/12 elapsed=  0.1m eta=  1.2m fin~19:46 model_complete
  [S03a] FixedGrowth_4    Growth baseline  job 254/3178 (  8.0%) win=2/12 elapsed=  0.1m eta=  1.2m fin~19:46 model_complete
  [S03a] FixedGrowth_6    Growth baseline  job 254/3178 (  8.0%) win=2/12 elapsed=  0.1m eta=  1.2m fin~19:46 model_complete
  [S03a] LinearRegression Machine learning job 254/3178 (  8.0%) win=3/12 elapsed=  0.1m eta=  1.2m fin~19:46 model_complete
  [S03a] ARIMA_Fixed      Statistical      job 255/3178 (  8.0%) win=3/12 elapsed=  0.1m eta=  1.2m fin~19:46 model_complete
  [S03a] ETS_Current      Statistical      job 255/3178 (  8.0%) win=3/12 elapsed=  0.1m eta=  1.2m fin~19:46 model_complete
  [S03a] FixedGrowth_1_5  Growth baseline  job 255/3178 (  8.0%) win=3/12 elapsed=  0.1m eta=  1.2m fin~19:46 model_complete
  [S03a] FixedGrowth_3    Growth baseline  job 255/3178 (  8.0%) win=3/12 elapsed=  0.1m eta=  1.2m fin~19:46 model_complete
  [S03a] FixedGrowth_4    Growth baseline  job 255/3178 (  8.0%) win=3/12 elapsed=  0.1m eta=  1.2m fin~19:46 model_complete
  [S03a] FixedGrowth_6    Growth baseline  job 255/3178 (  8.0%) win=3/12 elapsed=  0.1m eta=  1.2m fin~19:46 model_complete
  [S03a] LinearRegression Machine learning job 255/3178 (  8.0%) win=4/12 elapsed=  0.1m eta=  1.2m fin~19:46 model_complete
  [S03a] ARIMA_Fixed      Statistical      job 256/3178 (  8.1%) win=4/12 elapsed=  0.1m eta=  1.2m fin~19:46 model_complete
  [S03a] ETS_Current      Statistical      job 256/3178 (  8.1%) win=4/12 elapsed=  0.1m eta=  1.2m fin~19:46 model_complete
  [S03a] FixedGrowth_1_5  Growth baseline  job 256/3178 (  8.1%) win=4/12 elapsed=  0.1m eta=  1.2m fin~19:46 model_complete
  [S03a] FixedGrowth_3    Growth baseline  job 256/3178 (  8.1%) win=4/12 elapsed=  0.1m eta=  1.2m fin~19:46 model_complete
  [S03a] FixedGrowth_4    Growth baseline  job 256/3178 (  8.1%) win=4/12 elapsed=  0.1m eta=  1.2m fin~19:46 model_complete
  [S03a] FixedGrowth_6    Growth baseline  job 256/3178 (  8.1%) win=4/12 elapsed=  0.1m eta=  1.2m fin~19:46 model_complete
  [S03a] LinearRegression Machine learning job 256/3178 (  8.1%) win=5/12 elapsed=  0.1m eta=  1.2m fin~19:46 model_complete
  [S03a] ARIMA_Fixed      Statistical      job 257/3178 (  8.1%) win=5/12 elapsed=  0.1m eta=  1.2m fin~19:46 model_complete
  [S03a] ETS_Current      Statistical      job 257/3178 (  8.1%) win=5/12 elapsed=  0.1m eta=  1.2m fin~19:46 model_complete
  [S03a] FixedGrowth_1_5  Growth baseline  job 257/3178 (  8.1%) win=5/12 elapsed=  0.1m eta=  1.2m fin~19:46 model_complete
  [S03a] FixedGrowth_3    Growth baseline  job 257/3178 (  8.1%) win=5/12 elapsed=  0.1m eta=  1.2m fin~19:46 model_complete
  [S03a] FixedGrowth_4    Growth baseline  job 257/3178 (  8.1%) win=5/12 elapsed=  0.1m eta=  1.2m fin~19:46 model_complete
  [S03a] FixedGrowth_6    Growth baseline  job 257/3178 (  8.1%) win=5/12 elapsed=  0.1m eta=  1.2m fin~19:46 model_complete
  [S03a] LinearRegression Machine learning job 257/3178 (  8.1%) win=6/12 elapsed=  0.1m eta=  1.2m fin~19:46 model_complete
  [S03a] ARIMA_Fixed      Statistical      job 1800/3178 ( 56.6%) win=6/12 elapsed=  0.1m eta=  0.1m fin~19:45 running
  [S03a] ARIMA_Fixed      Statistical      job 258/3178 (  8.1%) win=6/12 elapsed=  0.1m eta=  1.2m fin~19:46 model_complete
  [S03a] ETS_Current      Statistical      job 258/3178 (  8.1%) win=6/12 elapsed=  0.1m eta=  1.2m fin~19:46 model_complete
  [S03a] FixedGrowth_1_5  Growth baseline  job 258/3178 (  8.1%) win=6/12 elapsed=  0.1m eta=  1.2m fin~19:46 model_complete
  [S03a] FixedGrowth_3    Growth baseline  job 258/3178 (  8.1%) win=6/12 elapsed=  0.1m eta=  1.2m fin~19:46 model_complete
  [S03a] FixedGrowth_4    Growth baseline  job 258/3178 (  8.1%) win=6/12 elapsed=  0.1m eta=  1.2m fin~19:46 model_complete
  [S03a] FixedGrowth_6    Growth baseline  job 258/3178 (  8.1%) win=6/12 elapsed=  0.1m eta=  1.2m fin~19:46 model_complete
  [S03a] LinearRegression Machine learning job 258/3178 (  8.1%) win=7/12 elapsed=  0.1m eta=  1.2m fin~19:46 model_complete
  [S03a] ARIMA_Fixed      Statistical      job 259/3178 (  8.1%) win=7/12 elapsed=  0.1m eta=  1.2m fin~19:46 model_complete
  [S03a] ETS_Current      Statistical      job 259/3178 (  8.1%) win=7/12 elapsed=  0.1m eta=  1.2m fin~19:46 model_complete
  [S03a] FixedGrowth_1_5  Growth baseline  job 259/3178 (  8.1%) win=7/12 elapsed=  0.1m eta=  1.2m fin~19:46 model_complete
  [S03a] FixedGrowth_3    Growth baseline  job 259/3178 (  8.1%) win=7/12 elapsed=  0.1m eta=  1.2m fin~19:46 model_complete
  [S03a] FixedGrowth_4    Growth baseline  job 259/3178 (  8.1%) win=7/12 elapsed=  0.1m eta=  1.2m fin~19:46 model_complete
  [S03a] FixedGrowth_6    Growth baseline  job 259/3178 (  8.1%) win=7/12 elapsed=  0.1m eta=  1.2m fin~19:46 model_complete
  [S03a] LinearRegression Machine learning job 259/3178 (  8.1%) win=8/12 elapsed=  0.1m eta=  1.2m fin~19:46 model_complete
  [S03a] ARIMA_Fixed      Statistical      job 260/3178 (  8.2%) win=8/12 elapsed=  0.1m eta=  1.1m fin~19:46 model_complete
  [S03a] ETS_Current      Statistical      job 260/3178 (  8.2%) win=8/12 elapsed=  0.1m eta=  1.1m fin~19:46 model_complete
  [S03a] FixedGrowth_1_5  Growth baseline  job 260/3178 (  8.2%) win=8/12 elapsed=  0.1m eta=  1.2m fin~19:46 model_complete
  [S03a] FixedGrowth_3    Growth baseline  job 260/3178 (  8.2%) win=8/12 elapsed=  0.1m eta=  1.2m fin~19:46 model_complete
  [S03a] FixedGrowth_4    Growth baseline  job 260/3178 (  8.2%) win=8/12 elapsed=  0.1m eta=  1.2m fin~19:46 model_complete
  [S03a] FixedGrowth_6    Growth baseline  job 260/3178 (  8.2%) win=8/12 elapsed=  0.1m eta=  1.2m fin~19:46 model_complete
  [S03a] LinearRegression Machine learning job 260/3178 (  8.2%) win=9/12 elapsed=  0.1m eta=  1.2m fin~19:46 model_complete
  [S03a] ARIMA_Fixed      Statistical      job 261/3178 (  8.2%) win=9/12 elapsed=  0.1m eta=  1.1m fin~19:46 model_complete
  [S03a] ETS_Current      Statistical      job 261/3178 (  8.2%) win=9/12 elapsed=  0.1m eta=  1.1m fin~19:46 model_complete
  [S03a] FixedGrowth_1_5  Growth baseline  job 261/3178 (  8.2%) win=9/12 elapsed=  0.1m eta=  1.1m fin~19:46 model_complete
  [S03a] FixedGrowth_3    Growth baseline  job 261/3178 (  8.2%) win=9/12 elapsed=  0.1m eta=  1.1m fin~19:46 model_complete
  [S03a] FixedGrowth_4    Growth baseline  job 1825/3178 ( 57.4%) win=9/12 elapsed=  0.1m eta=  0.1m fin~19:45 running
  [S03a] FixedGrowth_4    Growth baseline  job 261/3178 (  8.2%) win=9/12 elapsed=  0.1m eta=  1.1m fin~19:46 model_complete
  [S03a] FixedGrowth_6    Growth baseline  job 261/3178 (  8.2%) win=9/12 elapsed=  0.1m eta=  1.1m fin~19:46 model_complete
  [S03a] LinearRegression Machine learning job 261/3178 (  8.2%) win=10/12 elapsed=  0.1m eta=  1.2m fin~19:46 model_complete
  [S03a] ARIMA_Fixed      Statistical      job 262/3178 (  8.2%) win=10/12 elapsed=  0.1m eta=  1.1m fin~19:46 model_complete
  [S03a] ETS_Current      Statistical      job 262/3178 (  8.2%) win=10/12 elapsed=  0.1m eta=  1.1m fin~19:46 model_complete
  [S03a] FixedGrowth_1_5  Growth baseline  job 262/3178 (  8.2%) win=10/12 elapsed=  0.1m eta=  1.1m fin~19:46 model_complete
  [S03a] FixedGrowth_3    Growth baseline  job 262/3178 (  8.2%) win=10/12 elapsed=  0.1m eta=  1.1m fin~19:46 model_complete
  [S03a] FixedGrowth_4    Growth baseline  job 262/3178 (  8.2%) win=10/12 elapsed=  0.1m eta=  1.1m fin~19:46 model_complete
  [S03a] FixedGrowth_6    Growth baseline  job 262/3178 (  8.2%) win=10/12 elapsed=  0.1m eta=  1.1m fin~19:46 model_complete
  [S03a] LinearRegression Machine learning job 262/3178 (  8.2%) win=11/12 elapsed=  0.1m eta=  1.1m fin~19:46 model_complete
  [S03a] ARIMA_Fixed      Statistical      job 263/3178 (  8.3%) win=11/12 elapsed=  0.1m eta=  1.1m fin~19:46 model_complete
  [S03a] ETS_Current      Statistical      job 263/3178 (  8.3%) win=11/12 elapsed=  0.1m eta=  1.1m fin~19:46 model_complete
  [S03a] FixedGrowth_1_5  Growth baseline  job 263/3178 (  8.3%) win=11/12 elapsed=  0.1m eta=  1.1m fin~19:46 model_complete
  [S03a] FixedGrowth_3    Growth baseline  job 263/3178 (  8.3%) win=11/12 elapsed=  0.1m eta=  1.1m fin~19:46 model_complete
  [S03a] FixedGrowth_4    Growth baseline  job 263/3178 (  8.3%) win=11/12 elapsed=  0.1m eta=  1.1m fin~19:46 model_complete
  [S03a] FixedGrowth_6    Growth baseline  job 263/3178 (  8.3%) win=11/12 elapsed=  0.1m eta=  1.1m fin~19:46 model_complete
  [S03a] LinearRegression Machine learning job 263/3178 (  8.3%) win=12/12 elapsed=  0.1m eta=  1.1m fin~19:46 model_complete
  [S03a] ARIMA_Fixed      Statistical      job 264/3178 (  8.3%) win=12/12 elapsed=  0.1m eta=  1.1m fin~19:46 model_complete
  [S03a] ETS_Current      Statistical      job 264/3178 (  8.3%) win=12/12 elapsed=  0.1m eta=  1.1m fin~19:46 model_complete
  [S03a] FixedGrowth_1_5  Growth baseline  job 264/3178 (  8.3%) win=12/12 elapsed=  0.1m eta=  1.1m fin~19:46 model_complete
  [S03a] FixedGrowth_3    Growth baseline  job 264/3178 (  8.3%) win=12/12 elapsed=  0.1m eta=  1.1m fin~19:46 model_complete
  [S03a] FixedGrowth_4    Growth baseline  job 264/3178 (  8.3%) win=12/12 elapsed=  0.1m eta=  1.1m fin~19:46 model_complete
  [S03a] FixedGrowth_6    Growth baseline  job 264/3178 (  8.3%) win=12/12 elapsed=  0.1m eta=  1.1m fin~19:46 model_complete
  [S03a] LinearRegression Machine learning job 264/3178 (  8.3%) win=1/12 elapsed=  0.1m eta=  1.1m fin~19:46 model_complete
  [S03a] ARIMA_Fixed      Statistical      job 265/3178 (  8.3%) win=1/12 elapsed=  0.1m eta=  1.1m fin~19:46 model_complete
  [S03a] ETS_Current      Statistical      job 1850/3178 ( 58.2%) win=1/12 elapsed=  0.1m eta=  0.1m fin~19:45 running
  [S03a] ETS_Current      Statistical      job 265/3178 (  8.3%) win=1/12 elapsed=  0.1m eta=  1.1m fin~19:46 model_complete
  [S03a] FixedGrowth_1_5  Growth baseline  job 265/3178 (  8.3%) win=1/12 elapsed=  0.1m eta=  1.1m fin~19:46 model_complete
  [S03a] FixedGrowth_3    Growth baseline  job 265/3178 (  8.3%) win=1/12 elapsed=  0.1m eta=  1.1m fin~19:46 model_complete
  [S03a] FixedGrowth_4    Growth baseline  job 265/3178 (  8.3%) win=1/12 elapsed=  0.1m eta=  1.1m fin~19:46 model_complete
  [S03a] FixedGrowth_6    Growth baseline  job 265/3178 (  8.3%) win=1/12 elapsed=  0.1m eta=  1.1m fin~19:46 model_complete
  [S03a] LinearRegression Machine learning job 265/3178 (  8.3%) win=2/12 elapsed=  0.1m eta=  1.1m fin~19:46 model_complete
  [S03a] ARIMA_Fixed      Statistical      job 266/3178 (  8.4%) win=2/12 elapsed=  0.1m eta=  1.1m fin~19:46 model_complete
  [S03a] ETS_Current      Statistical      job 266/3178 (  8.4%) win=2/12 elapsed=  0.1m eta=  1.1m fin~19:46 model_complete
  [S03a] FixedGrowth_1_5  Growth baseline  job 266/3178 (  8.4%) win=2/12 elapsed=  0.1m eta=  1.1m fin~19:46 model_complete
  [S03a] FixedGrowth_3    Growth baseline  job 266/3178 (  8.4%) win=2/12 elapsed=  0.1m eta=  1.1m fin~19:46 model_complete
  [S03a] FixedGrowth_4    Growth baseline  job 266/3178 (  8.4%) win=2/12 elapsed=  0.1m eta=  1.1m fin~19:46 model_complete
  [S03a] FixedGrowth_6    Growth baseline  job 266/3178 (  8.4%) win=2/12 elapsed=  0.1m eta=  1.1m fin~19:46 model_complete
  [S03a] LinearRegression Machine learning job 266/3178 (  8.4%) win=3/12 elapsed=  0.1m eta=  1.1m fin~19:46 model_complete
  [S03a] ARIMA_Fixed      Statistical      job 267/3178 (  8.4%) win=3/12 elapsed=  0.1m eta=  1.1m fin~19:46 model_complete
  [S03a] ETS_Current      Statistical      job 267/3178 (  8.4%) win=3/12 elapsed=  0.1m eta=  1.1m fin~19:46 model_complete
  [S03a] FixedGrowth_1_5  Growth baseline  job 267/3178 (  8.4%) win=3/12 elapsed=  0.1m eta=  1.1m fin~19:46 model_complete
  [S03a] FixedGrowth_3    Growth baseline  job 267/3178 (  8.4%) win=3/12 elapsed=  0.1m eta=  1.1m fin~19:46 model_complete
  [S03a] FixedGrowth_4    Growth baseline  job 267/3178 (  8.4%) win=3/12 elapsed=  0.1m eta=  1.1m fin~19:46 model_complete
  [S03a] FixedGrowth_6    Growth baseline  job 267/3178 (  8.4%) win=3/12 elapsed=  0.1m eta=  1.1m fin~19:46 model_complete
  [S03a] LinearRegression Machine learning job 267/3178 (  8.4%) win=4/12 elapsed=  0.1m eta=  1.1m fin~19:46 model_complete
  [S03a] ARIMA_Fixed      Statistical      job 268/3178 (  8.4%) win=4/12 elapsed=  0.1m eta=  1.1m fin~19:46 model_complete
  [S03a] ETS_Current      Statistical      job 268/3178 (  8.4%) win=4/12 elapsed=  0.1m eta=  1.1m fin~19:46 model_complete
  [S03a] FixedGrowth_1_5  Growth baseline  job 268/3178 (  8.4%) win=4/12 elapsed=  0.1m eta=  1.1m fin~19:46 model_complete
  [S03a] FixedGrowth_3    Growth baseline  job 268/3178 (  8.4%) win=4/12 elapsed=  0.1m eta=  1.1m fin~19:46 model_complete
  [S03a] FixedGrowth_4    Growth baseline  job 268/3178 (  8.4%) win=4/12 elapsed=  0.1m eta=  1.1m fin~19:46 model_complete
  [S03a] FixedGrowth_6    Growth baseline  job 1875/3178 ( 59.0%) win=4/12 elapsed=  0.1m eta=  0.1m fin~19:45 running
  [S03a] FixedGrowth_6    Growth baseline  job 268/3178 (  8.4%) win=4/12 elapsed=  0.1m eta=  1.1m fin~19:46 model_complete
  [S03a] LinearRegression Machine learning job 268/3178 (  8.4%) win=5/12 elapsed=  0.1m eta=  1.1m fin~19:46 model_complete
  [S03a] ARIMA_Fixed      Statistical      job 269/3178 (  8.5%) win=5/12 elapsed=  0.1m eta=  1.1m fin~19:46 model_complete
  [S03a] ETS_Current      Statistical      job 269/3178 (  8.5%) win=5/12 elapsed=  0.1m eta=  1.1m fin~19:46 model_complete
  [S03a] FixedGrowth_1_5  Growth baseline  job 269/3178 (  8.5%) win=5/12 elapsed=  0.1m eta=  1.1m fin~19:46 model_complete
  [S03a] FixedGrowth_3    Growth baseline  job 269/3178 (  8.5%) win=5/12 elapsed=  0.1m eta=  1.1m fin~19:46 model_complete
  [S03a] FixedGrowth_4    Growth baseline  job 269/3178 (  8.5%) win=5/12 elapsed=  0.1m eta=  1.1m fin~19:46 model_complete
  [S03a] FixedGrowth_6    Growth baseline  job 269/3178 (  8.5%) win=5/12 elapsed=  0.1m eta=  1.1m fin~19:46 model_complete
  [S03a] LinearRegression Machine learning job 269/3178 (  8.5%) win=6/12 elapsed=  0.1m eta=  1.1m fin~19:46 model_complete
  [S03a] ARIMA_Fixed      Statistical      job 270/3178 (  8.5%) win=6/12 elapsed=  0.1m eta=  1.1m fin~19:46 model_complete
  [S03a] ETS_Current      Statistical      job 270/3178 (  8.5%) win=6/12 elapsed=  0.1m eta=  1.1m fin~19:46 model_complete
  [S03a] FixedGrowth_1_5  Growth baseline  job 270/3178 (  8.5%) win=6/12 elapsed=  0.1m eta=  1.1m fin~19:46 model_complete
  [S03a] FixedGrowth_3    Growth baseline  job 270/3178 (  8.5%) win=6/12 elapsed=  0.1m eta=  1.1m fin~19:46 model_complete
  [S03a] FixedGrowth_4    Growth baseline  job 270/3178 (  8.5%) win=6/12 elapsed=  0.1m eta=  1.1m fin~19:46 model_complete
  [S03a] FixedGrowth_6    Growth baseline  job 270/3178 (  8.5%) win=6/12 elapsed=  0.1m eta=  1.1m fin~19:46 model_complete
  [S03a] LinearRegression Machine learning job 270/3178 (  8.5%) win=7/12 elapsed=  0.1m eta=  1.1m fin~19:46 model_complete
  [S03a] ARIMA_Fixed      Statistical      job 271/3178 (  8.5%) win=7/12 elapsed=  0.1m eta=  1.1m fin~19:46 model_complete
  [S03a] ETS_Current      Statistical      job 271/3178 (  8.5%) win=7/12 elapsed=  0.1m eta=  1.1m fin~19:46 model_complete
  [S03a] FixedGrowth_1_5  Growth baseline  job 271/3178 (  8.5%) win=7/12 elapsed=  0.1m eta=  1.1m fin~19:46 model_complete
  [S03a] FixedGrowth_3    Growth baseline  job 271/3178 (  8.5%) win=7/12 elapsed=  0.1m eta=  1.1m fin~19:46 model_complete
  [S03a] FixedGrowth_4    Growth baseline  job 271/3178 (  8.5%) win=7/12 elapsed=  0.1m eta=  1.1m fin~19:46 model_complete
  [S03a] FixedGrowth_6    Growth baseline  job 271/3178 (  8.5%) win=7/12 elapsed=  0.1m eta=  1.1m fin~19:46 model_complete
  [S03a] LinearRegression Machine learning job 271/3178 (  8.5%) win=8/12 elapsed=  0.1m eta=  1.1m fin~19:46 model_complete
  [S03a] ARIMA_Fixed      Statistical      job 272/3178 (  8.6%) win=8/12 elapsed=  0.1m eta=  1.1m fin~19:46 model_complete
  [S03a] ETS_Current      Statistical      job 272/3178 (  8.6%) win=8/12 elapsed=  0.1m eta=  1.1m fin~19:46 model_complete
  [S03a] FixedGrowth_1_5  Growth baseline  job 1900/3178 ( 59.8%) win=8/12 elapsed=  0.1m eta=  0.1m fin~19:45 running
  [S03a] FixedGrowth_1_5  Growth baseline  job 272/3178 (  8.6%) win=8/12 elapsed=  0.1m eta=  1.1m fin~19:46 model_complete
  [S03a] FixedGrowth_3    Growth baseline  job 272/3178 (  8.6%) win=8/12 elapsed=  0.1m eta=  1.1m fin~19:46 model_complete
  [S03a] FixedGrowth_4    Growth baseline  job 272/3178 (  8.6%) win=8/12 elapsed=  0.1m eta=  1.1m fin~19:46 model_complete
  [S03a] FixedGrowth_6    Growth baseline  job 272/3178 (  8.6%) win=8/12 elapsed=  0.1m eta=  1.1m fin~19:46 model_complete
  [S03a] LinearRegression Machine learning job 272/3178 (  8.6%) win=9/12 elapsed=  0.1m eta=  1.1m fin~19:46 model_complete
  [S03a] ARIMA_Fixed      Statistical      job 273/3178 (  8.6%) win=9/12 elapsed=  0.1m eta=  1.1m fin~19:46 model_complete
  [S03a] ETS_Current      Statistical      job 273/3178 (  8.6%) win=9/12 elapsed=  0.1m eta=  1.1m fin~19:46 model_complete
  [S03a] FixedGrowth_1_5  Growth baseline  job 273/3178 (  8.6%) win=9/12 elapsed=  0.1m eta=  1.1m fin~19:46 model_complete
  [S03a] FixedGrowth_3    Growth baseline  job 273/3178 (  8.6%) win=9/12 elapsed=  0.1m eta=  1.1m fin~19:46 model_complete
  [S03a] FixedGrowth_4    Growth baseline  job 273/3178 (  8.6%) win=9/12 elapsed=  0.1m eta=  1.1m fin~19:46 model_complete
  [S03a] FixedGrowth_6    Growth baseline  job 273/3178 (  8.6%) win=9/12 elapsed=  0.1m eta=  1.1m fin~19:46 model_complete
  [S03a] LinearRegression Machine learning job 273/3178 (  8.6%) win=10/12 elapsed=  0.1m eta=  1.1m fin~19:46 model_complete
  [S03a] ARIMA_Fixed      Statistical      job 274/3178 (  8.6%) win=10/12 elapsed=  0.1m eta=  1.1m fin~19:46 model_complete
  [S03a] ETS_Current      Statistical      job 274/3178 (  8.6%) win=10/12 elapsed=  0.1m eta=  1.1m fin~19:46 model_complete
  [S03a] FixedGrowth_1_5  Growth baseline  job 274/3178 (  8.6%) win=10/12 elapsed=  0.1m eta=  1.1m fin~19:46 model_complete
  [S03a] FixedGrowth_3    Growth baseline  job 274/3178 (  8.6%) win=10/12 elapsed=  0.1m eta=  1.1m fin~19:46 model_complete
  [S03a] FixedGrowth_4    Growth baseline  job 274/3178 (  8.6%) win=10/12 elapsed=  0.1m eta=  1.1m fin~19:46 model_complete
  [S03a] FixedGrowth_6    Growth baseline  job 274/3178 (  8.6%) win=10/12 elapsed=  0.1m eta=  1.1m fin~19:46 model_complete
  [S03a] LinearRegression Machine learning job 274/3178 (  8.6%) win=11/12 elapsed=  0.1m eta=  1.1m fin~19:46 model_complete
  [S03a] ARIMA_Fixed      Statistical      job 275/3178 (  8.7%) win=11/12 elapsed=  0.1m eta=  1.1m fin~19:46 model_complete
  [S03a] ETS_Current      Statistical      job 275/3178 (  8.7%) win=11/12 elapsed=  0.1m eta=  1.1m fin~19:46 model_complete
  [S03a] FixedGrowth_1_5  Growth baseline  job 275/3178 (  8.7%) win=11/12 elapsed=  0.1m eta=  1.1m fin~19:46 model_complete
  [S03a] FixedGrowth_3    Growth baseline  job 275/3178 (  8.7%) win=11/12 elapsed=  0.1m eta=  1.1m fin~19:46 model_complete
  [S03a] FixedGrowth_4    Growth baseline  job 275/3178 (  8.7%) win=11/12 elapsed=  0.1m eta=  1.1m fin~19:46 model_complete
  [S03a] FixedGrowth_6    Growth baseline  job 275/3178 (  8.7%) win=11/12 elapsed=  0.1m eta=  1.1m fin~19:46 model_complete
  [S03a] LinearRegression Machine learning job 1925/3178 ( 60.6%) win=11/12 elapsed=  0.1m eta=  0.1m fin~19:45 running
  [S03a] LinearRegression Machine learning job 275/3178 (  8.7%) win=12/12 elapsed=  0.1m eta=  1.1m fin~19:46 model_complete
  [S03a] ARIMA_Fixed      Statistical      job 276/3178 (  8.7%) win=12/12 elapsed=  0.1m eta=  1.1m fin~19:46 model_complete
  [S03a] ETS_Current      Statistical      job 276/3178 (  8.7%) win=12/12 elapsed=  0.1m eta=  1.1m fin~19:46 model_complete
  [S03a] FixedGrowth_1_5  Growth baseline  job 276/3178 (  8.7%) win=12/12 elapsed=  0.1m eta=  1.1m fin~19:46 model_complete
  [S03a] FixedGrowth_3    Growth baseline  job 276/3178 (  8.7%) win=12/12 elapsed=  0.1m eta=  1.1m fin~19:46 model_complete
  [S03a] FixedGrowth_4    Growth baseline  job 276/3178 (  8.7%) win=12/12 elapsed=  0.1m eta=  1.1m fin~19:46 model_complete
  [S03a] FixedGrowth_6    Growth baseline  job 276/3178 (  8.7%) win=12/12 elapsed=  0.1m eta=  1.1m fin~19:46 model_complete
  [S03a] LinearRegression Machine learning job 276/3178 (  8.7%) win=1/12 elapsed=  0.1m eta=  1.1m fin~19:46 model_complete
  [S03a] ARIMA_Fixed      Statistical      job 277/3178 (  8.7%) win=1/12 elapsed=  0.1m eta=  1.1m fin~19:46 model_complete
  [S03a] ETS_Current      Statistical      job 277/3178 (  8.7%) win=1/12 elapsed=  0.1m eta=  1.1m fin~19:46 model_complete
  [S03a] FixedGrowth_1_5  Growth baseline  job 277/3178 (  8.7%) win=1/12 elapsed=  0.1m eta=  1.1m fin~19:46 model_complete
  [S03a] FixedGrowth_3    Growth baseline  job 277/3178 (  8.7%) win=1/12 elapsed=  0.1m eta=  1.1m fin~19:46 model_complete
  [S03a] FixedGrowth_4    Growth baseline  job 277/3178 (  8.7%) win=1/12 elapsed=  0.1m eta=  1.1m fin~19:46 model_complete
  [S03a] FixedGrowth_6    Growth baseline  job 277/3178 (  8.7%) win=1/12 elapsed=  0.1m eta=  1.1m fin~19:46 model_complete
  [S03a] LinearRegression Machine learning job 277/3178 (  8.7%) win=2/12 elapsed=  0.1m eta=  1.1m fin~19:46 model_complete
  [S03a] ARIMA_Fixed      Statistical      job 278/3178 (  8.7%) win=2/12 elapsed=  0.1m eta=  1.1m fin~19:46 model_complete
  [S03a] ETS_Current      Statistical      job 278/3178 (  8.7%) win=2/12 elapsed=  0.1m eta=  1.1m fin~19:46 model_complete
  [S03a] FixedGrowth_1_5  Growth baseline  job 278/3178 (  8.7%) win=2/12 elapsed=  0.1m eta=  1.1m fin~19:46 model_complete
  [S03a] FixedGrowth_3    Growth baseline  job 278/3178 (  8.7%) win=2/12 elapsed=  0.1m eta=  1.1m fin~19:46 model_complete
  [S03a] FixedGrowth_4    Growth baseline  job 278/3178 (  8.7%) win=2/12 elapsed=  0.1m eta=  1.1m fin~19:46 model_complete
  [S03a] FixedGrowth_6    Growth baseline  job 278/3178 (  8.7%) win=2/12 elapsed=  0.1m eta=  1.1m fin~19:46 model_complete
  [S03a] LinearRegression Machine learning job 278/3178 (  8.7%) win=3/12 elapsed=  0.1m eta=  1.1m fin~19:46 model_complete
  [S03a] ARIMA_Fixed      Statistical      job 279/3178 (  8.8%) win=3/12 elapsed=  0.1m eta=  1.1m fin~19:46 model_complete
  [S03a] ETS_Current      Statistical      job 279/3178 (  8.8%) win=3/12 elapsed=  0.1m eta=  1.1m fin~19:46 model_complete
  [S03a] FixedGrowth_1_5  Growth baseline  job 279/3178 (  8.8%) win=3/12 elapsed=  0.1m eta=  1.1m fin~19:46 model_complete
  [S03a] FixedGrowth_3    Growth baseline  job 1950/3178 ( 61.4%) win=3/12 elapsed=  0.1m eta=  0.1m fin~19:45 running
  [S03a] FixedGrowth_3    Growth baseline  job 279/3178 (  8.8%) win=3/12 elapsed=  0.1m eta=  1.1m fin~19:46 model_complete
  [S03a] FixedGrowth_4    Growth baseline  job 279/3178 (  8.8%) win=3/12 elapsed=  0.1m eta=  1.1m fin~19:46 model_complete
  [S03a] FixedGrowth_6    Growth baseline  job 279/3178 (  8.8%) win=3/12 elapsed=  0.1m eta=  1.1m fin~19:46 model_complete
  [S03a] LinearRegression Machine learning job 279/3178 (  8.8%) win=4/12 elapsed=  0.1m eta=  1.1m fin~19:46 model_complete
  [S03a] ARIMA_Fixed      Statistical      job 280/3178 (  8.8%) win=4/12 elapsed=  0.1m eta=  1.1m fin~19:46 model_complete
  [S03a] ETS_Current      Statistical      job 280/3178 (  8.8%) win=4/12 elapsed=  0.1m eta=  1.1m fin~19:46 model_complete
  [S03a] FixedGrowth_1_5  Growth baseline  job 280/3178 (  8.8%) win=4/12 elapsed=  0.1m eta=  1.1m fin~19:46 model_complete
  [S03a] FixedGrowth_3    Growth baseline  job 280/3178 (  8.8%) win=4/12 elapsed=  0.1m eta=  1.1m fin~19:46 model_complete
  [S03a] FixedGrowth_4    Growth baseline  job 280/3178 (  8.8%) win=4/12 elapsed=  0.1m eta=  1.1m fin~19:46 model_complete
  [S03a] FixedGrowth_6    Growth baseline  job 280/3178 (  8.8%) win=4/12 elapsed=  0.1m eta=  1.1m fin~19:46 model_complete
  [S03a] LinearRegression Machine learning job 280/3178 (  8.8%) win=5/12 elapsed=  0.1m eta=  1.1m fin~19:46 model_complete
  [S03a] ARIMA_Fixed      Statistical      job 281/3178 (  8.8%) win=5/12 elapsed=  0.1m eta=  1.1m fin~19:46 model_complete
  [S03a] ETS_Current      Statistical      job 281/3178 (  8.8%) win=5/12 elapsed=  0.1m eta=  1.1m fin~19:46 model_complete
  [S03a] FixedGrowth_1_5  Growth baseline  job 281/3178 (  8.8%) win=5/12 elapsed=  0.1m eta=  1.1m fin~19:46 model_complete
  [S03a] FixedGrowth_3    Growth baseline  job 281/3178 (  8.8%) win=5/12 elapsed=  0.1m eta=  1.1m fin~19:46 model_complete
  [S03a] FixedGrowth_4    Growth baseline  job 281/3178 (  8.8%) win=5/12 elapsed=  0.1m eta=  1.1m fin~19:46 model_complete
  [S03a] FixedGrowth_6    Growth baseline  job 281/3178 (  8.8%) win=5/12 elapsed=  0.1m eta=  1.1m fin~19:46 model_complete
  [S03a] LinearRegression Machine learning job 281/3178 (  8.8%) win=6/12 elapsed=  0.1m eta=  1.1m fin~19:46 model_complete
  [S03a] ARIMA_Fixed      Statistical      job 282/3178 (  8.9%) win=6/12 elapsed=  0.1m eta=  1.1m fin~19:46 model_complete
  [S03a] ETS_Current      Statistical      job 282/3178 (  8.9%) win=6/12 elapsed=  0.1m eta=  1.1m fin~19:46 model_complete
  [S03a] FixedGrowth_1_5  Growth baseline  job 282/3178 (  8.9%) win=6/12 elapsed=  0.1m eta=  1.1m fin~19:46 model_complete
  [S03a] FixedGrowth_3    Growth baseline  job 282/3178 (  8.9%) win=6/12 elapsed=  0.1m eta=  1.1m fin~19:46 model_complete
  [S03a] FixedGrowth_4    Growth baseline  job 282/3178 (  8.9%) win=6/12 elapsed=  0.1m eta=  1.1m fin~19:46 model_complete
  [S03a] FixedGrowth_6    Growth baseline  job 282/3178 (  8.9%) win=6/12 elapsed=  0.1m eta=  1.1m fin~19:46 model_complete
  [S03a] LinearRegression Machine learning job 282/3178 (  8.9%) win=7/12 elapsed=  0.1m eta=  1.1m fin~19:46 model_complete
  [S03a] ARIMA_Fixed      Statistical      job 1975/3178 ( 62.1%) win=7/12 elapsed=  0.1m eta=  0.1m fin~19:45 running
  [S03a] ARIMA_Fixed      Statistical      job 283/3178 (  8.9%) win=7/12 elapsed=  0.1m eta=  1.1m fin~19:46 model_complete
  [S03a] ETS_Current      Statistical      job 283/3178 (  8.9%) win=7/12 elapsed=  0.1m eta=  1.1m fin~19:46 model_complete
  [S03a] FixedGrowth_1_5  Growth baseline  job 283/3178 (  8.9%) win=7/12 elapsed=  0.1m eta=  1.1m fin~19:46 model_complete
  [S03a] FixedGrowth_3    Growth baseline  job 283/3178 (  8.9%) win=7/12 elapsed=  0.1m eta=  1.1m fin~19:46 model_complete
  [S03a] FixedGrowth_4    Growth baseline  job 283/3178 (  8.9%) win=7/12 elapsed=  0.1m eta=  1.1m fin~19:46 model_complete
  [S03a] FixedGrowth_6    Growth baseline  job 283/3178 (  8.9%) win=7/12 elapsed=  0.1m eta=  1.1m fin~19:46 model_complete
  [S03a] LinearRegression Machine learning job 283/3178 (  8.9%) win=8/12 elapsed=  0.1m eta=  1.1m fin~19:46 model_complete
  [S03a] ARIMA_Fixed      Statistical      job 284/3178 (  8.9%) win=8/12 elapsed=  0.1m eta=  1.1m fin~19:46 model_complete
  [S03a] ETS_Current      Statistical      job 284/3178 (  8.9%) win=8/12 elapsed=  0.1m eta=  1.1m fin~19:46 model_complete
  [S03a] FixedGrowth_1_5  Growth baseline  job 284/3178 (  8.9%) win=8/12 elapsed=  0.1m eta=  1.1m fin~19:46 model_complete
  [S03a] FixedGrowth_3    Growth baseline  job 284/3178 (  8.9%) win=8/12 elapsed=  0.1m eta=  1.1m fin~19:46 model_complete
  [S03a] FixedGrowth_4    Growth baseline  job 284/3178 (  8.9%) win=8/12 elapsed=  0.1m eta=  1.1m fin~19:46 model_complete
  [S03a] FixedGrowth_6    Growth baseline  job 284/3178 (  8.9%) win=8/12 elapsed=  0.1m eta=  1.1m fin~19:46 model_complete
  [S03a] LinearRegression Machine learning job 284/3178 (  8.9%) win=9/12 elapsed=  0.1m eta=  1.1m fin~19:46 model_complete
  [S03a] ARIMA_Fixed      Statistical      job 285/3178 (  9.0%) win=9/12 elapsed=  0.1m eta=  1.1m fin~19:46 model_complete
  [S03a] ETS_Current      Statistical      job 285/3178 (  9.0%) win=9/12 elapsed=  0.1m eta=  1.1m fin~19:46 model_complete
  [S03a] FixedGrowth_1_5  Growth baseline  job 285/3178 (  9.0%) win=9/12 elapsed=  0.1m eta=  1.1m fin~19:46 model_complete
  [S03a] FixedGrowth_3    Growth baseline  job 285/3178 (  9.0%) win=9/12 elapsed=  0.1m eta=  1.1m fin~19:46 model_complete
  [S03a] FixedGrowth_4    Growth baseline  job 285/3178 (  9.0%) win=9/12 elapsed=  0.1m eta=  1.1m fin~19:46 model_complete
  [S03a] FixedGrowth_6    Growth baseline  job 285/3178 (  9.0%) win=9/12 elapsed=  0.1m eta=  1.1m fin~19:46 model_complete
  [S03a] LinearRegression Machine learning job 285/3178 (  9.0%) win=10/12 elapsed=  0.1m eta=  1.1m fin~19:46 model_complete
  [S03a] ARIMA_Fixed      Statistical      job 286/3178 (  9.0%) win=10/12 elapsed=  0.1m eta=  1.1m fin~19:46 model_complete
  [S03a] ETS_Current      Statistical      job 286/3178 (  9.0%) win=10/12 elapsed=  0.1m eta=  1.1m fin~19:46 model_complete
  [S03a] FixedGrowth_1_5  Growth baseline  job 286/3178 (  9.0%) win=10/12 elapsed=  0.1m eta=  1.1m fin~19:46 model_complete
  [S03a] FixedGrowth_3    Growth baseline  job 286/3178 (  9.0%) win=10/12 elapsed=  0.1m eta=  1.1m fin~19:46 model_complete
  [S03a] FixedGrowth_4    Growth baseline  job 2000/3178 ( 62.9%) win=10/12 elapsed=  0.1m eta=  0.1m fin~19:45 running
  [S03a] FixedGrowth_4    Growth baseline  job 286/3178 (  9.0%) win=10/12 elapsed=  0.1m eta=  1.1m fin~19:46 model_complete
  [S03a] FixedGrowth_6    Growth baseline  job 286/3178 (  9.0%) win=10/12 elapsed=  0.1m eta=  1.1m fin~19:46 model_complete
  [S03a] LinearRegression Machine learning job 286/3178 (  9.0%) win=11/12 elapsed=  0.1m eta=  1.1m fin~19:46 model_complete
  [S03a] ARIMA_Fixed      Statistical      job 287/3178 (  9.0%) win=11/12 elapsed=  0.1m eta=  1.1m fin~19:46 model_complete
  [S03a] ETS_Current      Statistical      job 287/3178 (  9.0%) win=11/12 elapsed=  0.1m eta=  1.1m fin~19:46 model_complete
  [S03a] FixedGrowth_1_5  Growth baseline  job 287/3178 (  9.0%) win=11/12 elapsed=  0.1m eta=  1.1m fin~19:46 model_complete
  [S03a] FixedGrowth_3    Growth baseline  job 287/3178 (  9.0%) win=11/12 elapsed=  0.1m eta=  1.1m fin~19:46 model_complete
  [S03a] FixedGrowth_4    Growth baseline  job 287/3178 (  9.0%) win=11/12 elapsed=  0.1m eta=  1.1m fin~19:46 model_complete
  [S03a] FixedGrowth_6    Growth baseline  job 287/3178 (  9.0%) win=11/12 elapsed=  0.1m eta=  1.1m fin~19:46 model_complete
  [S03a] LinearRegression Machine learning job 287/3178 (  9.0%) win=12/12 elapsed=  0.1m eta=  1.1m fin~19:46 model_complete
  [S03a] ARIMA_Fixed      Statistical      job 288/3178 (  9.1%) win=12/12 elapsed=  0.1m eta=  1.1m fin~19:46 model_complete
  [S03a] ETS_Current      Statistical      job 288/3178 (  9.1%) win=12/12 elapsed=  0.1m eta=  1.1m fin~19:46 model_complete
  [S03a] FixedGrowth_1_5  Growth baseline  job 288/3178 (  9.1%) win=12/12 elapsed=  0.1m eta=  1.1m fin~19:46 model_complete
  [S03a] FixedGrowth_3    Growth baseline  job 288/3178 (  9.1%) win=12/12 elapsed=  0.1m eta=  1.1m fin~19:46 model_complete
  [S03a] FixedGrowth_4    Growth baseline  job 288/3178 (  9.1%) win=12/12 elapsed=  0.1m eta=  1.1m fin~19:46 model_complete
  [S03a] FixedGrowth_6    Growth baseline  job 288/3178 (  9.1%) win=12/12 elapsed=  0.1m eta=  1.1m fin~19:46 model_complete
  [S03a] LinearRegression Machine learning job 288/3178 (  9.1%) win=1/12 elapsed=  0.1m eta=  1.1m fin~19:46 model_complete
  [S03a] ARIMA_Fixed      Statistical      job 289/3178 (  9.1%) win=1/12 elapsed=  0.1m eta=  1.1m fin~19:46 model_complete
  [S03a] ETS_Current      Statistical      job 289/3178 (  9.1%) win=1/12 elapsed=  0.1m eta=  1.1m fin~19:46 model_complete
  [S03a] FixedGrowth_1_5  Growth baseline  job 289/3178 (  9.1%) win=1/12 elapsed=  0.1m eta=  1.1m fin~19:46 model_complete
  [S03a] FixedGrowth_3    Growth baseline  job 289/3178 (  9.1%) win=1/12 elapsed=  0.1m eta=  1.1m fin~19:46 model_complete
  [S03a] FixedGrowth_4    Growth baseline  job 289/3178 (  9.1%) win=1/12 elapsed=  0.1m eta=  1.1m fin~19:46 model_complete
  [S03a] FixedGrowth_6    Growth baseline  job 289/3178 (  9.1%) win=1/12 elapsed=  0.1m eta=  1.1m fin~19:46 model_complete
  [S03a] LinearRegression Machine learning job 289/3178 (  9.1%) win=2/12 elapsed=  0.1m eta=  1.1m fin~19:46 model_complete
  [S03a] ARIMA_Fixed      Statistical      job 290/3178 (  9.1%) win=2/12 elapsed=  0.1m eta=  1.1m fin~19:46 model_complete
  [S03a] ETS_Current      Statistical      job 2025/3178 ( 63.7%) win=2/12 elapsed=  0.1m eta=  0.1m fin~19:45 running
  [S03a] ETS_Current      Statistical      job 290/3178 (  9.1%) win=2/12 elapsed=  0.1m eta=  1.1m fin~19:46 model_complete
  [S03a] FixedGrowth_1_5  Growth baseline  job 290/3178 (  9.1%) win=2/12 elapsed=  0.1m eta=  1.1m fin~19:46 model_complete
  [S03a] FixedGrowth_3    Growth baseline  job 290/3178 (  9.1%) win=2/12 elapsed=  0.1m eta=  1.1m fin~19:46 model_complete
  [S03a] FixedGrowth_4    Growth baseline  job 290/3178 (  9.1%) win=2/12 elapsed=  0.1m eta=  1.1m fin~19:46 model_complete
  [S03a] FixedGrowth_6    Growth baseline  job 290/3178 (  9.1%) win=2/12 elapsed=  0.1m eta=  1.1m fin~19:46 model_complete
  [S03a] LinearRegression Machine learning job 290/3178 (  9.1%) win=3/12 elapsed=  0.1m eta=  1.1m fin~19:46 model_complete
  [S03a] ARIMA_Fixed      Statistical      job 291/3178 (  9.2%) win=3/12 elapsed=  0.1m eta=  1.1m fin~19:46 model_complete
  [S03a] ETS_Current      Statistical      job 291/3178 (  9.2%) win=3/12 elapsed=  0.1m eta=  1.1m fin~19:46 model_complete
  [S03a] FixedGrowth_1_5  Growth baseline  job 291/3178 (  9.2%) win=3/12 elapsed=  0.1m eta=  1.1m fin~19:46 model_complete
  [S03a] FixedGrowth_3    Growth baseline  job 291/3178 (  9.2%) win=3/12 elapsed=  0.1m eta=  1.1m fin~19:46 model_complete
  [S03a] FixedGrowth_4    Growth baseline  job 291/3178 (  9.2%) win=3/12 elapsed=  0.1m eta=  1.1m fin~19:46 model_complete
  [S03a] FixedGrowth_6    Growth baseline  job 291/3178 (  9.2%) win=3/12 elapsed=  0.1m eta=  1.1m fin~19:46 model_complete
  [S03a] LinearRegression Machine learning job 291/3178 (  9.2%) win=4/12 elapsed=  0.1m eta=  1.1m fin~19:46 model_complete
  [S03a] ARIMA_Fixed      Statistical      job 292/3178 (  9.2%) win=4/12 elapsed=  0.1m eta=  1.1m fin~19:46 model_complete
  [S03a] ETS_Current      Statistical      job 292/3178 (  9.2%) win=4/12 elapsed=  0.1m eta=  1.1m fin~19:46 model_complete
  [S03a] FixedGrowth_1_5  Growth baseline  job 292/3178 (  9.2%) win=4/12 elapsed=  0.1m eta=  1.1m fin~19:46 model_complete
  [S03a] FixedGrowth_3    Growth baseline  job 292/3178 (  9.2%) win=4/12 elapsed=  0.1m eta=  1.1m fin~19:46 model_complete
  [S03a] FixedGrowth_4    Growth baseline  job 292/3178 (  9.2%) win=4/12 elapsed=  0.1m eta=  1.1m fin~19:46 model_complete
  [S03a] FixedGrowth_6    Growth baseline  job 292/3178 (  9.2%) win=4/12 elapsed=  0.1m eta=  1.1m fin~19:46 model_complete
  [S03a] LinearRegression Machine learning job 292/3178 (  9.2%) win=5/12 elapsed=  0.1m eta=  1.1m fin~19:46 model_complete
  [S03a] ARIMA_Fixed      Statistical      job 293/3178 (  9.2%) win=5/12 elapsed=  0.1m eta=  1.1m fin~19:46 model_complete
  [S03a] ETS_Current      Statistical      job 293/3178 (  9.2%) win=5/12 elapsed=  0.1m eta=  1.1m fin~19:46 model_complete
  [S03a] FixedGrowth_1_5  Growth baseline  job 293/3178 (  9.2%) win=5/12 elapsed=  0.1m eta=  1.1m fin~19:46 model_complete
  [S03a] FixedGrowth_3    Growth baseline  job 293/3178 (  9.2%) win=5/12 elapsed=  0.1m eta=  1.1m fin~19:46 model_complete
  [S03a] FixedGrowth_4    Growth baseline  job 293/3178 (  9.2%) win=5/12 elapsed=  0.1m eta=  1.1m fin~19:46 model_complete
  [S03a] FixedGrowth_6    Growth baseline  job 2050/3178 ( 64.5%) win=5/12 elapsed=  0.1m eta=  0.1m fin~19:45 running
  [S03a] FixedGrowth_6    Growth baseline  job 293/3178 (  9.2%) win=5/12 elapsed=  0.1m eta=  1.1m fin~19:46 model_complete
  [S03a] LinearRegression Machine learning job 293/3178 (  9.2%) win=6/12 elapsed=  0.1m eta=  1.1m fin~19:46 model_complete
  [S03a] ARIMA_Fixed      Statistical      job 294/3178 (  9.3%) win=6/12 elapsed=  0.1m eta=  1.1m fin~19:46 model_complete
  [S03a] ETS_Current      Statistical      job 294/3178 (  9.3%) win=6/12 elapsed=  0.1m eta=  1.1m fin~19:46 model_complete
  [S03a] FixedGrowth_1_5  Growth baseline  job 294/3178 (  9.3%) win=6/12 elapsed=  0.1m eta=  1.1m fin~19:46 model_complete
  [S03a] FixedGrowth_3    Growth baseline  job 294/3178 (  9.3%) win=6/12 elapsed=  0.1m eta=  1.1m fin~19:46 model_complete
  [S03a] FixedGrowth_4    Growth baseline  job 294/3178 (  9.3%) win=6/12 elapsed=  0.1m eta=  1.1m fin~19:46 model_complete
  [S03a] FixedGrowth_6    Growth baseline  job 294/3178 (  9.3%) win=6/12 elapsed=  0.1m eta=  1.1m fin~19:46 model_complete
  [S03a] LinearRegression Machine learning job 294/3178 (  9.3%) win=7/12 elapsed=  0.1m eta=  1.1m fin~19:46 model_complete
  [S03a] ARIMA_Fixed      Statistical      job 295/3178 (  9.3%) win=7/12 elapsed=  0.1m eta=  1.1m fin~19:46 model_complete
  [S03a] ETS_Current      Statistical      job 295/3178 (  9.3%) win=7/12 elapsed=  0.1m eta=  1.1m fin~19:46 model_complete
  [S03a] FixedGrowth_1_5  Growth baseline  job 295/3178 (  9.3%) win=7/12 elapsed=  0.1m eta=  1.1m fin~19:46 model_complete
  [S03a] FixedGrowth_3    Growth baseline  job 295/3178 (  9.3%) win=7/12 elapsed=  0.1m eta=  1.1m fin~19:46 model_complete
  [S03a] FixedGrowth_4    Growth baseline  job 295/3178 (  9.3%) win=7/12 elapsed=  0.1m eta=  1.1m fin~19:46 model_complete
  [S03a] FixedGrowth_6    Growth baseline  job 295/3178 (  9.3%) win=7/12 elapsed=  0.1m eta=  1.1m fin~19:46 model_complete
  [S03a] LinearRegression Machine learning job 295/3178 (  9.3%) win=8/12 elapsed=  0.1m eta=  1.1m fin~19:46 model_complete
  [S03a] ARIMA_Fixed      Statistical      job 296/3178 (  9.3%) win=8/12 elapsed=  0.1m eta=  1.1m fin~19:46 model_complete
  [S03a] ETS_Current      Statistical      job 296/3178 (  9.3%) win=8/12 elapsed=  0.1m eta=  1.1m fin~19:46 model_complete
  [S03a] FixedGrowth_1_5  Growth baseline  job 296/3178 (  9.3%) win=8/12 elapsed=  0.1m eta=  1.1m fin~19:46 model_complete
  [S03a] FixedGrowth_3    Growth baseline  job 296/3178 (  9.3%) win=8/12 elapsed=  0.1m eta=  1.1m fin~19:46 model_complete
  [S03a] FixedGrowth_4    Growth baseline  job 296/3178 (  9.3%) win=8/12 elapsed=  0.1m eta=  1.1m fin~19:46 model_complete
  [S03a] FixedGrowth_6    Growth baseline  job 296/3178 (  9.3%) win=8/12 elapsed=  0.1m eta=  1.1m fin~19:46 model_complete
  [S03a] LinearRegression Machine learning job 296/3178 (  9.3%) win=9/12 elapsed=  0.1m eta=  1.1m fin~19:46 model_complete
  [S03a] ARIMA_Fixed      Statistical      job 297/3178 (  9.3%) win=9/12 elapsed=  0.1m eta=  1.1m fin~19:46 model_complete
  [S03a] ETS_Current      Statistical      job 297/3178 (  9.3%) win=9/12 elapsed=  0.1m eta=  1.1m fin~19:46 model_complete
  [S03a] FixedGrowth_1_5  Growth baseline  job 2075/3178 ( 65.3%) win=9/12 elapsed=  0.1m eta=  0.1m fin~19:45 running
  [S03a] FixedGrowth_1_5  Growth baseline  job 297/3178 (  9.3%) win=9/12 elapsed=  0.1m eta=  1.1m fin~19:46 model_complete
  [S03a] FixedGrowth_3    Growth baseline  job 297/3178 (  9.3%) win=9/12 elapsed=  0.1m eta=  1.1m fin~19:46 model_complete
  [S03a] FixedGrowth_4    Growth baseline  job 297/3178 (  9.3%) win=9/12 elapsed=  0.1m eta=  1.1m fin~19:46 model_complete
  [S03a] FixedGrowth_6    Growth baseline  job 297/3178 (  9.3%) win=9/12 elapsed=  0.1m eta=  1.1m fin~19:46 model_complete
  [S03a] LinearRegression Machine learning job 297/3178 (  9.3%) win=10/12 elapsed=  0.1m eta=  1.1m fin~19:46 model_complete
  [S03a] ARIMA_Fixed      Statistical      job 298/3178 (  9.4%) win=10/12 elapsed=  0.1m eta=  1.1m fin~19:46 model_complete
  [S03a] ETS_Current      Statistical      job 298/3178 (  9.4%) win=10/12 elapsed=  0.1m eta=  1.1m fin~19:46 model_complete
  [S03a] FixedGrowth_1_5  Growth baseline  job 298/3178 (  9.4%) win=10/12 elapsed=  0.1m eta=  1.1m fin~19:46 model_complete
  [S03a] FixedGrowth_3    Growth baseline  job 298/3178 (  9.4%) win=10/12 elapsed=  0.1m eta=  1.1m fin~19:46 model_complete
  [S03a] FixedGrowth_4    Growth baseline  job 298/3178 (  9.4%) win=10/12 elapsed=  0.1m eta=  1.1m fin~19:46 model_complete
  [S03a] FixedGrowth_6    Growth baseline  job 298/3178 (  9.4%) win=10/12 elapsed=  0.1m eta=  1.1m fin~19:46 model_complete
  [S03a] LinearRegression Machine learning job 298/3178 (  9.4%) win=11/12 elapsed=  0.1m eta=  1.1m fin~19:46 model_complete
  [S03a] ARIMA_Fixed      Statistical      job 299/3178 (  9.4%) win=11/12 elapsed=  0.1m eta=  1.1m fin~19:46 model_complete
  [S03a] ETS_Current      Statistical      job 299/3178 (  9.4%) win=11/12 elapsed=  0.1m eta=  1.1m fin~19:46 model_complete
  [S03a] FixedGrowth_1_5  Growth baseline  job 299/3178 (  9.4%) win=11/12 elapsed=  0.1m eta=  1.1m fin~19:46 model_complete
  [S03a] FixedGrowth_3    Growth baseline  job 299/3178 (  9.4%) win=11/12 elapsed=  0.1m eta=  1.1m fin~19:46 model_complete
  [S03a] FixedGrowth_4    Growth baseline  job 299/3178 (  9.4%) win=11/12 elapsed=  0.1m eta=  1.1m fin~19:46 model_complete
  [S03a] FixedGrowth_6    Growth baseline  job 299/3178 (  9.4%) win=11/12 elapsed=  0.1m eta=  1.1m fin~19:46 model_complete
  [S03a] LinearRegression Machine learning job 299/3178 (  9.4%) win=12/12 elapsed=  0.1m eta=  1.1m fin~19:46 model_complete
  [S03a] ARIMA_Fixed      Statistical      job 300/3178 (  9.4%) win=12/12 elapsed=  0.1m eta=  1.1m fin~19:46 model_complete
  [S03a] ETS_Current      Statistical      job 300/3178 (  9.4%) win=12/12 elapsed=  0.1m eta=  1.1m fin~19:46 model_complete
  [S03a] FixedGrowth_1_5  Growth baseline  job 300/3178 (  9.4%) win=12/12 elapsed=  0.1m eta=  1.1m fin~19:46 model_complete
  [S03a] FixedGrowth_3    Growth baseline  job 300/3178 (  9.4%) win=12/12 elapsed=  0.1m eta=  1.1m fin~19:46 model_complete
  [S03a] FixedGrowth_4    Growth baseline  job 300/3178 (  9.4%) win=12/12 elapsed=  0.1m eta=  1.1m fin~19:46 model_complete
  [S03a] FixedGrowth_6    Growth baseline  job 300/3178 (  9.4%) win=12/12 elapsed=  0.1m eta=  1.1m fin~19:46 model_complete
  [S03a] LinearRegression Machine learning job 2100/3178 ( 66.1%) win=12/12 elapsed=  0.1m eta=  0.1m fin~19:45 running
  [S03a] LinearRegression Machine learning job 300/3178 (  9.4%) win=1/12 elapsed=  0.1m eta=  1.1m fin~19:46 model_complete
  [S03a] ARIMA_Fixed      Statistical      job 301/3178 (  9.5%) win=1/12 elapsed=  0.1m eta=  1.1m fin~19:46 model_complete
  [S03a] ETS_Current      Statistical      job 301/3178 (  9.5%) win=1/12 elapsed=  0.1m eta=  1.1m fin~19:46 model_complete
  [S03a] FixedGrowth_1_5  Growth baseline  job 301/3178 (  9.5%) win=1/12 elapsed=  0.1m eta=  1.1m fin~19:46 model_complete
  [S03a] FixedGrowth_3    Growth baseline  job 301/3178 (  9.5%) win=1/12 elapsed=  0.1m eta=  1.1m fin~19:46 model_complete
  [S03a] FixedGrowth_4    Growth baseline  job 301/3178 (  9.5%) win=1/12 elapsed=  0.1m eta=  1.1m fin~19:46 model_complete
  [S03a] FixedGrowth_6    Growth baseline  job 301/3178 (  9.5%) win=1/12 elapsed=  0.1m eta=  1.1m fin~19:46 model_complete
  [S03a] LinearRegression Machine learning job 301/3178 (  9.5%) win=2/12 elapsed=  0.1m eta=  1.1m fin~19:46 model_complete
  [S03a] ARIMA_Fixed      Statistical      job 302/3178 (  9.5%) win=2/12 elapsed=  0.1m eta=  1.1m fin~19:46 model_complete
  [S03a] ETS_Current      Statistical      job 302/3178 (  9.5%) win=2/12 elapsed=  0.1m eta=  1.1m fin~19:46 model_complete
  [S03a] FixedGrowth_1_5  Growth baseline  job 302/3178 (  9.5%) win=2/12 elapsed=  0.1m eta=  1.1m fin~19:46 model_complete
  [S03a] FixedGrowth_3    Growth baseline  job 302/3178 (  9.5%) win=2/12 elapsed=  0.1m eta=  1.1m fin~19:46 model_complete
  [S03a] FixedGrowth_4    Growth baseline  job 302/3178 (  9.5%) win=2/12 elapsed=  0.1m eta=  1.1m fin~19:46 model_complete
  [S03a] FixedGrowth_6    Growth baseline  job 302/3178 (  9.5%) win=2/12 elapsed=  0.1m eta=  1.1m fin~19:46 model_complete
  [S03a] LinearRegression Machine learning job 302/3178 (  9.5%) win=3/12 elapsed=  0.1m eta=  1.1m fin~19:46 model_complete
  [S03a] ARIMA_Fixed      Statistical      job 303/3178 (  9.5%) win=3/12 elapsed=  0.1m eta=  1.1m fin~19:46 model_complete
  [S03a] ETS_Current      Statistical      job 303/3178 (  9.5%) win=3/12 elapsed=  0.1m eta=  1.1m fin~19:46 model_complete
  [S03a] FixedGrowth_1_5  Growth baseline  job 303/3178 (  9.5%) win=3/12 elapsed=  0.1m eta=  1.1m fin~19:46 model_complete
  [S03a] FixedGrowth_3    Growth baseline  job 303/3178 (  9.5%) win=3/12 elapsed=  0.1m eta=  1.1m fin~19:46 model_complete
  [S03a] FixedGrowth_4    Growth baseline  job 303/3178 (  9.5%) win=3/12 elapsed=  0.1m eta=  1.1m fin~19:46 model_complete
  [S03a] FixedGrowth_6    Growth baseline  job 303/3178 (  9.5%) win=3/12 elapsed=  0.1m eta=  1.1m fin~19:46 model_complete
  [S03a] LinearRegression Machine learning job 303/3178 (  9.5%) win=4/12 elapsed=  0.1m eta=  1.1m fin~19:46 model_complete
  [S03a] ARIMA_Fixed      Statistical      job 304/3178 (  9.6%) win=4/12 elapsed=  0.1m eta=  1.1m fin~19:46 model_complete
  [S03a] ETS_Current      Statistical      job 304/3178 (  9.6%) win=4/12 elapsed=  0.1m eta=  1.1m fin~19:46 model_complete
  [S03a] FixedGrowth_1_5  Growth baseline  job 304/3178 (  9.6%) win=4/12 elapsed=  0.1m eta=  1.1m fin~19:46 model_complete
  [S03a] FixedGrowth_3    Growth baseline  job 2125/3178 ( 66.9%) win=4/12 elapsed=  0.1m eta=  0.1m fin~19:45 running
  [S03a] FixedGrowth_3    Growth baseline  job 304/3178 (  9.6%) win=4/12 elapsed=  0.1m eta=  1.1m fin~19:46 model_complete
  [S03a] FixedGrowth_4    Growth baseline  job 304/3178 (  9.6%) win=4/12 elapsed=  0.1m eta=  1.1m fin~19:46 model_complete
  [S03a] FixedGrowth_6    Growth baseline  job 304/3178 (  9.6%) win=4/12 elapsed=  0.1m eta=  1.1m fin~19:46 model_complete
  [S03a] LinearRegression Machine learning job 304/3178 (  9.6%) win=5/12 elapsed=  0.1m eta=  1.1m fin~19:46 model_complete
  [S03a] ARIMA_Fixed      Statistical      job 305/3178 (  9.6%) win=5/12 elapsed=  0.1m eta=  1.1m fin~19:46 model_complete
  [S03a] ETS_Current      Statistical      job 305/3178 (  9.6%) win=5/12 elapsed=  0.1m eta=  1.1m fin~19:46 model_complete
  [S03a] FixedGrowth_1_5  Growth baseline  job 305/3178 (  9.6%) win=5/12 elapsed=  0.1m eta=  1.1m fin~19:46 model_complete
  [S03a] FixedGrowth_3    Growth baseline  job 305/3178 (  9.6%) win=5/12 elapsed=  0.1m eta=  1.1m fin~19:46 model_complete
  [S03a] FixedGrowth_4    Growth baseline  job 305/3178 (  9.6%) win=5/12 elapsed=  0.1m eta=  1.1m fin~19:46 model_complete
  [S03a] FixedGrowth_6    Growth baseline  job 305/3178 (  9.6%) win=5/12 elapsed=  0.1m eta=  1.1m fin~19:46 model_complete
  [S03a] LinearRegression Machine learning job 305/3178 (  9.6%) win=6/12 elapsed=  0.1m eta=  1.1m fin~19:46 model_complete
  [S03a] ARIMA_Fixed      Statistical      job 306/3178 (  9.6%) win=6/12 elapsed=  0.1m eta=  1.1m fin~19:46 model_complete
  [S03a] ETS_Current      Statistical      job 306/3178 (  9.6%) win=6/12 elapsed=  0.1m eta=  1.1m fin~19:46 model_complete
  [S03a] FixedGrowth_1_5  Growth baseline  job 306/3178 (  9.6%) win=6/12 elapsed=  0.1m eta=  1.1m fin~19:46 model_complete
  [S03a] FixedGrowth_3    Growth baseline  job 306/3178 (  9.6%) win=6/12 elapsed=  0.1m eta=  1.1m fin~19:46 model_complete
  [S03a] FixedGrowth_4    Growth baseline  job 306/3178 (  9.6%) win=6/12 elapsed=  0.1m eta=  1.1m fin~19:46 model_complete
  [S03a] FixedGrowth_6    Growth baseline  job 306/3178 (  9.6%) win=6/12 elapsed=  0.1m eta=  1.1m fin~19:46 model_complete
  [S03a] LinearRegression Machine learning job 306/3178 (  9.6%) win=7/12 elapsed=  0.1m eta=  1.1m fin~19:46 model_complete
  [S03a] ARIMA_Fixed      Statistical      job 307/3178 (  9.7%) win=7/12 elapsed=  0.1m eta=  1.1m fin~19:46 model_complete
  [S03a] ETS_Current      Statistical      job 307/3178 (  9.7%) win=7/12 elapsed=  0.1m eta=  1.1m fin~19:46 model_complete
  [S03a] FixedGrowth_1_5  Growth baseline  job 307/3178 (  9.7%) win=7/12 elapsed=  0.1m eta=  1.1m fin~19:46 model_complete
  [S03a] FixedGrowth_3    Growth baseline  job 307/3178 (  9.7%) win=7/12 elapsed=  0.1m eta=  1.1m fin~19:46 model_complete
  [S03a] FixedGrowth_4    Growth baseline  job 307/3178 (  9.7%) win=7/12 elapsed=  0.1m eta=  1.1m fin~19:46 model_complete
  [S03a] FixedGrowth_6    Growth baseline  job 307/3178 (  9.7%) win=7/12 elapsed=  0.1m eta=  1.1m fin~19:46 model_complete
  [S03a] LinearRegression Machine learning job 307/3178 (  9.7%) win=8/12 elapsed=  0.1m eta=  1.1m fin~19:46 model_complete
  [S03a] ARIMA_Fixed      Statistical      job 2150/3178 ( 67.7%) win=8/12 elapsed=  0.1m eta=  0.1m fin~19:45 running
  [S03a] ARIMA_Fixed      Statistical      job 308/3178 (  9.7%) win=8/12 elapsed=  0.1m eta=  1.1m fin~19:46 model_complete
  [S03a] ETS_Current      Statistical      job 308/3178 (  9.7%) win=8/12 elapsed=  0.1m eta=  1.1m fin~19:46 model_complete
  [S03a] FixedGrowth_1_5  Growth baseline  job 308/3178 (  9.7%) win=8/12 elapsed=  0.1m eta=  1.1m fin~19:46 model_complete
  [S03a] FixedGrowth_3    Growth baseline  job 308/3178 (  9.7%) win=8/12 elapsed=  0.1m eta=  1.1m fin~19:46 model_complete
  [S03a] FixedGrowth_4    Growth baseline  job 308/3178 (  9.7%) win=8/12 elapsed=  0.1m eta=  1.1m fin~19:46 model_complete
  [S03a] FixedGrowth_6    Growth baseline  job 308/3178 (  9.7%) win=8/12 elapsed=  0.1m eta=  1.1m fin~19:46 model_complete
  [S03a] LinearRegression Machine learning job 308/3178 (  9.7%) win=9/12 elapsed=  0.1m eta=  1.1m fin~19:46 model_complete
  [S03a] ARIMA_Fixed      Statistical      job 309/3178 (  9.7%) win=9/12 elapsed=  0.1m eta=  1.1m fin~19:46 model_complete
  [S03a] ETS_Current      Statistical      job 309/3178 (  9.7%) win=9/12 elapsed=  0.1m eta=  1.1m fin~19:46 model_complete
  [S03a] FixedGrowth_1_5  Growth baseline  job 309/3178 (  9.7%) win=9/12 elapsed=  0.1m eta=  1.1m fin~19:46 model_complete
  [S03a] FixedGrowth_3    Growth baseline  job 309/3178 (  9.7%) win=9/12 elapsed=  0.1m eta=  1.1m fin~19:46 model_complete
  [S03a] FixedGrowth_4    Growth baseline  job 309/3178 (  9.7%) win=9/12 elapsed=  0.1m eta=  1.1m fin~19:46 model_complete
  [S03a] FixedGrowth_6    Growth baseline  job 309/3178 (  9.7%) win=9/12 elapsed=  0.1m eta=  1.1m fin~19:46 model_complete
  [S03a] LinearRegression Machine learning job 309/3178 (  9.7%) win=10/12 elapsed=  0.1m eta=  1.1m fin~19:46 model_complete
  [S03a] ARIMA_Fixed      Statistical      job 310/3178 (  9.8%) win=10/12 elapsed=  0.1m eta=  1.1m fin~19:46 model_complete
  [S03a] ETS_Current      Statistical      job 310/3178 (  9.8%) win=10/12 elapsed=  0.1m eta=  1.1m fin~19:46 model_complete
  [S03a] FixedGrowth_1_5  Growth baseline  job 310/3178 (  9.8%) win=10/12 elapsed=  0.1m eta=  1.1m fin~19:46 model_complete
  [S03a] FixedGrowth_3    Growth baseline  job 310/3178 (  9.8%) win=10/12 elapsed=  0.1m eta=  1.1m fin~19:46 model_complete
  [S03a] FixedGrowth_4    Growth baseline  job 310/3178 (  9.8%) win=10/12 elapsed=  0.1m eta=  1.1m fin~19:46 model_complete
  [S03a] FixedGrowth_6    Growth baseline  job 310/3178 (  9.8%) win=10/12 elapsed=  0.1m eta=  1.1m fin~19:46 model_complete
  [S03a] LinearRegression Machine learning job 310/3178 (  9.8%) win=11/12 elapsed=  0.1m eta=  1.1m fin~19:46 model_complete
  [S03a] ARIMA_Fixed      Statistical      job 311/3178 (  9.8%) win=11/12 elapsed=  0.1m eta=  1.1m fin~19:46 model_complete
  [S03a] ETS_Current      Statistical      job 311/3178 (  9.8%) win=11/12 elapsed=  0.1m eta=  1.1m fin~19:46 model_complete
  [S03a] FixedGrowth_1_5  Growth baseline  job 311/3178 (  9.8%) win=11/12 elapsed=  0.1m eta=  1.1m fin~19:46 model_complete
  [S03a] FixedGrowth_3    Growth baseline  job 311/3178 (  9.8%) win=11/12 elapsed=  0.1m eta=  1.1m fin~19:46 model_complete
  [S03a] FixedGrowth_4    Growth baseline  job 2175/3178 ( 68.4%) win=11/12 elapsed=  0.1m eta=  0.1m fin~19:45 running
  [S03a] FixedGrowth_4    Growth baseline  job 311/3178 (  9.8%) win=11/12 elapsed=  0.1m eta=  1.1m fin~19:46 model_complete
  [S03a] FixedGrowth_6    Growth baseline  job 311/3178 (  9.8%) win=11/12 elapsed=  0.1m eta=  1.1m fin~19:46 model_complete
  [S03a] LinearRegression Machine learning job 311/3178 (  9.8%) win=12/12 elapsed=  0.1m eta=  1.1m fin~19:46 model_complete
  [S03a] ARIMA_Fixed      Statistical      job 312/3178 (  9.8%) win=12/12 elapsed=  0.1m eta=  1.1m fin~19:46 model_complete
  [S03a] ETS_Current      Statistical      job 312/3178 (  9.8%) win=12/12 elapsed=  0.1m eta=  1.1m fin~19:46 model_complete
  [S03a] FixedGrowth_1_5  Growth baseline  job 312/3178 (  9.8%) win=12/12 elapsed=  0.1m eta=  1.1m fin~19:46 model_complete
  [S03a] FixedGrowth_3    Growth baseline  job 312/3178 (  9.8%) win=12/12 elapsed=  0.1m eta=  1.1m fin~19:46 model_complete
  [S03a] FixedGrowth_4    Growth baseline  job 312/3178 (  9.8%) win=12/12 elapsed=  0.1m eta=  1.1m fin~19:46 model_complete
  [S03a] FixedGrowth_6    Growth baseline  job 312/3178 (  9.8%) win=12/12 elapsed=  0.1m eta=  1.1m fin~19:46 model_complete
  [S03a] LinearRegression Machine learning job 312/3178 (  9.8%) win=1/12 elapsed=  0.1m eta=  1.1m fin~19:46 model_complete
  [S03a] ARIMA_Fixed      Statistical      job 313/3178 (  9.8%) win=1/12 elapsed=  0.1m eta=  1.1m fin~19:46 model_complete
  [S03a] ETS_Current      Statistical      job 313/3178 (  9.8%) win=1/12 elapsed=  0.1m eta=  1.1m fin~19:46 model_complete
  [S03a] FixedGrowth_1_5  Growth baseline  job 313/3178 (  9.8%) win=1/12 elapsed=  0.1m eta=  1.1m fin~19:46 model_complete
  [S03a] FixedGrowth_3    Growth baseline  job 313/3178 (  9.8%) win=1/12 elapsed=  0.1m eta=  1.1m fin~19:46 model_complete
  [S03a] FixedGrowth_4    Growth baseline  job 313/3178 (  9.8%) win=1/12 elapsed=  0.1m eta=  1.1m fin~19:46 model_complete
  [S03a] FixedGrowth_6    Growth baseline  job 313/3178 (  9.8%) win=1/12 elapsed=  0.1m eta=  1.1m fin~19:46 model_complete
  [S03a] LinearRegression Machine learning job 313/3178 (  9.8%) win=2/12 elapsed=  0.1m eta=  1.1m fin~19:46 model_complete
  [S03a] ARIMA_Fixed      Statistical      job 314/3178 (  9.9%) win=2/12 elapsed=  0.1m eta=  1.1m fin~19:46 model_complete
  [S03a] ETS_Current      Statistical      job 314/3178 (  9.9%) win=2/12 elapsed=  0.1m eta=  1.1m fin~19:46 model_complete
  [S03a] FixedGrowth_1_5  Growth baseline  job 314/3178 (  9.9%) win=2/12 elapsed=  0.1m eta=  1.1m fin~19:46 model_complete
  [S03a] FixedGrowth_3    Growth baseline  job 314/3178 (  9.9%) win=2/12 elapsed=  0.1m eta=  1.1m fin~19:46 model_complete
  [S03a] FixedGrowth_4    Growth baseline  job 314/3178 (  9.9%) win=2/12 elapsed=  0.1m eta=  1.1m fin~19:46 model_complete
  [S03a] FixedGrowth_6    Growth baseline  job 314/3178 (  9.9%) win=2/12 elapsed=  0.1m eta=  1.1m fin~19:46 model_complete
  [S03a] LinearRegression Machine learning job 314/3178 (  9.9%) win=3/12 elapsed=  0.1m eta=  1.1m fin~19:46 model_complete
  [S03a] ARIMA_Fixed      Statistical      job 315/3178 (  9.9%) win=3/12 elapsed=  0.1m eta=  1.1m fin~19:46 model_complete
  [S03a] ETS_Current      Statistical      job 2200/3178 ( 69.2%) win=3/12 elapsed=  0.1m eta=  0.1m fin~19:45 running
  [S03a] ETS_Current      Statistical      job 315/3178 (  9.9%) win=3/12 elapsed=  0.1m eta=  1.1m fin~19:46 model_complete
  [S03a] FixedGrowth_1_5  Growth baseline  job 315/3178 (  9.9%) win=3/12 elapsed=  0.1m eta=  1.1m fin~19:46 model_complete
  [S03a] FixedGrowth_3    Growth baseline  job 315/3178 (  9.9%) win=3/12 elapsed=  0.1m eta=  1.1m fin~19:46 model_complete
  [S03a] FixedGrowth_4    Growth baseline  job 315/3178 (  9.9%) win=3/12 elapsed=  0.1m eta=  1.1m fin~19:46 model_complete
  [S03a] FixedGrowth_6    Growth baseline  job 315/3178 (  9.9%) win=3/12 elapsed=  0.1m eta=  1.1m fin~19:46 model_complete
  [S03a] LinearRegression Machine learning job 315/3178 (  9.9%) win=4/12 elapsed=  0.1m eta=  1.1m fin~19:46 model_complete
  [S03a] ARIMA_Fixed      Statistical      job 316/3178 (  9.9%) win=4/12 elapsed=  0.1m eta=  1.1m fin~19:46 model_complete
  [S03a] ETS_Current      Statistical      job 316/3178 (  9.9%) win=4/12 elapsed=  0.1m eta=  1.1m fin~19:46 model_complete
  [S03a] FixedGrowth_1_5  Growth baseline  job 316/3178 (  9.9%) win=4/12 elapsed=  0.1m eta=  1.1m fin~19:46 model_complete
  [S03a] FixedGrowth_3    Growth baseline  job 316/3178 (  9.9%) win=4/12 elapsed=  0.1m eta=  1.1m fin~19:46 model_complete
  [S03a] FixedGrowth_4    Growth baseline  job 316/3178 (  9.9%) win=4/12 elapsed=  0.1m eta=  1.1m fin~19:46 model_complete
  [S03a] FixedGrowth_6    Growth baseline  job 316/3178 (  9.9%) win=4/12 elapsed=  0.1m eta=  1.1m fin~19:46 model_complete
  [S03a] LinearRegression Machine learning job 316/3178 (  9.9%) win=5/12 elapsed=  0.1m eta=  1.1m fin~19:46 model_complete
  [S03a] ARIMA_Fixed      Statistical      job 317/3178 ( 10.0%) win=5/12 elapsed=  0.1m eta=  1.1m fin~19:46 model_complete
  [S03a] ETS_Current      Statistical      job 317/3178 ( 10.0%) win=5/12 elapsed=  0.1m eta=  1.1m fin~19:46 model_complete
  [S03a] FixedGrowth_1_5  Growth baseline  job 317/3178 ( 10.0%) win=5/12 elapsed=  0.1m eta=  1.1m fin~19:46 model_complete
  [S03a] FixedGrowth_3    Growth baseline  job 317/3178 ( 10.0%) win=5/12 elapsed=  0.1m eta=  1.1m fin~19:46 model_complete
  [S03a] FixedGrowth_4    Growth baseline  job 317/3178 ( 10.0%) win=5/12 elapsed=  0.1m eta=  1.1m fin~19:46 model_complete
  [S03a] FixedGrowth_6    Growth baseline  job 317/3178 ( 10.0%) win=5/12 elapsed=  0.1m eta=  1.1m fin~19:46 model_complete
  [S03a] LinearRegression Machine learning job 317/3178 ( 10.0%) win=6/12 elapsed=  0.1m eta=  1.1m fin~19:46 model_complete
  [S03a] ARIMA_Fixed      Statistical      job 318/3178 ( 10.0%) win=6/12 elapsed=  0.1m eta=  1.1m fin~19:46 model_complete
  [S03a] ETS_Current      Statistical      job 318/3178 ( 10.0%) win=6/12 elapsed=  0.1m eta=  1.1m fin~19:46 model_complete
  [S03a] FixedGrowth_1_5  Growth baseline  job 318/3178 ( 10.0%) win=6/12 elapsed=  0.1m eta=  1.1m fin~19:46 model_complete
  [S03a] FixedGrowth_3    Growth baseline  job 318/3178 ( 10.0%) win=6/12 elapsed=  0.1m eta=  1.1m fin~19:46 model_complete
  [S03a] FixedGrowth_4    Growth baseline  job 318/3178 ( 10.0%) win=6/12 elapsed=  0.1m eta=  1.1m fin~19:46 model_complete
  [S03a] FixedGrowth_6    Growth baseline  job 2225/3178 ( 70.0%) win=6/12 elapsed=  0.1m eta=  0.1m fin~19:45 running
  [S03a] FixedGrowth_6    Growth baseline  job 318/3178 ( 10.0%) win=6/12 elapsed=  0.1m eta=  1.1m fin~19:46 model_complete
  [S03a] LinearRegression Machine learning job 318/3178 ( 10.0%) win=7/12 elapsed=  0.1m eta=  1.1m fin~19:46 model_complete
  [S03a] ARIMA_Fixed      Statistical      job 319/3178 ( 10.0%) win=7/12 elapsed=  0.1m eta=  1.1m fin~19:46 model_complete
  [S03a] ETS_Current      Statistical      job 319/3178 ( 10.0%) win=7/12 elapsed=  0.1m eta=  1.1m fin~19:46 model_complete
  [S03a] FixedGrowth_1_5  Growth baseline  job 319/3178 ( 10.0%) win=7/12 elapsed=  0.1m eta=  1.1m fin~19:46 model_complete
  [S03a] FixedGrowth_3    Growth baseline  job 319/3178 ( 10.0%) win=7/12 elapsed=  0.1m eta=  1.1m fin~19:46 model_complete
  [S03a] FixedGrowth_4    Growth baseline  job 319/3178 ( 10.0%) win=7/12 elapsed=  0.1m eta=  1.1m fin~19:46 model_complete
  [S03a] FixedGrowth_6    Growth baseline  job 319/3178 ( 10.0%) win=7/12 elapsed=  0.1m eta=  1.1m fin~19:46 model_complete
  [S03a] LinearRegression Machine learning job 319/3178 ( 10.0%) win=8/12 elapsed=  0.1m eta=  1.1m fin~19:46 model_complete
  [S03a] ARIMA_Fixed      Statistical      job 320/3178 ( 10.1%) win=8/12 elapsed=  0.1m eta=  1.1m fin~19:46 model_complete
  [S03a] ETS_Current      Statistical      job 320/3178 ( 10.1%) win=8/12 elapsed=  0.1m eta=  1.1m fin~19:46 model_complete
  [S03a] FixedGrowth_1_5  Growth baseline  job 320/3178 ( 10.1%) win=8/12 elapsed=  0.1m eta=  1.1m fin~19:46 model_complete
  [S03a] FixedGrowth_3    Growth baseline  job 320/3178 ( 10.1%) win=8/12 elapsed=  0.1m eta=  1.1m fin~19:46 model_complete
  [S03a] FixedGrowth_4    Growth baseline  job 320/3178 ( 10.1%) win=8/12 elapsed=  0.1m eta=  1.1m fin~19:46 model_complete
  [S03a] FixedGrowth_6    Growth baseline  job 320/3178 ( 10.1%) win=8/12 elapsed=  0.1m eta=  1.1m fin~19:46 model_complete
  [S03a] LinearRegression Machine learning job 320/3178 ( 10.1%) win=9/12 elapsed=  0.1m eta=  1.1m fin~19:46 model_complete
  [S03a] ARIMA_Fixed      Statistical      job 321/3178 ( 10.1%) win=9/12 elapsed=  0.1m eta=  1.1m fin~19:46 model_complete
  [S03a] ETS_Current      Statistical      job 321/3178 ( 10.1%) win=9/12 elapsed=  0.1m eta=  1.1m fin~19:46 model_complete
  [S03a] FixedGrowth_1_5  Growth baseline  job 321/3178 ( 10.1%) win=9/12 elapsed=  0.1m eta=  1.1m fin~19:46 model_complete
  [S03a] FixedGrowth_3    Growth baseline  job 321/3178 ( 10.1%) win=9/12 elapsed=  0.1m eta=  1.1m fin~19:46 model_complete
  [S03a] FixedGrowth_4    Growth baseline  job 321/3178 ( 10.1%) win=9/12 elapsed=  0.1m eta=  1.1m fin~19:46 model_complete
  [S03a] FixedGrowth_6    Growth baseline  job 321/3178 ( 10.1%) win=9/12 elapsed=  0.1m eta=  1.1m fin~19:46 model_complete
  [S03a] LinearRegression Machine learning job 321/3178 ( 10.1%) win=10/12 elapsed=  0.1m eta=  1.1m fin~19:46 model_complete
  [S03a] ARIMA_Fixed      Statistical      job 322/3178 ( 10.1%) win=10/12 elapsed=  0.1m eta=  1.1m fin~19:46 model_complete
  [S03a] ETS_Current      Statistical      job 322/3178 ( 10.1%) win=10/12 elapsed=  0.1m eta=  1.1m fin~19:46 model_complete
  [S03a] FixedGrowth_1_5  Growth baseline  job 2250/3178 ( 70.8%) win=10/12 elapsed=  0.1m eta=  0.1m fin~19:45 running
  [S03a] FixedGrowth_1_5  Growth baseline  job 322/3178 ( 10.1%) win=10/12 elapsed=  0.1m eta=  1.1m fin~19:46 model_complete
  [S03a] FixedGrowth_3    Growth baseline  job 322/3178 ( 10.1%) win=10/12 elapsed=  0.1m eta=  1.1m fin~19:46 model_complete
  [S03a] FixedGrowth_4    Growth baseline  job 322/3178 ( 10.1%) win=10/12 elapsed=  0.1m eta=  1.1m fin~19:46 model_complete
  [S03a] FixedGrowth_6    Growth baseline  job 322/3178 ( 10.1%) win=10/12 elapsed=  0.1m eta=  1.1m fin~19:46 model_complete
  [S03a] LinearRegression Machine learning job 322/3178 ( 10.1%) win=11/12 elapsed=  0.1m eta=  1.1m fin~19:46 model_complete
  [S03a] ARIMA_Fixed      Statistical      job 323/3178 ( 10.2%) win=11/12 elapsed=  0.1m eta=  1.1m fin~19:46 model_complete
  [S03a] ETS_Current      Statistical      job 323/3178 ( 10.2%) win=11/12 elapsed=  0.1m eta=  1.1m fin~19:46 model_complete
  [S03a] FixedGrowth_1_5  Growth baseline  job 323/3178 ( 10.2%) win=11/12 elapsed=  0.1m eta=  1.1m fin~19:46 model_complete
  [S03a] FixedGrowth_3    Growth baseline  job 323/3178 ( 10.2%) win=11/12 elapsed=  0.1m eta=  1.1m fin~19:46 model_complete
  [S03a] FixedGrowth_4    Growth baseline  job 323/3178 ( 10.2%) win=11/12 elapsed=  0.1m eta=  1.1m fin~19:46 model_complete
  [S03a] FixedGrowth_6    Growth baseline  job 323/3178 ( 10.2%) win=11/12 elapsed=  0.1m eta=  1.1m fin~19:46 model_complete
  [S03a] LinearRegression Machine learning job 323/3178 ( 10.2%) win=12/12 elapsed=  0.1m eta=  1.1m fin~19:46 model_complete
  [S03a] ARIMA_Fixed      Statistical      job 324/3178 ( 10.2%) win=12/12 elapsed=  0.1m eta=  1.1m fin~19:46 model_complete
  [S03a] ETS_Current      Statistical      job 324/3178 ( 10.2%) win=12/12 elapsed=  0.1m eta=  1.1m fin~19:46 model_complete
  [S03a] FixedGrowth_1_5  Growth baseline  job 324/3178 ( 10.2%) win=12/12 elapsed=  0.1m eta=  1.1m fin~19:46 model_complete
  [S03a] FixedGrowth_3    Growth baseline  job 324/3178 ( 10.2%) win=12/12 elapsed=  0.1m eta=  1.1m fin~19:46 model_complete
  [S03a] FixedGrowth_4    Growth baseline  job 324/3178 ( 10.2%) win=12/12 elapsed=  0.1m eta=  1.1m fin~19:46 model_complete
  [S03a] FixedGrowth_6    Growth baseline  job 324/3178 ( 10.2%) win=12/12 elapsed=  0.1m eta=  1.1m fin~19:46 model_complete
  [S03a] LinearRegression Machine learning job 324/3178 ( 10.2%) win=1/12 elapsed=  0.1m eta=  1.1m fin~19:46 model_complete
  [S03a] ARIMA_Fixed      Statistical      job 325/3178 ( 10.2%) win=1/12 elapsed=  0.1m eta=  1.1m fin~19:46 model_complete
  [S03a] ETS_Current      Statistical      job 325/3178 ( 10.2%) win=1/12 elapsed=  0.1m eta=  1.1m fin~19:46 model_complete
  [S03a] FixedGrowth_1_5  Growth baseline  job 325/3178 ( 10.2%) win=1/12 elapsed=  0.1m eta=  1.1m fin~19:46 model_complete
  [S03a] FixedGrowth_3    Growth baseline  job 325/3178 ( 10.2%) win=1/12 elapsed=  0.1m eta=  1.1m fin~19:46 model_complete
  [S03a] FixedGrowth_4    Growth baseline  job 325/3178 ( 10.2%) win=1/12 elapsed=  0.1m eta=  1.1m fin~19:46 model_complete
  [S03a] FixedGrowth_6    Growth baseline  job 325/3178 ( 10.2%) win=1/12 elapsed=  0.1m eta=  1.1m fin~19:46 model_complete
  [S03a] LinearRegression Machine learning job 2275/3178 ( 71.6%) win=1/12 elapsed=  0.1m eta=  0.1m fin~19:45 running
  [S03a] LinearRegression Machine learning job 325/3178 ( 10.2%) win=2/12 elapsed=  0.1m eta=  1.1m fin~19:46 model_complete
  [S03a] ARIMA_Fixed      Statistical      job 326/3178 ( 10.3%) win=2/12 elapsed=  0.1m eta=  1.1m fin~19:46 model_complete
  [S03a] ETS_Current      Statistical      job 326/3178 ( 10.3%) win=2/12 elapsed=  0.1m eta=  1.1m fin~19:46 model_complete
  [S03a] FixedGrowth_1_5  Growth baseline  job 326/3178 ( 10.3%) win=2/12 elapsed=  0.1m eta=  1.1m fin~19:46 model_complete
  [S03a] FixedGrowth_3    Growth baseline  job 326/3178 ( 10.3%) win=2/12 elapsed=  0.1m eta=  1.1m fin~19:46 model_complete
  [S03a] FixedGrowth_4    Growth baseline  job 326/3178 ( 10.3%) win=2/12 elapsed=  0.1m eta=  1.1m fin~19:46 model_complete
  [S03a] FixedGrowth_6    Growth baseline  job 326/3178 ( 10.3%) win=2/12 elapsed=  0.1m eta=  1.1m fin~19:46 model_complete
  [S03a] LinearRegression Machine learning job 326/3178 ( 10.3%) win=3/12 elapsed=  0.1m eta=  1.1m fin~19:46 model_complete
  [S03a] ARIMA_Fixed      Statistical      job 327/3178 ( 10.3%) win=3/12 elapsed=  0.1m eta=  1.1m fin~19:46 model_complete
  [S03a] ETS_Current      Statistical      job 327/3178 ( 10.3%) win=3/12 elapsed=  0.1m eta=  1.1m fin~19:46 model_complete
  [S03a] FixedGrowth_1_5  Growth baseline  job 327/3178 ( 10.3%) win=3/12 elapsed=  0.1m eta=  1.1m fin~19:46 model_complete
  [S03a] FixedGrowth_3    Growth baseline  job 327/3178 ( 10.3%) win=3/12 elapsed=  0.1m eta=  1.1m fin~19:46 model_complete
  [S03a] FixedGrowth_4    Growth baseline  job 327/3178 ( 10.3%) win=3/12 elapsed=  0.1m eta=  1.1m fin~19:46 model_complete
  [S03a] FixedGrowth_6    Growth baseline  job 327/3178 ( 10.3%) win=3/12 elapsed=  0.1m eta=  1.1m fin~19:46 model_complete
  [S03a] LinearRegression Machine learning job 327/3178 ( 10.3%) win=4/12 elapsed=  0.1m eta=  1.1m fin~19:46 model_complete
  [S03a] ARIMA_Fixed      Statistical      job 328/3178 ( 10.3%) win=4/12 elapsed=  0.1m eta=  1.1m fin~19:46 model_complete
  [S03a] ETS_Current      Statistical      job 328/3178 ( 10.3%) win=4/12 elapsed=  0.1m eta=  1.1m fin~19:46 model_complete
  [S03a] FixedGrowth_1_5  Growth baseline  job 328/3178 ( 10.3%) win=4/12 elapsed=  0.1m eta=  1.1m fin~19:46 model_complete
  [S03a] FixedGrowth_3    Growth baseline  job 328/3178 ( 10.3%) win=4/12 elapsed=  0.1m eta=  1.1m fin~19:46 model_complete
  [S03a] FixedGrowth_4    Growth baseline  job 328/3178 ( 10.3%) win=4/12 elapsed=  0.1m eta=  1.1m fin~19:46 model_complete
  [S03a] FixedGrowth_6    Growth baseline  job 328/3178 ( 10.3%) win=4/12 elapsed=  0.1m eta=  1.1m fin~19:46 model_complete
  [S03a] LinearRegression Machine learning job 328/3178 ( 10.3%) win=5/12 elapsed=  0.1m eta=  1.1m fin~19:46 model_complete
  [S03a] ARIMA_Fixed      Statistical      job 329/3178 ( 10.4%) win=5/12 elapsed=  0.1m eta=  1.1m fin~19:46 model_complete
  [S03a] ETS_Current      Statistical      job 329/3178 ( 10.4%) win=5/12 elapsed=  0.1m eta=  1.1m fin~19:46 model_complete
  [S03a] FixedGrowth_1_5  Growth baseline  job 329/3178 ( 10.4%) win=5/12 elapsed=  0.1m eta=  1.1m fin~19:46 model_complete
  [S03a] FixedGrowth_3    Growth baseline  job 2300/3178 ( 72.4%) win=5/12 elapsed=  0.1m eta=  0.1m fin~19:45 running
  [S03a] FixedGrowth_3    Growth baseline  job 329/3178 ( 10.4%) win=5/12 elapsed=  0.1m eta=  1.1m fin~19:46 model_complete
  [S03a] FixedGrowth_4    Growth baseline  job 329/3178 ( 10.4%) win=5/12 elapsed=  0.1m eta=  1.1m fin~19:46 model_complete
  [S03a] FixedGrowth_6    Growth baseline  job 329/3178 ( 10.4%) win=5/12 elapsed=  0.1m eta=  1.1m fin~19:46 model_complete
  [S03a] LinearRegression Machine learning job 329/3178 ( 10.4%) win=6/12 elapsed=  0.1m eta=  1.1m fin~19:46 model_complete
  [S03a] ARIMA_Fixed      Statistical      job 330/3178 ( 10.4%) win=6/12 elapsed=  0.1m eta=  1.1m fin~19:46 model_complete
  [S03a] ETS_Current      Statistical      job 330/3178 ( 10.4%) win=6/12 elapsed=  0.1m eta=  1.1m fin~19:46 model_complete
  [S03a] FixedGrowth_1_5  Growth baseline  job 330/3178 ( 10.4%) win=6/12 elapsed=  0.1m eta=  1.1m fin~19:46 model_complete
  [S03a] FixedGrowth_3    Growth baseline  job 330/3178 ( 10.4%) win=6/12 elapsed=  0.1m eta=  1.1m fin~19:46 model_complete
  [S03a] FixedGrowth_4    Growth baseline  job 330/3178 ( 10.4%) win=6/12 elapsed=  0.1m eta=  1.1m fin~19:46 model_complete
  [S03a] FixedGrowth_6    Growth baseline  job 330/3178 ( 10.4%) win=6/12 elapsed=  0.1m eta=  1.1m fin~19:46 model_complete
  [S03a] LinearRegression Machine learning job 330/3178 ( 10.4%) win=7/12 elapsed=  0.1m eta=  1.1m fin~19:46 model_complete
  [S03a] ARIMA_Fixed      Statistical      job 331/3178 ( 10.4%) win=7/12 elapsed=  0.1m eta=  1.1m fin~19:46 model_complete
  [S03a] ETS_Current      Statistical      job 331/3178 ( 10.4%) win=7/12 elapsed=  0.1m eta=  1.1m fin~19:46 model_complete
  [S03a] FixedGrowth_1_5  Growth baseline  job 331/3178 ( 10.4%) win=7/12 elapsed=  0.1m eta=  1.1m fin~19:46 model_complete
  [S03a] FixedGrowth_3    Growth baseline  job 331/3178 ( 10.4%) win=7/12 elapsed=  0.1m eta=  1.1m fin~19:46 model_complete
  [S03a] FixedGrowth_4    Growth baseline  job 331/3178 ( 10.4%) win=7/12 elapsed=  0.1m eta=  1.1m fin~19:46 model_complete
  [S03a] FixedGrowth_6    Growth baseline  job 331/3178 ( 10.4%) win=7/12 elapsed=  0.1m eta=  1.1m fin~19:46 model_complete
  [S03a] LinearRegression Machine learning job 331/3178 ( 10.4%) win=8/12 elapsed=  0.1m eta=  1.1m fin~19:46 model_complete
  [S03a] ARIMA_Fixed      Statistical      job 332/3178 ( 10.4%) win=8/12 elapsed=  0.1m eta=  1.1m fin~19:46 model_complete
  [S03a] ETS_Current      Statistical      job 332/3178 ( 10.4%) win=8/12 elapsed=  0.1m eta=  1.1m fin~19:46 model_complete
  [S03a] FixedGrowth_1_5  Growth baseline  job 332/3178 ( 10.4%) win=8/12 elapsed=  0.1m eta=  1.1m fin~19:46 model_complete
  [S03a] FixedGrowth_3    Growth baseline  job 332/3178 ( 10.4%) win=8/12 elapsed=  0.1m eta=  1.1m fin~19:46 model_complete
  [S03a] FixedGrowth_4    Growth baseline  job 332/3178 ( 10.4%) win=8/12 elapsed=  0.1m eta=  1.1m fin~19:46 model_complete
  [S03a] FixedGrowth_6    Growth baseline  job 332/3178 ( 10.4%) win=8/12 elapsed=  0.1m eta=  1.1m fin~19:46 model_complete
  [S03a] LinearRegression Machine learning job 332/3178 ( 10.4%) win=9/12 elapsed=  0.1m eta=  1.1m fin~19:46 model_complete
  [S03a] ARIMA_Fixed      Statistical      job 2325/3178 ( 73.2%) win=9/12 elapsed=  0.1m eta=  0.1m fin~19:45 running
  [S03a] ARIMA_Fixed      Statistical      job 333/3178 ( 10.5%) win=9/12 elapsed=  0.1m eta=  1.1m fin~19:46 model_complete
  [S03a] ETS_Current      Statistical      job 333/3178 ( 10.5%) win=9/12 elapsed=  0.1m eta=  1.1m fin~19:46 model_complete
  [S03a] FixedGrowth_1_5  Growth baseline  job 333/3178 ( 10.5%) win=9/12 elapsed=  0.1m eta=  1.1m fin~19:46 model_complete
  [S03a] FixedGrowth_3    Growth baseline  job 333/3178 ( 10.5%) win=9/12 elapsed=  0.1m eta=  1.1m fin~19:46 model_complete
  [S03a] FixedGrowth_4    Growth baseline  job 333/3178 ( 10.5%) win=9/12 elapsed=  0.1m eta=  1.1m fin~19:46 model_complete
  [S03a] FixedGrowth_6    Growth baseline  job 333/3178 ( 10.5%) win=9/12 elapsed=  0.1m eta=  1.1m fin~19:46 model_complete
  [S03a] LinearRegression Machine learning job 333/3178 ( 10.5%) win=10/12 elapsed=  0.1m eta=  1.1m fin~19:46 model_complete
  [S03a] ARIMA_Fixed      Statistical      job 334/3178 ( 10.5%) win=10/12 elapsed=  0.1m eta=  1.1m fin~19:46 model_complete
  [S03a] ETS_Current      Statistical      job 334/3178 ( 10.5%) win=10/12 elapsed=  0.1m eta=  1.1m fin~19:46 model_complete
  [S03a] FixedGrowth_1_5  Growth baseline  job 334/3178 ( 10.5%) win=10/12 elapsed=  0.1m eta=  1.1m fin~19:46 model_complete
  [S03a] FixedGrowth_3    Growth baseline  job 334/3178 ( 10.5%) win=10/12 elapsed=  0.1m eta=  1.1m fin~19:46 model_complete
  [S03a] FixedGrowth_4    Growth baseline  job 334/3178 ( 10.5%) win=10/12 elapsed=  0.1m eta=  1.1m fin~19:46 model_complete
  [S03a] FixedGrowth_6    Growth baseline  job 334/3178 ( 10.5%) win=10/12 elapsed=  0.1m eta=  1.1m fin~19:46 model_complete
  [S03a] LinearRegression Machine learning job 334/3178 ( 10.5%) win=11/12 elapsed=  0.1m eta=  1.1m fin~19:46 model_complete
  [S03a] ARIMA_Fixed      Statistical      job 335/3178 ( 10.5%) win=11/12 elapsed=  0.1m eta=  1.1m fin~19:46 model_complete
  [S03a] ETS_Current      Statistical      job 335/3178 ( 10.5%) win=11/12 elapsed=  0.1m eta=  1.1m fin~19:46 model_complete
  [S03a] FixedGrowth_1_5  Growth baseline  job 335/3178 ( 10.5%) win=11/12 elapsed=  0.1m eta=  1.1m fin~19:46 model_complete
  [S03a] FixedGrowth_3    Growth baseline  job 335/3178 ( 10.5%) win=11/12 elapsed=  0.1m eta=  1.1m fin~19:46 model_complete
  [S03a] FixedGrowth_4    Growth baseline  job 335/3178 ( 10.5%) win=11/12 elapsed=  0.1m eta=  1.1m fin~19:46 model_complete
  [S03a] FixedGrowth_6    Growth baseline  job 335/3178 ( 10.5%) win=11/12 elapsed=  0.1m eta=  1.1m fin~19:46 model_complete
  [S03a] LinearRegression Machine learning job 335/3178 ( 10.5%) win=12/12 elapsed=  0.1m eta=  1.1m fin~19:46 model_complete
  [S03a] ARIMA_Fixed      Statistical      job 336/3178 ( 10.6%) win=12/12 elapsed=  0.1m eta=  1.1m fin~19:46 model_complete
  [S03a] ETS_Current      Statistical      job 336/3178 ( 10.6%) win=12/12 elapsed=  0.1m eta=  1.1m fin~19:46 model_complete
  [S03a] FixedGrowth_1_5  Growth baseline  job 336/3178 ( 10.6%) win=12/12 elapsed=  0.1m eta=  1.1m fin~19:46 model_complete
  [S03a] FixedGrowth_3    Growth baseline  job 336/3178 ( 10.6%) win=12/12 elapsed=  0.1m eta=  1.1m fin~19:46 model_complete
  [S03a] FixedGrowth_4    Growth baseline  job 2350/3178 ( 73.9%) win=12/12 elapsed=  0.1m eta=  0.0m fin~19:45 running
  [S03a] FixedGrowth_4    Growth baseline  job 336/3178 ( 10.6%) win=12/12 elapsed=  0.1m eta=  1.1m fin~19:46 model_complete
  [S03a] FixedGrowth_6    Growth baseline  job 336/3178 ( 10.6%) win=12/12 elapsed=  0.1m eta=  1.1m fin~19:46 model_complete
  [S03a] LinearRegression Machine learning job 336/3178 ( 10.6%) win=1/12 elapsed=  0.1m eta=  1.1m fin~19:46 model_complete
  [S03a] ARIMA_Fixed      Statistical      job 337/3178 ( 10.6%) win=1/12 elapsed=  0.1m eta=  1.1m fin~19:46 model_complete
  [S03a] ETS_Current      Statistical      job 337/3178 ( 10.6%) win=1/12 elapsed=  0.1m eta=  1.1m fin~19:46 model_complete
  [S03a] FixedGrowth_1_5  Growth baseline  job 337/3178 ( 10.6%) win=1/12 elapsed=  0.1m eta=  1.1m fin~19:46 model_complete
  [S03a] FixedGrowth_3    Growth baseline  job 337/3178 ( 10.6%) win=1/12 elapsed=  0.1m eta=  1.1m fin~19:46 model_complete
  [S03a] FixedGrowth_4    Growth baseline  job 337/3178 ( 10.6%) win=1/12 elapsed=  0.1m eta=  1.1m fin~19:46 model_complete
  [S03a] FixedGrowth_6    Growth baseline  job 337/3178 ( 10.6%) win=1/12 elapsed=  0.1m eta=  1.1m fin~19:46 model_complete
  [S03a] LinearRegression Machine learning job 337/3178 ( 10.6%) win=2/12 elapsed=  0.1m eta=  1.1m fin~19:46 model_complete
  [S03a] ARIMA_Fixed      Statistical      job 338/3178 ( 10.6%) win=2/12 elapsed=  0.1m eta=  1.1m fin~19:46 model_complete
  [S03a] ETS_Current      Statistical      job 338/3178 ( 10.6%) win=2/12 elapsed=  0.1m eta=  1.1m fin~19:46 model_complete
  [S03a] FixedGrowth_1_5  Growth baseline  job 338/3178 ( 10.6%) win=2/12 elapsed=  0.1m eta=  1.1m fin~19:46 model_complete
  [S03a] FixedGrowth_3    Growth baseline  job 338/3178 ( 10.6%) win=2/12 elapsed=  0.1m eta=  1.1m fin~19:46 model_complete
  [S03a] FixedGrowth_4    Growth baseline  job 338/3178 ( 10.6%) win=2/12 elapsed=  0.1m eta=  1.1m fin~19:46 model_complete
  [S03a] FixedGrowth_6    Growth baseline  job 338/3178 ( 10.6%) win=2/12 elapsed=  0.1m eta=  1.1m fin~19:46 model_complete
  [S03a] LinearRegression Machine learning job 338/3178 ( 10.6%) win=3/12 elapsed=  0.1m eta=  1.1m fin~19:46 model_complete
  [S03a] ARIMA_Fixed      Statistical      job 339/3178 ( 10.7%) win=3/12 elapsed=  0.1m eta=  1.1m fin~19:46 model_complete
  [S03a] ETS_Current      Statistical      job 339/3178 ( 10.7%) win=3/12 elapsed=  0.1m eta=  1.1m fin~19:46 model_complete
  [S03a] FixedGrowth_1_5  Growth baseline  job 339/3178 ( 10.7%) win=3/12 elapsed=  0.1m eta=  1.1m fin~19:46 model_complete
  [S03a] FixedGrowth_3    Growth baseline  job 339/3178 ( 10.7%) win=3/12 elapsed=  0.1m eta=  1.1m fin~19:46 model_complete
  [S03a] FixedGrowth_4    Growth baseline  job 339/3178 ( 10.7%) win=3/12 elapsed=  0.1m eta=  1.1m fin~19:46 model_complete
  [S03a] FixedGrowth_6    Growth baseline  job 339/3178 ( 10.7%) win=3/12 elapsed=  0.1m eta=  1.1m fin~19:46 model_complete
  [S03a] LinearRegression Machine learning job 339/3178 ( 10.7%) win=4/12 elapsed=  0.1m eta=  1.1m fin~19:46 model_complete
  [S03a] ARIMA_Fixed      Statistical      job 340/3178 ( 10.7%) win=4/12 elapsed=  0.1m eta=  1.1m fin~19:46 model_complete
  [S03a] ETS_Current      Statistical      job 2375/3178 ( 74.7%) win=4/12 elapsed=  0.1m eta=  0.0m fin~19:45 running
  [S03a] ETS_Current      Statistical      job 340/3178 ( 10.7%) win=4/12 elapsed=  0.1m eta=  1.1m fin~19:46 model_complete
  [S03a] FixedGrowth_1_5  Growth baseline  job 340/3178 ( 10.7%) win=4/12 elapsed=  0.1m eta=  1.1m fin~19:46 model_complete
  [S03a] FixedGrowth_3    Growth baseline  job 340/3178 ( 10.7%) win=4/12 elapsed=  0.1m eta=  1.1m fin~19:46 model_complete
  [S03a] FixedGrowth_4    Growth baseline  job 340/3178 ( 10.7%) win=4/12 elapsed=  0.1m eta=  1.1m fin~19:46 model_complete
  [S03a] FixedGrowth_6    Growth baseline  job 340/3178 ( 10.7%) win=4/12 elapsed=  0.1m eta=  1.1m fin~19:46 model_complete
  [S03a] LinearRegression Machine learning job 340/3178 ( 10.7%) win=5/12 elapsed=  0.1m eta=  1.1m fin~19:46 model_complete
  [S03a] ARIMA_Fixed      Statistical      job 341/3178 ( 10.7%) win=5/12 elapsed=  0.1m eta=  1.1m fin~19:46 model_complete
  [S03a] ETS_Current      Statistical      job 341/3178 ( 10.7%) win=5/12 elapsed=  0.1m eta=  1.1m fin~19:46 model_complete
  [S03a] FixedGrowth_1_5  Growth baseline  job 341/3178 ( 10.7%) win=5/12 elapsed=  0.1m eta=  1.1m fin~19:46 model_complete
  [S03a] FixedGrowth_3    Growth baseline  job 341/3178 ( 10.7%) win=5/12 elapsed=  0.1m eta=  1.1m fin~19:46 model_complete
  [S03a] FixedGrowth_4    Growth baseline  job 341/3178 ( 10.7%) win=5/12 elapsed=  0.1m eta=  1.1m fin~19:46 model_complete
  [S03a] FixedGrowth_6    Growth baseline  job 341/3178 ( 10.7%) win=5/12 elapsed=  0.1m eta=  1.1m fin~19:46 model_complete
  [S03a] LinearRegression Machine learning job 341/3178 ( 10.7%) win=6/12 elapsed=  0.1m eta=  1.1m fin~19:46 model_complete
  [S03a] ARIMA_Fixed      Statistical      job 342/3178 ( 10.8%) win=6/12 elapsed=  0.1m eta=  1.1m fin~19:46 model_complete
  [S03a] ETS_Current      Statistical      job 342/3178 ( 10.8%) win=6/12 elapsed=  0.1m eta=  1.1m fin~19:46 model_complete
  [S03a] FixedGrowth_1_5  Growth baseline  job 342/3178 ( 10.8%) win=6/12 elapsed=  0.1m eta=  1.1m fin~19:46 model_complete
  [S03a] FixedGrowth_3    Growth baseline  job 342/3178 ( 10.8%) win=6/12 elapsed=  0.1m eta=  1.1m fin~19:46 model_complete
  [S03a] FixedGrowth_4    Growth baseline  job 342/3178 ( 10.8%) win=6/12 elapsed=  0.1m eta=  1.1m fin~19:46 model_complete
  [S03a] FixedGrowth_6    Growth baseline  job 342/3178 ( 10.8%) win=6/12 elapsed=  0.1m eta=  1.1m fin~19:46 model_complete
  [S03a] LinearRegression Machine learning job 342/3178 ( 10.8%) win=7/12 elapsed=  0.1m eta=  1.1m fin~19:46 model_complete
  [S03a] ARIMA_Fixed      Statistical      job 343/3178 ( 10.8%) win=7/12 elapsed=  0.1m eta=  1.1m fin~19:46 model_complete
  [S03a] ETS_Current      Statistical      job 343/3178 ( 10.8%) win=7/12 elapsed=  0.1m eta=  1.1m fin~19:46 model_complete
  [S03a] FixedGrowth_1_5  Growth baseline  job 343/3178 ( 10.8%) win=7/12 elapsed=  0.1m eta=  1.1m fin~19:46 model_complete
  [S03a] FixedGrowth_3    Growth baseline  job 343/3178 ( 10.8%) win=7/12 elapsed=  0.1m eta=  1.1m fin~19:46 model_complete
  [S03a] FixedGrowth_4    Growth baseline  job 343/3178 ( 10.8%) win=7/12 elapsed=  0.1m eta=  1.1m fin~19:46 model_complete
  [S03a] FixedGrowth_6    Growth baseline  job 2400/3178 ( 75.5%) win=7/12 elapsed=  0.1m eta=  0.0m fin~19:45 running
  [S03a] FixedGrowth_6    Growth baseline  job 343/3178 ( 10.8%) win=7/12 elapsed=  0.1m eta=  1.1m fin~19:46 model_complete
  [S03a] LinearRegression Machine learning job 343/3178 ( 10.8%) win=8/12 elapsed=  0.1m eta=  1.1m fin~19:46 model_complete
  [S03a] ARIMA_Fixed      Statistical      job 344/3178 ( 10.8%) win=8/12 elapsed=  0.1m eta=  1.1m fin~19:46 model_complete
  [S03a] ETS_Current      Statistical      job 344/3178 ( 10.8%) win=8/12 elapsed=  0.1m eta=  1.1m fin~19:46 model_complete
  [S03a] FixedGrowth_1_5  Growth baseline  job 344/3178 ( 10.8%) win=8/12 elapsed=  0.1m eta=  1.1m fin~19:46 model_complete
  [S03a] FixedGrowth_3    Growth baseline  job 344/3178 ( 10.8%) win=8/12 elapsed=  0.1m eta=  1.1m fin~19:46 model_complete
  [S03a] FixedGrowth_4    Growth baseline  job 344/3178 ( 10.8%) win=8/12 elapsed=  0.1m eta=  1.1m fin~19:46 model_complete
  [S03a] FixedGrowth_6    Growth baseline  job 344/3178 ( 10.8%) win=8/12 elapsed=  0.1m eta=  1.1m fin~19:46 model_complete
  [S03a] LinearRegression Machine learning job 344/3178 ( 10.8%) win=9/12 elapsed=  0.1m eta=  1.1m fin~19:46 model_complete
  [S03a] ARIMA_Fixed      Statistical      job 345/3178 ( 10.9%) win=9/12 elapsed=  0.1m eta=  1.1m fin~19:46 model_complete
  [S03a] ETS_Current      Statistical      job 345/3178 ( 10.9%) win=9/12 elapsed=  0.1m eta=  1.1m fin~19:46 model_complete
  [S03a] FixedGrowth_1_5  Growth baseline  job 345/3178 ( 10.9%) win=9/12 elapsed=  0.1m eta=  1.1m fin~19:46 model_complete
  [S03a] FixedGrowth_3    Growth baseline  job 345/3178 ( 10.9%) win=9/12 elapsed=  0.1m eta=  1.1m fin~19:46 model_complete
  [S03a] FixedGrowth_4    Growth baseline  job 345/3178 ( 10.9%) win=9/12 elapsed=  0.1m eta=  1.1m fin~19:46 model_complete
  [S03a] FixedGrowth_6    Growth baseline  job 345/3178 ( 10.9%) win=9/12 elapsed=  0.1m eta=  1.1m fin~19:46 model_complete
  [S03a] LinearRegression Machine learning job 345/3178 ( 10.9%) win=10/12 elapsed=  0.1m eta=  1.1m fin~19:46 model_complete
  [S03a] ARIMA_Fixed      Statistical      job 346/3178 ( 10.9%) win=10/12 elapsed=  0.1m eta=  1.1m fin~19:46 model_complete
  [S03a] ETS_Current      Statistical      job 346/3178 ( 10.9%) win=10/12 elapsed=  0.1m eta=  1.1m fin~19:46 model_complete
  [S03a] FixedGrowth_1_5  Growth baseline  job 346/3178 ( 10.9%) win=10/12 elapsed=  0.1m eta=  1.1m fin~19:46 model_complete
  [S03a] FixedGrowth_3    Growth baseline  job 346/3178 ( 10.9%) win=10/12 elapsed=  0.1m eta=  1.1m fin~19:46 model_complete
  [S03a] FixedGrowth_4    Growth baseline  job 346/3178 ( 10.9%) win=10/12 elapsed=  0.1m eta=  1.1m fin~19:46 model_complete
  [S03a] FixedGrowth_6    Growth baseline  job 346/3178 ( 10.9%) win=10/12 elapsed=  0.1m eta=  1.1m fin~19:46 model_complete
  [S03a] LinearRegression Machine learning job 346/3178 ( 10.9%) win=11/12 elapsed=  0.1m eta=  1.1m fin~19:46 model_complete
  [S03a] ARIMA_Fixed      Statistical      job 347/3178 ( 10.9%) win=11/12 elapsed=  0.1m eta=  1.0m fin~19:46 model_complete
  [S03a] ETS_Current      Statistical      job 347/3178 ( 10.9%) win=11/12 elapsed=  0.1m eta=  1.0m fin~19:46 model_complete
  [S03a] FixedGrowth_1_5  Growth baseline  job 2425/3178 ( 76.3%) win=11/12 elapsed=  0.1m eta=  0.0m fin~19:45 running
  [S03a] FixedGrowth_1_5  Growth baseline  job 347/3178 ( 10.9%) win=11/12 elapsed=  0.1m eta=  1.0m fin~19:46 model_complete
  [S03a] FixedGrowth_3    Growth baseline  job 347/3178 ( 10.9%) win=11/12 elapsed=  0.1m eta=  1.0m fin~19:46 model_complete
  [S03a] FixedGrowth_4    Growth baseline  job 347/3178 ( 10.9%) win=11/12 elapsed=  0.1m eta=  1.0m fin~19:46 model_complete
  [S03a] FixedGrowth_6    Growth baseline  job 347/3178 ( 10.9%) win=11/12 elapsed=  0.1m eta=  1.1m fin~19:46 model_complete
  [S03a] LinearRegression Machine learning job 347/3178 ( 10.9%) win=12/12 elapsed=  0.1m eta=  1.1m fin~19:46 model_complete
  [S03a] ARIMA_Fixed      Statistical      job 348/3178 ( 11.0%) win=12/12 elapsed=  0.1m eta=  1.0m fin~19:46 model_complete
  [S03a] ETS_Current      Statistical      job 348/3178 ( 11.0%) win=12/12 elapsed=  0.1m eta=  1.0m fin~19:46 model_complete
  [S03a] FixedGrowth_1_5  Growth baseline  job 348/3178 ( 11.0%) win=12/12 elapsed=  0.1m eta=  1.0m fin~19:46 model_complete
  [S03a] FixedGrowth_3    Growth baseline  job 348/3178 ( 11.0%) win=12/12 elapsed=  0.1m eta=  1.0m fin~19:46 model_complete
  [S03a] FixedGrowth_4    Growth baseline  job 348/3178 ( 11.0%) win=12/12 elapsed=  0.1m eta=  1.0m fin~19:46 model_complete
  [S03a] FixedGrowth_6    Growth baseline  job 348/3178 ( 11.0%) win=12/12 elapsed=  0.1m eta=  1.0m fin~19:46 model_complete
  [S03a] LinearRegression Machine learning job 348/3178 ( 11.0%) win=1/12 elapsed=  0.1m eta=  1.0m fin~19:46 model_complete
  [S03a] ARIMA_Fixed      Statistical      job 349/3178 ( 11.0%) win=1/12 elapsed=  0.1m eta=  1.0m fin~19:46 model_complete
  [S03a] ETS_Current      Statistical      job 349/3178 ( 11.0%) win=1/12 elapsed=  0.1m eta=  1.0m fin~19:46 model_complete
  [S03a] FixedGrowth_1_5  Growth baseline  job 349/3178 ( 11.0%) win=1/12 elapsed=  0.1m eta=  1.0m fin~19:46 model_complete
  [S03a] FixedGrowth_3    Growth baseline  job 349/3178 ( 11.0%) win=1/12 elapsed=  0.1m eta=  1.0m fin~19:46 model_complete
  [S03a] FixedGrowth_4    Growth baseline  job 349/3178 ( 11.0%) win=1/12 elapsed=  0.1m eta=  1.0m fin~19:46 model_complete
  [S03a] FixedGrowth_6    Growth baseline  job 349/3178 ( 11.0%) win=1/12 elapsed=  0.1m eta=  1.0m fin~19:46 model_complete
  [S03a] LinearRegression Machine learning job 349/3178 ( 11.0%) win=2/12 elapsed=  0.1m eta=  1.0m fin~19:46 model_complete
  [S03a] ARIMA_Fixed      Statistical      job 350/3178 ( 11.0%) win=2/12 elapsed=  0.1m eta=  1.0m fin~19:46 model_complete
  [S03a] ETS_Current      Statistical      job 350/3178 ( 11.0%) win=2/12 elapsed=  0.1m eta=  1.0m fin~19:46 model_complete
  [S03a] FixedGrowth_1_5  Growth baseline  job 350/3178 ( 11.0%) win=2/12 elapsed=  0.1m eta=  1.0m fin~19:46 model_complete
  [S03a] FixedGrowth_3    Growth baseline  job 350/3178 ( 11.0%) win=2/12 elapsed=  0.1m eta=  1.0m fin~19:46 model_complete
  [S03a] FixedGrowth_4    Growth baseline  job 350/3178 ( 11.0%) win=2/12 elapsed=  0.1m eta=  1.0m fin~19:46 model_complete
  [S03a] FixedGrowth_6    Growth baseline  job 350/3178 ( 11.0%) win=2/12 elapsed=  0.1m eta=  1.0m fin~19:46 model_complete
  [S03a] LinearRegression Machine learning job 2450/3178 ( 77.1%) win=2/12 elapsed=  0.1m eta=  0.0m fin~19:45 running
  [S03a] LinearRegression Machine learning job 350/3178 ( 11.0%) win=3/12 elapsed=  0.1m eta=  1.0m fin~19:46 model_complete
  [S03a] ARIMA_Fixed      Statistical      job 351/3178 ( 11.0%) win=3/12 elapsed=  0.1m eta=  1.0m fin~19:46 model_complete
  [S03a] ETS_Current      Statistical      job 351/3178 ( 11.0%) win=3/12 elapsed=  0.1m eta=  1.0m fin~19:46 model_complete
  [S03a] FixedGrowth_1_5  Growth baseline  job 351/3178 ( 11.0%) win=3/12 elapsed=  0.1m eta=  1.0m fin~19:46 model_complete
  [S03a] FixedGrowth_3    Growth baseline  job 351/3178 ( 11.0%) win=3/12 elapsed=  0.1m eta=  1.0m fin~19:46 model_complete
  [S03a] FixedGrowth_4    Growth baseline  job 351/3178 ( 11.0%) win=3/12 elapsed=  0.1m eta=  1.0m fin~19:46 model_complete
  [S03a] FixedGrowth_6    Growth baseline  job 351/3178 ( 11.0%) win=3/12 elapsed=  0.1m eta=  1.0m fin~19:46 model_complete
  [S03a] LinearRegression Machine learning job 351/3178 ( 11.0%) win=4/12 elapsed=  0.1m eta=  1.0m fin~19:46 model_complete
  [S03a] ARIMA_Fixed      Statistical      job 352/3178 ( 11.1%) win=4/12 elapsed=  0.1m eta=  1.0m fin~19:46 model_complete
  [S03a] ETS_Current      Statistical      job 352/3178 ( 11.1%) win=4/12 elapsed=  0.1m eta=  1.0m fin~19:46 model_complete
  [S03a] FixedGrowth_1_5  Growth baseline  job 352/3178 ( 11.1%) win=4/12 elapsed=  0.1m eta=  1.0m fin~19:46 model_complete
  [S03a] FixedGrowth_3    Growth baseline  job 352/3178 ( 11.1%) win=4/12 elapsed=  0.1m eta=  1.0m fin~19:46 model_complete
  [S03a] FixedGrowth_4    Growth baseline  job 352/3178 ( 11.1%) win=4/12 elapsed=  0.1m eta=  1.0m fin~19:46 model_complete
  [S03a] FixedGrowth_6    Growth baseline  job 352/3178 ( 11.1%) win=4/12 elapsed=  0.1m eta=  1.0m fin~19:46 model_complete
  [S03a] LinearRegression Machine learning job 352/3178 ( 11.1%) win=5/12 elapsed=  0.1m eta=  1.0m fin~19:46 model_complete
  [S03a] ARIMA_Fixed      Statistical      job 353/3178 ( 11.1%) win=5/12 elapsed=  0.1m eta=  1.0m fin~19:46 model_complete
  [S03a] ETS_Current      Statistical      job 353/3178 ( 11.1%) win=5/12 elapsed=  0.1m eta=  1.0m fin~19:46 model_complete
  [S03a] FixedGrowth_1_5  Growth baseline  job 353/3178 ( 11.1%) win=5/12 elapsed=  0.1m eta=  1.0m fin~19:46 model_complete
  [S03a] FixedGrowth_3    Growth baseline  job 353/3178 ( 11.1%) win=5/12 elapsed=  0.1m eta=  1.0m fin~19:46 model_complete
  [S03a] FixedGrowth_4    Growth baseline  job 353/3178 ( 11.1%) win=5/12 elapsed=  0.1m eta=  1.0m fin~19:46 model_complete
  [S03a] FixedGrowth_6    Growth baseline  job 353/3178 ( 11.1%) win=5/12 elapsed=  0.1m eta=  1.0m fin~19:46 model_complete
  [S03a] LinearRegression Machine learning job 353/3178 ( 11.1%) win=6/12 elapsed=  0.1m eta=  1.0m fin~19:46 model_complete
  [S03a] ARIMA_Fixed      Statistical      job 354/3178 ( 11.1%) win=6/12 elapsed=  0.1m eta=  1.0m fin~19:46 model_complete
  [S03a] ETS_Current      Statistical      job 354/3178 ( 11.1%) win=6/12 elapsed=  0.1m eta=  1.0m fin~19:46 model_complete
  [S03a] FixedGrowth_1_5  Growth baseline  job 354/3178 ( 11.1%) win=6/12 elapsed=  0.1m eta=  1.0m fin~19:46 model_complete
  [S03a] FixedGrowth_3    Growth baseline  job 2475/3178 ( 77.9%) win=6/12 elapsed=  0.1m eta=  0.0m fin~19:45 running
  [S03a] FixedGrowth_3    Growth baseline  job 354/3178 ( 11.1%) win=6/12 elapsed=  0.1m eta=  1.0m fin~19:46 model_complete
  [S03a] FixedGrowth_4    Growth baseline  job 354/3178 ( 11.1%) win=6/12 elapsed=  0.1m eta=  1.0m fin~19:46 model_complete
  [S03a] FixedGrowth_6    Growth baseline  job 354/3178 ( 11.1%) win=6/12 elapsed=  0.1m eta=  1.0m fin~19:46 model_complete
  [S03a] LinearRegression Machine learning job 354/3178 ( 11.1%) win=7/12 elapsed=  0.1m eta=  1.0m fin~19:46 model_complete
  [S03a] ARIMA_Fixed      Statistical      job 355/3178 ( 11.2%) win=7/12 elapsed=  0.1m eta=  1.0m fin~19:46 model_complete
  [S03a] ETS_Current      Statistical      job 355/3178 ( 11.2%) win=7/12 elapsed=  0.1m eta=  1.0m fin~19:46 model_complete
  [S03a] FixedGrowth_1_5  Growth baseline  job 355/3178 ( 11.2%) win=7/12 elapsed=  0.1m eta=  1.0m fin~19:46 model_complete
  [S03a] FixedGrowth_3    Growth baseline  job 355/3178 ( 11.2%) win=7/12 elapsed=  0.1m eta=  1.0m fin~19:46 model_complete
  [S03a] FixedGrowth_4    Growth baseline  job 355/3178 ( 11.2%) win=7/12 elapsed=  0.1m eta=  1.0m fin~19:46 model_complete
  [S03a] FixedGrowth_6    Growth baseline  job 355/3178 ( 11.2%) win=7/12 elapsed=  0.1m eta=  1.0m fin~19:46 model_complete
  [S03a] LinearRegression Machine learning job 355/3178 ( 11.2%) win=8/12 elapsed=  0.1m eta=  1.0m fin~19:46 model_complete
  [S03a] ARIMA_Fixed      Statistical      job 356/3178 ( 11.2%) win=8/12 elapsed=  0.1m eta=  1.0m fin~19:46 model_complete
  [S03a] ETS_Current      Statistical      job 356/3178 ( 11.2%) win=8/12 elapsed=  0.1m eta=  1.0m fin~19:46 model_complete
  [S03a] FixedGrowth_1_5  Growth baseline  job 356/3178 ( 11.2%) win=8/12 elapsed=  0.1m eta=  1.0m fin~19:46 model_complete
  [S03a] FixedGrowth_3    Growth baseline  job 356/3178 ( 11.2%) win=8/12 elapsed=  0.1m eta=  1.0m fin~19:46 model_complete
  [S03a] FixedGrowth_4    Growth baseline  job 356/3178 ( 11.2%) win=8/12 elapsed=  0.1m eta=  1.0m fin~19:46 model_complete
  [S03a] FixedGrowth_6    Growth baseline  job 356/3178 ( 11.2%) win=8/12 elapsed=  0.1m eta=  1.0m fin~19:46 model_complete
  [S03a] LinearRegression Machine learning job 356/3178 ( 11.2%) win=9/12 elapsed=  0.1m eta=  1.0m fin~19:46 model_complete
  [S03a] ARIMA_Fixed      Statistical      job 357/3178 ( 11.2%) win=9/12 elapsed=  0.1m eta=  1.0m fin~19:46 model_complete
  [S03a] ETS_Current      Statistical      job 357/3178 ( 11.2%) win=9/12 elapsed=  0.1m eta=  1.0m fin~19:46 model_complete
  [S03a] FixedGrowth_1_5  Growth baseline  job 357/3178 ( 11.2%) win=9/12 elapsed=  0.1m eta=  1.0m fin~19:46 model_complete
  [S03a] FixedGrowth_3    Growth baseline  job 357/3178 ( 11.2%) win=9/12 elapsed=  0.1m eta=  1.0m fin~19:46 model_complete
  [S03a] FixedGrowth_4    Growth baseline  job 357/3178 ( 11.2%) win=9/12 elapsed=  0.1m eta=  1.0m fin~19:46 model_complete
  [S03a] FixedGrowth_6    Growth baseline  job 357/3178 ( 11.2%) win=9/12 elapsed=  0.1m eta=  1.0m fin~19:46 model_complete
  [S03a] LinearRegression Machine learning job 357/3178 ( 11.2%) win=10/12 elapsed=  0.1m eta=  1.0m fin~19:46 model_complete
  [S03a] ARIMA_Fixed      Statistical      job 2500/3178 ( 78.7%) win=10/12 elapsed=  0.1m eta=  0.0m fin~19:45 running
  [S03a] ARIMA_Fixed      Statistical      job 358/3178 ( 11.3%) win=10/12 elapsed=  0.1m eta=  1.0m fin~19:46 model_complete
  [S03a] ETS_Current      Statistical      job 358/3178 ( 11.3%) win=10/12 elapsed=  0.1m eta=  1.0m fin~19:46 model_complete
  [S03a] FixedGrowth_1_5  Growth baseline  job 358/3178 ( 11.3%) win=10/12 elapsed=  0.1m eta=  1.0m fin~19:46 model_complete
  [S03a] FixedGrowth_3    Growth baseline  job 358/3178 ( 11.3%) win=10/12 elapsed=  0.1m eta=  1.0m fin~19:46 model_complete
  [S03a] FixedGrowth_4    Growth baseline  job 358/3178 ( 11.3%) win=10/12 elapsed=  0.1m eta=  1.0m fin~19:46 model_complete
  [S03a] FixedGrowth_6    Growth baseline  job 358/3178 ( 11.3%) win=10/12 elapsed=  0.1m eta=  1.0m fin~19:46 model_complete
  [S03a] LinearRegression Machine learning job 358/3178 ( 11.3%) win=11/12 elapsed=  0.1m eta=  1.0m fin~19:46 model_complete
  [S03a] ARIMA_Fixed      Statistical      job 359/3178 ( 11.3%) win=11/12 elapsed=  0.1m eta=  1.0m fin~19:46 model_complete
  [S03a] ETS_Current      Statistical      job 359/3178 ( 11.3%) win=11/12 elapsed=  0.1m eta=  1.0m fin~19:46 model_complete
  [S03a] FixedGrowth_1_5  Growth baseline  job 359/3178 ( 11.3%) win=11/12 elapsed=  0.1m eta=  1.0m fin~19:46 model_complete
  [S03a] FixedGrowth_3    Growth baseline  job 359/3178 ( 11.3%) win=11/12 elapsed=  0.1m eta=  1.0m fin~19:46 model_complete
  [S03a] FixedGrowth_4    Growth baseline  job 359/3178 ( 11.3%) win=11/12 elapsed=  0.1m eta=  1.0m fin~19:46 model_complete
  [S03a] FixedGrowth_6    Growth baseline  job 359/3178 ( 11.3%) win=11/12 elapsed=  0.1m eta=  1.0m fin~19:46 model_complete
  [S03a] LinearRegression Machine learning job 359/3178 ( 11.3%) win=12/12 elapsed=  0.1m eta=  1.0m fin~19:46 model_complete
  [S03a] ARIMA_Fixed      Statistical      job 360/3178 ( 11.3%) win=12/12 elapsed=  0.1m eta=  1.0m fin~19:46 model_complete
  [S03a] ETS_Current      Statistical      job 360/3178 ( 11.3%) win=12/12 elapsed=  0.1m eta=  1.0m fin~19:46 model_complete
  [S03a] FixedGrowth_1_5  Growth baseline  job 360/3178 ( 11.3%) win=12/12 elapsed=  0.1m eta=  1.0m fin~19:46 model_complete
  [S03a] FixedGrowth_3    Growth baseline  job 360/3178 ( 11.3%) win=12/12 elapsed=  0.1m eta=  1.0m fin~19:46 model_complete
  [S03a] FixedGrowth_4    Growth baseline  job 360/3178 ( 11.3%) win=12/12 elapsed=  0.1m eta=  1.0m fin~19:46 model_complete
  [S03a] FixedGrowth_6    Growth baseline  job 360/3178 ( 11.3%) win=12/12 elapsed=  0.1m eta=  1.0m fin~19:46 model_complete
  [S03a] LinearRegression Machine learning job 360/3178 ( 11.3%) win=1/12 elapsed=  0.1m eta=  1.0m fin~19:46 model_complete
  [S03a] ARIMA_Fixed      Statistical      job 361/3178 ( 11.4%) win=1/12 elapsed=  0.1m eta=  1.0m fin~19:46 model_complete
  [S03a] ETS_Current      Statistical      job 361/3178 ( 11.4%) win=1/12 elapsed=  0.1m eta=  1.0m fin~19:46 model_complete
  [S03a] FixedGrowth_1_5  Growth baseline  job 361/3178 ( 11.4%) win=1/12 elapsed=  0.1m eta=  1.0m fin~19:46 model_complete
  [S03a] FixedGrowth_3    Growth baseline  job 361/3178 ( 11.4%) win=1/12 elapsed=  0.1m eta=  1.0m fin~19:46 model_complete
  [S03a] FixedGrowth_4    Growth baseline  job 2525/3178 ( 79.5%) win=1/12 elapsed=  0.1m eta=  0.0m fin~19:45 running
  [S03a] FixedGrowth_4    Growth baseline  job 361/3178 ( 11.4%) win=1/12 elapsed=  0.1m eta=  1.0m fin~19:46 model_complete
  [S03a] FixedGrowth_6    Growth baseline  job 361/3178 ( 11.4%) win=1/12 elapsed=  0.1m eta=  1.0m fin~19:46 model_complete
  [S03a] LinearRegression Machine learning job 361/3178 ( 11.4%) win=2/12 elapsed=  0.1m eta=  1.0m fin~19:46 model_complete
  [S03a] ARIMA_Fixed      Statistical      job 362/3178 ( 11.4%) win=2/12 elapsed=  0.1m eta=  1.0m fin~19:46 model_complete
  [S03a] ETS_Current      Statistical      job 362/3178 ( 11.4%) win=2/12 elapsed=  0.1m eta=  1.0m fin~19:46 model_complete
  [S03a] FixedGrowth_1_5  Growth baseline  job 362/3178 ( 11.4%) win=2/12 elapsed=  0.1m eta=  1.0m fin~19:46 model_complete
  [S03a] FixedGrowth_3    Growth baseline  job 362/3178 ( 11.4%) win=2/12 elapsed=  0.1m eta=  1.0m fin~19:46 model_complete
  [S03a] FixedGrowth_4    Growth baseline  job 362/3178 ( 11.4%) win=2/12 elapsed=  0.1m eta=  1.0m fin~19:46 model_complete
  [S03a] FixedGrowth_6    Growth baseline  job 362/3178 ( 11.4%) win=2/12 elapsed=  0.1m eta=  1.0m fin~19:46 model_complete
  [S03a] LinearRegression Machine learning job 362/3178 ( 11.4%) win=3/12 elapsed=  0.1m eta=  1.0m fin~19:46 model_complete
  [S03a] ARIMA_Fixed      Statistical      job 363/3178 ( 11.4%) win=3/12 elapsed=  0.1m eta=  1.0m fin~19:46 model_complete
  [S03a] ETS_Current      Statistical      job 363/3178 ( 11.4%) win=3/12 elapsed=  0.1m eta=  1.0m fin~19:46 model_complete
  [S03a] FixedGrowth_1_5  Growth baseline  job 363/3178 ( 11.4%) win=3/12 elapsed=  0.1m eta=  1.0m fin~19:46 model_complete
  [S03a] FixedGrowth_3    Growth baseline  job 363/3178 ( 11.4%) win=3/12 elapsed=  0.1m eta=  1.0m fin~19:46 model_complete
  [S03a] FixedGrowth_4    Growth baseline  job 363/3178 ( 11.4%) win=3/12 elapsed=  0.1m eta=  1.0m fin~19:46 model_complete
  [S03a] FixedGrowth_6    Growth baseline  job 363/3178 ( 11.4%) win=3/12 elapsed=  0.1m eta=  1.0m fin~19:46 model_complete
  [S03a] LinearRegression Machine learning job 363/3178 ( 11.4%) win=4/12 elapsed=  0.1m eta=  1.0m fin~19:46 model_complete
  [S03a] ARIMA_Fixed      Statistical      job 364/3178 ( 11.5%) win=4/12 elapsed=  0.1m eta=  1.0m fin~19:46 model_complete
  [S03a] ETS_Current      Statistical      job 364/3178 ( 11.5%) win=4/12 elapsed=  0.1m eta=  1.0m fin~19:46 model_complete
  [S03a] FixedGrowth_1_5  Growth baseline  job 364/3178 ( 11.5%) win=4/12 elapsed=  0.1m eta=  1.0m fin~19:46 model_complete
  [S03a] FixedGrowth_3    Growth baseline  job 364/3178 ( 11.5%) win=4/12 elapsed=  0.1m eta=  1.0m fin~19:46 model_complete
  [S03a] FixedGrowth_4    Growth baseline  job 364/3178 ( 11.5%) win=4/12 elapsed=  0.1m eta=  1.0m fin~19:46 model_complete
  [S03a] FixedGrowth_6    Growth baseline  job 364/3178 ( 11.5%) win=4/12 elapsed=  0.1m eta=  1.0m fin~19:46 model_complete
  [S03a] LinearRegression Machine learning job 364/3178 ( 11.5%) win=5/12 elapsed=  0.1m eta=  1.0m fin~19:46 model_complete
  [S03a] ARIMA_Fixed      Statistical      job 365/3178 ( 11.5%) win=5/12 elapsed=  0.1m eta=  1.0m fin~19:46 model_complete
  [S03a] ETS_Current      Statistical      job 2550/3178 ( 80.2%) win=5/12 elapsed=  0.1m eta=  0.0m fin~19:45 running
  [S03a] ETS_Current      Statistical      job 365/3178 ( 11.5%) win=5/12 elapsed=  0.1m eta=  1.0m fin~19:46 model_complete
  [S03a] FixedGrowth_1_5  Growth baseline  job 365/3178 ( 11.5%) win=5/12 elapsed=  0.1m eta=  1.0m fin~19:46 model_complete
  [S03a] FixedGrowth_3    Growth baseline  job 365/3178 ( 11.5%) win=5/12 elapsed=  0.1m eta=  1.0m fin~19:46 model_complete
  [S03a] FixedGrowth_4    Growth baseline  job 365/3178 ( 11.5%) win=5/12 elapsed=  0.1m eta=  1.0m fin~19:46 model_complete
  [S03a] FixedGrowth_6    Growth baseline  job 365/3178 ( 11.5%) win=5/12 elapsed=  0.1m eta=  1.0m fin~19:46 model_complete
  [S03a] LinearRegression Machine learning job 365/3178 ( 11.5%) win=6/12 elapsed=  0.1m eta=  1.0m fin~19:46 model_complete
  [S03a] ARIMA_Fixed      Statistical      job 366/3178 ( 11.5%) win=6/12 elapsed=  0.1m eta=  1.0m fin~19:46 model_complete
  [S03a] ETS_Current      Statistical      job 366/3178 ( 11.5%) win=6/12 elapsed=  0.1m eta=  1.0m fin~19:46 model_complete
  [S03a] FixedGrowth_1_5  Growth baseline  job 366/3178 ( 11.5%) win=6/12 elapsed=  0.1m eta=  1.0m fin~19:46 model_complete
  [S03a] FixedGrowth_3    Growth baseline  job 366/3178 ( 11.5%) win=6/12 elapsed=  0.1m eta=  1.0m fin~19:46 model_complete
  [S03a] FixedGrowth_4    Growth baseline  job 366/3178 ( 11.5%) win=6/12 elapsed=  0.1m eta=  1.0m fin~19:46 model_complete
  [S03a] FixedGrowth_6    Growth baseline  job 366/3178 ( 11.5%) win=6/12 elapsed=  0.1m eta=  1.0m fin~19:46 model_complete
  [S03a] LinearRegression Machine learning job 366/3178 ( 11.5%) win=7/12 elapsed=  0.1m eta=  1.0m fin~19:46 model_complete
  [S03a] ARIMA_Fixed      Statistical      job 367/3178 ( 11.5%) win=7/12 elapsed=  0.1m eta=  1.0m fin~19:46 model_complete
  [S03a] ETS_Current      Statistical      job 367/3178 ( 11.5%) win=7/12 elapsed=  0.1m eta=  1.0m fin~19:46 model_complete
  [S03a] FixedGrowth_1_5  Growth baseline  job 367/3178 ( 11.5%) win=7/12 elapsed=  0.1m eta=  1.0m fin~19:46 model_complete
  [S03a] FixedGrowth_3    Growth baseline  job 367/3178 ( 11.5%) win=7/12 elapsed=  0.1m eta=  1.0m fin~19:46 model_complete
  [S03a] FixedGrowth_4    Growth baseline  job 367/3178 ( 11.5%) win=7/12 elapsed=  0.1m eta=  1.0m fin~19:46 model_complete
  [S03a] FixedGrowth_6    Growth baseline  job 367/3178 ( 11.5%) win=7/12 elapsed=  0.1m eta=  1.0m fin~19:46 model_complete
  [S03a] LinearRegression Machine learning job 367/3178 ( 11.5%) win=8/12 elapsed=  0.1m eta=  1.0m fin~19:46 model_complete
  [S03a] ARIMA_Fixed      Statistical      job 368/3178 ( 11.6%) win=8/12 elapsed=  0.1m eta=  1.0m fin~19:46 model_complete
  [S03a] ETS_Current      Statistical      job 368/3178 ( 11.6%) win=8/12 elapsed=  0.1m eta=  1.0m fin~19:46 model_complete
  [S03a] FixedGrowth_1_5  Growth baseline  job 368/3178 ( 11.6%) win=8/12 elapsed=  0.1m eta=  1.0m fin~19:46 model_complete
  [S03a] FixedGrowth_3    Growth baseline  job 368/3178 ( 11.6%) win=8/12 elapsed=  0.1m eta=  1.0m fin~19:46 model_complete
  [S03a] FixedGrowth_4    Growth baseline  job 368/3178 ( 11.6%) win=8/12 elapsed=  0.1m eta=  1.0m fin~19:46 model_complete
  [S03a] FixedGrowth_6    Growth baseline  job 2575/3178 ( 81.0%) win=8/12 elapsed=  0.1m eta=  0.0m fin~19:45 running
  [S03a] FixedGrowth_6    Growth baseline  job 368/3178 ( 11.6%) win=8/12 elapsed=  0.1m eta=  1.0m fin~19:46 model_complete
  [S03a] LinearRegression Machine learning job 368/3178 ( 11.6%) win=9/12 elapsed=  0.1m eta=  1.0m fin~19:46 model_complete
  [S03a] ARIMA_Fixed      Statistical      job 369/3178 ( 11.6%) win=9/12 elapsed=  0.1m eta=  1.0m fin~19:46 model_complete
  [S03a] ETS_Current      Statistical      job 369/3178 ( 11.6%) win=9/12 elapsed=  0.1m eta=  1.0m fin~19:46 model_complete
  [S03a] FixedGrowth_1_5  Growth baseline  job 369/3178 ( 11.6%) win=9/12 elapsed=  0.1m eta=  1.0m fin~19:46 model_complete
  [S03a] FixedGrowth_3    Growth baseline  job 369/3178 ( 11.6%) win=9/12 elapsed=  0.1m eta=  1.0m fin~19:46 model_complete
  [S03a] FixedGrowth_4    Growth baseline  job 369/3178 ( 11.6%) win=9/12 elapsed=  0.1m eta=  1.0m fin~19:46 model_complete
  [S03a] FixedGrowth_6    Growth baseline  job 369/3178 ( 11.6%) win=9/12 elapsed=  0.1m eta=  1.0m fin~19:46 model_complete
  [S03a] LinearRegression Machine learning job 369/3178 ( 11.6%) win=10/12 elapsed=  0.1m eta=  1.0m fin~19:46 model_complete
  [S03a] ARIMA_Fixed      Statistical      job 370/3178 ( 11.6%) win=10/12 elapsed=  0.1m eta=  1.0m fin~19:46 model_complete
  [S03a] ETS_Current      Statistical      job 370/3178 ( 11.6%) win=10/12 elapsed=  0.1m eta=  1.0m fin~19:46 model_complete
  [S03a] FixedGrowth_1_5  Growth baseline  job 370/3178 ( 11.6%) win=10/12 elapsed=  0.1m eta=  1.0m fin~19:46 model_complete
  [S03a] FixedGrowth_3    Growth baseline  job 370/3178 ( 11.6%) win=10/12 elapsed=  0.1m eta=  1.0m fin~19:46 model_complete
  [S03a] FixedGrowth_4    Growth baseline  job 370/3178 ( 11.6%) win=10/12 elapsed=  0.1m eta=  1.0m fin~19:46 model_complete
  [S03a] FixedGrowth_6    Growth baseline  job 370/3178 ( 11.6%) win=10/12 elapsed=  0.1m eta=  1.0m fin~19:46 model_complete
  [S03a] LinearRegression Machine learning job 370/3178 ( 11.6%) win=11/12 elapsed=  0.1m eta=  1.0m fin~19:46 model_complete
  [S03a] ARIMA_Fixed      Statistical      job 371/3178 ( 11.7%) win=11/12 elapsed=  0.1m eta=  1.0m fin~19:46 model_complete
  [S03a] ETS_Current      Statistical      job 371/3178 ( 11.7%) win=11/12 elapsed=  0.1m eta=  1.0m fin~19:46 model_complete
  [S03a] FixedGrowth_1_5  Growth baseline  job 371/3178 ( 11.7%) win=11/12 elapsed=  0.1m eta=  1.0m fin~19:46 model_complete
  [S03a] FixedGrowth_3    Growth baseline  job 371/3178 ( 11.7%) win=11/12 elapsed=  0.1m eta=  1.0m fin~19:46 model_complete
  [S03a] FixedGrowth_4    Growth baseline  job 371/3178 ( 11.7%) win=11/12 elapsed=  0.1m eta=  1.0m fin~19:46 model_complete
  [S03a] FixedGrowth_6    Growth baseline  job 371/3178 ( 11.7%) win=11/12 elapsed=  0.1m eta=  1.0m fin~19:46 model_complete
  [S03a] LinearRegression Machine learning job 371/3178 ( 11.7%) win=12/12 elapsed=  0.1m eta=  1.0m fin~19:46 model_complete
  [S03a] ARIMA_Fixed      Statistical      job 372/3178 ( 11.7%) win=12/12 elapsed=  0.1m eta=  1.0m fin~19:46 model_complete
  [S03a] ETS_Current      Statistical      job 372/3178 ( 11.7%) win=12/12 elapsed=  0.1m eta=  1.0m fin~19:46 model_complete
  [S03a] FixedGrowth_1_5  Growth baseline  job 2600/3178 ( 81.8%) win=12/12 elapsed=  0.1m eta=  0.0m fin~19:45 running
  [S03a] FixedGrowth_1_5  Growth baseline  job 372/3178 ( 11.7%) win=12/12 elapsed=  0.1m eta=  1.0m fin~19:46 model_complete
  [S03a] FixedGrowth_3    Growth baseline  job 372/3178 ( 11.7%) win=12/12 elapsed=  0.1m eta=  1.0m fin~19:46 model_complete
  [S03a] FixedGrowth_4    Growth baseline  job 372/3178 ( 11.7%) win=12/12 elapsed=  0.1m eta=  1.0m fin~19:46 model_complete
  [S03a] FixedGrowth_6    Growth baseline  job 372/3178 ( 11.7%) win=12/12 elapsed=  0.1m eta=  1.0m fin~19:46 model_complete
  [S03a] LinearRegression Machine learning job 372/3178 ( 11.7%) win=1/12 elapsed=  0.1m eta=  1.0m fin~19:46 model_complete
  [S03a] ARIMA_Fixed      Statistical      job 373/3178 ( 11.7%) win=1/12 elapsed=  0.1m eta=  1.0m fin~19:46 model_complete
  [S03a] ETS_Current      Statistical      job 373/3178 ( 11.7%) win=1/12 elapsed=  0.1m eta=  1.0m fin~19:46 model_complete
  [S03a] FixedGrowth_1_5  Growth baseline  job 373/3178 ( 11.7%) win=1/12 elapsed=  0.1m eta=  1.0m fin~19:46 model_complete
  [S03a] FixedGrowth_3    Growth baseline  job 373/3178 ( 11.7%) win=1/12 elapsed=  0.1m eta=  1.0m fin~19:46 model_complete
  [S03a] FixedGrowth_4    Growth baseline  job 373/3178 ( 11.7%) win=1/12 elapsed=  0.1m eta=  1.0m fin~19:46 model_complete
  [S03a] FixedGrowth_6    Growth baseline  job 373/3178 ( 11.7%) win=1/12 elapsed=  0.1m eta=  1.0m fin~19:46 model_complete
  [S03a] LinearRegression Machine learning job 373/3178 ( 11.7%) win=2/12 elapsed=  0.1m eta=  1.0m fin~19:46 model_complete
  [S03a] ARIMA_Fixed      Statistical      job 374/3178 ( 11.8%) win=2/12 elapsed=  0.1m eta=  1.0m fin~19:46 model_complete
  [S03a] ETS_Current      Statistical      job 374/3178 ( 11.8%) win=2/12 elapsed=  0.1m eta=  1.0m fin~19:46 model_complete
  [S03a] FixedGrowth_1_5  Growth baseline  job 374/3178 ( 11.8%) win=2/12 elapsed=  0.1m eta=  1.0m fin~19:46 model_complete
  [S03a] FixedGrowth_3    Growth baseline  job 374/3178 ( 11.8%) win=2/12 elapsed=  0.1m eta=  1.0m fin~19:46 model_complete
  [S03a] FixedGrowth_4    Growth baseline  job 374/3178 ( 11.8%) win=2/12 elapsed=  0.1m eta=  1.0m fin~19:46 model_complete
  [S03a] FixedGrowth_6    Growth baseline  job 374/3178 ( 11.8%) win=2/12 elapsed=  0.1m eta=  1.0m fin~19:46 model_complete
  [S03a] LinearRegression Machine learning job 374/3178 ( 11.8%) win=3/12 elapsed=  0.1m eta=  1.0m fin~19:46 model_complete
  [S03a] ARIMA_Fixed      Statistical      job 375/3178 ( 11.8%) win=3/12 elapsed=  0.1m eta=  1.0m fin~19:45 model_complete
  [S03a] ETS_Current      Statistical      job 375/3178 ( 11.8%) win=3/12 elapsed=  0.1m eta=  1.0m fin~19:45 model_complete
  [S03a] FixedGrowth_1_5  Growth baseline  job 375/3178 ( 11.8%) win=3/12 elapsed=  0.1m eta=  1.0m fin~19:45 model_complete
  [S03a] FixedGrowth_3    Growth baseline  job 375/3178 ( 11.8%) win=3/12 elapsed=  0.1m eta=  1.0m fin~19:45 model_complete
  [S03a] FixedGrowth_4    Growth baseline  job 375/3178 ( 11.8%) win=3/12 elapsed=  0.1m eta=  1.0m fin~19:46 model_complete
  [S03a] FixedGrowth_6    Growth baseline  job 375/3178 ( 11.8%) win=3/12 elapsed=  0.1m eta=  1.0m fin~19:46 model_complete
  [S03a] LinearRegression Machine learning job 2625/3178 ( 82.6%) win=3/12 elapsed=  0.1m eta=  0.0m fin~19:45 running
  [S03a] LinearRegression Machine learning job 375/3178 ( 11.8%) win=4/12 elapsed=  0.1m eta=  1.0m fin~19:46 model_complete
  [S03a] ARIMA_Fixed      Statistical      job 376/3178 ( 11.8%) win=4/12 elapsed=  0.1m eta=  1.0m fin~19:45 model_complete
  [S03a] ETS_Current      Statistical      job 376/3178 ( 11.8%) win=4/12 elapsed=  0.1m eta=  1.0m fin~19:45 model_complete
  [S03a] FixedGrowth_1_5  Growth baseline  job 376/3178 ( 11.8%) win=4/12 elapsed=  0.1m eta=  1.0m fin~19:45 model_complete
  [S03a] FixedGrowth_3    Growth baseline  job 376/3178 ( 11.8%) win=4/12 elapsed=  0.1m eta=  1.0m fin~19:45 model_complete
  [S03a] FixedGrowth_4    Growth baseline  job 376/3178 ( 11.8%) win=4/12 elapsed=  0.1m eta=  1.0m fin~19:45 model_complete
  [S03a] FixedGrowth_6    Growth baseline  job 376/3178 ( 11.8%) win=4/12 elapsed=  0.1m eta=  1.0m fin~19:45 model_complete
  [S03a] LinearRegression Machine learning job 376/3178 ( 11.8%) win=5/12 elapsed=  0.1m eta=  1.0m fin~19:45 model_complete
  [S03a] ARIMA_Fixed      Statistical      job 377/3178 ( 11.9%) win=5/12 elapsed=  0.1m eta=  1.0m fin~19:45 model_complete
  [S03a] ETS_Current      Statistical      job 377/3178 ( 11.9%) win=5/12 elapsed=  0.1m eta=  1.0m fin~19:45 model_complete
  [S03a] FixedGrowth_1_5  Growth baseline  job 377/3178 ( 11.9%) win=5/12 elapsed=  0.1m eta=  1.0m fin~19:45 model_complete
  [S03a] FixedGrowth_3    Growth baseline  job 377/3178 ( 11.9%) win=5/12 elapsed=  0.1m eta=  1.0m fin~19:45 model_complete
  [S03a] FixedGrowth_4    Growth baseline  job 377/3178 ( 11.9%) win=5/12 elapsed=  0.1m eta=  1.0m fin~19:45 model_complete
  [S03a] FixedGrowth_6    Growth baseline  job 377/3178 ( 11.9%) win=5/12 elapsed=  0.1m eta=  1.0m fin~19:45 model_complete
  [S03a] LinearRegression Machine learning job 377/3178 ( 11.9%) win=6/12 elapsed=  0.1m eta=  1.0m fin~19:45 model_complete
  [S03a] ARIMA_Fixed      Statistical      job 378/3178 ( 11.9%) win=6/12 elapsed=  0.1m eta=  1.0m fin~19:45 model_complete
  [S03a] ETS_Current      Statistical      job 378/3178 ( 11.9%) win=6/12 elapsed=  0.1m eta=  1.0m fin~19:45 model_complete
  [S03a] FixedGrowth_1_5  Growth baseline  job 378/3178 ( 11.9%) win=6/12 elapsed=  0.1m eta=  1.0m fin~19:45 model_complete
  [S03a] FixedGrowth_3    Growth baseline  job 378/3178 ( 11.9%) win=6/12 elapsed=  0.1m eta=  1.0m fin~19:45 model_complete
  [S03a] FixedGrowth_4    Growth baseline  job 378/3178 ( 11.9%) win=6/12 elapsed=  0.1m eta=  1.0m fin~19:45 model_complete
  [S03a] FixedGrowth_6    Growth baseline  job 378/3178 ( 11.9%) win=6/12 elapsed=  0.1m eta=  1.0m fin~19:45 model_complete
  [S03a] LinearRegression Machine learning job 378/3178 ( 11.9%) win=7/12 elapsed=  0.1m eta=  1.0m fin~19:45 model_complete
  [S03a] ARIMA_Fixed      Statistical      job 379/3178 ( 11.9%) win=7/12 elapsed=  0.1m eta=  1.0m fin~19:45 model_complete
  [S03a] ETS_Current      Statistical      job 379/3178 ( 11.9%) win=7/12 elapsed=  0.1m eta=  1.0m fin~19:45 model_complete
  [S03a] FixedGrowth_1_5  Growth baseline  job 379/3178 ( 11.9%) win=7/12 elapsed=  0.1m eta=  1.0m fin~19:45 model_complete
  [S03a] FixedGrowth_3    Growth baseline  job 2650/3178 ( 83.4%) win=7/12 elapsed=  0.1m eta=  0.0m fin~19:45 running
  [S03a] FixedGrowth_3    Growth baseline  job 379/3178 ( 11.9%) win=7/12 elapsed=  0.1m eta=  1.0m fin~19:45 model_complete
  [S03a] FixedGrowth_4    Growth baseline  job 379/3178 ( 11.9%) win=7/12 elapsed=  0.1m eta=  1.0m fin~19:45 model_complete
  [S03a] FixedGrowth_6    Growth baseline  job 379/3178 ( 11.9%) win=7/12 elapsed=  0.1m eta=  1.0m fin~19:45 model_complete
  [S03a] LinearRegression Machine learning job 379/3178 ( 11.9%) win=8/12 elapsed=  0.1m eta=  1.0m fin~19:45 model_complete
  [S03a] ARIMA_Fixed      Statistical      job 380/3178 ( 12.0%) win=8/12 elapsed=  0.1m eta=  1.0m fin~19:45 model_complete
  [S03a] ETS_Current      Statistical      job 380/3178 ( 12.0%) win=8/12 elapsed=  0.1m eta=  1.0m fin~19:45 model_complete
  [S03a] FixedGrowth_1_5  Growth baseline  job 380/3178 ( 12.0%) win=8/12 elapsed=  0.1m eta=  1.0m fin~19:45 model_complete
  [S03a] FixedGrowth_3    Growth baseline  job 380/3178 ( 12.0%) win=8/12 elapsed=  0.1m eta=  1.0m fin~19:45 model_complete
  [S03a] FixedGrowth_4    Growth baseline  job 380/3178 ( 12.0%) win=8/12 elapsed=  0.1m eta=  1.0m fin~19:45 model_complete
  [S03a] FixedGrowth_6    Growth baseline  job 380/3178 ( 12.0%) win=8/12 elapsed=  0.1m eta=  1.0m fin~19:45 model_complete
  [S03a] LinearRegression Machine learning job 380/3178 ( 12.0%) win=9/12 elapsed=  0.1m eta=  1.0m fin~19:45 model_complete
  [S03a] ARIMA_Fixed      Statistical      job 381/3178 ( 12.0%) win=9/12 elapsed=  0.1m eta=  1.0m fin~19:45 model_complete
  [S03a] ETS_Current      Statistical      job 381/3178 ( 12.0%) win=9/12 elapsed=  0.1m eta=  1.0m fin~19:45 model_complete
  [S03a] FixedGrowth_1_5  Growth baseline  job 381/3178 ( 12.0%) win=9/12 elapsed=  0.1m eta=  1.0m fin~19:45 model_complete
  [S03a] FixedGrowth_3    Growth baseline  job 381/3178 ( 12.0%) win=9/12 elapsed=  0.1m eta=  1.0m fin~19:45 model_complete
  [S03a] FixedGrowth_4    Growth baseline  job 381/3178 ( 12.0%) win=9/12 elapsed=  0.1m eta=  1.0m fin~19:45 model_complete
  [S03a] FixedGrowth_6    Growth baseline  job 381/3178 ( 12.0%) win=9/12 elapsed=  0.1m eta=  1.0m fin~19:45 model_complete
  [S03a] LinearRegression Machine learning job 381/3178 ( 12.0%) win=10/12 elapsed=  0.1m eta=  1.0m fin~19:45 model_complete
  [S03a] ARIMA_Fixed      Statistical      job 382/3178 ( 12.0%) win=10/12 elapsed=  0.1m eta=  1.0m fin~19:45 model_complete
  [S03a] ETS_Current      Statistical      job 382/3178 ( 12.0%) win=10/12 elapsed=  0.1m eta=  1.0m fin~19:45 model_complete
  [S03a] FixedGrowth_1_5  Growth baseline  job 382/3178 ( 12.0%) win=10/12 elapsed=  0.1m eta=  1.0m fin~19:45 model_complete
  [S03a] FixedGrowth_3    Growth baseline  job 382/3178 ( 12.0%) win=10/12 elapsed=  0.1m eta=  1.0m fin~19:45 model_complete
  [S03a] FixedGrowth_4    Growth baseline  job 382/3178 ( 12.0%) win=10/12 elapsed=  0.1m eta=  1.0m fin~19:45 model_complete
  [S03a] FixedGrowth_6    Growth baseline  job 382/3178 ( 12.0%) win=10/12 elapsed=  0.1m eta=  1.0m fin~19:45 model_complete
  [S03a] LinearRegression Machine learning job 382/3178 ( 12.0%) win=11/12 elapsed=  0.1m eta=  1.0m fin~19:45 model_complete
  [S03a] ARIMA_Fixed      Statistical      job 2675/3178 ( 84.2%) win=11/12 elapsed=  0.1m eta=  0.0m fin~19:45 running
  [S03a] ARIMA_Fixed      Statistical      job 383/3178 ( 12.1%) win=11/12 elapsed=  0.1m eta=  1.0m fin~19:45 model_complete
  [S03a] ETS_Current      Statistical      job 383/3178 ( 12.1%) win=11/12 elapsed=  0.1m eta=  1.0m fin~19:45 model_complete
  [S03a] FixedGrowth_1_5  Growth baseline  job 383/3178 ( 12.1%) win=11/12 elapsed=  0.1m eta=  1.0m fin~19:45 model_complete
  [S03a] FixedGrowth_3    Growth baseline  job 383/3178 ( 12.1%) win=11/12 elapsed=  0.1m eta=  1.0m fin~19:45 model_complete
  [S03a] FixedGrowth_4    Growth baseline  job 383/3178 ( 12.1%) win=11/12 elapsed=  0.1m eta=  1.0m fin~19:45 model_complete
  [S03a] FixedGrowth_6    Growth baseline  job 383/3178 ( 12.1%) win=11/12 elapsed=  0.1m eta=  1.0m fin~19:45 model_complete
  [S03a] LinearRegression Machine learning job 383/3178 ( 12.1%) win=12/12 elapsed=  0.1m eta=  1.0m fin~19:45 model_complete
  [S03a] ARIMA_Fixed      Statistical      job 384/3178 ( 12.1%) win=12/12 elapsed=  0.1m eta=  1.0m fin~19:45 model_complete
  [S03a] ETS_Current      Statistical      job 384/3178 ( 12.1%) win=12/12 elapsed=  0.1m eta=  1.0m fin~19:45 model_complete
  [S03a] FixedGrowth_1_5  Growth baseline  job 384/3178 ( 12.1%) win=12/12 elapsed=  0.1m eta=  1.0m fin~19:45 model_complete
  [S03a] FixedGrowth_3    Growth baseline  job 384/3178 ( 12.1%) win=12/12 elapsed=  0.1m eta=  1.0m fin~19:45 model_complete
  [S03a] FixedGrowth_4    Growth baseline  job 384/3178 ( 12.1%) win=12/12 elapsed=  0.1m eta=  1.0m fin~19:45 model_complete
  [S03a] FixedGrowth_6    Growth baseline  job 384/3178 ( 12.1%) win=12/12 elapsed=  0.1m eta=  1.0m fin~19:45 model_complete
  [S03a] LinearRegression Machine learning job 384/3178 ( 12.1%) win=6/12 elapsed=  0.1m eta=  1.0m fin~19:45 model_complete
  [S03a] ARIMA_Fixed      Statistical      job 385/3178 ( 12.1%) win=6/12 elapsed=  0.1m eta=  1.0m fin~19:45 model_complete
  [S03a] ETS_Current      Statistical      job 385/3178 ( 12.1%) win=6/12 elapsed=  0.1m eta=  1.0m fin~19:45 model_complete
  [S03a] FixedGrowth_1_5  Growth baseline  job 385/3178 ( 12.1%) win=6/12 elapsed=  0.1m eta=  1.0m fin~19:45 model_complete
  [S03a] FixedGrowth_3    Growth baseline  job 385/3178 ( 12.1%) win=6/12 elapsed=  0.1m eta=  1.0m fin~19:45 model_complete
  [S03a] FixedGrowth_4    Growth baseline  job 385/3178 ( 12.1%) win=6/12 elapsed=  0.1m eta=  1.0m fin~19:45 model_complete
  [S03a] FixedGrowth_6    Growth baseline  job 385/3178 ( 12.1%) win=6/12 elapsed=  0.1m eta=  1.0m fin~19:45 model_complete
  [S03a] LinearRegression Machine learning job 385/3178 ( 12.1%) win=7/12 elapsed=  0.1m eta=  1.0m fin~19:45 model_complete
  [S03a] ARIMA_Fixed      Statistical      job 386/3178 ( 12.1%) win=7/12 elapsed=  0.1m eta=  1.0m fin~19:45 model_complete
  [S03a] ETS_Current      Statistical      job 386/3178 ( 12.1%) win=7/12 elapsed=  0.1m eta=  1.0m fin~19:45 model_complete
  [S03a] FixedGrowth_1_5  Growth baseline  job 386/3178 ( 12.1%) win=7/12 elapsed=  0.1m eta=  1.0m fin~19:45 model_complete
  [S03a] FixedGrowth_3    Growth baseline  job 386/3178 ( 12.1%) win=7/12 elapsed=  0.1m eta=  1.0m fin~19:45 model_complete
  [S03a] FixedGrowth_4    Growth baseline  job 2700/3178 ( 85.0%) win=7/12 elapsed=  0.1m eta=  0.0m fin~19:45 running
  [S03a] FixedGrowth_4    Growth baseline  job 386/3178 ( 12.1%) win=7/12 elapsed=  0.1m eta=  1.0m fin~19:45 model_complete
  [S03a] FixedGrowth_6    Growth baseline  job 386/3178 ( 12.1%) win=7/12 elapsed=  0.1m eta=  1.0m fin~19:45 model_complete
  [S03a] LinearRegression Machine learning job 386/3178 ( 12.1%) win=8/12 elapsed=  0.1m eta=  1.0m fin~19:45 model_complete
  [S03a] ARIMA_Fixed      Statistical      job 387/3178 ( 12.2%) win=8/12 elapsed=  0.1m eta=  1.0m fin~19:45 model_complete
  [S03a] ETS_Current      Statistical      job 387/3178 ( 12.2%) win=8/12 elapsed=  0.1m eta=  1.0m fin~19:45 model_complete
  [S03a] FixedGrowth_1_5  Growth baseline  job 387/3178 ( 12.2%) win=8/12 elapsed=  0.1m eta=  1.0m fin~19:45 model_complete
  [S03a] FixedGrowth_3    Growth baseline  job 387/3178 ( 12.2%) win=8/12 elapsed=  0.1m eta=  1.0m fin~19:45 model_complete
  [S03a] FixedGrowth_4    Growth baseline  job 387/3178 ( 12.2%) win=8/12 elapsed=  0.1m eta=  1.0m fin~19:45 model_complete
  [S03a] FixedGrowth_6    Growth baseline  job 387/3178 ( 12.2%) win=8/12 elapsed=  0.1m eta=  1.0m fin~19:45 model_complete
  [S03a] LinearRegression Machine learning job 387/3178 ( 12.2%) win=9/12 elapsed=  0.1m eta=  1.0m fin~19:45 model_complete
  [S03a] ARIMA_Fixed      Statistical      job 388/3178 ( 12.2%) win=9/12 elapsed=  0.1m eta=  1.0m fin~19:45 model_complete
  [S03a] ETS_Current      Statistical      job 388/3178 ( 12.2%) win=9/12 elapsed=  0.1m eta=  1.0m fin~19:45 model_complete
  [S03a] FixedGrowth_1_5  Growth baseline  job 388/3178 ( 12.2%) win=9/12 elapsed=  0.1m eta=  1.0m fin~19:45 model_complete
  [S03a] FixedGrowth_3    Growth baseline  job 388/3178 ( 12.2%) win=9/12 elapsed=  0.1m eta=  1.0m fin~19:45 model_complete
  [S03a] FixedGrowth_4    Growth baseline  job 388/3178 ( 12.2%) win=9/12 elapsed=  0.1m eta=  1.0m fin~19:45 model_complete
  [S03a] FixedGrowth_6    Growth baseline  job 388/3178 ( 12.2%) win=9/12 elapsed=  0.1m eta=  1.0m fin~19:45 model_complete
  [S03a] LinearRegression Machine learning job 388/3178 ( 12.2%) win=10/12 elapsed=  0.1m eta=  1.0m fin~19:45 model_complete
  [S03a] ARIMA_Fixed      Statistical      job 389/3178 ( 12.2%) win=10/12 elapsed=  0.1m eta=  1.0m fin~19:45 model_complete
  [S03a] ETS_Current      Statistical      job 389/3178 ( 12.2%) win=10/12 elapsed=  0.1m eta=  1.0m fin~19:45 model_complete
  [S03a] FixedGrowth_1_5  Growth baseline  job 389/3178 ( 12.2%) win=10/12 elapsed=  0.1m eta=  1.0m fin~19:45 model_complete
  [S03a] FixedGrowth_3    Growth baseline  job 389/3178 ( 12.2%) win=10/12 elapsed=  0.1m eta=  1.0m fin~19:45 model_complete
  [S03a] FixedGrowth_4    Growth baseline  job 389/3178 ( 12.2%) win=10/12 elapsed=  0.1m eta=  1.0m fin~19:45 model_complete
  [S03a] FixedGrowth_6    Growth baseline  job 389/3178 ( 12.2%) win=10/12 elapsed=  0.1m eta=  1.0m fin~19:45 model_complete
  [S03a] LinearRegression Machine learning job 389/3178 ( 12.2%) win=11/12 elapsed=  0.1m eta=  1.0m fin~19:45 model_complete
  [S03a] ARIMA_Fixed      Statistical      job 390/3178 ( 12.3%) win=11/12 elapsed=  0.1m eta=  1.0m fin~19:45 model_complete
  [S03a] ETS_Current      Statistical      job 2725/3178 ( 85.7%) win=11/12 elapsed=  0.1m eta=  0.0m fin~19:45 running
  [S03a] ETS_Current      Statistical      job 390/3178 ( 12.3%) win=11/12 elapsed=  0.1m eta=  1.0m fin~19:45 model_complete
  [S03a] FixedGrowth_1_5  Growth baseline  job 390/3178 ( 12.3%) win=11/12 elapsed=  0.1m eta=  1.0m fin~19:45 model_complete
  [S03a] FixedGrowth_3    Growth baseline  job 390/3178 ( 12.3%) win=11/12 elapsed=  0.1m eta=  1.0m fin~19:45 model_complete
  [S03a] FixedGrowth_4    Growth baseline  job 390/3178 ( 12.3%) win=11/12 elapsed=  0.1m eta=  1.0m fin~19:45 model_complete
  [S03a] FixedGrowth_6    Growth baseline  job 390/3178 ( 12.3%) win=11/12 elapsed=  0.1m eta=  1.0m fin~19:45 model_complete
  [S03a] LinearRegression Machine learning job 390/3178 ( 12.3%) win=12/12 elapsed=  0.1m eta=  1.0m fin~19:45 model_complete
  [S03a] ARIMA_Fixed      Statistical      job 391/3178 ( 12.3%) win=12/12 elapsed=  0.1m eta=  1.0m fin~19:45 model_complete
  [S03a] ETS_Current      Statistical      job 391/3178 ( 12.3%) win=12/12 elapsed=  0.1m eta=  1.0m fin~19:45 model_complete
  [S03a] FixedGrowth_1_5  Growth baseline  job 391/3178 ( 12.3%) win=12/12 elapsed=  0.1m eta=  1.0m fin~19:45 model_complete
  [S03a] FixedGrowth_3    Growth baseline  job 391/3178 ( 12.3%) win=12/12 elapsed=  0.1m eta=  1.0m fin~19:45 model_complete
  [S03a] FixedGrowth_4    Growth baseline  job 391/3178 ( 12.3%) win=12/12 elapsed=  0.1m eta=  1.0m fin~19:45 model_complete
  [S03a] FixedGrowth_6    Growth baseline  job 391/3178 ( 12.3%) win=12/12 elapsed=  0.1m eta=  1.0m fin~19:45 model_complete
  [S03a] LinearRegression Machine learning job 391/3178 ( 12.3%) win=1/12 elapsed=  0.1m eta=  1.0m fin~19:45 model_complete
  [S03a] ARIMA_Fixed      Statistical      job 392/3178 ( 12.3%) win=1/12 elapsed=  0.1m eta=  1.0m fin~19:45 model_complete
  [S03a] ETS_Current      Statistical      job 392/3178 ( 12.3%) win=1/12 elapsed=  0.1m eta=  1.0m fin~19:45 model_complete
  [S03a] FixedGrowth_1_5  Growth baseline  job 392/3178 ( 12.3%) win=1/12 elapsed=  0.1m eta=  1.0m fin~19:45 model_complete
  [S03a] FixedGrowth_3    Growth baseline  job 392/3178 ( 12.3%) win=1/12 elapsed=  0.1m eta=  1.0m fin~19:45 model_complete
  [S03a] FixedGrowth_4    Growth baseline  job 392/3178 ( 12.3%) win=1/12 elapsed=  0.1m eta=  1.0m fin~19:45 model_complete
  [S03a] FixedGrowth_6    Growth baseline  job 392/3178 ( 12.3%) win=1/12 elapsed=  0.1m eta=  1.0m fin~19:45 model_complete
  [S03a] LinearRegression Machine learning job 392/3178 ( 12.3%) win=2/12 elapsed=  0.1m eta=  1.0m fin~19:45 model_complete
  [S03a] ARIMA_Fixed      Statistical      job 393/3178 ( 12.4%) win=2/12 elapsed=  0.1m eta=  1.0m fin~19:45 model_complete
  [S03a] ETS_Current      Statistical      job 393/3178 ( 12.4%) win=2/12 elapsed=  0.1m eta=  1.0m fin~19:45 model_complete
  [S03a] FixedGrowth_1_5  Growth baseline  job 393/3178 ( 12.4%) win=2/12 elapsed=  0.1m eta=  1.0m fin~19:45 model_complete
  [S03a] FixedGrowth_3    Growth baseline  job 393/3178 ( 12.4%) win=2/12 elapsed=  0.1m eta=  1.0m fin~19:45 model_complete
  [S03a] FixedGrowth_4    Growth baseline  job 393/3178 ( 12.4%) win=2/12 elapsed=  0.1m eta=  1.0m fin~19:45 model_complete
  [S03a] FixedGrowth_6    Growth baseline  job 2750/3178 ( 86.5%) win=2/12 elapsed=  0.1m eta=  0.0m fin~19:45 running
  [S03a] FixedGrowth_6    Growth baseline  job 393/3178 ( 12.4%) win=2/12 elapsed=  0.1m eta=  1.0m fin~19:45 model_complete
  [S03a] LinearRegression Machine learning job 393/3178 ( 12.4%) win=3/12 elapsed=  0.1m eta=  1.0m fin~19:45 model_complete
  [S03a] ARIMA_Fixed      Statistical      job 394/3178 ( 12.4%) win=3/12 elapsed=  0.1m eta=  1.0m fin~19:45 model_complete
  [S03a] ETS_Current      Statistical      job 394/3178 ( 12.4%) win=3/12 elapsed=  0.1m eta=  1.0m fin~19:45 model_complete
  [S03a] FixedGrowth_1_5  Growth baseline  job 394/3178 ( 12.4%) win=3/12 elapsed=  0.1m eta=  1.0m fin~19:45 model_complete
  [S03a] FixedGrowth_3    Growth baseline  job 394/3178 ( 12.4%) win=3/12 elapsed=  0.1m eta=  1.0m fin~19:45 model_complete
  [S03a] FixedGrowth_4    Growth baseline  job 394/3178 ( 12.4%) win=3/12 elapsed=  0.1m eta=  1.0m fin~19:45 model_complete
  [S03a] FixedGrowth_6    Growth baseline  job 394/3178 ( 12.4%) win=3/12 elapsed=  0.1m eta=  1.0m fin~19:45 model_complete
  [S03a] LinearRegression Machine learning job 394/3178 ( 12.4%) win=4/12 elapsed=  0.1m eta=  1.0m fin~19:45 model_complete
  [S03a] ARIMA_Fixed      Statistical      job 395/3178 ( 12.4%) win=4/12 elapsed=  0.1m eta=  1.0m fin~19:45 model_complete
  [S03a] ETS_Current      Statistical      job 395/3178 ( 12.4%) win=4/12 elapsed=  0.1m eta=  1.0m fin~19:45 model_complete
  [S03a] FixedGrowth_1_5  Growth baseline  job 395/3178 ( 12.4%) win=4/12 elapsed=  0.1m eta=  1.0m fin~19:45 model_complete
  [S03a] FixedGrowth_3    Growth baseline  job 395/3178 ( 12.4%) win=4/12 elapsed=  0.1m eta=  1.0m fin~19:45 model_complete
  [S03a] FixedGrowth_4    Growth baseline  job 395/3178 ( 12.4%) win=4/12 elapsed=  0.1m eta=  1.0m fin~19:45 model_complete
  [S03a] FixedGrowth_6    Growth baseline  job 395/3178 ( 12.4%) win=4/12 elapsed=  0.1m eta=  1.0m fin~19:45 model_complete
  [S03a] LinearRegression Machine learning job 395/3178 ( 12.4%) win=5/12 elapsed=  0.1m eta=  1.0m fin~19:45 model_complete
  [S03a] ARIMA_Fixed      Statistical      job 396/3178 ( 12.5%) win=5/12 elapsed=  0.1m eta=  1.0m fin~19:45 model_complete
  [S03a] ETS_Current      Statistical      job 396/3178 ( 12.5%) win=5/12 elapsed=  0.1m eta=  1.0m fin~19:45 model_complete
  [S03a] FixedGrowth_1_5  Growth baseline  job 396/3178 ( 12.5%) win=5/12 elapsed=  0.1m eta=  1.0m fin~19:45 model_complete
  [S03a] FixedGrowth_3    Growth baseline  job 396/3178 ( 12.5%) win=5/12 elapsed=  0.1m eta=  1.0m fin~19:45 model_complete
  [S03a] FixedGrowth_4    Growth baseline  job 396/3178 ( 12.5%) win=5/12 elapsed=  0.1m eta=  1.0m fin~19:45 model_complete
  [S03a] FixedGrowth_6    Growth baseline  job 396/3178 ( 12.5%) win=5/12 elapsed=  0.1m eta=  1.0m fin~19:45 model_complete
  [S03a] LinearRegression Machine learning job 396/3178 ( 12.5%) win=6/12 elapsed=  0.1m eta=  1.0m fin~19:45 model_complete
  [S03a] ARIMA_Fixed      Statistical      job 397/3178 ( 12.5%) win=6/12 elapsed=  0.1m eta=  1.0m fin~19:45 model_complete
  [S03a] ETS_Current      Statistical      job 397/3178 ( 12.5%) win=6/12 elapsed=  0.1m eta=  1.0m fin~19:45 model_complete
  [S03a] FixedGrowth_1_5  Growth baseline  job 2775/3178 ( 87.3%) win=6/12 elapsed=  0.1m eta=  0.0m fin~19:45 running
  [S03a] FixedGrowth_1_5  Growth baseline  job 397/3178 ( 12.5%) win=6/12 elapsed=  0.1m eta=  1.0m fin~19:45 model_complete
  [S03a] FixedGrowth_3    Growth baseline  job 397/3178 ( 12.5%) win=6/12 elapsed=  0.1m eta=  1.0m fin~19:45 model_complete
  [S03a] FixedGrowth_4    Growth baseline  job 397/3178 ( 12.5%) win=6/12 elapsed=  0.1m eta=  1.0m fin~19:45 model_complete
  [S03a] FixedGrowth_6    Growth baseline  job 397/3178 ( 12.5%) win=6/12 elapsed=  0.1m eta=  1.0m fin~19:45 model_complete
  [S03a] LinearRegression Machine learning job 397/3178 ( 12.5%) win=7/12 elapsed=  0.1m eta=  1.0m fin~19:45 model_complete
  [S03a] ARIMA_Fixed      Statistical      job 398/3178 ( 12.5%) win=7/12 elapsed=  0.1m eta=  1.0m fin~19:45 model_complete
  [S03a] ETS_Current      Statistical      job 398/3178 ( 12.5%) win=7/12 elapsed=  0.1m eta=  1.0m fin~19:45 model_complete
  [S03a] FixedGrowth_1_5  Growth baseline  job 398/3178 ( 12.5%) win=7/12 elapsed=  0.1m eta=  1.0m fin~19:45 model_complete
  [S03a] FixedGrowth_3    Growth baseline  job 398/3178 ( 12.5%) win=7/12 elapsed=  0.1m eta=  1.0m fin~19:45 model_complete
  [S03a] FixedGrowth_4    Growth baseline  job 398/3178 ( 12.5%) win=7/12 elapsed=  0.1m eta=  1.0m fin~19:45 model_complete
  [S03a] FixedGrowth_6    Growth baseline  job 398/3178 ( 12.5%) win=7/12 elapsed=  0.1m eta=  1.0m fin~19:45 model_complete
  [S03a] LinearRegression Machine learning job 398/3178 ( 12.5%) win=8/12 elapsed=  0.1m eta=  1.0m fin~19:45 model_complete
  [S03a] ARIMA_Fixed      Statistical      job 399/3178 ( 12.6%) win=8/12 elapsed=  0.1m eta=  1.0m fin~19:45 model_complete
  [S03a] ETS_Current      Statistical      job 399/3178 ( 12.6%) win=8/12 elapsed=  0.1m eta=  1.0m fin~19:45 model_complete
  [S03a] FixedGrowth_1_5  Growth baseline  job 399/3178 ( 12.6%) win=8/12 elapsed=  0.1m eta=  1.0m fin~19:45 model_complete
  [S03a] FixedGrowth_3    Growth baseline  job 399/3178 ( 12.6%) win=8/12 elapsed=  0.1m eta=  1.0m fin~19:45 model_complete
  [S03a] FixedGrowth_4    Growth baseline  job 399/3178 ( 12.6%) win=8/12 elapsed=  0.1m eta=  1.0m fin~19:45 model_complete
  [S03a] FixedGrowth_6    Growth baseline  job 399/3178 ( 12.6%) win=8/12 elapsed=  0.1m eta=  1.0m fin~19:45 model_complete
  [S03a] LinearRegression Machine learning job 399/3178 ( 12.6%) win=9/12 elapsed=  0.1m eta=  1.0m fin~19:45 model_complete
  [S03a] ARIMA_Fixed      Statistical      job 400/3178 ( 12.6%) win=9/12 elapsed=  0.1m eta=  1.0m fin~19:45 model_complete
  [S03a] ETS_Current      Statistical      job 400/3178 ( 12.6%) win=9/12 elapsed=  0.1m eta=  1.0m fin~19:45 model_complete
  [S03a] FixedGrowth_1_5  Growth baseline  job 400/3178 ( 12.6%) win=9/12 elapsed=  0.1m eta=  1.0m fin~19:45 model_complete
  [S03a] FixedGrowth_3    Growth baseline  job 400/3178 ( 12.6%) win=9/12 elapsed=  0.1m eta=  1.0m fin~19:45 model_complete
  [S03a] FixedGrowth_4    Growth baseline  job 400/3178 ( 12.6%) win=9/12 elapsed=  0.1m eta=  1.0m fin~19:45 model_complete
  [S03a] FixedGrowth_6    Growth baseline  job 400/3178 ( 12.6%) win=9/12 elapsed=  0.1m eta=  1.0m fin~19:45 model_complete
  [S03a] LinearRegression Machine learning job 2800/3178 ( 88.1%) win=9/12 elapsed=  0.1m eta=  0.0m fin~19:45 running
  [S03a] LinearRegression Machine learning job 400/3178 ( 12.6%) win=10/12 elapsed=  0.1m eta=  1.0m fin~19:45 model_complete
  [S03a] ARIMA_Fixed      Statistical      job 401/3178 ( 12.6%) win=10/12 elapsed=  0.1m eta=  1.0m fin~19:45 model_complete
  [S03a] ETS_Current      Statistical      job 401/3178 ( 12.6%) win=10/12 elapsed=  0.1m eta=  1.0m fin~19:45 model_complete
  [S03a] FixedGrowth_1_5  Growth baseline  job 401/3178 ( 12.6%) win=10/12 elapsed=  0.1m eta=  1.0m fin~19:45 model_complete
  [S03a] FixedGrowth_3    Growth baseline  job 401/3178 ( 12.6%) win=10/12 elapsed=  0.1m eta=  1.0m fin~19:45 model_complete
  [S03a] FixedGrowth_4    Growth baseline  job 401/3178 ( 12.6%) win=10/12 elapsed=  0.1m eta=  1.0m fin~19:45 model_complete
  [S03a] FixedGrowth_6    Growth baseline  job 401/3178 ( 12.6%) win=10/12 elapsed=  0.1m eta=  1.0m fin~19:45 model_complete
  [S03a] LinearRegression Machine learning job 401/3178 ( 12.6%) win=11/12 elapsed=  0.1m eta=  1.0m fin~19:45 model_complete
  [S03a] ARIMA_Fixed      Statistical      job 402/3178 ( 12.6%) win=11/12 elapsed=  0.1m eta=  1.0m fin~19:45 model_complete
  [S03a] ETS_Current      Statistical      job 402/3178 ( 12.6%) win=11/12 elapsed=  0.1m eta=  1.0m fin~19:45 model_complete
  [S03a] FixedGrowth_1_5  Growth baseline  job 402/3178 ( 12.6%) win=11/12 elapsed=  0.1m eta=  1.0m fin~19:45 model_complete
  [S03a] FixedGrowth_3    Growth baseline  job 402/3178 ( 12.6%) win=11/12 elapsed=  0.1m eta=  1.0m fin~19:45 model_complete
  [S03a] FixedGrowth_4    Growth baseline  job 402/3178 ( 12.6%) win=11/12 elapsed=  0.1m eta=  1.0m fin~19:45 model_complete
  [S03a] FixedGrowth_6    Growth baseline  job 402/3178 ( 12.6%) win=11/12 elapsed=  0.1m eta=  1.0m fin~19:45 model_complete
  [S03a] LinearRegression Machine learning job 402/3178 ( 12.6%) win=12/12 elapsed=  0.1m eta=  1.0m fin~19:45 model_complete
  [S03a] ARIMA_Fixed      Statistical      job 403/3178 ( 12.7%) win=12/12 elapsed=  0.1m eta=  1.0m fin~19:45 model_complete
  [S03a] ETS_Current      Statistical      job 403/3178 ( 12.7%) win=12/12 elapsed=  0.1m eta=  1.0m fin~19:45 model_complete
  [S03a] FixedGrowth_1_5  Growth baseline  job 403/3178 ( 12.7%) win=12/12 elapsed=  0.1m eta=  1.0m fin~19:45 model_complete
  [S03a] FixedGrowth_3    Growth baseline  job 403/3178 ( 12.7%) win=12/12 elapsed=  0.1m eta=  1.0m fin~19:45 model_complete
  [S03a] FixedGrowth_4    Growth baseline  job 403/3178 ( 12.7%) win=12/12 elapsed=  0.1m eta=  1.0m fin~19:45 model_complete
  [S03a] FixedGrowth_6    Growth baseline  job 403/3178 ( 12.7%) win=12/12 elapsed=  0.1m eta=  1.0m fin~19:45 model_complete
  [S03a] LinearRegression Machine learning job 403/3178 ( 12.7%) win=1/12 elapsed=  0.1m eta=  1.0m fin~19:45 model_complete
  [S03a] ARIMA_Fixed      Statistical      job 404/3178 ( 12.7%) win=1/12 elapsed=  0.1m eta=  1.0m fin~19:45 model_complete
  [S03a] ETS_Current      Statistical      job 404/3178 ( 12.7%) win=1/12 elapsed=  0.1m eta=  1.0m fin~19:45 model_complete
  [S03a] FixedGrowth_1_5  Growth baseline  job 404/3178 ( 12.7%) win=1/12 elapsed=  0.1m eta=  1.0m fin~19:45 model_complete
  [S03a] FixedGrowth_3    Growth baseline  job 2825/3178 ( 88.9%) win=1/12 elapsed=  0.1m eta=  0.0m fin~19:45 running
  [S03a] FixedGrowth_3    Growth baseline  job 404/3178 ( 12.7%) win=1/12 elapsed=  0.1m eta=  1.0m fin~19:45 model_complete
  [S03a] FixedGrowth_4    Growth baseline  job 404/3178 ( 12.7%) win=1/12 elapsed=  0.1m eta=  1.0m fin~19:45 model_complete
  [S03a] FixedGrowth_6    Growth baseline  job 404/3178 ( 12.7%) win=1/12 elapsed=  0.1m eta=  1.0m fin~19:45 model_complete
  [S03a] LinearRegression Machine learning job 404/3178 ( 12.7%) win=2/12 elapsed=  0.1m eta=  1.0m fin~19:45 model_complete
  [S03a] ARIMA_Fixed      Statistical      job 405/3178 ( 12.7%) win=2/12 elapsed=  0.1m eta=  1.0m fin~19:45 model_complete
  [S03a] ETS_Current      Statistical      job 405/3178 ( 12.7%) win=2/12 elapsed=  0.1m eta=  1.0m fin~19:45 model_complete
  [S03a] FixedGrowth_1_5  Growth baseline  job 405/3178 ( 12.7%) win=2/12 elapsed=  0.1m eta=  1.0m fin~19:45 model_complete
  [S03a] FixedGrowth_3    Growth baseline  job 405/3178 ( 12.7%) win=2/12 elapsed=  0.1m eta=  1.0m fin~19:45 model_complete
  [S03a] FixedGrowth_4    Growth baseline  job 405/3178 ( 12.7%) win=2/12 elapsed=  0.1m eta=  1.0m fin~19:45 model_complete
  [S03a] FixedGrowth_6    Growth baseline  job 405/3178 ( 12.7%) win=2/12 elapsed=  0.1m eta=  1.0m fin~19:45 model_complete
  [S03a] LinearRegression Machine learning job 405/3178 ( 12.7%) win=3/12 elapsed=  0.1m eta=  1.0m fin~19:45 model_complete
  [S03a] ARIMA_Fixed      Statistical      job 406/3178 ( 12.8%) win=3/12 elapsed=  0.1m eta=  1.0m fin~19:45 model_complete
  [S03a] ETS_Current      Statistical      job 406/3178 ( 12.8%) win=3/12 elapsed=  0.1m eta=  1.0m fin~19:45 model_complete
  [S03a] FixedGrowth_1_5  Growth baseline  job 406/3178 ( 12.8%) win=3/12 elapsed=  0.1m eta=  1.0m fin~19:45 model_complete
  [S03a] FixedGrowth_3    Growth baseline  job 406/3178 ( 12.8%) win=3/12 elapsed=  0.1m eta=  1.0m fin~19:45 model_complete
  [S03a] FixedGrowth_4    Growth baseline  job 406/3178 ( 12.8%) win=3/12 elapsed=  0.1m eta=  1.0m fin~19:45 model_complete
  [S03a] FixedGrowth_6    Growth baseline  job 406/3178 ( 12.8%) win=3/12 elapsed=  0.1m eta=  1.0m fin~19:45 model_complete
  [S03a] LinearRegression Machine learning job 406/3178 ( 12.8%) win=4/12 elapsed=  0.1m eta=  1.0m fin~19:45 model_complete
  [S03a] ARIMA_Fixed      Statistical      job 407/3178 ( 12.8%) win=4/12 elapsed=  0.1m eta=  1.0m fin~19:45 model_complete
  [S03a] ETS_Current      Statistical      job 407/3178 ( 12.8%) win=4/12 elapsed=  0.1m eta=  1.0m fin~19:45 model_complete
  [S03a] FixedGrowth_1_5  Growth baseline  job 407/3178 ( 12.8%) win=4/12 elapsed=  0.1m eta=  1.0m fin~19:45 model_complete
  [S03a] FixedGrowth_3    Growth baseline  job 407/3178 ( 12.8%) win=4/12 elapsed=  0.1m eta=  1.0m fin~19:45 model_complete
  [S03a] FixedGrowth_4    Growth baseline  job 407/3178 ( 12.8%) win=4/12 elapsed=  0.1m eta=  1.0m fin~19:45 model_complete
  [S03a] FixedGrowth_6    Growth baseline  job 407/3178 ( 12.8%) win=4/12 elapsed=  0.1m eta=  1.0m fin~19:45 model_complete
  [S03a] LinearRegression Machine learning job 407/3178 ( 12.8%) win=5/12 elapsed=  0.1m eta=  1.0m fin~19:45 model_complete
  [S03a] ARIMA_Fixed      Statistical      job 2850/3178 ( 89.7%) win=5/12 elapsed=  0.1m eta=  0.0m fin~19:45 running
  [S03a] ARIMA_Fixed      Statistical      job 408/3178 ( 12.8%) win=5/12 elapsed=  0.1m eta=  1.0m fin~19:45 model_complete
  [S03a] ETS_Current      Statistical      job 408/3178 ( 12.8%) win=5/12 elapsed=  0.1m eta=  1.0m fin~19:45 model_complete
  [S03a] FixedGrowth_1_5  Growth baseline  job 408/3178 ( 12.8%) win=5/12 elapsed=  0.1m eta=  1.0m fin~19:45 model_complete
  [S03a] FixedGrowth_3    Growth baseline  job 408/3178 ( 12.8%) win=5/12 elapsed=  0.1m eta=  1.0m fin~19:45 model_complete
  [S03a] FixedGrowth_4    Growth baseline  job 408/3178 ( 12.8%) win=5/12 elapsed=  0.1m eta=  1.0m fin~19:45 model_complete
  [S03a] FixedGrowth_6    Growth baseline  job 408/3178 ( 12.8%) win=5/12 elapsed=  0.1m eta=  1.0m fin~19:45 model_complete
  [S03a] LinearRegression Machine learning job 408/3178 ( 12.8%) win=6/12 elapsed=  0.1m eta=  1.0m fin~19:45 model_complete
  [S03a] ARIMA_Fixed      Statistical      job 409/3178 ( 12.9%) win=6/12 elapsed=  0.1m eta=  1.0m fin~19:45 model_complete
  [S03a] ETS_Current      Statistical      job 409/3178 ( 12.9%) win=6/12 elapsed=  0.1m eta=  1.0m fin~19:45 model_complete
  [S03a] FixedGrowth_1_5  Growth baseline  job 409/3178 ( 12.9%) win=6/12 elapsed=  0.1m eta=  1.0m fin~19:45 model_complete
  [S03a] FixedGrowth_3    Growth baseline  job 409/3178 ( 12.9%) win=6/12 elapsed=  0.1m eta=  1.0m fin~19:45 model_complete
  [S03a] FixedGrowth_4    Growth baseline  job 409/3178 ( 12.9%) win=6/12 elapsed=  0.1m eta=  1.0m fin~19:45 model_complete
  [S03a] FixedGrowth_6    Growth baseline  job 409/3178 ( 12.9%) win=6/12 elapsed=  0.1m eta=  1.0m fin~19:45 model_complete
  [S03a] LinearRegression Machine learning job 409/3178 ( 12.9%) win=7/12 elapsed=  0.1m eta=  1.0m fin~19:45 model_complete
  [S03a] ARIMA_Fixed      Statistical      job 410/3178 ( 12.9%) win=7/12 elapsed=  0.1m eta=  1.0m fin~19:45 model_complete
  [S03a] ETS_Current      Statistical      job 410/3178 ( 12.9%) win=7/12 elapsed=  0.1m eta=  1.0m fin~19:45 model_complete
  [S03a] FixedGrowth_1_5  Growth baseline  job 410/3178 ( 12.9%) win=7/12 elapsed=  0.1m eta=  1.0m fin~19:45 model_complete
  [S03a] FixedGrowth_3    Growth baseline  job 410/3178 ( 12.9%) win=7/12 elapsed=  0.1m eta=  1.0m fin~19:45 model_complete
  [S03a] FixedGrowth_4    Growth baseline  job 410/3178 ( 12.9%) win=7/12 elapsed=  0.1m eta=  1.0m fin~19:45 model_complete
  [S03a] FixedGrowth_6    Growth baseline  job 410/3178 ( 12.9%) win=7/12 elapsed=  0.1m eta=  1.0m fin~19:45 model_complete
  [S03a] LinearRegression Machine learning job 410/3178 ( 12.9%) win=8/12 elapsed=  0.1m eta=  1.0m fin~19:45 model_complete
  [S03a] ARIMA_Fixed      Statistical      job 411/3178 ( 12.9%) win=8/12 elapsed=  0.1m eta=  1.0m fin~19:45 model_complete
  [S03a] ETS_Current      Statistical      job 411/3178 ( 12.9%) win=8/12 elapsed=  0.1m eta=  1.0m fin~19:45 model_complete
  [S03a] FixedGrowth_1_5  Growth baseline  job 411/3178 ( 12.9%) win=8/12 elapsed=  0.1m eta=  1.0m fin~19:45 model_complete
  [S03a] FixedGrowth_3    Growth baseline  job 411/3178 ( 12.9%) win=8/12 elapsed=  0.1m eta=  1.0m fin~19:45 model_complete
  [S03a] FixedGrowth_4    Growth baseline  job 2875/3178 ( 90.5%) win=8/12 elapsed=  0.1m eta=  0.0m fin~19:45 running
  [S03a] FixedGrowth_4    Growth baseline  job 411/3178 ( 12.9%) win=8/12 elapsed=  0.1m eta=  1.0m fin~19:45 model_complete
  [S03a] FixedGrowth_6    Growth baseline  job 411/3178 ( 12.9%) win=8/12 elapsed=  0.1m eta=  1.0m fin~19:45 model_complete
  [S03a] LinearRegression Machine learning job 411/3178 ( 12.9%) win=9/12 elapsed=  0.1m eta=  1.0m fin~19:45 model_complete
  [S03a] ARIMA_Fixed      Statistical      job 412/3178 ( 13.0%) win=9/12 elapsed=  0.1m eta=  1.0m fin~19:45 model_complete
  [S03a] ETS_Current      Statistical      job 412/3178 ( 13.0%) win=9/12 elapsed=  0.1m eta=  1.0m fin~19:45 model_complete
  [S03a] FixedGrowth_1_5  Growth baseline  job 412/3178 ( 13.0%) win=9/12 elapsed=  0.1m eta=  1.0m fin~19:45 model_complete
  [S03a] FixedGrowth_3    Growth baseline  job 412/3178 ( 13.0%) win=9/12 elapsed=  0.1m eta=  1.0m fin~19:45 model_complete
  [S03a] FixedGrowth_4    Growth baseline  job 412/3178 ( 13.0%) win=9/12 elapsed=  0.1m eta=  1.0m fin~19:45 model_complete
  [S03a] FixedGrowth_6    Growth baseline  job 412/3178 ( 13.0%) win=9/12 elapsed=  0.1m eta=  1.0m fin~19:45 model_complete
  [S03a] LinearRegression Machine learning job 412/3178 ( 13.0%) win=10/12 elapsed=  0.1m eta=  1.0m fin~19:45 model_complete
  [S03a] ARIMA_Fixed      Statistical      job 413/3178 ( 13.0%) win=10/12 elapsed=  0.1m eta=  1.0m fin~19:45 model_complete
  [S03a] ETS_Current      Statistical      job 413/3178 ( 13.0%) win=10/12 elapsed=  0.1m eta=  1.0m fin~19:45 model_complete
  [S03a] FixedGrowth_1_5  Growth baseline  job 413/3178 ( 13.0%) win=10/12 elapsed=  0.1m eta=  1.0m fin~19:45 model_complete
  [S03a] FixedGrowth_3    Growth baseline  job 413/3178 ( 13.0%) win=10/12 elapsed=  0.1m eta=  1.0m fin~19:45 model_complete
  [S03a] FixedGrowth_4    Growth baseline  job 413/3178 ( 13.0%) win=10/12 elapsed=  0.1m eta=  1.0m fin~19:45 model_complete
  [S03a] FixedGrowth_6    Growth baseline  job 413/3178 ( 13.0%) win=10/12 elapsed=  0.1m eta=  1.0m fin~19:45 model_complete
  [S03a] LinearRegression Machine learning job 413/3178 ( 13.0%) win=11/12 elapsed=  0.1m eta=  1.0m fin~19:45 model_complete
  [S03a] ARIMA_Fixed      Statistical      job 414/3178 ( 13.0%) win=11/12 elapsed=  0.1m eta=  1.0m fin~19:45 model_complete
  [S03a] ETS_Current      Statistical      job 414/3178 ( 13.0%) win=11/12 elapsed=  0.1m eta=  1.0m fin~19:45 model_complete
  [S03a] FixedGrowth_1_5  Growth baseline  job 414/3178 ( 13.0%) win=11/12 elapsed=  0.1m eta=  1.0m fin~19:45 model_complete
  [S03a] FixedGrowth_3    Growth baseline  job 414/3178 ( 13.0%) win=11/12 elapsed=  0.1m eta=  1.0m fin~19:45 model_complete
  [S03a] FixedGrowth_4    Growth baseline  job 414/3178 ( 13.0%) win=11/12 elapsed=  0.1m eta=  1.0m fin~19:45 model_complete
  [S03a] FixedGrowth_6    Growth baseline  job 414/3178 ( 13.0%) win=11/12 elapsed=  0.1m eta=  1.0m fin~19:45 model_complete
  [S03a] LinearRegression Machine learning job 414/3178 ( 13.0%) win=12/12 elapsed=  0.1m eta=  1.0m fin~19:45 model_complete
  [S03a] ARIMA_Fixed      Statistical      job 415/3178 ( 13.1%) win=12/12 elapsed=  0.1m eta=  1.0m fin~19:45 model_complete
  [S03a] ETS_Current      Statistical      job 2900/3178 ( 91.3%) win=12/12 elapsed=  0.1m eta=  0.0m fin~19:45 running
  [S03a] ETS_Current      Statistical      job 415/3178 ( 13.1%) win=12/12 elapsed=  0.1m eta=  1.0m fin~19:45 model_complete
  [S03a] FixedGrowth_1_5  Growth baseline  job 415/3178 ( 13.1%) win=12/12 elapsed=  0.1m eta=  1.0m fin~19:45 model_complete
  [S03a] FixedGrowth_3    Growth baseline  job 415/3178 ( 13.1%) win=12/12 elapsed=  0.1m eta=  1.0m fin~19:45 model_complete
  [S03a] FixedGrowth_4    Growth baseline  job 415/3178 ( 13.1%) win=12/12 elapsed=  0.1m eta=  1.0m fin~19:45 model_complete
  [S03a] FixedGrowth_6    Growth baseline  job 415/3178 ( 13.1%) win=12/12 elapsed=  0.1m eta=  1.0m fin~19:45 model_complete
  [S03a] LinearRegression Machine learning job 415/3178 ( 13.1%) win=1/12 elapsed=  0.1m eta=  1.0m fin~19:45 model_complete
  [S03a] ARIMA_Fixed      Statistical      job 416/3178 ( 13.1%) win=1/12 elapsed=  0.1m eta=  1.0m fin~19:45 model_complete
  [S03a] ETS_Current      Statistical      job 416/3178 ( 13.1%) win=1/12 elapsed=  0.1m eta=  1.0m fin~19:45 model_complete
  [S03a] FixedGrowth_1_5  Growth baseline  job 416/3178 ( 13.1%) win=1/12 elapsed=  0.1m eta=  1.0m fin~19:45 model_complete
  [S03a] FixedGrowth_3    Growth baseline  job 416/3178 ( 13.1%) win=1/12 elapsed=  0.1m eta=  1.0m fin~19:45 model_complete
  [S03a] FixedGrowth_4    Growth baseline  job 416/3178 ( 13.1%) win=1/12 elapsed=  0.1m eta=  1.0m fin~19:45 model_complete
  [S03a] FixedGrowth_6    Growth baseline  job 416/3178 ( 13.1%) win=1/12 elapsed=  0.1m eta=  1.0m fin~19:45 model_complete
  [S03a] LinearRegression Machine learning job 416/3178 ( 13.1%) win=2/12 elapsed=  0.1m eta=  1.0m fin~19:45 model_complete
  [S03a] ARIMA_Fixed      Statistical      job 417/3178 ( 13.1%) win=2/12 elapsed=  0.1m eta=  1.0m fin~19:45 model_complete
  [S03a] ETS_Current      Statistical      job 417/3178 ( 13.1%) win=2/12 elapsed=  0.1m eta=  1.0m fin~19:45 model_complete
  [S03a] FixedGrowth_1_5  Growth baseline  job 417/3178 ( 13.1%) win=2/12 elapsed=  0.1m eta=  1.0m fin~19:45 model_complete
  [S03a] FixedGrowth_3    Growth baseline  job 417/3178 ( 13.1%) win=2/12 elapsed=  0.1m eta=  1.0m fin~19:45 model_complete
  [S03a] FixedGrowth_4    Growth baseline  job 417/3178 ( 13.1%) win=2/12 elapsed=  0.1m eta=  1.0m fin~19:45 model_complete
  [S03a] FixedGrowth_6    Growth baseline  job 417/3178 ( 13.1%) win=2/12 elapsed=  0.1m eta=  1.0m fin~19:45 model_complete
  [S03a] LinearRegression Machine learning job 417/3178 ( 13.1%) win=3/12 elapsed=  0.1m eta=  1.0m fin~19:45 model_complete
  [S03a] ARIMA_Fixed      Statistical      job 418/3178 ( 13.2%) win=3/12 elapsed=  0.1m eta=  1.0m fin~19:45 model_complete
  [S03a] ETS_Current      Statistical      job 418/3178 ( 13.2%) win=3/12 elapsed=  0.1m eta=  1.0m fin~19:45 model_complete
  [S03a] FixedGrowth_1_5  Growth baseline  job 418/3178 ( 13.2%) win=3/12 elapsed=  0.1m eta=  1.0m fin~19:45 model_complete
  [S03a] FixedGrowth_3    Growth baseline  job 418/3178 ( 13.2%) win=3/12 elapsed=  0.1m eta=  1.0m fin~19:45 model_complete
  [S03a] FixedGrowth_4    Growth baseline  job 418/3178 ( 13.2%) win=3/12 elapsed=  0.1m eta=  1.0m fin~19:45 model_complete
  [S03a] FixedGrowth_6    Growth baseline  job 2925/3178 ( 92.0%) win=3/12 elapsed=  0.1m eta=  0.0m fin~19:45 running
  [S03a] FixedGrowth_6    Growth baseline  job 418/3178 ( 13.2%) win=3/12 elapsed=  0.1m eta=  1.0m fin~19:45 model_complete
  [S03a] LinearRegression Machine learning job 418/3178 ( 13.2%) win=6/12 elapsed=  0.1m eta=  1.0m fin~19:45 model_complete
  [S03a] ARIMA_Fixed      Statistical      job 419/3178 ( 13.2%) win=6/12 elapsed=  0.1m eta=  1.0m fin~19:45 model_complete
  [S03a] ETS_Current      Statistical      job 419/3178 ( 13.2%) win=6/12 elapsed=  0.1m eta=  1.0m fin~19:45 model_complete
  [S03a] FixedGrowth_1_5  Growth baseline  job 419/3178 ( 13.2%) win=6/12 elapsed=  0.1m eta=  1.0m fin~19:45 model_complete
  [S03a] FixedGrowth_3    Growth baseline  job 419/3178 ( 13.2%) win=6/12 elapsed=  0.1m eta=  1.0m fin~19:45 model_complete
  [S03a] FixedGrowth_4    Growth baseline  job 419/3178 ( 13.2%) win=6/12 elapsed=  0.1m eta=  1.0m fin~19:45 model_complete
  [S03a] FixedGrowth_6    Growth baseline  job 419/3178 ( 13.2%) win=6/12 elapsed=  0.1m eta=  1.0m fin~19:45 model_complete
  [S03a] LinearRegression Machine learning job 419/3178 ( 13.2%) win=7/12 elapsed=  0.1m eta=  1.0m fin~19:45 model_complete
  [S03a] ARIMA_Fixed      Statistical      job 420/3178 ( 13.2%) win=7/12 elapsed=  0.1m eta=  1.0m fin~19:45 model_complete
  [S03a] ETS_Current      Statistical      job 420/3178 ( 13.2%) win=7/12 elapsed=  0.1m eta=  1.0m fin~19:45 model_complete
  [S03a] FixedGrowth_1_5  Growth baseline  job 420/3178 ( 13.2%) win=7/12 elapsed=  0.1m eta=  1.0m fin~19:45 model_complete
  [S03a] FixedGrowth_3    Growth baseline  job 420/3178 ( 13.2%) win=7/12 elapsed=  0.1m eta=  1.0m fin~19:45 model_complete
  [S03a] FixedGrowth_4    Growth baseline  job 420/3178 ( 13.2%) win=7/12 elapsed=  0.1m eta=  1.0m fin~19:45 model_complete
  [S03a] FixedGrowth_6    Growth baseline  job 420/3178 ( 13.2%) win=7/12 elapsed=  0.1m eta=  1.0m fin~19:45 model_complete
  [S03a] LinearRegression Machine learning job 420/3178 ( 13.2%) win=8/12 elapsed=  0.1m eta=  1.0m fin~19:45 model_complete
  [S03a] ARIMA_Fixed      Statistical      job 421/3178 ( 13.2%) win=8/12 elapsed=  0.1m eta=  1.0m fin~19:45 model_complete
  [S03a] ETS_Current      Statistical      job 421/3178 ( 13.2%) win=8/12 elapsed=  0.1m eta=  1.0m fin~19:45 model_complete
  [S03a] FixedGrowth_1_5  Growth baseline  job 421/3178 ( 13.2%) win=8/12 elapsed=  0.1m eta=  1.0m fin~19:45 model_complete
  [S03a] FixedGrowth_3    Growth baseline  job 421/3178 ( 13.2%) win=8/12 elapsed=  0.1m eta=  1.0m fin~19:45 model_complete
  [S03a] FixedGrowth_4    Growth baseline  job 421/3178 ( 13.2%) win=8/12 elapsed=  0.1m eta=  1.0m fin~19:45 model_complete
  [S03a] FixedGrowth_6    Growth baseline  job 421/3178 ( 13.2%) win=8/12 elapsed=  0.1m eta=  1.0m fin~19:45 model_complete
  [S03a] LinearRegression Machine learning job 421/3178 ( 13.2%) win=9/12 elapsed=  0.1m eta=  1.0m fin~19:45 model_complete
  [S03a] ARIMA_Fixed      Statistical      job 422/3178 ( 13.3%) win=9/12 elapsed=  0.1m eta=  1.0m fin~19:45 model_complete
  [S03a] ETS_Current      Statistical      job 422/3178 ( 13.3%) win=9/12 elapsed=  0.1m eta=  1.0m fin~19:45 model_complete
  [S03a] FixedGrowth_1_5  Growth baseline  job 2950/3178 ( 92.8%) win=9/12 elapsed=  0.1m eta=  0.0m fin~19:45 running
  [S03a] FixedGrowth_1_5  Growth baseline  job 422/3178 ( 13.3%) win=9/12 elapsed=  0.1m eta=  1.0m fin~19:45 model_complete
  [S03a] FixedGrowth_3    Growth baseline  job 422/3178 ( 13.3%) win=9/12 elapsed=  0.1m eta=  1.0m fin~19:45 model_complete
  [S03a] FixedGrowth_4    Growth baseline  job 422/3178 ( 13.3%) win=9/12 elapsed=  0.1m eta=  1.0m fin~19:45 model_complete
  [S03a] FixedGrowth_6    Growth baseline  job 422/3178 ( 13.3%) win=9/12 elapsed=  0.1m eta=  1.0m fin~19:45 model_complete
  [S03a] LinearRegression Machine learning job 422/3178 ( 13.3%) win=10/12 elapsed=  0.1m eta=  1.0m fin~19:45 model_complete
  [S03a] ARIMA_Fixed      Statistical      job 423/3178 ( 13.3%) win=10/12 elapsed=  0.1m eta=  1.0m fin~19:45 model_complete
  [S03a] ETS_Current      Statistical      job 423/3178 ( 13.3%) win=10/12 elapsed=  0.1m eta=  1.0m fin~19:45 model_complete
  [S03a] FixedGrowth_1_5  Growth baseline  job 423/3178 ( 13.3%) win=10/12 elapsed=  0.1m eta=  1.0m fin~19:45 model_complete
  [S03a] FixedGrowth_3    Growth baseline  job 423/3178 ( 13.3%) win=10/12 elapsed=  0.1m eta=  1.0m fin~19:45 model_complete
  [S03a] FixedGrowth_4    Growth baseline  job 423/3178 ( 13.3%) win=10/12 elapsed=  0.1m eta=  1.0m fin~19:45 model_complete
  [S03a] FixedGrowth_6    Growth baseline  job 423/3178 ( 13.3%) win=10/12 elapsed=  0.1m eta=  1.0m fin~19:45 model_complete
  [S03a] LinearRegression Machine learning job 423/3178 ( 13.3%) win=11/12 elapsed=  0.1m eta=  1.0m fin~19:45 model_complete
  [S03a] ARIMA_Fixed      Statistical      job 424/3178 ( 13.3%) win=11/12 elapsed=  0.1m eta=  1.0m fin~19:45 model_complete
  [S03a] ETS_Current      Statistical      job 424/3178 ( 13.3%) win=11/12 elapsed=  0.1m eta=  1.0m fin~19:45 model_complete
  [S03a] FixedGrowth_1_5  Growth baseline  job 424/3178 ( 13.3%) win=11/12 elapsed=  0.1m eta=  1.0m fin~19:45 model_complete
  [S03a] FixedGrowth_3    Growth baseline  job 424/3178 ( 13.3%) win=11/12 elapsed=  0.1m eta=  1.0m fin~19:45 model_complete
  [S03a] FixedGrowth_4    Growth baseline  job 424/3178 ( 13.3%) win=11/12 elapsed=  0.1m eta=  1.0m fin~19:45 model_complete
  [S03a] FixedGrowth_6    Growth baseline  job 424/3178 ( 13.3%) win=11/12 elapsed=  0.1m eta=  1.0m fin~19:45 model_complete
  [S03a] LinearRegression Machine learning job 424/3178 ( 13.3%) win=12/12 elapsed=  0.1m eta=  1.0m fin~19:45 model_complete
  [S03a] ARIMA_Fixed      Statistical      job 425/3178 ( 13.4%) win=12/12 elapsed=  0.1m eta=  1.0m fin~19:45 model_complete
  [S03a] ETS_Current      Statistical      job 425/3178 ( 13.4%) win=12/12 elapsed=  0.1m eta=  1.0m fin~19:45 model_complete
  [S03a] FixedGrowth_1_5  Growth baseline  job 425/3178 ( 13.4%) win=12/12 elapsed=  0.1m eta=  1.0m fin~19:45 model_complete
  [S03a] FixedGrowth_3    Growth baseline  job 425/3178 ( 13.4%) win=12/12 elapsed=  0.1m eta=  1.0m fin~19:45 model_complete
  [S03a] FixedGrowth_4    Growth baseline  job 425/3178 ( 13.4%) win=12/12 elapsed=  0.1m eta=  1.0m fin~19:45 model_complete
  [S03a] FixedGrowth_6    Growth baseline  job 425/3178 ( 13.4%) win=12/12 elapsed=  0.1m eta=  1.0m fin~19:45 model_complete
  [S03a] LinearRegression Machine learning job 2975/3178 ( 93.6%) win=12/12 elapsed=  0.1m eta=  0.0m fin~19:45 running
  [S03a] LinearRegression Machine learning job 425/3178 ( 13.4%) win=1/12 elapsed=  0.1m eta=  1.0m fin~19:45 model_complete
  [S03a] ARIMA_Fixed      Statistical      job 426/3178 ( 13.4%) win=1/12 elapsed=  0.1m eta=  1.0m fin~19:45 model_complete
  [S03a] ETS_Current      Statistical      job 426/3178 ( 13.4%) win=1/12 elapsed=  0.1m eta=  1.0m fin~19:45 model_complete
  [S03a] FixedGrowth_1_5  Growth baseline  job 426/3178 ( 13.4%) win=1/12 elapsed=  0.1m eta=  1.0m fin~19:45 model_complete
  [S03a] FixedGrowth_3    Growth baseline  job 426/3178 ( 13.4%) win=1/12 elapsed=  0.1m eta=  1.0m fin~19:45 model_complete
  [S03a] FixedGrowth_4    Growth baseline  job 426/3178 ( 13.4%) win=1/12 elapsed=  0.1m eta=  1.0m fin~19:45 model_complete
  [S03a] FixedGrowth_6    Growth baseline  job 426/3178 ( 13.4%) win=1/12 elapsed=  0.1m eta=  1.0m fin~19:45 model_complete
  [S03a] LinearRegression Machine learning job 426/3178 ( 13.4%) win=2/12 elapsed=  0.1m eta=  1.0m fin~19:45 model_complete
  [S03a] ARIMA_Fixed      Statistical      job 427/3178 ( 13.4%) win=2/12 elapsed=  0.1m eta=  1.0m fin~19:45 model_complete
  [S03a] ETS_Current      Statistical      job 427/3178 ( 13.4%) win=2/12 elapsed=  0.1m eta=  1.0m fin~19:45 model_complete
  [S03a] FixedGrowth_1_5  Growth baseline  job 427/3178 ( 13.4%) win=2/12 elapsed=  0.1m eta=  1.0m fin~19:45 model_complete
  [S03a] FixedGrowth_3    Growth baseline  job 427/3178 ( 13.4%) win=2/12 elapsed=  0.1m eta=  1.0m fin~19:45 model_complete
  [S03a] FixedGrowth_4    Growth baseline  job 427/3178 ( 13.4%) win=2/12 elapsed=  0.1m eta=  1.0m fin~19:45 model_complete
  [S03a] FixedGrowth_6    Growth baseline  job 427/3178 ( 13.4%) win=2/12 elapsed=  0.1m eta=  1.0m fin~19:45 model_complete
  [S03a] LinearRegression Machine learning job 427/3178 ( 13.4%) win=3/12 elapsed=  0.1m eta=  1.0m fin~19:45 model_complete
  [S03a] ARIMA_Fixed      Statistical      job 428/3178 ( 13.5%) win=3/12 elapsed=  0.1m eta=  0.9m fin~19:45 model_complete
  [S03a] ETS_Current      Statistical      job 428/3178 ( 13.5%) win=3/12 elapsed=  0.1m eta=  0.9m fin~19:45 model_complete
  [S03a] FixedGrowth_1_5  Growth baseline  job 428/3178 ( 13.5%) win=3/12 elapsed=  0.1m eta=  0.9m fin~19:45 model_complete
  [S03a] FixedGrowth_3    Growth baseline  job 428/3178 ( 13.5%) win=3/12 elapsed=  0.1m eta=  0.9m fin~19:45 model_complete
  [S03a] FixedGrowth_4    Growth baseline  job 428/3178 ( 13.5%) win=3/12 elapsed=  0.1m eta=  1.0m fin~19:45 model_complete
  [S03a] FixedGrowth_6    Growth baseline  job 428/3178 ( 13.5%) win=3/12 elapsed=  0.1m eta=  1.0m fin~19:45 model_complete
  [S03a] LinearRegression Machine learning job 428/3178 ( 13.5%) win=4/12 elapsed=  0.1m eta=  1.0m fin~19:45 model_complete
  [S03a] ARIMA_Fixed      Statistical      job 429/3178 ( 13.5%) win=4/12 elapsed=  0.1m eta=  0.9m fin~19:45 model_complete
  [S03a] ETS_Current      Statistical      job 429/3178 ( 13.5%) win=4/12 elapsed=  0.1m eta=  0.9m fin~19:45 model_complete
  [S03a] FixedGrowth_1_5  Growth baseline  job 429/3178 ( 13.5%) win=4/12 elapsed=  0.1m eta=  0.9m fin~19:45 model_complete
  [S03a] FixedGrowth_3    Growth baseline  job 3000/3178 ( 94.4%) win=4/12 elapsed=  0.1m eta=  0.0m fin~19:45 running
  [S03a] FixedGrowth_3    Growth baseline  job 429/3178 ( 13.5%) win=4/12 elapsed=  0.1m eta=  0.9m fin~19:45 model_complete
  [S03a] FixedGrowth_4    Growth baseline  job 429/3178 ( 13.5%) win=4/12 elapsed=  0.1m eta=  0.9m fin~19:45 model_complete
  [S03a] FixedGrowth_6    Growth baseline  job 429/3178 ( 13.5%) win=4/12 elapsed=  0.1m eta=  0.9m fin~19:45 model_complete
  [S03a] LinearRegression Machine learning job 429/3178 ( 13.5%) win=5/12 elapsed=  0.1m eta=  0.9m fin~19:45 model_complete
  [S03a] ARIMA_Fixed      Statistical      job 430/3178 ( 13.5%) win=5/12 elapsed=  0.1m eta=  0.9m fin~19:45 model_complete
  [S03a] ETS_Current      Statistical      job 430/3178 ( 13.5%) win=5/12 elapsed=  0.1m eta=  0.9m fin~19:45 model_complete
  [S03a] FixedGrowth_1_5  Growth baseline  job 430/3178 ( 13.5%) win=5/12 elapsed=  0.1m eta=  0.9m fin~19:45 model_complete
  [S03a] FixedGrowth_3    Growth baseline  job 430/3178 ( 13.5%) win=5/12 elapsed=  0.1m eta=  0.9m fin~19:45 model_complete
  [S03a] FixedGrowth_4    Growth baseline  job 430/3178 ( 13.5%) win=5/12 elapsed=  0.1m eta=  0.9m fin~19:45 model_complete
  [S03a] FixedGrowth_6    Growth baseline  job 430/3178 ( 13.5%) win=5/12 elapsed=  0.1m eta=  0.9m fin~19:45 model_complete
  [S03a] LinearRegression Machine learning job 430/3178 ( 13.5%) win=6/12 elapsed=  0.1m eta=  0.9m fin~19:45 model_complete
  [S03a] ARIMA_Fixed      Statistical      job 431/3178 ( 13.6%) win=6/12 elapsed=  0.1m eta=  0.9m fin~19:45 model_complete
  [S03a] ETS_Current      Statistical      job 431/3178 ( 13.6%) win=6/12 elapsed=  0.1m eta=  0.9m fin~19:45 model_complete
  [S03a] FixedGrowth_1_5  Growth baseline  job 431/3178 ( 13.6%) win=6/12 elapsed=  0.1m eta=  0.9m fin~19:45 model_complete
  [S03a] FixedGrowth_3    Growth baseline  job 431/3178 ( 13.6%) win=6/12 elapsed=  0.1m eta=  0.9m fin~19:45 model_complete
  [S03a] FixedGrowth_4    Growth baseline  job 431/3178 ( 13.6%) win=6/12 elapsed=  0.1m eta=  0.9m fin~19:45 model_complete
  [S03a] FixedGrowth_6    Growth baseline  job 431/3178 ( 13.6%) win=6/12 elapsed=  0.1m eta=  0.9m fin~19:45 model_complete
  [S03a] LinearRegression Machine learning job 431/3178 ( 13.6%) win=7/12 elapsed=  0.1m eta=  0.9m fin~19:45 model_complete
  [S03a] ARIMA_Fixed      Statistical      job 432/3178 ( 13.6%) win=7/12 elapsed=  0.1m eta=  0.9m fin~19:45 model_complete
  [S03a] ETS_Current      Statistical      job 432/3178 ( 13.6%) win=7/12 elapsed=  0.1m eta=  0.9m fin~19:45 model_complete
  [S03a] FixedGrowth_1_5  Growth baseline  job 432/3178 ( 13.6%) win=7/12 elapsed=  0.1m eta=  0.9m fin~19:45 model_complete
  [S03a] FixedGrowth_3    Growth baseline  job 432/3178 ( 13.6%) win=7/12 elapsed=  0.1m eta=  0.9m fin~19:45 model_complete
  [S03a] FixedGrowth_4    Growth baseline  job 432/3178 ( 13.6%) win=7/12 elapsed=  0.1m eta=  0.9m fin~19:45 model_complete
  [S03a] FixedGrowth_6    Growth baseline  job 432/3178 ( 13.6%) win=7/12 elapsed=  0.1m eta=  0.9m fin~19:45 model_complete
  [S03a] LinearRegression Machine learning job 432/3178 ( 13.6%) win=8/12 elapsed=  0.1m eta=  0.9m fin~19:45 model_complete
  [S03a] ARIMA_Fixed      Statistical      job 3025/3178 ( 95.2%) win=8/12 elapsed=  0.1m eta=  0.0m fin~19:45 running
  [S03a] ARIMA_Fixed      Statistical      job 433/3178 ( 13.6%) win=8/12 elapsed=  0.1m eta=  0.9m fin~19:45 model_complete
  [S03a] ETS_Current      Statistical      job 433/3178 ( 13.6%) win=8/12 elapsed=  0.1m eta=  0.9m fin~19:45 model_complete
  [S03a] FixedGrowth_1_5  Growth baseline  job 433/3178 ( 13.6%) win=8/12 elapsed=  0.1m eta=  0.9m fin~19:45 model_complete
  [S03a] FixedGrowth_3    Growth baseline  job 433/3178 ( 13.6%) win=8/12 elapsed=  0.2m eta=  0.9m fin~19:45 model_complete
  [S03a] FixedGrowth_4    Growth baseline  job 433/3178 ( 13.6%) win=8/12 elapsed=  0.2m eta=  0.9m fin~19:45 model_complete
  [S03a] FixedGrowth_6    Growth baseline  job 433/3178 ( 13.6%) win=8/12 elapsed=  0.2m eta=  0.9m fin~19:45 model_complete
  [S03a] LinearRegression Machine learning job 433/3178 ( 13.6%) win=9/12 elapsed=  0.2m eta=  0.9m fin~19:45 model_complete
  [S03a] ARIMA_Fixed      Statistical      job 434/3178 ( 13.7%) win=9/12 elapsed=  0.2m eta=  0.9m fin~19:45 model_complete
  [S03a] ETS_Current      Statistical      job 434/3178 ( 13.7%) win=9/12 elapsed=  0.2m eta=  0.9m fin~19:45 model_complete
  [S03a] FixedGrowth_1_5  Growth baseline  job 434/3178 ( 13.7%) win=9/12 elapsed=  0.2m eta=  0.9m fin~19:45 model_complete
  [S03a] FixedGrowth_3    Growth baseline  job 434/3178 ( 13.7%) win=9/12 elapsed=  0.2m eta=  0.9m fin~19:45 model_complete
  [S03a] FixedGrowth_4    Growth baseline  job 434/3178 ( 13.7%) win=9/12 elapsed=  0.2m eta=  0.9m fin~19:45 model_complete
  [S03a] FixedGrowth_6    Growth baseline  job 434/3178 ( 13.7%) win=9/12 elapsed=  0.2m eta=  0.9m fin~19:45 model_complete
  [S03a] LinearRegression Machine learning job 434/3178 ( 13.7%) win=10/12 elapsed=  0.2m eta=  0.9m fin~19:45 model_complete
  [S03a] ARIMA_Fixed      Statistical      job 435/3178 ( 13.7%) win=10/12 elapsed=  0.2m eta=  0.9m fin~19:45 model_complete
  [S03a] ETS_Current      Statistical      job 435/3178 ( 13.7%) win=10/12 elapsed=  0.2m eta=  0.9m fin~19:45 model_complete
  [S03a] FixedGrowth_1_5  Growth baseline  job 435/3178 ( 13.7%) win=10/12 elapsed=  0.2m eta=  0.9m fin~19:45 model_complete
  [S03a] FixedGrowth_3    Growth baseline  job 435/3178 ( 13.7%) win=10/12 elapsed=  0.2m eta=  0.9m fin~19:45 model_complete
  [S03a] FixedGrowth_4    Growth baseline  job 435/3178 ( 13.7%) win=10/12 elapsed=  0.2m eta=  0.9m fin~19:45 model_complete
  [S03a] FixedGrowth_6    Growth baseline  job 435/3178 ( 13.7%) win=10/12 elapsed=  0.2m eta=  0.9m fin~19:45 model_complete
  [S03a] LinearRegression Machine learning job 435/3178 ( 13.7%) win=11/12 elapsed=  0.2m eta=  0.9m fin~19:45 model_complete
  [S03a] ARIMA_Fixed      Statistical      job 436/3178 ( 13.7%) win=11/12 elapsed=  0.2m eta=  0.9m fin~19:45 model_complete
  [S03a] ETS_Current      Statistical      job 436/3178 ( 13.7%) win=11/12 elapsed=  0.2m eta=  0.9m fin~19:45 model_complete
  [S03a] FixedGrowth_1_5  Growth baseline  job 436/3178 ( 13.7%) win=11/12 elapsed=  0.2m eta=  0.9m fin~19:45 model_complete
  [S03a] FixedGrowth_3    Growth baseline  job 436/3178 ( 13.7%) win=11/12 elapsed=  0.2m eta=  0.9m fin~19:45 model_complete
  [S03a] FixedGrowth_4    Growth baseline  job 3050/3178 ( 96.0%) win=11/12 elapsed=  0.2m eta=  0.0m fin~19:45 running
  [S03a] FixedGrowth_4    Growth baseline  job 436/3178 ( 13.7%) win=11/12 elapsed=  0.2m eta=  0.9m fin~19:45 model_complete
  [S03a] FixedGrowth_6    Growth baseline  job 436/3178 ( 13.7%) win=11/12 elapsed=  0.2m eta=  0.9m fin~19:45 model_complete
  [S03a] LinearRegression Machine learning job 436/3178 ( 13.7%) win=12/12 elapsed=  0.2m eta=  0.9m fin~19:45 model_complete
  [S03a] ARIMA_Fixed      Statistical      job 437/3178 ( 13.8%) win=12/12 elapsed=  0.2m eta=  0.9m fin~19:45 model_complete
  [S03a] ETS_Current      Statistical      job 437/3178 ( 13.8%) win=12/12 elapsed=  0.2m eta=  0.9m fin~19:45 model_complete
  [S03a] FixedGrowth_1_5  Growth baseline  job 437/3178 ( 13.8%) win=12/12 elapsed=  0.2m eta=  0.9m fin~19:45 model_complete
  [S03a] FixedGrowth_3    Growth baseline  job 437/3178 ( 13.8%) win=12/12 elapsed=  0.2m eta=  0.9m fin~19:45 model_complete
  [S03a] FixedGrowth_4    Growth baseline  job 437/3178 ( 13.8%) win=12/12 elapsed=  0.2m eta=  0.9m fin~19:45 model_complete
  [S03a] FixedGrowth_6    Growth baseline  job 437/3178 ( 13.8%) win=12/12 elapsed=  0.2m eta=  0.9m fin~19:45 model_complete
  [S03a] LinearRegression Machine learning job 437/3178 ( 13.8%) win=6/12 elapsed=  0.2m eta=  0.9m fin~19:45 model_complete
  [S03a] ARIMA_Fixed      Statistical      job 438/3178 ( 13.8%) win=6/12 elapsed=  0.2m eta=  0.9m fin~19:45 model_complete
  [S03a] ETS_Current      Statistical      job 438/3178 ( 13.8%) win=6/12 elapsed=  0.2m eta=  0.9m fin~19:45 model_complete
  [S03a] FixedGrowth_1_5  Growth baseline  job 438/3178 ( 13.8%) win=6/12 elapsed=  0.2m eta=  0.9m fin~19:45 model_complete
  [S03a] FixedGrowth_3    Growth baseline  job 438/3178 ( 13.8%) win=6/12 elapsed=  0.2m eta=  0.9m fin~19:45 model_complete
  [S03a] FixedGrowth_4    Growth baseline  job 438/3178 ( 13.8%) win=6/12 elapsed=  0.2m eta=  0.9m fin~19:45 model_complete
  [S03a] FixedGrowth_6    Growth baseline  job 438/3178 ( 13.8%) win=6/12 elapsed=  0.2m eta=  0.9m fin~19:45 model_complete
  [S03a] LinearRegression Machine learning job 438/3178 ( 13.8%) win=7/12 elapsed=  0.2m eta=  0.9m fin~19:45 model_complete
  [S03a] ARIMA_Fixed      Statistical      job 439/3178 ( 13.8%) win=7/12 elapsed=  0.2m eta=  0.9m fin~19:45 model_complete
  [S03a] ETS_Current      Statistical      job 439/3178 ( 13.8%) win=7/12 elapsed=  0.2m eta=  0.9m fin~19:45 model_complete
  [S03a] FixedGrowth_1_5  Growth baseline  job 439/3178 ( 13.8%) win=7/12 elapsed=  0.2m eta=  0.9m fin~19:45 model_complete
  [S03a] FixedGrowth_3    Growth baseline  job 439/3178 ( 13.8%) win=7/12 elapsed=  0.2m eta=  0.9m fin~19:45 model_complete
  [S03a] FixedGrowth_4    Growth baseline  job 439/3178 ( 13.8%) win=7/12 elapsed=  0.2m eta=  0.9m fin~19:45 model_complete
  [S03a] FixedGrowth_6    Growth baseline  job 439/3178 ( 13.8%) win=7/12 elapsed=  0.2m eta=  0.9m fin~19:45 model_complete
  [S03a] LinearRegression Machine learning job 439/3178 ( 13.8%) win=8/12 elapsed=  0.2m eta=  0.9m fin~19:45 model_complete
  [S03a] ARIMA_Fixed      Statistical      job 440/3178 ( 13.8%) win=8/12 elapsed=  0.2m eta=  0.9m fin~19:45 model_complete
  [S03a] ETS_Current      Statistical      job 3075/3178 ( 96.8%) win=8/12 elapsed=  0.2m eta=  0.0m fin~19:45 running
  [S03a] ETS_Current      Statistical      job 440/3178 ( 13.8%) win=8/12 elapsed=  0.2m eta=  0.9m fin~19:45 model_complete
  [S03a] FixedGrowth_1_5  Growth baseline  job 440/3178 ( 13.8%) win=8/12 elapsed=  0.2m eta=  0.9m fin~19:45 model_complete
  [S03a] FixedGrowth_3    Growth baseline  job 440/3178 ( 13.8%) win=8/12 elapsed=  0.2m eta=  0.9m fin~19:45 model_complete
  [S03a] FixedGrowth_4    Growth baseline  job 440/3178 ( 13.8%) win=8/12 elapsed=  0.2m eta=  0.9m fin~19:45 model_complete
  [S03a] FixedGrowth_6    Growth baseline  job 440/3178 ( 13.8%) win=8/12 elapsed=  0.2m eta=  0.9m fin~19:45 model_complete
  [S03a] LinearRegression Machine learning job 440/3178 ( 13.8%) win=9/12 elapsed=  0.2m eta=  0.9m fin~19:45 model_complete
  [S03a] ARIMA_Fixed      Statistical      job 441/3178 ( 13.9%) win=9/12 elapsed=  0.2m eta=  0.9m fin~19:45 model_complete
  [S03a] ETS_Current      Statistical      job 441/3178 ( 13.9%) win=9/12 elapsed=  0.2m eta=  0.9m fin~19:45 model_complete
  [S03a] FixedGrowth_1_5  Growth baseline  job 441/3178 ( 13.9%) win=9/12 elapsed=  0.2m eta=  0.9m fin~19:45 model_complete
  [S03a] FixedGrowth_3    Growth baseline  job 441/3178 ( 13.9%) win=9/12 elapsed=  0.2m eta=  0.9m fin~19:45 model_complete
  [S03a] FixedGrowth_4    Growth baseline  job 441/3178 ( 13.9%) win=9/12 elapsed=  0.2m eta=  0.9m fin~19:45 model_complete
  [S03a] FixedGrowth_6    Growth baseline  job 441/3178 ( 13.9%) win=9/12 elapsed=  0.2m eta=  0.9m fin~19:45 model_complete
  [S03a] LinearRegression Machine learning job 441/3178 ( 13.9%) win=10/12 elapsed=  0.2m eta=  0.9m fin~19:45 model_complete
  [S03a] ARIMA_Fixed      Statistical      job 442/3178 ( 13.9%) win=10/12 elapsed=  0.2m eta=  0.9m fin~19:45 model_complete
  [S03a] ETS_Current      Statistical      job 442/3178 ( 13.9%) win=10/12 elapsed=  0.2m eta=  0.9m fin~19:45 model_complete
  [S03a] FixedGrowth_1_5  Growth baseline  job 442/3178 ( 13.9%) win=10/12 elapsed=  0.2m eta=  0.9m fin~19:45 model_complete
  [S03a] FixedGrowth_3    Growth baseline  job 442/3178 ( 13.9%) win=10/12 elapsed=  0.2m eta=  0.9m fin~19:45 model_complete
  [S03a] FixedGrowth_4    Growth baseline  job 442/3178 ( 13.9%) win=10/12 elapsed=  0.2m eta=  0.9m fin~19:45 model_complete
  [S03a] FixedGrowth_6    Growth baseline  job 442/3178 ( 13.9%) win=10/12 elapsed=  0.2m eta=  0.9m fin~19:45 model_complete
  [S03a] LinearRegression Machine learning job 442/3178 ( 13.9%) win=11/12 elapsed=  0.2m eta=  0.9m fin~19:45 model_complete
  [S03a] ARIMA_Fixed      Statistical      job 443/3178 ( 13.9%) win=11/12 elapsed=  0.2m eta=  0.9m fin~19:45 model_complete
  [S03a] ETS_Current      Statistical      job 443/3178 ( 13.9%) win=11/12 elapsed=  0.2m eta=  0.9m fin~19:45 model_complete
  [S03a] FixedGrowth_1_5  Growth baseline  job 443/3178 ( 13.9%) win=11/12 elapsed=  0.2m eta=  0.9m fin~19:45 model_complete
  [S03a] FixedGrowth_3    Growth baseline  job 443/3178 ( 13.9%) win=11/12 elapsed=  0.2m eta=  0.9m fin~19:45 model_complete
  [S03a] FixedGrowth_4    Growth baseline  job 443/3178 ( 13.9%) win=11/12 elapsed=  0.2m eta=  0.9m fin~19:45 model_complete
  [S03a] FixedGrowth_6    Growth baseline  job 3100/3178 ( 97.5%) win=11/12 elapsed=  0.2m eta=  0.0m fin~19:45 running
  [S03a] FixedGrowth_6    Growth baseline  job 443/3178 ( 13.9%) win=11/12 elapsed=  0.2m eta=  0.9m fin~19:45 model_complete
  [S03a] LinearRegression Machine learning job 443/3178 ( 13.9%) win=12/12 elapsed=  0.2m eta=  0.9m fin~19:45 model_complete
  [S03a] ARIMA_Fixed      Statistical      job 444/3178 ( 14.0%) win=12/12 elapsed=  0.2m eta=  0.9m fin~19:45 model_complete
  [S03a] ETS_Current      Statistical      job 444/3178 ( 14.0%) win=12/12 elapsed=  0.2m eta=  0.9m fin~19:45 model_complete
  [S03a] FixedGrowth_1_5  Growth baseline  job 444/3178 ( 14.0%) win=12/12 elapsed=  0.2m eta=  0.9m fin~19:45 model_complete
  [S03a] FixedGrowth_3    Growth baseline  job 444/3178 ( 14.0%) win=12/12 elapsed=  0.2m eta=  0.9m fin~19:45 model_complete
  [S03a] FixedGrowth_4    Growth baseline  job 444/3178 ( 14.0%) win=12/12 elapsed=  0.2m eta=  0.9m fin~19:45 model_complete
  [S03a] FixedGrowth_6    Growth baseline  job 444/3178 ( 14.0%) win=12/12 elapsed=  0.2m eta=  0.9m fin~19:45 model_complete
  [S03a] LinearRegression Machine learning job 444/3178 ( 14.0%) win=1/12 elapsed=  0.2m eta=  0.9m fin~19:45 model_complete
  [S03a] ARIMA_Fixed      Statistical      job 445/3178 ( 14.0%) win=1/12 elapsed=  0.2m eta=  0.9m fin~19:45 model_complete
  [S03a] ETS_Current      Statistical      job 445/3178 ( 14.0%) win=1/12 elapsed=  0.2m eta=  0.9m fin~19:45 model_complete
  [S03a] FixedGrowth_1_5  Growth baseline  job 445/3178 ( 14.0%) win=1/12 elapsed=  0.2m eta=  0.9m fin~19:45 model_complete
  [S03a] FixedGrowth_3    Growth baseline  job 445/3178 ( 14.0%) win=1/12 elapsed=  0.2m eta=  0.9m fin~19:45 model_complete
  [S03a] FixedGrowth_4    Growth baseline  job 445/3178 ( 14.0%) win=1/12 elapsed=  0.2m eta=  0.9m fin~19:45 model_complete
  [S03a] FixedGrowth_6    Growth baseline  job 445/3178 ( 14.0%) win=1/12 elapsed=  0.2m eta=  0.9m fin~19:45 model_complete
  [S03a] LinearRegression Machine learning job 445/3178 ( 14.0%) win=2/12 elapsed=  0.2m eta=  0.9m fin~19:45 model_complete
  [S03a] ARIMA_Fixed      Statistical      job 446/3178 ( 14.0%) win=2/12 elapsed=  0.2m eta=  0.9m fin~19:45 model_complete
  [S03a] ETS_Current      Statistical      job 446/3178 ( 14.0%) win=2/12 elapsed=  0.2m eta=  0.9m fin~19:45 model_complete
  [S03a] FixedGrowth_1_5  Growth baseline  job 446/3178 ( 14.0%) win=2/12 elapsed=  0.2m eta=  0.9m fin~19:45 model_complete
  [S03a] FixedGrowth_3    Growth baseline  job 446/3178 ( 14.0%) win=2/12 elapsed=  0.2m eta=  0.9m fin~19:45 model_complete
  [S03a] FixedGrowth_4    Growth baseline  job 446/3178 ( 14.0%) win=2/12 elapsed=  0.2m eta=  0.9m fin~19:45 model_complete
  [S03a] FixedGrowth_6    Growth baseline  job 446/3178 ( 14.0%) win=2/12 elapsed=  0.2m eta=  0.9m fin~19:45 model_complete
  [S03a] LinearRegression Machine learning job 446/3178 ( 14.0%) win=3/12 elapsed=  0.2m eta=  0.9m fin~19:45 model_complete
  [S03a] ARIMA_Fixed      Statistical      job 447/3178 ( 14.1%) win=3/12 elapsed=  0.2m eta=  0.9m fin~19:45 model_complete
  [S03a] ETS_Current      Statistical      job 447/3178 ( 14.1%) win=3/12 elapsed=  0.2m eta=  0.9m fin~19:45 model_complete
  [S03a] FixedGrowth_1_5  Growth baseline  job 3125/3178 ( 98.3%) win=3/12 elapsed=  0.2m eta=  0.0m fin~19:45 running
  [S03a] FixedGrowth_1_5  Growth baseline  job 447/3178 ( 14.1%) win=3/12 elapsed=  0.2m eta=  0.9m fin~19:45 model_complete
  [S03a] FixedGrowth_3    Growth baseline  job 447/3178 ( 14.1%) win=3/12 elapsed=  0.2m eta=  0.9m fin~19:45 model_complete
  [S03a] FixedGrowth_4    Growth baseline  job 447/3178 ( 14.1%) win=3/12 elapsed=  0.2m eta=  0.9m fin~19:45 model_complete
  [S03a] FixedGrowth_6    Growth baseline  job 447/3178 ( 14.1%) win=3/12 elapsed=  0.2m eta=  0.9m fin~19:45 model_complete
  [S03a] LinearRegression Machine learning job 447/3178 ( 14.1%) win=6/12 elapsed=  0.2m eta=  0.9m fin~19:45 model_complete
  [S03a] ARIMA_Fixed      Statistical      job 448/3178 ( 14.1%) win=6/12 elapsed=  0.2m eta=  0.9m fin~19:45 model_complete
  [S03a] ETS_Current      Statistical      job 448/3178 ( 14.1%) win=6/12 elapsed=  0.2m eta=  0.9m fin~19:45 model_complete
  [S03a] FixedGrowth_1_5  Growth baseline  job 448/3178 ( 14.1%) win=6/12 elapsed=  0.2m eta=  0.9m fin~19:45 model_complete
  [S03a] FixedGrowth_3    Growth baseline  job 448/3178 ( 14.1%) win=6/12 elapsed=  0.2m eta=  0.9m fin~19:45 model_complete
  [S03a] FixedGrowth_4    Growth baseline  job 448/3178 ( 14.1%) win=6/12 elapsed=  0.2m eta=  0.9m fin~19:45 model_complete
  [S03a] FixedGrowth_6    Growth baseline  job 448/3178 ( 14.1%) win=6/12 elapsed=  0.2m eta=  0.9m fin~19:45 model_complete
  [S03a] LinearRegression Machine learning job 448/3178 ( 14.1%) win=7/12 elapsed=  0.2m eta=  0.9m fin~19:45 model_complete
  [S03a] ARIMA_Fixed      Statistical      job 449/3178 ( 14.1%) win=7/12 elapsed=  0.2m eta=  0.9m fin~19:45 model_complete
  [S03a] ETS_Current      Statistical      job 449/3178 ( 14.1%) win=7/12 elapsed=  0.2m eta=  0.9m fin~19:45 model_complete
  [S03a] FixedGrowth_1_5  Growth baseline  job 449/3178 ( 14.1%) win=7/12 elapsed=  0.2m eta=  0.9m fin~19:45 model_complete
  [S03a] FixedGrowth_3    Growth baseline  job 449/3178 ( 14.1%) win=7/12 elapsed=  0.2m eta=  0.9m fin~19:45 model_complete
  [S03a] FixedGrowth_4    Growth baseline  job 449/3178 ( 14.1%) win=7/12 elapsed=  0.2m eta=  0.9m fin~19:45 model_complete
  [S03a] FixedGrowth_6    Growth baseline  job 449/3178 ( 14.1%) win=7/12 elapsed=  0.2m eta=  0.9m fin~19:45 model_complete
  [S03a] LinearRegression Machine learning job 449/3178 ( 14.1%) win=8/12 elapsed=  0.2m eta=  0.9m fin~19:45 model_complete
  [S03a] ARIMA_Fixed      Statistical      job 450/3178 ( 14.2%) win=8/12 elapsed=  0.2m eta=  0.9m fin~19:45 model_complete
  [S03a] ETS_Current      Statistical      job 450/3178 ( 14.2%) win=8/12 elapsed=  0.2m eta=  0.9m fin~19:45 model_complete
  [S03a] FixedGrowth_1_5  Growth baseline  job 450/3178 ( 14.2%) win=8/12 elapsed=  0.2m eta=  0.9m fin~19:45 model_complete
  [S03a] FixedGrowth_3    Growth baseline  job 450/3178 ( 14.2%) win=8/12 elapsed=  0.2m eta=  0.9m fin~19:45 model_complete
  [S03a] FixedGrowth_4    Growth baseline  job 450/3178 ( 14.2%) win=8/12 elapsed=  0.2m eta=  0.9m fin~19:45 model_complete
  [S03a] FixedGrowth_6    Growth baseline  job 450/3178 ( 14.2%) win=8/12 elapsed=  0.2m eta=  0.9m fin~19:45 model_complete
  [S03a] LinearRegression Machine learning job 3150/3178 ( 99.1%) win=8/12 elapsed=  0.2m eta=  0.0m fin~19:45 running
  [S03a] LinearRegression Machine learning job 450/3178 ( 14.2%) win=9/12 elapsed=  0.2m eta=  0.9m fin~19:45 model_complete
  [S03a] ARIMA_Fixed      Statistical      job 451/3178 ( 14.2%) win=9/12 elapsed=  0.2m eta=  0.9m fin~19:45 model_complete
  [S03a] ETS_Current      Statistical      job 451/3178 ( 14.2%) win=9/12 elapsed=  0.2m eta=  0.9m fin~19:45 model_complete
  [S03a] FixedGrowth_1_5  Growth baseline  job 451/3178 ( 14.2%) win=9/12 elapsed=  0.2m eta=  0.9m fin~19:45 model_complete
  [S03a] FixedGrowth_3    Growth baseline  job 451/3178 ( 14.2%) win=9/12 elapsed=  0.2m eta=  0.9m fin~19:45 model_complete
  [S03a] FixedGrowth_4    Growth baseline  job 451/3178 ( 14.2%) win=9/12 elapsed=  0.2m eta=  0.9m fin~19:45 model_complete
  [S03a] FixedGrowth_6    Growth baseline  job 451/3178 ( 14.2%) win=9/12 elapsed=  0.2m eta=  0.9m fin~19:45 model_complete
  [S03a] LinearRegression Machine learning job 451/3178 ( 14.2%) win=10/12 elapsed=  0.2m eta=  0.9m fin~19:45 model_complete
  [S03a] ARIMA_Fixed      Statistical      job 452/3178 ( 14.2%) win=10/12 elapsed=  0.2m eta=  0.9m fin~19:45 model_complete
  [S03a] ETS_Current      Statistical      job 452/3178 ( 14.2%) win=10/12 elapsed=  0.2m eta=  0.9m fin~19:45 model_complete
  [S03a] FixedGrowth_1_5  Growth baseline  job 452/3178 ( 14.2%) win=10/12 elapsed=  0.2m eta=  0.9m fin~19:45 model_complete
  [S03a] FixedGrowth_3    Growth baseline  job 452/3178 ( 14.2%) win=10/12 elapsed=  0.2m eta=  0.9m fin~19:45 model_complete
  [S03a] FixedGrowth_4    Growth baseline  job 452/3178 ( 14.2%) win=10/12 elapsed=  0.2m eta=  0.9m fin~19:45 model_complete
  [S03a] FixedGrowth_6    Growth baseline  job 452/3178 ( 14.2%) win=10/12 elapsed=  0.2m eta=  0.9m fin~19:45 model_complete
  [S03a] LinearRegression Machine learning job 452/3178 ( 14.2%) win=11/12 elapsed=  0.2m eta=  0.9m fin~19:45 model_complete
  [S03a] ARIMA_Fixed      Statistical      job 453/3178 ( 14.3%) win=11/12 elapsed=  0.2m eta=  0.9m fin~19:45 model_complete
  [S03a] ETS_Current      Statistical      job 453/3178 ( 14.3%) win=11/12 elapsed=  0.2m eta=  0.9m fin~19:45 model_complete
  [S03a] FixedGrowth_1_5  Growth baseline  job 453/3178 ( 14.3%) win=11/12 elapsed=  0.2m eta=  0.9m fin~19:45 model_complete
  [S03a] FixedGrowth_3    Growth baseline  job 453/3178 ( 14.3%) win=11/12 elapsed=  0.2m eta=  0.9m fin~19:45 model_complete
  [S03a] FixedGrowth_4    Growth baseline  job 453/3178 ( 14.3%) win=11/12 elapsed=  0.2m eta=  0.9m fin~19:45 model_complete
  [S03a] FixedGrowth_6    Growth baseline  job 453/3178 ( 14.3%) win=11/12 elapsed=  0.2m eta=  0.9m fin~19:45 model_complete
  [S03a] LinearRegression Machine learning job 453/3178 ( 14.3%) win=12/12 elapsed=  0.2m eta=  0.9m fin~19:45 model_complete
  [S03a] ARIMA_Fixed      Statistical      job 454/3178 ( 14.3%) win=12/12 elapsed=  0.2m eta=  0.9m fin~19:45 model_complete
  [S03a] ETS_Current      Statistical      job 454/3178 ( 14.3%) win=12/12 elapsed=  0.2m eta=  0.9m fin~19:45 model_complete
  [S03a] FixedGrowth_1_5  Growth baseline  job 454/3178 ( 14.3%) win=12/12 elapsed=  0.2m eta=  0.9m fin~19:45 model_complete
  [S03a] FixedGrowth_3    Growth baseline  job 3175/3178 ( 99.9%) win=12/12 elapsed=  0.2m eta=  0.0m fin~19:45 running
  [S03a] FixedGrowth_3    Growth baseline  job 454/3178 ( 14.3%) win=12/12 elapsed=  0.2m eta=  0.9m fin~19:45 model_complete
  [S03a] FixedGrowth_4    Growth baseline  job 454/3178 ( 14.3%) win=12/12 elapsed=  0.2m eta=  0.9m fin~19:45 model_complete
  [S03a] FixedGrowth_6    Growth baseline  job 454/3178 ( 14.3%) win=12/12 elapsed=  0.2m eta=  0.9m fin~19:45 model_complete
  [S03a] LinearRegression Machine learning job 3178/3178 (100.0%) win=12/12 elapsed=  0.2m eta=  0.0m fin~19:45 running
[S03a] Baseline/growth/stat/ML generation: COMPLETED (0.16 min, exit=0) budget=OK total_elapsed=7.3m :: jobs=3178 failed=0 rows=95340 prohibited_seen=none
  [S03b] AutoARIMA        Statistical      job 1/2270 (  0.0%) win=1/12 elapsed=  0.1m eta=192.8m fin~22:57 model_complete
  [S03b] ETS Explicit     Statistical      job 1/2270 (  0.0%) win=1/12 elapsed=  0.1m eta=194.5m fin~22:59 model_complete
  [S03b] LightGBM         Machine learning job 1/2270 (  0.0%) win=1/12 elapsed=  0.1m eta=197.6m fin~23:02 model_complete
  [S03b] Theta            Statistical      job 1/2270 (  0.0%) win=1/12 elapsed=  0.1m eta=198.6m fin~23:03 model_complete
  [S03b] XGBoost          Machine learning job 1/2270 (  0.0%) win=2/12 elapsed=  0.1m eta=202.2m fin~23:07 model_complete
  [S03b] AutoARIMA        Statistical      job 2/2270 (  0.1%) win=2/12 elapsed=  0.1m eta=121.0m fin~21:46 model_complete
  [S03b] ETS Explicit     Statistical      job 2/2270 (  0.1%) win=2/12 elapsed=  0.1m eta=121.9m fin~21:47 model_complete
  [S03b] LightGBM         Machine learning job 2/2270 (  0.1%) win=2/12 elapsed=  0.1m eta=122.8m fin~21:47 model_complete
  [S03b] Theta            Statistical      job 2/2270 (  0.1%) win=2/12 elapsed=  0.1m eta=123.3m fin~21:48 model_complete
  [S03b] XGBoost          Machine learning job 2/2270 (  0.1%) win=3/12 elapsed=  0.1m eta=124.3m fin~21:49 model_complete
  [S03b] AutoARIMA        Statistical      job 3/2270 (  0.1%) win=3/12 elapsed=  0.2m eta=118.0m fin~21:43 model_complete
  [S03b] ETS Explicit     Statistical      job 3/2270 (  0.1%) win=3/12 elapsed=  0.2m eta=118.7m fin~21:43 model_complete
  [S03b] LightGBM         Machine learning job 3/2270 (  0.1%) win=3/12 elapsed=  0.2m eta=119.5m fin~21:44 model_complete
  [S03b] Theta            Statistical      job 3/2270 (  0.1%) win=3/12 elapsed=  0.2m eta=119.9m fin~21:45 model_complete
  [S03b] XGBoost          Machine learning job 3/2270 (  0.1%) win=4/12 elapsed=  0.2m eta=121.0m fin~21:46 model_complete
  [S03b] AutoARIMA        Statistical      job 4/2270 (  0.2%) win=4/12 elapsed=  0.2m eta=111.4m fin~21:36 model_complete
  [S03b] ETS Explicit     Statistical      job 4/2270 (  0.2%) win=4/12 elapsed=  0.2m eta=111.8m fin~21:37 model_complete
  [S03b] LightGBM         Machine learning job 4/2270 (  0.2%) win=4/12 elapsed=  0.2m eta=112.3m fin~21:37 model_complete
  [S03b] Theta            Statistical      job 4/2270 (  0.2%) win=4/12 elapsed=  0.2m eta=112.6m fin~21:37 model_complete
  [S03b] XGBoost          Machine learning job 4/2270 (  0.2%) win=5/12 elapsed=  0.2m eta=113.5m fin~21:38 model_complete
  [S03b] AutoARIMA        Statistical      job 5/2270 (  0.2%) win=5/12 elapsed=  0.2m eta=106.1m fin~21:31 model_complete
  [S03b] ETS Explicit     Statistical      job 5/2270 (  0.2%) win=5/12 elapsed=  0.2m eta=106.4m fin~21:31 model_complete
  [S03b] LightGBM         Machine learning job 5/2270 (  0.2%) win=5/12 elapsed=  0.2m eta=106.7m fin~21:31 model_complete
  [S03b] Theta            Statistical      job 5/2270 (  0.2%) win=5/12 elapsed=  0.2m eta=107.0m fin~21:32 model_complete
  [S03b] XGBoost          Machine learning job 25/2270 (  1.1%) win=5/12 elapsed=  0.2m eta= 21.3m fin~20:06 running
  [S03b] XGBoost          Machine learning job 5/2270 (  0.2%) win=6/12 elapsed=  0.2m eta=107.7m fin~21:32 model_complete
  [S03b] AutoARIMA        Statistical      job 6/2270 (  0.3%) win=6/12 elapsed=  0.3m eta=102.9m fin~21:28 model_complete
  [S03b] ETS Explicit     Statistical      job 6/2270 (  0.3%) win=6/12 elapsed=  0.3m eta=103.2m fin~21:28 model_complete
  [S03b] LightGBM         Machine learning job 6/2270 (  0.3%) win=6/12 elapsed=  0.3m eta=103.5m fin~21:28 model_complete
  [S03b] Theta            Statistical      job 6/2270 (  0.3%) win=6/12 elapsed=  0.3m eta=103.6m fin~21:28 model_complete
  [S03b] XGBoost          Machine learning job 6/2270 (  0.3%) win=7/12 elapsed=  0.3m eta=104.0m fin~21:29 model_complete
  [S03b] AutoARIMA        Statistical      job 7/2270 (  0.3%) win=7/12 elapsed=  0.3m eta= 99.4m fin~21:24 model_complete
  [S03b] ETS Explicit     Statistical      job 7/2270 (  0.3%) win=7/12 elapsed=  0.3m eta= 99.7m fin~21:24 model_complete
  [S03b] LightGBM         Machine learning job 7/2270 (  0.3%) win=7/12 elapsed=  0.3m eta= 99.9m fin~21:25 model_complete
  [S03b] Theta            Statistical      job 7/2270 (  0.3%) win=7/12 elapsed=  0.3m eta=100.0m fin~21:25 model_complete
  [S03b] XGBoost          Machine learning job 7/2270 (  0.3%) win=8/12 elapsed=  0.3m eta=100.4m fin~21:25 model_complete
  [S03b] AutoARIMA        Statistical      job 8/2270 (  0.4%) win=8/12 elapsed=  0.3m eta= 96.8m fin~21:22 model_complete
  [S03b] ETS Explicit     Statistical      job 8/2270 (  0.4%) win=8/12 elapsed=  0.3m eta= 97.0m fin~21:22 model_complete
  [S03b] LightGBM         Machine learning job 8/2270 (  0.4%) win=8/12 elapsed=  0.3m eta= 97.2m fin~21:22 model_complete
  [S03b] Theta            Statistical      job 8/2270 (  0.4%) win=8/12 elapsed=  0.3m eta= 97.4m fin~21:22 model_complete
  [S03b] XGBoost          Machine learning job 8/2270 (  0.4%) win=9/12 elapsed=  0.3m eta= 97.7m fin~21:23 model_complete
  [S03b] AutoARIMA        Statistical      job 9/2270 (  0.4%) win=9/12 elapsed=  0.4m eta= 94.8m fin~21:20 model_complete
  [S03b] ETS Explicit     Statistical      job 9/2270 (  0.4%) win=9/12 elapsed=  0.4m eta= 95.0m fin~21:20 model_complete
  [S03b] LightGBM         Machine learning job 9/2270 (  0.4%) win=9/12 elapsed=  0.4m eta= 95.2m fin~21:20 model_complete
  [S03b] Theta            Statistical      job 9/2270 (  0.4%) win=9/12 elapsed=  0.4m eta= 95.3m fin~21:20 model_complete
  [S03b] XGBoost          Machine learning job 9/2270 (  0.4%) win=10/12 elapsed=  0.4m eta= 95.5m fin~21:20 model_complete
  [S03b] AutoARIMA        Statistical      job 10/2270 (  0.4%) win=10/12 elapsed=  0.4m eta= 93.1m fin~21:18 model_complete
  [S03b] ETS Explicit     Statistical      job 10/2270 (  0.4%) win=10/12 elapsed=  0.4m eta= 93.3m fin~21:18 model_complete
  [S03b] LightGBM         Machine learning job 10/2270 (  0.4%) win=10/12 elapsed=  0.4m eta= 93.5m fin~21:18 model_complete
  [S03b] Theta            Statistical      job 10/2270 (  0.4%) win=10/12 elapsed=  0.4m eta= 93.6m fin~21:19 model_complete
  [S03b] XGBoost          Machine learning job 50/2270 (  2.2%) win=10/12 elapsed=  0.4m eta= 18.4m fin~20:03 running
  [S03b] XGBoost          Machine learning job 10/2270 (  0.4%) win=11/12 elapsed=  0.4m eta= 93.8m fin~21:19 model_complete
  [S03b] AutoARIMA        Statistical      job 11/2270 (  0.5%) win=11/12 elapsed=  0.5m eta= 94.5m fin~21:19 model_complete
  [S03b] ETS Explicit     Statistical      job 11/2270 (  0.5%) win=11/12 elapsed=  0.5m eta= 94.6m fin~21:20 model_complete
  [S03b] LightGBM         Machine learning job 11/2270 (  0.5%) win=11/12 elapsed=  0.5m eta= 94.8m fin~21:20 model_complete
  [S03b] Theta            Statistical      job 11/2270 (  0.5%) win=11/12 elapsed=  0.5m eta= 94.9m fin~21:20 model_complete
  [S03b] XGBoost          Machine learning job 11/2270 (  0.5%) win=12/12 elapsed=  0.5m eta= 95.2m fin~21:20 model_complete
  [S03b] AutoARIMA        Statistical      job 12/2270 (  0.5%) win=12/12 elapsed=  0.5m eta= 96.5m fin~21:22 model_complete
  [S03b] ETS Explicit     Statistical      job 12/2270 (  0.5%) win=12/12 elapsed=  0.5m eta= 96.7m fin~21:22 model_complete
  [S03b] LightGBM         Machine learning job 12/2270 (  0.5%) win=12/12 elapsed=  0.5m eta= 96.8m fin~21:22 model_complete
  [S03b] Theta            Statistical      job 12/2270 (  0.5%) win=12/12 elapsed=  0.5m eta= 96.9m fin~21:22 model_complete
  [S03b] XGBoost          Machine learning job 12/2270 (  0.5%) win=1/12 elapsed=  0.5m eta= 97.1m fin~21:22 model_complete
  [S03b] AutoARIMA        Statistical      job 13/2270 (  0.6%) win=1/12 elapsed=  0.6m eta= 96.0m fin~21:21 model_complete
  [S03b] ETS Explicit     Statistical      job 13/2270 (  0.6%) win=1/12 elapsed=  0.6m eta= 96.1m fin~21:21 model_complete
  [S03b] LightGBM         Machine learning job 13/2270 (  0.6%) win=1/12 elapsed=  0.6m eta= 96.2m fin~21:21 model_complete
  [S03b] Theta            Statistical      job 13/2270 (  0.6%) win=1/12 elapsed=  0.6m eta= 96.3m fin~21:21 model_complete
  [S03b] XGBoost          Machine learning job 13/2270 (  0.6%) win=2/12 elapsed=  0.6m eta= 96.5m fin~21:22 model_complete
  [S03b] AutoARIMA        Statistical      job 14/2270 (  0.6%) win=2/12 elapsed=  0.6m eta= 95.5m fin~21:21 model_complete
  [S03b] ETS Explicit     Statistical      job 14/2270 (  0.6%) win=2/12 elapsed=  0.6m eta= 95.6m fin~21:21 model_complete
  [S03b] LightGBM         Machine learning job 14/2270 (  0.6%) win=2/12 elapsed=  0.6m eta= 95.8m fin~21:21 model_complete
  [S03b] Theta            Statistical      job 14/2270 (  0.6%) win=2/12 elapsed=  0.6m eta= 95.9m fin~21:21 model_complete
  [S03b] XGBoost          Machine learning job 14/2270 (  0.6%) win=3/12 elapsed=  0.6m eta= 96.1m fin~21:21 model_complete
  [S03b] AutoARIMA        Statistical      job 15/2270 (  0.7%) win=3/12 elapsed=  0.6m eta= 95.1m fin~21:20 model_complete
  [S03b] ETS Explicit     Statistical      job 15/2270 (  0.7%) win=3/12 elapsed=  0.6m eta= 95.2m fin~21:20 model_complete
  [S03b] LightGBM         Machine learning job 15/2270 (  0.7%) win=3/12 elapsed=  0.6m eta= 95.3m fin~21:20 model_complete
  [S03b] Theta            Statistical      job 15/2270 (  0.7%) win=3/12 elapsed=  0.6m eta= 95.4m fin~21:21 model_complete
  [S03b] XGBoost          Machine learning job 75/2270 (  3.3%) win=3/12 elapsed=  0.6m eta= 18.6m fin~20:04 running
  [S03b] XGBoost          Machine learning job 15/2270 (  0.7%) win=4/12 elapsed=  0.6m eta= 95.6m fin~21:21 model_complete
  [S03b] AutoARIMA        Statistical      job 16/2270 (  0.7%) win=4/12 elapsed=  0.7m eta= 94.9m fin~21:20 model_complete
  [S03b] ETS Explicit     Statistical      job 16/2270 (  0.7%) win=4/12 elapsed=  0.7m eta= 95.0m fin~21:20 model_complete
  [S03b] LightGBM         Machine learning job 16/2270 (  0.7%) win=4/12 elapsed=  0.7m eta= 95.1m fin~21:20 model_complete
  [S03b] Theta            Statistical      job 16/2270 (  0.7%) win=4/12 elapsed=  0.7m eta= 95.2m fin~21:20 model_complete
  [S03b] XGBoost          Machine learning job 16/2270 (  0.7%) win=5/12 elapsed=  0.7m eta= 95.4m fin~21:21 model_complete
  [S03b] AutoARIMA        Statistical      job 17/2270 (  0.7%) win=5/12 elapsed=  0.7m eta= 94.6m fin~21:20 model_complete
  [S03b] ETS Explicit     Statistical      job 17/2270 (  0.7%) win=5/12 elapsed=  0.7m eta= 94.7m fin~21:20 model_complete
  [S03b] LightGBM         Machine learning job 17/2270 (  0.7%) win=5/12 elapsed=  0.7m eta= 94.8m fin~21:20 model_complete
  [S03b] Theta            Statistical      job 17/2270 (  0.7%) win=5/12 elapsed=  0.7m eta= 94.9m fin~21:20 model_complete
  [S03b] XGBoost          Machine learning job 17/2270 (  0.7%) win=6/12 elapsed=  0.7m eta= 95.0m fin~21:20 model_complete
  [S03b] AutoARIMA        Statistical      job 18/2270 (  0.8%) win=6/12 elapsed=  0.8m eta= 94.5m fin~21:20 model_complete
  [S03b] ETS Explicit     Statistical      job 18/2270 (  0.8%) win=6/12 elapsed=  0.8m eta= 94.6m fin~21:20 model_complete
  [S03b] LightGBM         Machine learning job 18/2270 (  0.8%) win=6/12 elapsed=  0.8m eta= 94.7m fin~21:20 model_complete
  [S03b] Theta            Statistical      job 18/2270 (  0.8%) win=6/12 elapsed=  0.8m eta= 94.8m fin~21:20 model_complete
  [S03b] XGBoost          Machine learning job 18/2270 (  0.8%) win=7/12 elapsed=  0.8m eta= 94.9m fin~21:20 model_complete
  [S03b] AutoARIMA        Statistical      job 19/2270 (  0.8%) win=7/12 elapsed=  0.8m eta= 94.3m fin~21:20 model_complete
  [S03b] ETS Explicit     Statistical      job 19/2270 (  0.8%) win=7/12 elapsed=  0.8m eta= 94.4m fin~21:20 model_complete
  [S03b] LightGBM         Machine learning job 19/2270 (  0.8%) win=7/12 elapsed=  0.8m eta= 94.5m fin~21:20 model_complete
  [S03b] Theta            Statistical      job 19/2270 (  0.8%) win=7/12 elapsed=  0.8m eta= 94.6m fin~21:20 model_complete
  [S03b] XGBoost          Machine learning job 19/2270 (  0.8%) win=8/12 elapsed=  0.8m eta= 94.8m fin~21:20 model_complete
  [S03b] AutoARIMA        Statistical      job 20/2270 (  0.9%) win=8/12 elapsed=  0.8m eta= 94.2m fin~21:20 model_complete
  [S03b] ETS Explicit     Statistical      job 20/2270 (  0.9%) win=8/12 elapsed=  0.8m eta= 94.3m fin~21:20 model_complete
  [S03b] LightGBM         Machine learning job 20/2270 (  0.9%) win=8/12 elapsed=  0.8m eta= 94.5m fin~21:20 model_complete
  [S03b] Theta            Statistical      job 20/2270 (  0.9%) win=8/12 elapsed=  0.8m eta= 94.6m fin~21:20 model_complete
  [S03b] XGBoost          Machine learning job 100/2270 (  4.4%) win=8/12 elapsed=  0.8m eta= 18.3m fin~20:04 running
  [S03b] XGBoost          Machine learning job 20/2270 (  0.9%) win=9/12 elapsed=  0.8m eta= 94.7m fin~21:20 model_complete
  [S03b] AutoARIMA        Statistical      job 21/2270 (  0.9%) win=9/12 elapsed=  0.9m eta= 94.3m fin~21:20 model_complete
  [S03b] ETS Explicit     Statistical      job 21/2270 (  0.9%) win=9/12 elapsed=  0.9m eta= 94.4m fin~21:20 model_complete
  [S03b] LightGBM         Machine learning job 21/2270 (  0.9%) win=9/12 elapsed=  0.9m eta= 94.5m fin~21:20 model_complete
  [S03b] Theta            Statistical      job 21/2270 (  0.9%) win=9/12 elapsed=  0.9m eta= 94.6m fin~21:20 model_complete
  [S03b] XGBoost          Machine learning job 21/2270 (  0.9%) win=10/12 elapsed=  0.9m eta= 94.7m fin~21:20 model_complete
  [S03b] AutoARIMA        Statistical      job 22/2270 (  1.0%) win=10/12 elapsed=  0.9m eta= 94.4m fin~21:20 model_complete
  [S03b] ETS Explicit     Statistical      job 22/2270 (  1.0%) win=10/12 elapsed=  0.9m eta= 94.5m fin~21:20 model_complete
  [S03b] LightGBM         Machine learning job 22/2270 (  1.0%) win=10/12 elapsed=  0.9m eta= 94.6m fin~21:20 model_complete
  [S03b] Theta            Statistical      job 22/2270 (  1.0%) win=10/12 elapsed=  0.9m eta= 94.7m fin~21:20 model_complete
  [S03b] XGBoost          Machine learning job 22/2270 (  1.0%) win=11/12 elapsed=  0.9m eta= 94.8m fin~21:20 model_complete
  [S03b] AutoARIMA        Statistical      job 23/2270 (  1.0%) win=11/12 elapsed=  1.0m eta= 94.5m fin~21:20 model_complete
  [S03b] ETS Explicit     Statistical      job 23/2270 (  1.0%) win=11/12 elapsed=  1.0m eta= 94.5m fin~21:20 model_complete
  [S03b] LightGBM         Machine learning job 23/2270 (  1.0%) win=11/12 elapsed=  1.0m eta= 94.6m fin~21:20 model_complete
  [S03b] Theta            Statistical      job 23/2270 (  1.0%) win=11/12 elapsed=  1.0m eta= 94.7m fin~21:20 model_complete
  [S03b] XGBoost          Machine learning job 23/2270 (  1.0%) win=12/12 elapsed=  1.0m eta= 94.8m fin~21:20 model_complete
  [S03b] AutoARIMA        Statistical      job 24/2270 (  1.1%) win=12/12 elapsed=  1.0m eta= 94.5m fin~21:20 model_complete
  [S03b] ETS Explicit     Statistical      job 24/2270 (  1.1%) win=12/12 elapsed=  1.0m eta= 94.6m fin~21:20 model_complete
  [S03b] LightGBM         Machine learning job 24/2270 (  1.1%) win=12/12 elapsed=  1.0m eta= 94.7m fin~21:20 model_complete
  [S03b] Theta            Statistical      job 24/2270 (  1.1%) win=12/12 elapsed=  1.0m eta= 94.8m fin~21:20 model_complete
  [S03b] XGBoost          Machine learning job 24/2270 (  1.1%) win=1/12 elapsed=  1.0m eta= 94.9m fin~21:20 model_complete
  [S03b] AutoARIMA        Statistical      job 25/2270 (  1.1%) win=1/12 elapsed=  1.0m eta= 91.6m fin~21:17 model_complete
  [S03b] ETS Explicit     Statistical      job 25/2270 (  1.1%) win=1/12 elapsed=  1.0m eta= 91.7m fin~21:17 model_complete
  [S03b] LightGBM         Machine learning job 25/2270 (  1.1%) win=1/12 elapsed=  1.0m eta= 91.7m fin~21:17 model_complete
  [S03b] Theta            Statistical      job 25/2270 (  1.1%) win=1/12 elapsed=  1.0m eta= 91.8m fin~21:17 model_complete
  [S03b] XGBoost          Machine learning job 125/2270 (  5.5%) win=1/12 elapsed=  1.0m eta= 17.6m fin~20:03 running
  [S03b] XGBoost          Machine learning job 25/2270 (  1.1%) win=2/12 elapsed=  1.0m eta= 91.9m fin~21:17 model_complete
  [S03b] AutoARIMA        Statistical      job 26/2270 (  1.1%) win=2/12 elapsed=  1.0m eta= 88.9m fin~21:14 model_complete
  [S03b] ETS Explicit     Statistical      job 26/2270 (  1.1%) win=2/12 elapsed=  1.0m eta= 88.9m fin~21:14 model_complete
  [S03b] LightGBM         Machine learning job 26/2270 (  1.1%) win=2/12 elapsed=  1.0m eta= 89.0m fin~21:15 model_complete
  [S03b] Theta            Statistical      job 26/2270 (  1.1%) win=2/12 elapsed=  1.0m eta= 89.0m fin~21:15 model_complete
  [S03b] XGBoost          Machine learning job 26/2270 (  1.1%) win=3/12 elapsed=  1.0m eta= 89.1m fin~21:15 model_complete
  [S03b] AutoARIMA        Statistical      job 27/2270 (  1.2%) win=3/12 elapsed=  1.0m eta= 86.4m fin~21:12 model_complete
  [S03b] ETS Explicit     Statistical      job 27/2270 (  1.2%) win=3/12 elapsed=  1.0m eta= 86.4m fin~21:12 model_complete
  [S03b] LightGBM         Machine learning job 27/2270 (  1.2%) win=3/12 elapsed=  1.0m eta= 86.5m fin~21:12 model_complete
  [S03b] Theta            Statistical      job 27/2270 (  1.2%) win=3/12 elapsed=  1.0m eta= 86.5m fin~21:12 model_complete
  [S03b] XGBoost          Machine learning job 27/2270 (  1.2%) win=4/12 elapsed=  1.0m eta= 86.7m fin~21:12 model_complete
  [S03b] AutoARIMA        Statistical      job 28/2270 (  1.2%) win=4/12 elapsed=  1.0m eta= 84.0m fin~21:10 model_complete
  [S03b] ETS Explicit     Statistical      job 28/2270 (  1.2%) win=4/12 elapsed=  1.1m eta= 84.1m fin~21:10 model_complete
  [S03b] LightGBM         Machine learning job 28/2270 (  1.2%) win=4/12 elapsed=  1.1m eta= 84.2m fin~21:10 model_complete
  [S03b] Theta            Statistical      job 28/2270 (  1.2%) win=4/12 elapsed=  1.1m eta= 84.2m fin~21:10 model_complete
  [S03b] XGBoost          Machine learning job 28/2270 (  1.2%) win=5/12 elapsed=  1.1m eta= 84.3m fin~21:10 model_complete
  [S03b] AutoARIMA        Statistical      job 29/2270 (  1.3%) win=5/12 elapsed=  1.1m eta= 83.3m fin~21:09 model_complete
  [S03b] ETS Explicit     Statistical      job 29/2270 (  1.3%) win=5/12 elapsed=  1.1m eta= 83.3m fin~21:09 model_complete
  [S03b] LightGBM         Machine learning job 29/2270 (  1.3%) win=5/12 elapsed=  1.1m eta= 83.4m fin~21:09 model_complete
  [S03b] Theta            Statistical      job 29/2270 (  1.3%) win=5/12 elapsed=  1.1m eta= 83.4m fin~21:09 model_complete
  [S03b] XGBoost          Machine learning job 29/2270 (  1.3%) win=6/12 elapsed=  1.1m eta= 83.5m fin~21:09 model_complete
  [S03b] AutoARIMA        Statistical      job 30/2270 (  1.3%) win=6/12 elapsed=  1.1m eta= 82.0m fin~21:08 model_complete
  [S03b] ETS Explicit     Statistical      job 30/2270 (  1.3%) win=6/12 elapsed=  1.1m eta= 82.0m fin~21:08 model_complete
  [S03b] LightGBM         Machine learning job 30/2270 (  1.3%) win=6/12 elapsed=  1.1m eta= 82.1m fin~21:08 model_complete
  [S03b] Theta            Statistical      job 30/2270 (  1.3%) win=6/12 elapsed=  1.1m eta= 82.1m fin~21:08 model_complete
  [S03b] XGBoost          Machine learning job 150/2270 (  6.6%) win=6/12 elapsed=  1.1m eta= 15.6m fin~20:01 running
  [S03b] XGBoost          Machine learning job 30/2270 (  1.3%) win=7/12 elapsed=  1.1m eta= 82.2m fin~21:08 model_complete
  [S03b] AutoARIMA        Statistical      job 31/2270 (  1.4%) win=7/12 elapsed=  1.1m eta= 80.8m fin~21:06 model_complete
  [S03b] ETS Explicit     Statistical      job 31/2270 (  1.4%) win=7/12 elapsed=  1.1m eta= 80.8m fin~21:06 model_complete
  [S03b] LightGBM         Machine learning job 31/2270 (  1.4%) win=7/12 elapsed=  1.1m eta= 80.9m fin~21:07 model_complete
  [S03b] Theta            Statistical      job 31/2270 (  1.4%) win=7/12 elapsed=  1.1m eta= 80.9m fin~21:07 model_complete
  [S03b] XGBoost          Machine learning job 31/2270 (  1.4%) win=8/12 elapsed=  1.1m eta= 81.0m fin~21:07 model_complete
  [S03b] AutoARIMA        Statistical      job 32/2270 (  1.4%) win=8/12 elapsed=  1.1m eta= 79.7m fin~21:05 model_complete
  [S03b] ETS Explicit     Statistical      job 32/2270 (  1.4%) win=8/12 elapsed=  1.1m eta= 79.8m fin~21:05 model_complete
  [S03b] LightGBM         Machine learning job 32/2270 (  1.4%) win=8/12 elapsed=  1.1m eta= 79.8m fin~21:05 model_complete
  [S03b] Theta            Statistical      job 32/2270 (  1.4%) win=8/12 elapsed=  1.1m eta= 79.8m fin~21:06 model_complete
  [S03b] XGBoost          Machine learning job 32/2270 (  1.4%) win=9/12 elapsed=  1.1m eta= 79.9m fin~21:06 model_complete
  [S03b] AutoARIMA        Statistical      job 33/2270 (  1.5%) win=9/12 elapsed=  1.2m eta= 78.7m fin~21:04 model_complete
  [S03b] ETS Explicit     Statistical      job 33/2270 (  1.5%) win=9/12 elapsed=  1.2m eta= 78.8m fin~21:04 model_complete
  [S03b] LightGBM         Machine learning job 33/2270 (  1.5%) win=9/12 elapsed=  1.2m eta= 78.8m fin~21:05 model_complete
  [S03b] Theta            Statistical      job 33/2270 (  1.5%) win=9/12 elapsed=  1.2m eta= 78.9m fin~21:05 model_complete
  [S03b] XGBoost          Machine learning job 33/2270 (  1.5%) win=10/12 elapsed=  1.2m eta= 79.0m fin~21:05 model_complete
  [S03b] AutoARIMA        Statistical      job 34/2270 (  1.5%) win=10/12 elapsed=  1.2m eta= 77.8m fin~21:04 model_complete
  [S03b] ETS Explicit     Statistical      job 34/2270 (  1.5%) win=10/12 elapsed=  1.2m eta= 77.9m fin~21:04 model_complete
  [S03b] LightGBM         Machine learning job 34/2270 (  1.5%) win=10/12 elapsed=  1.2m eta= 77.9m fin~21:04 model_complete
  [S03b] Theta            Statistical      job 34/2270 (  1.5%) win=10/12 elapsed=  1.2m eta= 78.0m fin~21:04 model_complete
  [S03b] XGBoost          Machine learning job 34/2270 (  1.5%) win=11/12 elapsed=  1.2m eta= 78.0m fin~21:04 model_complete
  [S03b] AutoARIMA        Statistical      job 35/2270 (  1.5%) win=11/12 elapsed=  1.2m eta= 77.0m fin~21:03 model_complete
  [S03b] ETS Explicit     Statistical      job 35/2270 (  1.5%) win=11/12 elapsed=  1.2m eta= 77.0m fin~21:03 model_complete
  [S03b] LightGBM         Machine learning job 35/2270 (  1.5%) win=11/12 elapsed=  1.2m eta= 77.0m fin~21:03 model_complete
  [S03b] Theta            Statistical      job 35/2270 (  1.5%) win=11/12 elapsed=  1.2m eta= 77.1m fin~21:03 model_complete
  [S03b] XGBoost          Machine learning job 175/2270 (  7.7%) win=11/12 elapsed=  1.2m eta= 14.5m fin~20:00 running
  [S03b] XGBoost          Machine learning job 35/2270 (  1.5%) win=12/12 elapsed=  1.2m eta= 77.2m fin~21:03 model_complete
  [S03b] AutoARIMA        Statistical      job 36/2270 (  1.6%) win=12/12 elapsed=  1.2m eta= 76.1m fin~21:02 model_complete
  [S03b] ETS Explicit     Statistical      job 36/2270 (  1.6%) win=12/12 elapsed=  1.2m eta= 76.2m fin~21:02 model_complete
  [S03b] LightGBM         Machine learning job 36/2270 (  1.6%) win=12/12 elapsed=  1.2m eta= 76.2m fin~21:02 model_complete
  [S03b] Theta            Statistical      job 36/2270 (  1.6%) win=12/12 elapsed=  1.2m eta= 76.3m fin~21:02 model_complete
  [S03b] XGBoost          Machine learning job 36/2270 (  1.6%) win=1/12 elapsed=  1.2m eta= 76.3m fin~21:02 model_complete
  [S03b] AutoARIMA        Statistical      job 37/2270 (  1.6%) win=1/12 elapsed=  1.2m eta= 74.4m fin~21:00 model_complete
  [S03b] ETS Explicit     Statistical      job 37/2270 (  1.6%) win=1/12 elapsed=  1.2m eta= 74.4m fin~21:00 model_complete
  [S03b] LightGBM         Machine learning job 37/2270 (  1.6%) win=1/12 elapsed=  1.2m eta= 74.5m fin~21:00 model_complete
  [S03b] Theta            Statistical      job 37/2270 (  1.6%) win=1/12 elapsed=  1.2m eta= 74.5m fin~21:00 model_complete
  [S03b] XGBoost          Machine learning job 37/2270 (  1.6%) win=2/12 elapsed=  1.2m eta= 74.6m fin~21:00 model_complete
  [S03b] AutoARIMA        Statistical      job 38/2270 (  1.7%) win=2/12 elapsed=  1.3m eta= 73.6m fin~20:59 model_complete
  [S03b] ETS Explicit     Statistical      job 38/2270 (  1.7%) win=2/12 elapsed=  1.3m eta= 73.7m fin~20:59 model_complete
  [S03b] LightGBM         Machine learning job 38/2270 (  1.7%) win=2/12 elapsed=  1.3m eta= 73.7m fin~20:59 model_complete
  [S03b] Theta            Statistical      job 38/2270 (  1.7%) win=2/12 elapsed=  1.3m eta= 73.7m fin~21:00 model_complete
  [S03b] XGBoost          Machine learning job 38/2270 (  1.7%) win=3/12 elapsed=  1.3m eta= 73.8m fin~21:00 model_complete
  [S03b] AutoARIMA        Statistical      job 39/2270 (  1.7%) win=3/12 elapsed=  1.3m eta= 72.9m fin~20:59 model_complete
  [S03b] ETS Explicit     Statistical      job 39/2270 (  1.7%) win=3/12 elapsed=  1.3m eta= 73.0m fin~20:59 model_complete
  [S03b] LightGBM         Machine learning job 39/2270 (  1.7%) win=3/12 elapsed=  1.3m eta= 73.0m fin~20:59 model_complete
  [S03b] Theta            Statistical      job 39/2270 (  1.7%) win=3/12 elapsed=  1.3m eta= 73.0m fin~20:59 model_complete
  [S03b] XGBoost          Machine learning job 39/2270 (  1.7%) win=4/12 elapsed=  1.3m eta= 73.1m fin~20:59 model_complete
  [S03b] AutoARIMA        Statistical      job 40/2270 (  1.8%) win=4/12 elapsed=  1.3m eta= 72.3m fin~20:58 model_complete
  [S03b] ETS Explicit     Statistical      job 40/2270 (  1.8%) win=4/12 elapsed=  1.3m eta= 72.3m fin~20:58 model_complete
  [S03b] LightGBM         Machine learning job 40/2270 (  1.8%) win=4/12 elapsed=  1.3m eta= 72.4m fin~20:58 model_complete
  [S03b] Theta            Statistical      job 40/2270 (  1.8%) win=4/12 elapsed=  1.3m eta= 72.4m fin~20:58 model_complete
  [S03b] XGBoost          Machine learning job 200/2270 (  8.8%) win=4/12 elapsed=  1.3m eta= 13.4m fin~19:59 running
  [S03b] XGBoost          Machine learning job 40/2270 (  1.8%) win=5/12 elapsed=  1.3m eta= 72.5m fin~20:58 model_complete
  [S03b] AutoARIMA        Statistical      job 41/2270 (  1.8%) win=5/12 elapsed=  1.3m eta= 70.8m fin~20:57 model_complete
  [S03b] ETS Explicit     Statistical      job 41/2270 (  1.8%) win=5/12 elapsed=  1.3m eta= 70.8m fin~20:57 model_complete
  [S03b] LightGBM         Machine learning job 41/2270 (  1.8%) win=5/12 elapsed=  1.3m eta= 70.9m fin~20:57 model_complete
  [S03b] Theta            Statistical      job 41/2270 (  1.8%) win=5/12 elapsed=  1.3m eta= 70.9m fin~20:57 model_complete
  [S03b] XGBoost          Machine learning job 41/2270 (  1.8%) win=6/12 elapsed=  1.3m eta= 71.0m fin~20:57 model_complete
  [S03b] AutoARIMA        Statistical      job 42/2270 (  1.9%) win=6/12 elapsed=  1.3m eta= 70.3m fin~20:56 model_complete
  [S03b] ETS Explicit     Statistical      job 42/2270 (  1.9%) win=6/12 elapsed=  1.3m eta= 70.3m fin~20:56 model_complete
  [S03b] LightGBM         Machine learning job 42/2270 (  1.9%) win=6/12 elapsed=  1.3m eta= 70.3m fin~20:56 model_complete
  [S03b] Theta            Statistical      job 42/2270 (  1.9%) win=6/12 elapsed=  1.3m eta= 70.4m fin~20:56 model_complete
  [S03b] XGBoost          Machine learning job 42/2270 (  1.9%) win=7/12 elapsed=  1.3m eta= 70.4m fin~20:56 model_complete
  [S03b] AutoARIMA        Statistical      job 43/2270 (  1.9%) win=7/12 elapsed=  1.3m eta= 69.7m fin~20:56 model_complete
  [S03b] ETS Explicit     Statistical      job 43/2270 (  1.9%) win=7/12 elapsed=  1.3m eta= 69.8m fin~20:56 model_complete
  [S03b] LightGBM         Machine learning job 43/2270 (  1.9%) win=7/12 elapsed=  1.3m eta= 69.8m fin~20:56 model_complete
  [S03b] Theta            Statistical      job 43/2270 (  1.9%) win=7/12 elapsed=  1.3m eta= 69.8m fin~20:56 model_complete
  [S03b] XGBoost          Machine learning job 43/2270 (  1.9%) win=8/12 elapsed=  1.3m eta= 69.9m fin~20:56 model_complete
  [S03b] AutoARIMA        Statistical      job 44/2270 (  1.9%) win=8/12 elapsed=  1.4m eta= 69.2m fin~20:55 model_complete
  [S03b] ETS Explicit     Statistical      job 44/2270 (  1.9%) win=8/12 elapsed=  1.4m eta= 69.3m fin~20:55 model_complete
  [S03b] LightGBM         Machine learning job 44/2270 (  1.9%) win=8/12 elapsed=  1.4m eta= 69.3m fin~20:55 model_complete
  [S03b] Theta            Statistical      job 44/2270 (  1.9%) win=8/12 elapsed=  1.4m eta= 69.4m fin~20:55 model_complete
  [S03b] XGBoost          Machine learning job 44/2270 (  1.9%) win=9/12 elapsed=  1.4m eta= 69.4m fin~20:55 model_complete
  [S03b] AutoARIMA        Statistical      job 45/2270 (  2.0%) win=9/12 elapsed=  1.4m eta= 68.8m fin~20:55 model_complete
  [S03b] ETS Explicit     Statistical      job 45/2270 (  2.0%) win=9/12 elapsed=  1.4m eta= 68.8m fin~20:55 model_complete
  [S03b] LightGBM         Machine learning job 45/2270 (  2.0%) win=9/12 elapsed=  1.4m eta= 68.8m fin~20:55 model_complete
  [S03b] Theta            Statistical      job 45/2270 (  2.0%) win=9/12 elapsed=  1.4m eta= 68.9m fin~20:55 model_complete
  [S03b] XGBoost          Machine learning job 225/2270 (  9.9%) win=9/12 elapsed=  1.4m eta= 12.7m fin~19:59 running
  [S03b] XGBoost          Machine learning job 45/2270 (  2.0%) win=10/12 elapsed=  1.4m eta= 68.9m fin~20:55 model_complete
  [S03b] AutoARIMA        Statistical      job 46/2270 (  2.0%) win=10/12 elapsed=  1.4m eta= 68.3m fin~20:54 model_complete
  [S03b] ETS Explicit     Statistical      job 46/2270 (  2.0%) win=10/12 elapsed=  1.4m eta= 68.4m fin~20:54 model_complete
  [S03b] LightGBM         Machine learning job 46/2270 (  2.0%) win=10/12 elapsed=  1.4m eta= 68.4m fin~20:54 model_complete
  [S03b] Theta            Statistical      job 46/2270 (  2.0%) win=10/12 elapsed=  1.4m eta= 68.5m fin~20:54 model_complete
  [S03b] XGBoost          Machine learning job 46/2270 (  2.0%) win=11/12 elapsed=  1.4m eta= 68.5m fin~20:54 model_complete
  [S03b] AutoARIMA        Statistical      job 47/2270 (  2.1%) win=11/12 elapsed=  1.4m eta= 67.9m fin~20:54 model_complete
  [S03b] ETS Explicit     Statistical      job 47/2270 (  2.1%) win=11/12 elapsed=  1.4m eta= 68.0m fin~20:54 model_complete
  [S03b] LightGBM         Machine learning job 47/2270 (  2.1%) win=11/12 elapsed=  1.4m eta= 68.0m fin~20:54 model_complete
  [S03b] Theta            Statistical      job 47/2270 (  2.1%) win=11/12 elapsed=  1.4m eta= 68.0m fin~20:54 model_complete
  [S03b] XGBoost          Machine learning job 47/2270 (  2.1%) win=12/12 elapsed=  1.4m eta= 68.1m fin~20:54 model_complete
  [S03b] AutoARIMA        Statistical      job 48/2270 (  2.1%) win=12/12 elapsed=  1.5m eta= 68.0m fin~20:54 model_complete
  [S03b] ETS Explicit     Statistical      job 48/2270 (  2.1%) win=12/12 elapsed=  1.5m eta= 68.0m fin~20:54 model_complete
  [S03b] LightGBM         Machine learning job 48/2270 (  2.1%) win=12/12 elapsed=  1.5m eta= 68.0m fin~20:54 model_complete
  [S03b] Theta            Statistical      job 48/2270 (  2.1%) win=12/12 elapsed=  1.5m eta= 68.1m fin~20:54 model_complete
  [S03b] XGBoost          Machine learning job 48/2270 (  2.1%) win=1/12 elapsed=  1.5m eta= 68.1m fin~20:54 model_complete
  [S03b] AutoARIMA        Statistical      job 49/2270 (  2.2%) win=1/12 elapsed=  1.5m eta= 67.5m fin~20:54 model_complete
  [S03b] ETS Explicit     Statistical      job 49/2270 (  2.2%) win=1/12 elapsed=  1.5m eta= 67.6m fin~20:54 model_complete
  [S03b] LightGBM         Machine learning job 49/2270 (  2.2%) win=1/12 elapsed=  1.5m eta= 67.6m fin~20:54 model_complete
  [S03b] Theta            Statistical      job 49/2270 (  2.2%) win=1/12 elapsed=  1.5m eta= 67.6m fin~20:54 model_complete
  [S03b] XGBoost          Machine learning job 49/2270 (  2.2%) win=2/12 elapsed=  1.5m eta= 67.7m fin~20:54 model_complete
  [S03b] AutoARIMA        Statistical      job 50/2270 (  2.2%) win=2/12 elapsed=  1.5m eta= 67.2m fin~20:53 model_complete
  [S03b] ETS Explicit     Statistical      job 50/2270 (  2.2%) win=2/12 elapsed=  1.5m eta= 67.2m fin~20:53 model_complete
  [S03b] LightGBM         Machine learning job 50/2270 (  2.2%) win=2/12 elapsed=  1.5m eta= 67.3m fin~20:53 model_complete
  [S03b] Theta            Statistical      job 50/2270 (  2.2%) win=2/12 elapsed=  1.5m eta= 67.3m fin~20:53 model_complete
  [S03b] XGBoost          Machine learning job 250/2270 ( 11.0%) win=2/12 elapsed=  1.5m eta= 12.2m fin~19:58 running
  [S03b] XGBoost          Machine learning job 50/2270 (  2.2%) win=3/12 elapsed=  1.5m eta= 67.3m fin~20:53 model_complete
  [S03b] AutoARIMA        Statistical      job 51/2270 (  2.2%) win=3/12 elapsed=  1.5m eta= 66.8m fin~20:53 model_complete
  [S03b] ETS Explicit     Statistical      job 51/2270 (  2.2%) win=3/12 elapsed=  1.5m eta= 66.9m fin~20:53 model_complete
  [S03b] LightGBM         Machine learning job 51/2270 (  2.2%) win=3/12 elapsed=  1.5m eta= 66.9m fin~20:53 model_complete
  [S03b] Theta            Statistical      job 51/2270 (  2.2%) win=3/12 elapsed=  1.5m eta= 66.9m fin~20:53 model_complete
  [S03b] XGBoost          Machine learning job 51/2270 (  2.2%) win=4/12 elapsed=  1.5m eta= 67.0m fin~20:53 model_complete
  [S03b] AutoARIMA        Statistical      job 52/2270 (  2.3%) win=4/12 elapsed=  1.6m eta= 66.6m fin~20:53 model_complete
  [S03b] ETS Explicit     Statistical      job 52/2270 (  2.3%) win=4/12 elapsed=  1.6m eta= 66.6m fin~20:53 model_complete
  [S03b] LightGBM         Machine learning job 52/2270 (  2.3%) win=4/12 elapsed=  1.6m eta= 66.7m fin~20:53 model_complete
  [S03b] Theta            Statistical      job 52/2270 (  2.3%) win=4/12 elapsed=  1.6m eta= 66.7m fin~20:53 model_complete
  [S03b] XGBoost          Machine learning job 52/2270 (  2.3%) win=5/12 elapsed=  1.6m eta= 66.7m fin~20:53 model_complete
  [S03b] AutoARIMA        Statistical      job 53/2270 (  2.3%) win=5/12 elapsed=  1.6m eta= 66.1m fin~20:52 model_complete
  [S03b] ETS Explicit     Statistical      job 53/2270 (  2.3%) win=5/12 elapsed=  1.6m eta= 66.1m fin~20:52 model_complete
  [S03b] LightGBM         Machine learning job 53/2270 (  2.3%) win=5/12 elapsed=  1.6m eta= 66.1m fin~20:52 model_complete
  [S03b] Theta            Statistical      job 53/2270 (  2.3%) win=5/12 elapsed=  1.6m eta= 66.2m fin~20:52 model_complete
  [S03b] XGBoost          Machine learning job 53/2270 (  2.3%) win=6/12 elapsed=  1.6m eta= 66.2m fin~20:52 model_complete
  [S03b] AutoARIMA        Statistical      job 54/2270 (  2.4%) win=6/12 elapsed=  1.6m eta= 65.4m fin~20:51 model_complete
  [S03b] ETS Explicit     Statistical      job 54/2270 (  2.4%) win=6/12 elapsed=  1.6m eta= 65.4m fin~20:52 model_complete
  [S03b] LightGBM         Machine learning job 54/2270 (  2.4%) win=6/12 elapsed=  1.6m eta= 65.5m fin~20:52 model_complete
  [S03b] Theta            Statistical      job 54/2270 (  2.4%) win=6/12 elapsed=  1.6m eta= 65.5m fin~20:52 model_complete
  [S03b] XGBoost          Machine learning job 54/2270 (  2.4%) win=7/12 elapsed=  1.6m eta= 65.5m fin~20:52 model_complete
  [S03b] AutoARIMA        Statistical      job 55/2270 (  2.4%) win=7/12 elapsed=  1.6m eta= 64.7m fin~20:51 model_complete
  [S03b] ETS Explicit     Statistical      job 55/2270 (  2.4%) win=7/12 elapsed=  1.6m eta= 64.8m fin~20:51 model_complete
  [S03b] LightGBM         Machine learning job 55/2270 (  2.4%) win=7/12 elapsed=  1.6m eta= 64.8m fin~20:51 model_complete
  [S03b] Theta            Statistical      job 55/2270 (  2.4%) win=7/12 elapsed=  1.6m eta= 64.8m fin~20:51 model_complete
  [S03b] XGBoost          Machine learning job 275/2270 ( 12.1%) win=7/12 elapsed=  1.6m eta= 11.7m fin~19:58 running
  [S03b] XGBoost          Machine learning job 55/2270 (  2.4%) win=8/12 elapsed=  1.6m eta= 64.9m fin~20:51 model_complete
  [S03b] AutoARIMA        Statistical      job 56/2270 (  2.5%) win=8/12 elapsed=  1.6m eta= 64.1m fin~20:50 model_complete
  [S03b] ETS Explicit     Statistical      job 56/2270 (  2.5%) win=8/12 elapsed=  1.6m eta= 64.2m fin~20:50 model_complete
  [S03b] LightGBM         Machine learning job 56/2270 (  2.5%) win=8/12 elapsed=  1.6m eta= 64.2m fin~20:50 model_complete
  [S03b] Theta            Statistical      job 56/2270 (  2.5%) win=8/12 elapsed=  1.6m eta= 64.2m fin~20:50 model_complete
  [S03b] XGBoost          Machine learning job 56/2270 (  2.5%) win=9/12 elapsed=  1.6m eta= 64.3m fin~20:50 model_complete
  [S03b] AutoARIMA        Statistical      job 57/2270 (  2.5%) win=9/12 elapsed=  1.6m eta= 63.6m fin~20:50 model_complete
  [S03b] ETS Explicit     Statistical      job 57/2270 (  2.5%) win=9/12 elapsed=  1.6m eta= 63.6m fin~20:50 model_complete
  [S03b] LightGBM         Machine learning job 57/2270 (  2.5%) win=9/12 elapsed=  1.6m eta= 63.6m fin~20:50 model_complete
  [S03b] Theta            Statistical      job 57/2270 (  2.5%) win=9/12 elapsed=  1.6m eta= 63.6m fin~20:50 model_complete
  [S03b] XGBoost          Machine learning job 57/2270 (  2.5%) win=10/12 elapsed=  1.6m eta= 63.7m fin~20:50 model_complete
  [S03b] AutoARIMA        Statistical      job 58/2270 (  2.6%) win=10/12 elapsed=  1.7m eta= 63.0m fin~20:49 model_complete
  [S03b] ETS Explicit     Statistical      job 58/2270 (  2.6%) win=10/12 elapsed=  1.7m eta= 63.0m fin~20:49 model_complete
  [S03b] LightGBM         Machine learning job 58/2270 (  2.6%) win=10/12 elapsed=  1.7m eta= 63.0m fin~20:49 model_complete
  [S03b] Theta            Statistical      job 58/2270 (  2.6%) win=10/12 elapsed=  1.7m eta= 63.1m fin~20:49 model_complete
  [S03b] XGBoost          Machine learning job 58/2270 (  2.6%) win=11/12 elapsed=  1.7m eta= 63.1m fin~20:49 model_complete
  [S03b] AutoARIMA        Statistical      job 59/2270 (  2.6%) win=11/12 elapsed=  1.7m eta= 62.5m fin~20:49 model_complete
  [S03b] ETS Explicit     Statistical      job 59/2270 (  2.6%) win=11/12 elapsed=  1.7m eta= 62.5m fin~20:49 model_complete
  [S03b] LightGBM         Machine learning job 59/2270 (  2.6%) win=11/12 elapsed=  1.7m eta= 62.5m fin~20:49 model_complete
  [S03b] Theta            Statistical      job 59/2270 (  2.6%) win=11/12 elapsed=  1.7m eta= 62.5m fin~20:49 model_complete
  [S03b] XGBoost          Machine learning job 59/2270 (  2.6%) win=12/12 elapsed=  1.7m eta= 62.6m fin~20:49 model_complete
  [S03b] AutoARIMA        Statistical      job 60/2270 (  2.6%) win=12/12 elapsed=  1.7m eta= 62.0m fin~20:48 model_complete
  [S03b] ETS Explicit     Statistical      job 60/2270 (  2.6%) win=12/12 elapsed=  1.7m eta= 62.0m fin~20:48 model_complete
  [S03b] LightGBM         Machine learning job 60/2270 (  2.6%) win=12/12 elapsed=  1.7m eta= 62.0m fin~20:48 model_complete
  [S03b] Theta            Statistical      job 60/2270 (  2.6%) win=12/12 elapsed=  1.7m eta= 62.0m fin~20:48 model_complete
  [S03b] XGBoost          Machine learning job 300/2270 ( 13.2%) win=12/12 elapsed=  1.7m eta= 11.1m fin~19:57 running
  [S03b] XGBoost          Machine learning job 60/2270 (  2.6%) win=1/12 elapsed=  1.7m eta= 62.1m fin~20:48 model_complete
  [S03b] AutoARIMA        Statistical      job 61/2270 (  2.7%) win=1/12 elapsed=  1.7m eta= 61.5m fin~20:48 model_complete
  [S03b] ETS Explicit     Statistical      job 61/2270 (  2.7%) win=1/12 elapsed=  1.7m eta= 61.6m fin~20:48 model_complete
  [S03b] LightGBM         Machine learning job 61/2270 (  2.7%) win=1/12 elapsed=  1.7m eta= 61.6m fin~20:48 model_complete
  [S03b] Theta            Statistical      job 61/2270 (  2.7%) win=1/12 elapsed=  1.7m eta= 61.6m fin~20:48 model_complete
  [S03b] XGBoost          Machine learning job 61/2270 (  2.7%) win=2/12 elapsed=  1.7m eta= 61.6m fin~20:48 model_complete
  [S03b] AutoARIMA        Statistical      job 62/2270 (  2.7%) win=2/12 elapsed=  1.7m eta= 61.1m fin~20:47 model_complete
  [S03b] ETS Explicit     Statistical      job 62/2270 (  2.7%) win=2/12 elapsed=  1.7m eta= 61.1m fin~20:47 model_complete
  [S03b] LightGBM         Machine learning job 62/2270 (  2.7%) win=2/12 elapsed=  1.7m eta= 61.1m fin~20:47 model_complete
  [S03b] Theta            Statistical      job 62/2270 (  2.7%) win=2/12 elapsed=  1.7m eta= 61.1m fin~20:47 model_complete
  [S03b] XGBoost          Machine learning job 62/2270 (  2.7%) win=3/12 elapsed=  1.7m eta= 61.2m fin~20:47 model_complete
  [S03b] AutoARIMA        Statistical      job 63/2270 (  2.8%) win=3/12 elapsed=  1.7m eta= 60.7m fin~20:47 model_complete
  [S03b] ETS Explicit     Statistical      job 63/2270 (  2.8%) win=3/12 elapsed=  1.7m eta= 60.7m fin~20:47 model_complete
  [S03b] LightGBM         Machine learning job 63/2270 (  2.8%) win=3/12 elapsed=  1.7m eta= 60.7m fin~20:47 model_complete
  [S03b] Theta            Statistical      job 63/2270 (  2.8%) win=3/12 elapsed=  1.7m eta= 60.8m fin~20:47 model_complete
  [S03b] XGBoost          Machine learning job 63/2270 (  2.8%) win=4/12 elapsed=  1.7m eta= 60.8m fin~20:47 model_complete
  [S03b] AutoARIMA        Statistical      job 64/2270 (  2.8%) win=4/12 elapsed=  1.7m eta= 60.3m fin~20:47 model_complete
  [S03b] ETS Explicit     Statistical      job 64/2270 (  2.8%) win=4/12 elapsed=  1.8m eta= 60.3m fin~20:47 model_complete
  [S03b] LightGBM         Machine learning job 64/2270 (  2.8%) win=4/12 elapsed=  1.8m eta= 60.4m fin~20:47 model_complete
  [S03b] Theta            Statistical      job 64/2270 (  2.8%) win=4/12 elapsed=  1.8m eta= 60.4m fin~20:47 model_complete
  [S03b] XGBoost          Machine learning job 64/2270 (  2.8%) win=5/12 elapsed=  1.8m eta= 60.4m fin~20:47 model_complete
  [S03b] AutoARIMA        Statistical      job 65/2270 (  2.9%) win=5/12 elapsed=  1.8m eta= 60.0m fin~20:46 model_complete
  [S03b] ETS Explicit     Statistical      job 65/2270 (  2.9%) win=5/12 elapsed=  1.8m eta= 60.0m fin~20:46 model_complete
  [S03b] LightGBM         Machine learning job 65/2270 (  2.9%) win=5/12 elapsed=  1.8m eta= 60.0m fin~20:46 model_complete
  [S03b] Theta            Statistical      job 65/2270 (  2.9%) win=5/12 elapsed=  1.8m eta= 60.0m fin~20:46 model_complete
  [S03b] XGBoost          Machine learning job 325/2270 ( 14.3%) win=5/12 elapsed=  1.8m eta= 10.6m fin~19:57 running
  [S03b] XGBoost          Machine learning job 65/2270 (  2.9%) win=6/12 elapsed=  1.8m eta= 60.1m fin~20:46 model_complete
  [S03b] AutoARIMA        Statistical      job 66/2270 (  2.9%) win=6/12 elapsed=  1.8m eta= 59.6m fin~20:46 model_complete
  [S03b] ETS Explicit     Statistical      job 66/2270 (  2.9%) win=6/12 elapsed=  1.8m eta= 59.6m fin~20:46 model_complete
  [S03b] LightGBM         Machine learning job 66/2270 (  2.9%) win=6/12 elapsed=  1.8m eta= 59.7m fin~20:46 model_complete
  [S03b] Theta            Statistical      job 66/2270 (  2.9%) win=6/12 elapsed=  1.8m eta= 59.7m fin~20:46 model_complete
  [S03b] XGBoost          Machine learning job 66/2270 (  2.9%) win=7/12 elapsed=  1.8m eta= 59.7m fin~20:46 model_complete
  [S03b] AutoARIMA        Statistical      job 67/2270 (  3.0%) win=7/12 elapsed=  1.8m eta= 59.3m fin~20:46 model_complete
  [S03b] ETS Explicit     Statistical      job 67/2270 (  3.0%) win=7/12 elapsed=  1.8m eta= 59.3m fin~20:46 model_complete
  [S03b] LightGBM         Machine learning job 67/2270 (  3.0%) win=7/12 elapsed=  1.8m eta= 59.3m fin~20:46 model_complete
  [S03b] Theta            Statistical      job 67/2270 (  3.0%) win=7/12 elapsed=  1.8m eta= 59.3m fin~20:46 model_complete
  [S03b] XGBoost          Machine learning job 67/2270 (  3.0%) win=8/12 elapsed=  1.8m eta= 59.4m fin~20:46 model_complete
  [S03b] AutoARIMA        Statistical      job 68/2270 (  3.0%) win=8/12 elapsed=  1.8m eta= 59.0m fin~20:45 model_complete
  [S03b] ETS Explicit     Statistical      job 68/2270 (  3.0%) win=8/12 elapsed=  1.8m eta= 59.0m fin~20:45 model_complete
  [S03b] LightGBM         Machine learning job 68/2270 (  3.0%) win=8/12 elapsed=  1.8m eta= 59.0m fin~20:45 model_complete
  [S03b] Theta            Statistical      job 68/2270 (  3.0%) win=8/12 elapsed=  1.8m eta= 59.0m fin~20:45 model_complete
  [S03b] XGBoost          Machine learning job 68/2270 (  3.0%) win=9/12 elapsed=  1.8m eta= 59.1m fin~20:45 model_complete
  [S03b] AutoARIMA        Statistical      job 69/2270 (  3.0%) win=9/12 elapsed=  1.8m eta= 58.7m fin~20:45 model_complete
  [S03b] ETS Explicit     Statistical      job 69/2270 (  3.0%) win=9/12 elapsed=  1.8m eta= 58.7m fin~20:45 model_complete
  [S03b] LightGBM         Machine learning job 69/2270 (  3.0%) win=9/12 elapsed=  1.8m eta= 58.7m fin~20:45 model_complete
  [S03b] Theta            Statistical      job 69/2270 (  3.0%) win=9/12 elapsed=  1.8m eta= 58.8m fin~20:45 model_complete
  [S03b] XGBoost          Machine learning job 69/2270 (  3.0%) win=10/12 elapsed=  1.8m eta= 58.8m fin~20:45 model_complete
  [S03b] AutoARIMA        Statistical      job 70/2270 (  3.1%) win=10/12 elapsed=  1.9m eta= 58.5m fin~20:45 model_complete
  [S03b] ETS Explicit     Statistical      job 70/2270 (  3.1%) win=10/12 elapsed=  1.9m eta= 58.5m fin~20:45 model_complete
  [S03b] LightGBM         Machine learning job 70/2270 (  3.1%) win=10/12 elapsed=  1.9m eta= 58.6m fin~20:45 model_complete
  [S03b] Theta            Statistical      job 70/2270 (  3.1%) win=10/12 elapsed=  1.9m eta= 58.6m fin~20:45 model_complete
  [S03b] XGBoost          Machine learning job 350/2270 ( 15.4%) win=10/12 elapsed=  1.9m eta= 10.2m fin~19:57 running
  [S03b] XGBoost          Machine learning job 70/2270 (  3.1%) win=11/12 elapsed=  1.9m eta= 58.6m fin~20:45 model_complete
  [S03b] AutoARIMA        Statistical      job 71/2270 (  3.1%) win=11/12 elapsed=  1.9m eta= 58.4m fin~20:45 model_complete
  [S03b] ETS Explicit     Statistical      job 71/2270 (  3.1%) win=11/12 elapsed=  1.9m eta= 58.4m fin~20:45 model_complete
  [S03b] LightGBM         Machine learning job 71/2270 (  3.1%) win=11/12 elapsed=  1.9m eta= 58.4m fin~20:45 model_complete
  [S03b] Theta            Statistical      job 71/2270 (  3.1%) win=11/12 elapsed=  1.9m eta= 58.5m fin~20:45 model_complete
  [S03b] XGBoost          Machine learning job 71/2270 (  3.1%) win=12/12 elapsed=  1.9m eta= 58.5m fin~20:45 model_complete
  [S03b] AutoARIMA        Statistical      job 72/2270 (  3.2%) win=12/12 elapsed=  1.9m eta= 58.2m fin~20:45 model_complete
  [S03b] ETS Explicit     Statistical      job 72/2270 (  3.2%) win=12/12 elapsed=  1.9m eta= 58.2m fin~20:45 model_complete
  [S03b] LightGBM         Machine learning job 72/2270 (  3.2%) win=12/12 elapsed=  1.9m eta= 58.3m fin~20:45 model_complete
  [S03b] Theta            Statistical      job 72/2270 (  3.2%) win=12/12 elapsed=  1.9m eta= 58.3m fin~20:45 model_complete
  [S03b] XGBoost          Machine learning job 72/2270 (  3.2%) win=1/12 elapsed=  1.9m eta= 58.3m fin~20:45 model_complete
  [S03b] AutoARIMA        Statistical      job 73/2270 (  3.2%) win=1/12 elapsed=  1.9m eta= 57.8m fin~20:44 model_complete
  [S03b] ETS Explicit     Statistical      job 73/2270 (  3.2%) win=1/12 elapsed=  1.9m eta= 57.8m fin~20:44 model_complete
  [S03b] LightGBM         Machine learning job 73/2270 (  3.2%) win=1/12 elapsed=  1.9m eta= 57.8m fin~20:44 model_complete
  [S03b] Theta            Statistical      job 73/2270 (  3.2%) win=1/12 elapsed=  1.9m eta= 57.8m fin~20:44 model_complete
  [S03b] XGBoost          Machine learning job 73/2270 (  3.2%) win=2/12 elapsed=  1.9m eta= 57.9m fin~20:44 model_complete
  [S03b] AutoARIMA        Statistical      job 74/2270 (  3.3%) win=2/12 elapsed=  1.9m eta= 57.2m fin~20:44 model_complete
  [S03b] ETS Explicit     Statistical      job 74/2270 (  3.3%) win=2/12 elapsed=  1.9m eta= 57.3m fin~20:44 model_complete
  [S03b] LightGBM         Machine learning job 74/2270 (  3.3%) win=2/12 elapsed=  1.9m eta= 57.3m fin~20:44 model_complete
  [S03b] Theta            Statistical      job 74/2270 (  3.3%) win=2/12 elapsed=  1.9m eta= 57.3m fin~20:44 model_complete
  [S03b] XGBoost          Machine learning job 74/2270 (  3.3%) win=3/12 elapsed=  1.9m eta= 57.3m fin~20:44 model_complete
  [S03b] AutoARIMA        Statistical      job 75/2270 (  3.3%) win=3/12 elapsed=  1.9m eta= 56.8m fin~20:43 model_complete
  [S03b] ETS Explicit     Statistical      job 75/2270 (  3.3%) win=3/12 elapsed=  1.9m eta= 56.8m fin~20:43 model_complete
  [S03b] LightGBM         Machine learning job 75/2270 (  3.3%) win=3/12 elapsed=  1.9m eta= 56.8m fin~20:43 model_complete
  [S03b] Theta            Statistical      job 75/2270 (  3.3%) win=3/12 elapsed=  1.9m eta= 56.8m fin~20:43 model_complete
  [S03b] XGBoost          Machine learning job 375/2270 ( 16.5%) win=3/12 elapsed=  1.9m eta=  9.8m fin~19:56 running
  [S03b] XGBoost          Machine learning job 75/2270 (  3.3%) win=4/12 elapsed=  1.9m eta= 56.9m fin~20:43 model_complete
  [S03b] AutoARIMA        Statistical      job 76/2270 (  3.3%) win=4/12 elapsed=  2.0m eta= 56.3m fin~20:43 model_complete
  [S03b] ETS Explicit     Statistical      job 76/2270 (  3.3%) win=4/12 elapsed=  2.0m eta= 56.3m fin~20:43 model_complete
  [S03b] LightGBM         Machine learning job 76/2270 (  3.3%) win=4/12 elapsed=  2.0m eta= 56.4m fin~20:43 model_complete
  [S03b] Theta            Statistical      job 76/2270 (  3.3%) win=4/12 elapsed=  2.0m eta= 56.4m fin~20:43 model_complete
  [S03b] XGBoost          Machine learning job 76/2270 (  3.3%) win=5/12 elapsed=  2.0m eta= 56.4m fin~20:43 model_complete
  [S03b] AutoARIMA        Statistical      job 77/2270 (  3.4%) win=5/12 elapsed=  2.0m eta= 55.9m fin~20:42 model_complete
  [S03b] ETS Explicit     Statistical      job 77/2270 (  3.4%) win=5/12 elapsed=  2.0m eta= 56.0m fin~20:42 model_complete
  [S03b] LightGBM         Machine learning job 77/2270 (  3.4%) win=5/12 elapsed=  2.0m eta= 56.0m fin~20:42 model_complete
  [S03b] Theta            Statistical      job 77/2270 (  3.4%) win=5/12 elapsed=  2.0m eta= 56.0m fin~20:42 model_complete
  [S03b] XGBoost          Machine learning job 77/2270 (  3.4%) win=6/12 elapsed=  2.0m eta= 56.0m fin~20:42 model_complete
  [S03b] AutoARIMA        Statistical      job 78/2270 (  3.4%) win=6/12 elapsed=  2.0m eta= 55.8m fin~20:42 model_complete
  [S03b] ETS Explicit     Statistical      job 78/2270 (  3.4%) win=6/12 elapsed=  2.0m eta= 55.8m fin~20:42 model_complete
  [S03b] LightGBM         Machine learning job 78/2270 (  3.4%) win=6/12 elapsed=  2.0m eta= 55.8m fin~20:42 model_complete
  [S03b] Theta            Statistical      job 78/2270 (  3.4%) win=6/12 elapsed=  2.0m eta= 55.8m fin~20:42 model_complete
  [S03b] XGBoost          Machine learning job 78/2270 (  3.4%) win=7/12 elapsed=  2.0m eta= 55.9m fin~20:42 model_complete
  [S03b] AutoARIMA        Statistical      job 79/2270 (  3.5%) win=7/12 elapsed=  2.0m eta= 55.6m fin~20:42 model_complete
  [S03b] ETS Explicit     Statistical      job 79/2270 (  3.5%) win=7/12 elapsed=  2.0m eta= 55.6m fin~20:42 model_complete
  [S03b] LightGBM         Machine learning job 79/2270 (  3.5%) win=7/12 elapsed=  2.0m eta= 55.6m fin~20:42 model_complete
  [S03b] Theta            Statistical      job 79/2270 (  3.5%) win=7/12 elapsed=  2.0m eta= 55.7m fin~20:42 model_complete
  [S03b] XGBoost          Machine learning job 79/2270 (  3.5%) win=8/12 elapsed=  2.0m eta= 55.7m fin~20:42 model_complete
  [S03b] AutoARIMA        Statistical      job 80/2270 (  3.5%) win=8/12 elapsed=  2.0m eta= 55.4m fin~20:42 model_complete
  [S03b] ETS Explicit     Statistical      job 80/2270 (  3.5%) win=8/12 elapsed=  2.0m eta= 55.4m fin~20:42 model_complete
  [S03b] LightGBM         Machine learning job 80/2270 (  3.5%) win=8/12 elapsed=  2.0m eta= 55.4m fin~20:42 model_complete
  [S03b] Theta            Statistical      job 80/2270 (  3.5%) win=8/12 elapsed=  2.0m eta= 55.4m fin~20:42 model_complete
  [S03b] XGBoost          Machine learning job 400/2270 ( 17.6%) win=8/12 elapsed=  2.0m eta=  9.5m fin~19:56 running
  [S03b] XGBoost          Machine learning job 80/2270 (  3.5%) win=9/12 elapsed=  2.0m eta= 55.5m fin~20:42 model_complete
  [S03b] AutoARIMA        Statistical      job 81/2270 (  3.6%) win=9/12 elapsed=  2.0m eta= 55.2m fin~20:42 model_complete
  [S03b] ETS Explicit     Statistical      job 81/2270 (  3.6%) win=9/12 elapsed=  2.0m eta= 55.2m fin~20:42 model_complete
  [S03b] LightGBM         Machine learning job 81/2270 (  3.6%) win=9/12 elapsed=  2.0m eta= 55.2m fin~20:42 model_complete
  [S03b] Theta            Statistical      job 81/2270 (  3.6%) win=9/12 elapsed=  2.0m eta= 55.2m fin~20:42 model_complete
  [S03b] XGBoost          Machine learning job 81/2270 (  3.6%) win=10/12 elapsed=  2.0m eta= 55.2m fin~20:42 model_complete
  [S03b] AutoARIMA        Statistical      job 82/2270 (  3.6%) win=10/12 elapsed=  2.1m eta= 55.0m fin~20:42 model_complete
  [S03b] ETS Explicit     Statistical      job 82/2270 (  3.6%) win=10/12 elapsed=  2.1m eta= 55.0m fin~20:42 model_complete
  [S03b] LightGBM         Machine learning job 82/2270 (  3.6%) win=10/12 elapsed=  2.1m eta= 55.0m fin~20:42 model_complete
  [S03b] Theta            Statistical      job 82/2270 (  3.6%) win=10/12 elapsed=  2.1m eta= 55.1m fin~20:42 model_complete
  [S03b] XGBoost          Machine learning job 82/2270 (  3.6%) win=11/12 elapsed=  2.1m eta= 55.1m fin~20:42 model_complete
  [S03b] AutoARIMA        Statistical      job 83/2270 (  3.7%) win=11/12 elapsed=  2.1m eta= 54.8m fin~20:41 model_complete
  [S03b] ETS Explicit     Statistical      job 83/2270 (  3.7%) win=11/12 elapsed=  2.1m eta= 54.9m fin~20:41 model_complete
  [S03b] LightGBM         Machine learning job 83/2270 (  3.7%) win=11/12 elapsed=  2.1m eta= 54.9m fin~20:41 model_complete
  [S03b] Theta            Statistical      job 83/2270 (  3.7%) win=11/12 elapsed=  2.1m eta= 54.9m fin~20:41 model_complete
  [S03b] XGBoost          Machine learning job 83/2270 (  3.7%) win=12/12 elapsed=  2.1m eta= 54.9m fin~20:42 model_complete
  [S03b] AutoARIMA        Statistical      job 84/2270 (  3.7%) win=12/12 elapsed=  2.1m eta= 54.7m fin~20:41 model_complete
  [S03b] ETS Explicit     Statistical      job 84/2270 (  3.7%) win=12/12 elapsed=  2.1m eta= 54.7m fin~20:41 model_complete
  [S03b] LightGBM         Machine learning job 84/2270 (  3.7%) win=12/12 elapsed=  2.1m eta= 54.7m fin~20:41 model_complete
  [S03b] Theta            Statistical      job 84/2270 (  3.7%) win=12/12 elapsed=  2.1m eta= 54.7m fin~20:41 model_complete
  [S03b] XGBoost          Machine learning job 84/2270 (  3.7%) win=1/12 elapsed=  2.1m eta= 54.8m fin~20:41 model_complete
  [S03b] AutoARIMA        Statistical      job 85/2270 (  3.7%) win=1/12 elapsed=  2.1m eta= 54.3m fin~20:41 model_complete
  [S03b] ETS Explicit     Statistical      job 85/2270 (  3.7%) win=1/12 elapsed=  2.1m eta= 54.3m fin~20:41 model_complete
  [S03b] LightGBM         Machine learning job 85/2270 (  3.7%) win=1/12 elapsed=  2.1m eta= 54.3m fin~20:41 model_complete
  [S03b] Theta            Statistical      job 85/2270 (  3.7%) win=1/12 elapsed=  2.1m eta= 54.3m fin~20:41 model_complete
  [S03b] XGBoost          Machine learning job 425/2270 ( 18.7%) win=1/12 elapsed=  2.1m eta=  9.2m fin~19:56 running
  [S03b] XGBoost          Machine learning job 85/2270 (  3.7%) win=2/12 elapsed=  2.1m eta= 54.4m fin~20:41 model_complete
  [S03b] AutoARIMA        Statistical      job 86/2270 (  3.8%) win=2/12 elapsed=  2.1m eta= 53.9m fin~20:41 model_complete
  [S03b] ETS Explicit     Statistical      job 86/2270 (  3.8%) win=2/12 elapsed=  2.1m eta= 53.9m fin~20:41 model_complete
  [S03b] LightGBM         Machine learning job 86/2270 (  3.8%) win=2/12 elapsed=  2.1m eta= 53.9m fin~20:41 model_complete
  [S03b] Theta            Statistical      job 86/2270 (  3.8%) win=2/12 elapsed=  2.1m eta= 53.9m fin~20:41 model_complete
  [S03b] XGBoost          Machine learning job 86/2270 (  3.8%) win=3/12 elapsed=  2.1m eta= 54.0m fin~20:41 model_complete
  [S03b] AutoARIMA        Statistical      job 87/2270 (  3.8%) win=3/12 elapsed=  2.1m eta= 53.5m fin~20:40 model_complete
  [S03b] ETS Explicit     Statistical      job 87/2270 (  3.8%) win=3/12 elapsed=  2.1m eta= 53.5m fin~20:40 model_complete
  [S03b] LightGBM         Machine learning job 87/2270 (  3.8%) win=3/12 elapsed=  2.1m eta= 53.5m fin~20:40 model_complete
  [S03b] Theta            Statistical      job 87/2270 (  3.8%) win=3/12 elapsed=  2.1m eta= 53.5m fin~20:40 model_complete
  [S03b] XGBoost          Machine learning job 87/2270 (  3.8%) win=4/12 elapsed=  2.1m eta= 53.5m fin~20:40 model_complete
  [S03b] AutoARIMA        Statistical      job 88/2270 (  3.9%) win=4/12 elapsed=  2.1m eta= 53.1m fin~20:40 model_complete
  [S03b] ETS Explicit     Statistical      job 88/2270 (  3.9%) win=4/12 elapsed=  2.1m eta= 53.1m fin~20:40 model_complete
  [S03b] LightGBM         Machine learning job 88/2270 (  3.9%) win=4/12 elapsed=  2.1m eta= 53.1m fin~20:40 model_complete
  [S03b] Theta            Statistical      job 88/2270 (  3.9%) win=4/12 elapsed=  2.1m eta= 53.1m fin~20:40 model_complete
  [S03b] XGBoost          Machine learning job 88/2270 (  3.9%) win=5/12 elapsed=  2.1m eta= 53.1m fin~20:40 model_complete
  [S03b] AutoARIMA        Statistical      job 89/2270 (  3.9%) win=5/12 elapsed=  2.2m eta= 52.7m fin~20:39 model_complete
  [S03b] ETS Explicit     Statistical      job 89/2270 (  3.9%) win=5/12 elapsed=  2.2m eta= 52.7m fin~20:39 model_complete
  [S03b] LightGBM         Machine learning job 89/2270 (  3.9%) win=5/12 elapsed=  2.2m eta= 52.7m fin~20:39 model_complete
  [S03b] Theta            Statistical      job 89/2270 (  3.9%) win=5/12 elapsed=  2.2m eta= 52.8m fin~20:39 model_complete
  [S03b] XGBoost          Machine learning job 89/2270 (  3.9%) win=6/12 elapsed=  2.2m eta= 52.8m fin~20:39 model_complete
  [S03b] AutoARIMA        Statistical      job 90/2270 (  4.0%) win=6/12 elapsed=  2.2m eta= 52.3m fin~20:39 model_complete
  [S03b] ETS Explicit     Statistical      job 90/2270 (  4.0%) win=6/12 elapsed=  2.2m eta= 52.4m fin~20:39 model_complete
  [S03b] LightGBM         Machine learning job 90/2270 (  4.0%) win=6/12 elapsed=  2.2m eta= 52.4m fin~20:39 model_complete
  [S03b] Theta            Statistical      job 90/2270 (  4.0%) win=6/12 elapsed=  2.2m eta= 52.4m fin~20:39 model_complete
  [S03b] XGBoost          Machine learning job 450/2270 ( 19.8%) win=6/12 elapsed=  2.2m eta=  8.8m fin~19:55 running
  [S03b] XGBoost          Machine learning job 90/2270 (  4.0%) win=7/12 elapsed=  2.2m eta= 52.4m fin~20:39 model_complete
  [S03b] AutoARIMA        Statistical      job 91/2270 (  4.0%) win=7/12 elapsed=  2.2m eta= 52.0m fin~20:39 model_complete
  [S03b] ETS Explicit     Statistical      job 91/2270 (  4.0%) win=7/12 elapsed=  2.2m eta= 52.0m fin~20:39 model_complete
  [S03b] LightGBM         Machine learning job 91/2270 (  4.0%) win=7/12 elapsed=  2.2m eta= 52.0m fin~20:39 model_complete
  [S03b] Theta            Statistical      job 91/2270 (  4.0%) win=7/12 elapsed=  2.2m eta= 52.1m fin~20:39 model_complete
  [S03b] XGBoost          Machine learning job 91/2270 (  4.0%) win=8/12 elapsed=  2.2m eta= 52.1m fin~20:39 model_complete
  [S03b] AutoARIMA        Statistical      job 92/2270 (  4.1%) win=8/12 elapsed=  2.2m eta= 51.6m fin~20:38 model_complete
  [S03b] ETS Explicit     Statistical      job 92/2270 (  4.1%) win=8/12 elapsed=  2.2m eta= 51.6m fin~20:38 model_complete
  [S03b] LightGBM         Machine learning job 92/2270 (  4.1%) win=8/12 elapsed=  2.2m eta= 51.7m fin~20:38 model_complete
  [S03b] Theta            Statistical      job 92/2270 (  4.1%) win=8/12 elapsed=  2.2m eta= 51.7m fin~20:38 model_complete
  [S03b] XGBoost          Machine learning job 92/2270 (  4.1%) win=9/12 elapsed=  2.2m eta= 51.7m fin~20:38 model_complete
  [S03b] AutoARIMA        Statistical      job 93/2270 (  4.1%) win=9/12 elapsed=  2.2m eta= 51.3m fin~20:38 model_complete
  [S03b] ETS Explicit     Statistical      job 93/2270 (  4.1%) win=9/12 elapsed=  2.2m eta= 51.3m fin~20:38 model_complete
  [S03b] LightGBM         Machine learning job 93/2270 (  4.1%) win=9/12 elapsed=  2.2m eta= 51.3m fin~20:38 model_complete
  [S03b] Theta            Statistical      job 93/2270 (  4.1%) win=9/12 elapsed=  2.2m eta= 51.3m fin~20:38 model_complete
  [S03b] XGBoost          Machine learning job 93/2270 (  4.1%) win=10/12 elapsed=  2.2m eta= 51.4m fin~20:38 model_complete
  [S03b] AutoARIMA        Statistical      job 94/2270 (  4.1%) win=10/12 elapsed=  2.2m eta= 50.9m fin~20:38 model_complete
  [S03b] ETS Explicit     Statistical      job 94/2270 (  4.1%) win=10/12 elapsed=  2.2m eta= 51.0m fin~20:38 model_complete
  [S03b] LightGBM         Machine learning job 94/2270 (  4.1%) win=10/12 elapsed=  2.2m eta= 51.0m fin~20:38 model_complete
  [S03b] Theta            Statistical      job 94/2270 (  4.1%) win=10/12 elapsed=  2.2m eta= 51.0m fin~20:38 model_complete
  [S03b] XGBoost          Machine learning job 94/2270 (  4.1%) win=11/12 elapsed=  2.2m eta= 51.0m fin~20:38 model_complete
  [S03b] AutoARIMA        Statistical      job 95/2270 (  4.2%) win=11/12 elapsed=  2.2m eta= 50.6m fin~20:37 model_complete
  [S03b] ETS Explicit     Statistical      job 95/2270 (  4.2%) win=11/12 elapsed=  2.2m eta= 50.6m fin~20:37 model_complete
  [S03b] LightGBM         Machine learning job 95/2270 (  4.2%) win=11/12 elapsed=  2.2m eta= 50.6m fin~20:37 model_complete
  [S03b] Theta            Statistical      job 95/2270 (  4.2%) win=11/12 elapsed=  2.2m eta= 50.7m fin~20:37 model_complete
  [S03b] XGBoost          Machine learning job 475/2270 ( 20.9%) win=11/12 elapsed=  2.2m eta=  8.4m fin~19:55 running
  [S03b] XGBoost          Machine learning job 95/2270 (  4.2%) win=12/12 elapsed=  2.2m eta= 50.7m fin~20:37 model_complete
  [S03b] AutoARIMA        Statistical      job 96/2270 (  4.2%) win=12/12 elapsed=  2.2m eta= 50.3m fin~20:37 model_complete
  [S03b] ETS Explicit     Statistical      job 96/2270 (  4.2%) win=12/12 elapsed=  2.2m eta= 50.3m fin~20:37 model_complete
  [S03b] LightGBM         Machine learning job 96/2270 (  4.2%) win=12/12 elapsed=  2.2m eta= 50.3m fin~20:37 model_complete
  [S03b] Theta            Statistical      job 96/2270 (  4.2%) win=12/12 elapsed=  2.2m eta= 50.4m fin~20:37 model_complete
  [S03b] XGBoost          Machine learning job 96/2270 (  4.2%) win=1/12 elapsed=  2.2m eta= 50.4m fin~20:37 model_complete
  [S03b] AutoARIMA        Statistical      job 97/2270 (  4.3%) win=1/12 elapsed=  2.2m eta= 50.2m fin~20:37 model_complete
  [S03b] ETS Explicit     Statistical      job 97/2270 (  4.3%) win=1/12 elapsed=  2.2m eta= 50.2m fin~20:37 model_complete
  [S03b] LightGBM         Machine learning job 97/2270 (  4.3%) win=1/12 elapsed=  2.2m eta= 50.2m fin~20:37 model_complete
  [S03b] Theta            Statistical      job 97/2270 (  4.3%) win=1/12 elapsed=  2.2m eta= 50.3m fin~20:37 model_complete
  [S03b] XGBoost          Machine learning job 97/2270 (  4.3%) win=2/12 elapsed=  2.2m eta= 50.3m fin~20:37 model_complete
  [S03b] AutoARIMA        Statistical      job 98/2270 (  4.3%) win=2/12 elapsed=  2.3m eta= 50.1m fin~20:37 model_complete
  [S03b] ETS Explicit     Statistical      job 98/2270 (  4.3%) win=2/12 elapsed=  2.3m eta= 50.1m fin~20:37 model_complete
  [S03b] LightGBM         Machine learning job 98/2270 (  4.3%) win=2/12 elapsed=  2.3m eta= 50.2m fin~20:37 model_complete
  [S03b] Theta            Statistical      job 98/2270 (  4.3%) win=2/12 elapsed=  2.3m eta= 50.2m fin~20:37 model_complete
  [S03b] XGBoost          Machine learning job 98/2270 (  4.3%) win=3/12 elapsed=  2.3m eta= 50.2m fin~20:37 model_complete
  [S03b] AutoARIMA        Statistical      job 99/2270 (  4.4%) win=3/12 elapsed=  2.3m eta= 50.0m fin~20:37 model_complete
  [S03b] ETS Explicit     Statistical      job 99/2270 (  4.4%) win=3/12 elapsed=  2.3m eta= 50.1m fin~20:37 model_complete
  [S03b] LightGBM         Machine learning job 99/2270 (  4.4%) win=3/12 elapsed=  2.3m eta= 50.1m fin~20:37 model_complete
  [S03b] Theta            Statistical      job 99/2270 (  4.4%) win=3/12 elapsed=  2.3m eta= 50.1m fin~20:37 model_complete
  [S03b] XGBoost          Machine learning job 99/2270 (  4.4%) win=4/12 elapsed=  2.3m eta= 50.1m fin~20:37 model_complete
  [S03b] AutoARIMA        Statistical      job 100/2270 (  4.4%) win=4/12 elapsed=  2.3m eta= 50.0m fin~20:37 model_complete
  [S03b] ETS Explicit     Statistical      job 100/2270 (  4.4%) win=4/12 elapsed=  2.3m eta= 50.0m fin~20:37 model_complete
  [S03b] LightGBM         Machine learning job 100/2270 (  4.4%) win=4/12 elapsed=  2.3m eta= 50.0m fin~20:37 model_complete
  [S03b] Theta            Statistical      job 100/2270 (  4.4%) win=4/12 elapsed=  2.3m eta= 50.0m fin~20:37 model_complete
  [S03b] XGBoost          Machine learning job 500/2270 ( 22.0%) win=4/12 elapsed=  2.3m eta=  8.2m fin~19:55 running
  [S03b] XGBoost          Machine learning job 100/2270 (  4.4%) win=5/12 elapsed=  2.3m eta= 50.0m fin~20:37 model_complete
  [S03b] AutoARIMA        Statistical      job 101/2270 (  4.4%) win=5/12 elapsed=  2.3m eta= 50.0m fin~20:37 model_complete
  [S03b] ETS Explicit     Statistical      job 101/2270 (  4.4%) win=5/12 elapsed=  2.3m eta= 50.0m fin~20:37 model_complete
  [S03b] LightGBM         Machine learning job 101/2270 (  4.4%) win=5/12 elapsed=  2.3m eta= 50.0m fin~20:37 model_complete
  [S03b] Theta            Statistical      job 101/2270 (  4.4%) win=5/12 elapsed=  2.3m eta= 50.0m fin~20:37 model_complete
  [S03b] XGBoost          Machine learning job 101/2270 (  4.4%) win=6/12 elapsed=  2.3m eta= 50.0m fin~20:37 model_complete
  [S03b] AutoARIMA        Statistical      job 102/2270 (  4.5%) win=6/12 elapsed=  2.3m eta= 49.9m fin~20:37 model_complete
  [S03b] ETS Explicit     Statistical      job 102/2270 (  4.5%) win=6/12 elapsed=  2.3m eta= 49.9m fin~20:37 model_complete
  [S03b] LightGBM         Machine learning job 102/2270 (  4.5%) win=6/12 elapsed=  2.3m eta= 49.9m fin~20:37 model_complete
  [S03b] Theta            Statistical      job 102/2270 (  4.5%) win=6/12 elapsed=  2.4m eta= 50.0m fin~20:37 model_complete
  [S03b] XGBoost          Machine learning job 102/2270 (  4.5%) win=7/12 elapsed=  2.4m eta= 50.0m fin~20:37 model_complete
  [S03b] AutoARIMA        Statistical      job 103/2270 (  4.5%) win=7/12 elapsed=  2.4m eta= 49.9m fin~20:37 model_complete
  [S03b] ETS Explicit     Statistical      job 103/2270 (  4.5%) win=7/12 elapsed=  2.4m eta= 49.9m fin~20:37 model_complete
  [S03b] LightGBM         Machine learning job 103/2270 (  4.5%) win=7/12 elapsed=  2.4m eta= 49.9m fin~20:37 model_complete
  [S03b] Theta            Statistical      job 103/2270 (  4.5%) win=7/12 elapsed=  2.4m eta= 49.9m fin~20:37 model_complete
  [S03b] XGBoost          Machine learning job 103/2270 (  4.5%) win=8/12 elapsed=  2.4m eta= 49.9m fin~20:37 model_complete
  [S03b] AutoARIMA        Statistical      job 104/2270 (  4.6%) win=8/12 elapsed=  2.4m eta= 49.8m fin~20:37 model_complete
  [S03b] ETS Explicit     Statistical      job 104/2270 (  4.6%) win=8/12 elapsed=  2.4m eta= 49.8m fin~20:37 model_complete
  [S03b] LightGBM         Machine learning job 104/2270 (  4.6%) win=8/12 elapsed=  2.4m eta= 49.9m fin~20:37 model_complete
  [S03b] Theta            Statistical      job 104/2270 (  4.6%) win=8/12 elapsed=  2.4m eta= 49.9m fin~20:37 model_complete
  [S03b] XGBoost          Machine learning job 104/2270 (  4.6%) win=9/12 elapsed=  2.4m eta= 49.9m fin~20:37 model_complete
  [S03b] AutoARIMA        Statistical      job 105/2270 (  4.6%) win=9/12 elapsed=  2.4m eta= 49.8m fin~20:37 model_complete
  [S03b] ETS Explicit     Statistical      job 105/2270 (  4.6%) win=9/12 elapsed=  2.4m eta= 49.8m fin~20:37 model_complete
  [S03b] LightGBM         Machine learning job 105/2270 (  4.6%) win=9/12 elapsed=  2.4m eta= 49.9m fin~20:37 model_complete
  [S03b] Theta            Statistical      job 105/2270 (  4.6%) win=9/12 elapsed=  2.4m eta= 49.9m fin~20:37 model_complete
  [S03b] XGBoost          Machine learning job 525/2270 ( 23.1%) win=9/12 elapsed=  2.4m eta=  8.0m fin~19:55 running
  [S03b] XGBoost          Machine learning job 105/2270 (  4.6%) win=10/12 elapsed=  2.4m eta= 49.9m fin~20:37 model_complete
  [S03b] AutoARIMA        Statistical      job 106/2270 (  4.7%) win=10/12 elapsed=  2.4m eta= 49.8m fin~20:37 model_complete
  [S03b] ETS Explicit     Statistical      job 106/2270 (  4.7%) win=10/12 elapsed=  2.4m eta= 49.8m fin~20:37 model_complete
  [S03b] LightGBM         Machine learning job 106/2270 (  4.7%) win=10/12 elapsed=  2.4m eta= 49.8m fin~20:37 model_complete
  [S03b] Theta            Statistical      job 106/2270 (  4.7%) win=10/12 elapsed=  2.4m eta= 49.8m fin~20:37 model_complete
  [S03b] XGBoost          Machine learning job 106/2270 (  4.7%) win=11/12 elapsed=  2.4m eta= 49.9m fin~20:37 model_complete
  [S03b] AutoARIMA        Statistical      job 107/2270 (  4.7%) win=11/12 elapsed=  2.5m eta= 49.8m fin~20:37 model_complete
  [S03b] ETS Explicit     Statistical      job 107/2270 (  4.7%) win=11/12 elapsed=  2.5m eta= 49.8m fin~20:37 model_complete
  [S03b] LightGBM         Machine learning job 107/2270 (  4.7%) win=11/12 elapsed=  2.5m eta= 49.8m fin~20:37 model_complete
  [S03b] Theta            Statistical      job 107/2270 (  4.7%) win=11/12 elapsed=  2.5m eta= 49.8m fin~20:37 model_complete
  [S03b] XGBoost          Machine learning job 107/2270 (  4.7%) win=12/12 elapsed=  2.5m eta= 49.9m fin~20:37 model_complete
  [S03b] AutoARIMA        Statistical      job 108/2270 (  4.8%) win=12/12 elapsed=  2.5m eta= 49.8m fin~20:37 model_complete
  [S03b] ETS Explicit     Statistical      job 108/2270 (  4.8%) win=12/12 elapsed=  2.5m eta= 49.8m fin~20:37 model_complete
  [S03b] LightGBM         Machine learning job 108/2270 (  4.8%) win=12/12 elapsed=  2.5m eta= 49.8m fin~20:37 model_complete
  [S03b] Theta            Statistical      job 108/2270 (  4.8%) win=12/12 elapsed=  2.5m eta= 49.8m fin~20:37 model_complete
  [S03b] XGBoost          Machine learning job 108/2270 (  4.8%) win=1/12 elapsed=  2.5m eta= 49.8m fin~20:37 model_complete
  [S03b] AutoARIMA        Statistical      job 109/2270 (  4.8%) win=1/12 elapsed=  2.5m eta= 49.6m fin~20:37 model_complete
  [S03b] ETS Explicit     Statistical      job 109/2270 (  4.8%) win=1/12 elapsed=  2.5m eta= 49.6m fin~20:37 model_complete
  [S03b] LightGBM         Machine learning job 109/2270 (  4.8%) win=1/12 elapsed=  2.5m eta= 49.6m fin~20:37 model_complete
  [S03b] Theta            Statistical      job 109/2270 (  4.8%) win=1/12 elapsed=  2.5m eta= 49.6m fin~20:37 model_complete
  [S03b] XGBoost          Machine learning job 109/2270 (  4.8%) win=2/12 elapsed=  2.5m eta= 49.6m fin~20:37 model_complete
  [S03b] AutoARIMA        Statistical      job 110/2270 (  4.8%) win=2/12 elapsed=  2.5m eta= 49.4m fin~20:36 model_complete
  [S03b] ETS Explicit     Statistical      job 110/2270 (  4.8%) win=2/12 elapsed=  2.5m eta= 49.4m fin~20:36 model_complete
  [S03b] LightGBM         Machine learning job 110/2270 (  4.8%) win=2/12 elapsed=  2.5m eta= 49.4m fin~20:36 model_complete
  [S03b] Theta            Statistical      job 110/2270 (  4.8%) win=2/12 elapsed=  2.5m eta= 49.4m fin~20:36 model_complete
  [S03b] XGBoost          Machine learning job 550/2270 ( 24.2%) win=2/12 elapsed=  2.5m eta=  7.9m fin~19:55 running
  [S03b] XGBoost          Machine learning job 110/2270 (  4.8%) win=3/12 elapsed=  2.5m eta= 49.4m fin~20:36 model_complete
  [S03b] AutoARIMA        Statistical      job 111/2270 (  4.9%) win=3/12 elapsed=  2.5m eta= 49.1m fin~20:36 model_complete
  [S03b] ETS Explicit     Statistical      job 111/2270 (  4.9%) win=3/12 elapsed=  2.5m eta= 49.1m fin~20:36 model_complete
  [S03b] LightGBM         Machine learning job 111/2270 (  4.9%) win=3/12 elapsed=  2.5m eta= 49.1m fin~20:36 model_complete
  [S03b] Theta            Statistical      job 111/2270 (  4.9%) win=3/12 elapsed=  2.5m eta= 49.1m fin~20:36 model_complete
  [S03b] XGBoost          Machine learning job 111/2270 (  4.9%) win=4/12 elapsed=  2.5m eta= 49.2m fin~20:36 model_complete
  [S03b] AutoARIMA        Statistical      job 112/2270 (  4.9%) win=4/12 elapsed=  2.5m eta= 49.0m fin~20:36 model_complete
  [S03b] ETS Explicit     Statistical      job 112/2270 (  4.9%) win=4/12 elapsed=  2.5m eta= 49.0m fin~20:36 model_complete
  [S03b] LightGBM         Machine learning job 112/2270 (  4.9%) win=4/12 elapsed=  2.5m eta= 49.0m fin~20:36 model_complete
  [S03b] Theta            Statistical      job 112/2270 (  4.9%) win=4/12 elapsed=  2.5m eta= 49.0m fin~20:36 model_complete
  [S03b] XGBoost          Machine learning job 112/2270 (  4.9%) win=5/12 elapsed=  2.5m eta= 49.0m fin~20:36 model_complete
  [S03b] AutoARIMA        Statistical      job 113/2270 (  5.0%) win=5/12 elapsed=  2.5m eta= 48.6m fin~20:36 model_complete
  [S03b] ETS Explicit     Statistical      job 113/2270 (  5.0%) win=5/12 elapsed=  2.5m eta= 48.6m fin~20:36 model_complete
  [S03b] LightGBM         Machine learning job 113/2270 (  5.0%) win=5/12 elapsed=  2.5m eta= 48.7m fin~20:36 model_complete
  [S03b] Theta            Statistical      job 113/2270 (  5.0%) win=5/12 elapsed=  2.5m eta= 48.7m fin~20:36 model_complete
  [S03b] XGBoost          Machine learning job 113/2270 (  5.0%) win=6/12 elapsed=  2.6m eta= 48.7m fin~20:36 model_complete
  [S03b] AutoARIMA        Statistical      job 114/2270 (  5.0%) win=6/12 elapsed=  2.6m eta= 48.5m fin~20:36 model_complete
  [S03b] ETS Explicit     Statistical      job 114/2270 (  5.0%) win=6/12 elapsed=  2.6m eta= 48.5m fin~20:36 model_complete
  [S03b] LightGBM         Machine learning job 114/2270 (  5.0%) win=6/12 elapsed=  2.6m eta= 48.5m fin~20:36 model_complete
  [S03b] Theta            Statistical      job 114/2270 (  5.0%) win=6/12 elapsed=  2.6m eta= 48.5m fin~20:36 model_complete
  [S03b] XGBoost          Machine learning job 114/2270 (  5.0%) win=7/12 elapsed=  2.6m eta= 48.5m fin~20:36 model_complete
  [S03b] AutoARIMA        Statistical      job 115/2270 (  5.1%) win=7/12 elapsed=  2.6m eta= 48.4m fin~20:35 model_complete
  [S03b] ETS Explicit     Statistical      job 115/2270 (  5.1%) win=7/12 elapsed=  2.6m eta= 48.4m fin~20:35 model_complete
  [S03b] LightGBM         Machine learning job 115/2270 (  5.1%) win=7/12 elapsed=  2.6m eta= 48.4m fin~20:35 model_complete
  [S03b] Theta            Statistical      job 115/2270 (  5.1%) win=7/12 elapsed=  2.6m eta= 48.4m fin~20:35 model_complete
  [S03b] XGBoost          Machine learning job 575/2270 ( 25.3%) win=7/12 elapsed=  2.6m eta=  7.6m fin~19:55 running
  [S03b] XGBoost          Machine learning job 115/2270 (  5.1%) win=8/12 elapsed=  2.6m eta= 48.4m fin~20:35 model_complete
  [S03b] AutoARIMA        Statistical      job 116/2270 (  5.1%) win=8/12 elapsed=  2.6m eta= 48.2m fin~20:35 model_complete
  [S03b] ETS Explicit     Statistical      job 116/2270 (  5.1%) win=8/12 elapsed=  2.6m eta= 48.2m fin~20:35 model_complete
  [S03b] LightGBM         Machine learning job 116/2270 (  5.1%) win=8/12 elapsed=  2.6m eta= 48.3m fin~20:35 model_complete
  [S03b] Theta            Statistical      job 116/2270 (  5.1%) win=8/12 elapsed=  2.6m eta= 48.3m fin~20:35 model_complete
  [S03b] XGBoost          Machine learning job 116/2270 (  5.1%) win=9/12 elapsed=  2.6m eta= 48.3m fin~20:35 model_complete
  [S03b] AutoARIMA        Statistical      job 117/2270 (  5.2%) win=9/12 elapsed=  2.6m eta= 48.1m fin~20:35 model_complete
  [S03b] ETS Explicit     Statistical      job 117/2270 (  5.2%) win=9/12 elapsed=  2.6m eta= 48.1m fin~20:35 model_complete
  [S03b] LightGBM         Machine learning job 117/2270 (  5.2%) win=9/12 elapsed=  2.6m eta= 48.1m fin~20:35 model_complete
  [S03b] Theta            Statistical      job 117/2270 (  5.2%) win=9/12 elapsed=  2.6m eta= 48.1m fin~20:35 model_complete
  [S03b] XGBoost          Machine learning job 117/2270 (  5.2%) win=10/12 elapsed=  2.6m eta= 48.2m fin~20:35 model_complete
  [S03b] AutoARIMA        Statistical      job 118/2270 (  5.2%) win=10/12 elapsed=  2.6m eta= 48.0m fin~20:35 model_complete
  [S03b] ETS Explicit     Statistical      job 118/2270 (  5.2%) win=10/12 elapsed=  2.6m eta= 48.0m fin~20:35 model_complete
  [S03b] LightGBM         Machine learning job 118/2270 (  5.2%) win=10/12 elapsed=  2.6m eta= 48.0m fin~20:35 model_complete
  [S03b] Theta            Statistical      job 118/2270 (  5.2%) win=10/12 elapsed=  2.6m eta= 48.0m fin~20:35 model_complete
  [S03b] XGBoost          Machine learning job 118/2270 (  5.2%) win=11/12 elapsed=  2.6m eta= 48.1m fin~20:35 model_complete
  [S03b] AutoARIMA        Statistical      job 119/2270 (  5.2%) win=11/12 elapsed=  2.7m eta= 47.9m fin~20:35 model_complete
  [S03b] ETS Explicit     Statistical      job 119/2270 (  5.2%) win=11/12 elapsed=  2.7m eta= 47.9m fin~20:35 model_complete
  [S03b] LightGBM         Machine learning job 119/2270 (  5.2%) win=11/12 elapsed=  2.7m eta= 48.0m fin~20:35 model_complete
  [S03b] Theta            Statistical      job 119/2270 (  5.2%) win=11/12 elapsed=  2.7m eta= 48.0m fin~20:35 model_complete
  [S03b] XGBoost          Machine learning job 119/2270 (  5.2%) win=12/12 elapsed=  2.7m eta= 48.0m fin~20:35 model_complete
  [S03b] AutoARIMA        Statistical      job 120/2270 (  5.3%) win=12/12 elapsed=  2.7m eta= 47.8m fin~20:35 model_complete
  [S03b] ETS Explicit     Statistical      job 120/2270 (  5.3%) win=12/12 elapsed=  2.7m eta= 47.8m fin~20:35 model_complete
  [S03b] LightGBM         Machine learning job 120/2270 (  5.3%) win=12/12 elapsed=  2.7m eta= 47.8m fin~20:35 model_complete
  [S03b] Theta            Statistical      job 120/2270 (  5.3%) win=12/12 elapsed=  2.7m eta= 47.8m fin~20:35 model_complete
  [S03b] XGBoost          Machine learning job 600/2270 ( 26.4%) win=12/12 elapsed=  2.7m eta=  7.4m fin~19:55 running
  [S03b] XGBoost          Machine learning job 120/2270 (  5.3%) win=1/12 elapsed=  2.7m eta= 47.9m fin~20:35 model_complete
  [S03b] AutoARIMA        Statistical      job 121/2270 (  5.3%) win=1/12 elapsed=  2.7m eta= 48.0m fin~20:35 model_complete
  [S03b] ETS Explicit     Statistical      job 121/2270 (  5.3%) win=1/12 elapsed=  2.7m eta= 48.0m fin~20:35 model_complete
  [S03b] LightGBM         Machine learning job 121/2270 (  5.3%) win=1/12 elapsed=  2.7m eta= 48.0m fin~20:35 model_complete
  [S03b] Theta            Statistical      job 121/2270 (  5.3%) win=1/12 elapsed=  2.7m eta= 48.0m fin~20:35 model_complete
  [S03b] XGBoost          Machine learning job 121/2270 (  5.3%) win=2/12 elapsed=  2.7m eta= 48.0m fin~20:35 model_complete
  [S03b] AutoARIMA        Statistical      job 122/2270 (  5.4%) win=2/12 elapsed=  2.7m eta= 48.2m fin~20:35 model_complete
  [S03b] ETS Explicit     Statistical      job 122/2270 (  5.4%) win=2/12 elapsed=  2.7m eta= 48.2m fin~20:35 model_complete
  [S03b] LightGBM         Machine learning job 122/2270 (  5.4%) win=2/12 elapsed=  2.7m eta= 48.2m fin~20:35 model_complete
  [S03b] Theta            Statistical      job 122/2270 (  5.4%) win=2/12 elapsed=  2.7m eta= 48.2m fin~20:35 model_complete
  [S03b] XGBoost          Machine learning job 122/2270 (  5.4%) win=3/12 elapsed=  2.7m eta= 48.2m fin~20:35 model_complete
  [S03b] AutoARIMA        Statistical      job 123/2270 (  5.4%) win=3/12 elapsed=  2.8m eta= 48.5m fin~20:36 model_complete
  [S03b] ETS Explicit     Statistical      job 123/2270 (  5.4%) win=3/12 elapsed=  2.8m eta= 48.5m fin~20:36 model_complete
  [S03b] LightGBM         Machine learning job 123/2270 (  5.4%) win=3/12 elapsed=  2.8m eta= 48.5m fin~20:36 model_complete
  [S03b] Theta            Statistical      job 123/2270 (  5.4%) win=3/12 elapsed=  2.8m eta= 48.5m fin~20:36 model_complete
  [S03b] XGBoost          Machine learning job 123/2270 (  5.4%) win=4/12 elapsed=  2.8m eta= 48.5m fin~20:36 model_complete
  [S03b] AutoARIMA        Statistical      job 124/2270 (  5.5%) win=4/12 elapsed=  2.8m eta= 48.9m fin~20:36 model_complete
  [S03b] ETS Explicit     Statistical      job 124/2270 (  5.5%) win=4/12 elapsed=  2.8m eta= 48.9m fin~20:36 model_complete
  [S03b] LightGBM         Machine learning job 124/2270 (  5.5%) win=4/12 elapsed=  2.8m eta= 48.9m fin~20:36 model_complete
  [S03b] Theta            Statistical      job 124/2270 (  5.5%) win=4/12 elapsed=  2.8m eta= 48.9m fin~20:36 model_complete
  [S03b] XGBoost          Machine learning job 124/2270 (  5.5%) win=5/12 elapsed=  2.8m eta= 48.9m fin~20:36 model_complete
  [S03b] AutoARIMA        Statistical      job 125/2270 (  5.5%) win=5/12 elapsed=  2.9m eta= 49.3m fin~20:37 model_complete
  [S03b] ETS Explicit     Statistical      job 125/2270 (  5.5%) win=5/12 elapsed=  2.9m eta= 49.3m fin~20:37 model_complete
  [S03b] LightGBM         Machine learning job 125/2270 (  5.5%) win=5/12 elapsed=  2.9m eta= 49.3m fin~20:37 model_complete
  [S03b] Theta            Statistical      job 125/2270 (  5.5%) win=5/12 elapsed=  2.9m eta= 49.3m fin~20:37 model_complete
  [S03b] XGBoost          Machine learning job 625/2270 ( 27.5%) win=5/12 elapsed=  2.9m eta=  7.6m fin~19:55 running
  [S03b] XGBoost          Machine learning job 125/2270 (  5.5%) win=6/12 elapsed=  2.9m eta= 49.3m fin~20:37 model_complete
  [S03b] AutoARIMA        Statistical      job 126/2270 (  5.6%) win=6/12 elapsed=  2.9m eta= 49.8m fin~20:37 model_complete
  [S03b] ETS Explicit     Statistical      job 126/2270 (  5.6%) win=6/12 elapsed=  2.9m eta= 49.8m fin~20:37 model_complete
  [S03b] LightGBM         Machine learning job 126/2270 (  5.6%) win=6/12 elapsed=  2.9m eta= 49.8m fin~20:37 model_complete
  [S03b] Theta            Statistical      job 126/2270 (  5.6%) win=6/12 elapsed=  2.9m eta= 49.8m fin~20:37 model_complete
  [S03b] XGBoost          Machine learning job 126/2270 (  5.6%) win=7/12 elapsed=  2.9m eta= 49.9m fin~20:37 model_complete
  [S03b] AutoARIMA        Statistical      job 127/2270 (  5.6%) win=7/12 elapsed=  3.0m eta= 50.4m fin~20:38 model_complete
  [S03b] ETS Explicit     Statistical      job 127/2270 (  5.6%) win=7/12 elapsed=  3.0m eta= 50.4m fin~20:38 model_complete
  [S03b] LightGBM         Machine learning job 127/2270 (  5.6%) win=7/12 elapsed=  3.0m eta= 50.4m fin~20:38 model_complete
  [S03b] Theta            Statistical      job 127/2270 (  5.6%) win=7/12 elapsed=  3.0m eta= 50.4m fin~20:38 model_complete
  [S03b] XGBoost          Machine learning job 127/2270 (  5.6%) win=8/12 elapsed=  3.0m eta= 50.4m fin~20:38 model_complete
  [S03b] AutoARIMA        Statistical      job 128/2270 (  5.6%) win=8/12 elapsed=  3.0m eta= 50.9m fin~20:38 model_complete
  [S03b] ETS Explicit     Statistical      job 128/2270 (  5.6%) win=8/12 elapsed=  3.0m eta= 50.9m fin~20:38 model_complete
  [S03b] LightGBM         Machine learning job 128/2270 (  5.6%) win=8/12 elapsed=  3.0m eta= 50.9m fin~20:38 model_complete
  [S03b] Theta            Statistical      job 128/2270 (  5.6%) win=8/12 elapsed=  3.0m eta= 50.9m fin~20:38 model_complete
  [S03b] XGBoost          Machine learning job 128/2270 (  5.6%) win=9/12 elapsed=  3.0m eta= 50.9m fin~20:38 model_complete
  [S03b] AutoARIMA        Statistical      job 129/2270 (  5.7%) win=9/12 elapsed=  3.1m eta= 51.4m fin~20:39 model_complete
  [S03b] ETS Explicit     Statistical      job 129/2270 (  5.7%) win=9/12 elapsed=  3.1m eta= 51.4m fin~20:39 model_complete
  [S03b] LightGBM         Machine learning job 129/2270 (  5.7%) win=9/12 elapsed=  3.1m eta= 51.4m fin~20:39 model_complete
  [S03b] Theta            Statistical      job 129/2270 (  5.7%) win=9/12 elapsed=  3.1m eta= 51.4m fin~20:39 model_complete
  [S03b] XGBoost          Machine learning job 129/2270 (  5.7%) win=10/12 elapsed=  3.1m eta= 51.5m fin~20:39 model_complete
  [S03b] AutoARIMA        Statistical      job 130/2270 (  5.7%) win=10/12 elapsed=  3.2m eta= 51.9m fin~20:40 model_complete
  [S03b] ETS Explicit     Statistical      job 130/2270 (  5.7%) win=10/12 elapsed=  3.2m eta= 51.9m fin~20:40 model_complete
  [S03b] LightGBM         Machine learning job 130/2270 (  5.7%) win=10/12 elapsed=  3.2m eta= 51.9m fin~20:40 model_complete
  [S03b] Theta            Statistical      job 130/2270 (  5.7%) win=10/12 elapsed=  3.2m eta= 51.9m fin~20:40 model_complete
  [S03b] XGBoost          Machine learning job 650/2270 ( 28.6%) win=10/12 elapsed=  3.2m eta=  7.9m fin~19:56 running
  [S03b] XGBoost          Machine learning job 130/2270 (  5.7%) win=11/12 elapsed=  3.2m eta= 52.0m fin~20:40 model_complete
  [S03b] AutoARIMA        Statistical      job 131/2270 (  5.8%) win=11/12 elapsed=  3.2m eta= 52.4m fin~20:40 model_complete
  [S03b] ETS Explicit     Statistical      job 131/2270 (  5.8%) win=11/12 elapsed=  3.2m eta= 52.4m fin~20:40 model_complete
  [S03b] LightGBM         Machine learning job 131/2270 (  5.8%) win=11/12 elapsed=  3.2m eta= 52.4m fin~20:40 model_complete
  [S03b] Theta            Statistical      job 131/2270 (  5.8%) win=11/12 elapsed=  3.2m eta= 52.4m fin~20:40 model_complete
  [S03b] XGBoost          Machine learning job 131/2270 (  5.8%) win=12/12 elapsed=  3.2m eta= 52.4m fin~20:40 model_complete
  [S03b] AutoARIMA        Statistical      job 132/2270 (  5.8%) win=12/12 elapsed=  3.3m eta= 52.9m fin~20:41 model_complete
  [S03b] ETS Explicit     Statistical      job 132/2270 (  5.8%) win=12/12 elapsed=  3.3m eta= 52.9m fin~20:41 model_complete
  [S03b] LightGBM         Machine learning job 132/2270 (  5.8%) win=12/12 elapsed=  3.3m eta= 52.9m fin~20:41 model_complete
  [S03b] Theta            Statistical      job 132/2270 (  5.8%) win=12/12 elapsed=  3.3m eta= 52.9m fin~20:41 model_complete
  [S03b] XGBoost          Machine learning job 132/2270 (  5.8%) win=1/12 elapsed=  3.3m eta= 52.9m fin~20:41 model_complete
  [S03b] AutoARIMA        Statistical      job 133/2270 (  5.9%) win=1/12 elapsed=  3.3m eta= 52.9m fin~20:41 model_complete
  [S03b] ETS Explicit     Statistical      job 133/2270 (  5.9%) win=1/12 elapsed=  3.3m eta= 52.9m fin~20:41 model_complete
  [S03b] LightGBM         Machine learning job 133/2270 (  5.9%) win=1/12 elapsed=  3.3m eta= 52.9m fin~20:41 model_complete
  [S03b] Theta            Statistical      job 133/2270 (  5.9%) win=1/12 elapsed=  3.3m eta= 52.9m fin~20:41 model_complete
  [S03b] XGBoost          Machine learning job 133/2270 (  5.9%) win=2/12 elapsed=  3.3m eta= 52.9m fin~20:41 model_complete
  [S03b] AutoARIMA        Statistical      job 134/2270 (  5.9%) win=2/12 elapsed=  3.3m eta= 53.0m fin~20:41 model_complete
  [S03b] ETS Explicit     Statistical      job 134/2270 (  5.9%) win=2/12 elapsed=  3.3m eta= 53.0m fin~20:41 model_complete
  [S03b] LightGBM         Machine learning job 134/2270 (  5.9%) win=2/12 elapsed=  3.3m eta= 53.0m fin~20:41 model_complete
  [S03b] Theta            Statistical      job 134/2270 (  5.9%) win=2/12 elapsed=  3.3m eta= 53.0m fin~20:41 model_complete
  [S03b] XGBoost          Machine learning job 134/2270 (  5.9%) win=3/12 elapsed=  3.3m eta= 53.0m fin~20:41 model_complete
  [S03b] AutoARIMA        Statistical      job 135/2270 (  5.9%) win=3/12 elapsed=  3.4m eta= 53.0m fin~20:41 model_complete
  [S03b] ETS Explicit     Statistical      job 135/2270 (  5.9%) win=3/12 elapsed=  3.4m eta= 53.0m fin~20:41 model_complete
  [S03b] LightGBM         Machine learning job 135/2270 (  5.9%) win=3/12 elapsed=  3.4m eta= 53.0m fin~20:41 model_complete
  [S03b] Theta            Statistical      job 135/2270 (  5.9%) win=3/12 elapsed=  3.4m eta= 53.1m fin~20:41 model_complete
  [S03b] XGBoost          Machine learning job 675/2270 ( 29.7%) win=3/12 elapsed=  3.4m eta=  7.9m fin~19:56 running
  [S03b] XGBoost          Machine learning job 135/2270 (  5.9%) win=4/12 elapsed=  3.4m eta= 53.1m fin~20:41 model_complete
  [S03b] AutoARIMA        Statistical      job 136/2270 (  6.0%) win=4/12 elapsed=  3.4m eta= 53.1m fin~20:41 model_complete
  [S03b] ETS Explicit     Statistical      job 136/2270 (  6.0%) win=4/12 elapsed=  3.4m eta= 53.1m fin~20:41 model_complete
  [S03b] LightGBM         Machine learning job 136/2270 (  6.0%) win=4/12 elapsed=  3.4m eta= 53.1m fin~20:41 model_complete
  [S03b] Theta            Statistical      job 136/2270 (  6.0%) win=4/12 elapsed=  3.4m eta= 53.1m fin~20:41 model_complete
  [S03b] XGBoost          Machine learning job 136/2270 (  6.0%) win=5/12 elapsed=  3.4m eta= 53.2m fin~20:41 model_complete
  [S03b] AutoARIMA        Statistical      job 137/2270 (  6.0%) win=5/12 elapsed=  3.4m eta= 53.2m fin~20:41 model_complete
  [S03b] ETS Explicit     Statistical      job 137/2270 (  6.0%) win=5/12 elapsed=  3.4m eta= 53.2m fin~20:41 model_complete
  [S03b] LightGBM         Machine learning job 137/2270 (  6.0%) win=5/12 elapsed=  3.4m eta= 53.2m fin~20:41 model_complete
  [S03b] Theta            Statistical      job 137/2270 (  6.0%) win=5/12 elapsed=  3.4m eta= 53.2m fin~20:41 model_complete
  [S03b] XGBoost          Machine learning job 137/2270 (  6.0%) win=6/12 elapsed=  3.4m eta= 53.2m fin~20:41 model_complete
  [S03b] AutoARIMA        Statistical      job 138/2270 (  6.1%) win=6/12 elapsed=  3.4m eta= 53.3m fin~20:41 model_complete
  [S03b] ETS Explicit     Statistical      job 138/2270 (  6.1%) win=6/12 elapsed=  3.4m eta= 53.3m fin~20:41 model_complete
  [S03b] LightGBM         Machine learning job 138/2270 (  6.1%) win=6/12 elapsed=  3.4m eta= 53.3m fin~20:41 model_complete
  [S03b] Theta            Statistical      job 138/2270 (  6.1%) win=6/12 elapsed=  3.5m eta= 53.3m fin~20:41 model_complete
  [S03b] XGBoost          Machine learning job 138/2270 (  6.1%) win=7/12 elapsed=  3.5m eta= 53.3m fin~20:41 model_complete
  [S03b] AutoARIMA        Statistical      job 139/2270 (  6.1%) win=7/12 elapsed=  3.5m eta= 53.4m fin~20:41 model_complete
  [S03b] ETS Explicit     Statistical      job 139/2270 (  6.1%) win=7/12 elapsed=  3.5m eta= 53.4m fin~20:41 model_complete
  [S03b] LightGBM         Machine learning job 139/2270 (  6.1%) win=7/12 elapsed=  3.5m eta= 53.4m fin~20:41 model_complete
  [S03b] Theta            Statistical      job 139/2270 (  6.1%) win=7/12 elapsed=  3.5m eta= 53.4m fin~20:41 model_complete
  [S03b] XGBoost          Machine learning job 139/2270 (  6.1%) win=8/12 elapsed=  3.5m eta= 53.4m fin~20:41 model_complete
  [S03b] AutoARIMA        Statistical      job 140/2270 (  6.2%) win=8/12 elapsed=  3.5m eta= 53.5m fin~20:42 model_complete
  [S03b] ETS Explicit     Statistical      job 140/2270 (  6.2%) win=8/12 elapsed=  3.5m eta= 53.5m fin~20:42 model_complete
  [S03b] LightGBM         Machine learning job 140/2270 (  6.2%) win=8/12 elapsed=  3.5m eta= 53.5m fin~20:42 model_complete
  [S03b] Theta            Statistical      job 140/2270 (  6.2%) win=8/12 elapsed=  3.5m eta= 53.5m fin~20:42 model_complete
  [S03b] XGBoost          Machine learning job 700/2270 ( 30.8%) win=8/12 elapsed=  3.5m eta=  7.9m fin~19:56 running
  [S03b] XGBoost          Machine learning job 140/2270 (  6.2%) win=9/12 elapsed=  3.5m eta= 53.6m fin~20:42 model_complete
  [S03b] AutoARIMA        Statistical      job 141/2270 (  6.2%) win=9/12 elapsed=  3.6m eta= 53.6m fin~20:42 model_complete
  [S03b] ETS Explicit     Statistical      job 141/2270 (  6.2%) win=9/12 elapsed=  3.6m eta= 53.6m fin~20:42 model_complete
  [S03b] LightGBM         Machine learning job 141/2270 (  6.2%) win=9/12 elapsed=  3.6m eta= 53.6m fin~20:42 model_complete
  [S03b] Theta            Statistical      job 141/2270 (  6.2%) win=9/12 elapsed=  3.6m eta= 53.7m fin~20:42 model_complete
  [S03b] XGBoost          Machine learning job 141/2270 (  6.2%) win=10/12 elapsed=  3.6m eta= 53.7m fin~20:42 model_complete
  [S03b] AutoARIMA        Statistical      job 142/2270 (  6.3%) win=10/12 elapsed=  3.6m eta= 53.7m fin~20:42 model_complete
  [S03b] ETS Explicit     Statistical      job 142/2270 (  6.3%) win=10/12 elapsed=  3.6m eta= 53.7m fin~20:42 model_complete
  [S03b] LightGBM         Machine learning job 142/2270 (  6.3%) win=10/12 elapsed=  3.6m eta= 53.8m fin~20:42 model_complete
  [S03b] Theta            Statistical      job 142/2270 (  6.3%) win=10/12 elapsed=  3.6m eta= 53.8m fin~20:42 model_complete
  [S03b] XGBoost          Machine learning job 142/2270 (  6.3%) win=11/12 elapsed=  3.6m eta= 53.8m fin~20:42 model_complete
  [S03b] AutoARIMA        Statistical      job 143/2270 (  6.3%) win=11/12 elapsed=  3.6m eta= 53.8m fin~20:42 model_complete
  [S03b] ETS Explicit     Statistical      job 143/2270 (  6.3%) win=11/12 elapsed=  3.6m eta= 53.8m fin~20:42 model_complete
  [S03b] LightGBM         Machine learning job 143/2270 (  6.3%) win=11/12 elapsed=  3.6m eta= 53.9m fin~20:42 model_complete
  [S03b] Theta            Statistical      job 143/2270 (  6.3%) win=11/12 elapsed=  3.6m eta= 53.9m fin~20:42 model_complete
  [S03b] XGBoost          Machine learning job 143/2270 (  6.3%) win=12/12 elapsed=  3.6m eta= 53.9m fin~20:42 model_complete
  [S03b] AutoARIMA        Statistical      job 144/2270 (  6.3%) win=12/12 elapsed=  3.7m eta= 53.9m fin~20:42 model_complete
  [S03b] ETS Explicit     Statistical      job 144/2270 (  6.3%) win=12/12 elapsed=  3.7m eta= 54.0m fin~20:42 model_complete
  [S03b] LightGBM         Machine learning job 144/2270 (  6.3%) win=12/12 elapsed=  3.7m eta= 54.0m fin~20:42 model_complete
  [S03b] Theta            Statistical      job 144/2270 (  6.3%) win=12/12 elapsed=  3.7m eta= 54.0m fin~20:42 model_complete
  [S03b] XGBoost          Machine learning job 144/2270 (  6.3%) win=1/12 elapsed=  3.7m eta= 54.0m fin~20:42 model_complete
  [S03b] AutoARIMA        Statistical      job 145/2270 (  6.4%) win=1/12 elapsed=  3.7m eta= 53.7m fin~20:42 model_complete
C:\Users\oscarau\AppData\Local\Python\pythoncore-3.14-64\Lib\site-packages\statsmodels\tsa\holtwinters\model.py:903: ConvergenceWarning: Optimization failed to converge. Check mle_retvals.
  warnings.warn(
  [S03b] ETS Explicit     Statistical      job 145/2270 (  6.4%) win=1/12 elapsed=  3.7m eta= 53.7m fin~20:42 model_complete
  [S03b] LightGBM         Machine learning job 145/2270 (  6.4%) win=1/12 elapsed=  3.7m eta= 53.7m fin~20:42 model_complete
  [S03b] Theta            Statistical      job 145/2270 (  6.4%) win=1/12 elapsed=  3.7m eta= 53.7m fin~20:42 model_complete
  [S03b] XGBoost          Machine learning job 725/2270 ( 31.9%) win=1/12 elapsed=  3.7m eta=  7.8m fin~19:56 running
  [S03b] XGBoost          Machine learning job 145/2270 (  6.4%) win=2/12 elapsed=  3.7m eta= 53.8m fin~20:42 model_complete
  [S03b] AutoARIMA        Statistical      job 146/2270 (  6.4%) win=2/12 elapsed=  3.7m eta= 53.5m fin~20:42 model_complete
  [S03b] ETS Explicit     Statistical      job 146/2270 (  6.4%) win=2/12 elapsed=  3.7m eta= 53.5m fin~20:42 model_complete
  [S03b] LightGBM         Machine learning job 146/2270 (  6.4%) win=2/12 elapsed=  3.7m eta= 53.5m fin~20:42 model_complete
  [S03b] Theta            Statistical      job 146/2270 (  6.4%) win=2/12 elapsed=  3.7m eta= 53.5m fin~20:42 model_complete
  [S03b] XGBoost          Machine learning job 146/2270 (  6.4%) win=3/12 elapsed=  3.7m eta= 53.5m fin~20:42 model_complete
  [S03b] AutoARIMA        Statistical      job 147/2270 (  6.5%) win=3/12 elapsed=  3.7m eta= 53.2m fin~20:41 model_complete
  [S03b] ETS Explicit     Statistical      job 147/2270 (  6.5%) win=3/12 elapsed=  3.7m eta= 53.3m fin~20:41 model_complete
  [S03b] LightGBM         Machine learning job 147/2270 (  6.5%) win=3/12 elapsed=  3.7m eta= 53.3m fin~20:41 model_complete
  [S03b] Theta            Statistical      job 147/2270 (  6.5%) win=3/12 elapsed=  3.7m eta= 53.3m fin~20:41 model_complete
  [S03b] XGBoost          Machine learning job 147/2270 (  6.5%) win=4/12 elapsed=  3.7m eta= 53.3m fin~20:41 model_complete
  [S03b] AutoARIMA        Statistical      job 148/2270 (  6.5%) win=4/12 elapsed=  3.7m eta= 53.0m fin~20:41 model_complete
  [S03b] ETS Explicit     Statistical      job 148/2270 (  6.5%) win=4/12 elapsed=  3.7m eta= 53.0m fin~20:41 model_complete
  [S03b] LightGBM         Machine learning job 148/2270 (  6.5%) win=4/12 elapsed=  3.7m eta= 53.0m fin~20:41 model_complete
  [S03b] Theta            Statistical      job 148/2270 (  6.5%) win=4/12 elapsed=  3.7m eta= 53.0m fin~20:41 model_complete
  [S03b] XGBoost          Machine learning job 148/2270 (  6.5%) win=5/12 elapsed=  3.7m eta= 53.0m fin~20:41 model_complete
  [S03b] AutoARIMA        Statistical      job 149/2270 (  6.6%) win=5/12 elapsed=  3.7m eta= 53.0m fin~20:41 model_complete
  [S03b] ETS Explicit     Statistical      job 149/2270 (  6.6%) win=5/12 elapsed=  3.7m eta= 53.0m fin~20:41 model_complete
  [S03b] LightGBM         Machine learning job 149/2270 (  6.6%) win=5/12 elapsed=  3.7m eta= 53.0m fin~20:41 model_complete
  [S03b] Theta            Statistical      job 149/2270 (  6.6%) win=5/12 elapsed=  3.7m eta= 53.1m fin~20:41 model_complete
  [S03b] XGBoost          Machine learning job 149/2270 (  6.6%) win=6/12 elapsed=  3.7m eta= 53.1m fin~20:41 model_complete
  [S03b] AutoARIMA        Statistical      job 150/2270 (  6.6%) win=6/12 elapsed=  3.7m eta= 52.9m fin~20:41 model_complete
  [S03b] ETS Explicit     Statistical      job 150/2270 (  6.6%) win=6/12 elapsed=  3.7m eta= 52.9m fin~20:41 model_complete
  [S03b] LightGBM         Machine learning job 150/2270 (  6.6%) win=6/12 elapsed=  3.7m eta= 53.0m fin~20:41 model_complete
  [S03b] Theta            Statistical      job 150/2270 (  6.6%) win=6/12 elapsed=  3.7m eta= 53.0m fin~20:41 model_complete
  [S03b] XGBoost          Machine learning job 750/2270 ( 33.0%) win=6/12 elapsed=  3.7m eta=  7.6m fin~19:56 running
  [S03b] XGBoost          Machine learning job 150/2270 (  6.6%) win=7/12 elapsed=  3.7m eta= 53.0m fin~20:41 model_complete
  [S03b] AutoARIMA        Statistical      job 151/2270 (  6.7%) win=7/12 elapsed=  3.8m eta= 52.8m fin~20:41 model_complete
  [S03b] ETS Explicit     Statistical      job 151/2270 (  6.7%) win=7/12 elapsed=  3.8m eta= 52.8m fin~20:41 model_complete
  [S03b] LightGBM         Machine learning job 151/2270 (  6.7%) win=7/12 elapsed=  3.8m eta= 52.8m fin~20:41 model_complete
  [S03b] Theta            Statistical      job 151/2270 (  6.7%) win=7/12 elapsed=  3.8m eta= 52.9m fin~20:41 model_complete
  [S03b] XGBoost          Machine learning job 151/2270 (  6.7%) win=8/12 elapsed=  3.8m eta= 52.9m fin~20:41 model_complete
  [S03b] AutoARIMA        Statistical      job 152/2270 (  6.7%) win=8/12 elapsed=  3.8m eta= 52.7m fin~20:41 model_complete
  [S03b] ETS Explicit     Statistical      job 152/2270 (  6.7%) win=8/12 elapsed=  3.8m eta= 52.7m fin~20:41 model_complete
  [S03b] LightGBM         Machine learning job 152/2270 (  6.7%) win=8/12 elapsed=  3.8m eta= 52.8m fin~20:41 model_complete
  [S03b] Theta            Statistical      job 152/2270 (  6.7%) win=8/12 elapsed=  3.8m eta= 52.8m fin~20:41 model_complete
  [S03b] XGBoost          Machine learning job 152/2270 (  6.7%) win=9/12 elapsed=  3.8m eta= 52.8m fin~20:41 model_complete
  [S03b] AutoARIMA        Statistical      job 153/2270 (  6.7%) win=9/12 elapsed=  3.8m eta= 52.6m fin~20:41 model_complete
  [S03b] ETS Explicit     Statistical      job 153/2270 (  6.7%) win=9/12 elapsed=  3.8m eta= 52.6m fin~20:41 model_complete
  [S03b] LightGBM         Machine learning job 153/2270 (  6.7%) win=9/12 elapsed=  3.8m eta= 52.6m fin~20:41 model_complete
  [S03b] Theta            Statistical      job 153/2270 (  6.7%) win=9/12 elapsed=  3.8m eta= 52.7m fin~20:41 model_complete
  [S03b] XGBoost          Machine learning job 153/2270 (  6.7%) win=10/12 elapsed=  3.8m eta= 52.7m fin~20:41 model_complete
  [S03b] AutoARIMA        Statistical      job 154/2270 (  6.8%) win=10/12 elapsed=  3.8m eta= 52.5m fin~20:41 model_complete
  [S03b] ETS Explicit     Statistical      job 154/2270 (  6.8%) win=10/12 elapsed=  3.8m eta= 52.5m fin~20:41 model_complete
  [S03b] LightGBM         Machine learning job 154/2270 (  6.8%) win=10/12 elapsed=  3.8m eta= 52.5m fin~20:41 model_complete
  [S03b] Theta            Statistical      job 154/2270 (  6.8%) win=10/12 elapsed=  3.8m eta= 52.6m fin~20:41 model_complete
  [S03b] XGBoost          Machine learning job 154/2270 (  6.8%) win=11/12 elapsed=  3.8m eta= 52.6m fin~20:41 model_complete
  [S03b] AutoARIMA        Statistical      job 155/2270 (  6.8%) win=11/12 elapsed=  3.8m eta= 52.4m fin~20:41 model_complete
  [S03b] ETS Explicit     Statistical      job 155/2270 (  6.8%) win=11/12 elapsed=  3.8m eta= 52.5m fin~20:41 model_complete
  [S03b] LightGBM         Machine learning job 155/2270 (  6.8%) win=11/12 elapsed=  3.8m eta= 52.5m fin~20:41 model_complete
  [S03b] Theta            Statistical      job 155/2270 (  6.8%) win=11/12 elapsed=  3.8m eta= 52.5m fin~20:41 model_complete
  [S03b] XGBoost          Machine learning job 775/2270 ( 34.1%) win=11/12 elapsed=  3.8m eta=  7.4m fin~19:56 running
  [S03b] XGBoost          Machine learning job 155/2270 (  6.8%) win=12/12 elapsed=  3.8m eta= 52.5m fin~20:41 model_complete
  [S03b] AutoARIMA        Statistical      job 156/2270 (  6.9%) win=12/12 elapsed=  3.9m eta= 52.4m fin~20:41 model_complete
  [S03b] ETS Explicit     Statistical      job 156/2270 (  6.9%) win=12/12 elapsed=  3.9m eta= 52.4m fin~20:41 model_complete
  [S03b] LightGBM         Machine learning job 156/2270 (  6.9%) win=12/12 elapsed=  3.9m eta= 52.4m fin~20:41 model_complete
  [S03b] Theta            Statistical      job 156/2270 (  6.9%) win=12/12 elapsed=  3.9m eta= 52.4m fin~20:41 model_complete
  [S03b] XGBoost          Machine learning job 156/2270 (  6.9%) win=1/12 elapsed=  3.9m eta= 52.4m fin~20:41 model_complete
  [S03b] AutoARIMA        Statistical      job 157/2270 (  6.9%) win=1/12 elapsed=  3.9m eta= 52.3m fin~20:41 model_complete
  [S03b] ETS Explicit     Statistical      job 157/2270 (  6.9%) win=1/12 elapsed=  3.9m eta= 52.3m fin~20:41 model_complete
  [S03b] LightGBM         Machine learning job 157/2270 (  6.9%) win=1/12 elapsed=  3.9m eta= 52.4m fin~20:41 model_complete
  [S03b] Theta            Statistical      job 157/2270 (  6.9%) win=1/12 elapsed=  3.9m eta= 52.4m fin~20:41 model_complete
  [S03b] XGBoost          Machine learning job 157/2270 (  6.9%) win=2/12 elapsed=  3.9m eta= 52.4m fin~20:41 model_complete
  [S03b] AutoARIMA        Statistical      job 158/2270 (  7.0%) win=2/12 elapsed=  3.9m eta= 52.3m fin~20:41 model_complete
  [S03b] ETS Explicit     Statistical      job 158/2270 (  7.0%) win=2/12 elapsed=  3.9m eta= 52.3m fin~20:41 model_complete
  [S03b] LightGBM         Machine learning job 158/2270 (  7.0%) win=2/12 elapsed=  3.9m eta= 52.3m fin~20:41 model_complete
  [S03b] Theta            Statistical      job 158/2270 (  7.0%) win=2/12 elapsed=  3.9m eta= 52.3m fin~20:41 model_complete
  [S03b] XGBoost          Machine learning job 158/2270 (  7.0%) win=3/12 elapsed=  3.9m eta= 52.3m fin~20:41 model_complete
  [S03b] AutoARIMA        Statistical      job 159/2270 (  7.0%) win=3/12 elapsed=  3.9m eta= 52.2m fin~20:41 model_complete
  [S03b] ETS Explicit     Statistical      job 159/2270 (  7.0%) win=3/12 elapsed=  3.9m eta= 52.2m fin~20:41 model_complete
  [S03b] LightGBM         Machine learning job 159/2270 (  7.0%) win=3/12 elapsed=  3.9m eta= 52.2m fin~20:41 model_complete
  [S03b] Theta            Statistical      job 159/2270 (  7.0%) win=3/12 elapsed=  3.9m eta= 52.2m fin~20:41 model_complete
  [S03b] XGBoost          Machine learning job 159/2270 (  7.0%) win=4/12 elapsed=  3.9m eta= 52.3m fin~20:41 model_complete
  [S03b] AutoARIMA        Statistical      job 160/2270 (  7.0%) win=4/12 elapsed=  4.0m eta= 52.2m fin~20:41 model_complete
  [S03b] ETS Explicit     Statistical      job 160/2270 (  7.0%) win=4/12 elapsed=  4.0m eta= 52.2m fin~20:41 model_complete
  [S03b] LightGBM         Machine learning job 160/2270 (  7.0%) win=4/12 elapsed=  4.0m eta= 52.2m fin~20:41 model_complete
  [S03b] Theta            Statistical      job 160/2270 (  7.0%) win=4/12 elapsed=  4.0m eta= 52.2m fin~20:41 model_complete
  [S03b] XGBoost          Machine learning job 800/2270 ( 35.2%) win=4/12 elapsed=  4.0m eta=  7.3m fin~19:56 running
  [S03b] XGBoost          Machine learning job 160/2270 (  7.0%) win=5/12 elapsed=  4.0m eta= 52.2m fin~20:41 model_complete
  [S03b] AutoARIMA        Statistical      job 161/2270 (  7.1%) win=5/12 elapsed=  4.0m eta= 52.1m fin~20:41 model_complete
  [S03b] ETS Explicit     Statistical      job 161/2270 (  7.1%) win=5/12 elapsed=  4.0m eta= 52.1m fin~20:41 model_complete
  [S03b] LightGBM         Machine learning job 161/2270 (  7.1%) win=5/12 elapsed=  4.0m eta= 52.1m fin~20:41 model_complete
  [S03b] Theta            Statistical      job 161/2270 (  7.1%) win=5/12 elapsed=  4.0m eta= 52.1m fin~20:41 model_complete
  [S03b] XGBoost          Machine learning job 161/2270 (  7.1%) win=6/12 elapsed=  4.0m eta= 52.2m fin~20:41 model_complete
  [S03b] AutoARIMA        Statistical      job 162/2270 (  7.1%) win=6/12 elapsed=  4.0m eta= 52.1m fin~20:41 model_complete
  [S03b] ETS Explicit     Statistical      job 162/2270 (  7.1%) win=6/12 elapsed=  4.0m eta= 52.1m fin~20:41 model_complete
  [S03b] LightGBM         Machine learning job 162/2270 (  7.1%) win=6/12 elapsed=  4.0m eta= 52.1m fin~20:41 model_complete
  [S03b] Theta            Statistical      job 162/2270 (  7.1%) win=6/12 elapsed=  4.0m eta= 52.1m fin~20:41 model_complete
  [S03b] XGBoost          Machine learning job 162/2270 (  7.1%) win=7/12 elapsed=  4.0m eta= 52.1m fin~20:41 model_complete
  [S03b] AutoARIMA        Statistical      job 163/2270 (  7.2%) win=7/12 elapsed=  4.0m eta= 52.0m fin~20:41 model_complete
  [S03b] ETS Explicit     Statistical      job 163/2270 (  7.2%) win=7/12 elapsed=  4.0m eta= 52.0m fin~20:41 model_complete
  [S03b] LightGBM         Machine learning job 163/2270 (  7.2%) win=7/12 elapsed=  4.0m eta= 52.0m fin~20:41 model_complete
  [S03b] Theta            Statistical      job 163/2270 (  7.2%) win=7/12 elapsed=  4.0m eta= 52.0m fin~20:41 model_complete
  [S03b] XGBoost          Machine learning job 163/2270 (  7.2%) win=8/12 elapsed=  4.0m eta= 52.1m fin~20:41 model_complete
  [S03b] AutoARIMA        Statistical      job 164/2270 (  7.2%) win=8/12 elapsed=  4.1m eta= 52.0m fin~20:41 model_complete
  [S03b] ETS Explicit     Statistical      job 164/2270 (  7.2%) win=8/12 elapsed=  4.1m eta= 52.1m fin~20:41 model_complete
  [S03b] LightGBM         Machine learning job 164/2270 (  7.2%) win=8/12 elapsed=  4.1m eta= 52.1m fin~20:41 model_complete
  [S03b] Theta            Statistical      job 164/2270 (  7.2%) win=8/12 elapsed=  4.1m eta= 52.1m fin~20:41 model_complete
  [S03b] XGBoost          Machine learning job 164/2270 (  7.2%) win=9/12 elapsed=  4.1m eta= 52.1m fin~20:41 model_complete
  [S03b] AutoARIMA        Statistical      job 165/2270 (  7.3%) win=9/12 elapsed=  4.1m eta= 52.1m fin~20:41 model_complete
  [S03b] ETS Explicit     Statistical      job 165/2270 (  7.3%) win=9/12 elapsed=  4.1m eta= 52.1m fin~20:41 model_complete
  [S03b] LightGBM         Machine learning job 165/2270 (  7.3%) win=9/12 elapsed=  4.1m eta= 52.1m fin~20:41 model_complete
  [S03b] Theta            Statistical      job 165/2270 (  7.3%) win=9/12 elapsed=  4.1m eta= 52.1m fin~20:41 model_complete
  [S03b] XGBoost          Machine learning job 825/2270 ( 36.3%) win=9/12 elapsed=  4.1m eta=  7.2m fin~19:56 running
  [S03b] XGBoost          Machine learning job 165/2270 (  7.3%) win=10/12 elapsed=  4.1m eta= 52.1m fin~20:41 model_complete
  [S03b] AutoARIMA        Statistical      job 166/2270 (  7.3%) win=10/12 elapsed=  4.1m eta= 52.0m fin~20:41 model_complete
  [S03b] ETS Explicit     Statistical      job 166/2270 (  7.3%) win=10/12 elapsed=  4.1m eta= 52.0m fin~20:41 model_complete
  [S03b] LightGBM         Machine learning job 166/2270 (  7.3%) win=10/12 elapsed=  4.1m eta= 52.0m fin~20:41 model_complete
  [S03b] Theta            Statistical      job 166/2270 (  7.3%) win=10/12 elapsed=  4.1m eta= 52.0m fin~20:41 model_complete
  [S03b] XGBoost          Machine learning job 166/2270 (  7.3%) win=11/12 elapsed=  4.1m eta= 52.0m fin~20:41 model_complete
  [S03b] AutoARIMA        Statistical      job 167/2270 (  7.4%) win=11/12 elapsed=  4.1m eta= 52.0m fin~20:41 model_complete
  [S03b] ETS Explicit     Statistical      job 167/2270 (  7.4%) win=11/12 elapsed=  4.1m eta= 52.0m fin~20:41 model_complete
  [S03b] LightGBM         Machine learning job 167/2270 (  7.4%) win=11/12 elapsed=  4.1m eta= 52.0m fin~20:41 model_complete
  [S03b] Theta            Statistical      job 167/2270 (  7.4%) win=11/12 elapsed=  4.1m eta= 52.0m fin~20:41 model_complete
  [S03b] XGBoost          Machine learning job 167/2270 (  7.4%) win=12/12 elapsed=  4.1m eta= 52.0m fin~20:41 model_complete
  [S03b] AutoARIMA        Statistical      job 168/2270 (  7.4%) win=12/12 elapsed=  4.2m eta= 52.0m fin~20:41 model_complete
  [S03b] ETS Explicit     Statistical      job 168/2270 (  7.4%) win=12/12 elapsed=  4.2m eta= 52.0m fin~20:41 model_complete
  [S03b] LightGBM         Machine learning job 168/2270 (  7.4%) win=12/12 elapsed=  4.2m eta= 52.0m fin~20:41 model_complete
  [S03b] Theta            Statistical      job 168/2270 (  7.4%) win=12/12 elapsed=  4.2m eta= 52.0m fin~20:41 model_complete
  [S03b] XGBoost          Machine learning job 168/2270 (  7.4%) win=1/12 elapsed=  4.2m eta= 52.1m fin~20:41 model_complete
  [S03b] AutoARIMA        Statistical      job 169/2270 (  7.4%) win=1/12 elapsed=  4.2m eta= 52.0m fin~20:41 model_complete
  [S03b] ETS Explicit     Statistical      job 169/2270 (  7.4%) win=1/12 elapsed=  4.2m eta= 52.1m fin~20:41 model_complete
  [S03b] LightGBM         Machine learning job 169/2270 (  7.4%) win=1/12 elapsed=  4.2m eta= 52.1m fin~20:41 model_complete
  [S03b] Theta            Statistical      job 169/2270 (  7.4%) win=1/12 elapsed=  4.2m eta= 52.1m fin~20:41 model_complete
  [S03b] XGBoost          Machine learning job 169/2270 (  7.4%) win=2/12 elapsed=  4.2m eta= 52.1m fin~20:41 model_complete
  [S03b] AutoARIMA        Statistical      job 170/2270 (  7.5%) win=2/12 elapsed=  4.2m eta= 52.1m fin~20:41 model_complete
  [S03b] ETS Explicit     Statistical      job 170/2270 (  7.5%) win=2/12 elapsed=  4.2m eta= 52.1m fin~20:41 model_complete
  [S03b] LightGBM         Machine learning job 170/2270 (  7.5%) win=2/12 elapsed=  4.2m eta= 52.1m fin~20:41 model_complete
  [S03b] Theta            Statistical      job 170/2270 (  7.5%) win=2/12 elapsed=  4.2m eta= 52.1m fin~20:41 model_complete
  [S03b] XGBoost          Machine learning job 850/2270 ( 37.4%) win=2/12 elapsed=  4.2m eta=  7.1m fin~19:56 running
  [S03b] XGBoost          Machine learning job 170/2270 (  7.5%) win=3/12 elapsed=  4.2m eta= 52.2m fin~20:41 model_complete
  [S03b] AutoARIMA        Statistical      job 171/2270 (  7.5%) win=3/12 elapsed=  4.3m eta= 52.3m fin~20:41 model_complete
  [S03b] ETS Explicit     Statistical      job 171/2270 (  7.5%) win=3/12 elapsed=  4.3m eta= 52.3m fin~20:41 model_complete
  [S03b] LightGBM         Machine learning job 171/2270 (  7.5%) win=3/12 elapsed=  4.3m eta= 52.3m fin~20:41 model_complete
  [S03b] Theta            Statistical      job 171/2270 (  7.5%) win=3/12 elapsed=  4.3m eta= 52.4m fin~20:41 model_complete
  [S03b] XGBoost          Machine learning job 171/2270 (  7.5%) win=4/12 elapsed=  4.3m eta= 52.4m fin~20:41 model_complete
  [S03b] AutoARIMA        Statistical      job 172/2270 (  7.6%) win=4/12 elapsed=  4.3m eta= 52.5m fin~20:41 model_complete
  [S03b] ETS Explicit     Statistical      job 172/2270 (  7.6%) win=4/12 elapsed=  4.3m eta= 52.5m fin~20:41 model_complete
  [S03b] LightGBM         Machine learning job 172/2270 (  7.6%) win=4/12 elapsed=  4.3m eta= 52.5m fin~20:41 model_complete
  [S03b] Theta            Statistical      job 172/2270 (  7.6%) win=4/12 elapsed=  4.3m eta= 52.5m fin~20:41 model_complete
  [S03b] XGBoost          Machine learning job 172/2270 (  7.6%) win=5/12 elapsed=  4.3m eta= 52.5m fin~20:41 model_complete
  [S03b] AutoARIMA        Statistical      job 173/2270 (  7.6%) win=5/12 elapsed=  4.3m eta= 52.6m fin~20:41 model_complete
  [S03b] ETS Explicit     Statistical      job 173/2270 (  7.6%) win=5/12 elapsed=  4.3m eta= 52.6m fin~20:41 model_complete
  [S03b] LightGBM         Machine learning job 173/2270 (  7.6%) win=5/12 elapsed=  4.3m eta= 52.6m fin~20:41 model_complete
  [S03b] Theta            Statistical      job 173/2270 (  7.6%) win=5/12 elapsed=  4.3m eta= 52.6m fin~20:41 model_complete
  [S03b] XGBoost          Machine learning job 173/2270 (  7.6%) win=6/12 elapsed=  4.3m eta= 52.6m fin~20:41 model_complete
  [S03b] AutoARIMA        Statistical      job 174/2270 (  7.7%) win=6/12 elapsed=  4.4m eta= 52.7m fin~20:42 model_complete
  [S03b] ETS Explicit     Statistical      job 174/2270 (  7.7%) win=6/12 elapsed=  4.4m eta= 52.7m fin~20:42 model_complete
  [S03b] LightGBM         Machine learning job 174/2270 (  7.7%) win=6/12 elapsed=  4.4m eta= 52.7m fin~20:42 model_complete
  [S03b] Theta            Statistical      job 174/2270 (  7.7%) win=6/12 elapsed=  4.4m eta= 52.7m fin~20:42 model_complete
  [S03b] XGBoost          Machine learning job 174/2270 (  7.7%) win=7/12 elapsed=  4.4m eta= 52.8m fin~20:42 model_complete
  [S03b] AutoARIMA        Statistical      job 175/2270 (  7.7%) win=7/12 elapsed=  4.4m eta= 52.9m fin~20:42 model_complete
  [S03b] ETS Explicit     Statistical      job 175/2270 (  7.7%) win=7/12 elapsed=  4.4m eta= 52.9m fin~20:42 model_complete
  [S03b] LightGBM         Machine learning job 175/2270 (  7.7%) win=7/12 elapsed=  4.4m eta= 52.9m fin~20:42 model_complete
  [S03b] Theta            Statistical      job 175/2270 (  7.7%) win=7/12 elapsed=  4.4m eta= 52.9m fin~20:42 model_complete
  [S03b] XGBoost          Machine learning job 875/2270 ( 38.5%) win=7/12 elapsed=  4.4m eta=  7.0m fin~19:56 running
  [S03b] XGBoost          Machine learning job 175/2270 (  7.7%) win=8/12 elapsed=  4.4m eta= 52.9m fin~20:42 model_complete
  [S03b] AutoARIMA        Statistical      job 176/2270 (  7.8%) win=8/12 elapsed=  4.5m eta= 53.0m fin~20:42 model_complete
  [S03b] ETS Explicit     Statistical      job 176/2270 (  7.8%) win=8/12 elapsed=  4.5m eta= 53.1m fin~20:42 model_complete
  [S03b] LightGBM         Machine learning job 176/2270 (  7.8%) win=8/12 elapsed=  4.5m eta= 53.1m fin~20:42 model_complete
  [S03b] Theta            Statistical      job 176/2270 (  7.8%) win=8/12 elapsed=  4.5m eta= 53.1m fin~20:42 model_complete
  [S03b] XGBoost          Machine learning job 176/2270 (  7.8%) win=9/12 elapsed=  4.5m eta= 53.1m fin~20:42 model_complete
  [S03b] AutoARIMA        Statistical      job 177/2270 (  7.8%) win=9/12 elapsed=  4.5m eta= 53.2m fin~20:42 model_complete
  [S03b] ETS Explicit     Statistical      job 177/2270 (  7.8%) win=9/12 elapsed=  4.5m eta= 53.2m fin~20:42 model_complete
  [S03b] LightGBM         Machine learning job 177/2270 (  7.8%) win=9/12 elapsed=  4.5m eta= 53.2m fin~20:42 model_complete
  [S03b] Theta            Statistical      job 177/2270 (  7.8%) win=9/12 elapsed=  4.5m eta= 53.2m fin~20:42 model_complete
  [S03b] XGBoost          Machine learning job 177/2270 (  7.8%) win=10/12 elapsed=  4.5m eta= 53.2m fin~20:42 model_complete
  [S03b] AutoARIMA        Statistical      job 178/2270 (  7.8%) win=10/12 elapsed=  4.5m eta= 53.3m fin~20:42 model_complete
  [S03b] ETS Explicit     Statistical      job 178/2270 (  7.8%) win=10/12 elapsed=  4.5m eta= 53.3m fin~20:42 model_complete
  [S03b] LightGBM         Machine learning job 178/2270 (  7.8%) win=10/12 elapsed=  4.5m eta= 53.3m fin~20:42 model_complete
  [S03b] Theta            Statistical      job 178/2270 (  7.8%) win=10/12 elapsed=  4.5m eta= 53.3m fin~20:42 model_complete
  [S03b] XGBoost          Machine learning job 178/2270 (  7.8%) win=11/12 elapsed=  4.5m eta= 53.3m fin~20:42 model_complete
  [S03b] AutoARIMA        Statistical      job 179/2270 (  7.9%) win=11/12 elapsed=  4.6m eta= 53.3m fin~20:42 model_complete
  [S03b] ETS Explicit     Statistical      job 179/2270 (  7.9%) win=11/12 elapsed=  4.6m eta= 53.3m fin~20:42 model_complete
  [S03b] LightGBM         Machine learning job 179/2270 (  7.9%) win=11/12 elapsed=  4.6m eta= 53.4m fin~20:42 model_complete
  [S03b] Theta            Statistical      job 179/2270 (  7.9%) win=11/12 elapsed=  4.6m eta= 53.4m fin~20:42 model_complete
  [S03b] XGBoost          Machine learning job 179/2270 (  7.9%) win=12/12 elapsed=  4.6m eta= 53.4m fin~20:42 model_complete
  [S03b] AutoARIMA        Statistical      job 180/2270 (  7.9%) win=12/12 elapsed=  4.6m eta= 53.4m fin~20:42 model_complete
  [S03b] ETS Explicit     Statistical      job 180/2270 (  7.9%) win=12/12 elapsed=  4.6m eta= 53.4m fin~20:43 model_complete
  [S03b] LightGBM         Machine learning job 180/2270 (  7.9%) win=12/12 elapsed=  4.6m eta= 53.4m fin~20:43 model_complete
  [S03b] Theta            Statistical      job 180/2270 (  7.9%) win=12/12 elapsed=  4.6m eta= 53.4m fin~20:43 model_complete
  [S03b] XGBoost          Machine learning job 900/2270 ( 39.6%) win=12/12 elapsed=  4.6m eta=  7.0m fin~19:56 running
  [S03b] XGBoost          Machine learning job 180/2270 (  7.9%) win=1/12 elapsed=  4.6m eta= 53.4m fin~20:43 model_complete
  [S03b] AutoARIMA        Statistical      job 181/2270 (  8.0%) win=1/12 elapsed=  4.6m eta= 53.2m fin~20:42 model_complete
  [S03b] ETS Explicit     Statistical      job 181/2270 (  8.0%) win=1/12 elapsed=  4.6m eta= 53.2m fin~20:42 model_complete
  [S03b] LightGBM         Machine learning job 181/2270 (  8.0%) win=1/12 elapsed=  4.6m eta= 53.2m fin~20:42 model_complete
  [S03b] Theta            Statistical      job 181/2270 (  8.0%) win=1/12 elapsed=  4.6m eta= 53.2m fin~20:42 model_complete
  [S03b] XGBoost          Machine learning job 181/2270 (  8.0%) win=2/12 elapsed=  4.6m eta= 53.2m fin~20:42 model_complete
  [S03b] AutoARIMA        Statistical      job 182/2270 (  8.0%) win=2/12 elapsed=  4.6m eta= 53.0m fin~20:42 model_complete
  [S03b] ETS Explicit     Statistical      job 182/2270 (  8.0%) win=2/12 elapsed=  4.6m eta= 53.0m fin~20:42 model_complete
  [S03b] LightGBM         Machine learning job 182/2270 (  8.0%) win=2/12 elapsed=  4.6m eta= 53.0m fin~20:42 model_complete
  [S03b] Theta            Statistical      job 182/2270 (  8.0%) win=2/12 elapsed=  4.6m eta= 53.0m fin~20:42 model_complete
  [S03b] XGBoost          Machine learning job 182/2270 (  8.0%) win=3/12 elapsed=  4.6m eta= 53.1m fin~20:42 model_complete
  [S03b] AutoARIMA        Statistical      job 183/2270 (  8.1%) win=3/12 elapsed=  4.6m eta= 52.8m fin~20:42 model_complete
  [S03b] ETS Explicit     Statistical      job 183/2270 (  8.1%) win=3/12 elapsed=  4.6m eta= 52.8m fin~20:42 model_complete
  [S03b] LightGBM         Machine learning job 183/2270 (  8.1%) win=3/12 elapsed=  4.6m eta= 52.8m fin~20:42 model_complete
  [S03b] Theta            Statistical      job 183/2270 (  8.1%) win=3/12 elapsed=  4.6m eta= 52.9m fin~20:42 model_complete
  [S03b] XGBoost          Machine learning job 183/2270 (  8.1%) win=4/12 elapsed=  4.6m eta= 52.9m fin~20:42 model_complete
  [S03b] AutoARIMA        Statistical      job 184/2270 (  8.1%) win=4/12 elapsed=  4.7m eta= 52.8m fin~20:42 model_complete
  [S03b] ETS Explicit     Statistical      job 184/2270 (  8.1%) win=4/12 elapsed=  4.7m eta= 52.9m fin~20:42 model_complete
  [S03b] LightGBM         Machine learning job 184/2270 (  8.1%) win=4/12 elapsed=  4.7m eta= 52.9m fin~20:42 model_complete
  [S03b] Theta            Statistical      job 184/2270 (  8.1%) win=4/12 elapsed=  4.7m eta= 52.9m fin~20:42 model_complete
  [S03b] XGBoost          Machine learning job 184/2270 (  8.1%) win=5/12 elapsed=  4.7m eta= 52.9m fin~20:42 model_complete
  [S03b] AutoARIMA        Statistical      job 185/2270 (  8.1%) win=5/12 elapsed=  4.7m eta= 52.6m fin~20:42 model_complete
  [S03b] ETS Explicit     Statistical      job 185/2270 (  8.1%) win=5/12 elapsed=  4.7m eta= 52.6m fin~20:42 model_complete
  [S03b] LightGBM         Machine learning job 185/2270 (  8.1%) win=5/12 elapsed=  4.7m eta= 52.6m fin~20:42 model_complete
  [S03b] Theta            Statistical      job 185/2270 (  8.1%) win=5/12 elapsed=  4.7m eta= 52.7m fin~20:42 model_complete
  [S03b] XGBoost          Machine learning job 925/2270 ( 40.7%) win=5/12 elapsed=  4.7m eta=  6.8m fin~19:56 running
  [S03b] XGBoost          Machine learning job 185/2270 (  8.1%) win=6/12 elapsed=  4.7m eta= 52.7m fin~20:42 model_complete
  [S03b] AutoARIMA        Statistical      job 186/2270 (  8.2%) win=6/12 elapsed=  4.7m eta= 52.5m fin~20:42 model_complete
  [S03b] ETS Explicit     Statistical      job 186/2270 (  8.2%) win=6/12 elapsed=  4.7m eta= 52.5m fin~20:42 model_complete
  [S03b] LightGBM         Machine learning job 186/2270 (  8.2%) win=6/12 elapsed=  4.7m eta= 52.5m fin~20:42 model_complete
  [S03b] Theta            Statistical      job 186/2270 (  8.2%) win=6/12 elapsed=  4.7m eta= 52.5m fin~20:42 model_complete
  [S03b] XGBoost          Machine learning job 186/2270 (  8.2%) win=7/12 elapsed=  4.7m eta= 52.5m fin~20:42 model_complete
  [S03b] AutoARIMA        Statistical      job 187/2270 (  8.2%) win=7/12 elapsed=  4.7m eta= 52.3m fin~20:41 model_complete
  [S03b] ETS Explicit     Statistical      job 187/2270 (  8.2%) win=7/12 elapsed=  4.7m eta= 52.3m fin~20:42 model_complete
  [S03b] LightGBM         Machine learning job 187/2270 (  8.2%) win=7/12 elapsed=  4.7m eta= 52.3m fin~20:42 model_complete
  [S03b] Theta            Statistical      job 187/2270 (  8.2%) win=7/12 elapsed=  4.7m eta= 52.3m fin~20:42 model_complete
  [S03b] XGBoost          Machine learning job 187/2270 (  8.2%) win=8/12 elapsed=  4.7m eta= 52.3m fin~20:42 model_complete
  [S03b] AutoARIMA        Statistical      job 188/2270 (  8.3%) win=8/12 elapsed=  4.7m eta= 52.1m fin~20:41 model_complete
  [S03b] ETS Explicit     Statistical      job 188/2270 (  8.3%) win=8/12 elapsed=  4.7m eta= 52.1m fin~20:41 model_complete
  [S03b] LightGBM         Machine learning job 188/2270 (  8.3%) win=8/12 elapsed=  4.7m eta= 52.1m fin~20:41 model_complete
  [S03b] Theta            Statistical      job 188/2270 (  8.3%) win=8/12 elapsed=  4.7m eta= 52.1m fin~20:41 model_complete
  [S03b] XGBoost          Machine learning job 188/2270 (  8.3%) win=9/12 elapsed=  4.7m eta= 52.2m fin~20:41 model_complete
  [S03b] AutoARIMA        Statistical      job 189/2270 (  8.3%) win=9/12 elapsed=  4.7m eta= 52.1m fin~20:41 model_complete
  [S03b] ETS Explicit     Statistical      job 189/2270 (  8.3%) win=9/12 elapsed=  4.7m eta= 52.1m fin~20:41 model_complete
  [S03b] LightGBM         Machine learning job 189/2270 (  8.3%) win=9/12 elapsed=  4.7m eta= 52.1m fin~20:41 model_complete
  [S03b] Theta            Statistical      job 189/2270 (  8.3%) win=9/12 elapsed=  4.7m eta= 52.1m fin~20:41 model_complete
  [S03b] XGBoost          Machine learning job 189/2270 (  8.3%) win=10/12 elapsed=  4.7m eta= 52.1m fin~20:41 model_complete
  [S03b] AutoARIMA        Statistical      job 190/2270 (  8.4%) win=10/12 elapsed=  4.8m eta= 52.2m fin~20:42 model_complete
  [S03b] ETS Explicit     Statistical      job 190/2270 (  8.4%) win=10/12 elapsed=  4.8m eta= 52.2m fin~20:42 model_complete
  [S03b] LightGBM         Machine learning job 190/2270 (  8.4%) win=10/12 elapsed=  4.8m eta= 52.2m fin~20:42 model_complete
  [S03b] Theta            Statistical      job 190/2270 (  8.4%) win=10/12 elapsed=  4.8m eta= 52.2m fin~20:42 model_complete
  [S03b] XGBoost          Machine learning job 950/2270 ( 41.9%) win=10/12 elapsed=  4.8m eta=  6.6m fin~19:56 running
  [S03b] XGBoost          Machine learning job 190/2270 (  8.4%) win=11/12 elapsed=  4.8m eta= 52.3m fin~20:42 model_complete
  [S03b] AutoARIMA        Statistical      job 191/2270 (  8.4%) win=11/12 elapsed=  4.8m eta= 52.3m fin~20:42 model_complete
  [S03b] ETS Explicit     Statistical      job 191/2270 (  8.4%) win=11/12 elapsed=  4.8m eta= 52.3m fin~20:42 model_complete
  [S03b] LightGBM         Machine learning job 191/2270 (  8.4%) win=11/12 elapsed=  4.8m eta= 52.3m fin~20:42 model_complete
  [S03b] Theta            Statistical      job 191/2270 (  8.4%) win=11/12 elapsed=  4.8m eta= 52.4m fin~20:42 model_complete
  [S03b] XGBoost          Machine learning job 191/2270 (  8.4%) win=12/12 elapsed=  4.8m eta= 52.4m fin~20:42 model_complete
  [S03b] AutoARIMA        Statistical      job 192/2270 (  8.5%) win=12/12 elapsed=  4.8m eta= 52.4m fin~20:42 model_complete
  [S03b] ETS Explicit     Statistical      job 192/2270 (  8.5%) win=12/12 elapsed=  4.8m eta= 52.4m fin~20:42 model_complete
  [S03b] LightGBM         Machine learning job 192/2270 (  8.5%) win=12/12 elapsed=  4.8m eta= 52.4m fin~20:42 model_complete
  [S03b] Theta            Statistical      job 192/2270 (  8.5%) win=12/12 elapsed=  4.8m eta= 52.5m fin~20:42 model_complete
  [S03b] XGBoost          Machine learning job 192/2270 (  8.5%) win=1/12 elapsed=  4.8m eta= 52.5m fin~20:42 model_complete
  [S03b] AutoARIMA        Statistical      job 193/2270 (  8.5%) win=1/12 elapsed=  4.8m eta= 52.2m fin~20:42 model_complete
  [S03b] ETS Explicit     Statistical      job 193/2270 (  8.5%) win=1/12 elapsed=  4.9m eta= 52.2m fin~20:42 model_complete
  [S03b] LightGBM         Machine learning job 193/2270 (  8.5%) win=1/12 elapsed=  4.9m eta= 52.2m fin~20:42 model_complete
  [S03b] Theta            Statistical      job 193/2270 (  8.5%) win=1/12 elapsed=  4.9m eta= 52.2m fin~20:42 model_complete
  [S03b] XGBoost          Machine learning job 193/2270 (  8.5%) win=2/12 elapsed=  4.9m eta= 52.2m fin~20:42 model_complete
  [S03b] AutoARIMA        Statistical      job 194/2270 (  8.5%) win=2/12 elapsed=  4.9m eta= 52.0m fin~20:41 model_complete
  [S03b] ETS Explicit     Statistical      job 194/2270 (  8.5%) win=2/12 elapsed=  4.9m eta= 52.0m fin~20:41 model_complete
  [S03b] LightGBM         Machine learning job 194/2270 (  8.5%) win=2/12 elapsed=  4.9m eta= 52.0m fin~20:41 model_complete
  [S03b] Theta            Statistical      job 194/2270 (  8.5%) win=2/12 elapsed=  4.9m eta= 52.0m fin~20:41 model_complete
  [S03b] XGBoost          Machine learning job 194/2270 (  8.5%) win=3/12 elapsed=  4.9m eta= 52.0m fin~20:41 model_complete
  [S03b] AutoARIMA        Statistical      job 195/2270 (  8.6%) win=3/12 elapsed=  4.9m eta= 51.7m fin~20:41 model_complete
  [S03b] ETS Explicit     Statistical      job 195/2270 (  8.6%) win=3/12 elapsed=  4.9m eta= 51.7m fin~20:41 model_complete
  [S03b] LightGBM         Machine learning job 195/2270 (  8.6%) win=3/12 elapsed=  4.9m eta= 51.8m fin~20:41 model_complete
  [S03b] Theta            Statistical      job 195/2270 (  8.6%) win=3/12 elapsed=  4.9m eta= 51.8m fin~20:41 model_complete
  [S03b] XGBoost          Machine learning job 975/2270 ( 43.0%) win=3/12 elapsed=  4.9m eta=  6.5m fin~19:56 running
  [S03b] XGBoost          Machine learning job 195/2270 (  8.6%) win=4/12 elapsed=  4.9m eta= 51.8m fin~20:41 model_complete
  [S03b] AutoARIMA        Statistical      job 196/2270 (  8.6%) win=4/12 elapsed=  4.9m eta= 51.5m fin~20:41 model_complete
  [S03b] ETS Explicit     Statistical      job 196/2270 (  8.6%) win=4/12 elapsed=  4.9m eta= 51.5m fin~20:41 model_complete
  [S03b] LightGBM         Machine learning job 196/2270 (  8.6%) win=4/12 elapsed=  4.9m eta= 51.5m fin~20:41 model_complete
  [S03b] Theta            Statistical      job 196/2270 (  8.6%) win=4/12 elapsed=  4.9m eta= 51.5m fin~20:41 model_complete
  [S03b] XGBoost          Machine learning job 196/2270 (  8.6%) win=5/12 elapsed=  4.9m eta= 51.5m fin~20:41 model_complete
  [S03b] AutoARIMA        Statistical      job 197/2270 (  8.7%) win=5/12 elapsed=  4.9m eta= 51.3m fin~20:41 model_complete
  [S03b] ETS Explicit     Statistical      job 197/2270 (  8.7%) win=5/12 elapsed=  4.9m eta= 51.3m fin~20:41 model_complete
  [S03b] LightGBM         Machine learning job 197/2270 (  8.7%) win=5/12 elapsed=  4.9m eta= 51.3m fin~20:41 model_complete
  [S03b] Theta            Statistical      job 197/2270 (  8.7%) win=5/12 elapsed=  4.9m eta= 51.3m fin~20:41 model_complete
  [S03b] XGBoost          Machine learning job 197/2270 (  8.7%) win=6/12 elapsed=  4.9m eta= 51.3m fin~20:41 model_complete
  [S03b] AutoARIMA        Statistical      job 198/2270 (  8.7%) win=6/12 elapsed=  4.9m eta= 51.1m fin~20:41 model_complete
  [S03b] ETS Explicit     Statistical      job 198/2270 (  8.7%) win=6/12 elapsed=  4.9m eta= 51.1m fin~20:41 model_complete
  [S03b] LightGBM         Machine learning job 198/2270 (  8.7%) win=6/12 elapsed=  4.9m eta= 51.1m fin~20:41 model_complete
  [S03b] Theta            Statistical      job 198/2270 (  8.7%) win=6/12 elapsed=  4.9m eta= 51.1m fin~20:41 model_complete
  [S03b] XGBoost          Machine learning job 198/2270 (  8.7%) win=7/12 elapsed=  4.9m eta= 51.1m fin~20:41 model_complete
  [S03b] AutoARIMA        Statistical      job 199/2270 (  8.8%) win=7/12 elapsed=  4.9m eta= 51.0m fin~20:40 model_complete
  [S03b] ETS Explicit     Statistical      job 199/2270 (  8.8%) win=7/12 elapsed=  4.9m eta= 51.0m fin~20:40 model_complete
  [S03b] LightGBM         Machine learning job 199/2270 (  8.8%) win=7/12 elapsed=  4.9m eta= 51.0m fin~20:40 model_complete
  [S03b] Theta            Statistical      job 199/2270 (  8.8%) win=7/12 elapsed=  4.9m eta= 51.0m fin~20:40 model_complete
  [S03b] XGBoost          Machine learning job 199/2270 (  8.8%) win=8/12 elapsed=  4.9m eta= 51.0m fin~20:40 model_complete
  [S03b] AutoARIMA        Statistical      job 200/2270 (  8.8%) win=8/12 elapsed=  4.9m eta= 50.8m fin~20:40 model_complete
  [S03b] ETS Explicit     Statistical      job 200/2270 (  8.8%) win=8/12 elapsed=  4.9m eta= 50.8m fin~20:40 model_complete
  [S03b] LightGBM         Machine learning job 200/2270 (  8.8%) win=8/12 elapsed=  4.9m eta= 50.8m fin~20:40 model_complete
  [S03b] Theta            Statistical      job 200/2270 (  8.8%) win=8/12 elapsed=  4.9m eta= 50.8m fin~20:40 model_complete
  [S03b] XGBoost          Machine learning job 1000/2270 ( 44.1%) win=8/12 elapsed=  4.9m eta=  6.2m fin~19:56 running
  [S03b] XGBoost          Machine learning job 200/2270 (  8.8%) win=9/12 elapsed=  4.9m eta= 50.8m fin~20:40 model_complete
  [S03b] AutoARIMA        Statistical      job 201/2270 (  8.9%) win=9/12 elapsed=  4.9m eta= 50.8m fin~20:40 model_complete
  [S03b] ETS Explicit     Statistical      job 201/2270 (  8.9%) win=9/12 elapsed=  4.9m eta= 50.8m fin~20:40 model_complete
  [S03b] LightGBM         Machine learning job 201/2270 (  8.9%) win=9/12 elapsed=  4.9m eta= 50.8m fin~20:40 model_complete
  [S03b] Theta            Statistical      job 201/2270 (  8.9%) win=9/12 elapsed=  4.9m eta= 50.8m fin~20:40 model_complete
  [S03b] XGBoost          Machine learning job 201/2270 (  8.9%) win=10/12 elapsed=  4.9m eta= 50.8m fin~20:40 model_complete
  [S03b] AutoARIMA        Statistical      job 202/2270 (  8.9%) win=10/12 elapsed=  5.0m eta= 50.8m fin~20:40 model_complete
  [S03b] ETS Explicit     Statistical      job 202/2270 (  8.9%) win=10/12 elapsed=  5.0m eta= 50.8m fin~20:40 model_complete
  [S03b] LightGBM         Machine learning job 202/2270 (  8.9%) win=10/12 elapsed=  5.0m eta= 50.9m fin~20:40 model_complete
  [S03b] Theta            Statistical      job 202/2270 (  8.9%) win=10/12 elapsed=  5.0m eta= 50.9m fin~20:40 model_complete
  [S03b] XGBoost          Machine learning job 202/2270 (  8.9%) win=11/12 elapsed=  5.0m eta= 50.9m fin~20:40 model_complete
  [S03b] AutoARIMA        Statistical      job 203/2270 (  8.9%) win=11/12 elapsed=  5.0m eta= 50.9m fin~20:40 model_complete
  [S03b] ETS Explicit     Statistical      job 203/2270 (  8.9%) win=11/12 elapsed=  5.0m eta= 50.9m fin~20:40 model_complete
  [S03b] LightGBM         Machine learning job 203/2270 (  8.9%) win=11/12 elapsed=  5.0m eta= 50.9m fin~20:40 model_complete
  [S03b] Theta            Statistical      job 203/2270 (  8.9%) win=11/12 elapsed=  5.0m eta= 50.9m fin~20:40 model_complete
  [S03b] XGBoost          Machine learning job 203/2270 (  8.9%) win=12/12 elapsed=  5.0m eta= 50.9m fin~20:40 model_complete
  [S03b] AutoARIMA        Statistical      job 204/2270 (  9.0%) win=12/12 elapsed=  5.0m eta= 50.9m fin~20:40 model_complete
  [S03b] ETS Explicit     Statistical      job 204/2270 (  9.0%) win=12/12 elapsed=  5.0m eta= 50.9m fin~20:40 model_complete
  [S03b] LightGBM         Machine learning job 204/2270 (  9.0%) win=12/12 elapsed=  5.0m eta= 50.9m fin~20:40 model_complete
  [S03b] Theta            Statistical      job 204/2270 (  9.0%) win=12/12 elapsed=  5.0m eta= 50.9m fin~20:40 model_complete
  [S03b] XGBoost          Machine learning job 204/2270 (  9.0%) win=1/12 elapsed=  5.0m eta= 50.9m fin~20:40 model_complete
  [S03b] AutoARIMA        Statistical      job 205/2270 (  9.0%) win=1/12 elapsed=  5.0m eta= 50.7m fin~20:40 model_complete
  [S03b] ETS Explicit     Statistical      job 205/2270 (  9.0%) win=1/12 elapsed=  5.0m eta= 50.7m fin~20:40 model_complete
  [S03b] LightGBM         Machine learning job 205/2270 (  9.0%) win=1/12 elapsed=  5.0m eta= 50.7m fin~20:40 model_complete
  [S03b] Theta            Statistical      job 205/2270 (  9.0%) win=1/12 elapsed=  5.0m eta= 50.7m fin~20:40 model_complete
  [S03b] XGBoost          Machine learning job 1025/2270 ( 45.2%) win=1/12 elapsed=  5.0m eta=  6.1m fin~19:56 running
  [S03b] XGBoost          Machine learning job 205/2270 (  9.0%) win=2/12 elapsed=  5.0m eta= 50.7m fin~20:40 model_complete
  [S03b] AutoARIMA        Statistical      job 206/2270 (  9.1%) win=2/12 elapsed=  5.0m eta= 50.5m fin~20:40 model_complete
  [S03b] ETS Explicit     Statistical      job 206/2270 (  9.1%) win=2/12 elapsed=  5.0m eta= 50.5m fin~20:40 model_complete
  [S03b] LightGBM         Machine learning job 206/2270 (  9.1%) win=2/12 elapsed=  5.0m eta= 50.5m fin~20:40 model_complete
  [S03b] Theta            Statistical      job 206/2270 (  9.1%) win=2/12 elapsed=  5.0m eta= 50.5m fin~20:40 model_complete
  [S03b] XGBoost          Machine learning job 206/2270 (  9.1%) win=3/12 elapsed=  5.0m eta= 50.6m fin~20:40 model_complete
  [S03b] AutoARIMA        Statistical      job 207/2270 (  9.1%) win=3/12 elapsed=  5.1m eta= 50.4m fin~20:40 model_complete
  [S03b] ETS Explicit     Statistical      job 207/2270 (  9.1%) win=3/12 elapsed=  5.1m eta= 50.4m fin~20:40 model_complete
  [S03b] LightGBM         Machine learning job 207/2270 (  9.1%) win=3/12 elapsed=  5.1m eta= 50.4m fin~20:40 model_complete
  [S03b] Theta            Statistical      job 207/2270 (  9.1%) win=3/12 elapsed=  5.1m eta= 50.4m fin~20:40 model_complete
  [S03b] XGBoost          Machine learning job 207/2270 (  9.1%) win=4/12 elapsed=  5.1m eta= 50.4m fin~20:40 model_complete
  [S03b] AutoARIMA        Statistical      job 208/2270 (  9.2%) win=4/12 elapsed=  5.1m eta= 50.2m fin~20:40 model_complete
  [S03b] ETS Explicit     Statistical      job 208/2270 (  9.2%) win=4/12 elapsed=  5.1m eta= 50.2m fin~20:40 model_complete
  [S03b] LightGBM         Machine learning job 208/2270 (  9.2%) win=4/12 elapsed=  5.1m eta= 50.2m fin~20:40 model_complete
  [S03b] Theta            Statistical      job 208/2270 (  9.2%) win=4/12 elapsed=  5.1m eta= 50.2m fin~20:40 model_complete
  [S03b] XGBoost          Machine learning job 208/2270 (  9.2%) win=5/12 elapsed=  5.1m eta= 50.2m fin~20:40 model_complete
  [S03b] AutoARIMA        Statistical      job 209/2270 (  9.2%) win=5/12 elapsed=  5.1m eta= 50.0m fin~20:40 model_complete
  [S03b] ETS Explicit     Statistical      job 209/2270 (  9.2%) win=5/12 elapsed=  5.1m eta= 50.0m fin~20:40 model_complete
  [S03b] LightGBM         Machine learning job 209/2270 (  9.2%) win=5/12 elapsed=  5.1m eta= 50.0m fin~20:40 model_complete
  [S03b] Theta            Statistical      job 209/2270 (  9.2%) win=5/12 elapsed=  5.1m eta= 50.0m fin~20:40 model_complete
  [S03b] XGBoost          Machine learning job 209/2270 (  9.2%) win=6/12 elapsed=  5.1m eta= 50.0m fin~20:40 model_complete
  [S03b] AutoARIMA        Statistical      job 210/2270 (  9.3%) win=6/12 elapsed=  5.1m eta= 49.9m fin~20:39 model_complete
  [S03b] ETS Explicit     Statistical      job 210/2270 (  9.3%) win=6/12 elapsed=  5.1m eta= 49.9m fin~20:39 model_complete
  [S03b] LightGBM         Machine learning job 210/2270 (  9.3%) win=6/12 elapsed=  5.1m eta= 49.9m fin~20:39 model_complete
  [S03b] Theta            Statistical      job 210/2270 (  9.3%) win=6/12 elapsed=  5.1m eta= 49.9m fin~20:39 model_complete
  [S03b] XGBoost          Machine learning job 1050/2270 ( 46.3%) win=6/12 elapsed=  5.1m eta=  5.9m fin~19:56 running
  [S03b] XGBoost          Machine learning job 210/2270 (  9.3%) win=7/12 elapsed=  5.1m eta= 49.9m fin~20:39 model_complete
  [S03b] AutoARIMA        Statistical      job 211/2270 (  9.3%) win=7/12 elapsed=  5.1m eta= 49.7m fin~20:39 model_complete
  [S03b] ETS Explicit     Statistical      job 211/2270 (  9.3%) win=7/12 elapsed=  5.1m eta= 49.7m fin~20:39 model_complete
  [S03b] LightGBM         Machine learning job 211/2270 (  9.3%) win=7/12 elapsed=  5.1m eta= 49.7m fin~20:39 model_complete
  [S03b] Theta            Statistical      job 211/2270 (  9.3%) win=7/12 elapsed=  5.1m eta= 49.7m fin~20:39 model_complete
  [S03b] XGBoost          Machine learning job 211/2270 (  9.3%) win=8/12 elapsed=  5.1m eta= 49.7m fin~20:39 model_complete
  [S03b] AutoARIMA        Statistical      job 212/2270 (  9.3%) win=8/12 elapsed=  5.1m eta= 49.6m fin~20:39 model_complete
  [S03b] ETS Explicit     Statistical      job 212/2270 (  9.3%) win=8/12 elapsed=  5.1m eta= 49.6m fin~20:39 model_complete
  [S03b] LightGBM         Machine learning job 212/2270 (  9.3%) win=8/12 elapsed=  5.1m eta= 49.6m fin~20:39 model_complete
  [S03b] Theta            Statistical      job 212/2270 (  9.3%) win=8/12 elapsed=  5.1m eta= 49.6m fin~20:39 model_complete
  [S03b] XGBoost          Machine learning job 212/2270 (  9.3%) win=9/12 elapsed=  5.1m eta= 49.7m fin~20:39 model_complete
  [S03b] AutoARIMA        Statistical      job 213/2270 (  9.4%) win=9/12 elapsed=  5.1m eta= 49.6m fin~20:39 model_complete
  [S03b] ETS Explicit     Statistical      job 213/2270 (  9.4%) win=9/12 elapsed=  5.1m eta= 49.6m fin~20:39 model_complete
  [S03b] LightGBM         Machine learning job 213/2270 (  9.4%) win=9/12 elapsed=  5.1m eta= 49.6m fin~20:39 model_complete
  [S03b] Theta            Statistical      job 213/2270 (  9.4%) win=9/12 elapsed=  5.1m eta= 49.6m fin~20:39 model_complete
  [S03b] XGBoost          Machine learning job 213/2270 (  9.4%) win=10/12 elapsed=  5.1m eta= 49.6m fin~20:39 model_complete
  [S03b] AutoARIMA        Statistical      job 214/2270 (  9.4%) win=10/12 elapsed=  5.2m eta= 49.6m fin~20:39 model_complete
  [S03b] ETS Explicit     Statistical      job 214/2270 (  9.4%) win=10/12 elapsed=  5.2m eta= 49.6m fin~20:39 model_complete
  [S03b] LightGBM         Machine learning job 214/2270 (  9.4%) win=10/12 elapsed=  5.2m eta= 49.6m fin~20:39 model_complete
  [S03b] Theta            Statistical      job 214/2270 (  9.4%) win=10/12 elapsed=  5.2m eta= 49.6m fin~20:39 model_complete
  [S03b] XGBoost          Machine learning job 214/2270 (  9.4%) win=11/12 elapsed=  5.2m eta= 49.6m fin~20:39 model_complete
  [S03b] AutoARIMA        Statistical      job 215/2270 (  9.5%) win=11/12 elapsed=  5.2m eta= 49.5m fin~20:39 model_complete
  [S03b] ETS Explicit     Statistical      job 215/2270 (  9.5%) win=11/12 elapsed=  5.2m eta= 49.5m fin~20:39 model_complete
  [S03b] LightGBM         Machine learning job 215/2270 (  9.5%) win=11/12 elapsed=  5.2m eta= 49.5m fin~20:39 model_complete
  [S03b] Theta            Statistical      job 215/2270 (  9.5%) win=11/12 elapsed=  5.2m eta= 49.5m fin~20:39 model_complete
  [S03b] XGBoost          Machine learning job 1075/2270 ( 47.4%) win=11/12 elapsed=  5.2m eta=  5.8m fin~19:55 running
  [S03b] XGBoost          Machine learning job 215/2270 (  9.5%) win=12/12 elapsed=  5.2m eta= 49.5m fin~20:39 model_complete
  [S03b] AutoARIMA        Statistical      job 216/2270 (  9.5%) win=12/12 elapsed=  5.2m eta= 49.5m fin~20:39 model_complete
  [S03b] ETS Explicit     Statistical      job 216/2270 (  9.5%) win=12/12 elapsed=  5.2m eta= 49.5m fin~20:39 model_complete
  [S03b] LightGBM         Machine learning job 216/2270 (  9.5%) win=12/12 elapsed=  5.2m eta= 49.5m fin~20:39 model_complete
  [S03b] Theta            Statistical      job 216/2270 (  9.5%) win=12/12 elapsed=  5.2m eta= 49.5m fin~20:39 model_complete
  [S03b] XGBoost          Machine learning job 216/2270 (  9.5%) win=1/12 elapsed=  5.2m eta= 49.5m fin~20:39 model_complete
  [S03b] AutoARIMA        Statistical      job 217/2270 (  9.6%) win=1/12 elapsed=  5.2m eta= 49.3m fin~20:39 model_complete
  [S03b] ETS Explicit     Statistical      job 217/2270 (  9.6%) win=1/12 elapsed=  5.2m eta= 49.3m fin~20:39 model_complete
  [S03b] LightGBM         Machine learning job 217/2270 (  9.6%) win=1/12 elapsed=  5.2m eta= 49.3m fin~20:39 model_complete
  [S03b] Theta            Statistical      job 217/2270 (  9.6%) win=1/12 elapsed=  5.2m eta= 49.3m fin~20:39 model_complete
  [S03b] XGBoost          Machine learning job 217/2270 (  9.6%) win=2/12 elapsed=  5.2m eta= 49.3m fin~20:39 model_complete
  [S03b] AutoARIMA        Statistical      job 218/2270 (  9.6%) win=2/12 elapsed=  5.2m eta= 49.2m fin~20:39 model_complete
  [S03b] ETS Explicit     Statistical      job 218/2270 (  9.6%) win=2/12 elapsed=  5.2m eta= 49.3m fin~20:39 model_complete
  [S03b] LightGBM         Machine learning job 218/2270 (  9.6%) win=2/12 elapsed=  5.2m eta= 49.3m fin~20:39 model_complete
  [S03b] Theta            Statistical      job 218/2270 (  9.6%) win=2/12 elapsed=  5.2m eta= 49.3m fin~20:39 model_complete
  [S03b] XGBoost          Machine learning job 218/2270 (  9.6%) win=3/12 elapsed=  5.2m eta= 49.3m fin~20:39 model_complete
  [S03b] AutoARIMA        Statistical      job 219/2270 (  9.6%) win=3/12 elapsed=  5.2m eta= 49.1m fin~20:39 model_complete
  [S03b] ETS Explicit     Statistical      job 219/2270 (  9.6%) win=3/12 elapsed=  5.2m eta= 49.1m fin~20:39 model_complete
  [S03b] LightGBM         Machine learning job 219/2270 (  9.6%) win=3/12 elapsed=  5.2m eta= 49.1m fin~20:39 model_complete
  [S03b] Theta            Statistical      job 219/2270 (  9.6%) win=3/12 elapsed=  5.2m eta= 49.2m fin~20:39 model_complete
  [S03b] XGBoost          Machine learning job 219/2270 (  9.6%) win=4/12 elapsed=  5.2m eta= 49.2m fin~20:39 model_complete
  [S03b] AutoARIMA        Statistical      job 220/2270 (  9.7%) win=4/12 elapsed=  5.3m eta= 49.0m fin~20:39 model_complete
  [S03b] ETS Explicit     Statistical      job 220/2270 (  9.7%) win=4/12 elapsed=  5.3m eta= 49.0m fin~20:39 model_complete
  [S03b] LightGBM         Machine learning job 220/2270 (  9.7%) win=4/12 elapsed=  5.3m eta= 49.0m fin~20:39 model_complete
  [S03b] Theta            Statistical      job 220/2270 (  9.7%) win=4/12 elapsed=  5.3m eta= 49.1m fin~20:39 model_complete
  [S03b] XGBoost          Machine learning job 1100/2270 ( 48.5%) win=4/12 elapsed=  5.3m eta=  5.6m fin~19:55 running
  [S03b] XGBoost          Machine learning job 220/2270 (  9.7%) win=5/12 elapsed=  5.3m eta= 49.1m fin~20:39 model_complete
  [S03b] AutoARIMA        Statistical      job 221/2270 (  9.7%) win=5/12 elapsed=  5.3m eta= 49.0m fin~20:39 model_complete
  [S03b] ETS Explicit     Statistical      job 221/2270 (  9.7%) win=5/12 elapsed=  5.3m eta= 49.0m fin~20:39 model_complete
  [S03b] LightGBM         Machine learning job 221/2270 (  9.7%) win=5/12 elapsed=  5.3m eta= 49.0m fin~20:39 model_complete
  [S03b] Theta            Statistical      job 221/2270 (  9.7%) win=5/12 elapsed=  5.3m eta= 49.0m fin~20:39 model_complete
  [S03b] XGBoost          Machine learning job 221/2270 (  9.7%) win=6/12 elapsed=  5.3m eta= 49.0m fin~20:39 model_complete
  [S03b] AutoARIMA        Statistical      job 222/2270 (  9.8%) win=6/12 elapsed=  5.3m eta= 49.0m fin~20:39 model_complete
  [S03b] ETS Explicit     Statistical      job 222/2270 (  9.8%) win=6/12 elapsed=  5.3m eta= 49.0m fin~20:39 model_complete
  [S03b] LightGBM         Machine learning job 222/2270 (  9.8%) win=6/12 elapsed=  5.3m eta= 49.0m fin~20:39 model_complete
  [S03b] Theta            Statistical      job 222/2270 (  9.8%) win=6/12 elapsed=  5.3m eta= 49.0m fin~20:39 model_complete
  [S03b] XGBoost          Machine learning job 222/2270 (  9.8%) win=7/12 elapsed=  5.3m eta= 49.0m fin~20:39 model_complete
  [S03b] AutoARIMA        Statistical      job 223/2270 (  9.8%) win=7/12 elapsed=  5.3m eta= 48.9m fin~20:39 model_complete
  [S03b] ETS Explicit     Statistical      job 223/2270 (  9.8%) win=7/12 elapsed=  5.3m eta= 48.9m fin~20:39 model_complete
  [S03b] LightGBM         Machine learning job 223/2270 (  9.8%) win=7/12 elapsed=  5.3m eta= 48.9m fin~20:39 model_complete
  [S03b] Theta            Statistical      job 223/2270 (  9.8%) win=7/12 elapsed=  5.3m eta= 48.9m fin~20:39 model_complete
  [S03b] XGBoost          Machine learning job 223/2270 (  9.8%) win=8/12 elapsed=  5.3m eta= 48.9m fin~20:39 model_complete
  [S03b] AutoARIMA        Statistical      job 224/2270 (  9.9%) win=8/12 elapsed=  5.3m eta= 48.8m fin~20:39 model_complete
  [S03b] ETS Explicit     Statistical      job 224/2270 (  9.9%) win=8/12 elapsed=  5.3m eta= 48.8m fin~20:39 model_complete
  [S03b] LightGBM         Machine learning job 224/2270 (  9.9%) win=8/12 elapsed=  5.3m eta= 48.8m fin~20:39 model_complete
  [S03b] Theta            Statistical      job 224/2270 (  9.9%) win=8/12 elapsed=  5.3m eta= 48.8m fin~20:39 model_complete
  [S03b] XGBoost          Machine learning job 224/2270 (  9.9%) win=9/12 elapsed=  5.3m eta= 48.9m fin~20:39 model_complete
  [S03b] AutoARIMA        Statistical      job 225/2270 (  9.9%) win=9/12 elapsed=  5.4m eta= 48.8m fin~20:39 model_complete
  [S03b] ETS Explicit     Statistical      job 225/2270 (  9.9%) win=9/12 elapsed=  5.4m eta= 48.8m fin~20:39 model_complete
  [S03b] LightGBM         Machine learning job 225/2270 (  9.9%) win=9/12 elapsed=  5.4m eta= 48.8m fin~20:39 model_complete
  [S03b] Theta            Statistical      job 225/2270 (  9.9%) win=9/12 elapsed=  5.4m eta= 48.8m fin~20:39 model_complete
  [S03b] XGBoost          Machine learning job 1125/2270 ( 49.6%) win=9/12 elapsed=  5.4m eta=  5.5m fin~19:55 running
  [S03b] XGBoost          Machine learning job 225/2270 (  9.9%) win=10/12 elapsed=  5.4m eta= 48.8m fin~20:39 model_complete
  [S03b] AutoARIMA        Statistical      job 226/2270 ( 10.0%) win=10/12 elapsed=  5.4m eta= 48.7m fin~20:39 model_complete
  [S03b] ETS Explicit     Statistical      job 226/2270 ( 10.0%) win=10/12 elapsed=  5.4m eta= 48.7m fin~20:39 model_complete
  [S03b] LightGBM         Machine learning job 226/2270 ( 10.0%) win=10/12 elapsed=  5.4m eta= 48.7m fin~20:39 model_complete
  [S03b] Theta            Statistical      job 226/2270 ( 10.0%) win=10/12 elapsed=  5.4m eta= 48.7m fin~20:39 model_complete
  [S03b] XGBoost          Machine learning job 226/2270 ( 10.0%) win=11/12 elapsed=  5.4m eta= 48.7m fin~20:39 model_complete
  [S03b] AutoARIMA        Statistical      job 227/2270 ( 10.0%) win=11/12 elapsed=  5.4m eta= 48.6m fin~20:39 model_complete
  [S03b] ETS Explicit     Statistical      job 227/2270 ( 10.0%) win=11/12 elapsed=  5.4m eta= 48.6m fin~20:39 model_complete
  [S03b] LightGBM         Machine learning job 227/2270 ( 10.0%) win=11/12 elapsed=  5.4m eta= 48.6m fin~20:39 model_complete
  [S03b] Theta            Statistical      job 227/2270 ( 10.0%) win=11/12 elapsed=  5.4m eta= 48.7m fin~20:39 model_complete
  [S03b] XGBoost          Machine learning job 227/2270 ( 10.0%) win=12/12 elapsed=  5.4m eta= 48.7m fin~20:39 model_complete
  [S03b] AutoARIMA        Statistical      job 228/2270 ( 10.0%) win=12/12 elapsed=  5.4m eta= 48.7m fin~20:39 model_complete
  [S03b] ETS Explicit     Statistical      job 228/2270 ( 10.0%) win=12/12 elapsed=  5.4m eta= 48.7m fin~20:39 model_complete
  [S03b] LightGBM         Machine learning job 228/2270 ( 10.0%) win=12/12 elapsed=  5.4m eta= 48.7m fin~20:39 model_complete
  [S03b] Theta            Statistical      job 228/2270 ( 10.0%) win=12/12 elapsed=  5.4m eta= 48.7m fin~20:39 model_complete
  [S03b] XGBoost          Machine learning job 228/2270 ( 10.0%) win=1/12 elapsed=  5.4m eta= 48.7m fin~20:39 model_complete
  [S03b] AutoARIMA        Statistical      job 229/2270 ( 10.1%) win=1/12 elapsed=  5.4m eta= 48.5m fin~20:39 model_complete
  [S03b] ETS Explicit     Statistical      job 229/2270 ( 10.1%) win=1/12 elapsed=  5.4m eta= 48.6m fin~20:39 model_complete
  [S03b] LightGBM         Machine learning job 229/2270 ( 10.1%) win=1/12 elapsed=  5.4m eta= 48.6m fin~20:39 model_complete
  [S03b] Theta            Statistical      job 229/2270 ( 10.1%) win=1/12 elapsed=  5.5m eta= 48.6m fin~20:39 model_complete
  [S03b] XGBoost          Machine learning job 229/2270 ( 10.1%) win=2/12 elapsed=  5.5m eta= 48.6m fin~20:39 model_complete
  [S03b] AutoARIMA        Statistical      job 230/2270 ( 10.1%) win=2/12 elapsed=  5.5m eta= 48.4m fin~20:38 model_complete
  [S03b] ETS Explicit     Statistical      job 230/2270 ( 10.1%) win=2/12 elapsed=  5.5m eta= 48.4m fin~20:38 model_complete
  [S03b] LightGBM         Machine learning job 230/2270 ( 10.1%) win=2/12 elapsed=  5.5m eta= 48.5m fin~20:38 model_complete
  [S03b] Theta            Statistical      job 230/2270 ( 10.1%) win=2/12 elapsed=  5.5m eta= 48.5m fin~20:38 model_complete
  [S03b] XGBoost          Machine learning job 1150/2270 ( 50.7%) win=2/12 elapsed=  5.5m eta=  5.3m fin~19:55 running
  [S03b] XGBoost          Machine learning job 230/2270 ( 10.1%) win=3/12 elapsed=  5.5m eta= 48.5m fin~20:38 model_complete
  [S03b] AutoARIMA        Statistical      job 231/2270 ( 10.2%) win=3/12 elapsed=  5.5m eta= 48.3m fin~20:38 model_complete
  [S03b] ETS Explicit     Statistical      job 231/2270 ( 10.2%) win=3/12 elapsed=  5.5m eta= 48.3m fin~20:38 model_complete
  [S03b] LightGBM         Machine learning job 231/2270 ( 10.2%) win=3/12 elapsed=  5.5m eta= 48.3m fin~20:38 model_complete
  [S03b] Theta            Statistical      job 231/2270 ( 10.2%) win=3/12 elapsed=  5.5m eta= 48.3m fin~20:38 model_complete
  [S03b] XGBoost          Machine learning job 231/2270 ( 10.2%) win=4/12 elapsed=  5.5m eta= 48.3m fin~20:38 model_complete
  [S03b] AutoARIMA        Statistical      job 232/2270 ( 10.2%) win=4/12 elapsed=  5.5m eta= 48.2m fin~20:38 model_complete
  [S03b] ETS Explicit     Statistical      job 232/2270 ( 10.2%) win=4/12 elapsed=  5.5m eta= 48.2m fin~20:38 model_complete
  [S03b] LightGBM         Machine learning job 232/2270 ( 10.2%) win=4/12 elapsed=  5.5m eta= 48.2m fin~20:38 model_complete
  [S03b] Theta            Statistical      job 232/2270 ( 10.2%) win=4/12 elapsed=  5.5m eta= 48.2m fin~20:38 model_complete
  [S03b] XGBoost          Machine learning job 232/2270 ( 10.2%) win=5/12 elapsed=  5.5m eta= 48.2m fin~20:38 model_complete
  [S03b] AutoARIMA        Statistical      job 233/2270 ( 10.3%) win=5/12 elapsed=  5.5m eta= 48.0m fin~20:38 model_complete
  [S03b] ETS Explicit     Statistical      job 233/2270 ( 10.3%) win=5/12 elapsed=  5.5m eta= 48.0m fin~20:38 model_complete
  [S03b] LightGBM         Machine learning job 233/2270 ( 10.3%) win=5/12 elapsed=  5.5m eta= 48.0m fin~20:38 model_complete
  [S03b] Theta            Statistical      job 233/2270 ( 10.3%) win=5/12 elapsed=  5.5m eta= 48.0m fin~20:38 model_complete
  [S03b] XGBoost          Machine learning job 233/2270 ( 10.3%) win=6/12 elapsed=  5.5m eta= 48.1m fin~20:38 model_complete
  [S03b] AutoARIMA        Statistical      job 234/2270 ( 10.3%) win=6/12 elapsed=  5.5m eta= 47.9m fin~20:38 model_complete
  [S03b] ETS Explicit     Statistical      job 234/2270 ( 10.3%) win=6/12 elapsed=  5.5m eta= 47.9m fin~20:38 model_complete
  [S03b] LightGBM         Machine learning job 234/2270 ( 10.3%) win=6/12 elapsed=  5.5m eta= 47.9m fin~20:38 model_complete
  [S03b] Theta            Statistical      job 234/2270 ( 10.3%) win=6/12 elapsed=  5.5m eta= 47.9m fin~20:38 model_complete
  [S03b] XGBoost          Machine learning job 234/2270 ( 10.3%) win=7/12 elapsed=  5.5m eta= 47.9m fin~20:38 model_complete
  [S03b] AutoARIMA        Statistical      job 235/2270 ( 10.4%) win=7/12 elapsed=  5.5m eta= 47.8m fin~20:38 model_complete
  [S03b] ETS Explicit     Statistical      job 235/2270 ( 10.4%) win=7/12 elapsed=  5.5m eta= 47.8m fin~20:38 model_complete
  [S03b] LightGBM         Machine learning job 235/2270 ( 10.4%) win=7/12 elapsed=  5.5m eta= 47.8m fin~20:38 model_complete
  [S03b] Theta            Statistical      job 235/2270 ( 10.4%) win=7/12 elapsed=  5.5m eta= 47.8m fin~20:38 model_complete
  [S03b] XGBoost          Machine learning job 1175/2270 ( 51.8%) win=7/12 elapsed=  5.5m eta=  5.2m fin~19:55 running
  [S03b] XGBoost          Machine learning job 235/2270 ( 10.4%) win=8/12 elapsed=  5.5m eta= 47.8m fin~20:38 model_complete
  [S03b] AutoARIMA        Statistical      job 236/2270 ( 10.4%) win=8/12 elapsed=  5.5m eta= 47.7m fin~20:38 model_complete
  [S03b] ETS Explicit     Statistical      job 236/2270 ( 10.4%) win=8/12 elapsed=  5.5m eta= 47.7m fin~20:38 model_complete
  [S03b] LightGBM         Machine learning job 236/2270 ( 10.4%) win=8/12 elapsed=  5.5m eta= 47.7m fin~20:38 model_complete
  [S03b] Theta            Statistical      job 236/2270 ( 10.4%) win=8/12 elapsed=  5.5m eta= 47.7m fin~20:38 model_complete
  [S03b] XGBoost          Machine learning job 236/2270 ( 10.4%) win=9/12 elapsed=  5.5m eta= 47.7m fin~20:38 model_complete
  [S03b] AutoARIMA        Statistical      job 237/2270 ( 10.4%) win=9/12 elapsed=  5.5m eta= 47.5m fin~20:38 model_complete
  [S03b] ETS Explicit     Statistical      job 237/2270 ( 10.4%) win=9/12 elapsed=  5.5m eta= 47.5m fin~20:38 model_complete
  [S03b] LightGBM         Machine learning job 237/2270 ( 10.4%) win=9/12 elapsed=  5.5m eta= 47.6m fin~20:38 model_complete
  [S03b] Theta            Statistical      job 237/2270 ( 10.4%) win=9/12 elapsed=  5.5m eta= 47.6m fin~20:38 model_complete
  [S03b] XGBoost          Machine learning job 237/2270 ( 10.4%) win=10/12 elapsed=  5.5m eta= 47.6m fin~20:38 model_complete
  [S03b] AutoARIMA        Statistical      job 238/2270 ( 10.5%) win=10/12 elapsed=  5.6m eta= 47.4m fin~20:37 model_complete
  [S03b] ETS Explicit     Statistical      job 238/2270 ( 10.5%) win=10/12 elapsed=  5.6m eta= 47.4m fin~20:38 model_complete
  [S03b] LightGBM         Machine learning job 238/2270 ( 10.5%) win=10/12 elapsed=  5.6m eta= 47.5m fin~20:38 model_complete
  [S03b] Theta            Statistical      job 238/2270 ( 10.5%) win=10/12 elapsed=  5.6m eta= 47.5m fin~20:38 model_complete
  [S03b] XGBoost          Machine learning job 238/2270 ( 10.5%) win=11/12 elapsed=  5.6m eta= 47.5m fin~20:38 model_complete
  [S03b] AutoARIMA        Statistical      job 239/2270 ( 10.5%) win=11/12 elapsed=  5.6m eta= 47.3m fin~20:37 model_complete
  [S03b] ETS Explicit     Statistical      job 239/2270 ( 10.5%) win=11/12 elapsed=  5.6m eta= 47.3m fin~20:37 model_complete
  [S03b] LightGBM         Machine learning job 239/2270 ( 10.5%) win=11/12 elapsed=  5.6m eta= 47.3m fin~20:37 model_complete
  [S03b] Theta            Statistical      job 239/2270 ( 10.5%) win=11/12 elapsed=  5.6m eta= 47.3m fin~20:37 model_complete
  [S03b] XGBoost          Machine learning job 239/2270 ( 10.5%) win=12/12 elapsed=  5.6m eta= 47.3m fin~20:37 model_complete
  [S03b] AutoARIMA        Statistical      job 240/2270 ( 10.6%) win=12/12 elapsed=  5.6m eta= 47.2m fin~20:37 model_complete
  [S03b] ETS Explicit     Statistical      job 240/2270 ( 10.6%) win=12/12 elapsed=  5.6m eta= 47.2m fin~20:37 model_complete
  [S03b] LightGBM         Machine learning job 240/2270 ( 10.6%) win=12/12 elapsed=  5.6m eta= 47.2m fin~20:37 model_complete
  [S03b] Theta            Statistical      job 240/2270 ( 10.6%) win=12/12 elapsed=  5.6m eta= 47.2m fin~20:37 model_complete
  [S03b] XGBoost          Machine learning job 1200/2270 ( 52.9%) win=12/12 elapsed=  5.6m eta=  5.0m fin~19:55 running
  [S03b] XGBoost          Machine learning job 240/2270 ( 10.6%) win=1/12 elapsed=  5.6m eta= 47.2m fin~20:37 model_complete
  [S03b] AutoARIMA        Statistical      job 241/2270 ( 10.6%) win=1/12 elapsed=  5.6m eta= 47.2m fin~20:37 model_complete
  [S03b] ETS Explicit     Statistical      job 241/2270 ( 10.6%) win=1/12 elapsed=  5.6m eta= 47.2m fin~20:37 model_complete
  [S03b] LightGBM         Machine learning job 241/2270 ( 10.6%) win=1/12 elapsed=  5.6m eta= 47.2m fin~20:37 model_complete
  [S03b] Theta            Statistical      job 241/2270 ( 10.6%) win=1/12 elapsed=  5.6m eta= 47.2m fin~20:37 model_complete
  [S03b] XGBoost          Machine learning job 241/2270 ( 10.6%) win=2/12 elapsed=  5.6m eta= 47.2m fin~20:37 model_complete
  [S03b] AutoARIMA        Statistical      job 242/2270 ( 10.7%) win=2/12 elapsed=  5.6m eta= 47.2m fin~20:37 model_complete
  [S03b] ETS Explicit     Statistical      job 242/2270 ( 10.7%) win=2/12 elapsed=  5.6m eta= 47.2m fin~20:37 model_complete
  [S03b] LightGBM         Machine learning job 242/2270 ( 10.7%) win=2/12 elapsed=  5.6m eta= 47.2m fin~20:37 model_complete
  [S03b] Theta            Statistical      job 242/2270 ( 10.7%) win=2/12 elapsed=  5.6m eta= 47.2m fin~20:37 model_complete
  [S03b] XGBoost          Machine learning job 242/2270 ( 10.7%) win=3/12 elapsed=  5.6m eta= 47.2m fin~20:37 model_complete
  [S03b] AutoARIMA        Statistical      job 243/2270 ( 10.7%) win=3/12 elapsed=  5.7m eta= 47.2m fin~20:37 model_complete
  [S03b] ETS Explicit     Statistical      job 243/2270 ( 10.7%) win=3/12 elapsed=  5.7m eta= 47.2m fin~20:37 model_complete
  [S03b] LightGBM         Machine learning job 243/2270 ( 10.7%) win=3/12 elapsed=  5.7m eta= 47.2m fin~20:37 model_complete
  [S03b] Theta            Statistical      job 243/2270 ( 10.7%) win=3/12 elapsed=  5.7m eta= 47.2m fin~20:37 model_complete
  [S03b] XGBoost          Machine learning job 243/2270 ( 10.7%) win=4/12 elapsed=  5.7m eta= 47.2m fin~20:37 model_complete
  [S03b] AutoARIMA        Statistical      job 244/2270 ( 10.7%) win=4/12 elapsed=  5.7m eta= 47.2m fin~20:37 model_complete
  [S03b] ETS Explicit     Statistical      job 244/2270 ( 10.7%) win=4/12 elapsed=  5.7m eta= 47.2m fin~20:37 model_complete
  [S03b] LightGBM         Machine learning job 244/2270 ( 10.7%) win=4/12 elapsed=  5.7m eta= 47.2m fin~20:37 model_complete
  [S03b] Theta            Statistical      job 244/2270 ( 10.7%) win=4/12 elapsed=  5.7m eta= 47.2m fin~20:37 model_complete
  [S03b] XGBoost          Machine learning job 244/2270 ( 10.7%) win=5/12 elapsed=  5.7m eta= 47.2m fin~20:37 model_complete
  [S03b] AutoARIMA        Statistical      job 245/2270 ( 10.8%) win=5/12 elapsed=  5.7m eta= 47.2m fin~20:37 model_complete
  [S03b] ETS Explicit     Statistical      job 245/2270 ( 10.8%) win=5/12 elapsed=  5.7m eta= 47.2m fin~20:37 model_complete
  [S03b] LightGBM         Machine learning job 245/2270 ( 10.8%) win=5/12 elapsed=  5.7m eta= 47.2m fin~20:37 model_complete
  [S03b] Theta            Statistical      job 245/2270 ( 10.8%) win=5/12 elapsed=  5.7m eta= 47.2m fin~20:37 model_complete
  [S03b] XGBoost          Machine learning job 1225/2270 ( 54.0%) win=5/12 elapsed=  5.7m eta=  4.9m fin~19:55 running
  [S03b] XGBoost          Machine learning job 245/2270 ( 10.8%) win=6/12 elapsed=  5.7m eta= 47.2m fin~20:37 model_complete
  [S03b] AutoARIMA        Statistical      job 246/2270 ( 10.8%) win=6/12 elapsed=  5.7m eta= 47.3m fin~20:38 model_complete
  [S03b] ETS Explicit     Statistical      job 246/2270 ( 10.8%) win=6/12 elapsed=  5.7m eta= 47.3m fin~20:38 model_complete
  [S03b] LightGBM         Machine learning job 246/2270 ( 10.8%) win=6/12 elapsed=  5.7m eta= 47.3m fin~20:38 model_complete
  [S03b] Theta            Statistical      job 246/2270 ( 10.8%) win=6/12 elapsed=  5.7m eta= 47.3m fin~20:38 model_complete
  [S03b] XGBoost          Machine learning job 246/2270 ( 10.8%) win=7/12 elapsed=  5.7m eta= 47.3m fin~20:38 model_complete
  [S03b] AutoARIMA        Statistical      job 247/2270 ( 10.9%) win=7/12 elapsed=  5.8m eta= 47.3m fin~20:38 model_complete
  [S03b] ETS Explicit     Statistical      job 247/2270 ( 10.9%) win=7/12 elapsed=  5.8m eta= 47.3m fin~20:38 model_complete
  [S03b] LightGBM         Machine learning job 247/2270 ( 10.9%) win=7/12 elapsed=  5.8m eta= 47.3m fin~20:38 model_complete
  [S03b] Theta            Statistical      job 247/2270 ( 10.9%) win=7/12 elapsed=  5.8m eta= 47.3m fin~20:38 model_complete
  [S03b] XGBoost          Machine learning job 247/2270 ( 10.9%) win=8/12 elapsed=  5.8m eta= 47.3m fin~20:38 model_complete
  [S03b] AutoARIMA        Statistical      job 248/2270 ( 10.9%) win=8/12 elapsed=  5.8m eta= 47.3m fin~20:38 model_complete
  [S03b] ETS Explicit     Statistical      job 248/2270 ( 10.9%) win=8/12 elapsed=  5.8m eta= 47.3m fin~20:38 model_complete
  [S03b] LightGBM         Machine learning job 248/2270 ( 10.9%) win=8/12 elapsed=  5.8m eta= 47.4m fin~20:38 model_complete
  [S03b] Theta            Statistical      job 248/2270 ( 10.9%) win=8/12 elapsed=  5.8m eta= 47.4m fin~20:38 model_complete
  [S03b] XGBoost          Machine learning job 248/2270 ( 10.9%) win=9/12 elapsed=  5.8m eta= 47.4m fin~20:38 model_complete
  [S03b] AutoARIMA        Statistical      job 249/2270 ( 11.0%) win=9/12 elapsed=  5.8m eta= 47.3m fin~20:38 model_complete
  [S03b] ETS Explicit     Statistical      job 249/2270 ( 11.0%) win=9/12 elapsed=  5.8m eta= 47.3m fin~20:38 model_complete
  [S03b] LightGBM         Machine learning job 249/2270 ( 11.0%) win=9/12 elapsed=  5.8m eta= 47.3m fin~20:38 model_complete
  [S03b] Theta            Statistical      job 249/2270 ( 11.0%) win=9/12 elapsed=  5.8m eta= 47.3m fin~20:38 model_complete
  [S03b] XGBoost          Machine learning job 249/2270 ( 11.0%) win=10/12 elapsed=  5.8m eta= 47.4m fin~20:38 model_complete
  [S03b] AutoARIMA        Statistical      job 250/2270 ( 11.0%) win=10/12 elapsed=  5.9m eta= 47.4m fin~20:38 model_complete
  [S03b] ETS Explicit     Statistical      job 250/2270 ( 11.0%) win=10/12 elapsed=  5.9m eta= 47.4m fin~20:38 model_complete
  [S03b] LightGBM         Machine learning job 250/2270 ( 11.0%) win=10/12 elapsed=  5.9m eta= 47.4m fin~20:38 model_complete
  [S03b] Theta            Statistical      job 250/2270 ( 11.0%) win=10/12 elapsed=  5.9m eta= 47.5m fin~20:38 model_complete
  [S03b] XGBoost          Machine learning job 1250/2270 ( 55.1%) win=10/12 elapsed=  5.9m eta=  4.8m fin~19:55 running
  [S03b] XGBoost          Machine learning job 250/2270 ( 11.0%) win=11/12 elapsed=  5.9m eta= 47.5m fin~20:38 model_complete
  [S03b] AutoARIMA        Statistical      job 251/2270 ( 11.1%) win=11/12 elapsed=  5.9m eta= 47.6m fin~20:38 model_complete
  [S03b] ETS Explicit     Statistical      job 251/2270 ( 11.1%) win=11/12 elapsed=  5.9m eta= 47.7m fin~20:38 model_complete
  [S03b] LightGBM         Machine learning job 251/2270 ( 11.1%) win=11/12 elapsed=  5.9m eta= 47.7m fin~20:38 model_complete
  [S03b] Theta            Statistical      job 251/2270 ( 11.1%) win=11/12 elapsed=  5.9m eta= 47.7m fin~20:38 model_complete
  [S03b] XGBoost          Machine learning job 251/2270 ( 11.1%) win=12/12 elapsed=  5.9m eta= 47.7m fin~20:38 model_complete
  [S03b] AutoARIMA        Statistical      job 252/2270 ( 11.1%) win=12/12 elapsed=  6.0m eta= 47.9m fin~20:38 model_complete
  [S03b] ETS Explicit     Statistical      job 252/2270 ( 11.1%) win=12/12 elapsed=  6.0m eta= 47.9m fin~20:38 model_complete
  [S03b] LightGBM         Machine learning job 252/2270 ( 11.1%) win=12/12 elapsed=  6.0m eta= 47.9m fin~20:38 model_complete
  [S03b] Theta            Statistical      job 252/2270 ( 11.1%) win=12/12 elapsed=  6.0m eta= 47.9m fin~20:38 model_complete
  [S03b] XGBoost          Machine learning job 252/2270 ( 11.1%) win=1/12 elapsed=  6.0m eta= 47.9m fin~20:38 model_complete
  [S03b] AutoARIMA        Statistical      job 253/2270 ( 11.1%) win=1/12 elapsed=  6.0m eta= 47.8m fin~20:38 model_complete
  [S03b] ETS Explicit     Statistical      job 253/2270 ( 11.1%) win=1/12 elapsed=  6.0m eta= 47.8m fin~20:38 model_complete
  [S03b] LightGBM         Machine learning job 253/2270 ( 11.1%) win=1/12 elapsed=  6.0m eta= 47.8m fin~20:38 model_complete
  [S03b] Theta            Statistical      job 253/2270 ( 11.1%) win=1/12 elapsed=  6.0m eta= 47.8m fin~20:38 model_complete
  [S03b] XGBoost          Machine learning job 253/2270 ( 11.1%) win=2/12 elapsed=  6.0m eta= 47.8m fin~20:38 model_complete
  [S03b] AutoARIMA        Statistical      job 254/2270 ( 11.2%) win=2/12 elapsed=  6.0m eta= 47.8m fin~20:38 model_complete
  [S03b] ETS Explicit     Statistical      job 254/2270 ( 11.2%) win=2/12 elapsed=  6.0m eta= 47.8m fin~20:38 model_complete
  [S03b] LightGBM         Machine learning job 254/2270 ( 11.2%) win=2/12 elapsed=  6.0m eta= 47.8m fin~20:38 model_complete
  [S03b] Theta            Statistical      job 254/2270 ( 11.2%) win=2/12 elapsed=  6.0m eta= 47.8m fin~20:38 model_complete
  [S03b] XGBoost          Machine learning job 254/2270 ( 11.2%) win=3/12 elapsed=  6.0m eta= 47.8m fin~20:38 model_complete
  [S03b] AutoARIMA        Statistical      job 255/2270 ( 11.2%) win=3/12 elapsed=  6.0m eta= 47.7m fin~20:38 model_complete
  [S03b] ETS Explicit     Statistical      job 255/2270 ( 11.2%) win=3/12 elapsed=  6.0m eta= 47.7m fin~20:38 model_complete
  [S03b] LightGBM         Machine learning job 255/2270 ( 11.2%) win=3/12 elapsed=  6.0m eta= 47.7m fin~20:38 model_complete
  [S03b] Theta            Statistical      job 255/2270 ( 11.2%) win=3/12 elapsed=  6.0m eta= 47.7m fin~20:38 model_complete
  [S03b] XGBoost          Machine learning job 1275/2270 ( 56.2%) win=3/12 elapsed=  6.0m eta=  4.7m fin~19:55 running
  [S03b] XGBoost          Machine learning job 255/2270 ( 11.2%) win=4/12 elapsed=  6.0m eta= 47.7m fin~20:38 model_complete
  [S03b] AutoARIMA        Statistical      job 256/2270 ( 11.3%) win=4/12 elapsed=  6.1m eta= 47.6m fin~20:38 model_complete
  [S03b] ETS Explicit     Statistical      job 256/2270 ( 11.3%) win=4/12 elapsed=  6.1m eta= 47.6m fin~20:38 model_complete
  [S03b] LightGBM         Machine learning job 256/2270 ( 11.3%) win=4/12 elapsed=  6.1m eta= 47.6m fin~20:38 model_complete
  [S03b] Theta            Statistical      job 256/2270 ( 11.3%) win=4/12 elapsed=  6.1m eta= 47.6m fin~20:38 model_complete
  [S03b] XGBoost          Machine learning job 256/2270 ( 11.3%) win=5/12 elapsed=  6.1m eta= 47.7m fin~20:38 model_complete
  [S03b] AutoARIMA        Statistical      job 257/2270 ( 11.3%) win=5/12 elapsed=  6.1m eta= 47.7m fin~20:38 model_complete
  [S03b] ETS Explicit     Statistical      job 257/2270 ( 11.3%) win=5/12 elapsed=  6.1m eta= 47.7m fin~20:38 model_complete
  [S03b] LightGBM         Machine learning job 257/2270 ( 11.3%) win=5/12 elapsed=  6.1m eta= 47.7m fin~20:38 model_complete
  [S03b] Theta            Statistical      job 257/2270 ( 11.3%) win=5/12 elapsed=  6.1m eta= 47.7m fin~20:38 model_complete
  [S03b] XGBoost          Machine learning job 257/2270 ( 11.3%) win=6/12 elapsed=  6.1m eta= 47.7m fin~20:38 model_complete
  [S03b] AutoARIMA        Statistical      job 258/2270 ( 11.4%) win=6/12 elapsed=  6.1m eta= 47.7m fin~20:38 model_complete
  [S03b] ETS Explicit     Statistical      job 258/2270 ( 11.4%) win=6/12 elapsed=  6.1m eta= 47.7m fin~20:38 model_complete
  [S03b] LightGBM         Machine learning job 258/2270 ( 11.4%) win=6/12 elapsed=  6.1m eta= 47.7m fin~20:38 model_complete
  [S03b] Theta            Statistical      job 258/2270 ( 11.4%) win=6/12 elapsed=  6.1m eta= 47.7m fin~20:38 model_complete
  [S03b] XGBoost          Machine learning job 258/2270 ( 11.4%) win=7/12 elapsed=  6.1m eta= 47.7m fin~20:38 model_complete
  [S03b] AutoARIMA        Statistical      job 259/2270 ( 11.4%) win=7/12 elapsed=  6.1m eta= 47.7m fin~20:38 model_complete
  [S03b] ETS Explicit     Statistical      job 259/2270 ( 11.4%) win=7/12 elapsed=  6.1m eta= 47.7m fin~20:38 model_complete
  [S03b] LightGBM         Machine learning job 259/2270 ( 11.4%) win=7/12 elapsed=  6.1m eta= 47.7m fin~20:38 model_complete
  [S03b] Theta            Statistical      job 259/2270 ( 11.4%) win=7/12 elapsed=  6.1m eta= 47.8m fin~20:38 model_complete
  [S03b] XGBoost          Machine learning job 259/2270 ( 11.4%) win=8/12 elapsed=  6.2m eta= 47.8m fin~20:38 model_complete
  [S03b] AutoARIMA        Statistical      job 260/2270 ( 11.5%) win=8/12 elapsed=  6.2m eta= 47.8m fin~20:38 model_complete
  [S03b] ETS Explicit     Statistical      job 260/2270 ( 11.5%) win=8/12 elapsed=  6.2m eta= 47.8m fin~20:38 model_complete
  [S03b] LightGBM         Machine learning job 260/2270 ( 11.5%) win=8/12 elapsed=  6.2m eta= 47.8m fin~20:38 model_complete
  [S03b] Theta            Statistical      job 260/2270 ( 11.5%) win=8/12 elapsed=  6.2m eta= 47.8m fin~20:38 model_complete
  [S03b] XGBoost          Machine learning job 1300/2270 ( 57.3%) win=8/12 elapsed=  6.2m eta=  4.6m fin~19:55 running
  [S03b] XGBoost          Machine learning job 260/2270 ( 11.5%) win=9/12 elapsed=  6.2m eta= 47.8m fin~20:38 model_complete
  [S03b] AutoARIMA        Statistical      job 261/2270 ( 11.5%) win=9/12 elapsed=  6.2m eta= 47.8m fin~20:38 model_complete
  [S03b] ETS Explicit     Statistical      job 261/2270 ( 11.5%) win=9/12 elapsed=  6.2m eta= 47.8m fin~20:38 model_complete
  [S03b] LightGBM         Machine learning job 261/2270 ( 11.5%) win=9/12 elapsed=  6.2m eta= 47.8m fin~20:38 model_complete
  [S03b] Theta            Statistical      job 261/2270 ( 11.5%) win=9/12 elapsed=  6.2m eta= 47.8m fin~20:38 model_complete
  [S03b] XGBoost          Machine learning job 261/2270 ( 11.5%) win=10/12 elapsed=  6.2m eta= 47.8m fin~20:39 model_complete
  [S03b] AutoARIMA        Statistical      job 262/2270 ( 11.5%) win=10/12 elapsed=  6.2m eta= 47.8m fin~20:39 model_complete
  [S03b] ETS Explicit     Statistical      job 262/2270 ( 11.5%) win=10/12 elapsed=  6.2m eta= 47.8m fin~20:39 model_complete
  [S03b] LightGBM         Machine learning job 262/2270 ( 11.5%) win=10/12 elapsed=  6.2m eta= 47.8m fin~20:39 model_complete
  [S03b] Theta            Statistical      job 262/2270 ( 11.5%) win=10/12 elapsed=  6.2m eta= 47.8m fin~20:39 model_complete
  [S03b] XGBoost          Machine learning job 262/2270 ( 11.5%) win=11/12 elapsed=  6.2m eta= 47.8m fin~20:39 model_complete
  [S03b] AutoARIMA        Statistical      job 263/2270 ( 11.6%) win=11/12 elapsed=  6.3m eta= 47.8m fin~20:39 model_complete
  [S03b] ETS Explicit     Statistical      job 263/2270 ( 11.6%) win=11/12 elapsed=  6.3m eta= 47.8m fin~20:39 model_complete
  [S03b] LightGBM         Machine learning job 263/2270 ( 11.6%) win=11/12 elapsed=  6.3m eta= 47.9m fin~20:39 model_complete
  [S03b] Theta            Statistical      job 263/2270 ( 11.6%) win=11/12 elapsed=  6.3m eta= 47.9m fin~20:39 model_complete
  [S03b] XGBoost          Machine learning job 263/2270 ( 11.6%) win=12/12 elapsed=  6.3m eta= 47.9m fin~20:39 model_complete
  [S03b] AutoARIMA        Statistical      job 264/2270 ( 11.6%) win=12/12 elapsed=  6.3m eta= 47.9m fin~20:39 model_complete
  [S03b] ETS Explicit     Statistical      job 264/2270 ( 11.6%) win=12/12 elapsed=  6.3m eta= 47.9m fin~20:39 model_complete
  [S03b] LightGBM         Machine learning job 264/2270 ( 11.6%) win=12/12 elapsed=  6.3m eta= 47.9m fin~20:39 model_complete
  [S03b] Theta            Statistical      job 264/2270 ( 11.6%) win=12/12 elapsed=  6.3m eta= 47.9m fin~20:39 model_complete
  [S03b] XGBoost          Machine learning job 264/2270 ( 11.6%) win=1/12 elapsed=  6.3m eta= 47.9m fin~20:39 model_complete
  [S03b] AutoARIMA        Statistical      job 265/2270 ( 11.7%) win=1/12 elapsed=  6.3m eta= 47.8m fin~20:39 model_complete
  [S03b] ETS Explicit     Statistical      job 265/2270 ( 11.7%) win=1/12 elapsed=  6.3m eta= 47.8m fin~20:39 model_complete
  [S03b] LightGBM         Machine learning job 265/2270 ( 11.7%) win=1/12 elapsed=  6.3m eta= 47.8m fin~20:39 model_complete
  [S03b] Theta            Statistical      job 265/2270 ( 11.7%) win=1/12 elapsed=  6.3m eta= 47.8m fin~20:39 model_complete
  [S03b] XGBoost          Machine learning job 1325/2270 ( 58.4%) win=1/12 elapsed=  6.3m eta=  4.5m fin~19:55 running
  [S03b] XGBoost          Machine learning job 265/2270 ( 11.7%) win=2/12 elapsed=  6.3m eta= 47.8m fin~20:39 model_complete
  [S03b] AutoARIMA        Statistical      job 266/2270 ( 11.7%) win=2/12 elapsed=  6.3m eta= 47.7m fin~20:39 model_complete
  [S03b] ETS Explicit     Statistical      job 266/2270 ( 11.7%) win=2/12 elapsed=  6.3m eta= 47.7m fin~20:39 model_complete
  [S03b] LightGBM         Machine learning job 266/2270 ( 11.7%) win=2/12 elapsed=  6.3m eta= 47.7m fin~20:39 model_complete
  [S03b] Theta            Statistical      job 266/2270 ( 11.7%) win=2/12 elapsed=  6.3m eta= 47.7m fin~20:39 model_complete
  [S03b] XGBoost          Machine learning job 266/2270 ( 11.7%) win=3/12 elapsed=  6.3m eta= 47.7m fin~20:39 model_complete
  [S03b] AutoARIMA        Statistical      job 267/2270 ( 11.8%) win=3/12 elapsed=  6.3m eta= 47.5m fin~20:38 model_complete
  [S03b] ETS Explicit     Statistical      job 267/2270 ( 11.8%) win=3/12 elapsed=  6.3m eta= 47.5m fin~20:38 model_complete
  [S03b] LightGBM         Machine learning job 267/2270 ( 11.8%) win=3/12 elapsed=  6.3m eta= 47.5m fin~20:38 model_complete
  [S03b] Theta            Statistical      job 267/2270 ( 11.8%) win=3/12 elapsed=  6.3m eta= 47.5m fin~20:38 model_complete
  [S03b] XGBoost          Machine learning job 267/2270 ( 11.8%) win=4/12 elapsed=  6.3m eta= 47.5m fin~20:38 model_complete
  [S03b] AutoARIMA        Statistical      job 268/2270 ( 11.8%) win=4/12 elapsed=  6.3m eta= 47.4m fin~20:38 model_complete
  [S03b] ETS Explicit     Statistical      job 268/2270 ( 11.8%) win=4/12 elapsed=  6.3m eta= 47.4m fin~20:38 model_complete
  [S03b] LightGBM         Machine learning job 268/2270 ( 11.8%) win=4/12 elapsed=  6.3m eta= 47.4m fin~20:38 model_complete
  [S03b] Theta            Statistical      job 268/2270 ( 11.8%) win=4/12 elapsed=  6.3m eta= 47.4m fin~20:38 model_complete
  [S03b] XGBoost          Machine learning job 268/2270 ( 11.8%) win=5/12 elapsed=  6.3m eta= 47.4m fin~20:38 model_complete
  [S03b] AutoARIMA        Statistical      job 269/2270 ( 11.9%) win=5/12 elapsed=  6.4m eta= 47.3m fin~20:38 model_complete
  [S03b] ETS Explicit     Statistical      job 269/2270 ( 11.9%) win=5/12 elapsed=  6.4m eta= 47.3m fin~20:38 model_complete
  [S03b] LightGBM         Machine learning job 269/2270 ( 11.9%) win=5/12 elapsed=  6.4m eta= 47.3m fin~20:38 model_complete
  [S03b] Theta            Statistical      job 269/2270 ( 11.9%) win=5/12 elapsed=  6.4m eta= 47.3m fin~20:38 model_complete
  [S03b] XGBoost          Machine learning job 269/2270 ( 11.9%) win=6/12 elapsed=  6.4m eta= 47.3m fin~20:38 model_complete
  [S03b] AutoARIMA        Statistical      job 270/2270 ( 11.9%) win=6/12 elapsed=  6.4m eta= 47.2m fin~20:38 model_complete
  [S03b] ETS Explicit     Statistical      job 270/2270 ( 11.9%) win=6/12 elapsed=  6.4m eta= 47.3m fin~20:38 model_complete
  [S03b] LightGBM         Machine learning job 270/2270 ( 11.9%) win=6/12 elapsed=  6.4m eta= 47.3m fin~20:38 model_complete
  [S03b] Theta            Statistical      job 270/2270 ( 11.9%) win=6/12 elapsed=  6.4m eta= 47.3m fin~20:38 model_complete
  [S03b] XGBoost          Machine learning job 1350/2270 ( 59.5%) win=6/12 elapsed=  6.4m eta=  4.3m fin~19:55 running
  [S03b] XGBoost          Machine learning job 270/2270 ( 11.9%) win=7/12 elapsed=  6.4m eta= 47.3m fin~20:38 model_complete
  [S03b] AutoARIMA        Statistical      job 271/2270 ( 11.9%) win=7/12 elapsed=  6.4m eta= 47.2m fin~20:38 model_complete
  [S03b] ETS Explicit     Statistical      job 271/2270 ( 11.9%) win=7/12 elapsed=  6.4m eta= 47.2m fin~20:38 model_complete
  [S03b] LightGBM         Machine learning job 271/2270 ( 11.9%) win=7/12 elapsed=  6.4m eta= 47.2m fin~20:38 model_complete
  [S03b] Theta            Statistical      job 271/2270 ( 11.9%) win=7/12 elapsed=  6.4m eta= 47.2m fin~20:38 model_complete
  [S03b] XGBoost          Machine learning job 271/2270 ( 11.9%) win=8/12 elapsed=  6.4m eta= 47.2m fin~20:38 model_complete
  [S03b] AutoARIMA        Statistical      job 272/2270 ( 12.0%) win=8/12 elapsed=  6.4m eta= 47.2m fin~20:38 model_complete
  [S03b] ETS Explicit     Statistical      job 272/2270 ( 12.0%) win=8/12 elapsed=  6.4m eta= 47.2m fin~20:38 model_complete
  [S03b] LightGBM         Machine learning job 272/2270 ( 12.0%) win=8/12 elapsed=  6.4m eta= 47.2m fin~20:38 model_complete
  [S03b] Theta            Statistical      job 272/2270 ( 12.0%) win=8/12 elapsed=  6.4m eta= 47.2m fin~20:38 model_complete
  [S03b] XGBoost          Machine learning job 272/2270 ( 12.0%) win=9/12 elapsed=  6.4m eta= 47.2m fin~20:38 model_complete
  [S03b] AutoARIMA        Statistical      job 273/2270 ( 12.0%) win=9/12 elapsed=  6.4m eta= 47.1m fin~20:38 model_complete
  [S03b] ETS Explicit     Statistical      job 273/2270 ( 12.0%) win=9/12 elapsed=  6.4m eta= 47.1m fin~20:38 model_complete
  [S03b] LightGBM         Machine learning job 273/2270 ( 12.0%) win=9/12 elapsed=  6.4m eta= 47.1m fin~20:38 model_complete
  [S03b] Theta            Statistical      job 273/2270 ( 12.0%) win=9/12 elapsed=  6.4m eta= 47.1m fin~20:38 model_complete
  [S03b] XGBoost          Machine learning job 273/2270 ( 12.0%) win=10/12 elapsed=  6.4m eta= 47.1m fin~20:38 model_complete
  [S03b] AutoARIMA        Statistical      job 274/2270 ( 12.1%) win=10/12 elapsed=  6.5m eta= 47.1m fin~20:38 model_complete
  [S03b] ETS Explicit     Statistical      job 274/2270 ( 12.1%) win=10/12 elapsed=  6.5m eta= 47.1m fin~20:38 model_complete
  [S03b] LightGBM         Machine learning job 274/2270 ( 12.1%) win=10/12 elapsed=  6.5m eta= 47.1m fin~20:38 model_complete
  [S03b] Theta            Statistical      job 274/2270 ( 12.1%) win=10/12 elapsed=  6.5m eta= 47.1m fin~20:38 model_complete
  [S03b] XGBoost          Machine learning job 274/2270 ( 12.1%) win=11/12 elapsed=  6.5m eta= 47.1m fin~20:38 model_complete
  [S03b] AutoARIMA        Statistical      job 275/2270 ( 12.1%) win=11/12 elapsed=  6.5m eta= 47.1m fin~20:38 model_complete
  [S03b] ETS Explicit     Statistical      job 275/2270 ( 12.1%) win=11/12 elapsed=  6.5m eta= 47.1m fin~20:38 model_complete
  [S03b] LightGBM         Machine learning job 275/2270 ( 12.1%) win=11/12 elapsed=  6.5m eta= 47.1m fin~20:38 model_complete
  [S03b] Theta            Statistical      job 275/2270 ( 12.1%) win=11/12 elapsed=  6.5m eta= 47.1m fin~20:38 model_complete
  [S03b] XGBoost          Machine learning job 1375/2270 ( 60.6%) win=11/12 elapsed=  6.5m eta=  4.2m fin~19:55 running
  [S03b] XGBoost          Machine learning job 275/2270 ( 12.1%) win=12/12 elapsed=  6.5m eta= 47.1m fin~20:38 model_complete
  [S03b] AutoARIMA        Statistical      job 276/2270 ( 12.2%) win=12/12 elapsed=  6.5m eta= 47.1m fin~20:38 model_complete
  [S03b] ETS Explicit     Statistical      job 276/2270 ( 12.2%) win=12/12 elapsed=  6.5m eta= 47.1m fin~20:38 model_complete
  [S03b] LightGBM         Machine learning job 276/2270 ( 12.2%) win=12/12 elapsed=  6.5m eta= 47.1m fin~20:38 model_complete
  [S03b] Theta            Statistical      job 276/2270 ( 12.2%) win=12/12 elapsed=  6.5m eta= 47.1m fin~20:38 model_complete
  [S03b] XGBoost          Machine learning job 276/2270 ( 12.2%) win=1/12 elapsed=  6.5m eta= 47.1m fin~20:38 model_complete
  [S03b] AutoARIMA        Statistical      job 277/2270 ( 12.2%) win=1/12 elapsed=  6.6m eta= 47.1m fin~20:38 model_complete
  [S03b] ETS Explicit     Statistical      job 277/2270 ( 12.2%) win=1/12 elapsed=  6.6m eta= 47.1m fin~20:38 model_complete
  [S03b] LightGBM         Machine learning job 277/2270 ( 12.2%) win=1/12 elapsed=  6.6m eta= 47.1m fin~20:38 model_complete
  [S03b] Theta            Statistical      job 277/2270 ( 12.2%) win=1/12 elapsed=  6.6m eta= 47.2m fin~20:38 model_complete
  [S03b] XGBoost          Machine learning job 277/2270 ( 12.2%) win=2/12 elapsed=  6.6m eta= 47.2m fin~20:38 model_complete
  [S03b] AutoARIMA        Statistical      job 278/2270 ( 12.2%) win=2/12 elapsed=  6.6m eta= 47.2m fin~20:38 model_complete
  [S03b] ETS Explicit     Statistical      job 278/2270 ( 12.2%) win=2/12 elapsed=  6.6m eta= 47.2m fin~20:38 model_complete
  [S03b] LightGBM         Machine learning job 278/2270 ( 12.2%) win=2/12 elapsed=  6.6m eta= 47.2m fin~20:38 model_complete
  [S03b] Theta            Statistical      job 278/2270 ( 12.2%) win=2/12 elapsed=  6.6m eta= 47.2m fin~20:38 model_complete
  [S03b] XGBoost          Machine learning job 278/2270 ( 12.2%) win=3/12 elapsed=  6.6m eta= 47.2m fin~20:38 model_complete
  [S03b] AutoARIMA        Statistical      job 279/2270 ( 12.3%) win=3/12 elapsed=  6.6m eta= 47.2m fin~20:38 model_complete
  [S03b] ETS Explicit     Statistical      job 279/2270 ( 12.3%) win=3/12 elapsed=  6.6m eta= 47.2m fin~20:38 model_complete
  [S03b] LightGBM         Machine learning job 279/2270 ( 12.3%) win=3/12 elapsed=  6.6m eta= 47.2m fin~20:38 model_complete
  [S03b] Theta            Statistical      job 279/2270 ( 12.3%) win=3/12 elapsed=  6.6m eta= 47.2m fin~20:38 model_complete
  [S03b] XGBoost          Machine learning job 279/2270 ( 12.3%) win=4/12 elapsed=  6.6m eta= 47.2m fin~20:38 model_complete
  [S03b] AutoARIMA        Statistical      job 280/2270 ( 12.3%) win=4/12 elapsed=  6.6m eta= 47.2m fin~20:38 model_complete
  [S03b] ETS Explicit     Statistical      job 280/2270 ( 12.3%) win=4/12 elapsed=  6.6m eta= 47.3m fin~20:38 model_complete
  [S03b] LightGBM         Machine learning job 280/2270 ( 12.3%) win=4/12 elapsed=  6.7m eta= 47.3m fin~20:38 model_complete
  [S03b] Theta            Statistical      job 280/2270 ( 12.3%) win=4/12 elapsed=  6.7m eta= 47.3m fin~20:38 model_complete
  [S03b] XGBoost          Machine learning job 1400/2270 ( 61.7%) win=4/12 elapsed=  6.7m eta=  4.1m fin~19:55 running
  [S03b] XGBoost          Machine learning job 280/2270 ( 12.3%) win=5/12 elapsed=  6.7m eta= 47.3m fin~20:38 model_complete
  [S03b] AutoARIMA        Statistical      job 281/2270 ( 12.4%) win=5/12 elapsed=  6.7m eta= 47.5m fin~20:39 model_complete
  [S03b] ETS Explicit     Statistical      job 281/2270 ( 12.4%) win=5/12 elapsed=  6.7m eta= 47.5m fin~20:39 model_complete
  [S03b] LightGBM         Machine learning job 281/2270 ( 12.4%) win=5/12 elapsed=  6.7m eta= 47.5m fin~20:39 model_complete
  [S03b] Theta            Statistical      job 281/2270 ( 12.4%) win=5/12 elapsed=  6.7m eta= 47.5m fin~20:39 model_complete
  [S03b] XGBoost          Machine learning job 281/2270 ( 12.4%) win=6/12 elapsed=  6.7m eta= 47.5m fin~20:39 model_complete
  [S03b] AutoARIMA        Statistical      job 282/2270 ( 12.4%) win=6/12 elapsed=  6.7m eta= 47.5m fin~20:39 model_complete
  [S03b] ETS Explicit     Statistical      job 282/2270 ( 12.4%) win=6/12 elapsed=  6.7m eta= 47.5m fin~20:39 model_complete
  [S03b] LightGBM         Machine learning job 282/2270 ( 12.4%) win=6/12 elapsed=  6.7m eta= 47.5m fin~20:39 model_complete
  [S03b] Theta            Statistical      job 282/2270 ( 12.4%) win=6/12 elapsed=  6.7m eta= 47.5m fin~20:39 model_complete
  [S03b] XGBoost          Machine learning job 282/2270 ( 12.4%) win=7/12 elapsed=  6.7m eta= 47.5m fin~20:39 model_complete
  [S03b] AutoARIMA        Statistical      job 283/2270 ( 12.5%) win=7/12 elapsed=  6.8m eta= 47.5m fin~20:39 model_complete
  [S03b] ETS Explicit     Statistical      job 283/2270 ( 12.5%) win=7/12 elapsed=  6.8m eta= 47.5m fin~20:39 model_complete
  [S03b] LightGBM         Machine learning job 283/2270 ( 12.5%) win=7/12 elapsed=  6.8m eta= 47.5m fin~20:39 model_complete
  [S03b] Theta            Statistical      job 283/2270 ( 12.5%) win=7/12 elapsed=  6.8m eta= 47.5m fin~20:39 model_complete
  [S03b] XGBoost          Machine learning job 283/2270 ( 12.5%) win=8/12 elapsed=  6.8m eta= 47.5m fin~20:39 model_complete
  [S03b] AutoARIMA        Statistical      job 284/2270 ( 12.5%) win=8/12 elapsed=  6.8m eta= 47.5m fin~20:39 model_complete
  [S03b] ETS Explicit     Statistical      job 284/2270 ( 12.5%) win=8/12 elapsed=  6.8m eta= 47.5m fin~20:39 model_complete
  [S03b] LightGBM         Machine learning job 284/2270 ( 12.5%) win=8/12 elapsed=  6.8m eta= 47.5m fin~20:39 model_complete
  [S03b] Theta            Statistical      job 284/2270 ( 12.5%) win=8/12 elapsed=  6.8m eta= 47.5m fin~20:39 model_complete
  [S03b] XGBoost          Machine learning job 284/2270 ( 12.5%) win=9/12 elapsed=  6.8m eta= 47.5m fin~20:39 model_complete
  [S03b] AutoARIMA        Statistical      job 285/2270 ( 12.6%) win=9/12 elapsed=  6.8m eta= 47.4m fin~20:39 model_complete
  [S03b] ETS Explicit     Statistical      job 285/2270 ( 12.6%) win=9/12 elapsed=  6.8m eta= 47.5m fin~20:39 model_complete
  [S03b] LightGBM         Machine learning job 285/2270 ( 12.6%) win=9/12 elapsed=  6.8m eta= 47.5m fin~20:39 model_complete
  [S03b] Theta            Statistical      job 285/2270 ( 12.6%) win=9/12 elapsed=  6.8m eta= 47.5m fin~20:39 model_complete
  [S03b] XGBoost          Machine learning job 1425/2270 ( 62.8%) win=9/12 elapsed=  6.8m eta=  4.0m fin~19:55 running
  [S03b] XGBoost          Machine learning job 285/2270 ( 12.6%) win=10/12 elapsed=  6.8m eta= 47.5m fin~20:39 model_complete
  [S03b] AutoARIMA        Statistical      job 286/2270 ( 12.6%) win=10/12 elapsed=  6.8m eta= 47.4m fin~20:39 model_complete
  [S03b] ETS Explicit     Statistical      job 286/2270 ( 12.6%) win=10/12 elapsed=  6.8m eta= 47.4m fin~20:39 model_complete
  [S03b] LightGBM         Machine learning job 286/2270 ( 12.6%) win=10/12 elapsed=  6.8m eta= 47.5m fin~20:39 model_complete
  [S03b] Theta            Statistical      job 286/2270 ( 12.6%) win=10/12 elapsed=  6.8m eta= 47.5m fin~20:39 model_complete
  [S03b] XGBoost          Machine learning job 286/2270 ( 12.6%) win=11/12 elapsed=  6.8m eta= 47.5m fin~20:39 model_complete
  [S03b] AutoARIMA        Statistical      job 287/2270 ( 12.6%) win=11/12 elapsed=  6.9m eta= 47.4m fin~20:39 model_complete
  [S03b] ETS Explicit     Statistical      job 287/2270 ( 12.6%) win=11/12 elapsed=  6.9m eta= 47.4m fin~20:39 model_complete
  [S03b] LightGBM         Machine learning job 287/2270 ( 12.6%) win=11/12 elapsed=  6.9m eta= 47.5m fin~20:39 model_complete
  [S03b] Theta            Statistical      job 287/2270 ( 12.6%) win=11/12 elapsed=  6.9m eta= 47.5m fin~20:39 model_complete
  [S03b] XGBoost          Machine learning job 287/2270 ( 12.6%) win=12/12 elapsed=  6.9m eta= 47.5m fin~20:39 model_complete
  [S03b] AutoARIMA        Statistical      job 288/2270 ( 12.7%) win=12/12 elapsed=  6.9m eta= 47.4m fin~20:39 model_complete
  [S03b] ETS Explicit     Statistical      job 288/2270 ( 12.7%) win=12/12 elapsed=  6.9m eta= 47.4m fin~20:39 model_complete
  [S03b] LightGBM         Machine learning job 288/2270 ( 12.7%) win=12/12 elapsed=  6.9m eta= 47.4m fin~20:39 model_complete
  [S03b] Theta            Statistical      job 288/2270 ( 12.7%) win=12/12 elapsed=  6.9m eta= 47.4m fin~20:39 model_complete
  [S03b] XGBoost          Machine learning job 288/2270 ( 12.7%) win=1/12 elapsed=  6.9m eta= 47.4m fin~20:39 model_complete
  [S03b] AutoARIMA        Statistical      job 289/2270 ( 12.7%) win=1/12 elapsed=  6.9m eta= 47.3m fin~20:39 model_complete
  [S03b] ETS Explicit     Statistical      job 289/2270 ( 12.7%) win=1/12 elapsed=  6.9m eta= 47.3m fin~20:39 model_complete
  [S03b] LightGBM         Machine learning job 289/2270 ( 12.7%) win=1/12 elapsed=  6.9m eta= 47.3m fin~20:39 model_complete
  [S03b] Theta            Statistical      job 289/2270 ( 12.7%) win=1/12 elapsed=  6.9m eta= 47.3m fin~20:39 model_complete
  [S03b] XGBoost          Machine learning job 289/2270 ( 12.7%) win=2/12 elapsed=  6.9m eta= 47.3m fin~20:39 model_complete
  [S03b] AutoARIMA        Statistical      job 290/2270 ( 12.8%) win=2/12 elapsed=  6.9m eta= 47.2m fin~20:39 model_complete
  [S03b] ETS Explicit     Statistical      job 290/2270 ( 12.8%) win=2/12 elapsed=  6.9m eta= 47.2m fin~20:39 model_complete
  [S03b] LightGBM         Machine learning job 290/2270 ( 12.8%) win=2/12 elapsed=  6.9m eta= 47.2m fin~20:39 model_complete
  [S03b] Theta            Statistical      job 290/2270 ( 12.8%) win=2/12 elapsed=  6.9m eta= 47.2m fin~20:39 model_complete
  [S03b] XGBoost          Machine learning job 1450/2270 ( 63.9%) win=2/12 elapsed=  6.9m eta=  3.9m fin~19:55 running
  [S03b] XGBoost          Machine learning job 290/2270 ( 12.8%) win=3/12 elapsed=  6.9m eta= 47.2m fin~20:39 model_complete
  [S03b] AutoARIMA        Statistical      job 291/2270 ( 12.8%) win=3/12 elapsed=  6.9m eta= 47.1m fin~20:39 model_complete
  [S03b] ETS Explicit     Statistical      job 291/2270 ( 12.8%) win=3/12 elapsed=  6.9m eta= 47.1m fin~20:39 model_complete
  [S03b] LightGBM         Machine learning job 291/2270 ( 12.8%) win=3/12 elapsed=  6.9m eta= 47.1m fin~20:39 model_complete
  [S03b] Theta            Statistical      job 291/2270 ( 12.8%) win=3/12 elapsed=  6.9m eta= 47.1m fin~20:39 model_complete
  [S03b] XGBoost          Machine learning job 291/2270 ( 12.8%) win=4/12 elapsed=  6.9m eta= 47.1m fin~20:39 model_complete
  [S03b] AutoARIMA        Statistical      job 292/2270 ( 12.9%) win=4/12 elapsed=  6.9m eta= 47.0m fin~20:38 model_complete
  [S03b] ETS Explicit     Statistical      job 292/2270 ( 12.9%) win=4/12 elapsed=  6.9m eta= 47.0m fin~20:38 model_complete
  [S03b] LightGBM         Machine learning job 292/2270 ( 12.9%) win=4/12 elapsed=  6.9m eta= 47.0m fin~20:38 model_complete
  [S03b] Theta            Statistical      job 292/2270 ( 12.9%) win=4/12 elapsed=  6.9m eta= 47.0m fin~20:38 model_complete
  [S03b] XGBoost          Machine learning job 292/2270 ( 12.9%) win=5/12 elapsed=  6.9m eta= 47.0m fin~20:38 model_complete
  [S03b] AutoARIMA        Statistical      job 293/2270 ( 12.9%) win=5/12 elapsed=  6.9m eta= 46.9m fin~20:38 model_complete
  [S03b] ETS Explicit     Statistical      job 293/2270 ( 12.9%) win=5/12 elapsed=  6.9m eta= 46.9m fin~20:38 model_complete
  [S03b] LightGBM         Machine learning job 293/2270 ( 12.9%) win=5/12 elapsed=  6.9m eta= 46.9m fin~20:38 model_complete
  [S03b] Theta            Statistical      job 293/2270 ( 12.9%) win=5/12 elapsed=  6.9m eta= 46.9m fin~20:38 model_complete
  [S03b] XGBoost          Machine learning job 293/2270 ( 12.9%) win=6/12 elapsed=  7.0m eta= 46.9m fin~20:38 model_complete
  [S03b] AutoARIMA        Statistical      job 294/2270 ( 13.0%) win=6/12 elapsed=  7.0m eta= 46.8m fin~20:38 model_complete
  [S03b] ETS Explicit     Statistical      job 294/2270 ( 13.0%) win=6/12 elapsed=  7.0m eta= 46.8m fin~20:38 model_complete
  [S03b] LightGBM         Machine learning job 294/2270 ( 13.0%) win=6/12 elapsed=  7.0m eta= 46.8m fin~20:38 model_complete
  [S03b] Theta            Statistical      job 294/2270 ( 13.0%) win=6/12 elapsed=  7.0m eta= 46.8m fin~20:38 model_complete
  [S03b] XGBoost          Machine learning job 294/2270 ( 13.0%) win=7/12 elapsed=  7.0m eta= 46.8m fin~20:38 model_complete
  [S03b] AutoARIMA        Statistical      job 295/2270 ( 13.0%) win=7/12 elapsed=  7.0m eta= 46.7m fin~20:38 model_complete
  [S03b] ETS Explicit     Statistical      job 295/2270 ( 13.0%) win=7/12 elapsed=  7.0m eta= 46.7m fin~20:38 model_complete
  [S03b] LightGBM         Machine learning job 295/2270 ( 13.0%) win=7/12 elapsed=  7.0m eta= 46.7m fin~20:38 model_complete
  [S03b] Theta            Statistical      job 295/2270 ( 13.0%) win=7/12 elapsed=  7.0m eta= 46.7m fin~20:38 model_complete
  [S03b] XGBoost          Machine learning job 1475/2270 ( 65.0%) win=7/12 elapsed=  7.0m eta=  3.8m fin~19:55 running
  [S03b] XGBoost          Machine learning job 295/2270 ( 13.0%) win=8/12 elapsed=  7.0m eta= 46.7m fin~20:38 model_complete
  [S03b] AutoARIMA        Statistical      job 296/2270 ( 13.0%) win=8/12 elapsed=  7.0m eta= 46.6m fin~20:38 model_complete
  [S03b] ETS Explicit     Statistical      job 296/2270 ( 13.0%) win=8/12 elapsed=  7.0m eta= 46.6m fin~20:38 model_complete
  [S03b] LightGBM         Machine learning job 296/2270 ( 13.0%) win=8/12 elapsed=  7.0m eta= 46.6m fin~20:38 model_complete
  [S03b] Theta            Statistical      job 296/2270 ( 13.0%) win=8/12 elapsed=  7.0m eta= 46.6m fin~20:38 model_complete
  [S03b] XGBoost          Machine learning job 296/2270 ( 13.0%) win=9/12 elapsed=  7.0m eta= 46.6m fin~20:38 model_complete
  [S03b] AutoARIMA        Statistical      job 297/2270 ( 13.1%) win=9/12 elapsed=  7.0m eta= 46.5m fin~20:38 model_complete
  [S03b] ETS Explicit     Statistical      job 297/2270 ( 13.1%) win=9/12 elapsed=  7.0m eta= 46.5m fin~20:38 model_complete
  [S03b] LightGBM         Machine learning job 297/2270 ( 13.1%) win=9/12 elapsed=  7.0m eta= 46.5m fin~20:38 model_complete
  [S03b] Theta            Statistical      job 297/2270 ( 13.1%) win=9/12 elapsed=  7.0m eta= 46.5m fin~20:38 model_complete
  [S03b] XGBoost          Machine learning job 297/2270 ( 13.1%) win=10/12 elapsed=  7.0m eta= 46.5m fin~20:38 model_complete
  [S03b] AutoARIMA        Statistical      job 298/2270 ( 13.1%) win=10/12 elapsed=  7.0m eta= 46.4m fin~20:38 model_complete
  [S03b] ETS Explicit     Statistical      job 298/2270 ( 13.1%) win=10/12 elapsed=  7.0m eta= 46.4m fin~20:38 model_complete
  [S03b] LightGBM         Machine learning job 298/2270 ( 13.1%) win=10/12 elapsed=  7.0m eta= 46.4m fin~20:38 model_complete
  [S03b] Theta            Statistical      job 298/2270 ( 13.1%) win=10/12 elapsed=  7.0m eta= 46.4m fin~20:38 model_complete
  [S03b] XGBoost          Machine learning job 298/2270 ( 13.1%) win=11/12 elapsed=  7.0m eta= 46.4m fin~20:38 model_complete
  [S03b] AutoARIMA        Statistical      job 299/2270 ( 13.2%) win=11/12 elapsed=  7.0m eta= 46.3m fin~20:38 model_complete
  [S03b] ETS Explicit     Statistical      job 299/2270 ( 13.2%) win=11/12 elapsed=  7.0m eta= 46.3m fin~20:38 model_complete
  [S03b] LightGBM         Machine learning job 299/2270 ( 13.2%) win=11/12 elapsed=  7.0m eta= 46.3m fin~20:38 model_complete
  [S03b] Theta            Statistical      job 299/2270 ( 13.2%) win=11/12 elapsed=  7.0m eta= 46.3m fin~20:38 model_complete
  [S03b] XGBoost          Machine learning job 299/2270 ( 13.2%) win=12/12 elapsed=  7.0m eta= 46.3m fin~20:38 model_complete
  [S03b] AutoARIMA        Statistical      job 300/2270 ( 13.2%) win=12/12 elapsed=  7.0m eta= 46.2m fin~20:38 model_complete
  [S03b] ETS Explicit     Statistical      job 300/2270 ( 13.2%) win=12/12 elapsed=  7.0m eta= 46.2m fin~20:38 model_complete
  [S03b] LightGBM         Machine learning job 300/2270 ( 13.2%) win=12/12 elapsed=  7.0m eta= 46.2m fin~20:38 model_complete
  [S03b] Theta            Statistical      job 300/2270 ( 13.2%) win=12/12 elapsed=  7.0m eta= 46.2m fin~20:38 model_complete
  [S03b] XGBoost          Machine learning job 1500/2270 ( 66.1%) win=12/12 elapsed=  7.0m eta=  3.6m fin~19:55 running
  [S03b] XGBoost          Machine learning job 300/2270 ( 13.2%) win=1/12 elapsed=  7.0m eta= 46.2m fin~20:38 model_complete
  [S03b] AutoARIMA        Statistical      job 301/2270 ( 13.3%) win=1/12 elapsed=  7.1m eta= 46.2m fin~20:38 model_complete
  [S03b] ETS Explicit     Statistical      job 301/2270 ( 13.3%) win=1/12 elapsed=  7.1m eta= 46.2m fin~20:38 model_complete
  [S03b] LightGBM         Machine learning job 301/2270 ( 13.3%) win=1/12 elapsed=  7.1m eta= 46.2m fin~20:38 model_complete
  [S03b] Theta            Statistical      job 301/2270 ( 13.3%) win=1/12 elapsed=  7.1m eta= 46.2m fin~20:38 model_complete
  [S03b] XGBoost          Machine learning job 301/2270 ( 13.3%) win=2/12 elapsed=  7.1m eta= 46.3m fin~20:38 model_complete
  [S03b] AutoARIMA        Statistical      job 302/2270 ( 13.3%) win=2/12 elapsed=  7.1m eta= 46.3m fin~20:38 model_complete
  [S03b] ETS Explicit     Statistical      job 302/2270 ( 13.3%) win=2/12 elapsed=  7.1m eta= 46.3m fin~20:38 model_complete
  [S03b] LightGBM         Machine learning job 302/2270 ( 13.3%) win=2/12 elapsed=  7.1m eta= 46.3m fin~20:38 model_complete
  [S03b] Theta            Statistical      job 302/2270 ( 13.3%) win=2/12 elapsed=  7.1m eta= 46.3m fin~20:38 model_complete
  [S03b] XGBoost          Machine learning job 302/2270 ( 13.3%) win=3/12 elapsed=  7.1m eta= 46.3m fin~20:38 model_complete
  [S03b] AutoARIMA        Statistical      job 303/2270 ( 13.3%) win=3/12 elapsed=  7.1m eta= 46.4m fin~20:38 model_complete
  [S03b] ETS Explicit     Statistical      job 303/2270 ( 13.3%) win=3/12 elapsed=  7.1m eta= 46.4m fin~20:38 model_complete
  [S03b] LightGBM         Machine learning job 303/2270 ( 13.3%) win=3/12 elapsed=  7.1m eta= 46.4m fin~20:38 model_complete
  [S03b] Theta            Statistical      job 303/2270 ( 13.3%) win=3/12 elapsed=  7.1m eta= 46.4m fin~20:38 model_complete
  [S03b] XGBoost          Machine learning job 303/2270 ( 13.3%) win=4/12 elapsed=  7.1m eta= 46.4m fin~20:38 model_complete
  [S03b] AutoARIMA        Statistical      job 304/2270 ( 13.4%) win=4/12 elapsed=  7.2m eta= 46.4m fin~20:38 model_complete
  [S03b] ETS Explicit     Statistical      job 304/2270 ( 13.4%) win=4/12 elapsed=  7.2m eta= 46.4m fin~20:38 model_complete
  [S03b] LightGBM         Machine learning job 304/2270 ( 13.4%) win=4/12 elapsed=  7.2m eta= 46.4m fin~20:38 model_complete
  [S03b] Theta            Statistical      job 304/2270 ( 13.4%) win=4/12 elapsed=  7.2m eta= 46.4m fin~20:38 model_complete
  [S03b] XGBoost          Machine learning job 304/2270 ( 13.4%) win=5/12 elapsed=  7.2m eta= 46.4m fin~20:38 model_complete
  [S03b] AutoARIMA        Statistical      job 305/2270 ( 13.4%) win=5/12 elapsed=  7.2m eta= 46.3m fin~20:38 model_complete
  [S03b] ETS Explicit     Statistical      job 305/2270 ( 13.4%) win=5/12 elapsed=  7.2m eta= 46.3m fin~20:38 model_complete
  [S03b] LightGBM         Machine learning job 305/2270 ( 13.4%) win=5/12 elapsed=  7.2m eta= 46.3m fin~20:38 model_complete
  [S03b] Theta            Statistical      job 305/2270 ( 13.4%) win=5/12 elapsed=  7.2m eta= 46.3m fin~20:38 model_complete
  [S03b] XGBoost          Machine learning job 1525/2270 ( 67.2%) win=5/12 elapsed=  7.2m eta=  3.5m fin~19:55 running
  [S03b] XGBoost          Machine learning job 305/2270 ( 13.4%) win=6/12 elapsed=  7.2m eta= 46.3m fin~20:38 model_complete
  [S03b] AutoARIMA        Statistical      job 306/2270 ( 13.5%) win=6/12 elapsed=  7.2m eta= 46.3m fin~20:38 model_complete
  [S03b] ETS Explicit     Statistical      job 306/2270 ( 13.5%) win=6/12 elapsed=  7.2m eta= 46.3m fin~20:38 model_complete
  [S03b] LightGBM         Machine learning job 306/2270 ( 13.5%) win=6/12 elapsed=  7.2m eta= 46.3m fin~20:38 model_complete
  [S03b] Theta            Statistical      job 306/2270 ( 13.5%) win=6/12 elapsed=  7.2m eta= 46.3m fin~20:38 model_complete
  [S03b] XGBoost          Machine learning job 306/2270 ( 13.5%) win=7/12 elapsed=  7.2m eta= 46.3m fin~20:38 model_complete
  [S03b] AutoARIMA        Statistical      job 307/2270 ( 13.5%) win=7/12 elapsed=  7.2m eta= 46.2m fin~20:38 model_complete
  [S03b] ETS Explicit     Statistical      job 307/2270 ( 13.5%) win=7/12 elapsed=  7.2m eta= 46.2m fin~20:38 model_complete
  [S03b] LightGBM         Machine learning job 307/2270 ( 13.5%) win=7/12 elapsed=  7.2m eta= 46.3m fin~20:38 model_complete
  [S03b] Theta            Statistical      job 307/2270 ( 13.5%) win=7/12 elapsed=  7.2m eta= 46.3m fin~20:38 model_complete
  [S03b] XGBoost          Machine learning job 307/2270 ( 13.5%) win=8/12 elapsed=  7.2m eta= 46.3m fin~20:38 model_complete
  [S03b] AutoARIMA        Statistical      job 308/2270 ( 13.6%) win=8/12 elapsed=  7.3m eta= 46.3m fin~20:38 model_complete
  [S03b] ETS Explicit     Statistical      job 308/2270 ( 13.6%) win=8/12 elapsed=  7.3m eta= 46.3m fin~20:38 model_complete
  [S03b] LightGBM         Machine learning job 308/2270 ( 13.6%) win=8/12 elapsed=  7.3m eta= 46.3m fin~20:38 model_complete
  [S03b] Theta            Statistical      job 308/2270 ( 13.6%) win=8/12 elapsed=  7.3m eta= 46.3m fin~20:38 model_complete
  [S03b] XGBoost          Machine learning job 308/2270 ( 13.6%) win=9/12 elapsed=  7.3m eta= 46.3m fin~20:38 model_complete
  [S03b] AutoARIMA        Statistical      job 309/2270 ( 13.6%) win=9/12 elapsed=  7.3m eta= 46.4m fin~20:38 model_complete
  [S03b] ETS Explicit     Statistical      job 309/2270 ( 13.6%) win=9/12 elapsed=  7.3m eta= 46.4m fin~20:38 model_complete
  [S03b] LightGBM         Machine learning job 309/2270 ( 13.6%) win=9/12 elapsed=  7.3m eta= 46.4m fin~20:38 model_complete
  [S03b] Theta            Statistical      job 309/2270 ( 13.6%) win=9/12 elapsed=  7.3m eta= 46.4m fin~20:38 model_complete
  [S03b] XGBoost          Machine learning job 309/2270 ( 13.6%) win=10/12 elapsed=  7.3m eta= 46.4m fin~20:38 model_complete
  [S03b] AutoARIMA        Statistical      job 310/2270 ( 13.7%) win=10/12 elapsed=  7.3m eta= 46.4m fin~20:38 model_complete
  [S03b] ETS Explicit     Statistical      job 310/2270 ( 13.7%) win=10/12 elapsed=  7.3m eta= 46.4m fin~20:38 model_complete
  [S03b] LightGBM         Machine learning job 310/2270 ( 13.7%) win=10/12 elapsed=  7.3m eta= 46.4m fin~20:38 model_complete
  [S03b] Theta            Statistical      job 310/2270 ( 13.7%) win=10/12 elapsed=  7.3m eta= 46.4m fin~20:38 model_complete
  [S03b] XGBoost          Machine learning job 1550/2270 ( 68.3%) win=10/12 elapsed=  7.3m eta=  3.4m fin~19:55 running
  [S03b] XGBoost          Machine learning job 310/2270 ( 13.7%) win=11/12 elapsed=  7.3m eta= 46.4m fin~20:38 model_complete
  [S03b] AutoARIMA        Statistical      job 311/2270 ( 13.7%) win=11/12 elapsed=  7.4m eta= 46.4m fin~20:38 model_complete
  [S03b] ETS Explicit     Statistical      job 311/2270 ( 13.7%) win=11/12 elapsed=  7.4m eta= 46.4m fin~20:38 model_complete
  [S03b] LightGBM         Machine learning job 311/2270 ( 13.7%) win=11/12 elapsed=  7.4m eta= 46.4m fin~20:38 model_complete
  [S03b] Theta            Statistical      job 311/2270 ( 13.7%) win=11/12 elapsed=  7.4m eta= 46.5m fin~20:38 model_complete
  [S03b] XGBoost          Machine learning job 311/2270 ( 13.7%) win=12/12 elapsed=  7.4m eta= 46.5m fin~20:38 model_complete
  [S03b] AutoARIMA        Statistical      job 312/2270 ( 13.7%) win=12/12 elapsed=  7.4m eta= 46.5m fin~20:38 model_complete
  [S03b] ETS Explicit     Statistical      job 312/2270 ( 13.7%) win=12/12 elapsed=  7.4m eta= 46.5m fin~20:38 model_complete
  [S03b] LightGBM         Machine learning job 312/2270 ( 13.7%) win=12/12 elapsed=  7.4m eta= 46.5m fin~20:38 model_complete
  [S03b] Theta            Statistical      job 312/2270 ( 13.7%) win=12/12 elapsed=  7.4m eta= 46.5m fin~20:38 model_complete
  [S03b] XGBoost          Machine learning job 312/2270 ( 13.7%) win=1/12 elapsed=  7.4m eta= 46.5m fin~20:38 model_complete
  [S03b] AutoARIMA        Statistical      job 313/2270 ( 13.8%) win=1/12 elapsed=  7.4m eta= 46.4m fin~20:38 model_complete
  [S03b] ETS Explicit     Statistical      job 313/2270 ( 13.8%) win=1/12 elapsed=  7.4m eta= 46.4m fin~20:38 model_complete
  [S03b] LightGBM         Machine learning job 313/2270 ( 13.8%) win=1/12 elapsed=  7.4m eta= 46.4m fin~20:38 model_complete
  [S03b] Theta            Statistical      job 313/2270 ( 13.8%) win=1/12 elapsed=  7.4m eta= 46.4m fin~20:38 model_complete
  [S03b] XGBoost          Machine learning job 313/2270 ( 13.8%) win=2/12 elapsed=  7.4m eta= 46.4m fin~20:38 model_complete
  [S03b] AutoARIMA        Statistical      job 314/2270 ( 13.8%) win=2/12 elapsed=  7.4m eta= 46.2m fin~20:38 model_complete
  [S03b] ETS Explicit     Statistical      job 314/2270 ( 13.8%) win=2/12 elapsed=  7.4m eta= 46.2m fin~20:38 model_complete
  [S03b] LightGBM         Machine learning job 314/2270 ( 13.8%) win=2/12 elapsed=  7.4m eta= 46.2m fin~20:38 model_complete
  [S03b] Theta            Statistical      job 314/2270 ( 13.8%) win=2/12 elapsed=  7.4m eta= 46.2m fin~20:38 model_complete
  [S03b] XGBoost          Machine learning job 314/2270 ( 13.8%) win=3/12 elapsed=  7.4m eta= 46.2m fin~20:38 model_complete
  [S03b] AutoARIMA        Statistical      job 315/2270 ( 13.9%) win=3/12 elapsed=  7.4m eta= 46.1m fin~20:38 model_complete
  [S03b] ETS Explicit     Statistical      job 315/2270 ( 13.9%) win=3/12 elapsed=  7.4m eta= 46.1m fin~20:38 model_complete
  [S03b] LightGBM         Machine learning job 315/2270 ( 13.9%) win=3/12 elapsed=  7.4m eta= 46.1m fin~20:38 model_complete
  [S03b] Theta            Statistical      job 315/2270 ( 13.9%) win=3/12 elapsed=  7.4m eta= 46.1m fin~20:38 model_complete
  [S03b] XGBoost          Machine learning job 1575/2270 ( 69.4%) win=3/12 elapsed=  7.4m eta=  3.3m fin~19:55 running
  [S03b] XGBoost          Machine learning job 315/2270 ( 13.9%) win=4/12 elapsed=  7.4m eta= 46.1m fin~20:38 model_complete
  [S03b] AutoARIMA        Statistical      job 316/2270 ( 13.9%) win=4/12 elapsed=  7.4m eta= 46.0m fin~20:38 model_complete
  [S03b] ETS Explicit     Statistical      job 316/2270 ( 13.9%) win=4/12 elapsed=  7.4m eta= 46.0m fin~20:38 model_complete
  [S03b] LightGBM         Machine learning job 316/2270 ( 13.9%) win=4/12 elapsed=  7.4m eta= 46.0m fin~20:38 model_complete
  [S03b] Theta            Statistical      job 316/2270 ( 13.9%) win=4/12 elapsed=  7.4m eta= 46.0m fin~20:38 model_complete
  [S03b] XGBoost          Machine learning job 316/2270 ( 13.9%) win=5/12 elapsed=  7.4m eta= 46.0m fin~20:38 model_complete
  [S03b] AutoARIMA        Statistical      job 317/2270 ( 14.0%) win=5/12 elapsed=  7.4m eta= 45.9m fin~20:38 model_complete
  [S03b] ETS Explicit     Statistical      job 317/2270 ( 14.0%) win=5/12 elapsed=  7.4m eta= 45.9m fin~20:38 model_complete
  [S03b] LightGBM         Machine learning job 317/2270 ( 14.0%) win=5/12 elapsed=  7.4m eta= 45.9m fin~20:38 model_complete
  [S03b] Theta            Statistical      job 317/2270 ( 14.0%) win=5/12 elapsed=  7.4m eta= 45.9m fin~20:38 model_complete
  [S03b] XGBoost          Machine learning job 317/2270 ( 14.0%) win=6/12 elapsed=  7.4m eta= 45.9m fin~20:38 model_complete
  [S03b] AutoARIMA        Statistical      job 318/2270 ( 14.0%) win=6/12 elapsed=  7.5m eta= 45.9m fin~20:38 model_complete
  [S03b] ETS Explicit     Statistical      job 318/2270 ( 14.0%) win=6/12 elapsed=  7.5m eta= 45.9m fin~20:38 model_complete
  [S03b] LightGBM         Machine learning job 318/2270 ( 14.0%) win=6/12 elapsed=  7.5m eta= 45.9m fin~20:38 model_complete
  [S03b] Theta            Statistical      job 318/2270 ( 14.0%) win=6/12 elapsed=  7.5m eta= 45.9m fin~20:38 model_complete
  [S03b] XGBoost          Machine learning job 318/2270 ( 14.0%) win=7/12 elapsed=  7.5m eta= 45.9m fin~20:38 model_complete
  [S03b] AutoARIMA        Statistical      job 319/2270 ( 14.1%) win=7/12 elapsed=  7.5m eta= 45.9m fin~20:38 model_complete
  [S03b] ETS Explicit     Statistical      job 319/2270 ( 14.1%) win=7/12 elapsed=  7.5m eta= 45.9m fin~20:38 model_complete
  [S03b] LightGBM         Machine learning job 319/2270 ( 14.1%) win=7/12 elapsed=  7.5m eta= 45.9m fin~20:38 model_complete
  [S03b] Theta            Statistical      job 319/2270 ( 14.1%) win=7/12 elapsed=  7.5m eta= 45.9m fin~20:38 model_complete
  [S03b] XGBoost          Machine learning job 319/2270 ( 14.1%) win=8/12 elapsed=  7.5m eta= 45.9m fin~20:38 model_complete
  [S03b] AutoARIMA        Statistical      job 320/2270 ( 14.1%) win=8/12 elapsed=  7.5m eta= 45.8m fin~20:38 model_complete
  [S03b] ETS Explicit     Statistical      job 320/2270 ( 14.1%) win=8/12 elapsed=  7.5m eta= 45.8m fin~20:38 model_complete
  [S03b] LightGBM         Machine learning job 320/2270 ( 14.1%) win=8/12 elapsed=  7.5m eta= 45.8m fin~20:38 model_complete
  [S03b] Theta            Statistical      job 320/2270 ( 14.1%) win=8/12 elapsed=  7.5m eta= 45.8m fin~20:38 model_complete
  [S03b] XGBoost          Machine learning job 1600/2270 ( 70.5%) win=8/12 elapsed=  7.5m eta=  3.1m fin~19:55 running
  [S03b] XGBoost          Machine learning job 320/2270 ( 14.1%) win=9/12 elapsed=  7.5m eta= 45.8m fin~20:38 model_complete
  [S03b] AutoARIMA        Statistical      job 321/2270 ( 14.1%) win=9/12 elapsed=  7.5m eta= 45.6m fin~20:38 model_complete
  [S03b] ETS Explicit     Statistical      job 321/2270 ( 14.1%) win=9/12 elapsed=  7.5m eta= 45.7m fin~20:38 model_complete
  [S03b] LightGBM         Machine learning job 321/2270 ( 14.1%) win=9/12 elapsed=  7.5m eta= 45.7m fin~20:38 model_complete
  [S03b] Theta            Statistical      job 321/2270 ( 14.1%) win=9/12 elapsed=  7.5m eta= 45.7m fin~20:38 model_complete
  [S03b] XGBoost          Machine learning job 321/2270 ( 14.1%) win=10/12 elapsed=  7.5m eta= 45.7m fin~20:38 model_complete
  [S03b] AutoARIMA        Statistical      job 322/2270 ( 14.2%) win=10/12 elapsed=  7.5m eta= 45.5m fin~20:38 model_complete
  [S03b] ETS Explicit     Statistical      job 322/2270 ( 14.2%) win=10/12 elapsed=  7.5m eta= 45.5m fin~20:38 model_complete
  [S03b] LightGBM         Machine learning job 322/2270 ( 14.2%) win=10/12 elapsed=  7.5m eta= 45.6m fin~20:38 model_complete
  [S03b] Theta            Statistical      job 322/2270 ( 14.2%) win=10/12 elapsed=  7.5m eta= 45.6m fin~20:38 model_complete
  [S03b] XGBoost          Machine learning job 322/2270 ( 14.2%) win=11/12 elapsed=  7.5m eta= 45.6m fin~20:38 model_complete
  [S03b] AutoARIMA        Statistical      job 323/2270 ( 14.2%) win=11/12 elapsed=  7.5m eta= 45.5m fin~20:38 model_complete
  [S03b] ETS Explicit     Statistical      job 323/2270 ( 14.2%) win=11/12 elapsed=  7.5m eta= 45.5m fin~20:38 model_complete
  [S03b] LightGBM         Machine learning job 323/2270 ( 14.2%) win=11/12 elapsed=  7.5m eta= 45.5m fin~20:38 model_complete
  [S03b] Theta            Statistical      job 323/2270 ( 14.2%) win=11/12 elapsed=  7.5m eta= 45.5m fin~20:38 model_complete
  [S03b] XGBoost          Machine learning job 323/2270 ( 14.2%) win=12/12 elapsed=  7.5m eta= 45.5m fin~20:38 model_complete
  [S03b] AutoARIMA        Statistical      job 324/2270 ( 14.3%) win=12/12 elapsed=  7.6m eta= 45.4m fin~20:37 model_complete
  [S03b] ETS Explicit     Statistical      job 324/2270 ( 14.3%) win=12/12 elapsed=  7.6m eta= 45.4m fin~20:37 model_complete
  [S03b] LightGBM         Machine learning job 324/2270 ( 14.3%) win=12/12 elapsed=  7.6m eta= 45.4m fin~20:37 model_complete
  [S03b] Theta            Statistical      job 324/2270 ( 14.3%) win=12/12 elapsed=  7.6m eta= 45.4m fin~20:37 model_complete
  [S03b] XGBoost          Machine learning job 324/2270 ( 14.3%) win=1/12 elapsed=  7.6m eta= 45.4m fin~20:37 model_complete
  [S03b] AutoARIMA        Statistical      job 325/2270 ( 14.3%) win=1/12 elapsed=  7.6m eta= 45.3m fin~20:37 model_complete
  [S03b] ETS Explicit     Statistical      job 325/2270 ( 14.3%) win=1/12 elapsed=  7.6m eta= 45.4m fin~20:37 model_complete
  [S03b] LightGBM         Machine learning job 325/2270 ( 14.3%) win=1/12 elapsed=  7.6m eta= 45.4m fin~20:37 model_complete
  [S03b] Theta            Statistical      job 325/2270 ( 14.3%) win=1/12 elapsed=  7.6m eta= 45.4m fin~20:37 model_complete
  [S03b] XGBoost          Machine learning job 1625/2270 ( 71.6%) win=1/12 elapsed=  7.6m eta=  3.0m fin~19:55 running
  [S03b] XGBoost          Machine learning job 325/2270 ( 14.3%) win=2/12 elapsed=  7.6m eta= 45.4m fin~20:37 model_complete
  [S03b] AutoARIMA        Statistical      job 326/2270 ( 14.4%) win=2/12 elapsed=  7.6m eta= 45.3m fin~20:37 model_complete
  [S03b] ETS Explicit     Statistical      job 326/2270 ( 14.4%) win=2/12 elapsed=  7.6m eta= 45.3m fin~20:37 model_complete
  [S03b] LightGBM         Machine learning job 326/2270 ( 14.4%) win=2/12 elapsed=  7.6m eta= 45.3m fin~20:37 model_complete
  [S03b] Theta            Statistical      job 326/2270 ( 14.4%) win=2/12 elapsed=  7.6m eta= 45.3m fin~20:37 model_complete
  [S03b] XGBoost          Machine learning job 326/2270 ( 14.4%) win=3/12 elapsed=  7.6m eta= 45.4m fin~20:37 model_complete
  [S03b] AutoARIMA        Statistical      job 327/2270 ( 14.4%) win=3/12 elapsed=  7.6m eta= 45.3m fin~20:37 model_complete
  [S03b] ETS Explicit     Statistical      job 327/2270 ( 14.4%) win=3/12 elapsed=  7.6m eta= 45.3m fin~20:37 model_complete
  [S03b] LightGBM         Machine learning job 327/2270 ( 14.4%) win=3/12 elapsed=  7.6m eta= 45.3m fin~20:37 model_complete
  [S03b] Theta            Statistical      job 327/2270 ( 14.4%) win=3/12 elapsed=  7.6m eta= 45.3m fin~20:37 model_complete
  [S03b] XGBoost          Machine learning job 327/2270 ( 14.4%) win=4/12 elapsed=  7.6m eta= 45.4m fin~20:37 model_complete
  [S03b] AutoARIMA        Statistical      job 328/2270 ( 14.4%) win=4/12 elapsed=  7.7m eta= 45.4m fin~20:38 model_complete
  [S03b] ETS Explicit     Statistical      job 328/2270 ( 14.4%) win=4/12 elapsed=  7.7m eta= 45.4m fin~20:38 model_complete
  [S03b] LightGBM         Machine learning job 328/2270 ( 14.4%) win=4/12 elapsed=  7.7m eta= 45.4m fin~20:38 model_complete
  [S03b] Theta            Statistical      job 328/2270 ( 14.4%) win=4/12 elapsed=  7.7m eta= 45.4m fin~20:38 model_complete
  [S03b] XGBoost          Machine learning job 328/2270 ( 14.4%) win=5/12 elapsed=  7.7m eta= 45.4m fin~20:38 model_complete
  [S03b] AutoARIMA        Statistical      job 329/2270 ( 14.5%) win=5/12 elapsed=  7.7m eta= 45.3m fin~20:37 model_complete
  [S03b] ETS Explicit     Statistical      job 329/2270 ( 14.5%) win=5/12 elapsed=  7.7m eta= 45.3m fin~20:37 model_complete
  [S03b] LightGBM         Machine learning job 329/2270 ( 14.5%) win=5/12 elapsed=  7.7m eta= 45.3m fin~20:37 model_complete
  [S03b] Theta            Statistical      job 329/2270 ( 14.5%) win=5/12 elapsed=  7.7m eta= 45.3m fin~20:37 model_complete
  [S03b] XGBoost          Machine learning job 329/2270 ( 14.5%) win=6/12 elapsed=  7.7m eta= 45.3m fin~20:37 model_complete
  [S03b] AutoARIMA        Statistical      job 330/2270 ( 14.5%) win=6/12 elapsed=  7.7m eta= 45.2m fin~20:37 model_complete
  [S03b] ETS Explicit     Statistical      job 330/2270 ( 14.5%) win=6/12 elapsed=  7.7m eta= 45.2m fin~20:37 model_complete
  [S03b] LightGBM         Machine learning job 330/2270 ( 14.5%) win=6/12 elapsed=  7.7m eta= 45.2m fin~20:37 model_complete
  [S03b] Theta            Statistical      job 330/2270 ( 14.5%) win=6/12 elapsed=  7.7m eta= 45.2m fin~20:37 model_complete
  [S03b] XGBoost          Machine learning job 1650/2270 ( 72.7%) win=6/12 elapsed=  7.7m eta=  2.9m fin~19:55 running
  [S03b] XGBoost          Machine learning job 330/2270 ( 14.5%) win=7/12 elapsed=  7.7m eta= 45.2m fin~20:37 model_complete
  [S03b] AutoARIMA        Statistical      job 331/2270 ( 14.6%) win=7/12 elapsed=  7.7m eta= 45.1m fin~20:37 model_complete
  [S03b] ETS Explicit     Statistical      job 331/2270 ( 14.6%) win=7/12 elapsed=  7.7m eta= 45.1m fin~20:37 model_complete
  [S03b] LightGBM         Machine learning job 331/2270 ( 14.6%) win=7/12 elapsed=  7.7m eta= 45.1m fin~20:37 model_complete
  [S03b] Theta            Statistical      job 331/2270 ( 14.6%) win=7/12 elapsed=  7.7m eta= 45.1m fin~20:37 model_complete
  [S03b] XGBoost          Machine learning job 331/2270 ( 14.6%) win=8/12 elapsed=  7.7m eta= 45.1m fin~20:37 model_complete
  [S03b] AutoARIMA        Statistical      job 332/2270 ( 14.6%) win=8/12 elapsed=  7.7m eta= 45.1m fin~20:37 model_complete
  [S03b] ETS Explicit     Statistical      job 332/2270 ( 14.6%) win=8/12 elapsed=  7.7m eta= 45.1m fin~20:37 model_complete
  [S03b] LightGBM         Machine learning job 332/2270 ( 14.6%) win=8/12 elapsed=  7.7m eta= 45.1m fin~20:37 model_complete
  [S03b] Theta            Statistical      job 332/2270 ( 14.6%) win=8/12 elapsed=  7.7m eta= 45.1m fin~20:37 model_complete
  [S03b] XGBoost          Machine learning job 332/2270 ( 14.6%) win=9/12 elapsed=  7.7m eta= 45.1m fin~20:37 model_complete
  [S03b] AutoARIMA        Statistical      job 333/2270 ( 14.7%) win=9/12 elapsed=  7.7m eta= 45.0m fin~20:37 model_complete
  [S03b] ETS Explicit     Statistical      job 333/2270 ( 14.7%) win=9/12 elapsed=  7.7m eta= 45.0m fin~20:37 model_complete
  [S03b] LightGBM         Machine learning job 333/2270 ( 14.7%) win=9/12 elapsed=  7.7m eta= 45.0m fin~20:37 model_complete
  [S03b] Theta            Statistical      job 333/2270 ( 14.7%) win=9/12 elapsed=  7.7m eta= 45.0m fin~20:37 model_complete
  [S03b] XGBoost          Machine learning job 333/2270 ( 14.7%) win=10/12 elapsed=  7.7m eta= 45.0m fin~20:37 model_complete
  [S03b] AutoARIMA        Statistical      job 334/2270 ( 14.7%) win=10/12 elapsed=  7.8m eta= 44.9m fin~20:37 model_complete
  [S03b] ETS Explicit     Statistical      job 334/2270 ( 14.7%) win=10/12 elapsed=  7.8m eta= 44.9m fin~20:37 model_complete
  [S03b] LightGBM         Machine learning job 334/2270 ( 14.7%) win=10/12 elapsed=  7.8m eta= 45.0m fin~20:37 model_complete
  [S03b] Theta            Statistical      job 334/2270 ( 14.7%) win=10/12 elapsed=  7.8m eta= 45.0m fin~20:37 model_complete
  [S03b] XGBoost          Machine learning job 334/2270 ( 14.7%) win=11/12 elapsed=  7.8m eta= 45.0m fin~20:37 model_complete
  [S03b] AutoARIMA        Statistical      job 335/2270 ( 14.8%) win=11/12 elapsed=  7.8m eta= 44.9m fin~20:37 model_complete
  [S03b] ETS Explicit     Statistical      job 335/2270 ( 14.8%) win=11/12 elapsed=  7.8m eta= 44.9m fin~20:37 model_complete
  [S03b] LightGBM         Machine learning job 335/2270 ( 14.8%) win=11/12 elapsed=  7.8m eta= 44.9m fin~20:37 model_complete
  [S03b] Theta            Statistical      job 335/2270 ( 14.8%) win=11/12 elapsed=  7.8m eta= 44.9m fin~20:37 model_complete
  [S03b] XGBoost          Machine learning job 1675/2270 ( 73.8%) win=11/12 elapsed=  7.8m eta=  2.8m fin~19:55 running
  [S03b] XGBoost          Machine learning job 335/2270 ( 14.8%) win=12/12 elapsed=  7.8m eta= 44.9m fin~20:37 model_complete
  [S03b] AutoARIMA        Statistical      job 336/2270 ( 14.8%) win=12/12 elapsed=  7.8m eta= 44.8m fin~20:37 model_complete
  [S03b] ETS Explicit     Statistical      job 336/2270 ( 14.8%) win=12/12 elapsed=  7.8m eta= 44.8m fin~20:37 model_complete
  [S03b] LightGBM         Machine learning job 336/2270 ( 14.8%) win=12/12 elapsed=  7.8m eta= 44.8m fin~20:37 model_complete
  [S03b] Theta            Statistical      job 336/2270 ( 14.8%) win=12/12 elapsed=  7.8m eta= 44.8m fin~20:37 model_complete
  [S03b] XGBoost          Machine learning job 336/2270 ( 14.8%) win=1/12 elapsed=  7.8m eta= 44.8m fin~20:37 model_complete
  [S03b] AutoARIMA        Statistical      job 337/2270 ( 14.8%) win=1/12 elapsed=  7.8m eta= 44.7m fin~20:37 model_complete
  [S03b] ETS Explicit     Statistical      job 337/2270 ( 14.8%) win=1/12 elapsed=  7.8m eta= 44.7m fin~20:37 model_complete
  [S03b] LightGBM         Machine learning job 337/2270 ( 14.8%) win=1/12 elapsed=  7.8m eta= 44.7m fin~20:37 model_complete
  [S03b] Theta            Statistical      job 337/2270 ( 14.8%) win=1/12 elapsed=  7.8m eta= 44.7m fin~20:37 model_complete
  [S03b] XGBoost          Machine learning job 337/2270 ( 14.8%) win=2/12 elapsed=  7.8m eta= 44.7m fin~20:37 model_complete
  [S03b] AutoARIMA        Statistical      job 338/2270 ( 14.9%) win=2/12 elapsed=  7.8m eta= 44.6m fin~20:37 model_complete
  [S03b] ETS Explicit     Statistical      job 338/2270 ( 14.9%) win=2/12 elapsed=  7.8m eta= 44.6m fin~20:37 model_complete
  [S03b] LightGBM         Machine learning job 338/2270 ( 14.9%) win=2/12 elapsed=  7.8m eta= 44.6m fin~20:37 model_complete
  [S03b] Theta            Statistical      job 338/2270 ( 14.9%) win=2/12 elapsed=  7.8m eta= 44.6m fin~20:37 model_complete
  [S03b] XGBoost          Machine learning job 338/2270 ( 14.9%) win=3/12 elapsed=  7.8m eta= 44.6m fin~20:37 model_complete
  [S03b] AutoARIMA        Statistical      job 339/2270 ( 14.9%) win=3/12 elapsed=  7.8m eta= 44.5m fin~20:37 model_complete
  [S03b] ETS Explicit     Statistical      job 339/2270 ( 14.9%) win=3/12 elapsed=  7.8m eta= 44.5m fin~20:37 model_complete
  [S03b] LightGBM         Machine learning job 339/2270 ( 14.9%) win=3/12 elapsed=  7.8m eta= 44.5m fin~20:37 model_complete
  [S03b] Theta            Statistical      job 339/2270 ( 14.9%) win=3/12 elapsed=  7.8m eta= 44.5m fin~20:37 model_complete
  [S03b] XGBoost          Machine learning job 339/2270 ( 14.9%) win=4/12 elapsed=  7.8m eta= 44.5m fin~20:37 model_complete
  [S03b] AutoARIMA        Statistical      job 340/2270 ( 15.0%) win=4/12 elapsed=  7.8m eta= 44.4m fin~20:37 model_complete
C:\Users\oscarau\AppData\Local\Python\pythoncore-3.14-64\Lib\site-packages\statsmodels\tsa\holtwinters\model.py:903: ConvergenceWarning: Optimization failed to converge. Check mle_retvals.
  warnings.warn(
  [S03b] ETS Explicit     Statistical      job 340/2270 ( 15.0%) win=4/12 elapsed=  7.8m eta= 44.5m fin~20:37 model_complete
  [S03b] LightGBM         Machine learning job 340/2270 ( 15.0%) win=4/12 elapsed=  7.8m eta= 44.5m fin~20:37 model_complete
  [S03b] Theta            Statistical      job 340/2270 ( 15.0%) win=4/12 elapsed=  7.8m eta= 44.5m fin~20:37 model_complete
  [S03b] XGBoost          Machine learning job 1700/2270 ( 74.9%) win=4/12 elapsed=  7.8m eta=  2.6m fin~19:55 running
  [S03b] XGBoost          Machine learning job 340/2270 ( 15.0%) win=5/12 elapsed=  7.8m eta= 44.5m fin~20:37 model_complete
  [S03b] AutoARIMA        Statistical      job 341/2270 ( 15.0%) win=5/12 elapsed=  7.9m eta= 44.4m fin~20:37 model_complete
  [S03b] ETS Explicit     Statistical      job 341/2270 ( 15.0%) win=5/12 elapsed=  7.9m eta= 44.4m fin~20:37 model_complete
  [S03b] LightGBM         Machine learning job 341/2270 ( 15.0%) win=5/12 elapsed=  7.9m eta= 44.5m fin~20:37 model_complete
  [S03b] Theta            Statistical      job 341/2270 ( 15.0%) win=5/12 elapsed=  7.9m eta= 44.5m fin~20:37 model_complete
  [S03b] XGBoost          Machine learning job 341/2270 ( 15.0%) win=6/12 elapsed=  7.9m eta= 44.5m fin~20:37 model_complete
  [S03b] AutoARIMA        Statistical      job 342/2270 ( 15.1%) win=6/12 elapsed=  7.9m eta= 44.4m fin~20:37 model_complete
  [S03b] ETS Explicit     Statistical      job 342/2270 ( 15.1%) win=6/12 elapsed=  7.9m eta= 44.4m fin~20:37 model_complete
  [S03b] LightGBM         Machine learning job 342/2270 ( 15.1%) win=6/12 elapsed=  7.9m eta= 44.4m fin~20:37 model_complete
  [S03b] Theta            Statistical      job 342/2270 ( 15.1%) win=6/12 elapsed=  7.9m eta= 44.4m fin~20:37 model_complete
  [S03b] XGBoost          Machine learning job 342/2270 ( 15.1%) win=7/12 elapsed=  7.9m eta= 44.4m fin~20:37 model_complete
  [S03b] AutoARIMA        Statistical      job 343/2270 ( 15.1%) win=7/12 elapsed=  7.9m eta= 44.4m fin~20:37 model_complete
  [S03b] ETS Explicit     Statistical      job 343/2270 ( 15.1%) win=7/12 elapsed=  7.9m eta= 44.4m fin~20:37 model_complete
  [S03b] LightGBM         Machine learning job 343/2270 ( 15.1%) win=7/12 elapsed=  7.9m eta= 44.4m fin~20:37 model_complete
  [S03b] Theta            Statistical      job 343/2270 ( 15.1%) win=7/12 elapsed=  7.9m eta= 44.4m fin~20:37 model_complete
  [S03b] XGBoost          Machine learning job 343/2270 ( 15.1%) win=8/12 elapsed=  7.9m eta= 44.4m fin~20:37 model_complete
  [S03b] AutoARIMA        Statistical      job 344/2270 ( 15.2%) win=8/12 elapsed=  7.9m eta= 44.3m fin~20:37 model_complete
C:\Users\oscarau\AppData\Local\Python\pythoncore-3.14-64\Lib\site-packages\statsmodels\tsa\holtwinters\model.py:903: ConvergenceWarning: Optimization failed to converge. Check mle_retvals.
  warnings.warn(
  [S03b] ETS Explicit     Statistical      job 344/2270 ( 15.2%) win=8/12 elapsed=  7.9m eta= 44.3m fin~20:37 model_complete
  [S03b] LightGBM         Machine learning job 344/2270 ( 15.2%) win=8/12 elapsed=  7.9m eta= 44.3m fin~20:37 model_complete
  [S03b] Theta            Statistical      job 344/2270 ( 15.2%) win=8/12 elapsed=  7.9m eta= 44.3m fin~20:37 model_complete
  [S03b] XGBoost          Machine learning job 344/2270 ( 15.2%) win=9/12 elapsed=  7.9m eta= 44.3m fin~20:37 model_complete
  [S03b] AutoARIMA        Statistical      job 345/2270 ( 15.2%) win=9/12 elapsed=  7.9m eta= 44.3m fin~20:37 model_complete
  [S03b] ETS Explicit     Statistical      job 345/2270 ( 15.2%) win=9/12 elapsed=  7.9m eta= 44.3m fin~20:37 model_complete
  [S03b] LightGBM         Machine learning job 345/2270 ( 15.2%) win=9/12 elapsed=  7.9m eta= 44.3m fin~20:37 model_complete
  [S03b] Theta            Statistical      job 345/2270 ( 15.2%) win=9/12 elapsed=  7.9m eta= 44.3m fin~20:37 model_complete
  [S03b] XGBoost          Machine learning job 1725/2270 ( 76.0%) win=9/12 elapsed=  7.9m eta=  2.5m fin~19:55 running
  [S03b] XGBoost          Machine learning job 345/2270 ( 15.2%) win=10/12 elapsed=  7.9m eta= 44.3m fin~20:37 model_complete
  [S03b] AutoARIMA        Statistical      job 346/2270 ( 15.2%) win=10/12 elapsed=  8.0m eta= 44.2m fin~20:37 model_complete
  [S03b] ETS Explicit     Statistical      job 346/2270 ( 15.2%) win=10/12 elapsed=  8.0m eta= 44.2m fin~20:37 model_complete
  [S03b] LightGBM         Machine learning job 346/2270 ( 15.2%) win=10/12 elapsed=  8.0m eta= 44.2m fin~20:37 model_complete
  [S03b] Theta            Statistical      job 346/2270 ( 15.2%) win=10/12 elapsed=  8.0m eta= 44.2m fin~20:37 model_complete
  [S03b] XGBoost          Machine learning job 346/2270 ( 15.2%) win=11/12 elapsed=  8.0m eta= 44.2m fin~20:37 model_complete
  [S03b] AutoARIMA        Statistical      job 347/2270 ( 15.3%) win=11/12 elapsed=  8.0m eta= 44.2m fin~20:37 model_complete
  [S03b] ETS Explicit     Statistical      job 347/2270 ( 15.3%) win=11/12 elapsed=  8.0m eta= 44.2m fin~20:37 model_complete
  [S03b] LightGBM         Machine learning job 347/2270 ( 15.3%) win=11/12 elapsed=  8.0m eta= 44.2m fin~20:37 model_complete
  [S03b] Theta            Statistical      job 347/2270 ( 15.3%) win=11/12 elapsed=  8.0m eta= 44.2m fin~20:37 model_complete
  [S03b] XGBoost          Machine learning job 347/2270 ( 15.3%) win=12/12 elapsed=  8.0m eta= 44.2m fin~20:37 model_complete
  [S03b] AutoARIMA        Statistical      job 348/2270 ( 15.3%) win=12/12 elapsed=  8.0m eta= 44.2m fin~20:37 model_complete
  [S03b] ETS Explicit     Statistical      job 348/2270 ( 15.3%) win=12/12 elapsed=  8.0m eta= 44.2m fin~20:37 model_complete
  [S03b] LightGBM         Machine learning job 348/2270 ( 15.3%) win=12/12 elapsed=  8.0m eta= 44.2m fin~20:37 model_complete
  [S03b] Theta            Statistical      job 348/2270 ( 15.3%) win=12/12 elapsed=  8.0m eta= 44.2m fin~20:37 model_complete
  [S03b] XGBoost          Machine learning job 348/2270 ( 15.3%) win=1/12 elapsed=  8.0m eta= 44.2m fin~20:37 model_complete
  [S03b] AutoARIMA        Statistical      job 349/2270 ( 15.4%) win=1/12 elapsed=  8.0m eta= 44.3m fin~20:37 model_complete
  [S03b] ETS Explicit     Statistical      job 349/2270 ( 15.4%) win=1/12 elapsed=  8.0m eta= 44.3m fin~20:37 model_complete
  [S03b] LightGBM         Machine learning job 349/2270 ( 15.4%) win=1/12 elapsed=  8.0m eta= 44.3m fin~20:37 model_complete
  [S03b] Theta            Statistical      job 349/2270 ( 15.4%) win=1/12 elapsed=  8.0m eta= 44.3m fin~20:37 model_complete
  [S03b] XGBoost          Machine learning job 349/2270 ( 15.4%) win=2/12 elapsed=  8.0m eta= 44.3m fin~20:37 model_complete
  [S03b] AutoARIMA        Statistical      job 350/2270 ( 15.4%) win=2/12 elapsed=  8.1m eta= 44.4m fin~20:37 model_complete
  [S03b] ETS Explicit     Statistical      job 350/2270 ( 15.4%) win=2/12 elapsed=  8.1m eta= 44.4m fin~20:37 model_complete
  [S03b] LightGBM         Machine learning job 350/2270 ( 15.4%) win=2/12 elapsed=  8.1m eta= 44.4m fin~20:37 model_complete
  [S03b] Theta            Statistical      job 350/2270 ( 15.4%) win=2/12 elapsed=  8.1m eta= 44.4m fin~20:37 model_complete
  [S03b] XGBoost          Machine learning job 1750/2270 ( 77.1%) win=2/12 elapsed=  8.1m eta=  2.4m fin~19:55 running
  [S03b] XGBoost          Machine learning job 350/2270 ( 15.4%) win=3/12 elapsed=  8.1m eta= 44.4m fin~20:37 model_complete
  [S03b] AutoARIMA        Statistical      job 351/2270 ( 15.5%) win=3/12 elapsed=  8.1m eta= 44.5m fin~20:37 model_complete
  [S03b] ETS Explicit     Statistical      job 351/2270 ( 15.5%) win=3/12 elapsed=  8.1m eta= 44.5m fin~20:37 model_complete
  [S03b] LightGBM         Machine learning job 351/2270 ( 15.5%) win=3/12 elapsed=  8.1m eta= 44.5m fin~20:37 model_complete
  [S03b] Theta            Statistical      job 351/2270 ( 15.5%) win=3/12 elapsed=  8.1m eta= 44.5m fin~20:37 model_complete
  [S03b] XGBoost          Machine learning job 351/2270 ( 15.5%) win=4/12 elapsed=  8.1m eta= 44.5m fin~20:37 model_complete
  [S03b] AutoARIMA        Statistical      job 352/2270 ( 15.5%) win=4/12 elapsed=  8.2m eta= 44.6m fin~20:37 model_complete
  [S03b] ETS Explicit     Statistical      job 352/2270 ( 15.5%) win=4/12 elapsed=  8.2m eta= 44.6m fin~20:37 model_complete
  [S03b] LightGBM         Machine learning job 352/2270 ( 15.5%) win=4/12 elapsed=  8.2m eta= 44.6m fin~20:37 model_complete
  [S03b] Theta            Statistical      job 352/2270 ( 15.5%) win=4/12 elapsed=  8.2m eta= 44.6m fin~20:37 model_complete
  [S03b] XGBoost          Machine learning job 352/2270 ( 15.5%) win=5/12 elapsed=  8.2m eta= 44.6m fin~20:37 model_complete
  [S03b] AutoARIMA        Statistical      job 353/2270 ( 15.6%) win=5/12 elapsed=  8.2m eta= 44.7m fin~20:37 model_complete
  [S03b] ETS Explicit     Statistical      job 353/2270 ( 15.6%) win=5/12 elapsed=  8.2m eta= 44.8m fin~20:38 model_complete
  [S03b] LightGBM         Machine learning job 353/2270 ( 15.6%) win=5/12 elapsed=  8.2m eta= 44.8m fin~20:38 model_complete
  [S03b] Theta            Statistical      job 353/2270 ( 15.6%) win=5/12 elapsed=  8.2m eta= 44.8m fin~20:38 model_complete
  [S03b] XGBoost          Machine learning job 353/2270 ( 15.6%) win=6/12 elapsed=  8.2m eta= 44.8m fin~20:38 model_complete
  [S03b] AutoARIMA        Statistical      job 354/2270 ( 15.6%) win=6/12 elapsed=  8.3m eta= 44.9m fin~20:38 model_complete
  [S03b] ETS Explicit     Statistical      job 354/2270 ( 15.6%) win=6/12 elapsed=  8.3m eta= 44.9m fin~20:38 model_complete
  [S03b] LightGBM         Machine learning job 354/2270 ( 15.6%) win=6/12 elapsed=  8.3m eta= 44.9m fin~20:38 model_complete
  [S03b] Theta            Statistical      job 354/2270 ( 15.6%) win=6/12 elapsed=  8.3m eta= 44.9m fin~20:38 model_complete
  [S03b] XGBoost          Machine learning job 354/2270 ( 15.6%) win=7/12 elapsed=  8.3m eta= 44.9m fin~20:38 model_complete
  [S03b] AutoARIMA        Statistical      job 355/2270 ( 15.6%) win=7/12 elapsed=  8.3m eta= 45.0m fin~20:38 model_complete
  [S03b] ETS Explicit     Statistical      job 355/2270 ( 15.6%) win=7/12 elapsed=  8.3m eta= 45.0m fin~20:38 model_complete
  [S03b] LightGBM         Machine learning job 355/2270 ( 15.6%) win=7/12 elapsed=  8.3m eta= 45.0m fin~20:38 model_complete
  [S03b] Theta            Statistical      job 355/2270 ( 15.6%) win=7/12 elapsed=  8.3m eta= 45.0m fin~20:38 model_complete
  [S03b] XGBoost          Machine learning job 1775/2270 ( 78.2%) win=7/12 elapsed=  8.3m eta=  2.3m fin~19:55 running
  [S03b] XGBoost          Machine learning job 355/2270 ( 15.6%) win=8/12 elapsed=  8.3m eta= 45.0m fin~20:38 model_complete
  [S03b] AutoARIMA        Statistical      job 356/2270 ( 15.7%) win=8/12 elapsed=  8.4m eta= 45.1m fin~20:38 model_complete
  [S03b] ETS Explicit     Statistical      job 356/2270 ( 15.7%) win=8/12 elapsed=  8.4m eta= 45.1m fin~20:38 model_complete
  [S03b] LightGBM         Machine learning job 356/2270 ( 15.7%) win=8/12 elapsed=  8.4m eta= 45.1m fin~20:38 model_complete
  [S03b] Theta            Statistical      job 356/2270 ( 15.7%) win=8/12 elapsed=  8.4m eta= 45.1m fin~20:38 model_complete
  [S03b] XGBoost          Machine learning job 356/2270 ( 15.7%) win=9/12 elapsed=  8.4m eta= 45.1m fin~20:38 model_complete
  [S03b] AutoARIMA        Statistical      job 357/2270 ( 15.7%) win=9/12 elapsed=  8.4m eta= 45.2m fin~20:38 model_complete
  [S03b] ETS Explicit     Statistical      job 357/2270 ( 15.7%) win=9/12 elapsed=  8.4m eta= 45.2m fin~20:38 model_complete
  [S03b] LightGBM         Machine learning job 357/2270 ( 15.7%) win=9/12 elapsed=  8.4m eta= 45.2m fin~20:38 model_complete
  [S03b] Theta            Statistical      job 357/2270 ( 15.7%) win=9/12 elapsed=  8.4m eta= 45.2m fin~20:38 model_complete
  [S03b] XGBoost          Machine learning job 357/2270 ( 15.7%) win=10/12 elapsed=  8.4m eta= 45.2m fin~20:38 model_complete
  [S03b] AutoARIMA        Statistical      job 358/2270 ( 15.8%) win=10/12 elapsed=  8.5m eta= 45.3m fin~20:38 model_complete
  [S03b] ETS Explicit     Statistical      job 358/2270 ( 15.8%) win=10/12 elapsed=  8.5m eta= 45.3m fin~20:38 model_complete
  [S03b] LightGBM         Machine learning job 358/2270 ( 15.8%) win=10/12 elapsed=  8.5m eta= 45.3m fin~20:38 model_complete
  [S03b] Theta            Statistical      job 358/2270 ( 15.8%) win=10/12 elapsed=  8.5m eta= 45.3m fin~20:38 model_complete
  [S03b] XGBoost          Machine learning job 358/2270 ( 15.8%) win=11/12 elapsed=  8.5m eta= 45.4m fin~20:38 model_complete
  [S03b] AutoARIMA        Statistical      job 359/2270 ( 15.8%) win=11/12 elapsed=  8.5m eta= 45.5m fin~20:39 model_complete
  [S03b] ETS Explicit     Statistical      job 359/2270 ( 15.8%) win=11/12 elapsed=  8.5m eta= 45.5m fin~20:39 model_complete
  [S03b] LightGBM         Machine learning job 359/2270 ( 15.8%) win=11/12 elapsed=  8.5m eta= 45.5m fin~20:39 model_complete
  [S03b] Theta            Statistical      job 359/2270 ( 15.8%) win=11/12 elapsed=  8.5m eta= 45.5m fin~20:39 model_complete
  [S03b] XGBoost          Machine learning job 359/2270 ( 15.8%) win=12/12 elapsed=  8.5m eta= 45.5m fin~20:39 model_complete
  [S03b] AutoARIMA        Statistical      job 360/2270 ( 15.9%) win=12/12 elapsed=  8.6m eta= 45.6m fin~20:39 model_complete
  [S03b] ETS Explicit     Statistical      job 360/2270 ( 15.9%) win=12/12 elapsed=  8.6m eta= 45.6m fin~20:39 model_complete
  [S03b] LightGBM         Machine learning job 360/2270 ( 15.9%) win=12/12 elapsed=  8.6m eta= 45.6m fin~20:39 model_complete
  [S03b] Theta            Statistical      job 360/2270 ( 15.9%) win=12/12 elapsed=  8.6m eta= 45.6m fin~20:39 model_complete
  [S03b] XGBoost          Machine learning job 1800/2270 ( 79.3%) win=12/12 elapsed=  8.6m eta=  2.2m fin~19:55 running
  [S03b] XGBoost          Machine learning job 360/2270 ( 15.9%) win=1/12 elapsed=  8.6m eta= 45.6m fin~20:39 model_complete
  [S03b] AutoARIMA        Statistical      job 361/2270 ( 15.9%) win=1/12 elapsed=  8.6m eta= 45.6m fin~20:39 model_complete
  [S03b] ETS Explicit     Statistical      job 361/2270 ( 15.9%) win=1/12 elapsed=  8.6m eta= 45.6m fin~20:39 model_complete
  [S03b] LightGBM         Machine learning job 361/2270 ( 15.9%) win=1/12 elapsed=  8.6m eta= 45.6m fin~20:39 model_complete
  [S03b] Theta            Statistical      job 361/2270 ( 15.9%) win=1/12 elapsed=  8.6m eta= 45.6m fin~20:39 model_complete
  [S03b] XGBoost          Machine learning job 361/2270 ( 15.9%) win=2/12 elapsed=  8.6m eta= 45.6m fin~20:39 model_complete
  [S03b] AutoARIMA        Statistical      job 362/2270 ( 15.9%) win=2/12 elapsed=  8.6m eta= 45.6m fin~20:39 model_complete
  [S03b] ETS Explicit     Statistical      job 362/2270 ( 15.9%) win=2/12 elapsed=  8.6m eta= 45.6m fin~20:39 model_complete
  [S03b] LightGBM         Machine learning job 362/2270 ( 15.9%) win=2/12 elapsed=  8.6m eta= 45.6m fin~20:39 model_complete
  [S03b] Theta            Statistical      job 362/2270 ( 15.9%) win=2/12 elapsed=  8.6m eta= 45.6m fin~20:39 model_complete
  [S03b] XGBoost          Machine learning job 362/2270 ( 15.9%) win=3/12 elapsed=  8.6m eta= 45.6m fin~20:39 model_complete
  [S03b] AutoARIMA        Statistical      job 363/2270 ( 16.0%) win=3/12 elapsed=  8.7m eta= 45.5m fin~20:39 model_complete
  [S03b] ETS Explicit     Statistical      job 363/2270 ( 16.0%) win=3/12 elapsed=  8.7m eta= 45.5m fin~20:39 model_complete
  [S03b] LightGBM         Machine learning job 363/2270 ( 16.0%) win=3/12 elapsed=  8.7m eta= 45.5m fin~20:39 model_complete
  [S03b] Theta            Statistical      job 363/2270 ( 16.0%) win=3/12 elapsed=  8.7m eta= 45.5m fin~20:39 model_complete
  [S03b] XGBoost          Machine learning job 363/2270 ( 16.0%) win=4/12 elapsed=  8.7m eta= 45.5m fin~20:39 model_complete
  [S03b] AutoARIMA        Statistical      job 364/2270 ( 16.0%) win=4/12 elapsed=  8.7m eta= 45.5m fin~20:39 model_complete
  [S03b] ETS Explicit     Statistical      job 364/2270 ( 16.0%) win=4/12 elapsed=  8.7m eta= 45.5m fin~20:39 model_complete
  [S03b] LightGBM         Machine learning job 364/2270 ( 16.0%) win=4/12 elapsed=  8.7m eta= 45.5m fin~20:39 model_complete
  [S03b] Theta            Statistical      job 364/2270 ( 16.0%) win=4/12 elapsed=  8.7m eta= 45.6m fin~20:39 model_complete
  [S03b] XGBoost          Machine learning job 364/2270 ( 16.0%) win=5/12 elapsed=  8.7m eta= 45.6m fin~20:39 model_complete
  [S03b] AutoARIMA        Statistical      job 365/2270 ( 16.1%) win=5/12 elapsed=  8.7m eta= 45.6m fin~20:39 model_complete
  [S03b] ETS Explicit     Statistical      job 365/2270 ( 16.1%) win=5/12 elapsed=  8.7m eta= 45.6m fin~20:39 model_complete
  [S03b] LightGBM         Machine learning job 365/2270 ( 16.1%) win=5/12 elapsed=  8.7m eta= 45.6m fin~20:39 model_complete
  [S03b] Theta            Statistical      job 365/2270 ( 16.1%) win=5/12 elapsed=  8.7m eta= 45.6m fin~20:39 model_complete
  [S03b] XGBoost          Machine learning job 1825/2270 ( 80.4%) win=5/12 elapsed=  8.7m eta=  2.1m fin~19:55 running
  [S03b] XGBoost          Machine learning job 365/2270 ( 16.1%) win=6/12 elapsed=  8.7m eta= 45.6m fin~20:39 model_complete
  [S03b] AutoARIMA        Statistical      job 366/2270 ( 16.1%) win=6/12 elapsed=  8.8m eta= 45.6m fin~20:39 model_complete
  [S03b] ETS Explicit     Statistical      job 366/2270 ( 16.1%) win=6/12 elapsed=  8.8m eta= 45.6m fin~20:39 model_complete
  [S03b] LightGBM         Machine learning job 366/2270 ( 16.1%) win=6/12 elapsed=  8.8m eta= 45.6m fin~20:39 model_complete
  [S03b] Theta            Statistical      job 366/2270 ( 16.1%) win=6/12 elapsed=  8.8m eta= 45.6m fin~20:39 model_complete
  [S03b] XGBoost          Machine learning job 366/2270 ( 16.1%) win=7/12 elapsed=  8.8m eta= 45.6m fin~20:39 model_complete
  [S03b] AutoARIMA        Statistical      job 367/2270 ( 16.2%) win=7/12 elapsed=  8.8m eta= 45.6m fin~20:39 model_complete
  [S03b] ETS Explicit     Statistical      job 367/2270 ( 16.2%) win=7/12 elapsed=  8.8m eta= 45.6m fin~20:39 model_complete
  [S03b] LightGBM         Machine learning job 367/2270 ( 16.2%) win=7/12 elapsed=  8.8m eta= 45.6m fin~20:39 model_complete
  [S03b] Theta            Statistical      job 367/2270 ( 16.2%) win=7/12 elapsed=  8.8m eta= 45.6m fin~20:39 model_complete
  [S03b] XGBoost          Machine learning job 367/2270 ( 16.2%) win=8/12 elapsed=  8.8m eta= 45.6m fin~20:39 model_complete
  [S03b] AutoARIMA        Statistical      job 368/2270 ( 16.2%) win=8/12 elapsed=  8.8m eta= 45.6m fin~20:39 model_complete
  [S03b] ETS Explicit     Statistical      job 368/2270 ( 16.2%) win=8/12 elapsed=  8.8m eta= 45.6m fin~20:39 model_complete
  [S03b] LightGBM         Machine learning job 368/2270 ( 16.2%) win=8/12 elapsed=  8.8m eta= 45.6m fin~20:39 model_complete
  [S03b] Theta            Statistical      job 368/2270 ( 16.2%) win=8/12 elapsed=  8.8m eta= 45.6m fin~20:39 model_complete
  [S03b] XGBoost          Machine learning job 368/2270 ( 16.2%) win=9/12 elapsed=  8.8m eta= 45.6m fin~20:39 model_complete
  [S03b] AutoARIMA        Statistical      job 369/2270 ( 16.3%) win=9/12 elapsed=  8.8m eta= 45.6m fin~20:39 model_complete
  [S03b] ETS Explicit     Statistical      job 369/2270 ( 16.3%) win=9/12 elapsed=  8.8m eta= 45.6m fin~20:39 model_complete
  [S03b] LightGBM         Machine learning job 369/2270 ( 16.3%) win=9/12 elapsed=  8.8m eta= 45.6m fin~20:39 model_complete
  [S03b] Theta            Statistical      job 369/2270 ( 16.3%) win=9/12 elapsed=  8.8m eta= 45.6m fin~20:39 model_complete
  [S03b] XGBoost          Machine learning job 369/2270 ( 16.3%) win=10/12 elapsed=  8.8m eta= 45.6m fin~20:39 model_complete
  [S03b] AutoARIMA        Statistical      job 370/2270 ( 16.3%) win=10/12 elapsed=  8.9m eta= 45.6m fin~20:39 model_complete
  [S03b] ETS Explicit     Statistical      job 370/2270 ( 16.3%) win=10/12 elapsed=  8.9m eta= 45.6m fin~20:39 model_complete
  [S03b] LightGBM         Machine learning job 370/2270 ( 16.3%) win=10/12 elapsed=  8.9m eta= 45.6m fin~20:39 model_complete
  [S03b] Theta            Statistical      job 370/2270 ( 16.3%) win=10/12 elapsed=  8.9m eta= 45.6m fin~20:39 model_complete
  [S03b] XGBoost          Machine learning job 1850/2270 ( 81.5%) win=10/12 elapsed=  8.9m eta=  2.0m fin~19:55 running
  [S03b] XGBoost          Machine learning job 370/2270 ( 16.3%) win=11/12 elapsed=  8.9m eta= 45.6m fin~20:39 model_complete
  [S03b] AutoARIMA        Statistical      job 371/2270 ( 16.3%) win=11/12 elapsed=  8.9m eta= 45.6m fin~20:39 model_complete
  [S03b] ETS Explicit     Statistical      job 371/2270 ( 16.3%) win=11/12 elapsed=  8.9m eta= 45.6m fin~20:39 model_complete
  [S03b] LightGBM         Machine learning job 371/2270 ( 16.3%) win=11/12 elapsed=  8.9m eta= 45.6m fin~20:39 model_complete
  [S03b] Theta            Statistical      job 371/2270 ( 16.3%) win=11/12 elapsed=  8.9m eta= 45.6m fin~20:39 model_complete
  [S03b] XGBoost          Machine learning job 371/2270 ( 16.3%) win=12/12 elapsed=  8.9m eta= 45.6m fin~20:39 model_complete
  [S03b] AutoARIMA        Statistical      job 372/2270 ( 16.4%) win=12/12 elapsed=  8.9m eta= 45.6m fin~20:39 model_complete
  [S03b] ETS Explicit     Statistical      job 372/2270 ( 16.4%) win=12/12 elapsed=  8.9m eta= 45.6m fin~20:39 model_complete
  [S03b] LightGBM         Machine learning job 372/2270 ( 16.4%) win=12/12 elapsed=  8.9m eta= 45.6m fin~20:39 model_complete
  [S03b] Theta            Statistical      job 372/2270 ( 16.4%) win=12/12 elapsed=  8.9m eta= 45.6m fin~20:39 model_complete
  [S03b] XGBoost          Machine learning job 372/2270 ( 16.4%) win=1/12 elapsed=  8.9m eta= 45.6m fin~20:39 model_complete
  [S03b] AutoARIMA        Statistical      job 373/2270 ( 16.4%) win=1/12 elapsed=  9.0m eta= 45.5m fin~20:39 model_complete
  [S03b] ETS Explicit     Statistical      job 373/2270 ( 16.4%) win=1/12 elapsed=  9.0m eta= 45.5m fin~20:39 model_complete
  [S03b] LightGBM         Machine learning job 373/2270 ( 16.4%) win=1/12 elapsed=  9.0m eta= 45.5m fin~20:39 model_complete
  [S03b] Theta            Statistical      job 373/2270 ( 16.4%) win=1/12 elapsed=  9.0m eta= 45.5m fin~20:39 model_complete
  [S03b] XGBoost          Machine learning job 373/2270 ( 16.4%) win=2/12 elapsed=  9.0m eta= 45.5m fin~20:39 model_complete
  [S03b] AutoARIMA        Statistical      job 374/2270 ( 16.5%) win=2/12 elapsed=  9.0m eta= 45.5m fin~20:39 model_complete
  [S03b] ETS Explicit     Statistical      job 374/2270 ( 16.5%) win=2/12 elapsed=  9.0m eta= 45.5m fin~20:39 model_complete
  [S03b] LightGBM         Machine learning job 374/2270 ( 16.5%) win=2/12 elapsed=  9.0m eta= 45.5m fin~20:39 model_complete
  [S03b] Theta            Statistical      job 374/2270 ( 16.5%) win=2/12 elapsed=  9.0m eta= 45.5m fin~20:39 model_complete
  [S03b] XGBoost          Machine learning job 374/2270 ( 16.5%) win=3/12 elapsed=  9.0m eta= 45.5m fin~20:39 model_complete
  [S03b] AutoARIMA        Statistical      job 375/2270 ( 16.5%) win=3/12 elapsed=  9.0m eta= 45.4m fin~20:39 model_complete
  [S03b] ETS Explicit     Statistical      job 375/2270 ( 16.5%) win=3/12 elapsed=  9.0m eta= 45.4m fin~20:39 model_complete
  [S03b] LightGBM         Machine learning job 375/2270 ( 16.5%) win=3/12 elapsed=  9.0m eta= 45.4m fin~20:39 model_complete
  [S03b] Theta            Statistical      job 375/2270 ( 16.5%) win=3/12 elapsed=  9.0m eta= 45.4m fin~20:39 model_complete
  [S03b] XGBoost          Machine learning job 1875/2270 ( 82.6%) win=3/12 elapsed=  9.0m eta=  1.9m fin~19:55 running
  [S03b] XGBoost          Machine learning job 375/2270 ( 16.5%) win=4/12 elapsed=  9.0m eta= 45.4m fin~20:39 model_complete
  [S03b] AutoARIMA        Statistical      job 376/2270 ( 16.6%) win=4/12 elapsed=  9.0m eta= 45.3m fin~20:39 model_complete
  [S03b] ETS Explicit     Statistical      job 376/2270 ( 16.6%) win=4/12 elapsed=  9.0m eta= 45.3m fin~20:39 model_complete
  [S03b] LightGBM         Machine learning job 376/2270 ( 16.6%) win=4/12 elapsed=  9.0m eta= 45.3m fin~20:39 model_complete
  [S03b] Theta            Statistical      job 376/2270 ( 16.6%) win=4/12 elapsed=  9.0m eta= 45.3m fin~20:39 model_complete
  [S03b] XGBoost          Machine learning job 376/2270 ( 16.6%) win=5/12 elapsed=  9.0m eta= 45.3m fin~20:39 model_complete
  [S03b] AutoARIMA        Statistical      job 377/2270 ( 16.6%) win=5/12 elapsed=  9.0m eta= 45.4m fin~20:39 model_complete
  [S03b] ETS Explicit     Statistical      job 377/2270 ( 16.6%) win=5/12 elapsed=  9.0m eta= 45.4m fin~20:39 model_complete
  [S03b] LightGBM         Machine learning job 377/2270 ( 16.6%) win=5/12 elapsed=  9.0m eta= 45.4m fin~20:39 model_complete
  [S03b] Theta            Statistical      job 377/2270 ( 16.6%) win=5/12 elapsed=  9.0m eta= 45.4m fin~20:39 model_complete
  [S03b] XGBoost          Machine learning job 377/2270 ( 16.6%) win=6/12 elapsed=  9.0m eta= 45.4m fin~20:39 model_complete
  [S03b] AutoARIMA        Statistical      job 378/2270 ( 16.7%) win=6/12 elapsed=  9.1m eta= 45.5m fin~20:39 model_complete
  [S03b] ETS Explicit     Statistical      job 378/2270 ( 16.7%) win=6/12 elapsed=  9.1m eta= 45.5m fin~20:39 model_complete
  [S03b] LightGBM         Machine learning job 378/2270 ( 16.7%) win=6/12 elapsed=  9.1m eta= 45.5m fin~20:39 model_complete
  [S03b] Theta            Statistical      job 378/2270 ( 16.7%) win=6/12 elapsed=  9.1m eta= 45.5m fin~20:39 model_complete
  [S03b] XGBoost          Machine learning job 378/2270 ( 16.7%) win=7/12 elapsed=  9.1m eta= 45.5m fin~20:39 model_complete
  [S03b] AutoARIMA        Statistical      job 379/2270 ( 16.7%) win=7/12 elapsed=  9.1m eta= 45.5m fin~20:39 model_complete
  [S03b] ETS Explicit     Statistical      job 379/2270 ( 16.7%) win=7/12 elapsed=  9.1m eta= 45.5m fin~20:39 model_complete
  [S03b] LightGBM         Machine learning job 379/2270 ( 16.7%) win=7/12 elapsed=  9.1m eta= 45.5m fin~20:39 model_complete
  [S03b] Theta            Statistical      job 379/2270 ( 16.7%) win=7/12 elapsed=  9.1m eta= 45.5m fin~20:39 model_complete
  [S03b] XGBoost          Machine learning job 379/2270 ( 16.7%) win=8/12 elapsed=  9.1m eta= 45.5m fin~20:39 model_complete
  [S03b] AutoARIMA        Statistical      job 380/2270 ( 16.7%) win=8/12 elapsed=  9.2m eta= 45.6m fin~20:39 model_complete
  [S03b] ETS Explicit     Statistical      job 380/2270 ( 16.7%) win=8/12 elapsed=  9.2m eta= 45.6m fin~20:39 model_complete
  [S03b] LightGBM         Machine learning job 380/2270 ( 16.7%) win=8/12 elapsed=  9.2m eta= 45.6m fin~20:39 model_complete
  [S03b] Theta            Statistical      job 380/2270 ( 16.7%) win=8/12 elapsed=  9.2m eta= 45.6m fin~20:39 model_complete
  [S03b] XGBoost          Machine learning job 1900/2270 ( 83.7%) win=8/12 elapsed=  9.2m eta=  1.8m fin~19:55 running
  [S03b] XGBoost          Machine learning job 380/2270 ( 16.7%) win=9/12 elapsed=  9.2m eta= 45.6m fin~20:39 model_complete
  [S03b] AutoARIMA        Statistical      job 381/2270 ( 16.8%) win=9/12 elapsed=  9.2m eta= 45.7m fin~20:39 model_complete
  [S03b] ETS Explicit     Statistical      job 381/2270 ( 16.8%) win=9/12 elapsed=  9.2m eta= 45.7m fin~20:39 model_complete
  [S03b] LightGBM         Machine learning job 381/2270 ( 16.8%) win=9/12 elapsed=  9.2m eta= 45.7m fin~20:39 model_complete
  [S03b] Theta            Statistical      job 381/2270 ( 16.8%) win=9/12 elapsed=  9.2m eta= 45.7m fin~20:39 model_complete
  [S03b] XGBoost          Machine learning job 381/2270 ( 16.8%) win=10/12 elapsed=  9.2m eta= 45.7m fin~20:39 model_complete
  [S03b] AutoARIMA        Statistical      job 382/2270 ( 16.8%) win=10/12 elapsed=  9.3m eta= 45.8m fin~20:40 model_complete
  [S03b] ETS Explicit     Statistical      job 382/2270 ( 16.8%) win=10/12 elapsed=  9.3m eta= 45.8m fin~20:40 model_complete
  [S03b] LightGBM         Machine learning job 382/2270 ( 16.8%) win=10/12 elapsed=  9.3m eta= 45.8m fin~20:40 model_complete
  [S03b] Theta            Statistical      job 382/2270 ( 16.8%) win=10/12 elapsed=  9.3m eta= 45.8m fin~20:40 model_complete
  [S03b] XGBoost          Machine learning job 382/2270 ( 16.8%) win=11/12 elapsed=  9.3m eta= 45.8m fin~20:40 model_complete
  [S03b] AutoARIMA        Statistical      job 383/2270 ( 16.9%) win=11/12 elapsed=  9.3m eta= 45.9m fin~20:40 model_complete
  [S03b] ETS Explicit     Statistical      job 383/2270 ( 16.9%) win=11/12 elapsed=  9.3m eta= 45.9m fin~20:40 model_complete
  [S03b] LightGBM         Machine learning job 383/2270 ( 16.9%) win=11/12 elapsed=  9.3m eta= 45.9m fin~20:40 model_complete
  [S03b] Theta            Statistical      job 383/2270 ( 16.9%) win=11/12 elapsed=  9.3m eta= 45.9m fin~20:40 model_complete
  [S03b] XGBoost          Machine learning job 383/2270 ( 16.9%) win=12/12 elapsed=  9.3m eta= 45.9m fin~20:40 model_complete
  [S03b] AutoARIMA        Statistical      job 384/2270 ( 16.9%) win=12/12 elapsed=  9.4m eta= 46.0m fin~20:40 model_complete
  [S03b] ETS Explicit     Statistical      job 384/2270 ( 16.9%) win=12/12 elapsed=  9.4m eta= 46.0m fin~20:40 model_complete
  [S03b] LightGBM         Machine learning job 384/2270 ( 16.9%) win=12/12 elapsed=  9.4m eta= 46.0m fin~20:40 model_complete
  [S03b] Theta            Statistical      job 384/2270 ( 16.9%) win=12/12 elapsed=  9.4m eta= 46.0m fin~20:40 model_complete
  [S03b] XGBoost          Machine learning job 384/2270 ( 16.9%) win=6/12 elapsed=  9.4m eta= 46.0m fin~20:40 model_complete
  [S03b] AutoARIMA        Statistical      job 385/2270 ( 17.0%) win=6/12 elapsed=  9.4m eta= 45.9m fin~20:40 model_complete
  [S03b] ETS Explicit     Statistical      job 385/2270 ( 17.0%) win=6/12 elapsed=  9.4m eta= 45.9m fin~20:40 model_complete
  [S03b] LightGBM         Machine learning job 385/2270 ( 17.0%) win=6/12 elapsed=  9.4m eta= 45.9m fin~20:40 model_complete
  [S03b] Theta            Statistical      job 385/2270 ( 17.0%) win=6/12 elapsed=  9.4m eta= 45.9m fin~20:40 model_complete
  [S03b] XGBoost          Machine learning job 1925/2270 ( 84.8%) win=6/12 elapsed=  9.4m eta=  1.7m fin~19:56 running
  [S03b] XGBoost          Machine learning job 385/2270 ( 17.0%) win=7/12 elapsed=  9.4m eta= 45.9m fin~20:40 model_complete
  [S03b] AutoARIMA        Statistical      job 386/2270 ( 17.0%) win=7/12 elapsed=  9.4m eta= 45.7m fin~20:40 model_complete
  [S03b] ETS Explicit     Statistical      job 386/2270 ( 17.0%) win=7/12 elapsed=  9.4m eta= 45.8m fin~20:40 model_complete
  [S03b] LightGBM         Machine learning job 386/2270 ( 17.0%) win=7/12 elapsed=  9.4m eta= 45.8m fin~20:40 model_complete
  [S03b] Theta            Statistical      job 386/2270 ( 17.0%) win=7/12 elapsed=  9.4m eta= 45.8m fin~20:40 model_complete
  [S03b] XGBoost          Machine learning job 386/2270 ( 17.0%) win=8/12 elapsed=  9.4m eta= 45.8m fin~20:40 model_complete
  [S03b] AutoARIMA        Statistical      job 387/2270 ( 17.0%) win=8/12 elapsed=  9.4m eta= 45.6m fin~20:40 model_complete
  [S03b] ETS Explicit     Statistical      job 387/2270 ( 17.0%) win=8/12 elapsed=  9.4m eta= 45.6m fin~20:40 model_complete
  [S03b] LightGBM         Machine learning job 387/2270 ( 17.0%) win=8/12 elapsed=  9.4m eta= 45.6m fin~20:40 model_complete
  [S03b] Theta            Statistical      job 387/2270 ( 17.0%) win=8/12 elapsed=  9.4m eta= 45.6m fin~20:40 model_complete
  [S03b] XGBoost          Machine learning job 387/2270 ( 17.0%) win=9/12 elapsed=  9.4m eta= 45.6m fin~20:40 model_complete
  [S03b] AutoARIMA        Statistical      job 388/2270 ( 17.1%) win=9/12 elapsed=  9.4m eta= 45.5m fin~20:39 model_complete
  [S03b] ETS Explicit     Statistical      job 388/2270 ( 17.1%) win=9/12 elapsed=  9.4m eta= 45.5m fin~20:39 model_complete
  [S03b] LightGBM         Machine learning job 388/2270 ( 17.1%) win=9/12 elapsed=  9.4m eta= 45.5m fin~20:39 model_complete
  [S03b] Theta            Statistical      job 388/2270 ( 17.1%) win=9/12 elapsed=  9.4m eta= 45.5m fin~20:39 model_complete
  [S03b] XGBoost          Machine learning job 388/2270 ( 17.1%) win=10/12 elapsed=  9.4m eta= 45.5m fin~20:39 model_complete
  [S03b] AutoARIMA        Statistical      job 389/2270 ( 17.1%) win=10/12 elapsed=  9.4m eta= 45.4m fin~20:39 model_complete
  [S03b] ETS Explicit     Statistical      job 389/2270 ( 17.1%) win=10/12 elapsed=  9.4m eta= 45.4m fin~20:39 model_complete
  [S03b] LightGBM         Machine learning job 389/2270 ( 17.1%) win=10/12 elapsed=  9.4m eta= 45.4m fin~20:39 model_complete
  [S03b] Theta            Statistical      job 389/2270 ( 17.1%) win=10/12 elapsed=  9.4m eta= 45.4m fin~20:39 model_complete
  [S03b] XGBoost          Machine learning job 389/2270 ( 17.1%) win=11/12 elapsed=  9.4m eta= 45.4m fin~20:39 model_complete
  [S03b] AutoARIMA        Statistical      job 390/2270 ( 17.2%) win=11/12 elapsed=  9.4m eta= 45.3m fin~20:39 model_complete
  [S03b] ETS Explicit     Statistical      job 390/2270 ( 17.2%) win=11/12 elapsed=  9.4m eta= 45.3m fin~20:39 model_complete
  [S03b] LightGBM         Machine learning job 390/2270 ( 17.2%) win=11/12 elapsed=  9.4m eta= 45.3m fin~20:39 model_complete
  [S03b] Theta            Statistical      job 390/2270 ( 17.2%) win=11/12 elapsed=  9.4m eta= 45.3m fin~20:39 model_complete
  [S03b] XGBoost          Machine learning job 1950/2270 ( 85.9%) win=11/12 elapsed=  9.4m eta=  1.5m fin~19:55 running
  [S03b] XGBoost          Machine learning job 390/2270 ( 17.2%) win=12/12 elapsed=  9.4m eta= 45.3m fin~20:39 model_complete
  [S03b] AutoARIMA        Statistical      job 391/2270 ( 17.2%) win=12/12 elapsed=  9.4m eta= 45.2m fin~20:39 model_complete
  [S03b] ETS Explicit     Statistical      job 391/2270 ( 17.2%) win=12/12 elapsed=  9.4m eta= 45.2m fin~20:39 model_complete
  [S03b] LightGBM         Machine learning job 391/2270 ( 17.2%) win=12/12 elapsed=  9.4m eta= 45.2m fin~20:39 model_complete
  [S03b] Theta            Statistical      job 391/2270 ( 17.2%) win=12/12 elapsed=  9.4m eta= 45.2m fin~20:39 model_complete
  [S03b] XGBoost          Machine learning job 391/2270 ( 17.2%) win=1/12 elapsed=  9.4m eta= 45.2m fin~20:39 model_complete
  [S03b] AutoARIMA        Statistical      job 392/2270 ( 17.3%) win=1/12 elapsed=  9.4m eta= 45.1m fin~20:39 model_complete
  [S03b] ETS Explicit     Statistical      job 392/2270 ( 17.3%) win=1/12 elapsed=  9.4m eta= 45.1m fin~20:39 model_complete
  [S03b] LightGBM         Machine learning job 392/2270 ( 17.3%) win=1/12 elapsed=  9.4m eta= 45.1m fin~20:39 model_complete
  [S03b] Theta            Statistical      job 392/2270 ( 17.3%) win=1/12 elapsed=  9.4m eta= 45.1m fin~20:39 model_complete
  [S03b] XGBoost          Machine learning job 392/2270 ( 17.3%) win=2/12 elapsed=  9.4m eta= 45.1m fin~20:39 model_complete
  [S03b] AutoARIMA        Statistical      job 393/2270 ( 17.3%) win=2/12 elapsed=  9.4m eta= 45.1m fin~20:39 model_complete
  [S03b] ETS Explicit     Statistical      job 393/2270 ( 17.3%) win=2/12 elapsed=  9.4m eta= 45.1m fin~20:39 model_complete
  [S03b] LightGBM         Machine learning job 393/2270 ( 17.3%) win=2/12 elapsed=  9.4m eta= 45.1m fin~20:39 model_complete
  [S03b] Theta            Statistical      job 393/2270 ( 17.3%) win=2/12 elapsed=  9.4m eta= 45.1m fin~20:39 model_complete
  [S03b] XGBoost          Machine learning job 393/2270 ( 17.3%) win=3/12 elapsed=  9.4m eta= 45.1m fin~20:39 model_complete
  [S03b] AutoARIMA        Statistical      job 394/2270 ( 17.4%) win=3/12 elapsed=  9.5m eta= 45.1m fin~20:39 model_complete
  [S03b] ETS Explicit     Statistical      job 394/2270 ( 17.4%) win=3/12 elapsed=  9.5m eta= 45.1m fin~20:39 model_complete
  [S03b] LightGBM         Machine learning job 394/2270 ( 17.4%) win=3/12 elapsed=  9.5m eta= 45.1m fin~20:39 model_complete
  [S03b] Theta            Statistical      job 394/2270 ( 17.4%) win=3/12 elapsed=  9.5m eta= 45.1m fin~20:39 model_complete
  [S03b] XGBoost          Machine learning job 394/2270 ( 17.4%) win=4/12 elapsed=  9.5m eta= 45.1m fin~20:39 model_complete
  [S03b] AutoARIMA        Statistical      job 395/2270 ( 17.4%) win=4/12 elapsed=  9.5m eta= 45.0m fin~20:39 model_complete
  [S03b] ETS Explicit     Statistical      job 395/2270 ( 17.4%) win=4/12 elapsed=  9.5m eta= 45.0m fin~20:39 model_complete
  [S03b] LightGBM         Machine learning job 395/2270 ( 17.4%) win=4/12 elapsed=  9.5m eta= 45.0m fin~20:39 model_complete
  [S03b] Theta            Statistical      job 395/2270 ( 17.4%) win=4/12 elapsed=  9.5m eta= 45.0m fin~20:39 model_complete
  [S03b] XGBoost          Machine learning job 1975/2270 ( 87.0%) win=4/12 elapsed=  9.5m eta=  1.4m fin~19:55 running
  [S03b] XGBoost          Machine learning job 395/2270 ( 17.4%) win=5/12 elapsed=  9.5m eta= 45.0m fin~20:39 model_complete
  [S03b] AutoARIMA        Statistical      job 396/2270 ( 17.4%) win=5/12 elapsed=  9.5m eta= 44.9m fin~20:39 model_complete
  [S03b] ETS Explicit     Statistical      job 396/2270 ( 17.4%) win=5/12 elapsed=  9.5m eta= 44.9m fin~20:39 model_complete
  [S03b] LightGBM         Machine learning job 396/2270 ( 17.4%) win=5/12 elapsed=  9.5m eta= 44.9m fin~20:39 model_complete
  [S03b] Theta            Statistical      job 396/2270 ( 17.4%) win=5/12 elapsed=  9.5m eta= 44.9m fin~20:39 model_complete
  [S03b] XGBoost          Machine learning job 396/2270 ( 17.4%) win=6/12 elapsed=  9.5m eta= 44.9m fin~20:39 model_complete
  [S03b] AutoARIMA        Statistical      job 397/2270 ( 17.5%) win=6/12 elapsed=  9.5m eta= 44.9m fin~20:39 model_complete
  [S03b] ETS Explicit     Statistical      job 397/2270 ( 17.5%) win=6/12 elapsed=  9.5m eta= 44.9m fin~20:39 model_complete
  [S03b] LightGBM         Machine learning job 397/2270 ( 17.5%) win=6/12 elapsed=  9.5m eta= 44.9m fin~20:39 model_complete
  [S03b] Theta            Statistical      job 397/2270 ( 17.5%) win=6/12 elapsed=  9.5m eta= 44.9m fin~20:39 model_complete
  [S03b] XGBoost          Machine learning job 397/2270 ( 17.5%) win=7/12 elapsed=  9.5m eta= 44.9m fin~20:39 model_complete
  [S03b] AutoARIMA        Statistical      job 398/2270 ( 17.5%) win=7/12 elapsed=  9.5m eta= 44.8m fin~20:39 model_complete
  [S03b] ETS Explicit     Statistical      job 398/2270 ( 17.5%) win=7/12 elapsed=  9.5m eta= 44.8m fin~20:39 model_complete
  [S03b] LightGBM         Machine learning job 398/2270 ( 17.5%) win=7/12 elapsed=  9.5m eta= 44.8m fin~20:39 model_complete
  [S03b] Theta            Statistical      job 398/2270 ( 17.5%) win=7/12 elapsed=  9.5m eta= 44.8m fin~20:39 model_complete
  [S03b] XGBoost          Machine learning job 398/2270 ( 17.5%) win=8/12 elapsed=  9.5m eta= 44.8m fin~20:39 model_complete
  [S03b] AutoARIMA        Statistical      job 399/2270 ( 17.6%) win=8/12 elapsed=  9.5m eta= 44.7m fin~20:39 model_complete
  [S03b] ETS Explicit     Statistical      job 399/2270 ( 17.6%) win=8/12 elapsed=  9.5m eta= 44.7m fin~20:39 model_complete
  [S03b] LightGBM         Machine learning job 399/2270 ( 17.6%) win=8/12 elapsed=  9.5m eta= 44.7m fin~20:39 model_complete
  [S03b] Theta            Statistical      job 399/2270 ( 17.6%) win=8/12 elapsed=  9.5m eta= 44.7m fin~20:39 model_complete
  [S03b] XGBoost          Machine learning job 399/2270 ( 17.6%) win=9/12 elapsed=  9.5m eta= 44.7m fin~20:39 model_complete
  [S03b] AutoARIMA        Statistical      job 400/2270 ( 17.6%) win=9/12 elapsed=  9.5m eta= 44.6m fin~20:39 model_complete
  [S03b] ETS Explicit     Statistical      job 400/2270 ( 17.6%) win=9/12 elapsed=  9.5m eta= 44.6m fin~20:39 model_complete
  [S03b] LightGBM         Machine learning job 400/2270 ( 17.6%) win=9/12 elapsed=  9.5m eta= 44.6m fin~20:39 model_complete
  [S03b] Theta            Statistical      job 400/2270 ( 17.6%) win=9/12 elapsed=  9.5m eta= 44.6m fin~20:39 model_complete
  [S03b] XGBoost          Machine learning job 2000/2270 ( 88.1%) win=9/12 elapsed=  9.5m eta=  1.3m fin~19:55 running
  [S03b] XGBoost          Machine learning job 400/2270 ( 17.6%) win=10/12 elapsed=  9.5m eta= 44.6m fin~20:39 model_complete
  [S03b] AutoARIMA        Statistical      job 401/2270 ( 17.7%) win=10/12 elapsed=  9.6m eta= 44.5m fin~20:39 model_complete
  [S03b] ETS Explicit     Statistical      job 401/2270 ( 17.7%) win=10/12 elapsed=  9.6m eta= 44.5m fin~20:39 model_complete
  [S03b] LightGBM         Machine learning job 401/2270 ( 17.7%) win=10/12 elapsed=  9.6m eta= 44.5m fin~20:39 model_complete
  [S03b] Theta            Statistical      job 401/2270 ( 17.7%) win=10/12 elapsed=  9.6m eta= 44.5m fin~20:39 model_complete
  [S03b] XGBoost          Machine learning job 401/2270 ( 17.7%) win=11/12 elapsed=  9.6m eta= 44.5m fin~20:39 model_complete
  [S03b] AutoARIMA        Statistical      job 402/2270 ( 17.7%) win=11/12 elapsed=  9.6m eta= 44.4m fin~20:39 model_complete
  [S03b] ETS Explicit     Statistical      job 402/2270 ( 17.7%) win=11/12 elapsed=  9.6m eta= 44.4m fin~20:39 model_complete
  [S03b] LightGBM         Machine learning job 402/2270 ( 17.7%) win=11/12 elapsed=  9.6m eta= 44.4m fin~20:39 model_complete
  [S03b] Theta            Statistical      job 402/2270 ( 17.7%) win=11/12 elapsed=  9.6m eta= 44.4m fin~20:39 model_complete
  [S03b] XGBoost          Machine learning job 402/2270 ( 17.7%) win=12/12 elapsed=  9.6m eta= 44.4m fin~20:39 model_complete
  [S03b] AutoARIMA        Statistical      job 403/2270 ( 17.8%) win=12/12 elapsed=  9.6m eta= 44.4m fin~20:38 model_complete
  [S03b] ETS Explicit     Statistical      job 403/2270 ( 17.8%) win=12/12 elapsed=  9.6m eta= 44.4m fin~20:38 model_complete
  [S03b] LightGBM         Machine learning job 403/2270 ( 17.8%) win=12/12 elapsed=  9.6m eta= 44.4m fin~20:38 model_complete
  [S03b] Theta            Statistical      job 403/2270 ( 17.8%) win=12/12 elapsed=  9.6m eta= 44.4m fin~20:38 model_complete
  [S03b] XGBoost          Machine learning job 403/2270 ( 17.8%) win=1/12 elapsed=  9.6m eta= 44.4m fin~20:38 model_complete
  [S03b] AutoARIMA        Statistical      job 404/2270 ( 17.8%) win=1/12 elapsed=  9.6m eta= 44.3m fin~20:38 model_complete
  [S03b] ETS Explicit     Statistical      job 404/2270 ( 17.8%) win=1/12 elapsed=  9.6m eta= 44.3m fin~20:38 model_complete
  [S03b] LightGBM         Machine learning job 404/2270 ( 17.8%) win=1/12 elapsed=  9.6m eta= 44.3m fin~20:38 model_complete
  [S03b] Theta            Statistical      job 404/2270 ( 17.8%) win=1/12 elapsed=  9.6m eta= 44.3m fin~20:38 model_complete
  [S03b] XGBoost          Machine learning job 404/2270 ( 17.8%) win=2/12 elapsed=  9.6m eta= 44.3m fin~20:38 model_complete
  [S03b] AutoARIMA        Statistical      job 405/2270 ( 17.8%) win=2/12 elapsed=  9.6m eta= 44.2m fin~20:38 model_complete
  [S03b] ETS Explicit     Statistical      job 405/2270 ( 17.8%) win=2/12 elapsed=  9.6m eta= 44.2m fin~20:38 model_complete
  [S03b] LightGBM         Machine learning job 405/2270 ( 17.8%) win=2/12 elapsed=  9.6m eta= 44.2m fin~20:38 model_complete
  [S03b] Theta            Statistical      job 405/2270 ( 17.8%) win=2/12 elapsed=  9.6m eta= 44.2m fin~20:38 model_complete
  [S03b] XGBoost          Machine learning job 2025/2270 ( 89.2%) win=2/12 elapsed=  9.6m eta=  1.2m fin~19:55 running
  [S03b] XGBoost          Machine learning job 405/2270 ( 17.8%) win=3/12 elapsed=  9.6m eta= 44.2m fin~20:38 model_complete
  [S03b] AutoARIMA        Statistical      job 406/2270 ( 17.9%) win=3/12 elapsed=  9.6m eta= 44.1m fin~20:38 model_complete
  [S03b] ETS Explicit     Statistical      job 406/2270 ( 17.9%) win=3/12 elapsed=  9.6m eta= 44.1m fin~20:38 model_complete
  [S03b] LightGBM         Machine learning job 406/2270 ( 17.9%) win=3/12 elapsed=  9.6m eta= 44.1m fin~20:38 model_complete
  [S03b] Theta            Statistical      job 406/2270 ( 17.9%) win=3/12 elapsed=  9.6m eta= 44.1m fin~20:38 model_complete
  [S03b] XGBoost          Machine learning job 406/2270 ( 17.9%) win=4/12 elapsed=  9.6m eta= 44.1m fin~20:38 model_complete
  [S03b] AutoARIMA        Statistical      job 407/2270 ( 17.9%) win=4/12 elapsed=  9.6m eta= 44.0m fin~20:38 model_complete
  [S03b] ETS Explicit     Statistical      job 407/2270 ( 17.9%) win=4/12 elapsed=  9.6m eta= 44.0m fin~20:38 model_complete
  [S03b] LightGBM         Machine learning job 407/2270 ( 17.9%) win=4/12 elapsed=  9.6m eta= 44.0m fin~20:38 model_complete
  [S03b] Theta            Statistical      job 407/2270 ( 17.9%) win=4/12 elapsed=  9.6m eta= 44.0m fin~20:38 model_complete
  [S03b] XGBoost          Machine learning job 407/2270 ( 17.9%) win=5/12 elapsed=  9.6m eta= 44.0m fin~20:38 model_complete
  [S03b] AutoARIMA        Statistical      job 408/2270 ( 18.0%) win=5/12 elapsed=  9.6m eta= 44.0m fin~20:38 model_complete
  [S03b] ETS Explicit     Statistical      job 408/2270 ( 18.0%) win=5/12 elapsed=  9.6m eta= 44.0m fin~20:38 model_complete
  [S03b] LightGBM         Machine learning job 408/2270 ( 18.0%) win=5/12 elapsed=  9.6m eta= 44.0m fin~20:38 model_complete
  [S03b] Theta            Statistical      job 408/2270 ( 18.0%) win=5/12 elapsed=  9.6m eta= 44.0m fin~20:38 model_complete
  [S03b] XGBoost          Machine learning job 408/2270 ( 18.0%) win=6/12 elapsed=  9.6m eta= 44.0m fin~20:38 model_complete
  [S03b] AutoARIMA        Statistical      job 409/2270 ( 18.0%) win=6/12 elapsed=  9.6m eta= 43.9m fin~20:38 model_complete
  [S03b] ETS Explicit     Statistical      job 409/2270 ( 18.0%) win=6/12 elapsed=  9.6m eta= 43.9m fin~20:38 model_complete
  [S03b] LightGBM         Machine learning job 409/2270 ( 18.0%) win=6/12 elapsed=  9.6m eta= 43.9m fin~20:38 model_complete
  [S03b] Theta            Statistical      job 409/2270 ( 18.0%) win=6/12 elapsed=  9.6m eta= 43.9m fin~20:38 model_complete
  [S03b] XGBoost          Machine learning job 409/2270 ( 18.0%) win=7/12 elapsed=  9.6m eta= 43.9m fin~20:38 model_complete
  [S03b] AutoARIMA        Statistical      job 410/2270 ( 18.1%) win=7/12 elapsed=  9.7m eta= 43.8m fin~20:38 model_complete
  [S03b] ETS Explicit     Statistical      job 410/2270 ( 18.1%) win=7/12 elapsed=  9.7m eta= 43.8m fin~20:38 model_complete
  [S03b] LightGBM         Machine learning job 410/2270 ( 18.1%) win=7/12 elapsed=  9.7m eta= 43.8m fin~20:38 model_complete
  [S03b] Theta            Statistical      job 410/2270 ( 18.1%) win=7/12 elapsed=  9.7m eta= 43.8m fin~20:38 model_complete
  [S03b] XGBoost          Machine learning job 2050/2270 ( 90.3%) win=7/12 elapsed=  9.7m eta=  1.0m fin~19:55 running
  [S03b] XGBoost          Machine learning job 410/2270 ( 18.1%) win=8/12 elapsed=  9.7m eta= 43.8m fin~20:38 model_complete
  [S03b] AutoARIMA        Statistical      job 411/2270 ( 18.1%) win=8/12 elapsed=  9.7m eta= 43.7m fin~20:38 model_complete
  [S03b] ETS Explicit     Statistical      job 411/2270 ( 18.1%) win=8/12 elapsed=  9.7m eta= 43.7m fin~20:38 model_complete
  [S03b] LightGBM         Machine learning job 411/2270 ( 18.1%) win=8/12 elapsed=  9.7m eta= 43.7m fin~20:38 model_complete
  [S03b] Theta            Statistical      job 411/2270 ( 18.1%) win=8/12 elapsed=  9.7m eta= 43.7m fin~20:38 model_complete
  [S03b] XGBoost          Machine learning job 411/2270 ( 18.1%) win=9/12 elapsed=  9.7m eta= 43.7m fin~20:38 model_complete
  [S03b] AutoARIMA        Statistical      job 412/2270 ( 18.1%) win=9/12 elapsed=  9.7m eta= 43.6m fin~20:38 model_complete
  [S03b] ETS Explicit     Statistical      job 412/2270 ( 18.1%) win=9/12 elapsed=  9.7m eta= 43.6m fin~20:38 model_complete
  [S03b] LightGBM         Machine learning job 412/2270 ( 18.1%) win=9/12 elapsed=  9.7m eta= 43.6m fin~20:38 model_complete
  [S03b] Theta            Statistical      job 412/2270 ( 18.1%) win=9/12 elapsed=  9.7m eta= 43.7m fin~20:38 model_complete
  [S03b] XGBoost          Machine learning job 412/2270 ( 18.1%) win=10/12 elapsed=  9.7m eta= 43.7m fin~20:38 model_complete
  [S03b] AutoARIMA        Statistical      job 413/2270 ( 18.2%) win=10/12 elapsed=  9.7m eta= 43.6m fin~20:38 model_complete
  [S03b] ETS Explicit     Statistical      job 413/2270 ( 18.2%) win=10/12 elapsed=  9.7m eta= 43.6m fin~20:38 model_complete
  [S03b] LightGBM         Machine learning job 413/2270 ( 18.2%) win=10/12 elapsed=  9.7m eta= 43.6m fin~20:38 model_complete
  [S03b] Theta            Statistical      job 413/2270 ( 18.2%) win=10/12 elapsed=  9.7m eta= 43.6m fin~20:38 model_complete
  [S03b] XGBoost          Machine learning job 413/2270 ( 18.2%) win=11/12 elapsed=  9.7m eta= 43.6m fin~20:38 model_complete
  [S03b] AutoARIMA        Statistical      job 414/2270 ( 18.2%) win=11/12 elapsed=  9.7m eta= 43.5m fin~20:38 model_complete
  [S03b] ETS Explicit     Statistical      job 414/2270 ( 18.2%) win=11/12 elapsed=  9.7m eta= 43.5m fin~20:38 model_complete
  [S03b] LightGBM         Machine learning job 414/2270 ( 18.2%) win=11/12 elapsed=  9.7m eta= 43.5m fin~20:38 model_complete
  [S03b] Theta            Statistical      job 414/2270 ( 18.2%) win=11/12 elapsed=  9.7m eta= 43.5m fin~20:38 model_complete
  [S03b] XGBoost          Machine learning job 414/2270 ( 18.2%) win=12/12 elapsed=  9.7m eta= 43.5m fin~20:38 model_complete
  [S03b] AutoARIMA        Statistical      job 415/2270 ( 18.3%) win=12/12 elapsed=  9.7m eta= 43.5m fin~20:38 model_complete
  [S03b] ETS Explicit     Statistical      job 415/2270 ( 18.3%) win=12/12 elapsed=  9.7m eta= 43.5m fin~20:38 model_complete
  [S03b] LightGBM         Machine learning job 415/2270 ( 18.3%) win=12/12 elapsed=  9.7m eta= 43.5m fin~20:38 model_complete
  [S03b] Theta            Statistical      job 415/2270 ( 18.3%) win=12/12 elapsed=  9.7m eta= 43.5m fin~20:38 model_complete
  [S03b] XGBoost          Machine learning job 2075/2270 ( 91.4%) win=12/12 elapsed=  9.7m eta=  0.9m fin~19:55 running
  [S03b] XGBoost          Machine learning job 415/2270 ( 18.3%) win=1/12 elapsed=  9.7m eta= 43.5m fin~20:38 model_complete
  [S03b] AutoARIMA        Statistical      job 416/2270 ( 18.3%) win=1/12 elapsed=  9.7m eta= 43.5m fin~20:38 model_complete
  [S03b] ETS Explicit     Statistical      job 416/2270 ( 18.3%) win=1/12 elapsed=  9.7m eta= 43.5m fin~20:38 model_complete
  [S03b] LightGBM         Machine learning job 416/2270 ( 18.3%) win=1/12 elapsed=  9.7m eta= 43.5m fin~20:38 model_complete
  [S03b] Theta            Statistical      job 416/2270 ( 18.3%) win=1/12 elapsed=  9.8m eta= 43.5m fin~20:38 model_complete
  [S03b] XGBoost          Machine learning job 416/2270 ( 18.3%) win=2/12 elapsed=  9.8m eta= 43.5m fin~20:38 model_complete
  [S03b] AutoARIMA        Statistical      job 417/2270 ( 18.4%) win=2/12 elapsed=  9.8m eta= 43.4m fin~20:38 model_complete
  [S03b] ETS Explicit     Statistical      job 417/2270 ( 18.4%) win=2/12 elapsed=  9.8m eta= 43.4m fin~20:38 model_complete
  [S03b] LightGBM         Machine learning job 417/2270 ( 18.4%) win=2/12 elapsed=  9.8m eta= 43.4m fin~20:38 model_complete
  [S03b] Theta            Statistical      job 417/2270 ( 18.4%) win=2/12 elapsed=  9.8m eta= 43.4m fin~20:38 model_complete
  [S03b] XGBoost          Machine learning job 417/2270 ( 18.4%) win=3/12 elapsed=  9.8m eta= 43.4m fin~20:38 model_complete
  [S03b] AutoARIMA        Statistical      job 418/2270 ( 18.4%) win=3/12 elapsed=  9.8m eta= 43.5m fin~20:38 model_complete
  [S03b] ETS Explicit     Statistical      job 418/2270 ( 18.4%) win=3/12 elapsed=  9.8m eta= 43.5m fin~20:38 model_complete
  [S03b] LightGBM         Machine learning job 418/2270 ( 18.4%) win=3/12 elapsed=  9.8m eta= 43.5m fin~20:38 model_complete
  [S03b] Theta            Statistical      job 418/2270 ( 18.4%) win=3/12 elapsed=  9.8m eta= 43.5m fin~20:38 model_complete
  [S03b] XGBoost          Machine learning job 418/2270 ( 18.4%) win=6/12 elapsed=  9.8m eta= 43.5m fin~20:38 model_complete
  [S03b] AutoARIMA        Statistical      job 419/2270 ( 18.5%) win=6/12 elapsed=  9.8m eta= 43.5m fin~20:38 model_complete
  [S03b] ETS Explicit     Statistical      job 419/2270 ( 18.5%) win=6/12 elapsed=  9.8m eta= 43.5m fin~20:38 model_complete
  [S03b] LightGBM         Machine learning job 419/2270 ( 18.5%) win=6/12 elapsed=  9.8m eta= 43.5m fin~20:38 model_complete
  [S03b] Theta            Statistical      job 419/2270 ( 18.5%) win=6/12 elapsed=  9.8m eta= 43.5m fin~20:38 model_complete
  [S03b] XGBoost          Machine learning job 419/2270 ( 18.5%) win=7/12 elapsed=  9.8m eta= 43.5m fin~20:38 model_complete
  [S03b] AutoARIMA        Statistical      job 420/2270 ( 18.5%) win=7/12 elapsed=  9.9m eta= 43.5m fin~20:38 model_complete
  [S03b] ETS Explicit     Statistical      job 420/2270 ( 18.5%) win=7/12 elapsed=  9.9m eta= 43.5m fin~20:38 model_complete
  [S03b] LightGBM         Machine learning job 420/2270 ( 18.5%) win=7/12 elapsed=  9.9m eta= 43.5m fin~20:38 model_complete
  [S03b] Theta            Statistical      job 420/2270 ( 18.5%) win=7/12 elapsed=  9.9m eta= 43.5m fin~20:38 model_complete
  [S03b] XGBoost          Machine learning job 2100/2270 ( 92.5%) win=7/12 elapsed=  9.9m eta=  0.8m fin~19:55 running
  [S03b] XGBoost          Machine learning job 420/2270 ( 18.5%) win=8/12 elapsed=  9.9m eta= 43.5m fin~20:38 model_complete
  [S03b] AutoARIMA        Statistical      job 421/2270 ( 18.5%) win=8/12 elapsed=  9.9m eta= 43.4m fin~20:38 model_complete
  [S03b] ETS Explicit     Statistical      job 421/2270 ( 18.5%) win=8/12 elapsed=  9.9m eta= 43.4m fin~20:38 model_complete
  [S03b] LightGBM         Machine learning job 421/2270 ( 18.5%) win=8/12 elapsed=  9.9m eta= 43.4m fin~20:38 model_complete
  [S03b] Theta            Statistical      job 421/2270 ( 18.5%) win=8/12 elapsed=  9.9m eta= 43.4m fin~20:38 model_complete
  [S03b] XGBoost          Machine learning job 421/2270 ( 18.5%) win=9/12 elapsed=  9.9m eta= 43.4m fin~20:38 model_complete
  [S03b] AutoARIMA        Statistical      job 422/2270 ( 18.6%) win=9/12 elapsed=  9.9m eta= 43.4m fin~20:38 model_complete
  [S03b] ETS Explicit     Statistical      job 422/2270 ( 18.6%) win=9/12 elapsed=  9.9m eta= 43.4m fin~20:38 model_complete
  [S03b] LightGBM         Machine learning job 422/2270 ( 18.6%) win=9/12 elapsed=  9.9m eta= 43.4m fin~20:38 model_complete
  [S03b] Theta            Statistical      job 422/2270 ( 18.6%) win=9/12 elapsed=  9.9m eta= 43.4m fin~20:38 model_complete
  [S03b] XGBoost          Machine learning job 422/2270 ( 18.6%) win=10/12 elapsed=  9.9m eta= 43.4m fin~20:38 model_complete
  [S03b] AutoARIMA        Statistical      job 423/2270 ( 18.6%) win=10/12 elapsed=  9.9m eta= 43.4m fin~20:38 model_complete
  [S03b] ETS Explicit     Statistical      job 423/2270 ( 18.6%) win=10/12 elapsed=  9.9m eta= 43.4m fin~20:38 model_complete
  [S03b] LightGBM         Machine learning job 423/2270 ( 18.6%) win=10/12 elapsed=  9.9m eta= 43.4m fin~20:38 model_complete
  [S03b] Theta            Statistical      job 423/2270 ( 18.6%) win=10/12 elapsed=  9.9m eta= 43.4m fin~20:38 model_complete
  [S03b] XGBoost          Machine learning job 423/2270 ( 18.6%) win=11/12 elapsed=  9.9m eta= 43.4m fin~20:38 model_complete
  [S03b] AutoARIMA        Statistical      job 424/2270 ( 18.7%) win=11/12 elapsed= 10.0m eta= 43.4m fin~20:38 model_complete
  [S03b] ETS Explicit     Statistical      job 424/2270 ( 18.7%) win=11/12 elapsed= 10.0m eta= 43.4m fin~20:38 model_complete
  [S03b] LightGBM         Machine learning job 424/2270 ( 18.7%) win=11/12 elapsed= 10.0m eta= 43.4m fin~20:38 model_complete
  [S03b] Theta            Statistical      job 424/2270 ( 18.7%) win=11/12 elapsed= 10.0m eta= 43.4m fin~20:38 model_complete
  [S03b] XGBoost          Machine learning job 424/2270 ( 18.7%) win=12/12 elapsed= 10.0m eta= 43.4m fin~20:38 model_complete
  [S03b] AutoARIMA        Statistical      job 425/2270 ( 18.7%) win=12/12 elapsed= 10.0m eta= 43.4m fin~20:38 model_complete
  [S03b] ETS Explicit     Statistical      job 425/2270 ( 18.7%) win=12/12 elapsed= 10.0m eta= 43.4m fin~20:38 model_complete
  [S03b] LightGBM         Machine learning job 425/2270 ( 18.7%) win=12/12 elapsed= 10.0m eta= 43.4m fin~20:38 model_complete
  [S03b] Theta            Statistical      job 425/2270 ( 18.7%) win=12/12 elapsed= 10.0m eta= 43.4m fin~20:38 model_complete
  [S03b] XGBoost          Machine learning job 2125/2270 ( 93.6%) win=12/12 elapsed= 10.0m eta=  0.7m fin~19:55 running
  [S03b] XGBoost          Machine learning job 425/2270 ( 18.7%) win=1/12 elapsed= 10.0m eta= 43.4m fin~20:38 model_complete
  [S03b] AutoARIMA        Statistical      job 426/2270 ( 18.8%) win=1/12 elapsed= 10.0m eta= 43.3m fin~20:38 model_complete
  [S03b] ETS Explicit     Statistical      job 426/2270 ( 18.8%) win=1/12 elapsed= 10.0m eta= 43.3m fin~20:38 model_complete
  [S03b] LightGBM         Machine learning job 426/2270 ( 18.8%) win=1/12 elapsed= 10.0m eta= 43.3m fin~20:38 model_complete
  [S03b] Theta            Statistical      job 426/2270 ( 18.8%) win=1/12 elapsed= 10.0m eta= 43.3m fin~20:38 model_complete
  [S03b] XGBoost          Machine learning job 426/2270 ( 18.8%) win=2/12 elapsed= 10.0m eta= 43.3m fin~20:38 model_complete
  [S03b] AutoARIMA        Statistical      job 427/2270 ( 18.8%) win=2/12 elapsed= 10.0m eta= 43.2m fin~20:38 model_complete
  [S03b] ETS Explicit     Statistical      job 427/2270 ( 18.8%) win=2/12 elapsed= 10.0m eta= 43.2m fin~20:38 model_complete
  [S03b] LightGBM         Machine learning job 427/2270 ( 18.8%) win=2/12 elapsed= 10.0m eta= 43.2m fin~20:38 model_complete
  [S03b] Theta            Statistical      job 427/2270 ( 18.8%) win=2/12 elapsed= 10.0m eta= 43.2m fin~20:38 model_complete
  [S03b] XGBoost          Machine learning job 427/2270 ( 18.8%) win=3/12 elapsed= 10.0m eta= 43.2m fin~20:38 model_complete
  [S03b] AutoARIMA        Statistical      job 428/2270 ( 18.9%) win=3/12 elapsed= 10.0m eta= 43.2m fin~20:38 model_complete
  [S03b] ETS Explicit     Statistical      job 428/2270 ( 18.9%) win=3/12 elapsed= 10.0m eta= 43.2m fin~20:38 model_complete
  [S03b] LightGBM         Machine learning job 428/2270 ( 18.9%) win=3/12 elapsed= 10.0m eta= 43.2m fin~20:38 model_complete
  [S03b] Theta            Statistical      job 428/2270 ( 18.9%) win=3/12 elapsed= 10.0m eta= 43.2m fin~20:38 model_complete
  [S03b] XGBoost          Machine learning job 428/2270 ( 18.9%) win=4/12 elapsed= 10.0m eta= 43.2m fin~20:38 model_complete
  [S03b] AutoARIMA        Statistical      job 429/2270 ( 18.9%) win=4/12 elapsed= 10.0m eta= 43.1m fin~20:38 model_complete
  [S03b] ETS Explicit     Statistical      job 429/2270 ( 18.9%) win=4/12 elapsed= 10.0m eta= 43.1m fin~20:38 model_complete
  [S03b] LightGBM         Machine learning job 429/2270 ( 18.9%) win=4/12 elapsed= 10.1m eta= 43.1m fin~20:38 model_complete
  [S03b] Theta            Statistical      job 429/2270 ( 18.9%) win=4/12 elapsed= 10.1m eta= 43.1m fin~20:38 model_complete
  [S03b] XGBoost          Machine learning job 429/2270 ( 18.9%) win=5/12 elapsed= 10.1m eta= 43.1m fin~20:38 model_complete
  [S03b] AutoARIMA        Statistical      job 430/2270 ( 18.9%) win=5/12 elapsed= 10.1m eta= 43.2m fin~20:38 model_complete
  [S03b] ETS Explicit     Statistical      job 430/2270 ( 18.9%) win=5/12 elapsed= 10.1m eta= 43.2m fin~20:38 model_complete
  [S03b] LightGBM         Machine learning job 430/2270 ( 18.9%) win=5/12 elapsed= 10.1m eta= 43.2m fin~20:38 model_complete
  [S03b] Theta            Statistical      job 430/2270 ( 18.9%) win=5/12 elapsed= 10.1m eta= 43.2m fin~20:38 model_complete
  [S03b] XGBoost          Machine learning job 2150/2270 ( 94.7%) win=5/12 elapsed= 10.1m eta=  0.6m fin~19:55 running
  [S03b] XGBoost          Machine learning job 430/2270 ( 18.9%) win=6/12 elapsed= 10.1m eta= 43.2m fin~20:38 model_complete
  [S03b] AutoARIMA        Statistical      job 431/2270 ( 19.0%) win=6/12 elapsed= 10.1m eta= 43.2m fin~20:38 model_complete
  [S03b] ETS Explicit     Statistical      job 431/2270 ( 19.0%) win=6/12 elapsed= 10.1m eta= 43.2m fin~20:38 model_complete
  [S03b] LightGBM         Machine learning job 431/2270 ( 19.0%) win=6/12 elapsed= 10.1m eta= 43.2m fin~20:38 model_complete
  [S03b] Theta            Statistical      job 431/2270 ( 19.0%) win=6/12 elapsed= 10.1m eta= 43.2m fin~20:38 model_complete
  [S03b] XGBoost          Machine learning job 431/2270 ( 19.0%) win=7/12 elapsed= 10.1m eta= 43.2m fin~20:38 model_complete
  [S03b] AutoARIMA        Statistical      job 432/2270 ( 19.0%) win=7/12 elapsed= 10.2m eta= 43.2m fin~20:38 model_complete
  [S03b] ETS Explicit     Statistical      job 432/2270 ( 19.0%) win=7/12 elapsed= 10.2m eta= 43.2m fin~20:38 model_complete
  [S03b] LightGBM         Machine learning job 432/2270 ( 19.0%) win=7/12 elapsed= 10.2m eta= 43.2m fin~20:38 model_complete
  [S03b] Theta            Statistical      job 432/2270 ( 19.0%) win=7/12 elapsed= 10.2m eta= 43.2m fin~20:38 model_complete
  [S03b] XGBoost          Machine learning job 432/2270 ( 19.0%) win=8/12 elapsed= 10.2m eta= 43.2m fin~20:38 model_complete
  [S03b] AutoARIMA        Statistical      job 433/2270 ( 19.1%) win=8/12 elapsed= 10.2m eta= 43.2m fin~20:38 model_complete
  [S03b] ETS Explicit     Statistical      job 433/2270 ( 19.1%) win=8/12 elapsed= 10.2m eta= 43.2m fin~20:38 model_complete
  [S03b] LightGBM         Machine learning job 433/2270 ( 19.1%) win=8/12 elapsed= 10.2m eta= 43.2m fin~20:38 model_complete
  [S03b] Theta            Statistical      job 433/2270 ( 19.1%) win=8/12 elapsed= 10.2m eta= 43.2m fin~20:38 model_complete
  [S03b] XGBoost          Machine learning job 433/2270 ( 19.1%) win=9/12 elapsed= 10.2m eta= 43.2m fin~20:38 model_complete
  [S03b] AutoARIMA        Statistical      job 434/2270 ( 19.1%) win=9/12 elapsed= 10.2m eta= 43.2m fin~20:38 model_complete
  [S03b] ETS Explicit     Statistical      job 434/2270 ( 19.1%) win=9/12 elapsed= 10.2m eta= 43.2m fin~20:38 model_complete
  [S03b] LightGBM         Machine learning job 434/2270 ( 19.1%) win=9/12 elapsed= 10.2m eta= 43.2m fin~20:38 model_complete
  [S03b] Theta            Statistical      job 434/2270 ( 19.1%) win=9/12 elapsed= 10.2m eta= 43.2m fin~20:38 model_complete
  [S03b] XGBoost          Machine learning job 434/2270 ( 19.1%) win=10/12 elapsed= 10.2m eta= 43.2m fin~20:38 model_complete
  [S03b] AutoARIMA        Statistical      job 435/2270 ( 19.2%) win=10/12 elapsed= 10.2m eta= 43.2m fin~20:38 model_complete
  [S03b] ETS Explicit     Statistical      job 435/2270 ( 19.2%) win=10/12 elapsed= 10.3m eta= 43.2m fin~20:38 model_complete
  [S03b] LightGBM         Machine learning job 435/2270 ( 19.2%) win=10/12 elapsed= 10.3m eta= 43.2m fin~20:38 model_complete
  [S03b] Theta            Statistical      job 435/2270 ( 19.2%) win=10/12 elapsed= 10.3m eta= 43.2m fin~20:38 model_complete
  [S03b] XGBoost          Machine learning job 2175/2270 ( 95.8%) win=10/12 elapsed= 10.3m eta=  0.5m fin~19:55 running
  [S03b] XGBoost          Machine learning job 435/2270 ( 19.2%) win=11/12 elapsed= 10.3m eta= 43.2m fin~20:38 model_complete
  [S03b] AutoARIMA        Statistical      job 436/2270 ( 19.2%) win=11/12 elapsed= 10.3m eta= 43.3m fin~20:38 model_complete
  [S03b] ETS Explicit     Statistical      job 436/2270 ( 19.2%) win=11/12 elapsed= 10.3m eta= 43.3m fin~20:38 model_complete
  [S03b] LightGBM         Machine learning job 436/2270 ( 19.2%) win=11/12 elapsed= 10.3m eta= 43.3m fin~20:38 model_complete
  [S03b] Theta            Statistical      job 436/2270 ( 19.2%) win=11/12 elapsed= 10.3m eta= 43.3m fin~20:38 model_complete
  [S03b] XGBoost          Machine learning job 436/2270 ( 19.2%) win=12/12 elapsed= 10.3m eta= 43.3m fin~20:38 model_complete
  [S03b] AutoARIMA        Statistical      job 437/2270 ( 19.3%) win=12/12 elapsed= 10.3m eta= 43.3m fin~20:38 model_complete
  [S03b] ETS Explicit     Statistical      job 437/2270 ( 19.3%) win=12/12 elapsed= 10.3m eta= 43.3m fin~20:38 model_complete
  [S03b] LightGBM         Machine learning job 437/2270 ( 19.3%) win=12/12 elapsed= 10.3m eta= 43.3m fin~20:38 model_complete
  [S03b] Theta            Statistical      job 437/2270 ( 19.3%) win=12/12 elapsed= 10.3m eta= 43.3m fin~20:38 model_complete
  [S03b] XGBoost          Machine learning job 437/2270 ( 19.3%) win=6/12 elapsed= 10.3m eta= 43.3m fin~20:38 model_complete
  [S03b] AutoARIMA        Statistical      job 438/2270 ( 19.3%) win=6/12 elapsed= 10.3m eta= 43.2m fin~20:38 model_complete
  [S03b] ETS Explicit     Statistical      job 438/2270 ( 19.3%) win=6/12 elapsed= 10.3m eta= 43.2m fin~20:38 model_complete
  [S03b] LightGBM         Machine learning job 438/2270 ( 19.3%) win=6/12 elapsed= 10.3m eta= 43.2m fin~20:38 model_complete
  [S03b] Theta            Statistical      job 438/2270 ( 19.3%) win=6/12 elapsed= 10.3m eta= 43.2m fin~20:38 model_complete
  [S03b] XGBoost          Machine learning job 438/2270 ( 19.3%) win=7/12 elapsed= 10.3m eta= 43.2m fin~20:38 model_complete
  [S03b] AutoARIMA        Statistical      job 439/2270 ( 19.3%) win=7/12 elapsed= 10.3m eta= 43.1m fin~20:38 model_complete
  [S03b] ETS Explicit     Statistical      job 439/2270 ( 19.3%) win=7/12 elapsed= 10.3m eta= 43.1m fin~20:38 model_complete
  [S03b] LightGBM         Machine learning job 439/2270 ( 19.3%) win=7/12 elapsed= 10.3m eta= 43.1m fin~20:38 model_complete
  [S03b] Theta            Statistical      job 439/2270 ( 19.3%) win=7/12 elapsed= 10.3m eta= 43.1m fin~20:38 model_complete
  [S03b] XGBoost          Machine learning job 439/2270 ( 19.3%) win=8/12 elapsed= 10.3m eta= 43.1m fin~20:38 model_complete
  [S03b] AutoARIMA        Statistical      job 440/2270 ( 19.4%) win=8/12 elapsed= 10.3m eta= 43.0m fin~20:38 model_complete
  [S03b] ETS Explicit     Statistical      job 440/2270 ( 19.4%) win=8/12 elapsed= 10.3m eta= 43.0m fin~20:38 model_complete
  [S03b] LightGBM         Machine learning job 440/2270 ( 19.4%) win=8/12 elapsed= 10.3m eta= 43.0m fin~20:38 model_complete
  [S03b] Theta            Statistical      job 440/2270 ( 19.4%) win=8/12 elapsed= 10.3m eta= 43.0m fin~20:38 model_complete
  [S03b] XGBoost          Machine learning job 2200/2270 ( 96.9%) win=8/12 elapsed= 10.3m eta=  0.3m fin~19:55 running
  [S03b] XGBoost          Machine learning job 440/2270 ( 19.4%) win=9/12 elapsed= 10.3m eta= 43.0m fin~20:38 model_complete
  [S03b] AutoARIMA        Statistical      job 441/2270 ( 19.4%) win=9/12 elapsed= 10.3m eta= 42.9m fin~20:38 model_complete
  [S03b] ETS Explicit     Statistical      job 441/2270 ( 19.4%) win=9/12 elapsed= 10.3m eta= 42.9m fin~20:38 model_complete
  [S03b] LightGBM         Machine learning job 441/2270 ( 19.4%) win=9/12 elapsed= 10.4m eta= 42.9m fin~20:38 model_complete
  [S03b] Theta            Statistical      job 441/2270 ( 19.4%) win=9/12 elapsed= 10.4m eta= 42.9m fin~20:38 model_complete
  [S03b] XGBoost          Machine learning job 441/2270 ( 19.4%) win=10/12 elapsed= 10.4m eta= 42.9m fin~20:38 model_complete
  [S03b] AutoARIMA        Statistical      job 442/2270 ( 19.5%) win=10/12 elapsed= 10.4m eta= 42.8m fin~20:38 model_complete
  [S03b] ETS Explicit     Statistical      job 442/2270 ( 19.5%) win=10/12 elapsed= 10.4m eta= 42.8m fin~20:38 model_complete
  [S03b] LightGBM         Machine learning job 442/2270 ( 19.5%) win=10/12 elapsed= 10.4m eta= 42.8m fin~20:38 model_complete
  [S03b] Theta            Statistical      job 442/2270 ( 19.5%) win=10/12 elapsed= 10.4m eta= 42.8m fin~20:38 model_complete
  [S03b] XGBoost          Machine learning job 442/2270 ( 19.5%) win=11/12 elapsed= 10.4m eta= 42.8m fin~20:38 model_complete
  [S03b] AutoARIMA        Statistical      job 443/2270 ( 19.5%) win=11/12 elapsed= 10.4m eta= 42.8m fin~20:38 model_complete
  [S03b] ETS Explicit     Statistical      job 443/2270 ( 19.5%) win=11/12 elapsed= 10.4m eta= 42.8m fin~20:38 model_complete
  [S03b] LightGBM         Machine learning job 443/2270 ( 19.5%) win=11/12 elapsed= 10.4m eta= 42.8m fin~20:38 model_complete
  [S03b] Theta            Statistical      job 443/2270 ( 19.5%) win=11/12 elapsed= 10.4m eta= 42.8m fin~20:38 model_complete
  [S03b] XGBoost          Machine learning job 443/2270 ( 19.5%) win=12/12 elapsed= 10.4m eta= 42.8m fin~20:38 model_complete
  [S03b] AutoARIMA        Statistical      job 444/2270 ( 19.6%) win=12/12 elapsed= 10.4m eta= 42.7m fin~20:38 model_complete
  [S03b] ETS Explicit     Statistical      job 444/2270 ( 19.6%) win=12/12 elapsed= 10.4m eta= 42.7m fin~20:38 model_complete
  [S03b] LightGBM         Machine learning job 444/2270 ( 19.6%) win=12/12 elapsed= 10.4m eta= 42.7m fin~20:38 model_complete
  [S03b] Theta            Statistical      job 444/2270 ( 19.6%) win=12/12 elapsed= 10.4m eta= 42.7m fin~20:38 model_complete
  [S03b] XGBoost          Machine learning job 444/2270 ( 19.6%) win=1/12 elapsed= 10.4m eta= 42.7m fin~20:38 model_complete
  [S03b] AutoARIMA        Statistical      job 445/2270 ( 19.6%) win=1/12 elapsed= 10.4m eta= 42.6m fin~20:38 model_complete
  [S03b] ETS Explicit     Statistical      job 445/2270 ( 19.6%) win=1/12 elapsed= 10.4m eta= 42.6m fin~20:38 model_complete
  [S03b] LightGBM         Machine learning job 445/2270 ( 19.6%) win=1/12 elapsed= 10.4m eta= 42.6m fin~20:38 model_complete
  [S03b] Theta            Statistical      job 445/2270 ( 19.6%) win=1/12 elapsed= 10.4m eta= 42.6m fin~20:38 model_complete
  [S03b] XGBoost          Machine learning job 2225/2270 ( 98.0%) win=1/12 elapsed= 10.4m eta=  0.2m fin~19:55 running
  [S03b] XGBoost          Machine learning job 445/2270 ( 19.6%) win=2/12 elapsed= 10.4m eta= 42.6m fin~20:38 model_complete
  [S03b] AutoARIMA        Statistical      job 446/2270 ( 19.6%) win=2/12 elapsed= 10.4m eta= 42.6m fin~20:37 model_complete
  [S03b] ETS Explicit     Statistical      job 446/2270 ( 19.6%) win=2/12 elapsed= 10.4m eta= 42.6m fin~20:37 model_complete
  [S03b] LightGBM         Machine learning job 446/2270 ( 19.6%) win=2/12 elapsed= 10.4m eta= 42.6m fin~20:37 model_complete
  [S03b] Theta            Statistical      job 446/2270 ( 19.6%) win=2/12 elapsed= 10.4m eta= 42.6m fin~20:37 model_complete
  [S03b] XGBoost          Machine learning job 446/2270 ( 19.6%) win=3/12 elapsed= 10.4m eta= 42.6m fin~20:38 model_complete
  [S03b] AutoARIMA        Statistical      job 447/2270 ( 19.7%) win=3/12 elapsed= 10.4m eta= 42.5m fin~20:37 model_complete
  [S03b] ETS Explicit     Statistical      job 447/2270 ( 19.7%) win=3/12 elapsed= 10.4m eta= 42.5m fin~20:37 model_complete
  [S03b] LightGBM         Machine learning job 447/2270 ( 19.7%) win=3/12 elapsed= 10.4m eta= 42.5m fin~20:37 model_complete
  [S03b] Theta            Statistical      job 447/2270 ( 19.7%) win=3/12 elapsed= 10.4m eta= 42.5m fin~20:37 model_complete
  [S03b] XGBoost          Machine learning job 447/2270 ( 19.7%) win=6/12 elapsed= 10.4m eta= 42.5m fin~20:37 model_complete
  [S03b] AutoARIMA        Statistical      job 448/2270 ( 19.7%) win=6/12 elapsed= 10.5m eta= 42.6m fin~20:38 model_complete
  [S03b] ETS Explicit     Statistical      job 448/2270 ( 19.7%) win=6/12 elapsed= 10.5m eta= 42.6m fin~20:38 model_complete
  [S03b] LightGBM         Machine learning job 448/2270 ( 19.7%) win=6/12 elapsed= 10.5m eta= 42.6m fin~20:38 model_complete
  [S03b] Theta            Statistical      job 448/2270 ( 19.7%) win=6/12 elapsed= 10.5m eta= 42.6m fin~20:38 model_complete
  [S03b] XGBoost          Machine learning job 448/2270 ( 19.7%) win=7/12 elapsed= 10.5m eta= 42.6m fin~20:38 model_complete
  [S03b] AutoARIMA        Statistical      job 449/2270 ( 19.8%) win=7/12 elapsed= 10.5m eta= 42.6m fin~20:38 model_complete
  [S03b] ETS Explicit     Statistical      job 449/2270 ( 19.8%) win=7/12 elapsed= 10.5m eta= 42.6m fin~20:38 model_complete
  [S03b] LightGBM         Machine learning job 449/2270 ( 19.8%) win=7/12 elapsed= 10.5m eta= 42.6m fin~20:38 model_complete
  [S03b] Theta            Statistical      job 449/2270 ( 19.8%) win=7/12 elapsed= 10.5m eta= 42.6m fin~20:38 model_complete
  [S03b] XGBoost          Machine learning job 449/2270 ( 19.8%) win=8/12 elapsed= 10.5m eta= 42.6m fin~20:38 model_complete
  [S03b] AutoARIMA        Statistical      job 450/2270 ( 19.8%) win=8/12 elapsed= 10.5m eta= 42.6m fin~20:38 model_complete
  [S03b] ETS Explicit     Statistical      job 450/2270 ( 19.8%) win=8/12 elapsed= 10.5m eta= 42.6m fin~20:38 model_complete
  [S03b] LightGBM         Machine learning job 450/2270 ( 19.8%) win=8/12 elapsed= 10.5m eta= 42.6m fin~20:38 model_complete
  [S03b] Theta            Statistical      job 450/2270 ( 19.8%) win=8/12 elapsed= 10.5m eta= 42.6m fin~20:38 model_complete
  [S03b] XGBoost          Machine learning job 2250/2270 ( 99.1%) win=8/12 elapsed= 10.5m eta=  0.1m fin~19:55 running
  [S03b] XGBoost          Machine learning job 450/2270 ( 19.8%) win=9/12 elapsed= 10.5m eta= 42.6m fin~20:38 model_complete
  [S03b] AutoARIMA        Statistical      job 451/2270 ( 19.9%) win=9/12 elapsed= 10.6m eta= 42.7m fin~20:38 model_complete
  [S03b] ETS Explicit     Statistical      job 451/2270 ( 19.9%) win=9/12 elapsed= 10.6m eta= 42.7m fin~20:38 model_complete
  [S03b] LightGBM         Machine learning job 451/2270 ( 19.9%) win=9/12 elapsed= 10.6m eta= 42.7m fin~20:38 model_complete
  [S03b] Theta            Statistical      job 451/2270 ( 19.9%) win=9/12 elapsed= 10.6m eta= 42.7m fin~20:38 model_complete
  [S03b] XGBoost          Machine learning job 451/2270 ( 19.9%) win=10/12 elapsed= 10.6m eta= 42.7m fin~20:38 model_complete
  [S03b] AutoARIMA        Statistical      job 452/2270 ( 19.9%) win=10/12 elapsed= 10.6m eta= 42.7m fin~20:38 model_complete
  [S03b] ETS Explicit     Statistical      job 452/2270 ( 19.9%) win=10/12 elapsed= 10.6m eta= 42.7m fin~20:38 model_complete
  [S03b] LightGBM         Machine learning job 452/2270 ( 19.9%) win=10/12 elapsed= 10.6m eta= 42.7m fin~20:38 model_complete
  [S03b] Theta            Statistical      job 452/2270 ( 19.9%) win=10/12 elapsed= 10.6m eta= 42.7m fin~20:38 model_complete
  [S03b] XGBoost          Machine learning job 452/2270 ( 19.9%) win=11/12 elapsed= 10.6m eta= 42.8m fin~20:38 model_complete
  [S03b] AutoARIMA        Statistical      job 453/2270 ( 20.0%) win=11/12 elapsed= 10.7m eta= 42.8m fin~20:38 model_complete
  [S03b] ETS Explicit     Statistical      job 453/2270 ( 20.0%) win=11/12 elapsed= 10.7m eta= 42.8m fin~20:38 model_complete
  [S03b] LightGBM         Machine learning job 453/2270 ( 20.0%) win=11/12 elapsed= 10.7m eta= 42.8m fin~20:38 model_complete
  [S03b] Theta            Statistical      job 453/2270 ( 20.0%) win=11/12 elapsed= 10.7m eta= 42.8m fin~20:38 model_complete
  [S03b] XGBoost          Machine learning job 453/2270 ( 20.0%) win=12/12 elapsed= 10.7m eta= 42.8m fin~20:38 model_complete
  [S03b] AutoARIMA        Statistical      job 454/2270 ( 20.0%) win=12/12 elapsed= 10.7m eta= 42.8m fin~20:38 model_complete
  [S03b] ETS Explicit     Statistical      job 454/2270 ( 20.0%) win=12/12 elapsed= 10.7m eta= 42.8m fin~20:38 model_complete
  [S03b] LightGBM         Machine learning job 454/2270 ( 20.0%) win=12/12 elapsed= 10.7m eta= 42.8m fin~20:38 model_complete
  [S03b] Theta            Statistical      job 454/2270 ( 20.0%) win=12/12 elapsed= 10.7m eta= 42.8m fin~20:38 model_complete
  [S03b] XGBoost          Machine learning job 2270/2270 (100.0%) win=12/12 elapsed= 10.7m eta=  0.0m fin~19:55 running
[S03b] Clean challenger live-fit: COMPLETED (10.71 min, exit=0) budget=OK total_elapsed=18.0m :: jobs=2270 rows=68100 failed_jobs=0
  [S03c] FNAR-V2          Deep Learning    job 1/1 (100.0%) win=1/1 elapsed=  0.0m eta=  0.0m fin~19:55 reuse_complete
  [S03c] NLIN-DLIN_FIXED  Deep Learning    job 1/1 (100.0%) win=1/1 elapsed=  0.0m eta=  0.0m fin~19:55 reuse_complete
  [S03c] SMLP-TCN         Deep Learning    job 1/1 (100.0%) win=1/1 elapsed=  0.0m eta=  0.0m fin~19:55 reuse_complete
[S03c] DL frozen reuse: COMPLETED (0.01 min, exit=0) budget=OK total_elapsed=18.0m :: DL reuse {'FNAR-V2': 13620, 'NLIN-DLIN_FIXED': 13620, 'SMLP-TCN': 13620}
[S04] Forecast outputs / viewer artifacts: COMPLETED (0.07 min, exit=0) budget=OK total_elapsed=18.1m :: [19:55:48] Stage 05H FULL builder done
[S05] Tournament + champion: COMPLETED (0.04 min, exit=0) budget=OK total_elapsed=18.1m :: tournament=COMPLETED; champion=COMPLETED
[S06] Canonical universe: COMPLETED (0.03 min, exit=0) budget=OK total_elapsed=18.1m :: [v3.2h] ALL DATA CHECKS PASSED
[S07] Evaluation exports: COMPLETED (0.02 min, exit=0) budget=OK total_elapsed=18.1m :: [2026-06-27 19:55:53] INFO build_evaluation_dataset - Stage 4.6 evaluation dataset build completed
[S08] Governance exports: COMPLETED (0.01 min, exit=0) budget=OK total_elapsed=18.2m :: [2026-06-27 19:55:54] INFO build_governance_6_0_6_1 - Governance 6.0/6.1 complete: validation_failures=0
[S09] Reference refresh: COMPLETED (0.02 min, exit=0) budget=OK total_elapsed=18.2m ::          C:\Users\oscarau\OneDrive - Microsoft\Desktop\Forecast Generation Codebase Improvement\AEGIS-FORESCASTING-IMPROVEMENT\V3\data\processed\ttl_months_to_live_snapshot.csv
[S10] Dashboard consolidation: COMPLETED (0.01 min, exit=0) budget=OK total_elapsed=18.2m :: [2026-06-27 19:55:56] INFO build_dashboard_exports - Stage 4.5 dashboard export build completed
[S11] Last Update observation: COMPLETED (0.00 min, exit=0) budget=OK total_elapsed=18.2m :: newest artifact recorded
[S12] Pipeline status observation: COMPLETED (0.00 min, exit=0) budget=OK total_elapsed=18.2m :: stages_recorded=15
[S13] Champion audit observation: COMPLETED (0.00 min, exit=0) budget=OK total_elapsed=18.2m :: champion=ETS Explicit; unchanged
Traceback (most recent call last):
  File "C:\Users\oscarau\OneDrive - Microsoft\Desktop\Forecast Generation Codebase Improvement\AEGIS-FORESCASTING-IMPROVEMENT\V3\outputs\v3_3_daily_refresh\v3_3b2_corrected_runtime_benchmark\run_v3_3b2_benchmark.py", line 715, in <module>
    sys.exit(main())
             ~~~~^^
  File "C:\Users\oscarau\OneDrive - Microsoft\Desktop\Forecast Generation Codebase Improvement\AEGIS-FORESCASTING-IMPROVEMENT\V3\outputs\v3_3_daily_refresh\v3_3b2_corrected_runtime_benchmark\run_v3_3b2_benchmark.py", line 614, in main
    rnotes = restore_productive()
  File "C:\Users\oscarau\OneDrive - Microsoft\Desktop\Forecast Generation Codebase Improvement\AEGIS-FORESCASTING-IMPROVEMENT\V3\outputs\v3_3_daily_refresh\v3_3b2_corrected_runtime_benchmark\run_v3_3b2_benchmark.py", line 145, in restore_productive
    shutil.rmtree(d)
    ~~~~~~~~~~~~~^^^
  File "C:\Users\oscarau\AppData\Local\Python\pythoncore-3.14-64\Lib\shutil.py", line 852, in rmtree
    _rmtree_impl(path, dir_fd, onexc)
    ~~~~~~~~~~~~^^^^^^^^^^^^^^^^^^^^^
  File "C:\Users\oscarau\AppData\Local\Python\pythoncore-3.14-64\Lib\shutil.py", line 711, in _rmtree_unsafe
    onexc(os.rmdir, path, err)
    ~~~~~^^^^^^^^^^^^^^^^^^^^^
  File "C:\Users\oscarau\AppData\Local\Python\pythoncore-3.14-64\Lib\shutil.py", line 707, in _rmtree_unsafe
    os.rmdir(path)
    ~~~~~~~~^^^^^^
PermissionError: [WinError 5] Access is denied: 'C:\\Users\\oscarau\\OneDrive - Microsoft\\Desktop\\Forecast Generation Codebase Improvement\\AEGIS-FORESCASTING-IMPROVEMENT\\V3\\outputs\\evaluation'
