model_name,entity_count,global_score,median_entity_score,min_entity_score,max_entity_score,avg_normalized_wmape,avg_normalized_smape,avg_normalized_rmse,avg_normalized_abs_bias,diagnostic_global_position
ARIMA_Fixed,39,50.32051282051282,56.66666666666667,8.333333333333332,97.5,50.427350427350426,50.64102564102564,49.78632478632479,50.427350427350426,4.0
ETS_Current,39,64.17735042735043,69.16666666666667,16.666666666666664,91.66666666666667,63.8888888888889,63.8888888888889,63.24786324786326,63.46153846153846,1.0
FixedGrowth_1_5,39,60.20299145299146,66.66666666666667,0.0,85.83333333333334,59.82905982905983,59.61538461538461,62.606837606837615,59.188034188034194,3.0
FixedGrowth_3,39,48.75,50.0,33.333333333333336,76.66666666666667,48.93162393162394,48.93162393162394,48.504273504273506,47.863247863247864,5.0
FixedGrowth_4,39,32.542735042735046,33.333333333333336,16.666666666666664,66.66666666666667,32.69230769230769,32.69230769230769,31.62393162393162,31.1965811965812,6.0
FixedGrowth_6,39,17.040598290598293,0.0,0.0,83.33333333333334,18.376068376068375,18.376068376068375,16.452991452991455,16.452991452991455,7.0
LinearRegression,39,60.91880341880342,66.66666666666667,8.333333333333332,87.91666666666667,58.76068376068377,58.76068376068377,60.04273504273505,61.53846153846154,2.0
