score_level,row_count,min,p25,median,p75,p90,p95,max,spread
entity_window_composite,3178,0.0,16.666666666666664,50.0,83.33333333333334,100.0,100.0,100.0,100.0
global_model_score,7,17.040598290598293,40.64636752136752,50.32051282051282,60.560897435897445,62.22222222222223,63.199786324786324,64.17735042735043,47.136752136752136
