model_name,metric_rows,median_wmape,p95_wmape,median_rmse,p95_rmse,avg_signed_bias,avg_absolute_bias,underforecast_pct,overforecast_pct
ARIMA_Fixed,454,0.01301677040527815,0.7132047403951076,519.7339682735283,98211.54814272941,-59360.66822518564,62432.583050809066,0.5242290748898678,0.4581497797356828
ETS_Current,454,0.01116396598947345,0.3362774781209935,416.59681455949055,36429.338189357666,-13684.611103880454,16792.48771652971,0.43832599118942733,0.5616740088105727
FixedGrowth_1_5,454,0.00966853690817975,0.2530395573343909,345.51733919049957,18405.012572607095,-4553.965050129806,5680.80163909781,0.486784140969163,0.513215859030837
FixedGrowth_3,454,0.01370379040367525,0.25185142696051616,492.77886116434047,20882.152550891282,-3091.623119289822,6139.2818862905415,0.29515418502202645,0.7048458149779736
FixedGrowth_4,454,0.0177845334487948,0.25383148157773483,677.6168493340583,27529.17868119141,-2116.728498729837,6758.737687235262,0.2422907488986784,0.7577092511013216
FixedGrowth_6,454,0.02579444207280225,0.2626211099779455,985.6576576654616,35956.84899726976,-166.93925760985994,8135.9826715767795,0.19162995594713655,0.8083700440528634
LinearRegression,454,0.012773777584541051,0.26647752265701785,451.22511132432976,21203.118922373615,-4602.621735215468,6202.046975086119,0.4889867841409692,0.5110132158590308
