"file_path","file_name","extension","size_bytes","size_mb","category","stage_or_source","dashboard_feeding_role","evidence_only","contract_only","productive_runtime_input","notes"
"V6/data/processed/actuals.csv","actuals.csv","csv","7359186","7.018267","DASHBOARD_PRODUCTIVE_INPUT","data_processed","CURRENT_REGISTERED_SHINY_INPUT","FALSE","FALSE","TRUE","Path is registered in shiny_app/R/data_loader.R and exists in the snapshot"
"V6/data/processed/entities.csv","entities.csv","csv","3259","0.003108","DASHBOARD_PRODUCTIVE_INPUT","data_processed","CURRENT_REGISTERED_SHINY_INPUT","FALSE","FALSE","TRUE","Path is registered in shiny_app/R/data_loader.R and exists in the snapshot"
"V6/data/processed/forecast_comparison.csv","forecast_comparison.csv","csv","133","0.000127","DASHBOARD_PRODUCTIVE_INPUT","data_processed","CURRENT_REGISTERED_SHINY_INPUT","FALSE","FALSE","TRUE","Path is registered in shiny_app/R/data_loader.R and exists in the snapshot"
"V6/data/processed/forecast_viewer_model_outputs_manifest.csv","forecast_viewer_model_outputs_manifest.csv","csv","3026","0.002886","DASHBOARD_PRODUCTIVE_INPUT","data_processed","CURRENT_REGISTERED_SHINY_INPUT","FALSE","FALSE","TRUE","Path is registered in shiny_app/R/data_loader.R and exists in the snapshot"
"V6/data/processed/forecast_viewer_model_outputs_pilot_manifest.csv","forecast_viewer_model_outputs_pilot_manifest.csv","csv","1126","0.001074","DASHBOARD_PRODUCTIVE_INPUT","data_processed","CURRENT_REGISTERED_SHINY_INPUT","FALSE","FALSE","TRUE","Path is registered in shiny_app/R/data_loader.R and exists in the snapshot"
"V6/data/processed/forecast_viewer_model_outputs_pilot_sample.csv","forecast_viewer_model_outputs_pilot_sample.csv","csv","50821","0.048467","PROCESSED_DATA","data_processed","NONE","FALSE","FALSE","FALSE","Historical validation report log backup script or other non-runtime evidence"
"V6/data/processed/forecast_viewer_model_outputs_pilot.csv","forecast_viewer_model_outputs_pilot.csv","csv","3573931","3.408366","DASHBOARD_PRODUCTIVE_INPUT","data_processed","CURRENT_REGISTERED_SHINY_INPUT","FALSE","FALSE","TRUE","Path is registered in shiny_app/R/data_loader.R and exists in the snapshot"
"V6/data/processed/forecast_viewer_model_outputs_sample.csv","forecast_viewer_model_outputs_sample.csv","csv","16799","0.016021","PROCESSED_DATA","data_processed","NONE","FALSE","FALSE","FALSE","Historical validation report log backup script or other non-runtime evidence"
"V6/data/processed/forecast_viewer_model_outputs.csv","forecast_viewer_model_outputs.csv","csv","51467614","49.083342","DASHBOARD_PRODUCTIVE_INPUT","data_processed","CURRENT_REGISTERED_SHINY_INPUT","FALSE","FALSE","TRUE","Path is registered in shiny_app/R/data_loader.R and exists in the snapshot"
"V6/data/processed/forecasts_with_intervals_relative_60d_calibrated.csv","forecasts_with_intervals_relative_60d_calibrated.csv","csv","20847730","19.881945","DASHBOARD_PRODUCTIVE_INPUT","data_processed","CURRENT_REGISTERED_SHINY_INPUT","FALSE","FALSE","TRUE","Path is registered in shiny_app/R/data_loader.R and exists in the snapshot"
"V6/data/processed/forecasts_with_intervals_relative_60d.csv","forecasts_with_intervals_relative_60d.csv","csv","19904436","18.982349","PROCESSED_DATA","data_processed","NONE","FALSE","FALSE","FALSE","Historical validation report log backup script or other non-runtime evidence"
"V6/data/processed/forecasts_with_intervals_relative.csv","forecasts_with_intervals_relative.csv","csv","20033057","19.105012","DASHBOARD_PRODUCTIVE_INPUT","data_processed","CURRENT_REGISTERED_SHINY_INPUT","FALSE","FALSE","TRUE","Path is registered in shiny_app/R/data_loader.R and exists in the snapshot"
"V6/data/processed/forecasts_with_intervals.csv","forecasts_with_intervals.csv","csv","12516890","11.937037","PROCESSED_DATA","data_processed","NONE","FALSE","FALSE","FALSE","Historical validation report log backup script or other non-runtime evidence"
"V6/data/processed/forecasts.csv","forecasts.csv","csv","8559916","8.163372","DASHBOARD_PRODUCTIVE_INPUT","data_processed","CURRENT_REGISTERED_SHINY_INPUT","FALSE","FALSE","TRUE","Path is registered in shiny_app/R/data_loader.R and exists in the snapshot"
"V6/data/processed/model_champion_comparison.csv","model_champion_comparison.csv","csv","759","0.000724","DASHBOARD_PRODUCTIVE_INPUT","data_processed","CURRENT_REGISTERED_SHINY_INPUT","FALSE","FALSE","TRUE","Path is registered in shiny_app/R/data_loader.R and exists in the snapshot"
"V6/data/processed/model_dashboard_summary.csv","model_dashboard_summary.csv","csv","621","0.000592","DASHBOARD_PRODUCTIVE_INPUT","data_processed","CURRENT_REGISTERED_SHINY_INPUT","FALSE","FALSE","TRUE","Path is registered in shiny_app/R/data_loader.R and exists in the snapshot"
"V6/data/processed/model_evaluation_ranking.csv","model_evaluation_ranking.csv","csv","646","0.000616","DASHBOARD_PRODUCTIVE_INPUT","data_processed","CURRENT_REGISTERED_SHINY_INPUT","FALSE","FALSE","TRUE","Path is registered in shiny_app/R/data_loader.R and exists in the snapshot"
"V6/data/processed/model_evaluation_summary.csv","model_evaluation_summary.csv","csv","1722","0.001642","DASHBOARD_PRODUCTIVE_INPUT","data_processed","CURRENT_REGISTERED_SHINY_INPUT","FALSE","FALSE","TRUE","Path is registered in shiny_app/R/data_loader.R and exists in the snapshot"
"V6/data/processed/model_runtime_guardrails.csv","model_runtime_guardrails.csv","csv","639","0.000609","DASHBOARD_PRODUCTIVE_INPUT","data_processed","CURRENT_REGISTERED_SHINY_INPUT","FALSE","FALSE","TRUE","Path is registered in shiny_app/R/data_loader.R and exists in the snapshot"
"V6/data/processed/model_universe_canonical.csv","model_universe_canonical.csv","csv","2669","0.002545","DASHBOARD_PRODUCTIVE_INPUT","data_processed","CURRENT_REGISTERED_SHINY_INPUT","FALSE","FALSE","TRUE","Path is registered in shiny_app/R/data_loader.R and exists in the snapshot"
"V6/data/processed/run_metadata_pipeline.csv","run_metadata_pipeline.csv","csv","297","0.000283","PROCESSED_DATA","data_processed","NONE","FALSE","FALSE","FALSE","Historical validation report log backup script or other non-runtime evidence"
"V6/data/processed/run_metadata.csv","run_metadata.csv","csv","412","0.000393","DASHBOARD_PRODUCTIVE_INPUT","data_processed","CURRENT_REGISTERED_SHINY_INPUT","FALSE","FALSE","TRUE","Path is registered in shiny_app/R/data_loader.R and exists in the snapshot"
"V6/data/processed/ttl_months_to_live_snapshot.csv","ttl_months_to_live_snapshot.csv","csv","13247","0.012633","DASHBOARD_PRODUCTIVE_INPUT","data_processed","CURRENT_REGISTERED_SHINY_INPUT","FALSE","FALSE","TRUE","Path is registered in shiny_app/R/data_loader.R and exists in the snapshot"
"V6/data/processed/ttl_supply_demand_timeseries.csv","ttl_supply_demand_timeseries.csv","csv","323211","0.308238","DASHBOARD_PRODUCTIVE_INPUT","data_processed","CURRENT_REGISTERED_SHINY_INPUT","FALSE","FALSE","TRUE","Path is registered in shiny_app/R/data_loader.R and exists in the snapshot"
"V6/data/storage/r6_phase1.duckdb","r6_phase1.duckdb","duckdb","27013120","25.761719","STORAGE_PRODUCTIVE_DATA","data_storage","FUTURE_UNWIRED_STORAGE_INPUT","FALSE","FALSE","TRUE","Validated R7 storage or metadata; not consumed while scenario_resolver.R remains unwired"
"V6/data/storage/ui_metadata/available_keys.csv","available_keys.csv","csv","48052","0.045826","STORAGE_PRODUCTIVE_DATA","data_storage","FUTURE_UNWIRED_STORAGE_INPUT","FALSE","FALSE","TRUE","Validated R7 storage or metadata; not consumed while scenario_resolver.R remains unwired"
"V6/data/storage/ui_metadata/available_model_types.csv","available_model_types.csv","csv","8227","0.007846","STORAGE_PRODUCTIVE_DATA","data_storage","FUTURE_UNWIRED_STORAGE_INPUT","FALSE","FALSE","TRUE","Validated R7 storage or metadata; not consumed while scenario_resolver.R remains unwired"
"V6/data/storage/ui_metadata/available_scenarios.csv","available_scenarios.csv","csv","599","0.000571","STORAGE_PRODUCTIVE_DATA","data_storage","FUTURE_UNWIRED_STORAGE_INPUT","FALSE","FALSE","TRUE","Validated R7 storage or metadata; not consumed while scenario_resolver.R remains unwired"
"V6/data/storage/ui_metadata/available_versions.csv","available_versions.csv","csv","1136","0.001083","STORAGE_PRODUCTIVE_DATA","data_storage","FUTURE_UNWIRED_STORAGE_INPUT","FALSE","FALSE","TRUE","Validated R7 storage or metadata; not consumed while scenario_resolver.R remains unwired"
"V6/data/storage/ui_metadata/scenario_registry.csv","scenario_registry.csv","csv","5628","0.005367","STORAGE_PRODUCTIVE_DATA","data_storage","FUTURE_UNWIRED_STORAGE_INPUT","FALSE","FALSE","TRUE","Validated R7 storage or metadata; not consumed while scenario_resolver.R remains unwired"
"V6/outputs/dashboard/dashboard_metadata.csv","dashboard_metadata.csv","csv","135","0.000129","EVIDENCE_ARTIFACT","dashboard","NONE","TRUE","FALSE","FALSE","Historical validation report log backup script or other non-runtime evidence"
"V6/outputs/dashboard/executive_summary.csv","executive_summary.csv","csv","205","0.000196","EVIDENCE_ARTIFACT","dashboard","NONE","TRUE","FALSE","FALSE","Historical validation report log backup script or other non-runtime evidence"
"V6/outputs/dashboard/horizon_summary.csv","horizon_summary.csv","csv","154","0.000147","EVIDENCE_ARTIFACT","dashboard","NONE","TRUE","FALSE","FALSE","Historical validation report log backup script or other non-runtime evidence"
"V6/outputs/dashboard/metric_summary.csv","metric_summary.csv","csv","472","0.00045","EVIDENCE_ARTIFACT","dashboard","NONE","TRUE","FALSE","FALSE","Historical validation report log backup script or other non-runtime evidence"
"V6/outputs/dashboard/top_entities.csv","top_entities.csv","csv","4551","0.00434","EVIDENCE_ARTIFACT","dashboard","NONE","TRUE","FALSE","FALSE","Historical validation report log backup script or other non-runtime evidence"
"V6/outputs/evaluation/backtest_window_inventory.csv","backtest_window_inventory.csv","csv","3095","0.002952","EVIDENCE_ARTIFACT","evaluation","NONE","TRUE","FALSE","FALSE","Historical validation report log backup script or other non-runtime evidence"
"V6/outputs/evaluation/evaluation_dataset_metadata.csv","evaluation_dataset_metadata.csv","csv","157","0.00015","EVIDENCE_ARTIFACT","evaluation","NONE","TRUE","FALSE","FALSE","Historical validation report log backup script or other non-runtime evidence"
"V6/outputs/evaluation/evaluation_dataset.csv","evaluation_dataset.csv","csv","14753409","14.069947","EVIDENCE_ARTIFACT","evaluation","NONE","TRUE","FALSE","FALSE","Historical validation report log backup script or other non-runtime evidence"
"V6/outputs/evaluation/evaluation_source_inventory.csv","evaluation_source_inventory.csv","csv","1140","0.001087","EVIDENCE_ARTIFACT","evaluation","NONE","TRUE","FALSE","FALSE","Historical validation report log backup script or other non-runtime evidence"
"V6/outputs/evaluation/evaluation_source_summary.txt","evaluation_source_summary.txt","txt","5591","0.005332","EVIDENCE_ARTIFACT","evaluation","NONE","TRUE","FALSE","FALSE","Historical validation report log backup script or other non-runtime evidence"
"V6/outputs/governance/6_0_audit5_finding_resolution/audit5_finding_resolution_report.md","audit5_finding_resolution_report.md","md","917","0.000875","EVIDENCE_ARTIFACT","governance","NONE","TRUE","FALSE","FALSE","Historical validation report log backup script or other non-runtime evidence"
"V6/outputs/governance/6_0_audit5_finding_resolution/audit5_finding_resolution.csv","audit5_finding_resolution.csv","csv","1303","0.001243","EVIDENCE_ARTIFACT","governance","NONE","TRUE","FALSE","FALSE","Historical validation report log backup script or other non-runtime evidence"
"V6/outputs/governance/6_0_audit5_finding_resolution/governed_manifest_correction.csv","governed_manifest_correction.csv","csv","452","0.000431","EVIDENCE_ARTIFACT","governance","NONE","TRUE","FALSE","FALSE","Historical validation report log backup script or other non-runtime evidence"
"V6/outputs/governance/6_1_governance_foundation/governance_6_0_6_1_validation.csv","governance_6_0_6_1_validation.csv","csv","1999","0.001906","EVIDENCE_ARTIFACT","governance","NONE","TRUE","FALSE","FALSE","Historical validation report log backup script or other non-runtime evidence"
"V6/outputs/governance/6_1_governance_foundation/governance_definitions.csv","governance_definitions.csv","csv","3183","0.003036","EVIDENCE_ARTIFACT","governance","NONE","TRUE","FALSE","FALSE","Historical validation report log backup script or other non-runtime evidence"
"V6/outputs/governance/6_1_governance_foundation/governance_foundation_report.md","governance_foundation_report.md","md","1849","0.001763","EVIDENCE_ARTIFACT","governance","NONE","TRUE","FALSE","FALSE","Historical validation report log backup script or other non-runtime evidence"
"V6/outputs/governance/6_1_governance_foundation/governance_status_taxonomy.csv","governance_status_taxonomy.csv","csv","2175","0.002074","CONTRACT_SPEC","governance","NONE","FALSE","TRUE","FALSE","Defines scope behavior schema policy or plan; not runtime data"
"V6/outputs/governance/6_2_decision_rules/decision_action_framework.csv","decision_action_framework.csv","csv","4432","0.004227","CONTRACT_SPEC","governance","NONE","FALSE","TRUE","FALSE","Defines scope behavior schema policy or plan; not runtime data"
"V6/outputs/governance/6_2_decision_rules/decision_rule_traceability.csv","decision_rule_traceability.csv","csv","2249","0.002145","CONTRACT_SPEC","governance","NONE","FALSE","TRUE","FALSE","Defines scope behavior schema policy or plan; not runtime data"
"V6/outputs/governance/6_2_decision_rules/decision_rules_report.md","decision_rules_report.md","md","2540","0.002422","CONTRACT_SPEC","governance","NONE","FALSE","TRUE","FALSE","Defines scope behavior schema policy or plan; not runtime data"
"V6/outputs/governance/6_2_decision_rules/decision_rules_validation.csv","decision_rules_validation.csv","csv","2394","0.002283","CONTRACT_SPEC","governance","NONE","FALSE","TRUE","FALSE","Defines scope behavior schema policy or plan; not runtime data"
"V6/outputs/governance/6_2_decision_rules/governance_recommendations.csv","governance_recommendations.csv","csv","4883","0.004657","EVIDENCE_ARTIFACT","governance","NONE","TRUE","FALSE","FALSE","Historical validation report log backup script or other non-runtime evidence"
"V6/outputs/governance/6_2_decision_rules/model_recommendation_rules.csv","model_recommendation_rules.csv","csv","2835","0.002704","EVIDENCE_ARTIFACT","governance","NONE","TRUE","FALSE","FALSE","Historical validation report log backup script or other non-runtime evidence"
"V6/outputs/governance/6_2_decision_rules/risk_to_action_mapping.csv","risk_to_action_mapping.csv","csv","2870","0.002737","EVIDENCE_ARTIFACT","governance","NONE","TRUE","FALSE","FALSE","Historical validation report log backup script or other non-runtime evidence"
"V6/outputs/governance/6_3_champion_conditions/champion_condition_traceability.csv","champion_condition_traceability.csv","csv","2055","0.00196","EVIDENCE_ARTIFACT","governance","NONE","TRUE","FALSE","FALSE","Historical validation report log backup script or other non-runtime evidence"
"V6/outputs/governance/6_3_champion_conditions/champion_conditions_protocol.csv","champion_conditions_protocol.csv","csv","2294","0.002188","DASHBOARD_PRODUCTIVE_INPUT","governance","CURRENT_REGISTERED_SHINY_INPUT","FALSE","FALSE","TRUE","Path is registered in shiny_app/R/data_loader.R and exists in the snapshot"
"V6/outputs/governance/6_3_champion_conditions/champion_conditions_report.md","champion_conditions_report.md","md","2582","0.002462","EVIDENCE_ARTIFACT","governance","NONE","TRUE","FALSE","FALSE","Historical validation report log backup script or other non-runtime evidence"
"V6/outputs/governance/6_3_champion_conditions/champion_conditions_validation.csv","champion_conditions_validation.csv","csv","2188","0.002087","EVIDENCE_ARTIFACT","governance","NONE","TRUE","FALSE","FALSE","Historical validation report log backup script or other non-runtime evidence"
"V6/outputs/governance/6_3_champion_conditions/champion_dashboard_display_requirements.csv","champion_dashboard_display_requirements.csv","csv","2415","0.002303","EVIDENCE_ARTIFACT","governance","NONE","TRUE","FALSE","FALSE","Historical validation report log backup script or other non-runtime evidence"
"V6/outputs/governance/6_3_champion_conditions/champion_dashboard_language.csv","champion_dashboard_language.csv","csv","2879","0.002746","DASHBOARD_PRODUCTIVE_INPUT","governance","CURRENT_REGISTERED_SHINY_INPUT","FALSE","FALSE","TRUE","Path is registered in shiny_app/R/data_loader.R and exists in the snapshot"
"V6/outputs/governance/6_4_dashboard_contract/dashboard_contract_validation.csv","dashboard_contract_validation.csv","csv","23874","0.022768","CONTRACT_SPEC","governance","NONE","FALSE","TRUE","FALSE","Defines scope behavior schema policy or plan; not runtime data"
"V6/outputs/governance/6_4_dashboard_contract/dashboard_data_binding_contract.csv","dashboard_data_binding_contract.csv","csv","4752","0.004532","CONTRACT_SPEC","governance","NONE","FALSE","TRUE","FALSE","Defines scope behavior schema policy or plan; not runtime data"
"V6/outputs/governance/6_4_dashboard_contract/dashboard_do_dont_rules.csv","dashboard_do_dont_rules.csv","csv","2458","0.002344","EVIDENCE_ARTIFACT","governance","NONE","TRUE","FALSE","FALSE","Historical validation report log backup script or other non-runtime evidence"
"V6/outputs/governance/6_4_dashboard_contract/dashboard_governance_contract_report.md","dashboard_governance_contract_report.md","md","2714","0.002588","CONTRACT_SPEC","governance","NONE","FALSE","TRUE","FALSE","Defines scope behavior schema policy or plan; not runtime data"
"V6/outputs/governance/6_4_dashboard_contract/dashboard_governance_contract.csv","dashboard_governance_contract.csv","csv","4686","0.004469","CONTRACT_SPEC","governance","NONE","FALSE","TRUE","FALSE","Defines scope behavior schema policy or plan; not runtime data"
"V6/outputs/governance/6_4_dashboard_contract/dashboard_governance_traceability.csv","dashboard_governance_traceability.csv","csv","2541","0.002423","EVIDENCE_ARTIFACT","governance","NONE","TRUE","FALSE","FALSE","Historical validation report log backup script or other non-runtime evidence"
"V6/outputs/governance/6_4_dashboard_contract/dashboard_required_sections.csv","dashboard_required_sections.csv","csv","4244","0.004047","EVIDENCE_ARTIFACT","governance","NONE","TRUE","FALSE","FALSE","Historical validation report log backup script or other non-runtime evidence"
"V6/outputs/governance/6_4_dashboard_contract/dashboard_warning_labels.csv","dashboard_warning_labels.csv","csv","1148","0.001095","EVIDENCE_ARTIFACT","governance","NONE","TRUE","FALSE","FALSE","Historical validation report log backup script or other non-runtime evidence"
"V6/outputs/governance/6_5_governance_closure_pack/governance_artifact_manifest.csv","governance_artifact_manifest.csv","csv","6850","0.006533","EVIDENCE_ARTIFACT","governance","NONE","TRUE","FALSE","FALSE","Historical validation report log backup script or other non-runtime evidence"
"V6/outputs/governance/6_5_governance_closure_pack/governance_closure_report.md","governance_closure_report.md","md","2297","0.002191","EVIDENCE_ARTIFACT","governance","NONE","TRUE","FALSE","FALSE","Historical validation report log backup script or other non-runtime evidence"
"V6/outputs/governance/6_5_governance_closure_pack/governance_closure_summary.csv","governance_closure_summary.csv","csv","440","0.00042","EVIDENCE_ARTIFACT","governance","NONE","TRUE","FALSE","FALSE","Historical validation report log backup script or other non-runtime evidence"
"V6/outputs/governance/6_5_governance_closure_pack/governance_closure_validation.csv","governance_closure_validation.csv","csv","13242","0.012629","EVIDENCE_ARTIFACT","governance","NONE","TRUE","FALSE","FALSE","Historical validation report log backup script or other non-runtime evidence"
"V6/outputs/governance/6_5_governance_closure_pack/governance_dashboard_handoff_manifest.csv","governance_dashboard_handoff_manifest.csv","csv","3770","0.003595","EVIDENCE_ARTIFACT","governance","NONE","TRUE","FALSE","FALSE","Historical validation report log backup script or other non-runtime evidence"
"V6/outputs/governance/6_5_governance_closure_pack/governance_executive_summary.md","governance_executive_summary.md","md","584","0.000557","EVIDENCE_ARTIFACT","governance","NONE","TRUE","FALSE","FALSE","Historical validation report log backup script or other non-runtime evidence"
"V6/outputs/governance/6_5_governance_closure_pack/governance_next_steps.csv","governance_next_steps.csv","csv","1350","0.001287","EVIDENCE_ARTIFACT","governance","NONE","TRUE","FALSE","FALSE","Historical validation report log backup script or other non-runtime evidence"
"V6/outputs/governance/6_5_governance_closure_pack/governance_register.csv","governance_register.csv","csv","3324","0.00317","EVIDENCE_ARTIFACT","governance","NONE","TRUE","FALSE","FALSE","Historical validation report log backup script or other non-runtime evidence"
"V6/outputs/governance/6_5_governance_closure_pack/governance_stage_status_manifest.csv","governance_stage_status_manifest.csv","csv","1081","0.001031","EVIDENCE_ARTIFACT","governance","NONE","TRUE","FALSE","FALSE","Historical validation report log backup script or other non-runtime evidence"
"V6/outputs/governance/audit_6/_audit_6_independent_verification.py","_audit_6_independent_verification.py","py","9144","0.00872","EVIDENCE_ARTIFACT","governance","NONE","TRUE","FALSE","FALSE","Historical validation report log backup script or other non-runtime evidence"
"V6/outputs/governance/audit_6/audit_6_dashboard_contract_review.csv","audit_6_dashboard_contract_review.csv","csv","2980","0.002842","CONTRACT_SPEC","governance","NONE","FALSE","TRUE","FALSE","Defines scope behavior schema policy or plan; not runtime data"
"V6/outputs/governance/audit_6/audit_6_final_report.md","audit_6_final_report.md","md","9336","0.008904","EVIDENCE_ARTIFACT","governance","NONE","TRUE","FALSE","FALSE","Historical validation report log backup script or other non-runtime evidence"
"V6/outputs/governance/audit_6/audit_6_findings.csv","audit_6_findings.csv","csv","2596","0.002476","EVIDENCE_ARTIFACT","governance","NONE","TRUE","FALSE","FALSE","Historical validation report log backup script or other non-runtime evidence"
"V6/outputs/governance/audit_6/audit_6_governance_review.csv","audit_6_governance_review.csv","csv","2863","0.00273","EVIDENCE_ARTIFACT","governance","NONE","TRUE","FALSE","FALSE","Historical validation report log backup script or other non-runtime evidence"
"V6/outputs/governance/audit_6/audit_6_independent_verification_results.csv","audit_6_independent_verification_results.csv","csv","2235","0.002131","EVIDENCE_ARTIFACT","governance","NONE","TRUE","FALSE","FALSE","Historical validation report log backup script or other non-runtime evidence"
"V6/outputs/governance/audit_6/audit_6_readiness_checklist.csv","audit_6_readiness_checklist.csv","csv","4129","0.003938","EVIDENCE_ARTIFACT","governance","NONE","TRUE","FALSE","FALSE","Historical validation report log backup script or other non-runtime evidence"
"V6/outputs/governance/audit_6/audit_6_summary.csv","audit_6_summary.csv","csv","418","0.000399","DASHBOARD_PRODUCTIVE_INPUT","governance","CURRENT_REGISTERED_SHINY_INPUT","FALSE","FALSE","TRUE","Path is registered in shiny_app/R/data_loader.R and exists in the snapshot"
"V6/outputs/governance/audit_6/audit_6_traceability_review.csv","audit_6_traceability_review.csv","csv","3380","0.003223","EVIDENCE_ARTIFACT","governance","NONE","TRUE","FALSE","FALSE","Historical validation report log backup script or other non-runtime evidence"
"V6/outputs/metrics_multi/assistant_metric_context.csv","assistant_metric_context.csv","csv","637782","0.608236","EVIDENCE_ARTIFACT","metrics_multi","NONE","TRUE","FALSE","FALSE","Historical validation report log backup script or other non-runtime evidence"
"V6/outputs/metrics_multi/metric_assistant_evidence_pack.json","metric_assistant_evidence_pack.json","json","20517","0.019567","EVIDENCE_ARTIFACT","metrics_multi","NONE","TRUE","FALSE","FALSE","Historical validation report log backup script or other non-runtime evidence"
"V6/outputs/metrics_multi/metric_availability_status.csv","metric_availability_status.csv","csv","4888","0.004662","EVIDENCE_ARTIFACT","metrics_multi","NONE","TRUE","FALSE","FALSE","Historical validation report log backup script or other non-runtime evidence"
"V6/outputs/metrics_multi/metric_computability_status.csv","metric_computability_status.csv","csv","4517","0.004308","EVIDENCE_ARTIFACT","metrics_multi","NONE","TRUE","FALSE","FALSE","Historical validation report log backup script or other non-runtime evidence"
"V6/outputs/metrics_multi/metric_data_quality_checks.csv","metric_data_quality_checks.csv","csv","9707","0.009257","EVIDENCE_ARTIFACT","metrics_multi","NONE","TRUE","FALSE","FALSE","Historical validation report log backup script or other non-runtime evidence"
"V6/outputs/metrics_multi/metric_filter_options.csv","metric_filter_options.csv","csv","384401","0.366593","EVIDENCE_ARTIFACT","metrics_multi","NONE","TRUE","FALSE","FALSE","Historical validation report log backup script or other non-runtime evidence"
"V6/outputs/metrics_multi/metric_registry_resolved.csv","metric_registry_resolved.csv","csv","6096","0.005814","EVIDENCE_ARTIFACT","metrics_multi","NONE","TRUE","FALSE","FALSE","Historical validation report log backup script or other non-runtime evidence"
"V6/outputs/metrics_multi/metric_source_lineage.csv","metric_source_lineage.csv","csv","4259","0.004062","EVIDENCE_ARTIFACT","metrics_multi","NONE","TRUE","FALSE","FALSE","Historical validation report log backup script or other non-runtime evidence"
"V6/outputs/metrics_multi/official_metric_rankings.csv","official_metric_rankings.csv","csv","322044","0.307125","EVIDENCE_ARTIFACT","metrics_multi","NONE","TRUE","FALSE","FALSE","Historical validation report log backup script or other non-runtime evidence"
"V6/outputs/metrics_multi/official_metrics_normalized.csv","official_metrics_normalized.csv","csv","16090429","15.345029","EVIDENCE_ARTIFACT","metrics_multi","NONE","TRUE","FALSE","FALSE","Historical validation report log backup script or other non-runtime evidence"
"V6/outputs/metrics/baseline_metrics.csv","baseline_metrics.csv","csv","3272723","3.121112","EVIDENCE_ARTIFACT","metrics","NONE","TRUE","FALSE","FALSE","Historical validation report log backup script or other non-runtime evidence"
"V6/outputs/metrics/baseline_rankings.csv","baseline_rankings.csv","csv","64939","0.061931","EVIDENCE_ARTIFACT","metrics","NONE","TRUE","FALSE","FALSE","Historical validation report log backup script or other non-runtime evidence"
"V6/outputs/metrics/official_metrics_validation_summary.txt","official_metrics_validation_summary.txt","txt","1689","0.001611","EVIDENCE_ARTIFACT","metrics","NONE","TRUE","FALSE","FALSE","Historical validation report log backup script or other non-runtime evidence"
"V6/outputs/metrics/official_metrics_validation.csv","official_metrics_validation.csv","csv","2069","0.001973","EVIDENCE_ARTIFACT","metrics","NONE","TRUE","FALSE","FALSE","Historical validation report log backup script or other non-runtime evidence"
"V6/outputs/model_lab/aggregation_hierarchy/aggregation_by_entity_model.csv","aggregation_by_entity_model.csv","csv","51162","0.048792","EVIDENCE_ARTIFACT","model_lab","NONE","TRUE","FALSE","FALSE","Historical validation report log backup script or other non-runtime evidence"
"V6/outputs/model_lab/aggregation_hierarchy/aggregation_by_model.csv","aggregation_by_model.csv","csv","1864","0.001778","EVIDENCE_ARTIFACT","model_lab","NONE","TRUE","FALSE","FALSE","Historical validation report log backup script or other non-runtime evidence"
"V6/outputs/model_lab/aggregation_hierarchy/aggregation_policy.md","aggregation_policy.md","md","1314","0.001253","CONTRACT_SPEC","model_lab","NONE","FALSE","TRUE","FALSE","Defines scope behavior schema policy or plan; not runtime data"
"V6/outputs/model_lab/aggregation_hierarchy/aggregation_summary.csv","aggregation_summary.csv","csv","331","0.000316","EVIDENCE_ARTIFACT","model_lab","NONE","TRUE","FALSE","FALSE","Historical validation report log backup script or other non-runtime evidence"
"V6/outputs/model_lab/aggregation_hierarchy/canonical_entity_window_scores.csv","canonical_entity_window_scores.csv","csv","496059","0.473079","EVIDENCE_ARTIFACT","model_lab","NONE","TRUE","FALSE","FALSE","Historical validation report log backup script or other non-runtime evidence"
"V6/outputs/model_lab/audit_3_targeted_recheck/audit_3_targeted_recheck_report.md","audit_3_targeted_recheck_report.md","md","9176","0.008751","EVIDENCE_ARTIFACT","model_lab","NONE","TRUE","FALSE","FALSE","Historical validation report log backup script or other non-runtime evidence"
"V6/outputs/model_lab/audit_3/audit_3_challenger_readiness_report.md","audit_3_challenger_readiness_report.md","md","16531","0.015765","EVIDENCE_ARTIFACT","model_lab","NONE","TRUE","FALSE","FALSE","Historical validation report log backup script or other non-runtime evidence"
"V6/outputs/model_lab/audit_4/_audit_4_independent_verification.py","_audit_4_independent_verification.py","py","9012","0.008595","EVIDENCE_ARTIFACT","model_lab","NONE","TRUE","FALSE","FALSE","Historical validation report log backup script or other non-runtime evidence"
"V6/outputs/model_lab/audit_4/audit_4_findings.csv","audit_4_findings.csv","csv","7341","0.007001","EVIDENCE_ARTIFACT","model_lab","NONE","TRUE","FALSE","FALSE","Historical validation report log backup script or other non-runtime evidence"
"V6/outputs/model_lab/audit_4/audit_4_official_challenger_results_readiness_report.md","audit_4_official_challenger_results_readiness_report.md","md","15114","0.014414","EVIDENCE_ARTIFACT","model_lab","NONE","TRUE","FALSE","FALSE","Historical validation report log backup script or other non-runtime evidence"
"V6/outputs/model_lab/audit_4/audit_4_readiness_checklist.csv","audit_4_readiness_checklist.csv","csv","9835","0.009379","EVIDENCE_ARTIFACT","model_lab","NONE","TRUE","FALSE","FALSE","Historical validation report log backup script or other non-runtime evidence"
"V6/outputs/model_lab/audit_4/audit_4_summary.csv","audit_4_summary.csv","csv","260","0.000248","DASHBOARD_PRODUCTIVE_INPUT","model_lab","CURRENT_REGISTERED_SHINY_INPUT","FALSE","FALSE","TRUE","Path is registered in shiny_app/R/data_loader.R and exists in the snapshot"
"V6/outputs/model_lab/audit_5/_audit_5_independent_verification.py","_audit_5_independent_verification.py","py","7741","0.007382","EVIDENCE_ARTIFACT","model_lab","NONE","TRUE","FALSE","FALSE","Historical validation report log backup script or other non-runtime evidence"
"V6/outputs/model_lab/audit_5/audit_5_artifact_manifest_review.csv","audit_5_artifact_manifest_review.csv","csv","2052","0.001957","EVIDENCE_ARTIFACT","model_lab","NONE","TRUE","FALSE","FALSE","Historical validation report log backup script or other non-runtime evidence"
"V6/outputs/model_lab/audit_5/audit_5_champion_decision_review.csv","audit_5_champion_decision_review.csv","csv","1292","0.001232","CONTRACT_SPEC","model_lab","NONE","FALSE","TRUE","FALSE","Defines scope behavior schema policy or plan; not runtime data"
"V6/outputs/model_lab/audit_5/audit_5_closure_pack_review.csv","audit_5_closure_pack_review.csv","csv","2587","0.002467","EVIDENCE_ARTIFACT","model_lab","NONE","TRUE","FALSE","FALSE","Historical validation report log backup script or other non-runtime evidence"
"V6/outputs/model_lab/audit_5/audit_5_dashboard_handoff_review.csv","audit_5_dashboard_handoff_review.csv","csv","2748","0.002621","EVIDENCE_ARTIFACT","model_lab","NONE","TRUE","FALSE","FALSE","Historical validation report log backup script or other non-runtime evidence"
"V6/outputs/model_lab/audit_5/audit_5_final_report.md","audit_5_final_report.md","md","8769","0.008363","DASHBOARD_PRODUCTIVE_INPUT","model_lab","CURRENT_REGISTERED_SHINY_INPUT","FALSE","FALSE","TRUE","Path is registered in shiny_app/R/data_loader.R and exists in the snapshot"
"V6/outputs/model_lab/audit_5/audit_5_findings.csv","audit_5_findings.csv","csv","8996","0.008579","DASHBOARD_PRODUCTIVE_INPUT","model_lab","CURRENT_REGISTERED_SHINY_INPUT","FALSE","FALSE","TRUE","Path is registered in shiny_app/R/data_loader.R and exists in the snapshot"
"V6/outputs/model_lab/audit_5/audit_5_independent_verification_results.csv","audit_5_independent_verification_results.csv","csv","1612","0.001537","EVIDENCE_ARTIFACT","model_lab","NONE","TRUE","FALSE","FALSE","Historical validation report log backup script or other non-runtime evidence"
"V6/outputs/model_lab/audit_5/audit_5_model_universe_review.csv","audit_5_model_universe_review.csv","csv","2658","0.002535","EVIDENCE_ARTIFACT","model_lab","NONE","TRUE","FALSE","FALSE","Historical validation report log backup script or other non-runtime evidence"
"V6/outputs/model_lab/audit_5/audit_5_readiness_checklist.csv","audit_5_readiness_checklist.csv","csv","4816","0.004593","EVIDENCE_ARTIFACT","model_lab","NONE","TRUE","FALSE","FALSE","Historical validation report log backup script or other non-runtime evidence"
"V6/outputs/model_lab/audit_5/audit_5_risk_carryforward_review.csv","audit_5_risk_carryforward_review.csv","csv","1341","0.001279","EVIDENCE_ARTIFACT","model_lab","NONE","TRUE","FALSE","FALSE","Historical validation report log backup script or other non-runtime evidence"
"V6/outputs/model_lab/audit_5/audit_5_summary.csv","audit_5_summary.csv","csv","535","0.00051","EVIDENCE_ARTIFACT","model_lab","NONE","TRUE","FALSE","FALSE","Historical validation report log backup script or other non-runtime evidence"
"V6/outputs/model_lab/audits/stage_5_challenger_readiness_audit.md","stage_5_challenger_readiness_audit.md","md","18121","0.017282","EVIDENCE_ARTIFACT","model_lab","NONE","TRUE","FALSE","FALSE","Historical validation report log backup script or other non-runtime evidence"
"V6/outputs/model_lab/audits/stage_5_pre_training_audit.md","stage_5_pre_training_audit.md","md","18499","0.017642","EVIDENCE_ARTIFACT","model_lab","NONE","TRUE","FALSE","FALSE","Historical validation report log backup script or other non-runtime evidence"
"V6/outputs/model_lab/backtest_60d/backtest_60d_model_status.csv","backtest_60d_model_status.csv","csv","257004","0.245098","EVIDENCE_ARTIFACT","model_lab","NONE","TRUE","FALSE","FALSE","Historical validation report log backup script or other non-runtime evidence"
"V6/outputs/model_lab/backtest_60d/backtest_60d_summary.csv","backtest_60d_summary.csv","csv","257","0.000245","EVIDENCE_ARTIFACT","model_lab","NONE","TRUE","FALSE","FALSE","Historical validation report log backup script or other non-runtime evidence"
"V6/outputs/model_lab/backtest_60d/backtest_60d_windows.csv","backtest_60d_windows.csv","csv","29621","0.028249","EVIDENCE_ARTIFACT","model_lab","NONE","TRUE","FALSE","FALSE","Historical validation report log backup script or other non-runtime evidence"
"V6/outputs/model_lab/backtest_60d/forecast_viewer_model_outputs_60d.csv","forecast_viewer_model_outputs_60d.csv","csv","50428313","48.092187","EVIDENCE_ARTIFACT","model_lab","NONE","TRUE","FALSE","FALSE","Historical validation report log backup script or other non-runtime evidence"
"V6/outputs/model_lab/backtesting_window_summary.csv","backtesting_window_summary.csv","csv","3182","0.003035","EVIDENCE_ARTIFACT","model_lab","NONE","TRUE","FALSE","FALSE","Historical validation report log backup script or other non-runtime evidence"
"V6/outputs/model_lab/backtesting_windows.csv","backtesting_windows.csv","csv","40562","0.038683","EVIDENCE_ARTIFACT","model_lab","NONE","TRUE","FALSE","FALSE","Historical validation report log backup script or other non-runtime evidence"
"V6/outputs/model_lab/baseline_pilot/baseline_pilot_execution_status.csv","baseline_pilot_execution_status.csv","csv","9890","0.009432","EVIDENCE_ARTIFACT","model_lab","NONE","TRUE","FALSE","FALSE","Historical validation report log backup script or other non-runtime evidence"
"V6/outputs/model_lab/baseline_pilot/baseline_pilot_forecasts.csv","baseline_pilot_forecasts.csv","csv","301248","0.287292","EVIDENCE_ARTIFACT","model_lab","NONE","TRUE","FALSE","FALSE","Historical validation report log backup script or other non-runtime evidence"
"V6/outputs/model_lab/baseline_pilot/baseline_pilot_summary.csv","baseline_pilot_summary.csv","csv","197","0.000188","EVIDENCE_ARTIFACT","model_lab","NONE","TRUE","FALSE","FALSE","Historical validation report log backup script or other non-runtime evidence"
"V6/outputs/model_lab/baseline_ranking/baseline_ranking_entity_scores.csv","baseline_ranking_entity_scores.csv","csv","34308","0.032719","EVIDENCE_ARTIFACT","model_lab","NONE","TRUE","FALSE","FALSE","Historical validation report log backup script or other non-runtime evidence"
"V6/outputs/model_lab/baseline_ranking/baseline_ranking_metadata.csv","baseline_ranking_metadata.csv","csv","537","0.000512","EVIDENCE_ARTIFACT","model_lab","NONE","TRUE","FALSE","FALSE","Historical validation report log backup script or other non-runtime evidence"
"V6/outputs/model_lab/baseline_ranking/baseline_ranking_publication.csv","baseline_ranking_publication.csv","csv","1183","0.001128","EVIDENCE_ARTIFACT","model_lab","NONE","TRUE","FALSE","FALSE","Historical validation report log backup script or other non-runtime evidence"
"V6/outputs/model_lab/baseline_ranking/baseline_ranking_readme.csv","baseline_ranking_readme.csv","csv","534","0.000509","EVIDENCE_ARTIFACT","model_lab","NONE","TRUE","FALSE","FALSE","Historical validation report log backup script or other non-runtime evidence"
"V6/outputs/model_lab/benchmark_reference/naive_benchmark_forecasts.csv","naive_benchmark_forecasts.csv","csv","1668220","1.590939","EVIDENCE_ARTIFACT","model_lab","NONE","TRUE","FALSE","FALSE","Historical validation report log backup script or other non-runtime evidence"
"V6/outputs/model_lab/benchmark_reference/naive_benchmark_status.csv","naive_benchmark_status.csv","csv","51863","0.04946","EVIDENCE_ARTIFACT","model_lab","NONE","TRUE","FALSE","FALSE","Historical validation report log backup script or other non-runtime evidence"
"V6/outputs/model_lab/benchmark_reference/naive_benchmark_summary.csv","naive_benchmark_summary.csv","csv","228","0.000217","EVIDENCE_ARTIFACT","model_lab","NONE","TRUE","FALSE","FALSE","Historical validation report log backup script or other non-runtime evidence"
"V6/outputs/model_lab/challenger_aggregation_significance/challenger_aggregation_by_entity_model.csv","challenger_aggregation_by_entity_model.csv","csv","59716","0.05695","EVIDENCE_ARTIFACT","model_lab","NONE","TRUE","FALSE","FALSE","Historical validation report log backup script or other non-runtime evidence"
"V6/outputs/model_lab/challenger_aggregation_significance/challenger_aggregation_by_model.csv","challenger_aggregation_by_model.csv","csv","1727","0.001647","DASHBOARD_PRODUCTIVE_INPUT","model_lab","CURRENT_REGISTERED_SHINY_INPUT","FALSE","FALSE","TRUE","Path is registered in shiny_app/R/data_loader.R and exists in the snapshot"
"V6/outputs/model_lab/challenger_aggregation_significance/challenger_aggregation_significance_report.md","challenger_aggregation_significance_report.md","md","2730","0.002604","EVIDENCE_ARTIFACT","model_lab","NONE","TRUE","FALSE","FALSE","Historical validation report log backup script or other non-runtime evidence"
"V6/outputs/model_lab/challenger_aggregation_significance/challenger_aggregation_significance_summary.csv","challenger_aggregation_significance_summary.csv","csv","408","0.000389","EVIDENCE_ARTIFACT","model_lab","NONE","TRUE","FALSE","FALSE","Historical validation report log backup script or other non-runtime evidence"
"V6/outputs/model_lab/challenger_aggregation_significance/challenger_aggregation_significance_validation.csv","challenger_aggregation_significance_validation.csv","csv","1134","0.001081","EVIDENCE_ARTIFACT","model_lab","NONE","TRUE","FALSE","FALSE","Historical validation report log backup script or other non-runtime evidence"
"V6/outputs/model_lab/challenger_aggregation_significance/challenger_canonical_entity_window_scores.csv","challenger_canonical_entity_window_scores.csv","csv","618718","0.590055","EVIDENCE_ARTIFACT","model_lab","NONE","TRUE","FALSE","FALSE","Historical validation report log backup script or other non-runtime evidence"
"V6/outputs/model_lab/challenger_aggregation_significance/challenger_family_summary.csv","challenger_family_summary.csv","csv","862","0.000822","EVIDENCE_ARTIFACT","model_lab","NONE","TRUE","FALSE","FALSE","Historical validation report log backup script or other non-runtime evidence"
"V6/outputs/model_lab/challenger_aggregation_significance/challenger_model_significance_summary.csv","challenger_model_significance_summary.csv","csv","975","0.00093","EVIDENCE_ARTIFACT","model_lab","NONE","TRUE","FALSE","FALSE","Historical validation report log backup script or other non-runtime evidence"
"V6/outputs/model_lab/challenger_aggregation_significance/challenger_outlier_risk_review.csv","challenger_outlier_risk_review.csv","csv","823","0.000785","EVIDENCE_ARTIFACT","model_lab","NONE","TRUE","FALSE","FALSE","Historical validation report log backup script or other non-runtime evidence"
"V6/outputs/model_lab/challenger_aggregation_significance/challenger_pairwise_significance.csv","challenger_pairwise_significance.csv","csv","3476","0.003315","EVIDENCE_ARTIFACT","model_lab","NONE","TRUE","FALSE","FALSE","Historical validation report log backup script or other non-runtime evidence"
"V6/outputs/model_lab/challenger_aggregation_significance/challenger_tournament_input_manifest.csv","challenger_tournament_input_manifest.csv","csv","867","0.000827","EVIDENCE_ARTIFACT","model_lab","NONE","TRUE","FALSE","FALSE","Historical validation report log backup script or other non-runtime evidence"
"V6/outputs/model_lab/challenger_dependency_resolution/dependency_import_check.csv","dependency_import_check.csv","csv","883","0.000842","EVIDENCE_ARTIFACT","model_lab","NONE","TRUE","FALSE","FALSE","Historical validation report log backup script or other non-runtime evidence"
"V6/outputs/model_lab/challenger_dependency_resolution/dependency_installation_log.md","dependency_installation_log.md","md","2391","0.00228","EVIDENCE_ARTIFACT","model_lab","NONE","TRUE","FALSE","FALSE","Historical validation report log backup script or other non-runtime evidence"
"V6/outputs/model_lab/challenger_dependency_resolution/dependency_resolution_report.md","dependency_resolution_report.md","md","803","0.000766","EVIDENCE_ARTIFACT","model_lab","NONE","TRUE","FALSE","FALSE","Historical validation report log backup script or other non-runtime evidence"
"V6/outputs/model_lab/challenger_dependency_resolution/dependency_resolution_summary.csv","dependency_resolution_summary.csv","csv","206","0.000196","EVIDENCE_ARTIFACT","model_lab","NONE","TRUE","FALSE","FALSE","Historical validation report log backup script or other non-runtime evidence"
"V6/outputs/model_lab/challenger_execution_planning/challenger_dependency_resolution_plan.csv","challenger_dependency_resolution_plan.csv","csv","2143","0.002044","CONTRACT_SPEC","model_lab","NONE","FALSE","TRUE","FALSE","Defines scope behavior schema policy or plan; not runtime data"
"V6/outputs/model_lab/challenger_execution_planning/challenger_execution_plan.csv","challenger_execution_plan.csv","csv","1580","0.001507","CONTRACT_SPEC","model_lab","NONE","FALSE","TRUE","FALSE","Defines scope behavior schema policy or plan; not runtime data"
"V6/outputs/model_lab/challenger_execution_planning/challenger_execution_planning_report.md","challenger_execution_planning_report.md","md","5163","0.004924","CONTRACT_SPEC","model_lab","NONE","FALSE","TRUE","FALSE","Defines scope behavior schema policy or plan; not runtime data"
"V6/outputs/model_lab/challenger_execution_planning/challenger_execution_planning_summary.csv","challenger_execution_planning_summary.csv","csv","317","0.000302","CONTRACT_SPEC","model_lab","NONE","FALSE","TRUE","FALSE","Defines scope behavior schema policy or plan; not runtime data"
"V6/outputs/model_lab/challenger_execution_planning/challenger_forecast_output_contract.csv","challenger_forecast_output_contract.csv","csv","602","0.000574","CONTRACT_SPEC","model_lab","NONE","FALSE","TRUE","FALSE","Defines scope behavior schema policy or plan; not runtime data"
"V6/outputs/model_lab/challenger_execution_planning/challenger_official_execution_gate.csv","challenger_official_execution_gate.csv","csv","1364","0.001301","EVIDENCE_ARTIFACT","model_lab","NONE","TRUE","FALSE","FALSE","Historical validation report log backup script or other non-runtime evidence"
"V6/outputs/model_lab/challenger_execution_planning/challenger_sandbox_plan.csv","challenger_sandbox_plan.csv","csv","2687","0.002563","CONTRACT_SPEC","model_lab","NONE","FALSE","TRUE","FALSE","Defines scope behavior schema policy or plan; not runtime data"
"V6/outputs/model_lab/challenger_execution_planning/challenger_tuning_budget_plan.csv","challenger_tuning_budget_plan.csv","csv","1196","0.001141","CONTRACT_SPEC","model_lab","NONE","FALSE","TRUE","FALSE","Defines scope behavior schema policy or plan; not runtime data"
"V6/outputs/model_lab/challenger_metrics/challenger_actual_forecast_join.csv","challenger_actual_forecast_join.csv","csv","16525709","15.760144","EVIDENCE_ARTIFACT","model_lab","NONE","TRUE","FALSE","FALSE","Historical validation report log backup script or other non-runtime evidence"
"V6/outputs/model_lab/challenger_metrics/challenger_metrics_by_model_diagnostic.csv","challenger_metrics_by_model_diagnostic.csv","csv","1968","0.001877","DASHBOARD_PRODUCTIVE_INPUT","model_lab","CURRENT_REGISTERED_SHINY_INPUT","FALSE","FALSE","TRUE","Path is registered in shiny_app/R/data_loader.R and exists in the snapshot"
"V6/outputs/model_lab/challenger_metrics/challenger_metrics_entity_window.csv","challenger_metrics_entity_window.csv","csv","853244","0.813717","EVIDENCE_ARTIFACT","model_lab","NONE","TRUE","FALSE","FALSE","Historical validation report log backup script or other non-runtime evidence"
"V6/outputs/model_lab/challenger_metrics/challenger_metrics_report.md","challenger_metrics_report.md","md","2415","0.002303","EVIDENCE_ARTIFACT","model_lab","NONE","TRUE","FALSE","FALSE","Historical validation report log backup script or other non-runtime evidence"
"V6/outputs/model_lab/challenger_metrics/challenger_metrics_summary.csv","challenger_metrics_summary.csv","csv","469","0.000447","EVIDENCE_ARTIFACT","model_lab","NONE","TRUE","FALSE","FALSE","Historical validation report log backup script or other non-runtime evidence"
"V6/outputs/model_lab/challenger_metrics/challenger_metrics_validation.csv","challenger_metrics_validation.csv","csv","1282","0.001223","EVIDENCE_ARTIFACT","model_lab","NONE","TRUE","FALSE","FALSE","Historical validation report log backup script or other non-runtime evidence"
"V6/outputs/model_lab/challenger_metrics/challenger_negative_forecast_impact.csv","challenger_negative_forecast_impact.csv","csv","886","0.000845","EVIDENCE_ARTIFACT","model_lab","NONE","TRUE","FALSE","FALSE","Historical validation report log backup script or other non-runtime evidence"
"V6/outputs/model_lab/challenger_metrics/challenger_scoring_forecasts.csv","challenger_scoring_forecasts.csv","csv","11575810","11.039553","EVIDENCE_ARTIFACT","model_lab","NONE","TRUE","FALSE","FALSE","Historical validation report log backup script or other non-runtime evidence"
"V6/outputs/model_lab/challenger_model_set_rescope/current_official_challenger_set.csv","current_official_challenger_set.csv","csv","1059","0.00101","EVIDENCE_ARTIFACT","model_lab","NONE","TRUE","FALSE","FALSE","Historical validation report log backup script or other non-runtime evidence"
"V6/outputs/model_lab/challenger_model_set_rescope/execution_planning_addendum.csv","execution_planning_addendum.csv","csv","724","0.00069","CONTRACT_SPEC","model_lab","NONE","FALSE","TRUE","FALSE","Defines scope behavior schema policy or plan; not runtime data"
"V6/outputs/model_lab/challenger_model_set_rescope/fast_neural_policy.md","fast_neural_policy.md","md","1936","0.001846","CONTRACT_SPEC","model_lab","NONE","FALSE","TRUE","FALSE","Defines scope behavior schema policy or plan; not runtime data"
"V6/outputs/model_lab/challenger_model_set_rescope/model_set_rescope_decision.csv","model_set_rescope_decision.csv","csv","1010","0.000963","CONTRACT_SPEC","model_lab","NONE","FALSE","TRUE","FALSE","Defines scope behavior schema policy or plan; not runtime data"
"V6/outputs/model_lab/challenger_model_set_rescope/model_set_rescope_report.md","model_set_rescope_report.md","md","1624","0.001549","EVIDENCE_ARTIFACT","model_lab","NONE","TRUE","FALSE","FALSE","Historical validation report log backup script or other non-runtime evidence"
"V6/outputs/model_lab/challenger_model_set_rescope/official_execution_prep_addendum.csv","official_execution_prep_addendum.csv","csv","562","0.000536","EVIDENCE_ARTIFACT","model_lab","NONE","TRUE","FALSE","FALSE","Historical validation report log backup script or other non-runtime evidence"
"V6/outputs/model_lab/challenger_model_set_rescope/onboarding_addendum.csv","onboarding_addendum.csv","csv","958","0.000914","EVIDENCE_ARTIFACT","model_lab","NONE","TRUE","FALSE","FALSE","Historical validation report log backup script or other non-runtime evidence"
"V6/outputs/model_lab/challenger_official_execution_prep/official_challenger_candidate_list.csv","official_challenger_candidate_list.csv","csv","1378","0.001314","EVIDENCE_ARTIFACT","model_lab","NONE","TRUE","FALSE","FALSE","Historical validation report log backup script or other non-runtime evidence"
"V6/outputs/model_lab/challenger_official_execution_prep/official_execution_gate_review.csv","official_execution_gate_review.csv","csv","9866","0.009409","EVIDENCE_ARTIFACT","model_lab","NONE","TRUE","FALSE","FALSE","Historical validation report log backup script or other non-runtime evidence"
"V6/outputs/model_lab/challenger_official_execution_prep/official_execution_locked_policy.csv","official_execution_locked_policy.csv","csv","790","0.000753","CONTRACT_SPEC","model_lab","NONE","FALSE","TRUE","FALSE","Defines scope behavior schema policy or plan; not runtime data"
"V6/outputs/model_lab/challenger_official_execution_prep/official_execution_manifest.csv","official_execution_manifest.csv","csv","761","0.000726","EVIDENCE_ARTIFACT","model_lab","NONE","TRUE","FALSE","FALSE","Historical validation report log backup script or other non-runtime evidence"
"V6/outputs/model_lab/challenger_official_execution_prep/official_execution_output_contract.csv","official_execution_output_contract.csv","csv","633","0.000604","CONTRACT_SPEC","model_lab","NONE","FALSE","TRUE","FALSE","Defines scope behavior schema policy or plan; not runtime data"
"V6/outputs/model_lab/challenger_official_execution_prep/official_execution_prep_report.md","official_execution_prep_report.md","md","3487","0.003325","EVIDENCE_ARTIFACT","model_lab","NONE","TRUE","FALSE","FALSE","Historical validation report log backup script or other non-runtime evidence"
"V6/outputs/model_lab/challenger_official_execution_prep/official_execution_prep_summary.csv","official_execution_prep_summary.csv","csv","336","0.00032","EVIDENCE_ARTIFACT","model_lab","NONE","TRUE","FALSE","FALSE","Historical validation report log backup script or other non-runtime evidence"
"V6/outputs/model_lab/challenger_official_execution_prep/official_execution_scope.csv","official_execution_scope.csv","csv","54666","0.052134","EVIDENCE_ARTIFACT","model_lab","NONE","TRUE","FALSE","FALSE","Historical validation report log backup script or other non-runtime evidence"
"V6/outputs/model_lab/challenger_official_execution_prep/official_execution_workload_estimate.csv","official_execution_workload_estimate.csv","csv","852","0.000813","EVIDENCE_ARTIFACT","model_lab","NONE","TRUE","FALSE","FALSE","Historical validation report log backup script or other non-runtime evidence"
"V6/outputs/model_lab/challenger_official_execution_recovery/fast_neural_official_status.csv","fast_neural_official_status.csv","csv","293","0.000279","EVIDENCE_ARTIFACT","model_lab","NONE","TRUE","FALSE","FALSE","Historical validation report log backup script or other non-runtime evidence"
"V6/outputs/model_lab/challenger_official_execution_recovery/fast_neural_sandbox_status.csv","fast_neural_sandbox_status.csv","csv","223","0.000213","EVIDENCE_ARTIFACT","model_lab","NONE","TRUE","FALSE","FALSE","Historical validation report log backup script or other non-runtime evidence"
"V6/outputs/model_lab/challenger_official_execution_recovery/partial_output_inventory.csv","partial_output_inventory.csv","csv","1704","0.001625","EVIDENCE_ARTIFACT","model_lab","NONE","TRUE","FALSE","FALSE","Historical validation report log backup script or other non-runtime evidence"
"V6/outputs/model_lab/challenger_official_execution_recovery/recovery_report.md","recovery_report.md","md","2038","0.001944","EVIDENCE_ARTIFACT","model_lab","NONE","TRUE","FALSE","FALSE","Historical validation report log backup script or other non-runtime evidence"
"V6/outputs/model_lab/challenger_official_execution_recovery/recovery_summary.csv","recovery_summary.csv","csv","324","0.000309","EVIDENCE_ARTIFACT","model_lab","NONE","TRUE","FALSE","FALSE","Historical validation report log backup script or other non-runtime evidence"
"V6/outputs/model_lab/challenger_official_execution/_checkpoint_execution_status.csv","_checkpoint_execution_status.csv","csv","272191","0.259582","EVIDENCE_ARTIFACT","model_lab","NONE","TRUE","FALSE","FALSE","Historical validation report log backup script or other non-runtime evidence"
"V6/outputs/model_lab/challenger_official_execution/_checkpoint_forecasts.csv","_checkpoint_forecasts.csv","csv","7986025","7.616067","EVIDENCE_ARTIFACT","model_lab","NONE","TRUE","FALSE","FALSE","Historical validation report log backup script or other non-runtime evidence"
"V6/outputs/model_lab/challenger_official_execution/challenger_official_contract_validation.csv","challenger_official_contract_validation.csv","csv","2178","0.002077","CONTRACT_SPEC","model_lab","NONE","FALSE","TRUE","FALSE","Defines scope behavior schema policy or plan; not runtime data"
"V6/outputs/model_lab/challenger_official_execution/challenger_official_execution_manifest_final.csv","challenger_official_execution_manifest_final.csv","csv","1036","0.000988","EVIDENCE_ARTIFACT","model_lab","NONE","TRUE","FALSE","FALSE","Historical validation report log backup script or other non-runtime evidence"
"V6/outputs/model_lab/challenger_official_execution/challenger_official_execution_report.md","challenger_official_execution_report.md","md","1344","0.001282","EVIDENCE_ARTIFACT","model_lab","NONE","TRUE","FALSE","FALSE","Historical validation report log backup script or other non-runtime evidence"
"V6/outputs/model_lab/challenger_official_execution/challenger_official_execution_status.csv","challenger_official_execution_status.csv","csv","486226","0.463701","EVIDENCE_ARTIFACT","model_lab","NONE","TRUE","FALSE","FALSE","Historical validation report log backup script or other non-runtime evidence"
"V6/outputs/model_lab/challenger_official_execution/challenger_official_execution_summary.csv","challenger_official_execution_summary.csv","csv","431","0.000411","EVIDENCE_ARTIFACT","model_lab","NONE","TRUE","FALSE","FALSE","Historical validation report log backup script or other non-runtime evidence"
"V6/outputs/model_lab/challenger_official_execution/challenger_official_forecasts.csv","challenger_official_forecasts.csv","csv","9561631","9.118682","EVIDENCE_ARTIFACT","model_lab","NONE","TRUE","FALSE","FALSE","Historical validation report log backup script or other non-runtime evidence"
"V6/outputs/model_lab/challenger_official_execution/challenger_official_model_summary.csv","challenger_official_model_summary.csv","csv","1154","0.001101","EVIDENCE_ARTIFACT","model_lab","NONE","TRUE","FALSE","FALSE","Historical validation report log backup script or other non-runtime evidence"
"V6/outputs/model_lab/challenger_onboarding/challenger_dependency_matrix.csv","challenger_dependency_matrix.csv","csv","1340","0.001278","EVIDENCE_ARTIFACT","model_lab","NONE","TRUE","FALSE","FALSE","Historical validation report log backup script or other non-runtime evidence"
"V6/outputs/model_lab/challenger_onboarding/challenger_execution_mode_policy.md","challenger_execution_mode_policy.md","md","3773","0.003598","CONTRACT_SPEC","model_lab","NONE","FALSE","TRUE","FALSE","Defines scope behavior schema policy or plan; not runtime data"
"V6/outputs/model_lab/challenger_onboarding/challenger_leakage_control_mapping.csv","challenger_leakage_control_mapping.csv","csv","9024","0.008606","EVIDENCE_ARTIFACT","model_lab","NONE","TRUE","FALSE","FALSE","Historical validation report log backup script or other non-runtime evidence"
"V6/outputs/model_lab/challenger_onboarding/challenger_onboarding_report.md","challenger_onboarding_report.md","md","4011","0.003825","EVIDENCE_ARTIFACT","model_lab","NONE","TRUE","FALSE","FALSE","Historical validation report log backup script or other non-runtime evidence"
"V6/outputs/model_lab/challenger_onboarding/challenger_onboarding_summary.csv","challenger_onboarding_summary.csv","csv","351","0.000335","EVIDENCE_ARTIFACT","model_lab","NONE","TRUE","FALSE","FALSE","Historical validation report log backup script or other non-runtime evidence"
"V6/outputs/model_lab/challenger_onboarding/challenger_readiness_matrix.csv","challenger_readiness_matrix.csv","csv","877","0.000836","EVIDENCE_ARTIFACT","model_lab","NONE","TRUE","FALSE","FALSE","Historical validation report log backup script or other non-runtime evidence"
"V6/outputs/model_lab/challenger_onboarding/challenger_registry_snapshot.csv","challenger_registry_snapshot.csv","csv","2435","0.002322","EVIDENCE_ARTIFACT","model_lab","NONE","TRUE","FALSE","FALSE","Historical validation report log backup script or other non-runtime evidence"
"V6/outputs/model_lab/challenger_sandbox/challenger_sandbox_contract_validation.csv","challenger_sandbox_contract_validation.csv","csv","4612","0.004398","CONTRACT_SPEC","model_lab","NONE","FALSE","TRUE","FALSE","Defines scope behavior schema policy or plan; not runtime data"
"V6/outputs/model_lab/challenger_sandbox/challenger_sandbox_dependency_check.csv","challenger_sandbox_dependency_check.csv","csv","1572","0.001499","EVIDENCE_ARTIFACT","model_lab","NONE","TRUE","FALSE","FALSE","Historical validation report log backup script or other non-runtime evidence"
"V6/outputs/model_lab/challenger_sandbox/challenger_sandbox_execution_status.csv","challenger_sandbox_execution_status.csv","csv","872","0.000832","EVIDENCE_ARTIFACT","model_lab","NONE","TRUE","FALSE","FALSE","Historical validation report log backup script or other non-runtime evidence"
"V6/outputs/model_lab/challenger_sandbox/challenger_sandbox_forecasts.csv","challenger_sandbox_forecasts.csv","csv","93749","0.089406","EVIDENCE_ARTIFACT","model_lab","NONE","TRUE","FALSE","FALSE","Historical validation report log backup script or other non-runtime evidence"
"V6/outputs/model_lab/challenger_sandbox/challenger_sandbox_report.md","challenger_sandbox_report.md","md","2103","0.002006","EVIDENCE_ARTIFACT","model_lab","NONE","TRUE","FALSE","FALSE","Historical validation report log backup script or other non-runtime evidence"
"V6/outputs/model_lab/challenger_sandbox/challenger_sandbox_scope.csv","challenger_sandbox_scope.csv","csv","4912","0.004684","EVIDENCE_ARTIFACT","model_lab","NONE","TRUE","FALSE","FALSE","Historical validation report log backup script or other non-runtime evidence"
"V6/outputs/model_lab/challenger_sandbox/challenger_sandbox_summary.csv","challenger_sandbox_summary.csv","csv","255","0.000243","EVIDENCE_ARTIFACT","model_lab","NONE","TRUE","FALSE","FALSE","Historical validation report log backup script or other non-runtime evidence"
"V6/outputs/model_lab/champion_decision/champion_candidate_evaluation.csv","champion_candidate_evaluation.csv","csv","2528","0.002411","EVIDENCE_ARTIFACT","model_lab","NONE","TRUE","FALSE","FALSE","Historical validation report log backup script or other non-runtime evidence"
"V6/outputs/model_lab/champion_decision/champion_decision_evidence_summary.csv","champion_decision_evidence_summary.csv","csv","1501","0.001431","CONTRACT_SPEC","model_lab","NONE","FALSE","TRUE","FALSE","Defines scope behavior schema policy or plan; not runtime data"
"V6/outputs/model_lab/champion_decision/champion_decision_report.md","champion_decision_report.md","md","1887","0.0018","DASHBOARD_PRODUCTIVE_INPUT","model_lab","CURRENT_REGISTERED_SHINY_INPUT","FALSE","FALSE","TRUE","Path is registered in shiny_app/R/data_loader.R and exists in the snapshot"
"V6/outputs/model_lab/champion_decision/champion_decision_risk_review.csv","champion_decision_risk_review.csv","csv","10246","0.009771","CONTRACT_SPEC","model_lab","NONE","FALSE","TRUE","FALSE","Defines scope behavior schema policy or plan; not runtime data"
"V6/outputs/model_lab/champion_decision/champion_decision_scorecard.csv","champion_decision_scorecard.csv","csv","3177","0.00303","CONTRACT_SPEC","model_lab","NONE","FALSE","TRUE","FALSE","Defines scope behavior schema policy or plan; not runtime data"
"V6/outputs/model_lab/champion_decision/champion_decision_summary.csv","champion_decision_summary.csv","csv","344","0.000328","CONTRACT_SPEC","model_lab","NONE","FALSE","TRUE","FALSE","Defines scope behavior schema policy or plan; not runtime data"
"V6/outputs/model_lab/champion_decision/champion_decision_validation.csv","champion_decision_validation.csv","csv","796","0.000759","CONTRACT_SPEC","model_lab","NONE","FALSE","TRUE","FALSE","Defines scope behavior schema policy or plan; not runtime data"
"V6/outputs/model_lab/champion_decision/champion_decision.csv","champion_decision.csv","csv","421","0.000401","CONTRACT_SPEC","model_lab","NONE","FALSE","TRUE","FALSE","Defines scope behavior schema policy or plan; not runtime data"
"V6/outputs/model_lab/contracts/execution_contract.csv","execution_contract.csv","csv","1658","0.001581","CONTRACT_SPEC","model_lab","NONE","FALSE","TRUE","FALSE","Defines scope behavior schema policy or plan; not runtime data"
"V6/outputs/model_lab/contracts/forecast_output_schema.csv","forecast_output_schema.csv","csv","552","0.000526","CONTRACT_SPEC","model_lab","NONE","FALSE","TRUE","FALSE","Defines scope behavior schema policy or plan; not runtime data"
"V6/outputs/model_lab/contracts/job_status_codes.csv","job_status_codes.csv","csv","624","0.000595","EVIDENCE_ARTIFACT","model_lab","NONE","TRUE","FALSE","FALSE","Historical validation report log backup script or other non-runtime evidence"
"V6/outputs/model_lab/contracts/metrics_output_schema.csv","metrics_output_schema.csv","csv","813","0.000775","CONTRACT_SPEC","model_lab","NONE","FALSE","TRUE","FALSE","Defines scope behavior schema policy or plan; not runtime data"
"V6/outputs/model_lab/contracts/model_output_schema.csv","model_output_schema.csv","csv","911","0.000869","CONTRACT_SPEC","model_lab","NONE","FALSE","TRUE","FALSE","Defines scope behavior schema policy or plan; not runtime data"
"V6/outputs/model_lab/contracts/output_artifacts.csv","output_artifacts.csv","csv","779","0.000743","EVIDENCE_ARTIFACT","model_lab","NONE","TRUE","FALSE","FALSE","Historical validation report log backup script or other non-runtime evidence"
"V6/outputs/model_lab/contracts/tournament_output_schema.csv","tournament_output_schema.csv","csv","445","0.000424","CONTRACT_SPEC","model_lab","NONE","FALSE","TRUE","FALSE","Defines scope behavior schema policy or plan; not runtime data"
"V6/outputs/model_lab/denominator_reconciliation/denominator_reconciliation_report.md","denominator_reconciliation_report.md","md","3187","0.003039","EVIDENCE_ARTIFACT","model_lab","NONE","TRUE","FALSE","FALSE","Historical validation report log backup script or other non-runtime evidence"
"V6/outputs/model_lab/denominator_reconciliation/denominator_reconciliation_summary.csv","denominator_reconciliation_summary.csv","csv","464","0.000443","EVIDENCE_ARTIFACT","model_lab","NONE","TRUE","FALSE","FALSE","Historical validation report log backup script or other non-runtime evidence"
"V6/outputs/model_lab/denominator_reconciliation/denominator_unit_test_report.csv","denominator_unit_test_report.csv","csv","604","0.000576","EVIDENCE_ARTIFACT","model_lab","NONE","TRUE","FALSE","FALSE","Historical validation report log backup script or other non-runtime evidence"
"V6/outputs/model_lab/denominator_reconciliation/training_only_denominators.csv","training_only_denominators.csv","csv","89441","0.085298","EVIDENCE_ARTIFACT","model_lab","NONE","TRUE","FALSE","FALSE","Historical validation report log backup script or other non-runtime evidence"
"V6/outputs/model_lab/features/dataset_contract.csv","dataset_contract.csv","csv","1136","0.001083","CONTRACT_SPEC","model_lab","NONE","FALSE","TRUE","FALSE","Defines scope behavior schema policy or plan; not runtime data"
"V6/outputs/model_lab/features/feature_dataset.csv","feature_dataset.csv","csv","17545493","16.732686","EVIDENCE_ARTIFACT","model_lab","NONE","TRUE","FALSE","FALSE","Historical validation report log backup script or other non-runtime evidence"
"V6/outputs/model_lab/features/feature_metadata.csv","feature_metadata.csv","csv","1281","0.001222","EVIDENCE_ARTIFACT","model_lab","NONE","TRUE","FALSE","FALSE","Historical validation report log backup script or other non-runtime evidence"
"V6/outputs/model_lab/forecast_viewer_handoff_pilot_qa/forecast_viewer_pilot_qa_chart_readiness.csv","forecast_viewer_pilot_qa_chart_readiness.csv","csv","270","0.000257","EVIDENCE_ARTIFACT","model_lab","NONE","TRUE","FALSE","FALSE","Historical validation report log backup script or other non-runtime evidence"
"V6/outputs/model_lab/forecast_viewer_handoff_pilot_qa/forecast_viewer_pilot_qa_horizon_summary.csv","forecast_viewer_pilot_qa_horizon_summary.csv","csv","622","0.000593","EVIDENCE_ARTIFACT","model_lab","NONE","TRUE","FALSE","FALSE","Historical validation report log backup script or other non-runtime evidence"
"V6/outputs/model_lab/forecast_viewer_handoff_pilot_qa/forecast_viewer_pilot_qa_model_summary.csv","forecast_viewer_pilot_qa_model_summary.csv","csv","923","0.00088","EVIDENCE_ARTIFACT","model_lab","NONE","TRUE","FALSE","FALSE","Historical validation report log backup script or other non-runtime evidence"
"V6/outputs/model_lab/forecast_viewer_handoff_pilot_qa/forecast_viewer_pilot_qa_preview_long.csv","forecast_viewer_pilot_qa_preview_long.csv","csv","5086","0.00485","EVIDENCE_ARTIFACT","model_lab","NONE","TRUE","FALSE","FALSE","Historical validation report log backup script or other non-runtime evidence"
"V6/outputs/model_lab/forecast_viewer_handoff_pilot_qa/forecast_viewer_pilot_qa_preview_wide.csv","forecast_viewer_pilot_qa_preview_wide.csv","csv","1263","0.001204","EVIDENCE_ARTIFACT","model_lab","NONE","TRUE","FALSE","FALSE","Historical validation report log backup script or other non-runtime evidence"
"V6/outputs/model_lab/forecast_viewer_handoff_pilot_qa/forecast_viewer_pilot_qa_report.md","forecast_viewer_pilot_qa_report.md","md","15650","0.014925","EVIDENCE_ARTIFACT","model_lab","NONE","TRUE","FALSE","FALSE","Historical validation report log backup script or other non-runtime evidence"
"V6/outputs/model_lab/forecast_viewer_handoff_pilot_qa/forecast_viewer_pilot_qa_series_summary.csv","forecast_viewer_pilot_qa_series_summary.csv","csv","916","0.000874","EVIDENCE_ARTIFACT","model_lab","NONE","TRUE","FALSE","FALSE","Historical validation report log backup script or other non-runtime evidence"
"V6/outputs/model_lab/forecast_viewer_handoff_pilot_qa/forecast_viewer_pilot_qa_validation.csv","forecast_viewer_pilot_qa_validation.csv","csv","1819","0.001735","EVIDENCE_ARTIFACT","model_lab","NONE","TRUE","FALSE","FALSE","Historical validation report log backup script or other non-runtime evidence"
"V6/outputs/model_lab/forecast_viewer_handoff_pilot/forecast_viewer_handoff_pilot_coverage_by_series.csv","forecast_viewer_handoff_pilot_coverage_by_series.csv","csv","1825","0.00174","EVIDENCE_ARTIFACT","model_lab","NONE","TRUE","FALSE","FALSE","Historical validation report log backup script or other non-runtime evidence"
"V6/outputs/model_lab/forecast_viewer_handoff_pilot/forecast_viewer_handoff_pilot_model_coverage.csv","forecast_viewer_handoff_pilot_model_coverage.csv","csv","3701","0.00353","EVIDENCE_ARTIFACT","model_lab","NONE","TRUE","FALSE","FALSE","Historical validation report log backup script or other non-runtime evidence"
"V6/outputs/model_lab/forecast_viewer_handoff_pilot/forecast_viewer_handoff_pilot_report.md","forecast_viewer_handoff_pilot_report.md","md","4356","0.004154","EVIDENCE_ARTIFACT","model_lab","NONE","TRUE","FALSE","FALSE","Historical validation report log backup script or other non-runtime evidence"
"V6/outputs/model_lab/forecast_viewer_handoff_pilot/forecast_viewer_handoff_pilot_schema.csv","forecast_viewer_handoff_pilot_schema.csv","csv","869","0.000829","CONTRACT_SPEC","model_lab","NONE","FALSE","TRUE","FALSE","Defines scope behavior schema policy or plan; not runtime data"
"V6/outputs/model_lab/forecast_viewer_handoff_pilot/forecast_viewer_handoff_pilot_source_manifest.csv","forecast_viewer_handoff_pilot_source_manifest.csv","csv","804","0.000767","EVIDENCE_ARTIFACT","model_lab","NONE","TRUE","FALSE","FALSE","Historical validation report log backup script or other non-runtime evidence"
"V6/outputs/model_lab/forecast_viewer_handoff_pilot/forecast_viewer_handoff_pilot_validation.csv","forecast_viewer_handoff_pilot_validation.csv","csv","1956","0.001865","EVIDENCE_ARTIFACT","model_lab","NONE","TRUE","FALSE","FALSE","Historical validation report log backup script or other non-runtime evidence"
"V6/outputs/model_lab/forecast_viewer_handoff_pilot/logs/build_pilot_20260618_114220.log","build_pilot_20260618_114220.log","log","1504","0.001434","EVIDENCE_ARTIFACT","model_lab","NONE","TRUE","FALSE","FALSE","Historical validation report log backup script or other non-runtime evidence"
"V6/outputs/model_lab/forecast_viewer_handoff/forecast_viewer_handoff_chart_readiness.csv","forecast_viewer_handoff_chart_readiness.csv","csv","6018","0.005739","EVIDENCE_ARTIFACT","model_lab","NONE","TRUE","FALSE","FALSE","Historical validation report log backup script or other non-runtime evidence"
"V6/outputs/model_lab/forecast_viewer_handoff/forecast_viewer_handoff_coverage_by_series.csv","forecast_viewer_handoff_coverage_by_series.csv","csv","11207","0.010688","EVIDENCE_ARTIFACT","model_lab","NONE","TRUE","FALSE","FALSE","Historical validation report log backup script or other non-runtime evidence"
"V6/outputs/model_lab/forecast_viewer_handoff/forecast_viewer_handoff_excluded_series.csv","forecast_viewer_handoff_excluded_series.csv","csv","804","0.000767","EVIDENCE_ARTIFACT","model_lab","NONE","TRUE","FALSE","FALSE","Historical validation report log backup script or other non-runtime evidence"
"V6/outputs/model_lab/forecast_viewer_handoff/forecast_viewer_handoff_horizon_summary.csv","forecast_viewer_handoff_horizon_summary.csv","csv","678","0.000647","EVIDENCE_ARTIFACT","model_lab","NONE","TRUE","FALSE","FALSE","Historical validation report log backup script or other non-runtime evidence"
"V6/outputs/model_lab/forecast_viewer_handoff/forecast_viewer_handoff_model_coverage.csv","forecast_viewer_handoff_model_coverage.csv","csv","49171","0.046893","EVIDENCE_ARTIFACT","model_lab","NONE","TRUE","FALSE","FALSE","Historical validation report log backup script or other non-runtime evidence"
"V6/outputs/model_lab/forecast_viewer_handoff/forecast_viewer_handoff_report.md","forecast_viewer_handoff_report.md","md","4413","0.004209","EVIDENCE_ARTIFACT","model_lab","NONE","TRUE","FALSE","FALSE","Historical validation report log backup script or other non-runtime evidence"
"V6/outputs/model_lab/forecast_viewer_handoff/forecast_viewer_handoff_schema.csv","forecast_viewer_handoff_schema.csv","csv","890","0.000849","CONTRACT_SPEC","model_lab","NONE","FALSE","TRUE","FALSE","Defines scope behavior schema policy or plan; not runtime data"
"V6/outputs/model_lab/forecast_viewer_handoff/forecast_viewer_handoff_source_manifest.csv","forecast_viewer_handoff_source_manifest.csv","csv","804","0.000767","EVIDENCE_ARTIFACT","model_lab","NONE","TRUE","FALSE","FALSE","Historical validation report log backup script or other non-runtime evidence"
"V6/outputs/model_lab/forecast_viewer_handoff/forecast_viewer_handoff_validation.csv","forecast_viewer_handoff_validation.csv","csv","2895","0.002761","EVIDENCE_ARTIFACT","model_lab","NONE","TRUE","FALSE","FALSE","Historical validation report log backup script or other non-runtime evidence"
"V6/outputs/model_lab/forecast_viewer_handoff/logs/build_full_20260618_205322.log","build_full_20260618_205322.log","log","1483","0.001414","EVIDENCE_ARTIFACT","model_lab","NONE","TRUE","FALSE","FALSE","Historical validation report log backup script or other non-runtime evidence"
"V6/outputs/model_lab/forecast_viewer_handoff/logs/build_full_20260626_182316.log","build_full_20260626_182316.log","log","1483","0.001414","EVIDENCE_ARTIFACT","model_lab","NONE","TRUE","FALSE","FALSE","Historical validation report log backup script or other non-runtime evidence"
"V6/outputs/model_lab/forecasts/baseline_execution_status.csv","baseline_execution_status.csv","csv","518863","0.494826","EVIDENCE_ARTIFACT","model_lab","NONE","TRUE","FALSE","FALSE","Historical validation report log backup script or other non-runtime evidence"
"V6/outputs/model_lab/forecasts/baseline_forecasts.csv","baseline_forecasts.csv","csv","119","0.000113","EVIDENCE_ARTIFACT","model_lab","NONE","TRUE","FALSE","FALSE","Historical validation report log backup script or other non-runtime evidence"
"V6/outputs/model_lab/full_baseline/full_baseline_execution_status.csv","full_baseline_execution_status.csv","csv","413989","0.394811","EVIDENCE_ARTIFACT","model_lab","NONE","TRUE","FALSE","FALSE","Historical validation report log backup script or other non-runtime evidence"
"V6/outputs/model_lab/full_baseline/full_baseline_forecasts.csv","full_baseline_forecasts.csv","csv","13499531","12.874156","EVIDENCE_ARTIFACT","model_lab","NONE","TRUE","FALSE","FALSE","Historical validation report log backup script or other non-runtime evidence"
"V6/outputs/model_lab/full_baseline/full_baseline_summary.csv","full_baseline_summary.csv","csv","208","0.000198","EVIDENCE_ARTIFACT","model_lab","NONE","TRUE","FALSE","FALSE","Historical validation report log backup script or other non-runtime evidence"
"V6/outputs/model_lab/implementation_issue/implementation_issue_actuals.csv","implementation_issue_actuals.csv","csv","746","0.000711","EVIDENCE_ARTIFACT","model_lab","NONE","TRUE","FALSE","FALSE","Historical validation report log backup script or other non-runtime evidence"
"V6/outputs/model_lab/implementation_issue/implementation_issue_analysis.csv","implementation_issue_analysis.csv","csv","318","0.000303","EVIDENCE_ARTIFACT","model_lab","NONE","TRUE","FALSE","FALSE","Historical validation report log backup script or other non-runtime evidence"
"V6/outputs/model_lab/implementation_issue/implementation_issue_code_review.csv","implementation_issue_code_review.csv","csv","549","0.000524","EVIDENCE_ARTIFACT","model_lab","NONE","TRUE","FALSE","FALSE","Historical validation report log backup script or other non-runtime evidence"
"V6/outputs/model_lab/implementation_issue/implementation_issue_final_classification.csv","implementation_issue_final_classification.csv","csv","218","0.000208","EVIDENCE_ARTIFACT","model_lab","NONE","TRUE","FALSE","FALSE","Historical validation report log backup script or other non-runtime evidence"
"V6/outputs/model_lab/implementation_issue/implementation_issue_forecast.csv","implementation_issue_forecast.csv","csv","783","0.000747","EVIDENCE_ARTIFACT","model_lab","NONE","TRUE","FALSE","FALSE","Historical validation report log backup script or other non-runtime evidence"
"V6/outputs/model_lab/implementation_issue/implementation_issue_record.csv","implementation_issue_record.csv","csv","146","0.000139","EVIDENCE_ARTIFACT","model_lab","NONE","TRUE","FALSE","FALSE","Historical validation report log backup script or other non-runtime evidence"
"V6/outputs/model_lab/implementation_issue/implementation_issue_summary.csv","implementation_issue_summary.csv","csv","206","0.000196","EVIDENCE_ARTIFACT","model_lab","NONE","TRUE","FALSE","FALSE","Historical validation report log backup script or other non-runtime evidence"
"V6/outputs/model_lab/mase/mase_by_entity.csv","mase_by_entity.csv","csv","3658","0.003489","EVIDENCE_ARTIFACT","model_lab","NONE","TRUE","FALSE","FALSE","Historical validation report log backup script or other non-runtime evidence"
"V6/outputs/model_lab/mase/mase_by_model.csv","mase_by_model.csv","csv","899","0.000857","EVIDENCE_ARTIFACT","model_lab","NONE","TRUE","FALSE","FALSE","Historical validation report log backup script or other non-runtime evidence"
"V6/outputs/model_lab/mase/mase_scores.csv","mase_scores.csv","csv","430496","0.410553","EVIDENCE_ARTIFACT","model_lab","NONE","TRUE","FALSE","FALSE","Historical validation report log backup script or other non-runtime evidence"
"V6/outputs/model_lab/mase/mase_summary.csv","mase_summary.csv","csv","233","0.000222","EVIDENCE_ARTIFACT","model_lab","NONE","TRUE","FALSE","FALSE","Historical validation report log backup script or other non-runtime evidence"
"V6/outputs/model_lab/metrics_sanity/metrics_sanity_by_entity.csv","metrics_sanity_by_entity.csv","csv","5580","0.005322","EVIDENCE_ARTIFACT","model_lab","NONE","TRUE","FALSE","FALSE","Historical validation report log backup script or other non-runtime evidence"
"V6/outputs/model_lab/metrics_sanity/metrics_sanity_by_model.csv","metrics_sanity_by_model.csv","csv","1337","0.001275","EVIDENCE_ARTIFACT","model_lab","NONE","TRUE","FALSE","FALSE","Historical validation report log backup script or other non-runtime evidence"
"V6/outputs/model_lab/metrics_sanity/metrics_sanity_flags.csv","metrics_sanity_flags.csv","csv","765","0.00073","EVIDENCE_ARTIFACT","model_lab","NONE","TRUE","FALSE","FALSE","Historical validation report log backup script or other non-runtime evidence"
"V6/outputs/model_lab/metrics_sanity/metrics_sanity_summary.csv","metrics_sanity_summary.csv","csv","146","0.000139","EVIDENCE_ARTIFACT","model_lab","NONE","TRUE","FALSE","FALSE","Historical validation report log backup script or other non-runtime evidence"
"V6/outputs/model_lab/metrics/baseline_metrics_by_entity.csv","baseline_metrics_by_entity.csv","csv","4541","0.004331","EVIDENCE_ARTIFACT","model_lab","NONE","TRUE","FALSE","FALSE","Historical validation report log backup script or other non-runtime evidence"
"V6/outputs/model_lab/metrics/baseline_metrics_by_model.csv","baseline_metrics_by_model.csv","csv","885","0.000844","EVIDENCE_ARTIFACT","model_lab","NONE","TRUE","FALSE","FALSE","Historical validation report log backup script or other non-runtime evidence"
"V6/outputs/model_lab/metrics/baseline_metrics_summary.csv","baseline_metrics_summary.csv","csv","270","0.000257","EVIDENCE_ARTIFACT","model_lab","NONE","TRUE","FALSE","FALSE","Historical validation report log backup script or other non-runtime evidence"
"V6/outputs/model_lab/metrics/baseline_metrics.csv","baseline_metrics.csv","csv","578352","0.551559","EVIDENCE_ARTIFACT","model_lab","NONE","TRUE","FALSE","FALSE","Historical validation report log backup script or other non-runtime evidence"
"V6/outputs/model_lab/model_lab_closure_pack/model_lab_artifact_manifest.csv","model_lab_artifact_manifest.csv","csv","1682","0.001604","DASHBOARD_PRODUCTIVE_INPUT","model_lab","CURRENT_REGISTERED_SHINY_INPUT","FALSE","FALSE","TRUE","Path is registered in shiny_app/R/data_loader.R and exists in the snapshot"
"V6/outputs/model_lab/model_lab_closure_pack/model_lab_champion_summary.csv","model_lab_champion_summary.csv","csv","485","0.000463","DASHBOARD_PRODUCTIVE_INPUT","model_lab","CURRENT_REGISTERED_SHINY_INPUT","FALSE","FALSE","TRUE","Path is registered in shiny_app/R/data_loader.R and exists in the snapshot"
"V6/outputs/model_lab/model_lab_closure_pack/model_lab_closure_report.md","model_lab_closure_report.md","md","2329","0.002221","EVIDENCE_ARTIFACT","model_lab","NONE","TRUE","FALSE","FALSE","Historical validation report log backup script or other non-runtime evidence"
"V6/outputs/model_lab/model_lab_closure_pack/model_lab_closure_summary.csv","model_lab_closure_summary.csv","csv","391","0.000373","EVIDENCE_ARTIFACT","model_lab","NONE","TRUE","FALSE","FALSE","Historical validation report log backup script or other non-runtime evidence"
"V6/outputs/model_lab/model_lab_closure_pack/model_lab_closure_validation.csv","model_lab_closure_validation.csv","csv","818","0.00078","EVIDENCE_ARTIFACT","model_lab","NONE","TRUE","FALSE","FALSE","Historical validation report log backup script or other non-runtime evidence"
"V6/outputs/model_lab/model_lab_closure_pack/model_lab_dashboard_handoff_manifest.csv","model_lab_dashboard_handoff_manifest.csv","csv","2140","0.002041","DASHBOARD_PRODUCTIVE_INPUT","model_lab","CURRENT_REGISTERED_SHINY_INPUT","FALSE","FALSE","TRUE","Path is registered in shiny_app/R/data_loader.R and exists in the snapshot"
"V6/outputs/model_lab/model_lab_closure_pack/model_lab_deferred_models.csv","model_lab_deferred_models.csv","csv","445","0.000424","DASHBOARD_PRODUCTIVE_INPUT","model_lab","CURRENT_REGISTERED_SHINY_INPUT","FALSE","FALSE","TRUE","Path is registered in shiny_app/R/data_loader.R and exists in the snapshot"
"V6/outputs/model_lab/model_lab_closure_pack/model_lab_executive_summary.md","model_lab_executive_summary.md","md","525","0.000501","EVIDENCE_ARTIFACT","model_lab","NONE","TRUE","FALSE","FALSE","Historical validation report log backup script or other non-runtime evidence"
"V6/outputs/model_lab/model_lab_closure_pack/model_lab_final_model_universe.csv","model_lab_final_model_universe.csv","csv","1785","0.001702","DASHBOARD_PRODUCTIVE_INPUT","model_lab","CURRENT_REGISTERED_SHINY_INPUT","FALSE","FALSE","TRUE","Path is registered in shiny_app/R/data_loader.R and exists in the snapshot"
"V6/outputs/model_lab/model_lab_closure_pack/model_lab_key_results.csv","model_lab_key_results.csv","csv","1283","0.001224","DASHBOARD_PRODUCTIVE_INPUT","model_lab","CURRENT_REGISTERED_SHINY_INPUT","FALSE","FALSE","TRUE","Path is registered in shiny_app/R/data_loader.R and exists in the snapshot"
"V6/outputs/model_lab/model_lab_closure_pack/model_lab_next_steps.csv","model_lab_next_steps.csv","csv","818","0.00078","DASHBOARD_PRODUCTIVE_INPUT","model_lab","CURRENT_REGISTERED_SHINY_INPUT","FALSE","FALSE","TRUE","Path is registered in shiny_app/R/data_loader.R and exists in the snapshot"
"V6/outputs/model_lab/model_lab_closure_pack/model_lab_risk_register_final.csv","model_lab_risk_register_final.csv","csv","1359","0.001296","DASHBOARD_PRODUCTIVE_INPUT","model_lab","CURRENT_REGISTERED_SHINY_INPUT","FALSE","FALSE","TRUE","Path is registered in shiny_app/R/data_loader.R and exists in the snapshot"
"V6/outputs/model_lab/model_lab_closure_pack/model_lab_stage_status_manifest.csv","model_lab_stage_status_manifest.csv","csv","3502","0.00334","EVIDENCE_ARTIFACT","model_lab","NONE","TRUE","FALSE","FALSE","Historical validation report log backup script or other non-runtime evidence"
"V6/outputs/model_lab/no_tuning_leakage_contract/audit_readiness_manifest.csv","audit_readiness_manifest.csv","csv","1221","0.001164","EVIDENCE_ARTIFACT","model_lab","NONE","TRUE","FALSE","FALSE","Historical validation report log backup script or other non-runtime evidence"
"V6/outputs/model_lab/no_tuning_leakage_contract/challenger_preregistration_template.csv","challenger_preregistration_template.csv","csv","978","0.000933","EVIDENCE_ARTIFACT","model_lab","NONE","TRUE","FALSE","FALSE","Historical validation report log backup script or other non-runtime evidence"
"V6/outputs/model_lab/no_tuning_leakage_contract/leakage_control_checklist.csv","leakage_control_checklist.csv","csv","1504","0.001434","EVIDENCE_ARTIFACT","model_lab","NONE","TRUE","FALSE","FALSE","Historical validation report log backup script or other non-runtime evidence"
"V6/outputs/model_lab/no_tuning_leakage_contract/no_tuning_leakage_contract.md","no_tuning_leakage_contract.md","md","4895","0.004668","CONTRACT_SPEC","model_lab","NONE","FALSE","TRUE","FALSE","Defines scope behavior schema policy or plan; not runtime data"
"V6/outputs/model_lab/no_tuning_leakage_contract/no_tuning_leakage_summary.csv","no_tuning_leakage_summary.csv","csv","267","0.000255","EVIDENCE_ARTIFACT","model_lab","NONE","TRUE","FALSE","FALSE","Historical validation report log backup script or other non-runtime evidence"
"V6/outputs/model_lab/non_negative_policy/non_negative_forecasts.csv","non_negative_forecasts.csv","csv","13397973","12.777303","EVIDENCE_ARTIFACT","model_lab","NONE","TRUE","FALSE","FALSE","Historical validation report log backup script or other non-runtime evidence"
"V6/outputs/model_lab/non_negative_policy/non_negative_impact_by_entity.csv","non_negative_impact_by_entity.csv","csv","3391","0.003234","EVIDENCE_ARTIFACT","model_lab","NONE","TRUE","FALSE","FALSE","Historical validation report log backup script or other non-runtime evidence"
"V6/outputs/model_lab/non_negative_policy/non_negative_impact_by_model.csv","non_negative_impact_by_model.csv","csv","1006","0.000959","EVIDENCE_ARTIFACT","model_lab","NONE","TRUE","FALSE","FALSE","Historical validation report log backup script or other non-runtime evidence"
"V6/outputs/model_lab/non_negative_policy/non_negative_mase_scores.csv","non_negative_mase_scores.csv","csv","478152","0.456001","EVIDENCE_ARTIFACT","model_lab","NONE","TRUE","FALSE","FALSE","Historical validation report log backup script or other non-runtime evidence"
"V6/outputs/model_lab/non_negative_policy/non_negative_policy_summary.csv","non_negative_policy_summary.csv","csv","457","0.000436","CONTRACT_SPEC","model_lab","NONE","FALSE","TRUE","FALSE","Defines scope behavior schema policy or plan; not runtime data"
"V6/outputs/model_lab/non_negative_policy/non_negative_rmsse_scores.csv","non_negative_rmsse_scores.csv","csv","510604","0.48695","EVIDENCE_ARTIFACT","model_lab","NONE","TRUE","FALSE","FALSE","Historical validation report log backup script or other non-runtime evidence"
"V6/outputs/model_lab/outlier_drilldown/outlier_by_entity.csv","outlier_by_entity.csv","csv","1300","0.00124","EVIDENCE_ARTIFACT","model_lab","NONE","TRUE","FALSE","FALSE","Historical validation report log backup script or other non-runtime evidence"
"V6/outputs/model_lab/outlier_drilldown/outlier_by_model.csv","outlier_by_model.csv","csv","467","0.000445","EVIDENCE_ARTIFACT","model_lab","NONE","TRUE","FALSE","FALSE","Historical validation report log backup script or other non-runtime evidence"
"V6/outputs/model_lab/outlier_drilldown/outlier_drilldown_summary.csv","outlier_drilldown_summary.csv","csv","249","0.000237","EVIDENCE_ARTIFACT","model_lab","NONE","TRUE","FALSE","FALSE","Historical validation report log backup script or other non-runtime evidence"
"V6/outputs/model_lab/outlier_drilldown/outlier_root_causes.csv","outlier_root_causes.csv","csv","15586","0.014864","EVIDENCE_ARTIFACT","model_lab","NONE","TRUE","FALSE","FALSE","Historical validation report log backup script or other non-runtime evidence"
"V6/outputs/model_lab/outlier_drilldown/outlier_window_diagnostics.csv","outlier_window_diagnostics.csv","csv","23033","0.021966","EVIDENCE_ARTIFACT","model_lab","NONE","TRUE","FALSE","FALSE","Historical validation report log backup script or other non-runtime evidence"
"V6/outputs/model_lab/outlier_drilldown/ranking_risk_assessment.csv","ranking_risk_assessment.csv","csv","4656","0.00444","EVIDENCE_ARTIFACT","model_lab","NONE","TRUE","FALSE","FALSE","Historical validation report log backup script or other non-runtime evidence"
"V6/outputs/model_lab/outlier_drilldown/top_metric_outliers.csv","top_metric_outliers.csv","csv","29711","0.028335","EVIDENCE_ARTIFACT","model_lab","NONE","TRUE","FALSE","FALSE","Historical validation report log backup script or other non-runtime evidence"
"V6/outputs/model_lab/ranking_dry_run/baseline_ranking_by_entity.csv","baseline_ranking_by_entity.csv","csv","28826","0.027491","EVIDENCE_ARTIFACT","model_lab","NONE","TRUE","FALSE","FALSE","Historical validation report log backup script or other non-runtime evidence"
"V6/outputs/model_lab/ranking_dry_run/baseline_ranking_by_model.csv","baseline_ranking_by_model.csv","csv","1301","0.001241","EVIDENCE_ARTIFACT","model_lab","NONE","TRUE","FALSE","FALSE","Historical validation report log backup script or other non-runtime evidence"
"V6/outputs/model_lab/ranking_dry_run/baseline_ranking_distribution.csv","baseline_ranking_distribution.csv","csv","331","0.000316","EVIDENCE_ARTIFACT","model_lab","NONE","TRUE","FALSE","FALSE","Historical validation report log backup script or other non-runtime evidence"
"V6/outputs/model_lab/ranking_dry_run/baseline_ranking_flags.csv","baseline_ranking_flags.csv","csv","41","3.9E-05","EVIDENCE_ARTIFACT","model_lab","NONE","TRUE","FALSE","FALSE","Historical validation report log backup script or other non-runtime evidence"
"V6/outputs/model_lab/ranking_dry_run/baseline_ranking_scores.csv","baseline_ranking_scores.csv","csv","1332538","1.270807","EVIDENCE_ARTIFACT","model_lab","NONE","TRUE","FALSE","FALSE","Historical validation report log backup script or other non-runtime evidence"
"V6/outputs/model_lab/ranking_dry_run/baseline_ranking_summary.csv","baseline_ranking_summary.csv","csv","289","0.000276","EVIDENCE_ARTIFACT","model_lab","NONE","TRUE","FALSE","FALSE","Historical validation report log backup script or other non-runtime evidence"
"V6/outputs/model_lab/ranking_policy/ranking_aggregation_rules.csv","ranking_aggregation_rules.csv","csv","435","0.000415","EVIDENCE_ARTIFACT","model_lab","NONE","TRUE","FALSE","FALSE","Historical validation report log backup script or other non-runtime evidence"
"V6/outputs/model_lab/ranking_policy/ranking_metric_weights.csv","ranking_metric_weights.csv","csv","301","0.000287","EVIDENCE_ARTIFACT","model_lab","NONE","TRUE","FALSE","FALSE","Historical validation report log backup script or other non-runtime evidence"
"V6/outputs/model_lab/ranking_policy/ranking_normalization_rules.csv","ranking_normalization_rules.csv","csv","968","0.000923","CONTRACT_SPEC","model_lab","NONE","FALSE","TRUE","FALSE","Defines scope behavior schema policy or plan; not runtime data"
"V6/outputs/model_lab/ranking_policy/ranking_outlier_rules.csv","ranking_outlier_rules.csv","csv","465","0.000443","EVIDENCE_ARTIFACT","model_lab","NONE","TRUE","FALSE","FALSE","Historical validation report log backup script or other non-runtime evidence"
"V6/outputs/model_lab/ranking_policy/ranking_policy_definition.csv","ranking_policy_definition.csv","csv","515","0.000491","CONTRACT_SPEC","model_lab","NONE","FALSE","TRUE","FALSE","Defines scope behavior schema policy or plan; not runtime data"
"V6/outputs/model_lab/ranking_policy/ranking_policy_summary.csv","ranking_policy_summary.csv","csv","235","0.000224","CONTRACT_SPEC","model_lab","NONE","FALSE","TRUE","FALSE","Defines scope behavior schema policy or plan; not runtime data"
"V6/outputs/model_lab/ranking_policy/ranking_tiebreak_rules.csv","ranking_tiebreak_rules.csv","csv","480","0.000458","EVIDENCE_ARTIFACT","model_lab","NONE","TRUE","FALSE","FALSE","Historical validation report log backup script or other non-runtime evidence"
"V6/outputs/model_lab/rmsse/rmsse_by_entity.csv","rmsse_by_entity.csv","csv","4390","0.004187","EVIDENCE_ARTIFACT","model_lab","NONE","TRUE","FALSE","FALSE","Historical validation report log backup script or other non-runtime evidence"
"V6/outputs/model_lab/rmsse/rmsse_by_model.csv","rmsse_by_model.csv","csv","1037","0.000989","EVIDENCE_ARTIFACT","model_lab","NONE","TRUE","FALSE","FALSE","Historical validation report log backup script or other non-runtime evidence"
"V6/outputs/model_lab/rmsse/rmsse_guardrail_summary.csv","rmsse_guardrail_summary.csv","csv","264","0.000252","EVIDENCE_ARTIFACT","model_lab","NONE","TRUE","FALSE","FALSE","Historical validation report log backup script or other non-runtime evidence"
"V6/outputs/model_lab/rmsse/rmsse_scores.csv","rmsse_scores.csv","csv","466096","0.444504","EVIDENCE_ARTIFACT","model_lab","NONE","TRUE","FALSE","FALSE","Historical validation report log backup script or other non-runtime evidence"
"V6/outputs/model_lab/runs/execution_audit_history.csv","execution_audit_history.csv","csv","245","0.000234","EVIDENCE_ARTIFACT","model_lab","NONE","TRUE","FALSE","FALSE","Historical validation report log backup script or other non-runtime evidence"
"V6/outputs/model_lab/runs/execution_audit.csv","execution_audit.csv","csv","245","0.000234","EVIDENCE_ARTIFACT","model_lab","NONE","TRUE","FALSE","FALSE","Historical validation report log backup script or other non-runtime evidence"
"V6/outputs/model_lab/runs/run_manifest_history.csv","run_manifest_history.csv","csv","411","0.000392","EVIDENCE_ARTIFACT","model_lab","NONE","TRUE","FALSE","FALSE","Historical validation report log backup script or other non-runtime evidence"
"V6/outputs/model_lab/runs/run_manifest.csv","run_manifest.csv","csv","411","0.000392","EVIDENCE_ARTIFACT","model_lab","NONE","TRUE","FALSE","FALSE","Historical validation report log backup script or other non-runtime evidence"
"V6/outputs/model_lab/runs/run_metadata_history.csv","run_metadata_history.csv","csv","269","0.000257","EVIDENCE_ARTIFACT","model_lab","NONE","TRUE","FALSE","FALSE","Historical validation report log backup script or other non-runtime evidence"
"V6/outputs/model_lab/runs/run_metadata.csv","run_metadata.csv","csv","269","0.000257","EVIDENCE_ARTIFACT","model_lab","NONE","TRUE","FALSE","FALSE","Historical validation report log backup script or other non-runtime evidence"
"V6/outputs/model_lab/sanity_review/forecast_sanity_by_entity.csv","forecast_sanity_by_entity.csv","csv","854","0.000814","EVIDENCE_ARTIFACT","model_lab","NONE","TRUE","FALSE","FALSE","Historical validation report log backup script or other non-runtime evidence"
"V6/outputs/model_lab/sanity_review/forecast_sanity_by_model.csv","forecast_sanity_by_model.csv","csv","1111","0.00106","EVIDENCE_ARTIFACT","model_lab","NONE","TRUE","FALSE","FALSE","Historical validation report log backup script or other non-runtime evidence"
"V6/outputs/model_lab/sanity_review/forecast_sanity_flags.csv","forecast_sanity_flags.csv","csv","42","4E-05","EVIDENCE_ARTIFACT","model_lab","NONE","TRUE","FALSE","FALSE","Historical validation report log backup script or other non-runtime evidence"
"V6/outputs/model_lab/sanity_review/forecast_sanity_summary.csv","forecast_sanity_summary.csv","csv","329","0.000314","EVIDENCE_ARTIFACT","model_lab","NONE","TRUE","FALSE","FALSE","Historical validation report log backup script or other non-runtime evidence"
"V6/outputs/model_lab/seasonal_benchmark/seasonal_naive_forecasts.csv","seasonal_naive_forecasts.csv","csv","1445903","1.378921","EVIDENCE_ARTIFACT","model_lab","NONE","TRUE","FALSE","FALSE","Historical validation report log backup script or other non-runtime evidence"
"V6/outputs/model_lab/seasonal_benchmark/seasonal_naive_status.csv","seasonal_naive_status.csv","csv","55555","0.052981","EVIDENCE_ARTIFACT","model_lab","NONE","TRUE","FALSE","FALSE","Historical validation report log backup script or other non-runtime evidence"
"V6/outputs/model_lab/seasonal_benchmark/seasonal_naive_summary.csv","seasonal_naive_summary.csv","csv","249","0.000237","EVIDENCE_ARTIFACT","model_lab","NONE","TRUE","FALSE","FALSE","Historical validation report log backup script or other non-runtime evidence"
"V6/outputs/model_lab/smoke_test_broader/broader_smoke_execution_status.csv","broader_smoke_execution_status.csv","csv","2939","0.002803","EVIDENCE_ARTIFACT","model_lab","NONE","TRUE","FALSE","FALSE","Historical validation report log backup script or other non-runtime evidence"
"V6/outputs/model_lab/smoke_test_broader/broader_smoke_forecasts.csv","broader_smoke_forecasts.csv","csv","89609","0.085458","EVIDENCE_ARTIFACT","model_lab","NONE","TRUE","FALSE","FALSE","Historical validation report log backup script or other non-runtime evidence"
"V6/outputs/model_lab/smoke_test_broader/broader_smoke_summary.csv","broader_smoke_summary.csv","csv","193","0.000184","EVIDENCE_ARTIFACT","model_lab","NONE","TRUE","FALSE","FALSE","Historical validation report log backup script or other non-runtime evidence"
"V6/outputs/model_lab/smoke_test/smoke_execution_status.csv","smoke_execution_status.csv","csv","921","0.000878","EVIDENCE_ARTIFACT","model_lab","NONE","TRUE","FALSE","FALSE","Historical validation report log backup script or other non-runtime evidence"
"V6/outputs/model_lab/smoke_test/smoke_forecasts.csv","smoke_forecasts.csv","csv","28211","0.026904","EVIDENCE_ARTIFACT","model_lab","NONE","TRUE","FALSE","FALSE","Historical validation report log backup script or other non-runtime evidence"
"V6/outputs/model_lab/smoke_test/smoke_summary.csv","smoke_summary.csv","csv","275","0.000262","EVIDENCE_ARTIFACT","model_lab","NONE","TRUE","FALSE","FALSE","Historical validation report log backup script or other non-runtime evidence"
"V6/outputs/model_lab/statistical_significance/model_significance_summary.csv","model_significance_summary.csv","csv","1284","0.001225","EVIDENCE_ARTIFACT","model_lab","NONE","TRUE","FALSE","FALSE","Historical validation report log backup script or other non-runtime evidence"
"V6/outputs/model_lab/statistical_significance/pairwise_model_significance.csv","pairwise_model_significance.csv","csv","6775","0.006461","EVIDENCE_ARTIFACT","model_lab","NONE","TRUE","FALSE","FALSE","Historical validation report log backup script or other non-runtime evidence"
"V6/outputs/model_lab/statistical_significance/significance_policy.md","significance_policy.md","md","1036","0.000988","CONTRACT_SPEC","model_lab","NONE","FALSE","TRUE","FALSE","Defines scope behavior schema policy or plan; not runtime data"
"V6/outputs/model_lab/statistical_significance/significance_summary.csv","significance_summary.csv","csv","323","0.000308","EVIDENCE_ARTIFACT","model_lab","NONE","TRUE","FALSE","FALSE","Historical validation report log backup script or other non-runtime evidence"
"V6/outputs/model_lab/tournament_engine/tournament_engine_report.md","tournament_engine_report.md","md","3229","0.003079","EVIDENCE_ARTIFACT","model_lab","NONE","TRUE","FALSE","FALSE","Historical validation report log backup script or other non-runtime evidence"
"V6/outputs/model_lab/tournament_engine/tournament_entity_model_scores.csv","tournament_entity_model_scores.csv","csv","82108","0.078304","EVIDENCE_ARTIFACT","model_lab","NONE","TRUE","FALSE","FALSE","Historical validation report log backup script or other non-runtime evidence"
"V6/outputs/model_lab/tournament_engine/tournament_model_evidence_summary.csv","tournament_model_evidence_summary.csv","csv","1403","0.001338","DASHBOARD_PRODUCTIVE_INPUT","model_lab","CURRENT_REGISTERED_SHINY_INPUT","FALSE","FALSE","TRUE","Path is registered in shiny_app/R/data_loader.R and exists in the snapshot"
"V6/outputs/model_lab/tournament_engine/tournament_model_scorecard.csv","tournament_model_scorecard.csv","csv","2598","0.002478","DASHBOARD_PRODUCTIVE_INPUT","model_lab","CURRENT_REGISTERED_SHINY_INPUT","FALSE","FALSE","TRUE","Path is registered in shiny_app/R/data_loader.R and exists in the snapshot"
"V6/outputs/model_lab/tournament_engine/tournament_model_universe.csv","tournament_model_universe.csv","csv","1486","0.001417","EVIDENCE_ARTIFACT","model_lab","NONE","TRUE","FALSE","FALSE","Historical validation report log backup script or other non-runtime evidence"
"V6/outputs/model_lab/tournament_engine/tournament_pairwise_evidence.csv","tournament_pairwise_evidence.csv","csv","17160","0.016365","DASHBOARD_PRODUCTIVE_INPUT","model_lab","CURRENT_REGISTERED_SHINY_INPUT","FALSE","FALSE","TRUE","Path is registered in shiny_app/R/data_loader.R and exists in the snapshot"
"V6/outputs/model_lab/tournament_engine/tournament_preliminary_standings.csv","tournament_preliminary_standings.csv","csv","1983","0.001891","DASHBOARD_PRODUCTIVE_INPUT","model_lab","CURRENT_REGISTERED_SHINY_INPUT","FALSE","FALSE","TRUE","Path is registered in shiny_app/R/data_loader.R and exists in the snapshot"
"V6/outputs/model_lab/tournament_engine/tournament_risk_register.csv","tournament_risk_register.csv","csv","6737","0.006425","EVIDENCE_ARTIFACT","model_lab","NONE","TRUE","FALSE","FALSE","Historical validation report log backup script or other non-runtime evidence"
"V6/outputs/model_lab/tournament_engine/tournament_summary.csv","tournament_summary.csv","csv","292","0.000278","EVIDENCE_ARTIFACT","model_lab","NONE","TRUE","FALSE","FALSE","Historical validation report log backup script or other non-runtime evidence"
"V6/outputs/model_lab/tournament_engine/tournament_validation.csv","tournament_validation.csv","csv","1191","0.001136","EVIDENCE_ARTIFACT","model_lab","NONE","TRUE","FALSE","FALSE","Historical validation report log backup script or other non-runtime evidence"
"V6/outputs/model_lab/tournament_sanity_review/tournament_candidate_readiness_for_5_31.csv","tournament_candidate_readiness_for_5_31.csv","csv","1520","0.00145","EVIDENCE_ARTIFACT","model_lab","NONE","TRUE","FALSE","FALSE","Historical validation report log backup script or other non-runtime evidence"
"V6/outputs/model_lab/tournament_sanity_review/tournament_pairwise_sanity_review.csv","tournament_pairwise_sanity_review.csv","csv","17617","0.016801","EVIDENCE_ARTIFACT","model_lab","NONE","TRUE","FALSE","FALSE","Historical validation report log backup script or other non-runtime evidence"
"V6/outputs/model_lab/tournament_sanity_review/tournament_preliminary_standings_review.csv","tournament_preliminary_standings_review.csv","csv","3148","0.003002","EVIDENCE_ARTIFACT","model_lab","NONE","TRUE","FALSE","FALSE","Historical validation report log backup script or other non-runtime evidence"
"V6/outputs/model_lab/tournament_sanity_review/tournament_risk_sanity_review.csv","tournament_risk_sanity_review.csv","csv","7043","0.006717","EVIDENCE_ARTIFACT","model_lab","NONE","TRUE","FALSE","FALSE","Historical validation report log backup script or other non-runtime evidence"
"V6/outputs/model_lab/tournament_sanity_review/tournament_sanity_checklist.csv","tournament_sanity_checklist.csv","csv","1901","0.001813","EVIDENCE_ARTIFACT","model_lab","NONE","TRUE","FALSE","FALSE","Historical validation report log backup script or other non-runtime evidence"
"V6/outputs/model_lab/tournament_sanity_review/tournament_sanity_findings.csv","tournament_sanity_findings.csv","csv","1150","0.001097","EVIDENCE_ARTIFACT","model_lab","NONE","TRUE","FALSE","FALSE","Historical validation report log backup script or other non-runtime evidence"
"V6/outputs/model_lab/tournament_sanity_review/tournament_sanity_review_report.md","tournament_sanity_review_report.md","md","1757","0.001676","EVIDENCE_ARTIFACT","model_lab","NONE","TRUE","FALSE","FALSE","Historical validation report log backup script or other non-runtime evidence"
"V6/outputs/model_lab/tournament_sanity_review/tournament_sanity_summary.csv","tournament_sanity_summary.csv","csv","349","0.000333","DASHBOARD_PRODUCTIVE_INPUT","model_lab","CURRENT_REGISTERED_SHINY_INPUT","FALSE","FALSE","TRUE","Path is registered in shiny_app/R/data_loader.R and exists in the snapshot"
"V6/outputs/model_lab/training_job_plan.csv","training_job_plan.csv","csv","723511","0.689994","CONTRACT_SPEC","model_lab","NONE","FALSE","TRUE","FALSE","Defines scope behavior schema policy or plan; not runtime data"
"V6/outputs/model_lab/training_job_summary.csv","training_job_summary.csv","csv","380","0.000362","EVIDENCE_ARTIFACT","model_lab","NONE","TRUE","FALSE","FALSE","Historical validation report log backup script or other non-runtime evidence"
"V6/outputs/shiny_mvp/0_V3_INIT_BASELINE_CLONE/logs/stage0_v3_init_baseline_clone_stderr.log","stage0_v3_init_baseline_clone_stderr.log","log","926","0.000883","EVIDENCE_ARTIFACT","shiny_mvp","NONE","TRUE","FALSE","FALSE","Historical validation report log backup script or other non-runtime evidence"
"V6/outputs/shiny_mvp/0_V3_INIT_BASELINE_CLONE/logs/stage0_v3_init_baseline_clone_stdout.log","stage0_v3_init_baseline_clone_stdout.log","log","0","0","EVIDENCE_ARTIFACT","shiny_mvp","NONE","TRUE","FALSE","FALSE","Historical validation report log backup script or other non-runtime evidence"
"V6/outputs/shiny_mvp/0_V3_INIT_BASELINE_CLONE/logs/stage0_v3_version_bump_stderr.log","stage0_v3_version_bump_stderr.log","log","926","0.000883","EVIDENCE_ARTIFACT","shiny_mvp","NONE","TRUE","FALSE","FALSE","Historical validation report log backup script or other non-runtime evidence"
"V6/outputs/shiny_mvp/0_V3_INIT_BASELINE_CLONE/logs/stage0_v3_version_bump_stdout.log","stage0_v3_version_bump_stdout.log","log","0","0","EVIDENCE_ARTIFACT","shiny_mvp","NONE","TRUE","FALSE","FALSE","Historical validation report log backup script or other non-runtime evidence"
"V6/outputs/shiny_mvp/0_V3_INIT_BASELINE_CLONE/stage0_v3_clone_manifest.csv","stage0_v3_clone_manifest.csv","csv","291","0.000278","EVIDENCE_ARTIFACT","shiny_mvp","NONE","TRUE","FALSE","FALSE","Historical validation report log backup script or other non-runtime evidence"
"V6/outputs/shiny_mvp/0_V3_INIT_BASELINE_CLONE/stage0_v3_init_report.md","stage0_v3_init_report.md","md","3349","0.003194","EVIDENCE_ARTIFACT","shiny_mvp","NONE","TRUE","FALSE","FALSE","Historical validation report log backup script or other non-runtime evidence"
"V6/outputs/shiny_mvp/0_V3_INIT_BASELINE_CLONE/stage0_v3_launch.csv","stage0_v3_launch.csv","csv","435","0.000415","EVIDENCE_ARTIFACT","shiny_mvp","NONE","TRUE","FALSE","FALSE","Historical validation report log backup script or other non-runtime evidence"
"V6/outputs/shiny_mvp/0_V3_INIT_BASELINE_CLONE/stage0_v3_validation.csv","stage0_v3_validation.csv","csv","712","0.000679","EVIDENCE_ARTIFACT","shiny_mvp","NONE","TRUE","FALSE","FALSE","Historical validation report log backup script or other non-runtime evidence"
"V6/outputs/shiny_mvp/1_V3_METHODOLOGY_DOCS_ARCHITECTURE_DIAGRAM/logs/stage1_v3_methodology_docs_stderr.log","stage1_v3_methodology_docs_stderr.log","log","1307","0.001246","EVIDENCE_ARTIFACT","shiny_mvp","NONE","TRUE","FALSE","FALSE","Historical validation report log backup script or other non-runtime evidence"
"V6/outputs/shiny_mvp/1_V3_METHODOLOGY_DOCS_ARCHITECTURE_DIAGRAM/logs/stage1_v3_methodology_docs_stdout.log","stage1_v3_methodology_docs_stdout.log","log","0","0","EVIDENCE_ARTIFACT","shiny_mvp","NONE","TRUE","FALSE","FALSE","Historical validation report log backup script or other non-runtime evidence"
"V6/outputs/shiny_mvp/1_V3_METHODOLOGY_DOCS_ARCHITECTURE_DIAGRAM/stage1_v3_methodology_report.md","stage1_v3_methodology_report.md","md","4226","0.00403","EVIDENCE_ARTIFACT","shiny_mvp","NONE","TRUE","FALSE","FALSE","Historical validation report log backup script or other non-runtime evidence"
"V6/outputs/shiny_mvp/1_V3_METHODOLOGY_DOCS_ARCHITECTURE_DIAGRAM/stage1_v3_validation.csv","stage1_v3_validation.csv","csv","904","0.000862","EVIDENCE_ARTIFACT","shiny_mvp","NONE","TRUE","FALSE","FALSE","Historical validation report log backup script or other non-runtime evidence"
"V6/outputs/shiny_mvp/1_V3_METHODOLOGY_DOCS_ARCHITECTURE_DIAGRAM/stage1_v3_visual_checks.csv","stage1_v3_visual_checks.csv","csv","808","0.000771","EVIDENCE_ARTIFACT","shiny_mvp","NONE","TRUE","FALSE","FALSE","Historical validation report log backup script or other non-runtime evidence"
"V6/outputs/shiny_mvp/7_0A_reference_intake/existing_shiny_app_reconciliation_scan.csv","existing_shiny_app_reconciliation_scan.csv","csv","8605","0.008206","EVIDENCE_ARTIFACT","shiny_mvp","NONE","TRUE","FALSE","FALSE","Historical validation report log backup script or other non-runtime evidence"
"V6/outputs/shiny_mvp/7_0A_reference_intake/massiveforecasting_reference_architecture_map.csv","massiveforecasting_reference_architecture_map.csv","csv","2599","0.002479","EVIDENCE_ARTIFACT","shiny_mvp","NONE","TRUE","FALSE","FALSE","Historical validation report log backup script or other non-runtime evidence"
"V6/outputs/shiny_mvp/7_0A_reference_intake/massiveforecasting_reference_dependency_inventory.csv","massiveforecasting_reference_dependency_inventory.csv","csv","2972","0.002834","EVIDENCE_ARTIFACT","shiny_mvp","NONE","TRUE","FALSE","FALSE","Historical validation report log backup script or other non-runtime evidence"
"V6/outputs/shiny_mvp/7_0A_reference_intake/massiveforecasting_reference_file_inventory.csv","massiveforecasting_reference_file_inventory.csv","csv","2382","0.002272","EVIDENCE_ARTIFACT","shiny_mvp","NONE","TRUE","FALSE","FALSE","Historical validation report log backup script or other non-runtime evidence"
"V6/outputs/shiny_mvp/7_0A_reference_intake/massiveforecasting_reference_runtime_risk_scan.csv","massiveforecasting_reference_runtime_risk_scan.csv","csv","254983","0.243171","EVIDENCE_ARTIFACT","shiny_mvp","NONE","TRUE","FALSE","FALSE","Historical validation report log backup script or other non-runtime evidence"
"V6/outputs/shiny_mvp/7_0A_reference_intake/massiveforecasting_reference_ui_patterns.csv","massiveforecasting_reference_ui_patterns.csv","csv","2568","0.002449","EVIDENCE_ARTIFACT","shiny_mvp","NONE","TRUE","FALSE","FALSE","Historical validation report log backup script or other non-runtime evidence"
"V6/outputs/shiny_mvp/7_0A_reference_intake/massiveforecasting_to_tesseract_fit_gap.csv","massiveforecasting_to_tesseract_fit_gap.csv","csv","1675","0.001597","EVIDENCE_ARTIFACT","shiny_mvp","NONE","TRUE","FALSE","FALSE","Historical validation report log backup script or other non-runtime evidence"
"V6/outputs/shiny_mvp/7_0A_reference_intake/shiny_reference_intake_report.md","shiny_reference_intake_report.md","md","2465","0.002351","EVIDENCE_ARTIFACT","shiny_mvp","NONE","TRUE","FALSE","FALSE","Historical validation report log backup script or other non-runtime evidence"
"V6/outputs/shiny_mvp/7_0A_reference_intake/shiny_reference_intake_validation.csv","shiny_reference_intake_validation.csv","csv","1079","0.001029","EVIDENCE_ARTIFACT","shiny_mvp","NONE","TRUE","FALSE","FALSE","Historical validation report log backup script or other non-runtime evidence"
"V6/outputs/shiny_mvp/7_0A_reference_intake/tesseract_stage07_structure_recommendation.csv","tesseract_stage07_structure_recommendation.csv","csv","1989","0.001897","EVIDENCE_ARTIFACT","shiny_mvp","NONE","TRUE","FALSE","FALSE","Historical validation report log backup script or other non-runtime evidence"
"V6/outputs/shiny_mvp/7_0B_runtime_fix/baseline_shiny_runtime_stderr.log","baseline_shiny_runtime_stderr.log","log","1688","0.00161","EVIDENCE_ARTIFACT","shiny_mvp","NONE","TRUE","FALSE","FALSE","Historical validation report log backup script or other non-runtime evidence"
"V6/outputs/shiny_mvp/7_0B_runtime_fix/baseline_shiny_runtime_stdout.log","baseline_shiny_runtime_stdout.log","log","0","0","EVIDENCE_ARTIFACT","shiny_mvp","NONE","TRUE","FALSE","FALSE","Historical validation report log backup script or other non-runtime evidence"
"V6/outputs/shiny_mvp/7_0B_runtime_fix/rscript_discovery_results.csv","rscript_discovery_results.csv","csv","644","0.000614","EVIDENCE_ARTIFACT","shiny_mvp","NONE","TRUE","FALSE","FALSE","Historical validation report log backup script or other non-runtime evidence"
"V6/outputs/shiny_mvp/7_0B_runtime_fix/shiny_launch_attempts.csv","shiny_launch_attempts.csv","csv","1090","0.00104","EVIDENCE_ARTIFACT","shiny_mvp","NONE","TRUE","FALSE","FALSE","Historical validation report log backup script or other non-runtime evidence"
"V6/outputs/shiny_mvp/7_0B_runtime_fix/shiny_runtime_config.json","shiny_runtime_config.json","json","630","0.000601","EVIDENCE_ARTIFACT","shiny_mvp","NONE","TRUE","FALSE","FALSE","Historical validation report log backup script or other non-runtime evidence"
"V6/outputs/shiny_mvp/7_0B_runtime_fix/shiny_runtime_fix_report.md","shiny_runtime_fix_report.md","md","1454","0.001387","EVIDENCE_ARTIFACT","shiny_mvp","NONE","TRUE","FALSE","FALSE","Historical validation report log backup script or other non-runtime evidence"
"V6/outputs/shiny_mvp/7_0B_runtime_fix/shiny_runtime_fix_validation.csv","shiny_runtime_fix_validation.csv","csv","1231","0.001174","EVIDENCE_ARTIFACT","shiny_mvp","NONE","TRUE","FALSE","FALSE","Historical validation report log backup script or other non-runtime evidence"
"V6/outputs/shiny_mvp/7_0B_shell_plan/baseline_shiny_stderr.log","baseline_shiny_stderr.log","log","77","7.3E-05","EVIDENCE_ARTIFACT","shiny_mvp","NONE","TRUE","FALSE","FALSE","Historical validation report log backup script or other non-runtime evidence"
"V6/outputs/shiny_mvp/7_0B_shell_plan/baseline_shiny_stdout.log","baseline_shiny_stdout.log","log","0","0","EVIDENCE_ARTIFACT","shiny_mvp","NONE","TRUE","FALSE","FALSE","Historical validation report log backup script or other non-runtime evidence"
"V6/outputs/shiny_mvp/7_0B_shell_plan/stage07_baseline_app_launch_validation.csv","stage07_baseline_app_launch_validation.csv","csv","687","0.000655","EVIDENCE_ARTIFACT","shiny_mvp","NONE","TRUE","FALSE","FALSE","Historical validation report log backup script or other non-runtime evidence"
"V6/outputs/shiny_mvp/7_0B_shell_plan/stage07_existing_app_reconciliation_decisions.csv","stage07_existing_app_reconciliation_decisions.csv","csv","2253","0.002149","CONTRACT_SPEC","shiny_mvp","NONE","FALSE","TRUE","FALSE","Defines scope behavior schema policy or plan; not runtime data"
"V6/outputs/shiny_mvp/7_0B_shell_plan/stage07_file_change_plan.csv","stage07_file_change_plan.csv","csv","2139","0.00204","CONTRACT_SPEC","shiny_mvp","NONE","FALSE","TRUE","FALSE","Defines scope behavior schema policy or plan; not runtime data"
"V6/outputs/shiny_mvp/7_0B_shell_plan/stage07_governance_binding_map.csv","stage07_governance_binding_map.csv","csv","2275","0.00217","EVIDENCE_ARTIFACT","shiny_mvp","NONE","TRUE","FALSE","FALSE","Historical validation report log backup script or other non-runtime evidence"
"V6/outputs/shiny_mvp/7_0B_shell_plan/stage07_navigation_map.csv","stage07_navigation_map.csv","csv","1998","0.001905","EVIDENCE_ARTIFACT","shiny_mvp","NONE","TRUE","FALSE","FALSE","Historical validation report log backup script or other non-runtime evidence"
"V6/outputs/shiny_mvp/7_0B_shell_plan/stage07_reference_pattern_adaptation_plan.csv","stage07_reference_pattern_adaptation_plan.csv","csv","1942","0.001852","CONTRACT_SPEC","shiny_mvp","NONE","FALSE","TRUE","FALSE","Defines scope behavior schema policy or plan; not runtime data"
"V6/outputs/shiny_mvp/7_0B_shell_plan/stage07_shell_architecture_plan.csv","stage07_shell_architecture_plan.csv","csv","2947","0.00281","CONTRACT_SPEC","shiny_mvp","NONE","FALSE","TRUE","FALSE","Defines scope behavior schema policy or plan; not runtime data"
"V6/outputs/shiny_mvp/7_0B_shell_plan/stage07_shell_plan_report.md","stage07_shell_plan_report.md","md","2392","0.002281","CONTRACT_SPEC","shiny_mvp","NONE","FALSE","TRUE","FALSE","Defines scope behavior schema policy or plan; not runtime data"
"V6/outputs/shiny_mvp/7_0B_shell_plan/stage07_shell_plan_validation.csv","stage07_shell_plan_validation.csv","csv","942","0.000898","CONTRACT_SPEC","shiny_mvp","NONE","FALSE","TRUE","FALSE","Defines scope behavior schema policy or plan; not runtime data"
"V6/outputs/shiny_mvp/7_0B_shell_plan/stage07_visual_execution_protocol.csv","stage07_visual_execution_protocol.csv","csv","1085","0.001035","EVIDENCE_ARTIFACT","shiny_mvp","NONE","TRUE","FALSE","FALSE","Historical validation report log backup script or other non-runtime evidence"
"V6/outputs/shiny_mvp/7_0B_shell_plan/stage07_visual_execution_protocol.md","stage07_visual_execution_protocol.md","md","1005","0.000958","EVIDENCE_ARTIFACT","shiny_mvp","NONE","TRUE","FALSE","FALSE","Historical validation report log backup script or other non-runtime evidence"
"V6/outputs/shiny_mvp/7_0C_landing_page/backups/shiny_app/global.R","global.R","r","101","9.6E-05","EVIDENCE_ARTIFACT","shiny_mvp","NONE","TRUE","FALSE","FALSE","Historical validation report log backup script or other non-runtime evidence"
"V6/outputs/shiny_mvp/7_0C_landing_page/backups/shiny_app/R/constants.R","constants.R","r","634","0.000605","EVIDENCE_ARTIFACT","shiny_mvp","NONE","TRUE","FALSE","FALSE","Historical validation report log backup script or other non-runtime evidence"
"V6/outputs/shiny_mvp/7_0C_landing_page/backups/shiny_app/R/data_loader.R","data_loader.R","r","646","0.000616","EVIDENCE_ARTIFACT","shiny_mvp","NONE","TRUE","FALSE","FALSE","Historical validation report log backup script or other non-runtime evidence"
"V6/outputs/shiny_mvp/7_0C_landing_page/backups/shiny_app/R/llm_client.R","llm_client.R","r","300","0.000286","EVIDENCE_ARTIFACT","shiny_mvp","NONE","TRUE","FALSE","FALSE","Historical validation report log backup script or other non-runtime evidence"
"V6/outputs/shiny_mvp/7_0C_landing_page/backups/shiny_app/server/server.R","server.R","r","876","0.000835","EVIDENCE_ARTIFACT","shiny_mvp","NONE","TRUE","FALSE","FALSE","Historical validation report log backup script or other non-runtime evidence"
"V6/outputs/shiny_mvp/7_0C_landing_page/backups/shiny_app/ui/body.R","body.R","r","807","0.00077","EVIDENCE_ARTIFACT","shiny_mvp","NONE","TRUE","FALSE","FALSE","Historical validation report log backup script or other non-runtime evidence"
"V6/outputs/shiny_mvp/7_0C_landing_page/backups/shiny_app/ui/header.R","header.R","r","606","0.000578","EVIDENCE_ARTIFACT","shiny_mvp","NONE","TRUE","FALSE","FALSE","Historical validation report log backup script or other non-runtime evidence"
"V6/outputs/shiny_mvp/7_0C_landing_page/backups/shiny_app/www/custom.css","custom.css","css","51","4.9E-05","EVIDENCE_ARTIFACT","shiny_mvp","NONE","TRUE","FALSE","FALSE","Historical validation report log backup script or other non-runtime evidence"
"V6/outputs/shiny_mvp/7_0C_landing_page/landing_page_stderr.log","landing_page_stderr.log","log","887","0.000846","EVIDENCE_ARTIFACT","shiny_mvp","NONE","TRUE","FALSE","FALSE","Historical validation report log backup script or other non-runtime evidence"
"V6/outputs/shiny_mvp/7_0C_landing_page/landing_page_stdout.log","landing_page_stdout.log","log","0","0","EVIDENCE_ARTIFACT","shiny_mvp","NONE","TRUE","FALSE","FALSE","Historical validation report log backup script or other non-runtime evidence"
"V6/outputs/shiny_mvp/7_0C_landing_page/stage07_0C_governance_language_scan.csv","stage07_0C_governance_language_scan.csv","csv","2942","0.002806","EVIDENCE_ARTIFACT","shiny_mvp","NONE","TRUE","FALSE","FALSE","Historical validation report log backup script or other non-runtime evidence"
"V6/outputs/shiny_mvp/7_0C_landing_page/stage07_0C_modified_files_manifest.csv","stage07_0C_modified_files_manifest.csv","csv","2121","0.002023","EVIDENCE_ARTIFACT","shiny_mvp","NONE","TRUE","FALSE","FALSE","Historical validation report log backup script or other non-runtime evidence"
"V6/outputs/shiny_mvp/7_0C_landing_page/stage07_0C_report.md","stage07_0C_report.md","md","2194","0.002092","EVIDENCE_ARTIFACT","shiny_mvp","NONE","TRUE","FALSE","FALSE","Historical validation report log backup script or other non-runtime evidence"
"V6/outputs/shiny_mvp/7_0C_landing_page/stage07_0C_shell_validation.csv","stage07_0C_shell_validation.csv","csv","1306","0.001245","EVIDENCE_ARTIFACT","shiny_mvp","NONE","TRUE","FALSE","FALSE","Historical validation report log backup script or other non-runtime evidence"
"V6/outputs/shiny_mvp/7_0C_landing_page/stage07_0C_visual_launch_validation.csv","stage07_0C_visual_launch_validation.csv","csv","1003","0.000957","EVIDENCE_ARTIFACT","shiny_mvp","NONE","TRUE","FALSE","FALSE","Historical validation report log backup script or other non-runtime evidence"
"V6/outputs/shiny_mvp/7_0C_RESET_minimal_shell/backups/shiny_app/app.R","app.R","r","181","0.000173","EVIDENCE_ARTIFACT","shiny_mvp","NONE","TRUE","FALSE","FALSE","Historical validation report log backup script or other non-runtime evidence"
"V6/outputs/shiny_mvp/7_0C_RESET_minimal_shell/backups/shiny_app/global.R","global.R","r","155","0.000148","EVIDENCE_ARTIFACT","shiny_mvp","NONE","TRUE","FALSE","FALSE","Historical validation report log backup script or other non-runtime evidence"
"V6/outputs/shiny_mvp/7_0C_RESET_minimal_shell/backups/shiny_app/server/server.R","server.R","r","257","0.000245","EVIDENCE_ARTIFACT","shiny_mvp","NONE","TRUE","FALSE","FALSE","Historical validation report log backup script or other non-runtime evidence"
"V6/outputs/shiny_mvp/7_0C_RESET_minimal_shell/backups/shiny_app/ui/body.R","body.R","r","573","0.000546","EVIDENCE_ARTIFACT","shiny_mvp","NONE","TRUE","FALSE","FALSE","Historical validation report log backup script or other non-runtime evidence"
"V6/outputs/shiny_mvp/7_0C_RESET_minimal_shell/backups/shiny_app/ui/footer.R","footer.R","r","507","0.000484","EVIDENCE_ARTIFACT","shiny_mvp","NONE","TRUE","FALSE","FALSE","Historical validation report log backup script or other non-runtime evidence"
"V6/outputs/shiny_mvp/7_0C_RESET_minimal_shell/backups/shiny_app/ui/header.R","header.R","r","801","0.000764","EVIDENCE_ARTIFACT","shiny_mvp","NONE","TRUE","FALSE","FALSE","Historical validation report log backup script or other non-runtime evidence"
"V6/outputs/shiny_mvp/7_0C_RESET_minimal_shell/backups/shiny_app/ui/sidebar.R","sidebar.R","r","1768","0.001686","EVIDENCE_ARTIFACT","shiny_mvp","NONE","TRUE","FALSE","FALSE","Historical validation report log backup script or other non-runtime evidence"
"V6/outputs/shiny_mvp/7_0C_RESET_minimal_shell/backups/shiny_app/ui/tabs.R","tabs.R","r","5022","0.004789","EVIDENCE_ARTIFACT","shiny_mvp","NONE","TRUE","FALSE","FALSE","Historical validation report log backup script or other non-runtime evidence"
"V6/outputs/shiny_mvp/7_0C_RESET_minimal_shell/backups/shiny_app/www/custom.css","custom.css","css","3320","0.003166","EVIDENCE_ARTIFACT","shiny_mvp","NONE","TRUE","FALSE","FALSE","Historical validation report log backup script or other non-runtime evidence"
"V6/outputs/shiny_mvp/7_0C_RESET_minimal_shell/backups/shiny_app/www/custom.js","custom.js","js","478","0.000456","EVIDENCE_ARTIFACT","shiny_mvp","NONE","TRUE","FALSE","FALSE","Historical validation report log backup script or other non-runtime evidence"
"V6/outputs/shiny_mvp/7_0C_RESET_minimal_shell/reset_shell_stderr.log","reset_shell_stderr.log","log","793","0.000756","EVIDENCE_ARTIFACT","shiny_mvp","NONE","TRUE","FALSE","FALSE","Historical validation report log backup script or other non-runtime evidence"
"V6/outputs/shiny_mvp/7_0C_RESET_minimal_shell/reset_shell_stdout.log","reset_shell_stdout.log","log","0","0","EVIDENCE_ARTIFACT","shiny_mvp","NONE","TRUE","FALSE","FALSE","Historical validation report log backup script or other non-runtime evidence"
"V6/outputs/shiny_mvp/7_0C_RESET_minimal_shell/stage07_0C_RESET_layout_validation.csv","stage07_0C_RESET_layout_validation.csv","csv","1223","0.001166","EVIDENCE_ARTIFACT","shiny_mvp","NONE","TRUE","FALSE","FALSE","Historical validation report log backup script or other non-runtime evidence"
"V6/outputs/shiny_mvp/7_0C_RESET_minimal_shell/stage07_0C_RESET_modified_files_manifest.csv","stage07_0C_RESET_modified_files_manifest.csv","csv","1878","0.001791","EVIDENCE_ARTIFACT","shiny_mvp","NONE","TRUE","FALSE","FALSE","Historical validation report log backup script or other non-runtime evidence"
"V6/outputs/shiny_mvp/7_0C_RESET_minimal_shell/stage07_0C_RESET_report.md","stage07_0C_RESET_report.md","md","4863","0.004638","EVIDENCE_ARTIFACT","shiny_mvp","NONE","TRUE","FALSE","FALSE","Historical validation report log backup script or other non-runtime evidence"
"V6/outputs/shiny_mvp/7_0C_RESET_minimal_shell/stage07_0C_RESET_safety_validation.csv","stage07_0C_RESET_safety_validation.csv","csv","650","0.00062","EVIDENCE_ARTIFACT","shiny_mvp","NONE","TRUE","FALSE","FALSE","Historical validation report log backup script or other non-runtime evidence"
"V6/outputs/shiny_mvp/7_0C_RESET_minimal_shell/stage07_0C_RESET_visual_launch_validation.csv","stage07_0C_RESET_visual_launch_validation.csv","csv","186","0.000177","EVIDENCE_ARTIFACT","shiny_mvp","NONE","TRUE","FALSE","FALSE","Historical validation report log backup script or other non-runtime evidence"
"V6/outputs/shiny_mvp/7_0C_REV1_sidebar_fix/backups/shiny_app/server/server.R","server.R","r","191","0.000182","EVIDENCE_ARTIFACT","shiny_mvp","NONE","TRUE","FALSE","FALSE","Historical validation report log backup script or other non-runtime evidence"
"V6/outputs/shiny_mvp/7_0C_REV1_sidebar_fix/backups/shiny_app/ui/body.R","body.R","r","656","0.000626","EVIDENCE_ARTIFACT","shiny_mvp","NONE","TRUE","FALSE","FALSE","Historical validation report log backup script or other non-runtime evidence"
"V6/outputs/shiny_mvp/7_0C_REV1_sidebar_fix/backups/shiny_app/ui/footer.R","footer.R","r","507","0.000484","EVIDENCE_ARTIFACT","shiny_mvp","NONE","TRUE","FALSE","FALSE","Historical validation report log backup script or other non-runtime evidence"
"V6/outputs/shiny_mvp/7_0C_REV1_sidebar_fix/backups/shiny_app/ui/header.R","header.R","r","619","0.00059","EVIDENCE_ARTIFACT","shiny_mvp","NONE","TRUE","FALSE","FALSE","Historical validation report log backup script or other non-runtime evidence"
"V6/outputs/shiny_mvp/7_0C_REV1_sidebar_fix/backups/shiny_app/ui/sidebar.R","sidebar.R","r","1154","0.001101","EVIDENCE_ARTIFACT","shiny_mvp","NONE","TRUE","FALSE","FALSE","Historical validation report log backup script or other non-runtime evidence"
"V6/outputs/shiny_mvp/7_0C_REV1_sidebar_fix/backups/shiny_app/ui/tabs.R","tabs.R","r","4861","0.004636","EVIDENCE_ARTIFACT","shiny_mvp","NONE","TRUE","FALSE","FALSE","Historical validation report log backup script or other non-runtime evidence"
"V6/outputs/shiny_mvp/7_0C_REV1_sidebar_fix/backups/shiny_app/www/custom.css","custom.css","css","1074","0.001024","EVIDENCE_ARTIFACT","shiny_mvp","NONE","TRUE","FALSE","FALSE","Historical validation report log backup script or other non-runtime evidence"
"V6/outputs/shiny_mvp/7_0C_REV1_sidebar_fix/backups/shiny_app/www/custom.js","custom.js","js","52","5E-05","EVIDENCE_ARTIFACT","shiny_mvp","NONE","TRUE","FALSE","FALSE","Historical validation report log backup script or other non-runtime evidence"
"V6/outputs/shiny_mvp/7_0C_REV1_sidebar_fix/sidebar_fix_stderr.log","sidebar_fix_stderr.log","log","793","0.000756","EVIDENCE_ARTIFACT","shiny_mvp","NONE","TRUE","FALSE","FALSE","Historical validation report log backup script or other non-runtime evidence"
"V6/outputs/shiny_mvp/7_0C_REV1_sidebar_fix/sidebar_fix_stdout.log","sidebar_fix_stdout.log","log","0","0","EVIDENCE_ARTIFACT","shiny_mvp","NONE","TRUE","FALSE","FALSE","Historical validation report log backup script or other non-runtime evidence"
"V6/outputs/shiny_mvp/7_0C_REV1_sidebar_fix/stage07_0C_REV1_modified_files_manifest.csv","stage07_0C_REV1_modified_files_manifest.csv","csv","1825","0.00174","EVIDENCE_ARTIFACT","shiny_mvp","NONE","TRUE","FALSE","FALSE","Historical validation report log backup script or other non-runtime evidence"
"V6/outputs/shiny_mvp/7_0C_REV1_sidebar_fix/stage07_0C_REV1_report.md","stage07_0C_REV1_report.md","md","1317","0.001256","EVIDENCE_ARTIFACT","shiny_mvp","NONE","TRUE","FALSE","FALSE","Historical validation report log backup script or other non-runtime evidence"
"V6/outputs/shiny_mvp/7_0C_REV1_sidebar_fix/stage07_0C_REV1_sidebar_validation.csv","stage07_0C_REV1_sidebar_validation.csv","csv","1332","0.00127","EVIDENCE_ARTIFACT","shiny_mvp","NONE","TRUE","FALSE","FALSE","Historical validation report log backup script or other non-runtime evidence"
"V6/outputs/shiny_mvp/7_0C_REV1_sidebar_fix/stage07_0C_REV1_visual_launch_validation.csv","stage07_0C_REV1_visual_launch_validation.csv","csv","1014","0.000967","EVIDENCE_ARTIFACT","shiny_mvp","NONE","TRUE","FALSE","FALSE","Historical validation report log backup script or other non-runtime evidence"
"V6/outputs/shiny_mvp/7_0C_REV2_shinydashboard_shell/shinydashboard_shell_stderr.log","shinydashboard_shell_stderr.log","log","168","0.00016","EVIDENCE_ARTIFACT","shiny_mvp","NONE","TRUE","FALSE","FALSE","Historical validation report log backup script or other non-runtime evidence"
"V6/outputs/shiny_mvp/7_0C_REV2_shinydashboard_shell/shinydashboard_shell_stdout.log","shinydashboard_shell_stdout.log","log","77","7.3E-05","EVIDENCE_ARTIFACT","shiny_mvp","NONE","TRUE","FALSE","FALSE","Historical validation report log backup script or other non-runtime evidence"
"V6/outputs/shiny_mvp/7_0C_REV2_shinydashboard_shell/stage07_0C_REV2_layout_validation.csv","stage07_0C_REV2_layout_validation.csv","csv","2525","0.002408","EVIDENCE_ARTIFACT","shiny_mvp","NONE","TRUE","FALSE","FALSE","Historical validation report log backup script or other non-runtime evidence"
"V6/outputs/shiny_mvp/7_0C_REV2_shinydashboard_shell/stage07_0C_REV2_modified_files_manifest.csv","stage07_0C_REV2_modified_files_manifest.csv","csv","175","0.000167","EVIDENCE_ARTIFACT","shiny_mvp","NONE","TRUE","FALSE","FALSE","Historical validation report log backup script or other non-runtime evidence"
"V6/outputs/shiny_mvp/7_0C_REV2_shinydashboard_shell/stage07_0C_REV2_report.md","stage07_0C_REV2_report.md","md","1336","0.001274","EVIDENCE_ARTIFACT","shiny_mvp","NONE","TRUE","FALSE","FALSE","Historical validation report log backup script or other non-runtime evidence"
"V6/outputs/shiny_mvp/7_0C_REV2_shinydashboard_shell/stage07_0C_REV2_visual_launch_validation.csv","stage07_0C_REV2_visual_launch_validation.csv","csv","716","0.000683","EVIDENCE_ARTIFACT","shiny_mvp","NONE","TRUE","FALSE","FALSE","Historical validation report log backup script or other non-runtime evidence"
"V6/outputs/shiny_mvp/7_0E_governed_data_loader/backups/shiny_app/global.R","global.R","r","155","0.000148","EVIDENCE_ARTIFACT","shiny_mvp","NONE","TRUE","FALSE","FALSE","Historical validation report log backup script or other non-runtime evidence"
"V6/outputs/shiny_mvp/7_0E_governed_data_loader/backups/shiny_app/R/data_loader.R","data_loader.R","r","811","0.000773","EVIDENCE_ARTIFACT","shiny_mvp","NONE","TRUE","FALSE","FALSE","Historical validation report log backup script or other non-runtime evidence"
"V6/outputs/shiny_mvp/7_0E_governed_data_loader/emit_stage07_0E.R","emit_stage07_0E.R","r","9729","0.009278","EVIDENCE_ARTIFACT","shiny_mvp","NONE","TRUE","FALSE","FALSE","Historical validation report log backup script or other non-runtime evidence"
"V6/outputs/shiny_mvp/7_0E_governed_data_loader/governed_loader_stderr.log","governed_loader_stderr.log","log","143","0.000136","EVIDENCE_ARTIFACT","shiny_mvp","NONE","TRUE","FALSE","FALSE","Historical validation report log backup script or other non-runtime evidence"
"V6/outputs/shiny_mvp/7_0E_governed_data_loader/governed_loader_stdout.log","governed_loader_stdout.log","log","3369","0.003213","EVIDENCE_ARTIFACT","shiny_mvp","NONE","TRUE","FALSE","FALSE","Historical validation report log backup script or other non-runtime evidence"
"V6/outputs/shiny_mvp/7_0E_governed_data_loader/reset_shell_stderr.log","reset_shell_stderr.log","log","926","0.000883","EVIDENCE_ARTIFACT","shiny_mvp","NONE","TRUE","FALSE","FALSE","Historical validation report log backup script or other non-runtime evidence"
"V6/outputs/shiny_mvp/7_0E_governed_data_loader/reset_shell_stdout.log","reset_shell_stdout.log","log","0","0","EVIDENCE_ARTIFACT","shiny_mvp","NONE","TRUE","FALSE","FALSE","Historical validation report log backup script or other non-runtime evidence"
"V6/outputs/shiny_mvp/7_0E_governed_data_loader/stage07_0E_artifact_readiness_matrix.csv","stage07_0E_artifact_readiness_matrix.csv","csv","4165","0.003972","EVIDENCE_ARTIFACT","shiny_mvp","NONE","TRUE","FALSE","FALSE","Historical validation report log backup script or other non-runtime evidence"
"V6/outputs/shiny_mvp/7_0E_governed_data_loader/stage07_0E_artifact_registry.csv","stage07_0E_artifact_registry.csv","csv","4189","0.003995","EVIDENCE_ARTIFACT","shiny_mvp","NONE","TRUE","FALSE","FALSE","Historical validation report log backup script or other non-runtime evidence"
"V6/outputs/shiny_mvp/7_0E_governed_data_loader/stage07_0E_forecasting_data_discovery.csv","stage07_0E_forecasting_data_discovery.csv","csv","383","0.000365","EVIDENCE_ARTIFACT","shiny_mvp","NONE","TRUE","FALSE","FALSE","Historical validation report log backup script or other non-runtime evidence"
"V6/outputs/shiny_mvp/7_0E_governed_data_loader/stage07_0E_loader_validation.csv","stage07_0E_loader_validation.csv","csv","1527","0.001456","EVIDENCE_ARTIFACT","shiny_mvp","NONE","TRUE","FALSE","FALSE","Historical validation report log backup script or other non-runtime evidence"
"V6/outputs/shiny_mvp/7_0E_governed_data_loader/stage07_0E_modified_files_manifest.csv","stage07_0E_modified_files_manifest.csv","csv","499","0.000476","EVIDENCE_ARTIFACT","shiny_mvp","NONE","TRUE","FALSE","FALSE","Historical validation report log backup script or other non-runtime evidence"
"V6/outputs/shiny_mvp/7_0E_governed_data_loader/stage07_0E_package_availability.csv","stage07_0E_package_availability.csv","csv","670","0.000639","EVIDENCE_ARTIFACT","shiny_mvp","NONE","TRUE","FALSE","FALSE","Historical validation report log backup script or other non-runtime evidence"
"V6/outputs/shiny_mvp/7_0E_governed_data_loader/stage07_0E_report.md","stage07_0E_report.md","md","1223","0.001166","EVIDENCE_ARTIFACT","shiny_mvp","NONE","TRUE","FALSE","FALSE","Historical validation report log backup script or other non-runtime evidence"
"V6/outputs/shiny_mvp/7_0E_governed_data_loader/stage07_0E_ttl_discovery.csv","stage07_0E_ttl_discovery.csv","csv","231","0.00022","EVIDENCE_ARTIFACT","shiny_mvp","NONE","TRUE","FALSE","FALSE","Historical validation report log backup script or other non-runtime evidence"
"V6/outputs/shiny_mvp/7_1_home/_emit_console_err.log","_emit_console_err.log","log","143","0.000136","EVIDENCE_ARTIFACT","shiny_mvp","NONE","TRUE","FALSE","FALSE","Historical validation report log backup script or other non-runtime evidence"
"V6/outputs/shiny_mvp/7_1_home/_emit_console.log","_emit_console.log","log","141","0.000134","EVIDENCE_ARTIFACT","shiny_mvp","NONE","TRUE","FALSE","FALSE","Historical validation report log backup script or other non-runtime evidence"
"V6/outputs/shiny_mvp/7_1_home/backups/shiny_app/R/helpers.R","helpers.R","r","1275","0.001216","EVIDENCE_ARTIFACT","shiny_mvp","NONE","TRUE","FALSE","FALSE","Historical validation report log backup script or other non-runtime evidence"
"V6/outputs/shiny_mvp/7_1_home/backups/shiny_app/ui/tabs.R","tabs.R","r","13502","0.012877","EVIDENCE_ARTIFACT","shiny_mvp","NONE","TRUE","FALSE","FALSE","Historical validation report log backup script or other non-runtime evidence"
"V6/outputs/shiny_mvp/7_1_home/emit_stage07_1.R","emit_stage07_1.R","r","10766","0.010267","EVIDENCE_ARTIFACT","shiny_mvp","NONE","TRUE","FALSE","FALSE","Historical validation report log backup script or other non-runtime evidence"
"V6/outputs/shiny_mvp/7_1_home/home_stderr.log","home_stderr.log","log","926","0.000883","EVIDENCE_ARTIFACT","shiny_mvp","NONE","TRUE","FALSE","FALSE","Historical validation report log backup script or other non-runtime evidence"
"V6/outputs/shiny_mvp/7_1_home/home_stdout.log","home_stdout.log","log","0","0","EVIDENCE_ARTIFACT","shiny_mvp","NONE","TRUE","FALSE","FALSE","Historical validation report log backup script or other non-runtime evidence"
"V6/outputs/shiny_mvp/7_1_home/stage07_1_home_data_binding_summary.csv","stage07_1_home_data_binding_summary.csv","csv","560","0.000534","EVIDENCE_ARTIFACT","shiny_mvp","NONE","TRUE","FALSE","FALSE","Historical validation report log backup script or other non-runtime evidence"
"V6/outputs/shiny_mvp/7_1_home/stage07_1_home_modified_files_manifest.csv","stage07_1_home_modified_files_manifest.csv","csv","520","0.000496","EVIDENCE_ARTIFACT","shiny_mvp","NONE","TRUE","FALSE","FALSE","Historical validation report log backup script or other non-runtime evidence"
"V6/outputs/shiny_mvp/7_1_home/stage07_1_home_report.md","stage07_1_home_report.md","md","1528","0.001457","EVIDENCE_ARTIFACT","shiny_mvp","NONE","TRUE","FALSE","FALSE","Historical validation report log backup script or other non-runtime evidence"
"V6/outputs/shiny_mvp/7_1_home/stage07_1_home_validation.csv","stage07_1_home_validation.csv","csv","1357","0.001294","EVIDENCE_ARTIFACT","shiny_mvp","NONE","TRUE","FALSE","FALSE","Historical validation report log backup script or other non-runtime evidence"
"V6/outputs/shiny_mvp/7_1_home/stage07_1_home_visual_check.csv","stage07_1_home_visual_check.csv","csv","1067","0.001018","EVIDENCE_ARTIFACT","shiny_mvp","NONE","TRUE","FALSE","FALSE","Historical validation report log backup script or other non-runtime evidence"
"V6/outputs/shiny_mvp/7_1_REV1_home_narrative_reset/backups/shiny_app/R/helpers.R","helpers.R","r","7868","0.007504","EVIDENCE_ARTIFACT","shiny_mvp","NONE","TRUE","FALSE","FALSE","Historical validation report log backup script or other non-runtime evidence"
"V6/outputs/shiny_mvp/7_1_REV1_home_narrative_reset/backups/shiny_app/ui/tabs.R","tabs.R","r","24336","0.023209","EVIDENCE_ARTIFACT","shiny_mvp","NONE","TRUE","FALSE","FALSE","Historical validation report log backup script or other non-runtime evidence"
"V6/outputs/shiny_mvp/7_1_REV1_home_narrative_reset/backups/shiny_app/www/custom.css","custom.css","css","19584","0.018677","EVIDENCE_ARTIFACT","shiny_mvp","NONE","TRUE","FALSE","FALSE","Historical validation report log backup script or other non-runtime evidence"
"V6/outputs/shiny_mvp/7_1_REV1_home_narrative_reset/home_rev1_stderr.log","home_rev1_stderr.log","log","926","0.000883","EVIDENCE_ARTIFACT","shiny_mvp","NONE","TRUE","FALSE","FALSE","Historical validation report log backup script or other non-runtime evidence"
"V6/outputs/shiny_mvp/7_1_REV1_home_narrative_reset/home_rev1_stdout.log","home_rev1_stdout.log","log","0","0","EVIDENCE_ARTIFACT","shiny_mvp","NONE","TRUE","FALSE","FALSE","Historical validation report log backup script or other non-runtime evidence"
"V6/outputs/shiny_mvp/7_1_REV1_home_narrative_reset/stage07_1_REV1_home_modified_files_manifest.csv","stage07_1_REV1_home_modified_files_manifest.csv","csv","630","0.000601","EVIDENCE_ARTIFACT","shiny_mvp","NONE","TRUE","FALSE","FALSE","Historical validation report log backup script or other non-runtime evidence"
"V6/outputs/shiny_mvp/7_1_REV1_home_narrative_reset/stage07_1_REV1_home_report.md","stage07_1_REV1_home_report.md","md","2894","0.00276","EVIDENCE_ARTIFACT","shiny_mvp","NONE","TRUE","FALSE","FALSE","Historical validation report log backup script or other non-runtime evidence"
"V6/outputs/shiny_mvp/7_1_REV1_home_narrative_reset/stage07_1_REV1_home_validation.csv","stage07_1_REV1_home_validation.csv","csv","2063","0.001967","EVIDENCE_ARTIFACT","shiny_mvp","NONE","TRUE","FALSE","FALSE","Historical validation report log backup script or other non-runtime evidence"
"V6/outputs/shiny_mvp/7_1_REV1_home_narrative_reset/stage07_1_REV1_home_visual_check.csv","stage07_1_REV1_home_visual_check.csv","csv","719","0.000686","EVIDENCE_ARTIFACT","shiny_mvp","NONE","TRUE","FALSE","FALSE","Historical validation report log backup script or other non-runtime evidence"
"V6/outputs/shiny_mvp/7_11_DIAG_forecast_data_coverage/stage07_11_DIAG_artifact_search_results.csv","stage07_11_DIAG_artifact_search_results.csv","csv","10737","0.01024","EVIDENCE_ARTIFACT","shiny_mvp","NONE","TRUE","FALSE","FALSE","Historical validation report log backup script or other non-runtime evidence"
"V6/outputs/shiny_mvp/7_11_DIAG_forecast_data_coverage/stage07_11_DIAG_consolidate.R","stage07_11_DIAG_consolidate.R","r","5866","0.005594","EVIDENCE_ARTIFACT","shiny_mvp","NONE","TRUE","FALSE","FALSE","Historical validation report log backup script or other non-runtime evidence"
"V6/outputs/shiny_mvp/7_11_DIAG_forecast_data_coverage/stage07_11_DIAG_data_gap_matrix.csv","stage07_11_DIAG_data_gap_matrix.csv","csv","2887","0.002753","EVIDENCE_ARTIFACT","shiny_mvp","NONE","TRUE","FALSE","FALSE","Historical validation report log backup script or other non-runtime evidence"
"V6/outputs/shiny_mvp/7_11_DIAG_forecast_data_coverage/stage07_11_DIAG_forecast_artifact_inventory.csv","stage07_11_DIAG_forecast_artifact_inventory.csv","csv","3237","0.003087","EVIDENCE_ARTIFACT","shiny_mvp","NONE","TRUE","FALSE","FALSE","Historical validation report log backup script or other non-runtime evidence"
"V6/outputs/shiny_mvp/7_11_DIAG_forecast_data_coverage/stage07_11_DIAG_forecast_schema_summary.csv","stage07_11_DIAG_forecast_schema_summary.csv","csv","29497","0.028131","CONTRACT_SPEC","shiny_mvp","NONE","FALSE","TRUE","FALSE","Defines scope behavior schema policy or plan; not runtime data"
"V6/outputs/shiny_mvp/7_11_DIAG_forecast_data_coverage/stage07_11_DIAG_inspect.R","stage07_11_DIAG_inspect.R","r","14928","0.014236","CONTRACT_SPEC","shiny_mvp","NONE","FALSE","TRUE","FALSE","Defines scope behavior schema policy or plan; not runtime data"
"V6/outputs/shiny_mvp/7_11_DIAG_forecast_data_coverage/stage07_11_DIAG_models_per_entity_forecast_comparison.csv","stage07_11_DIAG_models_per_entity_forecast_comparison.csv","csv","90","8.6E-05","EVIDENCE_ARTIFACT","shiny_mvp","NONE","TRUE","FALSE","FALSE","Historical validation report log backup script or other non-runtime evidence"
"V6/outputs/shiny_mvp/7_11_DIAG_forecast_data_coverage/stage07_11_DIAG_models_per_entity_forecasts.csv","stage07_11_DIAG_models_per_entity_forecasts.csv","csv","3424","0.003265","EVIDENCE_ARTIFACT","shiny_mvp","NONE","TRUE","FALSE","FALSE","Historical validation report log backup script or other non-runtime evidence"
"V6/outputs/shiny_mvp/7_11_DIAG_forecast_data_coverage/stage07_11_DIAG_models_per_entity_multimodel.csv","stage07_11_DIAG_models_per_entity_multimodel.csv","csv","5935","0.00566","EVIDENCE_ARTIFACT","shiny_mvp","NONE","TRUE","FALSE","FALSE","Historical validation report log backup script or other non-runtime evidence"
"V6/outputs/shiny_mvp/7_11_DIAG_forecast_data_coverage/stage07_11_DIAG_recommendation.md","stage07_11_DIAG_recommendation.md","md","2635","0.002513","EVIDENCE_ARTIFACT","shiny_mvp","NONE","TRUE","FALSE","FALSE","Historical validation report log backup script or other non-runtime evidence"
"V6/outputs/shiny_mvp/7_11_DIAG_forecast_data_coverage/stage07_11_DIAG_report.md","stage07_11_DIAG_report.md","md","7522","0.007174","EVIDENCE_ARTIFACT","shiny_mvp","NONE","TRUE","FALSE","FALSE","Historical validation report log backup script or other non-runtime evidence"
"V6/outputs/shiny_mvp/7_11_DIAG_forecast_data_coverage/stage07_11_DIAG_representative_series_coverage.csv","stage07_11_DIAG_representative_series_coverage.csv","csv","6099","0.005816","EVIDENCE_ARTIFACT","shiny_mvp","NONE","TRUE","FALSE","FALSE","Historical validation report log backup script or other non-runtime evidence"
"V6/outputs/shiny_mvp/7_11_DIAG_forecast_data_coverage/stage07_11_DIAG_required_forecast_viewer_schema.csv","stage07_11_DIAG_required_forecast_viewer_schema.csv","csv","849","0.00081","CONTRACT_SPEC","shiny_mvp","NONE","FALSE","TRUE","FALSE","Defines scope behavior schema policy or plan; not runtime data"
"V6/outputs/shiny_mvp/7_11_DIAG_forecast_data_coverage/stage07_11_DIAG_validation.csv","stage07_11_DIAG_validation.csv","csv","1769","0.001687","EVIDENCE_ARTIFACT","shiny_mvp","NONE","TRUE","FALSE","FALSE","Historical validation report log backup script or other non-runtime evidence"
"V6/outputs/shiny_mvp/7_11_forecast_viewer/backups/shiny_app/R/helpers.R","helpers.R","r","7868","0.007504","EVIDENCE_ARTIFACT","shiny_mvp","NONE","TRUE","FALSE","FALSE","Historical validation report log backup script or other non-runtime evidence"
"V6/outputs/shiny_mvp/7_11_forecast_viewer/backups/shiny_app/R/libraries.R","libraries.R","r","150","0.000143","EVIDENCE_ARTIFACT","shiny_mvp","NONE","TRUE","FALSE","FALSE","Historical validation report log backup script or other non-runtime evidence"
"V6/outputs/shiny_mvp/7_11_forecast_viewer/backups/shiny_app/server/server.R","server.R","r","222","0.000212","EVIDENCE_ARTIFACT","shiny_mvp","NONE","TRUE","FALSE","FALSE","Historical validation report log backup script or other non-runtime evidence"
"V6/outputs/shiny_mvp/7_11_forecast_viewer/backups/shiny_app/ui/sidebar.R","sidebar.R","r","3696","0.003525","EVIDENCE_ARTIFACT","shiny_mvp","NONE","TRUE","FALSE","FALSE","Historical validation report log backup script or other non-runtime evidence"
"V6/outputs/shiny_mvp/7_11_forecast_viewer/backups/shiny_app/ui/tabs.R","tabs.R","r","32485","0.03098","EVIDENCE_ARTIFACT","shiny_mvp","NONE","TRUE","FALSE","FALSE","Historical validation report log backup script or other non-runtime evidence"
"V6/outputs/shiny_mvp/7_11_forecast_viewer/backups/shiny_app/www/custom.css","custom.css","css","24423","0.023292","EVIDENCE_ARTIFACT","shiny_mvp","NONE","TRUE","FALSE","FALSE","Historical validation report log backup script or other non-runtime evidence"
"V6/outputs/shiny_mvp/7_11_forecast_viewer/backups/shiny_app/www/custom.js","custom.js","js","5619","0.005359","EVIDENCE_ARTIFACT","shiny_mvp","NONE","TRUE","FALSE","FALSE","Historical validation report log backup script or other non-runtime evidence"
"V6/outputs/shiny_mvp/7_11_forecast_viewer/forecast_viewer_stderr.log","forecast_viewer_stderr.log","log","926","0.000883","EVIDENCE_ARTIFACT","shiny_mvp","NONE","TRUE","FALSE","FALSE","Historical validation report log backup script or other non-runtime evidence"
"V6/outputs/shiny_mvp/7_11_forecast_viewer/forecast_viewer_stdout.log","forecast_viewer_stdout.log","log","0","0","EVIDENCE_ARTIFACT","shiny_mvp","NONE","TRUE","FALSE","FALSE","Historical validation report log backup script or other non-runtime evidence"
"V6/outputs/shiny_mvp/7_11_forecast_viewer/stage07_11_forecast_data_schema.csv","stage07_11_forecast_data_schema.csv","csv","2734","0.002607","CONTRACT_SPEC","shiny_mvp","NONE","FALSE","TRUE","FALSE","Defines scope behavior schema policy or plan; not runtime data"
"V6/outputs/shiny_mvp/7_11_forecast_viewer/stage07_11_forecast_viewer_data_binding_summary.csv","stage07_11_forecast_viewer_data_binding_summary.csv","csv","591","0.000564","EVIDENCE_ARTIFACT","shiny_mvp","NONE","TRUE","FALSE","FALSE","Historical validation report log backup script or other non-runtime evidence"
"V6/outputs/shiny_mvp/7_11_forecast_viewer/stage07_11_forecast_viewer_empty_state_tests.csv","stage07_11_forecast_viewer_empty_state_tests.csv","csv","609","0.000581","EVIDENCE_ARTIFACT","shiny_mvp","NONE","TRUE","FALSE","FALSE","Historical validation report log backup script or other non-runtime evidence"
"V6/outputs/shiny_mvp/7_11_forecast_viewer/stage07_11_forecast_viewer_modified_files_manifest.csv","stage07_11_forecast_viewer_modified_files_manifest.csv","csv","1075","0.001025","EVIDENCE_ARTIFACT","shiny_mvp","NONE","TRUE","FALSE","FALSE","Historical validation report log backup script or other non-runtime evidence"
"V6/outputs/shiny_mvp/7_11_forecast_viewer/stage07_11_forecast_viewer_report.md","stage07_11_forecast_viewer_report.md","md","2385","0.002275","EVIDENCE_ARTIFACT","shiny_mvp","NONE","TRUE","FALSE","FALSE","Historical validation report log backup script or other non-runtime evidence"
"V6/outputs/shiny_mvp/7_11_forecast_viewer/stage07_11_forecast_viewer_validation.csv","stage07_11_forecast_viewer_validation.csv","csv","2245","0.002141","EVIDENCE_ARTIFACT","shiny_mvp","NONE","TRUE","FALSE","FALSE","Historical validation report log backup script or other non-runtime evidence"
"V6/outputs/shiny_mvp/7_11_forecast_viewer/stage07_11_forecast_viewer_visual_check.csv","stage07_11_forecast_viewer_visual_check.csv","csv","749","0.000714","EVIDENCE_ARTIFACT","shiny_mvp","NONE","TRUE","FALSE","FALSE","Historical validation report log backup script or other non-runtime evidence"
"V6/outputs/shiny_mvp/7_11_forecast_viewer/stage07_11_highcharter_install_log.txt","stage07_11_highcharter_install_log.txt","txt","2401","0.00229","EVIDENCE_ARTIFACT","shiny_mvp","NONE","TRUE","FALSE","FALSE","Historical validation report log backup script or other non-runtime evidence"
"V6/outputs/shiny_mvp/7_11_FULL_REBIND_forecast_viewer/full_rebind_stderr.log","full_rebind_stderr.log","log","926","0.000883","EVIDENCE_ARTIFACT","shiny_mvp","NONE","TRUE","FALSE","FALSE","Historical validation report log backup script or other non-runtime evidence"
"V6/outputs/shiny_mvp/7_11_FULL_REBIND_forecast_viewer/full_rebind_stdout.log","full_rebind_stdout.log","log","0","0","EVIDENCE_ARTIFACT","shiny_mvp","NONE","TRUE","FALSE","FALSE","Historical validation report log backup script or other non-runtime evidence"
"V6/outputs/shiny_mvp/7_11_FULL_REBIND_forecast_viewer/stage07_11_FULL_REBIND_chart_readiness.csv","stage07_11_FULL_REBIND_chart_readiness.csv","csv","348","0.000332","EVIDENCE_ARTIFACT","shiny_mvp","NONE","TRUE","FALSE","FALSE","Historical validation report log backup script or other non-runtime evidence"
"V6/outputs/shiny_mvp/7_11_FULL_REBIND_forecast_viewer/stage07_11_FULL_REBIND_report.md","stage07_11_FULL_REBIND_report.md","md","2491","0.002376","EVIDENCE_ARTIFACT","shiny_mvp","NONE","TRUE","FALSE","FALSE","Historical validation report log backup script or other non-runtime evidence"
"V6/outputs/shiny_mvp/7_11_FULL_REBIND_forecast_viewer/stage07_11_FULL_REBIND_series_summary.csv","stage07_11_FULL_REBIND_series_summary.csv","csv","1637","0.001561","EVIDENCE_ARTIFACT","shiny_mvp","NONE","TRUE","FALSE","FALSE","Historical validation report log backup script or other non-runtime evidence"
"V6/outputs/shiny_mvp/7_11_FULL_REBIND_forecast_viewer/stage07_11_FULL_REBIND_ui_data_contract.csv","stage07_11_FULL_REBIND_ui_data_contract.csv","csv","1860","0.001774","CONTRACT_SPEC","shiny_mvp","NONE","FALSE","TRUE","FALSE","Defines scope behavior schema policy or plan; not runtime data"
"V6/outputs/shiny_mvp/7_11_FULL_REBIND_forecast_viewer/stage07_11_FULL_REBIND_validation.csv","stage07_11_FULL_REBIND_validation.csv","csv","3545","0.003381","EVIDENCE_ARTIFACT","shiny_mvp","NONE","TRUE","FALSE","FALSE","Historical validation report log backup script or other non-runtime evidence"
"V6/outputs/shiny_mvp/7_11_PILOT_REBIND_forecast_viewer/pilot_rebind_stderr.log","pilot_rebind_stderr.log","log","926","0.000883","EVIDENCE_ARTIFACT","shiny_mvp","NONE","TRUE","FALSE","FALSE","Historical validation report log backup script or other non-runtime evidence"
"V6/outputs/shiny_mvp/7_11_PILOT_REBIND_forecast_viewer/pilot_rebind_stdout.log","pilot_rebind_stdout.log","log","0","0","EVIDENCE_ARTIFACT","shiny_mvp","NONE","TRUE","FALSE","FALSE","Historical validation report log backup script or other non-runtime evidence"
"V6/outputs/shiny_mvp/7_11_PILOT_REBIND_forecast_viewer/stage07_11_PILOT_REBIND_chart_readiness.csv","stage07_11_PILOT_REBIND_chart_readiness.csv","csv","1938","0.001848","EVIDENCE_ARTIFACT","shiny_mvp","NONE","TRUE","FALSE","FALSE","Historical validation report log backup script or other non-runtime evidence"
"V6/outputs/shiny_mvp/7_11_PILOT_REBIND_forecast_viewer/stage07_11_PILOT_REBIND_report.md","stage07_11_PILOT_REBIND_report.md","md","4039","0.003852","EVIDENCE_ARTIFACT","shiny_mvp","NONE","TRUE","FALSE","FALSE","Historical validation report log backup script or other non-runtime evidence"
"V6/outputs/shiny_mvp/7_11_PILOT_REBIND_forecast_viewer/stage07_11_PILOT_REBIND_ui_data_contract.csv","stage07_11_PILOT_REBIND_ui_data_contract.csv","csv","2607","0.002486","CONTRACT_SPEC","shiny_mvp","NONE","FALSE","TRUE","FALSE","Defines scope behavior schema policy or plan; not runtime data"
"V6/outputs/shiny_mvp/7_11_PILOT_REBIND_forecast_viewer/stage07_11_PILOT_REBIND_validation.csv","stage07_11_PILOT_REBIND_validation.csv","csv","4504","0.004295","EVIDENCE_ARTIFACT","shiny_mvp","NONE","TRUE","FALSE","FALSE","Historical validation report log backup script or other non-runtime evidence"
"V6/outputs/shiny_mvp/7_11_REV1_forecast_viewer_refinement/backups/shiny_app/R/helpers.R","helpers.R","r","15560","0.014839","EVIDENCE_ARTIFACT","shiny_mvp","NONE","TRUE","FALSE","FALSE","Historical validation report log backup script or other non-runtime evidence"
"V6/outputs/shiny_mvp/7_11_REV1_forecast_viewer_refinement/backups/shiny_app/server/server.R","server.R","r","1930","0.001841","EVIDENCE_ARTIFACT","shiny_mvp","NONE","TRUE","FALSE","FALSE","Historical validation report log backup script or other non-runtime evidence"
"V6/outputs/shiny_mvp/7_11_REV1_forecast_viewer_refinement/backups/shiny_app/ui/sidebar.R","sidebar.R","r","3692","0.003521","EVIDENCE_ARTIFACT","shiny_mvp","NONE","TRUE","FALSE","FALSE","Historical validation report log backup script or other non-runtime evidence"
"V6/outputs/shiny_mvp/7_11_REV1_forecast_viewer_refinement/backups/shiny_app/ui/tabs.R","tabs.R","r","34184","0.0326","EVIDENCE_ARTIFACT","shiny_mvp","NONE","TRUE","FALSE","FALSE","Historical validation report log backup script or other non-runtime evidence"
"V6/outputs/shiny_mvp/7_11_REV1_forecast_viewer_refinement/backups/shiny_app/www/custom.css","custom.css","css","26716","0.025478","EVIDENCE_ARTIFACT","shiny_mvp","NONE","TRUE","FALSE","FALSE","Historical validation report log backup script or other non-runtime evidence"
"V6/outputs/shiny_mvp/7_11_REV1_forecast_viewer_refinement/forecast_viewer_rev1_stderr.log","forecast_viewer_rev1_stderr.log","log","926","0.000883","EVIDENCE_ARTIFACT","shiny_mvp","NONE","TRUE","FALSE","FALSE","Historical validation report log backup script or other non-runtime evidence"
"V6/outputs/shiny_mvp/7_11_REV1_forecast_viewer_refinement/forecast_viewer_rev1_stdout.log","forecast_viewer_rev1_stdout.log","log","0","0","EVIDENCE_ARTIFACT","shiny_mvp","NONE","TRUE","FALSE","FALSE","Historical validation report log backup script or other non-runtime evidence"
"V6/outputs/shiny_mvp/7_11_REV1_forecast_viewer_refinement/stage07_11_REV1_empty_state_tests.csv","stage07_11_REV1_empty_state_tests.csv","csv","932","0.000889","EVIDENCE_ARTIFACT","shiny_mvp","NONE","TRUE","FALSE","FALSE","Historical validation report log backup script or other non-runtime evidence"
"V6/outputs/shiny_mvp/7_11_REV1_forecast_viewer_refinement/stage07_11_REV1_forecast_viewer_data_binding_summary.csv","stage07_11_REV1_forecast_viewer_data_binding_summary.csv","csv","1245","0.001187","EVIDENCE_ARTIFACT","shiny_mvp","NONE","TRUE","FALSE","FALSE","Historical validation report log backup script or other non-runtime evidence"
"V6/outputs/shiny_mvp/7_11_REV1_forecast_viewer_refinement/stage07_11_REV1_forecast_viewer_modified_files_manifest.csv","stage07_11_REV1_forecast_viewer_modified_files_manifest.csv","csv","972","0.000927","EVIDENCE_ARTIFACT","shiny_mvp","NONE","TRUE","FALSE","FALSE","Historical validation report log backup script or other non-runtime evidence"
"V6/outputs/shiny_mvp/7_11_REV1_forecast_viewer_refinement/stage07_11_REV1_forecast_viewer_report.md","stage07_11_REV1_forecast_viewer_report.md","md","2728","0.002602","EVIDENCE_ARTIFACT","shiny_mvp","NONE","TRUE","FALSE","FALSE","Historical validation report log backup script or other non-runtime evidence"
"V6/outputs/shiny_mvp/7_11_REV1_forecast_viewer_refinement/stage07_11_REV1_forecast_viewer_validation.csv","stage07_11_REV1_forecast_viewer_validation.csv","csv","2858","0.002726","EVIDENCE_ARTIFACT","shiny_mvp","NONE","TRUE","FALSE","FALSE","Historical validation report log backup script or other non-runtime evidence"
"V6/outputs/shiny_mvp/7_11_REV1_forecast_viewer_refinement/stage07_11_REV1_forecast_viewer_visual_check.csv","stage07_11_REV1_forecast_viewer_visual_check.csv","csv","1168","0.001114","EVIDENCE_ARTIFACT","shiny_mvp","NONE","TRUE","FALSE","FALSE","Historical validation report log backup script or other non-runtime evidence"
"V6/outputs/shiny_mvp/7_11_REV1_forecast_viewer_refinement/stage07_11_REV1_highcharter_install_log.txt","stage07_11_REV1_highcharter_install_log.txt","txt","385","0.000367","EVIDENCE_ARTIFACT","shiny_mvp","NONE","TRUE","FALSE","FALSE","Historical validation report log backup script or other non-runtime evidence"
"V6/outputs/shiny_mvp/7_11_REV1_forecast_viewer_refinement/stage07_11_REV1_model_availability_by_entity.csv","stage07_11_REV1_model_availability_by_entity.csv","csv","2131","0.002032","EVIDENCE_ARTIFACT","shiny_mvp","NONE","TRUE","FALSE","FALSE","Historical validation report log backup script or other non-runtime evidence"
"V6/outputs/shiny_mvp/7_11B_forecast_viewer_data_foundation_design/_diag_7_11B.R","_diag_7_11B.R","r","8678","0.008276","EVIDENCE_ARTIFACT","shiny_mvp","NONE","TRUE","FALSE","FALSE","Historical validation report log backup script or other non-runtime evidence"
"V6/outputs/shiny_mvp/7_11B_forecast_viewer_data_foundation_design/forecast_viewer_artifact_creation_plan.md","forecast_viewer_artifact_creation_plan.md","md","3825","0.003648","CONTRACT_SPEC","shiny_mvp","NONE","FALSE","TRUE","FALSE","Defines scope behavior schema policy or plan; not runtime data"
"V6/outputs/shiny_mvp/7_11B_forecast_viewer_data_foundation_design/forecast_viewer_artifact_design_options.csv","forecast_viewer_artifact_design_options.csv","csv","1479","0.00141","EVIDENCE_ARTIFACT","shiny_mvp","NONE","TRUE","FALSE","FALSE","Historical validation report log backup script or other non-runtime evidence"
"V6/outputs/shiny_mvp/7_11B_forecast_viewer_data_foundation_design/forecast_viewer_blueprint_alignment.md","forecast_viewer_blueprint_alignment.md","md","4797","0.004575","EVIDENCE_ARTIFACT","shiny_mvp","NONE","TRUE","FALSE","FALSE","Historical validation report log backup script or other non-runtime evidence"
"V6/outputs/shiny_mvp/7_11B_forecast_viewer_data_foundation_design/forecast_viewer_data_foundation_design_report.md","forecast_viewer_data_foundation_design_report.md","md","6169","0.005883","EVIDENCE_ARTIFACT","shiny_mvp","NONE","TRUE","FALSE","FALSE","Historical validation report log backup script or other non-runtime evidence"
"V6/outputs/shiny_mvp/7_11B_forecast_viewer_data_foundation_design/forecast_viewer_data_foundation_design_validation.csv","forecast_viewer_data_foundation_design_validation.csv","csv","2305","0.002198","EVIDENCE_ARTIFACT","shiny_mvp","NONE","TRUE","FALSE","FALSE","Historical validation report log backup script or other non-runtime evidence"
"V6/outputs/shiny_mvp/7_11B_forecast_viewer_data_foundation_design/forecast_viewer_governance_plan.md","forecast_viewer_governance_plan.md","md","2082","0.001986","CONTRACT_SPEC","shiny_mvp","NONE","FALSE","TRUE","FALSE","Defines scope behavior schema policy or plan; not runtime data"
"V6/outputs/shiny_mvp/7_11B_forecast_viewer_data_foundation_design/forecast_viewer_interval_availability.csv","forecast_viewer_interval_availability.csv","csv","36550","0.034857","EVIDENCE_ARTIFACT","shiny_mvp","NONE","TRUE","FALSE","FALSE","Historical validation report log backup script or other non-runtime evidence"
"V6/outputs/shiny_mvp/7_11B_forecast_viewer_data_foundation_design/forecast_viewer_model_coverage_by_series.csv","forecast_viewer_model_coverage_by_series.csv","csv","9535","0.009093","EVIDENCE_ARTIFACT","shiny_mvp","NONE","TRUE","FALSE","FALSE","Historical validation report log backup script or other non-runtime evidence"
"V6/outputs/shiny_mvp/7_11B_forecast_viewer_data_foundation_design/forecast_viewer_recommended_schema.csv","forecast_viewer_recommended_schema.csv","csv","2529","0.002412","CONTRACT_SPEC","shiny_mvp","NONE","FALSE","TRUE","FALSE","Defines scope behavior schema policy or plan; not runtime data"
"V6/outputs/shiny_mvp/7_11B_forecast_viewer_data_foundation_design/forecast_viewer_representative_series_recommendation.csv","forecast_viewer_representative_series_recommendation.csv","csv","1586","0.001513","EVIDENCE_ARTIFACT","shiny_mvp","NONE","TRUE","FALSE","FALSE","Historical validation report log backup script or other non-runtime evidence"
"V6/outputs/shiny_mvp/7_11B_forecast_viewer_data_foundation_design/forecast_viewer_series_inventory.csv","forecast_viewer_series_inventory.csv","csv","6956","0.006634","EVIDENCE_ARTIFACT","shiny_mvp","NONE","TRUE","FALSE","FALSE","Historical validation report log backup script or other non-runtime evidence"
"V6/outputs/shiny_mvp/7_11B_forecast_viewer_data_foundation_design/forecast_viewer_shiny_consumption_plan.md","forecast_viewer_shiny_consumption_plan.md","md","2699","0.002574","CONTRACT_SPEC","shiny_mvp","NONE","FALSE","TRUE","FALSE","Defines scope behavior schema policy or plan; not runtime data"
"V6/outputs/shiny_mvp/7_12_PREVIEW_ttl_placeholder/backups/shiny_app/ui/tabs.R","tabs.R","r","22766","0.021711","EVIDENCE_ARTIFACT","shiny_mvp","NONE","TRUE","FALSE","FALSE","Historical validation report log backup script or other non-runtime evidence"
"V6/outputs/shiny_mvp/7_12_PREVIEW_ttl_placeholder/backups/shiny_app/www/custom.css","custom.css","css","21231","0.020247","EVIDENCE_ARTIFACT","shiny_mvp","NONE","TRUE","FALSE","FALSE","Historical validation report log backup script or other non-runtime evidence"
"V6/outputs/shiny_mvp/7_12_PREVIEW_ttl_placeholder/stage07_12_PREVIEW_ttl_modified_files_manifest.csv","stage07_12_PREVIEW_ttl_modified_files_manifest.csv","csv","547","0.000522","EVIDENCE_ARTIFACT","shiny_mvp","NONE","TRUE","FALSE","FALSE","Historical validation report log backup script or other non-runtime evidence"
"V6/outputs/shiny_mvp/7_12_PREVIEW_ttl_placeholder/stage07_12_PREVIEW_ttl_report.md","stage07_12_PREVIEW_ttl_report.md","md","2562","0.002443","EVIDENCE_ARTIFACT","shiny_mvp","NONE","TRUE","FALSE","FALSE","Historical validation report log backup script or other non-runtime evidence"
"V6/outputs/shiny_mvp/7_12_PREVIEW_ttl_placeholder/stage07_12_PREVIEW_ttl_source_status.csv","stage07_12_PREVIEW_ttl_source_status.csv","csv","686","0.000654","EVIDENCE_ARTIFACT","shiny_mvp","NONE","TRUE","FALSE","FALSE","Historical validation report log backup script or other non-runtime evidence"
"V6/outputs/shiny_mvp/7_12_PREVIEW_ttl_placeholder/stage07_12_PREVIEW_ttl_validation.csv","stage07_12_PREVIEW_ttl_validation.csv","csv","1973","0.001882","EVIDENCE_ARTIFACT","shiny_mvp","NONE","TRUE","FALSE","FALSE","Historical validation report log backup script or other non-runtime evidence"
"V6/outputs/shiny_mvp/7_12_PREVIEW_ttl_placeholder/stage07_12_PREVIEW_ttl_visual_check.csv","stage07_12_PREVIEW_ttl_visual_check.csv","csv","1066","0.001017","EVIDENCE_ARTIFACT","shiny_mvp","NONE","TRUE","FALSE","FALSE","Historical validation report log backup script or other non-runtime evidence"
"V6/outputs/shiny_mvp/7_12_PREVIEW_ttl_placeholder/ttl_preview_stderr.log","ttl_preview_stderr.log","log","926","0.000883","EVIDENCE_ARTIFACT","shiny_mvp","NONE","TRUE","FALSE","FALSE","Historical validation report log backup script or other non-runtime evidence"
"V6/outputs/shiny_mvp/7_12_PREVIEW_ttl_placeholder/ttl_preview_stdout.log","ttl_preview_stdout.log","log","0","0","EVIDENCE_ARTIFACT","shiny_mvp","NONE","TRUE","FALSE","FALSE","Historical validation report log backup script or other non-runtime evidence"
"V6/outputs/shiny_mvp/7_2_REV1_overview_macro/backups/shiny_app/ui/tabs.R","tabs.R","r","28191","0.026885","EVIDENCE_ARTIFACT","shiny_mvp","NONE","TRUE","FALSE","FALSE","Historical validation report log backup script or other non-runtime evidence"
"V6/outputs/shiny_mvp/7_2_REV1_overview_macro/overview_macro_stderr.log","overview_macro_stderr.log","log","926","0.000883","EVIDENCE_ARTIFACT","shiny_mvp","NONE","TRUE","FALSE","FALSE","Historical validation report log backup script or other non-runtime evidence"
"V6/outputs/shiny_mvp/7_2_REV1_overview_macro/overview_macro_stdout.log","overview_macro_stdout.log","log","0","0","EVIDENCE_ARTIFACT","shiny_mvp","NONE","TRUE","FALSE","FALSE","Historical validation report log backup script or other non-runtime evidence"
"V6/outputs/shiny_mvp/7_2_REV1_overview_macro/stage07_2_REV1_overview_modified_files_manifest.csv","stage07_2_REV1_overview_modified_files_manifest.csv","csv","135","0.000129","EVIDENCE_ARTIFACT","shiny_mvp","NONE","TRUE","FALSE","FALSE","Historical validation report log backup script or other non-runtime evidence"
"V6/outputs/shiny_mvp/7_2_REV1_overview_macro/stage07_2_REV1_overview_validation.csv","stage07_2_REV1_overview_validation.csv","csv","1693","0.001615","EVIDENCE_ARTIFACT","shiny_mvp","NONE","TRUE","FALSE","FALSE","Historical validation report log backup script or other non-runtime evidence"
"V6/outputs/shiny_mvp/7_2_REV1_overview_macro/stage07_2_REV1_overview_visual_check.csv","stage07_2_REV1_overview_visual_check.csv","csv","743","0.000709","EVIDENCE_ARTIFACT","shiny_mvp","NONE","TRUE","FALSE","FALSE","Historical validation report log backup script or other non-runtime evidence"
"V6/outputs/shiny_mvp/7_3_universe/backups/shiny_app/R/helpers.R","helpers.R","r","3460","0.0033","EVIDENCE_ARTIFACT","shiny_mvp","NONE","TRUE","FALSE","FALSE","Historical validation report log backup script or other non-runtime evidence"
"V6/outputs/shiny_mvp/7_3_universe/backups/shiny_app/ui/tabs.R","tabs.R","r","18581","0.01772","EVIDENCE_ARTIFACT","shiny_mvp","NONE","TRUE","FALSE","FALSE","Historical validation report log backup script or other non-runtime evidence"
"V6/outputs/shiny_mvp/7_3_universe/stage07_3_universe_data_binding_summary.csv","stage07_3_universe_data_binding_summary.csv","csv","998","0.000952","EVIDENCE_ARTIFACT","shiny_mvp","NONE","TRUE","FALSE","FALSE","Historical validation report log backup script or other non-runtime evidence"
"V6/outputs/shiny_mvp/7_3_universe/stage07_3_universe_modified_files_manifest.csv","stage07_3_universe_modified_files_manifest.csv","csv","521","0.000497","EVIDENCE_ARTIFACT","shiny_mvp","NONE","TRUE","FALSE","FALSE","Historical validation report log backup script or other non-runtime evidence"
"V6/outputs/shiny_mvp/7_3_universe/stage07_3_universe_report.md","stage07_3_universe_report.md","md","4016","0.00383","EVIDENCE_ARTIFACT","shiny_mvp","NONE","TRUE","FALSE","FALSE","Historical validation report log backup script or other non-runtime evidence"
"V6/outputs/shiny_mvp/7_3_universe/stage07_3_universe_validation.csv","stage07_3_universe_validation.csv","csv","1975","0.001884","EVIDENCE_ARTIFACT","shiny_mvp","NONE","TRUE","FALSE","FALSE","Historical validation report log backup script or other non-runtime evidence"
"V6/outputs/shiny_mvp/7_3_universe/stage07_3_universe_visual_check.csv","stage07_3_universe_visual_check.csv","csv","1248","0.00119","EVIDENCE_ARTIFACT","shiny_mvp","NONE","TRUE","FALSE","FALSE","Historical validation report log backup script or other non-runtime evidence"
"V6/outputs/shiny_mvp/7_3_universe/universe_stderr.log","universe_stderr.log","log","926","0.000883","EVIDENCE_ARTIFACT","shiny_mvp","NONE","TRUE","FALSE","FALSE","Historical validation report log backup script or other non-runtime evidence"
"V6/outputs/shiny_mvp/7_3_universe/universe_stdout.log","universe_stdout.log","log","0","0","EVIDENCE_ARTIFACT","shiny_mvp","NONE","TRUE","FALSE","FALSE","Historical validation report log backup script or other non-runtime evidence"
"V6/outputs/shiny_mvp/7_ACCURACY_DASHBOARD_MVP/accuracy_mvp_stderr.log","accuracy_mvp_stderr.log","log","2831","0.0027","EVIDENCE_ARTIFACT","shiny_mvp","NONE","TRUE","FALSE","FALSE","Historical validation report log backup script or other non-runtime evidence"
"V6/outputs/shiny_mvp/7_ACCURACY_DASHBOARD_MVP/accuracy_mvp_stdout.log","accuracy_mvp_stdout.log","log","0","0","EVIDENCE_ARTIFACT","shiny_mvp","NONE","TRUE","FALSE","FALSE","Historical validation report log backup script or other non-runtime evidence"
"V6/outputs/shiny_mvp/7_ACCURACY_DASHBOARD_MVP/stage07_accuracy_dashboard_mvp_metrics_summary.csv","stage07_accuracy_dashboard_mvp_metrics_summary.csv","csv","50771","0.048419","EVIDENCE_ARTIFACT","shiny_mvp","NONE","TRUE","FALSE","FALSE","Historical validation report log backup script or other non-runtime evidence"
"V6/outputs/shiny_mvp/7_ACCURACY_DASHBOARD_MVP/stage07_accuracy_dashboard_mvp_report.md","stage07_accuracy_dashboard_mvp_report.md","md","3608","0.003441","EVIDENCE_ARTIFACT","shiny_mvp","NONE","TRUE","FALSE","FALSE","Historical validation report log backup script or other non-runtime evidence"
"V6/outputs/shiny_mvp/7_ACCURACY_DASHBOARD_MVP/stage07_accuracy_dashboard_mvp_schema.csv","stage07_accuracy_dashboard_mvp_schema.csv","csv","481","0.000459","CONTRACT_SPEC","shiny_mvp","NONE","FALSE","TRUE","FALSE","Defines scope behavior schema policy or plan; not runtime data"
"V6/outputs/shiny_mvp/7_ACCURACY_DASHBOARD_MVP/stage07_accuracy_dashboard_mvp_validation.csv","stage07_accuracy_dashboard_mvp_validation.csv","csv","2300","0.002193","EVIDENCE_ARTIFACT","shiny_mvp","NONE","TRUE","FALSE","FALSE","Historical validation report log backup script or other non-runtime evidence"
"V6/outputs/shiny_mvp/7_CHAMPION_SERIES_ARTIFACT_VERIFICATION/stage07_champion_series_artifact_schema.csv","stage07_champion_series_artifact_schema.csv","csv","1587","0.001513","CONTRACT_SPEC","shiny_mvp","NONE","FALSE","TRUE","FALSE","Defines scope behavior schema policy or plan; not runtime data"
"V6/outputs/shiny_mvp/7_CHAMPION_SERIES_ARTIFACT_VERIFICATION/stage07_champion_series_artifact_verification_report.md","stage07_champion_series_artifact_verification_report.md","md","2253","0.002149","EVIDENCE_ARTIFACT","shiny_mvp","NONE","TRUE","FALSE","FALSE","Historical validation report log backup script or other non-runtime evidence"
"V6/outputs/shiny_mvp/7_CHAMPION_SERIES_ARTIFACT_VERIFICATION/stage07_champion_series_artifact_verification_validation.csv","stage07_champion_series_artifact_verification_validation.csv","csv","1944","0.001854","EVIDENCE_ARTIFACT","shiny_mvp","NONE","TRUE","FALSE","FALSE","Historical validation report log backup script or other non-runtime evidence"
"V6/outputs/shiny_mvp/7_CHAMPION_SERIES_ARTIFACT_VERIFICATION/stage07_champion_series_ets_exceptions.csv","stage07_champion_series_ets_exceptions.csv","csv","5059","0.004825","EVIDENCE_ARTIFACT","shiny_mvp","NONE","TRUE","FALSE","FALSE","Historical validation report log backup script or other non-runtime evidence"
"V6/outputs/shiny_mvp/7_CHAMPION_SERIES_ARTIFACT_VERIFICATION/stage07_champion_series_leadership_counts.csv","stage07_champion_series_leadership_counts.csv","csv","1015","0.000968","EVIDENCE_ARTIFACT","shiny_mvp","NONE","TRUE","FALSE","FALSE","Historical validation report log backup script or other non-runtime evidence"
"V6/outputs/shiny_mvp/7_CHAMPION_SERIES_ARTIFACT_VERIFICATION/stage07_champion_series_max_gap.csv","stage07_champion_series_max_gap.csv","csv","407","0.000388","EVIDENCE_ARTIFACT","shiny_mvp","NONE","TRUE","FALSE","FALSE","Historical validation report log backup script or other non-runtime evidence"
"V6/outputs/shiny_mvp/7_FORECASTING_SIDEBAR_CORRECTION/sidebar_correction_stderr.log","sidebar_correction_stderr.log","log","926","0.000883","EVIDENCE_ARTIFACT","shiny_mvp","NONE","TRUE","FALSE","FALSE","Historical validation report log backup script or other non-runtime evidence"
"V6/outputs/shiny_mvp/7_FORECASTING_SIDEBAR_CORRECTION/sidebar_correction_stdout.log","sidebar_correction_stdout.log","log","0","0","EVIDENCE_ARTIFACT","shiny_mvp","NONE","TRUE","FALSE","FALSE","Historical validation report log backup script or other non-runtime evidence"
"V6/outputs/shiny_mvp/7_FORECASTING_SIDEBAR_CORRECTION/stage07_forecasting_sidebar_correction_report.md","stage07_forecasting_sidebar_correction_report.md","md","1485","0.001416","EVIDENCE_ARTIFACT","shiny_mvp","NONE","TRUE","FALSE","FALSE","Historical validation report log backup script or other non-runtime evidence"
"V6/outputs/shiny_mvp/7_FORECASTING_SIDEBAR_CORRECTION/stage07_forecasting_sidebar_correction_routes.csv","stage07_forecasting_sidebar_correction_routes.csv","csv","549","0.000524","EVIDENCE_ARTIFACT","shiny_mvp","NONE","TRUE","FALSE","FALSE","Historical validation report log backup script or other non-runtime evidence"
"V6/outputs/shiny_mvp/7_FORECASTING_SIDEBAR_CORRECTION/stage07_forecasting_sidebar_correction_validation.csv","stage07_forecasting_sidebar_correction_validation.csv","csv","2620","0.002499","EVIDENCE_ARTIFACT","shiny_mvp","NONE","TRUE","FALSE","FALSE","Historical validation report log backup script or other non-runtime evidence"
"V6/outputs/shiny_mvp/7_MODELS_CHAMPION_DECISION_MVP/backups/shiny_app/R/helpers.R","helpers.R","r","78667","0.075023","EVIDENCE_ARTIFACT","shiny_mvp","NONE","TRUE","FALSE","FALSE","Historical validation report log backup script or other non-runtime evidence"
"V6/outputs/shiny_mvp/7_MODELS_CHAMPION_DECISION_MVP/backups/shiny_app/server/server.R","server.R","r","16738","0.015963","EVIDENCE_ARTIFACT","shiny_mvp","NONE","TRUE","FALSE","FALSE","Historical validation report log backup script or other non-runtime evidence"
"V6/outputs/shiny_mvp/7_MODELS_CHAMPION_DECISION_MVP/backups/shiny_app/ui/tabs.R","tabs.R","r","55500","0.052929","EVIDENCE_ARTIFACT","shiny_mvp","NONE","TRUE","FALSE","FALSE","Historical validation report log backup script or other non-runtime evidence"
"V6/outputs/shiny_mvp/7_MODELS_CHAMPION_DECISION_MVP/models_champion_decision_mvp_stderr.log","models_champion_decision_mvp_stderr.log","log","1307","0.001246","CONTRACT_SPEC","shiny_mvp","NONE","FALSE","TRUE","FALSE","Defines scope behavior schema policy or plan; not runtime data"
"V6/outputs/shiny_mvp/7_MODELS_CHAMPION_DECISION_MVP/models_champion_decision_mvp_stdout.log","models_champion_decision_mvp_stdout.log","log","0","0","CONTRACT_SPEC","shiny_mvp","NONE","FALSE","TRUE","FALSE","Defines scope behavior schema policy or plan; not runtime data"
"V6/outputs/shiny_mvp/7_MODELS_CHAMPION_DECISION_MVP/stage07_models_champion_decision_mvp_launch.csv","stage07_models_champion_decision_mvp_launch.csv","csv","1092","0.001041","CONTRACT_SPEC","shiny_mvp","NONE","FALSE","TRUE","FALSE","Defines scope behavior schema policy or plan; not runtime data"
"V6/outputs/shiny_mvp/7_MODELS_CHAMPION_DECISION_MVP/stage07_models_champion_decision_mvp_report.md","stage07_models_champion_decision_mvp_report.md","md","2005","0.001912","CONTRACT_SPEC","shiny_mvp","NONE","FALSE","TRUE","FALSE","Defines scope behavior schema policy or plan; not runtime data"
"V6/outputs/shiny_mvp/7_MODELS_CHAMPION_DECISION_MVP/stage07_models_champion_decision_mvp_schema.csv","stage07_models_champion_decision_mvp_schema.csv","csv","11613","0.011075","CONTRACT_SPEC","shiny_mvp","NONE","FALSE","TRUE","FALSE","Defines scope behavior schema policy or plan; not runtime data"
"V6/outputs/shiny_mvp/7_MODELS_CHAMPION_DECISION_MVP/stage07_models_champion_decision_mvp_sources.csv","stage07_models_champion_decision_mvp_sources.csv","csv","1420","0.001354","CONTRACT_SPEC","shiny_mvp","NONE","FALSE","TRUE","FALSE","Defines scope behavior schema policy or plan; not runtime data"
"V6/outputs/shiny_mvp/7_MODELS_CHAMPION_DECISION_MVP/stage07_models_champion_decision_mvp_validation.csv","stage07_models_champion_decision_mvp_validation.csv","csv","3958","0.003775","CONTRACT_SPEC","shiny_mvp","NONE","FALSE","TRUE","FALSE","Defines scope behavior schema policy or plan; not runtime data"
"V6/outputs/shiny_mvp/7_MODELS_CHAMPION_SERIES_EVIDENCE_MVP/backups/shiny_app/R/helpers.R","helpers.R","r","87092","0.083057","EVIDENCE_ARTIFACT","shiny_mvp","NONE","TRUE","FALSE","FALSE","Historical validation report log backup script or other non-runtime evidence"
"V6/outputs/shiny_mvp/7_MODELS_CHAMPION_SERIES_EVIDENCE_MVP/backups/shiny_app/server/server.R","server.R","r","17473","0.016664","EVIDENCE_ARTIFACT","shiny_mvp","NONE","TRUE","FALSE","FALSE","Historical validation report log backup script or other non-runtime evidence"
"V6/outputs/shiny_mvp/7_MODELS_CHAMPION_SERIES_EVIDENCE_MVP/backups/shiny_app/ui/tabs.R","tabs.R","r","59519","0.056762","EVIDENCE_ARTIFACT","shiny_mvp","NONE","TRUE","FALSE","FALSE","Historical validation report log backup script or other non-runtime evidence"
"V6/outputs/shiny_mvp/7_MODELS_CHAMPION_SERIES_EVIDENCE_MVP/models_champion_series_evidence_mvp_stderr.log","models_champion_series_evidence_mvp_stderr.log","log","2885","0.002751","EVIDENCE_ARTIFACT","shiny_mvp","NONE","TRUE","FALSE","FALSE","Historical validation report log backup script or other non-runtime evidence"
"V6/outputs/shiny_mvp/7_MODELS_CHAMPION_SERIES_EVIDENCE_MVP/models_champion_series_evidence_mvp_stdout.log","models_champion_series_evidence_mvp_stdout.log","log","0","0","EVIDENCE_ARTIFACT","shiny_mvp","NONE","TRUE","FALSE","FALSE","Historical validation report log backup script or other non-runtime evidence"
"V6/outputs/shiny_mvp/7_MODELS_CHAMPION_SERIES_EVIDENCE_MVP/stage07_models_champion_series_evidence_mvp_launch.csv","stage07_models_champion_series_evidence_mvp_launch.csv","csv","1127","0.001075","EVIDENCE_ARTIFACT","shiny_mvp","NONE","TRUE","FALSE","FALSE","Historical validation report log backup script or other non-runtime evidence"
"V6/outputs/shiny_mvp/7_MODELS_CHAMPION_SERIES_EVIDENCE_MVP/stage07_models_champion_series_evidence_mvp_report.md","stage07_models_champion_series_evidence_mvp_report.md","md","1996","0.001904","EVIDENCE_ARTIFACT","shiny_mvp","NONE","TRUE","FALSE","FALSE","Historical validation report log backup script or other non-runtime evidence"
"V6/outputs/shiny_mvp/7_MODELS_CHAMPION_SERIES_EVIDENCE_MVP/stage07_models_champion_series_evidence_mvp_schema.csv","stage07_models_champion_series_evidence_mvp_schema.csv","csv","1908","0.00182","CONTRACT_SPEC","shiny_mvp","NONE","FALSE","TRUE","FALSE","Defines scope behavior schema policy or plan; not runtime data"
"V6/outputs/shiny_mvp/7_MODELS_CHAMPION_SERIES_EVIDENCE_MVP/stage07_models_champion_series_evidence_mvp_sources.csv","stage07_models_champion_series_evidence_mvp_sources.csv","csv","356","0.00034","EVIDENCE_ARTIFACT","shiny_mvp","NONE","TRUE","FALSE","FALSE","Historical validation report log backup script or other non-runtime evidence"
"V6/outputs/shiny_mvp/7_MODELS_CHAMPION_SERIES_EVIDENCE_MVP/stage07_models_champion_series_evidence_mvp_validation.csv","stage07_models_champion_series_evidence_mvp_validation.csv","csv","3397","0.00324","EVIDENCE_ARTIFACT","shiny_mvp","NONE","TRUE","FALSE","FALSE","Historical validation report log backup script or other non-runtime evidence"
"V6/outputs/shiny_mvp/7_MODELS_INVENTORY_AUDIT/stage07_models_inventory_artifacts.csv","stage07_models_inventory_artifacts.csv","csv","7661","0.007306","EVIDENCE_ARTIFACT","shiny_mvp","NONE","TRUE","FALSE","FALSE","Historical validation report log backup script or other non-runtime evidence"
"V6/outputs/shiny_mvp/7_MODELS_INVENTORY_AUDIT/stage07_models_inventory_audit_report.md","stage07_models_inventory_audit_report.md","md","6636","0.006329","EVIDENCE_ARTIFACT","shiny_mvp","NONE","TRUE","FALSE","FALSE","Historical validation report log backup script or other non-runtime evidence"
"V6/outputs/shiny_mvp/7_MODELS_INVENTORY_AUDIT/stage07_models_inventory_columns.csv","stage07_models_inventory_columns.csv","csv","107075","0.102115","EVIDENCE_ARTIFACT","shiny_mvp","NONE","TRUE","FALSE","FALSE","Historical validation report log backup script or other non-runtime evidence"
"V6/outputs/shiny_mvp/7_MODELS_INVENTORY_AUDIT/stage07_models_inventory_metrics_matrix.csv","stage07_models_inventory_metrics_matrix.csv","csv","15456","0.01474","EVIDENCE_ARTIFACT","shiny_mvp","NONE","TRUE","FALSE","FALSE","Historical validation report log backup script or other non-runtime evidence"
"V6/outputs/shiny_mvp/7_MODELS_INVENTORY_AUDIT/stage07_models_inventory_page_readiness.csv","stage07_models_inventory_page_readiness.csv","csv","1849","0.001763","EVIDENCE_ARTIFACT","shiny_mvp","NONE","TRUE","FALSE","FALSE","Historical validation report log backup script or other non-runtime evidence"
"V6/outputs/shiny_mvp/7_MODELS_INVENTORY_AUDIT/stage07_models_inventory_shiny_structure.csv","stage07_models_inventory_shiny_structure.csv","csv","3806","0.00363","EVIDENCE_ARTIFACT","shiny_mvp","NONE","TRUE","FALSE","FALSE","Historical validation report log backup script or other non-runtime evidence"
"V6/outputs/shiny_mvp/7_MODELS_TOURNAMENT_PAGE_MVP/models_tournament_page_mvp_stderr.log","models_tournament_page_mvp_stderr.log","log","888","0.000847","EVIDENCE_ARTIFACT","shiny_mvp","NONE","TRUE","FALSE","FALSE","Historical validation report log backup script or other non-runtime evidence"
"V6/outputs/shiny_mvp/7_MODELS_TOURNAMENT_PAGE_MVP/models_tournament_page_mvp_stdout.log","models_tournament_page_mvp_stdout.log","log","0","0","EVIDENCE_ARTIFACT","shiny_mvp","NONE","TRUE","FALSE","FALSE","Historical validation report log backup script or other non-runtime evidence"
"V6/outputs/shiny_mvp/7_MODELS_TOURNAMENT_PAGE_MVP/stage07_models_tournament_page_mvp_launch.csv","stage07_models_tournament_page_mvp_launch.csv","csv","1075","0.001025","EVIDENCE_ARTIFACT","shiny_mvp","NONE","TRUE","FALSE","FALSE","Historical validation report log backup script or other non-runtime evidence"
"V6/outputs/shiny_mvp/7_MODELS_TOURNAMENT_PAGE_MVP/stage07_models_tournament_page_mvp_report.md","stage07_models_tournament_page_mvp_report.md","md","2491","0.002376","EVIDENCE_ARTIFACT","shiny_mvp","NONE","TRUE","FALSE","FALSE","Historical validation report log backup script or other non-runtime evidence"
"V6/outputs/shiny_mvp/7_MODELS_TOURNAMENT_PAGE_MVP/stage07_models_tournament_page_mvp_schema.csv","stage07_models_tournament_page_mvp_schema.csv","csv","14620","0.013943","CONTRACT_SPEC","shiny_mvp","NONE","FALSE","TRUE","FALSE","Defines scope behavior schema policy or plan; not runtime data"
"V6/outputs/shiny_mvp/7_MODELS_TOURNAMENT_PAGE_MVP/stage07_models_tournament_page_mvp_sources.csv","stage07_models_tournament_page_mvp_sources.csv","csv","1284","0.001225","EVIDENCE_ARTIFACT","shiny_mvp","NONE","TRUE","FALSE","FALSE","Historical validation report log backup script or other non-runtime evidence"
"V6/outputs/shiny_mvp/7_MODELS_TOURNAMENT_PAGE_MVP/stage07_models_tournament_page_mvp_validation.csv","stage07_models_tournament_page_mvp_validation.csv","csv","2577","0.002458","EVIDENCE_ARTIFACT","shiny_mvp","NONE","TRUE","FALSE","FALSE","Historical validation report log backup script or other non-runtime evidence"
"V6/outputs/shiny_mvp/7_TOURNAMENT_SCORE_AUDIT/stage07_pairwise_evidence_summary.csv","stage07_pairwise_evidence_summary.csv","csv","24153","0.023034","EVIDENCE_ARTIFACT","shiny_mvp","NONE","TRUE","FALSE","FALSE","Historical validation report log backup script or other non-runtime evidence"
"V6/outputs/shiny_mvp/7_TOURNAMENT_SCORE_AUDIT/stage07_tournament_score_artifacts.csv","stage07_tournament_score_artifacts.csv","csv","14437","0.013768","EVIDENCE_ARTIFACT","shiny_mvp","NONE","TRUE","FALSE","FALSE","Historical validation report log backup script or other non-runtime evidence"
"V6/outputs/shiny_mvp/7_TOURNAMENT_SCORE_AUDIT/stage07_tournament_score_audit_report.md","stage07_tournament_score_audit_report.md","md","4886","0.00466","EVIDENCE_ARTIFACT","shiny_mvp","NONE","TRUE","FALSE","FALSE","Historical validation report log backup script or other non-runtime evidence"
"V6/outputs/shiny_mvp/7_TOURNAMENT_SCORE_AUDIT/stage07_tournament_score_columns.csv","stage07_tournament_score_columns.csv","csv","95693","0.09126","EVIDENCE_ARTIFACT","shiny_mvp","NONE","TRUE","FALSE","FALSE","Historical validation report log backup script or other non-runtime evidence"
"V6/outputs/shiny_mvp/7_TOURNAMENT_SCORE_AUDIT/stage07_tournament_score_formula_findings.csv","stage07_tournament_score_formula_findings.csv","csv","16043","0.0153","EVIDENCE_ARTIFACT","shiny_mvp","NONE","TRUE","FALSE","FALSE","Historical validation report log backup script or other non-runtime evidence"
"V6/outputs/shiny_mvp/7_TOURNAMENT_SCORE_AUDIT/stage07_tournament_score_metric_readiness.csv","stage07_tournament_score_metric_readiness.csv","csv","17347","0.016543","EVIDENCE_ARTIFACT","shiny_mvp","NONE","TRUE","FALSE","FALSE","Historical validation report log backup script or other non-runtime evidence"
"V6/outputs/shiny_mvp/7_TOURNAMENT_SCORE_AUDIT/stage07_tournament_scorecard_summary.csv","stage07_tournament_scorecard_summary.csv","csv","8830","0.008421","EVIDENCE_ARTIFACT","shiny_mvp","NONE","TRUE","FALSE","FALSE","Historical validation report log backup script or other non-runtime evidence"
"V6/outputs/shiny_mvp/7_TTL_PROTOTYPE/contracts/ttl_months_to_live_snapshot.schema.csv","ttl_months_to_live_snapshot.schema.csv","csv","1607","0.001533","CONTRACT_SPEC","shiny_mvp","NONE","FALSE","TRUE","FALSE","Defines scope behavior schema policy or plan; not runtime data"
"V6/outputs/shiny_mvp/7_TTL_PROTOTYPE/contracts/ttl_supply_demand_timeseries.schema.csv","ttl_supply_demand_timeseries.schema.csv","csv","1444","0.001377","CONTRACT_SPEC","shiny_mvp","NONE","FALSE","TRUE","FALSE","Defines scope behavior schema policy or plan; not runtime data"
"V6/outputs/shiny_mvp/7_TTL_PROTOTYPE/logs/ttl_proto_stderr.log","ttl_proto_stderr.log","log","5007","0.004775","EVIDENCE_ARTIFACT","shiny_mvp","NONE","TRUE","FALSE","FALSE","Historical validation report log backup script or other non-runtime evidence"
"V6/outputs/shiny_mvp/7_TTL_PROTOTYPE/logs/ttl_proto_stdout.log","ttl_proto_stdout.log","log","0","0","EVIDENCE_ARTIFACT","shiny_mvp","NONE","TRUE","FALSE","FALSE","Historical validation report log backup script or other non-runtime evidence"
"V6/outputs/shiny_mvp/7_TTL_PROTOTYPE/report.md","report.md","md","811","0.000773","EVIDENCE_ARTIFACT","shiny_mvp","NONE","TRUE","FALSE","FALSE","Historical validation report log backup script or other non-runtime evidence"
"V6/outputs/shiny_mvp/7_TTL_PROTOTYPE/verify_default.png","verify_default.png","png","665936","0.635086","EVIDENCE_ARTIFACT","shiny_mvp","NONE","TRUE","FALSE","FALSE","Historical validation report log backup script or other non-runtime evidence"
"V6/outputs/shiny_mvp/7_TTL_PROTOTYPE/verify_healthy.png","verify_healthy.png","png","42345","0.040383","EVIDENCE_ARTIFACT","shiny_mvp","NONE","TRUE","FALSE","FALSE","Historical validation report log backup script or other non-runtime evidence"
"V6/outputs/shiny_mvp/7_V2_FORECAST_CHARTS_XY_ZOOM_CROSSHAIR_EXPORT/logs/charts_xy_stderr.log","charts_xy_stderr.log","log","1307","0.001246","EVIDENCE_ARTIFACT","shiny_mvp","NONE","TRUE","FALSE","FALSE","Historical validation report log backup script or other non-runtime evidence"
"V6/outputs/shiny_mvp/7_V2_FORECAST_CHARTS_XY_ZOOM_CROSSHAIR_EXPORT/logs/charts_xy_stdout.log","charts_xy_stdout.log","log","0","0","EVIDENCE_ARTIFACT","shiny_mvp","NONE","TRUE","FALSE","FALSE","Historical validation report log backup script or other non-runtime evidence"
"V6/outputs/shiny_mvp/7_V2_FORECAST_INTERVAL_60D_CALIBRATED_SHINY_WIRING/logs/stage07_v2_forecast_interval_60d_calibrated_shiny_wiring_stderr.log","stage07_v2_forecast_interval_60d_calibrated_shiny_wiring_stderr.log","log","1579","0.001506","EVIDENCE_ARTIFACT","shiny_mvp","NONE","TRUE","FALSE","FALSE","Historical validation report log backup script or other non-runtime evidence"
"V6/outputs/shiny_mvp/7_V2_FORECAST_INTERVAL_60D_CALIBRATED_SHINY_WIRING/logs/stage07_v2_forecast_interval_60d_calibrated_shiny_wiring_stdout.log","stage07_v2_forecast_interval_60d_calibrated_shiny_wiring_stdout.log","log","0","0","EVIDENCE_ARTIFACT","shiny_mvp","NONE","TRUE","FALSE","FALSE","Historical validation report log backup script or other non-runtime evidence"
"V6/outputs/shiny_mvp/7_V2_FORECAST_INTERVAL_60D_CALIBRATED_SHINY_WIRING/stage07_v2_forecast_interval_60d_calibrated_shiny_wiring_launch.csv","stage07_v2_forecast_interval_60d_calibrated_shiny_wiring_launch.csv","csv","543","0.000518","EVIDENCE_ARTIFACT","shiny_mvp","NONE","TRUE","FALSE","FALSE","Historical validation report log backup script or other non-runtime evidence"
"V6/outputs/shiny_mvp/7_V2_FORECAST_INTERVAL_60D_CALIBRATED_SHINY_WIRING/stage07_v2_forecast_interval_60d_calibrated_shiny_wiring_report.md","stage07_v2_forecast_interval_60d_calibrated_shiny_wiring_report.md","md","3440","0.003281","EVIDENCE_ARTIFACT","shiny_mvp","NONE","TRUE","FALSE","FALSE","Historical validation report log backup script or other non-runtime evidence"
"V6/outputs/shiny_mvp/7_V2_FORECAST_INTERVAL_60D_CALIBRATED_SHINY_WIRING/stage07_v2_forecast_interval_60d_calibrated_shiny_wiring_validation.csv","stage07_v2_forecast_interval_60d_calibrated_shiny_wiring_validation.csv","csv","3097","0.002954","EVIDENCE_ARTIFACT","shiny_mvp","NONE","TRUE","FALSE","FALSE","Historical validation report log backup script or other non-runtime evidence"
"V6/outputs/shiny_mvp/7_V2_FORECAST_INTERVAL_60D_CALIBRATED_SHINY_WIRING/stage07_v2_forecast_interval_60d_calibrated_shiny_wiring_visual_checks.csv","stage07_v2_forecast_interval_60d_calibrated_shiny_wiring_visual_checks.csv","csv","1598","0.001524","EVIDENCE_ARTIFACT","shiny_mvp","NONE","TRUE","FALSE","FALSE","Historical validation report log backup script or other non-runtime evidence"
"V6/outputs/shiny_mvp/7_V2_FORECAST_INTERVAL_80_ONLY_VISUAL_CLEANUP/logs/stage07_v2_fcst_iv80_stderr.log","stage07_v2_fcst_iv80_stderr.log","log","1307","0.001246","EVIDENCE_ARTIFACT","shiny_mvp","NONE","TRUE","FALSE","FALSE","Historical validation report log backup script or other non-runtime evidence"
"V6/outputs/shiny_mvp/7_V2_FORECAST_INTERVAL_80_ONLY_VISUAL_CLEANUP/logs/stage07_v2_fcst_iv80_stdout.log","stage07_v2_fcst_iv80_stdout.log","log","0","0","EVIDENCE_ARTIFACT","shiny_mvp","NONE","TRUE","FALSE","FALSE","Historical validation report log backup script or other non-runtime evidence"
"V6/outputs/shiny_mvp/7_V2_FORECAST_INTERVAL_80_ONLY_VISUAL_CLEANUP/stage07_v2_forecast_interval_80_only_visual_checks.csv","stage07_v2_forecast_interval_80_only_visual_checks.csv","csv","590","0.000563","EVIDENCE_ARTIFACT","shiny_mvp","NONE","TRUE","FALSE","FALSE","Historical validation report log backup script or other non-runtime evidence"
"V6/outputs/shiny_mvp/7_V2_FORECAST_INTERVAL_80_ONLY_VISUAL_CLEANUP/stage07_v2_forecast_interval_80_only_visual_cleanup_launch.csv","stage07_v2_forecast_interval_80_only_visual_cleanup_launch.csv","csv","557","0.000531","EVIDENCE_ARTIFACT","shiny_mvp","NONE","TRUE","FALSE","FALSE","Historical validation report log backup script or other non-runtime evidence"
"V6/outputs/shiny_mvp/7_V2_FORECAST_INTERVAL_80_ONLY_VISUAL_CLEANUP/stage07_v2_forecast_interval_80_only_visual_cleanup_report.md","stage07_v2_forecast_interval_80_only_visual_cleanup_report.md","md","2874","0.002741","EVIDENCE_ARTIFACT","shiny_mvp","NONE","TRUE","FALSE","FALSE","Historical validation report log backup script or other non-runtime evidence"
"V6/outputs/shiny_mvp/7_V2_FORECAST_INTERVAL_80_ONLY_VISUAL_CLEANUP/stage07_v2_forecast_interval_80_only_visual_cleanup_validation.csv","stage07_v2_forecast_interval_80_only_visual_cleanup_validation.csv","csv","1204","0.001148","EVIDENCE_ARTIFACT","shiny_mvp","NONE","TRUE","FALSE","FALSE","Historical validation report log backup script or other non-runtime evidence"
"V6/outputs/shiny_mvp/7_V2_FORECAST_INTERVAL_ARTIFACT_ETAPA2B_V1/stage07_v2_forecast_interval_artifact_etapa2b_v1_calibration_table.csv","stage07_v2_forecast_interval_artifact_etapa2b_v1_calibration_table.csv","csv","15912","0.015175","EVIDENCE_ARTIFACT","shiny_mvp","NONE","TRUE","FALSE","FALSE","Historical validation report log backup script or other non-runtime evidence"
"V6/outputs/shiny_mvp/7_V2_FORECAST_INTERVAL_ARTIFACT_ETAPA2B_V1/stage07_v2_forecast_interval_artifact_etapa2b_v1_contract_summary.csv","stage07_v2_forecast_interval_artifact_etapa2b_v1_contract_summary.csv","csv","618","0.000589","CONTRACT_SPEC","shiny_mvp","NONE","FALSE","TRUE","FALSE","Defines scope behavior schema policy or plan; not runtime data"
"V6/outputs/shiny_mvp/7_V2_FORECAST_INTERVAL_ARTIFACT_ETAPA2B_V1/stage07_v2_forecast_interval_artifact_etapa2b_v1_coverage_report.csv","stage07_v2_forecast_interval_artifact_etapa2b_v1_coverage_report.csv","csv","7895","0.007529","EVIDENCE_ARTIFACT","shiny_mvp","NONE","TRUE","FALSE","FALSE","Historical validation report log backup script or other non-runtime evidence"
"V6/outputs/shiny_mvp/7_V2_FORECAST_INTERVAL_ARTIFACT_ETAPA2B_V1/stage07_v2_forecast_interval_artifact_etapa2b_v1_next_steps.csv","stage07_v2_forecast_interval_artifact_etapa2b_v1_next_steps.csv","csv","1223","0.001166","EVIDENCE_ARTIFACT","shiny_mvp","NONE","TRUE","FALSE","FALSE","Historical validation report log backup script or other non-runtime evidence"
"V6/outputs/shiny_mvp/7_V2_FORECAST_INTERVAL_ARTIFACT_ETAPA2B_V1/stage07_v2_forecast_interval_artifact_etapa2b_v1_report.md","stage07_v2_forecast_interval_artifact_etapa2b_v1_report.md","md","4619","0.004405","EVIDENCE_ARTIFACT","shiny_mvp","NONE","TRUE","FALSE","FALSE","Historical validation report log backup script or other non-runtime evidence"
"V6/outputs/shiny_mvp/7_V2_FORECAST_INTERVAL_ARTIFACT_ETAPA2B_V1/stage07_v2_forecast_interval_artifact_etapa2b_v1_sample_rows.csv","stage07_v2_forecast_interval_artifact_etapa2b_v1_sample_rows.csv","csv","2811","0.002681","EVIDENCE_ARTIFACT","shiny_mvp","NONE","TRUE","FALSE","FALSE","Historical validation report log backup script or other non-runtime evidence"
"V6/outputs/shiny_mvp/7_V2_FORECAST_INTERVAL_ARTIFACT_ETAPA2B_V1/stage07_v2_forecast_interval_artifact_etapa2b_v1_scale_mismatch_diagnostic.csv","stage07_v2_forecast_interval_artifact_etapa2b_v1_scale_mismatch_diagnostic.csv","csv","2354","0.002245","EVIDENCE_ARTIFACT","shiny_mvp","NONE","TRUE","FALSE","FALSE","Historical validation report log backup script or other non-runtime evidence"
"V6/outputs/shiny_mvp/7_V2_FORECAST_INTERVAL_ARTIFACT_ETAPA2B_V1/stage07_v2_forecast_interval_artifact_etapa2b_v1_unavailable_summary.csv","stage07_v2_forecast_interval_artifact_etapa2b_v1_unavailable_summary.csv","csv","52","5E-05","EVIDENCE_ARTIFACT","shiny_mvp","NONE","TRUE","FALSE","FALSE","Historical validation report log backup script or other non-runtime evidence"
"V6/outputs/shiny_mvp/7_V2_FORECAST_INTERVAL_ARTIFACT_ETAPA2B_V1/stage07_v2_forecast_interval_artifact_etapa2b_v1_validation.csv","stage07_v2_forecast_interval_artifact_etapa2b_v1_validation.csv","csv","2279","0.002173","EVIDENCE_ARTIFACT","shiny_mvp","NONE","TRUE","FALSE","FALSE","Historical validation report log backup script or other non-runtime evidence"
"V6/outputs/shiny_mvp/7_V2_FORECAST_INTERVAL_CONTRACT_DIAGNOSTIC/stage07_v2_forecast_interval_contract_diagnostic_report.md","stage07_v2_forecast_interval_contract_diagnostic_report.md","md","9703","0.009254","CONTRACT_SPEC","shiny_mvp","NONE","FALSE","TRUE","FALSE","Defines scope behavior schema policy or plan; not runtime data"
"V6/outputs/shiny_mvp/7_V2_FORECAST_INTERVAL_CONTRACT_DIAGNOSTIC/stage07_v2_forecast_interval_contract_diagnostic_validation.csv","stage07_v2_forecast_interval_contract_diagnostic_validation.csv","csv","2835","0.002704","CONTRACT_SPEC","shiny_mvp","NONE","FALSE","TRUE","FALSE","Defines scope behavior schema policy or plan; not runtime data"
"V6/outputs/shiny_mvp/7_V2_FORECAST_INTERVAL_CONTRACT_DIAGNOSTIC/stage07_v2_forecast_interval_current_contract.csv","stage07_v2_forecast_interval_current_contract.csv","csv","1506","0.001436","CONTRACT_SPEC","shiny_mvp","NONE","FALSE","TRUE","FALSE","Defines scope behavior schema policy or plan; not runtime data"
"V6/outputs/shiny_mvp/7_V2_FORECAST_INTERVAL_CONTRACT_DIAGNOSTIC/stage07_v2_forecast_interval_lineage_files.csv","stage07_v2_forecast_interval_lineage_files.csv","csv","3004","0.002865","EVIDENCE_ARTIFACT","shiny_mvp","NONE","TRUE","FALSE","FALSE","Historical validation report log backup script or other non-runtime evidence"
"V6/outputs/shiny_mvp/7_V2_FORECAST_INTERVAL_CONTRACT_DIAGNOSTIC/stage07_v2_forecast_interval_open_decisions.csv","stage07_v2_forecast_interval_open_decisions.csv","csv","2239","0.002135","CONTRACT_SPEC","shiny_mvp","NONE","FALSE","TRUE","FALSE","Defines scope behavior schema policy or plan; not runtime data"
"V6/outputs/shiny_mvp/7_V2_FORECAST_INTERVAL_CONTRACT_DIAGNOSTIC/stage07_v2_forecast_interval_recommended_contract.csv","stage07_v2_forecast_interval_recommended_contract.csv","csv","1829","0.001744","CONTRACT_SPEC","shiny_mvp","NONE","FALSE","TRUE","FALSE","Defines scope behavior schema policy or plan; not runtime data"
"V6/outputs/shiny_mvp/7_V2_FORECAST_INTERVAL_CONTRACT_DIAGNOSTIC/stage07_v2_forecast_interval_required_changes.csv","stage07_v2_forecast_interval_required_changes.csv","csv","2999","0.00286","EVIDENCE_ARTIFACT","shiny_mvp","NONE","TRUE","FALSE","FALSE","Historical validation report log backup script or other non-runtime evidence"
"V6/outputs/shiny_mvp/7_V2_FORECAST_INTERVAL_EXTENSION_60D/diagnostic_findings.csv","diagnostic_findings.csv","csv","1125","0.001073","EVIDENCE_ARTIFACT","shiny_mvp","NONE","TRUE","FALSE","FALSE","Historical validation report log backup script or other non-runtime evidence"
"V6/outputs/shiny_mvp/7_V2_FORECAST_INTERVAL_EXTENSION_60D/diagnostic_report.md","diagnostic_report.md","md","3973","0.003789","EVIDENCE_ARTIFACT","shiny_mvp","NONE","TRUE","FALSE","FALSE","Historical validation report log backup script or other non-runtime evidence"
"V6/outputs/shiny_mvp/7_V2_FORECAST_INTERVAL_GOVERNED_SPEC_ETAPA1_5/stage07_v2_forecast_interval_fallback_hierarchy.csv","stage07_v2_forecast_interval_fallback_hierarchy.csv","csv","1239","0.001182","EVIDENCE_ARTIFACT","shiny_mvp","NONE","TRUE","FALSE","FALSE","Historical validation report log backup script or other non-runtime evidence"
"V6/outputs/shiny_mvp/7_V2_FORECAST_INTERVAL_GOVERNED_SPEC_ETAPA1_5/stage07_v2_forecast_interval_future_file_changes.csv","stage07_v2_forecast_interval_future_file_changes.csv","csv","1391","0.001327","EVIDENCE_ARTIFACT","shiny_mvp","NONE","TRUE","FALSE","FALSE","Historical validation report log backup script or other non-runtime evidence"
"V6/outputs/shiny_mvp/7_V2_FORECAST_INTERVAL_GOVERNED_SPEC_ETAPA1_5/stage07_v2_forecast_interval_governed_spec_etapa1_5_report.md","stage07_v2_forecast_interval_governed_spec_etapa1_5_report.md","md","5412","0.005161","CONTRACT_SPEC","shiny_mvp","NONE","FALSE","TRUE","FALSE","Defines scope behavior schema policy or plan; not runtime data"
"V6/outputs/shiny_mvp/7_V2_FORECAST_INTERVAL_GOVERNED_SPEC_ETAPA1_5/stage07_v2_forecast_interval_governed_spec_etapa1_5_validation.csv","stage07_v2_forecast_interval_governed_spec_etapa1_5_validation.csv","csv","2384","0.002274","CONTRACT_SPEC","shiny_mvp","NONE","FALSE","TRUE","FALSE","Defines scope behavior schema policy or plan; not runtime data"
"V6/outputs/shiny_mvp/7_V2_FORECAST_INTERVAL_GOVERNED_SPEC_ETAPA1_5/stage07_v2_forecast_interval_method_decisions.csv","stage07_v2_forecast_interval_method_decisions.csv","csv","2420","0.002308","CONTRACT_SPEC","shiny_mvp","NONE","FALSE","TRUE","FALSE","Defines scope behavior schema policy or plan; not runtime data"
"V6/outputs/shiny_mvp/7_V2_FORECAST_INTERVAL_GOVERNED_SPEC_ETAPA1_5/stage07_v2_forecast_interval_model_mapping_diagnostic.csv","stage07_v2_forecast_interval_model_mapping_diagnostic.csv","csv","2098","0.002001","EVIDENCE_ARTIFACT","shiny_mvp","NONE","TRUE","FALSE","FALSE","Historical validation report log backup script or other non-runtime evidence"
"V6/outputs/shiny_mvp/7_V2_FORECAST_INTERVAL_GOVERNED_SPEC_ETAPA1_5/stage07_v2_forecast_interval_open_questions_for_oscar.csv","stage07_v2_forecast_interval_open_questions_for_oscar.csv","csv","1661","0.001584","EVIDENCE_ARTIFACT","shiny_mvp","NONE","TRUE","FALSE","FALSE","Historical validation report log backup script or other non-runtime evidence"
"V6/outputs/shiny_mvp/7_V2_FORECAST_INTERVAL_GOVERNED_SPEC_ETAPA1_5/stage07_v2_forecast_interval_recommended_contract.csv","stage07_v2_forecast_interval_recommended_contract.csv","csv","1694","0.001616","CONTRACT_SPEC","shiny_mvp","NONE","FALSE","TRUE","FALSE","Defines scope behavior schema policy or plan; not runtime data"
"V6/outputs/shiny_mvp/7_V2_FORECAST_INTERVAL_GOVERNED_SPEC_ETAPA1_5/stage07_v2_forecast_interval_validation_rules.csv","stage07_v2_forecast_interval_validation_rules.csv","csv","1319","0.001258","EVIDENCE_ARTIFACT","shiny_mvp","NONE","TRUE","FALSE","FALSE","Historical validation report log backup script or other non-runtime evidence"
"V6/outputs/shiny_mvp/7_V2_FORECAST_INTERVAL_RELATIVE_ARTIFACT_ETAPA2B_V1_1B/stage07_v2_forecast_interval_relative_apc_dedicated_sample.csv","stage07_v2_forecast_interval_relative_apc_dedicated_sample.csv","csv","3942","0.003759","EVIDENCE_ARTIFACT","shiny_mvp","NONE","TRUE","FALSE","FALSE","Historical validation report log backup script or other non-runtime evidence"
"V6/outputs/shiny_mvp/7_V2_FORECAST_INTERVAL_RELATIVE_ARTIFACT_ETAPA2B_V1_1B/stage07_v2_forecast_interval_relative_artifact_contract_summary.csv","stage07_v2_forecast_interval_relative_artifact_contract_summary.csv","csv","451","0.00043","CONTRACT_SPEC","shiny_mvp","NONE","FALSE","TRUE","FALSE","Defines scope behavior schema policy or plan; not runtime data"
"V6/outputs/shiny_mvp/7_V2_FORECAST_INTERVAL_RELATIVE_ARTIFACT_ETAPA2B_V1_1B/stage07_v2_forecast_interval_relative_artifact_etapa2b_v1_1b_report.md","stage07_v2_forecast_interval_relative_artifact_etapa2b_v1_1b_report.md","md","5012","0.00478","EVIDENCE_ARTIFACT","shiny_mvp","NONE","TRUE","FALSE","FALSE","Historical validation report log backup script or other non-runtime evidence"
"V6/outputs/shiny_mvp/7_V2_FORECAST_INTERVAL_RELATIVE_ARTIFACT_ETAPA2B_V1_1B/stage07_v2_forecast_interval_relative_artifact_etapa2b_v1_1b_validation.csv","stage07_v2_forecast_interval_relative_artifact_etapa2b_v1_1b_validation.csv","csv","2344","0.002235","EVIDENCE_ARTIFACT","shiny_mvp","NONE","TRUE","FALSE","FALSE","Historical validation report log backup script or other non-runtime evidence"
"V6/outputs/shiny_mvp/7_V2_FORECAST_INTERVAL_RELATIVE_ARTIFACT_ETAPA2B_V1_1B/stage07_v2_forecast_interval_relative_band_width_diagnostic.csv","stage07_v2_forecast_interval_relative_band_width_diagnostic.csv","csv","266","0.000254","EVIDENCE_ARTIFACT","shiny_mvp","NONE","TRUE","FALSE","FALSE","Historical validation report log backup script or other non-runtime evidence"
"V6/outputs/shiny_mvp/7_V2_FORECAST_INTERVAL_RELATIVE_ARTIFACT_ETAPA2B_V1_1B/stage07_v2_forecast_interval_relative_calibration_table.csv","stage07_v2_forecast_interval_relative_calibration_table.csv","csv","9805","0.009351","EVIDENCE_ARTIFACT","shiny_mvp","NONE","TRUE","FALSE","FALSE","Historical validation report log backup script or other non-runtime evidence"
"V6/outputs/shiny_mvp/7_V2_FORECAST_INTERVAL_RELATIVE_ARTIFACT_ETAPA2B_V1_1B/stage07_v2_forecast_interval_relative_holdout_coverage_report.csv","stage07_v2_forecast_interval_relative_holdout_coverage_report.csv","csv","248","0.000237","EVIDENCE_ARTIFACT","shiny_mvp","NONE","TRUE","FALSE","FALSE","Historical validation report log backup script or other non-runtime evidence"
"V6/outputs/shiny_mvp/7_V2_FORECAST_INTERVAL_RELATIVE_ARTIFACT_ETAPA2B_V1_1B/stage07_v2_forecast_interval_relative_next_steps.csv","stage07_v2_forecast_interval_relative_next_steps.csv","csv","1762","0.00168","EVIDENCE_ARTIFACT","shiny_mvp","NONE","TRUE","FALSE","FALSE","Historical validation report log backup script or other non-runtime evidence"
"V6/outputs/shiny_mvp/7_V2_FORECAST_INTERVAL_RELATIVE_ARTIFACT_ETAPA2B_V1_1B/stage07_v2_forecast_interval_relative_top_widest_rows.csv","stage07_v2_forecast_interval_relative_top_widest_rows.csv","csv","2611","0.00249","EVIDENCE_ARTIFACT","shiny_mvp","NONE","TRUE","FALSE","FALSE","Historical validation report log backup script or other non-runtime evidence"
"V6/outputs/shiny_mvp/7_V2_FORECAST_INTERVAL_RELATIVE_ARTIFACT_ETAPA2B_V1_1B/stage07_v2_forecast_interval_relative_unavailable_summary.csv","stage07_v2_forecast_interval_relative_unavailable_summary.csv","csv","73","7E-05","EVIDENCE_ARTIFACT","shiny_mvp","NONE","TRUE","FALSE","FALSE","Historical validation report log backup script or other non-runtime evidence"
"V6/outputs/shiny_mvp/7_V2_FORECAST_INTERVAL_SCALE_RECONCILIATION_ETAPA2B_V1_1A/stage07_v2_forecast_interval_apc_dedicated_case_study.csv","stage07_v2_forecast_interval_apc_dedicated_case_study.csv","csv","669","0.000638","EVIDENCE_ARTIFACT","shiny_mvp","NONE","TRUE","FALSE","FALSE","Historical validation report log backup script or other non-runtime evidence"
"V6/outputs/shiny_mvp/7_V2_FORECAST_INTERVAL_SCALE_RECONCILIATION_ETAPA2B_V1_1A/stage07_v2_forecast_interval_key_overlap.csv","stage07_v2_forecast_interval_key_overlap.csv","csv","1607","0.001533","EVIDENCE_ARTIFACT","shiny_mvp","NONE","TRUE","FALSE","FALSE","Historical validation report log backup script or other non-runtime evidence"
"V6/outputs/shiny_mvp/7_V2_FORECAST_INTERVAL_SCALE_RECONCILIATION_ETAPA2B_V1_1A/stage07_v2_forecast_interval_next_steps.csv","stage07_v2_forecast_interval_next_steps.csv","csv","1765","0.001683","EVIDENCE_ARTIFACT","shiny_mvp","NONE","TRUE","FALSE","FALSE","Historical validation report log backup script or other non-runtime evidence"
"V6/outputs/shiny_mvp/7_V2_FORECAST_INTERVAL_SCALE_RECONCILIATION_ETAPA2B_V1_1A/stage07_v2_forecast_interval_relative_residual_readiness.csv","stage07_v2_forecast_interval_relative_residual_readiness.csv","csv","2854","0.002722","EVIDENCE_ARTIFACT","shiny_mvp","NONE","TRUE","FALSE","FALSE","Historical validation report log backup script or other non-runtime evidence"
"V6/outputs/shiny_mvp/7_V2_FORECAST_INTERVAL_SCALE_RECONCILIATION_ETAPA2B_V1_1A/stage07_v2_forecast_interval_scale_by_key.csv","stage07_v2_forecast_interval_scale_by_key.csv","csv","22987","0.021922","EVIDENCE_ARTIFACT","shiny_mvp","NONE","TRUE","FALSE","FALSE","Historical validation report log backup script or other non-runtime evidence"
"V6/outputs/shiny_mvp/7_V2_FORECAST_INTERVAL_SCALE_RECONCILIATION_ETAPA2B_V1_1A/stage07_v2_forecast_interval_scale_mismatch_flags.csv","stage07_v2_forecast_interval_scale_mismatch_flags.csv","csv","3393","0.003236","EVIDENCE_ARTIFACT","shiny_mvp","NONE","TRUE","FALSE","FALSE","Historical validation report log backup script or other non-runtime evidence"
"V6/outputs/shiny_mvp/7_V2_FORECAST_INTERVAL_SCALE_RECONCILIATION_ETAPA2B_V1_1A/stage07_v2_forecast_interval_scale_ratio_diagnostic.csv","stage07_v2_forecast_interval_scale_ratio_diagnostic.csv","csv","4001","0.003816","EVIDENCE_ARTIFACT","shiny_mvp","NONE","TRUE","FALSE","FALSE","Historical validation report log backup script or other non-runtime evidence"
"V6/outputs/shiny_mvp/7_V2_FORECAST_INTERVAL_SCALE_RECONCILIATION_ETAPA2B_V1_1A/stage07_v2_forecast_interval_scale_reconciliation_report.md","stage07_v2_forecast_interval_scale_reconciliation_report.md","md","4542","0.004332","EVIDENCE_ARTIFACT","shiny_mvp","NONE","TRUE","FALSE","FALSE","Historical validation report log backup script or other non-runtime evidence"
"V6/outputs/shiny_mvp/7_V2_FORECAST_INTERVAL_SCALE_RECONCILIATION_ETAPA2B_V1_1A/stage07_v2_forecast_interval_scale_reconciliation_validation.csv","stage07_v2_forecast_interval_scale_reconciliation_validation.csv","csv","898","0.000856","EVIDENCE_ARTIFACT","shiny_mvp","NONE","TRUE","FALSE","FALSE","Historical validation report log backup script or other non-runtime evidence"
"V6/outputs/shiny_mvp/7_V2_FORECAST_INTERVAL_SHINY_VISUALIZATION_ETAPA3/logs/etapa3_intervals_stderr.log","etapa3_intervals_stderr.log","log","1307","0.001246","EVIDENCE_ARTIFACT","shiny_mvp","NONE","TRUE","FALSE","FALSE","Historical validation report log backup script or other non-runtime evidence"
"V6/outputs/shiny_mvp/7_V2_FORECAST_INTERVAL_SHINY_VISUALIZATION_ETAPA3/logs/etapa3_intervals_stdout.log","etapa3_intervals_stdout.log","log","0","0","EVIDENCE_ARTIFACT","shiny_mvp","NONE","TRUE","FALSE","FALSE","Historical validation report log backup script or other non-runtime evidence"
"V6/outputs/shiny_mvp/7_V2_FORECAST_INTERVAL_SHINY_VISUALIZATION_ETAPA3/stage07_v2_forecast_interval_shiny_visualization_etapa3_launch.csv","stage07_v2_forecast_interval_shiny_visualization_etapa3_launch.csv","csv","965","0.00092","EVIDENCE_ARTIFACT","shiny_mvp","NONE","TRUE","FALSE","FALSE","Historical validation report log backup script or other non-runtime evidence"
"V6/outputs/shiny_mvp/7_V2_FORECAST_INTERVAL_SHINY_VISUALIZATION_ETAPA3/stage07_v2_forecast_interval_shiny_visualization_etapa3_report.md","stage07_v2_forecast_interval_shiny_visualization_etapa3_report.md","md","9862","0.009405","EVIDENCE_ARTIFACT","shiny_mvp","NONE","TRUE","FALSE","FALSE","Historical validation report log backup script or other non-runtime evidence"
"V6/outputs/shiny_mvp/7_V2_FORECAST_INTERVAL_SHINY_VISUALIZATION_ETAPA3/stage07_v2_forecast_interval_shiny_visualization_etapa3_validation.csv","stage07_v2_forecast_interval_shiny_visualization_etapa3_validation.csv","csv","3630","0.003462","EVIDENCE_ARTIFACT","shiny_mvp","NONE","TRUE","FALSE","FALSE","Historical validation report log backup script or other non-runtime evidence"
"V6/outputs/shiny_mvp/7_V2_FORECAST_INTERVAL_SHINY_VISUALIZATION_ETAPA3/stage07_v2_forecast_interval_shiny_visualization_etapa3_visual_checks.csv","stage07_v2_forecast_interval_shiny_visualization_etapa3_visual_checks.csv","csv","2171","0.00207","EVIDENCE_ARTIFACT","shiny_mvp","NONE","TRUE","FALSE","FALSE","Historical validation report log backup script or other non-runtime evidence"
"V6/outputs/shiny_mvp/7_V2_FORECAST_INTERVAL_SQL_VERIFICATION_ETAPA1/stage07_v2_forecast_interval_sql_coverage_by_valuetype.csv","stage07_v2_forecast_interval_sql_coverage_by_valuetype.csv","csv","184","0.000175","EVIDENCE_ARTIFACT","shiny_mvp","NONE","TRUE","FALSE","FALSE","Historical validation report log backup script or other non-runtime evidence"
"V6/outputs/shiny_mvp/7_V2_FORECAST_INTERVAL_SQL_VERIFICATION_ETAPA1/stage07_v2_forecast_interval_sql_manual_queries.sql","stage07_v2_forecast_interval_sql_manual_queries.sql","sql","3234","0.003084","EVIDENCE_ARTIFACT","shiny_mvp","NONE","TRUE","FALSE","FALSE","Historical validation report log backup script or other non-runtime evidence"
"V6/outputs/shiny_mvp/7_V2_FORECAST_INTERVAL_SQL_VERIFICATION_ETAPA1/stage07_v2_forecast_interval_sql_next_steps.csv","stage07_v2_forecast_interval_sql_next_steps.csv","csv","1256","0.001198","EVIDENCE_ARTIFACT","shiny_mvp","NONE","TRUE","FALSE","FALSE","Historical validation report log backup script or other non-runtime evidence"
"V6/outputs/shiny_mvp/7_V2_FORECAST_INTERVAL_SQL_VERIFICATION_ETAPA1/stage07_v2_forecast_interval_sql_sample_non_mean_rows.csv","stage07_v2_forecast_interval_sql_sample_non_mean_rows.csv","csv","213","0.000203","EVIDENCE_ARTIFACT","shiny_mvp","NONE","TRUE","FALSE","FALSE","Historical validation report log backup script or other non-runtime evidence"
"V6/outputs/shiny_mvp/7_V2_FORECAST_INTERVAL_SQL_VERIFICATION_ETAPA1/stage07_v2_forecast_interval_sql_value_type_counts.csv","stage07_v2_forecast_interval_sql_value_type_counts.csv","csv","120","0.000114","EVIDENCE_ARTIFACT","shiny_mvp","NONE","TRUE","FALSE","FALSE","Historical validation report log backup script or other non-runtime evidence"
"V6/outputs/shiny_mvp/7_V2_FORECAST_INTERVAL_SQL_VERIFICATION_ETAPA1/stage07_v2_forecast_interval_sql_verification_etapa1_report.md","stage07_v2_forecast_interval_sql_verification_etapa1_report.md","md","3980","0.003796","EVIDENCE_ARTIFACT","shiny_mvp","NONE","TRUE","FALSE","FALSE","Historical validation report log backup script or other non-runtime evidence"
"V6/outputs/shiny_mvp/7_V2_FORECAST_INTERVAL_SQL_VERIFICATION_ETAPA1/stage07_v2_forecast_interval_sql_verification_etapa1_validation.csv","stage07_v2_forecast_interval_sql_verification_etapa1_validation.csv","csv","2482","0.002367","EVIDENCE_ARTIFACT","shiny_mvp","NONE","TRUE","FALSE","FALSE","Historical validation report log backup script or other non-runtime evidence"
"V6/outputs/shiny_mvp/7_V2_FORECAST_INTERVAL_SQL_VERIFICATION_ETAPA1B_VPN_RETRY/stage07_v2_forecast_interval_sql_coverage_by_valuetype.csv","stage07_v2_forecast_interval_sql_coverage_by_valuetype.csv","csv","129","0.000123","EVIDENCE_ARTIFACT","shiny_mvp","NONE","TRUE","FALSE","FALSE","Historical validation report log backup script or other non-runtime evidence"
"V6/outputs/shiny_mvp/7_V2_FORECAST_INTERVAL_SQL_VERIFICATION_ETAPA1B_VPN_RETRY/stage07_v2_forecast_interval_sql_latest_forecast_version_by_valuetype.csv","stage07_v2_forecast_interval_sql_latest_forecast_version_by_valuetype.csv","csv","111","0.000106","EVIDENCE_ARTIFACT","shiny_mvp","NONE","TRUE","FALSE","FALSE","Historical validation report log backup script or other non-runtime evidence"
"V6/outputs/shiny_mvp/7_V2_FORECAST_INTERVAL_SQL_VERIFICATION_ETAPA1B_VPN_RETRY/stage07_v2_forecast_interval_sql_next_steps.csv","stage07_v2_forecast_interval_sql_next_steps.csv","csv","1463","0.001395","EVIDENCE_ARTIFACT","shiny_mvp","NONE","TRUE","FALSE","FALSE","Historical validation report log backup script or other non-runtime evidence"
"V6/outputs/shiny_mvp/7_V2_FORECAST_INTERVAL_SQL_VERIFICATION_ETAPA1B_VPN_RETRY/stage07_v2_forecast_interval_sql_resource_by_valuetype.csv","stage07_v2_forecast_interval_sql_resource_by_valuetype.csv","csv","57","5.4E-05","EVIDENCE_ARTIFACT","shiny_mvp","NONE","TRUE","FALSE","FALSE","Historical validation report log backup script or other non-runtime evidence"
"V6/outputs/shiny_mvp/7_V2_FORECAST_INTERVAL_SQL_VERIFICATION_ETAPA1B_VPN_RETRY/stage07_v2_forecast_interval_sql_sample_non_mean_rows.csv","stage07_v2_forecast_interval_sql_sample_non_mean_rows.csv","csv","102","9.7E-05","EVIDENCE_ARTIFACT","shiny_mvp","NONE","TRUE","FALSE","FALSE","Historical validation report log backup script or other non-runtime evidence"
"V6/outputs/shiny_mvp/7_V2_FORECAST_INTERVAL_SQL_VERIFICATION_ETAPA1B_VPN_RETRY/stage07_v2_forecast_interval_sql_value_type_counts.csv","stage07_v2_forecast_interval_sql_value_type_counts.csv","csv","36","3.4E-05","EVIDENCE_ARTIFACT","shiny_mvp","NONE","TRUE","FALSE","FALSE","Historical validation report log backup script or other non-runtime evidence"
"V6/outputs/shiny_mvp/7_V2_FORECAST_INTERVAL_SQL_VERIFICATION_ETAPA1B_VPN_RETRY/stage07_v2_forecast_interval_sql_verification_etapa1b_report.md","stage07_v2_forecast_interval_sql_verification_etapa1b_report.md","md","3712","0.00354","EVIDENCE_ARTIFACT","shiny_mvp","NONE","TRUE","FALSE","FALSE","Historical validation report log backup script or other non-runtime evidence"
"V6/outputs/shiny_mvp/7_V2_FORECAST_INTERVAL_SQL_VERIFICATION_ETAPA1B_VPN_RETRY/stage07_v2_forecast_interval_sql_verification_etapa1b_validation.csv","stage07_v2_forecast_interval_sql_verification_etapa1b_validation.csv","csv","2104","0.002007","EVIDENCE_ARTIFACT","shiny_mvp","NONE","TRUE","FALSE","FALSE","Historical validation report log backup script or other non-runtime evidence"
"V6/outputs/shiny_mvp/7_V2_FORECAST_PAGE_LAYOUT_CLEANUP/logs/forecast_layout_stderr.log","forecast_layout_stderr.log","log","2341","0.002233","EVIDENCE_ARTIFACT","shiny_mvp","NONE","TRUE","FALSE","FALSE","Historical validation report log backup script or other non-runtime evidence"
"V6/outputs/shiny_mvp/7_V2_FORECAST_PAGE_LAYOUT_CLEANUP/logs/forecast_layout_stdout.log","forecast_layout_stdout.log","log","0","0","EVIDENCE_ARTIFACT","shiny_mvp","NONE","TRUE","FALSE","FALSE","Historical validation report log backup script or other non-runtime evidence"
"V6/outputs/shiny_mvp/7_V2_FORECAST_PAGE_LAYOUT_CLEANUP/logs/forecast_review_stderr.log","forecast_review_stderr.log","log","1579","0.001506","EVIDENCE_ARTIFACT","shiny_mvp","NONE","TRUE","FALSE","FALSE","Historical validation report log backup script or other non-runtime evidence"
"V6/outputs/shiny_mvp/7_V2_FORECAST_PAGE_LAYOUT_CLEANUP/logs/forecast_review_stdout.log","forecast_review_stdout.log","log","0","0","EVIDENCE_ARTIFACT","shiny_mvp","NONE","TRUE","FALSE","FALSE","Historical validation report log backup script or other non-runtime evidence"
"V6/outputs/shiny_mvp/7_V2_FORECAST_PAGE_LAYOUT_CLEANUP/stage07_v2_forecast_page_layout_cleanup_launch.csv","stage07_v2_forecast_page_layout_cleanup_launch.csv","csv","461","0.00044","EVIDENCE_ARTIFACT","shiny_mvp","NONE","TRUE","FALSE","FALSE","Historical validation report log backup script or other non-runtime evidence"
"V6/outputs/shiny_mvp/7_V2_FORECAST_PAGE_LAYOUT_CLEANUP/stage07_v2_forecast_page_layout_cleanup_report.md","stage07_v2_forecast_page_layout_cleanup_report.md","md","5153","0.004914","EVIDENCE_ARTIFACT","shiny_mvp","NONE","TRUE","FALSE","FALSE","Historical validation report log backup script or other non-runtime evidence"
"V6/outputs/shiny_mvp/7_V2_FORECAST_PAGE_LAYOUT_CLEANUP/stage07_v2_forecast_page_layout_cleanup_validation.csv","stage07_v2_forecast_page_layout_cleanup_validation.csv","csv","2419","0.002307","EVIDENCE_ARTIFACT","shiny_mvp","NONE","TRUE","FALSE","FALSE","Historical validation report log backup script or other non-runtime evidence"
"V6/outputs/shiny_mvp/7_V2_FORECAST_VIEWER_EXPLORATORY_LAYOUT_CLEANUP/logs/viewer_exploratory_stderr.log","viewer_exploratory_stderr.log","log","926","0.000883","EVIDENCE_ARTIFACT","shiny_mvp","NONE","TRUE","FALSE","FALSE","Historical validation report log backup script or other non-runtime evidence"
"V6/outputs/shiny_mvp/7_V2_FORECAST_VIEWER_EXPLORATORY_LAYOUT_CLEANUP/logs/viewer_exploratory_stdout.log","viewer_exploratory_stdout.log","log","0","0","EVIDENCE_ARTIFACT","shiny_mvp","NONE","TRUE","FALSE","FALSE","Historical validation report log backup script or other non-runtime evidence"
"V6/outputs/shiny_mvp/7_V2_FORECAST_VIEWER_EXPLORATORY_LAYOUT_CLEANUP/stage07_v2_forecast_viewer_exploratory_layout_cleanup_launch.csv","stage07_v2_forecast_viewer_exploratory_layout_cleanup_launch.csv","csv","851","0.000812","EVIDENCE_ARTIFACT","shiny_mvp","NONE","TRUE","FALSE","FALSE","Historical validation report log backup script or other non-runtime evidence"
"V6/outputs/shiny_mvp/7_V2_FORECAST_VIEWER_EXPLORATORY_LAYOUT_CLEANUP/stage07_v2_forecast_viewer_exploratory_layout_cleanup_report.md","stage07_v2_forecast_viewer_exploratory_layout_cleanup_report.md","md","7044","0.006718","EVIDENCE_ARTIFACT","shiny_mvp","NONE","TRUE","FALSE","FALSE","Historical validation report log backup script or other non-runtime evidence"
"V6/outputs/shiny_mvp/7_V2_FORECAST_VIEWER_EXPLORATORY_LAYOUT_CLEANUP/stage07_v2_forecast_viewer_exploratory_layout_cleanup_sources.csv","stage07_v2_forecast_viewer_exploratory_layout_cleanup_sources.csv","csv","702","0.000669","EVIDENCE_ARTIFACT","shiny_mvp","NONE","TRUE","FALSE","FALSE","Historical validation report log backup script or other non-runtime evidence"
"V6/outputs/shiny_mvp/7_V2_FORECAST_VIEWER_EXPLORATORY_LAYOUT_CLEANUP/stage07_v2_forecast_viewer_exploratory_layout_cleanup_validation.csv","stage07_v2_forecast_viewer_exploratory_layout_cleanup_validation.csv","csv","2141","0.002042","EVIDENCE_ARTIFACT","shiny_mvp","NONE","TRUE","FALSE","FALSE","Historical validation report log backup script or other non-runtime evidence"
"V6/outputs/shiny_mvp/7_V2_FORECAST_VIEWER_FINAL_LAYOUT_REFINEMENT/logs/viewer_final_refinement_stderr.log","viewer_final_refinement_stderr.log","log","1307","0.001246","EVIDENCE_ARTIFACT","shiny_mvp","NONE","TRUE","FALSE","FALSE","Historical validation report log backup script or other non-runtime evidence"
"V6/outputs/shiny_mvp/7_V2_FORECAST_VIEWER_FINAL_LAYOUT_REFINEMENT/logs/viewer_final_refinement_stdout.log","viewer_final_refinement_stdout.log","log","0","0","EVIDENCE_ARTIFACT","shiny_mvp","NONE","TRUE","FALSE","FALSE","Historical validation report log backup script or other non-runtime evidence"
"V6/outputs/shiny_mvp/7_V2_FORECAST_VIEWER_FINAL_LAYOUT_REFINEMENT/stage07_v2_forecast_viewer_final_layout_refinement_launch.csv","stage07_v2_forecast_viewer_final_layout_refinement_launch.csv","csv","770","0.000734","EVIDENCE_ARTIFACT","shiny_mvp","NONE","TRUE","FALSE","FALSE","Historical validation report log backup script or other non-runtime evidence"
"V6/outputs/shiny_mvp/7_V2_FORECAST_VIEWER_FINAL_LAYOUT_REFINEMENT/stage07_v2_forecast_viewer_final_layout_refinement_report.md","stage07_v2_forecast_viewer_final_layout_refinement_report.md","md","4513","0.004304","EVIDENCE_ARTIFACT","shiny_mvp","NONE","TRUE","FALSE","FALSE","Historical validation report log backup script or other non-runtime evidence"
"V6/outputs/shiny_mvp/7_V2_FORECAST_VIEWER_FINAL_LAYOUT_REFINEMENT/stage07_v2_forecast_viewer_final_layout_refinement_validation.csv","stage07_v2_forecast_viewer_final_layout_refinement_validation.csv","csv","2370","0.00226","EVIDENCE_ARTIFACT","shiny_mvp","NONE","TRUE","FALSE","FALSE","Historical validation report log backup script or other non-runtime evidence"
"V6/outputs/shiny_mvp/7_V2_FORECAST_VIEWER_LAYOUT_CORRECTION/logs/viewer_layout_correction_stderr.log","viewer_layout_correction_stderr.log","log","1960","0.001869","EVIDENCE_ARTIFACT","shiny_mvp","NONE","TRUE","FALSE","FALSE","Historical validation report log backup script or other non-runtime evidence"
"V6/outputs/shiny_mvp/7_V2_FORECAST_VIEWER_LAYOUT_CORRECTION/logs/viewer_layout_correction_stdout.log","viewer_layout_correction_stdout.log","log","0","0","EVIDENCE_ARTIFACT","shiny_mvp","NONE","TRUE","FALSE","FALSE","Historical validation report log backup script or other non-runtime evidence"
"V6/outputs/shiny_mvp/7_V2_FORECAST_VIEWER_LAYOUT_CORRECTION/stage07_v2_forecast_viewer_layout_correction_launch.csv","stage07_v2_forecast_viewer_layout_correction_launch.csv","csv","787","0.000751","EVIDENCE_ARTIFACT","shiny_mvp","NONE","TRUE","FALSE","FALSE","Historical validation report log backup script or other non-runtime evidence"
"V6/outputs/shiny_mvp/7_V2_FORECAST_VIEWER_LAYOUT_CORRECTION/stage07_v2_forecast_viewer_layout_correction_report.md","stage07_v2_forecast_viewer_layout_correction_report.md","md","3147","0.003001","EVIDENCE_ARTIFACT","shiny_mvp","NONE","TRUE","FALSE","FALSE","Historical validation report log backup script or other non-runtime evidence"
"V6/outputs/shiny_mvp/7_V2_FORECAST_VIEWER_LAYOUT_CORRECTION/stage07_v2_forecast_viewer_layout_correction_validation.csv","stage07_v2_forecast_viewer_layout_correction_validation.csv","csv","2262","0.002157","EVIDENCE_ARTIFACT","shiny_mvp","NONE","TRUE","FALSE","FALSE","Historical validation report log backup script or other non-runtime evidence"
"V6/outputs/shiny_mvp/7_V2_FORECAST_WINDOW_OPTIONS/logs/fcst_window_opts_stderr.log","fcst_window_opts_stderr.log","log","1688","0.00161","EVIDENCE_ARTIFACT","shiny_mvp","NONE","TRUE","FALSE","FALSE","Historical validation report log backup script or other non-runtime evidence"
"V6/outputs/shiny_mvp/7_V2_FORECAST_WINDOW_OPTIONS/logs/fcst_window_opts_stdout.log","fcst_window_opts_stdout.log","log","0","0","EVIDENCE_ARTIFACT","shiny_mvp","NONE","TRUE","FALSE","FALSE","Historical validation report log backup script or other non-runtime evidence"
"V6/outputs/shiny_mvp/7_V2_FORECASTING_ACCURACY_LAYOUT_CLEANUP_ROUND1/logs/accuracy_round1_stderr.log","accuracy_round1_stderr.log","log","1688","0.00161","EVIDENCE_ARTIFACT","shiny_mvp","NONE","TRUE","FALSE","FALSE","Historical validation report log backup script or other non-runtime evidence"
"V6/outputs/shiny_mvp/7_V2_FORECASTING_ACCURACY_LAYOUT_CLEANUP_ROUND1/logs/accuracy_round1_stdout.log","accuracy_round1_stdout.log","log","0","0","EVIDENCE_ARTIFACT","shiny_mvp","NONE","TRUE","FALSE","FALSE","Historical validation report log backup script or other non-runtime evidence"
"V6/outputs/shiny_mvp/7_V2_FORECASTING_ACCURACY_LAYOUT_CLEANUP_ROUND1/stage07_v2_forecasting_accuracy_layout_cleanup_round1_launch.csv","stage07_v2_forecasting_accuracy_layout_cleanup_round1_launch.csv","csv","758","0.000723","EVIDENCE_ARTIFACT","shiny_mvp","NONE","TRUE","FALSE","FALSE","Historical validation report log backup script or other non-runtime evidence"
"V6/outputs/shiny_mvp/7_V2_FORECASTING_ACCURACY_LAYOUT_CLEANUP_ROUND1/stage07_v2_forecasting_accuracy_layout_cleanup_round1_report.md","stage07_v2_forecasting_accuracy_layout_cleanup_round1_report.md","md","2990","0.002851","EVIDENCE_ARTIFACT","shiny_mvp","NONE","TRUE","FALSE","FALSE","Historical validation report log backup script or other non-runtime evidence"
"V6/outputs/shiny_mvp/7_V2_FORECASTING_ACCURACY_LAYOUT_CLEANUP_ROUND1/stage07_v2_forecasting_accuracy_layout_cleanup_round1_validation.csv","stage07_v2_forecasting_accuracy_layout_cleanup_round1_validation.csv","csv","2830","0.002699","EVIDENCE_ARTIFACT","shiny_mvp","NONE","TRUE","FALSE","FALSE","Historical validation report log backup script or other non-runtime evidence"
"V6/outputs/shiny_mvp/7_V2_FORECASTING_ACCURACY_LAYOUT_CLEANUP_ROUND2/logs/accuracy_round2_stderr.log","accuracy_round2_stderr.log","log","1307","0.001246","EVIDENCE_ARTIFACT","shiny_mvp","NONE","TRUE","FALSE","FALSE","Historical validation report log backup script or other non-runtime evidence"
"V6/outputs/shiny_mvp/7_V2_FORECASTING_ACCURACY_LAYOUT_CLEANUP_ROUND2/logs/accuracy_round2_stdout.log","accuracy_round2_stdout.log","log","0","0","EVIDENCE_ARTIFACT","shiny_mvp","NONE","TRUE","FALSE","FALSE","Historical validation report log backup script or other non-runtime evidence"
"V6/outputs/shiny_mvp/7_V2_FORECASTING_ACCURACY_LAYOUT_CLEANUP_ROUND3/logs/accuracy_round3_stderr.log","accuracy_round3_stderr.log","log","1960","0.001869","EVIDENCE_ARTIFACT","shiny_mvp","NONE","TRUE","FALSE","FALSE","Historical validation report log backup script or other non-runtime evidence"
"V6/outputs/shiny_mvp/7_V2_FORECASTING_ACCURACY_LAYOUT_CLEANUP_ROUND3/logs/accuracy_round3_stdout.log","accuracy_round3_stdout.log","log","0","0","EVIDENCE_ARTIFACT","shiny_mvp","NONE","TRUE","FALSE","FALSE","Historical validation report log backup script or other non-runtime evidence"
"V6/outputs/shiny_mvp/7_V2_FORECASTING_ACCURACY_LAYOUT_CLEANUP_ROUND3/stage07_v2_forecasting_accuracy_reorder_refresh_validation.csv","stage07_v2_forecasting_accuracy_reorder_refresh_validation.csv","csv","1676","0.001598","EVIDENCE_ARTIFACT","shiny_mvp","NONE","TRUE","FALSE","FALSE","Historical validation report log backup script or other non-runtime evidence"
"V6/outputs/shiny_mvp/7_V2_GOVERNANCE_AUDIT_LAYOUT_CLEANUP/logs/stage07_v2_governance_audit_layout_cleanup_stderr.log","stage07_v2_governance_audit_layout_cleanup_stderr.log","log","1307","0.001246","EVIDENCE_ARTIFACT","shiny_mvp","NONE","TRUE","FALSE","FALSE","Historical validation report log backup script or other non-runtime evidence"
"V6/outputs/shiny_mvp/7_V2_GOVERNANCE_AUDIT_LAYOUT_CLEANUP/logs/stage07_v2_governance_audit_layout_cleanup_stdout.log","stage07_v2_governance_audit_layout_cleanup_stdout.log","log","0","0","EVIDENCE_ARTIFACT","shiny_mvp","NONE","TRUE","FALSE","FALSE","Historical validation report log backup script or other non-runtime evidence"
"V6/outputs/shiny_mvp/7_V2_GOVERNANCE_AUDIT_LAYOUT_CLEANUP/stage07_v2_governance_audit_layout_cleanup_launch.csv","stage07_v2_governance_audit_layout_cleanup_launch.csv","csv","624","0.000595","EVIDENCE_ARTIFACT","shiny_mvp","NONE","TRUE","FALSE","FALSE","Historical validation report log backup script or other non-runtime evidence"
"V6/outputs/shiny_mvp/7_V2_GOVERNANCE_AUDIT_LAYOUT_CLEANUP/stage07_v2_governance_audit_layout_cleanup_report.md","stage07_v2_governance_audit_layout_cleanup_report.md","md","7717","0.00736","EVIDENCE_ARTIFACT","shiny_mvp","NONE","TRUE","FALSE","FALSE","Historical validation report log backup script or other non-runtime evidence"
"V6/outputs/shiny_mvp/7_V2_GOVERNANCE_AUDIT_LAYOUT_CLEANUP/stage07_v2_governance_audit_layout_cleanup_validation.csv","stage07_v2_governance_audit_layout_cleanup_validation.csv","csv","2542","0.002424","EVIDENCE_ARTIFACT","shiny_mvp","NONE","TRUE","FALSE","FALSE","Historical validation report log backup script or other non-runtime evidence"
"V6/outputs/shiny_mvp/7_V2_GOVERNANCE_AUDIT_LAYOUT_CLEANUP/stage07_v2_governance_audit_layout_cleanup_visual_checks.csv","stage07_v2_governance_audit_layout_cleanup_visual_checks.csv","csv","1115","0.001063","EVIDENCE_ARTIFACT","shiny_mvp","NONE","TRUE","FALSE","FALSE","Historical validation report log backup script or other non-runtime evidence"
"V6/outputs/shiny_mvp/7_V2_GOVERNANCE_RISK_REGISTER_LAYOUT_CLEANUP/logs/stage07_v2_governance_risk_register_layout_cleanup_stderr.log","stage07_v2_governance_risk_register_layout_cleanup_stderr.log","log","1307","0.001246","EVIDENCE_ARTIFACT","shiny_mvp","NONE","TRUE","FALSE","FALSE","Historical validation report log backup script or other non-runtime evidence"
"V6/outputs/shiny_mvp/7_V2_GOVERNANCE_RISK_REGISTER_LAYOUT_CLEANUP/logs/stage07_v2_governance_risk_register_layout_cleanup_stdout.log","stage07_v2_governance_risk_register_layout_cleanup_stdout.log","log","0","0","EVIDENCE_ARTIFACT","shiny_mvp","NONE","TRUE","FALSE","FALSE","Historical validation report log backup script or other non-runtime evidence"
"V6/outputs/shiny_mvp/7_V2_GOVERNANCE_RISK_REGISTER_LAYOUT_CLEANUP/stage07_v2_governance_risk_register_layout_cleanup_launch.csv","stage07_v2_governance_risk_register_layout_cleanup_launch.csv","csv","666","0.000635","EVIDENCE_ARTIFACT","shiny_mvp","NONE","TRUE","FALSE","FALSE","Historical validation report log backup script or other non-runtime evidence"
"V6/outputs/shiny_mvp/7_V2_GOVERNANCE_RISK_REGISTER_LAYOUT_CLEANUP/stage07_v2_governance_risk_register_layout_cleanup_report.md","stage07_v2_governance_risk_register_layout_cleanup_report.md","md","6823","0.006507","EVIDENCE_ARTIFACT","shiny_mvp","NONE","TRUE","FALSE","FALSE","Historical validation report log backup script or other non-runtime evidence"
"V6/outputs/shiny_mvp/7_V2_GOVERNANCE_RISK_REGISTER_LAYOUT_CLEANUP/stage07_v2_governance_risk_register_layout_cleanup_validation.csv","stage07_v2_governance_risk_register_layout_cleanup_validation.csv","csv","2505","0.002389","EVIDENCE_ARTIFACT","shiny_mvp","NONE","TRUE","FALSE","FALSE","Historical validation report log backup script or other non-runtime evidence"
"V6/outputs/shiny_mvp/7_V2_GOVERNANCE_RISK_REGISTER_LAYOUT_CLEANUP/stage07_v2_governance_risk_register_layout_cleanup_visual_checks.csv","stage07_v2_governance_risk_register_layout_cleanup_visual_checks.csv","csv","1060","0.001011","EVIDENCE_ARTIFACT","shiny_mvp","NONE","TRUE","FALSE","FALSE","Historical validation report log backup script or other non-runtime evidence"
"V6/outputs/shiny_mvp/7_V2_MODEL_LAB_60D_80_INTERVAL_RECALIBRATION/stage07_v2_model_lab_60d_recal_artifact_contract_summary.csv","stage07_v2_model_lab_60d_recal_artifact_contract_summary.csv","csv","673","0.000642","CONTRACT_SPEC","shiny_mvp","NONE","FALSE","TRUE","FALSE","Defines scope behavior schema policy or plan; not runtime data"
"V6/outputs/shiny_mvp/7_V2_MODEL_LAB_60D_80_INTERVAL_RECALIBRATION/stage07_v2_model_lab_60d_recal_band_width_by_bucket.csv","stage07_v2_model_lab_60d_recal_band_width_by_bucket.csv","csv","177","0.000169","EVIDENCE_ARTIFACT","shiny_mvp","NONE","TRUE","FALSE","FALSE","Historical validation report log backup script or other non-runtime evidence"
"V6/outputs/shiny_mvp/7_V2_MODEL_LAB_60D_80_INTERVAL_RECALIBRATION/stage07_v2_model_lab_60d_recal_band_width_diagnostic.csv","stage07_v2_model_lab_60d_recal_band_width_diagnostic.csv","csv","310","0.000296","EVIDENCE_ARTIFACT","shiny_mvp","NONE","TRUE","FALSE","FALSE","Historical validation report log backup script or other non-runtime evidence"
"V6/outputs/shiny_mvp/7_V2_MODEL_LAB_60D_80_INTERVAL_RECALIBRATION/stage07_v2_model_lab_60d_recal_fallback_summary.csv","stage07_v2_model_lab_60d_recal_fallback_summary.csv","csv","1438","0.001371","EVIDENCE_ARTIFACT","shiny_mvp","NONE","TRUE","FALSE","FALSE","Historical validation report log backup script or other non-runtime evidence"
"V6/outputs/shiny_mvp/7_V2_MODEL_LAB_60D_80_INTERVAL_RECALIBRATION/stage07_v2_model_lab_60d_recal_global_inflation_search.csv","stage07_v2_model_lab_60d_recal_global_inflation_search.csv","csv","1136","0.001083","EVIDENCE_ARTIFACT","shiny_mvp","NONE","TRUE","FALSE","FALSE","Historical validation report log backup script or other non-runtime evidence"
"V6/outputs/shiny_mvp/7_V2_MODEL_LAB_60D_80_INTERVAL_RECALIBRATION/stage07_v2_model_lab_60d_recal_holdout_coverage_report.csv","stage07_v2_model_lab_60d_recal_holdout_coverage_report.csv","csv","196","0.000187","EVIDENCE_ARTIFACT","shiny_mvp","NONE","TRUE","FALSE","FALSE","Historical validation report log backup script or other non-runtime evidence"
"V6/outputs/shiny_mvp/7_V2_MODEL_LAB_60D_80_INTERVAL_RECALIBRATION/stage07_v2_model_lab_60d_recal_method_comparison.csv","stage07_v2_model_lab_60d_recal_method_comparison.csv","csv","448","0.000427","EVIDENCE_ARTIFACT","shiny_mvp","NONE","TRUE","FALSE","FALSE","Historical validation report log backup script or other non-runtime evidence"
"V6/outputs/shiny_mvp/7_V2_MODEL_LAB_60D_80_INTERVAL_RECALIBRATION/stage07_v2_model_lab_60d_recal_outlier_widest_rows.csv","stage07_v2_model_lab_60d_recal_outlier_widest_rows.csv","csv","3121","0.002976","EVIDENCE_ARTIFACT","shiny_mvp","NONE","TRUE","FALSE","FALSE","Historical validation report log backup script or other non-runtime evidence"
"V6/outputs/shiny_mvp/7_V2_MODEL_LAB_60D_80_INTERVAL_RECALIBRATION/stage07_v2_model_lab_60d_recal_per_bucket_factors.csv","stage07_v2_model_lab_60d_recal_per_bucket_factors.csv","csv","153","0.000146","EVIDENCE_ARTIFACT","shiny_mvp","NONE","TRUE","FALSE","FALSE","Historical validation report log backup script or other non-runtime evidence"
"V6/outputs/shiny_mvp/7_V2_MODEL_LAB_60D_80_INTERVAL_RECALIBRATION/stage07_v2_model_lab_60d_recal_quantile_widening_search.csv","stage07_v2_model_lab_60d_recal_quantile_widening_search.csv","csv","599","0.000571","EVIDENCE_ARTIFACT","shiny_mvp","NONE","TRUE","FALSE","FALSE","Historical validation report log backup script or other non-runtime evidence"
"V6/outputs/shiny_mvp/7_V2_MODEL_LAB_60D_80_INTERVAL_RECALIBRATION/stage07_v2_model_lab_60d_recal_unavailable_summary.csv","stage07_v2_model_lab_60d_recal_unavailable_summary.csv","csv","73","7E-05","EVIDENCE_ARTIFACT","shiny_mvp","NONE","TRUE","FALSE","FALSE","Historical validation report log backup script or other non-runtime evidence"
"V6/outputs/shiny_mvp/7_V2_MODEL_LAB_60D_80_INTERVAL_RECALIBRATION/stage07_v2_model_lab_60d_recal_vs_current_artifact.csv","stage07_v2_model_lab_60d_recal_vs_current_artifact.csv","csv","249","0.000237","EVIDENCE_ARTIFACT","shiny_mvp","NONE","TRUE","FALSE","FALSE","Historical validation report log backup script or other non-runtime evidence"
"V6/outputs/shiny_mvp/7_V2_MODEL_LAB_60D_BACKTEST_EXTENSION/report.md","report.md","md","6868","0.00655","EVIDENCE_ARTIFACT","shiny_mvp","NONE","TRUE","FALSE","FALSE","Historical validation report log backup script or other non-runtime evidence"
"V6/outputs/shiny_mvp/7_V2_MODEL_LAB_60D_BACKTEST_EXTENSION/stage07_v2_model_lab_60d_artifact_contract_summary.csv","stage07_v2_model_lab_60d_artifact_contract_summary.csv","csv","483","0.000461","CONTRACT_SPEC","shiny_mvp","NONE","FALSE","TRUE","FALSE","Defines scope behavior schema policy or plan; not runtime data"
"V6/outputs/shiny_mvp/7_V2_MODEL_LAB_60D_BACKTEST_EXTENSION/stage07_v2_model_lab_60d_band_width_by_bucket.csv","stage07_v2_model_lab_60d_band_width_by_bucket.csv","csv","176","0.000168","EVIDENCE_ARTIFACT","shiny_mvp","NONE","TRUE","FALSE","FALSE","Historical validation report log backup script or other non-runtime evidence"
"V6/outputs/shiny_mvp/7_V2_MODEL_LAB_60D_BACKTEST_EXTENSION/stage07_v2_model_lab_60d_band_width_diagnostic.csv","stage07_v2_model_lab_60d_band_width_diagnostic.csv","csv","291","0.000278","EVIDENCE_ARTIFACT","shiny_mvp","NONE","TRUE","FALSE","FALSE","Historical validation report log backup script or other non-runtime evidence"
"V6/outputs/shiny_mvp/7_V2_MODEL_LAB_60D_BACKTEST_EXTENSION/stage07_v2_model_lab_60d_calibration_table.csv","stage07_v2_model_lab_60d_calibration_table.csv","csv","13371","0.012752","EVIDENCE_ARTIFACT","shiny_mvp","NONE","TRUE","FALSE","FALSE","Historical validation report log backup script or other non-runtime evidence"
"V6/outputs/shiny_mvp/7_V2_MODEL_LAB_60D_BACKTEST_EXTENSION/stage07_v2_model_lab_60d_fallback_summary.csv","stage07_v2_model_lab_60d_fallback_summary.csv","csv","1582","0.001509","EVIDENCE_ARTIFACT","shiny_mvp","NONE","TRUE","FALSE","FALSE","Historical validation report log backup script or other non-runtime evidence"
"V6/outputs/shiny_mvp/7_V2_MODEL_LAB_60D_BACKTEST_EXTENSION/stage07_v2_model_lab_60d_holdout_coverage_report.csv","stage07_v2_model_lab_60d_holdout_coverage_report.csv","csv","195","0.000186","EVIDENCE_ARTIFACT","shiny_mvp","NONE","TRUE","FALSE","FALSE","Historical validation report log backup script or other non-runtime evidence"
"V6/outputs/shiny_mvp/7_V2_MODEL_LAB_60D_BACKTEST_EXTENSION/stage07_v2_model_lab_60d_outlier_widest_rows.csv","stage07_v2_model_lab_60d_outlier_widest_rows.csv","csv","3097","0.002954","EVIDENCE_ARTIFACT","shiny_mvp","NONE","TRUE","FALSE","FALSE","Historical validation report log backup script or other non-runtime evidence"
"V6/outputs/shiny_mvp/7_V2_MODEL_LAB_60D_BACKTEST_EXTENSION/stage07_v2_model_lab_60d_unavailable_summary.csv","stage07_v2_model_lab_60d_unavailable_summary.csv","csv","73","7E-05","EVIDENCE_ARTIFACT","shiny_mvp","NONE","TRUE","FALSE","FALSE","Historical validation report log backup script or other non-runtime evidence"
"V6/outputs/shiny_mvp/7_V2_MODELS_CHAMPION_SIMPLIFICATION_FOLLOWUP/logs/champion_simplification_stderr.log","champion_simplification_stderr.log","log","1688","0.00161","EVIDENCE_ARTIFACT","shiny_mvp","NONE","TRUE","FALSE","FALSE","Historical validation report log backup script or other non-runtime evidence"
"V6/outputs/shiny_mvp/7_V2_MODELS_CHAMPION_SIMPLIFICATION_FOLLOWUP/logs/champion_simplification_stdout.log","champion_simplification_stdout.log","log","0","0","EVIDENCE_ARTIFACT","shiny_mvp","NONE","TRUE","FALSE","FALSE","Historical validation report log backup script or other non-runtime evidence"
"V6/outputs/shiny_mvp/7_V2_MODELS_CHAMPION_SIMPLIFICATION_FOLLOWUP/stage07_v2_models_champion_simplification_followup_launch.csv","stage07_v2_models_champion_simplification_followup_launch.csv","csv","510","0.000486","EVIDENCE_ARTIFACT","shiny_mvp","NONE","TRUE","FALSE","FALSE","Historical validation report log backup script or other non-runtime evidence"
"V6/outputs/shiny_mvp/7_V2_MODELS_CHAMPION_SIMPLIFICATION_FOLLOWUP/stage07_v2_models_champion_simplification_followup_report.md","stage07_v2_models_champion_simplification_followup_report.md","md","3881","0.003701","EVIDENCE_ARTIFACT","shiny_mvp","NONE","TRUE","FALSE","FALSE","Historical validation report log backup script or other non-runtime evidence"
"V6/outputs/shiny_mvp/7_V2_MODELS_CHAMPION_SIMPLIFICATION_FOLLOWUP/stage07_v2_models_champion_simplification_followup_validation.csv","stage07_v2_models_champion_simplification_followup_validation.csv","csv","1441","0.001374","EVIDENCE_ARTIFACT","shiny_mvp","NONE","TRUE","FALSE","FALSE","Historical validation report log backup script or other non-runtime evidence"
"V6/outputs/shiny_mvp/7_V2_MODELS_TOURNAMENT_CLARITY_DIAGNOSTIC/stage07_v2_models_tournament_bracket_readiness.csv","stage07_v2_models_tournament_bracket_readiness.csv","csv","1685","0.001607","EVIDENCE_ARTIFACT","shiny_mvp","NONE","TRUE","FALSE","FALSE","Historical validation report log backup script or other non-runtime evidence"
"V6/outputs/shiny_mvp/7_V2_MODELS_TOURNAMENT_CLARITY_DIAGNOSTIC/stage07_v2_models_tournament_clarity_diagnostic_report.md","stage07_v2_models_tournament_clarity_diagnostic_report.md","md","12949","0.012349","EVIDENCE_ARTIFACT","shiny_mvp","NONE","TRUE","FALSE","FALSE","Historical validation report log backup script or other non-runtime evidence"
"V6/outputs/shiny_mvp/7_V2_MODELS_TOURNAMENT_CLARITY_DIAGNOSTIC/stage07_v2_models_tournament_clarity_diagnostic_validation.csv","stage07_v2_models_tournament_clarity_diagnostic_validation.csv","csv","2191","0.00209","EVIDENCE_ARTIFACT","shiny_mvp","NONE","TRUE","FALSE","FALSE","Historical validation report log backup script or other non-runtime evidence"
"V6/outputs/shiny_mvp/7_V2_MODELS_TOURNAMENT_CLARITY_DIAGNOSTIC/stage07_v2_models_tournament_current_sections.csv","stage07_v2_models_tournament_current_sections.csv","csv","1276","0.001217","EVIDENCE_ARTIFACT","shiny_mvp","NONE","TRUE","FALSE","FALSE","Historical validation report log backup script or other non-runtime evidence"
"V6/outputs/shiny_mvp/7_V2_MODELS_TOURNAMENT_CLARITY_DIAGNOSTIC/stage07_v2_models_tournament_metric_inventory.csv","stage07_v2_models_tournament_metric_inventory.csv","csv","3603","0.003436","EVIDENCE_ARTIFACT","shiny_mvp","NONE","TRUE","FALSE","FALSE","Historical validation report log backup script or other non-runtime evidence"
"V6/outputs/shiny_mvp/7_V2_MODELS_TOURNAMENT_CLARITY_DIAGNOSTIC/stage07_v2_models_tournament_recommended_structure.csv","stage07_v2_models_tournament_recommended_structure.csv","csv","1718","0.001638","EVIDENCE_ARTIFACT","shiny_mvp","NONE","TRUE","FALSE","FALSE","Historical validation report log backup script or other non-runtime evidence"
"V6/outputs/shiny_mvp/7_V2_MODELS_TOURNAMENT_EVIDENCE_TREE/logs/evidence_tree_stderr.log","evidence_tree_stderr.log","log","1307","0.001246","EVIDENCE_ARTIFACT","shiny_mvp","NONE","TRUE","FALSE","FALSE","Historical validation report log backup script or other non-runtime evidence"
"V6/outputs/shiny_mvp/7_V2_MODELS_TOURNAMENT_EVIDENCE_TREE/logs/evidence_tree_stdout.log","evidence_tree_stdout.log","log","0","0","EVIDENCE_ARTIFACT","shiny_mvp","NONE","TRUE","FALSE","FALSE","Historical validation report log backup script or other non-runtime evidence"
"V6/outputs/shiny_mvp/7_V2_MODELS_TOURNAMENT_LEAGUE_VIEW/logs/tournament_league_stderr.log","tournament_league_stderr.log","log","1307","0.001246","EVIDENCE_ARTIFACT","shiny_mvp","NONE","TRUE","FALSE","FALSE","Historical validation report log backup script or other non-runtime evidence"
"V6/outputs/shiny_mvp/7_V2_MODELS_TOURNAMENT_LEAGUE_VIEW/logs/tournament_league_stdout.log","tournament_league_stdout.log","log","0","0","EVIDENCE_ARTIFACT","shiny_mvp","NONE","TRUE","FALSE","FALSE","Historical validation report log backup script or other non-runtime evidence"
"V6/outputs/shiny_mvp/7_V2_MODELS_TOURNAMENT_OUTCOME/logs/tournament_outcome_stderr.log","tournament_outcome_stderr.log","log","1307","0.001246","EVIDENCE_ARTIFACT","shiny_mvp","NONE","TRUE","FALSE","FALSE","Historical validation report log backup script or other non-runtime evidence"
"V6/outputs/shiny_mvp/7_V2_MODELS_TOURNAMENT_OUTCOME/logs/tournament_outcome_stdout.log","tournament_outcome_stdout.log","log","0","0","EVIDENCE_ARTIFACT","shiny_mvp","NONE","TRUE","FALSE","FALSE","Historical validation report log backup script or other non-runtime evidence"
"V6/outputs/shiny_mvp/7_V2_MODELS_TOURNAMENT_VISUAL_SIMPLIFICATION_FOLLOWUP/logs/tournament_visual_stderr.log","tournament_visual_stderr.log","log","1307","0.001246","EVIDENCE_ARTIFACT","shiny_mvp","NONE","TRUE","FALSE","FALSE","Historical validation report log backup script or other non-runtime evidence"
"V6/outputs/shiny_mvp/7_V2_MODELS_TOURNAMENT_VISUAL_SIMPLIFICATION_FOLLOWUP/logs/tournament_visual_stdout.log","tournament_visual_stdout.log","log","0","0","EVIDENCE_ARTIFACT","shiny_mvp","NONE","TRUE","FALSE","FALSE","Historical validation report log backup script or other non-runtime evidence"
"V6/outputs/shiny_mvp/7_V2_MODELS_TOURNAMENT_VISUAL_SIMPLIFICATION_FOLLOWUP/stage07_v2_models_tournament_visual_simplification_followup_launch.csv","stage07_v2_models_tournament_visual_simplification_followup_launch.csv","csv","414","0.000395","EVIDENCE_ARTIFACT","shiny_mvp","NONE","TRUE","FALSE","FALSE","Historical validation report log backup script or other non-runtime evidence"
"V6/outputs/shiny_mvp/7_V2_MODELS_TOURNAMENT_VISUAL_SIMPLIFICATION_FOLLOWUP/stage07_v2_models_tournament_visual_simplification_followup_report.md","stage07_v2_models_tournament_visual_simplification_followup_report.md","md","4038","0.003851","EVIDENCE_ARTIFACT","shiny_mvp","NONE","TRUE","FALSE","FALSE","Historical validation report log backup script or other non-runtime evidence"
"V6/outputs/shiny_mvp/7_V2_MODELS_TOURNAMENT_VISUAL_SIMPLIFICATION_FOLLOWUP/stage07_v2_models_tournament_visual_simplification_followup_validation.csv","stage07_v2_models_tournament_visual_simplification_followup_validation.csv","csv","1175","0.001121","EVIDENCE_ARTIFACT","shiny_mvp","NONE","TRUE","FALSE","FALSE","Historical validation report log backup script or other non-runtime evidence"
"V6/outputs/shiny_mvp/7_V2_MODELS_UNIVERSE_CLEANUP_FOLLOWUP/logs/universe2_stderr.log","universe2_stderr.log","log","1307","0.001246","EVIDENCE_ARTIFACT","shiny_mvp","NONE","TRUE","FALSE","FALSE","Historical validation report log backup script or other non-runtime evidence"
"V6/outputs/shiny_mvp/7_V2_MODELS_UNIVERSE_CLEANUP_FOLLOWUP/logs/universe2_stdout.log","universe2_stdout.log","log","0","0","EVIDENCE_ARTIFACT","shiny_mvp","NONE","TRUE","FALSE","FALSE","Historical validation report log backup script or other non-runtime evidence"
"V6/outputs/shiny_mvp/7_V2_MODELS_UNIVERSE_CLEANUP_FOLLOWUP/logs/universe3_stderr.log","universe3_stderr.log","log","1307","0.001246","EVIDENCE_ARTIFACT","shiny_mvp","NONE","TRUE","FALSE","FALSE","Historical validation report log backup script or other non-runtime evidence"
"V6/outputs/shiny_mvp/7_V2_MODELS_UNIVERSE_CLEANUP_FOLLOWUP/logs/universe3_stdout.log","universe3_stdout.log","log","0","0","EVIDENCE_ARTIFACT","shiny_mvp","NONE","TRUE","FALSE","FALSE","Historical validation report log backup script or other non-runtime evidence"
"V6/outputs/shiny_mvp/7_V2_MODELS_UNIVERSE_CLEANUP_FOLLOWUP/stage07_v2_models_universe_cleanup_followup_launch.csv","stage07_v2_models_universe_cleanup_followup_launch.csv","csv","503","0.00048","EVIDENCE_ARTIFACT","shiny_mvp","NONE","TRUE","FALSE","FALSE","Historical validation report log backup script or other non-runtime evidence"
"V6/outputs/shiny_mvp/7_V2_MODELS_UNIVERSE_CLEANUP_FOLLOWUP/stage07_v2_models_universe_cleanup_followup_report.md","stage07_v2_models_universe_cleanup_followup_report.md","md","2433","0.00232","EVIDENCE_ARTIFACT","shiny_mvp","NONE","TRUE","FALSE","FALSE","Historical validation report log backup script or other non-runtime evidence"
"V6/outputs/shiny_mvp/7_V2_MODELS_UNIVERSE_CLEANUP_FOLLOWUP/stage07_v2_models_universe_cleanup_followup_validation.csv","stage07_v2_models_universe_cleanup_followup_validation.csv","csv","930","0.000887","EVIDENCE_ARTIFACT","shiny_mvp","NONE","TRUE","FALSE","FALSE","Historical validation report log backup script or other non-runtime evidence"
"V6/outputs/shiny_mvp/7_V2_MODELS_UNIVERSE_REDESIGN/logs/universe_stderr.log","universe_stderr.log","log","1307","0.001246","EVIDENCE_ARTIFACT","shiny_mvp","NONE","TRUE","FALSE","FALSE","Historical validation report log backup script or other non-runtime evidence"
"V6/outputs/shiny_mvp/7_V2_MODELS_UNIVERSE_REDESIGN/logs/universe_stdout.log","universe_stdout.log","log","0","0","EVIDENCE_ARTIFACT","shiny_mvp","NONE","TRUE","FALSE","FALSE","Historical validation report log backup script or other non-runtime evidence"
"V6/outputs/shiny_mvp/7_V2_NEUTRAL_LAUNCH_SCRIPT_CLEANUP/logs/neutral_cleanup_stderr.log","neutral_cleanup_stderr.log","log","926","0.000883","EVIDENCE_ARTIFACT","shiny_mvp","NONE","TRUE","FALSE","FALSE","Historical validation report log backup script or other non-runtime evidence"
"V6/outputs/shiny_mvp/7_V2_NEUTRAL_LAUNCH_SCRIPT_CLEANUP/logs/neutral_cleanup_stdout.log","neutral_cleanup_stdout.log","log","0","0","EVIDENCE_ARTIFACT","shiny_mvp","NONE","TRUE","FALSE","FALSE","Historical validation report log backup script or other non-runtime evidence"
"V6/outputs/shiny_mvp/7_V2_NEUTRAL_LAUNCH_SCRIPT_CLEANUP/stage07_v2_neutral_launch_script_cleanup_launch.csv","stage07_v2_neutral_launch_script_cleanup_launch.csv","csv","868","0.000828","EVIDENCE_ARTIFACT","shiny_mvp","NONE","TRUE","FALSE","FALSE","Historical validation report log backup script or other non-runtime evidence"
"V6/outputs/shiny_mvp/7_V2_NEUTRAL_LAUNCH_SCRIPT_CLEANUP/stage07_v2_neutral_launch_script_cleanup_references.csv","stage07_v2_neutral_launch_script_cleanup_references.csv","csv","2207","0.002105","EVIDENCE_ARTIFACT","shiny_mvp","NONE","TRUE","FALSE","FALSE","Historical validation report log backup script or other non-runtime evidence"
"V6/outputs/shiny_mvp/7_V2_NEUTRAL_LAUNCH_SCRIPT_CLEANUP/stage07_v2_neutral_launch_script_cleanup_report.md","stage07_v2_neutral_launch_script_cleanup_report.md","md","4442","0.004236","EVIDENCE_ARTIFACT","shiny_mvp","NONE","TRUE","FALSE","FALSE","Historical validation report log backup script or other non-runtime evidence"
"V6/outputs/shiny_mvp/7_V2_NEUTRAL_LAUNCH_SCRIPT_CLEANUP/stage07_v2_neutral_launch_script_cleanup_validation.csv","stage07_v2_neutral_launch_script_cleanup_validation.csv","csv","2545","0.002427","EVIDENCE_ARTIFACT","shiny_mvp","NONE","TRUE","FALSE","FALSE","Historical validation report log backup script or other non-runtime evidence"
"V6/outputs/shiny_mvp/7_V2_REFERENCE_PAGES_LAYOUT_CLEANUP/logs/stage07_v2_reference_pages_layout_cleanup_stderr.log","stage07_v2_reference_pages_layout_cleanup_stderr.log","log","1688","0.00161","EVIDENCE_ARTIFACT","shiny_mvp","NONE","TRUE","FALSE","FALSE","Historical validation report log backup script or other non-runtime evidence"
"V6/outputs/shiny_mvp/7_V2_REFERENCE_PAGES_LAYOUT_CLEANUP/logs/stage07_v2_reference_pages_layout_cleanup_stdout.log","stage07_v2_reference_pages_layout_cleanup_stdout.log","log","0","0","EVIDENCE_ARTIFACT","shiny_mvp","NONE","TRUE","FALSE","FALSE","Historical validation report log backup script or other non-runtime evidence"
"V6/outputs/shiny_mvp/7_V2_REFERENCE_PAGES_LAYOUT_CLEANUP/stage07_v2_reference_pages_layout_cleanup_launch.csv","stage07_v2_reference_pages_layout_cleanup_launch.csv","csv","702","0.000669","EVIDENCE_ARTIFACT","shiny_mvp","NONE","TRUE","FALSE","FALSE","Historical validation report log backup script or other non-runtime evidence"
"V6/outputs/shiny_mvp/7_V2_REFERENCE_PAGES_LAYOUT_CLEANUP/stage07_v2_reference_pages_layout_cleanup_report.md","stage07_v2_reference_pages_layout_cleanup_report.md","md","7686","0.00733","EVIDENCE_ARTIFACT","shiny_mvp","NONE","TRUE","FALSE","FALSE","Historical validation report log backup script or other non-runtime evidence"
"V6/outputs/shiny_mvp/7_V2_REFERENCE_PAGES_LAYOUT_CLEANUP/stage07_v2_reference_pages_layout_cleanup_validation.csv","stage07_v2_reference_pages_layout_cleanup_validation.csv","csv","2625","0.002503","EVIDENCE_ARTIFACT","shiny_mvp","NONE","TRUE","FALSE","FALSE","Historical validation report log backup script or other non-runtime evidence"
"V6/outputs/shiny_mvp/7_V2_REFERENCE_PAGES_LAYOUT_CLEANUP/stage07_v2_reference_pages_layout_cleanup_visual_checks.csv","stage07_v2_reference_pages_layout_cleanup_visual_checks.csv","csv","2003","0.00191","EVIDENCE_ARTIFACT","shiny_mvp","NONE","TRUE","FALSE","FALSE","Historical validation report log backup script or other non-runtime evidence"
"V6/outputs/shiny_mvp/7_V2_TTL_CAPACITY_VIEW_LAYOUT_CLEANUP/logs/stage07_v2_ttl_capacity_view_layout_cleanup_stderr.log","stage07_v2_ttl_capacity_view_layout_cleanup_stderr.log","log","1579","0.001506","EVIDENCE_ARTIFACT","shiny_mvp","NONE","TRUE","FALSE","FALSE","Historical validation report log backup script or other non-runtime evidence"
"V6/outputs/shiny_mvp/7_V2_TTL_CAPACITY_VIEW_LAYOUT_CLEANUP/logs/stage07_v2_ttl_capacity_view_layout_cleanup_stdout.log","stage07_v2_ttl_capacity_view_layout_cleanup_stdout.log","log","0","0","EVIDENCE_ARTIFACT","shiny_mvp","NONE","TRUE","FALSE","FALSE","Historical validation report log backup script or other non-runtime evidence"
"V6/outputs/shiny_mvp/7_V2_TTL_CAPACITY_VIEW_LAYOUT_CLEANUP/stage07_v2_ttl_capacity_view_layout_cleanup_launch.csv","stage07_v2_ttl_capacity_view_layout_cleanup_launch.csv","csv","491","0.000468","EVIDENCE_ARTIFACT","shiny_mvp","NONE","TRUE","FALSE","FALSE","Historical validation report log backup script or other non-runtime evidence"
"V6/outputs/shiny_mvp/7_V2_TTL_CAPACITY_VIEW_LAYOUT_CLEANUP/stage07_v2_ttl_capacity_view_layout_cleanup_report.md","stage07_v2_ttl_capacity_view_layout_cleanup_report.md","md","2941","0.002805","EVIDENCE_ARTIFACT","shiny_mvp","NONE","TRUE","FALSE","FALSE","Historical validation report log backup script or other non-runtime evidence"
"V6/outputs/shiny_mvp/7_V2_TTL_CAPACITY_VIEW_LAYOUT_CLEANUP/stage07_v2_ttl_capacity_view_layout_cleanup_validation.csv","stage07_v2_ttl_capacity_view_layout_cleanup_validation.csv","csv","2263","0.002158","EVIDENCE_ARTIFACT","shiny_mvp","NONE","TRUE","FALSE","FALSE","Historical validation report log backup script or other non-runtime evidence"
"V6/outputs/shiny_mvp/7_V2_TTL_CAPACITY_VIEW_LAYOUT_CLEANUP/stage07_v2_ttl_capacity_view_layout_cleanup_visual_checks.csv","stage07_v2_ttl_capacity_view_layout_cleanup_visual_checks.csv","csv","1519","0.001449","EVIDENCE_ARTIFACT","shiny_mvp","NONE","TRUE","FALSE","FALSE","Historical validation report log backup script or other non-runtime evidence"
"V6/outputs/shiny_mvp/7_V2_WORKSPACE_SMOKE_TEST/stage07_v2_workspace_smoke_test_artifacts.csv","stage07_v2_workspace_smoke_test_artifacts.csv","csv","1046","0.000998","EVIDENCE_ARTIFACT","shiny_mvp","NONE","TRUE","FALSE","FALSE","Historical validation report log backup script or other non-runtime evidence"
"V6/outputs/shiny_mvp/7_V2_WORKSPACE_SMOKE_TEST/stage07_v2_workspace_smoke_test_files.csv","stage07_v2_workspace_smoke_test_files.csv","csv","527","0.000503","EVIDENCE_ARTIFACT","shiny_mvp","NONE","TRUE","FALSE","FALSE","Historical validation report log backup script or other non-runtime evidence"
"V6/outputs/shiny_mvp/7_V2_WORKSPACE_SMOKE_TEST/stage07_v2_workspace_smoke_test_launch.csv","stage07_v2_workspace_smoke_test_launch.csv","csv","1141","0.001088","EVIDENCE_ARTIFACT","shiny_mvp","NONE","TRUE","FALSE","FALSE","Historical validation report log backup script or other non-runtime evidence"
"V6/outputs/shiny_mvp/7_V2_WORKSPACE_SMOKE_TEST/stage07_v2_workspace_smoke_test_report.md","stage07_v2_workspace_smoke_test_report.md","md","5887","0.005614","EVIDENCE_ARTIFACT","shiny_mvp","NONE","TRUE","FALSE","FALSE","Historical validation report log backup script or other non-runtime evidence"
"V6/outputs/shiny_mvp/7_V2_WORKSPACE_SMOKE_TEST/stage07_v2_workspace_smoke_test_routes.csv","stage07_v2_workspace_smoke_test_routes.csv","csv","582","0.000555","EVIDENCE_ARTIFACT","shiny_mvp","NONE","TRUE","FALSE","FALSE","Historical validation report log backup script or other non-runtime evidence"
"V6/outputs/shiny_mvp/7_V2_WORKSPACE_SMOKE_TEST/stage07_v2_workspace_smoke_test_validation.csv","stage07_v2_workspace_smoke_test_validation.csv","csv","3395","0.003238","EVIDENCE_ARTIFACT","shiny_mvp","NONE","TRUE","FALSE","FALSE","Historical validation report log backup script or other non-runtime evidence"
"V6/outputs/shiny_mvp/8_V2_MODELS_TOURNAMENT_COLLAPSED/logs/tournament_collapsed_stderr.log","tournament_collapsed_stderr.log","log","1307","0.001246","EVIDENCE_ARTIFACT","shiny_mvp","NONE","TRUE","FALSE","FALSE","Historical validation report log backup script or other non-runtime evidence"
"V6/outputs/shiny_mvp/8_V2_MODELS_TOURNAMENT_COLLAPSED/logs/tournament_collapsed_stdout.log","tournament_collapsed_stdout.log","log","0","0","EVIDENCE_ARTIFACT","shiny_mvp","NONE","TRUE","FALSE","FALSE","Historical validation report log backup script or other non-runtime evidence"
"V6/outputs/shiny_mvp/9_V2_MODELS_CHAMPION_FRAMING/logs/champion_framing_stderr.log","champion_framing_stderr.log","log","2069","0.001973","EVIDENCE_ARTIFACT","shiny_mvp","NONE","TRUE","FALSE","FALSE","Historical validation report log backup script or other non-runtime evidence"
"V6/outputs/shiny_mvp/9_V2_MODELS_CHAMPION_FRAMING/logs/champion_framing_stdout.log","champion_framing_stdout.log","log","0","0","EVIDENCE_ARTIFACT","shiny_mvp","NONE","TRUE","FALSE","FALSE","Historical validation report log backup script or other non-runtime evidence"
"V6/outputs/shiny_mvp/artifacts_build/logs/artifacts_build_stderr.log","artifacts_build_stderr.log","log","926","0.000883","EVIDENCE_ARTIFACT","shiny_mvp","NONE","TRUE","FALSE","FALSE","Historical validation report log backup script or other non-runtime evidence"
"V6/outputs/shiny_mvp/artifacts_build/logs/artifacts_build_stdout.log","artifacts_build_stdout.log","log","0","0","EVIDENCE_ARTIFACT","shiny_mvp","NONE","TRUE","FALSE","FALSE","Historical validation report log backup script or other non-runtime evidence"
"V6/outputs/shiny_mvp/audit_build/logs/audit_build_stderr.log","audit_build_stderr.log","log","1307","0.001246","EVIDENCE_ARTIFACT","shiny_mvp","NONE","TRUE","FALSE","FALSE","Historical validation report log backup script or other non-runtime evidence"
"V6/outputs/shiny_mvp/audit_build/logs/audit_build_stdout.log","audit_build_stdout.log","log","0","0","EVIDENCE_ARTIFACT","shiny_mvp","NONE","TRUE","FALSE","FALSE","Historical validation report log backup script or other non-runtime evidence"
"V6/outputs/shiny_mvp/contact_menu_build/logs/contact_menu_stderr.log","contact_menu_stderr.log","log","1307","0.001246","EVIDENCE_ARTIFACT","shiny_mvp","NONE","TRUE","FALSE","FALSE","Historical validation report log backup script or other non-runtime evidence"
"V6/outputs/shiny_mvp/contact_menu_build/logs/contact_menu_stdout.log","contact_menu_stdout.log","log","0","0","EVIDENCE_ARTIFACT","shiny_mvp","NONE","TRUE","FALSE","FALSE","Historical validation report log backup script or other non-runtime evidence"
"V6/outputs/shiny_mvp/contact_menu_build/logs/contact_menu2_stderr.log","contact_menu2_stderr.log","log","926","0.000883","EVIDENCE_ARTIFACT","shiny_mvp","NONE","TRUE","FALSE","FALSE","Historical validation report log backup script or other non-runtime evidence"
"V6/outputs/shiny_mvp/contact_menu_build/logs/contact_menu2_stdout.log","contact_menu2_stdout.log","log","0","0","EVIDENCE_ARTIFACT","shiny_mvp","NONE","TRUE","FALSE","FALSE","Historical validation report log backup script or other non-runtime evidence"
"V6/outputs/shiny_mvp/gov_prune/logs/gov_prune_stderr.log","gov_prune_stderr.log","log","1307","0.001246","EVIDENCE_ARTIFACT","shiny_mvp","NONE","TRUE","FALSE","FALSE","Historical validation report log backup script or other non-runtime evidence"
"V6/outputs/shiny_mvp/gov_prune/logs/gov_prune_stdout.log","gov_prune_stdout.log","log","0","0","EVIDENCE_ARTIFACT","shiny_mvp","NONE","TRUE","FALSE","FALSE","Historical validation report log backup script or other non-runtime evidence"
"V6/outputs/shiny_mvp/home_collapse/logs/home_collapse_stderr.log","home_collapse_stderr.log","log","2069","0.001973","EVIDENCE_ARTIFACT","shiny_mvp","NONE","TRUE","FALSE","FALSE","Historical validation report log backup script or other non-runtime evidence"
"V6/outputs/shiny_mvp/home_collapse/logs/home_collapse_stdout.log","home_collapse_stdout.log","log","0","0","EVIDENCE_ARTIFACT","shiny_mvp","NONE","TRUE","FALSE","FALSE","Historical validation report log backup script or other non-runtime evidence"
"V6/outputs/shiny_mvp/home_fix/logs/home_fix_stderr.log","home_fix_stderr.log","log","1960","0.001869","EVIDENCE_ARTIFACT","shiny_mvp","NONE","TRUE","FALSE","FALSE","Historical validation report log backup script or other non-runtime evidence"
"V6/outputs/shiny_mvp/home_fix/logs/home_fix_stdout.log","home_fix_stdout.log","log","0","0","EVIDENCE_ARTIFACT","shiny_mvp","NONE","TRUE","FALSE","FALSE","Historical validation report log backup script or other non-runtime evidence"
"V6/outputs/shiny_mvp/home_text/logs/home_text_stderr.log","home_text_stderr.log","log","1688","0.00161","EVIDENCE_ARTIFACT","shiny_mvp","NONE","TRUE","FALSE","FALSE","Historical validation report log backup script or other non-runtime evidence"
"V6/outputs/shiny_mvp/home_text/logs/home_text_stdout.log","home_text_stdout.log","log","0","0","EVIDENCE_ARTIFACT","shiny_mvp","NONE","TRUE","FALSE","FALSE","Historical validation report log backup script or other non-runtime evidence"
"V6/outputs/shiny_mvp/lastupdate_build/logs/lastupdate_build_stderr.log","lastupdate_build_stderr.log","log","1688","0.00161","EVIDENCE_ARTIFACT","shiny_mvp","NONE","TRUE","FALSE","FALSE","Historical validation report log backup script or other non-runtime evidence"
"V6/outputs/shiny_mvp/lastupdate_build/logs/lastupdate_build_stdout.log","lastupdate_build_stdout.log","log","0","0","EVIDENCE_ARTIFACT","shiny_mvp","NONE","TRUE","FALSE","FALSE","Historical validation report log backup script or other non-runtime evidence"
"V6/outputs/shiny_mvp/launch_session/launch_session_stderr.log","launch_session_stderr.log","log","1688","0.00161","EVIDENCE_ARTIFACT","shiny_mvp","NONE","TRUE","FALSE","FALSE","Historical validation report log backup script or other non-runtime evidence"
"V6/outputs/shiny_mvp/launch_session/launch_session_stdout.log","launch_session_stdout.log","log","0","0","EVIDENCE_ARTIFACT","shiny_mvp","NONE","TRUE","FALSE","FALSE","Historical validation report log backup script or other non-runtime evidence"
"V6/outputs/shiny_mvp/logs/v4_manual_refresh_20260630_stderr.log","v4_manual_refresh_20260630_stderr.log","log","1410","0.001345","EVIDENCE_ARTIFACT","shiny_mvp","NONE","TRUE","FALSE","FALSE","Historical validation report log backup script or other non-runtime evidence"
"V6/outputs/shiny_mvp/logs/v4_manual_refresh_20260630_stdout.log","v4_manual_refresh_20260630_stdout.log","log","0","0","EVIDENCE_ARTIFACT","shiny_mvp","NONE","TRUE","FALSE","FALSE","Historical validation report log backup script or other non-runtime evidence"
"V6/outputs/shiny_mvp/logs/v4_overview_fix_20260630_stderr.log","v4_overview_fix_20260630_stderr.log","log","1029","0.000981","EVIDENCE_ARTIFACT","shiny_mvp","NONE","TRUE","FALSE","FALSE","Historical validation report log backup script or other non-runtime evidence"
"V6/outputs/shiny_mvp/logs/v4_overview_fix_20260630_stdout.log","v4_overview_fix_20260630_stdout.log","log","0","0","EVIDENCE_ARTIFACT","shiny_mvp","NONE","TRUE","FALSE","FALSE","Historical validation report log backup script or other non-runtime evidence"
"V6/outputs/shiny_mvp/logs/v4_overview_fix2_20260630_stderr.log","v4_overview_fix2_20260630_stderr.log","log","1029","0.000981","EVIDENCE_ARTIFACT","shiny_mvp","NONE","TRUE","FALSE","FALSE","Historical validation report log backup script or other non-runtime evidence"
"V6/outputs/shiny_mvp/logs/v4_overview_fix2_20260630_stdout.log","v4_overview_fix2_20260630_stdout.log","log","0","0","EVIDENCE_ARTIFACT","shiny_mvp","NONE","TRUE","FALSE","FALSE","Historical validation report log backup script or other non-runtime evidence"
"V6/outputs/shiny_mvp/logs/v4_phase0_stderr.log","v4_phase0_stderr.log","log","2450","0.002337","EVIDENCE_ARTIFACT","shiny_mvp","NONE","TRUE","FALSE","FALSE","Historical validation report log backup script or other non-runtime evidence"
"V6/outputs/shiny_mvp/logs/v4_phase0_stdout.log","v4_phase0_stdout.log","log","0","0","EVIDENCE_ARTIFACT","shiny_mvp","NONE","TRUE","FALSE","FALSE","Historical validation report log backup script or other non-runtime evidence"
"V6/outputs/shiny_mvp/logs/v4_textfix_stderr.log","v4_textfix_stderr.log","log","1410","0.001345","EVIDENCE_ARTIFACT","shiny_mvp","NONE","TRUE","FALSE","FALSE","Historical validation report log backup script or other non-runtime evidence"
"V6/outputs/shiny_mvp/logs/v4_textfix_stdout.log","v4_textfix_stdout.log","log","0","0","EVIDENCE_ARTIFACT","shiny_mvp","NONE","TRUE","FALSE","FALSE","Historical validation report log backup script or other non-runtime evidence"
"V6/outputs/shiny_mvp/logs/v4_tournament_fix_20260630_stderr.log","v4_tournament_fix_20260630_stderr.log","log","1029","0.000981","EVIDENCE_ARTIFACT","shiny_mvp","NONE","TRUE","FALSE","FALSE","Historical validation report log backup script or other non-runtime evidence"
"V6/outputs/shiny_mvp/logs/v4_tournament_fix_20260630_stdout.log","v4_tournament_fix_20260630_stdout.log","log","0","0","EVIDENCE_ARTIFACT","shiny_mvp","NONE","TRUE","FALSE","FALSE","Historical validation report log backup script or other non-runtime evidence"
"V6/outputs/shiny_mvp/methodology_build/logs/methodology_build_stderr.log","methodology_build_stderr.log","log","2069","0.001973","EVIDENCE_ARTIFACT","shiny_mvp","NONE","TRUE","FALSE","FALSE","Historical validation report log backup script or other non-runtime evidence"
"V6/outputs/shiny_mvp/methodology_build/logs/methodology_build_stdout.log","methodology_build_stdout.log","log","0","0","EVIDENCE_ARTIFACT","shiny_mvp","NONE","TRUE","FALSE","FALSE","Historical validation report log backup script or other non-runtime evidence"
"V6/outputs/shiny_mvp/models_prune/logs/models_prune_stderr.log","models_prune_stderr.log","log","1307","0.001246","EVIDENCE_ARTIFACT","shiny_mvp","NONE","TRUE","FALSE","FALSE","Historical validation report log backup script or other non-runtime evidence"
"V6/outputs/shiny_mvp/models_prune/logs/models_prune_stdout.log","models_prune_stdout.log","log","0","0","EVIDENCE_ARTIFACT","shiny_mvp","NONE","TRUE","FALSE","FALSE","Historical validation report log backup script or other non-runtime evidence"
"V6/outputs/shiny_mvp/overview_sections/logs/overview_sections_stderr.log","overview_sections_stderr.log","log","2069","0.001973","EVIDENCE_ARTIFACT","shiny_mvp","NONE","TRUE","FALSE","FALSE","Historical validation report log backup script or other non-runtime evidence"
"V6/outputs/shiny_mvp/overview_sections/logs/overview_sections_stdout.log","overview_sections_stdout.log","log","0","0","EVIDENCE_ARTIFACT","shiny_mvp","NONE","TRUE","FALSE","FALSE","Historical validation report log backup script or other non-runtime evidence"
"V6/outputs/shiny_mvp/phase2/logs/ttl_phase2_stderr.log","ttl_phase2_stderr.log","log","2123","0.002025","EVIDENCE_ARTIFACT","shiny_mvp","NONE","TRUE","FALSE","FALSE","Historical validation report log backup script or other non-runtime evidence"
"V6/outputs/shiny_mvp/phase2/logs/ttl_phase2_stdout.log","ttl_phase2_stdout.log","log","0","0","EVIDENCE_ARTIFACT","shiny_mvp","NONE","TRUE","FALSE","FALSE","Historical validation report log backup script or other non-runtime evidence"
"V6/outputs/shiny_mvp/phase3/logs/ttl_phase3_stderr.log","ttl_phase3_stderr.log","log","2776","0.002647","EVIDENCE_ARTIFACT","shiny_mvp","NONE","TRUE","FALSE","FALSE","Historical validation report log backup script or other non-runtime evidence"
"V6/outputs/shiny_mvp/phase3/logs/ttl_phase3_stdout.log","ttl_phase3_stdout.log","log","0","0","EVIDENCE_ARTIFACT","shiny_mvp","NONE","TRUE","FALSE","FALSE","Historical validation report log backup script or other non-runtime evidence"
"V6/outputs/shiny_mvp/phase4/logs/ttl_phase4_stderr.log","ttl_phase4_stderr.log","log","2613","0.002492","EVIDENCE_ARTIFACT","shiny_mvp","NONE","TRUE","FALSE","FALSE","Historical validation report log backup script or other non-runtime evidence"
"V6/outputs/shiny_mvp/phase4/logs/ttl_phase4_stdout.log","ttl_phase4_stdout.log","log","0","0","EVIDENCE_ARTIFACT","shiny_mvp","NONE","TRUE","FALSE","FALSE","Historical validation report log backup script or other non-runtime evidence"
"V6/outputs/shiny_mvp/reorder_clean/logs/reorder_clean_stderr.log","reorder_clean_stderr.log","log","1307","0.001246","EVIDENCE_ARTIFACT","shiny_mvp","NONE","TRUE","FALSE","FALSE","Historical validation report log backup script or other non-runtime evidence"
"V6/outputs/shiny_mvp/reorder_clean/logs/reorder_clean_stdout.log","reorder_clean_stdout.log","log","0","0","EVIDENCE_ARTIFACT","shiny_mvp","NONE","TRUE","FALSE","FALSE","Historical validation report log backup script or other non-runtime evidence"
"V6/outputs/shiny_mvp/revert_build/logs/revert_stderr.log","revert_stderr.log","log","2069","0.001973","EVIDENCE_ARTIFACT","shiny_mvp","NONE","TRUE","FALSE","FALSE","Historical validation report log backup script or other non-runtime evidence"
"V6/outputs/shiny_mvp/revert_build/logs/revert_stdout.log","revert_stdout.log","log","0","0","EVIDENCE_ARTIFACT","shiny_mvp","NONE","TRUE","FALSE","FALSE","Historical validation report log backup script or other non-runtime evidence"
"V6/outputs/shiny_mvp/risk_build/logs/risk_build_stderr.log","risk_build_stderr.log","log","1307","0.001246","EVIDENCE_ARTIFACT","shiny_mvp","NONE","TRUE","FALSE","FALSE","Historical validation report log backup script or other non-runtime evidence"
"V6/outputs/shiny_mvp/risk_build/logs/risk_build_stdout.log","risk_build_stdout.log","log","0","0","EVIDENCE_ARTIFACT","shiny_mvp","NONE","TRUE","FALSE","FALSE","Historical validation report log backup script or other non-runtime evidence"
"V6/outputs/shiny_mvp/v2_init/logs/v2_init_stderr.log","v2_init_stderr.log","log","1688","0.00161","EVIDENCE_ARTIFACT","shiny_mvp","NONE","TRUE","FALSE","FALSE","Historical validation report log backup script or other non-runtime evidence"
"V6/outputs/shiny_mvp/v2_init/logs/v2_init_stdout.log","v2_init_stdout.log","log","0","0","EVIDENCE_ARTIFACT","shiny_mvp","NONE","TRUE","FALSE","FALSE","Historical validation report log backup script or other non-runtime evidence"
"V6/outputs/shiny_mvp/verify_launch/logs/verify_stderr.log","verify_stderr.log","log","1688","0.00161","EVIDENCE_ARTIFACT","shiny_mvp","NONE","TRUE","FALSE","FALSE","Historical validation report log backup script or other non-runtime evidence"
"V6/outputs/shiny_mvp/verify_launch/logs/verify_stdout.log","verify_stdout.log","log","0","0","EVIDENCE_ARTIFACT","shiny_mvp","NONE","TRUE","FALSE","FALSE","Historical validation report log backup script or other non-runtime evidence"
"V6/outputs/shiny_mvp/verify_line_healthy.png","verify_line_healthy.png","png","41835","0.039897","EVIDENCE_ARTIFACT","shiny_mvp","NONE","TRUE","FALSE","FALSE","Historical validation report log backup script or other non-runtime evidence"
"V6/outputs/shiny_mvp/verify_urgent.png","verify_urgent.png","png","39891","0.038043","EVIDENCE_ARTIFACT","shiny_mvp","NONE","TRUE","FALSE","FALSE","Historical validation report log backup script or other non-runtime evidence"
"V6/outputs/shiny_mvp/version_build/logs/version_build_stderr.log","version_build_stderr.log","log","1688","0.00161","EVIDENCE_ARTIFACT","shiny_mvp","NONE","TRUE","FALSE","FALSE","Historical validation report log backup script or other non-runtime evidence"
"V6/outputs/shiny_mvp/version_build/logs/version_build_stdout.log","version_build_stdout.log","log","0","0","EVIDENCE_ARTIFACT","shiny_mvp","NONE","TRUE","FALSE","FALSE","Historical validation report log backup script or other non-runtime evidence"
"V6/outputs/stage1b_project_documentation_pdf/logs/stage1b_project_doc_pdf_stderr.log","stage1b_project_doc_pdf_stderr.log","log","1307","0.001246","EVIDENCE_ARTIFACT","stage1b_project_documentation_pdf","NONE","TRUE","FALSE","FALSE","Historical validation report log backup script or other non-runtime evidence"
"V6/outputs/stage1b_project_documentation_pdf/logs/stage1b_project_doc_pdf_stdout.log","stage1b_project_doc_pdf_stdout.log","log","0","0","EVIDENCE_ARTIFACT","stage1b_project_documentation_pdf","NONE","TRUE","FALSE","FALSE","Historical validation report log backup script or other non-runtime evidence"
"V6/outputs/stage1b_project_documentation_pdf/logs/stage1b_visual_diagram_swap_stderr.log","stage1b_visual_diagram_swap_stderr.log","log","2069","0.001973","EVIDENCE_ARTIFACT","stage1b_project_documentation_pdf","NONE","TRUE","FALSE","FALSE","Historical validation report log backup script or other non-runtime evidence"
"V6/outputs/stage1b_project_documentation_pdf/logs/stage1b_visual_diagram_swap_stdout.log","stage1b_visual_diagram_swap_stdout.log","log","0","0","EVIDENCE_ARTIFACT","stage1b_project_documentation_pdf","NONE","TRUE","FALSE","FALSE","Historical validation report log backup script or other non-runtime evidence"
"V6/outputs/stage1b_project_documentation_pdf/report.md","report.md","md","4785","0.004563","EVIDENCE_ARTIFACT","stage1b_project_documentation_pdf","NONE","TRUE","FALSE","FALSE","Historical validation report log backup script or other non-runtime evidence"
"V6/outputs/stage1b_project_documentation_pdf/validation.csv","validation.csv","csv","998","0.000952","EVIDENCE_ARTIFACT","stage1b_project_documentation_pdf","NONE","TRUE","FALSE","FALSE","Historical validation report log backup script or other non-runtime evidence"
"V6/outputs/stage1b_project_documentation_pdf/visual_checks.csv","visual_checks.csv","csv","635","0.000606","EVIDENCE_ARTIFACT","stage1b_project_documentation_pdf","NONE","TRUE","FALSE","FALSE","Historical validation report log backup script or other non-runtime evidence"
"V6/outputs/v3_2a_fastneuralar_diagnostic/current_performance_summary.csv","current_performance_summary.csv","csv","2772","0.002644","EVIDENCE_ARTIFACT","v3_2a_fastneuralar_diagnostic","NONE","TRUE","FALSE","FALSE","Historical validation report log backup script or other non-runtime evidence"
"V6/outputs/v3_2a_fastneuralar_diagnostic/model_inventory.csv","model_inventory.csv","csv","3465","0.003304","EVIDENCE_ARTIFACT","v3_2a_fastneuralar_diagnostic","NONE","TRUE","FALSE","FALSE","Historical validation report log backup script or other non-runtime evidence"
"V6/outputs/v3_2a_fastneuralar_diagnostic/recommended_candidates.csv","recommended_candidates.csv","csv","1632","0.001556","EVIDENCE_ARTIFACT","v3_2a_fastneuralar_diagnostic","NONE","TRUE","FALSE","FALSE","Historical validation report log backup script or other non-runtime evidence"
"V6/outputs/v3_2a_fastneuralar_diagnostic/report.md","report.md","md","19845","0.018926","EVIDENCE_ARTIFACT","v3_2a_fastneuralar_diagnostic","NONE","TRUE","FALSE","FALSE","Historical validation report log backup script or other non-runtime evidence"
"V6/outputs/v3_2a_fastneuralar_diagnostic/validation.csv","validation.csv","csv","2151","0.002051","EVIDENCE_ARTIFACT","v3_2a_fastneuralar_diagnostic","NONE","TRUE","FALSE","FALSE","Historical validation report log backup script or other non-runtime evidence"
"V6/outputs/v3_2b_model_candidates/_v3_2d_run_summary.json","_v3_2d_run_summary.json","json","1934","0.001844","EVIDENCE_ARTIFACT","v3_2b_model_candidates","NONE","TRUE","FALSE","FALSE","Historical validation report log backup script or other non-runtime evidence"
"V6/outputs/v3_2b_model_candidates/backtest_plan.md","backtest_plan.md","md","5482","0.005228","CONTRACT_SPEC","v3_2b_model_candidates","NONE","FALSE","TRUE","FALSE","Defines scope behavior schema policy or plan; not runtime data"
"V6/outputs/v3_2b_model_candidates/candidate_outputs/full_candidate_outputs.csv","full_candidate_outputs.csv","csv","18424386","17.570864","EVIDENCE_ARTIFACT","v3_2b_model_candidates","NONE","TRUE","FALSE","FALSE","Historical validation report log backup script or other non-runtime evidence"
"V6/outputs/v3_2b_model_candidates/candidate_outputs/partial_candidate_outputs.csv","partial_candidate_outputs.csv","csv","18162586","17.321192","EVIDENCE_ARTIFACT","v3_2b_model_candidates","NONE","TRUE","FALSE","FALSE","Historical validation report log backup script or other non-runtime evidence"
"V6/outputs/v3_2b_model_candidates/candidate_outputs/README.md","README.md","md","416","0.000397","EVIDENCE_ARTIFACT","v3_2b_model_candidates","NONE","TRUE","FALSE","FALSE","Historical validation report log backup script or other non-runtime evidence"
"V6/outputs/v3_2b_model_candidates/candidate_outputs/subset_candidate_outputs.csv","subset_candidate_outputs.csv","csv","607309","0.579175","EVIDENCE_ARTIFACT","v3_2b_model_candidates","NONE","TRUE","FALSE","FALSE","Historical validation report log backup script or other non-runtime evidence"
"V6/outputs/v3_2b_model_candidates/candidate_recommendations.csv","candidate_recommendations.csv","csv","1361","0.001298","EVIDENCE_ARTIFACT","v3_2b_model_candidates","NONE","TRUE","FALSE","FALSE","Historical validation report log backup script or other non-runtime evidence"
"V6/outputs/v3_2b_model_candidates/candidate_registry.csv","candidate_registry.csv","csv","2711","0.002585","EVIDENCE_ARTIFACT","v3_2b_model_candidates","NONE","TRUE","FALSE","FALSE","Historical validation report log backup script or other non-runtime evidence"
"V6/outputs/v3_2b_model_candidates/experiment_contract.csv","experiment_contract.csv","csv","1845","0.00176","CONTRACT_SPEC","v3_2b_model_candidates","NONE","FALSE","TRUE","FALSE","Defines scope behavior schema policy or plan; not runtime data"
"V6/outputs/v3_2b_model_candidates/logs/full_backtest_run_log.csv","full_backtest_run_log.csv","csv","279484","0.266537","EVIDENCE_ARTIFACT","v3_2b_model_candidates","NONE","TRUE","FALSE","FALSE","Historical validation report log backup script or other non-runtime evidence"
"V6/outputs/v3_2b_model_candidates/logs/README.md","README.md","md","309","0.000295","EVIDENCE_ARTIFACT","v3_2b_model_candidates","NONE","TRUE","FALSE","FALSE","Historical validation report log backup script or other non-runtime evidence"
"V6/outputs/v3_2b_model_candidates/logs/subset_run_log.csv","subset_run_log.csv","csv","12855","0.012259","EVIDENCE_ARTIFACT","v3_2b_model_candidates","NONE","TRUE","FALSE","FALSE","Historical validation report log backup script or other non-runtime evidence"
"V6/outputs/v3_2b_model_candidates/logs/v3_2d_console.log","v3_2d_console.log","log","105994","0.101084","EVIDENCE_ARTIFACT","v3_2b_model_candidates","NONE","TRUE","FALSE","FALSE","Historical validation report log backup script or other non-runtime evidence"
"V6/outputs/v3_2b_model_candidates/logs/v3_2d_progress.log","v3_2d_progress.log","log","12794","0.012201","EVIDENCE_ARTIFACT","v3_2b_model_candidates","NONE","TRUE","FALSE","FALSE","Historical validation report log backup script or other non-runtime evidence"
"V6/outputs/v3_2b_model_candidates/logs/v3_2d_stderr.log","v3_2d_stderr.log","log","105994","0.101084","EVIDENCE_ARTIFACT","v3_2b_model_candidates","NONE","TRUE","FALSE","FALSE","Historical validation report log backup script or other non-runtime evidence"
"V6/outputs/v3_2b_model_candidates/logs/v3_2d_xgb_completion_stderr.log","v3_2d_xgb_completion_stderr.log","log","0","0","EVIDENCE_ARTIFACT","v3_2b_model_candidates","NONE","TRUE","FALSE","FALSE","Historical validation report log backup script or other non-runtime evidence"
"V6/outputs/v3_2b_model_candidates/logs/v3_2d_xgb_completion.log","v3_2d_xgb_completion.log","log","2386","0.002275","EVIDENCE_ARTIFACT","v3_2b_model_candidates","NONE","TRUE","FALSE","FALSE","Historical validation report log backup script or other non-runtime evidence"
"V6/outputs/v3_2b_model_candidates/metrics/full_backtest_metrics_summary.csv","full_backtest_metrics_summary.csv","csv","2446","0.002333","EVIDENCE_ARTIFACT","v3_2b_model_candidates","NONE","TRUE","FALSE","FALSE","Historical validation report log backup script or other non-runtime evidence"
"V6/outputs/v3_2b_model_candidates/metrics/partial_metrics_summary.csv","partial_metrics_summary.csv","csv","2438","0.002325","EVIDENCE_ARTIFACT","v3_2b_model_candidates","NONE","TRUE","FALSE","FALSE","Historical validation report log backup script or other non-runtime evidence"
"V6/outputs/v3_2b_model_candidates/metrics/README.md","README.md","md","469","0.000447","EVIDENCE_ARTIFACT","v3_2b_model_candidates","NONE","TRUE","FALSE","FALSE","Historical validation report log backup script or other non-runtime evidence"
"V6/outputs/v3_2b_model_candidates/metrics/subset_metrics_summary.csv","subset_metrics_summary.csv","csv","1074","0.001024","EVIDENCE_ARTIFACT","v3_2b_model_candidates","NONE","TRUE","FALSE","FALSE","Historical validation report log backup script or other non-runtime evidence"
"V6/outputs/v3_2b_model_candidates/report.md","report.md","md","8171","0.007792","EVIDENCE_ARTIFACT","v3_2b_model_candidates","NONE","TRUE","FALSE","FALSE","Historical validation report log backup script or other non-runtime evidence"
"V6/outputs/v3_2b_model_candidates/runtime_checks/full_runtime_results.csv","full_runtime_results.csv","csv","1018","0.000971","EVIDENCE_ARTIFACT","v3_2b_model_candidates","NONE","TRUE","FALSE","FALSE","Historical validation report log backup script or other non-runtime evidence"
"V6/outputs/v3_2b_model_candidates/runtime_checks/partial_runtime_results.csv","partial_runtime_results.csv","csv","1057","0.001008","EVIDENCE_ARTIFACT","v3_2b_model_candidates","NONE","TRUE","FALSE","FALSE","Historical validation report log backup script or other non-runtime evidence"
"V6/outputs/v3_2b_model_candidates/runtime_checks/README.md","README.md","md","623","0.000594","EVIDENCE_ARTIFACT","v3_2b_model_candidates","NONE","TRUE","FALSE","FALSE","Historical validation report log backup script or other non-runtime evidence"
"V6/outputs/v3_2b_model_candidates/runtime_checks/subset_runtime_results.csv","subset_runtime_results.csv","csv","1198","0.001143","EVIDENCE_ARTIFACT","v3_2b_model_candidates","NONE","TRUE","FALSE","FALSE","Historical validation report log backup script or other non-runtime evidence"
"V6/outputs/v3_2b_model_candidates/runtime_checks/xgb_completion_results.csv","xgb_completion_results.csv","csv","202","0.000193","EVIDENCE_ARTIFACT","v3_2b_model_candidates","NONE","TRUE","FALSE","FALSE","Historical validation report log backup script or other non-runtime evidence"
"V6/outputs/v3_2b_model_candidates/runtime_risk_assessment.md","runtime_risk_assessment.md","md","3880","0.0037","EVIDENCE_ARTIFACT","v3_2b_model_candidates","NONE","TRUE","FALSE","FALSE","Historical validation report log backup script or other non-runtime evidence"
"V6/outputs/v3_2b_model_candidates/v3_2c_report.md","v3_2c_report.md","md","8922","0.008509","EVIDENCE_ARTIFACT","v3_2b_model_candidates","NONE","TRUE","FALSE","FALSE","Historical validation report log backup script or other non-runtime evidence"
"V6/outputs/v3_2b_model_candidates/v3_2c_validation.csv","v3_2c_validation.csv","csv","2982","0.002844","EVIDENCE_ARTIFACT","v3_2b_model_candidates","NONE","TRUE","FALSE","FALSE","Historical validation report log backup script or other non-runtime evidence"
"V6/outputs/v3_2b_model_candidates/v3_2d_partial_report.md","v3_2d_partial_report.md","md","1000","0.000954","EVIDENCE_ARTIFACT","v3_2b_model_candidates","NONE","TRUE","FALSE","FALSE","Historical validation report log backup script or other non-runtime evidence"
"V6/outputs/v3_2b_model_candidates/v3_2d_report.md","v3_2d_report.md","md","8775","0.008368","EVIDENCE_ARTIFACT","v3_2b_model_candidates","NONE","TRUE","FALSE","FALSE","Historical validation report log backup script or other non-runtime evidence"
"V6/outputs/v3_2b_model_candidates/v3_2d_validation.csv","v3_2d_validation.csv","csv","1686","0.001608","EVIDENCE_ARTIFACT","v3_2b_model_candidates","NONE","TRUE","FALSE","FALSE","Historical validation report log backup script or other non-runtime evidence"
"V6/outputs/v3_2b_model_candidates/validation.csv","validation.csv","csv","2531","0.002414","EVIDENCE_ARTIFACT","v3_2b_model_candidates","NONE","TRUE","FALSE","FALSE","Historical validation report log backup script or other non-runtime evidence"
"V6/outputs/v3_2e_candidate_decision_package/candidate_decision_summary.csv","candidate_decision_summary.csv","csv","1431","0.001365","CONTRACT_SPEC","v3_2e_candidate_decision_package","NONE","FALSE","TRUE","FALSE","Defines scope behavior schema policy or plan; not runtime data"
"V6/outputs/v3_2e_candidate_decision_package/candidate_ranking.csv","candidate_ranking.csv","csv","842","0.000803","EVIDENCE_ARTIFACT","v3_2e_candidate_decision_package","NONE","TRUE","FALSE","FALSE","Historical validation report log backup script or other non-runtime evidence"
"V6/outputs/v3_2e_candidate_decision_package/champion_comparison.csv","champion_comparison.csv","csv","674","0.000643","EVIDENCE_ARTIFACT","v3_2e_candidate_decision_package","NONE","TRUE","FALSE","FALSE","Historical validation report log backup script or other non-runtime evidence"
"V6/outputs/v3_2e_candidate_decision_package/v3_2e_decision_report.md","v3_2e_decision_report.md","md","10214","0.009741","CONTRACT_SPEC","v3_2e_candidate_decision_package","NONE","FALSE","TRUE","FALSE","Defines scope behavior schema policy or plan; not runtime data"
"V6/outputs/v3_2e_candidate_decision_package/v3_2e_validation.csv","v3_2e_validation.csv","csv","1346","0.001284","EVIDENCE_ARTIFACT","v3_2e_candidate_decision_package","NONE","TRUE","FALSE","FALSE","Historical validation report log backup script or other non-runtime evidence"
"V6/outputs/v3_2e_candidate_decision_package/v3_2f_shiny_handoff_contract.csv","v3_2f_shiny_handoff_contract.csv","csv","1985","0.001893","CONTRACT_SPEC","v3_2e_candidate_decision_package","NONE","FALSE","TRUE","FALSE","Defines scope behavior schema policy or plan; not runtime data"
"V6/outputs/v3_2f_full_model_shiny_integration/logs/v3_2f_closure_stderr.log","v3_2f_closure_stderr.log","log","926","0.000883","EVIDENCE_ARTIFACT","v3_2f_full_model_shiny_integration","NONE","TRUE","FALSE","FALSE","Historical validation report log backup script or other non-runtime evidence"
"V6/outputs/v3_2f_full_model_shiny_integration/logs/v3_2f_closure_stdout.log","v3_2f_closure_stdout.log","log","0","0","EVIDENCE_ARTIFACT","v3_2f_full_model_shiny_integration","NONE","TRUE","FALSE","FALSE","Historical validation report log backup script or other non-runtime evidence"
"V6/outputs/v3_2f_full_model_shiny_integration/logs/v3_2f_full_model_shiny_integration_stderr.log","v3_2f_full_model_shiny_integration_stderr.log","log","926","0.000883","EVIDENCE_ARTIFACT","v3_2f_full_model_shiny_integration","NONE","TRUE","FALSE","FALSE","Historical validation report log backup script or other non-runtime evidence"
"V6/outputs/v3_2f_full_model_shiny_integration/logs/v3_2f_full_model_shiny_integration_stdout.log","v3_2f_full_model_shiny_integration_stdout.log","log","0","0","EVIDENCE_ARTIFACT","v3_2f_full_model_shiny_integration","NONE","TRUE","FALSE","FALSE","Historical validation report log backup script or other non-runtime evidence"
"V6/outputs/v3_2f_full_model_shiny_integration/logs/v3_2f_review_stderr.log","v3_2f_review_stderr.log","log","1688","0.00161","EVIDENCE_ARTIFACT","v3_2f_full_model_shiny_integration","NONE","TRUE","FALSE","FALSE","Historical validation report log backup script or other non-runtime evidence"
"V6/outputs/v3_2f_full_model_shiny_integration/logs/v3_2f_review_stdout.log","v3_2f_review_stdout.log","log","0","0","EVIDENCE_ARTIFACT","v3_2f_full_model_shiny_integration","NONE","TRUE","FALSE","FALSE","Historical validation report log backup script or other non-runtime evidence"
"V6/outputs/v3_2f_full_model_shiny_integration/v3_2f_report.md","v3_2f_report.md","md","6995","0.006671","EVIDENCE_ARTIFACT","v3_2f_full_model_shiny_integration","NONE","TRUE","FALSE","FALSE","Historical validation report log backup script or other non-runtime evidence"
"V6/outputs/v3_2f_full_model_shiny_integration/v3_2f_validation.csv","v3_2f_validation.csv","csv","2575","0.002456","EVIDENCE_ARTIFACT","v3_2f_full_model_shiny_integration","NONE","TRUE","FALSE","FALSE","Historical validation report log backup script or other non-runtime evidence"
"V6/outputs/v3_2g_viewer_challenger_integration/append_challengers_to_viewer.R","append_challengers_to_viewer.R","r","7074","0.006746","EVIDENCE_ARTIFACT","v3_2g_viewer_challenger_integration","NONE","TRUE","FALSE","FALSE","Historical validation report log backup script or other non-runtime evidence"
"V6/outputs/v3_2g_viewer_challenger_integration/logs/append_run_20260626_122539.log","append_run_20260626_122539.log","log","1671","0.001594","EVIDENCE_ARTIFACT","v3_2g_viewer_challenger_integration","NONE","TRUE","FALSE","FALSE","Historical validation report log backup script or other non-runtime evidence"
"V6/outputs/v3_2g_viewer_challenger_integration/logs/forecast_viewer_model_outputs_BACKUP_20260626_122539.csv","forecast_viewer_model_outputs_BACKUP_20260626_122539.csv","csv","45185634","43.092379","EVIDENCE_ARTIFACT","v3_2g_viewer_challenger_integration","NONE","TRUE","FALSE","FALSE","Historical validation report log backup script or other non-runtime evidence"
"V6/outputs/v3_2g_viewer_challenger_integration/logs/forecast_viewer_model_outputs_BACKUP_20260626_135651.csv","forecast_viewer_model_outputs_BACKUP_20260626_135651.csv","csv","65680535","62.637839","EVIDENCE_ARTIFACT","v3_2g_viewer_challenger_integration","NONE","TRUE","FALSE","FALSE","Historical validation report log backup script or other non-runtime evidence"
"V6/outputs/v3_2g_viewer_challenger_integration/logs/refactor_app_stderr.log","refactor_app_stderr.log","log","1307","0.001246","EVIDENCE_ARTIFACT","v3_2g_viewer_challenger_integration","NONE","TRUE","FALSE","FALSE","Historical validation report log backup script or other non-runtime evidence"
"V6/outputs/v3_2g_viewer_challenger_integration/logs/refactor_app_stdout.log","refactor_app_stdout.log","log","0","0","EVIDENCE_ARTIFACT","v3_2g_viewer_challenger_integration","NONE","TRUE","FALSE","FALSE","Historical validation report log backup script or other non-runtime evidence"
"V6/outputs/v3_2g_viewer_challenger_integration/logs/refactor_run_20260626_135651.log","refactor_run_20260626_135651.log","log","1724","0.001644","EVIDENCE_ARTIFACT","v3_2g_viewer_challenger_integration","NONE","TRUE","FALSE","FALSE","Historical validation report log backup script or other non-runtime evidence"
"V6/outputs/v3_2g_viewer_challenger_integration/logs/v3_2g_live_stderr.log","v3_2g_live_stderr.log","log","1688","0.00161","EVIDENCE_ARTIFACT","v3_2g_viewer_challenger_integration","NONE","TRUE","FALSE","FALSE","Historical validation report log backup script or other non-runtime evidence"
"V6/outputs/v3_2g_viewer_challenger_integration/logs/v3_2g_live_stdout.log","v3_2g_live_stdout.log","log","0","0","EVIDENCE_ARTIFACT","v3_2g_viewer_challenger_integration","NONE","TRUE","FALSE","FALSE","Historical validation report log backup script or other non-runtime evidence"
"V6/outputs/v3_2g_viewer_challenger_integration/refactor_viewer_deep_learning.R","refactor_viewer_deep_learning.R","r","8571","0.008174","EVIDENCE_ARTIFACT","v3_2g_viewer_challenger_integration","NONE","TRUE","FALSE","FALSE","Historical validation report log backup script or other non-runtime evidence"
"V6/outputs/v3_2g_viewer_challenger_integration/smoke_test_refactor.R","smoke_test_refactor.R","r","1782","0.001699","EVIDENCE_ARTIFACT","v3_2g_viewer_challenger_integration","NONE","TRUE","FALSE","FALSE","Historical validation report log backup script or other non-runtime evidence"
"V6/outputs/v3_2g_viewer_challenger_integration/smoke_test_viewer.R","smoke_test_viewer.R","r","1722","0.001642","EVIDENCE_ARTIFACT","v3_2g_viewer_challenger_integration","NONE","TRUE","FALSE","FALSE","Historical validation report log backup script or other non-runtime evidence"
"V6/outputs/v3_2g_viewer_challenger_integration/v3_2g_refactor_validation.csv","v3_2g_refactor_validation.csv","csv","262","0.00025","EVIDENCE_ARTIFACT","v3_2g_viewer_challenger_integration","NONE","TRUE","FALSE","FALSE","Historical validation report log backup script or other non-runtime evidence"
"V6/outputs/v3_2g_viewer_challenger_integration/v3_2g_report.md","v3_2g_report.md","md","8370","0.007982","EVIDENCE_ARTIFACT","v3_2g_viewer_challenger_integration","NONE","TRUE","FALSE","FALSE","Historical validation report log backup script or other non-runtime evidence"
"V6/outputs/v3_2g_viewer_challenger_integration/v3_2g_validation.csv","v3_2g_validation.csv","csv","129","0.000123","EVIDENCE_ARTIFACT","v3_2g_viewer_challenger_integration","NONE","TRUE","FALSE","FALSE","Historical validation report log backup script or other non-runtime evidence"
"V6/outputs/v3_2h_model_consistency_fix/build_canonical_universe.R","build_canonical_universe.R","r","8657","0.008256","EVIDENCE_ARTIFACT","v3_2h_model_consistency_fix","NONE","TRUE","FALSE","FALSE","Historical validation report log backup script or other non-runtime evidence"
"V6/outputs/v3_2h_model_consistency_fix/logs/v3_2h_app_stderr.log","v3_2h_app_stderr.log","log","1579","0.001506","EVIDENCE_ARTIFACT","v3_2h_model_consistency_fix","NONE","TRUE","FALSE","FALSE","Historical validation report log backup script or other non-runtime evidence"
"V6/outputs/v3_2h_model_consistency_fix/logs/v3_2h_app_stdout.log","v3_2h_app_stdout.log","log","0","0","EVIDENCE_ARTIFACT","v3_2h_model_consistency_fix","NONE","TRUE","FALSE","FALSE","Historical validation report log backup script or other non-runtime evidence"
"V6/outputs/v3_2h_model_consistency_fix/v3_2h_data_checks.csv","v3_2h_data_checks.csv","csv","646","0.000616","EVIDENCE_ARTIFACT","v3_2h_model_consistency_fix","NONE","TRUE","FALSE","FALSE","Historical validation report log backup script or other non-runtime evidence"
"V6/outputs/v3_2h_model_consistency_fix/v3_2h_report.md","v3_2h_report.md","md","7507","0.007159","EVIDENCE_ARTIFACT","v3_2h_model_consistency_fix","NONE","TRUE","FALSE","FALSE","Historical validation report log backup script or other non-runtime evidence"
"V6/outputs/v3_2h_model_consistency_fix/v3_2h_validation.csv","v3_2h_validation.csv","csv","1761","0.001679","EVIDENCE_ARTIFACT","v3_2h_model_consistency_fix","NONE","TRUE","FALSE","FALSE","Historical validation report log backup script or other non-runtime evidence"
"V6/outputs/v3_2h_model_consistency_fix/validate_v3_2h.R","validate_v3_2h.R","r","9053","0.008634","EVIDENCE_ARTIFACT","v3_2h_model_consistency_fix","NONE","TRUE","FALSE","FALSE","Historical validation report log backup script or other non-runtime evidence"
"V6/outputs/v3_3_daily_refresh/v3_3a_refresh_manifest/refresh_manifest.csv","refresh_manifest.csv","csv","7034","0.006708","EVIDENCE_ARTIFACT","v3_3_daily_refresh","NONE","TRUE","FALSE","FALSE","Historical validation report log backup script or other non-runtime evidence"
"V6/outputs/v3_3_daily_refresh/v3_3a_refresh_manifest/v3_3a_report.md","v3_3a_report.md","md","8281","0.007897","EVIDENCE_ARTIFACT","v3_3_daily_refresh","NONE","TRUE","FALSE","FALSE","Historical validation report log backup script or other non-runtime evidence"
"V6/outputs/v3_3_daily_refresh/v3_3a_refresh_manifest/v3_3a_validation.csv","v3_3a_validation.csv","csv","2467","0.002353","EVIDENCE_ARTIFACT","v3_3_daily_refresh","NONE","TRUE","FALSE","FALSE","Historical validation report log backup script or other non-runtime evidence"
"V6/outputs/v3_3_daily_refresh/v3_3b_runtime_benchmark/_state_backup/dashboard/dashboard_metadata.csv","dashboard_metadata.csv","csv","135","0.000129","EVIDENCE_ARTIFACT","v3_3_daily_refresh","NONE","TRUE","FALSE","FALSE","Historical validation report log backup script or other non-runtime evidence"
"V6/outputs/v3_3_daily_refresh/v3_3b_runtime_benchmark/_state_backup/dashboard/executive_summary.csv","executive_summary.csv","csv","205","0.000196","EVIDENCE_ARTIFACT","v3_3_daily_refresh","NONE","TRUE","FALSE","FALSE","Historical validation report log backup script or other non-runtime evidence"
"V6/outputs/v3_3_daily_refresh/v3_3b_runtime_benchmark/_state_backup/dashboard/horizon_summary.csv","horizon_summary.csv","csv","154","0.000147","EVIDENCE_ARTIFACT","v3_3_daily_refresh","NONE","TRUE","FALSE","FALSE","Historical validation report log backup script or other non-runtime evidence"
"V6/outputs/v3_3_daily_refresh/v3_3b_runtime_benchmark/_state_backup/dashboard/metric_summary.csv","metric_summary.csv","csv","472","0.00045","EVIDENCE_ARTIFACT","v3_3_daily_refresh","NONE","TRUE","FALSE","FALSE","Historical validation report log backup script or other non-runtime evidence"
"V6/outputs/v3_3_daily_refresh/v3_3b_runtime_benchmark/_state_backup/dashboard/top_entities.csv","top_entities.csv","csv","4551","0.00434","EVIDENCE_ARTIFACT","v3_3_daily_refresh","NONE","TRUE","FALSE","FALSE","Historical validation report log backup script or other non-runtime evidence"
"V6/outputs/v3_3_daily_refresh/v3_3b_runtime_benchmark/_state_backup/data_processed/actuals.csv","actuals.csv","csv","7359186","7.018267","EVIDENCE_ARTIFACT","v3_3_daily_refresh","NONE","TRUE","FALSE","FALSE","Historical validation report log backup script or other non-runtime evidence"
"V6/outputs/v3_3_daily_refresh/v3_3b_runtime_benchmark/_state_backup/data_processed/entities.csv","entities.csv","csv","3259","0.003108","EVIDENCE_ARTIFACT","v3_3_daily_refresh","NONE","TRUE","FALSE","FALSE","Historical validation report log backup script or other non-runtime evidence"
"V6/outputs/v3_3_daily_refresh/v3_3b_runtime_benchmark/_state_backup/data_processed/forecast_comparison.csv","forecast_comparison.csv","csv","133","0.000127","EVIDENCE_ARTIFACT","v3_3_daily_refresh","NONE","TRUE","FALSE","FALSE","Historical validation report log backup script or other non-runtime evidence"
"V6/outputs/v3_3_daily_refresh/v3_3b_runtime_benchmark/_state_backup/data_processed/forecast_viewer_model_outputs_manifest.csv","forecast_viewer_model_outputs_manifest.csv","csv","3026","0.002886","EVIDENCE_ARTIFACT","v3_3_daily_refresh","NONE","TRUE","FALSE","FALSE","Historical validation report log backup script or other non-runtime evidence"
"V6/outputs/v3_3_daily_refresh/v3_3b_runtime_benchmark/_state_backup/data_processed/forecast_viewer_model_outputs_pilot_manifest.csv","forecast_viewer_model_outputs_pilot_manifest.csv","csv","1126","0.001074","EVIDENCE_ARTIFACT","v3_3_daily_refresh","NONE","TRUE","FALSE","FALSE","Historical validation report log backup script or other non-runtime evidence"
"V6/outputs/v3_3_daily_refresh/v3_3b_runtime_benchmark/_state_backup/data_processed/forecast_viewer_model_outputs_pilot_sample.csv","forecast_viewer_model_outputs_pilot_sample.csv","csv","50821","0.048467","EVIDENCE_ARTIFACT","v3_3_daily_refresh","NONE","TRUE","FALSE","FALSE","Historical validation report log backup script or other non-runtime evidence"
"V6/outputs/v3_3_daily_refresh/v3_3b_runtime_benchmark/_state_backup/data_processed/forecast_viewer_model_outputs_pilot.csv","forecast_viewer_model_outputs_pilot.csv","csv","3573931","3.408366","EVIDENCE_ARTIFACT","v3_3_daily_refresh","NONE","TRUE","FALSE","FALSE","Historical validation report log backup script or other non-runtime evidence"
"V6/outputs/v3_3_daily_refresh/v3_3b_runtime_benchmark/_state_backup/data_processed/forecast_viewer_model_outputs_sample.csv","forecast_viewer_model_outputs_sample.csv","csv","16799","0.016021","EVIDENCE_ARTIFACT","v3_3_daily_refresh","NONE","TRUE","FALSE","FALSE","Historical validation report log backup script or other non-runtime evidence"
"V6/outputs/v3_3_daily_refresh/v3_3b_runtime_benchmark/_state_backup/data_processed/forecast_viewer_model_outputs.csv","forecast_viewer_model_outputs.csv","csv","51467614","49.083342","EVIDENCE_ARTIFACT","v3_3_daily_refresh","NONE","TRUE","FALSE","FALSE","Historical validation report log backup script or other non-runtime evidence"
"V6/outputs/v3_3_daily_refresh/v3_3b_runtime_benchmark/_state_backup/data_processed/forecasts_with_intervals_relative_60d_calibrated.csv","forecasts_with_intervals_relative_60d_calibrated.csv","csv","20847730","19.881945","EVIDENCE_ARTIFACT","v3_3_daily_refresh","NONE","TRUE","FALSE","FALSE","Historical validation report log backup script or other non-runtime evidence"
"V6/outputs/v3_3_daily_refresh/v3_3b_runtime_benchmark/_state_backup/data_processed/forecasts_with_intervals_relative_60d.csv","forecasts_with_intervals_relative_60d.csv","csv","19904436","18.982349","EVIDENCE_ARTIFACT","v3_3_daily_refresh","NONE","TRUE","FALSE","FALSE","Historical validation report log backup script or other non-runtime evidence"
"V6/outputs/v3_3_daily_refresh/v3_3b_runtime_benchmark/_state_backup/data_processed/forecasts_with_intervals_relative.csv","forecasts_with_intervals_relative.csv","csv","20033057","19.105012","EVIDENCE_ARTIFACT","v3_3_daily_refresh","NONE","TRUE","FALSE","FALSE","Historical validation report log backup script or other non-runtime evidence"
"V6/outputs/v3_3_daily_refresh/v3_3b_runtime_benchmark/_state_backup/data_processed/forecasts_with_intervals.csv","forecasts_with_intervals.csv","csv","12516890","11.937037","EVIDENCE_ARTIFACT","v3_3_daily_refresh","NONE","TRUE","FALSE","FALSE","Historical validation report log backup script or other non-runtime evidence"
"V6/outputs/v3_3_daily_refresh/v3_3b_runtime_benchmark/_state_backup/data_processed/forecasts.csv","forecasts.csv","csv","8559916","8.163372","EVIDENCE_ARTIFACT","v3_3_daily_refresh","NONE","TRUE","FALSE","FALSE","Historical validation report log backup script or other non-runtime evidence"
"V6/outputs/v3_3_daily_refresh/v3_3b_runtime_benchmark/_state_backup/data_processed/model_champion_comparison.csv","model_champion_comparison.csv","csv","759","0.000724","EVIDENCE_ARTIFACT","v3_3_daily_refresh","NONE","TRUE","FALSE","FALSE","Historical validation report log backup script or other non-runtime evidence"
"V6/outputs/v3_3_daily_refresh/v3_3b_runtime_benchmark/_state_backup/data_processed/model_dashboard_summary.csv","model_dashboard_summary.csv","csv","621","0.000592","EVIDENCE_ARTIFACT","v3_3_daily_refresh","NONE","TRUE","FALSE","FALSE","Historical validation report log backup script or other non-runtime evidence"
"V6/outputs/v3_3_daily_refresh/v3_3b_runtime_benchmark/_state_backup/data_processed/model_evaluation_ranking.csv","model_evaluation_ranking.csv","csv","646","0.000616","EVIDENCE_ARTIFACT","v3_3_daily_refresh","NONE","TRUE","FALSE","FALSE","Historical validation report log backup script or other non-runtime evidence"
"V6/outputs/v3_3_daily_refresh/v3_3b_runtime_benchmark/_state_backup/data_processed/model_evaluation_summary.csv","model_evaluation_summary.csv","csv","1722","0.001642","EVIDENCE_ARTIFACT","v3_3_daily_refresh","NONE","TRUE","FALSE","FALSE","Historical validation report log backup script or other non-runtime evidence"
"V6/outputs/v3_3_daily_refresh/v3_3b_runtime_benchmark/_state_backup/data_processed/model_runtime_guardrails.csv","model_runtime_guardrails.csv","csv","639","0.000609","EVIDENCE_ARTIFACT","v3_3_daily_refresh","NONE","TRUE","FALSE","FALSE","Historical validation report log backup script or other non-runtime evidence"
"V6/outputs/v3_3_daily_refresh/v3_3b_runtime_benchmark/_state_backup/data_processed/model_universe_canonical.csv","model_universe_canonical.csv","csv","2669","0.002545","EVIDENCE_ARTIFACT","v3_3_daily_refresh","NONE","TRUE","FALSE","FALSE","Historical validation report log backup script or other non-runtime evidence"
"V6/outputs/v3_3_daily_refresh/v3_3b_runtime_benchmark/_state_backup/data_processed/run_metadata.csv","run_metadata.csv","csv","412","0.000393","EVIDENCE_ARTIFACT","v3_3_daily_refresh","NONE","TRUE","FALSE","FALSE","Historical validation report log backup script or other non-runtime evidence"
"V6/outputs/v3_3_daily_refresh/v3_3b_runtime_benchmark/_state_backup/data_processed/ttl_months_to_live_snapshot.csv","ttl_months_to_live_snapshot.csv","csv","13247","0.012633","EVIDENCE_ARTIFACT","v3_3_daily_refresh","NONE","TRUE","FALSE","FALSE","Historical validation report log backup script or other non-runtime evidence"
"V6/outputs/v3_3_daily_refresh/v3_3b_runtime_benchmark/_state_backup/data_processed/ttl_supply_demand_timeseries.csv","ttl_supply_demand_timeseries.csv","csv","323211","0.308238","EVIDENCE_ARTIFACT","v3_3_daily_refresh","NONE","TRUE","FALSE","FALSE","Historical validation report log backup script or other non-runtime evidence"
"V6/outputs/v3_3_daily_refresh/v3_3b_runtime_benchmark/_state_backup/data_raw/hdd_forest_metrics.csv","hdd_forest_metrics.csv","csv","1231265","1.174226","EVIDENCE_ARTIFACT","v3_3_daily_refresh","NONE","TRUE","FALSE","FALSE","Historical validation report log backup script or other non-runtime evidence"
"V6/outputs/v3_3_daily_refresh/v3_3b_runtime_benchmark/_state_backup/data_raw/hdd_region_actuals.csv","hdd_region_actuals.csv","csv","7291991","6.954185","EVIDENCE_ARTIFACT","v3_3_daily_refresh","NONE","TRUE","FALSE","FALSE","Historical validation report log backup script or other non-runtime evidence"
"V6/outputs/v3_3_daily_refresh/v3_3b_runtime_benchmark/_state_backup/data_raw/hdd_region_forecasts.csv","hdd_region_forecasts.csv","csv","6940326","6.618811","EVIDENCE_ARTIFACT","v3_3_daily_refresh","NONE","TRUE","FALSE","FALSE","Historical validation report log backup script or other non-runtime evidence"
"V6/outputs/v3_3_daily_refresh/v3_3b_runtime_benchmark/_state_backup/data_raw/hdd_region_metrics.csv","hdd_region_metrics.csv","csv","347353","0.331262","EVIDENCE_ARTIFACT","v3_3_daily_refresh","NONE","TRUE","FALSE","FALSE","Historical validation report log backup script or other non-runtime evidence"
"V6/outputs/v3_3_daily_refresh/v3_3b_runtime_benchmark/_state_backup/data_raw/ssd_phx_lvne_metrics.csv","ssd_phx_lvne_metrics.csv","csv","1035582","0.987608","EVIDENCE_ARTIFACT","v3_3_daily_refresh","NONE","TRUE","FALSE","FALSE","Historical validation report log backup script or other non-runtime evidence"
"V6/outputs/v3_3_daily_refresh/v3_3b_runtime_benchmark/_state_backup/data_raw/ssd_phx_lvwe_metrics.csv","ssd_phx_lvwe_metrics.csv","csv","1013528","0.966576","EVIDENCE_ARTIFACT","v3_3_daily_refresh","NONE","TRUE","FALSE","FALSE","Historical validation report log backup script or other non-runtime evidence"
"V6/outputs/v3_3_daily_refresh/v3_3b_runtime_benchmark/_state_backup/governance/6_0_audit5_finding_resolution/audit5_finding_resolution_report.md","audit5_finding_resolution_report.md","md","917","0.000875","EVIDENCE_ARTIFACT","v3_3_daily_refresh","NONE","TRUE","FALSE","FALSE","Historical validation report log backup script or other non-runtime evidence"
"V6/outputs/v3_3_daily_refresh/v3_3b_runtime_benchmark/_state_backup/governance/6_0_audit5_finding_resolution/audit5_finding_resolution.csv","audit5_finding_resolution.csv","csv","1303","0.001243","EVIDENCE_ARTIFACT","v3_3_daily_refresh","NONE","TRUE","FALSE","FALSE","Historical validation report log backup script or other non-runtime evidence"
"V6/outputs/v3_3_daily_refresh/v3_3b_runtime_benchmark/_state_backup/governance/6_0_audit5_finding_resolution/governed_manifest_correction.csv","governed_manifest_correction.csv","csv","452","0.000431","EVIDENCE_ARTIFACT","v3_3_daily_refresh","NONE","TRUE","FALSE","FALSE","Historical validation report log backup script or other non-runtime evidence"
"V6/outputs/v3_3_daily_refresh/v3_3b_runtime_benchmark/_state_backup/governance/6_1_governance_foundation/governance_6_0_6_1_validation.csv","governance_6_0_6_1_validation.csv","csv","1999","0.001906","EVIDENCE_ARTIFACT","v3_3_daily_refresh","NONE","TRUE","FALSE","FALSE","Historical validation report log backup script or other non-runtime evidence"
"V6/outputs/v3_3_daily_refresh/v3_3b_runtime_benchmark/_state_backup/governance/6_1_governance_foundation/governance_definitions.csv","governance_definitions.csv","csv","3183","0.003036","EVIDENCE_ARTIFACT","v3_3_daily_refresh","NONE","TRUE","FALSE","FALSE","Historical validation report log backup script or other non-runtime evidence"
"V6/outputs/v3_3_daily_refresh/v3_3b_runtime_benchmark/_state_backup/governance/6_1_governance_foundation/governance_foundation_report.md","governance_foundation_report.md","md","1849","0.001763","EVIDENCE_ARTIFACT","v3_3_daily_refresh","NONE","TRUE","FALSE","FALSE","Historical validation report log backup script or other non-runtime evidence"
"V6/outputs/v3_3_daily_refresh/v3_3b_runtime_benchmark/_state_backup/governance/6_1_governance_foundation/governance_status_taxonomy.csv","governance_status_taxonomy.csv","csv","2175","0.002074","CONTRACT_SPEC","v3_3_daily_refresh","NONE","FALSE","TRUE","FALSE","Defines scope behavior schema policy or plan; not runtime data"
"V6/outputs/v3_3_daily_refresh/v3_3b_runtime_benchmark/_state_backup/governance/6_2_decision_rules/decision_action_framework.csv","decision_action_framework.csv","csv","4432","0.004227","CONTRACT_SPEC","v3_3_daily_refresh","NONE","FALSE","TRUE","FALSE","Defines scope behavior schema policy or plan; not runtime data"
"V6/outputs/v3_3_daily_refresh/v3_3b_runtime_benchmark/_state_backup/governance/6_2_decision_rules/decision_rule_traceability.csv","decision_rule_traceability.csv","csv","2249","0.002145","CONTRACT_SPEC","v3_3_daily_refresh","NONE","FALSE","TRUE","FALSE","Defines scope behavior schema policy or plan; not runtime data"
"V6/outputs/v3_3_daily_refresh/v3_3b_runtime_benchmark/_state_backup/governance/6_2_decision_rules/decision_rules_report.md","decision_rules_report.md","md","2540","0.002422","CONTRACT_SPEC","v3_3_daily_refresh","NONE","FALSE","TRUE","FALSE","Defines scope behavior schema policy or plan; not runtime data"
"V6/outputs/v3_3_daily_refresh/v3_3b_runtime_benchmark/_state_backup/governance/6_2_decision_rules/decision_rules_validation.csv","decision_rules_validation.csv","csv","2394","0.002283","CONTRACT_SPEC","v3_3_daily_refresh","NONE","FALSE","TRUE","FALSE","Defines scope behavior schema policy or plan; not runtime data"
"V6/outputs/v3_3_daily_refresh/v3_3b_runtime_benchmark/_state_backup/governance/6_2_decision_rules/governance_recommendations.csv","governance_recommendations.csv","csv","4883","0.004657","EVIDENCE_ARTIFACT","v3_3_daily_refresh","NONE","TRUE","FALSE","FALSE","Historical validation report log backup script or other non-runtime evidence"
"V6/outputs/v3_3_daily_refresh/v3_3b_runtime_benchmark/_state_backup/governance/6_2_decision_rules/model_recommendation_rules.csv","model_recommendation_rules.csv","csv","2835","0.002704","EVIDENCE_ARTIFACT","v3_3_daily_refresh","NONE","TRUE","FALSE","FALSE","Historical validation report log backup script or other non-runtime evidence"
"V6/outputs/v3_3_daily_refresh/v3_3b_runtime_benchmark/_state_backup/governance/6_2_decision_rules/risk_to_action_mapping.csv","risk_to_action_mapping.csv","csv","2870","0.002737","EVIDENCE_ARTIFACT","v3_3_daily_refresh","NONE","TRUE","FALSE","FALSE","Historical validation report log backup script or other non-runtime evidence"
"V6/outputs/v3_3_daily_refresh/v3_3b_runtime_benchmark/_state_backup/governance/6_3_champion_conditions/champion_condition_traceability.csv","champion_condition_traceability.csv","csv","2055","0.00196","EVIDENCE_ARTIFACT","v3_3_daily_refresh","NONE","TRUE","FALSE","FALSE","Historical validation report log backup script or other non-runtime evidence"
"V6/outputs/v3_3_daily_refresh/v3_3b_runtime_benchmark/_state_backup/governance/6_3_champion_conditions/champion_conditions_protocol.csv","champion_conditions_protocol.csv","csv","2294","0.002188","EVIDENCE_ARTIFACT","v3_3_daily_refresh","NONE","TRUE","FALSE","FALSE","Historical validation report log backup script or other non-runtime evidence"
"V6/outputs/v3_3_daily_refresh/v3_3b_runtime_benchmark/_state_backup/governance/6_3_champion_conditions/champion_conditions_report.md","champion_conditions_report.md","md","2582","0.002462","EVIDENCE_ARTIFACT","v3_3_daily_refresh","NONE","TRUE","FALSE","FALSE","Historical validation report log backup script or other non-runtime evidence"
"V6/outputs/v3_3_daily_refresh/v3_3b_runtime_benchmark/_state_backup/governance/6_3_champion_conditions/champion_conditions_validation.csv","champion_conditions_validation.csv","csv","2188","0.002087","EVIDENCE_ARTIFACT","v3_3_daily_refresh","NONE","TRUE","FALSE","FALSE","Historical validation report log backup script or other non-runtime evidence"
"V6/outputs/v3_3_daily_refresh/v3_3b_runtime_benchmark/_state_backup/governance/6_3_champion_conditions/champion_dashboard_display_requirements.csv","champion_dashboard_display_requirements.csv","csv","2415","0.002303","EVIDENCE_ARTIFACT","v3_3_daily_refresh","NONE","TRUE","FALSE","FALSE","Historical validation report log backup script or other non-runtime evidence"
"V6/outputs/v3_3_daily_refresh/v3_3b_runtime_benchmark/_state_backup/governance/6_3_champion_conditions/champion_dashboard_language.csv","champion_dashboard_language.csv","csv","2879","0.002746","EVIDENCE_ARTIFACT","v3_3_daily_refresh","NONE","TRUE","FALSE","FALSE","Historical validation report log backup script or other non-runtime evidence"
"V6/outputs/v3_3_daily_refresh/v3_3b_runtime_benchmark/_state_backup/governance/6_4_dashboard_contract/dashboard_contract_validation.csv","dashboard_contract_validation.csv","csv","23874","0.022768","CONTRACT_SPEC","v3_3_daily_refresh","NONE","FALSE","TRUE","FALSE","Defines scope behavior schema policy or plan; not runtime data"
"V6/outputs/v3_3_daily_refresh/v3_3b_runtime_benchmark/_state_backup/governance/6_4_dashboard_contract/dashboard_data_binding_contract.csv","dashboard_data_binding_contract.csv","csv","4752","0.004532","CONTRACT_SPEC","v3_3_daily_refresh","NONE","FALSE","TRUE","FALSE","Defines scope behavior schema policy or plan; not runtime data"
"V6/outputs/v3_3_daily_refresh/v3_3b_runtime_benchmark/_state_backup/governance/6_4_dashboard_contract/dashboard_do_dont_rules.csv","dashboard_do_dont_rules.csv","csv","2458","0.002344","EVIDENCE_ARTIFACT","v3_3_daily_refresh","NONE","TRUE","FALSE","FALSE","Historical validation report log backup script or other non-runtime evidence"
"V6/outputs/v3_3_daily_refresh/v3_3b_runtime_benchmark/_state_backup/governance/6_4_dashboard_contract/dashboard_governance_contract_report.md","dashboard_governance_contract_report.md","md","2714","0.002588","CONTRACT_SPEC","v3_3_daily_refresh","NONE","FALSE","TRUE","FALSE","Defines scope behavior schema policy or plan; not runtime data"
"V6/outputs/v3_3_daily_refresh/v3_3b_runtime_benchmark/_state_backup/governance/6_4_dashboard_contract/dashboard_governance_contract.csv","dashboard_governance_contract.csv","csv","4686","0.004469","CONTRACT_SPEC","v3_3_daily_refresh","NONE","FALSE","TRUE","FALSE","Defines scope behavior schema policy or plan; not runtime data"
"V6/outputs/v3_3_daily_refresh/v3_3b_runtime_benchmark/_state_backup/governance/6_4_dashboard_contract/dashboard_governance_traceability.csv","dashboard_governance_traceability.csv","csv","2541","0.002423","EVIDENCE_ARTIFACT","v3_3_daily_refresh","NONE","TRUE","FALSE","FALSE","Historical validation report log backup script or other non-runtime evidence"
"V6/outputs/v3_3_daily_refresh/v3_3b_runtime_benchmark/_state_backup/governance/6_4_dashboard_contract/dashboard_required_sections.csv","dashboard_required_sections.csv","csv","4244","0.004047","EVIDENCE_ARTIFACT","v3_3_daily_refresh","NONE","TRUE","FALSE","FALSE","Historical validation report log backup script or other non-runtime evidence"
"V6/outputs/v3_3_daily_refresh/v3_3b_runtime_benchmark/_state_backup/governance/6_4_dashboard_contract/dashboard_warning_labels.csv","dashboard_warning_labels.csv","csv","1148","0.001095","EVIDENCE_ARTIFACT","v3_3_daily_refresh","NONE","TRUE","FALSE","FALSE","Historical validation report log backup script or other non-runtime evidence"
"V6/outputs/v3_3_daily_refresh/v3_3b_runtime_benchmark/_state_backup/governance/6_5_governance_closure_pack/governance_artifact_manifest.csv","governance_artifact_manifest.csv","csv","6850","0.006533","EVIDENCE_ARTIFACT","v3_3_daily_refresh","NONE","TRUE","FALSE","FALSE","Historical validation report log backup script or other non-runtime evidence"
"V6/outputs/v3_3_daily_refresh/v3_3b_runtime_benchmark/_state_backup/governance/6_5_governance_closure_pack/governance_closure_report.md","governance_closure_report.md","md","2297","0.002191","EVIDENCE_ARTIFACT","v3_3_daily_refresh","NONE","TRUE","FALSE","FALSE","Historical validation report log backup script or other non-runtime evidence"
"V6/outputs/v3_3_daily_refresh/v3_3b_runtime_benchmark/_state_backup/governance/6_5_governance_closure_pack/governance_closure_summary.csv","governance_closure_summary.csv","csv","440","0.00042","EVIDENCE_ARTIFACT","v3_3_daily_refresh","NONE","TRUE","FALSE","FALSE","Historical validation report log backup script or other non-runtime evidence"
"V6/outputs/v3_3_daily_refresh/v3_3b_runtime_benchmark/_state_backup/governance/6_5_governance_closure_pack/governance_closure_validation.csv","governance_closure_validation.csv","csv","13242","0.012629","EVIDENCE_ARTIFACT","v3_3_daily_refresh","NONE","TRUE","FALSE","FALSE","Historical validation report log backup script or other non-runtime evidence"
"V6/outputs/v3_3_daily_refresh/v3_3b_runtime_benchmark/_state_backup/governance/6_5_governance_closure_pack/governance_dashboard_handoff_manifest.csv","governance_dashboard_handoff_manifest.csv","csv","3770","0.003595","EVIDENCE_ARTIFACT","v3_3_daily_refresh","NONE","TRUE","FALSE","FALSE","Historical validation report log backup script or other non-runtime evidence"
"V6/outputs/v3_3_daily_refresh/v3_3b_runtime_benchmark/_state_backup/governance/6_5_governance_closure_pack/governance_executive_summary.md","governance_executive_summary.md","md","584","0.000557","EVIDENCE_ARTIFACT","v3_3_daily_refresh","NONE","TRUE","FALSE","FALSE","Historical validation report log backup script or other non-runtime evidence"
"V6/outputs/v3_3_daily_refresh/v3_3b_runtime_benchmark/_state_backup/governance/6_5_governance_closure_pack/governance_next_steps.csv","governance_next_steps.csv","csv","1350","0.001287","EVIDENCE_ARTIFACT","v3_3_daily_refresh","NONE","TRUE","FALSE","FALSE","Historical validation report log backup script or other non-runtime evidence"
"V6/outputs/v3_3_daily_refresh/v3_3b_runtime_benchmark/_state_backup/governance/6_5_governance_closure_pack/governance_register.csv","governance_register.csv","csv","3324","0.00317","EVIDENCE_ARTIFACT","v3_3_daily_refresh","NONE","TRUE","FALSE","FALSE","Historical validation report log backup script or other non-runtime evidence"
"V6/outputs/v3_3_daily_refresh/v3_3b_runtime_benchmark/_state_backup/governance/6_5_governance_closure_pack/governance_stage_status_manifest.csv","governance_stage_status_manifest.csv","csv","1081","0.001031","EVIDENCE_ARTIFACT","v3_3_daily_refresh","NONE","TRUE","FALSE","FALSE","Historical validation report log backup script or other non-runtime evidence"
"V6/outputs/v3_3_daily_refresh/v3_3b_runtime_benchmark/_state_backup/governance/audit_6/_audit_6_independent_verification.py","_audit_6_independent_verification.py","py","9144","0.00872","EVIDENCE_ARTIFACT","v3_3_daily_refresh","NONE","TRUE","FALSE","FALSE","Historical validation report log backup script or other non-runtime evidence"
"V6/outputs/v3_3_daily_refresh/v3_3b_runtime_benchmark/_state_backup/governance/audit_6/audit_6_dashboard_contract_review.csv","audit_6_dashboard_contract_review.csv","csv","2980","0.002842","CONTRACT_SPEC","v3_3_daily_refresh","NONE","FALSE","TRUE","FALSE","Defines scope behavior schema policy or plan; not runtime data"
"V6/outputs/v3_3_daily_refresh/v3_3b_runtime_benchmark/_state_backup/governance/audit_6/audit_6_final_report.md","audit_6_final_report.md","md","9336","0.008904","EVIDENCE_ARTIFACT","v3_3_daily_refresh","NONE","TRUE","FALSE","FALSE","Historical validation report log backup script or other non-runtime evidence"
"V6/outputs/v3_3_daily_refresh/v3_3b_runtime_benchmark/_state_backup/governance/audit_6/audit_6_findings.csv","audit_6_findings.csv","csv","2596","0.002476","EVIDENCE_ARTIFACT","v3_3_daily_refresh","NONE","TRUE","FALSE","FALSE","Historical validation report log backup script or other non-runtime evidence"
"V6/outputs/v3_3_daily_refresh/v3_3b_runtime_benchmark/_state_backup/governance/audit_6/audit_6_governance_review.csv","audit_6_governance_review.csv","csv","2863","0.00273","EVIDENCE_ARTIFACT","v3_3_daily_refresh","NONE","TRUE","FALSE","FALSE","Historical validation report log backup script or other non-runtime evidence"
"V6/outputs/v3_3_daily_refresh/v3_3b_runtime_benchmark/_state_backup/governance/audit_6/audit_6_independent_verification_results.csv","audit_6_independent_verification_results.csv","csv","2235","0.002131","EVIDENCE_ARTIFACT","v3_3_daily_refresh","NONE","TRUE","FALSE","FALSE","Historical validation report log backup script or other non-runtime evidence"
"V6/outputs/v3_3_daily_refresh/v3_3b_runtime_benchmark/_state_backup/governance/audit_6/audit_6_readiness_checklist.csv","audit_6_readiness_checklist.csv","csv","4129","0.003938","EVIDENCE_ARTIFACT","v3_3_daily_refresh","NONE","TRUE","FALSE","FALSE","Historical validation report log backup script or other non-runtime evidence"
"V6/outputs/v3_3_daily_refresh/v3_3b_runtime_benchmark/_state_backup/governance/audit_6/audit_6_summary.csv","audit_6_summary.csv","csv","418","0.000399","EVIDENCE_ARTIFACT","v3_3_daily_refresh","NONE","TRUE","FALSE","FALSE","Historical validation report log backup script or other non-runtime evidence"
"V6/outputs/v3_3_daily_refresh/v3_3b_runtime_benchmark/_state_backup/governance/audit_6/audit_6_traceability_review.csv","audit_6_traceability_review.csv","csv","3380","0.003223","EVIDENCE_ARTIFACT","v3_3_daily_refresh","NONE","TRUE","FALSE","FALSE","Historical validation report log backup script or other non-runtime evidence"
"V6/outputs/v3_3_daily_refresh/v3_3b_runtime_benchmark/_state_backup/model_lab/challenger_metrics/challenger_actual_forecast_join.csv","challenger_actual_forecast_join.csv","csv","16525709","15.760144","EVIDENCE_ARTIFACT","v3_3_daily_refresh","NONE","TRUE","FALSE","FALSE","Historical validation report log backup script or other non-runtime evidence"
"V6/outputs/v3_3_daily_refresh/v3_3b_runtime_benchmark/_state_backup/model_lab/challenger_metrics/challenger_metrics_by_model_diagnostic.csv","challenger_metrics_by_model_diagnostic.csv","csv","1968","0.001877","EVIDENCE_ARTIFACT","v3_3_daily_refresh","NONE","TRUE","FALSE","FALSE","Historical validation report log backup script or other non-runtime evidence"
"V6/outputs/v3_3_daily_refresh/v3_3b_runtime_benchmark/_state_backup/model_lab/challenger_metrics/challenger_metrics_entity_window.csv","challenger_metrics_entity_window.csv","csv","853244","0.813717","EVIDENCE_ARTIFACT","v3_3_daily_refresh","NONE","TRUE","FALSE","FALSE","Historical validation report log backup script or other non-runtime evidence"
"V6/outputs/v3_3_daily_refresh/v3_3b_runtime_benchmark/_state_backup/model_lab/challenger_metrics/challenger_metrics_report.md","challenger_metrics_report.md","md","2415","0.002303","EVIDENCE_ARTIFACT","v3_3_daily_refresh","NONE","TRUE","FALSE","FALSE","Historical validation report log backup script or other non-runtime evidence"
"V6/outputs/v3_3_daily_refresh/v3_3b_runtime_benchmark/_state_backup/model_lab/challenger_metrics/challenger_metrics_summary.csv","challenger_metrics_summary.csv","csv","469","0.000447","EVIDENCE_ARTIFACT","v3_3_daily_refresh","NONE","TRUE","FALSE","FALSE","Historical validation report log backup script or other non-runtime evidence"
"V6/outputs/v3_3_daily_refresh/v3_3b_runtime_benchmark/_state_backup/model_lab/challenger_metrics/challenger_metrics_validation.csv","challenger_metrics_validation.csv","csv","1282","0.001223","EVIDENCE_ARTIFACT","v3_3_daily_refresh","NONE","TRUE","FALSE","FALSE","Historical validation report log backup script or other non-runtime evidence"
"V6/outputs/v3_3_daily_refresh/v3_3b_runtime_benchmark/_state_backup/model_lab/challenger_metrics/challenger_negative_forecast_impact.csv","challenger_negative_forecast_impact.csv","csv","886","0.000845","EVIDENCE_ARTIFACT","v3_3_daily_refresh","NONE","TRUE","FALSE","FALSE","Historical validation report log backup script or other non-runtime evidence"
"V6/outputs/v3_3_daily_refresh/v3_3b_runtime_benchmark/_state_backup/model_lab/challenger_metrics/challenger_scoring_forecasts.csv","challenger_scoring_forecasts.csv","csv","11575810","11.039553","EVIDENCE_ARTIFACT","v3_3_daily_refresh","NONE","TRUE","FALSE","FALSE","Historical validation report log backup script or other non-runtime evidence"
"V6/outputs/v3_3_daily_refresh/v3_3b_runtime_benchmark/_state_backup/model_lab/challenger_official_execution_prep/official_challenger_candidate_list.csv","official_challenger_candidate_list.csv","csv","1378","0.001314","EVIDENCE_ARTIFACT","v3_3_daily_refresh","NONE","TRUE","FALSE","FALSE","Historical validation report log backup script or other non-runtime evidence"
"V6/outputs/v3_3_daily_refresh/v3_3b_runtime_benchmark/_state_backup/model_lab/challenger_official_execution_prep/official_execution_gate_review.csv","official_execution_gate_review.csv","csv","9866","0.009409","EVIDENCE_ARTIFACT","v3_3_daily_refresh","NONE","TRUE","FALSE","FALSE","Historical validation report log backup script or other non-runtime evidence"
"V6/outputs/v3_3_daily_refresh/v3_3b_runtime_benchmark/_state_backup/model_lab/challenger_official_execution_prep/official_execution_locked_policy.csv","official_execution_locked_policy.csv","csv","790","0.000753","CONTRACT_SPEC","v3_3_daily_refresh","NONE","FALSE","TRUE","FALSE","Defines scope behavior schema policy or plan; not runtime data"
"V6/outputs/v3_3_daily_refresh/v3_3b_runtime_benchmark/_state_backup/model_lab/challenger_official_execution_prep/official_execution_manifest.csv","official_execution_manifest.csv","csv","761","0.000726","EVIDENCE_ARTIFACT","v3_3_daily_refresh","NONE","TRUE","FALSE","FALSE","Historical validation report log backup script or other non-runtime evidence"
"V6/outputs/v3_3_daily_refresh/v3_3b_runtime_benchmark/_state_backup/model_lab/challenger_official_execution_prep/official_execution_output_contract.csv","official_execution_output_contract.csv","csv","633","0.000604","CONTRACT_SPEC","v3_3_daily_refresh","NONE","FALSE","TRUE","FALSE","Defines scope behavior schema policy or plan; not runtime data"
"V6/outputs/v3_3_daily_refresh/v3_3b_runtime_benchmark/_state_backup/model_lab/challenger_official_execution_prep/official_execution_prep_report.md","official_execution_prep_report.md","md","3487","0.003325","EVIDENCE_ARTIFACT","v3_3_daily_refresh","NONE","TRUE","FALSE","FALSE","Historical validation report log backup script or other non-runtime evidence"
"V6/outputs/v3_3_daily_refresh/v3_3b_runtime_benchmark/_state_backup/model_lab/challenger_official_execution_prep/official_execution_prep_summary.csv","official_execution_prep_summary.csv","csv","336","0.00032","EVIDENCE_ARTIFACT","v3_3_daily_refresh","NONE","TRUE","FALSE","FALSE","Historical validation report log backup script or other non-runtime evidence"
"V6/outputs/v3_3_daily_refresh/v3_3b_runtime_benchmark/_state_backup/model_lab/challenger_official_execution_prep/official_execution_scope.csv","official_execution_scope.csv","csv","54666","0.052134","EVIDENCE_ARTIFACT","v3_3_daily_refresh","NONE","TRUE","FALSE","FALSE","Historical validation report log backup script or other non-runtime evidence"
"V6/outputs/v3_3_daily_refresh/v3_3b_runtime_benchmark/_state_backup/model_lab/challenger_official_execution_prep/official_execution_workload_estimate.csv","official_execution_workload_estimate.csv","csv","852","0.000813","EVIDENCE_ARTIFACT","v3_3_daily_refresh","NONE","TRUE","FALSE","FALSE","Historical validation report log backup script or other non-runtime evidence"
"V6/outputs/v3_3_daily_refresh/v3_3b_runtime_benchmark/_state_backup/model_lab/challenger_official_execution/_checkpoint_execution_status.csv","_checkpoint_execution_status.csv","csv","272191","0.259582","EVIDENCE_ARTIFACT","v3_3_daily_refresh","NONE","TRUE","FALSE","FALSE","Historical validation report log backup script or other non-runtime evidence"
"V6/outputs/v3_3_daily_refresh/v3_3b_runtime_benchmark/_state_backup/model_lab/challenger_official_execution/_checkpoint_forecasts.csv","_checkpoint_forecasts.csv","csv","7986025","7.616067","EVIDENCE_ARTIFACT","v3_3_daily_refresh","NONE","TRUE","FALSE","FALSE","Historical validation report log backup script or other non-runtime evidence"
"V6/outputs/v3_3_daily_refresh/v3_3b_runtime_benchmark/_state_backup/model_lab/challenger_official_execution/challenger_official_contract_validation.csv","challenger_official_contract_validation.csv","csv","2178","0.002077","CONTRACT_SPEC","v3_3_daily_refresh","NONE","FALSE","TRUE","FALSE","Defines scope behavior schema policy or plan; not runtime data"
"V6/outputs/v3_3_daily_refresh/v3_3b_runtime_benchmark/_state_backup/model_lab/challenger_official_execution/challenger_official_execution_manifest_final.csv","challenger_official_execution_manifest_final.csv","csv","1036","0.000988","EVIDENCE_ARTIFACT","v3_3_daily_refresh","NONE","TRUE","FALSE","FALSE","Historical validation report log backup script or other non-runtime evidence"
"V6/outputs/v3_3_daily_refresh/v3_3b_runtime_benchmark/_state_backup/model_lab/challenger_official_execution/challenger_official_execution_report.md","challenger_official_execution_report.md","md","1344","0.001282","EVIDENCE_ARTIFACT","v3_3_daily_refresh","NONE","TRUE","FALSE","FALSE","Historical validation report log backup script or other non-runtime evidence"
"V6/outputs/v3_3_daily_refresh/v3_3b_runtime_benchmark/_state_backup/model_lab/challenger_official_execution/challenger_official_execution_status.csv","challenger_official_execution_status.csv","csv","486226","0.463701","EVIDENCE_ARTIFACT","v3_3_daily_refresh","NONE","TRUE","FALSE","FALSE","Historical validation report log backup script or other non-runtime evidence"
"V6/outputs/v3_3_daily_refresh/v3_3b_runtime_benchmark/_state_backup/model_lab/challenger_official_execution/challenger_official_execution_summary.csv","challenger_official_execution_summary.csv","csv","431","0.000411","EVIDENCE_ARTIFACT","v3_3_daily_refresh","NONE","TRUE","FALSE","FALSE","Historical validation report log backup script or other non-runtime evidence"
"V6/outputs/v3_3_daily_refresh/v3_3b_runtime_benchmark/_state_backup/model_lab/challenger_official_execution/challenger_official_forecasts.csv","challenger_official_forecasts.csv","csv","9561631","9.118682","EVIDENCE_ARTIFACT","v3_3_daily_refresh","NONE","TRUE","FALSE","FALSE","Historical validation report log backup script or other non-runtime evidence"
"V6/outputs/v3_3_daily_refresh/v3_3b_runtime_benchmark/_state_backup/model_lab/challenger_official_execution/challenger_official_model_summary.csv","challenger_official_model_summary.csv","csv","1154","0.001101","EVIDENCE_ARTIFACT","v3_3_daily_refresh","NONE","TRUE","FALSE","FALSE","Historical validation report log backup script or other non-runtime evidence"
"V6/outputs/v3_3_daily_refresh/v3_3b_runtime_benchmark/_state_backup/model_lab/full_baseline/full_baseline_execution_status.csv","full_baseline_execution_status.csv","csv","413989","0.394811","EVIDENCE_ARTIFACT","v3_3_daily_refresh","NONE","TRUE","FALSE","FALSE","Historical validation report log backup script or other non-runtime evidence"
"V6/outputs/v3_3_daily_refresh/v3_3b_runtime_benchmark/_state_backup/model_lab/full_baseline/full_baseline_forecasts.csv","full_baseline_forecasts.csv","csv","13499531","12.874156","EVIDENCE_ARTIFACT","v3_3_daily_refresh","NONE","TRUE","FALSE","FALSE","Historical validation report log backup script or other non-runtime evidence"
"V6/outputs/v3_3_daily_refresh/v3_3b_runtime_benchmark/_state_backup/model_lab/full_baseline/full_baseline_summary.csv","full_baseline_summary.csv","csv","208","0.000198","EVIDENCE_ARTIFACT","v3_3_daily_refresh","NONE","TRUE","FALSE","FALSE","Historical validation report log backup script or other non-runtime evidence"
"V6/outputs/v3_3_daily_refresh/v3_3b_runtime_benchmark/_state_backup/model_lab/tournament_engine/tournament_engine_report.md","tournament_engine_report.md","md","3229","0.003079","EVIDENCE_ARTIFACT","v3_3_daily_refresh","NONE","TRUE","FALSE","FALSE","Historical validation report log backup script or other non-runtime evidence"
"V6/outputs/v3_3_daily_refresh/v3_3b_runtime_benchmark/_state_backup/model_lab/tournament_engine/tournament_entity_model_scores.csv","tournament_entity_model_scores.csv","csv","82108","0.078304","EVIDENCE_ARTIFACT","v3_3_daily_refresh","NONE","TRUE","FALSE","FALSE","Historical validation report log backup script or other non-runtime evidence"
"V6/outputs/v3_3_daily_refresh/v3_3b_runtime_benchmark/_state_backup/model_lab/tournament_engine/tournament_model_evidence_summary.csv","tournament_model_evidence_summary.csv","csv","1403","0.001338","EVIDENCE_ARTIFACT","v3_3_daily_refresh","NONE","TRUE","FALSE","FALSE","Historical validation report log backup script or other non-runtime evidence"
"V6/outputs/v3_3_daily_refresh/v3_3b_runtime_benchmark/_state_backup/model_lab/tournament_engine/tournament_model_scorecard.csv","tournament_model_scorecard.csv","csv","2598","0.002478","EVIDENCE_ARTIFACT","v3_3_daily_refresh","NONE","TRUE","FALSE","FALSE","Historical validation report log backup script or other non-runtime evidence"
"V6/outputs/v3_3_daily_refresh/v3_3b_runtime_benchmark/_state_backup/model_lab/tournament_engine/tournament_model_universe.csv","tournament_model_universe.csv","csv","1486","0.001417","EVIDENCE_ARTIFACT","v3_3_daily_refresh","NONE","TRUE","FALSE","FALSE","Historical validation report log backup script or other non-runtime evidence"
"V6/outputs/v3_3_daily_refresh/v3_3b_runtime_benchmark/_state_backup/model_lab/tournament_engine/tournament_pairwise_evidence.csv","tournament_pairwise_evidence.csv","csv","17160","0.016365","EVIDENCE_ARTIFACT","v3_3_daily_refresh","NONE","TRUE","FALSE","FALSE","Historical validation report log backup script or other non-runtime evidence"
"V6/outputs/v3_3_daily_refresh/v3_3b_runtime_benchmark/_state_backup/model_lab/tournament_engine/tournament_preliminary_standings.csv","tournament_preliminary_standings.csv","csv","1983","0.001891","EVIDENCE_ARTIFACT","v3_3_daily_refresh","NONE","TRUE","FALSE","FALSE","Historical validation report log backup script or other non-runtime evidence"
"V6/outputs/v3_3_daily_refresh/v3_3b_runtime_benchmark/_state_backup/model_lab/tournament_engine/tournament_risk_register.csv","tournament_risk_register.csv","csv","6737","0.006425","EVIDENCE_ARTIFACT","v3_3_daily_refresh","NONE","TRUE","FALSE","FALSE","Historical validation report log backup script or other non-runtime evidence"
"V6/outputs/v3_3_daily_refresh/v3_3b_runtime_benchmark/_state_backup/model_lab/tournament_engine/tournament_summary.csv","tournament_summary.csv","csv","292","0.000278","EVIDENCE_ARTIFACT","v3_3_daily_refresh","NONE","TRUE","FALSE","FALSE","Historical validation report log backup script or other non-runtime evidence"
"V6/outputs/v3_3_daily_refresh/v3_3b_runtime_benchmark/_state_backup/model_lab/tournament_engine/tournament_validation.csv","tournament_validation.csv","csv","1191","0.001136","EVIDENCE_ARTIFACT","v3_3_daily_refresh","NONE","TRUE","FALSE","FALSE","Historical validation report log backup script or other non-runtime evidence"
"V6/outputs/v3_3_daily_refresh/v3_3b_runtime_benchmark/_state_backup/model_lab/training_job_plan.csv","training_job_plan.csv","csv","723511","0.689994","CONTRACT_SPEC","v3_3_daily_refresh","NONE","FALSE","TRUE","FALSE","Defines scope behavior schema policy or plan; not runtime data"
"V6/outputs/v3_3_daily_refresh/v3_3b_runtime_benchmark/_state_backup/model_lab/training_job_summary.csv","training_job_summary.csv","csv","380","0.000362","EVIDENCE_ARTIFACT","v3_3_daily_refresh","NONE","TRUE","FALSE","FALSE","Historical validation report log backup script or other non-runtime evidence"
"V6/outputs/v3_3_daily_refresh/v3_3b_runtime_benchmark/artifacts_inventory/output_artifacts_inventory.csv","output_artifacts_inventory.csv","csv","1837","0.001752","EVIDENCE_ARTIFACT","v3_3_daily_refresh","NONE","TRUE","FALSE","FALSE","Historical validation report log backup script or other non-runtime evidence"
"V6/outputs/v3_3_daily_refresh/v3_3b_runtime_benchmark/logs/S00_auth_vpn_sql_precheck.log","S00_auth_vpn_sql_precheck.log","log","285","0.000272","EVIDENCE_ARTIFACT","v3_3_daily_refresh","NONE","TRUE","FALSE","FALSE","Historical validation report log backup script or other non-runtime evidence"
"V6/outputs/v3_3_daily_refresh/v3_3b_runtime_benchmark/logs/S01_ingestion.log","S01_ingestion.log","log","8768","0.008362","EVIDENCE_ARTIFACT","v3_3_daily_refresh","NONE","TRUE","FALSE","FALSE","Historical validation report log backup script or other non-runtime evidence"
"V6/outputs/v3_3_daily_refresh/v3_3b_runtime_benchmark/logs/S02_transform.log","S02_transform.log","log","1360","0.001297","EVIDENCE_ARTIFACT","v3_3_daily_refresh","NONE","TRUE","FALSE","FALSE","Historical validation report log backup script or other non-runtime evidence"
"V6/outputs/v3_3_daily_refresh/v3_3b_runtime_benchmark/logs/S03_model_execution.log","S03_model_execution.log","log","3050","0.002909","EVIDENCE_ARTIFACT","v3_3_daily_refresh","NONE","TRUE","FALSE","FALSE","Historical validation report log backup script or other non-runtime evidence"
"V6/outputs/v3_3_daily_refresh/v3_3b_runtime_benchmark/logs/S03b_challenger_execution.log","S03b_challenger_execution.log","log","53022","0.050566","EVIDENCE_ARTIFACT","v3_3_daily_refresh","NONE","TRUE","FALSE","FALSE","Historical validation report log backup script or other non-runtime evidence"
"V6/outputs/v3_3_daily_refresh/v3_3b_runtime_benchmark/logs/S04_forecast_outputs.log","S04_forecast_outputs.log","log","1643","0.001567","EVIDENCE_ARTIFACT","v3_3_daily_refresh","NONE","TRUE","FALSE","FALSE","Historical validation report log backup script or other non-runtime evidence"
"V6/outputs/v3_3_daily_refresh/v3_3b_runtime_benchmark/logs/S05_tournament_champion.log","S05_tournament_champion.log","log","719","0.000686","EVIDENCE_ARTIFACT","v3_3_daily_refresh","NONE","TRUE","FALSE","FALSE","Historical validation report log backup script or other non-runtime evidence"
"V6/outputs/v3_3_daily_refresh/v3_3b_runtime_benchmark/logs/S06_canonical_universe.log","S06_canonical_universe.log","log","3279","0.003127","EVIDENCE_ARTIFACT","v3_3_daily_refresh","NONE","TRUE","FALSE","FALSE","Historical validation report log backup script or other non-runtime evidence"
"V6/outputs/v3_3_daily_refresh/v3_3b_runtime_benchmark/logs/S07_evaluation.log","S07_evaluation.log","log","1634","0.001558","EVIDENCE_ARTIFACT","v3_3_daily_refresh","NONE","TRUE","FALSE","FALSE","Historical validation report log backup script or other non-runtime evidence"
"V6/outputs/v3_3_daily_refresh/v3_3b_runtime_benchmark/logs/S08_governance.log","S08_governance.log","log","1340","0.001278","EVIDENCE_ARTIFACT","v3_3_daily_refresh","NONE","TRUE","FALSE","FALSE","Historical validation report log backup script or other non-runtime evidence"
"V6/outputs/v3_3_daily_refresh/v3_3b_runtime_benchmark/logs/v3_3b_benchmark_master.log","v3_3b_benchmark_master.log","log","2035","0.001941","EVIDENCE_ARTIFACT","v3_3_daily_refresh","NONE","TRUE","FALSE","FALSE","Historical validation report log backup script or other non-runtime evidence"
"V6/outputs/v3_3_daily_refresh/v3_3b_runtime_benchmark/runtime/benchmark_total_runtime.csv","benchmark_total_runtime.csv","csv","984","0.000938","EVIDENCE_ARTIFACT","v3_3_daily_refresh","NONE","TRUE","FALSE","FALSE","Historical validation report log backup script or other non-runtime evidence"
"V6/outputs/v3_3_daily_refresh/v3_3b_runtime_benchmark/runtime/stage_runtime_summary.csv","stage_runtime_summary.csv","csv","4314","0.004114","EVIDENCE_ARTIFACT","v3_3_daily_refresh","NONE","TRUE","FALSE","FALSE","Historical validation report log backup script or other non-runtime evidence"
"V6/outputs/v3_3_daily_refresh/v3_3b_runtime_benchmark/status/auth_sql_precheck_result.csv","auth_sql_precheck_result.csv","csv","399","0.000381","EVIDENCE_ARTIFACT","v3_3_daily_refresh","NONE","TRUE","FALSE","FALSE","Historical validation report log backup script or other non-runtime evidence"
"V6/outputs/v3_3_daily_refresh/v3_3b_runtime_benchmark/status/champion_behavior_observation.csv","champion_behavior_observation.csv","csv","583","0.000556","EVIDENCE_ARTIFACT","v3_3_daily_refresh","NONE","TRUE","FALSE","FALSE","Historical validation report log backup script or other non-runtime evidence"
"V6/outputs/v3_3_daily_refresh/v3_3b_runtime_benchmark/status/daily_scope_alignment.csv","daily_scope_alignment.csv","csv","2435","0.002322","EVIDENCE_ARTIFACT","v3_3_daily_refresh","NONE","TRUE","FALSE","FALSE","Historical validation report log backup script or other non-runtime evidence"
"V6/outputs/v3_3_daily_refresh/v3_3b_runtime_benchmark/status/last_update_observation.csv","last_update_observation.csv","csv","624","0.000595","EVIDENCE_ARTIFACT","v3_3_daily_refresh","NONE","TRUE","FALSE","FALSE","Historical validation report log backup script or other non-runtime evidence"
"V6/outputs/v3_3_daily_refresh/v3_3b_runtime_benchmark/v3_3b_report.md","v3_3b_report.md","md","5786","0.005518","EVIDENCE_ARTIFACT","v3_3_daily_refresh","NONE","TRUE","FALSE","FALSE","Historical validation report log backup script or other non-runtime evidence"
"V6/outputs/v3_3_daily_refresh/v3_3b_runtime_benchmark/v3_3b_validation.csv","v3_3b_validation.csv","csv","2222","0.002119","EVIDENCE_ARTIFACT","v3_3_daily_refresh","NONE","TRUE","FALSE","FALSE","Historical validation report log backup script or other non-runtime evidence"
"V6/outputs/v3_3_daily_refresh/v3_3b2_corrected_runtime_benchmark/_backup/data__processed/actuals.csv","actuals.csv","csv","7359186","7.018267","EVIDENCE_ARTIFACT","v3_3_daily_refresh","NONE","TRUE","FALSE","FALSE","Historical validation report log backup script or other non-runtime evidence"
"V6/outputs/v3_3_daily_refresh/v3_3b2_corrected_runtime_benchmark/_backup/data__processed/entities.csv","entities.csv","csv","3259","0.003108","EVIDENCE_ARTIFACT","v3_3_daily_refresh","NONE","TRUE","FALSE","FALSE","Historical validation report log backup script or other non-runtime evidence"
"V6/outputs/v3_3_daily_refresh/v3_3b2_corrected_runtime_benchmark/_backup/data__processed/forecast_comparison.csv","forecast_comparison.csv","csv","133","0.000127","EVIDENCE_ARTIFACT","v3_3_daily_refresh","NONE","TRUE","FALSE","FALSE","Historical validation report log backup script or other non-runtime evidence"
"V6/outputs/v3_3_daily_refresh/v3_3b2_corrected_runtime_benchmark/_backup/data__processed/forecast_viewer_model_outputs_manifest.csv","forecast_viewer_model_outputs_manifest.csv","csv","3026","0.002886","EVIDENCE_ARTIFACT","v3_3_daily_refresh","NONE","TRUE","FALSE","FALSE","Historical validation report log backup script or other non-runtime evidence"
"V6/outputs/v3_3_daily_refresh/v3_3b2_corrected_runtime_benchmark/_backup/data__processed/forecast_viewer_model_outputs_pilot_manifest.csv","forecast_viewer_model_outputs_pilot_manifest.csv","csv","1126","0.001074","EVIDENCE_ARTIFACT","v3_3_daily_refresh","NONE","TRUE","FALSE","FALSE","Historical validation report log backup script or other non-runtime evidence"
"V6/outputs/v3_3_daily_refresh/v3_3b2_corrected_runtime_benchmark/_backup/data__processed/forecast_viewer_model_outputs_pilot_sample.csv","forecast_viewer_model_outputs_pilot_sample.csv","csv","50821","0.048467","EVIDENCE_ARTIFACT","v3_3_daily_refresh","NONE","TRUE","FALSE","FALSE","Historical validation report log backup script or other non-runtime evidence"
"V6/outputs/v3_3_daily_refresh/v3_3b2_corrected_runtime_benchmark/_backup/data__processed/forecast_viewer_model_outputs_pilot.csv","forecast_viewer_model_outputs_pilot.csv","csv","3573931","3.408366","EVIDENCE_ARTIFACT","v3_3_daily_refresh","NONE","TRUE","FALSE","FALSE","Historical validation report log backup script or other non-runtime evidence"
"V6/outputs/v3_3_daily_refresh/v3_3b2_corrected_runtime_benchmark/_backup/data__processed/forecast_viewer_model_outputs_sample.csv","forecast_viewer_model_outputs_sample.csv","csv","16799","0.016021","EVIDENCE_ARTIFACT","v3_3_daily_refresh","NONE","TRUE","FALSE","FALSE","Historical validation report log backup script or other non-runtime evidence"
"V6/outputs/v3_3_daily_refresh/v3_3b2_corrected_runtime_benchmark/_backup/data__processed/forecast_viewer_model_outputs.csv","forecast_viewer_model_outputs.csv","csv","51467614","49.083342","EVIDENCE_ARTIFACT","v3_3_daily_refresh","NONE","TRUE","FALSE","FALSE","Historical validation report log backup script or other non-runtime evidence"
"V6/outputs/v3_3_daily_refresh/v3_3b2_corrected_runtime_benchmark/_backup/data__processed/forecasts_with_intervals_relative_60d_calibrated.csv","forecasts_with_intervals_relative_60d_calibrated.csv","csv","20847730","19.881945","EVIDENCE_ARTIFACT","v3_3_daily_refresh","NONE","TRUE","FALSE","FALSE","Historical validation report log backup script or other non-runtime evidence"
"V6/outputs/v3_3_daily_refresh/v3_3b2_corrected_runtime_benchmark/_backup/data__processed/forecasts_with_intervals_relative_60d.csv","forecasts_with_intervals_relative_60d.csv","csv","19904436","18.982349","EVIDENCE_ARTIFACT","v3_3_daily_refresh","NONE","TRUE","FALSE","FALSE","Historical validation report log backup script or other non-runtime evidence"
"V6/outputs/v3_3_daily_refresh/v3_3b2_corrected_runtime_benchmark/_backup/data__processed/forecasts_with_intervals_relative.csv","forecasts_with_intervals_relative.csv","csv","20033057","19.105012","EVIDENCE_ARTIFACT","v3_3_daily_refresh","NONE","TRUE","FALSE","FALSE","Historical validation report log backup script or other non-runtime evidence"
"V6/outputs/v3_3_daily_refresh/v3_3b2_corrected_runtime_benchmark/_backup/data__processed/forecasts_with_intervals.csv","forecasts_with_intervals.csv","csv","12516890","11.937037","EVIDENCE_ARTIFACT","v3_3_daily_refresh","NONE","TRUE","FALSE","FALSE","Historical validation report log backup script or other non-runtime evidence"
"V6/outputs/v3_3_daily_refresh/v3_3b2_corrected_runtime_benchmark/_backup/data__processed/forecasts.csv","forecasts.csv","csv","8559916","8.163372","EVIDENCE_ARTIFACT","v3_3_daily_refresh","NONE","TRUE","FALSE","FALSE","Historical validation report log backup script or other non-runtime evidence"
"V6/outputs/v3_3_daily_refresh/v3_3b2_corrected_runtime_benchmark/_backup/data__processed/model_champion_comparison.csv","model_champion_comparison.csv","csv","759","0.000724","EVIDENCE_ARTIFACT","v3_3_daily_refresh","NONE","TRUE","FALSE","FALSE","Historical validation report log backup script or other non-runtime evidence"
"V6/outputs/v3_3_daily_refresh/v3_3b2_corrected_runtime_benchmark/_backup/data__processed/model_dashboard_summary.csv","model_dashboard_summary.csv","csv","621","0.000592","EVIDENCE_ARTIFACT","v3_3_daily_refresh","NONE","TRUE","FALSE","FALSE","Historical validation report log backup script or other non-runtime evidence"
"V6/outputs/v3_3_daily_refresh/v3_3b2_corrected_runtime_benchmark/_backup/data__processed/model_evaluation_ranking.csv","model_evaluation_ranking.csv","csv","646","0.000616","EVIDENCE_ARTIFACT","v3_3_daily_refresh","NONE","TRUE","FALSE","FALSE","Historical validation report log backup script or other non-runtime evidence"
"V6/outputs/v3_3_daily_refresh/v3_3b2_corrected_runtime_benchmark/_backup/data__processed/model_evaluation_summary.csv","model_evaluation_summary.csv","csv","1722","0.001642","EVIDENCE_ARTIFACT","v3_3_daily_refresh","NONE","TRUE","FALSE","FALSE","Historical validation report log backup script or other non-runtime evidence"
"V6/outputs/v3_3_daily_refresh/v3_3b2_corrected_runtime_benchmark/_backup/data__processed/model_runtime_guardrails.csv","model_runtime_guardrails.csv","csv","639","0.000609","EVIDENCE_ARTIFACT","v3_3_daily_refresh","NONE","TRUE","FALSE","FALSE","Historical validation report log backup script or other non-runtime evidence"
"V6/outputs/v3_3_daily_refresh/v3_3b2_corrected_runtime_benchmark/_backup/data__processed/model_universe_canonical.csv","model_universe_canonical.csv","csv","2669","0.002545","EVIDENCE_ARTIFACT","v3_3_daily_refresh","NONE","TRUE","FALSE","FALSE","Historical validation report log backup script or other non-runtime evidence"
"V6/outputs/v3_3_daily_refresh/v3_3b2_corrected_runtime_benchmark/_backup/data__processed/run_metadata.csv","run_metadata.csv","csv","412","0.000393","EVIDENCE_ARTIFACT","v3_3_daily_refresh","NONE","TRUE","FALSE","FALSE","Historical validation report log backup script or other non-runtime evidence"
"V6/outputs/v3_3_daily_refresh/v3_3b2_corrected_runtime_benchmark/_backup/data__processed/ttl_months_to_live_snapshot.csv","ttl_months_to_live_snapshot.csv","csv","13247","0.012633","EVIDENCE_ARTIFACT","v3_3_daily_refresh","NONE","TRUE","FALSE","FALSE","Historical validation report log backup script or other non-runtime evidence"
"V6/outputs/v3_3_daily_refresh/v3_3b2_corrected_runtime_benchmark/_backup/data__processed/ttl_supply_demand_timeseries.csv","ttl_supply_demand_timeseries.csv","csv","323211","0.308238","EVIDENCE_ARTIFACT","v3_3_daily_refresh","NONE","TRUE","FALSE","FALSE","Historical validation report log backup script or other non-runtime evidence"
"V6/outputs/v3_3_daily_refresh/v3_3b2_corrected_runtime_benchmark/_backup/data__raw/hdd_forest_metrics.csv","hdd_forest_metrics.csv","csv","1231265","1.174226","EVIDENCE_ARTIFACT","v3_3_daily_refresh","NONE","TRUE","FALSE","FALSE","Historical validation report log backup script or other non-runtime evidence"
"V6/outputs/v3_3_daily_refresh/v3_3b2_corrected_runtime_benchmark/_backup/data__raw/hdd_region_actuals.csv","hdd_region_actuals.csv","csv","7291991","6.954185","EVIDENCE_ARTIFACT","v3_3_daily_refresh","NONE","TRUE","FALSE","FALSE","Historical validation report log backup script or other non-runtime evidence"
"V6/outputs/v3_3_daily_refresh/v3_3b2_corrected_runtime_benchmark/_backup/data__raw/hdd_region_forecasts.csv","hdd_region_forecasts.csv","csv","6940326","6.618811","EVIDENCE_ARTIFACT","v3_3_daily_refresh","NONE","TRUE","FALSE","FALSE","Historical validation report log backup script or other non-runtime evidence"
"V6/outputs/v3_3_daily_refresh/v3_3b2_corrected_runtime_benchmark/_backup/data__raw/hdd_region_metrics.csv","hdd_region_metrics.csv","csv","347353","0.331262","EVIDENCE_ARTIFACT","v3_3_daily_refresh","NONE","TRUE","FALSE","FALSE","Historical validation report log backup script or other non-runtime evidence"
"V6/outputs/v3_3_daily_refresh/v3_3b2_corrected_runtime_benchmark/_backup/data__raw/ssd_phx_lvne_metrics.csv","ssd_phx_lvne_metrics.csv","csv","1035582","0.987608","EVIDENCE_ARTIFACT","v3_3_daily_refresh","NONE","TRUE","FALSE","FALSE","Historical validation report log backup script or other non-runtime evidence"
"V6/outputs/v3_3_daily_refresh/v3_3b2_corrected_runtime_benchmark/_backup/data__raw/ssd_phx_lvwe_metrics.csv","ssd_phx_lvwe_metrics.csv","csv","1013528","0.966576","EVIDENCE_ARTIFACT","v3_3_daily_refresh","NONE","TRUE","FALSE","FALSE","Historical validation report log backup script or other non-runtime evidence"
"V6/outputs/v3_3_daily_refresh/v3_3b2_corrected_runtime_benchmark/_backup/outputs__evaluation/backtest_window_inventory.csv","backtest_window_inventory.csv","csv","3095","0.002952","EVIDENCE_ARTIFACT","v3_3_daily_refresh","NONE","TRUE","FALSE","FALSE","Historical validation report log backup script or other non-runtime evidence"
"V6/outputs/v3_3_daily_refresh/v3_3b2_corrected_runtime_benchmark/_backup/outputs__evaluation/evaluation_dataset_metadata.csv","evaluation_dataset_metadata.csv","csv","157","0.00015","EVIDENCE_ARTIFACT","v3_3_daily_refresh","NONE","TRUE","FALSE","FALSE","Historical validation report log backup script or other non-runtime evidence"
"V6/outputs/v3_3_daily_refresh/v3_3b2_corrected_runtime_benchmark/_backup/outputs__evaluation/evaluation_dataset.csv","evaluation_dataset.csv","csv","14753409","14.069947","EVIDENCE_ARTIFACT","v3_3_daily_refresh","NONE","TRUE","FALSE","FALSE","Historical validation report log backup script or other non-runtime evidence"
"V6/outputs/v3_3_daily_refresh/v3_3b2_corrected_runtime_benchmark/_backup/outputs__evaluation/evaluation_source_inventory.csv","evaluation_source_inventory.csv","csv","1140","0.001087","EVIDENCE_ARTIFACT","v3_3_daily_refresh","NONE","TRUE","FALSE","FALSE","Historical validation report log backup script or other non-runtime evidence"
"V6/outputs/v3_3_daily_refresh/v3_3b2_corrected_runtime_benchmark/_backup/outputs__evaluation/evaluation_source_summary.txt","evaluation_source_summary.txt","txt","5591","0.005332","EVIDENCE_ARTIFACT","v3_3_daily_refresh","NONE","TRUE","FALSE","FALSE","Historical validation report log backup script or other non-runtime evidence"
"V6/outputs/v3_3_daily_refresh/v3_3b2_corrected_runtime_benchmark/_backup/outputs__governance/6_0_audit5_finding_resolution/audit5_finding_resolution_report.md","audit5_finding_resolution_report.md","md","917","0.000875","EVIDENCE_ARTIFACT","v3_3_daily_refresh","NONE","TRUE","FALSE","FALSE","Historical validation report log backup script or other non-runtime evidence"
"V6/outputs/v3_3_daily_refresh/v3_3b2_corrected_runtime_benchmark/_backup/outputs__governance/6_0_audit5_finding_resolution/audit5_finding_resolution.csv","audit5_finding_resolution.csv","csv","1303","0.001243","EVIDENCE_ARTIFACT","v3_3_daily_refresh","NONE","TRUE","FALSE","FALSE","Historical validation report log backup script or other non-runtime evidence"
"V6/outputs/v3_3_daily_refresh/v3_3b2_corrected_runtime_benchmark/_backup/outputs__governance/6_0_audit5_finding_resolution/governed_manifest_correction.csv","governed_manifest_correction.csv","csv","452","0.000431","EVIDENCE_ARTIFACT","v3_3_daily_refresh","NONE","TRUE","FALSE","FALSE","Historical validation report log backup script or other non-runtime evidence"
"V6/outputs/v3_3_daily_refresh/v3_3b2_corrected_runtime_benchmark/_backup/outputs__governance/6_1_governance_foundation/governance_6_0_6_1_validation.csv","governance_6_0_6_1_validation.csv","csv","1999","0.001906","EVIDENCE_ARTIFACT","v3_3_daily_refresh","NONE","TRUE","FALSE","FALSE","Historical validation report log backup script or other non-runtime evidence"
"V6/outputs/v3_3_daily_refresh/v3_3b2_corrected_runtime_benchmark/_backup/outputs__governance/6_1_governance_foundation/governance_definitions.csv","governance_definitions.csv","csv","3183","0.003036","EVIDENCE_ARTIFACT","v3_3_daily_refresh","NONE","TRUE","FALSE","FALSE","Historical validation report log backup script or other non-runtime evidence"
"V6/outputs/v3_3_daily_refresh/v3_3b2_corrected_runtime_benchmark/_backup/outputs__governance/6_1_governance_foundation/governance_foundation_report.md","governance_foundation_report.md","md","1849","0.001763","EVIDENCE_ARTIFACT","v3_3_daily_refresh","NONE","TRUE","FALSE","FALSE","Historical validation report log backup script or other non-runtime evidence"
"V6/outputs/v3_3_daily_refresh/v3_3b2_corrected_runtime_benchmark/_backup/outputs__governance/6_1_governance_foundation/governance_status_taxonomy.csv","governance_status_taxonomy.csv","csv","2175","0.002074","CONTRACT_SPEC","v3_3_daily_refresh","NONE","FALSE","TRUE","FALSE","Defines scope behavior schema policy or plan; not runtime data"
"V6/outputs/v3_3_daily_refresh/v3_3b2_corrected_runtime_benchmark/_backup/outputs__governance/6_2_decision_rules/decision_action_framework.csv","decision_action_framework.csv","csv","4432","0.004227","CONTRACT_SPEC","v3_3_daily_refresh","NONE","FALSE","TRUE","FALSE","Defines scope behavior schema policy or plan; not runtime data"
"V6/outputs/v3_3_daily_refresh/v3_3b2_corrected_runtime_benchmark/_backup/outputs__governance/6_2_decision_rules/decision_rule_traceability.csv","decision_rule_traceability.csv","csv","2249","0.002145","CONTRACT_SPEC","v3_3_daily_refresh","NONE","FALSE","TRUE","FALSE","Defines scope behavior schema policy or plan; not runtime data"
"V6/outputs/v3_3_daily_refresh/v3_3b2_corrected_runtime_benchmark/_backup/outputs__governance/6_2_decision_rules/decision_rules_report.md","decision_rules_report.md","md","2540","0.002422","CONTRACT_SPEC","v3_3_daily_refresh","NONE","FALSE","TRUE","FALSE","Defines scope behavior schema policy or plan; not runtime data"
"V6/outputs/v3_3_daily_refresh/v3_3b2_corrected_runtime_benchmark/_backup/outputs__governance/6_2_decision_rules/decision_rules_validation.csv","decision_rules_validation.csv","csv","2394","0.002283","CONTRACT_SPEC","v3_3_daily_refresh","NONE","FALSE","TRUE","FALSE","Defines scope behavior schema policy or plan; not runtime data"
"V6/outputs/v3_3_daily_refresh/v3_3b2_corrected_runtime_benchmark/_backup/outputs__governance/6_2_decision_rules/governance_recommendations.csv","governance_recommendations.csv","csv","4883","0.004657","EVIDENCE_ARTIFACT","v3_3_daily_refresh","NONE","TRUE","FALSE","FALSE","Historical validation report log backup script or other non-runtime evidence"
"V6/outputs/v3_3_daily_refresh/v3_3b2_corrected_runtime_benchmark/_backup/outputs__governance/6_2_decision_rules/model_recommendation_rules.csv","model_recommendation_rules.csv","csv","2835","0.002704","EVIDENCE_ARTIFACT","v3_3_daily_refresh","NONE","TRUE","FALSE","FALSE","Historical validation report log backup script or other non-runtime evidence"
"V6/outputs/v3_3_daily_refresh/v3_3b2_corrected_runtime_benchmark/_backup/outputs__governance/6_2_decision_rules/risk_to_action_mapping.csv","risk_to_action_mapping.csv","csv","2870","0.002737","EVIDENCE_ARTIFACT","v3_3_daily_refresh","NONE","TRUE","FALSE","FALSE","Historical validation report log backup script or other non-runtime evidence"
"V6/outputs/v3_3_daily_refresh/v3_3b2_corrected_runtime_benchmark/_backup/outputs__governance/6_3_champion_conditions/champion_condition_traceability.csv","champion_condition_traceability.csv","csv","2055","0.00196","EVIDENCE_ARTIFACT","v3_3_daily_refresh","NONE","TRUE","FALSE","FALSE","Historical validation report log backup script or other non-runtime evidence"
"V6/outputs/v3_3_daily_refresh/v3_3b2_corrected_runtime_benchmark/_backup/outputs__governance/6_3_champion_conditions/champion_conditions_protocol.csv","champion_conditions_protocol.csv","csv","2294","0.002188","EVIDENCE_ARTIFACT","v3_3_daily_refresh","NONE","TRUE","FALSE","FALSE","Historical validation report log backup script or other non-runtime evidence"
"V6/outputs/v3_3_daily_refresh/v3_3b2_corrected_runtime_benchmark/_backup/outputs__governance/6_3_champion_conditions/champion_conditions_report.md","champion_conditions_report.md","md","2582","0.002462","EVIDENCE_ARTIFACT","v3_3_daily_refresh","NONE","TRUE","FALSE","FALSE","Historical validation report log backup script or other non-runtime evidence"
"V6/outputs/v3_3_daily_refresh/v3_3b2_corrected_runtime_benchmark/_backup/outputs__governance/6_3_champion_conditions/champion_conditions_validation.csv","champion_conditions_validation.csv","csv","2188","0.002087","EVIDENCE_ARTIFACT","v3_3_daily_refresh","NONE","TRUE","FALSE","FALSE","Historical validation report log backup script or other non-runtime evidence"
"V6/outputs/v3_3_daily_refresh/v3_3b2_corrected_runtime_benchmark/_backup/outputs__governance/6_3_champion_conditions/champion_dashboard_display_requirements.csv","champion_dashboard_display_requirements.csv","csv","2415","0.002303","EVIDENCE_ARTIFACT","v3_3_daily_refresh","NONE","TRUE","FALSE","FALSE","Historical validation report log backup script or other non-runtime evidence"
"V6/outputs/v3_3_daily_refresh/v3_3b2_corrected_runtime_benchmark/_backup/outputs__governance/6_3_champion_conditions/champion_dashboard_language.csv","champion_dashboard_language.csv","csv","2879","0.002746","EVIDENCE_ARTIFACT","v3_3_daily_refresh","NONE","TRUE","FALSE","FALSE","Historical validation report log backup script or other non-runtime evidence"
"V6/outputs/v3_3_daily_refresh/v3_3b2_corrected_runtime_benchmark/_backup/outputs__governance/6_4_dashboard_contract/dashboard_contract_validation.csv","dashboard_contract_validation.csv","csv","23874","0.022768","CONTRACT_SPEC","v3_3_daily_refresh","NONE","FALSE","TRUE","FALSE","Defines scope behavior schema policy or plan; not runtime data"
"V6/outputs/v3_3_daily_refresh/v3_3b2_corrected_runtime_benchmark/_backup/outputs__governance/6_4_dashboard_contract/dashboard_data_binding_contract.csv","dashboard_data_binding_contract.csv","csv","4752","0.004532","CONTRACT_SPEC","v3_3_daily_refresh","NONE","FALSE","TRUE","FALSE","Defines scope behavior schema policy or plan; not runtime data"
"V6/outputs/v3_3_daily_refresh/v3_3b2_corrected_runtime_benchmark/_backup/outputs__governance/6_4_dashboard_contract/dashboard_do_dont_rules.csv","dashboard_do_dont_rules.csv","csv","2458","0.002344","EVIDENCE_ARTIFACT","v3_3_daily_refresh","NONE","TRUE","FALSE","FALSE","Historical validation report log backup script or other non-runtime evidence"
"V6/outputs/v3_3_daily_refresh/v3_3b2_corrected_runtime_benchmark/_backup/outputs__governance/6_4_dashboard_contract/dashboard_governance_contract_report.md","dashboard_governance_contract_report.md","md","2714","0.002588","CONTRACT_SPEC","v3_3_daily_refresh","NONE","FALSE","TRUE","FALSE","Defines scope behavior schema policy or plan; not runtime data"
"V6/outputs/v3_3_daily_refresh/v3_3b2_corrected_runtime_benchmark/_backup/outputs__governance/6_4_dashboard_contract/dashboard_governance_contract.csv","dashboard_governance_contract.csv","csv","4686","0.004469","CONTRACT_SPEC","v3_3_daily_refresh","NONE","FALSE","TRUE","FALSE","Defines scope behavior schema policy or plan; not runtime data"
"V6/outputs/v3_3_daily_refresh/v3_3b2_corrected_runtime_benchmark/_backup/outputs__governance/6_4_dashboard_contract/dashboard_governance_traceability.csv","dashboard_governance_traceability.csv","csv","2541","0.002423","EVIDENCE_ARTIFACT","v3_3_daily_refresh","NONE","TRUE","FALSE","FALSE","Historical validation report log backup script or other non-runtime evidence"
"V6/outputs/v3_3_daily_refresh/v3_3b2_corrected_runtime_benchmark/_backup/outputs__governance/6_4_dashboard_contract/dashboard_required_sections.csv","dashboard_required_sections.csv","csv","4244","0.004047","EVIDENCE_ARTIFACT","v3_3_daily_refresh","NONE","TRUE","FALSE","FALSE","Historical validation report log backup script or other non-runtime evidence"
"V6/outputs/v3_3_daily_refresh/v3_3b2_corrected_runtime_benchmark/_backup/outputs__governance/6_4_dashboard_contract/dashboard_warning_labels.csv","dashboard_warning_labels.csv","csv","1148","0.001095","EVIDENCE_ARTIFACT","v3_3_daily_refresh","NONE","TRUE","FALSE","FALSE","Historical validation report log backup script or other non-runtime evidence"
"V6/outputs/v3_3_daily_refresh/v3_3b2_corrected_runtime_benchmark/_backup/outputs__governance/6_5_governance_closure_pack/governance_artifact_manifest.csv","governance_artifact_manifest.csv","csv","6850","0.006533","EVIDENCE_ARTIFACT","v3_3_daily_refresh","NONE","TRUE","FALSE","FALSE","Historical validation report log backup script or other non-runtime evidence"
"V6/outputs/v3_3_daily_refresh/v3_3b2_corrected_runtime_benchmark/_backup/outputs__governance/6_5_governance_closure_pack/governance_closure_report.md","governance_closure_report.md","md","2297","0.002191","EVIDENCE_ARTIFACT","v3_3_daily_refresh","NONE","TRUE","FALSE","FALSE","Historical validation report log backup script or other non-runtime evidence"
"V6/outputs/v3_3_daily_refresh/v3_3b2_corrected_runtime_benchmark/_backup/outputs__governance/6_5_governance_closure_pack/governance_closure_summary.csv","governance_closure_summary.csv","csv","440","0.00042","EVIDENCE_ARTIFACT","v3_3_daily_refresh","NONE","TRUE","FALSE","FALSE","Historical validation report log backup script or other non-runtime evidence"
"V6/outputs/v3_3_daily_refresh/v3_3b2_corrected_runtime_benchmark/_backup/outputs__governance/6_5_governance_closure_pack/governance_closure_validation.csv","governance_closure_validation.csv","csv","13242","0.012629","EVIDENCE_ARTIFACT","v3_3_daily_refresh","NONE","TRUE","FALSE","FALSE","Historical validation report log backup script or other non-runtime evidence"
"V6/outputs/v3_3_daily_refresh/v3_3b2_corrected_runtime_benchmark/_backup/outputs__governance/6_5_governance_closure_pack/governance_dashboard_handoff_manifest.csv","governance_dashboard_handoff_manifest.csv","csv","3770","0.003595","EVIDENCE_ARTIFACT","v3_3_daily_refresh","NONE","TRUE","FALSE","FALSE","Historical validation report log backup script or other non-runtime evidence"
"V6/outputs/v3_3_daily_refresh/v3_3b2_corrected_runtime_benchmark/_backup/outputs__governance/6_5_governance_closure_pack/governance_executive_summary.md","governance_executive_summary.md","md","584","0.000557","EVIDENCE_ARTIFACT","v3_3_daily_refresh","NONE","TRUE","FALSE","FALSE","Historical validation report log backup script or other non-runtime evidence"
"V6/outputs/v3_3_daily_refresh/v3_3b2_corrected_runtime_benchmark/_backup/outputs__governance/6_5_governance_closure_pack/governance_next_steps.csv","governance_next_steps.csv","csv","1350","0.001287","EVIDENCE_ARTIFACT","v3_3_daily_refresh","NONE","TRUE","FALSE","FALSE","Historical validation report log backup script or other non-runtime evidence"
"V6/outputs/v3_3_daily_refresh/v3_3b2_corrected_runtime_benchmark/_backup/outputs__governance/6_5_governance_closure_pack/governance_register.csv","governance_register.csv","csv","3324","0.00317","EVIDENCE_ARTIFACT","v3_3_daily_refresh","NONE","TRUE","FALSE","FALSE","Historical validation report log backup script or other non-runtime evidence"
"V6/outputs/v3_3_daily_refresh/v3_3b2_corrected_runtime_benchmark/_backup/outputs__governance/6_5_governance_closure_pack/governance_stage_status_manifest.csv","governance_stage_status_manifest.csv","csv","1081","0.001031","EVIDENCE_ARTIFACT","v3_3_daily_refresh","NONE","TRUE","FALSE","FALSE","Historical validation report log backup script or other non-runtime evidence"
"V6/outputs/v3_3_daily_refresh/v3_3b2_corrected_runtime_benchmark/_backup/outputs__governance/audit_6/_audit_6_independent_verification.py","_audit_6_independent_verification.py","py","9144","0.00872","EVIDENCE_ARTIFACT","v3_3_daily_refresh","NONE","TRUE","FALSE","FALSE","Historical validation report log backup script or other non-runtime evidence"
"V6/outputs/v3_3_daily_refresh/v3_3b2_corrected_runtime_benchmark/_backup/outputs__governance/audit_6/audit_6_dashboard_contract_review.csv","audit_6_dashboard_contract_review.csv","csv","2980","0.002842","CONTRACT_SPEC","v3_3_daily_refresh","NONE","FALSE","TRUE","FALSE","Defines scope behavior schema policy or plan; not runtime data"
"V6/outputs/v3_3_daily_refresh/v3_3b2_corrected_runtime_benchmark/_backup/outputs__governance/audit_6/audit_6_final_report.md","audit_6_final_report.md","md","9336","0.008904","EVIDENCE_ARTIFACT","v3_3_daily_refresh","NONE","TRUE","FALSE","FALSE","Historical validation report log backup script or other non-runtime evidence"
"V6/outputs/v3_3_daily_refresh/v3_3b2_corrected_runtime_benchmark/_backup/outputs__governance/audit_6/audit_6_findings.csv","audit_6_findings.csv","csv","2596","0.002476","EVIDENCE_ARTIFACT","v3_3_daily_refresh","NONE","TRUE","FALSE","FALSE","Historical validation report log backup script or other non-runtime evidence"
"V6/outputs/v3_3_daily_refresh/v3_3b2_corrected_runtime_benchmark/_backup/outputs__governance/audit_6/audit_6_governance_review.csv","audit_6_governance_review.csv","csv","2863","0.00273","EVIDENCE_ARTIFACT","v3_3_daily_refresh","NONE","TRUE","FALSE","FALSE","Historical validation report log backup script or other non-runtime evidence"
"V6/outputs/v3_3_daily_refresh/v3_3b2_corrected_runtime_benchmark/_backup/outputs__governance/audit_6/audit_6_independent_verification_results.csv","audit_6_independent_verification_results.csv","csv","2235","0.002131","EVIDENCE_ARTIFACT","v3_3_daily_refresh","NONE","TRUE","FALSE","FALSE","Historical validation report log backup script or other non-runtime evidence"
"V6/outputs/v3_3_daily_refresh/v3_3b2_corrected_runtime_benchmark/_backup/outputs__governance/audit_6/audit_6_readiness_checklist.csv","audit_6_readiness_checklist.csv","csv","4129","0.003938","EVIDENCE_ARTIFACT","v3_3_daily_refresh","NONE","TRUE","FALSE","FALSE","Historical validation report log backup script or other non-runtime evidence"
"V6/outputs/v3_3_daily_refresh/v3_3b2_corrected_runtime_benchmark/_backup/outputs__governance/audit_6/audit_6_summary.csv","audit_6_summary.csv","csv","418","0.000399","EVIDENCE_ARTIFACT","v3_3_daily_refresh","NONE","TRUE","FALSE","FALSE","Historical validation report log backup script or other non-runtime evidence"
"V6/outputs/v3_3_daily_refresh/v3_3b2_corrected_runtime_benchmark/_backup/outputs__governance/audit_6/audit_6_traceability_review.csv","audit_6_traceability_review.csv","csv","3380","0.003223","EVIDENCE_ARTIFACT","v3_3_daily_refresh","NONE","TRUE","FALSE","FALSE","Historical validation report log backup script or other non-runtime evidence"
"V6/outputs/v3_3_daily_refresh/v3_3b2_corrected_runtime_benchmark/_backup/outputs__model_lab__champion_decision/champion_candidate_evaluation.csv","champion_candidate_evaluation.csv","csv","2528","0.002411","EVIDENCE_ARTIFACT","v3_3_daily_refresh","NONE","TRUE","FALSE","FALSE","Historical validation report log backup script or other non-runtime evidence"
"V6/outputs/v3_3_daily_refresh/v3_3b2_corrected_runtime_benchmark/_backup/outputs__model_lab__champion_decision/champion_decision_evidence_summary.csv","champion_decision_evidence_summary.csv","csv","1501","0.001431","CONTRACT_SPEC","v3_3_daily_refresh","NONE","FALSE","TRUE","FALSE","Defines scope behavior schema policy or plan; not runtime data"
"V6/outputs/v3_3_daily_refresh/v3_3b2_corrected_runtime_benchmark/_backup/outputs__model_lab__champion_decision/champion_decision_report.md","champion_decision_report.md","md","1887","0.0018","CONTRACT_SPEC","v3_3_daily_refresh","NONE","FALSE","TRUE","FALSE","Defines scope behavior schema policy or plan; not runtime data"
"V6/outputs/v3_3_daily_refresh/v3_3b2_corrected_runtime_benchmark/_backup/outputs__model_lab__champion_decision/champion_decision_risk_review.csv","champion_decision_risk_review.csv","csv","10246","0.009771","CONTRACT_SPEC","v3_3_daily_refresh","NONE","FALSE","TRUE","FALSE","Defines scope behavior schema policy or plan; not runtime data"
"V6/outputs/v3_3_daily_refresh/v3_3b2_corrected_runtime_benchmark/_backup/outputs__model_lab__champion_decision/champion_decision_scorecard.csv","champion_decision_scorecard.csv","csv","3177","0.00303","CONTRACT_SPEC","v3_3_daily_refresh","NONE","FALSE","TRUE","FALSE","Defines scope behavior schema policy or plan; not runtime data"
"V6/outputs/v3_3_daily_refresh/v3_3b2_corrected_runtime_benchmark/_backup/outputs__model_lab__champion_decision/champion_decision_summary.csv","champion_decision_summary.csv","csv","344","0.000328","CONTRACT_SPEC","v3_3_daily_refresh","NONE","FALSE","TRUE","FALSE","Defines scope behavior schema policy or plan; not runtime data"
"V6/outputs/v3_3_daily_refresh/v3_3b2_corrected_runtime_benchmark/_backup/outputs__model_lab__champion_decision/champion_decision_validation.csv","champion_decision_validation.csv","csv","796","0.000759","CONTRACT_SPEC","v3_3_daily_refresh","NONE","FALSE","TRUE","FALSE","Defines scope behavior schema policy or plan; not runtime data"
"V6/outputs/v3_3_daily_refresh/v3_3b2_corrected_runtime_benchmark/_backup/outputs__model_lab__champion_decision/champion_decision.csv","champion_decision.csv","csv","421","0.000401","CONTRACT_SPEC","v3_3_daily_refresh","NONE","FALSE","TRUE","FALSE","Defines scope behavior schema policy or plan; not runtime data"
"V6/outputs/v3_3_daily_refresh/v3_3b2_corrected_runtime_benchmark/_backup/outputs__model_lab__forecast_viewer_handoff/forecast_viewer_handoff_chart_readiness.csv","forecast_viewer_handoff_chart_readiness.csv","csv","6018","0.005739","EVIDENCE_ARTIFACT","v3_3_daily_refresh","NONE","TRUE","FALSE","FALSE","Historical validation report log backup script or other non-runtime evidence"
"V6/outputs/v3_3_daily_refresh/v3_3b2_corrected_runtime_benchmark/_backup/outputs__model_lab__forecast_viewer_handoff/forecast_viewer_handoff_coverage_by_series.csv","forecast_viewer_handoff_coverage_by_series.csv","csv","11207","0.010688","EVIDENCE_ARTIFACT","v3_3_daily_refresh","NONE","TRUE","FALSE","FALSE","Historical validation report log backup script or other non-runtime evidence"
"V6/outputs/v3_3_daily_refresh/v3_3b2_corrected_runtime_benchmark/_backup/outputs__model_lab__forecast_viewer_handoff/forecast_viewer_handoff_excluded_series.csv","forecast_viewer_handoff_excluded_series.csv","csv","804","0.000767","EVIDENCE_ARTIFACT","v3_3_daily_refresh","NONE","TRUE","FALSE","FALSE","Historical validation report log backup script or other non-runtime evidence"
"V6/outputs/v3_3_daily_refresh/v3_3b2_corrected_runtime_benchmark/_backup/outputs__model_lab__forecast_viewer_handoff/forecast_viewer_handoff_horizon_summary.csv","forecast_viewer_handoff_horizon_summary.csv","csv","678","0.000647","EVIDENCE_ARTIFACT","v3_3_daily_refresh","NONE","TRUE","FALSE","FALSE","Historical validation report log backup script or other non-runtime evidence"
"V6/outputs/v3_3_daily_refresh/v3_3b2_corrected_runtime_benchmark/_backup/outputs__model_lab__forecast_viewer_handoff/forecast_viewer_handoff_model_coverage.csv","forecast_viewer_handoff_model_coverage.csv","csv","49171","0.046893","EVIDENCE_ARTIFACT","v3_3_daily_refresh","NONE","TRUE","FALSE","FALSE","Historical validation report log backup script or other non-runtime evidence"
"V6/outputs/v3_3_daily_refresh/v3_3b2_corrected_runtime_benchmark/_backup/outputs__model_lab__forecast_viewer_handoff/forecast_viewer_handoff_report.md","forecast_viewer_handoff_report.md","md","4413","0.004209","EVIDENCE_ARTIFACT","v3_3_daily_refresh","NONE","TRUE","FALSE","FALSE","Historical validation report log backup script or other non-runtime evidence"
"V6/outputs/v3_3_daily_refresh/v3_3b2_corrected_runtime_benchmark/_backup/outputs__model_lab__forecast_viewer_handoff/forecast_viewer_handoff_schema.csv","forecast_viewer_handoff_schema.csv","csv","890","0.000849","CONTRACT_SPEC","v3_3_daily_refresh","NONE","FALSE","TRUE","FALSE","Defines scope behavior schema policy or plan; not runtime data"
"V6/outputs/v3_3_daily_refresh/v3_3b2_corrected_runtime_benchmark/_backup/outputs__model_lab__forecast_viewer_handoff/forecast_viewer_handoff_source_manifest.csv","forecast_viewer_handoff_source_manifest.csv","csv","804","0.000767","EVIDENCE_ARTIFACT","v3_3_daily_refresh","NONE","TRUE","FALSE","FALSE","Historical validation report log backup script or other non-runtime evidence"
"V6/outputs/v3_3_daily_refresh/v3_3b2_corrected_runtime_benchmark/_backup/outputs__model_lab__forecast_viewer_handoff/forecast_viewer_handoff_validation.csv","forecast_viewer_handoff_validation.csv","csv","2895","0.002761","EVIDENCE_ARTIFACT","v3_3_daily_refresh","NONE","TRUE","FALSE","FALSE","Historical validation report log backup script or other non-runtime evidence"
"V6/outputs/v3_3_daily_refresh/v3_3b2_corrected_runtime_benchmark/_backup/outputs__model_lab__forecast_viewer_handoff/logs/build_full_20260618_205322.log","build_full_20260618_205322.log","log","1483","0.001414","EVIDENCE_ARTIFACT","v3_3_daily_refresh","NONE","TRUE","FALSE","FALSE","Historical validation report log backup script or other non-runtime evidence"
"V6/outputs/v3_3_daily_refresh/v3_3b2_corrected_runtime_benchmark/_backup/outputs__model_lab__forecast_viewer_handoff/logs/build_full_20260626_182316.log","build_full_20260626_182316.log","log","1483","0.001414","EVIDENCE_ARTIFACT","v3_3_daily_refresh","NONE","TRUE","FALSE","FALSE","Historical validation report log backup script or other non-runtime evidence"
"V6/outputs/v3_3_daily_refresh/v3_3b2_corrected_runtime_benchmark/_backup/outputs__model_lab__tournament_engine/tournament_engine_report.md","tournament_engine_report.md","md","3229","0.003079","EVIDENCE_ARTIFACT","v3_3_daily_refresh","NONE","TRUE","FALSE","FALSE","Historical validation report log backup script or other non-runtime evidence"
"V6/outputs/v3_3_daily_refresh/v3_3b2_corrected_runtime_benchmark/_backup/outputs__model_lab__tournament_engine/tournament_entity_model_scores.csv","tournament_entity_model_scores.csv","csv","82108","0.078304","EVIDENCE_ARTIFACT","v3_3_daily_refresh","NONE","TRUE","FALSE","FALSE","Historical validation report log backup script or other non-runtime evidence"
"V6/outputs/v3_3_daily_refresh/v3_3b2_corrected_runtime_benchmark/_backup/outputs__model_lab__tournament_engine/tournament_model_evidence_summary.csv","tournament_model_evidence_summary.csv","csv","1403","0.001338","EVIDENCE_ARTIFACT","v3_3_daily_refresh","NONE","TRUE","FALSE","FALSE","Historical validation report log backup script or other non-runtime evidence"
"V6/outputs/v3_3_daily_refresh/v3_3b2_corrected_runtime_benchmark/_backup/outputs__model_lab__tournament_engine/tournament_model_scorecard.csv","tournament_model_scorecard.csv","csv","2598","0.002478","EVIDENCE_ARTIFACT","v3_3_daily_refresh","NONE","TRUE","FALSE","FALSE","Historical validation report log backup script or other non-runtime evidence"
"V6/outputs/v3_3_daily_refresh/v3_3b2_corrected_runtime_benchmark/_backup/outputs__model_lab__tournament_engine/tournament_model_universe.csv","tournament_model_universe.csv","csv","1486","0.001417","EVIDENCE_ARTIFACT","v3_3_daily_refresh","NONE","TRUE","FALSE","FALSE","Historical validation report log backup script or other non-runtime evidence"
"V6/outputs/v3_3_daily_refresh/v3_3b2_corrected_runtime_benchmark/_backup/outputs__model_lab__tournament_engine/tournament_pairwise_evidence.csv","tournament_pairwise_evidence.csv","csv","17160","0.016365","EVIDENCE_ARTIFACT","v3_3_daily_refresh","NONE","TRUE","FALSE","FALSE","Historical validation report log backup script or other non-runtime evidence"
"V6/outputs/v3_3_daily_refresh/v3_3b2_corrected_runtime_benchmark/_backup/outputs__model_lab__tournament_engine/tournament_preliminary_standings.csv","tournament_preliminary_standings.csv","csv","1983","0.001891","EVIDENCE_ARTIFACT","v3_3_daily_refresh","NONE","TRUE","FALSE","FALSE","Historical validation report log backup script or other non-runtime evidence"
"V6/outputs/v3_3_daily_refresh/v3_3b2_corrected_runtime_benchmark/_backup/outputs__model_lab__tournament_engine/tournament_risk_register.csv","tournament_risk_register.csv","csv","6737","0.006425","EVIDENCE_ARTIFACT","v3_3_daily_refresh","NONE","TRUE","FALSE","FALSE","Historical validation report log backup script or other non-runtime evidence"
"V6/outputs/v3_3_daily_refresh/v3_3b2_corrected_runtime_benchmark/_backup/outputs__model_lab__tournament_engine/tournament_summary.csv","tournament_summary.csv","csv","292","0.000278","EVIDENCE_ARTIFACT","v3_3_daily_refresh","NONE","TRUE","FALSE","FALSE","Historical validation report log backup script or other non-runtime evidence"
"V6/outputs/v3_3_daily_refresh/v3_3b2_corrected_runtime_benchmark/_backup/outputs__model_lab__tournament_engine/tournament_validation.csv","tournament_validation.csv","csv","1191","0.001136","EVIDENCE_ARTIFACT","v3_3_daily_refresh","NONE","TRUE","FALSE","FALSE","Historical validation report log backup script or other non-runtime evidence"
"V6/outputs/v3_3_daily_refresh/v3_3b2_corrected_runtime_benchmark/_backup/outputs__v3_2h_model_consistency_fix/build_canonical_universe.R","build_canonical_universe.R","r","8657","0.008256","EVIDENCE_ARTIFACT","v3_3_daily_refresh","NONE","TRUE","FALSE","FALSE","Historical validation report log backup script or other non-runtime evidence"
"V6/outputs/v3_3_daily_refresh/v3_3b2_corrected_runtime_benchmark/_backup/outputs__v3_2h_model_consistency_fix/logs/v3_2h_app_stderr.log","v3_2h_app_stderr.log","log","1579","0.001506","EVIDENCE_ARTIFACT","v3_3_daily_refresh","NONE","TRUE","FALSE","FALSE","Historical validation report log backup script or other non-runtime evidence"
"V6/outputs/v3_3_daily_refresh/v3_3b2_corrected_runtime_benchmark/_backup/outputs__v3_2h_model_consistency_fix/logs/v3_2h_app_stdout.log","v3_2h_app_stdout.log","log","0","0","EVIDENCE_ARTIFACT","v3_3_daily_refresh","NONE","TRUE","FALSE","FALSE","Historical validation report log backup script or other non-runtime evidence"
"V6/outputs/v3_3_daily_refresh/v3_3b2_corrected_runtime_benchmark/_backup/outputs__v3_2h_model_consistency_fix/v3_2h_data_checks.csv","v3_2h_data_checks.csv","csv","646","0.000616","EVIDENCE_ARTIFACT","v3_3_daily_refresh","NONE","TRUE","FALSE","FALSE","Historical validation report log backup script or other non-runtime evidence"
"V6/outputs/v3_3_daily_refresh/v3_3b2_corrected_runtime_benchmark/_backup/outputs__v3_2h_model_consistency_fix/v3_2h_report.md","v3_2h_report.md","md","7507","0.007159","EVIDENCE_ARTIFACT","v3_3_daily_refresh","NONE","TRUE","FALSE","FALSE","Historical validation report log backup script or other non-runtime evidence"
"V6/outputs/v3_3_daily_refresh/v3_3b2_corrected_runtime_benchmark/_backup/outputs__v3_2h_model_consistency_fix/v3_2h_validation.csv","v3_2h_validation.csv","csv","1761","0.001679","EVIDENCE_ARTIFACT","v3_3_daily_refresh","NONE","TRUE","FALSE","FALSE","Historical validation report log backup script or other non-runtime evidence"
"V6/outputs/v3_3_daily_refresh/v3_3b2_corrected_runtime_benchmark/_backup/outputs__v3_2h_model_consistency_fix/validate_v3_2h.R","validate_v3_2h.R","r","9053","0.008634","EVIDENCE_ARTIFACT","v3_3_daily_refresh","NONE","TRUE","FALSE","FALSE","Historical validation report log backup script or other non-runtime evidence"
"V6/outputs/v3_3_daily_refresh/v3_3b2_corrected_runtime_benchmark/artifacts_inventory/output_artifacts_inventory.csv","output_artifacts_inventory.csv","csv","1013","0.000966","EVIDENCE_ARTIFACT","v3_3_daily_refresh","NONE","TRUE","FALSE","FALSE","Historical validation report log backup script or other non-runtime evidence"
"V6/outputs/v3_3_daily_refresh/v3_3b2_corrected_runtime_benchmark/finalize_v3_3b2.py","finalize_v3_3b2.py","py","7256","0.00692","EVIDENCE_ARTIFACT","v3_3_daily_refresh","NONE","TRUE","FALSE","FALSE","Historical validation report log backup script or other non-runtime evidence"
"V6/outputs/v3_3_daily_refresh/v3_3b2_corrected_runtime_benchmark/logs/backup.log","backup.log","log","298","0.000284","EVIDENCE_ARTIFACT","v3_3_daily_refresh","NONE","TRUE","FALSE","FALSE","Historical validation report log backup script or other non-runtime evidence"
"V6/outputs/v3_3_daily_refresh/v3_3b2_corrected_runtime_benchmark/logs/orchestrator_console.log","orchestrator_console.log","log","717627","0.684382","EVIDENCE_ARTIFACT","v3_3_daily_refresh","NONE","TRUE","FALSE","FALSE","Historical validation report log backup script or other non-runtime evidence"
"V6/outputs/v3_3_daily_refresh/v3_3b2_corrected_runtime_benchmark/logs/S01.log","S01.log","log","1452","0.001385","EVIDENCE_ARTIFACT","v3_3_daily_refresh","NONE","TRUE","FALSE","FALSE","Historical validation report log backup script or other non-runtime evidence"
"V6/outputs/v3_3_daily_refresh/v3_3b2_corrected_runtime_benchmark/logs/S02.log","S02.log","log","1258","0.0012","EVIDENCE_ARTIFACT","v3_3_daily_refresh","NONE","TRUE","FALSE","FALSE","Historical validation report log backup script or other non-runtime evidence"
"V6/outputs/v3_3_daily_refresh/v3_3b2_corrected_runtime_benchmark/logs/S04.log","S04.log","log","1543","0.001472","EVIDENCE_ARTIFACT","v3_3_daily_refresh","NONE","TRUE","FALSE","FALSE","Historical validation report log backup script or other non-runtime evidence"
"V6/outputs/v3_3_daily_refresh/v3_3b2_corrected_runtime_benchmark/logs/S05a.log","S05a.log","log","253","0.000241","EVIDENCE_ARTIFACT","v3_3_daily_refresh","NONE","TRUE","FALSE","FALSE","Historical validation report log backup script or other non-runtime evidence"
"V6/outputs/v3_3_daily_refresh/v3_3b2_corrected_runtime_benchmark/logs/S05b.log","S05b.log","log","294","0.00028","EVIDENCE_ARTIFACT","v3_3_daily_refresh","NONE","TRUE","FALSE","FALSE","Historical validation report log backup script or other non-runtime evidence"
"V6/outputs/v3_3_daily_refresh/v3_3b2_corrected_runtime_benchmark/logs/S06.log","S06.log","log","3177","0.00303","EVIDENCE_ARTIFACT","v3_3_daily_refresh","NONE","TRUE","FALSE","FALSE","Historical validation report log backup script or other non-runtime evidence"
"V6/outputs/v3_3_daily_refresh/v3_3b2_corrected_runtime_benchmark/logs/S07.log","S07.log","log","1740","0.001659","EVIDENCE_ARTIFACT","v3_3_daily_refresh","NONE","TRUE","FALSE","FALSE","Historical validation report log backup script or other non-runtime evidence"
"V6/outputs/v3_3_daily_refresh/v3_3b2_corrected_runtime_benchmark/logs/S08.log","S08.log","log","239","0.000228","EVIDENCE_ARTIFACT","v3_3_daily_refresh","NONE","TRUE","FALSE","FALSE","Historical validation report log backup script or other non-runtime evidence"
"V6/outputs/v3_3_daily_refresh/v3_3b2_corrected_runtime_benchmark/logs/S09.log","S09.log","log","829","0.000791","EVIDENCE_ARTIFACT","v3_3_daily_refresh","NONE","TRUE","FALSE","FALSE","Historical validation report log backup script or other non-runtime evidence"
"V6/outputs/v3_3_daily_refresh/v3_3b2_corrected_runtime_benchmark/logs/S10.log","S10.log","log","1534","0.001463","EVIDENCE_ARTIFACT","v3_3_daily_refresh","NONE","TRUE","FALSE","FALSE","Historical validation report log backup script or other non-runtime evidence"
"V6/outputs/v3_3_daily_refresh/v3_3b2_corrected_runtime_benchmark/run_v3_3b2_benchmark.py","run_v3_3b2_benchmark.py","py","35167","0.033538","EVIDENCE_ARTIFACT","v3_3_daily_refresh","NONE","TRUE","FALSE","FALSE","Historical validation report log backup script or other non-runtime evidence"
"V6/outputs/v3_3_daily_refresh/v3_3b2_corrected_runtime_benchmark/runtime/benchmark_total_runtime.csv","benchmark_total_runtime.csv","csv","317","0.000302","EVIDENCE_ARTIFACT","v3_3_daily_refresh","NONE","TRUE","FALSE","FALSE","Historical validation report log backup script or other non-runtime evidence"
"V6/outputs/v3_3_daily_refresh/v3_3b2_corrected_runtime_benchmark/runtime/model_execution_progress_log.csv","model_execution_progress_log.csv","csv","550921","0.525399","EVIDENCE_ARTIFACT","v3_3_daily_refresh","NONE","TRUE","FALSE","FALSE","Historical validation report log backup script or other non-runtime evidence"
"V6/outputs/v3_3_daily_refresh/v3_3b2_corrected_runtime_benchmark/runtime/model_execution_summary.csv","model_execution_summary.csv","csv","2554","0.002436","EVIDENCE_ARTIFACT","v3_3_daily_refresh","NONE","TRUE","FALSE","FALSE","Historical validation report log backup script or other non-runtime evidence"
"V6/outputs/v3_3_daily_refresh/v3_3b2_corrected_runtime_benchmark/runtime/stage_runtime_summary.csv","stage_runtime_summary.csv","csv","2340","0.002232","EVIDENCE_ARTIFACT","v3_3_daily_refresh","NONE","TRUE","FALSE","FALSE","Historical validation report log backup script or other non-runtime evidence"
"V6/outputs/v3_3_daily_refresh/v3_3b2_corrected_runtime_benchmark/staging/baseline_forecasts.csv","baseline_forecasts.csv","csv","13690211","13.056003","EVIDENCE_ARTIFACT","v3_3_daily_refresh","NONE","TRUE","FALSE","FALSE","Historical validation report log backup script or other non-runtime evidence"
"V6/outputs/v3_3_daily_refresh/v3_3b2_corrected_runtime_benchmark/staging/clean_challenger_forecasts.csv","clean_challenger_forecasts.csv","csv","9102501","8.680821","EVIDENCE_ARTIFACT","v3_3_daily_refresh","NONE","TRUE","FALSE","FALSE","Historical validation report log backup script or other non-runtime evidence"
"V6/outputs/v3_3_daily_refresh/v3_3b2_corrected_runtime_benchmark/staging/dl_reuse_frozen_forecasts.csv","dl_reuse_frozen_forecasts.csv","csv","9544910","9.102736","EVIDENCE_ARTIFACT","v3_3_daily_refresh","NONE","TRUE","FALSE","FALSE","Historical validation report log backup script or other non-runtime evidence"
"V6/outputs/v3_3_daily_refresh/v3_3b2_corrected_runtime_benchmark/status/auth_sql_precheck_result.csv","auth_sql_precheck_result.csv","csv","394","0.000376","EVIDENCE_ARTIFACT","v3_3_daily_refresh","NONE","TRUE","FALSE","FALSE","Historical validation report log backup script or other non-runtime evidence"
"V6/outputs/v3_3_daily_refresh/v3_3b2_corrected_runtime_benchmark/status/champion_behavior_observation.csv","champion_behavior_observation.csv","csv","191","0.000182","EVIDENCE_ARTIFACT","v3_3_daily_refresh","NONE","TRUE","FALSE","FALSE","Historical validation report log backup script or other non-runtime evidence"
"V6/outputs/v3_3_daily_refresh/v3_3b2_corrected_runtime_benchmark/status/last_update_observation.csv","last_update_observation.csv","csv","208","0.000198","EVIDENCE_ARTIFACT","v3_3_daily_refresh","NONE","TRUE","FALSE","FALSE","Historical validation report log backup script or other non-runtime evidence"
"V6/outputs/v3_3_daily_refresh/v3_3b2_corrected_runtime_benchmark/v3_3b2_report.md","v3_3b2_report.md","md","5961","0.005685","EVIDENCE_ARTIFACT","v3_3_daily_refresh","NONE","TRUE","FALSE","FALSE","Historical validation report log backup script or other non-runtime evidence"
"V6/outputs/v3_3_daily_refresh/v3_3b2_corrected_runtime_benchmark/v3_3b2_validation.csv","v3_3b2_validation.csv","csv","954","0.00091","EVIDENCE_ARTIFACT","v3_3_daily_refresh","NONE","TRUE","FALSE","FALSE","Historical validation report log backup script or other non-runtime evidence"
"V6/outputs/v3_3_daily_refresh/v3_3c_15_model_runner_fix/daily_15_model_dry_run.csv","daily_15_model_dry_run.csv","csv","3427","0.003268","EVIDENCE_ARTIFACT","v3_3_daily_refresh","NONE","TRUE","FALSE","FALSE","Historical validation report log backup script or other non-runtime evidence"
"V6/outputs/v3_3_daily_refresh/v3_3c_15_model_runner_fix/daily_15_model_runner_plan.csv","daily_15_model_runner_plan.csv","csv","2059","0.001964","CONTRACT_SPEC","v3_3_daily_refresh","NONE","FALSE","TRUE","FALSE","Defines scope behavior schema policy or plan; not runtime data"
"V6/outputs/v3_3_daily_refresh/v3_3c_15_model_runner_fix/model_training_scope.csv","model_training_scope.csv","csv","5350","0.005102","EVIDENCE_ARTIFACT","v3_3_daily_refresh","NONE","TRUE","FALSE","FALSE","Historical validation report log backup script or other non-runtime evidence"
"V6/outputs/v3_3_daily_refresh/v3_3c_15_model_runner_fix/prohibited_model_guard_result.csv","prohibited_model_guard_result.csv","csv","735","0.000701","EVIDENCE_ARTIFACT","v3_3_daily_refresh","NONE","TRUE","FALSE","FALSE","Historical validation report log backup script or other non-runtime evidence"
"V6/outputs/v3_3_daily_refresh/v3_3c_15_model_runner_fix/v3_3c_report.md","v3_3c_report.md","md","7840","0.007477","EVIDENCE_ARTIFACT","v3_3_daily_refresh","NONE","TRUE","FALSE","FALSE","Historical validation report log backup script or other non-runtime evidence"
"V6/outputs/v3_3_daily_refresh/v3_3c_15_model_runner_fix/v3_3c_validation.csv","v3_3c_validation.csv","csv","2306","0.002199","EVIDENCE_ARTIFACT","v3_3_daily_refresh","NONE","TRUE","FALSE","FALSE","Historical validation report log backup script or other non-runtime evidence"
"V6/outputs/v3_3_daily_refresh/v3_3c_exec_execution_wiring/dl_reuse_execution_result.csv","dl_reuse_execution_result.csv","csv","989","0.000943","EVIDENCE_ARTIFACT","v3_3_daily_refresh","NONE","TRUE","FALSE","FALSE","Historical validation report log backup script or other non-runtime evidence"
"V6/outputs/v3_3_daily_refresh/v3_3c_exec_execution_wiring/execution_plan.csv","execution_plan.csv","csv","3413","0.003255","CONTRACT_SPEC","v3_3_daily_refresh","NONE","FALSE","TRUE","FALSE","Defines scope behavior schema policy or plan; not runtime data"
"V6/outputs/v3_3_daily_refresh/v3_3c_exec_execution_wiring/execution_wiring_status.csv","execution_wiring_status.csv","csv","923","0.00088","EVIDENCE_ARTIFACT","v3_3_daily_refresh","NONE","TRUE","FALSE","FALSE","Historical validation report log backup script or other non-runtime evidence"
"V6/outputs/v3_3_daily_refresh/v3_3c_exec_execution_wiring/prohibited_model_guard_result.csv","prohibited_model_guard_result.csv","csv","735","0.000701","EVIDENCE_ARTIFACT","v3_3_daily_refresh","NONE","TRUE","FALSE","FALSE","Historical validation report log backup script or other non-runtime evidence"
"V6/outputs/v3_3_daily_refresh/v3_3c_exec_execution_wiring/staging_artifact_inventory.csv","staging_artifact_inventory.csv","csv","593","0.000566","EVIDENCE_ARTIFACT","v3_3_daily_refresh","NONE","TRUE","FALSE","FALSE","Historical validation report log backup script or other non-runtime evidence"
"V6/outputs/v3_3_daily_refresh/v3_3c_exec_execution_wiring/staging/clean_challenger_execution_status.csv","clean_challenger_execution_status.csv","csv","2075","0.001979","EVIDENCE_ARTIFACT","v3_3_daily_refresh","NONE","TRUE","FALSE","FALSE","Historical validation report log backup script or other non-runtime evidence"
"V6/outputs/v3_3_daily_refresh/v3_3c_exec_execution_wiring/staging/daily_15_model_outputs.csv","daily_15_model_outputs.csv","csv","4590","0.004377","EVIDENCE_ARTIFACT","v3_3_daily_refresh","NONE","TRUE","FALSE","FALSE","Historical validation report log backup script or other non-runtime evidence"
"V6/outputs/v3_3_daily_refresh/v3_3c_exec_execution_wiring/staging/dl_reuse_frozen_forecasts.csv","dl_reuse_frozen_forecasts.csv","csv","13549234","12.921556","EVIDENCE_ARTIFACT","v3_3_daily_refresh","NONE","TRUE","FALSE","FALSE","Historical validation report log backup script or other non-runtime evidence"
"V6/outputs/v3_3_daily_refresh/v3_3c_exec_execution_wiring/v3_3c_exec_report.md","v3_3c_exec_report.md","md","4827","0.004603","EVIDENCE_ARTIFACT","v3_3_daily_refresh","NONE","TRUE","FALSE","FALSE","Historical validation report log backup script or other non-runtime evidence"
"V6/outputs/v3_3_daily_refresh/v3_3c_exec_execution_wiring/v3_3c_exec_validation.csv","v3_3c_exec_validation.csv","csv","2855","0.002723","EVIDENCE_ARTIFACT","v3_3_daily_refresh","NONE","TRUE","FALSE","FALSE","Historical validation report log backup script or other non-runtime evidence"
"V6/outputs/v3_3_daily_refresh/v3_3c_fit_clean_challengers/clean_challenger_fit_plan.csv","clean_challenger_fit_plan.csv","csv","1666","0.001589","CONTRACT_SPEC","v3_3_daily_refresh","NONE","FALSE","TRUE","FALSE","Defines scope behavior schema policy or plan; not runtime data"
"V6/outputs/v3_3_daily_refresh/v3_3c_fit_clean_challengers/clean_challenger_fit_result.csv","clean_challenger_fit_result.csv","csv","1024","0.000977","EVIDENCE_ARTIFACT","v3_3_daily_refresh","NONE","TRUE","FALSE","FALSE","Historical validation report log backup script or other non-runtime evidence"
"V6/outputs/v3_3_daily_refresh/v3_3c_fit_clean_challengers/prohibited_model_guard_result.csv","prohibited_model_guard_result.csv","csv","768","0.000732","EVIDENCE_ARTIFACT","v3_3_daily_refresh","NONE","TRUE","FALSE","FALSE","Historical validation report log backup script or other non-runtime evidence"
"V6/outputs/v3_3_daily_refresh/v3_3c_fit_clean_challengers/staging/clean_challenger_fit_outputs.csv","clean_challenger_fit_outputs.csv","csv","19538","0.018633","EVIDENCE_ARTIFACT","v3_3_daily_refresh","NONE","TRUE","FALSE","FALSE","Historical validation report log backup script or other non-runtime evidence"
"V6/outputs/v3_3_daily_refresh/v3_3c_fit_clean_challengers/updated_daily_15_model_execution_plan.csv","updated_daily_15_model_execution_plan.csv","csv","3838","0.00366","CONTRACT_SPEC","v3_3_daily_refresh","NONE","FALSE","TRUE","FALSE","Defines scope behavior schema policy or plan; not runtime data"
"V6/outputs/v3_3_daily_refresh/v3_3c_fit_clean_challengers/v3_3c_fit_report.md","v3_3c_fit_report.md","md","6458","0.006159","EVIDENCE_ARTIFACT","v3_3_daily_refresh","NONE","TRUE","FALSE","FALSE","Historical validation report log backup script or other non-runtime evidence"
"V6/outputs/v3_3_daily_refresh/v3_3c_fit_clean_challengers/v3_3c_fit_validation.csv","v3_3c_fit_validation.csv","csv","2239","0.002135","EVIDENCE_ARTIFACT","v3_3_daily_refresh","NONE","TRUE","FALSE","FALSE","Historical validation report log backup script or other non-runtime evidence"
"V6/outputs/v3_3_daily_refresh/v3_3c_next_clean_challenger_entrypoint/clean_challenger_scope.csv","clean_challenger_scope.csv","csv","1275","0.001216","EVIDENCE_ARTIFACT","v3_3_daily_refresh","NONE","TRUE","FALSE","FALSE","Historical validation report log backup script or other non-runtime evidence"
"V6/outputs/v3_3_daily_refresh/v3_3c_next_clean_challenger_entrypoint/daily_runner_plan_updated.csv","daily_runner_plan_updated.csv","csv","1752","0.001671","CONTRACT_SPEC","v3_3_daily_refresh","NONE","FALSE","TRUE","FALSE","Defines scope behavior schema policy or plan; not runtime data"
"V6/outputs/v3_3_daily_refresh/v3_3c_next_clean_challenger_entrypoint/dl_reuse_wiring.csv","dl_reuse_wiring.csv","csv","1344","0.001282","EVIDENCE_ARTIFACT","v3_3_daily_refresh","NONE","TRUE","FALSE","FALSE","Historical validation report log backup script or other non-runtime evidence"
"V6/outputs/v3_3_daily_refresh/v3_3c_next_clean_challenger_entrypoint/prohibited_model_guard_result.csv","prohibited_model_guard_result.csv","csv","786","0.00075","EVIDENCE_ARTIFACT","v3_3_daily_refresh","NONE","TRUE","FALSE","FALSE","Historical validation report log backup script or other non-runtime evidence"
"V6/outputs/v3_3_daily_refresh/v3_3c_next_clean_challenger_entrypoint/v3_3c_next_report.md","v3_3c_next_report.md","md","6575","0.00627","EVIDENCE_ARTIFACT","v3_3_daily_refresh","NONE","TRUE","FALSE","FALSE","Historical validation report log backup script or other non-runtime evidence"
"V6/outputs/v3_3_daily_refresh/v3_3c_next_clean_challenger_entrypoint/v3_3c_next_validation.csv","v3_3c_next_validation.csv","csv","2199","0.002097","EVIDENCE_ARTIFACT","v3_3_daily_refresh","NONE","TRUE","FALSE","FALSE","Historical validation report log backup script or other non-runtime evidence"
"V6/outputs/v3_3_daily_refresh/v3_3c0_model_code_diagnostic/model_to_code_map.csv","model_to_code_map.csv","csv","5347","0.005099","EVIDENCE_ARTIFACT","v3_3_daily_refresh","NONE","TRUE","FALSE","FALSE","Historical validation report log backup script or other non-runtime evidence"
"V6/outputs/v3_3_daily_refresh/v3_3c0_model_code_diagnostic/prohibited_model_references.csv","prohibited_model_references.csv","csv","5620","0.00536","EVIDENCE_ARTIFACT","v3_3_daily_refresh","NONE","TRUE","FALSE","FALSE","Historical validation report log backup script or other non-runtime evidence"
"V6/outputs/v3_3_daily_refresh/v3_3c0_model_code_diagnostic/runner_diagnostic.csv","runner_diagnostic.csv","csv","3992","0.003807","EVIDENCE_ARTIFACT","v3_3_daily_refresh","NONE","TRUE","FALSE","FALSE","Historical validation report log backup script or other non-runtime evidence"
"V6/outputs/v3_3_daily_refresh/v3_3c0_model_code_diagnostic/script_to_models_map.csv","script_to_models_map.csv","csv","5782","0.005514","EVIDENCE_ARTIFACT","v3_3_daily_refresh","NONE","TRUE","FALSE","FALSE","Historical validation report log backup script or other non-runtime evidence"
"V6/outputs/v3_3_daily_refresh/v3_3c0_model_code_diagnostic/v3_3c0_diagnostic_report.md","v3_3c0_diagnostic_report.md","md","9628","0.009182","EVIDENCE_ARTIFACT","v3_3_daily_refresh","NONE","TRUE","FALSE","FALSE","Historical validation report log backup script or other non-runtime evidence"
"V6/outputs/v3_3_daily_refresh/v3_3c0_model_code_diagnostic/v3_3c0_diagnostic_validation.csv","v3_3c0_diagnostic_validation.csv","csv","1963","0.001872","EVIDENCE_ARTIFACT","v3_3_daily_refresh","NONE","TRUE","FALSE","FALSE","Historical validation report log backup script or other non-runtime evidence"
"V6/outputs/v3_3_daily_refresh/v3_3de_controlled_promote/backups/pre_promote_20260628_201215/champion_decision/champion_candidate_evaluation.csv","champion_candidate_evaluation.csv","csv","2528","0.002411","EVIDENCE_ARTIFACT","v3_3_daily_refresh","NONE","TRUE","FALSE","FALSE","Historical validation report log backup script or other non-runtime evidence"
"V6/outputs/v3_3_daily_refresh/v3_3de_controlled_promote/backups/pre_promote_20260628_201215/champion_decision/champion_decision_evidence_summary.csv","champion_decision_evidence_summary.csv","csv","1501","0.001431","CONTRACT_SPEC","v3_3_daily_refresh","NONE","FALSE","TRUE","FALSE","Defines scope behavior schema policy or plan; not runtime data"
"V6/outputs/v3_3_daily_refresh/v3_3de_controlled_promote/backups/pre_promote_20260628_201215/champion_decision/champion_decision_report.md","champion_decision_report.md","md","1887","0.0018","CONTRACT_SPEC","v3_3_daily_refresh","NONE","FALSE","TRUE","FALSE","Defines scope behavior schema policy or plan; not runtime data"
"V6/outputs/v3_3_daily_refresh/v3_3de_controlled_promote/backups/pre_promote_20260628_201215/champion_decision/champion_decision_risk_review.csv","champion_decision_risk_review.csv","csv","10246","0.009771","CONTRACT_SPEC","v3_3_daily_refresh","NONE","FALSE","TRUE","FALSE","Defines scope behavior schema policy or plan; not runtime data"
"V6/outputs/v3_3_daily_refresh/v3_3de_controlled_promote/backups/pre_promote_20260628_201215/champion_decision/champion_decision_scorecard.csv","champion_decision_scorecard.csv","csv","3177","0.00303","CONTRACT_SPEC","v3_3_daily_refresh","NONE","FALSE","TRUE","FALSE","Defines scope behavior schema policy or plan; not runtime data"
"V6/outputs/v3_3_daily_refresh/v3_3de_controlled_promote/backups/pre_promote_20260628_201215/champion_decision/champion_decision_summary.csv","champion_decision_summary.csv","csv","344","0.000328","CONTRACT_SPEC","v3_3_daily_refresh","NONE","FALSE","TRUE","FALSE","Defines scope behavior schema policy or plan; not runtime data"
"V6/outputs/v3_3_daily_refresh/v3_3de_controlled_promote/backups/pre_promote_20260628_201215/champion_decision/champion_decision_validation.csv","champion_decision_validation.csv","csv","796","0.000759","CONTRACT_SPEC","v3_3_daily_refresh","NONE","FALSE","TRUE","FALSE","Defines scope behavior schema policy or plan; not runtime data"
"V6/outputs/v3_3_daily_refresh/v3_3de_controlled_promote/backups/pre_promote_20260628_201215/champion_decision/champion_decision.csv","champion_decision.csv","csv","421","0.000401","CONTRACT_SPEC","v3_3_daily_refresh","NONE","FALSE","TRUE","FALSE","Defines scope behavior schema policy or plan; not runtime data"
"V6/outputs/v3_3_daily_refresh/v3_3de_controlled_promote/backups/pre_promote_20260628_201215/evaluation/backtest_window_inventory.csv","backtest_window_inventory.csv","csv","3095","0.002952","EVIDENCE_ARTIFACT","v3_3_daily_refresh","NONE","TRUE","FALSE","FALSE","Historical validation report log backup script or other non-runtime evidence"
"V6/outputs/v3_3_daily_refresh/v3_3de_controlled_promote/backups/pre_promote_20260628_201215/evaluation/evaluation_dataset_metadata.csv","evaluation_dataset_metadata.csv","csv","157","0.00015","EVIDENCE_ARTIFACT","v3_3_daily_refresh","NONE","TRUE","FALSE","FALSE","Historical validation report log backup script or other non-runtime evidence"
"V6/outputs/v3_3_daily_refresh/v3_3de_controlled_promote/backups/pre_promote_20260628_201215/evaluation/evaluation_dataset.csv","evaluation_dataset.csv","csv","14753409","14.069947","EVIDENCE_ARTIFACT","v3_3_daily_refresh","NONE","TRUE","FALSE","FALSE","Historical validation report log backup script or other non-runtime evidence"
"V6/outputs/v3_3_daily_refresh/v3_3de_controlled_promote/backups/pre_promote_20260628_201215/evaluation/evaluation_source_inventory.csv","evaluation_source_inventory.csv","csv","1140","0.001087","EVIDENCE_ARTIFACT","v3_3_daily_refresh","NONE","TRUE","FALSE","FALSE","Historical validation report log backup script or other non-runtime evidence"
"V6/outputs/v3_3_daily_refresh/v3_3de_controlled_promote/backups/pre_promote_20260628_201215/evaluation/evaluation_source_summary.txt","evaluation_source_summary.txt","txt","5591","0.005332","EVIDENCE_ARTIFACT","v3_3_daily_refresh","NONE","TRUE","FALSE","FALSE","Historical validation report log backup script or other non-runtime evidence"
"V6/outputs/v3_3_daily_refresh/v3_3de_controlled_promote/backups/pre_promote_20260628_201215/forecast_viewer_handoff/forecast_viewer_handoff_chart_readiness.csv","forecast_viewer_handoff_chart_readiness.csv","csv","6018","0.005739","EVIDENCE_ARTIFACT","v3_3_daily_refresh","NONE","TRUE","FALSE","FALSE","Historical validation report log backup script or other non-runtime evidence"
"V6/outputs/v3_3_daily_refresh/v3_3de_controlled_promote/backups/pre_promote_20260628_201215/forecast_viewer_handoff/forecast_viewer_handoff_coverage_by_series.csv","forecast_viewer_handoff_coverage_by_series.csv","csv","11207","0.010688","EVIDENCE_ARTIFACT","v3_3_daily_refresh","NONE","TRUE","FALSE","FALSE","Historical validation report log backup script or other non-runtime evidence"
"V6/outputs/v3_3_daily_refresh/v3_3de_controlled_promote/backups/pre_promote_20260628_201215/forecast_viewer_handoff/forecast_viewer_handoff_excluded_series.csv","forecast_viewer_handoff_excluded_series.csv","csv","804","0.000767","EVIDENCE_ARTIFACT","v3_3_daily_refresh","NONE","TRUE","FALSE","FALSE","Historical validation report log backup script or other non-runtime evidence"
"V6/outputs/v3_3_daily_refresh/v3_3de_controlled_promote/backups/pre_promote_20260628_201215/forecast_viewer_handoff/forecast_viewer_handoff_horizon_summary.csv","forecast_viewer_handoff_horizon_summary.csv","csv","678","0.000647","EVIDENCE_ARTIFACT","v3_3_daily_refresh","NONE","TRUE","FALSE","FALSE","Historical validation report log backup script or other non-runtime evidence"
"V6/outputs/v3_3_daily_refresh/v3_3de_controlled_promote/backups/pre_promote_20260628_201215/forecast_viewer_handoff/forecast_viewer_handoff_model_coverage.csv","forecast_viewer_handoff_model_coverage.csv","csv","49171","0.046893","EVIDENCE_ARTIFACT","v3_3_daily_refresh","NONE","TRUE","FALSE","FALSE","Historical validation report log backup script or other non-runtime evidence"
"V6/outputs/v3_3_daily_refresh/v3_3de_controlled_promote/backups/pre_promote_20260628_201215/forecast_viewer_handoff/forecast_viewer_handoff_report.md","forecast_viewer_handoff_report.md","md","4413","0.004209","EVIDENCE_ARTIFACT","v3_3_daily_refresh","NONE","TRUE","FALSE","FALSE","Historical validation report log backup script or other non-runtime evidence"
"V6/outputs/v3_3_daily_refresh/v3_3de_controlled_promote/backups/pre_promote_20260628_201215/forecast_viewer_handoff/forecast_viewer_handoff_schema.csv","forecast_viewer_handoff_schema.csv","csv","890","0.000849","CONTRACT_SPEC","v3_3_daily_refresh","NONE","FALSE","TRUE","FALSE","Defines scope behavior schema policy or plan; not runtime data"
"V6/outputs/v3_3_daily_refresh/v3_3de_controlled_promote/backups/pre_promote_20260628_201215/forecast_viewer_handoff/forecast_viewer_handoff_source_manifest.csv","forecast_viewer_handoff_source_manifest.csv","csv","804","0.000767","EVIDENCE_ARTIFACT","v3_3_daily_refresh","NONE","TRUE","FALSE","FALSE","Historical validation report log backup script or other non-runtime evidence"
"V6/outputs/v3_3_daily_refresh/v3_3de_controlled_promote/backups/pre_promote_20260628_201215/forecast_viewer_handoff/forecast_viewer_handoff_validation.csv","forecast_viewer_handoff_validation.csv","csv","2895","0.002761","EVIDENCE_ARTIFACT","v3_3_daily_refresh","NONE","TRUE","FALSE","FALSE","Historical validation report log backup script or other non-runtime evidence"
"V6/outputs/v3_3_daily_refresh/v3_3de_controlled_promote/backups/pre_promote_20260628_201215/forecast_viewer_handoff/logs/build_full_20260618_205322.log","build_full_20260618_205322.log","log","1483","0.001414","EVIDENCE_ARTIFACT","v3_3_daily_refresh","NONE","TRUE","FALSE","FALSE","Historical validation report log backup script or other non-runtime evidence"
"V6/outputs/v3_3_daily_refresh/v3_3de_controlled_promote/backups/pre_promote_20260628_201215/forecast_viewer_handoff/logs/build_full_20260626_182316.log","build_full_20260626_182316.log","log","1483","0.001414","EVIDENCE_ARTIFACT","v3_3_daily_refresh","NONE","TRUE","FALSE","FALSE","Historical validation report log backup script or other non-runtime evidence"
"V6/outputs/v3_3_daily_refresh/v3_3de_controlled_promote/backups/pre_promote_20260628_201215/governance/6_0_audit5_finding_resolution/audit5_finding_resolution_report.md","audit5_finding_resolution_report.md","md","917","0.000875","EVIDENCE_ARTIFACT","v3_3_daily_refresh","NONE","TRUE","FALSE","FALSE","Historical validation report log backup script or other non-runtime evidence"
"V6/outputs/v3_3_daily_refresh/v3_3de_controlled_promote/backups/pre_promote_20260628_201215/governance/6_0_audit5_finding_resolution/audit5_finding_resolution.csv","audit5_finding_resolution.csv","csv","1303","0.001243","EVIDENCE_ARTIFACT","v3_3_daily_refresh","NONE","TRUE","FALSE","FALSE","Historical validation report log backup script or other non-runtime evidence"
"V6/outputs/v3_3_daily_refresh/v3_3de_controlled_promote/backups/pre_promote_20260628_201215/governance/6_0_audit5_finding_resolution/governed_manifest_correction.csv","governed_manifest_correction.csv","csv","452","0.000431","EVIDENCE_ARTIFACT","v3_3_daily_refresh","NONE","TRUE","FALSE","FALSE","Historical validation report log backup script or other non-runtime evidence"
"V6/outputs/v3_3_daily_refresh/v3_3de_controlled_promote/backups/pre_promote_20260628_201215/governance/6_1_governance_foundation/governance_6_0_6_1_validation.csv","governance_6_0_6_1_validation.csv","csv","1999","0.001906","EVIDENCE_ARTIFACT","v3_3_daily_refresh","NONE","TRUE","FALSE","FALSE","Historical validation report log backup script or other non-runtime evidence"
"V6/outputs/v3_3_daily_refresh/v3_3de_controlled_promote/backups/pre_promote_20260628_201215/governance/6_1_governance_foundation/governance_definitions.csv","governance_definitions.csv","csv","3183","0.003036","EVIDENCE_ARTIFACT","v3_3_daily_refresh","NONE","TRUE","FALSE","FALSE","Historical validation report log backup script or other non-runtime evidence"
"V6/outputs/v3_3_daily_refresh/v3_3de_controlled_promote/backups/pre_promote_20260628_201215/governance/6_1_governance_foundation/governance_foundation_report.md","governance_foundation_report.md","md","1849","0.001763","EVIDENCE_ARTIFACT","v3_3_daily_refresh","NONE","TRUE","FALSE","FALSE","Historical validation report log backup script or other non-runtime evidence"
"V6/outputs/v3_3_daily_refresh/v3_3de_controlled_promote/backups/pre_promote_20260628_201215/governance/6_1_governance_foundation/governance_status_taxonomy.csv","governance_status_taxonomy.csv","csv","2175","0.002074","CONTRACT_SPEC","v3_3_daily_refresh","NONE","FALSE","TRUE","FALSE","Defines scope behavior schema policy or plan; not runtime data"
"V6/outputs/v3_3_daily_refresh/v3_3de_controlled_promote/backups/pre_promote_20260628_201215/governance/6_2_decision_rules/decision_action_framework.csv","decision_action_framework.csv","csv","4432","0.004227","CONTRACT_SPEC","v3_3_daily_refresh","NONE","FALSE","TRUE","FALSE","Defines scope behavior schema policy or plan; not runtime data"
"V6/outputs/v3_3_daily_refresh/v3_3de_controlled_promote/backups/pre_promote_20260628_201215/governance/6_2_decision_rules/decision_rule_traceability.csv","decision_rule_traceability.csv","csv","2249","0.002145","CONTRACT_SPEC","v3_3_daily_refresh","NONE","FALSE","TRUE","FALSE","Defines scope behavior schema policy or plan; not runtime data"
"V6/outputs/v3_3_daily_refresh/v3_3de_controlled_promote/backups/pre_promote_20260628_201215/governance/6_2_decision_rules/decision_rules_report.md","decision_rules_report.md","md","2540","0.002422","CONTRACT_SPEC","v3_3_daily_refresh","NONE","FALSE","TRUE","FALSE","Defines scope behavior schema policy or plan; not runtime data"
"V6/outputs/v3_3_daily_refresh/v3_3de_controlled_promote/backups/pre_promote_20260628_201215/governance/6_2_decision_rules/decision_rules_validation.csv","decision_rules_validation.csv","csv","2394","0.002283","CONTRACT_SPEC","v3_3_daily_refresh","NONE","FALSE","TRUE","FALSE","Defines scope behavior schema policy or plan; not runtime data"
"V6/outputs/v3_3_daily_refresh/v3_3de_controlled_promote/backups/pre_promote_20260628_201215/governance/6_2_decision_rules/governance_recommendations.csv","governance_recommendations.csv","csv","4883","0.004657","EVIDENCE_ARTIFACT","v3_3_daily_refresh","NONE","TRUE","FALSE","FALSE","Historical validation report log backup script or other non-runtime evidence"
"V6/outputs/v3_3_daily_refresh/v3_3de_controlled_promote/backups/pre_promote_20260628_201215/governance/6_2_decision_rules/model_recommendation_rules.csv","model_recommendation_rules.csv","csv","2835","0.002704","EVIDENCE_ARTIFACT","v3_3_daily_refresh","NONE","TRUE","FALSE","FALSE","Historical validation report log backup script or other non-runtime evidence"
"V6/outputs/v3_3_daily_refresh/v3_3de_controlled_promote/backups/pre_promote_20260628_201215/governance/6_2_decision_rules/risk_to_action_mapping.csv","risk_to_action_mapping.csv","csv","2870","0.002737","EVIDENCE_ARTIFACT","v3_3_daily_refresh","NONE","TRUE","FALSE","FALSE","Historical validation report log backup script or other non-runtime evidence"
"V6/outputs/v3_3_daily_refresh/v3_3de_controlled_promote/backups/pre_promote_20260628_201215/governance/6_3_champion_conditions/champion_condition_traceability.csv","champion_condition_traceability.csv","csv","2055","0.00196","EVIDENCE_ARTIFACT","v3_3_daily_refresh","NONE","TRUE","FALSE","FALSE","Historical validation report log backup script or other non-runtime evidence"
"V6/outputs/v3_3_daily_refresh/v3_3de_controlled_promote/backups/pre_promote_20260628_201215/governance/6_3_champion_conditions/champion_conditions_protocol.csv","champion_conditions_protocol.csv","csv","2294","0.002188","EVIDENCE_ARTIFACT","v3_3_daily_refresh","NONE","TRUE","FALSE","FALSE","Historical validation report log backup script or other non-runtime evidence"
"V6/outputs/v3_3_daily_refresh/v3_3de_controlled_promote/backups/pre_promote_20260628_201215/governance/6_3_champion_conditions/champion_conditions_report.md","champion_conditions_report.md","md","2582","0.002462","EVIDENCE_ARTIFACT","v3_3_daily_refresh","NONE","TRUE","FALSE","FALSE","Historical validation report log backup script or other non-runtime evidence"
"V6/outputs/v3_3_daily_refresh/v3_3de_controlled_promote/backups/pre_promote_20260628_201215/governance/6_3_champion_conditions/champion_conditions_validation.csv","champion_conditions_validation.csv","csv","2188","0.002087","EVIDENCE_ARTIFACT","v3_3_daily_refresh","NONE","TRUE","FALSE","FALSE","Historical validation report log backup script or other non-runtime evidence"
"V6/outputs/v3_3_daily_refresh/v3_3de_controlled_promote/backups/pre_promote_20260628_201215/governance/6_3_champion_conditions/champion_dashboard_display_requirements.csv","champion_dashboard_display_requirements.csv","csv","2415","0.002303","EVIDENCE_ARTIFACT","v3_3_daily_refresh","NONE","TRUE","FALSE","FALSE","Historical validation report log backup script or other non-runtime evidence"
"V6/outputs/v3_3_daily_refresh/v3_3de_controlled_promote/backups/pre_promote_20260628_201215/governance/6_3_champion_conditions/champion_dashboard_language.csv","champion_dashboard_language.csv","csv","2879","0.002746","EVIDENCE_ARTIFACT","v3_3_daily_refresh","NONE","TRUE","FALSE","FALSE","Historical validation report log backup script or other non-runtime evidence"
"V6/outputs/v3_3_daily_refresh/v3_3de_controlled_promote/backups/pre_promote_20260628_201215/governance/6_4_dashboard_contract/dashboard_contract_validation.csv","dashboard_contract_validation.csv","csv","23874","0.022768","CONTRACT_SPEC","v3_3_daily_refresh","NONE","FALSE","TRUE","FALSE","Defines scope behavior schema policy or plan; not runtime data"
"V6/outputs/v3_3_daily_refresh/v3_3de_controlled_promote/backups/pre_promote_20260628_201215/governance/6_4_dashboard_contract/dashboard_data_binding_contract.csv","dashboard_data_binding_contract.csv","csv","4752","0.004532","CONTRACT_SPEC","v3_3_daily_refresh","NONE","FALSE","TRUE","FALSE","Defines scope behavior schema policy or plan; not runtime data"
"V6/outputs/v3_3_daily_refresh/v3_3de_controlled_promote/backups/pre_promote_20260628_201215/governance/6_4_dashboard_contract/dashboard_do_dont_rules.csv","dashboard_do_dont_rules.csv","csv","2458","0.002344","EVIDENCE_ARTIFACT","v3_3_daily_refresh","NONE","TRUE","FALSE","FALSE","Historical validation report log backup script or other non-runtime evidence"
"V6/outputs/v3_3_daily_refresh/v3_3de_controlled_promote/backups/pre_promote_20260628_201215/governance/6_4_dashboard_contract/dashboard_governance_contract_report.md","dashboard_governance_contract_report.md","md","2714","0.002588","CONTRACT_SPEC","v3_3_daily_refresh","NONE","FALSE","TRUE","FALSE","Defines scope behavior schema policy or plan; not runtime data"
"V6/outputs/v3_3_daily_refresh/v3_3de_controlled_promote/backups/pre_promote_20260628_201215/governance/6_4_dashboard_contract/dashboard_governance_contract.csv","dashboard_governance_contract.csv","csv","4686","0.004469","CONTRACT_SPEC","v3_3_daily_refresh","NONE","FALSE","TRUE","FALSE","Defines scope behavior schema policy or plan; not runtime data"
"V6/outputs/v3_3_daily_refresh/v3_3de_controlled_promote/backups/pre_promote_20260628_201215/governance/6_4_dashboard_contract/dashboard_governance_traceability.csv","dashboard_governance_traceability.csv","csv","2541","0.002423","EVIDENCE_ARTIFACT","v3_3_daily_refresh","NONE","TRUE","FALSE","FALSE","Historical validation report log backup script or other non-runtime evidence"
"V6/outputs/v3_3_daily_refresh/v3_3de_controlled_promote/backups/pre_promote_20260628_201215/governance/6_4_dashboard_contract/dashboard_required_sections.csv","dashboard_required_sections.csv","csv","4244","0.004047","EVIDENCE_ARTIFACT","v3_3_daily_refresh","NONE","TRUE","FALSE","FALSE","Historical validation report log backup script or other non-runtime evidence"
"V6/outputs/v3_3_daily_refresh/v3_3de_controlled_promote/backups/pre_promote_20260628_201215/governance/6_4_dashboard_contract/dashboard_warning_labels.csv","dashboard_warning_labels.csv","csv","1148","0.001095","EVIDENCE_ARTIFACT","v3_3_daily_refresh","NONE","TRUE","FALSE","FALSE","Historical validation report log backup script or other non-runtime evidence"
"V6/outputs/v3_3_daily_refresh/v3_3de_controlled_promote/backups/pre_promote_20260628_201215/governance/6_5_governance_closure_pack/governance_artifact_manifest.csv","governance_artifact_manifest.csv","csv","6850","0.006533","EVIDENCE_ARTIFACT","v3_3_daily_refresh","NONE","TRUE","FALSE","FALSE","Historical validation report log backup script or other non-runtime evidence"
"V6/outputs/v3_3_daily_refresh/v3_3de_controlled_promote/backups/pre_promote_20260628_201215/governance/6_5_governance_closure_pack/governance_closure_report.md","governance_closure_report.md","md","2297","0.002191","EVIDENCE_ARTIFACT","v3_3_daily_refresh","NONE","TRUE","FALSE","FALSE","Historical validation report log backup script or other non-runtime evidence"
"V6/outputs/v3_3_daily_refresh/v3_3de_controlled_promote/backups/pre_promote_20260628_201215/governance/6_5_governance_closure_pack/governance_closure_summary.csv","governance_closure_summary.csv","csv","440","0.00042","EVIDENCE_ARTIFACT","v3_3_daily_refresh","NONE","TRUE","FALSE","FALSE","Historical validation report log backup script or other non-runtime evidence"
"V6/outputs/v3_3_daily_refresh/v3_3de_controlled_promote/backups/pre_promote_20260628_201215/governance/6_5_governance_closure_pack/governance_closure_validation.csv","governance_closure_validation.csv","csv","13242","0.012629","EVIDENCE_ARTIFACT","v3_3_daily_refresh","NONE","TRUE","FALSE","FALSE","Historical validation report log backup script or other non-runtime evidence"
"V6/outputs/v3_3_daily_refresh/v3_3de_controlled_promote/backups/pre_promote_20260628_201215/governance/6_5_governance_closure_pack/governance_dashboard_handoff_manifest.csv","governance_dashboard_handoff_manifest.csv","csv","3770","0.003595","EVIDENCE_ARTIFACT","v3_3_daily_refresh","NONE","TRUE","FALSE","FALSE","Historical validation report log backup script or other non-runtime evidence"
"V6/outputs/v3_3_daily_refresh/v3_3de_controlled_promote/backups/pre_promote_20260628_201215/governance/6_5_governance_closure_pack/governance_executive_summary.md","governance_executive_summary.md","md","584","0.000557","EVIDENCE_ARTIFACT","v3_3_daily_refresh","NONE","TRUE","FALSE","FALSE","Historical validation report log backup script or other non-runtime evidence"
"V6/outputs/v3_3_daily_refresh/v3_3de_controlled_promote/backups/pre_promote_20260628_201215/governance/6_5_governance_closure_pack/governance_next_steps.csv","governance_next_steps.csv","csv","1350","0.001287","EVIDENCE_ARTIFACT","v3_3_daily_refresh","NONE","TRUE","FALSE","FALSE","Historical validation report log backup script or other non-runtime evidence"
"V6/outputs/v3_3_daily_refresh/v3_3de_controlled_promote/backups/pre_promote_20260628_201215/governance/6_5_governance_closure_pack/governance_register.csv","governance_register.csv","csv","3324","0.00317","EVIDENCE_ARTIFACT","v3_3_daily_refresh","NONE","TRUE","FALSE","FALSE","Historical validation report log backup script or other non-runtime evidence"
"V6/outputs/v3_3_daily_refresh/v3_3de_controlled_promote/backups/pre_promote_20260628_201215/governance/6_5_governance_closure_pack/governance_stage_status_manifest.csv","governance_stage_status_manifest.csv","csv","1081","0.001031","EVIDENCE_ARTIFACT","v3_3_daily_refresh","NONE","TRUE","FALSE","FALSE","Historical validation report log backup script or other non-runtime evidence"
"V6/outputs/v3_3_daily_refresh/v3_3de_controlled_promote/backups/pre_promote_20260628_201215/governance/audit_6/_audit_6_independent_verification.py","_audit_6_independent_verification.py","py","9144","0.00872","EVIDENCE_ARTIFACT","v3_3_daily_refresh","NONE","TRUE","FALSE","FALSE","Historical validation report log backup script or other non-runtime evidence"
"V6/outputs/v3_3_daily_refresh/v3_3de_controlled_promote/backups/pre_promote_20260628_201215/governance/audit_6/audit_6_dashboard_contract_review.csv","audit_6_dashboard_contract_review.csv","csv","2980","0.002842","CONTRACT_SPEC","v3_3_daily_refresh","NONE","FALSE","TRUE","FALSE","Defines scope behavior schema policy or plan; not runtime data"
"V6/outputs/v3_3_daily_refresh/v3_3de_controlled_promote/backups/pre_promote_20260628_201215/governance/audit_6/audit_6_final_report.md","audit_6_final_report.md","md","9336","0.008904","EVIDENCE_ARTIFACT","v3_3_daily_refresh","NONE","TRUE","FALSE","FALSE","Historical validation report log backup script or other non-runtime evidence"
"V6/outputs/v3_3_daily_refresh/v3_3de_controlled_promote/backups/pre_promote_20260628_201215/governance/audit_6/audit_6_findings.csv","audit_6_findings.csv","csv","2596","0.002476","EVIDENCE_ARTIFACT","v3_3_daily_refresh","NONE","TRUE","FALSE","FALSE","Historical validation report log backup script or other non-runtime evidence"
"V6/outputs/v3_3_daily_refresh/v3_3de_controlled_promote/backups/pre_promote_20260628_201215/governance/audit_6/audit_6_governance_review.csv","audit_6_governance_review.csv","csv","2863","0.00273","EVIDENCE_ARTIFACT","v3_3_daily_refresh","NONE","TRUE","FALSE","FALSE","Historical validation report log backup script or other non-runtime evidence"
"V6/outputs/v3_3_daily_refresh/v3_3de_controlled_promote/backups/pre_promote_20260628_201215/governance/audit_6/audit_6_independent_verification_results.csv","audit_6_independent_verification_results.csv","csv","2235","0.002131","EVIDENCE_ARTIFACT","v3_3_daily_refresh","NONE","TRUE","FALSE","FALSE","Historical validation report log backup script or other non-runtime evidence"
"V6/outputs/v3_3_daily_refresh/v3_3de_controlled_promote/backups/pre_promote_20260628_201215/governance/audit_6/audit_6_readiness_checklist.csv","audit_6_readiness_checklist.csv","csv","4129","0.003938","EVIDENCE_ARTIFACT","v3_3_daily_refresh","NONE","TRUE","FALSE","FALSE","Historical validation report log backup script or other non-runtime evidence"
"V6/outputs/v3_3_daily_refresh/v3_3de_controlled_promote/backups/pre_promote_20260628_201215/governance/audit_6/audit_6_summary.csv","audit_6_summary.csv","csv","418","0.000399","EVIDENCE_ARTIFACT","v3_3_daily_refresh","NONE","TRUE","FALSE","FALSE","Historical validation report log backup script or other non-runtime evidence"
"V6/outputs/v3_3_daily_refresh/v3_3de_controlled_promote/backups/pre_promote_20260628_201215/governance/audit_6/audit_6_traceability_review.csv","audit_6_traceability_review.csv","csv","3380","0.003223","EVIDENCE_ARTIFACT","v3_3_daily_refresh","NONE","TRUE","FALSE","FALSE","Historical validation report log backup script or other non-runtime evidence"
"V6/outputs/v3_3_daily_refresh/v3_3de_controlled_promote/backups/pre_promote_20260628_201215/processed/actuals.csv","actuals.csv","csv","7359186","7.018267","EVIDENCE_ARTIFACT","v3_3_daily_refresh","NONE","TRUE","FALSE","FALSE","Historical validation report log backup script or other non-runtime evidence"
"V6/outputs/v3_3_daily_refresh/v3_3de_controlled_promote/backups/pre_promote_20260628_201215/processed/entities.csv","entities.csv","csv","3259","0.003108","EVIDENCE_ARTIFACT","v3_3_daily_refresh","NONE","TRUE","FALSE","FALSE","Historical validation report log backup script or other non-runtime evidence"
"V6/outputs/v3_3_daily_refresh/v3_3de_controlled_promote/backups/pre_promote_20260628_201215/processed/forecast_comparison.csv","forecast_comparison.csv","csv","133","0.000127","EVIDENCE_ARTIFACT","v3_3_daily_refresh","NONE","TRUE","FALSE","FALSE","Historical validation report log backup script or other non-runtime evidence"
"V6/outputs/v3_3_daily_refresh/v3_3de_controlled_promote/backups/pre_promote_20260628_201215/processed/forecast_viewer_model_outputs_manifest.csv","forecast_viewer_model_outputs_manifest.csv","csv","3026","0.002886","EVIDENCE_ARTIFACT","v3_3_daily_refresh","NONE","TRUE","FALSE","FALSE","Historical validation report log backup script or other non-runtime evidence"
"V6/outputs/v3_3_daily_refresh/v3_3de_controlled_promote/backups/pre_promote_20260628_201215/processed/forecast_viewer_model_outputs_pilot_manifest.csv","forecast_viewer_model_outputs_pilot_manifest.csv","csv","1126","0.001074","EVIDENCE_ARTIFACT","v3_3_daily_refresh","NONE","TRUE","FALSE","FALSE","Historical validation report log backup script or other non-runtime evidence"
"V6/outputs/v3_3_daily_refresh/v3_3de_controlled_promote/backups/pre_promote_20260628_201215/processed/forecast_viewer_model_outputs_pilot_sample.csv","forecast_viewer_model_outputs_pilot_sample.csv","csv","50821","0.048467","EVIDENCE_ARTIFACT","v3_3_daily_refresh","NONE","TRUE","FALSE","FALSE","Historical validation report log backup script or other non-runtime evidence"
"V6/outputs/v3_3_daily_refresh/v3_3de_controlled_promote/backups/pre_promote_20260628_201215/processed/forecast_viewer_model_outputs_pilot.csv","forecast_viewer_model_outputs_pilot.csv","csv","3573931","3.408366","EVIDENCE_ARTIFACT","v3_3_daily_refresh","NONE","TRUE","FALSE","FALSE","Historical validation report log backup script or other non-runtime evidence"
"V6/outputs/v3_3_daily_refresh/v3_3de_controlled_promote/backups/pre_promote_20260628_201215/processed/forecast_viewer_model_outputs_sample.csv","forecast_viewer_model_outputs_sample.csv","csv","16799","0.016021","EVIDENCE_ARTIFACT","v3_3_daily_refresh","NONE","TRUE","FALSE","FALSE","Historical validation report log backup script or other non-runtime evidence"
"V6/outputs/v3_3_daily_refresh/v3_3de_controlled_promote/backups/pre_promote_20260628_201215/processed/forecast_viewer_model_outputs.csv","forecast_viewer_model_outputs.csv","csv","51467614","49.083342","EVIDENCE_ARTIFACT","v3_3_daily_refresh","NONE","TRUE","FALSE","FALSE","Historical validation report log backup script or other non-runtime evidence"
"V6/outputs/v3_3_daily_refresh/v3_3de_controlled_promote/backups/pre_promote_20260628_201215/processed/forecasts_with_intervals_relative_60d_calibrated.csv","forecasts_with_intervals_relative_60d_calibrated.csv","csv","20847730","19.881945","EVIDENCE_ARTIFACT","v3_3_daily_refresh","NONE","TRUE","FALSE","FALSE","Historical validation report log backup script or other non-runtime evidence"
"V6/outputs/v3_3_daily_refresh/v3_3de_controlled_promote/backups/pre_promote_20260628_201215/processed/forecasts_with_intervals_relative_60d.csv","forecasts_with_intervals_relative_60d.csv","csv","19904436","18.982349","EVIDENCE_ARTIFACT","v3_3_daily_refresh","NONE","TRUE","FALSE","FALSE","Historical validation report log backup script or other non-runtime evidence"
"V6/outputs/v3_3_daily_refresh/v3_3de_controlled_promote/backups/pre_promote_20260628_201215/processed/forecasts_with_intervals_relative.csv","forecasts_with_intervals_relative.csv","csv","20033057","19.105012","EVIDENCE_ARTIFACT","v3_3_daily_refresh","NONE","TRUE","FALSE","FALSE","Historical validation report log backup script or other non-runtime evidence"
"V6/outputs/v3_3_daily_refresh/v3_3de_controlled_promote/backups/pre_promote_20260628_201215/processed/forecasts_with_intervals.csv","forecasts_with_intervals.csv","csv","12516890","11.937037","EVIDENCE_ARTIFACT","v3_3_daily_refresh","NONE","TRUE","FALSE","FALSE","Historical validation report log backup script or other non-runtime evidence"
"V6/outputs/v3_3_daily_refresh/v3_3de_controlled_promote/backups/pre_promote_20260628_201215/processed/forecasts.csv","forecasts.csv","csv","8559916","8.163372","EVIDENCE_ARTIFACT","v3_3_daily_refresh","NONE","TRUE","FALSE","FALSE","Historical validation report log backup script or other non-runtime evidence"
"V6/outputs/v3_3_daily_refresh/v3_3de_controlled_promote/backups/pre_promote_20260628_201215/processed/model_champion_comparison.csv","model_champion_comparison.csv","csv","759","0.000724","EVIDENCE_ARTIFACT","v3_3_daily_refresh","NONE","TRUE","FALSE","FALSE","Historical validation report log backup script or other non-runtime evidence"
"V6/outputs/v3_3_daily_refresh/v3_3de_controlled_promote/backups/pre_promote_20260628_201215/processed/model_dashboard_summary.csv","model_dashboard_summary.csv","csv","621","0.000592","EVIDENCE_ARTIFACT","v3_3_daily_refresh","NONE","TRUE","FALSE","FALSE","Historical validation report log backup script or other non-runtime evidence"
"V6/outputs/v3_3_daily_refresh/v3_3de_controlled_promote/backups/pre_promote_20260628_201215/processed/model_evaluation_ranking.csv","model_evaluation_ranking.csv","csv","646","0.000616","EVIDENCE_ARTIFACT","v3_3_daily_refresh","NONE","TRUE","FALSE","FALSE","Historical validation report log backup script or other non-runtime evidence"
"V6/outputs/v3_3_daily_refresh/v3_3de_controlled_promote/backups/pre_promote_20260628_201215/processed/model_evaluation_summary.csv","model_evaluation_summary.csv","csv","1722","0.001642","EVIDENCE_ARTIFACT","v3_3_daily_refresh","NONE","TRUE","FALSE","FALSE","Historical validation report log backup script or other non-runtime evidence"
"V6/outputs/v3_3_daily_refresh/v3_3de_controlled_promote/backups/pre_promote_20260628_201215/processed/model_runtime_guardrails.csv","model_runtime_guardrails.csv","csv","639","0.000609","EVIDENCE_ARTIFACT","v3_3_daily_refresh","NONE","TRUE","FALSE","FALSE","Historical validation report log backup script or other non-runtime evidence"
"V6/outputs/v3_3_daily_refresh/v3_3de_controlled_promote/backups/pre_promote_20260628_201215/processed/model_universe_canonical.csv","model_universe_canonical.csv","csv","2669","0.002545","EVIDENCE_ARTIFACT","v3_3_daily_refresh","NONE","TRUE","FALSE","FALSE","Historical validation report log backup script or other non-runtime evidence"
"V6/outputs/v3_3_daily_refresh/v3_3de_controlled_promote/backups/pre_promote_20260628_201215/processed/run_metadata.csv","run_metadata.csv","csv","412","0.000393","EVIDENCE_ARTIFACT","v3_3_daily_refresh","NONE","TRUE","FALSE","FALSE","Historical validation report log backup script or other non-runtime evidence"
"V6/outputs/v3_3_daily_refresh/v3_3de_controlled_promote/backups/pre_promote_20260628_201215/processed/ttl_months_to_live_snapshot.csv","ttl_months_to_live_snapshot.csv","csv","13247","0.012633","EVIDENCE_ARTIFACT","v3_3_daily_refresh","NONE","TRUE","FALSE","FALSE","Historical validation report log backup script or other non-runtime evidence"
"V6/outputs/v3_3_daily_refresh/v3_3de_controlled_promote/backups/pre_promote_20260628_201215/processed/ttl_supply_demand_timeseries.csv","ttl_supply_demand_timeseries.csv","csv","323211","0.308238","EVIDENCE_ARTIFACT","v3_3_daily_refresh","NONE","TRUE","FALSE","FALSE","Historical validation report log backup script or other non-runtime evidence"
"V6/outputs/v3_3_daily_refresh/v3_3de_controlled_promote/backups/pre_promote_20260628_201215/tournament_engine/tournament_engine_report.md","tournament_engine_report.md","md","3229","0.003079","EVIDENCE_ARTIFACT","v3_3_daily_refresh","NONE","TRUE","FALSE","FALSE","Historical validation report log backup script or other non-runtime evidence"
"V6/outputs/v3_3_daily_refresh/v3_3de_controlled_promote/backups/pre_promote_20260628_201215/tournament_engine/tournament_entity_model_scores.csv","tournament_entity_model_scores.csv","csv","82108","0.078304","EVIDENCE_ARTIFACT","v3_3_daily_refresh","NONE","TRUE","FALSE","FALSE","Historical validation report log backup script or other non-runtime evidence"
"V6/outputs/v3_3_daily_refresh/v3_3de_controlled_promote/backups/pre_promote_20260628_201215/tournament_engine/tournament_model_evidence_summary.csv","tournament_model_evidence_summary.csv","csv","1403","0.001338","EVIDENCE_ARTIFACT","v3_3_daily_refresh","NONE","TRUE","FALSE","FALSE","Historical validation report log backup script or other non-runtime evidence"
"V6/outputs/v3_3_daily_refresh/v3_3de_controlled_promote/backups/pre_promote_20260628_201215/tournament_engine/tournament_model_scorecard.csv","tournament_model_scorecard.csv","csv","2598","0.002478","EVIDENCE_ARTIFACT","v3_3_daily_refresh","NONE","TRUE","FALSE","FALSE","Historical validation report log backup script or other non-runtime evidence"
"V6/outputs/v3_3_daily_refresh/v3_3de_controlled_promote/backups/pre_promote_20260628_201215/tournament_engine/tournament_model_universe.csv","tournament_model_universe.csv","csv","1486","0.001417","EVIDENCE_ARTIFACT","v3_3_daily_refresh","NONE","TRUE","FALSE","FALSE","Historical validation report log backup script or other non-runtime evidence"
"V6/outputs/v3_3_daily_refresh/v3_3de_controlled_promote/backups/pre_promote_20260628_201215/tournament_engine/tournament_pairwise_evidence.csv","tournament_pairwise_evidence.csv","csv","17160","0.016365","EVIDENCE_ARTIFACT","v3_3_daily_refresh","NONE","TRUE","FALSE","FALSE","Historical validation report log backup script or other non-runtime evidence"
"V6/outputs/v3_3_daily_refresh/v3_3de_controlled_promote/backups/pre_promote_20260628_201215/tournament_engine/tournament_preliminary_standings.csv","tournament_preliminary_standings.csv","csv","1983","0.001891","EVIDENCE_ARTIFACT","v3_3_daily_refresh","NONE","TRUE","FALSE","FALSE","Historical validation report log backup script or other non-runtime evidence"
"V6/outputs/v3_3_daily_refresh/v3_3de_controlled_promote/backups/pre_promote_20260628_201215/tournament_engine/tournament_risk_register.csv","tournament_risk_register.csv","csv","6737","0.006425","EVIDENCE_ARTIFACT","v3_3_daily_refresh","NONE","TRUE","FALSE","FALSE","Historical validation report log backup script or other non-runtime evidence"
"V6/outputs/v3_3_daily_refresh/v3_3de_controlled_promote/backups/pre_promote_20260628_201215/tournament_engine/tournament_summary.csv","tournament_summary.csv","csv","292","0.000278","EVIDENCE_ARTIFACT","v3_3_daily_refresh","NONE","TRUE","FALSE","FALSE","Historical validation report log backup script or other non-runtime evidence"
"V6/outputs/v3_3_daily_refresh/v3_3de_controlled_promote/backups/pre_promote_20260628_201215/tournament_engine/tournament_validation.csv","tournament_validation.csv","csv","1191","0.001136","EVIDENCE_ARTIFACT","v3_3_daily_refresh","NONE","TRUE","FALSE","FALSE","Historical validation report log backup script or other non-runtime evidence"
"V6/outputs/v3_3_daily_refresh/v3_3de_controlled_promote/backups/pre_promote_20260630_100948/champion_decision/champion_candidate_evaluation.csv","champion_candidate_evaluation.csv","csv","2528","0.002411","EVIDENCE_ARTIFACT","v3_3_daily_refresh","NONE","TRUE","FALSE","FALSE","Historical validation report log backup script or other non-runtime evidence"
"V6/outputs/v3_3_daily_refresh/v3_3de_controlled_promote/backups/pre_promote_20260630_100948/champion_decision/champion_decision_evidence_summary.csv","champion_decision_evidence_summary.csv","csv","1501","0.001431","CONTRACT_SPEC","v3_3_daily_refresh","NONE","FALSE","TRUE","FALSE","Defines scope behavior schema policy or plan; not runtime data"
"V6/outputs/v3_3_daily_refresh/v3_3de_controlled_promote/backups/pre_promote_20260630_100948/champion_decision/champion_decision_report.md","champion_decision_report.md","md","1887","0.0018","CONTRACT_SPEC","v3_3_daily_refresh","NONE","FALSE","TRUE","FALSE","Defines scope behavior schema policy or plan; not runtime data"
"V6/outputs/v3_3_daily_refresh/v3_3de_controlled_promote/backups/pre_promote_20260630_100948/champion_decision/champion_decision_risk_review.csv","champion_decision_risk_review.csv","csv","10246","0.009771","CONTRACT_SPEC","v3_3_daily_refresh","NONE","FALSE","TRUE","FALSE","Defines scope behavior schema policy or plan; not runtime data"
"V6/outputs/v3_3_daily_refresh/v3_3de_controlled_promote/backups/pre_promote_20260630_100948/champion_decision/champion_decision_scorecard.csv","champion_decision_scorecard.csv","csv","3177","0.00303","CONTRACT_SPEC","v3_3_daily_refresh","NONE","FALSE","TRUE","FALSE","Defines scope behavior schema policy or plan; not runtime data"
"V6/outputs/v3_3_daily_refresh/v3_3de_controlled_promote/backups/pre_promote_20260630_100948/champion_decision/champion_decision_summary.csv","champion_decision_summary.csv","csv","344","0.000328","CONTRACT_SPEC","v3_3_daily_refresh","NONE","FALSE","TRUE","FALSE","Defines scope behavior schema policy or plan; not runtime data"
"V6/outputs/v3_3_daily_refresh/v3_3de_controlled_promote/backups/pre_promote_20260630_100948/champion_decision/champion_decision_validation.csv","champion_decision_validation.csv","csv","796","0.000759","CONTRACT_SPEC","v3_3_daily_refresh","NONE","FALSE","TRUE","FALSE","Defines scope behavior schema policy or plan; not runtime data"
"V6/outputs/v3_3_daily_refresh/v3_3de_controlled_promote/backups/pre_promote_20260630_100948/champion_decision/champion_decision.csv","champion_decision.csv","csv","421","0.000401","CONTRACT_SPEC","v3_3_daily_refresh","NONE","FALSE","TRUE","FALSE","Defines scope behavior schema policy or plan; not runtime data"
"V6/outputs/v3_3_daily_refresh/v3_3de_controlled_promote/backups/pre_promote_20260630_100948/evaluation/backtest_window_inventory.csv","backtest_window_inventory.csv","csv","3095","0.002952","EVIDENCE_ARTIFACT","v3_3_daily_refresh","NONE","TRUE","FALSE","FALSE","Historical validation report log backup script or other non-runtime evidence"
"V6/outputs/v3_3_daily_refresh/v3_3de_controlled_promote/backups/pre_promote_20260630_100948/evaluation/evaluation_dataset_metadata.csv","evaluation_dataset_metadata.csv","csv","157","0.00015","EVIDENCE_ARTIFACT","v3_3_daily_refresh","NONE","TRUE","FALSE","FALSE","Historical validation report log backup script or other non-runtime evidence"
"V6/outputs/v3_3_daily_refresh/v3_3de_controlled_promote/backups/pre_promote_20260630_100948/evaluation/evaluation_dataset.csv","evaluation_dataset.csv","csv","14753409","14.069947","EVIDENCE_ARTIFACT","v3_3_daily_refresh","NONE","TRUE","FALSE","FALSE","Historical validation report log backup script or other non-runtime evidence"
"V6/outputs/v3_3_daily_refresh/v3_3de_controlled_promote/backups/pre_promote_20260630_100948/evaluation/evaluation_source_inventory.csv","evaluation_source_inventory.csv","csv","1140","0.001087","EVIDENCE_ARTIFACT","v3_3_daily_refresh","NONE","TRUE","FALSE","FALSE","Historical validation report log backup script or other non-runtime evidence"
"V6/outputs/v3_3_daily_refresh/v3_3de_controlled_promote/backups/pre_promote_20260630_100948/evaluation/evaluation_source_summary.txt","evaluation_source_summary.txt","txt","5591","0.005332","EVIDENCE_ARTIFACT","v3_3_daily_refresh","NONE","TRUE","FALSE","FALSE","Historical validation report log backup script or other non-runtime evidence"
"V6/outputs/v3_3_daily_refresh/v3_3de_controlled_promote/backups/pre_promote_20260630_100948/forecast_viewer_handoff/forecast_viewer_handoff_chart_readiness.csv","forecast_viewer_handoff_chart_readiness.csv","csv","6018","0.005739","EVIDENCE_ARTIFACT","v3_3_daily_refresh","NONE","TRUE","FALSE","FALSE","Historical validation report log backup script or other non-runtime evidence"
"V6/outputs/v3_3_daily_refresh/v3_3de_controlled_promote/backups/pre_promote_20260630_100948/forecast_viewer_handoff/forecast_viewer_handoff_coverage_by_series.csv","forecast_viewer_handoff_coverage_by_series.csv","csv","11207","0.010688","EVIDENCE_ARTIFACT","v3_3_daily_refresh","NONE","TRUE","FALSE","FALSE","Historical validation report log backup script or other non-runtime evidence"
"V6/outputs/v3_3_daily_refresh/v3_3de_controlled_promote/backups/pre_promote_20260630_100948/forecast_viewer_handoff/forecast_viewer_handoff_excluded_series.csv","forecast_viewer_handoff_excluded_series.csv","csv","804","0.000767","EVIDENCE_ARTIFACT","v3_3_daily_refresh","NONE","TRUE","FALSE","FALSE","Historical validation report log backup script or other non-runtime evidence"
"V6/outputs/v3_3_daily_refresh/v3_3de_controlled_promote/backups/pre_promote_20260630_100948/forecast_viewer_handoff/forecast_viewer_handoff_horizon_summary.csv","forecast_viewer_handoff_horizon_summary.csv","csv","678","0.000647","EVIDENCE_ARTIFACT","v3_3_daily_refresh","NONE","TRUE","FALSE","FALSE","Historical validation report log backup script or other non-runtime evidence"
"V6/outputs/v3_3_daily_refresh/v3_3de_controlled_promote/backups/pre_promote_20260630_100948/forecast_viewer_handoff/forecast_viewer_handoff_model_coverage.csv","forecast_viewer_handoff_model_coverage.csv","csv","49171","0.046893","EVIDENCE_ARTIFACT","v3_3_daily_refresh","NONE","TRUE","FALSE","FALSE","Historical validation report log backup script or other non-runtime evidence"
"V6/outputs/v3_3_daily_refresh/v3_3de_controlled_promote/backups/pre_promote_20260630_100948/forecast_viewer_handoff/forecast_viewer_handoff_report.md","forecast_viewer_handoff_report.md","md","4413","0.004209","EVIDENCE_ARTIFACT","v3_3_daily_refresh","NONE","TRUE","FALSE","FALSE","Historical validation report log backup script or other non-runtime evidence"
"V6/outputs/v3_3_daily_refresh/v3_3de_controlled_promote/backups/pre_promote_20260630_100948/forecast_viewer_handoff/forecast_viewer_handoff_schema.csv","forecast_viewer_handoff_schema.csv","csv","890","0.000849","CONTRACT_SPEC","v3_3_daily_refresh","NONE","FALSE","TRUE","FALSE","Defines scope behavior schema policy or plan; not runtime data"
"V6/outputs/v3_3_daily_refresh/v3_3de_controlled_promote/backups/pre_promote_20260630_100948/forecast_viewer_handoff/forecast_viewer_handoff_source_manifest.csv","forecast_viewer_handoff_source_manifest.csv","csv","804","0.000767","EVIDENCE_ARTIFACT","v3_3_daily_refresh","NONE","TRUE","FALSE","FALSE","Historical validation report log backup script or other non-runtime evidence"
"V6/outputs/v3_3_daily_refresh/v3_3de_controlled_promote/backups/pre_promote_20260630_100948/forecast_viewer_handoff/forecast_viewer_handoff_validation.csv","forecast_viewer_handoff_validation.csv","csv","2895","0.002761","EVIDENCE_ARTIFACT","v3_3_daily_refresh","NONE","TRUE","FALSE","FALSE","Historical validation report log backup script or other non-runtime evidence"
"V6/outputs/v3_3_daily_refresh/v3_3de_controlled_promote/backups/pre_promote_20260630_100948/forecast_viewer_handoff/logs/build_full_20260618_205322.log","build_full_20260618_205322.log","log","1483","0.001414","EVIDENCE_ARTIFACT","v3_3_daily_refresh","NONE","TRUE","FALSE","FALSE","Historical validation report log backup script or other non-runtime evidence"
"V6/outputs/v3_3_daily_refresh/v3_3de_controlled_promote/backups/pre_promote_20260630_100948/forecast_viewer_handoff/logs/build_full_20260626_182316.log","build_full_20260626_182316.log","log","1483","0.001414","EVIDENCE_ARTIFACT","v3_3_daily_refresh","NONE","TRUE","FALSE","FALSE","Historical validation report log backup script or other non-runtime evidence"
"V6/outputs/v3_3_daily_refresh/v3_3de_controlled_promote/backups/pre_promote_20260630_100948/governance/6_0_audit5_finding_resolution/audit5_finding_resolution_report.md","audit5_finding_resolution_report.md","md","917","0.000875","EVIDENCE_ARTIFACT","v3_3_daily_refresh","NONE","TRUE","FALSE","FALSE","Historical validation report log backup script or other non-runtime evidence"
"V6/outputs/v3_3_daily_refresh/v3_3de_controlled_promote/backups/pre_promote_20260630_100948/governance/6_0_audit5_finding_resolution/audit5_finding_resolution.csv","audit5_finding_resolution.csv","csv","1303","0.001243","EVIDENCE_ARTIFACT","v3_3_daily_refresh","NONE","TRUE","FALSE","FALSE","Historical validation report log backup script or other non-runtime evidence"
"V6/outputs/v3_3_daily_refresh/v3_3de_controlled_promote/backups/pre_promote_20260630_100948/governance/6_0_audit5_finding_resolution/governed_manifest_correction.csv","governed_manifest_correction.csv","csv","452","0.000431","EVIDENCE_ARTIFACT","v3_3_daily_refresh","NONE","TRUE","FALSE","FALSE","Historical validation report log backup script or other non-runtime evidence"
"V6/outputs/v3_3_daily_refresh/v3_3de_controlled_promote/backups/pre_promote_20260630_100948/governance/6_1_governance_foundation/governance_6_0_6_1_validation.csv","governance_6_0_6_1_validation.csv","csv","1999","0.001906","EVIDENCE_ARTIFACT","v3_3_daily_refresh","NONE","TRUE","FALSE","FALSE","Historical validation report log backup script or other non-runtime evidence"
"V6/outputs/v3_3_daily_refresh/v3_3de_controlled_promote/backups/pre_promote_20260630_100948/governance/6_1_governance_foundation/governance_definitions.csv","governance_definitions.csv","csv","3183","0.003036","EVIDENCE_ARTIFACT","v3_3_daily_refresh","NONE","TRUE","FALSE","FALSE","Historical validation report log backup script or other non-runtime evidence"
"V6/outputs/v3_3_daily_refresh/v3_3de_controlled_promote/backups/pre_promote_20260630_100948/governance/6_1_governance_foundation/governance_foundation_report.md","governance_foundation_report.md","md","1849","0.001763","EVIDENCE_ARTIFACT","v3_3_daily_refresh","NONE","TRUE","FALSE","FALSE","Historical validation report log backup script or other non-runtime evidence"
"V6/outputs/v3_3_daily_refresh/v3_3de_controlled_promote/backups/pre_promote_20260630_100948/governance/6_1_governance_foundation/governance_status_taxonomy.csv","governance_status_taxonomy.csv","csv","2175","0.002074","CONTRACT_SPEC","v3_3_daily_refresh","NONE","FALSE","TRUE","FALSE","Defines scope behavior schema policy or plan; not runtime data"
"V6/outputs/v3_3_daily_refresh/v3_3de_controlled_promote/backups/pre_promote_20260630_100948/governance/6_2_decision_rules/decision_action_framework.csv","decision_action_framework.csv","csv","4432","0.004227","CONTRACT_SPEC","v3_3_daily_refresh","NONE","FALSE","TRUE","FALSE","Defines scope behavior schema policy or plan; not runtime data"
"V6/outputs/v3_3_daily_refresh/v3_3de_controlled_promote/backups/pre_promote_20260630_100948/governance/6_2_decision_rules/decision_rule_traceability.csv","decision_rule_traceability.csv","csv","2249","0.002145","CONTRACT_SPEC","v3_3_daily_refresh","NONE","FALSE","TRUE","FALSE","Defines scope behavior schema policy or plan; not runtime data"
"V6/outputs/v3_3_daily_refresh/v3_3de_controlled_promote/backups/pre_promote_20260630_100948/governance/6_2_decision_rules/decision_rules_report.md","decision_rules_report.md","md","2540","0.002422","CONTRACT_SPEC","v3_3_daily_refresh","NONE","FALSE","TRUE","FALSE","Defines scope behavior schema policy or plan; not runtime data"
"V6/outputs/v3_3_daily_refresh/v3_3de_controlled_promote/backups/pre_promote_20260630_100948/governance/6_2_decision_rules/decision_rules_validation.csv","decision_rules_validation.csv","csv","2394","0.002283","CONTRACT_SPEC","v3_3_daily_refresh","NONE","FALSE","TRUE","FALSE","Defines scope behavior schema policy or plan; not runtime data"
"V6/outputs/v3_3_daily_refresh/v3_3de_controlled_promote/backups/pre_promote_20260630_100948/governance/6_2_decision_rules/governance_recommendations.csv","governance_recommendations.csv","csv","4883","0.004657","EVIDENCE_ARTIFACT","v3_3_daily_refresh","NONE","TRUE","FALSE","FALSE","Historical validation report log backup script or other non-runtime evidence"
"V6/outputs/v3_3_daily_refresh/v3_3de_controlled_promote/backups/pre_promote_20260630_100948/governance/6_2_decision_rules/model_recommendation_rules.csv","model_recommendation_rules.csv","csv","2835","0.002704","EVIDENCE_ARTIFACT","v3_3_daily_refresh","NONE","TRUE","FALSE","FALSE","Historical validation report log backup script or other non-runtime evidence"
"V6/outputs/v3_3_daily_refresh/v3_3de_controlled_promote/backups/pre_promote_20260630_100948/governance/6_2_decision_rules/risk_to_action_mapping.csv","risk_to_action_mapping.csv","csv","2870","0.002737","EVIDENCE_ARTIFACT","v3_3_daily_refresh","NONE","TRUE","FALSE","FALSE","Historical validation report log backup script or other non-runtime evidence"
"V6/outputs/v3_3_daily_refresh/v3_3de_controlled_promote/backups/pre_promote_20260630_100948/governance/6_3_champion_conditions/champion_condition_traceability.csv","champion_condition_traceability.csv","csv","2055","0.00196","EVIDENCE_ARTIFACT","v3_3_daily_refresh","NONE","TRUE","FALSE","FALSE","Historical validation report log backup script or other non-runtime evidence"
"V6/outputs/v3_3_daily_refresh/v3_3de_controlled_promote/backups/pre_promote_20260630_100948/governance/6_3_champion_conditions/champion_conditions_protocol.csv","champion_conditions_protocol.csv","csv","2294","0.002188","EVIDENCE_ARTIFACT","v3_3_daily_refresh","NONE","TRUE","FALSE","FALSE","Historical validation report log backup script or other non-runtime evidence"
"V6/outputs/v3_3_daily_refresh/v3_3de_controlled_promote/backups/pre_promote_20260630_100948/governance/6_3_champion_conditions/champion_conditions_report.md","champion_conditions_report.md","md","2582","0.002462","EVIDENCE_ARTIFACT","v3_3_daily_refresh","NONE","TRUE","FALSE","FALSE","Historical validation report log backup script or other non-runtime evidence"
"V6/outputs/v3_3_daily_refresh/v3_3de_controlled_promote/backups/pre_promote_20260630_100948/governance/6_3_champion_conditions/champion_conditions_validation.csv","champion_conditions_validation.csv","csv","2188","0.002087","EVIDENCE_ARTIFACT","v3_3_daily_refresh","NONE","TRUE","FALSE","FALSE","Historical validation report log backup script or other non-runtime evidence"
"V6/outputs/v3_3_daily_refresh/v3_3de_controlled_promote/backups/pre_promote_20260630_100948/governance/6_3_champion_conditions/champion_dashboard_display_requirements.csv","champion_dashboard_display_requirements.csv","csv","2415","0.002303","EVIDENCE_ARTIFACT","v3_3_daily_refresh","NONE","TRUE","FALSE","FALSE","Historical validation report log backup script or other non-runtime evidence"
"V6/outputs/v3_3_daily_refresh/v3_3de_controlled_promote/backups/pre_promote_20260630_100948/governance/6_3_champion_conditions/champion_dashboard_language.csv","champion_dashboard_language.csv","csv","2879","0.002746","EVIDENCE_ARTIFACT","v3_3_daily_refresh","NONE","TRUE","FALSE","FALSE","Historical validation report log backup script or other non-runtime evidence"
"V6/outputs/v3_3_daily_refresh/v3_3de_controlled_promote/backups/pre_promote_20260630_100948/governance/6_4_dashboard_contract/dashboard_contract_validation.csv","dashboard_contract_validation.csv","csv","23874","0.022768","CONTRACT_SPEC","v3_3_daily_refresh","NONE","FALSE","TRUE","FALSE","Defines scope behavior schema policy or plan; not runtime data"
"V6/outputs/v3_3_daily_refresh/v3_3de_controlled_promote/backups/pre_promote_20260630_100948/governance/6_4_dashboard_contract/dashboard_data_binding_contract.csv","dashboard_data_binding_contract.csv","csv","4752","0.004532","CONTRACT_SPEC","v3_3_daily_refresh","NONE","FALSE","TRUE","FALSE","Defines scope behavior schema policy or plan; not runtime data"
"V6/outputs/v3_3_daily_refresh/v3_3de_controlled_promote/backups/pre_promote_20260630_100948/governance/6_4_dashboard_contract/dashboard_do_dont_rules.csv","dashboard_do_dont_rules.csv","csv","2458","0.002344","EVIDENCE_ARTIFACT","v3_3_daily_refresh","NONE","TRUE","FALSE","FALSE","Historical validation report log backup script or other non-runtime evidence"
"V6/outputs/v3_3_daily_refresh/v3_3de_controlled_promote/backups/pre_promote_20260630_100948/governance/6_4_dashboard_contract/dashboard_governance_contract_report.md","dashboard_governance_contract_report.md","md","2714","0.002588","CONTRACT_SPEC","v3_3_daily_refresh","NONE","FALSE","TRUE","FALSE","Defines scope behavior schema policy or plan; not runtime data"
"V6/outputs/v3_3_daily_refresh/v3_3de_controlled_promote/backups/pre_promote_20260630_100948/governance/6_4_dashboard_contract/dashboard_governance_contract.csv","dashboard_governance_contract.csv","csv","4686","0.004469","CONTRACT_SPEC","v3_3_daily_refresh","NONE","FALSE","TRUE","FALSE","Defines scope behavior schema policy or plan; not runtime data"
"V6/outputs/v3_3_daily_refresh/v3_3de_controlled_promote/backups/pre_promote_20260630_100948/governance/6_4_dashboard_contract/dashboard_governance_traceability.csv","dashboard_governance_traceability.csv","csv","2541","0.002423","EVIDENCE_ARTIFACT","v3_3_daily_refresh","NONE","TRUE","FALSE","FALSE","Historical validation report log backup script or other non-runtime evidence"
"V6/outputs/v3_3_daily_refresh/v3_3de_controlled_promote/backups/pre_promote_20260630_100948/governance/6_4_dashboard_contract/dashboard_required_sections.csv","dashboard_required_sections.csv","csv","4244","0.004047","EVIDENCE_ARTIFACT","v3_3_daily_refresh","NONE","TRUE","FALSE","FALSE","Historical validation report log backup script or other non-runtime evidence"
"V6/outputs/v3_3_daily_refresh/v3_3de_controlled_promote/backups/pre_promote_20260630_100948/governance/6_4_dashboard_contract/dashboard_warning_labels.csv","dashboard_warning_labels.csv","csv","1148","0.001095","EVIDENCE_ARTIFACT","v3_3_daily_refresh","NONE","TRUE","FALSE","FALSE","Historical validation report log backup script or other non-runtime evidence"
"V6/outputs/v3_3_daily_refresh/v3_3de_controlled_promote/backups/pre_promote_20260630_100948/governance/6_5_governance_closure_pack/governance_artifact_manifest.csv","governance_artifact_manifest.csv","csv","6850","0.006533","EVIDENCE_ARTIFACT","v3_3_daily_refresh","NONE","TRUE","FALSE","FALSE","Historical validation report log backup script or other non-runtime evidence"
"V6/outputs/v3_3_daily_refresh/v3_3de_controlled_promote/backups/pre_promote_20260630_100948/governance/6_5_governance_closure_pack/governance_closure_report.md","governance_closure_report.md","md","2297","0.002191","EVIDENCE_ARTIFACT","v3_3_daily_refresh","NONE","TRUE","FALSE","FALSE","Historical validation report log backup script or other non-runtime evidence"
"V6/outputs/v3_3_daily_refresh/v3_3de_controlled_promote/backups/pre_promote_20260630_100948/governance/6_5_governance_closure_pack/governance_closure_summary.csv","governance_closure_summary.csv","csv","440","0.00042","EVIDENCE_ARTIFACT","v3_3_daily_refresh","NONE","TRUE","FALSE","FALSE","Historical validation report log backup script or other non-runtime evidence"
"V6/outputs/v3_3_daily_refresh/v3_3de_controlled_promote/backups/pre_promote_20260630_100948/governance/6_5_governance_closure_pack/governance_closure_validation.csv","governance_closure_validation.csv","csv","13242","0.012629","EVIDENCE_ARTIFACT","v3_3_daily_refresh","NONE","TRUE","FALSE","FALSE","Historical validation report log backup script or other non-runtime evidence"
"V6/outputs/v3_3_daily_refresh/v3_3de_controlled_promote/backups/pre_promote_20260630_100948/governance/6_5_governance_closure_pack/governance_dashboard_handoff_manifest.csv","governance_dashboard_handoff_manifest.csv","csv","3770","0.003595","EVIDENCE_ARTIFACT","v3_3_daily_refresh","NONE","TRUE","FALSE","FALSE","Historical validation report log backup script or other non-runtime evidence"
"V6/outputs/v3_3_daily_refresh/v3_3de_controlled_promote/backups/pre_promote_20260630_100948/governance/6_5_governance_closure_pack/governance_executive_summary.md","governance_executive_summary.md","md","584","0.000557","EVIDENCE_ARTIFACT","v3_3_daily_refresh","NONE","TRUE","FALSE","FALSE","Historical validation report log backup script or other non-runtime evidence"
"V6/outputs/v3_3_daily_refresh/v3_3de_controlled_promote/backups/pre_promote_20260630_100948/governance/6_5_governance_closure_pack/governance_next_steps.csv","governance_next_steps.csv","csv","1350","0.001287","EVIDENCE_ARTIFACT","v3_3_daily_refresh","NONE","TRUE","FALSE","FALSE","Historical validation report log backup script or other non-runtime evidence"
"V6/outputs/v3_3_daily_refresh/v3_3de_controlled_promote/backups/pre_promote_20260630_100948/governance/6_5_governance_closure_pack/governance_register.csv","governance_register.csv","csv","3324","0.00317","EVIDENCE_ARTIFACT","v3_3_daily_refresh","NONE","TRUE","FALSE","FALSE","Historical validation report log backup script or other non-runtime evidence"
"V6/outputs/v3_3_daily_refresh/v3_3de_controlled_promote/backups/pre_promote_20260630_100948/governance/6_5_governance_closure_pack/governance_stage_status_manifest.csv","governance_stage_status_manifest.csv","csv","1081","0.001031","EVIDENCE_ARTIFACT","v3_3_daily_refresh","NONE","TRUE","FALSE","FALSE","Historical validation report log backup script or other non-runtime evidence"
"V6/outputs/v3_3_daily_refresh/v3_3de_controlled_promote/backups/pre_promote_20260630_100948/governance/audit_6/_audit_6_independent_verification.py","_audit_6_independent_verification.py","py","9144","0.00872","EVIDENCE_ARTIFACT","v3_3_daily_refresh","NONE","TRUE","FALSE","FALSE","Historical validation report log backup script or other non-runtime evidence"
"V6/outputs/v3_3_daily_refresh/v3_3de_controlled_promote/backups/pre_promote_20260630_100948/governance/audit_6/audit_6_dashboard_contract_review.csv","audit_6_dashboard_contract_review.csv","csv","2980","0.002842","CONTRACT_SPEC","v3_3_daily_refresh","NONE","FALSE","TRUE","FALSE","Defines scope behavior schema policy or plan; not runtime data"
"V6/outputs/v3_3_daily_refresh/v3_3de_controlled_promote/backups/pre_promote_20260630_100948/governance/audit_6/audit_6_final_report.md","audit_6_final_report.md","md","9336","0.008904","EVIDENCE_ARTIFACT","v3_3_daily_refresh","NONE","TRUE","FALSE","FALSE","Historical validation report log backup script or other non-runtime evidence"
"V6/outputs/v3_3_daily_refresh/v3_3de_controlled_promote/backups/pre_promote_20260630_100948/governance/audit_6/audit_6_findings.csv","audit_6_findings.csv","csv","2596","0.002476","EVIDENCE_ARTIFACT","v3_3_daily_refresh","NONE","TRUE","FALSE","FALSE","Historical validation report log backup script or other non-runtime evidence"
"V6/outputs/v3_3_daily_refresh/v3_3de_controlled_promote/backups/pre_promote_20260630_100948/governance/audit_6/audit_6_governance_review.csv","audit_6_governance_review.csv","csv","2863","0.00273","EVIDENCE_ARTIFACT","v3_3_daily_refresh","NONE","TRUE","FALSE","FALSE","Historical validation report log backup script or other non-runtime evidence"
"V6/outputs/v3_3_daily_refresh/v3_3de_controlled_promote/backups/pre_promote_20260630_100948/governance/audit_6/audit_6_independent_verification_results.csv","audit_6_independent_verification_results.csv","csv","2235","0.002131","EVIDENCE_ARTIFACT","v3_3_daily_refresh","NONE","TRUE","FALSE","FALSE","Historical validation report log backup script or other non-runtime evidence"
"V6/outputs/v3_3_daily_refresh/v3_3de_controlled_promote/backups/pre_promote_20260630_100948/governance/audit_6/audit_6_readiness_checklist.csv","audit_6_readiness_checklist.csv","csv","4129","0.003938","EVIDENCE_ARTIFACT","v3_3_daily_refresh","NONE","TRUE","FALSE","FALSE","Historical validation report log backup script or other non-runtime evidence"
"V6/outputs/v3_3_daily_refresh/v3_3de_controlled_promote/backups/pre_promote_20260630_100948/governance/audit_6/audit_6_summary.csv","audit_6_summary.csv","csv","418","0.000399","EVIDENCE_ARTIFACT","v3_3_daily_refresh","NONE","TRUE","FALSE","FALSE","Historical validation report log backup script or other non-runtime evidence"
"V6/outputs/v3_3_daily_refresh/v3_3de_controlled_promote/backups/pre_promote_20260630_100948/governance/audit_6/audit_6_traceability_review.csv","audit_6_traceability_review.csv","csv","3380","0.003223","EVIDENCE_ARTIFACT","v3_3_daily_refresh","NONE","TRUE","FALSE","FALSE","Historical validation report log backup script or other non-runtime evidence"
"V6/outputs/v3_3_daily_refresh/v3_3de_controlled_promote/backups/pre_promote_20260630_100948/processed/actuals.csv","actuals.csv","csv","7359186","7.018267","EVIDENCE_ARTIFACT","v3_3_daily_refresh","NONE","TRUE","FALSE","FALSE","Historical validation report log backup script or other non-runtime evidence"
"V6/outputs/v3_3_daily_refresh/v3_3de_controlled_promote/backups/pre_promote_20260630_100948/processed/entities.csv","entities.csv","csv","3259","0.003108","EVIDENCE_ARTIFACT","v3_3_daily_refresh","NONE","TRUE","FALSE","FALSE","Historical validation report log backup script or other non-runtime evidence"
"V6/outputs/v3_3_daily_refresh/v3_3de_controlled_promote/backups/pre_promote_20260630_100948/processed/forecast_comparison.csv","forecast_comparison.csv","csv","133","0.000127","EVIDENCE_ARTIFACT","v3_3_daily_refresh","NONE","TRUE","FALSE","FALSE","Historical validation report log backup script or other non-runtime evidence"
"V6/outputs/v3_3_daily_refresh/v3_3de_controlled_promote/backups/pre_promote_20260630_100948/processed/forecast_viewer_model_outputs_manifest.csv","forecast_viewer_model_outputs_manifest.csv","csv","3026","0.002886","EVIDENCE_ARTIFACT","v3_3_daily_refresh","NONE","TRUE","FALSE","FALSE","Historical validation report log backup script or other non-runtime evidence"
"V6/outputs/v3_3_daily_refresh/v3_3de_controlled_promote/backups/pre_promote_20260630_100948/processed/forecast_viewer_model_outputs_pilot_manifest.csv","forecast_viewer_model_outputs_pilot_manifest.csv","csv","1126","0.001074","EVIDENCE_ARTIFACT","v3_3_daily_refresh","NONE","TRUE","FALSE","FALSE","Historical validation report log backup script or other non-runtime evidence"
"V6/outputs/v3_3_daily_refresh/v3_3de_controlled_promote/backups/pre_promote_20260630_100948/processed/forecast_viewer_model_outputs_pilot_sample.csv","forecast_viewer_model_outputs_pilot_sample.csv","csv","50821","0.048467","EVIDENCE_ARTIFACT","v3_3_daily_refresh","NONE","TRUE","FALSE","FALSE","Historical validation report log backup script or other non-runtime evidence"
"V6/outputs/v3_3_daily_refresh/v3_3de_controlled_promote/backups/pre_promote_20260630_100948/processed/forecast_viewer_model_outputs_pilot.csv","forecast_viewer_model_outputs_pilot.csv","csv","3573931","3.408366","EVIDENCE_ARTIFACT","v3_3_daily_refresh","NONE","TRUE","FALSE","FALSE","Historical validation report log backup script or other non-runtime evidence"
"V6/outputs/v3_3_daily_refresh/v3_3de_controlled_promote/backups/pre_promote_20260630_100948/processed/forecast_viewer_model_outputs_sample.csv","forecast_viewer_model_outputs_sample.csv","csv","16799","0.016021","EVIDENCE_ARTIFACT","v3_3_daily_refresh","NONE","TRUE","FALSE","FALSE","Historical validation report log backup script or other non-runtime evidence"
"V6/outputs/v3_3_daily_refresh/v3_3de_controlled_promote/backups/pre_promote_20260630_100948/processed/forecast_viewer_model_outputs.csv","forecast_viewer_model_outputs.csv","csv","51467614","49.083342","EVIDENCE_ARTIFACT","v3_3_daily_refresh","NONE","TRUE","FALSE","FALSE","Historical validation report log backup script or other non-runtime evidence"
"V6/outputs/v3_3_daily_refresh/v3_3de_controlled_promote/backups/pre_promote_20260630_100948/processed/forecasts_with_intervals_relative_60d_calibrated.csv","forecasts_with_intervals_relative_60d_calibrated.csv","csv","20847730","19.881945","EVIDENCE_ARTIFACT","v3_3_daily_refresh","NONE","TRUE","FALSE","FALSE","Historical validation report log backup script or other non-runtime evidence"
"V6/outputs/v3_3_daily_refresh/v3_3de_controlled_promote/backups/pre_promote_20260630_100948/processed/forecasts_with_intervals_relative_60d.csv","forecasts_with_intervals_relative_60d.csv","csv","19904436","18.982349","EVIDENCE_ARTIFACT","v3_3_daily_refresh","NONE","TRUE","FALSE","FALSE","Historical validation report log backup script or other non-runtime evidence"
"V6/outputs/v3_3_daily_refresh/v3_3de_controlled_promote/backups/pre_promote_20260630_100948/processed/forecasts_with_intervals_relative.csv","forecasts_with_intervals_relative.csv","csv","20033057","19.105012","EVIDENCE_ARTIFACT","v3_3_daily_refresh","NONE","TRUE","FALSE","FALSE","Historical validation report log backup script or other non-runtime evidence"
"V6/outputs/v3_3_daily_refresh/v3_3de_controlled_promote/backups/pre_promote_20260630_100948/processed/forecasts_with_intervals.csv","forecasts_with_intervals.csv","csv","12516890","11.937037","EVIDENCE_ARTIFACT","v3_3_daily_refresh","NONE","TRUE","FALSE","FALSE","Historical validation report log backup script or other non-runtime evidence"
"V6/outputs/v3_3_daily_refresh/v3_3de_controlled_promote/backups/pre_promote_20260630_100948/processed/forecasts.csv","forecasts.csv","csv","8559916","8.163372","EVIDENCE_ARTIFACT","v3_3_daily_refresh","NONE","TRUE","FALSE","FALSE","Historical validation report log backup script or other non-runtime evidence"
"V6/outputs/v3_3_daily_refresh/v3_3de_controlled_promote/backups/pre_promote_20260630_100948/processed/model_champion_comparison.csv","model_champion_comparison.csv","csv","759","0.000724","EVIDENCE_ARTIFACT","v3_3_daily_refresh","NONE","TRUE","FALSE","FALSE","Historical validation report log backup script or other non-runtime evidence"
"V6/outputs/v3_3_daily_refresh/v3_3de_controlled_promote/backups/pre_promote_20260630_100948/processed/model_dashboard_summary.csv","model_dashboard_summary.csv","csv","621","0.000592","EVIDENCE_ARTIFACT","v3_3_daily_refresh","NONE","TRUE","FALSE","FALSE","Historical validation report log backup script or other non-runtime evidence"
"V6/outputs/v3_3_daily_refresh/v3_3de_controlled_promote/backups/pre_promote_20260630_100948/processed/model_evaluation_ranking.csv","model_evaluation_ranking.csv","csv","646","0.000616","EVIDENCE_ARTIFACT","v3_3_daily_refresh","NONE","TRUE","FALSE","FALSE","Historical validation report log backup script or other non-runtime evidence"
"V6/outputs/v3_3_daily_refresh/v3_3de_controlled_promote/backups/pre_promote_20260630_100948/processed/model_evaluation_summary.csv","model_evaluation_summary.csv","csv","1722","0.001642","EVIDENCE_ARTIFACT","v3_3_daily_refresh","NONE","TRUE","FALSE","FALSE","Historical validation report log backup script or other non-runtime evidence"
"V6/outputs/v3_3_daily_refresh/v3_3de_controlled_promote/backups/pre_promote_20260630_100948/processed/model_runtime_guardrails.csv","model_runtime_guardrails.csv","csv","639","0.000609","EVIDENCE_ARTIFACT","v3_3_daily_refresh","NONE","TRUE","FALSE","FALSE","Historical validation report log backup script or other non-runtime evidence"
"V6/outputs/v3_3_daily_refresh/v3_3de_controlled_promote/backups/pre_promote_20260630_100948/processed/model_universe_canonical.csv","model_universe_canonical.csv","csv","2669","0.002545","EVIDENCE_ARTIFACT","v3_3_daily_refresh","NONE","TRUE","FALSE","FALSE","Historical validation report log backup script or other non-runtime evidence"
"V6/outputs/v3_3_daily_refresh/v3_3de_controlled_promote/backups/pre_promote_20260630_100948/processed/run_metadata_pipeline.csv","run_metadata_pipeline.csv","csv","314","0.000299","EVIDENCE_ARTIFACT","v3_3_daily_refresh","NONE","TRUE","FALSE","FALSE","Historical validation report log backup script or other non-runtime evidence"
"V6/outputs/v3_3_daily_refresh/v3_3de_controlled_promote/backups/pre_promote_20260630_100948/processed/run_metadata.csv","run_metadata.csv","csv","412","0.000393","EVIDENCE_ARTIFACT","v3_3_daily_refresh","NONE","TRUE","FALSE","FALSE","Historical validation report log backup script or other non-runtime evidence"
"V6/outputs/v3_3_daily_refresh/v3_3de_controlled_promote/backups/pre_promote_20260630_100948/processed/ttl_months_to_live_snapshot.csv","ttl_months_to_live_snapshot.csv","csv","13247","0.012633","EVIDENCE_ARTIFACT","v3_3_daily_refresh","NONE","TRUE","FALSE","FALSE","Historical validation report log backup script or other non-runtime evidence"
"V6/outputs/v3_3_daily_refresh/v3_3de_controlled_promote/backups/pre_promote_20260630_100948/processed/ttl_supply_demand_timeseries.csv","ttl_supply_demand_timeseries.csv","csv","323211","0.308238","EVIDENCE_ARTIFACT","v3_3_daily_refresh","NONE","TRUE","FALSE","FALSE","Historical validation report log backup script or other non-runtime evidence"
"V6/outputs/v3_3_daily_refresh/v3_3de_controlled_promote/backups/pre_promote_20260630_100948/tournament_engine/tournament_engine_report.md","tournament_engine_report.md","md","3229","0.003079","EVIDENCE_ARTIFACT","v3_3_daily_refresh","NONE","TRUE","FALSE","FALSE","Historical validation report log backup script or other non-runtime evidence"
"V6/outputs/v3_3_daily_refresh/v3_3de_controlled_promote/backups/pre_promote_20260630_100948/tournament_engine/tournament_entity_model_scores.csv","tournament_entity_model_scores.csv","csv","82108","0.078304","EVIDENCE_ARTIFACT","v3_3_daily_refresh","NONE","TRUE","FALSE","FALSE","Historical validation report log backup script or other non-runtime evidence"
"V6/outputs/v3_3_daily_refresh/v3_3de_controlled_promote/backups/pre_promote_20260630_100948/tournament_engine/tournament_model_evidence_summary.csv","tournament_model_evidence_summary.csv","csv","1403","0.001338","EVIDENCE_ARTIFACT","v3_3_daily_refresh","NONE","TRUE","FALSE","FALSE","Historical validation report log backup script or other non-runtime evidence"
"V6/outputs/v3_3_daily_refresh/v3_3de_controlled_promote/backups/pre_promote_20260630_100948/tournament_engine/tournament_model_scorecard.csv","tournament_model_scorecard.csv","csv","2598","0.002478","EVIDENCE_ARTIFACT","v3_3_daily_refresh","NONE","TRUE","FALSE","FALSE","Historical validation report log backup script or other non-runtime evidence"
"V6/outputs/v3_3_daily_refresh/v3_3de_controlled_promote/backups/pre_promote_20260630_100948/tournament_engine/tournament_model_universe.csv","tournament_model_universe.csv","csv","1486","0.001417","EVIDENCE_ARTIFACT","v3_3_daily_refresh","NONE","TRUE","FALSE","FALSE","Historical validation report log backup script or other non-runtime evidence"
"V6/outputs/v3_3_daily_refresh/v3_3de_controlled_promote/backups/pre_promote_20260630_100948/tournament_engine/tournament_pairwise_evidence.csv","tournament_pairwise_evidence.csv","csv","17160","0.016365","EVIDENCE_ARTIFACT","v3_3_daily_refresh","NONE","TRUE","FALSE","FALSE","Historical validation report log backup script or other non-runtime evidence"
"V6/outputs/v3_3_daily_refresh/v3_3de_controlled_promote/backups/pre_promote_20260630_100948/tournament_engine/tournament_preliminary_standings.csv","tournament_preliminary_standings.csv","csv","1983","0.001891","EVIDENCE_ARTIFACT","v3_3_daily_refresh","NONE","TRUE","FALSE","FALSE","Historical validation report log backup script or other non-runtime evidence"
"V6/outputs/v3_3_daily_refresh/v3_3de_controlled_promote/backups/pre_promote_20260630_100948/tournament_engine/tournament_risk_register.csv","tournament_risk_register.csv","csv","6737","0.006425","EVIDENCE_ARTIFACT","v3_3_daily_refresh","NONE","TRUE","FALSE","FALSE","Historical validation report log backup script or other non-runtime evidence"
"V6/outputs/v3_3_daily_refresh/v3_3de_controlled_promote/backups/pre_promote_20260630_100948/tournament_engine/tournament_summary.csv","tournament_summary.csv","csv","292","0.000278","EVIDENCE_ARTIFACT","v3_3_daily_refresh","NONE","TRUE","FALSE","FALSE","Historical validation report log backup script or other non-runtime evidence"
"V6/outputs/v3_3_daily_refresh/v3_3de_controlled_promote/backups/pre_promote_20260630_100948/tournament_engine/tournament_validation.csv","tournament_validation.csv","csv","1191","0.001136","EVIDENCE_ARTIFACT","v3_3_daily_refresh","NONE","TRUE","FALSE","FALSE","Historical validation report log backup script or other non-runtime evidence"
"V6/outputs/v3_3_daily_refresh/v3_3de_controlled_promote/v3_3de_controlled_promote_artifacts_inventory.csv","v3_3de_controlled_promote_artifacts_inventory.csv","csv","354","0.000338","EVIDENCE_ARTIFACT","v3_3_daily_refresh","NONE","TRUE","FALSE","FALSE","Historical validation report log backup script or other non-runtime evidence"
"V6/outputs/v3_3_daily_refresh/v3_3de_controlled_promote/v3_3de_controlled_promote_backup_inventory.csv","v3_3de_controlled_promote_backup_inventory.csv","csv","1048","0.000999","EVIDENCE_ARTIFACT","v3_3_daily_refresh","NONE","TRUE","FALSE","FALSE","Historical validation report log backup script or other non-runtime evidence"
"V6/outputs/v3_3_daily_refresh/v3_3de_controlled_promote/v3_3de_controlled_promote_dashboard_check.csv","v3_3de_controlled_promote_dashboard_check.csv","csv","164","0.000156","EVIDENCE_ARTIFACT","v3_3_daily_refresh","NONE","TRUE","FALSE","FALSE","Historical validation report log backup script or other non-runtime evidence"
"V6/outputs/v3_3_daily_refresh/v3_3de_controlled_promote/v3_3de_controlled_promote_next_step.md","v3_3de_controlled_promote_next_step.md","md","475","0.000453","EVIDENCE_ARTIFACT","v3_3_daily_refresh","NONE","TRUE","FALSE","FALSE","Historical validation report log backup script or other non-runtime evidence"
"V6/outputs/v3_3_daily_refresh/v3_3de_controlled_promote/v3_3de_controlled_promote_plan.csv","v3_3de_controlled_promote_plan.csv","csv","204","0.000195","CONTRACT_SPEC","v3_3_daily_refresh","NONE","FALSE","TRUE","FALSE","Defines scope behavior schema policy or plan; not runtime data"
"V6/outputs/v3_3_daily_refresh/v3_3de_controlled_promote/v3_3de_controlled_promote_postcheck.csv","v3_3de_controlled_promote_postcheck.csv","csv","206","0.000196","EVIDENCE_ARTIFACT","v3_3_daily_refresh","NONE","TRUE","FALSE","FALSE","Historical validation report log backup script or other non-runtime evidence"
"V6/outputs/v3_3_daily_refresh/v3_3de_controlled_promote/v3_3de_controlled_promote_report.md","v3_3de_controlled_promote_report.md","md","2551","0.002433","EVIDENCE_ARTIFACT","v3_3_daily_refresh","NONE","TRUE","FALSE","FALSE","Historical validation report log backup script or other non-runtime evidence"
"V6/outputs/v3_3_daily_refresh/v3_3de_controlled_promote/v3_3de_controlled_promote_rollback_plan.csv","v3_3de_controlled_promote_rollback_plan.csv","csv","43","4.1E-05","CONTRACT_SPEC","v3_3_daily_refresh","NONE","FALSE","TRUE","FALSE","Defines scope behavior schema policy or plan; not runtime data"
"V6/outputs/v3_3_daily_refresh/v3_3de_controlled_promote/v3_3de_controlled_promote_run_metadata_check.csv","v3_3de_controlled_promote_run_metadata_check.csv","csv","62","5.9E-05","EVIDENCE_ARTIFACT","v3_3_daily_refresh","NONE","TRUE","FALSE","FALSE","Historical validation report log backup script or other non-runtime evidence"
"V6/outputs/v3_3_daily_refresh/v3_3de_controlled_promote/v3_3de_controlled_promote_validation.csv","v3_3de_controlled_promote_validation.csv","csv","157","0.00015","EVIDENCE_ARTIFACT","v3_3_daily_refresh","NONE","TRUE","FALSE","FALSE","Historical validation report log backup script or other non-runtime evidence"
"V6/outputs/v3_3_daily_refresh/v3_3de_orchestrator_design/v3_3de_artifact_contract.csv","v3_3de_artifact_contract.csv","csv","1981","0.001889","CONTRACT_SPEC","v3_3_daily_refresh","NONE","FALSE","TRUE","FALSE","Defines scope behavior schema policy or plan; not runtime data"
"V6/outputs/v3_3_daily_refresh/v3_3de_orchestrator_design/v3_3de_design.md","v3_3de_design.md","md","10537","0.010049","EVIDENCE_ARTIFACT","v3_3_daily_refresh","NONE","TRUE","FALSE","FALSE","Historical validation report log backup script or other non-runtime evidence"
"V6/outputs/v3_3_daily_refresh/v3_3de_orchestrator_design/v3_3de_failure_modes.csv","v3_3de_failure_modes.csv","csv","1055","0.001006","EVIDENCE_ARTIFACT","v3_3_daily_refresh","NONE","TRUE","FALSE","FALSE","Historical validation report log backup script or other non-runtime evidence"
"V6/outputs/v3_3_daily_refresh/v3_3de_orchestrator_design/v3_3de_implementation_prompt.md","v3_3de_implementation_prompt.md","md","2062","0.001966","EVIDENCE_ARTIFACT","v3_3_daily_refresh","NONE","TRUE","FALSE","FALSE","Historical validation report log backup script or other non-runtime evidence"
"V6/outputs/v3_3_daily_refresh/v3_3de_orchestrator_design/v3_3de_promotion_plan.csv","v3_3de_promotion_plan.csv","csv","1832","0.001747","CONTRACT_SPEC","v3_3_daily_refresh","NONE","FALSE","TRUE","FALSE","Defines scope behavior schema policy or plan; not runtime data"
"V6/outputs/v3_3_daily_refresh/v3_3de_orchestrator_design/v3_3de_test_plan.csv","v3_3de_test_plan.csv","csv","1213","0.001157","CONTRACT_SPEC","v3_3_daily_refresh","NONE","FALSE","TRUE","FALSE","Defines scope behavior schema policy or plan; not runtime data"
"V6/outputs/v3_3_daily_refresh/v3_3de_orchestrator_design/v3_3de_validation_plan.csv","v3_3de_validation_plan.csv","csv","1311","0.00125","CONTRACT_SPEC","v3_3_daily_refresh","NONE","FALSE","TRUE","FALSE","Defines scope behavior schema policy or plan; not runtime data"
"V6/outputs/v3_3_daily_refresh/v3_3de_orchestrator_staging/runs/v3_3de_run_20260628_171403/dashboard_candidate/dashboard_candidate_note.txt","dashboard_candidate_note.txt","txt","78","7.4E-05","EVIDENCE_ARTIFACT","v3_3_daily_refresh","NONE","TRUE","FALSE","FALSE","Historical validation report log backup script or other non-runtime evidence"
"V6/outputs/v3_3_daily_refresh/v3_3de_orchestrator_staging/runs/v3_3de_run_20260628_171403/data_processed_candidate/actuals.csv","actuals.csv","csv","7359186","7.018267","EVIDENCE_ARTIFACT","v3_3_daily_refresh","NONE","TRUE","FALSE","FALSE","Historical validation report log backup script or other non-runtime evidence"
"V6/outputs/v3_3_daily_refresh/v3_3de_orchestrator_staging/runs/v3_3de_run_20260628_171403/data_processed_candidate/entities.csv","entities.csv","csv","3259","0.003108","EVIDENCE_ARTIFACT","v3_3_daily_refresh","NONE","TRUE","FALSE","FALSE","Historical validation report log backup script or other non-runtime evidence"
"V6/outputs/v3_3_daily_refresh/v3_3de_orchestrator_staging/runs/v3_3de_run_20260628_171403/data_processed_candidate/forecasts.csv","forecasts.csv","csv","8559916","8.163372","EVIDENCE_ARTIFACT","v3_3_daily_refresh","NONE","TRUE","FALSE","FALSE","Historical validation report log backup script or other non-runtime evidence"
"V6/outputs/v3_3_daily_refresh/v3_3de_orchestrator_staging/runs/v3_3de_run_20260628_171403/data_processed_candidate/model_evaluation_summary.csv","model_evaluation_summary.csv","csv","1722","0.001642","EVIDENCE_ARTIFACT","v3_3_daily_refresh","NONE","TRUE","FALSE","FALSE","Historical validation report log backup script or other non-runtime evidence"
"V6/outputs/v3_3_daily_refresh/v3_3de_orchestrator_staging/runs/v3_3de_run_20260628_171403/data_processed_candidate/model_universe_canonical.csv","model_universe_canonical.csv","csv","2669","0.002545","EVIDENCE_ARTIFACT","v3_3_daily_refresh","NONE","TRUE","FALSE","FALSE","Historical validation report log backup script or other non-runtime evidence"
"V6/outputs/v3_3_daily_refresh/v3_3de_orchestrator_staging/runs/v3_3de_run_20260628_171403/data_raw/raw_snapshot_note.txt","raw_snapshot_note.txt","txt","73","7E-05","EVIDENCE_ARTIFACT","v3_3_daily_refresh","NONE","TRUE","FALSE","FALSE","Historical validation report log backup script or other non-runtime evidence"
"V6/outputs/v3_3_daily_refresh/v3_3de_orchestrator_staging/runs/v3_3de_run_20260628_171403/status/pipeline_status.csv","pipeline_status.csv","csv","258","0.000246","EVIDENCE_ARTIFACT","v3_3_daily_refresh","NONE","TRUE","FALSE","FALSE","Historical validation report log backup script or other non-runtime evidence"
"V6/outputs/v3_3_daily_refresh/v3_3de_orchestrator_staging/runs/v3_3de_run_20260628_171403/status/productive_mutation_check.csv","productive_mutation_check.csv","csv","1725","0.001645","EVIDENCE_ARTIFACT","v3_3_daily_refresh","NONE","TRUE","FALSE","FALSE","Historical validation report log backup script or other non-runtime evidence"
"V6/outputs/v3_3_daily_refresh/v3_3de_orchestrator_staging/runs/v3_3de_run_20260628_171403/status/run_metadata.csv","run_metadata.csv","csv","297","0.000283","EVIDENCE_ARTIFACT","v3_3_daily_refresh","NONE","TRUE","FALSE","FALSE","Historical validation report log backup script or other non-runtime evidence"
"V6/outputs/v3_3_daily_refresh/v3_3de_orchestrator_staging/runs/v3_3de_run_20260628_171403/validation/gates.csv","gates.csv","csv","1185","0.00113","EVIDENCE_ARTIFACT","v3_3_daily_refresh","NONE","TRUE","FALSE","FALSE","Historical validation report log backup script or other non-runtime evidence"
"V6/outputs/v3_3_daily_refresh/v3_3de_orchestrator_staging/runs/v3_3de_run_20260628_171414/dashboard_candidate/dashboard_candidate_note.txt","dashboard_candidate_note.txt","txt","78","7.4E-05","EVIDENCE_ARTIFACT","v3_3_daily_refresh","NONE","TRUE","FALSE","FALSE","Historical validation report log backup script or other non-runtime evidence"
"V6/outputs/v3_3_daily_refresh/v3_3de_orchestrator_staging/runs/v3_3de_run_20260628_171414/data_processed_candidate/actuals.csv","actuals.csv","csv","7359186","7.018267","EVIDENCE_ARTIFACT","v3_3_daily_refresh","NONE","TRUE","FALSE","FALSE","Historical validation report log backup script or other non-runtime evidence"
"V6/outputs/v3_3_daily_refresh/v3_3de_orchestrator_staging/runs/v3_3de_run_20260628_171414/data_processed_candidate/entities.csv","entities.csv","csv","3259","0.003108","EVIDENCE_ARTIFACT","v3_3_daily_refresh","NONE","TRUE","FALSE","FALSE","Historical validation report log backup script or other non-runtime evidence"
"V6/outputs/v3_3_daily_refresh/v3_3de_orchestrator_staging/runs/v3_3de_run_20260628_171414/data_processed_candidate/forecasts.csv","forecasts.csv","csv","8559916","8.163372","EVIDENCE_ARTIFACT","v3_3_daily_refresh","NONE","TRUE","FALSE","FALSE","Historical validation report log backup script or other non-runtime evidence"
"V6/outputs/v3_3_daily_refresh/v3_3de_orchestrator_staging/runs/v3_3de_run_20260628_171414/data_processed_candidate/model_evaluation_summary.csv","model_evaluation_summary.csv","csv","1722","0.001642","EVIDENCE_ARTIFACT","v3_3_daily_refresh","NONE","TRUE","FALSE","FALSE","Historical validation report log backup script or other non-runtime evidence"
"V6/outputs/v3_3_daily_refresh/v3_3de_orchestrator_staging/runs/v3_3de_run_20260628_171414/data_processed_candidate/model_universe_canonical.csv","model_universe_canonical.csv","csv","2669","0.002545","EVIDENCE_ARTIFACT","v3_3_daily_refresh","NONE","TRUE","FALSE","FALSE","Historical validation report log backup script or other non-runtime evidence"
"V6/outputs/v3_3_daily_refresh/v3_3de_orchestrator_staging/runs/v3_3de_run_20260628_171414/data_raw/raw_snapshot_note.txt","raw_snapshot_note.txt","txt","73","7E-05","EVIDENCE_ARTIFACT","v3_3_daily_refresh","NONE","TRUE","FALSE","FALSE","Historical validation report log backup script or other non-runtime evidence"
"V6/outputs/v3_3_daily_refresh/v3_3de_orchestrator_staging/runs/v3_3de_run_20260628_171414/staging/baseline_forecasts.csv","baseline_forecasts.csv","csv","164952","0.15731","EVIDENCE_ARTIFACT","v3_3_daily_refresh","NONE","TRUE","FALSE","FALSE","Historical validation report log backup script or other non-runtime evidence"
"V6/outputs/v3_3_daily_refresh/v3_3de_orchestrator_staging/runs/v3_3de_run_20260628_171414/staging/clean_challenger_forecasts.csv","clean_challenger_forecasts.csv","csv","18038","0.017202","EVIDENCE_ARTIFACT","v3_3_daily_refresh","NONE","TRUE","FALSE","FALSE","Historical validation report log backup script or other non-runtime evidence"
"V6/outputs/v3_3_daily_refresh/v3_3de_orchestrator_staging/runs/v3_3de_run_20260628_171414/staging/dl_reuse_frozen_forecasts.csv","dl_reuse_frozen_forecasts.csv","csv","9544910","9.102736","EVIDENCE_ARTIFACT","v3_3_daily_refresh","NONE","TRUE","FALSE","FALSE","Historical validation report log backup script or other non-runtime evidence"
"V6/outputs/v3_3_daily_refresh/v3_3de_orchestrator_staging/runs/v3_3de_run_20260628_171414/status/pipeline_status.csv","pipeline_status.csv","csv","258","0.000246","EVIDENCE_ARTIFACT","v3_3_daily_refresh","NONE","TRUE","FALSE","FALSE","Historical validation report log backup script or other non-runtime evidence"
"V6/outputs/v3_3_daily_refresh/v3_3de_orchestrator_staging/runs/v3_3de_run_20260628_171414/status/productive_mutation_check.csv","productive_mutation_check.csv","csv","1725","0.001645","EVIDENCE_ARTIFACT","v3_3_daily_refresh","NONE","TRUE","FALSE","FALSE","Historical validation report log backup script or other non-runtime evidence"
"V6/outputs/v3_3_daily_refresh/v3_3de_orchestrator_staging/runs/v3_3de_run_20260628_171414/status/run_metadata.csv","run_metadata.csv","csv","297","0.000283","EVIDENCE_ARTIFACT","v3_3_daily_refresh","NONE","TRUE","FALSE","FALSE","Historical validation report log backup script or other non-runtime evidence"
"V6/outputs/v3_3_daily_refresh/v3_3de_orchestrator_staging/runs/v3_3de_run_20260628_171414/validation/gates.csv","gates.csv","csv","1185","0.00113","EVIDENCE_ARTIFACT","v3_3_daily_refresh","NONE","TRUE","FALSE","FALSE","Historical validation report log backup script or other non-runtime evidence"
"V6/outputs/v3_3_daily_refresh/v3_3de_orchestrator_staging/runs/v3_3de_run_20260628_172100/dashboard_candidate/dashboard_candidate_note.txt","dashboard_candidate_note.txt","txt","78","7.4E-05","EVIDENCE_ARTIFACT","v3_3_daily_refresh","NONE","TRUE","FALSE","FALSE","Historical validation report log backup script or other non-runtime evidence"
"V6/outputs/v3_3_daily_refresh/v3_3de_orchestrator_staging/runs/v3_3de_run_20260628_172100/data_processed_candidate/actuals.csv","actuals.csv","csv","7359186","7.018267","EVIDENCE_ARTIFACT","v3_3_daily_refresh","NONE","TRUE","FALSE","FALSE","Historical validation report log backup script or other non-runtime evidence"
"V6/outputs/v3_3_daily_refresh/v3_3de_orchestrator_staging/runs/v3_3de_run_20260628_172100/data_processed_candidate/entities.csv","entities.csv","csv","3259","0.003108","EVIDENCE_ARTIFACT","v3_3_daily_refresh","NONE","TRUE","FALSE","FALSE","Historical validation report log backup script or other non-runtime evidence"
"V6/outputs/v3_3_daily_refresh/v3_3de_orchestrator_staging/runs/v3_3de_run_20260628_172100/data_processed_candidate/forecasts.csv","forecasts.csv","csv","8559916","8.163372","EVIDENCE_ARTIFACT","v3_3_daily_refresh","NONE","TRUE","FALSE","FALSE","Historical validation report log backup script or other non-runtime evidence"
"V6/outputs/v3_3_daily_refresh/v3_3de_orchestrator_staging/runs/v3_3de_run_20260628_172100/data_processed_candidate/model_evaluation_summary.csv","model_evaluation_summary.csv","csv","1722","0.001642","EVIDENCE_ARTIFACT","v3_3_daily_refresh","NONE","TRUE","FALSE","FALSE","Historical validation report log backup script or other non-runtime evidence"
"V6/outputs/v3_3_daily_refresh/v3_3de_orchestrator_staging/runs/v3_3de_run_20260628_172100/data_processed_candidate/model_universe_canonical.csv","model_universe_canonical.csv","csv","2669","0.002545","EVIDENCE_ARTIFACT","v3_3_daily_refresh","NONE","TRUE","FALSE","FALSE","Historical validation report log backup script or other non-runtime evidence"
"V6/outputs/v3_3_daily_refresh/v3_3de_orchestrator_staging/runs/v3_3de_run_20260628_172100/data_raw/raw_snapshot_note.txt","raw_snapshot_note.txt","txt","73","7E-05","EVIDENCE_ARTIFACT","v3_3_daily_refresh","NONE","TRUE","FALSE","FALSE","Historical validation report log backup script or other non-runtime evidence"
"V6/outputs/v3_3_daily_refresh/v3_3de_orchestrator_staging/runs/v3_3de_run_20260628_172100/runtime/model_execution_summary.csv","model_execution_summary.csv","csv","74","7.1E-05","EVIDENCE_ARTIFACT","v3_3_daily_refresh","NONE","TRUE","FALSE","FALSE","Historical validation report log backup script or other non-runtime evidence"
"V6/outputs/v3_3_daily_refresh/v3_3de_orchestrator_staging/runs/v3_3de_run_20260628_172100/status/pipeline_status.csv","pipeline_status.csv","csv","258","0.000246","EVIDENCE_ARTIFACT","v3_3_daily_refresh","NONE","TRUE","FALSE","FALSE","Historical validation report log backup script or other non-runtime evidence"
"V6/outputs/v3_3_daily_refresh/v3_3de_orchestrator_staging/runs/v3_3de_run_20260628_172100/status/productive_mutation_check.csv","productive_mutation_check.csv","csv","1725","0.001645","EVIDENCE_ARTIFACT","v3_3_daily_refresh","NONE","TRUE","FALSE","FALSE","Historical validation report log backup script or other non-runtime evidence"
"V6/outputs/v3_3_daily_refresh/v3_3de_orchestrator_staging/runs/v3_3de_run_20260628_172100/status/run_metadata.csv","run_metadata.csv","csv","297","0.000283","EVIDENCE_ARTIFACT","v3_3_daily_refresh","NONE","TRUE","FALSE","FALSE","Historical validation report log backup script or other non-runtime evidence"
"V6/outputs/v3_3_daily_refresh/v3_3de_orchestrator_staging/runs/v3_3de_run_20260628_172100/validation/gates.csv","gates.csv","csv","1185","0.00113","EVIDENCE_ARTIFACT","v3_3_daily_refresh","NONE","TRUE","FALSE","FALSE","Historical validation report log backup script or other non-runtime evidence"
"V6/outputs/v3_3_daily_refresh/v3_3de_orchestrator_staging/runs/v3_3de_run_20260628_172117/data_processed_candidate/actuals.csv","actuals.csv","csv","7359186","7.018267","EVIDENCE_ARTIFACT","v3_3_daily_refresh","NONE","TRUE","FALSE","FALSE","Historical validation report log backup script or other non-runtime evidence"
"V6/outputs/v3_3_daily_refresh/v3_3de_orchestrator_staging/runs/v3_3de_run_20260628_172117/data_processed_candidate/entities.csv","entities.csv","csv","3259","0.003108","EVIDENCE_ARTIFACT","v3_3_daily_refresh","NONE","TRUE","FALSE","FALSE","Historical validation report log backup script or other non-runtime evidence"
"V6/outputs/v3_3_daily_refresh/v3_3de_orchestrator_staging/runs/v3_3de_run_20260628_172117/data_processed_candidate/forecast_comparison.csv","forecast_comparison.csv","csv","133","0.000127","EVIDENCE_ARTIFACT","v3_3_daily_refresh","NONE","TRUE","FALSE","FALSE","Historical validation report log backup script or other non-runtime evidence"
"V6/outputs/v3_3_daily_refresh/v3_3de_orchestrator_staging/runs/v3_3de_run_20260628_172117/data_processed_candidate/forecasts.csv","forecasts.csv","csv","8559916","8.163372","EVIDENCE_ARTIFACT","v3_3_daily_refresh","NONE","TRUE","FALSE","FALSE","Historical validation report log backup script or other non-runtime evidence"
"V6/outputs/v3_3_daily_refresh/v3_3de_orchestrator_staging/runs/v3_3de_run_20260628_172117/data_processed_candidate/run_metadata.csv","run_metadata.csv","csv","412","0.000393","EVIDENCE_ARTIFACT","v3_3_daily_refresh","NONE","TRUE","FALSE","FALSE","Historical validation report log backup script or other non-runtime evidence"
"V6/outputs/v3_3_daily_refresh/v3_3de_orchestrator_staging/runs/v3_3de_run_20260628_172117/data_raw/hdd_region_actuals.csv","hdd_region_actuals.csv","csv","7291991","6.954185","EVIDENCE_ARTIFACT","v3_3_daily_refresh","NONE","TRUE","FALSE","FALSE","Historical validation report log backup script or other non-runtime evidence"
"V6/outputs/v3_3_daily_refresh/v3_3de_orchestrator_staging/runs/v3_3de_run_20260628_172117/data_raw/hdd_region_forecasts.csv","hdd_region_forecasts.csv","csv","6940326","6.618811","EVIDENCE_ARTIFACT","v3_3_daily_refresh","NONE","TRUE","FALSE","FALSE","Historical validation report log backup script or other non-runtime evidence"
"V6/outputs/v3_3_daily_refresh/v3_3de_orchestrator_staging/runs/v3_3de_run_20260628_172117/staging/baseline_forecasts.csv","baseline_forecasts.csv","csv","13022831","12.419539","EVIDENCE_ARTIFACT","v3_3_daily_refresh","NONE","TRUE","FALSE","FALSE","Historical validation report log backup script or other non-runtime evidence"
"V6/outputs/v3_3_daily_refresh/v3_3de_orchestrator_staging/runs/v3_3de_run_20260628_172644/dashboard_candidate/dashboard_candidate_note.txt","dashboard_candidate_note.txt","txt","78","7.4E-05","EVIDENCE_ARTIFACT","v3_3_daily_refresh","NONE","TRUE","FALSE","FALSE","Historical validation report log backup script or other non-runtime evidence"
"V6/outputs/v3_3_daily_refresh/v3_3de_orchestrator_staging/runs/v3_3de_run_20260628_172644/data_processed_candidate/actuals.csv","actuals.csv","csv","7359186","7.018267","EVIDENCE_ARTIFACT","v3_3_daily_refresh","NONE","TRUE","FALSE","FALSE","Historical validation report log backup script or other non-runtime evidence"
"V6/outputs/v3_3_daily_refresh/v3_3de_orchestrator_staging/runs/v3_3de_run_20260628_172644/data_processed_candidate/entities.csv","entities.csv","csv","3259","0.003108","EVIDENCE_ARTIFACT","v3_3_daily_refresh","NONE","TRUE","FALSE","FALSE","Historical validation report log backup script or other non-runtime evidence"
"V6/outputs/v3_3_daily_refresh/v3_3de_orchestrator_staging/runs/v3_3de_run_20260628_172644/data_processed_candidate/forecast_comparison.csv","forecast_comparison.csv","csv","133","0.000127","EVIDENCE_ARTIFACT","v3_3_daily_refresh","NONE","TRUE","FALSE","FALSE","Historical validation report log backup script or other non-runtime evidence"
"V6/outputs/v3_3_daily_refresh/v3_3de_orchestrator_staging/runs/v3_3de_run_20260628_172644/data_processed_candidate/forecasts.csv","forecasts.csv","csv","8559916","8.163372","EVIDENCE_ARTIFACT","v3_3_daily_refresh","NONE","TRUE","FALSE","FALSE","Historical validation report log backup script or other non-runtime evidence"
"V6/outputs/v3_3_daily_refresh/v3_3de_orchestrator_staging/runs/v3_3de_run_20260628_172644/data_processed_candidate/run_metadata.csv","run_metadata.csv","csv","412","0.000393","EVIDENCE_ARTIFACT","v3_3_daily_refresh","NONE","TRUE","FALSE","FALSE","Historical validation report log backup script or other non-runtime evidence"
"V6/outputs/v3_3_daily_refresh/v3_3de_orchestrator_staging/runs/v3_3de_run_20260628_172644/data_raw/hdd_region_actuals.csv","hdd_region_actuals.csv","csv","7291991","6.954185","EVIDENCE_ARTIFACT","v3_3_daily_refresh","NONE","TRUE","FALSE","FALSE","Historical validation report log backup script or other non-runtime evidence"
"V6/outputs/v3_3_daily_refresh/v3_3de_orchestrator_staging/runs/v3_3de_run_20260628_172644/data_raw/hdd_region_forecasts.csv","hdd_region_forecasts.csv","csv","6940326","6.618811","EVIDENCE_ARTIFACT","v3_3_daily_refresh","NONE","TRUE","FALSE","FALSE","Historical validation report log backup script or other non-runtime evidence"
"V6/outputs/v3_3_daily_refresh/v3_3de_orchestrator_staging/runs/v3_3de_run_20260628_172644/data_raw/raw_snapshot_note.txt","raw_snapshot_note.txt","txt","73","7E-05","EVIDENCE_ARTIFACT","v3_3_daily_refresh","NONE","TRUE","FALSE","FALSE","Historical validation report log backup script or other non-runtime evidence"
"V6/outputs/v3_3_daily_refresh/v3_3de_orchestrator_staging/runs/v3_3de_run_20260628_172644/runtime/model_execution_summary.csv","model_execution_summary.csv","csv","62","5.9E-05","EVIDENCE_ARTIFACT","v3_3_daily_refresh","NONE","TRUE","FALSE","FALSE","Historical validation report log backup script or other non-runtime evidence"
"V6/outputs/v3_3_daily_refresh/v3_3de_orchestrator_staging/runs/v3_3de_run_20260628_172644/staging/baseline_forecasts.csv","baseline_forecasts.csv","csv","13022831","12.419539","EVIDENCE_ARTIFACT","v3_3_daily_refresh","NONE","TRUE","FALSE","FALSE","Historical validation report log backup script or other non-runtime evidence"
"V6/outputs/v3_3_daily_refresh/v3_3de_orchestrator_staging/runs/v3_3de_run_20260628_172644/staging/clean_challenger_forecasts.csv","clean_challenger_forecasts.csv","csv","7944801","7.576753","EVIDENCE_ARTIFACT","v3_3_daily_refresh","NONE","TRUE","FALSE","FALSE","Historical validation report log backup script or other non-runtime evidence"
"V6/outputs/v3_3_daily_refresh/v3_3de_orchestrator_staging/runs/v3_3de_run_20260628_172644/staging/dl_reuse_frozen_forecasts.csv","dl_reuse_frozen_forecasts.csv","csv","9544910","9.102736","EVIDENCE_ARTIFACT","v3_3_daily_refresh","NONE","TRUE","FALSE","FALSE","Historical validation report log backup script or other non-runtime evidence"
"V6/outputs/v3_3_daily_refresh/v3_3de_orchestrator_staging/runs/v3_3de_run_20260628_172644/status/pipeline_status.csv","pipeline_status.csv","csv","258","0.000246","EVIDENCE_ARTIFACT","v3_3_daily_refresh","NONE","TRUE","FALSE","FALSE","Historical validation report log backup script or other non-runtime evidence"
"V6/outputs/v3_3_daily_refresh/v3_3de_orchestrator_staging/runs/v3_3de_run_20260628_172644/status/productive_mutation_check.csv","productive_mutation_check.csv","csv","1725","0.001645","EVIDENCE_ARTIFACT","v3_3_daily_refresh","NONE","TRUE","FALSE","FALSE","Historical validation report log backup script or other non-runtime evidence"
"V6/outputs/v3_3_daily_refresh/v3_3de_orchestrator_staging/runs/v3_3de_run_20260628_172644/status/run_metadata.csv","run_metadata.csv","csv","297","0.000283","EVIDENCE_ARTIFACT","v3_3_daily_refresh","NONE","TRUE","FALSE","FALSE","Historical validation report log backup script or other non-runtime evidence"
"V6/outputs/v3_3_daily_refresh/v3_3de_orchestrator_staging/runs/v3_3de_run_20260628_172644/validation/gates.csv","gates.csv","csv","1185","0.00113","EVIDENCE_ARTIFACT","v3_3_daily_refresh","NONE","TRUE","FALSE","FALSE","Historical validation report log backup script or other non-runtime evidence"
"V6/outputs/v3_3_daily_refresh/v3_3de_orchestrator_staging/runs/v3_3de_run_20260630_095627/dashboard_candidate/dashboard_candidate_note.txt","dashboard_candidate_note.txt","txt","78","7.4E-05","EVIDENCE_ARTIFACT","v3_3_daily_refresh","NONE","TRUE","FALSE","FALSE","Historical validation report log backup script or other non-runtime evidence"
"V6/outputs/v3_3_daily_refresh/v3_3de_orchestrator_staging/runs/v3_3de_run_20260630_095627/data_processed_candidate/actuals.csv","actuals.csv","csv","7359186","7.018267","EVIDENCE_ARTIFACT","v3_3_daily_refresh","NONE","TRUE","FALSE","FALSE","Historical validation report log backup script or other non-runtime evidence"
"V6/outputs/v3_3_daily_refresh/v3_3de_orchestrator_staging/runs/v3_3de_run_20260630_095627/data_processed_candidate/entities.csv","entities.csv","csv","3259","0.003108","EVIDENCE_ARTIFACT","v3_3_daily_refresh","NONE","TRUE","FALSE","FALSE","Historical validation report log backup script or other non-runtime evidence"
"V6/outputs/v3_3_daily_refresh/v3_3de_orchestrator_staging/runs/v3_3de_run_20260630_095627/data_processed_candidate/forecast_comparison.csv","forecast_comparison.csv","csv","133","0.000127","EVIDENCE_ARTIFACT","v3_3_daily_refresh","NONE","TRUE","FALSE","FALSE","Historical validation report log backup script or other non-runtime evidence"
"V6/outputs/v3_3_daily_refresh/v3_3de_orchestrator_staging/runs/v3_3de_run_20260630_095627/data_processed_candidate/forecasts.csv","forecasts.csv","csv","8559916","8.163372","EVIDENCE_ARTIFACT","v3_3_daily_refresh","NONE","TRUE","FALSE","FALSE","Historical validation report log backup script or other non-runtime evidence"
"V6/outputs/v3_3_daily_refresh/v3_3de_orchestrator_staging/runs/v3_3de_run_20260630_095627/data_processed_candidate/run_metadata.csv","run_metadata.csv","csv","412","0.000393","EVIDENCE_ARTIFACT","v3_3_daily_refresh","NONE","TRUE","FALSE","FALSE","Historical validation report log backup script or other non-runtime evidence"
"V6/outputs/v3_3_daily_refresh/v3_3de_orchestrator_staging/runs/v3_3de_run_20260630_095627/data_raw/hdd_region_actuals.csv","hdd_region_actuals.csv","csv","7291991","6.954185","EVIDENCE_ARTIFACT","v3_3_daily_refresh","NONE","TRUE","FALSE","FALSE","Historical validation report log backup script or other non-runtime evidence"
"V6/outputs/v3_3_daily_refresh/v3_3de_orchestrator_staging/runs/v3_3de_run_20260630_095627/data_raw/hdd_region_forecasts.csv","hdd_region_forecasts.csv","csv","6940326","6.618811","EVIDENCE_ARTIFACT","v3_3_daily_refresh","NONE","TRUE","FALSE","FALSE","Historical validation report log backup script or other non-runtime evidence"
"V6/outputs/v3_3_daily_refresh/v3_3de_orchestrator_staging/runs/v3_3de_run_20260630_095627/data_raw/raw_snapshot_note.txt","raw_snapshot_note.txt","txt","73","7E-05","EVIDENCE_ARTIFACT","v3_3_daily_refresh","NONE","TRUE","FALSE","FALSE","Historical validation report log backup script or other non-runtime evidence"
"V6/outputs/v3_3_daily_refresh/v3_3de_orchestrator_staging/runs/v3_3de_run_20260630_095627/runtime/model_execution_summary.csv","model_execution_summary.csv","csv","62","5.9E-05","EVIDENCE_ARTIFACT","v3_3_daily_refresh","NONE","TRUE","FALSE","FALSE","Historical validation report log backup script or other non-runtime evidence"
"V6/outputs/v3_3_daily_refresh/v3_3de_orchestrator_staging/runs/v3_3de_run_20260630_095627/staging/baseline_forecasts.csv","baseline_forecasts.csv","csv","13022831","12.419539","EVIDENCE_ARTIFACT","v3_3_daily_refresh","NONE","TRUE","FALSE","FALSE","Historical validation report log backup script or other non-runtime evidence"
"V6/outputs/v3_3_daily_refresh/v3_3de_orchestrator_staging/runs/v3_3de_run_20260630_095627/staging/clean_challenger_forecasts.csv","clean_challenger_forecasts.csv","csv","7944801","7.576753","EVIDENCE_ARTIFACT","v3_3_daily_refresh","NONE","TRUE","FALSE","FALSE","Historical validation report log backup script or other non-runtime evidence"
"V6/outputs/v3_3_daily_refresh/v3_3de_orchestrator_staging/runs/v3_3de_run_20260630_095627/staging/dl_reuse_frozen_forecasts.csv","dl_reuse_frozen_forecasts.csv","csv","9544910","9.102736","EVIDENCE_ARTIFACT","v3_3_daily_refresh","NONE","TRUE","FALSE","FALSE","Historical validation report log backup script or other non-runtime evidence"
"V6/outputs/v3_3_daily_refresh/v3_3de_orchestrator_staging/runs/v3_3de_run_20260630_095627/status/pipeline_status.csv","pipeline_status.csv","csv","258","0.000246","EVIDENCE_ARTIFACT","v3_3_daily_refresh","NONE","TRUE","FALSE","FALSE","Historical validation report log backup script or other non-runtime evidence"
"V6/outputs/v3_3_daily_refresh/v3_3de_orchestrator_staging/runs/v3_3de_run_20260630_095627/status/productive_mutation_check.csv","productive_mutation_check.csv","csv","1725","0.001645","EVIDENCE_ARTIFACT","v3_3_daily_refresh","NONE","TRUE","FALSE","FALSE","Historical validation report log backup script or other non-runtime evidence"
"V6/outputs/v3_3_daily_refresh/v3_3de_orchestrator_staging/runs/v3_3de_run_20260630_095627/status/run_metadata.csv","run_metadata.csv","csv","297","0.000283","EVIDENCE_ARTIFACT","v3_3_daily_refresh","NONE","TRUE","FALSE","FALSE","Historical validation report log backup script or other non-runtime evidence"
"V6/outputs/v3_3_daily_refresh/v3_3de_orchestrator_staging/runs/v3_3de_run_20260630_095627/validation/gates.csv","gates.csv","csv","1185","0.00113","EVIDENCE_ARTIFACT","v3_3_daily_refresh","NONE","TRUE","FALSE","FALSE","Historical validation report log backup script or other non-runtime evidence"
"V6/outputs/v3_3_daily_refresh/v3_3de_orchestrator_staging/v3_3de_artifacts_inventory.csv","v3_3de_artifacts_inventory.csv","csv","987","0.000941","EVIDENCE_ARTIFACT","v3_3_daily_refresh","NONE","TRUE","FALSE","FALSE","Historical validation report log backup script or other non-runtime evidence"
"V6/outputs/v3_3_daily_refresh/v3_3de_orchestrator_staging/v3_3de_model_scope_check.csv","v3_3de_model_scope_check.csv","csv","872","0.000832","EVIDENCE_ARTIFACT","v3_3_daily_refresh","NONE","TRUE","FALSE","FALSE","Historical validation report log backup script or other non-runtime evidence"
"V6/outputs/v3_3_daily_refresh/v3_3de_orchestrator_staging/v3_3de_next_step_recommendation.md","v3_3de_next_step_recommendation.md","md","458","0.000437","EVIDENCE_ARTIFACT","v3_3_daily_refresh","NONE","TRUE","FALSE","FALSE","Historical validation report log backup script or other non-runtime evidence"
"V6/outputs/v3_3_daily_refresh/v3_3de_orchestrator_staging/v3_3de_pipeline_status_audit.csv","v3_3de_pipeline_status_audit.csv","csv","258","0.000246","EVIDENCE_ARTIFACT","v3_3_daily_refresh","NONE","TRUE","FALSE","FALSE","Historical validation report log backup script or other non-runtime evidence"
"V6/outputs/v3_3_daily_refresh/v3_3de_orchestrator_staging/v3_3de_productive_mutation_check.csv","v3_3de_productive_mutation_check.csv","csv","415","0.000396","EVIDENCE_ARTIFACT","v3_3_daily_refresh","NONE","TRUE","FALSE","FALSE","Historical validation report log backup script or other non-runtime evidence"
"V6/outputs/v3_3_daily_refresh/v3_3de_orchestrator_staging/v3_3de_prohibited_model_guard.csv","v3_3de_prohibited_model_guard.csv","csv","268","0.000256","EVIDENCE_ARTIFACT","v3_3_daily_refresh","NONE","TRUE","FALSE","FALSE","Historical validation report log backup script or other non-runtime evidence"
"V6/outputs/v3_3_daily_refresh/v3_3de_orchestrator_staging/v3_3de_run_metadata_candidate.csv","v3_3de_run_metadata_candidate.csv","csv","297","0.000283","EVIDENCE_ARTIFACT","v3_3_daily_refresh","NONE","TRUE","FALSE","FALSE","Historical validation report log backup script or other non-runtime evidence"
"V6/outputs/v3_3_daily_refresh/v3_3de_orchestrator_staging/v3_3de_stage_runtime_summary.csv","v3_3de_stage_runtime_summary.csv","csv","835","0.000796","EVIDENCE_ARTIFACT","v3_3_daily_refresh","NONE","TRUE","FALSE","FALSE","Historical validation report log backup script or other non-runtime evidence"
"V6/outputs/v3_3_daily_refresh/v3_3de_orchestrator_staging/v3_3de_staging_report.md","v3_3de_staging_report.md","md","1456","0.001389","EVIDENCE_ARTIFACT","v3_3_daily_refresh","NONE","TRUE","FALSE","FALSE","Historical validation report log backup script or other non-runtime evidence"
"V6/outputs/v3_3_daily_refresh/v3_3de_orchestrator_staging/v3_3de_staging_validation.csv","v3_3de_staging_validation.csv","csv","1185","0.00113","EVIDENCE_ARTIFACT","v3_3_daily_refresh","NONE","TRUE","FALSE","FALSE","Historical validation report log backup script or other non-runtime evidence"
"V6/outputs/v3_3_daily_refresh/v4_manual_refresh_20260630_promote.log","v4_manual_refresh_20260630_promote.log","log","129","0.000123","EVIDENCE_ARTIFACT","v3_3_daily_refresh","NONE","TRUE","FALSE","FALSE","Historical validation report log backup script or other non-runtime evidence"
"V6/outputs/v3_3_daily_refresh/v4_manual_refresh_20260630_staging.log","v4_manual_refresh_20260630_staging.log","log","4757","0.004537","EVIDENCE_ARTIFACT","v3_3_daily_refresh","NONE","TRUE","FALSE","FALSE","Historical validation report log backup script or other non-runtime evidence"
"V6/outputs/v3_final_validation/logs/v3_final_validation_stderr.log","v3_final_validation_stderr.log","log","926","0.000883","EVIDENCE_ARTIFACT","v3_final_validation","NONE","TRUE","FALSE","FALSE","Historical validation report log backup script or other non-runtime evidence"
"V6/outputs/v3_final_validation/logs/v3_final_validation_stdout.log","v3_final_validation_stdout.log","log","0","0","EVIDENCE_ARTIFACT","v3_final_validation","NONE","TRUE","FALSE","FALSE","Historical validation report log backup script or other non-runtime evidence"
"V6/outputs/v3_final_validation/v3_final_artifact_inventory.csv","v3_final_artifact_inventory.csv","csv","3277","0.003125","EVIDENCE_ARTIFACT","v3_final_validation","NONE","TRUE","FALSE","FALSE","Historical validation report log backup script or other non-runtime evidence"
"V6/outputs/v3_final_validation/v3_final_closure_summary.md","v3_final_closure_summary.md","md","1804","0.00172","EVIDENCE_ARTIFACT","v3_final_validation","NONE","TRUE","FALSE","FALSE","Historical validation report log backup script or other non-runtime evidence"
"V6/outputs/v3_final_validation/v3_final_dashboard_check.csv","v3_final_dashboard_check.csv","csv","984","0.000938","EVIDENCE_ARTIFACT","v3_final_validation","NONE","TRUE","FALSE","FALSE","Historical validation report log backup script or other non-runtime evidence"
"V6/outputs/v3_final_validation/v3_final_governance_check.csv","v3_final_governance_check.csv","csv","735","0.000701","EVIDENCE_ARTIFACT","v3_final_validation","NONE","TRUE","FALSE","FALSE","Historical validation report log backup script or other non-runtime evidence"
"V6/outputs/v3_final_validation/v3_final_model_scope_check.csv","v3_final_model_scope_check.csv","csv","672","0.000641","EVIDENCE_ARTIFACT","v3_final_validation","NONE","TRUE","FALSE","FALSE","Historical validation report log backup script or other non-runtime evidence"
"V6/outputs/v3_final_validation/v3_final_productive_state_check.csv","v3_final_productive_state_check.csv","csv","1149","0.001096","EVIDENCE_ARTIFACT","v3_final_validation","NONE","TRUE","FALSE","FALSE","Historical validation report log backup script or other non-runtime evidence"
"V6/outputs/v3_final_validation/v3_final_validation_checklist.csv","v3_final_validation_checklist.csv","csv","3374","0.003218","EVIDENCE_ARTIFACT","v3_final_validation","NONE","TRUE","FALSE","FALSE","Historical validation report log backup script or other non-runtime evidence"
"V6/outputs/v3_final_validation/v3_final_validation_report.md","v3_final_validation_report.md","md","5624","0.005363","EVIDENCE_ARTIFACT","v3_final_validation","NONE","TRUE","FALSE","FALSE","Historical validation report log backup script or other non-runtime evidence"
"V6/outputs/v4_0_baseline/v4_baseline_check.csv","v4_baseline_check.csv","csv","1138","0.001085","EVIDENCE_ARTIFACT","v4_0_baseline","NONE","TRUE","FALSE","FALSE","Historical validation report log backup script or other non-runtime evidence"
"V6/outputs/v4_0_baseline/v4_clone_report.md","v4_clone_report.md","md","3242","0.003092","EVIDENCE_ARTIFACT","v4_0_baseline","NONE","TRUE","FALSE","FALSE","Historical validation report log backup script or other non-runtime evidence"
"V6/outputs/v4_0_baseline/v4_dashboard_smoke_check.csv","v4_dashboard_smoke_check.csv","csv","496","0.000473","EVIDENCE_ARTIFACT","v4_0_baseline","NONE","TRUE","FALSE","FALSE","Historical validation report log backup script or other non-runtime evidence"
"V6/outputs/v4_1_llm_design/v4_1_button_evidence_contract.csv","v4_1_button_evidence_contract.csv","csv","5880","0.005608","CONTRACT_SPEC","v4_1_llm_design","NONE","FALSE","TRUE","FALSE","Defines scope behavior schema policy or plan; not runtime data"
"V6/outputs/v4_1_llm_design/v4_1_closure_summary.md","v4_1_closure_summary.md","md","2037","0.001943","EVIDENCE_ARTIFACT","v4_1_llm_design","NONE","TRUE","FALSE","FALSE","Historical validation report log backup script or other non-runtime evidence"
"V6/outputs/v4_1_llm_design/v4_1_llm_design.md","v4_1_llm_design.md","md","5450","0.005198","EVIDENCE_ARTIFACT","v4_1_llm_design","NONE","TRUE","FALSE","FALSE","Historical validation report log backup script or other non-runtime evidence"
"V6/outputs/v4_1_llm_design/v4_1_output_schema.json","v4_1_output_schema.json","json","3427","0.003268","CONTRACT_SPEC","v4_1_llm_design","NONE","FALSE","TRUE","FALSE","Defines scope behavior schema policy or plan; not runtime data"
"V6/outputs/v4_1_llm_design/v4_1_panel_mockup.md","v4_1_panel_mockup.md","md","7176","0.006844","EVIDENCE_ARTIFACT","v4_1_llm_design","NONE","TRUE","FALSE","FALSE","Historical validation report log backup script or other non-runtime evidence"
"V6/outputs/v4_1_llm_design/v4_1_validation_rules.csv","v4_1_validation_rules.csv","csv","2342","0.002234","EVIDENCE_ARTIFACT","v4_1_llm_design","NONE","TRUE","FALSE","FALSE","Historical validation report log backup script or other non-runtime evidence"
"V6/outputs/v4_2_evidence_pack/examples/v4_2_evidence_pack_forecast_viewer.json","v4_2_evidence_pack_forecast_viewer.json","json","4817","0.004594","EVIDENCE_ARTIFACT","v4_2_evidence_pack","NONE","TRUE","FALSE","FALSE","Historical validation report log backup script or other non-runtime evidence"
"V6/outputs/v4_2_evidence_pack/v4_2_closure_summary.md","v4_2_closure_summary.md","md","3225","0.003076","EVIDENCE_ARTIFACT","v4_2_evidence_pack","NONE","TRUE","FALSE","FALSE","Historical validation report log backup script or other non-runtime evidence"
"V6/outputs/v4_2_evidence_pack/v4_2_evidence_fields.csv","v4_2_evidence_fields.csv","csv","3129","0.002984","EVIDENCE_ARTIFACT","v4_2_evidence_pack","NONE","TRUE","FALSE","FALSE","Historical validation report log backup script or other non-runtime evidence"
"V6/outputs/v4_2_evidence_pack/v4_2_evidence_pack_champion_overview.json","v4_2_evidence_pack_champion_overview.json","json","4183","0.003989","EVIDENCE_ARTIFACT","v4_2_evidence_pack","NONE","TRUE","FALSE","FALSE","Historical validation report log backup script or other non-runtime evidence"
"V6/outputs/v4_2_evidence_pack/v4_2_evidence_pack_forecast_viewer.json","v4_2_evidence_pack_forecast_viewer.json","json","4756","0.004536","EVIDENCE_ARTIFACT","v4_2_evidence_pack","NONE","TRUE","FALSE","FALSE","Historical validation report log backup script or other non-runtime evidence"
"V6/outputs/v4_2_evidence_pack/v4_2_evidence_pack_governance_risks.json","v4_2_evidence_pack_governance_risks.json","json","2526","0.002409","EVIDENCE_ARTIFACT","v4_2_evidence_pack","NONE","TRUE","FALSE","FALSE","Historical validation report log backup script or other non-runtime evidence"
"V6/outputs/v4_2_evidence_pack/v4_2_evidence_pack_summary.csv","v4_2_evidence_pack_summary.csv","csv","523","0.000499","EVIDENCE_ARTIFACT","v4_2_evidence_pack","NONE","TRUE","FALSE","FALSE","Historical validation report log backup script or other non-runtime evidence"
"V6/outputs/v4_2_evidence_pack/v4_2_evidence_pack_tournament.json","v4_2_evidence_pack_tournament.json","json","6736","0.006424","EVIDENCE_ARTIFACT","v4_2_evidence_pack","NONE","TRUE","FALSE","FALSE","Historical validation report log backup script or other non-runtime evidence"
"V6/outputs/v4_2_evidence_pack/v4_2_evidence_summary.md","v4_2_evidence_summary.md","md","1344","0.001282","EVIDENCE_ARTIFACT","v4_2_evidence_pack","NONE","TRUE","FALSE","FALSE","Historical validation report log backup script or other non-runtime evidence"
"V6/outputs/v4_2_evidence_pack/v4_2_evidence_validation.csv","v4_2_evidence_validation.csv","csv","1820","0.001736","EVIDENCE_ARTIFACT","v4_2_evidence_pack","NONE","TRUE","FALSE","FALSE","Historical validation report log backup script or other non-runtime evidence"
"V6/outputs/v4_3_deterministic_insights/v4_3_claims_traceability.csv","v4_3_claims_traceability.csv","csv","8029","0.007657","EVIDENCE_ARTIFACT","v4_3_deterministic_insights","NONE","TRUE","FALSE","FALSE","Historical validation report log backup script or other non-runtime evidence"
"V6/outputs/v4_3_deterministic_insights/v4_3_closure_summary.md","v4_3_closure_summary.md","md","3064","0.002922","EVIDENCE_ARTIFACT","v4_3_deterministic_insights","NONE","TRUE","FALSE","FALSE","Historical validation report log backup script or other non-runtime evidence"
"V6/outputs/v4_3_deterministic_insights/v4_3_deterministic_insights.json","v4_3_deterministic_insights.json","json","29741","0.028363","EVIDENCE_ARTIFACT","v4_3_deterministic_insights","NONE","TRUE","FALSE","FALSE","Historical validation report log backup script or other non-runtime evidence"
"V6/outputs/v4_3_deterministic_insights/v4_3_insight_cards.csv","v4_3_insight_cards.csv","csv","13520","0.012894","EVIDENCE_ARTIFACT","v4_3_deterministic_insights","NONE","TRUE","FALSE","FALSE","Historical validation report log backup script or other non-runtime evidence"
"V6/outputs/v4_3_deterministic_insights/v4_3_page_summaries.md","v4_3_page_summaries.md","md","4666","0.00445","EVIDENCE_ARTIFACT","v4_3_deterministic_insights","NONE","TRUE","FALSE","FALSE","Historical validation report log backup script or other non-runtime evidence"
"V6/outputs/v4_3_deterministic_insights/v4_3_risk_flags.csv","v4_3_risk_flags.csv","csv","409","0.00039","EVIDENCE_ARTIFACT","v4_3_deterministic_insights","NONE","TRUE","FALSE","FALSE","Historical validation report log backup script or other non-runtime evidence"
"V6/outputs/v4_3_deterministic_insights/v4_3_sanitization_log.csv","v4_3_sanitization_log.csv","csv","913","0.000871","EVIDENCE_ARTIFACT","v4_3_deterministic_insights","NONE","TRUE","FALSE","FALSE","Historical validation report log backup script or other non-runtime evidence"
"V6/outputs/v4_3_deterministic_insights/v4_3_validation.csv","v4_3_validation.csv","csv","1216","0.00116","EVIDENCE_ARTIFACT","v4_3_deterministic_insights","NONE","TRUE","FALSE","FALSE","Historical validation report log backup script or other non-runtime evidence"
"V6/outputs/v4_4_mock_provider/v4_4_closure_summary.md","v4_4_closure_summary.md","md","3488","0.003326","EVIDENCE_ARTIFACT","v4_4_mock_provider","NONE","TRUE","FALSE","FALSE","Historical validation report log backup script or other non-runtime evidence"
"V6/outputs/v4_4_mock_provider/v4_4_mock_claims_traceability.csv","v4_4_mock_claims_traceability.csv","csv","16024","0.015282","EVIDENCE_ARTIFACT","v4_4_mock_provider","NONE","TRUE","FALSE","FALSE","Historical validation report log backup script or other non-runtime evidence"
"V6/outputs/v4_4_mock_provider/v4_4_mock_response_champion_overview.md","v4_4_mock_response_champion_overview.md","md","2109","0.002011","EVIDENCE_ARTIFACT","v4_4_mock_provider","NONE","TRUE","FALSE","FALSE","Historical validation report log backup script or other non-runtime evidence"
"V6/outputs/v4_4_mock_provider/v4_4_mock_response_executive_overview.md","v4_4_mock_response_executive_overview.md","md","3312","0.003159","EVIDENCE_ARTIFACT","v4_4_mock_provider","NONE","TRUE","FALSE","FALSE","Historical validation report log backup script or other non-runtime evidence"
"V6/outputs/v4_4_mock_provider/v4_4_mock_response_forecast_viewer.md","v4_4_mock_response_forecast_viewer.md","md","2885","0.002751","EVIDENCE_ARTIFACT","v4_4_mock_provider","NONE","TRUE","FALSE","FALSE","Historical validation report log backup script or other non-runtime evidence"
"V6/outputs/v4_4_mock_provider/v4_4_mock_response_governance_risks.md","v4_4_mock_response_governance_risks.md","md","2228","0.002125","EVIDENCE_ARTIFACT","v4_4_mock_provider","NONE","TRUE","FALSE","FALSE","Historical validation report log backup script or other non-runtime evidence"
"V6/outputs/v4_4_mock_provider/v4_4_mock_response_summary.csv","v4_4_mock_response_summary.csv","csv","443","0.000422","EVIDENCE_ARTIFACT","v4_4_mock_provider","NONE","TRUE","FALSE","FALSE","Historical validation report log backup script or other non-runtime evidence"
"V6/outputs/v4_4_mock_provider/v4_4_mock_response_tournament.md","v4_4_mock_response_tournament.md","md","2154","0.002054","EVIDENCE_ARTIFACT","v4_4_mock_provider","NONE","TRUE","FALSE","FALSE","Historical validation report log backup script or other non-runtime evidence"
"V6/outputs/v4_4_mock_provider/v4_4_mock_responses.json","v4_4_mock_responses.json","json","74152","0.070717","EVIDENCE_ARTIFACT","v4_4_mock_provider","NONE","TRUE","FALSE","FALSE","Historical validation report log backup script or other non-runtime evidence"
"V6/outputs/v4_4_mock_provider/v4_4_mock_validation.csv","v4_4_mock_validation.csv","csv","1555","0.001483","EVIDENCE_ARTIFACT","v4_4_mock_provider","NONE","TRUE","FALSE","FALSE","Historical validation report log backup script or other non-runtime evidence"
"V6/outputs/v4_5_prompt_contract/v4_5_closure_summary.md","v4_5_closure_summary.md","md","3957","0.003774","EVIDENCE_ARTIFACT","v4_5_prompt_contract","NONE","TRUE","FALSE","FALSE","Historical validation report log backup script or other non-runtime evidence"
"V6/outputs/v4_5_prompt_contract/v4_5_example_payloads.json","v4_5_example_payloads.json","json","22033","0.021012","EVIDENCE_ARTIFACT","v4_5_prompt_contract","NONE","TRUE","FALSE","FALSE","Historical validation report log backup script or other non-runtime evidence"
"V6/outputs/v4_5_prompt_contract/v4_5_forbidden_language_policy.csv","v4_5_forbidden_language_policy.csv","csv","1543","0.001472","CONTRACT_SPEC","v4_5_prompt_contract","NONE","FALSE","TRUE","FALSE","Defines scope behavior schema policy or plan; not runtime data"
"V6/outputs/v4_5_prompt_contract/v4_5_output_schema.json","v4_5_output_schema.json","json","6165","0.005879","CONTRACT_SPEC","v4_5_prompt_contract","NONE","FALSE","TRUE","FALSE","Defines scope behavior schema policy or plan; not runtime data"
"V6/outputs/v4_5_prompt_contract/v4_5_page_prompt_templates.md","v4_5_page_prompt_templates.md","md","3104","0.00296","EVIDENCE_ARTIFACT","v4_5_prompt_contract","NONE","TRUE","FALSE","FALSE","Historical validation report log backup script or other non-runtime evidence"
"V6/outputs/v4_5_prompt_contract/v4_5_prompt_contract.md","v4_5_prompt_contract.md","md","4581","0.004369","CONTRACT_SPEC","v4_5_prompt_contract","NONE","FALSE","TRUE","FALSE","Defines scope behavior schema policy or plan; not runtime data"
"V6/outputs/v4_5_prompt_contract/v4_5_prompt_validation_rules.csv","v4_5_prompt_validation_rules.csv","csv","2222","0.002119","EVIDENCE_ARTIFACT","v4_5_prompt_contract","NONE","TRUE","FALSE","FALSE","Historical validation report log backup script or other non-runtime evidence"
"V6/outputs/v4_5_prompt_contract/v4_5_rendering_contract.md","v4_5_rendering_contract.md","md","4125","0.003934","CONTRACT_SPEC","v4_5_prompt_contract","NONE","FALSE","TRUE","FALSE","Defines scope behavior schema policy or plan; not runtime data"
"V6/outputs/v4_5_prompt_contract/v4_5_response_contract.csv","v4_5_response_contract.csv","csv","2873","0.00274","CONTRACT_SPEC","v4_5_prompt_contract","NONE","FALSE","TRUE","FALSE","Defines scope behavior schema policy or plan; not runtime data"
"V6/outputs/v4_5_prompt_contract/v4_5_system_prompt.md","v4_5_system_prompt.md","md","3109","0.002965","EVIDENCE_ARTIFACT","v4_5_prompt_contract","NONE","TRUE","FALSE","FALSE","Historical validation report log backup script or other non-runtime evidence"
"V6/outputs/v4_5_prompt_contract/v4_5_validation.csv","v4_5_validation.csv","csv","1544","0.001472","EVIDENCE_ARTIFACT","v4_5_prompt_contract","NONE","TRUE","FALSE","FALSE","Historical validation report log backup script or other non-runtime evidence"
"V6/outputs/v4_6_remediation/runtime/v4_6r_shiny_stderr.log","v4_6r_shiny_stderr.log","log","2450","0.002337","EVIDENCE_ARTIFACT","v4_6_remediation","NONE","TRUE","FALSE","FALSE","Historical validation report log backup script or other non-runtime evidence"
"V6/outputs/v4_6_remediation/runtime/v4_6r_shiny_stdout.log","v4_6r_shiny_stdout.log","log","0","0","EVIDENCE_ARTIFACT","v4_6_remediation","NONE","TRUE","FALSE","FALSE","Historical validation report log backup script or other non-runtime evidence"
"V6/outputs/v4_6_remediation/v4_6r_button_behavior_check.csv","v4_6r_button_behavior_check.csv","csv","1228","0.001171","EVIDENCE_ARTIFACT","v4_6_remediation","NONE","TRUE","FALSE","FALSE","Historical validation report log backup script or other non-runtime evidence"
"V6/outputs/v4_6_remediation/v4_6r_closure_summary.md","v4_6r_closure_summary.md","md","3869","0.00369","EVIDENCE_ARTIFACT","v4_6_remediation","NONE","TRUE","FALSE","FALSE","Historical validation report log backup script or other non-runtime evidence"
"V6/outputs/v4_6_remediation/v4_6r_dashboard_check.csv","v4_6r_dashboard_check.csv","csv","945","0.000901","EVIDENCE_ARTIFACT","v4_6_remediation","NONE","TRUE","FALSE","FALSE","Historical validation report log backup script or other non-runtime evidence"
"V6/outputs/v4_6_remediation/v4_6r_log_check.csv","v4_6r_log_check.csv","csv","468","0.000446","EVIDENCE_ARTIFACT","v4_6_remediation","NONE","TRUE","FALSE","FALSE","Historical validation report log backup script or other non-runtime evidence"
"V6/outputs/v4_6_remediation/v4_6r_modified_files.csv","v4_6r_modified_files.csv","csv","1150","0.001097","EVIDENCE_ARTIFACT","v4_6_remediation","NONE","TRUE","FALSE","FALSE","Historical validation report log backup script or other non-runtime evidence"
"V6/outputs/v4_6_remediation/v4_6r_panel_position_check.csv","v4_6r_panel_position_check.csv","csv","375","0.000358","EVIDENCE_ARTIFACT","v4_6_remediation","NONE","TRUE","FALSE","FALSE","Historical validation report log backup script or other non-runtime evidence"
"V6/outputs/v4_6_remediation/v4_6r_validation.csv","v4_6r_validation.csv","csv","2040","0.001945","EVIDENCE_ARTIFACT","v4_6_remediation","NONE","TRUE","FALSE","FALSE","Historical validation report log backup script or other non-runtime evidence"
"V6/outputs/v4_6_shiny_local_on_demand/runtime/v4_6_shiny_stderr.log","v4_6_shiny_stderr.log","log","1688","0.00161","EVIDENCE_ARTIFACT","v4_6_shiny_local_on_demand","NONE","TRUE","FALSE","FALSE","Historical validation report log backup script or other non-runtime evidence"
"V6/outputs/v4_6_shiny_local_on_demand/runtime/v4_6_shiny_stdout.log","v4_6_shiny_stdout.log","log","0","0","EVIDENCE_ARTIFACT","v4_6_shiny_local_on_demand","NONE","TRUE","FALSE","FALSE","Historical validation report log backup script or other non-runtime evidence"
"V6/outputs/v4_6_shiny_local_on_demand/v4_6_closure_summary.md","v4_6_closure_summary.md","md","2067","0.001971","EVIDENCE_ARTIFACT","v4_6_shiny_local_on_demand","NONE","TRUE","FALSE","FALSE","Historical validation report log backup script or other non-runtime evidence"
"V6/outputs/v4_6_shiny_local_on_demand/v4_6_dashboard_check.csv","v4_6_dashboard_check.csv","csv","734","0.0007","EVIDENCE_ARTIFACT","v4_6_shiny_local_on_demand","NONE","TRUE","FALSE","FALSE","Historical validation report log backup script or other non-runtime evidence"
"V6/outputs/v4_6_shiny_local_on_demand/v4_6_log_check.csv","v4_6_log_check.csv","csv","470","0.000448","EVIDENCE_ARTIFACT","v4_6_shiny_local_on_demand","NONE","TRUE","FALSE","FALSE","Historical validation report log backup script or other non-runtime evidence"
"V6/outputs/v4_6_shiny_local_on_demand/v4_6_modified_files.csv","v4_6_modified_files.csv","csv","1234","0.001177","EVIDENCE_ARTIFACT","v4_6_shiny_local_on_demand","NONE","TRUE","FALSE","FALSE","Historical validation report log backup script or other non-runtime evidence"
"V6/outputs/v4_6_shiny_local_on_demand/v4_6_panel_mapping.csv","v4_6_panel_mapping.csv","csv","547","0.000522","EVIDENCE_ARTIFACT","v4_6_shiny_local_on_demand","NONE","TRUE","FALSE","FALSE","Historical validation report log backup script or other non-runtime evidence"
"V6/outputs/v4_6_shiny_local_on_demand/v4_6_shiny_integration_report.md","v4_6_shiny_integration_report.md","md","5213","0.004972","EVIDENCE_ARTIFACT","v4_6_shiny_local_on_demand","NONE","TRUE","FALSE","FALSE","Historical validation report log backup script or other non-runtime evidence"
"V6/outputs/v4_6_shiny_local_on_demand/v4_6_validation.csv","v4_6_validation.csv","csv","1653","0.001576","EVIDENCE_ARTIFACT","v4_6_shiny_local_on_demand","NONE","TRUE","FALSE","FALSE","Historical validation report log backup script or other non-runtime evidence"
"V6/outputs/v4_6r2_ux_rework/runtime/v4_6r2_shiny_stderr.log","v4_6r2_shiny_stderr.log","log","1960","0.001869","EVIDENCE_ARTIFACT","v4_6r2_ux_rework","NONE","TRUE","FALSE","FALSE","Historical validation report log backup script or other non-runtime evidence"
"V6/outputs/v4_6r2_ux_rework/runtime/v4_6r2_shiny_stdout.log","v4_6r2_shiny_stdout.log","log","0","0","EVIDENCE_ARTIFACT","v4_6r2_ux_rework","NONE","TRUE","FALSE","FALSE","Historical validation report log backup script or other non-runtime evidence"
"V6/outputs/v4_6r2_ux_rework/v4_6L_local_live_provider_plan.md","v4_6L_local_live_provider_plan.md","md","2409","0.002297","CONTRACT_SPEC","v4_6r2_ux_rework","NONE","FALSE","TRUE","FALSE","Defines scope behavior schema policy or plan; not runtime data"
"V6/outputs/v4_6r2_ux_rework/v4_6r2_button_behavior_check.csv","v4_6r2_button_behavior_check.csv","csv","968","0.000923","EVIDENCE_ARTIFACT","v4_6r2_ux_rework","NONE","TRUE","FALSE","FALSE","Historical validation report log backup script or other non-runtime evidence"
"V6/outputs/v4_6r2_ux_rework/v4_6r2_closure_summary.md","v4_6r2_closure_summary.md","md","1920","0.001831","EVIDENCE_ARTIFACT","v4_6r2_ux_rework","NONE","TRUE","FALSE","FALSE","Historical validation report log backup script or other non-runtime evidence"
"V6/outputs/v4_6r2_ux_rework/v4_6r2_dashboard_check.csv","v4_6r2_dashboard_check.csv","csv","643","0.000613","EVIDENCE_ARTIFACT","v4_6r2_ux_rework","NONE","TRUE","FALSE","FALSE","Historical validation report log backup script or other non-runtime evidence"
"V6/outputs/v4_6r2_ux_rework/v4_6r2_log_check.csv","v4_6r2_log_check.csv","csv","547","0.000522","EVIDENCE_ARTIFACT","v4_6r2_ux_rework","NONE","TRUE","FALSE","FALSE","Historical validation report log backup script or other non-runtime evidence"
"V6/outputs/v4_6r2_ux_rework/v4_6r2_modified_files.csv","v4_6r2_modified_files.csv","csv","999","0.000953","EVIDENCE_ARTIFACT","v4_6r2_ux_rework","NONE","TRUE","FALSE","FALSE","Historical validation report log backup script or other non-runtime evidence"
"V6/outputs/v4_6r2_ux_rework/v4_6r2_question_behavior_check.csv","v4_6r2_question_behavior_check.csv","csv","1439","0.001372","EVIDENCE_ARTIFACT","v4_6r2_ux_rework","NONE","TRUE","FALSE","FALSE","Historical validation report log backup script or other non-runtime evidence"
"V6/outputs/v4_6r2_ux_rework/v4_6r2_rendering_check.csv","v4_6r2_rendering_check.csv","csv","1461","0.001393","EVIDENCE_ARTIFACT","v4_6r2_ux_rework","NONE","TRUE","FALSE","FALSE","Historical validation report log backup script or other non-runtime evidence"
"V6/outputs/v4_6r2_ux_rework/v4_6r2_ux_changes_report.md","v4_6r2_ux_changes_report.md","md","3934","0.003752","EVIDENCE_ARTIFACT","v4_6r2_ux_rework","NONE","TRUE","FALSE","FALSE","Historical validation report log backup script or other non-runtime evidence"
"V6/outputs/v4_6r2_ux_rework/v4_6r2_validation.csv","v4_6r2_validation.csv","csv","1968","0.001877","EVIDENCE_ARTIFACT","v4_6r2_ux_rework","NONE","TRUE","FALSE","FALSE","Historical validation report log backup script or other non-runtime evidence"
"V6/outputs/v4_7_download_audit/AEGIS_Explanation_Tournament_2026-06-29.md","AEGIS_Explanation_Tournament_2026-06-29.md","md","1377","0.001313","CONTRACT_SPEC","v4_7_download_audit","NONE","FALSE","TRUE","FALSE","Defines scope behavior schema policy or plan; not runtime data"
"V6/outputs/v4_7_download_audit/runtime/v4_7_formats_stderr.log","v4_7_formats_stderr.log","log","2444","0.002331","EVIDENCE_ARTIFACT","v4_7_download_audit","NONE","TRUE","FALSE","FALSE","Historical validation report log backup script or other non-runtime evidence"
"V6/outputs/v4_7_download_audit/runtime/v4_7_formats_stdout.log","v4_7_formats_stdout.log","log","0","0","EVIDENCE_ARTIFACT","v4_7_download_audit","NONE","TRUE","FALSE","FALSE","Historical validation report log backup script or other non-runtime evidence"
"V6/outputs/v4_7_download_audit/runtime/v4_7_shiny_stderr.log","v4_7_shiny_stderr.log","log","2069","0.001973","EVIDENCE_ARTIFACT","v4_7_download_audit","NONE","TRUE","FALSE","FALSE","Historical validation report log backup script or other non-runtime evidence"
"V6/outputs/v4_7_download_audit/runtime/v4_7_shiny_stdout.log","v4_7_shiny_stdout.log","log","0","0","EVIDENCE_ARTIFACT","v4_7_download_audit","NONE","TRUE","FALSE","FALSE","Historical validation report log backup script or other non-runtime evidence"
"V6/outputs/v4_7_download_audit/v4_7_closure_summary.md","v4_7_closure_summary.md","md","3380","0.003223","EVIDENCE_ARTIFACT","v4_7_download_audit","NONE","TRUE","FALSE","FALSE","Historical validation report log backup script or other non-runtime evidence"
"V6/outputs/v4_7_download_audit/v4_7_dashboard_check.csv","v4_7_dashboard_check.csv","csv","609","0.000581","EVIDENCE_ARTIFACT","v4_7_download_audit","NONE","TRUE","FALSE","FALSE","Historical validation report log backup script or other non-runtime evidence"
"V6/outputs/v4_7_download_audit/v4_7_download_content_check.csv","v4_7_download_content_check.csv","csv","1555","0.001483","EVIDENCE_ARTIFACT","v4_7_download_audit","NONE","TRUE","FALSE","FALSE","Historical validation report log backup script or other non-runtime evidence"
"V6/outputs/v4_7_download_audit/v4_7_download_handlers_check.csv","v4_7_download_handlers_check.csv","csv","770","0.000734","EVIDENCE_ARTIFACT","v4_7_download_audit","NONE","TRUE","FALSE","FALSE","Historical validation report log backup script or other non-runtime evidence"
"V6/outputs/v4_7_download_audit/v4_7_download_modal_check.csv","v4_7_download_modal_check.csv","csv","1216","0.00116","EVIDENCE_ARTIFACT","v4_7_download_audit","NONE","TRUE","FALSE","FALSE","Historical validation report log backup script or other non-runtime evidence"
"V6/outputs/v4_7_download_audit/v4_7_formats_closure_summary.md","v4_7_formats_closure_summary.md","md","2099","0.002002","EVIDENCE_ARTIFACT","v4_7_download_audit","NONE","TRUE","FALSE","FALSE","Historical validation report log backup script or other non-runtime evidence"
"V6/outputs/v4_7_download_audit/v4_7_formats_validation.csv","v4_7_formats_validation.csv","csv","1566","0.001493","EVIDENCE_ARTIFACT","v4_7_download_audit","NONE","TRUE","FALSE","FALSE","Historical validation report log backup script or other non-runtime evidence"
"V6/outputs/v4_7_download_audit/v4_7_log_check.csv","v4_7_log_check.csv","csv","374","0.000357","EVIDENCE_ARTIFACT","v4_7_download_audit","NONE","TRUE","FALSE","FALSE","Historical validation report log backup script or other non-runtime evidence"
"V6/outputs/v4_7_download_audit/v4_7_modified_files.csv","v4_7_modified_files.csv","csv","876","0.000835","EVIDENCE_ARTIFACT","v4_7_download_audit","NONE","TRUE","FALSE","FALSE","Historical validation report log backup script or other non-runtime evidence"
"V6/outputs/v4_7_download_audit/v4_7_validation.csv","v4_7_validation.csv","csv","938","0.000895","EVIDENCE_ARTIFACT","v4_7_download_audit","NONE","TRUE","FALSE","FALSE","Historical validation report log backup script or other non-runtime evidence"
"V6/outputs/v4_7b_llm_coverage_expansion/runtime/v4_7b_shiny_stderr.log","v4_7b_shiny_stderr.log","log","1791","0.001708","EVIDENCE_ARTIFACT","v4_7b_llm_coverage_expansion","NONE","TRUE","FALSE","FALSE","Historical validation report log backup script or other non-runtime evidence"
"V6/outputs/v4_7b_llm_coverage_expansion/runtime/v4_7b_shiny_stdout.log","v4_7b_shiny_stdout.log","log","0","0","EVIDENCE_ARTIFACT","v4_7b_llm_coverage_expansion","NONE","TRUE","FALSE","FALSE","Historical validation report log backup script or other non-runtime evidence"
"V6/outputs/v4_7b_llm_coverage_expansion/v4_7b_artifact_mapping.csv","v4_7b_artifact_mapping.csv","csv","1321","0.00126","EVIDENCE_ARTIFACT","v4_7b_llm_coverage_expansion","NONE","TRUE","FALSE","FALSE","Historical validation report log backup script or other non-runtime evidence"
"V6/outputs/v4_7b_llm_coverage_expansion/v4_7b_closure_summary.md","v4_7b_closure_summary.md","md","3756","0.003582","EVIDENCE_ARTIFACT","v4_7b_llm_coverage_expansion","NONE","TRUE","FALSE","FALSE","Historical validation report log backup script or other non-runtime evidence"
"V6/outputs/v4_7b_llm_coverage_expansion/v4_7b_coverage_contract.csv","v4_7b_coverage_contract.csv","csv","1028","0.00098","CONTRACT_SPEC","v4_7b_llm_coverage_expansion","NONE","FALSE","TRUE","FALSE","Defines scope behavior schema policy or plan; not runtime data"
"V6/outputs/v4_7b_llm_coverage_expansion/v4_7b_dashboard_check.csv","v4_7b_dashboard_check.csv","csv","632","0.000603","EVIDENCE_ARTIFACT","v4_7b_llm_coverage_expansion","NONE","TRUE","FALSE","FALSE","Historical validation report log backup script or other non-runtime evidence"
"V6/outputs/v4_7b_llm_coverage_expansion/v4_7b_download_check.csv","v4_7b_download_check.csv","csv","743","0.000709","EVIDENCE_ARTIFACT","v4_7b_llm_coverage_expansion","NONE","TRUE","FALSE","FALSE","Historical validation report log backup script or other non-runtime evidence"
"V6/outputs/v4_7b_llm_coverage_expansion/v4_7b_evidence_pack_summary.csv","v4_7b_evidence_pack_summary.csv","csv","499","0.000476","EVIDENCE_ARTIFACT","v4_7b_llm_coverage_expansion","NONE","TRUE","FALSE","FALSE","Historical validation report log backup script or other non-runtime evidence"
"V6/outputs/v4_7b_llm_coverage_expansion/v4_7b_log_check.csv","v4_7b_log_check.csv","csv","531","0.000506","EVIDENCE_ARTIFACT","v4_7b_llm_coverage_expansion","NONE","TRUE","FALSE","FALSE","Historical validation report log backup script or other non-runtime evidence"
"V6/outputs/v4_7b_llm_coverage_expansion/v4_7b_modified_files.csv","v4_7b_modified_files.csv","csv","830","0.000792","EVIDENCE_ARTIFACT","v4_7b_llm_coverage_expansion","NONE","TRUE","FALSE","FALSE","Historical validation report log backup script or other non-runtime evidence"
"V6/outputs/v4_7b_llm_coverage_expansion/v4_7b_panel_mapping.csv","v4_7b_panel_mapping.csv","csv","674","0.000643","EVIDENCE_ARTIFACT","v4_7b_llm_coverage_expansion","NONE","TRUE","FALSE","FALSE","Historical validation report log backup script or other non-runtime evidence"
"V6/outputs/v4_7b_llm_coverage_expansion/v4_7b_validation.csv","v4_7b_validation.csv","csv","2237","0.002133","EVIDENCE_ARTIFACT","v4_7b_llm_coverage_expansion","NONE","TRUE","FALSE","FALSE","Historical validation report log backup script or other non-runtime evidence"
"V6/outputs/v4_7c_reference_artifacts_downloads/runtime/v4_7c_shiny_stderr.log","v4_7c_shiny_stderr.log","log","2172","0.002071","EVIDENCE_ARTIFACT","v4_7c_reference_artifacts_downloads","NONE","TRUE","FALSE","FALSE","Historical validation report log backup script or other non-runtime evidence"
"V6/outputs/v4_7c_reference_artifacts_downloads/runtime/v4_7c_shiny_stdout.log","v4_7c_shiny_stdout.log","log","0","0","EVIDENCE_ARTIFACT","v4_7c_reference_artifacts_downloads","NONE","TRUE","FALSE","FALSE","Historical validation report log backup script or other non-runtime evidence"
"V6/outputs/v4_7c_reference_artifacts_downloads/v4_7c_closure_summary.md","v4_7c_closure_summary.md","md","4537","0.004327","EVIDENCE_ARTIFACT","v4_7c_reference_artifacts_downloads","NONE","TRUE","FALSE","FALSE","Historical validation report log backup script or other non-runtime evidence"
"V6/outputs/v4_7c_reference_artifacts_downloads/v4_7c_dashboard_check.csv","v4_7c_dashboard_check.csv","csv","1007","0.00096","EVIDENCE_ARTIFACT","v4_7c_reference_artifacts_downloads","NONE","TRUE","FALSE","FALSE","Historical validation report log backup script or other non-runtime evidence"
"V6/outputs/v4_7c_reference_artifacts_downloads/v4_7c_download_formats_check.csv","v4_7c_download_formats_check.csv","csv","1009","0.000962","EVIDENCE_ARTIFACT","v4_7c_reference_artifacts_downloads","NONE","TRUE","FALSE","FALSE","Historical validation report log backup script or other non-runtime evidence"
"V6/outputs/v4_7c_reference_artifacts_downloads/v4_7c_governed_downloads_mapping.csv","v4_7c_governed_downloads_mapping.csv","csv","1117","0.001065","EVIDENCE_ARTIFACT","v4_7c_reference_artifacts_downloads","NONE","TRUE","FALSE","FALSE","Historical validation report log backup script or other non-runtime evidence"
"V6/outputs/v4_7c_reference_artifacts_downloads/v4_7c_log_check.csv","v4_7c_log_check.csv","csv","597","0.000569","EVIDENCE_ARTIFACT","v4_7c_reference_artifacts_downloads","NONE","TRUE","FALSE","FALSE","Historical validation report log backup script or other non-runtime evidence"
"V6/outputs/v4_7c_reference_artifacts_downloads/v4_7c_modified_files.csv","v4_7c_modified_files.csv","csv","1668","0.001591","EVIDENCE_ARTIFACT","v4_7c_reference_artifacts_downloads","NONE","TRUE","FALSE","FALSE","Historical validation report log backup script or other non-runtime evidence"
"V6/outputs/v4_7c_reference_artifacts_downloads/v4_7c_reference_assistant_check.csv","v4_7c_reference_assistant_check.csv","csv","1828","0.001743","EVIDENCE_ARTIFACT","v4_7c_reference_artifacts_downloads","NONE","TRUE","FALSE","FALSE","Historical validation report log backup script or other non-runtime evidence"
"V6/outputs/v4_7c_reference_artifacts_downloads/v4_7c_validation.csv","v4_7c_validation.csv","csv","1470","0.001402","EVIDENCE_ARTIFACT","v4_7c_reference_artifacts_downloads","NONE","TRUE","FALSE","FALSE","Historical validation report log backup script or other non-runtime evidence"
"V6/outputs/v4_8_final_local_validation/v4_8_artifact_inventory_check.csv","v4_8_artifact_inventory_check.csv","csv","867","0.000827","EVIDENCE_ARTIFACT","v4_8_final_local_validation","NONE","TRUE","FALSE","FALSE","Historical validation report log backup script or other non-runtime evidence"
"V6/outputs/v4_8_final_local_validation/v4_8_assistant_behavior_check.csv","v4_8_assistant_behavior_check.csv","csv","876","0.000835","EVIDENCE_ARTIFACT","v4_8_final_local_validation","NONE","TRUE","FALSE","FALSE","Historical validation report log backup script or other non-runtime evidence"
"V6/outputs/v4_8_final_local_validation/v4_8_assistant_coverage_check.csv","v4_8_assistant_coverage_check.csv","csv","901","0.000859","EVIDENCE_ARTIFACT","v4_8_final_local_validation","NONE","TRUE","FALSE","FALSE","Historical validation report log backup script or other non-runtime evidence"
"V6/outputs/v4_8_final_local_validation/v4_8_closure_summary.md","v4_8_closure_summary.md","md","2489","0.002374","EVIDENCE_ARTIFACT","v4_8_final_local_validation","NONE","TRUE","FALSE","FALSE","Historical validation report log backup script or other non-runtime evidence"
"V6/outputs/v4_8_final_local_validation/v4_8_dashboard_runtime_check.csv","v4_8_dashboard_runtime_check.csv","csv","816","0.000778","EVIDENCE_ARTIFACT","v4_8_final_local_validation","NONE","TRUE","FALSE","FALSE","Historical validation report log backup script or other non-runtime evidence"
"V6/outputs/v4_8_final_local_validation/v4_8_download_formats_check.csv","v4_8_download_formats_check.csv","csv","1526","0.001455","EVIDENCE_ARTIFACT","v4_8_final_local_validation","NONE","TRUE","FALSE","FALSE","Historical validation report log backup script or other non-runtime evidence"
"V6/outputs/v4_8_final_local_validation/v4_8_final_validation_report.md","v4_8_final_validation_report.md","md","5404","0.005154","EVIDENCE_ARTIFACT","v4_8_final_local_validation","NONE","TRUE","FALSE","FALSE","Historical validation report log backup script or other non-runtime evidence"
"V6/outputs/v4_8_final_local_validation/v4_8_governance_invariants_check.csv","v4_8_governance_invariants_check.csv","csv","1843","0.001758","EVIDENCE_ARTIFACT","v4_8_final_local_validation","NONE","TRUE","FALSE","FALSE","Historical validation report log backup script or other non-runtime evidence"
"V6/outputs/v4_8_final_local_validation/v4_8_governed_downloads_check.csv","v4_8_governed_downloads_check.csv","csv","1587","0.001513","EVIDENCE_ARTIFACT","v4_8_final_local_validation","NONE","TRUE","FALSE","FALSE","Historical validation report log backup script or other non-runtime evidence"
"V6/outputs/v4_8_final_local_validation/v4_8_log_check.csv","v4_8_log_check.csv","csv","621","0.000592","EVIDENCE_ARTIFACT","v4_8_final_local_validation","NONE","TRUE","FALSE","FALSE","Historical validation report log backup script or other non-runtime evidence"
"V6/outputs/v4_8_final_local_validation/v4_8_modified_files_since_v4_7c.csv","v4_8_modified_files_since_v4_7c.csv","csv","1273","0.001214","EVIDENCE_ARTIFACT","v4_8_final_local_validation","NONE","TRUE","FALSE","FALSE","Historical validation report log backup script or other non-runtime evidence"
"V6/outputs/v4_8_final_local_validation/v4_8_validation.csv","v4_8_validation.csv","csv","3003","0.002864","EVIDENCE_ARTIFACT","v4_8_final_local_validation","NONE","TRUE","FALSE","FALSE","Historical validation report log backup script or other non-runtime evidence"
"V6/outputs/v4_8_final_local_validation/v4_8_visual_review_check.csv","v4_8_visual_review_check.csv","csv","1118","0.001066","EVIDENCE_ARTIFACT","v4_8_final_local_validation","NONE","TRUE","FALSE","FALSE","Historical validation report log backup script or other non-runtime evidence"
"V6/outputs/v4_8r_ui_polish/v4_8r_assistant_regression_check.csv","v4_8r_assistant_regression_check.csv","csv","522","0.000498","EVIDENCE_ARTIFACT","v4_8r_ui_polish","NONE","TRUE","FALSE","FALSE","Historical validation report log backup script or other non-runtime evidence"
"V6/outputs/v4_8r_ui_polish/v4_8r_closure_summary.md","v4_8r_closure_summary.md","md","2785","0.002656","EVIDENCE_ARTIFACT","v4_8r_ui_polish","NONE","TRUE","FALSE","FALSE","Historical validation report log backup script or other non-runtime evidence"
"V6/outputs/v4_8r_ui_polish/v4_8r_dashboard_check.csv","v4_8r_dashboard_check.csv","csv","354","0.000338","EVIDENCE_ARTIFACT","v4_8r_ui_polish","NONE","TRUE","FALSE","FALSE","Historical validation report log backup script or other non-runtime evidence"
"V6/outputs/v4_8r_ui_polish/v4_8r_guide_buttons_inventory.csv","v4_8r_guide_buttons_inventory.csv","csv","918","0.000875","EVIDENCE_ARTIFACT","v4_8r_ui_polish","NONE","TRUE","FALSE","FALSE","Historical validation report log backup script or other non-runtime evidence"
"V6/outputs/v4_8r_ui_polish/v4_8r_guide_text_alignment_check.csv","v4_8r_guide_text_alignment_check.csv","csv","1422","0.001356","EVIDENCE_ARTIFACT","v4_8r_ui_polish","NONE","TRUE","FALSE","FALSE","Historical validation report log backup script or other non-runtime evidence"
"V6/outputs/v4_8r_ui_polish/v4_8r_llm_panel_position_check.csv","v4_8r_llm_panel_position_check.csv","csv","907","0.000865","EVIDENCE_ARTIFACT","v4_8r_ui_polish","NONE","TRUE","FALSE","FALSE","Historical validation report log backup script or other non-runtime evidence"
"V6/outputs/v4_8r_ui_polish/v4_8r_log_check.csv","v4_8r_log_check.csv","csv","390","0.000372","EVIDENCE_ARTIFACT","v4_8r_ui_polish","NONE","TRUE","FALSE","FALSE","Historical validation report log backup script or other non-runtime evidence"
"V6/outputs/v4_8r_ui_polish/v4_8r_modified_files.csv","v4_8r_modified_files.csv","csv","951","0.000907","EVIDENCE_ARTIFACT","v4_8r_ui_polish","NONE","TRUE","FALSE","FALSE","Historical validation report log backup script or other non-runtime evidence"
"V6/outputs/v4_8r_ui_polish/v4_8r_validation.csv","v4_8r_validation.csv","csv","962","0.000917","EVIDENCE_ARTIFACT","v4_8r_ui_polish","NONE","TRUE","FALSE","FALSE","Historical validation report log backup script or other non-runtime evidence"
"V6/outputs/v5_0a_baseline_clone/runtime/v5_0a_shiny_stderr.log","v5_0a_shiny_stderr.log","log","1410","0.001345","EVIDENCE_ARTIFACT","v5_0a_baseline_clone","NONE","TRUE","FALSE","FALSE","Historical validation report log backup script or other non-runtime evidence"
"V6/outputs/v5_0a_baseline_clone/runtime/v5_0a_shiny_stdout.log","v5_0a_shiny_stdout.log","log","0","0","EVIDENCE_ARTIFACT","v5_0a_baseline_clone","NONE","TRUE","FALSE","FALSE","Historical validation report log backup script or other non-runtime evidence"
"V6/outputs/v5_0a_baseline_clone/v5_0a_clone_report.md","v5_0a_clone_report.md","md","3304","0.003151","EVIDENCE_ARTIFACT","v5_0a_baseline_clone","NONE","TRUE","FALSE","FALSE","Historical validation report log backup script or other non-runtime evidence"
"V6/outputs/v5_0a_baseline_clone/v5_0a_closure_summary.md","v5_0a_closure_summary.md","md","5208","0.004967","EVIDENCE_ARTIFACT","v5_0a_baseline_clone","NONE","TRUE","FALSE","FALSE","Historical validation report log backup script or other non-runtime evidence"
"V6/outputs/v5_0a_baseline_clone/v5_0a_dashboard_smoke_check.csv","v5_0a_dashboard_smoke_check.csv","csv","1386","0.001322","EVIDENCE_ARTIFACT","v5_0a_baseline_clone","NONE","TRUE","FALSE","FALSE","Historical validation report log backup script or other non-runtime evidence"
"V6/outputs/v5_0a_baseline_clone/v5_0a_invariants_check.csv","v5_0a_invariants_check.csv","csv","1386","0.001322","EVIDENCE_ARTIFACT","v5_0a_baseline_clone","NONE","TRUE","FALSE","FALSE","Historical validation report log backup script or other non-runtime evidence"
"V6/outputs/v5_0a_baseline_clone/v5_0a_parity_check.csv","v5_0a_parity_check.csv","csv","818","0.00078","EVIDENCE_ARTIFACT","v5_0a_baseline_clone","NONE","TRUE","FALSE","FALSE","Historical validation report log backup script or other non-runtime evidence"
"V6/outputs/v5_0a_baseline_clone/v5_0a_root_marker_check.csv","v5_0a_root_marker_check.csv","csv","1076","0.001026","EVIDENCE_ARTIFACT","v5_0a_baseline_clone","NONE","TRUE","FALSE","FALSE","Historical validation report log backup script or other non-runtime evidence"
"V6/outputs/v5_0a_baseline_clone/v5_0a_validation.csv","v5_0a_validation.csv","csv","1183","0.001128","EVIDENCE_ARTIFACT","v5_0a_baseline_clone","NONE","TRUE","FALSE","FALSE","Historical validation report log backup script or other non-runtime evidence"
"V6/outputs/v5_0b_docker_readiness/v5_0b_base_image_decision.md","v5_0b_base_image_decision.md","md","1046","0.000998","CONTRACT_SPEC","v5_0b_docker_readiness","NONE","FALSE","TRUE","FALSE","Defines scope behavior schema policy or plan; not runtime data"
"V6/outputs/v5_0b_docker_readiness/v5_0b_closure_summary.md","v5_0b_closure_summary.md","md","2372","0.002262","EVIDENCE_ARTIFACT","v5_0b_docker_readiness","NONE","TRUE","FALSE","FALSE","Historical validation report log backup script or other non-runtime evidence"
"V6/outputs/v5_0b_docker_readiness/v5_0b_decision_log.csv","v5_0b_decision_log.csv","csv","2411","0.002299","CONTRACT_SPEC","v5_0b_docker_readiness","NONE","FALSE","TRUE","FALSE","Defines scope behavior schema policy or plan; not runtime data"
"V6/outputs/v5_0b_docker_readiness/v5_0b_docker_context_size_estimate.csv","v5_0b_docker_context_size_estimate.csv","csv","567","0.000541","EVIDENCE_ARTIFACT","v5_0b_docker_readiness","NONE","TRUE","FALSE","FALSE","Historical validation report log backup script or other non-runtime evidence"
"V6/outputs/v5_0b_docker_readiness/v5_0b_dockerignore_plan.md","v5_0b_dockerignore_plan.md","md","1143","0.00109","CONTRACT_SPEC","v5_0b_docker_readiness","NONE","FALSE","TRUE","FALSE","Defines scope behavior schema policy or plan; not runtime data"
"V6/outputs/v5_0b_docker_readiness/v5_0b_entrypoint_healthcheck_plan.md","v5_0b_entrypoint_healthcheck_plan.md","md","1275","0.001216","CONTRACT_SPEC","v5_0b_docker_readiness","NONE","FALSE","TRUE","FALSE","Defines scope behavior schema policy or plan; not runtime data"
"V6/outputs/v5_0b_docker_readiness/v5_0b_locale_fonts_decision.md","v5_0b_locale_fonts_decision.md","md","869","0.000829","CONTRACT_SPEC","v5_0b_docker_readiness","NONE","FALSE","TRUE","FALSE","Defines scope behavior schema policy or plan; not runtime data"
"V6/outputs/v5_0b_docker_readiness/v5_0b_package_pinning_decision.md","v5_0b_package_pinning_decision.md","md","1148","0.001095","CONTRACT_SPEC","v5_0b_docker_readiness","NONE","FALSE","TRUE","FALSE","Defines scope behavior schema policy or plan; not runtime data"
"V6/outputs/v5_0b_docker_readiness/v5_0b_path_audit.csv","v5_0b_path_audit.csv","csv","694","0.000662","EVIDENCE_ARTIFACT","v5_0b_docker_readiness","NONE","TRUE","FALSE","FALSE","Historical validation report log backup script or other non-runtime evidence"
"V6/outputs/v5_0b_docker_readiness/v5_0b_python_dependencies.csv","v5_0b_python_dependencies.csv","csv","593","0.000566","EVIDENCE_ARTIFACT","v5_0b_docker_readiness","NONE","TRUE","FALSE","FALSE","Historical validation report log backup script or other non-runtime evidence"
"V6/outputs/v5_0b_docker_readiness/v5_0b_r_dependencies.csv","v5_0b_r_dependencies.csv","csv","1659","0.001582","EVIDENCE_ARTIFACT","v5_0b_docker_readiness","NONE","TRUE","FALSE","FALSE","Historical validation report log backup script or other non-runtime evidence"
"V6/outputs/v5_0b_docker_readiness/v5_0b_readiness_report.md","v5_0b_readiness_report.md","md","7615","0.007262","EVIDENCE_ARTIFACT","v5_0b_docker_readiness","NONE","TRUE","FALSE","FALSE","Historical validation report log backup script or other non-runtime evidence"
"V6/outputs/v5_0b_docker_readiness/v5_0b_refresh_service_plan.md","v5_0b_refresh_service_plan.md","md","1439","0.001372","CONTRACT_SPEC","v5_0b_docker_readiness","NONE","FALSE","TRUE","FALSE","Defines scope behavior schema policy or plan; not runtime data"
"V6/outputs/v5_0b_docker_readiness/v5_0b_risk_register.csv","v5_0b_risk_register.csv","csv","1213","0.001157","EVIDENCE_ARTIFACT","v5_0b_docker_readiness","NONE","TRUE","FALSE","FALSE","Historical validation report log backup script or other non-runtime evidence"
"V6/outputs/v5_0b_docker_readiness/v5_0b_security_secrets_audit.csv","v5_0b_security_secrets_audit.csv","csv","1047","0.000998","EVIDENCE_ARTIFACT","v5_0b_docker_readiness","NONE","TRUE","FALSE","FALSE","Historical validation report log backup script or other non-runtime evidence"
"V6/outputs/v5_0b_docker_readiness/v5_0b_smoke_test_plan.md","v5_0b_smoke_test_plan.md","md","1322","0.001261","CONTRACT_SPEC","v5_0b_docker_readiness","NONE","FALSE","TRUE","FALSE","Defines scope behavior schema policy or plan; not runtime data"
"V6/outputs/v5_0b_docker_readiness/v5_0b_system_dependencies.csv","v5_0b_system_dependencies.csv","csv","793","0.000756","EVIDENCE_ARTIFACT","v5_0b_docker_readiness","NONE","TRUE","FALSE","FALSE","Historical validation report log backup script or other non-runtime evidence"
"V6/outputs/v5_0b_docker_readiness/v5_0b_tex_pandoc_decision.md","v5_0b_tex_pandoc_decision.md","md","994","0.000948","CONTRACT_SPEC","v5_0b_docker_readiness","NONE","FALSE","TRUE","FALSE","Defines scope behavior schema policy or plan; not runtime data"
"V6/outputs/v5_0b_docker_readiness/v5_0b_validation.csv","v5_0b_validation.csv","csv","3064","0.002922","EVIDENCE_ARTIFACT","v5_0b_docker_readiness","NONE","TRUE","FALSE","FALSE","Historical validation report log backup script or other non-runtime evidence"
"V6/outputs/v5_0b_docker_readiness/v5_0b_volume_plan.md","v5_0b_volume_plan.md","md","1632","0.001556","CONTRACT_SPEC","v5_0b_docker_readiness","NONE","FALSE","TRUE","FALSE","Defines scope behavior schema policy or plan; not runtime data"
"V6/outputs/v5_1_dockerfile_dashboard/logs/_inspect.R","_inspect.R","r","840","0.000801","CONTRACT_SPEC","v5_1_dockerfile_dashboard","NONE","FALSE","TRUE","FALSE","Defines scope behavior schema policy or plan; not runtime data"
"V6/outputs/v5_1_dockerfile_dashboard/logs/v5_1_container_logs.log","v5_1_container_logs.log","log","1102","0.001051","EVIDENCE_ARTIFACT","v5_1_dockerfile_dashboard","NONE","TRUE","FALSE","FALSE","Historical validation report log backup script or other non-runtime evidence"
"V6/outputs/v5_1_dockerfile_dashboard/logs/v5_1_docker_build.log","v5_1_docker_build.log","log","76407","0.072867","EVIDENCE_ARTIFACT","v5_1_dockerfile_dashboard","NONE","TRUE","FALSE","FALSE","Historical validation report log backup script or other non-runtime evidence"
"V6/outputs/v5_1_dockerfile_dashboard/logs/v5_1_docker_run.log","v5_1_docker_run.log","log","66","6.3E-05","EVIDENCE_ARTIFACT","v5_1_dockerfile_dashboard","NONE","TRUE","FALSE","FALSE","Historical validation report log backup script or other non-runtime evidence"
"V6/outputs/v5_1_dockerfile_dashboard/v5_1_artifacts_index.csv","v5_1_artifacts_index.csv","csv","2837","0.002706","EVIDENCE_ARTIFACT","v5_1_dockerfile_dashboard","NONE","TRUE","FALSE","FALSE","Historical validation report log backup script or other non-runtime evidence"
"V6/outputs/v5_1_dockerfile_dashboard/v5_1_base_image_verification.md","v5_1_base_image_verification.md","md","1622","0.001547","EVIDENCE_ARTIFACT","v5_1_dockerfile_dashboard","NONE","TRUE","FALSE","FALSE","Historical validation report log backup script or other non-runtime evidence"
"V6/outputs/v5_1_dockerfile_dashboard/v5_1_build_context_check.csv","v5_1_build_context_check.csv","csv","642","0.000612","EVIDENCE_ARTIFACT","v5_1_dockerfile_dashboard","NONE","TRUE","FALSE","FALSE","Historical validation report log backup script or other non-runtime evidence"
"V6/outputs/v5_1_dockerfile_dashboard/v5_1_build_report.md","v5_1_build_report.md","md","1032","0.000984","EVIDENCE_ARTIFACT","v5_1_dockerfile_dashboard","NONE","TRUE","FALSE","FALSE","Historical validation report log backup script or other non-runtime evidence"
"V6/outputs/v5_1_dockerfile_dashboard/v5_1_closure_summary.md","v5_1_closure_summary.md","md","2219","0.002116","EVIDENCE_ARTIFACT","v5_1_dockerfile_dashboard","NONE","TRUE","FALSE","FALSE","Historical validation report log backup script or other non-runtime evidence"
"V6/outputs/v5_1_dockerfile_dashboard/v5_1_dockerfile_report.md","v5_1_dockerfile_report.md","md","2278","0.002172","EVIDENCE_ARTIFACT","v5_1_dockerfile_dashboard","NONE","TRUE","FALSE","FALSE","Historical validation report log backup script or other non-runtime evidence"
"V6/outputs/v5_1_dockerfile_dashboard/v5_1_dockerignore_report.md","v5_1_dockerignore_report.md","md","1531","0.00146","EVIDENCE_ARTIFACT","v5_1_dockerfile_dashboard","NONE","TRUE","FALSE","FALSE","Historical validation report log backup script or other non-runtime evidence"
"V6/outputs/v5_1_dockerfile_dashboard/v5_1_entrypoint_report.md","v5_1_entrypoint_report.md","md","969","0.000924","EVIDENCE_ARTIFACT","v5_1_dockerfile_dashboard","NONE","TRUE","FALSE","FALSE","Historical validation report log backup script or other non-runtime evidence"
"V6/outputs/v5_1_dockerfile_dashboard/v5_1_healthcheck_report.md","v5_1_healthcheck_report.md","md","666","0.000635","EVIDENCE_ARTIFACT","v5_1_dockerfile_dashboard","NONE","TRUE","FALSE","FALSE","Historical validation report log backup script or other non-runtime evidence"
"V6/outputs/v5_1_dockerfile_dashboard/v5_1_image_inspection.csv","v5_1_image_inspection.csv","csv","1064","0.001015","CONTRACT_SPEC","v5_1_dockerfile_dashboard","NONE","FALSE","TRUE","FALSE","Defines scope behavior schema policy or plan; not runtime data"
"V6/outputs/v5_1_dockerfile_dashboard/v5_1_r_dependencies_final.csv","v5_1_r_dependencies_final.csv","csv","2466","0.002352","EVIDENCE_ARTIFACT","v5_1_dockerfile_dashboard","NONE","TRUE","FALSE","FALSE","Historical validation report log backup script or other non-runtime evidence"
"V6/outputs/v5_1_dockerfile_dashboard/v5_1_r_pinning_report.md","v5_1_r_pinning_report.md","md","2442","0.002329","EVIDENCE_ARTIFACT","v5_1_dockerfile_dashboard","NONE","TRUE","FALSE","FALSE","Historical validation report log backup script or other non-runtime evidence"
"V6/outputs/v5_1_dockerfile_dashboard/v5_1_risk_register.csv","v5_1_risk_register.csv","csv","1543","0.001472","EVIDENCE_ARTIFACT","v5_1_dockerfile_dashboard","NONE","TRUE","FALSE","FALSE","Historical validation report log backup script or other non-runtime evidence"
"V6/outputs/v5_1_dockerfile_dashboard/v5_1_runtime_report.md","v5_1_runtime_report.md","md","2253","0.002149","EVIDENCE_ARTIFACT","v5_1_dockerfile_dashboard","NONE","TRUE","FALSE","FALSE","Historical validation report log backup script or other non-runtime evidence"
"V6/outputs/v5_1_dockerfile_dashboard/v5_1_security_image_check.csv","v5_1_security_image_check.csv","csv","1020","0.000973","EVIDENCE_ARTIFACT","v5_1_dockerfile_dashboard","NONE","TRUE","FALSE","FALSE","Historical validation report log backup script or other non-runtime evidence"
"V6/outputs/v5_1_dockerfile_dashboard/v5_1_smoke_test_results.csv","v5_1_smoke_test_results.csv","csv","872","0.000832","EVIDENCE_ARTIFACT","v5_1_dockerfile_dashboard","NONE","TRUE","FALSE","FALSE","Historical validation report log backup script or other non-runtime evidence"
"V6/outputs/v5_1_dockerfile_dashboard/v5_1_validation.csv","v5_1_validation.csv","csv","1516","0.001446","EVIDENCE_ARTIFACT","v5_1_dockerfile_dashboard","NONE","TRUE","FALSE","FALSE","Historical validation report log backup script or other non-runtime evidence"
"V6/outputs/v5_2_docker_compose_shiny/logs/v5_2_compose_config.log","v5_2_compose_config.log","log","1031","0.000983","EVIDENCE_ARTIFACT","v5_2_docker_compose_shiny","NONE","TRUE","FALSE","FALSE","Historical validation report log backup script or other non-runtime evidence"
"V6/outputs/v5_2_docker_compose_shiny/logs/v5_2_compose_container_logs.log","v5_2_compose_container_logs.log","log","2278","0.002172","EVIDENCE_ARTIFACT","v5_2_docker_compose_shiny","NONE","TRUE","FALSE","FALSE","Historical validation report log backup script or other non-runtime evidence"
"V6/outputs/v5_2_docker_compose_shiny/logs/v5_2_compose_up.log","v5_2_compose_up.log","log","231","0.00022","EVIDENCE_ARTIFACT","v5_2_docker_compose_shiny","NONE","TRUE","FALSE","FALSE","Historical validation report log backup script or other non-runtime evidence"
"V6/outputs/v5_2_docker_compose_shiny/logs/v5_2_mount_validation.log","v5_2_mount_validation.log","log","350","0.000334","EVIDENCE_ARTIFACT","v5_2_docker_compose_shiny","NONE","TRUE","FALSE","FALSE","Historical validation report log backup script or other non-runtime evidence"
"V6/outputs/v5_2_docker_compose_shiny/logs/v5_2_smoke_test.log","v5_2_smoke_test.log","log","1308","0.001247","EVIDENCE_ARTIFACT","v5_2_docker_compose_shiny","NONE","TRUE","FALSE","FALSE","Historical validation report log backup script or other non-runtime evidence"
"V6/outputs/v5_2_docker_compose_shiny/v5_2_closure_summary.md","v5_2_closure_summary.md","md","8112","0.007736","EVIDENCE_ARTIFACT","v5_2_docker_compose_shiny","NONE","TRUE","FALSE","FALSE","Historical validation report log backup script or other non-runtime evidence"
"V6/outputs/v5_2_docker_compose_shiny/v5_2_compose_config_check.csv","v5_2_compose_config_check.csv","csv","1715","0.001636","EVIDENCE_ARTIFACT","v5_2_docker_compose_shiny","NONE","TRUE","FALSE","FALSE","Historical validation report log backup script or other non-runtime evidence"
"V6/outputs/v5_2_docker_compose_shiny/v5_2_compose_file_report.md","v5_2_compose_file_report.md","md","2129","0.00203","EVIDENCE_ARTIFACT","v5_2_docker_compose_shiny","NONE","TRUE","FALSE","FALSE","Historical validation report log backup script or other non-runtime evidence"
"V6/outputs/v5_2_docker_compose_shiny/v5_2_compose_up_check.csv","v5_2_compose_up_check.csv","csv","604","0.000576","EVIDENCE_ARTIFACT","v5_2_docker_compose_shiny","NONE","TRUE","FALSE","FALSE","Historical validation report log backup script or other non-runtime evidence"
"V6/outputs/v5_2_docker_compose_shiny/v5_2_compose_up_report.md","v5_2_compose_up_report.md","md","1268","0.001209","EVIDENCE_ARTIFACT","v5_2_docker_compose_shiny","NONE","TRUE","FALSE","FALSE","Historical validation report log backup script or other non-runtime evidence"
"V6/outputs/v5_2_docker_compose_shiny/v5_2_invariants_check.csv","v5_2_invariants_check.csv","csv","979","0.000934","EVIDENCE_ARTIFACT","v5_2_docker_compose_shiny","NONE","TRUE","FALSE","FALSE","Historical validation report log backup script or other non-runtime evidence"
"V6/outputs/v5_2_docker_compose_shiny/v5_2_local_usage_notes.md","v5_2_local_usage_notes.md","md","1608","0.001534","EVIDENCE_ARTIFACT","v5_2_docker_compose_shiny","NONE","TRUE","FALSE","FALSE","Historical validation report log backup script or other non-runtime evidence"
"V6/outputs/v5_2_docker_compose_shiny/v5_2_mount_validation.csv","v5_2_mount_validation.csv","csv","1016","0.000969","EVIDENCE_ARTIFACT","v5_2_docker_compose_shiny","NONE","TRUE","FALSE","FALSE","Historical validation report log backup script or other non-runtime evidence"
"V6/outputs/v5_2_docker_compose_shiny/v5_2_preflight_check.csv","v5_2_preflight_check.csv","csv","1745","0.001664","EVIDENCE_ARTIFACT","v5_2_docker_compose_shiny","NONE","TRUE","FALSE","FALSE","Historical validation report log backup script or other non-runtime evidence"
"V6/outputs/v5_2_docker_compose_shiny/v5_2_risk_register.csv","v5_2_risk_register.csv","csv","1934","0.001844","EVIDENCE_ARTIFACT","v5_2_docker_compose_shiny","NONE","TRUE","FALSE","FALSE","Historical validation report log backup script or other non-runtime evidence"
"V6/outputs/v5_2_docker_compose_shiny/v5_2_security_compose_check.csv","v5_2_security_compose_check.csv","csv","1023","0.000976","EVIDENCE_ARTIFACT","v5_2_docker_compose_shiny","NONE","TRUE","FALSE","FALSE","Historical validation report log backup script or other non-runtime evidence"
"V6/outputs/v5_2_docker_compose_shiny/v5_2_smoke_test_results.csv","v5_2_smoke_test_results.csv","csv","872","0.000832","EVIDENCE_ARTIFACT","v5_2_docker_compose_shiny","NONE","TRUE","FALSE","FALSE","Historical validation report log backup script or other non-runtime evidence"
"V6/outputs/v5_2_docker_compose_shiny/v5_2_v5_1_integrity_check.csv","v5_2_v5_1_integrity_check.csv","csv","1026","0.000978","EVIDENCE_ARTIFACT","v5_2_docker_compose_shiny","NONE","TRUE","FALSE","FALSE","Historical validation report log backup script or other non-runtime evidence"
"V6/outputs/v5_2_docker_compose_shiny/v5_2_validation.csv","v5_2_validation.csv","csv","1746","0.001665","EVIDENCE_ARTIFACT","v5_2_docker_compose_shiny","NONE","TRUE","FALSE","FALSE","Historical validation report log backup script or other non-runtime evidence"
"V6/outputs/v5_3_external_mount_probe/host_probe.txt","host_probe.txt","txt","119","0.000113","EVIDENCE_ARTIFACT","v5_3_external_mount_probe","NONE","TRUE","FALSE","FALSE","Historical validation report log backup script or other non-runtime evidence"
"V6/outputs/v5_3_external_volumes_artifact_mounts/_presence_probe2.R","_presence_probe2.R","r","854","0.000814","EVIDENCE_ARTIFACT","v5_3_external_volumes_artifact_mounts","NONE","TRUE","FALSE","FALSE","Historical validation report log backup script or other non-runtime evidence"
"V6/outputs/v5_3_external_volumes_artifact_mounts/logs/v5_3_container_mount_inspection.log","v5_3_container_mount_inspection.log","log","205","0.000196","CONTRACT_SPEC","v5_3_external_volumes_artifact_mounts","NONE","FALSE","TRUE","FALSE","Defines scope behavior schema policy or plan; not runtime data"
"V6/outputs/v5_3_external_volumes_artifact_mounts/logs/v5_3_no_rebuild_reflection_test.log","v5_3_no_rebuild_reflection_test.log","log","524","0.0005","EVIDENCE_ARTIFACT","v5_3_external_volumes_artifact_mounts","NONE","TRUE","FALSE","FALSE","Historical validation report log backup script or other non-runtime evidence"
"V6/outputs/v5_3_external_volumes_artifact_mounts/logs/v5_3_readonly_enforcement.log","v5_3_readonly_enforcement.log","log","362","0.000345","EVIDENCE_ARTIFACT","v5_3_external_volumes_artifact_mounts","NONE","TRUE","FALSE","FALSE","Historical validation report log backup script or other non-runtime evidence"
"V6/outputs/v5_3_external_volumes_artifact_mounts/logs/v5_3_smoke_test.log","v5_3_smoke_test.log","log","1320","0.001259","EVIDENCE_ARTIFACT","v5_3_external_volumes_artifact_mounts","NONE","TRUE","FALSE","FALSE","Historical validation report log backup script or other non-runtime evidence"
"V6/outputs/v5_3_external_volumes_artifact_mounts/v5_3_closure_summary.md","v5_3_closure_summary.md","md","10335","0.009856","EVIDENCE_ARTIFACT","v5_3_external_volumes_artifact_mounts","NONE","TRUE","FALSE","FALSE","Historical validation report log backup script or other non-runtime evidence"
"V6/outputs/v5_3_external_volumes_artifact_mounts/v5_3_compose_hardening_review.md","v5_3_compose_hardening_review.md","md","1747","0.001666","EVIDENCE_ARTIFACT","v5_3_external_volumes_artifact_mounts","NONE","TRUE","FALSE","FALSE","Historical validation report log backup script or other non-runtime evidence"
"V6/outputs/v5_3_external_volumes_artifact_mounts/v5_3_compose_integrity_check.csv","v5_3_compose_integrity_check.csv","csv","703","0.00067","EVIDENCE_ARTIFACT","v5_3_external_volumes_artifact_mounts","NONE","TRUE","FALSE","FALSE","Historical validation report log backup script or other non-runtime evidence"
"V6/outputs/v5_3_external_volumes_artifact_mounts/v5_3_compose_volume_audit.csv","v5_3_compose_volume_audit.csv","csv","1233","0.001176","EVIDENCE_ARTIFACT","v5_3_external_volumes_artifact_mounts","NONE","TRUE","FALSE","FALSE","Historical validation report log backup script or other non-runtime evidence"
"V6/outputs/v5_3_external_volumes_artifact_mounts/v5_3_container_mount_inspection.csv","v5_3_container_mount_inspection.csv","csv","921","0.000878","CONTRACT_SPEC","v5_3_external_volumes_artifact_mounts","NONE","FALSE","TRUE","FALSE","Defines scope behavior schema policy or plan; not runtime data"
"V6/outputs/v5_3_external_volumes_artifact_mounts/v5_3_immutability_check.csv","v5_3_immutability_check.csv","csv","885","0.000844","EVIDENCE_ARTIFACT","v5_3_external_volumes_artifact_mounts","NONE","TRUE","FALSE","FALSE","Historical validation report log backup script or other non-runtime evidence"
"V6/outputs/v5_3_external_volumes_artifact_mounts/v5_3_no_rebuild_reflection_test.csv","v5_3_no_rebuild_reflection_test.csv","csv","901","0.000859","EVIDENCE_ARTIFACT","v5_3_external_volumes_artifact_mounts","NONE","TRUE","FALSE","FALSE","Historical validation report log backup script or other non-runtime evidence"
"V6/outputs/v5_3_external_volumes_artifact_mounts/v5_3_no_rebuild_reflection_test.md","v5_3_no_rebuild_reflection_test.md","md","1873","0.001786","EVIDENCE_ARTIFACT","v5_3_external_volumes_artifact_mounts","NONE","TRUE","FALSE","FALSE","Historical validation report log backup script or other non-runtime evidence"
"V6/outputs/v5_3_external_volumes_artifact_mounts/v5_3_preflight_check.csv","v5_3_preflight_check.csv","csv","1662","0.001585","EVIDENCE_ARTIFACT","v5_3_external_volumes_artifact_mounts","NONE","TRUE","FALSE","FALSE","Historical validation report log backup script or other non-runtime evidence"
"V6/outputs/v5_3_external_volumes_artifact_mounts/v5_3_readonly_enforcement.csv","v5_3_readonly_enforcement.csv","csv","697","0.000665","EVIDENCE_ARTIFACT","v5_3_external_volumes_artifact_mounts","NONE","TRUE","FALSE","FALSE","Historical validation report log backup script or other non-runtime evidence"
"V6/outputs/v5_3_external_volumes_artifact_mounts/v5_3_risk_register.csv","v5_3_risk_register.csv","csv","1733","0.001653","EVIDENCE_ARTIFACT","v5_3_external_volumes_artifact_mounts","NONE","TRUE","FALSE","FALSE","Historical validation report log backup script or other non-runtime evidence"
"V6/outputs/v5_3_external_volumes_artifact_mounts/v5_3_runtime_artifact_manifest.csv","v5_3_runtime_artifact_manifest.csv","csv","14305","0.013642","EVIDENCE_ARTIFACT","v5_3_external_volumes_artifact_mounts","NONE","TRUE","FALSE","FALSE","Historical validation report log backup script or other non-runtime evidence"
"V6/outputs/v5_3_external_volumes_artifact_mounts/v5_3_runtime_artifact_map.md","v5_3_runtime_artifact_map.md","md","3682","0.003511","EVIDENCE_ARTIFACT","v5_3_external_volumes_artifact_mounts","NONE","TRUE","FALSE","FALSE","Historical validation report log backup script or other non-runtime evidence"
"V6/outputs/v5_3_external_volumes_artifact_mounts/v5_3_smoke_test_results.csv","v5_3_smoke_test_results.csv","csv","872","0.000832","EVIDENCE_ARTIFACT","v5_3_external_volumes_artifact_mounts","NONE","TRUE","FALSE","FALSE","Historical validation report log backup script or other non-runtime evidence"
"V6/outputs/v5_3_external_volumes_artifact_mounts/v5_3_validation.csv","v5_3_validation.csv","csv","1896","0.001808","EVIDENCE_ARTIFACT","v5_3_external_volumes_artifact_mounts","NONE","TRUE","FALSE","FALSE","Historical validation report log backup script or other non-runtime evidence"
"V6/outputs/v5_3_external_volumes_artifact_mounts/v5_3_volume_contract.md","v5_3_volume_contract.md","md","2184","0.002083","CONTRACT_SPEC","v5_3_external_volumes_artifact_mounts","NONE","FALSE","TRUE","FALSE","Defines scope behavior schema policy or plan; not runtime data"
"V6/outputs/v5_3_external_volumes_artifact_mounts/v5_3_volume_usage_guide.md","v5_3_volume_usage_guide.md","md","2685","0.002561","EVIDENCE_ARTIFACT","v5_3_external_volumes_artifact_mounts","NONE","TRUE","FALSE","FALSE","Historical validation report log backup script or other non-runtime evidence"
"V6/outputs/v5_4_dockerized_downloads_validation/download_samples/explanation/AEGIS_Explanation_Champion.docx","AEGIS_Explanation_Champion.docx","docx","10544","0.010056","CONTRACT_SPEC","v5_4_dockerized_downloads_validation","NONE","FALSE","TRUE","FALSE","Defines scope behavior schema policy or plan; not runtime data"
"V6/outputs/v5_4_dockerized_downloads_validation/download_samples/explanation/AEGIS_Explanation_Champion.html","AEGIS_Explanation_Champion.html","html","1933","0.001843","CONTRACT_SPEC","v5_4_dockerized_downloads_validation","NONE","FALSE","TRUE","FALSE","Defines scope behavior schema policy or plan; not runtime data"
"V6/outputs/v5_4_dockerized_downloads_validation/download_samples/explanation/AEGIS_Explanation_Champion.md","AEGIS_Explanation_Champion.md","md","1030","0.000982","CONTRACT_SPEC","v5_4_dockerized_downloads_validation","NONE","FALSE","TRUE","FALSE","Defines scope behavior schema policy or plan; not runtime data"
"V6/outputs/v5_4_dockerized_downloads_validation/download_samples/explanation/AEGIS_Explanation_Champion.pdf","AEGIS_Explanation_Champion.pdf","pdf","104478","0.099638","CONTRACT_SPEC","v5_4_dockerized_downloads_validation","NONE","FALSE","TRUE","FALSE","Defines scope behavior schema policy or plan; not runtime data"
"V6/outputs/v5_4_dockerized_downloads_validation/download_samples/explanation/AEGIS_Explanation_Champion.txt","AEGIS_Explanation_Champion.txt","txt","1057","0.001008","CONTRACT_SPEC","v5_4_dockerized_downloads_validation","NONE","FALSE","TRUE","FALSE","Defines scope behavior schema policy or plan; not runtime data"
"V6/outputs/v5_4_dockerized_downloads_validation/download_samples/governed/champion_summary.csv","champion_summary.csv","csv","485","0.000463","EVIDENCE_ARTIFACT","v5_4_dockerized_downloads_validation","NONE","TRUE","FALSE","FALSE","Historical validation report log backup script or other non-runtime evidence"
"V6/outputs/v5_4_dockerized_downloads_validation/download_samples/governed/champion_summary.docx","champion_summary.docx","docx","10914","0.010408","EVIDENCE_ARTIFACT","v5_4_dockerized_downloads_validation","NONE","TRUE","FALSE","FALSE","Historical validation report log backup script or other non-runtime evidence"
"V6/outputs/v5_4_dockerized_downloads_validation/download_samples/governed/champion_summary.html","champion_summary.html","html","2532","0.002415","EVIDENCE_ARTIFACT","v5_4_dockerized_downloads_validation","NONE","TRUE","FALSE","FALSE","Historical validation report log backup script or other non-runtime evidence"
"V6/outputs/v5_4_dockerized_downloads_validation/download_samples/governed/champion_summary.md","champion_summary.md","md","1475","0.001407","EVIDENCE_ARTIFACT","v5_4_dockerized_downloads_validation","NONE","TRUE","FALSE","FALSE","Historical validation report log backup script or other non-runtime evidence"
"V6/outputs/v5_4_dockerized_downloads_validation/download_samples/governed/champion_summary.pdf","champion_summary.pdf","pdf","107773","0.10278","EVIDENCE_ARTIFACT","v5_4_dockerized_downloads_validation","NONE","TRUE","FALSE","FALSE","Historical validation report log backup script or other non-runtime evidence"
"V6/outputs/v5_4_dockerized_downloads_validation/download_samples/governed/champion_summary.txt","champion_summary.txt","txt","1375","0.001311","EVIDENCE_ARTIFACT","v5_4_dockerized_downloads_validation","NONE","TRUE","FALSE","FALSE","Historical validation report log backup script or other non-runtime evidence"
"V6/outputs/v5_4_dockerized_downloads_validation/logs/v5_4_container_export_dependency_check.log","v5_4_container_export_dependency_check.log","log","394","0.000376","EVIDENCE_ARTIFACT","v5_4_dockerized_downloads_validation","NONE","TRUE","FALSE","FALSE","Historical validation report log backup script or other non-runtime evidence"
"V6/outputs/v5_4_dockerized_downloads_validation/logs/v5_4_explanation_downloads.log","v5_4_explanation_downloads.log","log","656","0.000626","CONTRACT_SPEC","v5_4_dockerized_downloads_validation","NONE","FALSE","TRUE","FALSE","Defines scope behavior schema policy or plan; not runtime data"
"V6/outputs/v5_4_dockerized_downloads_validation/logs/v5_4_failure_remediation.log","v5_4_failure_remediation.log","log","1152","0.001099","EVIDENCE_ARTIFACT","v5_4_dockerized_downloads_validation","NONE","TRUE","FALSE","FALSE","Historical validation report log backup script or other non-runtime evidence"
"V6/outputs/v5_4_dockerized_downloads_validation/logs/v5_4_governed_downloads.log","v5_4_governed_downloads.log","log","670","0.000639","EVIDENCE_ARTIFACT","v5_4_dockerized_downloads_validation","NONE","TRUE","FALSE","FALSE","Historical validation report log backup script or other non-runtime evidence"
"V6/outputs/v5_4_dockerized_downloads_validation/logs/v5_4_image_rebuild.log","v5_4_image_rebuild.log","log","202693","0.193303","EVIDENCE_ARTIFACT","v5_4_dockerized_downloads_validation","NONE","TRUE","FALSE","FALSE","Historical validation report log backup script or other non-runtime evidence"
"V6/outputs/v5_4_dockerized_downloads_validation/logs/v5_4_readonly_download_impact.log","v5_4_readonly_download_impact.log","log","63","6E-05","EVIDENCE_ARTIFACT","v5_4_dockerized_downloads_validation","NONE","TRUE","FALSE","FALSE","Historical validation report log backup script or other non-runtime evidence"
"V6/outputs/v5_4_dockerized_downloads_validation/logs/v5_4_smoke_test.log","v5_4_smoke_test.log","log","1319","0.001258","EVIDENCE_ARTIFACT","v5_4_dockerized_downloads_validation","NONE","TRUE","FALSE","FALSE","Historical validation report log backup script or other non-runtime evidence"
"V6/outputs/v5_4_dockerized_downloads_validation/v5_4_closure_summary.md","v5_4_closure_summary.md","md","10324","0.009846","EVIDENCE_ARTIFACT","v5_4_dockerized_downloads_validation","NONE","TRUE","FALSE","FALSE","Historical validation report log backup script or other non-runtime evidence"
"V6/outputs/v5_4_dockerized_downloads_validation/v5_4_container_export_dependency_check.csv","v5_4_container_export_dependency_check.csv","csv","1228","0.001171","EVIDENCE_ARTIFACT","v5_4_dockerized_downloads_validation","NONE","TRUE","FALSE","FALSE","Historical validation report log backup script or other non-runtime evidence"
"V6/outputs/v5_4_dockerized_downloads_validation/v5_4_download_implementation_audit.csv","v5_4_download_implementation_audit.csv","csv","2104","0.002007","EVIDENCE_ARTIFACT","v5_4_dockerized_downloads_validation","NONE","TRUE","FALSE","FALSE","Historical validation report log backup script or other non-runtime evidence"
"V6/outputs/v5_4_dockerized_downloads_validation/v5_4_download_implementation_report.md","v5_4_download_implementation_report.md","md","2666","0.002542","EVIDENCE_ARTIFACT","v5_4_dockerized_downloads_validation","NONE","TRUE","FALSE","FALSE","Historical validation report log backup script or other non-runtime evidence"
"V6/outputs/v5_4_dockerized_downloads_validation/v5_4_download_test_strategy.md","v5_4_download_test_strategy.md","md","2340","0.002232","EVIDENCE_ARTIFACT","v5_4_dockerized_downloads_validation","NONE","TRUE","FALSE","FALSE","Historical validation report log backup script or other non-runtime evidence"
"V6/outputs/v5_4_dockerized_downloads_validation/v5_4_explanation_downloads_validation.csv","v5_4_explanation_downloads_validation.csv","csv","1192","0.001137","CONTRACT_SPEC","v5_4_dockerized_downloads_validation","NONE","FALSE","TRUE","FALSE","Defines scope behavior schema policy or plan; not runtime data"
"V6/outputs/v5_4_dockerized_downloads_validation/v5_4_failure_remediation_log.csv","v5_4_failure_remediation_log.csv","csv","1323","0.001262","EVIDENCE_ARTIFACT","v5_4_dockerized_downloads_validation","NONE","TRUE","FALSE","FALSE","Historical validation report log backup script or other non-runtime evidence"
"V6/outputs/v5_4_dockerized_downloads_validation/v5_4_governed_downloads_validation.csv","v5_4_governed_downloads_validation.csv","csv","1239","0.001182","EVIDENCE_ARTIFACT","v5_4_dockerized_downloads_validation","NONE","TRUE","FALSE","FALSE","Historical validation report log backup script or other non-runtime evidence"
"V6/outputs/v5_4_dockerized_downloads_validation/v5_4_immutability_check.csv","v5_4_immutability_check.csv","csv","1042","0.000994","EVIDENCE_ARTIFACT","v5_4_dockerized_downloads_validation","NONE","TRUE","FALSE","FALSE","Historical validation report log backup script or other non-runtime evidence"
"V6/outputs/v5_4_dockerized_downloads_validation/v5_4_preflight_check.csv","v5_4_preflight_check.csv","csv","1788","0.001705","EVIDENCE_ARTIFACT","v5_4_dockerized_downloads_validation","NONE","TRUE","FALSE","FALSE","Historical validation report log backup script or other non-runtime evidence"
"V6/outputs/v5_4_dockerized_downloads_validation/v5_4_readonly_download_impact.csv","v5_4_readonly_download_impact.csv","csv","740","0.000706","EVIDENCE_ARTIFACT","v5_4_dockerized_downloads_validation","NONE","TRUE","FALSE","FALSE","Historical validation report log backup script or other non-runtime evidence"
"V6/outputs/v5_4_dockerized_downloads_validation/v5_4_risk_register.csv","v5_4_risk_register.csv","csv","2059","0.001964","EVIDENCE_ARTIFACT","v5_4_dockerized_downloads_validation","NONE","TRUE","FALSE","FALSE","Historical validation report log backup script or other non-runtime evidence"
"V6/outputs/v5_4_dockerized_downloads_validation/v5_4_smoke_test_results.csv","v5_4_smoke_test_results.csv","csv","872","0.000832","EVIDENCE_ARTIFACT","v5_4_dockerized_downloads_validation","NONE","TRUE","FALSE","FALSE","Historical validation report log backup script or other non-runtime evidence"
"V6/outputs/v5_4_dockerized_downloads_validation/v5_4_validation.csv","v5_4_validation.csv","csv","1967","0.001876","EVIDENCE_ARTIFACT","v5_4_dockerized_downloads_validation","NONE","TRUE","FALSE","FALSE","Historical validation report log backup script or other non-runtime evidence"
"V6/outputs/v5_5_refresh_service_validate/logs/v5_5_compose_config.log","v5_5_compose_config.log","log","1031","0.000983","EVIDENCE_ARTIFACT","v5_5_refresh_service_validate","NONE","TRUE","FALSE","FALSE","Historical validation report log backup script or other non-runtime evidence"
"V6/outputs/v5_5_refresh_service_validate/logs/v5_5_dashboard_regression_smoke.log","v5_5_dashboard_regression_smoke.log","log","1320","0.001259","EVIDENCE_ARTIFACT","v5_5_refresh_service_validate","NONE","TRUE","FALSE","FALSE","Historical validation report log backup script or other non-runtime evidence"
"V6/outputs/v5_5_refresh_service_validate/logs/v5_5_mutation_guard_check.log","v5_5_mutation_guard_check.log","log","191","0.000182","EVIDENCE_ARTIFACT","v5_5_refresh_service_validate","NONE","TRUE","FALSE","FALSE","Historical validation report log backup script or other non-runtime evidence"
"V6/outputs/v5_5_refresh_service_validate/logs/v5_5_refresh_image_build.log","v5_5_refresh_image_build.log","log","4461","0.004254","EVIDENCE_ARTIFACT","v5_5_refresh_service_validate","NONE","TRUE","FALSE","FALSE","Historical validation report log backup script or other non-runtime evidence"
"V6/outputs/v5_5_refresh_service_validate/logs/v5_5_refresh_validate_run.log","v5_5_refresh_validate_run.log","log","1273","0.001214","EVIDENCE_ARTIFACT","v5_5_refresh_service_validate","NONE","TRUE","FALSE","FALSE","Historical validation report log backup script or other non-runtime evidence"
"V6/outputs/v5_5_refresh_service_validate/v5_5_closure_summary.md","v5_5_closure_summary.md","md","11160","0.010643","EVIDENCE_ARTIFACT","v5_5_refresh_service_validate","NONE","TRUE","FALSE","FALSE","Historical validation report log backup script or other non-runtime evidence"
"V6/outputs/v5_5_refresh_service_validate/v5_5_compose_config_check.csv","v5_5_compose_config_check.csv","csv","1432","0.001366","EVIDENCE_ARTIFACT","v5_5_refresh_service_validate","NONE","TRUE","FALSE","FALSE","Historical validation report log backup script or other non-runtime evidence"
"V6/outputs/v5_5_refresh_service_validate/v5_5_compose_refresh_service_report.md","v5_5_compose_refresh_service_report.md","md","1585","0.001512","EVIDENCE_ARTIFACT","v5_5_refresh_service_validate","NONE","TRUE","FALSE","FALSE","Historical validation report log backup script or other non-runtime evidence"
"V6/outputs/v5_5_refresh_service_validate/v5_5_dashboard_regression_smoke.csv","v5_5_dashboard_regression_smoke.csv","csv","872","0.000832","EVIDENCE_ARTIFACT","v5_5_refresh_service_validate","NONE","TRUE","FALSE","FALSE","Historical validation report log backup script or other non-runtime evidence"
"V6/outputs/v5_5_refresh_service_validate/v5_5_local_usage_notes.md","v5_5_local_usage_notes.md","md","1472","0.001404","EVIDENCE_ARTIFACT","v5_5_refresh_service_validate","NONE","TRUE","FALSE","FALSE","Historical validation report log backup script or other non-runtime evidence"
"V6/outputs/v5_5_refresh_service_validate/v5_5_mutation_guard_check.csv","v5_5_mutation_guard_check.csv","csv","1236","0.001179","EVIDENCE_ARTIFACT","v5_5_refresh_service_validate","NONE","TRUE","FALSE","FALSE","Historical validation report log backup script or other non-runtime evidence"
"V6/outputs/v5_5_refresh_service_validate/v5_5_preflight_check.csv","v5_5_preflight_check.csv","csv","1862","0.001776","EVIDENCE_ARTIFACT","v5_5_refresh_service_validate","NONE","TRUE","FALSE","FALSE","Historical validation report log backup script or other non-runtime evidence"
"V6/outputs/v5_5_refresh_service_validate/v5_5_refresh_code_audit_report.md","v5_5_refresh_code_audit_report.md","md","2711","0.002585","EVIDENCE_ARTIFACT","v5_5_refresh_service_validate","NONE","TRUE","FALSE","FALSE","Historical validation report log backup script or other non-runtime evidence"
"V6/outputs/v5_5_refresh_service_validate/v5_5_refresh_code_audit.csv","v5_5_refresh_code_audit.csv","csv","3035","0.002894","EVIDENCE_ARTIFACT","v5_5_refresh_service_validate","NONE","TRUE","FALSE","FALSE","Historical validation report log backup script or other non-runtime evidence"
"V6/outputs/v5_5_refresh_service_validate/v5_5_refresh_image_build_report.md","v5_5_refresh_image_build_report.md","md","1083","0.001033","EVIDENCE_ARTIFACT","v5_5_refresh_service_validate","NONE","TRUE","FALSE","FALSE","Historical validation report log backup script or other non-runtime evidence"
"V6/outputs/v5_5_refresh_service_validate/v5_5_refresh_image_inspection.csv","v5_5_refresh_image_inspection.csv","csv","949","0.000905","CONTRACT_SPEC","v5_5_refresh_service_validate","NONE","FALSE","TRUE","FALSE","Defines scope behavior schema policy or plan; not runtime data"
"V6/outputs/v5_5_refresh_service_validate/v5_5_refresh_image_strategy.md","v5_5_refresh_image_strategy.md","md","1861","0.001775","EVIDENCE_ARTIFACT","v5_5_refresh_service_validate","NONE","TRUE","FALSE","FALSE","Historical validation report log backup script or other non-runtime evidence"
"V6/outputs/v5_5_refresh_service_validate/v5_5_refresh_real_gating.md","v5_5_refresh_real_gating.md","md","1762","0.00168","EVIDENCE_ARTIFACT","v5_5_refresh_service_validate","NONE","TRUE","FALSE","FALSE","Historical validation report log backup script or other non-runtime evidence"
"V6/outputs/v5_5_refresh_service_validate/v5_5_refresh_validate_output.md","v5_5_refresh_validate_output.md","md","1729","0.001649","EVIDENCE_ARTIFACT","v5_5_refresh_service_validate","NONE","TRUE","FALSE","FALSE","Historical validation report log backup script or other non-runtime evidence"
"V6/outputs/v5_5_refresh_service_validate/v5_5_refresh_validate_report.json","v5_5_refresh_validate_report.json","json","2947","0.00281","EVIDENCE_ARTIFACT","v5_5_refresh_service_validate","NONE","TRUE","FALSE","FALSE","Historical validation report log backup script or other non-runtime evidence"
"V6/outputs/v5_5_refresh_service_validate/v5_5_refresh_validate_run.csv","v5_5_refresh_validate_run.csv","csv","1509","0.001439","EVIDENCE_ARTIFACT","v5_5_refresh_service_validate","NONE","TRUE","FALSE","FALSE","Historical validation report log backup script or other non-runtime evidence"
"V6/outputs/v5_5_refresh_service_validate/v5_5_risk_register.csv","v5_5_risk_register.csv","csv","2024","0.00193","EVIDENCE_ARTIFACT","v5_5_refresh_service_validate","NONE","TRUE","FALSE","FALSE","Historical validation report log backup script or other non-runtime evidence"
"V6/outputs/v5_5_refresh_service_validate/v5_5_safe_refresh_command_check.csv","v5_5_safe_refresh_command_check.csv","csv","1180","0.001125","EVIDENCE_ARTIFACT","v5_5_refresh_service_validate","NONE","TRUE","FALSE","FALSE","Historical validation report log backup script or other non-runtime evidence"
"V6/outputs/v5_5_refresh_service_validate/v5_5_safe_refresh_command_decision.md","v5_5_safe_refresh_command_decision.md","md","1847","0.001761","CONTRACT_SPEC","v5_5_refresh_service_validate","NONE","FALSE","TRUE","FALSE","Defines scope behavior schema policy or plan; not runtime data"
"V6/outputs/v5_5_refresh_service_validate/v5_5_validation.csv","v5_5_validation.csv","csv","1906","0.001818","EVIDENCE_ARTIFACT","v5_5_refresh_service_validate","NONE","TRUE","FALSE","FALSE","Historical validation report log backup script or other non-runtime evidence"
"V6/outputs/v5_7_docker_runbook_docs/logs/v5_7_dashboard_regression_smoke.log","v5_7_dashboard_regression_smoke.log","log","1315","0.001254","EVIDENCE_ARTIFACT","v5_7_docker_runbook_docs","NONE","TRUE","FALSE","FALSE","Historical validation report log backup script or other non-runtime evidence"
"V6/outputs/v5_7_docker_runbook_docs/logs/v5_7_documented_commands_validation.log","v5_7_documented_commands_validation.log","log","677","0.000646","EVIDENCE_ARTIFACT","v5_7_docker_runbook_docs","NONE","TRUE","FALSE","FALSE","Historical validation report log backup script or other non-runtime evidence"
"V6/outputs/v5_7_docker_runbook_docs/v5_7_closure_summary.md","v5_7_closure_summary.md","md","9074","0.008654","EVIDENCE_ARTIFACT","v5_7_docker_runbook_docs","NONE","TRUE","FALSE","FALSE","Historical validation report log backup script or other non-runtime evidence"
"V6/outputs/v5_7_docker_runbook_docs/v5_7_dashboard_regression_smoke.csv","v5_7_dashboard_regression_smoke.csv","csv","872","0.000832","EVIDENCE_ARTIFACT","v5_7_docker_runbook_docs","NONE","TRUE","FALSE","FALSE","Historical validation report log backup script or other non-runtime evidence"
"V6/outputs/v5_7_docker_runbook_docs/v5_7_documented_commands_validation.csv","v5_7_documented_commands_validation.csv","csv","1068","0.001019","EVIDENCE_ARTIFACT","v5_7_docker_runbook_docs","NONE","TRUE","FALSE","FALSE","Historical validation report log backup script or other non-runtime evidence"
"V6/outputs/v5_7_docker_runbook_docs/v5_7_immutability_check.csv","v5_7_immutability_check.csv","csv","952","0.000908","EVIDENCE_ARTIFACT","v5_7_docker_runbook_docs","NONE","TRUE","FALSE","FALSE","Historical validation report log backup script or other non-runtime evidence"
"V6/outputs/v5_7_docker_runbook_docs/v5_7_preflight_check.csv","v5_7_preflight_check.csv","csv","1497","0.001428","EVIDENCE_ARTIFACT","v5_7_docker_runbook_docs","NONE","TRUE","FALSE","FALSE","Historical validation report log backup script or other non-runtime evidence"
"V6/outputs/v5_7_docker_runbook_docs/v5_7_risk_register.csv","v5_7_risk_register.csv","csv","1446","0.001379","EVIDENCE_ARTIFACT","v5_7_docker_runbook_docs","NONE","TRUE","FALSE","FALSE","Historical validation report log backup script or other non-runtime evidence"
"V6/outputs/v5_7_docker_runbook_docs/v5_7_validation.csv","v5_7_validation.csv","csv","1892","0.001804","EVIDENCE_ARTIFACT","v5_7_docker_runbook_docs","NONE","TRUE","FALSE","FALSE","Historical validation report log backup script or other non-runtime evidence"
"V6/outputs/v5_8_final_docker_closure/logs/v5_8_compose_final_validation.log","v5_8_compose_final_validation.log","log","201","0.000192","EVIDENCE_ARTIFACT","v5_8_final_docker_closure","NONE","TRUE","FALSE","FALSE","Historical validation report log backup script or other non-runtime evidence"
"V6/outputs/v5_8_final_docker_closure/logs/v5_8_dashboard_final_smoke.log","v5_8_dashboard_final_smoke.log","log","1311","0.00125","EVIDENCE_ARTIFACT","v5_8_final_docker_closure","NONE","TRUE","FALSE","FALSE","Historical validation report log backup script or other non-runtime evidence"
"V6/outputs/v5_8_final_docker_closure/logs/v5_8_downloads_final_validation.log","v5_8_downloads_final_validation.log","log","1034","0.000986","EVIDENCE_ARTIFACT","v5_8_final_docker_closure","NONE","TRUE","FALSE","FALSE","Historical validation report log backup script or other non-runtime evidence"
"V6/outputs/v5_8_final_docker_closure/logs/v5_8_mounts_artifacts_final_validation.log","v5_8_mounts_artifacts_final_validation.log","log","103","9.8E-05","EVIDENCE_ARTIFACT","v5_8_final_docker_closure","NONE","TRUE","FALSE","FALSE","Historical validation report log backup script or other non-runtime evidence"
"V6/outputs/v5_8_final_docker_closure/logs/v5_8_refresh_validate_final.log","v5_8_refresh_validate_final.log","log","1215","0.001159","EVIDENCE_ARTIFACT","v5_8_final_docker_closure","NONE","TRUE","FALSE","FALSE","Historical validation report log backup script or other non-runtime evidence"
"V6/outputs/v5_8_final_docker_closure/v5_8_closure_summary.md","v5_8_closure_summary.md","md","9372","0.008938","EVIDENCE_ARTIFACT","v5_8_final_docker_closure","NONE","TRUE","FALSE","FALSE","Historical validation report log backup script or other non-runtime evidence"
"V6/outputs/v5_8_final_docker_closure/v5_8_compose_final_validation.csv","v5_8_compose_final_validation.csv","csv","1030","0.000982","EVIDENCE_ARTIFACT","v5_8_final_docker_closure","NONE","TRUE","FALSE","FALSE","Historical validation report log backup script or other non-runtime evidence"
"V6/outputs/v5_8_final_docker_closure/v5_8_dashboard_final_smoke.csv","v5_8_dashboard_final_smoke.csv","csv","872","0.000832","EVIDENCE_ARTIFACT","v5_8_final_docker_closure","NONE","TRUE","FALSE","FALSE","Historical validation report log backup script or other non-runtime evidence"
"V6/outputs/v5_8_final_docker_closure/v5_8_documentation_final_validation.csv","v5_8_documentation_final_validation.csv","csv","682","0.00065","EVIDENCE_ARTIFACT","v5_8_final_docker_closure","NONE","TRUE","FALSE","FALSE","Historical validation report log backup script or other non-runtime evidence"
"V6/outputs/v5_8_final_docker_closure/v5_8_downloads_final_validation.csv","v5_8_downloads_final_validation.csv","csv","942","0.000898","EVIDENCE_ARTIFACT","v5_8_final_docker_closure","NONE","TRUE","FALSE","FALSE","Historical validation report log backup script or other non-runtime evidence"
"V6/outputs/v5_8_final_docker_closure/v5_8_final_closure_report.md","v5_8_final_closure_report.md","md","5248","0.005005","EVIDENCE_ARTIFACT","v5_8_final_docker_closure","NONE","TRUE","FALSE","FALSE","Historical validation report log backup script or other non-runtime evidence"
"V6/outputs/v5_8_final_docker_closure/v5_8_final_risk_register.csv","v5_8_final_risk_register.csv","csv","1620","0.001545","EVIDENCE_ARTIFACT","v5_8_final_docker_closure","NONE","TRUE","FALSE","FALSE","Historical validation report log backup script or other non-runtime evidence"
"V6/outputs/v5_8_final_docker_closure/v5_8_governance_final_validation.csv","v5_8_governance_final_validation.csv","csv","1095","0.001044","EVIDENCE_ARTIFACT","v5_8_final_docker_closure","NONE","TRUE","FALSE","FALSE","Historical validation report log backup script or other non-runtime evidence"
"V6/outputs/v5_8_final_docker_closure/v5_8_immutability_final_check.csv","v5_8_immutability_final_check.csv","csv","1138","0.001085","EVIDENCE_ARTIFACT","v5_8_final_docker_closure","NONE","TRUE","FALSE","FALSE","Historical validation report log backup script or other non-runtime evidence"
"V6/outputs/v5_8_final_docker_closure/v5_8_mounts_artifacts_final_validation.csv","v5_8_mounts_artifacts_final_validation.csv","csv","806","0.000769","EVIDENCE_ARTIFACT","v5_8_final_docker_closure","NONE","TRUE","FALSE","FALSE","Historical validation report log backup script or other non-runtime evidence"
"V6/outputs/v5_8_final_docker_closure/v5_8_preflight_check.csv","v5_8_preflight_check.csv","csv","1563","0.001491","EVIDENCE_ARTIFACT","v5_8_final_docker_closure","NONE","TRUE","FALSE","FALSE","Historical validation report log backup script or other non-runtime evidence"
"V6/outputs/v5_8_final_docker_closure/v5_8_refresh_validate_final.csv","v5_8_refresh_validate_final.csv","csv","954","0.00091","EVIDENCE_ARTIFACT","v5_8_final_docker_closure","NONE","TRUE","FALSE","FALSE","Historical validation report log backup script or other non-runtime evidence"
"V6/outputs/v5_8_final_docker_closure/v5_8_validation.csv","v5_8_validation.csv","csv","1679","0.001601","EVIDENCE_ARTIFACT","v5_8_final_docker_closure","NONE","TRUE","FALSE","FALSE","Historical validation report log backup script or other non-runtime evidence"
"V6/outputs/v6_0a_baseline_clone/logs/v6_0a_shiny_stderr.log","v6_0a_shiny_stderr.log","log","1029","0.000981","EVIDENCE_ARTIFACT","v6_0a_baseline_clone","NONE","TRUE","FALSE","FALSE","Historical validation report log backup script or other non-runtime evidence"
"V6/outputs/v6_0a_baseline_clone/logs/v6_0a_shiny_stdout.log","v6_0a_shiny_stdout.log","log","0","0","EVIDENCE_ARTIFACT","v6_0a_baseline_clone","NONE","TRUE","FALSE","FALSE","Historical validation report log backup script or other non-runtime evidence"
"V6/outputs/v6_0a_baseline_clone/v6_0a_clone_report.md","v6_0a_clone_report.md","md","2561","0.002442","EVIDENCE_ARTIFACT","v6_0a_baseline_clone","NONE","TRUE","FALSE","FALSE","Historical validation report log backup script or other non-runtime evidence"
"V6/outputs/v6_0a_baseline_clone/v6_0a_closure_summary.md","v6_0a_closure_summary.md","md","4694","0.004477","EVIDENCE_ARTIFACT","v6_0a_baseline_clone","NONE","TRUE","FALSE","FALSE","Historical validation report log backup script or other non-runtime evidence"
"V6/outputs/v6_0a_baseline_clone/v6_0a_dashboard_smoke_check.csv","v6_0a_dashboard_smoke_check.csv","csv","653","0.000623","EVIDENCE_ARTIFACT","v6_0a_baseline_clone","NONE","TRUE","FALSE","FALSE","Historical validation report log backup script or other non-runtime evidence"
"V6/outputs/v6_0a_baseline_clone/v6_0a_invariants_check.csv","v6_0a_invariants_check.csv","csv","545","0.00052","EVIDENCE_ARTIFACT","v6_0a_baseline_clone","NONE","TRUE","FALSE","FALSE","Historical validation report log backup script or other non-runtime evidence"
"V6/outputs/v6_0a_baseline_clone/v6_0a_parity_check.csv","v6_0a_parity_check.csv","csv","665","0.000634","EVIDENCE_ARTIFACT","v6_0a_baseline_clone","NONE","TRUE","FALSE","FALSE","Historical validation report log backup script or other non-runtime evidence"
"V6/outputs/v6_0a_baseline_clone/v6_0a_preflight_check.csv","v6_0a_preflight_check.csv","csv","598","0.00057","EVIDENCE_ARTIFACT","v6_0a_baseline_clone","NONE","TRUE","FALSE","FALSE","Historical validation report log backup script or other non-runtime evidence"
"V6/outputs/v6_0a_baseline_clone/v6_0a_root_marker_check.csv","v6_0a_root_marker_check.csv","csv","799","0.000762","EVIDENCE_ARTIFACT","v6_0a_baseline_clone","NONE","TRUE","FALSE","FALSE","Historical validation report log backup script or other non-runtime evidence"
"V6/outputs/v6_0a_baseline_clone/v6_0a_validation.csv","v6_0a_validation.csv","csv","1087","0.001037","EVIDENCE_ARTIFACT","v6_0a_baseline_clone","NONE","TRUE","FALSE","FALSE","Historical validation report log backup script or other non-runtime evidence"
"V6/outputs/v6_0b_azure_readiness/v6_0b_architecture_decision.md","v6_0b_architecture_decision.md","md","4652","0.004436","CONTRACT_SPEC","v6_0b_azure_readiness","NONE","FALSE","TRUE","FALSE","Defines scope behavior schema policy or plan; not runtime data"
"V6/outputs/v6_0b_azure_readiness/v6_0b_auth_strategy_options.md","v6_0b_auth_strategy_options.md","md","2015","0.001922","EVIDENCE_ARTIFACT","v6_0b_azure_readiness","NONE","TRUE","FALSE","FALSE","Historical validation report log backup script or other non-runtime evidence"
"V6/outputs/v6_0b_azure_readiness/v6_0b_azure_target_options.csv","v6_0b_azure_target_options.csv","csv","1069","0.001019","EVIDENCE_ARTIFACT","v6_0b_azure_readiness","NONE","TRUE","FALSE","FALSE","Historical validation report log backup script or other non-runtime evidence"
"V6/outputs/v6_0b_azure_readiness/v6_0b_closure_summary.md","v6_0b_closure_summary.md","md","8696","0.008293","EVIDENCE_ARTIFACT","v6_0b_azure_readiness","NONE","TRUE","FALSE","FALSE","Historical validation report log backup script or other non-runtime evidence"
"V6/outputs/v6_0b_azure_readiness/v6_0b_cost_risk_assessment.csv","v6_0b_cost_risk_assessment.csv","csv","1329","0.001267","EVIDENCE_ARTIFACT","v6_0b_azure_readiness","NONE","TRUE","FALSE","FALSE","Historical validation report log backup script or other non-runtime evidence"
"V6/outputs/v6_0b_azure_readiness/v6_0b_governance_invariants_check.csv","v6_0b_governance_invariants_check.csv","csv","1257","0.001199","EVIDENCE_ARTIFACT","v6_0b_azure_readiness","NONE","TRUE","FALSE","FALSE","Historical validation report log backup script or other non-runtime evidence"
"V6/outputs/v6_0b_azure_readiness/v6_0b_identity_rbac_keyvault_plan.md","v6_0b_identity_rbac_keyvault_plan.md","md","2097","0.002","CONTRACT_SPEC","v6_0b_azure_readiness","NONE","FALSE","TRUE","FALSE","Defines scope behavior schema policy or plan; not runtime data"
"V6/outputs/v6_0b_azure_readiness/v6_0b_networking_requirements.md","v6_0b_networking_requirements.md","md","1721","0.001641","EVIDENCE_ARTIFACT","v6_0b_azure_readiness","NONE","TRUE","FALSE","FALSE","Historical validation report log backup script or other non-runtime evidence"
"V6/outputs/v6_0b_azure_readiness/v6_0b_permissions_checklist.md","v6_0b_permissions_checklist.md","md","1753","0.001672","EVIDENCE_ARTIFACT","v6_0b_azure_readiness","NONE","TRUE","FALSE","FALSE","Historical validation report log backup script or other non-runtime evidence"
"V6/outputs/v6_0b_azure_readiness/v6_0b_registry_strategy.md","v6_0b_registry_strategy.md","md","1321","0.00126","EVIDENCE_ARTIFACT","v6_0b_azure_readiness","NONE","TRUE","FALSE","FALSE","Historical validation report log backup script or other non-runtime evidence"
"V6/outputs/v6_0b_azure_readiness/v6_0b_security_risk_register.csv","v6_0b_security_risk_register.csv","csv","1788","0.001705","EVIDENCE_ARTIFACT","v6_0b_azure_readiness","NONE","TRUE","FALSE","FALSE","Historical validation report log backup script or other non-runtime evidence"
"V6/outputs/v6_0b_azure_readiness/v6_0b_storage_strategy.md","v6_0b_storage_strategy.md","md","2103","0.002006","EVIDENCE_ARTIFACT","v6_0b_azure_readiness","NONE","TRUE","FALSE","FALSE","Historical validation report log backup script or other non-runtime evidence"
"V6/outputs/v6_0b_azure_readiness/v6_0b_track_gate_plan.md","v6_0b_track_gate_plan.md","md","1800","0.001717","CONTRACT_SPEC","v6_0b_azure_readiness","NONE","FALSE","TRUE","FALSE","Defines scope behavior schema policy or plan; not runtime data"
"V6/outputs/v6_0b_azure_readiness/v6_0b_validation.csv","v6_0b_validation.csv","csv","1438","0.001371","EVIDENCE_ARTIFACT","v6_0b_azure_readiness","NONE","TRUE","FALSE","FALSE","Historical validation report log backup script or other non-runtime evidence"
"V6/outputs/v6_0c_multi_metric_scope_diagnosis/hdd_baseline_freeze.csv","hdd_baseline_freeze.csv","csv","4683","0.004466","EVIDENCE_ARTIFACT","v6_0c_multi_metric_scope_diagnosis","NONE","TRUE","FALSE","FALSE","Historical validation report log backup script or other non-runtime evidence"
"V6/outputs/v6_0c_multi_metric_scope_diagnosis/metric_unit_contract.csv","metric_unit_contract.csv","csv","1944","0.001854","CONTRACT_SPEC","v6_0c_multi_metric_scope_diagnosis","NONE","FALSE","TRUE","FALSE","Defines scope behavior schema policy or plan; not runtime data"
"V6/outputs/v6_0c_multi_metric_scope_diagnosis/v6_0c_closure_summary.md","v6_0c_closure_summary.md","md","3189","0.003041","EVIDENCE_ARTIFACT","v6_0c_multi_metric_scope_diagnosis","NONE","TRUE","FALSE","FALSE","Historical validation report log backup script or other non-runtime evidence"
"V6/outputs/v6_0c_multi_metric_scope_diagnosis/v6_0c_computability_matrix.csv","v6_0c_computability_matrix.csv","csv","2940","0.002804","EVIDENCE_ARTIFACT","v6_0c_multi_metric_scope_diagnosis","NONE","TRUE","FALSE","FALSE","Historical validation report log backup script or other non-runtime evidence"
"V6/outputs/v6_0c_multi_metric_scope_diagnosis/v6_0c_current_pipeline_defect_report.md","v6_0c_current_pipeline_defect_report.md","md","6452","0.006153","EVIDENCE_ARTIFACT","v6_0c_multi_metric_scope_diagnosis","NONE","TRUE","FALSE","FALSE","Historical validation report log backup script or other non-runtime evidence"
"V6/outputs/v6_0c_multi_metric_scope_diagnosis/v6_0c_metric_coverage_matrix.csv","v6_0c_metric_coverage_matrix.csv","csv","2293","0.002187","EVIDENCE_ARTIFACT","v6_0c_multi_metric_scope_diagnosis","NONE","TRUE","FALSE","FALSE","Historical validation report log backup script or other non-runtime evidence"
"V6/outputs/v6_0c_multi_metric_scope_diagnosis/v6_0c_open_questions.csv","v6_0c_open_questions.csv","csv","3588","0.003422","EVIDENCE_ARTIFACT","v6_0c_multi_metric_scope_diagnosis","NONE","TRUE","FALSE","FALSE","Historical validation report log backup script or other non-runtime evidence"
"V6/outputs/v6_0c_multi_metric_scope_diagnosis/v6_0c_source_inventory.csv","v6_0c_source_inventory.csv","csv","5037","0.004804","EVIDENCE_ARTIFACT","v6_0c_multi_metric_scope_diagnosis","NONE","TRUE","FALSE","FALSE","Historical validation report log backup script or other non-runtime evidence"
"V6/outputs/v6_0c_multi_metric_scope_diagnosis/v6_0c_stage_map_update.md","v6_0c_stage_map_update.md","md","2811","0.002681","EVIDENCE_ARTIFACT","v6_0c_multi_metric_scope_diagnosis","NONE","TRUE","FALSE","FALSE","Historical validation report log backup script or other non-runtime evidence"
"V6/outputs/v6_0c_multi_metric_scope_diagnosis/v6_0c_validation.csv","v6_0c_validation.csv","csv","3213","0.003064","EVIDENCE_ARTIFACT","v6_0c_multi_metric_scope_diagnosis","NONE","TRUE","FALSE","FALSE","Historical validation report log backup script or other non-runtime evidence"
"V6/outputs/v6_0d_canonical_multi_metric_contract/boon_preliminary_response_draft.md","boon_preliminary_response_draft.md","md","2396","0.002285","EVIDENCE_ARTIFACT","v6_0d_canonical_multi_metric_contract","NONE","TRUE","FALSE","FALSE","Historical validation report log backup script or other non-runtime evidence"
"V6/outputs/v6_0d_canonical_multi_metric_contract/canonical_metric_columns.csv","canonical_metric_columns.csv","csv","9650","0.009203","EVIDENCE_ARTIFACT","v6_0d_canonical_multi_metric_contract","NONE","TRUE","FALSE","FALSE","Historical validation report log backup script or other non-runtime evidence"
"V6/outputs/v6_0d_canonical_multi_metric_contract/canonical_metric_contract.md","canonical_metric_contract.md","md","6451","0.006152","CONTRACT_SPEC","v6_0d_canonical_multi_metric_contract","NONE","FALSE","TRUE","FALSE","Defines scope behavior schema policy or plan; not runtime data"
"V6/outputs/v6_0d_canonical_multi_metric_contract/computability_and_availability_contract.md","computability_and_availability_contract.md","md","4481","0.004273","CONTRACT_SPEC","v6_0d_canonical_multi_metric_contract","NONE","FALSE","TRUE","FALSE","Defines scope behavior schema policy or plan; not runtime data"
"V6/outputs/v6_0d_canonical_multi_metric_contract/computability_and_availability_values.csv","computability_and_availability_values.csv","csv","4612","0.004398","EVIDENCE_ARTIFACT","v6_0d_canonical_multi_metric_contract","NONE","TRUE","FALSE","FALSE","Historical validation report log backup script or other non-runtime evidence"
"V6/outputs/v6_0d_canonical_multi_metric_contract/llm_assistant_grounding_contract.md","llm_assistant_grounding_contract.md","md","6590","0.006285","CONTRACT_SPEC","v6_0d_canonical_multi_metric_contract","NONE","FALSE","TRUE","FALSE","Defines scope behavior schema policy or plan; not runtime data"
"V6/outputs/v6_0d_canonical_multi_metric_contract/metric_lineage_contract.md","metric_lineage_contract.md","md","3483","0.003322","CONTRACT_SPEC","v6_0d_canonical_multi_metric_contract","NONE","FALSE","TRUE","FALSE","Defines scope behavior schema policy or plan; not runtime data"
"V6/outputs/v6_0d_canonical_multi_metric_contract/metric_unit_contract_v6_0d.csv","metric_unit_contract_v6_0d.csv","csv","2184","0.002083","CONTRACT_SPEC","v6_0d_canonical_multi_metric_contract","NONE","FALSE","TRUE","FALSE","Defines scope behavior schema policy or plan; not runtime data"
"V6/outputs/v6_0d_canonical_multi_metric_contract/official_artifact_contracts.csv","official_artifact_contracts.csv","csv","3090","0.002947","CONTRACT_SPEC","v6_0d_canonical_multi_metric_contract","NONE","FALSE","TRUE","FALSE","Defines scope behavior schema policy or plan; not runtime data"
"V6/outputs/v6_0d_canonical_multi_metric_contract/official_artifact_contracts.md","official_artifact_contracts.md","md","6273","0.005982","CONTRACT_SPEC","v6_0d_canonical_multi_metric_contract","NONE","FALSE","TRUE","FALSE","Defines scope behavior schema policy or plan; not runtime data"
"V6/outputs/v6_0d_canonical_multi_metric_contract/shiny_filter_contract.csv","shiny_filter_contract.csv","csv","1689","0.001611","CONTRACT_SPEC","v6_0d_canonical_multi_metric_contract","NONE","FALSE","TRUE","FALSE","Defines scope behavior schema policy or plan; not runtime data"
"V6/outputs/v6_0d_canonical_multi_metric_contract/v6_0d_closure_summary.md","v6_0d_closure_summary.md","md","5046","0.004812","EVIDENCE_ARTIFACT","v6_0d_canonical_multi_metric_contract","NONE","TRUE","FALSE","FALSE","Historical validation report log backup script or other non-runtime evidence"
"V6/outputs/v6_0d_canonical_multi_metric_contract/v6_0d_marker_update_plan.md","v6_0d_marker_update_plan.md","md","2252","0.002148","CONTRACT_SPEC","v6_0d_canonical_multi_metric_contract","NONE","FALSE","TRUE","FALSE","Defines scope behavior schema policy or plan; not runtime data"
"V6/outputs/v6_0d_canonical_multi_metric_contract/v6_0d_required_tests_for_v6_0e.csv","v6_0d_required_tests_for_v6_0e.csv","csv","7324","0.006985","EVIDENCE_ARTIFACT","v6_0d_canonical_multi_metric_contract","NONE","TRUE","FALSE","FALSE","Historical validation report log backup script or other non-runtime evidence"
"V6/outputs/v6_0d_canonical_multi_metric_contract/v6_0d_validation.csv","v6_0d_validation.csv","csv","5039","0.004806","EVIDENCE_ARTIFACT","v6_0d_canonical_multi_metric_contract","NONE","TRUE","FALSE","FALSE","Historical validation report log backup script or other non-runtime evidence"
"V6/outputs/v6_0e_multi_metric_artifact_builder/boon_preliminary_response_v6_0e.md","boon_preliminary_response_v6_0e.md","md","2375","0.002265","EVIDENCE_ARTIFACT","v6_0e_multi_metric_artifact_builder","NONE","TRUE","FALSE","FALSE","Historical validation report log backup script or other non-runtime evidence"
"V6/outputs/v6_0e_multi_metric_artifact_builder/v6_0e_artifact_manifest.csv","v6_0e_artifact_manifest.csv","csv","2505","0.002389","EVIDENCE_ARTIFACT","v6_0e_multi_metric_artifact_builder","NONE","TRUE","FALSE","FALSE","Historical validation report log backup script or other non-runtime evidence"
"V6/outputs/v6_0e_multi_metric_artifact_builder/v6_0e_assistant_preservation_validation.csv","v6_0e_assistant_preservation_validation.csv","csv","800","0.000763","EVIDENCE_ARTIFACT","v6_0e_multi_metric_artifact_builder","NONE","TRUE","FALSE","FALSE","Historical validation report log backup script or other non-runtime evidence"
"V6/outputs/v6_0e_multi_metric_artifact_builder/v6_0e_closure_summary.md","v6_0e_closure_summary.md","md","3877","0.003697","EVIDENCE_ARTIFACT","v6_0e_multi_metric_artifact_builder","NONE","TRUE","FALSE","FALSE","Historical validation report log backup script or other non-runtime evidence"
"V6/outputs/v6_0e_multi_metric_artifact_builder/v6_0e_legacy_freeze_validation.csv","v6_0e_legacy_freeze_validation.csv","csv","3116","0.002972","EVIDENCE_ARTIFACT","v6_0e_multi_metric_artifact_builder","NONE","TRUE","FALSE","FALSE","Historical validation report log backup script or other non-runtime evidence"
"V6/outputs/v6_0e_multi_metric_artifact_builder/v6_0e_test_results.csv","v6_0e_test_results.csv","csv","4596","0.004383","EVIDENCE_ARTIFACT","v6_0e_multi_metric_artifact_builder","NONE","TRUE","FALSE","FALSE","Historical validation report log backup script or other non-runtime evidence"
"V6/outputs/v6_0e_multi_metric_artifact_builder/v6_0e_validation.csv","v6_0e_validation.csv","csv","3725","0.003552","EVIDENCE_ARTIFACT","v6_0e_multi_metric_artifact_builder","NONE","TRUE","FALSE","FALSE","Historical validation report log backup script or other non-runtime evidence"
"V6/outputs/v6_0e_multi_metric_artifact_builder/v6_0f_shiny_integration_requirements.md","v6_0f_shiny_integration_requirements.md","md","5589","0.00533","EVIDENCE_ARTIFACT","v6_0e_multi_metric_artifact_builder","NONE","TRUE","FALSE","FALSE","Historical validation report log backup script or other non-runtime evidence"
"V6/outputs/v6_0f_r1_tesseract_metric_inventory/local_artifact_gap_analysis.csv","local_artifact_gap_analysis.csv","csv","3717","0.003545","EVIDENCE_ARTIFACT","v6_0f_r1_tesseract_metric_inventory","NONE","TRUE","FALSE","FALSE","Historical validation report log backup script or other non-runtime evidence"
"V6/outputs/v6_0f_r1_tesseract_metric_inventory/namprd07_presence_by_table.csv","namprd07_presence_by_table.csv","csv","1092","0.001041","EVIDENCE_ARTIFACT","v6_0f_r1_tesseract_metric_inventory","NONE","TRUE","FALSE","FALSE","Historical validation report log backup script or other non-runtime evidence"
"V6/outputs/v6_0f_r1_tesseract_metric_inventory/recommended_shiny_correction_plan.md","recommended_shiny_correction_plan.md","md","5713","0.005448","CONTRACT_SPEC","v6_0f_r1_tesseract_metric_inventory","NONE","FALSE","TRUE","FALSE","Defines scope behavior schema policy or plan; not runtime data"
"V6/outputs/v6_0f_r1_tesseract_metric_inventory/scenario_contract_from_tesseract.csv","scenario_contract_from_tesseract.csv","csv","4993","0.004762","CONTRACT_SPEC","v6_0f_r1_tesseract_metric_inventory","NONE","FALSE","TRUE","FALSE","Defines scope behavior schema policy or plan; not runtime data"
"V6/outputs/v6_0f_r1_tesseract_metric_inventory/source_mapping_from_excel.csv","source_mapping_from_excel.csv","csv","1766","0.001684","EVIDENCE_ARTIFACT","v6_0f_r1_tesseract_metric_inventory","NONE","TRUE","FALSE","FALSE","Historical validation report log backup script or other non-runtime evidence"
"V6/outputs/v6_0f_r1_tesseract_metric_inventory/tesseract_actual_forecast_views.csv","tesseract_actual_forecast_views.csv","csv","1150","0.001097","EVIDENCE_ARTIFACT","v6_0f_r1_tesseract_metric_inventory","NONE","TRUE","FALSE","FALSE","Historical validation report log backup script or other non-runtime evidence"
"V6/outputs/v6_0f_r1_tesseract_metric_inventory/tesseract_connection_validation.csv","tesseract_connection_validation.csv","csv","253","0.000241","EVIDENCE_ARTIFACT","v6_0f_r1_tesseract_metric_inventory","NONE","TRUE","FALSE","FALSE","Historical validation report log backup script or other non-runtime evidence"
"V6/outputs/v6_0f_r1_tesseract_metric_inventory/tesseract_key_inventory_samples.csv","tesseract_key_inventory_samples.csv","csv","92103","0.087836","EVIDENCE_ARTIFACT","v6_0f_r1_tesseract_metric_inventory","NONE","TRUE","FALSE","FALSE","Historical validation report log backup script or other non-runtime evidence"
"V6/outputs/v6_0f_r1_tesseract_metric_inventory/tesseract_key_inventory_summary.csv","tesseract_key_inventory_summary.csv","csv","2113","0.002015","EVIDENCE_ARTIFACT","v6_0f_r1_tesseract_metric_inventory","NONE","TRUE","FALSE","FALSE","Historical validation report log backup script or other non-runtime evidence"
"V6/outputs/v6_0f_r1_tesseract_metric_inventory/tesseract_related_tables_search.csv","tesseract_related_tables_search.csv","csv","18118","0.017279","EVIDENCE_ARTIFACT","v6_0f_r1_tesseract_metric_inventory","NONE","TRUE","FALSE","FALSE","Historical validation report log backup script or other non-runtime evidence"
"V6/outputs/v6_0f_r1_tesseract_metric_inventory/tesseract_scenario_values.csv","tesseract_scenario_values.csv","csv","4218","0.004023","EVIDENCE_ARTIFACT","v6_0f_r1_tesseract_metric_inventory","NONE","TRUE","FALSE","FALSE","Historical validation report log backup script or other non-runtime evidence"
"V6/outputs/v6_0f_r1_tesseract_metric_inventory/tesseract_table_columns_inventory.csv","tesseract_table_columns_inventory.csv","csv","14765","0.014081","EVIDENCE_ARTIFACT","v6_0f_r1_tesseract_metric_inventory","NONE","TRUE","FALSE","FALSE","Historical validation report log backup script or other non-runtime evidence"
"V6/outputs/v6_0f_r1_tesseract_metric_inventory/tesseract_table_existence.csv","tesseract_table_existence.csv","csv","1038","0.00099","EVIDENCE_ARTIFACT","v6_0f_r1_tesseract_metric_inventory","NONE","TRUE","FALSE","FALSE","Historical validation report log backup script or other non-runtime evidence"
"V6/outputs/v6_0f_r1_tesseract_metric_inventory/tesseract_table_profiles.csv","tesseract_table_profiles.csv","csv","2477","0.002362","EVIDENCE_ARTIFACT","v6_0f_r1_tesseract_metric_inventory","NONE","TRUE","FALSE","FALSE","Historical validation report log backup script or other non-runtime evidence"
"V6/outputs/v6_0f_r1_tesseract_metric_inventory/tesseract_table_row_counts.csv","tesseract_table_row_counts.csv","csv","2277","0.002172","EVIDENCE_ARTIFACT","v6_0f_r1_tesseract_metric_inventory","NONE","TRUE","FALSE","FALSE","Historical validation report log backup script or other non-runtime evidence"
"V6/outputs/v6_0f_r1_tesseract_metric_inventory/v6_0f_r1_closure_summary.md","v6_0f_r1_closure_summary.md","md","3401","0.003243","EVIDENCE_ARTIFACT","v6_0f_r1_tesseract_metric_inventory","NONE","TRUE","FALSE","FALSE","Historical validation report log backup script or other non-runtime evidence"
"V6/outputs/v6_0f_r1_tesseract_metric_inventory/v6_0f_r1_validation.csv","v6_0f_r1_validation.csv","csv","3237","0.003087","EVIDENCE_ARTIFACT","v6_0f_r1_tesseract_metric_inventory","NONE","TRUE","FALSE","FALSE","Historical validation report log backup script or other non-runtime evidence"
"V6/outputs/v6_0f_r1_tesseract_metric_inventory/viewer_forecast_feasibility_by_scenario.csv","viewer_forecast_feasibility_by_scenario.csv","csv","5247","0.005004","EVIDENCE_ARTIFACT","v6_0f_r1_tesseract_metric_inventory","NONE","TRUE","FALSE","FALSE","Historical validation report log backup script or other non-runtime evidence"
"V6/outputs/v6_0f_r2_product_ui_contract/control_cascade_spec.md","control_cascade_spec.md","md","3855","0.003676","CONTRACT_SPEC","v6_0f_r2_product_ui_contract","NONE","FALSE","TRUE","FALSE","Defines scope behavior schema policy or plan; not runtime data"
"V6/outputs/v6_0f_r2_product_ui_contract/forecast_scenario_contract.csv","forecast_scenario_contract.csv","csv","2917","0.002782","CONTRACT_SPEC","v6_0f_r2_product_ui_contract","NONE","FALSE","TRUE","FALSE","Defines scope behavior schema policy or plan; not runtime data"
"V6/outputs/v6_0f_r2_product_ui_contract/metric_scope_register.csv","metric_scope_register.csv","csv","970","0.000925","CONTRACT_SPEC","v6_0f_r2_product_ui_contract","NONE","FALSE","TRUE","FALSE","Defines scope behavior schema policy or plan; not runtime data"
"V6/outputs/v6_0f_r2_product_ui_contract/out_of_scope_notice_copy.md","out_of_scope_notice_copy.md","md","2994","0.002855","CONTRACT_SPEC","v6_0f_r2_product_ui_contract","NONE","FALSE","TRUE","FALSE","Defines scope behavior schema policy or plan; not runtime data"
"V6/outputs/v6_0f_r2_product_ui_contract/remaining_questions_register.csv","remaining_questions_register.csv","csv","2228","0.002125","CONTRACT_SPEC","v6_0f_r2_product_ui_contract","NONE","FALSE","TRUE","FALSE","Defines scope behavior schema policy or plan; not runtime data"
"V6/outputs/v6_0f_r2_product_ui_contract/ui_decision_contract.csv","ui_decision_contract.csv","csv","5445","0.005193","CONTRACT_SPEC","v6_0f_r2_product_ui_contract","NONE","FALSE","TRUE","FALSE","Defines scope behavior schema policy or plan; not runtime data"
"V6/outputs/v6_0f_r2_product_ui_contract/v6_0f_r2_closure_summary.md","v6_0f_r2_closure_summary.md","md","2928","0.002792","EVIDENCE_ARTIFACT","v6_0f_r2_product_ui_contract","NONE","TRUE","FALSE","FALSE","Historical validation report log backup script or other non-runtime evidence"
"V6/outputs/v6_0f_r2_product_ui_contract/v6_0f_r2_validation.csv","v6_0f_r2_validation.csv","csv","2183","0.002082","EVIDENCE_ARTIFACT","v6_0f_r2_product_ui_contract","NONE","TRUE","FALSE","FALSE","Historical validation report log backup script or other non-runtime evidence"
"V6/outputs/v6_0f_r2_product_ui_contract/viewer_scenario_contract.csv","viewer_scenario_contract.csv","csv","3187","0.003039","CONTRACT_SPEC","v6_0f_r2_product_ui_contract","NONE","FALSE","TRUE","FALSE","Defines scope behavior schema policy or plan; not runtime data"
"V6/outputs/v6_0f_r3_type_taxonomy_scenario_dictionary/hdd_forest_type_taxonomy.csv","hdd_forest_type_taxonomy.csv","csv","25556","0.024372","CONTRACT_SPEC","v6_0f_r3_type_taxonomy_scenario_dictionary","NONE","FALSE","TRUE","FALSE","Defines scope behavior schema policy or plan; not runtime data"
"V6/outputs/v6_0f_r3_type_taxonomy_scenario_dictionary/key_column_dictionary.csv","key_column_dictionary.csv","csv","1726","0.001646","CONTRACT_SPEC","v6_0f_r3_type_taxonomy_scenario_dictionary","NONE","FALSE","TRUE","FALSE","Defines scope behavior schema policy or plan; not runtime data"
"V6/outputs/v6_0f_r3_type_taxonomy_scenario_dictionary/model_type_values_raw.csv","model_type_values_raw.csv","csv","76796","0.073238","EVIDENCE_ARTIFACT","v6_0f_r3_type_taxonomy_scenario_dictionary","NONE","TRUE","FALSE","FALSE","Historical validation report log backup script or other non-runtime evidence"
"V6/outputs/v6_0f_r3_type_taxonomy_scenario_dictionary/r3_closure_summary.md","r3_closure_summary.md","md","4763","0.004542","EVIDENCE_ARTIFACT","v6_0f_r3_type_taxonomy_scenario_dictionary","NONE","TRUE","FALSE","FALSE","Historical validation report log backup script or other non-runtime evidence"
"V6/outputs/v6_0f_r3_type_taxonomy_scenario_dictionary/scenario_dictionary_validation.csv","scenario_dictionary_validation.csv","csv","3349","0.003194","CONTRACT_SPEC","v6_0f_r3_type_taxonomy_scenario_dictionary","NONE","FALSE","TRUE","FALSE","Defines scope behavior schema policy or plan; not runtime data"
"V6/outputs/v6_0f_r3_type_taxonomy_scenario_dictionary/scenario_dictionary.csv","scenario_dictionary.csv","csv","5501","0.005246","CONTRACT_SPEC","v6_0f_r3_type_taxonomy_scenario_dictionary","NONE","FALSE","TRUE","FALSE","Defines scope behavior schema policy or plan; not runtime data"
"V6/outputs/v6_0f_r3_type_taxonomy_scenario_dictionary/ui_label_normalization_rules.csv","ui_label_normalization_rules.csv","csv","2191","0.00209","CONTRACT_SPEC","v6_0f_r3_type_taxonomy_scenario_dictionary","NONE","FALSE","TRUE","FALSE","Defines scope behavior schema policy or plan; not runtime data"
"V6/outputs/v6_0f_r3_type_taxonomy_scenario_dictionary/version_column_dictionary.csv","version_column_dictionary.csv","csv","1419","0.001353","CONTRACT_SPEC","v6_0f_r3_type_taxonomy_scenario_dictionary","NONE","FALSE","TRUE","FALSE","Defines scope behavior schema policy or plan; not runtime data"
"V6/outputs/v6_0f_r4_multimetric_removal/assistant_preservation_validation.csv","assistant_preservation_validation.csv","csv","1752","0.001671","EVIDENCE_ARTIFACT","v6_0f_r4_multimetric_removal","NONE","TRUE","FALSE","FALSE","Historical validation report log backup script or other non-runtime evidence"
"V6/outputs/v6_0f_r4_multimetric_removal/files_removed_or_reverted.csv","files_removed_or_reverted.csv","csv","1207","0.001151","EVIDENCE_ARTIFACT","v6_0f_r4_multimetric_removal","NONE","TRUE","FALSE","FALSE","Historical validation report log backup script or other non-runtime evidence"
"V6/outputs/v6_0f_r4_multimetric_removal/legacy_pages_validation.csv","legacy_pages_validation.csv","csv","1948","0.001858","EVIDENCE_ARTIFACT","v6_0f_r4_multimetric_removal","NONE","TRUE","FALSE","FALSE","Historical validation report log backup script or other non-runtime evidence"
"V6/outputs/v6_0f_r4_multimetric_removal/multimetric_removal_report.md","multimetric_removal_report.md","md","3498","0.003336","EVIDENCE_ARTIFACT","v6_0f_r4_multimetric_removal","NONE","TRUE","FALSE","FALSE","Historical validation report log backup script or other non-runtime evidence"
"V6/outputs/v6_0f_r4_multimetric_removal/reverted_files_backup/multi_metric_loader.R","multi_metric_loader.R","r","11362","0.010836","EVIDENCE_ARTIFACT","v6_0f_r4_multimetric_removal","NONE","TRUE","FALSE","FALSE","Historical validation report log backup script or other non-runtime evidence"
"V6/outputs/v6_0f_r4_multimetric_removal/reverted_files_backup/multi_metric_server.R","multi_metric_server.R","r","12671","0.012084","EVIDENCE_ARTIFACT","v6_0f_r4_multimetric_removal","NONE","TRUE","FALSE","FALSE","Historical validation report log backup script or other non-runtime evidence"
"V6/outputs/v6_0f_r4_multimetric_removal/reverted_files_backup/tabs_multi_metric.R","tabs_multi_metric.R","r","8258","0.007875","EVIDENCE_ARTIFACT","v6_0f_r4_multimetric_removal","NONE","TRUE","FALSE","FALSE","Historical validation report log backup script or other non-runtime evidence"
"V6/outputs/v6_0f_r4_multimetric_removal/shiny_regression_validation.csv","shiny_regression_validation.csv","csv","1647","0.001571","EVIDENCE_ARTIFACT","v6_0f_r4_multimetric_removal","NONE","TRUE","FALSE","FALSE","Historical validation report log backup script or other non-runtime evidence"
"V6/outputs/v6_0f_r4_multimetric_removal/v6_0f_r4_closure_summary.md","v6_0f_r4_closure_summary.md","md","2101","0.002004","EVIDENCE_ARTIFACT","v6_0f_r4_multimetric_removal","NONE","TRUE","FALSE","FALSE","Historical validation report log backup script or other non-runtime evidence"
"V6/outputs/v6_0f_r4_multimetric_removal/v6_0f_r4_validation.csv","v6_0f_r4_validation.csv","csv","1993","0.001901","EVIDENCE_ARTIFACT","v6_0f_r4_multimetric_removal","NONE","TRUE","FALSE","FALSE","Historical validation report log backup script or other non-runtime evidence"
"V6/outputs/v6_0f_r5_governed_extraction_contract/excluded_scope_register.csv","excluded_scope_register.csv","csv","2600","0.00248","EVIDENCE_ARTIFACT","v6_0f_r5_governed_extraction_contract","NONE","TRUE","FALSE","FALSE","Historical validation report log backup script or other non-runtime evidence"
"V6/outputs/v6_0f_r5_governed_extraction_contract/extraction_scope_contract.csv","extraction_scope_contract.csv","csv","4221","0.004025","CONTRACT_SPEC","v6_0f_r5_governed_extraction_contract","NONE","FALSE","TRUE","FALSE","Defines scope behavior schema policy or plan; not runtime data"
"V6/outputs/v6_0f_r5_governed_extraction_contract/extraction_volume_estimate.csv","extraction_volume_estimate.csv","csv","2017","0.001924","EVIDENCE_ARTIFACT","v6_0f_r5_governed_extraction_contract","NONE","TRUE","FALSE","FALSE","Historical validation report log backup script or other non-runtime evidence"
"V6/outputs/v6_0f_r5_governed_extraction_contract/forecast_extraction_contract.csv","forecast_extraction_contract.csv","csv","2310","0.002203","CONTRACT_SPEC","v6_0f_r5_governed_extraction_contract","NONE","FALSE","TRUE","FALSE","Defines scope behavior schema policy or plan; not runtime data"
"V6/outputs/v6_0f_r5_governed_extraction_contract/hdd_forest_execution_time_probe.csv","hdd_forest_execution_time_probe.csv","csv","715","0.000682","EVIDENCE_ARTIFACT","v6_0f_r5_governed_extraction_contract","NONE","TRUE","FALSE","FALSE","Historical validation report log backup script or other non-runtime evidence"
"V6/outputs/v6_0f_r5_governed_extraction_contract/key_extraction_policy.csv","key_extraction_policy.csv","csv","1488","0.001419","CONTRACT_SPEC","v6_0f_r5_governed_extraction_contract","NONE","FALSE","TRUE","FALSE","Defines scope behavior schema policy or plan; not runtime data"
"V6/outputs/v6_0f_r5_governed_extraction_contract/latest_version_footprint.csv","latest_version_footprint.csv","csv","799","0.000762","EVIDENCE_ARTIFACT","v6_0f_r5_governed_extraction_contract","NONE","TRUE","FALSE","FALSE","Historical validation report log backup script or other non-runtime evidence"
"V6/outputs/v6_0f_r5_governed_extraction_contract/r5_closure_summary.md","r5_closure_summary.md","md","5960","0.005684","EVIDENCE_ARTIFACT","v6_0f_r5_governed_extraction_contract","NONE","TRUE","FALSE","FALSE","Historical validation report log backup script or other non-runtime evidence"
"V6/outputs/v6_0f_r5_governed_extraction_contract/r5_open_decisions.csv","r5_open_decisions.csv","csv","2422","0.00231","CONTRACT_SPEC","v6_0f_r5_governed_extraction_contract","NONE","FALSE","TRUE","FALSE","Defines scope behavior schema policy or plan; not runtime data"
"V6/outputs/v6_0f_r5_governed_extraction_contract/r5_validation.csv","r5_validation.csv","csv","3093","0.00295","EVIDENCE_ARTIFACT","v6_0f_r5_governed_extraction_contract","NONE","TRUE","FALSE","FALSE","Historical validation report log backup script or other non-runtime evidence"
"V6/outputs/v6_0f_r5_governed_extraction_contract/time_window_policy.csv","time_window_policy.csv","csv","1882","0.001795","CONTRACT_SPEC","v6_0f_r5_governed_extraction_contract","NONE","FALSE","TRUE","FALSE","Defines scope behavior schema policy or plan; not runtime data"
"V6/outputs/v6_0f_r5_governed_extraction_contract/version_selection_policy.csv","version_selection_policy.csv","csv","2468","0.002354","CONTRACT_SPEC","v6_0f_r5_governed_extraction_contract","NONE","FALSE","TRUE","FALSE","Defines scope behavior schema policy or plan; not runtime data"
"V6/outputs/v6_0f_r5_governed_extraction_contract/viewer_extraction_contract.csv","viewer_extraction_contract.csv","csv","2859","0.002727","CONTRACT_SPEC","v6_0f_r5_governed_extraction_contract","NONE","FALSE","TRUE","FALSE","Defines scope behavior schema policy or plan; not runtime data"
"V6/outputs/v6_0f_r5_governed_extraction_contract/windowed_volume_estimate.csv","windowed_volume_estimate.csv","csv","891","0.00085","EVIDENCE_ARTIFACT","v6_0f_r5_governed_extraction_contract","NONE","TRUE","FALSE","FALSE","Historical validation report log backup script or other non-runtime evidence"
"V6/outputs/v6_0f_r5b_storage_performance_strategy/bench_storage.R","bench_storage.R","r","13472","0.012848","EVIDENCE_ARTIFACT","v6_0f_r5b_storage_performance_strategy","NONE","TRUE","FALSE","FALSE","Historical validation report log backup script or other non-runtime evidence"
"V6/outputs/v6_0f_r5b_storage_performance_strategy/bench/r6_phase1.duckdb","r6_phase1.duckdb","duckdb","24653824","23.511719","EVIDENCE_ARTIFACT","v6_0f_r5b_storage_performance_strategy","NONE","TRUE","FALSE","FALSE","Historical validation report log backup script or other non-runtime evidence"
"V6/outputs/v6_0f_r5b_storage_performance_strategy/bench/ui_metadata/available_keys.csv","available_keys.csv","csv","39992","0.038139","EVIDENCE_ARTIFACT","v6_0f_r5b_storage_performance_strategy","NONE","TRUE","FALSE","FALSE","Historical validation report log backup script or other non-runtime evidence"
"V6/outputs/v6_0f_r5b_storage_performance_strategy/bench/ui_metadata/available_model_types.csv","available_model_types.csv","csv","7404","0.007061","EVIDENCE_ARTIFACT","v6_0f_r5b_storage_performance_strategy","NONE","TRUE","FALSE","FALSE","Historical validation report log backup script or other non-runtime evidence"
"V6/outputs/v6_0f_r5b_storage_performance_strategy/bench/ui_metadata/available_scenarios.csv","available_scenarios.csv","csv","605","0.000577","EVIDENCE_ARTIFACT","v6_0f_r5b_storage_performance_strategy","NONE","TRUE","FALSE","FALSE","Historical validation report log backup script or other non-runtime evidence"
"V6/outputs/v6_0f_r5b_storage_performance_strategy/bench/ui_metadata/available_versions.csv","available_versions.csv","csv","834","0.000795","EVIDENCE_ARTIFACT","v6_0f_r5b_storage_performance_strategy","NONE","TRUE","FALSE","FALSE","Historical validation report log backup script or other non-runtime evidence"
"V6/outputs/v6_0f_r5b_storage_performance_strategy/benchmark_results.csv","benchmark_results.csv","csv","3039","0.002898","EVIDENCE_ARTIFACT","v6_0f_r5b_storage_performance_strategy","NONE","TRUE","FALSE","FALSE","Historical validation report log backup script or other non-runtime evidence"
"V6/outputs/v6_0f_r5b_storage_performance_strategy/diag_keys.R","diag_keys.R","r","805","0.000768","EVIDENCE_ARTIFACT","v6_0f_r5b_storage_performance_strategy","NONE","TRUE","FALSE","FALSE","Historical validation report log backup script or other non-runtime evidence"
"V6/outputs/v6_0f_r5b_storage_performance_strategy/r5b_closure_summary.md","r5b_closure_summary.md","md","4869","0.004643","EVIDENCE_ARTIFACT","v6_0f_r5b_storage_performance_strategy","NONE","TRUE","FALSE","FALSE","Historical validation report log backup script or other non-runtime evidence"
"V6/outputs/v6_0f_r5b_storage_performance_strategy/r5b_risk_register.csv","r5b_risk_register.csv","csv","1943","0.001853","EVIDENCE_ARTIFACT","v6_0f_r5b_storage_performance_strategy","NONE","TRUE","FALSE","FALSE","Historical validation report log backup script or other non-runtime evidence"
"V6/outputs/v6_0f_r5b_storage_performance_strategy/r5b_validation.csv","r5b_validation.csv","csv","2209","0.002107","EVIDENCE_ARTIFACT","v6_0f_r5b_storage_performance_strategy","NONE","TRUE","FALSE","FALSE","Historical validation report log backup script or other non-runtime evidence"
"V6/outputs/v6_0f_r5b_storage_performance_strategy/r6_phase1_storage_manifest.csv","r6_phase1_storage_manifest.csv","csv","1506","0.001436","EVIDENCE_ARTIFACT","v6_0f_r5b_storage_performance_strategy","NONE","TRUE","FALSE","FALSE","Historical validation report log backup script or other non-runtime evidence"
"V6/outputs/v6_0f_r5b_storage_performance_strategy/recommended_storage_architecture.md","recommended_storage_architecture.md","md","5650","0.005388","EVIDENCE_ARTIFACT","v6_0f_r5b_storage_performance_strategy","NONE","TRUE","FALSE","FALSE","Historical validation report log backup script or other non-runtime evidence"
"V6/outputs/v6_0f_r5b_storage_performance_strategy/shiny_loading_contract.csv","shiny_loading_contract.csv","csv","2366","0.002256","CONTRACT_SPEC","v6_0f_r5b_storage_performance_strategy","NONE","FALSE","TRUE","FALSE","Defines scope behavior schema policy or plan; not runtime data"
"V6/outputs/v6_0f_r5b_storage_performance_strategy/storage_options_comparison.csv","storage_options_comparison.csv","csv","1420","0.001354","EVIDENCE_ARTIFACT","v6_0f_r5b_storage_performance_strategy","NONE","TRUE","FALSE","FALSE","Historical validation report log backup script or other non-runtime evidence"
"V6/outputs/v6_0f_r5b_storage_performance_strategy/storage_sizes.csv","storage_sizes.csv","csv","147","0.00014","EVIDENCE_ARTIFACT","v6_0f_r5b_storage_performance_strategy","NONE","TRUE","FALSE","FALSE","Historical validation report log backup script or other non-runtime evidence"
"V6/outputs/v6_0f_r5b_storage_performance_strategy/ui_metadata_strategy.csv","ui_metadata_strategy.csv","csv","831","0.000793","EVIDENCE_ARTIFACT","v6_0f_r5b_storage_performance_strategy","NONE","TRUE","FALSE","FALSE","Historical validation report log backup script or other non-runtime evidence"
"V6/outputs/v6_0f_r6_phase1_governed_extraction/r6_phase1_closure_summary.md","r6_phase1_closure_summary.md","md","5776","0.005508","EVIDENCE_ARTIFACT","v6_0f_r6_phase1_governed_extraction","NONE","TRUE","FALSE","FALSE","Historical validation report log backup script or other non-runtime evidence"
"V6/outputs/v6_0f_r6_phase1_governed_extraction/r6_phase1_data_quality_checks.csv","r6_phase1_data_quality_checks.csv","csv","4496","0.004288","EVIDENCE_ARTIFACT","v6_0f_r6_phase1_governed_extraction","NONE","TRUE","FALSE","FALSE","Historical validation report log backup script or other non-runtime evidence"
"V6/outputs/v6_0f_r6_phase1_governed_extraction/r6_phase1_extraction_manifest.csv","r6_phase1_extraction_manifest.csv","csv","2984","0.002846","EVIDENCE_ARTIFACT","v6_0f_r6_phase1_governed_extraction","NONE","TRUE","FALSE","FALSE","Historical validation report log backup script or other non-runtime evidence"
"V6/outputs/v6_0f_r6_phase1_governed_extraction/r6_phase1_forecast_hdd.csv","r6_phase1_forecast_hdd.csv","csv","143882557","137.217099","GOVERNED_EXTRACTION_DATA","v6_0f_r6_phase1_governed_extraction","NONE","FALSE","FALSE","FALSE","Governed upstream extraction used to build storage; not read directly by Shiny"
"V6/outputs/v6_0f_r6_phase1_governed_extraction/r6_phase1_forecast_ssd_phoenix.csv","r6_phase1_forecast_ssd_phoenix.csv","csv","101351590","96.656408","GOVERNED_EXTRACTION_DATA","v6_0f_r6_phase1_governed_extraction","NONE","FALSE","FALSE","FALSE","Governed upstream extraction used to build storage; not read directly by Shiny"
"V6/outputs/v6_0f_r6_phase1_governed_extraction/r6_phase1_key_inventory.csv","r6_phase1_key_inventory.csv","csv","551","0.000525","EVIDENCE_ARTIFACT","v6_0f_r6_phase1_governed_extraction","NONE","TRUE","FALSE","FALSE","Historical validation report log backup script or other non-runtime evidence"
"V6/outputs/v6_0f_r6_phase1_governed_extraction/r6_phase1_lineage.csv","r6_phase1_lineage.csv","csv","824","0.000786","EVIDENCE_ARTIFACT","v6_0f_r6_phase1_governed_extraction","NONE","TRUE","FALSE","FALSE","Historical validation report log backup script or other non-runtime evidence"
"V6/outputs/v6_0f_r6_phase1_governed_extraction/r6_phase1_validation.csv","r6_phase1_validation.csv","csv","3751","0.003577","EVIDENCE_ARTIFACT","v6_0f_r6_phase1_governed_extraction","NONE","TRUE","FALSE","FALSE","Historical validation report log backup script or other non-runtime evidence"
"V6/outputs/v6_0f_r6_phase1_governed_extraction/r6_phase1_version_inventory.csv","r6_phase1_version_inventory.csv","csv","1225","0.001168","EVIDENCE_ARTIFACT","v6_0f_r6_phase1_governed_extraction","NONE","TRUE","FALSE","FALSE","Historical validation report log backup script or other non-runtime evidence"
"V6/outputs/v6_0f_r6_phase1_governed_extraction/r6_phase1_viewer_hdd.csv","r6_phase1_viewer_hdd.csv","csv","196576818","187.470263","GOVERNED_EXTRACTION_DATA","v6_0f_r6_phase1_governed_extraction","NONE","FALSE","FALSE","FALSE","Governed upstream extraction used to build storage; not read directly by Shiny"
"V6/outputs/v6_0f_r7_scenario_resolver_layer/build_storage.R","build_storage.R","r","7991","0.007621","EVIDENCE_ARTIFACT","v6_0f_r7_scenario_resolver_layer","NONE","TRUE","FALSE","FALSE","Historical validation report log backup script or other non-runtime evidence"
"V6/outputs/v6_0f_r7_scenario_resolver_layer/dropdown_resolution_contract.csv","dropdown_resolution_contract.csv","csv","1873","0.001786","CONTRACT_SPEC","v6_0f_r7_scenario_resolver_layer","NONE","FALSE","TRUE","FALSE","Defines scope behavior schema policy or plan; not runtime data"
"V6/outputs/v6_0f_r7_scenario_resolver_layer/duckdb_query_contract.csv","duckdb_query_contract.csv","csv","1056","0.001007","CONTRACT_SPEC","v6_0f_r7_scenario_resolver_layer","NONE","FALSE","TRUE","FALSE","Defines scope behavior schema policy or plan; not runtime data"
"V6/outputs/v6_0f_r7_scenario_resolver_layer/key_matching_policy.csv","key_matching_policy.csv","csv","1390","0.001326","CONTRACT_SPEC","v6_0f_r7_scenario_resolver_layer","NONE","FALSE","TRUE","FALSE","Defines scope behavior schema policy or plan; not runtime data"
"V6/outputs/v6_0f_r7_scenario_resolver_layer/r5b_byproducts_cleanup.csv","r5b_byproducts_cleanup.csv","csv","1918","0.001829","EVIDENCE_ARTIFACT","v6_0f_r7_scenario_resolver_layer","NONE","TRUE","FALSE","FALSE","Historical validation report log backup script or other non-runtime evidence"
"V6/outputs/v6_0f_r7_scenario_resolver_layer/r7_closure_summary.md","r7_closure_summary.md","md","5402","0.005152","EVIDENCE_ARTIFACT","v6_0f_r7_scenario_resolver_layer","NONE","TRUE","FALSE","FALSE","Historical validation report log backup script or other non-runtime evidence"
"V6/outputs/v6_0f_r7_scenario_resolver_layer/r7_validation.csv","r7_validation.csv","csv","3582","0.003416","EVIDENCE_ARTIFACT","v6_0f_r7_scenario_resolver_layer","NONE","TRUE","FALSE","FALSE","Historical validation report log backup script or other non-runtime evidence"
"V6/outputs/v6_0f_r7_scenario_resolver_layer/resolver_function_inventory.csv","resolver_function_inventory.csv","csv","2473","0.002358","EVIDENCE_ARTIFACT","v6_0f_r7_scenario_resolver_layer","NONE","TRUE","FALSE","FALSE","Historical validation report log backup script or other non-runtime evidence"
"V6/outputs/v6_0f_r7_scenario_resolver_layer/resolver_test_cases.csv","resolver_test_cases.csv","csv","2875","0.002742","EVIDENCE_ARTIFACT","v6_0f_r7_scenario_resolver_layer","NONE","TRUE","FALSE","FALSE","Historical validation report log backup script or other non-runtime evidence"
"V6/outputs/v6_0f_r7_scenario_resolver_layer/resolver_test_results.csv","resolver_test_results.csv","csv","3748","0.003574","EVIDENCE_ARTIFACT","v6_0f_r7_scenario_resolver_layer","NONE","TRUE","FALSE","FALSE","Historical validation report log backup script or other non-runtime evidence"
"V6/outputs/v6_0f_r7_scenario_resolver_layer/run_resolver_tests.R","run_resolver_tests.R","r","10816","0.010315","EVIDENCE_ARTIFACT","v6_0f_r7_scenario_resolver_layer","NONE","TRUE","FALSE","FALSE","Historical validation report log backup script or other non-runtime evidence"
"V6/outputs/v6_0f_r7_scenario_resolver_layer/scenario_resolver_contract.csv","scenario_resolver_contract.csv","csv","3264","0.003113","CONTRACT_SPEC","v6_0f_r7_scenario_resolver_layer","NONE","FALSE","TRUE","FALSE","Defines scope behavior schema policy or plan; not runtime data"
"V6/outputs/v6_0f_r8_viewer_integration/diag_viewer.R","diag_viewer.R","r","1206","0.00115","EVIDENCE_ARTIFACT","v6_0f_r8_viewer_integration","NONE","TRUE","FALSE","FALSE","Historical validation report log backup script or other non-runtime evidence"
"V6/outputs/v6_0f_r8_viewer_integration/r8_closure_summary.md","r8_closure_summary.md","md","4923","0.004695","EVIDENCE_ARTIFACT","v6_0f_r8_viewer_integration","NONE","TRUE","FALSE","FALSE","Historical validation report log backup script or other non-runtime evidence"
"V6/outputs/v6_0f_r8_viewer_integration/r8_validation.csv","r8_validation.csv","csv","3861","0.003682","EVIDENCE_ARTIFACT","v6_0f_r8_viewer_integration","NONE","TRUE","FALSE","FALSE","Historical validation report log backup script or other non-runtime evidence"
"V6/outputs/v6_0f_r8_viewer_integration/run_viewer_tests.R","run_viewer_tests.R","r","9448","0.00901","EVIDENCE_ARTIFACT","v6_0f_r8_viewer_integration","NONE","TRUE","FALSE","FALSE","Historical validation report log backup script or other non-runtime evidence"
"V6/outputs/v6_0f_r8_viewer_integration/viewer_controls_contract.csv","viewer_controls_contract.csv","csv","2451","0.002337","CONTRACT_SPEC","v6_0f_r8_viewer_integration","NONE","FALSE","TRUE","FALSE","Defines scope behavior schema policy or plan; not runtime data"
"V6/outputs/v6_0f_r8_viewer_integration/viewer_empty_state_validation.csv","viewer_empty_state_validation.csv","csv","1229","0.001172","EVIDENCE_ARTIFACT","v6_0f_r8_viewer_integration","NONE","TRUE","FALSE","FALSE","Historical validation report log backup script or other non-runtime evidence"
"V6/outputs/v6_0f_r8_viewer_integration/viewer_integration_report.md","viewer_integration_report.md","md","4376","0.004173","EVIDENCE_ARTIFACT","v6_0f_r8_viewer_integration","NONE","TRUE","FALSE","FALSE","Historical validation report log backup script or other non-runtime evidence"
"V6/outputs/v6_0f_r8_viewer_integration/viewer_performance_results.csv","viewer_performance_results.csv","csv","239","0.000228","EVIDENCE_ARTIFACT","v6_0f_r8_viewer_integration","NONE","TRUE","FALSE","FALSE","Historical validation report log backup script or other non-runtime evidence"
"V6/outputs/v6_0f_r8_viewer_integration/viewer_test_cases.csv","viewer_test_cases.csv","csv","1482","0.001413","EVIDENCE_ARTIFACT","v6_0f_r8_viewer_integration","NONE","TRUE","FALSE","FALSE","Historical validation report log backup script or other non-runtime evidence"
"V6/outputs/v6_0f_r8_viewer_integration/viewer_test_results.csv","viewer_test_results.csv","csv","2479","0.002364","EVIDENCE_ARTIFACT","v6_0f_r8_viewer_integration","NONE","TRUE","FALSE","FALSE","Historical validation report log backup script or other non-runtime evidence"
"V6/outputs/v6_0f_r8fix_unified_backtest_design/backtest_coverage_gap.csv","backtest_coverage_gap.csv","csv","1176","0.001122","EVIDENCE_ARTIFACT","v6_0f_r8fix_unified_backtest_design","NONE","TRUE","FALSE","FALSE","Historical validation report log backup script or other non-runtime evidence"
"V6/outputs/v6_0f_r8fix_unified_backtest_design/backtest_run_estimate.csv","backtest_run_estimate.csv","csv","1156","0.001102","EVIDENCE_ARTIFACT","v6_0f_r8fix_unified_backtest_design","NONE","TRUE","FALSE","FALSE","Historical validation report log backup script or other non-runtime evidence"
"V6/outputs/v6_0f_r8fix_unified_backtest_design/identify_backtest_scenario.R","identify_backtest_scenario.R","r","1314","0.001253","EVIDENCE_ARTIFACT","v6_0f_r8fix_unified_backtest_design","NONE","TRUE","FALSE","FALSE","Historical validation report log backup script or other non-runtime evidence"
"V6/outputs/v6_0f_r8fix_unified_backtest_design/inspect_backtest_artifact.R","inspect_backtest_artifact.R","r","1309","0.001248","CONTRACT_SPEC","v6_0f_r8fix_unified_backtest_design","NONE","FALSE","TRUE","FALSE","Defines scope behavior schema policy or plan; not runtime data"
"V6/outputs/v6_0f_r8fix_unified_backtest_design/map_backtest_to_scenarios.R","map_backtest_to_scenarios.R","r","1766","0.001684","EVIDENCE_ARTIFACT","v6_0f_r8fix_unified_backtest_design","NONE","TRUE","FALSE","FALSE","Historical validation report log backup script or other non-runtime evidence"
"V6/outputs/v6_0f_r8fix_unified_backtest_design/r8fix_design.md","r8fix_design.md","md","6305","0.006013","EVIDENCE_ARTIFACT","v6_0f_r8fix_unified_backtest_design","NONE","TRUE","FALSE","FALSE","Historical validation report log backup script or other non-runtime evidence"
"V6/outputs/v6_0f_r8fix_unified_backtest_design/r8fix_open_decisions.csv","r8fix_open_decisions.csv","csv","2101","0.002004","CONTRACT_SPEC","v6_0f_r8fix_unified_backtest_design","NONE","FALSE","TRUE","FALSE","Defines scope behavior schema policy or plan; not runtime data"
"V6/outputs/v6_0f_r8fix_unified_backtest_design/r8fix_stage_plan.csv","r8fix_stage_plan.csv","csv","1022","0.000975","CONTRACT_SPEC","v6_0f_r8fix_unified_backtest_design","NONE","FALSE","TRUE","FALSE","Defines scope behavior schema policy or plan; not runtime data"
"V6/outputs/v6_0f_r8fix_unified_backtest_design/required_artifact_schema.csv","required_artifact_schema.csv","csv","2034","0.00194","CONTRACT_SPEC","v6_0f_r8fix_unified_backtest_design","NONE","FALSE","TRUE","FALSE","Defines scope behavior schema policy or plan; not runtime data"
"V6/outputs/v6_0f_r8fix1_scenario_explorer_removal/files_changed.csv","files_changed.csv","csv","1530","0.001459","EVIDENCE_ARTIFACT","v6_0f_r8fix1_scenario_explorer_removal","NONE","TRUE","FALSE","FALSE","Historical validation report log backup script or other non-runtime evidence"
"V6/outputs/v6_0f_r8fix1_scenario_explorer_removal/r8fix1_validation.csv","r8fix1_validation.csv","csv","3166","0.003019","EVIDENCE_ARTIFACT","v6_0f_r8fix1_scenario_explorer_removal","NONE","TRUE","FALSE","FALSE","Historical validation report log backup script or other non-runtime evidence"
"V6/outputs/v6_0f_r8fix1_scenario_explorer_removal/reverted_files_backup/tabs_viewer_scenario.R","tabs_viewer_scenario.R","r","3855","0.003676","EVIDENCE_ARTIFACT","v6_0f_r8fix1_scenario_explorer_removal","NONE","TRUE","FALSE","FALSE","Historical validation report log backup script or other non-runtime evidence"
"V6/outputs/v6_0f_r8fix1_scenario_explorer_removal/reverted_files_backup/viewer_scenario_server.R","viewer_scenario_server.R","r","11731","0.011188","EVIDENCE_ARTIFACT","v6_0f_r8fix1_scenario_explorer_removal","NONE","TRUE","FALSE","FALSE","Historical validation report log backup script or other non-runtime evidence"
"V6/outputs/v6_0f_r8fix2_backtest_artifact_v2_contract/backtest_v2_artifact_contract.csv","backtest_v2_artifact_contract.csv","csv","4352","0.00415","CONTRACT_SPEC","v6_0f_r8fix2_backtest_artifact_v2_contract","NONE","FALSE","TRUE","FALSE","Defines scope behavior schema policy or plan; not runtime data"
"V6/outputs/v6_0f_r8fix2_backtest_artifact_v2_contract/backtest_v2_generation_plan.md","backtest_v2_generation_plan.md","md","5872","0.0056","CONTRACT_SPEC","v6_0f_r8fix2_backtest_artifact_v2_contract","NONE","FALSE","TRUE","FALSE","Defines scope behavior schema policy or plan; not runtime data"
"V6/outputs/v6_0f_r8fix2_backtest_artifact_v2_contract/backtest_v2_model_contract.csv","backtest_v2_model_contract.csv","csv","2490","0.002375","CONTRACT_SPEC","v6_0f_r8fix2_backtest_artifact_v2_contract","NONE","FALSE","TRUE","FALSE","Defines scope behavior schema policy or plan; not runtime data"
"V6/outputs/v6_0f_r8fix2_backtest_artifact_v2_contract/backtest_v2_scope_matrix.csv","backtest_v2_scope_matrix.csv","csv","1210","0.001154","CONTRACT_SPEC","v6_0f_r8fix2_backtest_artifact_v2_contract","NONE","FALSE","TRUE","FALSE","Defines scope behavior schema policy or plan; not runtime data"
"V6/outputs/v6_0f_r8fix2_backtest_artifact_v2_contract/backtest_v2_validation_plan.csv","backtest_v2_validation_plan.csv","csv","4035","0.003848","CONTRACT_SPEC","v6_0f_r8fix2_backtest_artifact_v2_contract","NONE","FALSE","TRUE","FALSE","Defines scope behavior schema policy or plan; not runtime data"
"V6/outputs/v6_0f_r8fix2_backtest_artifact_v2_contract/r8fix2_closure_summary.md","r8fix2_closure_summary.md","md","3566","0.003401","EVIDENCE_ARTIFACT","v6_0f_r8fix2_backtest_artifact_v2_contract","NONE","TRUE","FALSE","FALSE","Historical validation report log backup script or other non-runtime evidence"
"V6/outputs/v6_0f_r8fix2_backtest_artifact_v2_contract/r8fix2_open_decisions.csv","r8fix2_open_decisions.csv","csv","2390","0.002279","CONTRACT_SPEC","v6_0f_r8fix2_backtest_artifact_v2_contract","NONE","FALSE","TRUE","FALSE","Defines scope behavior schema policy or plan; not runtime data"
"V6/outputs/v6_0f_r8fix2b_backtest_compute_budget/budget_scenarios.csv","budget_scenarios.csv","csv","1975","0.001884","EVIDENCE_ARTIFACT","v6_0f_r8fix2b_backtest_compute_budget","NONE","TRUE","FALSE","FALSE","Historical validation report log backup script or other non-runtime evidence"
"V6/outputs/v6_0f_r8fix2b_backtest_compute_budget/compute_budget_estimate.csv","compute_budget_estimate.csv","csv","2053","0.001958","EVIDENCE_ARTIFACT","v6_0f_r8fix2b_backtest_compute_budget","NONE","TRUE","FALSE","FALSE","Historical validation report log backup script or other non-runtime evidence"
"V6/outputs/v6_0f_r8fix2b_backtest_compute_budget/model_family_cost_estimate.csv","model_family_cost_estimate.csv","csv","3205","0.003057","EVIDENCE_ARTIFACT","v6_0f_r8fix2b_backtest_compute_budget","NONE","TRUE","FALSE","FALSE","Historical validation report log backup script or other non-runtime evidence"
"V6/outputs/v6_0f_r8fix2b_backtest_compute_budget/r8fix2b_closure_summary.md","r8fix2b_closure_summary.md","md","3273","0.003121","EVIDENCE_ARTIFACT","v6_0f_r8fix2b_backtest_compute_budget","NONE","TRUE","FALSE","FALSE","Historical validation report log backup script or other non-runtime evidence"
"V6/outputs/v6_0f_r8fix2b_backtest_compute_budget/r8fix2b_validation.csv","r8fix2b_validation.csv","csv","2013","0.00192","EVIDENCE_ARTIFACT","v6_0f_r8fix2b_backtest_compute_budget","NONE","TRUE","FALSE","FALSE","Historical validation report log backup script or other non-runtime evidence"
"V6/outputs/v6_0f_r8fix2b_backtest_compute_budget/recommended_execution_plan.md","recommended_execution_plan.md","md","5157","0.004918","CONTRACT_SPEC","v6_0f_r8fix2b_backtest_compute_budget","NONE","FALSE","TRUE","FALSE","Defines scope behavior schema policy or plan; not runtime data"
"V6/outputs/v6_0f_shiny_multi_metric_integration/v6_0f_assistant_validation.csv","v6_0f_assistant_validation.csv","csv","608","0.00058","EVIDENCE_ARTIFACT","v6_0f_shiny_multi_metric_integration","NONE","TRUE","FALSE","FALSE","Historical validation report log backup script or other non-runtime evidence"
"V6/outputs/v6_0f_shiny_multi_metric_integration/v6_0f_closure_summary.md","v6_0f_closure_summary.md","md","3386","0.003229","EVIDENCE_ARTIFACT","v6_0f_shiny_multi_metric_integration","NONE","TRUE","FALSE","FALSE","Historical validation report log backup script or other non-runtime evidence"
"V6/outputs/v6_0f_shiny_multi_metric_integration/v6_0f_computability_gating_validation.csv","v6_0f_computability_gating_validation.csv","csv","802","0.000765","EVIDENCE_ARTIFACT","v6_0f_shiny_multi_metric_integration","NONE","TRUE","FALSE","FALSE","Historical validation report log backup script or other non-runtime evidence"
"V6/outputs/v6_0f_shiny_multi_metric_integration/v6_0f_download_validation.csv","v6_0f_download_validation.csv","csv","625","0.000596","EVIDENCE_ARTIFACT","v6_0f_shiny_multi_metric_integration","NONE","TRUE","FALSE","FALSE","Historical validation report log backup script or other non-runtime evidence"
"V6/outputs/v6_0f_shiny_multi_metric_integration/v6_0f_filter_validation.csv","v6_0f_filter_validation.csv","csv","588","0.000561","EVIDENCE_ARTIFACT","v6_0f_shiny_multi_metric_integration","NONE","TRUE","FALSE","FALSE","Historical validation report log backup script or other non-runtime evidence"
"V6/outputs/v6_0f_shiny_multi_metric_integration/v6_0f_known_issues.csv","v6_0f_known_issues.csv","csv","2056","0.001961","EVIDENCE_ARTIFACT","v6_0f_shiny_multi_metric_integration","NONE","TRUE","FALSE","FALSE","Historical validation report log backup script or other non-runtime evidence"
"V6/outputs/v6_0f_shiny_multi_metric_integration/v6_0f_regression_validation.csv","v6_0f_regression_validation.csv","csv","1992","0.0019","EVIDENCE_ARTIFACT","v6_0f_shiny_multi_metric_integration","NONE","TRUE","FALSE","FALSE","Historical validation report log backup script or other non-runtime evidence"
"V6/outputs/v6_0f_shiny_multi_metric_integration/v6_0f_shiny_integration_report.md","v6_0f_shiny_integration_report.md","md","5356","0.005108","EVIDENCE_ARTIFACT","v6_0f_shiny_multi_metric_integration","NONE","TRUE","FALSE","FALSE","Historical validation report log backup script or other non-runtime evidence"
"V6/outputs/v6_0f_shiny_multi_metric_integration/v6_0f_validation.csv","v6_0f_validation.csv","csv","4656","0.00444","EVIDENCE_ARTIFACT","v6_0f_shiny_multi_metric_integration","NONE","TRUE","FALSE","FALSE","Historical validation report log backup script or other non-runtime evidence"
"V6/outputs/v6_0f_shiny_multi_metric_integration/v6_0f_visual_smoke_tests.csv","v6_0f_visual_smoke_tests.csv","csv","1353","0.00129","EVIDENCE_ARTIFACT","v6_0f_shiny_multi_metric_integration","NONE","TRUE","FALSE","FALSE","Historical validation report log backup script or other non-runtime evidence"
"V6/outputs/V6_0F_WORK_RECOVERY_AND_STATUS.md","V6_0F_WORK_RECOVERY_AND_STATUS.md","md","6786","0.006472","EVIDENCE_ARTIFACT","other","NONE","TRUE","FALSE","FALSE","Historical validation report log backup script or other non-runtime evidence"
"V6/outputs/versioning_diagnostics/claude_v1_migration_audit/claude_v1_migration_audit_findings.csv","claude_v1_migration_audit_findings.csv","csv","3820","0.003643","EVIDENCE_ARTIFACT","versioning_diagnostics","NONE","TRUE","FALSE","FALSE","Historical validation report log backup script or other non-runtime evidence"
"V6/outputs/versioning_diagnostics/claude_v1_migration_audit/claude_v1_migration_audit_readiness_check.csv","claude_v1_migration_audit_readiness_check.csv","csv","3048","0.002907","EVIDENCE_ARTIFACT","versioning_diagnostics","NONE","TRUE","FALSE","FALSE","Historical validation report log backup script or other non-runtime evidence"
"V6/outputs/versioning_diagnostics/claude_v1_migration_audit/claude_v1_migration_audit_report.md","claude_v1_migration_audit_report.md","md","11871","0.011321","EVIDENCE_ARTIFACT","versioning_diagnostics","NONE","TRUE","FALSE","FALSE","Historical validation report log backup script or other non-runtime evidence"
"V6/outputs/versioning_diagnostics/claude_v1_migration_audit/claude_v1_migration_audit_summary.csv","claude_v1_migration_audit_summary.csv","csv","2555","0.002437","EVIDENCE_ARTIFACT","versioning_diagnostics","NONE","TRUE","FALSE","FALSE","Historical validation report log backup script or other non-runtime evidence"
"V6/outputs/versioning_diagnostics/v1_controlled_migration_decisions.csv","v1_controlled_migration_decisions.csv","csv","1797","0.001714","CONTRACT_SPEC","versioning_diagnostics","NONE","FALSE","TRUE","FALSE","Defines scope behavior schema policy or plan; not runtime data"
"V6/outputs/versioning_diagnostics/v1_controlled_migration_report.md","v1_controlled_migration_report.md","md","2234","0.002131","EVIDENCE_ARTIFACT","versioning_diagnostics","NONE","TRUE","FALSE","FALSE","Historical validation report log backup script or other non-runtime evidence"
"V6/outputs/versioning_diagnostics/v1_controlled_migration_validation.csv","v1_controlled_migration_validation.csv","csv","2013","0.00192","EVIDENCE_ARTIFACT","versioning_diagnostics","NONE","TRUE","FALSE","FALSE","Historical validation report log backup script or other non-runtime evidence"
"V6/outputs/versioning_diagnostics/v1_path_migration_diagnostic_report.md","v1_path_migration_diagnostic_report.md","md","1711","0.001632","EVIDENCE_ARTIFACT","versioning_diagnostics","NONE","TRUE","FALSE","FALSE","Historical validation report log backup script or other non-runtime evidence"
"V6/outputs/versioning_diagnostics/v1_path_migration_diagnostic.csv","v1_path_migration_diagnostic.csv","csv","40130","0.038271","EVIDENCE_ARTIFACT","versioning_diagnostics","NONE","TRUE","FALSE","FALSE","Historical validation report log backup script or other non-runtime evidence"
"V6/outputs/versioning_diagnostics/v1_recommended_migration_actions.csv","v1_recommended_migration_actions.csv","csv","1092","0.001041","EVIDENCE_ARTIFACT","versioning_diagnostics","NONE","TRUE","FALSE","FALSE","Historical validation report log backup script or other non-runtime evidence"
"V6/outputs/versioning_diagnostics/v1_runtime_file_inventory.csv","v1_runtime_file_inventory.csv","csv","73996","0.070568","EVIDENCE_ARTIFACT","versioning_diagnostics","NONE","TRUE","FALSE","FALSE","Historical validation report log backup script or other non-runtime evidence"
"V6/outputs/versioning_diagnostics/v1_sensitive_file_inventory.csv","v1_sensitive_file_inventory.csv","csv","1013","0.000966","EVIDENCE_ARTIFACT","versioning_diagnostics","NONE","TRUE","FALSE","FALSE","Historical validation report log backup script or other non-runtime evidence"
"V6/outputs/versioning_diagnostics/v1_stage_readiness_check.csv","v1_stage_readiness_check.csv","csv","1369","0.001306","EVIDENCE_ARTIFACT","versioning_diagnostics","NONE","TRUE","FALSE","FALSE","Historical validation report log backup script or other non-runtime evidence"
"V6/shiny_app/R/scenario_resolver.R","scenario_resolver.R","r","11941","0.011388","RESOLVER_SOURCE","scenario_resolver_R7","UNWIRED_RESOLVER_SOURCE","FALSE","FALSE","FALSE","Validated source exists but is not sourced by Shiny"
