source_file,row_count,avg_mape,avg_smape,avg_rmse,avg_accuracy
hdd_forest_metrics.csv,8828,53.74712392387857,15.21511214318079,4064.2565915269593,85.51583371091981
hdd_region_metrics.csv,2550,17.90321568627451,14.931862745098039,14660.345576470589,84.51966666666667
ssd_phx_lvne_metrics.csv,7913,1738378.24675218,36.377663338809555,552.6700593959307,68.0104966510805
ssd_phx_lvwe_metrics.csv,7776,1761148.261430041,36.5076478909465,554.452070473251,67.92387088477366
