run_id,job_id,entity_key,window_id,model_name,model_family,forecast_date,horizon_day,forecast_value,created_timestamp
baseline_20260628_171417,job_000001,APC-Dedicated,1,ARIMA_Fixed,BaselineProduction,2025-05-03,1,2428.601522,2026-06-28T17:14:17
baseline_20260628_171417,job_000001,APC-Dedicated,1,ARIMA_Fixed,BaselineProduction,2025-05-04,2,2430.2857839999997,2026-06-28T17:14:17
baseline_20260628_171417,job_000001,APC-Dedicated,1,ARIMA_Fixed,BaselineProduction,2025-05-05,3,2431.9700459999995,2026-06-28T17:14:17
baseline_20260628_171417,job_000001,APC-Dedicated,1,ARIMA_Fixed,BaselineProduction,2025-05-06,4,2433.654307999999,2026-06-28T17:14:17
baseline_20260628_171417,job_000001,APC-Dedicated,1,ARIMA_Fixed,BaselineProduction,2025-05-07,5,2435.338569999999,2026-06-28T17:14:17
baseline_20260628_171417,job_000001,APC-Dedicated,1,ARIMA_Fixed,BaselineProduction,2025-05-08,6,2437.0228319999987,2026-06-28T17:14:17
baseline_20260628_171417,job_000001,APC-Dedicated,1,ARIMA_Fixed,BaselineProduction,2025-05-09,7,2438.7070939999985,2026-06-28T17:14:17
baseline_20260628_171417,job_000001,APC-Dedicated,1,ARIMA_Fixed,BaselineProduction,2025-05-10,8,2440.3913559999983,2026-06-28T17:14:17
baseline_20260628_171417,job_000001,APC-Dedicated,1,ARIMA_Fixed,BaselineProduction,2025-05-11,9,2442.075617999998,2026-06-28T17:14:17
baseline_20260628_171417,job_000001,APC-Dedicated,1,ARIMA_Fixed,BaselineProduction,2025-05-12,10,2443.759879999998,2026-06-28T17:14:17
baseline_20260628_171417,job_000001,APC-Dedicated,1,ARIMA_Fixed,BaselineProduction,2025-05-13,11,2445.4441419999976,2026-06-28T17:14:17
baseline_20260628_171417,job_000001,APC-Dedicated,1,ARIMA_Fixed,BaselineProduction,2025-05-14,12,2447.1284039999973,2026-06-28T17:14:17
baseline_20260628_171417,job_000001,APC-Dedicated,1,ARIMA_Fixed,BaselineProduction,2025-05-15,13,2448.812665999997,2026-06-28T17:14:17
baseline_20260628_171417,job_000001,APC-Dedicated,1,ARIMA_Fixed,BaselineProduction,2025-05-16,14,2450.496927999997,2026-06-28T17:14:17
baseline_20260628_171417,job_000001,APC-Dedicated,1,ARIMA_Fixed,BaselineProduction,2025-05-17,15,2452.1811899999966,2026-06-28T17:14:17
baseline_20260628_171417,job_000001,APC-Dedicated,1,ARIMA_Fixed,BaselineProduction,2025-05-18,16,2453.8654519999964,2026-06-28T17:14:17
baseline_20260628_171417,job_000001,APC-Dedicated,1,ARIMA_Fixed,BaselineProduction,2025-05-19,17,2455.549713999996,2026-06-28T17:14:17
baseline_20260628_171417,job_000001,APC-Dedicated,1,ARIMA_Fixed,BaselineProduction,2025-05-20,18,2457.233975999996,2026-06-28T17:14:17
baseline_20260628_171417,job_000001,APC-Dedicated,1,ARIMA_Fixed,BaselineProduction,2025-05-21,19,2458.9182379999957,2026-06-28T17:14:17
baseline_20260628_171417,job_000001,APC-Dedicated,1,ARIMA_Fixed,BaselineProduction,2025-05-22,20,2460.6024999999954,2026-06-28T17:14:17
baseline_20260628_171417,job_000001,APC-Dedicated,1,ARIMA_Fixed,BaselineProduction,2025-05-23,21,2462.286761999995,2026-06-28T17:14:17
baseline_20260628_171417,job_000001,APC-Dedicated,1,ARIMA_Fixed,BaselineProduction,2025-05-24,22,2463.971023999995,2026-06-28T17:14:17
baseline_20260628_171417,job_000001,APC-Dedicated,1,ARIMA_Fixed,BaselineProduction,2025-05-25,23,2465.6552859999947,2026-06-28T17:14:17
baseline_20260628_171417,job_000001,APC-Dedicated,1,ARIMA_Fixed,BaselineProduction,2025-05-26,24,2467.3395479999945,2026-06-28T17:14:17
baseline_20260628_171417,job_000001,APC-Dedicated,1,ARIMA_Fixed,BaselineProduction,2025-05-27,25,2469.0238099999942,2026-06-28T17:14:17
baseline_20260628_171417,job_000001,APC-Dedicated,1,ARIMA_Fixed,BaselineProduction,2025-05-28,26,2470.708071999994,2026-06-28T17:14:17
baseline_20260628_171417,job_000001,APC-Dedicated,1,ARIMA_Fixed,BaselineProduction,2025-05-29,27,2472.3923339999938,2026-06-28T17:14:17
baseline_20260628_171417,job_000001,APC-Dedicated,1,ARIMA_Fixed,BaselineProduction,2025-05-30,28,2474.0765959999935,2026-06-28T17:14:17
baseline_20260628_171417,job_000001,APC-Dedicated,1,ARIMA_Fixed,BaselineProduction,2025-05-31,29,2475.7608579999933,2026-06-28T17:14:17
baseline_20260628_171417,job_000001,APC-Dedicated,1,ARIMA_Fixed,BaselineProduction,2025-06-01,30,2477.445119999993,2026-06-28T17:14:17
baseline_20260628_171417,job_000004,APC-Dedicated,1,ETS_Current,BaselineProduction,2025-05-03,1,2429.006645520248,2026-06-28T17:14:17
baseline_20260628_171417,job_000004,APC-Dedicated,1,ETS_Current,BaselineProduction,2025-05-04,2,2430.9708125148054,2026-06-28T17:14:17
baseline_20260628_171417,job_000004,APC-Dedicated,1,ETS_Current,BaselineProduction,2025-05-05,3,2432.934979509362,2026-06-28T17:14:17
baseline_20260628_171417,job_000004,APC-Dedicated,1,ETS_Current,BaselineProduction,2025-05-06,4,2434.899146503919,2026-06-28T17:14:17
baseline_20260628_171417,job_000004,APC-Dedicated,1,ETS_Current,BaselineProduction,2025-05-07,5,2436.863313498476,2026-06-28T17:14:17
baseline_20260628_171417,job_000004,APC-Dedicated,1,ETS_Current,BaselineProduction,2025-05-08,6,2438.827480493033,2026-06-28T17:14:17
baseline_20260628_171417,job_000004,APC-Dedicated,1,ETS_Current,BaselineProduction,2025-05-09,7,2440.79164748759,2026-06-28T17:14:17
baseline_20260628_171417,job_000004,APC-Dedicated,1,ETS_Current,BaselineProduction,2025-05-10,8,2442.755814482147,2026-06-28T17:14:17
baseline_20260628_171417,job_000004,APC-Dedicated,1,ETS_Current,BaselineProduction,2025-05-11,9,2444.7199814767037,2026-06-28T17:14:17
baseline_20260628_171417,job_000004,APC-Dedicated,1,ETS_Current,BaselineProduction,2025-05-12,10,2446.684148471261,2026-06-28T17:14:17
baseline_20260628_171417,job_000004,APC-Dedicated,1,ETS_Current,BaselineProduction,2025-05-13,11,2448.6483154658176,2026-06-28T17:14:17
baseline_20260628_171417,job_000004,APC-Dedicated,1,ETS_Current,BaselineProduction,2025-05-14,12,2450.6124824603744,2026-06-28T17:14:17
baseline_20260628_171417,job_000004,APC-Dedicated,1,ETS_Current,BaselineProduction,2025-05-15,13,2452.5766494549316,2026-06-28T17:14:17
baseline_20260628_171417,job_000004,APC-Dedicated,1,ETS_Current,BaselineProduction,2025-05-16,14,2454.5408164494884,2026-06-28T17:14:17
baseline_20260628_171417,job_000004,APC-Dedicated,1,ETS_Current,BaselineProduction,2025-05-17,15,2456.504983444045,2026-06-28T17:14:17
baseline_20260628_171417,job_000004,APC-Dedicated,1,ETS_Current,BaselineProduction,2025-05-18,16,2458.4691504386024,2026-06-28T17:14:17
baseline_20260628_171417,job_000004,APC-Dedicated,1,ETS_Current,BaselineProduction,2025-05-19,17,2460.433317433159,2026-06-28T17:14:17
baseline_20260628_171417,job_000004,APC-Dedicated,1,ETS_Current,BaselineProduction,2025-05-20,18,2462.397484427716,2026-06-28T17:14:17
baseline_20260628_171417,job_000004,APC-Dedicated,1,ETS_Current,BaselineProduction,2025-05-21,19,2464.361651422273,2026-06-28T17:14:17
baseline_20260628_171417,job_000004,APC-Dedicated,1,ETS_Current,BaselineProduction,2025-05-22,20,2466.32581841683,2026-06-28T17:14:17
baseline_20260628_171417,job_000004,APC-Dedicated,1,ETS_Current,BaselineProduction,2025-05-23,21,2468.2899854113866,2026-06-28T17:14:17
baseline_20260628_171417,job_000004,APC-Dedicated,1,ETS_Current,BaselineProduction,2025-05-24,22,2470.254152405944,2026-06-28T17:14:17
baseline_20260628_171417,job_000004,APC-Dedicated,1,ETS_Current,BaselineProduction,2025-05-25,23,2472.2183194005006,2026-06-28T17:14:17
baseline_20260628_171417,job_000004,APC-Dedicated,1,ETS_Current,BaselineProduction,2025-05-26,24,2474.182486395058,2026-06-28T17:14:17
baseline_20260628_171417,job_000004,APC-Dedicated,1,ETS_Current,BaselineProduction,2025-05-27,25,2476.1466533896146,2026-06-28T17:14:17
baseline_20260628_171417,job_000004,APC-Dedicated,1,ETS_Current,BaselineProduction,2025-05-28,26,2478.1108203841713,2026-06-28T17:14:17
baseline_20260628_171417,job_000004,APC-Dedicated,1,ETS_Current,BaselineProduction,2025-05-29,27,2480.0749873787286,2026-06-28T17:14:17
baseline_20260628_171417,job_000004,APC-Dedicated,1,ETS_Current,BaselineProduction,2025-05-30,28,2482.0391543732853,2026-06-28T17:14:17
baseline_20260628_171417,job_000004,APC-Dedicated,1,ETS_Current,BaselineProduction,2025-05-31,29,2484.003321367842,2026-06-28T17:14:17
baseline_20260628_171417,job_000004,APC-Dedicated,1,ETS_Current,BaselineProduction,2025-06-01,30,2485.9674883623993,2026-06-28T17:14:17
baseline_20260628_171417,job_000005,APC-Dedicated,1,FixedGrowth_1_5,BaselineProduction,2025-05-03,1,2428.13071863,2026-06-28T17:14:17
baseline_20260628_171417,job_000005,APC-Dedicated,1,FixedGrowth_1_5,BaselineProduction,2025-05-04,2,2429.3441772600004,2026-06-28T17:14:17
baseline_20260628_171417,job_000005,APC-Dedicated,1,FixedGrowth_1_5,BaselineProduction,2025-05-05,3,2430.5576358900003,2026-06-28T17:14:17
baseline_20260628_171417,job_000005,APC-Dedicated,1,FixedGrowth_1_5,BaselineProduction,2025-05-06,4,2431.77109452,2026-06-28T17:14:17
baseline_20260628_171417,job_000005,APC-Dedicated,1,FixedGrowth_1_5,BaselineProduction,2025-05-07,5,2432.98455315,2026-06-28T17:14:17
baseline_20260628_171417,job_000005,APC-Dedicated,1,FixedGrowth_1_5,BaselineProduction,2025-05-08,6,2434.1980117800003,2026-06-28T17:14:17
baseline_20260628_171417,job_000005,APC-Dedicated,1,FixedGrowth_1_5,BaselineProduction,2025-05-09,7,2435.41147041,2026-06-28T17:14:17
baseline_20260628_171417,job_000005,APC-Dedicated,1,FixedGrowth_1_5,BaselineProduction,2025-05-10,8,2436.62492904,2026-06-28T17:14:17
baseline_20260628_171417,job_000005,APC-Dedicated,1,FixedGrowth_1_5,BaselineProduction,2025-05-11,9,2437.83838767,2026-06-28T17:14:17
baseline_20260628_171417,job_000005,APC-Dedicated,1,FixedGrowth_1_5,BaselineProduction,2025-05-12,10,2439.0518463000003,2026-06-28T17:14:17
baseline_20260628_171417,job_000005,APC-Dedicated,1,FixedGrowth_1_5,BaselineProduction,2025-05-13,11,2440.26530493,2026-06-28T17:14:17
baseline_20260628_171417,job_000005,APC-Dedicated,1,FixedGrowth_1_5,BaselineProduction,2025-05-14,12,2441.47876356,2026-06-28T17:14:17
baseline_20260628_171417,job_000005,APC-Dedicated,1,FixedGrowth_1_5,BaselineProduction,2025-05-15,13,2442.6922221900004,2026-06-28T17:14:17
baseline_20260628_171417,job_000005,APC-Dedicated,1,FixedGrowth_1_5,BaselineProduction,2025-05-16,14,2443.9056808200003,2026-06-28T17:14:17
baseline_20260628_171417,job_000005,APC-Dedicated,1,FixedGrowth_1_5,BaselineProduction,2025-05-17,15,2445.11913945,2026-06-28T17:14:17
baseline_20260628_171417,job_000005,APC-Dedicated,1,FixedGrowth_1_5,BaselineProduction,2025-05-18,16,2446.33259808,2026-06-28T17:14:17
baseline_20260628_171417,job_000005,APC-Dedicated,1,FixedGrowth_1_5,BaselineProduction,2025-05-19,17,2447.5460567100004,2026-06-28T17:14:17
baseline_20260628_171417,job_000005,APC-Dedicated,1,FixedGrowth_1_5,BaselineProduction,2025-05-20,18,2448.7595153400002,2026-06-28T17:14:17
baseline_20260628_171417,job_000005,APC-Dedicated,1,FixedGrowth_1_5,BaselineProduction,2025-05-21,19,2449.97297397,2026-06-28T17:14:17
baseline_20260628_171417,job_000005,APC-Dedicated,1,FixedGrowth_1_5,BaselineProduction,2025-05-22,20,2451.1864326,2026-06-28T17:14:17
baseline_20260628_171417,job_000005,APC-Dedicated,1,FixedGrowth_1_5,BaselineProduction,2025-05-23,21,2452.3998912300003,2026-06-28T17:14:17
baseline_20260628_171417,job_000005,APC-Dedicated,1,FixedGrowth_1_5,BaselineProduction,2025-05-24,22,2453.61334986,2026-06-28T17:14:17
baseline_20260628_171417,job_000005,APC-Dedicated,1,FixedGrowth_1_5,BaselineProduction,2025-05-25,23,2454.82680849,2026-06-28T17:14:17
baseline_20260628_171417,job_000005,APC-Dedicated,1,FixedGrowth_1_5,BaselineProduction,2025-05-26,24,2456.04026712,2026-06-28T17:14:17
baseline_20260628_171417,job_000005,APC-Dedicated,1,FixedGrowth_1_5,BaselineProduction,2025-05-27,25,2457.2537257500003,2026-06-28T17:14:17
baseline_20260628_171417,job_000005,APC-Dedicated,1,FixedGrowth_1_5,BaselineProduction,2025-05-28,26,2458.46718438,2026-06-28T17:14:17
baseline_20260628_171417,job_000005,APC-Dedicated,1,FixedGrowth_1_5,BaselineProduction,2025-05-29,27,2459.68064301,2026-06-28T17:14:17
baseline_20260628_171417,job_000005,APC-Dedicated,1,FixedGrowth_1_5,BaselineProduction,2025-05-30,28,2460.8941016400004,2026-06-28T17:14:17
baseline_20260628_171417,job_000005,APC-Dedicated,1,FixedGrowth_1_5,BaselineProduction,2025-05-31,29,2462.1075602700002,2026-06-28T17:14:17
baseline_20260628_171417,job_000005,APC-Dedicated,1,FixedGrowth_1_5,BaselineProduction,2025-06-01,30,2463.3210189,2026-06-28T17:14:17
baseline_20260628_171417,job_000006,APC-Dedicated,1,FixedGrowth_3,BaselineProduction,2025-05-03,1,2429.3441772600004,2026-06-28T17:14:17
baseline_20260628_171417,job_000006,APC-Dedicated,1,FixedGrowth_3,BaselineProduction,2025-05-04,2,2431.77109452,2026-06-28T17:14:17
baseline_20260628_171417,job_000006,APC-Dedicated,1,FixedGrowth_3,BaselineProduction,2025-05-05,3,2434.1980117800003,2026-06-28T17:14:17
baseline_20260628_171417,job_000006,APC-Dedicated,1,FixedGrowth_3,BaselineProduction,2025-05-06,4,2436.62492904,2026-06-28T17:14:17
baseline_20260628_171417,job_000006,APC-Dedicated,1,FixedGrowth_3,BaselineProduction,2025-05-07,5,2439.0518463000003,2026-06-28T17:14:17
baseline_20260628_171417,job_000006,APC-Dedicated,1,FixedGrowth_3,BaselineProduction,2025-05-08,6,2441.47876356,2026-06-28T17:14:17
baseline_20260628_171417,job_000006,APC-Dedicated,1,FixedGrowth_3,BaselineProduction,2025-05-09,7,2443.9056808200003,2026-06-28T17:14:17
baseline_20260628_171417,job_000006,APC-Dedicated,1,FixedGrowth_3,BaselineProduction,2025-05-10,8,2446.33259808,2026-06-28T17:14:17
baseline_20260628_171417,job_000006,APC-Dedicated,1,FixedGrowth_3,BaselineProduction,2025-05-11,9,2448.7595153400002,2026-06-28T17:14:17
baseline_20260628_171417,job_000006,APC-Dedicated,1,FixedGrowth_3,BaselineProduction,2025-05-12,10,2451.1864326,2026-06-28T17:14:17
baseline_20260628_171417,job_000006,APC-Dedicated,1,FixedGrowth_3,BaselineProduction,2025-05-13,11,2453.61334986,2026-06-28T17:14:17
baseline_20260628_171417,job_000006,APC-Dedicated,1,FixedGrowth_3,BaselineProduction,2025-05-14,12,2456.04026712,2026-06-28T17:14:17
baseline_20260628_171417,job_000006,APC-Dedicated,1,FixedGrowth_3,BaselineProduction,2025-05-15,13,2458.46718438,2026-06-28T17:14:17
baseline_20260628_171417,job_000006,APC-Dedicated,1,FixedGrowth_3,BaselineProduction,2025-05-16,14,2460.8941016400004,2026-06-28T17:14:17
baseline_20260628_171417,job_000006,APC-Dedicated,1,FixedGrowth_3,BaselineProduction,2025-05-17,15,2463.3210189,2026-06-28T17:14:17
baseline_20260628_171417,job_000006,APC-Dedicated,1,FixedGrowth_3,BaselineProduction,2025-05-18,16,2465.7479361600003,2026-06-28T17:14:17
baseline_20260628_171417,job_000006,APC-Dedicated,1,FixedGrowth_3,BaselineProduction,2025-05-19,17,2468.17485342,2026-06-28T17:14:17
baseline_20260628_171417,job_000006,APC-Dedicated,1,FixedGrowth_3,BaselineProduction,2025-05-20,18,2470.6017706800003,2026-06-28T17:14:17
baseline_20260628_171417,job_000006,APC-Dedicated,1,FixedGrowth_3,BaselineProduction,2025-05-21,19,2473.02868794,2026-06-28T17:14:17
baseline_20260628_171417,job_000006,APC-Dedicated,1,FixedGrowth_3,BaselineProduction,2025-05-22,20,2475.4556052000003,2026-06-28T17:14:17
baseline_20260628_171417,job_000006,APC-Dedicated,1,FixedGrowth_3,BaselineProduction,2025-05-23,21,2477.88252246,2026-06-28T17:14:17
baseline_20260628_171417,job_000006,APC-Dedicated,1,FixedGrowth_3,BaselineProduction,2025-05-24,22,2480.3094397200002,2026-06-28T17:14:17
baseline_20260628_171417,job_000006,APC-Dedicated,1,FixedGrowth_3,BaselineProduction,2025-05-25,23,2482.73635698,2026-06-28T17:14:17
baseline_20260628_171417,job_000006,APC-Dedicated,1,FixedGrowth_3,BaselineProduction,2025-05-26,24,2485.16327424,2026-06-28T17:14:17
baseline_20260628_171417,job_000006,APC-Dedicated,1,FixedGrowth_3,BaselineProduction,2025-05-27,25,2487.5901915000004,2026-06-28T17:14:17
baseline_20260628_171417,job_000006,APC-Dedicated,1,FixedGrowth_3,BaselineProduction,2025-05-28,26,2490.01710876,2026-06-28T17:14:17
baseline_20260628_171417,job_000006,APC-Dedicated,1,FixedGrowth_3,BaselineProduction,2025-05-29,27,2492.4440260200004,2026-06-28T17:14:17
baseline_20260628_171417,job_000006,APC-Dedicated,1,FixedGrowth_3,BaselineProduction,2025-05-30,28,2494.87094328,2026-06-28T17:14:17
baseline_20260628_171417,job_000006,APC-Dedicated,1,FixedGrowth_3,BaselineProduction,2025-05-31,29,2497.2978605400003,2026-06-28T17:14:17
baseline_20260628_171417,job_000006,APC-Dedicated,1,FixedGrowth_3,BaselineProduction,2025-06-01,30,2499.7247778,2026-06-28T17:14:17
baseline_20260628_171417,job_000007,APC-Dedicated,1,FixedGrowth_4,BaselineProduction,2025-05-03,1,2430.1531496800003,2026-06-28T17:14:17
baseline_20260628_171417,job_000007,APC-Dedicated,1,FixedGrowth_4,BaselineProduction,2025-05-04,2,2433.38903936,2026-06-28T17:14:17
baseline_20260628_171417,job_000007,APC-Dedicated,1,FixedGrowth_4,BaselineProduction,2025-05-05,3,2436.62492904,2026-06-28T17:14:17
baseline_20260628_171417,job_000007,APC-Dedicated,1,FixedGrowth_4,BaselineProduction,2025-05-06,4,2439.86081872,2026-06-28T17:14:17
baseline_20260628_171417,job_000007,APC-Dedicated,1,FixedGrowth_4,BaselineProduction,2025-05-07,5,2443.0967084000004,2026-06-28T17:14:17
baseline_20260628_171417,job_000007,APC-Dedicated,1,FixedGrowth_4,BaselineProduction,2025-05-08,6,2446.33259808,2026-06-28T17:14:17
baseline_20260628_171417,job_000007,APC-Dedicated,1,FixedGrowth_4,BaselineProduction,2025-05-09,7,2449.56848776,2026-06-28T17:14:17
baseline_20260628_171417,job_000007,APC-Dedicated,1,FixedGrowth_4,BaselineProduction,2025-05-10,8,2452.8043774400003,2026-06-28T17:14:17
baseline_20260628_171417,job_000007,APC-Dedicated,1,FixedGrowth_4,BaselineProduction,2025-05-11,9,2456.04026712,2026-06-28T17:14:17
baseline_20260628_171417,job_000007,APC-Dedicated,1,FixedGrowth_4,BaselineProduction,2025-05-12,10,2459.2761568,2026-06-28T17:14:17
baseline_20260628_171417,job_000007,APC-Dedicated,1,FixedGrowth_4,BaselineProduction,2025-05-13,11,2462.51204648,2026-06-28T17:14:17
baseline_20260628_171417,job_000007,APC-Dedicated,1,FixedGrowth_4,BaselineProduction,2025-05-14,12,2465.7479361600003,2026-06-28T17:14:17
baseline_20260628_171417,job_000007,APC-Dedicated,1,FixedGrowth_4,BaselineProduction,2025-05-15,13,2468.98382584,2026-06-28T17:14:17
baseline_20260628_171417,job_000007,APC-Dedicated,1,FixedGrowth_4,BaselineProduction,2025-05-16,14,2472.21971552,2026-06-28T17:14:17
baseline_20260628_171417,job_000007,APC-Dedicated,1,FixedGrowth_4,BaselineProduction,2025-05-17,15,2475.4556052000003,2026-06-28T17:14:17
baseline_20260628_171417,job_000007,APC-Dedicated,1,FixedGrowth_4,BaselineProduction,2025-05-18,16,2478.6914948800004,2026-06-28T17:14:17
baseline_20260628_171417,job_000007,APC-Dedicated,1,FixedGrowth_4,BaselineProduction,2025-05-19,17,2481.92738456,2026-06-28T17:14:17
baseline_20260628_171417,job_000007,APC-Dedicated,1,FixedGrowth_4,BaselineProduction,2025-05-20,18,2485.16327424,2026-06-28T17:14:17
baseline_20260628_171417,job_000007,APC-Dedicated,1,FixedGrowth_4,BaselineProduction,2025-05-21,19,2488.3991639200003,2026-06-28T17:14:17
baseline_20260628_171417,job_000007,APC-Dedicated,1,FixedGrowth_4,BaselineProduction,2025-05-22,20,2491.6350536,2026-06-28T17:14:17
baseline_20260628_171417,job_000007,APC-Dedicated,1,FixedGrowth_4,BaselineProduction,2025-05-23,21,2494.87094328,2026-06-28T17:14:17
baseline_20260628_171417,job_000007,APC-Dedicated,1,FixedGrowth_4,BaselineProduction,2025-05-24,22,2498.1068329600002,2026-06-28T17:14:17
baseline_20260628_171417,job_000007,APC-Dedicated,1,FixedGrowth_4,BaselineProduction,2025-05-25,23,2501.3427226400004,2026-06-28T17:14:17
baseline_20260628_171417,job_000007,APC-Dedicated,1,FixedGrowth_4,BaselineProduction,2025-05-26,24,2504.57861232,2026-06-28T17:14:17
baseline_20260628_171417,job_000007,APC-Dedicated,1,FixedGrowth_4,BaselineProduction,2025-05-27,25,2507.814502,2026-06-28T17:14:17
baseline_20260628_171417,job_000007,APC-Dedicated,1,FixedGrowth_4,BaselineProduction,2025-05-28,26,2511.0503916800003,2026-06-28T17:14:17
baseline_20260628_171417,job_000007,APC-Dedicated,1,FixedGrowth_4,BaselineProduction,2025-05-29,27,2514.28628136,2026-06-28T17:14:17
baseline_20260628_171417,job_000007,APC-Dedicated,1,FixedGrowth_4,BaselineProduction,2025-05-30,28,2517.52217104,2026-06-28T17:14:17
baseline_20260628_171417,job_000007,APC-Dedicated,1,FixedGrowth_4,BaselineProduction,2025-05-31,29,2520.7580607200002,2026-06-28T17:14:17
baseline_20260628_171417,job_000007,APC-Dedicated,1,FixedGrowth_4,BaselineProduction,2025-06-01,30,2523.9939504000004,2026-06-28T17:14:17
baseline_20260628_171417,job_000008,APC-Dedicated,1,FixedGrowth_6,BaselineProduction,2025-05-03,1,2431.77109452,2026-06-28T17:14:17
baseline_20260628_171417,job_000008,APC-Dedicated,1,FixedGrowth_6,BaselineProduction,2025-05-04,2,2436.62492904,2026-06-28T17:14:17
baseline_20260628_171417,job_000008,APC-Dedicated,1,FixedGrowth_6,BaselineProduction,2025-05-05,3,2441.47876356,2026-06-28T17:14:17
baseline_20260628_171417,job_000008,APC-Dedicated,1,FixedGrowth_6,BaselineProduction,2025-05-06,4,2446.33259808,2026-06-28T17:14:17
baseline_20260628_171417,job_000008,APC-Dedicated,1,FixedGrowth_6,BaselineProduction,2025-05-07,5,2451.1864326,2026-06-28T17:14:17
baseline_20260628_171417,job_000008,APC-Dedicated,1,FixedGrowth_6,BaselineProduction,2025-05-08,6,2456.04026712,2026-06-28T17:14:17
baseline_20260628_171417,job_000008,APC-Dedicated,1,FixedGrowth_6,BaselineProduction,2025-05-09,7,2460.8941016400004,2026-06-28T17:14:17
baseline_20260628_171417,job_000008,APC-Dedicated,1,FixedGrowth_6,BaselineProduction,2025-05-10,8,2465.7479361600003,2026-06-28T17:14:17
baseline_20260628_171417,job_000008,APC-Dedicated,1,FixedGrowth_6,BaselineProduction,2025-05-11,9,2470.6017706800003,2026-06-28T17:14:17
baseline_20260628_171417,job_000008,APC-Dedicated,1,FixedGrowth_6,BaselineProduction,2025-05-12,10,2475.4556052000003,2026-06-28T17:14:17
baseline_20260628_171417,job_000008,APC-Dedicated,1,FixedGrowth_6,BaselineProduction,2025-05-13,11,2480.3094397200002,2026-06-28T17:14:17
baseline_20260628_171417,job_000008,APC-Dedicated,1,FixedGrowth_6,BaselineProduction,2025-05-14,12,2485.16327424,2026-06-28T17:14:17
baseline_20260628_171417,job_000008,APC-Dedicated,1,FixedGrowth_6,BaselineProduction,2025-05-15,13,2490.01710876,2026-06-28T17:14:17
baseline_20260628_171417,job_000008,APC-Dedicated,1,FixedGrowth_6,BaselineProduction,2025-05-16,14,2494.87094328,2026-06-28T17:14:17
baseline_20260628_171417,job_000008,APC-Dedicated,1,FixedGrowth_6,BaselineProduction,2025-05-17,15,2499.7247778,2026-06-28T17:14:17
baseline_20260628_171417,job_000008,APC-Dedicated,1,FixedGrowth_6,BaselineProduction,2025-05-18,16,2504.57861232,2026-06-28T17:14:17
baseline_20260628_171417,job_000008,APC-Dedicated,1,FixedGrowth_6,BaselineProduction,2025-05-19,17,2509.43244684,2026-06-28T17:14:17
baseline_20260628_171417,job_000008,APC-Dedicated,1,FixedGrowth_6,BaselineProduction,2025-05-20,18,2514.28628136,2026-06-28T17:14:17
baseline_20260628_171417,job_000008,APC-Dedicated,1,FixedGrowth_6,BaselineProduction,2025-05-21,19,2519.1401158800004,2026-06-28T17:14:17
baseline_20260628_171417,job_000008,APC-Dedicated,1,FixedGrowth_6,BaselineProduction,2025-05-22,20,2523.9939504000004,2026-06-28T17:14:17
baseline_20260628_171417,job_000008,APC-Dedicated,1,FixedGrowth_6,BaselineProduction,2025-05-23,21,2528.8477849200003,2026-06-28T17:14:17
baseline_20260628_171417,job_000008,APC-Dedicated,1,FixedGrowth_6,BaselineProduction,2025-05-24,22,2533.7016194400003,2026-06-28T17:14:17
baseline_20260628_171417,job_000008,APC-Dedicated,1,FixedGrowth_6,BaselineProduction,2025-05-25,23,2538.5554539600002,2026-06-28T17:14:17
baseline_20260628_171417,job_000008,APC-Dedicated,1,FixedGrowth_6,BaselineProduction,2025-05-26,24,2543.40928848,2026-06-28T17:14:17
baseline_20260628_171417,job_000008,APC-Dedicated,1,FixedGrowth_6,BaselineProduction,2025-05-27,25,2548.263123,2026-06-28T17:14:17
baseline_20260628_171417,job_000008,APC-Dedicated,1,FixedGrowth_6,BaselineProduction,2025-05-28,26,2553.11695752,2026-06-28T17:14:17
baseline_20260628_171417,job_000008,APC-Dedicated,1,FixedGrowth_6,BaselineProduction,2025-05-29,27,2557.97079204,2026-06-28T17:14:17
baseline_20260628_171417,job_000008,APC-Dedicated,1,FixedGrowth_6,BaselineProduction,2025-05-30,28,2562.82462656,2026-06-28T17:14:17
baseline_20260628_171417,job_000008,APC-Dedicated,1,FixedGrowth_6,BaselineProduction,2025-05-31,29,2567.67846108,2026-06-28T17:14:17
baseline_20260628_171417,job_000008,APC-Dedicated,1,FixedGrowth_6,BaselineProduction,2025-06-01,30,2572.5322956,2026-06-28T17:14:17
baseline_20260628_171417,job_000010,APC-Dedicated,1,LinearRegression,BaselineProduction,2025-05-03,1,2425.4113520656597,2026-06-28T17:14:17
baseline_20260628_171417,job_000010,APC-Dedicated,1,LinearRegression,BaselineProduction,2025-05-04,2,2427.2967863827903,2026-06-28T17:14:17
baseline_20260628_171417,job_000010,APC-Dedicated,1,LinearRegression,BaselineProduction,2025-05-05,3,2429.2884581034746,2026-06-28T17:14:17
baseline_20260628_171417,job_000010,APC-Dedicated,1,LinearRegression,BaselineProduction,2025-05-06,4,2431.3096578602663,2026-06-28T17:14:17
baseline_20260628_171417,job_000010,APC-Dedicated,1,LinearRegression,BaselineProduction,2025-05-07,5,2433.373841231546,2026-06-28T17:14:17
baseline_20260628_171417,job_000010,APC-Dedicated,1,LinearRegression,BaselineProduction,2025-05-08,6,2435.448160846024,2026-06-28T17:14:17
baseline_20260628_171417,job_000010,APC-Dedicated,1,LinearRegression,BaselineProduction,2025-05-09,7,2437.51838704299,2026-06-28T17:14:17
baseline_20260628_171417,job_000010,APC-Dedicated,1,LinearRegression,BaselineProduction,2025-05-10,8,2439.536948064479,2026-06-28T17:14:17
baseline_20260628_171417,job_000010,APC-Dedicated,1,LinearRegression,BaselineProduction,2025-05-11,9,2441.593917344235,2026-06-28T17:14:17
baseline_20260628_171417,job_000010,APC-Dedicated,1,LinearRegression,BaselineProduction,2025-05-12,10,2443.619683183978,2026-06-28T17:14:17
baseline_20260628_171417,job_000010,APC-Dedicated,1,LinearRegression,BaselineProduction,2025-05-13,11,2445.663050424922,2026-06-28T17:14:17
baseline_20260628_171417,job_000010,APC-Dedicated,1,LinearRegression,BaselineProduction,2025-05-14,12,2447.7269252690685,2026-06-28T17:14:17
baseline_20260628_171417,job_000010,APC-Dedicated,1,LinearRegression,BaselineProduction,2025-05-15,13,2449.785068456484,2026-06-28T17:14:17
baseline_20260628_171417,job_000010,APC-Dedicated,1,LinearRegression,BaselineProduction,2025-05-16,14,2451.827472364972,2026-06-28T17:14:17
baseline_20260628_171417,job_000010,APC-Dedicated,1,LinearRegression,BaselineProduction,2025-05-17,15,2453.8507447111565,2026-06-28T17:14:17
baseline_20260628_171417,job_000010,APC-Dedicated,1,LinearRegression,BaselineProduction,2025-05-18,16,2455.843083257947,2026-06-28T17:14:17
baseline_20260628_171417,job_000010,APC-Dedicated,1,LinearRegression,BaselineProduction,2025-05-19,17,2457.824013519408,2026-06-28T17:14:17
baseline_20260628_171417,job_000010,APC-Dedicated,1,LinearRegression,BaselineProduction,2025-05-20,18,2459.8007344006014,2026-06-28T17:14:17
baseline_20260628_171417,job_000010,APC-Dedicated,1,LinearRegression,BaselineProduction,2025-05-21,19,2461.763917333416,2026-06-28T17:14:17
baseline_20260628_171417,job_000010,APC-Dedicated,1,LinearRegression,BaselineProduction,2025-05-22,20,2463.7600281572295,2026-06-28T17:14:17
baseline_20260628_171417,job_000010,APC-Dedicated,1,LinearRegression,BaselineProduction,2025-05-23,21,2465.7613841814705,2026-06-28T17:14:17
baseline_20260628_171417,job_000010,APC-Dedicated,1,LinearRegression,BaselineProduction,2025-05-24,22,2467.7262406307646,2026-06-28T17:14:17
baseline_20260628_171417,job_000010,APC-Dedicated,1,LinearRegression,BaselineProduction,2025-05-25,23,2469.643108682977,2026-06-28T17:14:17
baseline_20260628_171417,job_000010,APC-Dedicated,1,LinearRegression,BaselineProduction,2025-05-26,24,2471.540882936097,2026-06-28T17:14:17
baseline_20260628_171417,job_000010,APC-Dedicated,1,LinearRegression,BaselineProduction,2025-05-27,25,2473.4540109413765,2026-06-28T17:14:17
baseline_20260628_171417,job_000010,APC-Dedicated,1,LinearRegression,BaselineProduction,2025-05-28,26,2475.384040958288,2026-06-28T17:14:17
baseline_20260628_171417,job_000010,APC-Dedicated,1,LinearRegression,BaselineProduction,2025-05-29,27,2477.309168605662,2026-06-28T17:14:17
baseline_20260628_171417,job_000010,APC-Dedicated,1,LinearRegression,BaselineProduction,2025-05-30,28,2479.2128277930933,2026-06-28T17:14:17
baseline_20260628_171417,job_000010,APC-Dedicated,1,LinearRegression,BaselineProduction,2025-05-31,29,2481.106706144692,2026-06-28T17:14:17
baseline_20260628_171417,job_000010,APC-Dedicated,1,LinearRegression,BaselineProduction,2025-06-01,30,2483.015502926175,2026-06-28T17:14:17
baseline_20260628_171417,job_000015,APC-Dedicated,2,ARIMA_Fixed,BaselineProduction,2025-06-02,1,2182.374441,2026-06-28T17:14:17
baseline_20260628_171417,job_000015,APC-Dedicated,2,ARIMA_Fixed,BaselineProduction,2025-06-03,2,2177.726257,2026-06-28T17:14:17
baseline_20260628_171417,job_000015,APC-Dedicated,2,ARIMA_Fixed,BaselineProduction,2025-06-04,3,2173.0780729999997,2026-06-28T17:14:17
baseline_20260628_171417,job_000015,APC-Dedicated,2,ARIMA_Fixed,BaselineProduction,2025-06-05,4,2168.4298889999995,2026-06-28T17:14:17
baseline_20260628_171417,job_000015,APC-Dedicated,2,ARIMA_Fixed,BaselineProduction,2025-06-06,5,2163.7817049999994,2026-06-28T17:14:17
baseline_20260628_171417,job_000015,APC-Dedicated,2,ARIMA_Fixed,BaselineProduction,2025-06-07,6,2159.1335209999993,2026-06-28T17:14:17
baseline_20260628_171417,job_000015,APC-Dedicated,2,ARIMA_Fixed,BaselineProduction,2025-06-08,7,2154.485336999999,2026-06-28T17:14:17
baseline_20260628_171417,job_000015,APC-Dedicated,2,ARIMA_Fixed,BaselineProduction,2025-06-09,8,2149.837152999999,2026-06-28T17:14:17
baseline_20260628_171417,job_000015,APC-Dedicated,2,ARIMA_Fixed,BaselineProduction,2025-06-10,9,2145.188968999999,2026-06-28T17:14:17
baseline_20260628_171417,job_000015,APC-Dedicated,2,ARIMA_Fixed,BaselineProduction,2025-06-11,10,2140.540784999999,2026-06-28T17:14:17
baseline_20260628_171417,job_000015,APC-Dedicated,2,ARIMA_Fixed,BaselineProduction,2025-06-12,11,2135.8926009999986,2026-06-28T17:14:17
baseline_20260628_171417,job_000015,APC-Dedicated,2,ARIMA_Fixed,BaselineProduction,2025-06-13,12,2131.2444169999985,2026-06-28T17:14:17
baseline_20260628_171417,job_000015,APC-Dedicated,2,ARIMA_Fixed,BaselineProduction,2025-06-14,13,2126.5962329999984,2026-06-28T17:14:17
baseline_20260628_171417,job_000015,APC-Dedicated,2,ARIMA_Fixed,BaselineProduction,2025-06-15,14,2121.9480489999983,2026-06-28T17:14:17
baseline_20260628_171417,job_000015,APC-Dedicated,2,ARIMA_Fixed,BaselineProduction,2025-06-16,15,2117.299864999998,2026-06-28T17:14:17
baseline_20260628_171417,job_000015,APC-Dedicated,2,ARIMA_Fixed,BaselineProduction,2025-06-17,16,2112.651680999998,2026-06-28T17:14:17
baseline_20260628_171417,job_000015,APC-Dedicated,2,ARIMA_Fixed,BaselineProduction,2025-06-18,17,2108.003496999998,2026-06-28T17:14:17
baseline_20260628_171417,job_000015,APC-Dedicated,2,ARIMA_Fixed,BaselineProduction,2025-06-19,18,2103.3553129999978,2026-06-28T17:14:17
baseline_20260628_171417,job_000015,APC-Dedicated,2,ARIMA_Fixed,BaselineProduction,2025-06-20,19,2098.7071289999976,2026-06-28T17:14:17
baseline_20260628_171417,job_000015,APC-Dedicated,2,ARIMA_Fixed,BaselineProduction,2025-06-21,20,2094.0589449999975,2026-06-28T17:14:17
baseline_20260628_171417,job_000015,APC-Dedicated,2,ARIMA_Fixed,BaselineProduction,2025-06-22,21,2089.4107609999974,2026-06-28T17:14:17
baseline_20260628_171417,job_000015,APC-Dedicated,2,ARIMA_Fixed,BaselineProduction,2025-06-23,22,2084.7625769999972,2026-06-28T17:14:17
baseline_20260628_171417,job_000015,APC-Dedicated,2,ARIMA_Fixed,BaselineProduction,2025-06-24,23,2080.114392999997,2026-06-28T17:14:17
baseline_20260628_171417,job_000015,APC-Dedicated,2,ARIMA_Fixed,BaselineProduction,2025-06-25,24,2075.466208999997,2026-06-28T17:14:17
baseline_20260628_171417,job_000015,APC-Dedicated,2,ARIMA_Fixed,BaselineProduction,2025-06-26,25,2070.818024999997,2026-06-28T17:14:17
baseline_20260628_171417,job_000015,APC-Dedicated,2,ARIMA_Fixed,BaselineProduction,2025-06-27,26,2066.1698409999967,2026-06-28T17:14:17
baseline_20260628_171417,job_000015,APC-Dedicated,2,ARIMA_Fixed,BaselineProduction,2025-06-28,27,2061.5216569999966,2026-06-28T17:14:17
baseline_20260628_171417,job_000015,APC-Dedicated,2,ARIMA_Fixed,BaselineProduction,2025-06-29,28,2056.8734729999965,2026-06-28T17:14:17
baseline_20260628_171417,job_000015,APC-Dedicated,2,ARIMA_Fixed,BaselineProduction,2025-06-30,29,2052.2252889999963,2026-06-28T17:14:17
baseline_20260628_171417,job_000015,APC-Dedicated,2,ARIMA_Fixed,BaselineProduction,2025-07-01,30,2047.5771049999962,2026-06-28T17:14:17
baseline_20260628_171417,job_000018,APC-Dedicated,2,ETS_Current,BaselineProduction,2025-06-02,1,2180.1070699802112,2026-06-28T17:14:17
baseline_20260628_171417,job_000018,APC-Dedicated,2,ETS_Current,BaselineProduction,2025-06-03,2,2173.829475814401,2026-06-28T17:14:17
baseline_20260628_171417,job_000018,APC-Dedicated,2,ETS_Current,BaselineProduction,2025-06-04,3,2167.5518816485906,2026-06-28T17:14:17
baseline_20260628_171417,job_000018,APC-Dedicated,2,ETS_Current,BaselineProduction,2025-06-05,4,2161.27428748278,2026-06-28T17:14:17
baseline_20260628_171417,job_000018,APC-Dedicated,2,ETS_Current,BaselineProduction,2025-06-06,5,2154.9966933169694,2026-06-28T17:14:17
baseline_20260628_171417,job_000018,APC-Dedicated,2,ETS_Current,BaselineProduction,2025-06-07,6,2148.7190991511593,2026-06-28T17:14:17
baseline_20260628_171417,job_000018,APC-Dedicated,2,ETS_Current,BaselineProduction,2025-06-08,7,2142.4415049853487,2026-06-28T17:14:17
baseline_20260628_171417,job_000018,APC-Dedicated,2,ETS_Current,BaselineProduction,2025-06-09,8,2136.163910819538,2026-06-28T17:14:17
baseline_20260628_171417,job_000018,APC-Dedicated,2,ETS_Current,BaselineProduction,2025-06-10,9,2129.8863166537276,2026-06-28T17:14:17
baseline_20260628_171417,job_000018,APC-Dedicated,2,ETS_Current,BaselineProduction,2025-06-11,10,2123.6087224879175,2026-06-28T17:14:17
baseline_20260628_171417,job_000018,APC-Dedicated,2,ETS_Current,BaselineProduction,2025-06-12,11,2117.331128322107,2026-06-28T17:14:17
baseline_20260628_171417,job_000018,APC-Dedicated,2,ETS_Current,BaselineProduction,2025-06-13,12,2111.0535341562963,2026-06-28T17:14:17
baseline_20260628_171417,job_000018,APC-Dedicated,2,ETS_Current,BaselineProduction,2025-06-14,13,2104.7759399904858,2026-06-28T17:14:17
baseline_20260628_171417,job_000018,APC-Dedicated,2,ETS_Current,BaselineProduction,2025-06-15,14,2098.4983458246757,2026-06-28T17:14:17
baseline_20260628_171417,job_000018,APC-Dedicated,2,ETS_Current,BaselineProduction,2025-06-16,15,2092.220751658865,2026-06-28T17:14:17
baseline_20260628_171417,job_000018,APC-Dedicated,2,ETS_Current,BaselineProduction,2025-06-17,16,2085.9431574930545,2026-06-28T17:14:17
baseline_20260628_171417,job_000018,APC-Dedicated,2,ETS_Current,BaselineProduction,2025-06-18,17,2079.6655633272444,2026-06-28T17:14:17
baseline_20260628_171417,job_000018,APC-Dedicated,2,ETS_Current,BaselineProduction,2025-06-19,18,2073.387969161434,2026-06-28T17:14:17
baseline_20260628_171417,job_000018,APC-Dedicated,2,ETS_Current,BaselineProduction,2025-06-20,19,2067.1103749956233,2026-06-28T17:14:17
baseline_20260628_171417,job_000018,APC-Dedicated,2,ETS_Current,BaselineProduction,2025-06-21,20,2060.8327808298127,2026-06-28T17:14:17
baseline_20260628_171417,job_000018,APC-Dedicated,2,ETS_Current,BaselineProduction,2025-06-22,21,2054.5551866640026,2026-06-28T17:14:17
baseline_20260628_171417,job_000018,APC-Dedicated,2,ETS_Current,BaselineProduction,2025-06-23,22,2048.277592498192,2026-06-28T17:14:17
baseline_20260628_171417,job_000018,APC-Dedicated,2,ETS_Current,BaselineProduction,2025-06-24,23,2041.9999983323814,2026-06-28T17:14:17
baseline_20260628_171417,job_000018,APC-Dedicated,2,ETS_Current,BaselineProduction,2025-06-25,24,2035.722404166571,2026-06-28T17:14:17
baseline_20260628_171417,job_000018,APC-Dedicated,2,ETS_Current,BaselineProduction,2025-06-26,25,2029.4448100007605,2026-06-28T17:14:17
baseline_20260628_171417,job_000018,APC-Dedicated,2,ETS_Current,BaselineProduction,2025-06-27,26,2023.1672158349502,2026-06-28T17:14:17
baseline_20260628_171417,job_000018,APC-Dedicated,2,ETS_Current,BaselineProduction,2025-06-28,27,2016.8896216691396,2026-06-28T17:14:17
baseline_20260628_171417,job_000018,APC-Dedicated,2,ETS_Current,BaselineProduction,2025-06-29,28,2010.6120275033293,2026-06-28T17:14:17
baseline_20260628_171417,job_000018,APC-Dedicated,2,ETS_Current,BaselineProduction,2025-06-30,29,2004.334433337519,2026-06-28T17:14:17
baseline_20260628_171417,job_000018,APC-Dedicated,2,ETS_Current,BaselineProduction,2025-07-01,30,1998.0568391717084,2026-06-28T17:14:17
baseline_20260628_171417,job_000019,APC-Dedicated,2,FixedGrowth_1_5,BaselineProduction,2025-06-02,1,2188.1161363125,2026-06-28T17:14:17
baseline_20260628_171417,job_000019,APC-Dedicated,2,FixedGrowth_1_5,BaselineProduction,2025-06-03,2,2189.209647625,2026-06-28T17:14:17
baseline_20260628_171417,job_000019,APC-Dedicated,2,FixedGrowth_1_5,BaselineProduction,2025-06-04,3,2190.3031589375,2026-06-28T17:14:17
baseline_20260628_171417,job_000019,APC-Dedicated,2,FixedGrowth_1_5,BaselineProduction,2025-06-05,4,2191.39667025,2026-06-28T17:14:17
baseline_20260628_171417,job_000019,APC-Dedicated,2,FixedGrowth_1_5,BaselineProduction,2025-06-06,5,2192.4901815625,2026-06-28T17:14:17
baseline_20260628_171417,job_000019,APC-Dedicated,2,FixedGrowth_1_5,BaselineProduction,2025-06-07,6,2193.583692875,2026-06-28T17:14:17
baseline_20260628_171417,job_000019,APC-Dedicated,2,FixedGrowth_1_5,BaselineProduction,2025-06-08,7,2194.6772041875,2026-06-28T17:14:17
baseline_20260628_171417,job_000019,APC-Dedicated,2,FixedGrowth_1_5,BaselineProduction,2025-06-09,8,2195.7707155000003,2026-06-28T17:14:17
baseline_20260628_171417,job_000019,APC-Dedicated,2,FixedGrowth_1_5,BaselineProduction,2025-06-10,9,2196.8642268125,2026-06-28T17:14:17
baseline_20260628_171417,job_000019,APC-Dedicated,2,FixedGrowth_1_5,BaselineProduction,2025-06-11,10,2197.957738125,2026-06-28T17:14:17
baseline_20260628_171417,job_000019,APC-Dedicated,2,FixedGrowth_1_5,BaselineProduction,2025-06-12,11,2199.0512494375002,2026-06-28T17:14:17
baseline_20260628_171417,job_000019,APC-Dedicated,2,FixedGrowth_1_5,BaselineProduction,2025-06-13,12,2200.14476075,2026-06-28T17:14:17
baseline_20260628_171417,job_000019,APC-Dedicated,2,FixedGrowth_1_5,BaselineProduction,2025-06-14,13,2201.2382720625,2026-06-28T17:14:17
baseline_20260628_171417,job_000019,APC-Dedicated,2,FixedGrowth_1_5,BaselineProduction,2025-06-15,14,2202.331783375,2026-06-28T17:14:17
baseline_20260628_171417,job_000019,APC-Dedicated,2,FixedGrowth_1_5,BaselineProduction,2025-06-16,15,2203.4252946875,2026-06-28T17:14:17
baseline_20260628_171417,job_000019,APC-Dedicated,2,FixedGrowth_1_5,BaselineProduction,2025-06-17,16,2204.518806,2026-06-28T17:14:17
baseline_20260628_171417,job_000019,APC-Dedicated,2,FixedGrowth_1_5,BaselineProduction,2025-06-18,17,2205.6123173125,2026-06-28T17:14:17
baseline_20260628_171417,job_000019,APC-Dedicated,2,FixedGrowth_1_5,BaselineProduction,2025-06-19,18,2206.705828625,2026-06-28T17:14:17
baseline_20260628_171417,job_000019,APC-Dedicated,2,FixedGrowth_1_5,BaselineProduction,2025-06-20,19,2207.7993399375,2026-06-28T17:14:17
baseline_20260628_171417,job_000019,APC-Dedicated,2,FixedGrowth_1_5,BaselineProduction,2025-06-21,20,2208.89285125,2026-06-28T17:14:17
baseline_20260628_171417,job_000019,APC-Dedicated,2,FixedGrowth_1_5,BaselineProduction,2025-06-22,21,2209.9863625625003,2026-06-28T17:14:17
baseline_20260628_171417,job_000019,APC-Dedicated,2,FixedGrowth_1_5,BaselineProduction,2025-06-23,22,2211.079873875,2026-06-28T17:14:17
baseline_20260628_171417,job_000019,APC-Dedicated,2,FixedGrowth_1_5,BaselineProduction,2025-06-24,23,2212.1733851875,2026-06-28T17:14:17
baseline_20260628_171417,job_000019,APC-Dedicated,2,FixedGrowth_1_5,BaselineProduction,2025-06-25,24,2213.2668965000003,2026-06-28T17:14:17
baseline_20260628_171417,job_000019,APC-Dedicated,2,FixedGrowth_1_5,BaselineProduction,2025-06-26,25,2214.3604078125,2026-06-28T17:14:17
baseline_20260628_171417,job_000019,APC-Dedicated,2,FixedGrowth_1_5,BaselineProduction,2025-06-27,26,2215.453919125,2026-06-28T17:14:17
baseline_20260628_171417,job_000019,APC-Dedicated,2,FixedGrowth_1_5,BaselineProduction,2025-06-28,27,2216.5474304375,2026-06-28T17:14:17
baseline_20260628_171417,job_000019,APC-Dedicated,2,FixedGrowth_1_5,BaselineProduction,2025-06-29,28,2217.64094175,2026-06-28T17:14:17
baseline_20260628_171417,job_000019,APC-Dedicated,2,FixedGrowth_1_5,BaselineProduction,2025-06-30,29,2218.7344530625,2026-06-28T17:14:17
baseline_20260628_171417,job_000019,APC-Dedicated,2,FixedGrowth_1_5,BaselineProduction,2025-07-01,30,2219.827964375,2026-06-28T17:14:17
baseline_20260628_171417,job_000020,APC-Dedicated,2,FixedGrowth_3,BaselineProduction,2025-06-02,1,2189.209647625,2026-06-28T17:14:17
baseline_20260628_171417,job_000020,APC-Dedicated,2,FixedGrowth_3,BaselineProduction,2025-06-03,2,2191.39667025,2026-06-28T17:14:17
baseline_20260628_171417,job_000020,APC-Dedicated,2,FixedGrowth_3,BaselineProduction,2025-06-04,3,2193.583692875,2026-06-28T17:14:17
baseline_20260628_171417,job_000020,APC-Dedicated,2,FixedGrowth_3,BaselineProduction,2025-06-05,4,2195.7707155000003,2026-06-28T17:14:17
baseline_20260628_171417,job_000020,APC-Dedicated,2,FixedGrowth_3,BaselineProduction,2025-06-06,5,2197.957738125,2026-06-28T17:14:17
baseline_20260628_171417,job_000020,APC-Dedicated,2,FixedGrowth_3,BaselineProduction,2025-06-07,6,2200.14476075,2026-06-28T17:14:17
baseline_20260628_171417,job_000020,APC-Dedicated,2,FixedGrowth_3,BaselineProduction,2025-06-08,7,2202.331783375,2026-06-28T17:14:17
baseline_20260628_171417,job_000020,APC-Dedicated,2,FixedGrowth_3,BaselineProduction,2025-06-09,8,2204.518806,2026-06-28T17:14:17
baseline_20260628_171417,job_000020,APC-Dedicated,2,FixedGrowth_3,BaselineProduction,2025-06-10,9,2206.705828625,2026-06-28T17:14:17
baseline_20260628_171417,job_000020,APC-Dedicated,2,FixedGrowth_3,BaselineProduction,2025-06-11,10,2208.89285125,2026-06-28T17:14:17
baseline_20260628_171417,job_000020,APC-Dedicated,2,FixedGrowth_3,BaselineProduction,2025-06-12,11,2211.079873875,2026-06-28T17:14:17
baseline_20260628_171417,job_000020,APC-Dedicated,2,FixedGrowth_3,BaselineProduction,2025-06-13,12,2213.2668965000003,2026-06-28T17:14:17
baseline_20260628_171417,job_000020,APC-Dedicated,2,FixedGrowth_3,BaselineProduction,2025-06-14,13,2215.453919125,2026-06-28T17:14:17
baseline_20260628_171417,job_000020,APC-Dedicated,2,FixedGrowth_3,BaselineProduction,2025-06-15,14,2217.64094175,2026-06-28T17:14:17
baseline_20260628_171417,job_000020,APC-Dedicated,2,FixedGrowth_3,BaselineProduction,2025-06-16,15,2219.827964375,2026-06-28T17:14:17
baseline_20260628_171417,job_000020,APC-Dedicated,2,FixedGrowth_3,BaselineProduction,2025-06-17,16,2222.014987,2026-06-28T17:14:17
baseline_20260628_171417,job_000020,APC-Dedicated,2,FixedGrowth_3,BaselineProduction,2025-06-18,17,2224.202009625,2026-06-28T17:14:17
baseline_20260628_171417,job_000020,APC-Dedicated,2,FixedGrowth_3,BaselineProduction,2025-06-19,18,2226.38903225,2026-06-28T17:14:17
baseline_20260628_171417,job_000020,APC-Dedicated,2,FixedGrowth_3,BaselineProduction,2025-06-20,19,2228.576054875,2026-06-28T17:14:17
baseline_20260628_171417,job_000020,APC-Dedicated,2,FixedGrowth_3,BaselineProduction,2025-06-21,20,2230.7630775000002,2026-06-28T17:14:17
baseline_20260628_171417,job_000020,APC-Dedicated,2,FixedGrowth_3,BaselineProduction,2025-06-22,21,2232.950100125,2026-06-28T17:14:17
baseline_20260628_171417,job_000020,APC-Dedicated,2,FixedGrowth_3,BaselineProduction,2025-06-23,22,2235.13712275,2026-06-28T17:14:17
baseline_20260628_171417,job_000020,APC-Dedicated,2,FixedGrowth_3,BaselineProduction,2025-06-24,23,2237.324145375,2026-06-28T17:14:17
baseline_20260628_171417,job_000020,APC-Dedicated,2,FixedGrowth_3,BaselineProduction,2025-06-25,24,2239.511168,2026-06-28T17:14:17
baseline_20260628_171417,job_000020,APC-Dedicated,2,FixedGrowth_3,BaselineProduction,2025-06-26,25,2241.6981906250003,2026-06-28T17:14:17
baseline_20260628_171417,job_000020,APC-Dedicated,2,FixedGrowth_3,BaselineProduction,2025-06-27,26,2243.88521325,2026-06-28T17:14:17
baseline_20260628_171417,job_000020,APC-Dedicated,2,FixedGrowth_3,BaselineProduction,2025-06-28,27,2246.072235875,2026-06-28T17:14:17
baseline_20260628_171417,job_000020,APC-Dedicated,2,FixedGrowth_3,BaselineProduction,2025-06-29,28,2248.2592585,2026-06-28T17:14:17
baseline_20260628_171417,job_000020,APC-Dedicated,2,FixedGrowth_3,BaselineProduction,2025-06-30,29,2250.446281125,2026-06-28T17:14:17
baseline_20260628_171417,job_000020,APC-Dedicated,2,FixedGrowth_3,BaselineProduction,2025-07-01,30,2252.63330375,2026-06-28T17:14:17
baseline_20260628_171417,job_000021,APC-Dedicated,2,FixedGrowth_4,BaselineProduction,2025-06-02,1,2189.9386551666666,2026-06-28T17:14:17
baseline_20260628_171417,job_000021,APC-Dedicated,2,FixedGrowth_4,BaselineProduction,2025-06-03,2,2192.8546853333332,2026-06-28T17:14:17
baseline_20260628_171417,job_000021,APC-Dedicated,2,FixedGrowth_4,BaselineProduction,2025-06-04,3,2195.7707155000003,2026-06-28T17:14:17
baseline_20260628_171417,job_000021,APC-Dedicated,2,FixedGrowth_4,BaselineProduction,2025-06-05,4,2198.686745666667,2026-06-28T17:14:17
baseline_20260628_171417,job_000021,APC-Dedicated,2,FixedGrowth_4,BaselineProduction,2025-06-06,5,2201.6027758333335,2026-06-28T17:14:17
baseline_20260628_171417,job_000021,APC-Dedicated,2,FixedGrowth_4,BaselineProduction,2025-06-07,6,2204.518806,2026-06-28T17:14:17
baseline_20260628_171417,job_000021,APC-Dedicated,2,FixedGrowth_4,BaselineProduction,2025-06-08,7,2207.4348361666666,2026-06-28T17:14:17
baseline_20260628_171417,job_000021,APC-Dedicated,2,FixedGrowth_4,BaselineProduction,2025-06-09,8,2210.350866333333,2026-06-28T17:14:17
baseline_20260628_171417,job_000021,APC-Dedicated,2,FixedGrowth_4,BaselineProduction,2025-06-10,9,2213.2668965000003,2026-06-28T17:14:17
baseline_20260628_171417,job_000021,APC-Dedicated,2,FixedGrowth_4,BaselineProduction,2025-06-11,10,2216.182926666667,2026-06-28T17:14:17
baseline_20260628_171417,job_000021,APC-Dedicated,2,FixedGrowth_4,BaselineProduction,2025-06-12,11,2219.0989568333334,2026-06-28T17:14:17
baseline_20260628_171417,job_000021,APC-Dedicated,2,FixedGrowth_4,BaselineProduction,2025-06-13,12,2222.014987,2026-06-28T17:14:17
baseline_20260628_171417,job_000021,APC-Dedicated,2,FixedGrowth_4,BaselineProduction,2025-06-14,13,2224.9310171666666,2026-06-28T17:14:17
baseline_20260628_171417,job_000021,APC-Dedicated,2,FixedGrowth_4,BaselineProduction,2025-06-15,14,2227.847047333333,2026-06-28T17:14:17
baseline_20260628_171417,job_000021,APC-Dedicated,2,FixedGrowth_4,BaselineProduction,2025-06-16,15,2230.7630775000002,2026-06-28T17:14:17
baseline_20260628_171417,job_000021,APC-Dedicated,2,FixedGrowth_4,BaselineProduction,2025-06-17,16,2233.679107666667,2026-06-28T17:14:17
baseline_20260628_171417,job_000021,APC-Dedicated,2,FixedGrowth_4,BaselineProduction,2025-06-18,17,2236.5951378333334,2026-06-28T17:14:17
baseline_20260628_171417,job_000021,APC-Dedicated,2,FixedGrowth_4,BaselineProduction,2025-06-19,18,2239.511168,2026-06-28T17:14:17
baseline_20260628_171417,job_000021,APC-Dedicated,2,FixedGrowth_4,BaselineProduction,2025-06-20,19,2242.4271981666666,2026-06-28T17:14:17
baseline_20260628_171417,job_000021,APC-Dedicated,2,FixedGrowth_4,BaselineProduction,2025-06-21,20,2245.343228333333,2026-06-28T17:14:17
baseline_20260628_171417,job_000021,APC-Dedicated,2,FixedGrowth_4,BaselineProduction,2025-06-22,21,2248.2592585,2026-06-28T17:14:17
baseline_20260628_171417,job_000021,APC-Dedicated,2,FixedGrowth_4,BaselineProduction,2025-06-23,22,2251.175288666667,2026-06-28T17:14:17
baseline_20260628_171417,job_000021,APC-Dedicated,2,FixedGrowth_4,BaselineProduction,2025-06-24,23,2254.0913188333334,2026-06-28T17:14:17
baseline_20260628_171417,job_000021,APC-Dedicated,2,FixedGrowth_4,BaselineProduction,2025-06-25,24,2257.007349,2026-06-28T17:14:17
baseline_20260628_171417,job_000021,APC-Dedicated,2,FixedGrowth_4,BaselineProduction,2025-06-26,25,2259.9233791666666,2026-06-28T17:14:17
baseline_20260628_171417,job_000021,APC-Dedicated,2,FixedGrowth_4,BaselineProduction,2025-06-27,26,2262.8394093333336,2026-06-28T17:14:17
baseline_20260628_171417,job_000021,APC-Dedicated,2,FixedGrowth_4,BaselineProduction,2025-06-28,27,2265.7554395,2026-06-28T17:14:17
baseline_20260628_171417,job_000021,APC-Dedicated,2,FixedGrowth_4,BaselineProduction,2025-06-29,28,2268.671469666667,2026-06-28T17:14:17
baseline_20260628_171417,job_000021,APC-Dedicated,2,FixedGrowth_4,BaselineProduction,2025-06-30,29,2271.5874998333334,2026-06-28T17:14:17
baseline_20260628_171417,job_000021,APC-Dedicated,2,FixedGrowth_4,BaselineProduction,2025-07-01,30,2274.50353,2026-06-28T17:14:17
baseline_20260628_171417,job_000022,APC-Dedicated,2,FixedGrowth_6,BaselineProduction,2025-06-02,1,2191.39667025,2026-06-28T17:14:17
baseline_20260628_171417,job_000022,APC-Dedicated,2,FixedGrowth_6,BaselineProduction,2025-06-03,2,2195.7707155000003,2026-06-28T17:14:17
baseline_20260628_171417,job_000022,APC-Dedicated,2,FixedGrowth_6,BaselineProduction,2025-06-04,3,2200.14476075,2026-06-28T17:14:17
baseline_20260628_171417,job_000022,APC-Dedicated,2,FixedGrowth_6,BaselineProduction,2025-06-05,4,2204.518806,2026-06-28T17:14:17
baseline_20260628_171417,job_000022,APC-Dedicated,2,FixedGrowth_6,BaselineProduction,2025-06-06,5,2208.89285125,2026-06-28T17:14:17
baseline_20260628_171417,job_000022,APC-Dedicated,2,FixedGrowth_6,BaselineProduction,2025-06-07,6,2213.2668965000003,2026-06-28T17:14:17
baseline_20260628_171417,job_000022,APC-Dedicated,2,FixedGrowth_6,BaselineProduction,2025-06-08,7,2217.64094175,2026-06-28T17:14:17
baseline_20260628_171417,job_000022,APC-Dedicated,2,FixedGrowth_6,BaselineProduction,2025-06-09,8,2222.014987,2026-06-28T17:14:17
baseline_20260628_171417,job_000022,APC-Dedicated,2,FixedGrowth_6,BaselineProduction,2025-06-10,9,2226.38903225,2026-06-28T17:14:17
baseline_20260628_171417,job_000022,APC-Dedicated,2,FixedGrowth_6,BaselineProduction,2025-06-11,10,2230.7630775000002,2026-06-28T17:14:17
baseline_20260628_171417,job_000022,APC-Dedicated,2,FixedGrowth_6,BaselineProduction,2025-06-12,11,2235.13712275,2026-06-28T17:14:17
baseline_20260628_171417,job_000022,APC-Dedicated,2,FixedGrowth_6,BaselineProduction,2025-06-13,12,2239.511168,2026-06-28T17:14:17
baseline_20260628_171417,job_000022,APC-Dedicated,2,FixedGrowth_6,BaselineProduction,2025-06-14,13,2243.88521325,2026-06-28T17:14:17
baseline_20260628_171417,job_000022,APC-Dedicated,2,FixedGrowth_6,BaselineProduction,2025-06-15,14,2248.2592585,2026-06-28T17:14:17
baseline_20260628_171417,job_000022,APC-Dedicated,2,FixedGrowth_6,BaselineProduction,2025-06-16,15,2252.63330375,2026-06-28T17:14:17
baseline_20260628_171417,job_000022,APC-Dedicated,2,FixedGrowth_6,BaselineProduction,2025-06-17,16,2257.007349,2026-06-28T17:14:17
baseline_20260628_171417,job_000022,APC-Dedicated,2,FixedGrowth_6,BaselineProduction,2025-06-18,17,2261.38139425,2026-06-28T17:14:17
baseline_20260628_171417,job_000022,APC-Dedicated,2,FixedGrowth_6,BaselineProduction,2025-06-19,18,2265.7554395,2026-06-28T17:14:17
baseline_20260628_171417,job_000022,APC-Dedicated,2,FixedGrowth_6,BaselineProduction,2025-06-20,19,2270.12948475,2026-06-28T17:14:17
baseline_20260628_171417,job_000022,APC-Dedicated,2,FixedGrowth_6,BaselineProduction,2025-06-21,20,2274.50353,2026-06-28T17:14:17
baseline_20260628_171417,job_000022,APC-Dedicated,2,FixedGrowth_6,BaselineProduction,2025-06-22,21,2278.87757525,2026-06-28T17:14:17
baseline_20260628_171417,job_000022,APC-Dedicated,2,FixedGrowth_6,BaselineProduction,2025-06-23,22,2283.2516205,2026-06-28T17:14:17
baseline_20260628_171417,job_000022,APC-Dedicated,2,FixedGrowth_6,BaselineProduction,2025-06-24,23,2287.6256657500003,2026-06-28T17:14:17
baseline_20260628_171417,job_000022,APC-Dedicated,2,FixedGrowth_6,BaselineProduction,2025-06-25,24,2291.999711,2026-06-28T17:14:17
baseline_20260628_171417,job_000022,APC-Dedicated,2,FixedGrowth_6,BaselineProduction,2025-06-26,25,2296.37375625,2026-06-28T17:14:17
baseline_20260628_171417,job_000022,APC-Dedicated,2,FixedGrowth_6,BaselineProduction,2025-06-27,26,2300.7478015,2026-06-28T17:14:17
baseline_20260628_171417,job_000022,APC-Dedicated,2,FixedGrowth_6,BaselineProduction,2025-06-28,27,2305.1218467500003,2026-06-28T17:14:17
baseline_20260628_171417,job_000022,APC-Dedicated,2,FixedGrowth_6,BaselineProduction,2025-06-29,28,2309.495892,2026-06-28T17:14:17
baseline_20260628_171417,job_000022,APC-Dedicated,2,FixedGrowth_6,BaselineProduction,2025-06-30,29,2313.86993725,2026-06-28T17:14:17
baseline_20260628_171417,job_000022,APC-Dedicated,2,FixedGrowth_6,BaselineProduction,2025-07-01,30,2318.2439825,2026-06-28T17:14:17
baseline_20260628_171417,job_000024,APC-Dedicated,2,LinearRegression,BaselineProduction,2025-06-02,1,2202.8863865315184,2026-06-28T17:14:17
baseline_20260628_171417,job_000024,APC-Dedicated,2,LinearRegression,BaselineProduction,2025-06-03,2,2204.429120317178,2026-06-28T17:14:17
baseline_20260628_171417,job_000024,APC-Dedicated,2,LinearRegression,BaselineProduction,2025-06-04,3,2205.802592994938,2026-06-28T17:14:17
baseline_20260628_171417,job_000024,APC-Dedicated,2,LinearRegression,BaselineProduction,2025-06-05,4,2207.333937612748,2026-06-28T17:14:17
baseline_20260628_171417,job_000024,APC-Dedicated,2,LinearRegression,BaselineProduction,2025-06-06,5,2208.996159396356,2026-06-28T17:14:17
baseline_20260628_171417,job_000024,APC-Dedicated,2,LinearRegression,BaselineProduction,2025-06-07,6,2210.7969206793914,2026-06-28T17:14:17
baseline_20260628_171417,job_000024,APC-Dedicated,2,LinearRegression,BaselineProduction,2025-06-08,7,2212.7166120535485,2026-06-28T17:14:17
baseline_20260628_171417,job_000024,APC-Dedicated,2,LinearRegression,BaselineProduction,2025-06-09,8,2213.7560806782794,2026-06-28T17:14:17
baseline_20260628_171417,job_000024,APC-Dedicated,2,LinearRegression,BaselineProduction,2025-06-10,9,2214.526411121565,2026-06-28T17:14:17
baseline_20260628_171417,job_000024,APC-Dedicated,2,LinearRegression,BaselineProduction,2025-06-11,10,2215.1478060136305,2026-06-28T17:14:17
baseline_20260628_171417,job_000024,APC-Dedicated,2,LinearRegression,BaselineProduction,2025-06-12,11,2215.663026019308,2026-06-28T17:14:17
baseline_20260628_171417,job_000024,APC-Dedicated,2,LinearRegression,BaselineProduction,2025-06-13,12,2216.0245995987434,2026-06-28T17:14:17
baseline_20260628_171417,job_000024,APC-Dedicated,2,LinearRegression,BaselineProduction,2025-06-14,13,2216.137157498287,2026-06-28T17:14:17
baseline_20260628_171417,job_000024,APC-Dedicated,2,LinearRegression,BaselineProduction,2025-06-15,14,2215.985175037764,2026-06-28T17:14:17
baseline_20260628_171417,job_000024,APC-Dedicated,2,LinearRegression,BaselineProduction,2025-06-16,15,2215.756992440474,2026-06-28T17:14:17
baseline_20260628_171417,job_000024,APC-Dedicated,2,LinearRegression,BaselineProduction,2025-06-17,16,2215.6788986707465,2026-06-28T17:14:17
baseline_20260628_171417,job_000024,APC-Dedicated,2,LinearRegression,BaselineProduction,2025-06-18,17,2215.8305727539127,2026-06-28T17:14:17
baseline_20260628_171417,job_000024,APC-Dedicated,2,LinearRegression,BaselineProduction,2025-06-19,18,2216.301376443885,2026-06-28T17:14:17
baseline_20260628_171417,job_000024,APC-Dedicated,2,LinearRegression,BaselineProduction,2025-06-20,19,2217.1657023460557,2026-06-28T17:14:17
baseline_20260628_171417,job_000024,APC-Dedicated,2,LinearRegression,BaselineProduction,2025-06-21,20,2218.365490006785,2026-06-28T17:14:17
baseline_20260628_171417,job_000024,APC-Dedicated,2,LinearRegression,BaselineProduction,2025-06-22,21,2219.66415417023,2026-06-28T17:14:17
baseline_20260628_171417,job_000024,APC-Dedicated,2,LinearRegression,BaselineProduction,2025-06-23,22,2221.053233038718,2026-06-28T17:14:17
baseline_20260628_171417,job_000024,APC-Dedicated,2,LinearRegression,BaselineProduction,2025-06-24,23,2222.470739433037,2026-06-28T17:14:17
baseline_20260628_171417,job_000024,APC-Dedicated,2,LinearRegression,BaselineProduction,2025-06-25,24,2223.9050301903817,2026-06-28T17:14:17
baseline_20260628_171417,job_000024,APC-Dedicated,2,LinearRegression,BaselineProduction,2025-06-26,25,2225.364212042078,2026-06-28T17:14:17
baseline_20260628_171417,job_000024,APC-Dedicated,2,LinearRegression,BaselineProduction,2025-06-27,26,2226.833358899961,2026-06-28T17:14:17
baseline_20260628_171417,job_000024,APC-Dedicated,2,LinearRegression,BaselineProduction,2025-06-28,27,2228.0515969036005,2026-06-28T17:14:17
baseline_20260628_171417,job_000024,APC-Dedicated,2,LinearRegression,BaselineProduction,2025-06-29,28,2229.205785511246,2026-06-28T17:14:17
baseline_20260628_171417,job_000024,APC-Dedicated,2,LinearRegression,BaselineProduction,2025-06-30,29,2230.3234545279106,2026-06-28T17:14:17
baseline_20260628_171417,job_000024,APC-Dedicated,2,LinearRegression,BaselineProduction,2025-07-01,30,2231.3759019042914,2026-06-28T17:14:17
baseline_20260628_171417,job_000029,APC-Dedicated,3,ARIMA_Fixed,BaselineProduction,2025-07-02,1,1301.6462639999997,2026-06-28T17:14:17
baseline_20260628_171417,job_000029,APC-Dedicated,3,ARIMA_Fixed,BaselineProduction,2025-07-03,2,1286.0346989999996,2026-06-28T17:14:17
baseline_20260628_171417,job_000029,APC-Dedicated,3,ARIMA_Fixed,BaselineProduction,2025-07-04,3,1270.4231339999994,2026-06-28T17:14:17
baseline_20260628_171417,job_000029,APC-Dedicated,3,ARIMA_Fixed,BaselineProduction,2025-07-05,4,1254.8115689999993,2026-06-28T17:14:17
baseline_20260628_171417,job_000029,APC-Dedicated,3,ARIMA_Fixed,BaselineProduction,2025-07-06,5,1239.2000039999991,2026-06-28T17:14:17
baseline_20260628_171417,job_000029,APC-Dedicated,3,ARIMA_Fixed,BaselineProduction,2025-07-07,6,1223.588438999999,2026-06-28T17:14:17
baseline_20260628_171417,job_000029,APC-Dedicated,3,ARIMA_Fixed,BaselineProduction,2025-07-08,7,1207.9768739999988,2026-06-28T17:14:17
baseline_20260628_171417,job_000029,APC-Dedicated,3,ARIMA_Fixed,BaselineProduction,2025-07-09,8,1192.3653089999987,2026-06-28T17:14:17
baseline_20260628_171417,job_000029,APC-Dedicated,3,ARIMA_Fixed,BaselineProduction,2025-07-10,9,1176.7537439999985,2026-06-28T17:14:17
baseline_20260628_171417,job_000029,APC-Dedicated,3,ARIMA_Fixed,BaselineProduction,2025-07-11,10,1161.1421789999984,2026-06-28T17:14:17
baseline_20260628_171417,job_000029,APC-Dedicated,3,ARIMA_Fixed,BaselineProduction,2025-07-12,11,1145.5306139999982,2026-06-28T17:14:17
baseline_20260628_171417,job_000029,APC-Dedicated,3,ARIMA_Fixed,BaselineProduction,2025-07-13,12,1129.919048999998,2026-06-28T17:14:17
baseline_20260628_171417,job_000029,APC-Dedicated,3,ARIMA_Fixed,BaselineProduction,2025-07-14,13,1114.3074839999979,2026-06-28T17:14:17
baseline_20260628_171417,job_000029,APC-Dedicated,3,ARIMA_Fixed,BaselineProduction,2025-07-15,14,1098.6959189999977,2026-06-28T17:14:17
baseline_20260628_171417,job_000029,APC-Dedicated,3,ARIMA_Fixed,BaselineProduction,2025-07-16,15,1083.0843539999976,2026-06-28T17:14:17
baseline_20260628_171417,job_000029,APC-Dedicated,3,ARIMA_Fixed,BaselineProduction,2025-07-17,16,1067.4727889999974,2026-06-28T17:14:17
baseline_20260628_171417,job_000029,APC-Dedicated,3,ARIMA_Fixed,BaselineProduction,2025-07-18,17,1051.8612239999973,2026-06-28T17:14:17
baseline_20260628_171417,job_000029,APC-Dedicated,3,ARIMA_Fixed,BaselineProduction,2025-07-19,18,1036.249658999997,2026-06-28T17:14:17
baseline_20260628_171417,job_000029,APC-Dedicated,3,ARIMA_Fixed,BaselineProduction,2025-07-20,19,1020.638093999997,2026-06-28T17:14:17
baseline_20260628_171417,job_000029,APC-Dedicated,3,ARIMA_Fixed,BaselineProduction,2025-07-21,20,1005.0265289999968,2026-06-28T17:14:17
baseline_20260628_171417,job_000029,APC-Dedicated,3,ARIMA_Fixed,BaselineProduction,2025-07-22,21,989.4149639999966,2026-06-28T17:14:17
baseline_20260628_171417,job_000029,APC-Dedicated,3,ARIMA_Fixed,BaselineProduction,2025-07-23,22,973.8033989999965,2026-06-28T17:14:17
baseline_20260628_171417,job_000029,APC-Dedicated,3,ARIMA_Fixed,BaselineProduction,2025-07-24,23,958.1918339999963,2026-06-28T17:14:17
baseline_20260628_171417,job_000029,APC-Dedicated,3,ARIMA_Fixed,BaselineProduction,2025-07-25,24,942.5802689999962,2026-06-28T17:14:17
baseline_20260628_171417,job_000029,APC-Dedicated,3,ARIMA_Fixed,BaselineProduction,2025-07-26,25,926.968703999996,2026-06-28T17:14:17
baseline_20260628_171417,job_000029,APC-Dedicated,3,ARIMA_Fixed,BaselineProduction,2025-07-27,26,911.3571389999959,2026-06-28T17:14:17
baseline_20260628_171417,job_000029,APC-Dedicated,3,ARIMA_Fixed,BaselineProduction,2025-07-28,27,895.7455739999957,2026-06-28T17:14:17
baseline_20260628_171417,job_000029,APC-Dedicated,3,ARIMA_Fixed,BaselineProduction,2025-07-29,28,880.1340089999956,2026-06-28T17:14:17
baseline_20260628_171417,job_000029,APC-Dedicated,3,ARIMA_Fixed,BaselineProduction,2025-07-30,29,864.5224439999954,2026-06-28T17:14:17
baseline_20260628_171417,job_000029,APC-Dedicated,3,ARIMA_Fixed,BaselineProduction,2025-07-31,30,848.9108789999952,2026-06-28T17:14:17
baseline_20260628_171417,job_000032,APC-Dedicated,3,ETS_Current,BaselineProduction,2025-07-02,1,1298.0048813953058,2026-06-28T17:14:17
baseline_20260628_171417,job_000032,APC-Dedicated,3,ETS_Current,BaselineProduction,2025-07-03,2,1279.8110030423722,2026-06-28T17:14:17
baseline_20260628_171417,job_000032,APC-Dedicated,3,ETS_Current,BaselineProduction,2025-07-04,3,1261.6171246894387,2026-06-28T17:14:17
baseline_20260628_171417,job_000032,APC-Dedicated,3,ETS_Current,BaselineProduction,2025-07-05,4,1243.4232463365051,2026-06-28T17:14:17
baseline_20260628_171417,job_000032,APC-Dedicated,3,ETS_Current,BaselineProduction,2025-07-06,5,1225.2293679835714,2026-06-28T17:14:17
baseline_20260628_171417,job_000032,APC-Dedicated,3,ETS_Current,BaselineProduction,2025-07-07,6,1207.0354896306378,2026-06-28T17:14:17
baseline_20260628_171417,job_000032,APC-Dedicated,3,ETS_Current,BaselineProduction,2025-07-08,7,1188.8416112777043,2026-06-28T17:14:17
baseline_20260628_171417,job_000032,APC-Dedicated,3,ETS_Current,BaselineProduction,2025-07-09,8,1170.6477329247707,2026-06-28T17:14:17
baseline_20260628_171417,job_000032,APC-Dedicated,3,ETS_Current,BaselineProduction,2025-07-10,9,1152.4538545718372,2026-06-28T17:14:17
baseline_20260628_171417,job_000032,APC-Dedicated,3,ETS_Current,BaselineProduction,2025-07-11,10,1134.2599762189036,2026-06-28T17:14:17
baseline_20260628_171417,job_000032,APC-Dedicated,3,ETS_Current,BaselineProduction,2025-07-12,11,1116.06609786597,2026-06-28T17:14:17
baseline_20260628_171417,job_000032,APC-Dedicated,3,ETS_Current,BaselineProduction,2025-07-13,12,1097.8722195130363,2026-06-28T17:14:17
baseline_20260628_171417,job_000032,APC-Dedicated,3,ETS_Current,BaselineProduction,2025-07-14,13,1079.6783411601027,2026-06-28T17:14:17
baseline_20260628_171417,job_000032,APC-Dedicated,3,ETS_Current,BaselineProduction,2025-07-15,14,1061.4844628071692,2026-06-28T17:14:17
baseline_20260628_171417,job_000032,APC-Dedicated,3,ETS_Current,BaselineProduction,2025-07-16,15,1043.2905844542356,2026-06-28T17:14:17
baseline_20260628_171417,job_000032,APC-Dedicated,3,ETS_Current,BaselineProduction,2025-07-17,16,1025.096706101302,2026-06-28T17:14:17
baseline_20260628_171417,job_000032,APC-Dedicated,3,ETS_Current,BaselineProduction,2025-07-18,17,1006.9028277483685,2026-06-28T17:14:17
baseline_20260628_171417,job_000032,APC-Dedicated,3,ETS_Current,BaselineProduction,2025-07-19,18,988.708949395435,2026-06-28T17:14:17
baseline_20260628_171417,job_000032,APC-Dedicated,3,ETS_Current,BaselineProduction,2025-07-20,19,970.5150710425013,2026-06-28T17:14:17
baseline_20260628_171417,job_000032,APC-Dedicated,3,ETS_Current,BaselineProduction,2025-07-21,20,952.3211926895677,2026-06-28T17:14:17
baseline_20260628_171417,job_000032,APC-Dedicated,3,ETS_Current,BaselineProduction,2025-07-22,21,934.1273143366342,2026-06-28T17:14:17
baseline_20260628_171417,job_000032,APC-Dedicated,3,ETS_Current,BaselineProduction,2025-07-23,22,915.9334359837005,2026-06-28T17:14:17
baseline_20260628_171417,job_000032,APC-Dedicated,3,ETS_Current,BaselineProduction,2025-07-24,23,897.739557630767,2026-06-28T17:14:17
baseline_20260628_171417,job_000032,APC-Dedicated,3,ETS_Current,BaselineProduction,2025-07-25,24,879.5456792778334,2026-06-28T17:14:17
baseline_20260628_171417,job_000032,APC-Dedicated,3,ETS_Current,BaselineProduction,2025-07-26,25,861.3518009248999,2026-06-28T17:14:17
baseline_20260628_171417,job_000032,APC-Dedicated,3,ETS_Current,BaselineProduction,2025-07-27,26,843.1579225719663,2026-06-28T17:14:17
baseline_20260628_171417,job_000032,APC-Dedicated,3,ETS_Current,BaselineProduction,2025-07-28,27,824.9640442190326,2026-06-28T17:14:17
baseline_20260628_171417,job_000032,APC-Dedicated,3,ETS_Current,BaselineProduction,2025-07-29,28,806.7701658660991,2026-06-28T17:14:17
baseline_20260628_171417,job_000032,APC-Dedicated,3,ETS_Current,BaselineProduction,2025-07-30,29,788.5762875131655,2026-06-28T17:14:17
baseline_20260628_171417,job_000032,APC-Dedicated,3,ETS_Current,BaselineProduction,2025-07-31,30,770.3824091602319,2026-06-28T17:14:17
baseline_20260628_171417,job_000033,APC-Dedicated,3,FixedGrowth_1_5,BaselineProduction,2025-07-02,1,1317.9164579145,2026-06-28T17:14:17
baseline_20260628_171417,job_000033,APC-Dedicated,3,FixedGrowth_1_5,BaselineProduction,2025-07-03,2,1318.575086829,2026-06-28T17:14:17
baseline_20260628_171417,job_000033,APC-Dedicated,3,FixedGrowth_1_5,BaselineProduction,2025-07-04,3,1319.2337157435,2026-06-28T17:14:17
baseline_20260628_171417,job_000033,APC-Dedicated,3,FixedGrowth_1_5,BaselineProduction,2025-07-05,4,1319.892344658,2026-06-28T17:14:17
baseline_20260628_171417,job_000033,APC-Dedicated,3,FixedGrowth_1_5,BaselineProduction,2025-07-06,5,1320.5509735725,2026-06-28T17:14:17
baseline_20260628_171417,job_000033,APC-Dedicated,3,FixedGrowth_1_5,BaselineProduction,2025-07-07,6,1321.209602487,2026-06-28T17:14:17
baseline_20260628_171417,job_000033,APC-Dedicated,3,FixedGrowth_1_5,BaselineProduction,2025-07-08,7,1321.8682314015,2026-06-28T17:14:17
baseline_20260628_171417,job_000033,APC-Dedicated,3,FixedGrowth_1_5,BaselineProduction,2025-07-09,8,1322.526860316,2026-06-28T17:14:17
baseline_20260628_171417,job_000033,APC-Dedicated,3,FixedGrowth_1_5,BaselineProduction,2025-07-10,9,1323.1854892304998,2026-06-28T17:14:17
baseline_20260628_171417,job_000033,APC-Dedicated,3,FixedGrowth_1_5,BaselineProduction,2025-07-11,10,1323.8441181449998,2026-06-28T17:14:17
baseline_20260628_171417,job_000033,APC-Dedicated,3,FixedGrowth_1_5,BaselineProduction,2025-07-12,11,1324.5027470594998,2026-06-28T17:14:17
baseline_20260628_171417,job_000033,APC-Dedicated,3,FixedGrowth_1_5,BaselineProduction,2025-07-13,12,1325.1613759739998,2026-06-28T17:14:17
baseline_20260628_171417,job_000033,APC-Dedicated,3,FixedGrowth_1_5,BaselineProduction,2025-07-14,13,1325.8200048884999,2026-06-28T17:14:17
baseline_20260628_171417,job_000033,APC-Dedicated,3,FixedGrowth_1_5,BaselineProduction,2025-07-15,14,1326.4786338029999,2026-06-28T17:14:17
baseline_20260628_171417,job_000033,APC-Dedicated,3,FixedGrowth_1_5,BaselineProduction,2025-07-16,15,1327.1372627174999,2026-06-28T17:14:17
baseline_20260628_171417,job_000033,APC-Dedicated,3,FixedGrowth_1_5,BaselineProduction,2025-07-17,16,1327.795891632,2026-06-28T17:14:17
baseline_20260628_171417,job_000033,APC-Dedicated,3,FixedGrowth_1_5,BaselineProduction,2025-07-18,17,1328.4545205465,2026-06-28T17:14:17
baseline_20260628_171417,job_000033,APC-Dedicated,3,FixedGrowth_1_5,BaselineProduction,2025-07-19,18,1329.113149461,2026-06-28T17:14:17
baseline_20260628_171417,job_000033,APC-Dedicated,3,FixedGrowth_1_5,BaselineProduction,2025-07-20,19,1329.7717783755,2026-06-28T17:14:17
baseline_20260628_171417,job_000033,APC-Dedicated,3,FixedGrowth_1_5,BaselineProduction,2025-07-21,20,1330.43040729,2026-06-28T17:14:17
baseline_20260628_171417,job_000033,APC-Dedicated,3,FixedGrowth_1_5,BaselineProduction,2025-07-22,21,1331.0890362045,2026-06-28T17:14:17
baseline_20260628_171417,job_000033,APC-Dedicated,3,FixedGrowth_1_5,BaselineProduction,2025-07-23,22,1331.747665119,2026-06-28T17:14:17
baseline_20260628_171417,job_000033,APC-Dedicated,3,FixedGrowth_1_5,BaselineProduction,2025-07-24,23,1332.4062940335,2026-06-28T17:14:17
baseline_20260628_171417,job_000033,APC-Dedicated,3,FixedGrowth_1_5,BaselineProduction,2025-07-25,24,1333.064922948,2026-06-28T17:14:17
baseline_20260628_171417,job_000033,APC-Dedicated,3,FixedGrowth_1_5,BaselineProduction,2025-07-26,25,1333.7235518624998,2026-06-28T17:14:17
baseline_20260628_171417,job_000033,APC-Dedicated,3,FixedGrowth_1_5,BaselineProduction,2025-07-27,26,1334.3821807769998,2026-06-28T17:14:17
baseline_20260628_171417,job_000033,APC-Dedicated,3,FixedGrowth_1_5,BaselineProduction,2025-07-28,27,1335.0408096914998,2026-06-28T17:14:17
baseline_20260628_171417,job_000033,APC-Dedicated,3,FixedGrowth_1_5,BaselineProduction,2025-07-29,28,1335.6994386059998,2026-06-28T17:14:17
baseline_20260628_171417,job_000033,APC-Dedicated,3,FixedGrowth_1_5,BaselineProduction,2025-07-30,29,1336.3580675204998,2026-06-28T17:14:17
baseline_20260628_171417,job_000033,APC-Dedicated,3,FixedGrowth_1_5,BaselineProduction,2025-07-31,30,1337.0166964349999,2026-06-28T17:14:17
baseline_20260628_171417,job_000034,APC-Dedicated,3,FixedGrowth_3,BaselineProduction,2025-07-02,1,1318.575086829,2026-06-28T17:14:17
baseline_20260628_171417,job_000034,APC-Dedicated,3,FixedGrowth_3,BaselineProduction,2025-07-03,2,1319.892344658,2026-06-28T17:14:17
baseline_20260628_171417,job_000034,APC-Dedicated,3,FixedGrowth_3,BaselineProduction,2025-07-04,3,1321.209602487,2026-06-28T17:14:17
baseline_20260628_171417,job_000034,APC-Dedicated,3,FixedGrowth_3,BaselineProduction,2025-07-05,4,1322.526860316,2026-06-28T17:14:17
baseline_20260628_171417,job_000034,APC-Dedicated,3,FixedGrowth_3,BaselineProduction,2025-07-06,5,1323.8441181449998,2026-06-28T17:14:17
baseline_20260628_171417,job_000034,APC-Dedicated,3,FixedGrowth_3,BaselineProduction,2025-07-07,6,1325.1613759739998,2026-06-28T17:14:17
baseline_20260628_171417,job_000034,APC-Dedicated,3,FixedGrowth_3,BaselineProduction,2025-07-08,7,1326.4786338029999,2026-06-28T17:14:17
baseline_20260628_171417,job_000034,APC-Dedicated,3,FixedGrowth_3,BaselineProduction,2025-07-09,8,1327.795891632,2026-06-28T17:14:17
baseline_20260628_171417,job_000034,APC-Dedicated,3,FixedGrowth_3,BaselineProduction,2025-07-10,9,1329.113149461,2026-06-28T17:14:17
baseline_20260628_171417,job_000034,APC-Dedicated,3,FixedGrowth_3,BaselineProduction,2025-07-11,10,1330.43040729,2026-06-28T17:14:17
baseline_20260628_171417,job_000034,APC-Dedicated,3,FixedGrowth_3,BaselineProduction,2025-07-12,11,1331.747665119,2026-06-28T17:14:17
baseline_20260628_171417,job_000034,APC-Dedicated,3,FixedGrowth_3,BaselineProduction,2025-07-13,12,1333.064922948,2026-06-28T17:14:17
baseline_20260628_171417,job_000034,APC-Dedicated,3,FixedGrowth_3,BaselineProduction,2025-07-14,13,1334.3821807769998,2026-06-28T17:14:17
baseline_20260628_171417,job_000034,APC-Dedicated,3,FixedGrowth_3,BaselineProduction,2025-07-15,14,1335.6994386059998,2026-06-28T17:14:17
baseline_20260628_171417,job_000034,APC-Dedicated,3,FixedGrowth_3,BaselineProduction,2025-07-16,15,1337.0166964349999,2026-06-28T17:14:17
baseline_20260628_171417,job_000034,APC-Dedicated,3,FixedGrowth_3,BaselineProduction,2025-07-17,16,1338.3339542639999,2026-06-28T17:14:17
baseline_20260628_171417,job_000034,APC-Dedicated,3,FixedGrowth_3,BaselineProduction,2025-07-18,17,1339.651212093,2026-06-28T17:14:17
baseline_20260628_171417,job_000034,APC-Dedicated,3,FixedGrowth_3,BaselineProduction,2025-07-19,18,1340.968469922,2026-06-28T17:14:17
baseline_20260628_171417,job_000034,APC-Dedicated,3,FixedGrowth_3,BaselineProduction,2025-07-20,19,1342.285727751,2026-06-28T17:14:17
baseline_20260628_171417,job_000034,APC-Dedicated,3,FixedGrowth_3,BaselineProduction,2025-07-21,20,1343.60298558,2026-06-28T17:14:17
baseline_20260628_171417,job_000034,APC-Dedicated,3,FixedGrowth_3,BaselineProduction,2025-07-22,21,1344.9202434089998,2026-06-28T17:14:17
baseline_20260628_171417,job_000034,APC-Dedicated,3,FixedGrowth_3,BaselineProduction,2025-07-23,22,1346.2375012379998,2026-06-28T17:14:17
baseline_20260628_171417,job_000034,APC-Dedicated,3,FixedGrowth_3,BaselineProduction,2025-07-24,23,1347.5547590669998,2026-06-28T17:14:17
baseline_20260628_171417,job_000034,APC-Dedicated,3,FixedGrowth_3,BaselineProduction,2025-07-25,24,1348.8720168959999,2026-06-28T17:14:17
baseline_20260628_171417,job_000034,APC-Dedicated,3,FixedGrowth_3,BaselineProduction,2025-07-26,25,1350.189274725,2026-06-28T17:14:17
baseline_20260628_171417,job_000034,APC-Dedicated,3,FixedGrowth_3,BaselineProduction,2025-07-27,26,1351.506532554,2026-06-28T17:14:17
baseline_20260628_171417,job_000034,APC-Dedicated,3,FixedGrowth_3,BaselineProduction,2025-07-28,27,1352.823790383,2026-06-28T17:14:17
baseline_20260628_171417,job_000034,APC-Dedicated,3,FixedGrowth_3,BaselineProduction,2025-07-29,28,1354.141048212,2026-06-28T17:14:17
baseline_20260628_171417,job_000034,APC-Dedicated,3,FixedGrowth_3,BaselineProduction,2025-07-30,29,1355.458306041,2026-06-28T17:14:17
baseline_20260628_171417,job_000034,APC-Dedicated,3,FixedGrowth_3,BaselineProduction,2025-07-31,30,1356.7755638699998,2026-06-28T17:14:17
baseline_20260628_171417,job_000035,APC-Dedicated,3,FixedGrowth_4,BaselineProduction,2025-07-02,1,1319.014172772,2026-06-28T17:14:17
baseline_20260628_171417,job_000035,APC-Dedicated,3,FixedGrowth_4,BaselineProduction,2025-07-03,2,1320.770516544,2026-06-28T17:14:17
baseline_20260628_171417,job_000035,APC-Dedicated,3,FixedGrowth_4,BaselineProduction,2025-07-04,3,1322.526860316,2026-06-28T17:14:17
baseline_20260628_171417,job_000035,APC-Dedicated,3,FixedGrowth_4,BaselineProduction,2025-07-05,4,1324.2832040879998,2026-06-28T17:14:17
baseline_20260628_171417,job_000035,APC-Dedicated,3,FixedGrowth_4,BaselineProduction,2025-07-06,5,1326.0395478599999,2026-06-28T17:14:17
baseline_20260628_171417,job_000035,APC-Dedicated,3,FixedGrowth_4,BaselineProduction,2025-07-07,6,1327.795891632,2026-06-28T17:14:17
baseline_20260628_171417,job_000035,APC-Dedicated,3,FixedGrowth_4,BaselineProduction,2025-07-08,7,1329.552235404,2026-06-28T17:14:17
baseline_20260628_171417,job_000035,APC-Dedicated,3,FixedGrowth_4,BaselineProduction,2025-07-09,8,1331.308579176,2026-06-28T17:14:17
baseline_20260628_171417,job_000035,APC-Dedicated,3,FixedGrowth_4,BaselineProduction,2025-07-10,9,1333.064922948,2026-06-28T17:14:17
baseline_20260628_171417,job_000035,APC-Dedicated,3,FixedGrowth_4,BaselineProduction,2025-07-11,10,1334.8212667199998,2026-06-28T17:14:17
baseline_20260628_171417,job_000035,APC-Dedicated,3,FixedGrowth_4,BaselineProduction,2025-07-12,11,1336.5776104919998,2026-06-28T17:14:17
baseline_20260628_171417,job_000035,APC-Dedicated,3,FixedGrowth_4,BaselineProduction,2025-07-13,12,1338.3339542639999,2026-06-28T17:14:17
baseline_20260628_171417,job_000035,APC-Dedicated,3,FixedGrowth_4,BaselineProduction,2025-07-14,13,1340.090298036,2026-06-28T17:14:17
baseline_20260628_171417,job_000035,APC-Dedicated,3,FixedGrowth_4,BaselineProduction,2025-07-15,14,1341.846641808,2026-06-28T17:14:17
baseline_20260628_171417,job_000035,APC-Dedicated,3,FixedGrowth_4,BaselineProduction,2025-07-16,15,1343.60298558,2026-06-28T17:14:17
baseline_20260628_171417,job_000035,APC-Dedicated,3,FixedGrowth_4,BaselineProduction,2025-07-17,16,1345.3593293519998,2026-06-28T17:14:17
baseline_20260628_171417,job_000035,APC-Dedicated,3,FixedGrowth_4,BaselineProduction,2025-07-18,17,1347.1156731239998,2026-06-28T17:14:17
baseline_20260628_171417,job_000035,APC-Dedicated,3,FixedGrowth_4,BaselineProduction,2025-07-19,18,1348.8720168959999,2026-06-28T17:14:17
baseline_20260628_171417,job_000035,APC-Dedicated,3,FixedGrowth_4,BaselineProduction,2025-07-20,19,1350.628360668,2026-06-28T17:14:17
baseline_20260628_171417,job_000035,APC-Dedicated,3,FixedGrowth_4,BaselineProduction,2025-07-21,20,1352.38470444,2026-06-28T17:14:17
baseline_20260628_171417,job_000035,APC-Dedicated,3,FixedGrowth_4,BaselineProduction,2025-07-22,21,1354.141048212,2026-06-28T17:14:17
baseline_20260628_171417,job_000035,APC-Dedicated,3,FixedGrowth_4,BaselineProduction,2025-07-23,22,1355.8973919839998,2026-06-28T17:14:17
baseline_20260628_171417,job_000035,APC-Dedicated,3,FixedGrowth_4,BaselineProduction,2025-07-24,23,1357.6537357559998,2026-06-28T17:14:17
baseline_20260628_171417,job_000035,APC-Dedicated,3,FixedGrowth_4,BaselineProduction,2025-07-25,24,1359.4100795279999,2026-06-28T17:14:17
baseline_20260628_171417,job_000035,APC-Dedicated,3,FixedGrowth_4,BaselineProduction,2025-07-26,25,1361.1664233,2026-06-28T17:14:17
baseline_20260628_171417,job_000035,APC-Dedicated,3,FixedGrowth_4,BaselineProduction,2025-07-27,26,1362.922767072,2026-06-28T17:14:17
baseline_20260628_171417,job_000035,APC-Dedicated,3,FixedGrowth_4,BaselineProduction,2025-07-28,27,1364.679110844,2026-06-28T17:14:17
baseline_20260628_171417,job_000035,APC-Dedicated,3,FixedGrowth_4,BaselineProduction,2025-07-29,28,1366.4354546159998,2026-06-28T17:14:17
baseline_20260628_171417,job_000035,APC-Dedicated,3,FixedGrowth_4,BaselineProduction,2025-07-30,29,1368.1917983879998,2026-06-28T17:14:17
baseline_20260628_171417,job_000035,APC-Dedicated,3,FixedGrowth_4,BaselineProduction,2025-07-31,30,1369.9481421599999,2026-06-28T17:14:17
baseline_20260628_171417,job_000036,APC-Dedicated,3,FixedGrowth_6,BaselineProduction,2025-07-02,1,1319.892344658,2026-06-28T17:14:17
baseline_20260628_171417,job_000036,APC-Dedicated,3,FixedGrowth_6,BaselineProduction,2025-07-03,2,1322.526860316,2026-06-28T17:14:17
baseline_20260628_171417,job_000036,APC-Dedicated,3,FixedGrowth_6,BaselineProduction,2025-07-04,3,1325.1613759739998,2026-06-28T17:14:17
baseline_20260628_171417,job_000036,APC-Dedicated,3,FixedGrowth_6,BaselineProduction,2025-07-05,4,1327.795891632,2026-06-28T17:14:17
baseline_20260628_171417,job_000036,APC-Dedicated,3,FixedGrowth_6,BaselineProduction,2025-07-06,5,1330.43040729,2026-06-28T17:14:17
baseline_20260628_171417,job_000036,APC-Dedicated,3,FixedGrowth_6,BaselineProduction,2025-07-07,6,1333.064922948,2026-06-28T17:14:17
baseline_20260628_171417,job_000036,APC-Dedicated,3,FixedGrowth_6,BaselineProduction,2025-07-08,7,1335.6994386059998,2026-06-28T17:14:17
baseline_20260628_171417,job_000036,APC-Dedicated,3,FixedGrowth_6,BaselineProduction,2025-07-09,8,1338.3339542639999,2026-06-28T17:14:17
baseline_20260628_171417,job_000036,APC-Dedicated,3,FixedGrowth_6,BaselineProduction,2025-07-10,9,1340.968469922,2026-06-28T17:14:17
baseline_20260628_171417,job_000036,APC-Dedicated,3,FixedGrowth_6,BaselineProduction,2025-07-11,10,1343.60298558,2026-06-28T17:14:17
baseline_20260628_171417,job_000036,APC-Dedicated,3,FixedGrowth_6,BaselineProduction,2025-07-12,11,1346.2375012379998,2026-06-28T17:14:17
baseline_20260628_171417,job_000036,APC-Dedicated,3,FixedGrowth_6,BaselineProduction,2025-07-13,12,1348.8720168959999,2026-06-28T17:14:17
baseline_20260628_171417,job_000036,APC-Dedicated,3,FixedGrowth_6,BaselineProduction,2025-07-14,13,1351.506532554,2026-06-28T17:14:17
baseline_20260628_171417,job_000036,APC-Dedicated,3,FixedGrowth_6,BaselineProduction,2025-07-15,14,1354.141048212,2026-06-28T17:14:17
baseline_20260628_171417,job_000036,APC-Dedicated,3,FixedGrowth_6,BaselineProduction,2025-07-16,15,1356.7755638699998,2026-06-28T17:14:17
baseline_20260628_171417,job_000036,APC-Dedicated,3,FixedGrowth_6,BaselineProduction,2025-07-17,16,1359.4100795279999,2026-06-28T17:14:17
baseline_20260628_171417,job_000036,APC-Dedicated,3,FixedGrowth_6,BaselineProduction,2025-07-18,17,1362.044595186,2026-06-28T17:14:17
baseline_20260628_171417,job_000036,APC-Dedicated,3,FixedGrowth_6,BaselineProduction,2025-07-19,18,1364.679110844,2026-06-28T17:14:17
baseline_20260628_171417,job_000036,APC-Dedicated,3,FixedGrowth_6,BaselineProduction,2025-07-20,19,1367.3136265019998,2026-06-28T17:14:17
baseline_20260628_171417,job_000036,APC-Dedicated,3,FixedGrowth_6,BaselineProduction,2025-07-21,20,1369.9481421599999,2026-06-28T17:14:17
baseline_20260628_171417,job_000036,APC-Dedicated,3,FixedGrowth_6,BaselineProduction,2025-07-22,21,1372.582657818,2026-06-28T17:14:17
baseline_20260628_171417,job_000036,APC-Dedicated,3,FixedGrowth_6,BaselineProduction,2025-07-23,22,1375.217173476,2026-06-28T17:14:17
baseline_20260628_171417,job_000036,APC-Dedicated,3,FixedGrowth_6,BaselineProduction,2025-07-24,23,1377.8516891339998,2026-06-28T17:14:17
baseline_20260628_171417,job_000036,APC-Dedicated,3,FixedGrowth_6,BaselineProduction,2025-07-25,24,1380.4862047919999,2026-06-28T17:14:17
baseline_20260628_171417,job_000036,APC-Dedicated,3,FixedGrowth_6,BaselineProduction,2025-07-26,25,1383.12072045,2026-06-28T17:14:17
baseline_20260628_171417,job_000036,APC-Dedicated,3,FixedGrowth_6,BaselineProduction,2025-07-27,26,1385.755236108,2026-06-28T17:14:17
baseline_20260628_171417,job_000036,APC-Dedicated,3,FixedGrowth_6,BaselineProduction,2025-07-28,27,1388.3897517659998,2026-06-28T17:14:17
baseline_20260628_171417,job_000036,APC-Dedicated,3,FixedGrowth_6,BaselineProduction,2025-07-29,28,1391.0242674239998,2026-06-28T17:14:17
baseline_20260628_171417,job_000036,APC-Dedicated,3,FixedGrowth_6,BaselineProduction,2025-07-30,29,1393.658783082,2026-06-28T17:14:17
baseline_20260628_171417,job_000036,APC-Dedicated,3,FixedGrowth_6,BaselineProduction,2025-07-31,30,1396.29329874,2026-06-28T17:14:17
baseline_20260628_171417,job_000038,APC-Dedicated,3,LinearRegression,BaselineProduction,2025-07-02,1,1264.516784173591,2026-06-28T17:14:17
baseline_20260628_171417,job_000038,APC-Dedicated,3,LinearRegression,BaselineProduction,2025-07-03,2,1222.2822012882248,2026-06-28T17:14:17
baseline_20260628_171417,job_000038,APC-Dedicated,3,LinearRegression,BaselineProduction,2025-07-04,3,1174.0077501163958,2026-06-28T17:14:17
baseline_20260628_171417,job_000038,APC-Dedicated,3,LinearRegression,BaselineProduction,2025-07-05,4,1120.2467140091082,2026-06-28T17:14:17
baseline_20260628_171417,job_000038,APC-Dedicated,3,LinearRegression,BaselineProduction,2025-07-06,5,1062.0128336521836,2026-06-28T17:14:17
baseline_20260628_171417,job_000038,APC-Dedicated,3,LinearRegression,BaselineProduction,2025-07-07,6,1000.9692619623594,2026-06-28T17:14:17
baseline_20260628_171417,job_000038,APC-Dedicated,3,LinearRegression,BaselineProduction,2025-07-08,7,938.6520092379676,2026-06-28T17:14:17
baseline_20260628_171417,job_000038,APC-Dedicated,3,LinearRegression,BaselineProduction,2025-07-09,8,876.3611475704208,2026-06-28T17:14:17
baseline_20260628_171417,job_000038,APC-Dedicated,3,LinearRegression,BaselineProduction,2025-07-10,9,815.4130394412673,2026-06-28T17:14:17
baseline_20260628_171417,job_000038,APC-Dedicated,3,LinearRegression,BaselineProduction,2025-07-11,10,756.615702731694,2026-06-28T17:14:17
baseline_20260628_171417,job_000038,APC-Dedicated,3,LinearRegression,BaselineProduction,2025-07-12,11,700.4735848633195,2026-06-28T17:14:17
baseline_20260628_171417,job_000038,APC-Dedicated,3,LinearRegression,BaselineProduction,2025-07-13,12,647.3527052186781,2026-06-28T17:14:17
baseline_20260628_171417,job_000038,APC-Dedicated,3,LinearRegression,BaselineProduction,2025-07-14,13,597.1674244358306,2026-06-28T17:14:17
baseline_20260628_171417,job_000038,APC-Dedicated,3,LinearRegression,BaselineProduction,2025-07-15,14,549.8699294548695,2026-06-28T17:14:17
baseline_20260628_171417,job_000038,APC-Dedicated,3,LinearRegression,BaselineProduction,2025-07-16,15,505.26443657544735,2026-06-28T17:14:17
baseline_20260628_171417,job_000038,APC-Dedicated,3,LinearRegression,BaselineProduction,2025-07-17,16,463.4087468137652,2026-06-28T17:14:17
baseline_20260628_171417,job_000038,APC-Dedicated,3,LinearRegression,BaselineProduction,2025-07-18,17,424.0380732449363,2026-06-28T17:14:17
baseline_20260628_171417,job_000038,APC-Dedicated,3,LinearRegression,BaselineProduction,2025-07-19,18,386.3662125024419,2026-06-28T17:14:17
baseline_20260628_171417,job_000038,APC-Dedicated,3,LinearRegression,BaselineProduction,2025-07-20,19,348.2566597699592,2026-06-28T17:14:17
baseline_20260628_171417,job_000038,APC-Dedicated,3,LinearRegression,BaselineProduction,2025-07-21,20,307.5171449092847,2026-06-28T17:14:17
baseline_20260628_171417,job_000038,APC-Dedicated,3,LinearRegression,BaselineProduction,2025-07-22,21,262.4470500182964,2026-06-28T17:14:17
baseline_20260628_171417,job_000038,APC-Dedicated,3,LinearRegression,BaselineProduction,2025-07-23,22,213.2388887514326,2026-06-28T17:14:17
baseline_20260628_171417,job_000038,APC-Dedicated,3,LinearRegression,BaselineProduction,2025-07-24,23,160.12510668924241,2026-06-28T17:14:17
baseline_20260628_171417,job_000038,APC-Dedicated,3,LinearRegression,BaselineProduction,2025-07-25,24,103.55292233168682,2026-06-28T17:14:17
baseline_20260628_171417,job_000038,APC-Dedicated,3,LinearRegression,BaselineProduction,2025-07-26,25,43.921548922937504,2026-06-28T17:14:17
baseline_20260628_171417,job_000038,APC-Dedicated,3,LinearRegression,BaselineProduction,2025-07-27,26,-18.208178066503937,2026-06-28T17:14:17
baseline_20260628_171417,job_000038,APC-Dedicated,3,LinearRegression,BaselineProduction,2025-07-28,27,-82.11985125037374,2026-06-28T17:14:17
baseline_20260628_171417,job_000038,APC-Dedicated,3,LinearRegression,BaselineProduction,2025-07-29,28,-147.1007261402366,2026-06-28T17:14:17
baseline_20260628_171417,job_000038,APC-Dedicated,3,LinearRegression,BaselineProduction,2025-07-30,29,-212.4138967461686,2026-06-28T17:14:17
baseline_20260628_171417,job_000038,APC-Dedicated,3,LinearRegression,BaselineProduction,2025-07-31,30,-277.3333078620639,2026-06-28T17:14:17
baseline_20260628_171417,job_000043,APC-Dedicated,4,ARIMA_Fixed,BaselineProduction,2025-08-01,1,1281.1120790000004,2026-06-28T17:14:17
baseline_20260628_171417,job_000043,APC-Dedicated,4,ARIMA_Fixed,BaselineProduction,2025-08-02,2,1281.8637750000007,2026-06-28T17:14:17
baseline_20260628_171417,job_000043,APC-Dedicated,4,ARIMA_Fixed,BaselineProduction,2025-08-03,3,1282.615471000001,2026-06-28T17:14:17
baseline_20260628_171417,job_000043,APC-Dedicated,4,ARIMA_Fixed,BaselineProduction,2025-08-04,4,1283.3671670000012,2026-06-28T17:14:17
baseline_20260628_171417,job_000043,APC-Dedicated,4,ARIMA_Fixed,BaselineProduction,2025-08-05,5,1284.1188630000015,2026-06-28T17:14:17
baseline_20260628_171417,job_000043,APC-Dedicated,4,ARIMA_Fixed,BaselineProduction,2025-08-06,6,1284.8705590000018,2026-06-28T17:14:17
baseline_20260628_171417,job_000043,APC-Dedicated,4,ARIMA_Fixed,BaselineProduction,2025-08-07,7,1285.622255000002,2026-06-28T17:14:17
baseline_20260628_171417,job_000043,APC-Dedicated,4,ARIMA_Fixed,BaselineProduction,2025-08-08,8,1286.3739510000023,2026-06-28T17:14:17
baseline_20260628_171417,job_000043,APC-Dedicated,4,ARIMA_Fixed,BaselineProduction,2025-08-09,9,1287.1256470000026,2026-06-28T17:14:17
baseline_20260628_171417,job_000043,APC-Dedicated,4,ARIMA_Fixed,BaselineProduction,2025-08-10,10,1287.8773430000028,2026-06-28T17:14:17
baseline_20260628_171417,job_000043,APC-Dedicated,4,ARIMA_Fixed,BaselineProduction,2025-08-11,11,1288.629039000003,2026-06-28T17:14:17
baseline_20260628_171417,job_000043,APC-Dedicated,4,ARIMA_Fixed,BaselineProduction,2025-08-12,12,1289.3807350000034,2026-06-28T17:14:17
baseline_20260628_171417,job_000043,APC-Dedicated,4,ARIMA_Fixed,BaselineProduction,2025-08-13,13,1290.1324310000036,2026-06-28T17:14:17
baseline_20260628_171417,job_000043,APC-Dedicated,4,ARIMA_Fixed,BaselineProduction,2025-08-14,14,1290.884127000004,2026-06-28T17:14:17
baseline_20260628_171417,job_000043,APC-Dedicated,4,ARIMA_Fixed,BaselineProduction,2025-08-15,15,1291.6358230000042,2026-06-28T17:14:17
baseline_20260628_171417,job_000043,APC-Dedicated,4,ARIMA_Fixed,BaselineProduction,2025-08-16,16,1292.3875190000044,2026-06-28T17:14:17
baseline_20260628_171417,job_000043,APC-Dedicated,4,ARIMA_Fixed,BaselineProduction,2025-08-17,17,1293.1392150000047,2026-06-28T17:14:17
baseline_20260628_171417,job_000043,APC-Dedicated,4,ARIMA_Fixed,BaselineProduction,2025-08-18,18,1293.890911000005,2026-06-28T17:14:17
baseline_20260628_171417,job_000043,APC-Dedicated,4,ARIMA_Fixed,BaselineProduction,2025-08-19,19,1294.6426070000052,2026-06-28T17:14:17
baseline_20260628_171417,job_000043,APC-Dedicated,4,ARIMA_Fixed,BaselineProduction,2025-08-20,20,1295.3943030000055,2026-06-28T17:14:17
baseline_20260628_171417,job_000043,APC-Dedicated,4,ARIMA_Fixed,BaselineProduction,2025-08-21,21,1296.1459990000058,2026-06-28T17:14:17
baseline_20260628_171417,job_000043,APC-Dedicated,4,ARIMA_Fixed,BaselineProduction,2025-08-22,22,1296.897695000006,2026-06-28T17:14:17
baseline_20260628_171417,job_000043,APC-Dedicated,4,ARIMA_Fixed,BaselineProduction,2025-08-23,23,1297.6493910000063,2026-06-28T17:14:17
baseline_20260628_171417,job_000043,APC-Dedicated,4,ARIMA_Fixed,BaselineProduction,2025-08-24,24,1298.4010870000066,2026-06-28T17:14:17
baseline_20260628_171417,job_000043,APC-Dedicated,4,ARIMA_Fixed,BaselineProduction,2025-08-25,25,1299.1527830000068,2026-06-28T17:14:17
baseline_20260628_171417,job_000043,APC-Dedicated,4,ARIMA_Fixed,BaselineProduction,2025-08-26,26,1299.904479000007,2026-06-28T17:14:17
baseline_20260628_171417,job_000043,APC-Dedicated,4,ARIMA_Fixed,BaselineProduction,2025-08-27,27,1300.6561750000074,2026-06-28T17:14:17
baseline_20260628_171417,job_000043,APC-Dedicated,4,ARIMA_Fixed,BaselineProduction,2025-08-28,28,1301.4078710000076,2026-06-28T17:14:17
baseline_20260628_171417,job_000043,APC-Dedicated,4,ARIMA_Fixed,BaselineProduction,2025-08-29,29,1302.1595670000079,2026-06-28T17:14:17
baseline_20260628_171417,job_000043,APC-Dedicated,4,ARIMA_Fixed,BaselineProduction,2025-08-30,30,1302.9112630000081,2026-06-28T17:14:17
baseline_20260628_171417,job_000046,APC-Dedicated,4,ETS_Current,BaselineProduction,2025-08-01,1,1280.726727522577,2026-06-28T17:14:17
baseline_20260628_171417,job_000046,APC-Dedicated,4,ETS_Current,BaselineProduction,2025-08-02,2,1281.1722889911318,2026-06-28T17:14:17
baseline_20260628_171417,job_000046,APC-Dedicated,4,ETS_Current,BaselineProduction,2025-08-03,3,1281.6178504596867,2026-06-28T17:14:17
baseline_20260628_171417,job_000046,APC-Dedicated,4,ETS_Current,BaselineProduction,2025-08-04,4,1282.0634119282415,2026-06-28T17:14:17
baseline_20260628_171417,job_000046,APC-Dedicated,4,ETS_Current,BaselineProduction,2025-08-05,5,1282.5089733967964,2026-06-28T17:14:17
baseline_20260628_171417,job_000046,APC-Dedicated,4,ETS_Current,BaselineProduction,2025-08-06,6,1282.9545348653512,2026-06-28T17:14:17
baseline_20260628_171417,job_000046,APC-Dedicated,4,ETS_Current,BaselineProduction,2025-08-07,7,1283.400096333906,2026-06-28T17:14:17
baseline_20260628_171417,job_000046,APC-Dedicated,4,ETS_Current,BaselineProduction,2025-08-08,8,1283.845657802461,2026-06-28T17:14:17
baseline_20260628_171417,job_000046,APC-Dedicated,4,ETS_Current,BaselineProduction,2025-08-09,9,1284.2912192710157,2026-06-28T17:14:17
baseline_20260628_171417,job_000046,APC-Dedicated,4,ETS_Current,BaselineProduction,2025-08-10,10,1284.7367807395706,2026-06-28T17:14:17
baseline_20260628_171417,job_000046,APC-Dedicated,4,ETS_Current,BaselineProduction,2025-08-11,11,1285.1823422081254,2026-06-28T17:14:17
baseline_20260628_171417,job_000046,APC-Dedicated,4,ETS_Current,BaselineProduction,2025-08-12,12,1285.6279036766803,2026-06-28T17:14:17
baseline_20260628_171417,job_000046,APC-Dedicated,4,ETS_Current,BaselineProduction,2025-08-13,13,1286.073465145235,2026-06-28T17:14:17
baseline_20260628_171417,job_000046,APC-Dedicated,4,ETS_Current,BaselineProduction,2025-08-14,14,1286.5190266137897,2026-06-28T17:14:17
baseline_20260628_171417,job_000046,APC-Dedicated,4,ETS_Current,BaselineProduction,2025-08-15,15,1286.9645880823446,2026-06-28T17:14:17
baseline_20260628_171417,job_000046,APC-Dedicated,4,ETS_Current,BaselineProduction,2025-08-16,16,1287.4101495508994,2026-06-28T17:14:17
baseline_20260628_171417,job_000046,APC-Dedicated,4,ETS_Current,BaselineProduction,2025-08-17,17,1287.8557110194542,2026-06-28T17:14:17
baseline_20260628_171417,job_000046,APC-Dedicated,4,ETS_Current,BaselineProduction,2025-08-18,18,1288.301272488009,2026-06-28T17:14:17
baseline_20260628_171417,job_000046,APC-Dedicated,4,ETS_Current,BaselineProduction,2025-08-19,19,1288.746833956564,2026-06-28T17:14:17
baseline_20260628_171417,job_000046,APC-Dedicated,4,ETS_Current,BaselineProduction,2025-08-20,20,1289.1923954251188,2026-06-28T17:14:17
baseline_20260628_171417,job_000046,APC-Dedicated,4,ETS_Current,BaselineProduction,2025-08-21,21,1289.6379568936736,2026-06-28T17:14:17
baseline_20260628_171417,job_000046,APC-Dedicated,4,ETS_Current,BaselineProduction,2025-08-22,22,1290.0835183622285,2026-06-28T17:14:17
baseline_20260628_171417,job_000046,APC-Dedicated,4,ETS_Current,BaselineProduction,2025-08-23,23,1290.5290798307833,2026-06-28T17:14:17
baseline_20260628_171417,job_000046,APC-Dedicated,4,ETS_Current,BaselineProduction,2025-08-24,24,1290.9746412993381,2026-06-28T17:14:17
baseline_20260628_171417,job_000046,APC-Dedicated,4,ETS_Current,BaselineProduction,2025-08-25,25,1291.420202767893,2026-06-28T17:14:17
baseline_20260628_171417,job_000046,APC-Dedicated,4,ETS_Current,BaselineProduction,2025-08-26,26,1291.8657642364478,2026-06-28T17:14:17
baseline_20260628_171417,job_000046,APC-Dedicated,4,ETS_Current,BaselineProduction,2025-08-27,27,1292.3113257050027,2026-06-28T17:14:17
baseline_20260628_171417,job_000046,APC-Dedicated,4,ETS_Current,BaselineProduction,2025-08-28,28,1292.7568871735575,2026-06-28T17:14:17
baseline_20260628_171417,job_000046,APC-Dedicated,4,ETS_Current,BaselineProduction,2025-08-29,29,1293.2024486421124,2026-06-28T17:14:17
baseline_20260628_171417,job_000046,APC-Dedicated,4,ETS_Current,BaselineProduction,2025-08-30,30,1293.6480101106672,2026-06-28T17:14:17
baseline_20260628_171417,job_000047,APC-Dedicated,4,FixedGrowth_1_5,BaselineProduction,2025-08-01,1,1281.0005631915,2026-06-28T17:14:17
baseline_20260628_171417,job_000047,APC-Dedicated,4,FixedGrowth_1_5,BaselineProduction,2025-08-02,2,1281.6407433830002,2026-06-28T17:14:17
baseline_20260628_171417,job_000047,APC-Dedicated,4,FixedGrowth_1_5,BaselineProduction,2025-08-03,3,1282.2809235745,2026-06-28T17:14:17
baseline_20260628_171417,job_000047,APC-Dedicated,4,FixedGrowth_1_5,BaselineProduction,2025-08-04,4,1282.9211037660002,2026-06-28T17:14:17
baseline_20260628_171417,job_000047,APC-Dedicated,4,FixedGrowth_1_5,BaselineProduction,2025-08-05,5,1283.5612839575,2026-06-28T17:14:17
baseline_20260628_171417,job_000047,APC-Dedicated,4,FixedGrowth_1_5,BaselineProduction,2025-08-06,6,1284.2014641490002,2026-06-28T17:14:17
baseline_20260628_171417,job_000047,APC-Dedicated,4,FixedGrowth_1_5,BaselineProduction,2025-08-07,7,1284.8416443405001,2026-06-28T17:14:17
baseline_20260628_171417,job_000047,APC-Dedicated,4,FixedGrowth_1_5,BaselineProduction,2025-08-08,8,1285.4818245320002,2026-06-28T17:14:17
baseline_20260628_171417,job_000047,APC-Dedicated,4,FixedGrowth_1_5,BaselineProduction,2025-08-09,9,1286.1220047235001,2026-06-28T17:14:17
baseline_20260628_171417,job_000047,APC-Dedicated,4,FixedGrowth_1_5,BaselineProduction,2025-08-10,10,1286.7621849150003,2026-06-28T17:14:17
baseline_20260628_171417,job_000047,APC-Dedicated,4,FixedGrowth_1_5,BaselineProduction,2025-08-11,11,1287.4023651065002,2026-06-28T17:14:17
baseline_20260628_171417,job_000047,APC-Dedicated,4,FixedGrowth_1_5,BaselineProduction,2025-08-12,12,1288.0425452980003,2026-06-28T17:14:17
baseline_20260628_171417,job_000047,APC-Dedicated,4,FixedGrowth_1_5,BaselineProduction,2025-08-13,13,1288.6827254895002,2026-06-28T17:14:17
baseline_20260628_171417,job_000047,APC-Dedicated,4,FixedGrowth_1_5,BaselineProduction,2025-08-14,14,1289.3229056810003,2026-06-28T17:14:17
baseline_20260628_171417,job_000047,APC-Dedicated,4,FixedGrowth_1_5,BaselineProduction,2025-08-15,15,1289.9630858725002,2026-06-28T17:14:17
baseline_20260628_171417,job_000047,APC-Dedicated,4,FixedGrowth_1_5,BaselineProduction,2025-08-16,16,1290.603266064,2026-06-28T17:14:17
baseline_20260628_171417,job_000047,APC-Dedicated,4,FixedGrowth_1_5,BaselineProduction,2025-08-17,17,1291.2434462555002,2026-06-28T17:14:17
baseline_20260628_171417,job_000047,APC-Dedicated,4,FixedGrowth_1_5,BaselineProduction,2025-08-18,18,1291.883626447,2026-06-28T17:14:17
baseline_20260628_171417,job_000047,APC-Dedicated,4,FixedGrowth_1_5,BaselineProduction,2025-08-19,19,1292.5238066385002,2026-06-28T17:14:17
baseline_20260628_171417,job_000047,APC-Dedicated,4,FixedGrowth_1_5,BaselineProduction,2025-08-20,20,1293.16398683,2026-06-28T17:14:17
baseline_20260628_171417,job_000047,APC-Dedicated,4,FixedGrowth_1_5,BaselineProduction,2025-08-21,21,1293.8041670215002,2026-06-28T17:14:17
baseline_20260628_171417,job_000047,APC-Dedicated,4,FixedGrowth_1_5,BaselineProduction,2025-08-22,22,1294.4443472130001,2026-06-28T17:14:17
baseline_20260628_171417,job_000047,APC-Dedicated,4,FixedGrowth_1_5,BaselineProduction,2025-08-23,23,1295.0845274045002,2026-06-28T17:14:17
baseline_20260628_171417,job_000047,APC-Dedicated,4,FixedGrowth_1_5,BaselineProduction,2025-08-24,24,1295.7247075960001,2026-06-28T17:14:17
baseline_20260628_171417,job_000047,APC-Dedicated,4,FixedGrowth_1_5,BaselineProduction,2025-08-25,25,1296.3648877875003,2026-06-28T17:14:17
baseline_20260628_171417,job_000047,APC-Dedicated,4,FixedGrowth_1_5,BaselineProduction,2025-08-26,26,1297.0050679790002,2026-06-28T17:14:17
baseline_20260628_171417,job_000047,APC-Dedicated,4,FixedGrowth_1_5,BaselineProduction,2025-08-27,27,1297.6452481705003,2026-06-28T17:14:17
baseline_20260628_171417,job_000047,APC-Dedicated,4,FixedGrowth_1_5,BaselineProduction,2025-08-28,28,1298.2854283620002,2026-06-28T17:14:17
baseline_20260628_171417,job_000047,APC-Dedicated,4,FixedGrowth_1_5,BaselineProduction,2025-08-29,29,1298.9256085535003,2026-06-28T17:14:17
baseline_20260628_171417,job_000047,APC-Dedicated,4,FixedGrowth_1_5,BaselineProduction,2025-08-30,30,1299.5657887450002,2026-06-28T17:14:17
baseline_20260628_171417,job_000048,APC-Dedicated,4,FixedGrowth_3,BaselineProduction,2025-08-01,1,1281.6407433830002,2026-06-28T17:14:17
baseline_20260628_171417,job_000048,APC-Dedicated,4,FixedGrowth_3,BaselineProduction,2025-08-02,2,1282.9211037660002,2026-06-28T17:14:17
baseline_20260628_171417,job_000048,APC-Dedicated,4,FixedGrowth_3,BaselineProduction,2025-08-03,3,1284.2014641490002,2026-06-28T17:14:17
baseline_20260628_171417,job_000048,APC-Dedicated,4,FixedGrowth_3,BaselineProduction,2025-08-04,4,1285.4818245320002,2026-06-28T17:14:17
baseline_20260628_171417,job_000048,APC-Dedicated,4,FixedGrowth_3,BaselineProduction,2025-08-05,5,1286.7621849150003,2026-06-28T17:14:17
baseline_20260628_171417,job_000048,APC-Dedicated,4,FixedGrowth_3,BaselineProduction,2025-08-06,6,1288.0425452980003,2026-06-28T17:14:17
baseline_20260628_171417,job_000048,APC-Dedicated,4,FixedGrowth_3,BaselineProduction,2025-08-07,7,1289.3229056810003,2026-06-28T17:14:17
baseline_20260628_171417,job_000048,APC-Dedicated,4,FixedGrowth_3,BaselineProduction,2025-08-08,8,1290.603266064,2026-06-28T17:14:17
baseline_20260628_171417,job_000048,APC-Dedicated,4,FixedGrowth_3,BaselineProduction,2025-08-09,9,1291.883626447,2026-06-28T17:14:17
baseline_20260628_171417,job_000048,APC-Dedicated,4,FixedGrowth_3,BaselineProduction,2025-08-10,10,1293.16398683,2026-06-28T17:14:17
baseline_20260628_171417,job_000048,APC-Dedicated,4,FixedGrowth_3,BaselineProduction,2025-08-11,11,1294.4443472130001,2026-06-28T17:14:17
baseline_20260628_171417,job_000048,APC-Dedicated,4,FixedGrowth_3,BaselineProduction,2025-08-12,12,1295.7247075960001,2026-06-28T17:14:17
baseline_20260628_171417,job_000048,APC-Dedicated,4,FixedGrowth_3,BaselineProduction,2025-08-13,13,1297.0050679790002,2026-06-28T17:14:17
baseline_20260628_171417,job_000048,APC-Dedicated,4,FixedGrowth_3,BaselineProduction,2025-08-14,14,1298.2854283620002,2026-06-28T17:14:17
baseline_20260628_171417,job_000048,APC-Dedicated,4,FixedGrowth_3,BaselineProduction,2025-08-15,15,1299.5657887450002,2026-06-28T17:14:17
baseline_20260628_171417,job_000048,APC-Dedicated,4,FixedGrowth_3,BaselineProduction,2025-08-16,16,1300.8461491280002,2026-06-28T17:14:17
baseline_20260628_171417,job_000048,APC-Dedicated,4,FixedGrowth_3,BaselineProduction,2025-08-17,17,1302.1265095110002,2026-06-28T17:14:17
baseline_20260628_171417,job_000048,APC-Dedicated,4,FixedGrowth_3,BaselineProduction,2025-08-18,18,1303.4068698940002,2026-06-28T17:14:17
baseline_20260628_171417,job_000048,APC-Dedicated,4,FixedGrowth_3,BaselineProduction,2025-08-19,19,1304.6872302770003,2026-06-28T17:14:17
baseline_20260628_171417,job_000048,APC-Dedicated,4,FixedGrowth_3,BaselineProduction,2025-08-20,20,1305.9675906600003,2026-06-28T17:14:17
baseline_20260628_171417,job_000048,APC-Dedicated,4,FixedGrowth_3,BaselineProduction,2025-08-21,21,1307.2479510430003,2026-06-28T17:14:17
baseline_20260628_171417,job_000048,APC-Dedicated,4,FixedGrowth_3,BaselineProduction,2025-08-22,22,1308.5283114260003,2026-06-28T17:14:17
baseline_20260628_171417,job_000048,APC-Dedicated,4,FixedGrowth_3,BaselineProduction,2025-08-23,23,1309.808671809,2026-06-28T17:14:17
baseline_20260628_171417,job_000048,APC-Dedicated,4,FixedGrowth_3,BaselineProduction,2025-08-24,24,1311.089032192,2026-06-28T17:14:17
baseline_20260628_171417,job_000048,APC-Dedicated,4,FixedGrowth_3,BaselineProduction,2025-08-25,25,1312.3693925750001,2026-06-28T17:14:17
baseline_20260628_171417,job_000048,APC-Dedicated,4,FixedGrowth_3,BaselineProduction,2025-08-26,26,1313.6497529580001,2026-06-28T17:14:17
baseline_20260628_171417,job_000048,APC-Dedicated,4,FixedGrowth_3,BaselineProduction,2025-08-27,27,1314.9301133410002,2026-06-28T17:14:17
baseline_20260628_171417,job_000048,APC-Dedicated,4,FixedGrowth_3,BaselineProduction,2025-08-28,28,1316.2104737240002,2026-06-28T17:14:17
baseline_20260628_171417,job_000048,APC-Dedicated,4,FixedGrowth_3,BaselineProduction,2025-08-29,29,1317.4908341070002,2026-06-28T17:14:17
baseline_20260628_171417,job_000048,APC-Dedicated,4,FixedGrowth_3,BaselineProduction,2025-08-30,30,1318.7711944900002,2026-06-28T17:14:17
baseline_20260628_171417,job_000049,APC-Dedicated,4,FixedGrowth_4,BaselineProduction,2025-08-01,1,1282.0675301773335,2026-06-28T17:14:17
baseline_20260628_171417,job_000049,APC-Dedicated,4,FixedGrowth_4,BaselineProduction,2025-08-02,2,1283.774677354667,2026-06-28T17:14:17
baseline_20260628_171417,job_000049,APC-Dedicated,4,FixedGrowth_4,BaselineProduction,2025-08-03,3,1285.4818245320002,2026-06-28T17:14:17
baseline_20260628_171417,job_000049,APC-Dedicated,4,FixedGrowth_4,BaselineProduction,2025-08-04,4,1287.1889717093336,2026-06-28T17:14:17
baseline_20260628_171417,job_000049,APC-Dedicated,4,FixedGrowth_4,BaselineProduction,2025-08-05,5,1288.896118886667,2026-06-28T17:14:17
baseline_20260628_171417,job_000049,APC-Dedicated,4,FixedGrowth_4,BaselineProduction,2025-08-06,6,1290.603266064,2026-06-28T17:14:17
baseline_20260628_171417,job_000049,APC-Dedicated,4,FixedGrowth_4,BaselineProduction,2025-08-07,7,1292.3104132413334,2026-06-28T17:14:17
baseline_20260628_171417,job_000049,APC-Dedicated,4,FixedGrowth_4,BaselineProduction,2025-08-08,8,1294.0175604186668,2026-06-28T17:14:17
baseline_20260628_171417,job_000049,APC-Dedicated,4,FixedGrowth_4,BaselineProduction,2025-08-09,9,1295.7247075960001,2026-06-28T17:14:17
baseline_20260628_171417,job_000049,APC-Dedicated,4,FixedGrowth_4,BaselineProduction,2025-08-10,10,1297.4318547733335,2026-06-28T17:14:17
baseline_20260628_171417,job_000049,APC-Dedicated,4,FixedGrowth_4,BaselineProduction,2025-08-11,11,1299.1390019506669,2026-06-28T17:14:17
baseline_20260628_171417,job_000049,APC-Dedicated,4,FixedGrowth_4,BaselineProduction,2025-08-12,12,1300.8461491280002,2026-06-28T17:14:17
baseline_20260628_171417,job_000049,APC-Dedicated,4,FixedGrowth_4,BaselineProduction,2025-08-13,13,1302.5532963053336,2026-06-28T17:14:17
baseline_20260628_171417,job_000049,APC-Dedicated,4,FixedGrowth_4,BaselineProduction,2025-08-14,14,1304.260443482667,2026-06-28T17:14:17
baseline_20260628_171417,job_000049,APC-Dedicated,4,FixedGrowth_4,BaselineProduction,2025-08-15,15,1305.9675906600003,2026-06-28T17:14:17
baseline_20260628_171417,job_000049,APC-Dedicated,4,FixedGrowth_4,BaselineProduction,2025-08-16,16,1307.6747378373336,2026-06-28T17:14:17
baseline_20260628_171417,job_000049,APC-Dedicated,4,FixedGrowth_4,BaselineProduction,2025-08-17,17,1309.3818850146668,2026-06-28T17:14:17
baseline_20260628_171417,job_000049,APC-Dedicated,4,FixedGrowth_4,BaselineProduction,2025-08-18,18,1311.089032192,2026-06-28T17:14:17
baseline_20260628_171417,job_000049,APC-Dedicated,4,FixedGrowth_4,BaselineProduction,2025-08-19,19,1312.7961793693335,2026-06-28T17:14:17
baseline_20260628_171417,job_000049,APC-Dedicated,4,FixedGrowth_4,BaselineProduction,2025-08-20,20,1314.5033265466668,2026-06-28T17:14:17
baseline_20260628_171417,job_000049,APC-Dedicated,4,FixedGrowth_4,BaselineProduction,2025-08-21,21,1316.2104737240002,2026-06-28T17:14:17
baseline_20260628_171417,job_000049,APC-Dedicated,4,FixedGrowth_4,BaselineProduction,2025-08-22,22,1317.9176209013335,2026-06-28T17:14:17
baseline_20260628_171417,job_000049,APC-Dedicated,4,FixedGrowth_4,BaselineProduction,2025-08-23,23,1319.6247680786669,2026-06-28T17:14:17
baseline_20260628_171417,job_000049,APC-Dedicated,4,FixedGrowth_4,BaselineProduction,2025-08-24,24,1321.3319152560002,2026-06-28T17:14:17
baseline_20260628_171417,job_000049,APC-Dedicated,4,FixedGrowth_4,BaselineProduction,2025-08-25,25,1323.0390624333336,2026-06-28T17:14:17
baseline_20260628_171417,job_000049,APC-Dedicated,4,FixedGrowth_4,BaselineProduction,2025-08-26,26,1324.746209610667,2026-06-28T17:14:17
baseline_20260628_171417,job_000049,APC-Dedicated,4,FixedGrowth_4,BaselineProduction,2025-08-27,27,1326.4533567880003,2026-06-28T17:14:17
baseline_20260628_171417,job_000049,APC-Dedicated,4,FixedGrowth_4,BaselineProduction,2025-08-28,28,1328.1605039653334,2026-06-28T17:14:17
baseline_20260628_171417,job_000049,APC-Dedicated,4,FixedGrowth_4,BaselineProduction,2025-08-29,29,1329.8676511426668,2026-06-28T17:14:17
baseline_20260628_171417,job_000049,APC-Dedicated,4,FixedGrowth_4,BaselineProduction,2025-08-30,30,1331.5747983200001,2026-06-28T17:14:17
baseline_20260628_171417,job_000050,APC-Dedicated,4,FixedGrowth_6,BaselineProduction,2025-08-01,1,1282.9211037660002,2026-06-28T17:14:17
baseline_20260628_171417,job_000050,APC-Dedicated,4,FixedGrowth_6,BaselineProduction,2025-08-02,2,1285.4818245320002,2026-06-28T17:14:17
baseline_20260628_171417,job_000050,APC-Dedicated,4,FixedGrowth_6,BaselineProduction,2025-08-03,3,1288.0425452980003,2026-06-28T17:14:17
baseline_20260628_171417,job_000050,APC-Dedicated,4,FixedGrowth_6,BaselineProduction,2025-08-04,4,1290.603266064,2026-06-28T17:14:17
baseline_20260628_171417,job_000050,APC-Dedicated,4,FixedGrowth_6,BaselineProduction,2025-08-05,5,1293.16398683,2026-06-28T17:14:17
baseline_20260628_171417,job_000050,APC-Dedicated,4,FixedGrowth_6,BaselineProduction,2025-08-06,6,1295.7247075960001,2026-06-28T17:14:17
baseline_20260628_171417,job_000050,APC-Dedicated,4,FixedGrowth_6,BaselineProduction,2025-08-07,7,1298.2854283620002,2026-06-28T17:14:17
baseline_20260628_171417,job_000050,APC-Dedicated,4,FixedGrowth_6,BaselineProduction,2025-08-08,8,1300.8461491280002,2026-06-28T17:14:17
baseline_20260628_171417,job_000050,APC-Dedicated,4,FixedGrowth_6,BaselineProduction,2025-08-09,9,1303.4068698940002,2026-06-28T17:14:17
baseline_20260628_171417,job_000050,APC-Dedicated,4,FixedGrowth_6,BaselineProduction,2025-08-10,10,1305.9675906600003,2026-06-28T17:14:17
baseline_20260628_171417,job_000050,APC-Dedicated,4,FixedGrowth_6,BaselineProduction,2025-08-11,11,1308.5283114260003,2026-06-28T17:14:17
baseline_20260628_171417,job_000050,APC-Dedicated,4,FixedGrowth_6,BaselineProduction,2025-08-12,12,1311.089032192,2026-06-28T17:14:17
baseline_20260628_171417,job_000050,APC-Dedicated,4,FixedGrowth_6,BaselineProduction,2025-08-13,13,1313.6497529580001,2026-06-28T17:14:17
baseline_20260628_171417,job_000050,APC-Dedicated,4,FixedGrowth_6,BaselineProduction,2025-08-14,14,1316.2104737240002,2026-06-28T17:14:17
baseline_20260628_171417,job_000050,APC-Dedicated,4,FixedGrowth_6,BaselineProduction,2025-08-15,15,1318.7711944900002,2026-06-28T17:14:17
baseline_20260628_171417,job_000050,APC-Dedicated,4,FixedGrowth_6,BaselineProduction,2025-08-16,16,1321.3319152560002,2026-06-28T17:14:17
baseline_20260628_171417,job_000050,APC-Dedicated,4,FixedGrowth_6,BaselineProduction,2025-08-17,17,1323.8926360220003,2026-06-28T17:14:17
baseline_20260628_171417,job_000050,APC-Dedicated,4,FixedGrowth_6,BaselineProduction,2025-08-18,18,1326.4533567880003,2026-06-28T17:14:17
baseline_20260628_171417,job_000050,APC-Dedicated,4,FixedGrowth_6,BaselineProduction,2025-08-19,19,1329.014077554,2026-06-28T17:14:17
baseline_20260628_171417,job_000050,APC-Dedicated,4,FixedGrowth_6,BaselineProduction,2025-08-20,20,1331.5747983200001,2026-06-28T17:14:17
baseline_20260628_171417,job_000050,APC-Dedicated,4,FixedGrowth_6,BaselineProduction,2025-08-21,21,1334.1355190860002,2026-06-28T17:14:17
baseline_20260628_171417,job_000050,APC-Dedicated,4,FixedGrowth_6,BaselineProduction,2025-08-22,22,1336.6962398520002,2026-06-28T17:14:17
baseline_20260628_171417,job_000050,APC-Dedicated,4,FixedGrowth_6,BaselineProduction,2025-08-23,23,1339.2569606180002,2026-06-28T17:14:17
baseline_20260628_171417,job_000050,APC-Dedicated,4,FixedGrowth_6,BaselineProduction,2025-08-24,24,1341.8176813840003,2026-06-28T17:14:17
baseline_20260628_171417,job_000050,APC-Dedicated,4,FixedGrowth_6,BaselineProduction,2025-08-25,25,1344.3784021500003,2026-06-28T17:14:17
baseline_20260628_171417,job_000050,APC-Dedicated,4,FixedGrowth_6,BaselineProduction,2025-08-26,26,1346.939122916,2026-06-28T17:14:17
baseline_20260628_171417,job_000050,APC-Dedicated,4,FixedGrowth_6,BaselineProduction,2025-08-27,27,1349.4998436820001,2026-06-28T17:14:17
baseline_20260628_171417,job_000050,APC-Dedicated,4,FixedGrowth_6,BaselineProduction,2025-08-28,28,1352.0605644480002,2026-06-28T17:14:17
baseline_20260628_171417,job_000050,APC-Dedicated,4,FixedGrowth_6,BaselineProduction,2025-08-29,29,1354.6212852140002,2026-06-28T17:14:17
baseline_20260628_171417,job_000050,APC-Dedicated,4,FixedGrowth_6,BaselineProduction,2025-08-30,30,1357.1820059800002,2026-06-28T17:14:17
baseline_20260628_171417,job_000052,APC-Dedicated,4,LinearRegression,BaselineProduction,2025-08-01,1,1280.0791712689506,2026-06-28T17:14:17
baseline_20260628_171417,job_000052,APC-Dedicated,4,LinearRegression,BaselineProduction,2025-08-02,2,1280.3612276700524,2026-06-28T17:14:17
baseline_20260628_171417,job_000052,APC-Dedicated,4,LinearRegression,BaselineProduction,2025-08-03,3,1280.6447270525628,2026-06-28T17:14:17
baseline_20260628_171417,job_000052,APC-Dedicated,4,LinearRegression,BaselineProduction,2025-08-04,4,1280.928764610778,2026-06-28T17:14:17
baseline_20260628_171417,job_000052,APC-Dedicated,4,LinearRegression,BaselineProduction,2025-08-05,5,1281.220494359428,2026-06-28T17:14:17
baseline_20260628_171417,job_000052,APC-Dedicated,4,LinearRegression,BaselineProduction,2025-08-06,6,1281.5111674900886,2026-06-28T17:14:17
baseline_20260628_171417,job_000052,APC-Dedicated,4,LinearRegression,BaselineProduction,2025-08-07,7,1281.7948806235247,2026-06-28T17:14:17
baseline_20260628_171417,job_000052,APC-Dedicated,4,LinearRegression,BaselineProduction,2025-08-08,8,1282.07012484763,2026-06-28T17:14:17
baseline_20260628_171417,job_000052,APC-Dedicated,4,LinearRegression,BaselineProduction,2025-08-09,9,1282.342826327059,2026-06-28T17:14:17
baseline_20260628_171417,job_000052,APC-Dedicated,4,LinearRegression,BaselineProduction,2025-08-10,10,1282.6170373217653,2026-06-28T17:14:17
baseline_20260628_171417,job_000052,APC-Dedicated,4,LinearRegression,BaselineProduction,2025-08-11,11,1282.8970343845724,2026-06-28T17:14:17
baseline_20260628_171417,job_000052,APC-Dedicated,4,LinearRegression,BaselineProduction,2025-08-12,12,1283.1838617413143,2026-06-28T17:14:17
baseline_20260628_171417,job_000052,APC-Dedicated,4,LinearRegression,BaselineProduction,2025-08-13,13,1283.4839722169108,2026-06-28T17:14:17
baseline_20260628_171417,job_000052,APC-Dedicated,4,LinearRegression,BaselineProduction,2025-08-14,14,1283.790512744273,2026-06-28T17:14:17
baseline_20260628_171417,job_000052,APC-Dedicated,4,LinearRegression,BaselineProduction,2025-08-15,15,1284.090930667337,2026-06-28T17:14:17
baseline_20260628_171417,job_000052,APC-Dedicated,4,LinearRegression,BaselineProduction,2025-08-16,16,1284.3908458368246,2026-06-28T17:14:17
baseline_20260628_171417,job_000052,APC-Dedicated,4,LinearRegression,BaselineProduction,2025-08-17,17,1284.6904995463055,2026-06-28T17:14:17
baseline_20260628_171417,job_000052,APC-Dedicated,4,LinearRegression,BaselineProduction,2025-08-18,18,1284.9886332220115,2026-06-28T17:14:17
baseline_20260628_171417,job_000052,APC-Dedicated,4,LinearRegression,BaselineProduction,2025-08-19,19,1285.2831936183413,2026-06-28T17:14:17
baseline_20260628_171417,job_000052,APC-Dedicated,4,LinearRegression,BaselineProduction,2025-08-20,20,1285.575528372365,2026-06-28T17:14:17
baseline_20260628_171417,job_000052,APC-Dedicated,4,LinearRegression,BaselineProduction,2025-08-21,21,1285.8680781986134,2026-06-28T17:14:17
baseline_20260628_171417,job_000052,APC-Dedicated,4,LinearRegression,BaselineProduction,2025-08-22,22,1286.1603651602927,2026-06-28T17:14:17
baseline_20260628_171417,job_000052,APC-Dedicated,4,LinearRegression,BaselineProduction,2025-08-23,23,1286.4519356896894,2026-06-28T17:14:17
baseline_20260628_171417,job_000052,APC-Dedicated,4,LinearRegression,BaselineProduction,2025-08-24,24,1286.7422230249988,2026-06-28T17:14:17
baseline_20260628_171417,job_000052,APC-Dedicated,4,LinearRegression,BaselineProduction,2025-08-25,25,1287.0309978080184,2026-06-28T17:14:17
baseline_20260628_171417,job_000052,APC-Dedicated,4,LinearRegression,BaselineProduction,2025-08-26,26,1287.3173690748533,2026-06-28T17:14:17
baseline_20260628_171417,job_000052,APC-Dedicated,4,LinearRegression,BaselineProduction,2025-08-27,27,1287.6032516001724,2026-06-28T17:14:17
baseline_20260628_171417,job_000052,APC-Dedicated,4,LinearRegression,BaselineProduction,2025-08-28,28,1287.888547116152,2026-06-28T17:14:17
baseline_20260628_171417,job_000052,APC-Dedicated,4,LinearRegression,BaselineProduction,2025-08-29,29,1288.1744118046856,2026-06-28T17:14:17
baseline_20260628_171417,job_000052,APC-Dedicated,4,LinearRegression,BaselineProduction,2025-08-30,30,1288.4617391256606,2026-06-28T17:14:17
baseline_20260628_171417,job_000057,APC-Dedicated,5,ARIMA_Fixed,BaselineProduction,2025-08-31,1,1289.0051279999998,2026-06-28T17:14:17
baseline_20260628_171417,job_000057,APC-Dedicated,5,ARIMA_Fixed,BaselineProduction,2025-09-01,2,1288.8489799999998,2026-06-28T17:14:17
baseline_20260628_171417,job_000057,APC-Dedicated,5,ARIMA_Fixed,BaselineProduction,2025-09-02,3,1288.6928319999997,2026-06-28T17:14:17
baseline_20260628_171417,job_000057,APC-Dedicated,5,ARIMA_Fixed,BaselineProduction,2025-09-03,4,1288.5366839999997,2026-06-28T17:14:17
baseline_20260628_171417,job_000057,APC-Dedicated,5,ARIMA_Fixed,BaselineProduction,2025-09-04,5,1288.3805359999997,2026-06-28T17:14:17
baseline_20260628_171417,job_000057,APC-Dedicated,5,ARIMA_Fixed,BaselineProduction,2025-09-05,6,1288.2243879999996,2026-06-28T17:14:17
baseline_20260628_171417,job_000057,APC-Dedicated,5,ARIMA_Fixed,BaselineProduction,2025-09-06,7,1288.0682399999996,2026-06-28T17:14:17
baseline_20260628_171417,job_000057,APC-Dedicated,5,ARIMA_Fixed,BaselineProduction,2025-09-07,8,1287.9120919999996,2026-06-28T17:14:17
baseline_20260628_171417,job_000057,APC-Dedicated,5,ARIMA_Fixed,BaselineProduction,2025-09-08,9,1287.7559439999995,2026-06-28T17:14:17
baseline_20260628_171417,job_000057,APC-Dedicated,5,ARIMA_Fixed,BaselineProduction,2025-09-09,10,1287.5997959999995,2026-06-28T17:14:17
baseline_20260628_171417,job_000057,APC-Dedicated,5,ARIMA_Fixed,BaselineProduction,2025-09-10,11,1287.4436479999995,2026-06-28T17:14:17
baseline_20260628_171417,job_000057,APC-Dedicated,5,ARIMA_Fixed,BaselineProduction,2025-09-11,12,1287.2874999999995,2026-06-28T17:14:17
baseline_20260628_171417,job_000057,APC-Dedicated,5,ARIMA_Fixed,BaselineProduction,2025-09-12,13,1287.1313519999994,2026-06-28T17:14:17
baseline_20260628_171417,job_000057,APC-Dedicated,5,ARIMA_Fixed,BaselineProduction,2025-09-13,14,1286.9752039999994,2026-06-28T17:14:17
baseline_20260628_171417,job_000057,APC-Dedicated,5,ARIMA_Fixed,BaselineProduction,2025-09-14,15,1286.8190559999994,2026-06-28T17:14:17
baseline_20260628_171417,job_000057,APC-Dedicated,5,ARIMA_Fixed,BaselineProduction,2025-09-15,16,1286.6629079999993,2026-06-28T17:14:17
baseline_20260628_171417,job_000057,APC-Dedicated,5,ARIMA_Fixed,BaselineProduction,2025-09-16,17,1286.5067599999993,2026-06-28T17:14:17
baseline_20260628_171417,job_000057,APC-Dedicated,5,ARIMA_Fixed,BaselineProduction,2025-09-17,18,1286.3506119999993,2026-06-28T17:14:17
baseline_20260628_171417,job_000057,APC-Dedicated,5,ARIMA_Fixed,BaselineProduction,2025-09-18,19,1286.1944639999992,2026-06-28T17:14:17
baseline_20260628_171417,job_000057,APC-Dedicated,5,ARIMA_Fixed,BaselineProduction,2025-09-19,20,1286.0383159999992,2026-06-28T17:14:17
baseline_20260628_171417,job_000057,APC-Dedicated,5,ARIMA_Fixed,BaselineProduction,2025-09-20,21,1285.8821679999992,2026-06-28T17:14:17
baseline_20260628_171417,job_000057,APC-Dedicated,5,ARIMA_Fixed,BaselineProduction,2025-09-21,22,1285.7260199999992,2026-06-28T17:14:17
baseline_20260628_171417,job_000057,APC-Dedicated,5,ARIMA_Fixed,BaselineProduction,2025-09-22,23,1285.5698719999991,2026-06-28T17:14:17
baseline_20260628_171417,job_000057,APC-Dedicated,5,ARIMA_Fixed,BaselineProduction,2025-09-23,24,1285.413723999999,2026-06-28T17:14:17
baseline_20260628_171417,job_000057,APC-Dedicated,5,ARIMA_Fixed,BaselineProduction,2025-09-24,25,1285.257575999999,2026-06-28T17:14:17
baseline_20260628_171417,job_000057,APC-Dedicated,5,ARIMA_Fixed,BaselineProduction,2025-09-25,26,1285.101427999999,2026-06-28T17:14:17
baseline_20260628_171417,job_000057,APC-Dedicated,5,ARIMA_Fixed,BaselineProduction,2025-09-26,27,1284.945279999999,2026-06-28T17:14:17
baseline_20260628_171417,job_000057,APC-Dedicated,5,ARIMA_Fixed,BaselineProduction,2025-09-27,28,1284.789131999999,2026-06-28T17:14:17
baseline_20260628_171417,job_000057,APC-Dedicated,5,ARIMA_Fixed,BaselineProduction,2025-09-28,29,1284.632983999999,2026-06-28T17:14:17
baseline_20260628_171417,job_000057,APC-Dedicated,5,ARIMA_Fixed,BaselineProduction,2025-09-29,30,1284.476835999999,2026-06-28T17:14:17
baseline_20260628_171417,job_000060,APC-Dedicated,5,ETS_Current,BaselineProduction,2025-08-31,1,1289.4673525857188,2026-06-28T17:14:17
baseline_20260628_171417,job_000060,APC-Dedicated,5,ETS_Current,BaselineProduction,2025-09-01,2,1289.6680715741936,2026-06-28T17:14:17
baseline_20260628_171417,job_000060,APC-Dedicated,5,ETS_Current,BaselineProduction,2025-09-02,3,1289.8687905626682,2026-06-28T17:14:17
baseline_20260628_171417,job_000060,APC-Dedicated,5,ETS_Current,BaselineProduction,2025-09-03,4,1290.0695095511428,2026-06-28T17:14:17
baseline_20260628_171417,job_000060,APC-Dedicated,5,ETS_Current,BaselineProduction,2025-09-04,5,1290.2702285396174,2026-06-28T17:14:17
baseline_20260628_171417,job_000060,APC-Dedicated,5,ETS_Current,BaselineProduction,2025-09-05,6,1290.4709475280922,2026-06-28T17:14:17
baseline_20260628_171417,job_000060,APC-Dedicated,5,ETS_Current,BaselineProduction,2025-09-06,7,1290.6716665165668,2026-06-28T17:14:17
baseline_20260628_171417,job_000060,APC-Dedicated,5,ETS_Current,BaselineProduction,2025-09-07,8,1290.8723855050414,2026-06-28T17:14:17
baseline_20260628_171417,job_000060,APC-Dedicated,5,ETS_Current,BaselineProduction,2025-09-08,9,1291.0731044935162,2026-06-28T17:14:17
baseline_20260628_171417,job_000060,APC-Dedicated,5,ETS_Current,BaselineProduction,2025-09-09,10,1291.2738234819908,2026-06-28T17:14:17
baseline_20260628_171417,job_000060,APC-Dedicated,5,ETS_Current,BaselineProduction,2025-09-10,11,1291.4745424704654,2026-06-28T17:14:17
baseline_20260628_171417,job_000060,APC-Dedicated,5,ETS_Current,BaselineProduction,2025-09-11,12,1291.6752614589402,2026-06-28T17:14:17
baseline_20260628_171417,job_000060,APC-Dedicated,5,ETS_Current,BaselineProduction,2025-09-12,13,1291.8759804474148,2026-06-28T17:14:17
baseline_20260628_171417,job_000060,APC-Dedicated,5,ETS_Current,BaselineProduction,2025-09-13,14,1292.0766994358894,2026-06-28T17:14:17
baseline_20260628_171417,job_000060,APC-Dedicated,5,ETS_Current,BaselineProduction,2025-09-14,15,1292.277418424364,2026-06-28T17:14:17
baseline_20260628_171417,job_000060,APC-Dedicated,5,ETS_Current,BaselineProduction,2025-09-15,16,1292.4781374128388,2026-06-28T17:14:17
baseline_20260628_171417,job_000060,APC-Dedicated,5,ETS_Current,BaselineProduction,2025-09-16,17,1292.6788564013134,2026-06-28T17:14:17
baseline_20260628_171417,job_000060,APC-Dedicated,5,ETS_Current,BaselineProduction,2025-09-17,18,1292.879575389788,2026-06-28T17:14:17
baseline_20260628_171417,job_000060,APC-Dedicated,5,ETS_Current,BaselineProduction,2025-09-18,19,1293.0802943782628,2026-06-28T17:14:17
baseline_20260628_171417,job_000060,APC-Dedicated,5,ETS_Current,BaselineProduction,2025-09-19,20,1293.2810133667374,2026-06-28T17:14:17
baseline_20260628_171417,job_000060,APC-Dedicated,5,ETS_Current,BaselineProduction,2025-09-20,21,1293.481732355212,2026-06-28T17:14:17
baseline_20260628_171417,job_000060,APC-Dedicated,5,ETS_Current,BaselineProduction,2025-09-21,22,1293.6824513436868,2026-06-28T17:14:17
baseline_20260628_171417,job_000060,APC-Dedicated,5,ETS_Current,BaselineProduction,2025-09-22,23,1293.8831703321614,2026-06-28T17:14:17
baseline_20260628_171417,job_000060,APC-Dedicated,5,ETS_Current,BaselineProduction,2025-09-23,24,1294.083889320636,2026-06-28T17:14:17
baseline_20260628_171417,job_000060,APC-Dedicated,5,ETS_Current,BaselineProduction,2025-09-24,25,1294.2846083091106,2026-06-28T17:14:17
baseline_20260628_171417,job_000060,APC-Dedicated,5,ETS_Current,BaselineProduction,2025-09-25,26,1294.4853272975854,2026-06-28T17:14:17
baseline_20260628_171417,job_000060,APC-Dedicated,5,ETS_Current,BaselineProduction,2025-09-26,27,1294.68604628606,2026-06-28T17:14:17
baseline_20260628_171417,job_000060,APC-Dedicated,5,ETS_Current,BaselineProduction,2025-09-27,28,1294.8867652745346,2026-06-28T17:14:17
baseline_20260628_171417,job_000060,APC-Dedicated,5,ETS_Current,BaselineProduction,2025-09-28,29,1295.0874842630094,2026-06-28T17:14:17
baseline_20260628_171417,job_000060,APC-Dedicated,5,ETS_Current,BaselineProduction,2025-09-29,30,1295.288203251484,2026-06-28T17:14:17
baseline_20260628_171417,job_000061,APC-Dedicated,5,FixedGrowth_1_5,BaselineProduction,2025-08-31,1,1289.8058566379998,2026-06-28T17:14:17
baseline_20260628_171417,job_000061,APC-Dedicated,5,FixedGrowth_1_5,BaselineProduction,2025-09-01,2,1290.4504372759998,2026-06-28T17:14:17
baseline_20260628_171417,job_000061,APC-Dedicated,5,FixedGrowth_1_5,BaselineProduction,2025-09-02,3,1291.0950179139998,2026-06-28T17:14:17
baseline_20260628_171417,job_000061,APC-Dedicated,5,FixedGrowth_1_5,BaselineProduction,2025-09-03,4,1291.7395985519997,2026-06-28T17:14:17
baseline_20260628_171417,job_000061,APC-Dedicated,5,FixedGrowth_1_5,BaselineProduction,2025-09-04,5,1292.3841791899997,2026-06-28T17:14:17
baseline_20260628_171417,job_000061,APC-Dedicated,5,FixedGrowth_1_5,BaselineProduction,2025-09-05,6,1293.028759828,2026-06-28T17:14:17
baseline_20260628_171417,job_000061,APC-Dedicated,5,FixedGrowth_1_5,BaselineProduction,2025-09-06,7,1293.673340466,2026-06-28T17:14:17
baseline_20260628_171417,job_000061,APC-Dedicated,5,FixedGrowth_1_5,BaselineProduction,2025-09-07,8,1294.3179211039999,2026-06-28T17:14:17
baseline_20260628_171417,job_000061,APC-Dedicated,5,FixedGrowth_1_5,BaselineProduction,2025-09-08,9,1294.9625017419999,2026-06-28T17:14:17
baseline_20260628_171417,job_000061,APC-Dedicated,5,FixedGrowth_1_5,BaselineProduction,2025-09-09,10,1295.6070823799998,2026-06-28T17:14:17
baseline_20260628_171417,job_000061,APC-Dedicated,5,FixedGrowth_1_5,BaselineProduction,2025-09-10,11,1296.2516630179998,2026-06-28T17:14:17
baseline_20260628_171417,job_000061,APC-Dedicated,5,FixedGrowth_1_5,BaselineProduction,2025-09-11,12,1296.8962436559998,2026-06-28T17:14:17
baseline_20260628_171417,job_000061,APC-Dedicated,5,FixedGrowth_1_5,BaselineProduction,2025-09-12,13,1297.5408242939998,2026-06-28T17:14:17
baseline_20260628_171417,job_000061,APC-Dedicated,5,FixedGrowth_1_5,BaselineProduction,2025-09-13,14,1298.1854049319998,2026-06-28T17:14:17
baseline_20260628_171417,job_000061,APC-Dedicated,5,FixedGrowth_1_5,BaselineProduction,2025-09-14,15,1298.8299855699997,2026-06-28T17:14:17
baseline_20260628_171417,job_000061,APC-Dedicated,5,FixedGrowth_1_5,BaselineProduction,2025-09-15,16,1299.4745662079997,2026-06-28T17:14:17
baseline_20260628_171417,job_000061,APC-Dedicated,5,FixedGrowth_1_5,BaselineProduction,2025-09-16,17,1300.119146846,2026-06-28T17:14:17
baseline_20260628_171417,job_000061,APC-Dedicated,5,FixedGrowth_1_5,BaselineProduction,2025-09-17,18,1300.763727484,2026-06-28T17:14:17
baseline_20260628_171417,job_000061,APC-Dedicated,5,FixedGrowth_1_5,BaselineProduction,2025-09-18,19,1301.4083081219999,2026-06-28T17:14:17
baseline_20260628_171417,job_000061,APC-Dedicated,5,FixedGrowth_1_5,BaselineProduction,2025-09-19,20,1302.0528887599999,2026-06-28T17:14:17
baseline_20260628_171417,job_000061,APC-Dedicated,5,FixedGrowth_1_5,BaselineProduction,2025-09-20,21,1302.6974693979998,2026-06-28T17:14:17
baseline_20260628_171417,job_000061,APC-Dedicated,5,FixedGrowth_1_5,BaselineProduction,2025-09-21,22,1303.3420500359998,2026-06-28T17:14:17
baseline_20260628_171417,job_000061,APC-Dedicated,5,FixedGrowth_1_5,BaselineProduction,2025-09-22,23,1303.9866306739998,2026-06-28T17:14:17
baseline_20260628_171417,job_000061,APC-Dedicated,5,FixedGrowth_1_5,BaselineProduction,2025-09-23,24,1304.6312113119998,2026-06-28T17:14:17
baseline_20260628_171417,job_000061,APC-Dedicated,5,FixedGrowth_1_5,BaselineProduction,2025-09-24,25,1305.2757919499998,2026-06-28T17:14:17
baseline_20260628_171417,job_000061,APC-Dedicated,5,FixedGrowth_1_5,BaselineProduction,2025-09-25,26,1305.9203725879997,2026-06-28T17:14:17
baseline_20260628_171417,job_000061,APC-Dedicated,5,FixedGrowth_1_5,BaselineProduction,2025-09-26,27,1306.5649532259997,2026-06-28T17:14:17
baseline_20260628_171417,job_000061,APC-Dedicated,5,FixedGrowth_1_5,BaselineProduction,2025-09-27,28,1307.209533864,2026-06-28T17:14:17
baseline_20260628_171417,job_000061,APC-Dedicated,5,FixedGrowth_1_5,BaselineProduction,2025-09-28,29,1307.854114502,2026-06-28T17:14:17
baseline_20260628_171417,job_000061,APC-Dedicated,5,FixedGrowth_1_5,BaselineProduction,2025-09-29,30,1308.4986951399999,2026-06-28T17:14:17
baseline_20260628_171417,job_000062,APC-Dedicated,5,FixedGrowth_3,BaselineProduction,2025-08-31,1,1290.4504372759998,2026-06-28T17:14:17
baseline_20260628_171417,job_000062,APC-Dedicated,5,FixedGrowth_3,BaselineProduction,2025-09-01,2,1291.7395985519997,2026-06-28T17:14:17
baseline_20260628_171417,job_000062,APC-Dedicated,5,FixedGrowth_3,BaselineProduction,2025-09-02,3,1293.028759828,2026-06-28T17:14:17
baseline_20260628_171417,job_000062,APC-Dedicated,5,FixedGrowth_3,BaselineProduction,2025-09-03,4,1294.3179211039999,2026-06-28T17:14:17
baseline_20260628_171417,job_000062,APC-Dedicated,5,FixedGrowth_3,BaselineProduction,2025-09-04,5,1295.6070823799998,2026-06-28T17:14:17
baseline_20260628_171417,job_000062,APC-Dedicated,5,FixedGrowth_3,BaselineProduction,2025-09-05,6,1296.8962436559998,2026-06-28T17:14:17
baseline_20260628_171417,job_000062,APC-Dedicated,5,FixedGrowth_3,BaselineProduction,2025-09-06,7,1298.1854049319998,2026-06-28T17:14:17
baseline_20260628_171417,job_000062,APC-Dedicated,5,FixedGrowth_3,BaselineProduction,2025-09-07,8,1299.4745662079997,2026-06-28T17:14:17
baseline_20260628_171417,job_000062,APC-Dedicated,5,FixedGrowth_3,BaselineProduction,2025-09-08,9,1300.763727484,2026-06-28T17:14:17
baseline_20260628_171417,job_000062,APC-Dedicated,5,FixedGrowth_3,BaselineProduction,2025-09-09,10,1302.0528887599999,2026-06-28T17:14:17
baseline_20260628_171417,job_000062,APC-Dedicated,5,FixedGrowth_3,BaselineProduction,2025-09-10,11,1303.3420500359998,2026-06-28T17:14:17
baseline_20260628_171417,job_000062,APC-Dedicated,5,FixedGrowth_3,BaselineProduction,2025-09-11,12,1304.6312113119998,2026-06-28T17:14:17
baseline_20260628_171417,job_000062,APC-Dedicated,5,FixedGrowth_3,BaselineProduction,2025-09-12,13,1305.9203725879997,2026-06-28T17:14:17
baseline_20260628_171417,job_000062,APC-Dedicated,5,FixedGrowth_3,BaselineProduction,2025-09-13,14,1307.209533864,2026-06-28T17:14:17
baseline_20260628_171417,job_000062,APC-Dedicated,5,FixedGrowth_3,BaselineProduction,2025-09-14,15,1308.4986951399999,2026-06-28T17:14:17
baseline_20260628_171417,job_000062,APC-Dedicated,5,FixedGrowth_3,BaselineProduction,2025-09-15,16,1309.7878564159998,2026-06-28T17:14:17
baseline_20260628_171417,job_000062,APC-Dedicated,5,FixedGrowth_3,BaselineProduction,2025-09-16,17,1311.0770176919998,2026-06-28T17:14:17
baseline_20260628_171417,job_000062,APC-Dedicated,5,FixedGrowth_3,BaselineProduction,2025-09-17,18,1312.3661789679998,2026-06-28T17:14:17
baseline_20260628_171417,job_000062,APC-Dedicated,5,FixedGrowth_3,BaselineProduction,2025-09-18,19,1313.6553402439997,2026-06-28T17:14:17
baseline_20260628_171417,job_000062,APC-Dedicated,5,FixedGrowth_3,BaselineProduction,2025-09-19,20,1314.94450152,2026-06-28T17:14:17
baseline_20260628_171417,job_000062,APC-Dedicated,5,FixedGrowth_3,BaselineProduction,2025-09-20,21,1316.2336627959999,2026-06-28T17:14:17
baseline_20260628_171417,job_000062,APC-Dedicated,5,FixedGrowth_3,BaselineProduction,2025-09-21,22,1317.5228240719998,2026-06-28T17:14:17
baseline_20260628_171417,job_000062,APC-Dedicated,5,FixedGrowth_3,BaselineProduction,2025-09-22,23,1318.8119853479998,2026-06-28T17:14:17
baseline_20260628_171417,job_000062,APC-Dedicated,5,FixedGrowth_3,BaselineProduction,2025-09-23,24,1320.1011466239997,2026-06-28T17:14:17
baseline_20260628_171417,job_000062,APC-Dedicated,5,FixedGrowth_3,BaselineProduction,2025-09-24,25,1321.3903079,2026-06-28T17:14:17
baseline_20260628_171417,job_000062,APC-Dedicated,5,FixedGrowth_3,BaselineProduction,2025-09-25,26,1322.6794691759999,2026-06-28T17:14:17
baseline_20260628_171417,job_000062,APC-Dedicated,5,FixedGrowth_3,BaselineProduction,2025-09-26,27,1323.9686304519998,2026-06-28T17:14:17
baseline_20260628_171417,job_000062,APC-Dedicated,5,FixedGrowth_3,BaselineProduction,2025-09-27,28,1325.2577917279998,2026-06-28T17:14:17
baseline_20260628_171417,job_000062,APC-Dedicated,5,FixedGrowth_3,BaselineProduction,2025-09-28,29,1326.5469530039998,2026-06-28T17:14:17
baseline_20260628_171417,job_000062,APC-Dedicated,5,FixedGrowth_3,BaselineProduction,2025-09-29,30,1327.8361142799997,2026-06-28T17:14:17
baseline_20260628_171417,job_000063,APC-Dedicated,5,FixedGrowth_4,BaselineProduction,2025-08-31,1,1290.8801577013332,2026-06-28T17:14:17
baseline_20260628_171417,job_000063,APC-Dedicated,5,FixedGrowth_4,BaselineProduction,2025-09-01,2,1292.5990394026664,2026-06-28T17:14:17
baseline_20260628_171417,job_000063,APC-Dedicated,5,FixedGrowth_4,BaselineProduction,2025-09-02,3,1294.3179211039999,2026-06-28T17:14:17
baseline_20260628_171417,job_000063,APC-Dedicated,5,FixedGrowth_4,BaselineProduction,2025-09-03,4,1296.036802805333,2026-06-28T17:14:17
baseline_20260628_171417,job_000063,APC-Dedicated,5,FixedGrowth_4,BaselineProduction,2025-09-04,5,1297.7556845066665,2026-06-28T17:14:17
baseline_20260628_171417,job_000063,APC-Dedicated,5,FixedGrowth_4,BaselineProduction,2025-09-05,6,1299.4745662079997,2026-06-28T17:14:17
baseline_20260628_171417,job_000063,APC-Dedicated,5,FixedGrowth_4,BaselineProduction,2025-09-06,7,1301.1934479093331,2026-06-28T17:14:17
baseline_20260628_171417,job_000063,APC-Dedicated,5,FixedGrowth_4,BaselineProduction,2025-09-07,8,1302.9123296106666,2026-06-28T17:14:17
baseline_20260628_171417,job_000063,APC-Dedicated,5,FixedGrowth_4,BaselineProduction,2025-09-08,9,1304.6312113119998,2026-06-28T17:14:17
baseline_20260628_171417,job_000063,APC-Dedicated,5,FixedGrowth_4,BaselineProduction,2025-09-09,10,1306.3500930133332,2026-06-28T17:14:17
baseline_20260628_171417,job_000063,APC-Dedicated,5,FixedGrowth_4,BaselineProduction,2025-09-10,11,1308.0689747146664,2026-06-28T17:14:17
baseline_20260628_171417,job_000063,APC-Dedicated,5,FixedGrowth_4,BaselineProduction,2025-09-11,12,1309.7878564159998,2026-06-28T17:14:17
baseline_20260628_171417,job_000063,APC-Dedicated,5,FixedGrowth_4,BaselineProduction,2025-09-12,13,1311.506738117333,2026-06-28T17:14:17
baseline_20260628_171417,job_000063,APC-Dedicated,5,FixedGrowth_4,BaselineProduction,2025-09-13,14,1313.2256198186665,2026-06-28T17:14:17
baseline_20260628_171417,job_000063,APC-Dedicated,5,FixedGrowth_4,BaselineProduction,2025-09-14,15,1314.94450152,2026-06-28T17:14:17
baseline_20260628_171417,job_000063,APC-Dedicated,5,FixedGrowth_4,BaselineProduction,2025-09-15,16,1316.663383221333,2026-06-28T17:14:17
baseline_20260628_171417,job_000063,APC-Dedicated,5,FixedGrowth_4,BaselineProduction,2025-09-16,17,1318.3822649226665,2026-06-28T17:14:17
baseline_20260628_171417,job_000063,APC-Dedicated,5,FixedGrowth_4,BaselineProduction,2025-09-17,18,1320.1011466239997,2026-06-28T17:14:17
baseline_20260628_171417,job_000063,APC-Dedicated,5,FixedGrowth_4,BaselineProduction,2025-09-18,19,1321.8200283253332,2026-06-28T17:14:17
baseline_20260628_171417,job_000063,APC-Dedicated,5,FixedGrowth_4,BaselineProduction,2025-09-19,20,1323.5389100266666,2026-06-28T17:14:17
baseline_20260628_171417,job_000063,APC-Dedicated,5,FixedGrowth_4,BaselineProduction,2025-09-20,21,1325.2577917279998,2026-06-28T17:14:17
baseline_20260628_171417,job_000063,APC-Dedicated,5,FixedGrowth_4,BaselineProduction,2025-09-21,22,1326.9766734293332,2026-06-28T17:14:17
baseline_20260628_171417,job_000063,APC-Dedicated,5,FixedGrowth_4,BaselineProduction,2025-09-22,23,1328.6955551306664,2026-06-28T17:14:17
baseline_20260628_171417,job_000063,APC-Dedicated,5,FixedGrowth_4,BaselineProduction,2025-09-23,24,1330.4144368319999,2026-06-28T17:14:17
baseline_20260628_171417,job_000063,APC-Dedicated,5,FixedGrowth_4,BaselineProduction,2025-09-24,25,1332.133318533333,2026-06-28T17:14:17
baseline_20260628_171417,job_000063,APC-Dedicated,5,FixedGrowth_4,BaselineProduction,2025-09-25,26,1333.8522002346665,2026-06-28T17:14:17
baseline_20260628_171417,job_000063,APC-Dedicated,5,FixedGrowth_4,BaselineProduction,2025-09-26,27,1335.5710819359997,2026-06-28T17:14:17
baseline_20260628_171417,job_000063,APC-Dedicated,5,FixedGrowth_4,BaselineProduction,2025-09-27,28,1337.2899636373331,2026-06-28T17:14:17
baseline_20260628_171417,job_000063,APC-Dedicated,5,FixedGrowth_4,BaselineProduction,2025-09-28,29,1339.0088453386666,2026-06-28T17:14:17
baseline_20260628_171417,job_000063,APC-Dedicated,5,FixedGrowth_4,BaselineProduction,2025-09-29,30,1340.7277270399998,2026-06-28T17:14:17
baseline_20260628_171417,job_000064,APC-Dedicated,5,FixedGrowth_6,BaselineProduction,2025-08-31,1,1291.7395985519997,2026-06-28T17:14:17
baseline_20260628_171417,job_000064,APC-Dedicated,5,FixedGrowth_6,BaselineProduction,2025-09-01,2,1294.3179211039999,2026-06-28T17:14:17
baseline_20260628_171417,job_000064,APC-Dedicated,5,FixedGrowth_6,BaselineProduction,2025-09-02,3,1296.8962436559998,2026-06-28T17:14:17
baseline_20260628_171417,job_000064,APC-Dedicated,5,FixedGrowth_6,BaselineProduction,2025-09-03,4,1299.4745662079997,2026-06-28T17:14:17
baseline_20260628_171417,job_000064,APC-Dedicated,5,FixedGrowth_6,BaselineProduction,2025-09-04,5,1302.0528887599999,2026-06-28T17:14:17
baseline_20260628_171417,job_000064,APC-Dedicated,5,FixedGrowth_6,BaselineProduction,2025-09-05,6,1304.6312113119998,2026-06-28T17:14:17
baseline_20260628_171417,job_000064,APC-Dedicated,5,FixedGrowth_6,BaselineProduction,2025-09-06,7,1307.209533864,2026-06-28T17:14:17
baseline_20260628_171417,job_000064,APC-Dedicated,5,FixedGrowth_6,BaselineProduction,2025-09-07,8,1309.7878564159998,2026-06-28T17:14:17
baseline_20260628_171417,job_000064,APC-Dedicated,5,FixedGrowth_6,BaselineProduction,2025-09-08,9,1312.3661789679998,2026-06-28T17:14:17
baseline_20260628_171417,job_000064,APC-Dedicated,5,FixedGrowth_6,BaselineProduction,2025-09-09,10,1314.94450152,2026-06-28T17:14:17
baseline_20260628_171417,job_000064,APC-Dedicated,5,FixedGrowth_6,BaselineProduction,2025-09-10,11,1317.5228240719998,2026-06-28T17:14:17
baseline_20260628_171417,job_000064,APC-Dedicated,5,FixedGrowth_6,BaselineProduction,2025-09-11,12,1320.1011466239997,2026-06-28T17:14:17
baseline_20260628_171417,job_000064,APC-Dedicated,5,FixedGrowth_6,BaselineProduction,2025-09-12,13,1322.6794691759999,2026-06-28T17:14:17
baseline_20260628_171417,job_000064,APC-Dedicated,5,FixedGrowth_6,BaselineProduction,2025-09-13,14,1325.2577917279998,2026-06-28T17:14:17
baseline_20260628_171417,job_000064,APC-Dedicated,5,FixedGrowth_6,BaselineProduction,2025-09-14,15,1327.8361142799997,2026-06-28T17:14:17
baseline_20260628_171417,job_000064,APC-Dedicated,5,FixedGrowth_6,BaselineProduction,2025-09-15,16,1330.4144368319999,2026-06-28T17:14:17
baseline_20260628_171417,job_000064,APC-Dedicated,5,FixedGrowth_6,BaselineProduction,2025-09-16,17,1332.9927593839998,2026-06-28T17:14:17
baseline_20260628_171417,job_000064,APC-Dedicated,5,FixedGrowth_6,BaselineProduction,2025-09-17,18,1335.5710819359997,2026-06-28T17:14:17
baseline_20260628_171417,job_000064,APC-Dedicated,5,FixedGrowth_6,BaselineProduction,2025-09-18,19,1338.1494044879998,2026-06-28T17:14:17
baseline_20260628_171417,job_000064,APC-Dedicated,5,FixedGrowth_6,BaselineProduction,2025-09-19,20,1340.7277270399998,2026-06-28T17:14:17
baseline_20260628_171417,job_000064,APC-Dedicated,5,FixedGrowth_6,BaselineProduction,2025-09-20,21,1343.306049592,2026-06-28T17:14:17
baseline_20260628_171417,job_000064,APC-Dedicated,5,FixedGrowth_6,BaselineProduction,2025-09-21,22,1345.8843721439998,2026-06-28T17:14:17
baseline_20260628_171417,job_000064,APC-Dedicated,5,FixedGrowth_6,BaselineProduction,2025-09-22,23,1348.4626946959997,2026-06-28T17:14:17
baseline_20260628_171417,job_000064,APC-Dedicated,5,FixedGrowth_6,BaselineProduction,2025-09-23,24,1351.041017248,2026-06-28T17:14:17
baseline_20260628_171417,job_000064,APC-Dedicated,5,FixedGrowth_6,BaselineProduction,2025-09-24,25,1353.6193397999998,2026-06-28T17:14:17
baseline_20260628_171417,job_000064,APC-Dedicated,5,FixedGrowth_6,BaselineProduction,2025-09-25,26,1356.1976623519997,2026-06-28T17:14:17
baseline_20260628_171417,job_000064,APC-Dedicated,5,FixedGrowth_6,BaselineProduction,2025-09-26,27,1358.7759849039999,2026-06-28T17:14:17
baseline_20260628_171417,job_000064,APC-Dedicated,5,FixedGrowth_6,BaselineProduction,2025-09-27,28,1361.3543074559998,2026-06-28T17:14:17
baseline_20260628_171417,job_000064,APC-Dedicated,5,FixedGrowth_6,BaselineProduction,2025-09-28,29,1363.9326300079997,2026-06-28T17:14:17
baseline_20260628_171417,job_000064,APC-Dedicated,5,FixedGrowth_6,BaselineProduction,2025-09-29,30,1366.5109525599999,2026-06-28T17:14:17
baseline_20260628_171417,job_000066,APC-Dedicated,5,LinearRegression,BaselineProduction,2025-08-31,1,1289.8210059351263,2026-06-28T17:14:17
baseline_20260628_171417,job_000066,APC-Dedicated,5,LinearRegression,BaselineProduction,2025-09-01,2,1290.1053292786487,2026-06-28T17:14:17
baseline_20260628_171417,job_000066,APC-Dedicated,5,LinearRegression,BaselineProduction,2025-09-02,3,1290.397486039461,2026-06-28T17:14:17
baseline_20260628_171417,job_000066,APC-Dedicated,5,LinearRegression,BaselineProduction,2025-09-03,4,1290.7037706956357,2026-06-28T17:14:17
baseline_20260628_171417,job_000066,APC-Dedicated,5,LinearRegression,BaselineProduction,2025-09-04,5,1291.0093382817004,2026-06-28T17:14:17
baseline_20260628_171417,job_000066,APC-Dedicated,5,LinearRegression,BaselineProduction,2025-09-05,6,1291.310997939282,2026-06-28T17:14:17
baseline_20260628_171417,job_000066,APC-Dedicated,5,LinearRegression,BaselineProduction,2025-09-06,7,1291.6072153146852,2026-06-28T17:14:17
baseline_20260628_171417,job_000066,APC-Dedicated,5,LinearRegression,BaselineProduction,2025-09-07,8,1291.9025238997715,2026-06-28T17:14:17
baseline_20260628_171417,job_000066,APC-Dedicated,5,LinearRegression,BaselineProduction,2025-09-08,9,1292.1960522199818,2026-06-28T17:14:17
baseline_20260628_171417,job_000066,APC-Dedicated,5,LinearRegression,BaselineProduction,2025-09-09,10,1292.485376712521,2026-06-28T17:14:17
baseline_20260628_171417,job_000066,APC-Dedicated,5,LinearRegression,BaselineProduction,2025-09-10,11,1292.7717940574148,2026-06-28T17:14:17
baseline_20260628_171417,job_000066,APC-Dedicated,5,LinearRegression,BaselineProduction,2025-09-11,12,1293.0559084612537,2026-06-28T17:14:17
baseline_20260628_171417,job_000066,APC-Dedicated,5,LinearRegression,BaselineProduction,2025-09-12,13,1293.3387238754478,2026-06-28T17:14:17
baseline_20260628_171417,job_000066,APC-Dedicated,5,LinearRegression,BaselineProduction,2025-09-13,14,1293.6221399987057,2026-06-28T17:14:17
baseline_20260628_171417,job_000066,APC-Dedicated,5,LinearRegression,BaselineProduction,2025-09-14,15,1293.9062937113579,2026-06-28T17:14:17
baseline_20260628_171417,job_000066,APC-Dedicated,5,LinearRegression,BaselineProduction,2025-09-15,16,1294.1881900257622,2026-06-28T17:14:17
baseline_20260628_171417,job_000066,APC-Dedicated,5,LinearRegression,BaselineProduction,2025-09-16,17,1294.466908275156,2026-06-28T17:14:17
baseline_20260628_171417,job_000066,APC-Dedicated,5,LinearRegression,BaselineProduction,2025-09-17,18,1294.7450837571282,2026-06-28T17:14:17
baseline_20260628_171417,job_000066,APC-Dedicated,5,LinearRegression,BaselineProduction,2025-09-18,19,1295.0252401159225,2026-06-28T17:14:17
baseline_20260628_171417,job_000066,APC-Dedicated,5,LinearRegression,BaselineProduction,2025-09-19,20,1295.3078897089656,2026-06-28T17:14:17
baseline_20260628_171417,job_000066,APC-Dedicated,5,LinearRegression,BaselineProduction,2025-09-20,21,1295.5896341782695,2026-06-28T17:14:17
baseline_20260628_171417,job_000066,APC-Dedicated,5,LinearRegression,BaselineProduction,2025-09-21,22,1295.8696332610464,2026-06-28T17:14:17
baseline_20260628_171417,job_000066,APC-Dedicated,5,LinearRegression,BaselineProduction,2025-09-22,23,1296.1476777406915,2026-06-28T17:14:17
baseline_20260628_171417,job_000066,APC-Dedicated,5,LinearRegression,BaselineProduction,2025-09-23,24,1296.4241566876365,2026-06-28T17:14:17
baseline_20260628_171417,job_000066,APC-Dedicated,5,LinearRegression,BaselineProduction,2025-09-24,25,1296.7000482076871,2026-06-28T17:14:17
baseline_20260628_171417,job_000066,APC-Dedicated,5,LinearRegression,BaselineProduction,2025-09-25,26,1296.9768514687821,2026-06-28T17:14:17
baseline_20260628_171417,job_000066,APC-Dedicated,5,LinearRegression,BaselineProduction,2025-09-26,27,1297.254902686586,2026-06-28T17:14:17
baseline_20260628_171417,job_000066,APC-Dedicated,5,LinearRegression,BaselineProduction,2025-09-27,28,1297.533538639102,2026-06-28T17:14:17
baseline_20260628_171417,job_000066,APC-Dedicated,5,LinearRegression,BaselineProduction,2025-09-28,29,1297.811134517416,2026-06-28T17:14:17
baseline_20260628_171417,job_000066,APC-Dedicated,5,LinearRegression,BaselineProduction,2025-09-29,30,1298.086923938923,2026-06-28T17:14:17
baseline_20260628_171417,job_000071,APC-Dedicated,6,ARIMA_Fixed,BaselineProduction,2025-09-30,1,1301.790383,2026-06-28T17:14:17
baseline_20260628_171417,job_000071,APC-Dedicated,6,ARIMA_Fixed,BaselineProduction,2025-10-01,2,1302.460825,2026-06-28T17:14:17
baseline_20260628_171417,job_000071,APC-Dedicated,6,ARIMA_Fixed,BaselineProduction,2025-10-02,3,1303.1312670000002,2026-06-28T17:14:17
baseline_20260628_171417,job_000071,APC-Dedicated,6,ARIMA_Fixed,BaselineProduction,2025-10-03,4,1303.8017090000003,2026-06-28T17:14:17
baseline_20260628_171417,job_000071,APC-Dedicated,6,ARIMA_Fixed,BaselineProduction,2025-10-04,5,1304.4721510000004,2026-06-28T17:14:17
baseline_20260628_171417,job_000071,APC-Dedicated,6,ARIMA_Fixed,BaselineProduction,2025-10-05,6,1305.1425930000005,2026-06-28T17:14:17
baseline_20260628_171417,job_000071,APC-Dedicated,6,ARIMA_Fixed,BaselineProduction,2025-10-06,7,1305.8130350000006,2026-06-28T17:14:17
baseline_20260628_171417,job_000071,APC-Dedicated,6,ARIMA_Fixed,BaselineProduction,2025-10-07,8,1306.4834770000007,2026-06-28T17:14:17
baseline_20260628_171417,job_000071,APC-Dedicated,6,ARIMA_Fixed,BaselineProduction,2025-10-08,9,1307.1539190000008,2026-06-28T17:14:17
baseline_20260628_171417,job_000071,APC-Dedicated,6,ARIMA_Fixed,BaselineProduction,2025-10-09,10,1307.8243610000009,2026-06-28T17:14:17
baseline_20260628_171417,job_000071,APC-Dedicated,6,ARIMA_Fixed,BaselineProduction,2025-10-10,11,1308.494803000001,2026-06-28T17:14:17
baseline_20260628_171417,job_000071,APC-Dedicated,6,ARIMA_Fixed,BaselineProduction,2025-10-11,12,1309.165245000001,2026-06-28T17:14:17
baseline_20260628_171417,job_000071,APC-Dedicated,6,ARIMA_Fixed,BaselineProduction,2025-10-12,13,1309.8356870000011,2026-06-28T17:14:17
baseline_20260628_171417,job_000071,APC-Dedicated,6,ARIMA_Fixed,BaselineProduction,2025-10-13,14,1310.5061290000012,2026-06-28T17:14:17
baseline_20260628_171417,job_000071,APC-Dedicated,6,ARIMA_Fixed,BaselineProduction,2025-10-14,15,1311.1765710000013,2026-06-28T17:14:17
baseline_20260628_171417,job_000071,APC-Dedicated,6,ARIMA_Fixed,BaselineProduction,2025-10-15,16,1311.8470130000014,2026-06-28T17:14:17
baseline_20260628_171417,job_000071,APC-Dedicated,6,ARIMA_Fixed,BaselineProduction,2025-10-16,17,1312.5174550000015,2026-06-28T17:14:17
baseline_20260628_171417,job_000071,APC-Dedicated,6,ARIMA_Fixed,BaselineProduction,2025-10-17,18,1313.1878970000016,2026-06-28T17:14:17
baseline_20260628_171417,job_000071,APC-Dedicated,6,ARIMA_Fixed,BaselineProduction,2025-10-18,19,1313.8583390000017,2026-06-28T17:14:17
baseline_20260628_171417,job_000071,APC-Dedicated,6,ARIMA_Fixed,BaselineProduction,2025-10-19,20,1314.5287810000018,2026-06-28T17:14:17
baseline_20260628_171417,job_000071,APC-Dedicated,6,ARIMA_Fixed,BaselineProduction,2025-10-20,21,1315.199223000002,2026-06-28T17:14:17
baseline_20260628_171417,job_000071,APC-Dedicated,6,ARIMA_Fixed,BaselineProduction,2025-10-21,22,1315.869665000002,2026-06-28T17:14:17
baseline_20260628_171417,job_000071,APC-Dedicated,6,ARIMA_Fixed,BaselineProduction,2025-10-22,23,1316.540107000002,2026-06-28T17:14:17
baseline_20260628_171417,job_000071,APC-Dedicated,6,ARIMA_Fixed,BaselineProduction,2025-10-23,24,1317.2105490000022,2026-06-28T17:14:17
baseline_20260628_171417,job_000071,APC-Dedicated,6,ARIMA_Fixed,BaselineProduction,2025-10-24,25,1317.8809910000023,2026-06-28T17:14:17
baseline_20260628_171417,job_000071,APC-Dedicated,6,ARIMA_Fixed,BaselineProduction,2025-10-25,26,1318.5514330000024,2026-06-28T17:14:17
baseline_20260628_171417,job_000071,APC-Dedicated,6,ARIMA_Fixed,BaselineProduction,2025-10-26,27,1319.2218750000025,2026-06-28T17:14:17
baseline_20260628_171417,job_000071,APC-Dedicated,6,ARIMA_Fixed,BaselineProduction,2025-10-27,28,1319.8923170000025,2026-06-28T17:14:17
baseline_20260628_171417,job_000071,APC-Dedicated,6,ARIMA_Fixed,BaselineProduction,2025-10-28,29,1320.5627590000026,2026-06-28T17:14:17
baseline_20260628_171417,job_000071,APC-Dedicated,6,ARIMA_Fixed,BaselineProduction,2025-10-29,30,1321.2332010000027,2026-06-28T17:14:17
baseline_20260628_171417,job_000074,APC-Dedicated,6,ETS_Current,BaselineProduction,2025-09-30,1,1301.5114645848885,2026-06-28T17:14:17
baseline_20260628_171417,job_000074,APC-Dedicated,6,ETS_Current,BaselineProduction,2025-10-01,2,1301.938450964478,2026-06-28T17:14:17
baseline_20260628_171417,job_000074,APC-Dedicated,6,ETS_Current,BaselineProduction,2025-10-02,3,1302.3654373440675,2026-06-28T17:14:17
baseline_20260628_171417,job_000074,APC-Dedicated,6,ETS_Current,BaselineProduction,2025-10-03,4,1302.7924237236568,2026-06-28T17:14:17
baseline_20260628_171417,job_000074,APC-Dedicated,6,ETS_Current,BaselineProduction,2025-10-04,5,1303.2194101032464,2026-06-28T17:14:17
baseline_20260628_171417,job_000074,APC-Dedicated,6,ETS_Current,BaselineProduction,2025-10-05,6,1303.6463964828358,2026-06-28T17:14:17
baseline_20260628_171417,job_000074,APC-Dedicated,6,ETS_Current,BaselineProduction,2025-10-06,7,1304.0733828624252,2026-06-28T17:14:17
baseline_20260628_171417,job_000074,APC-Dedicated,6,ETS_Current,BaselineProduction,2025-10-07,8,1304.5003692420148,2026-06-28T17:14:17
baseline_20260628_171417,job_000074,APC-Dedicated,6,ETS_Current,BaselineProduction,2025-10-08,9,1304.9273556216042,2026-06-28T17:14:17
baseline_20260628_171417,job_000074,APC-Dedicated,6,ETS_Current,BaselineProduction,2025-10-09,10,1305.3543420011936,2026-06-28T17:14:17
baseline_20260628_171417,job_000074,APC-Dedicated,6,ETS_Current,BaselineProduction,2025-10-10,11,1305.7813283807832,2026-06-28T17:14:17
baseline_20260628_171417,job_000074,APC-Dedicated,6,ETS_Current,BaselineProduction,2025-10-11,12,1306.2083147603726,2026-06-28T17:14:17
baseline_20260628_171417,job_000074,APC-Dedicated,6,ETS_Current,BaselineProduction,2025-10-12,13,1306.6353011399622,2026-06-28T17:14:17
baseline_20260628_171417,job_000074,APC-Dedicated,6,ETS_Current,BaselineProduction,2025-10-13,14,1307.0622875195515,2026-06-28T17:14:17
baseline_20260628_171417,job_000074,APC-Dedicated,6,ETS_Current,BaselineProduction,2025-10-14,15,1307.489273899141,2026-06-28T17:14:17
baseline_20260628_171417,job_000074,APC-Dedicated,6,ETS_Current,BaselineProduction,2025-10-15,16,1307.9162602787305,2026-06-28T17:14:17
baseline_20260628_171417,job_000074,APC-Dedicated,6,ETS_Current,BaselineProduction,2025-10-16,17,1308.34324665832,2026-06-28T17:14:17
baseline_20260628_171417,job_000074,APC-Dedicated,6,ETS_Current,BaselineProduction,2025-10-17,18,1308.7702330379093,2026-06-28T17:14:17
baseline_20260628_171417,job_000074,APC-Dedicated,6,ETS_Current,BaselineProduction,2025-10-18,19,1309.197219417499,2026-06-28T17:14:17
baseline_20260628_171417,job_000074,APC-Dedicated,6,ETS_Current,BaselineProduction,2025-10-19,20,1309.6242057970883,2026-06-28T17:14:17
baseline_20260628_171417,job_000074,APC-Dedicated,6,ETS_Current,BaselineProduction,2025-10-20,21,1310.0511921766777,2026-06-28T17:14:17
baseline_20260628_171417,job_000074,APC-Dedicated,6,ETS_Current,BaselineProduction,2025-10-21,22,1310.4781785562673,2026-06-28T17:14:17
baseline_20260628_171417,job_000074,APC-Dedicated,6,ETS_Current,BaselineProduction,2025-10-22,23,1310.9051649358566,2026-06-28T17:14:17
baseline_20260628_171417,job_000074,APC-Dedicated,6,ETS_Current,BaselineProduction,2025-10-23,24,1311.332151315446,2026-06-28T17:14:17
baseline_20260628_171417,job_000074,APC-Dedicated,6,ETS_Current,BaselineProduction,2025-10-24,25,1311.7591376950356,2026-06-28T17:14:17
baseline_20260628_171417,job_000074,APC-Dedicated,6,ETS_Current,BaselineProduction,2025-10-25,26,1312.186124074625,2026-06-28T17:14:17
baseline_20260628_171417,job_000074,APC-Dedicated,6,ETS_Current,BaselineProduction,2025-10-26,27,1312.6131104542144,2026-06-28T17:14:17
baseline_20260628_171417,job_000074,APC-Dedicated,6,ETS_Current,BaselineProduction,2025-10-27,28,1313.040096833804,2026-06-28T17:14:17
baseline_20260628_171417,job_000074,APC-Dedicated,6,ETS_Current,BaselineProduction,2025-10-28,29,1313.4670832133934,2026-06-28T17:14:17
baseline_20260628_171417,job_000074,APC-Dedicated,6,ETS_Current,BaselineProduction,2025-10-29,30,1313.8940695929828,2026-06-28T17:14:17
baseline_20260628_171417,job_000075,APC-Dedicated,6,FixedGrowth_1_5,BaselineProduction,2025-09-30,1,1301.7705009704998,2026-06-28T17:14:17
baseline_20260628_171417,job_000075,APC-Dedicated,6,FixedGrowth_1_5,BaselineProduction,2025-10-01,2,1302.421060941,2026-06-28T17:14:17
baseline_20260628_171417,job_000075,APC-Dedicated,6,FixedGrowth_1_5,BaselineProduction,2025-10-02,3,1303.0716209114998,2026-06-28T17:14:17
baseline_20260628_171417,job_000075,APC-Dedicated,6,FixedGrowth_1_5,BaselineProduction,2025-10-03,4,1303.722180882,2026-06-28T17:14:17
baseline_20260628_171417,job_000075,APC-Dedicated,6,FixedGrowth_1_5,BaselineProduction,2025-10-04,5,1304.3727408524999,2026-06-28T17:14:17
baseline_20260628_171417,job_000075,APC-Dedicated,6,FixedGrowth_1_5,BaselineProduction,2025-10-05,6,1305.023300823,2026-06-28T17:14:17
baseline_20260628_171417,job_000075,APC-Dedicated,6,FixedGrowth_1_5,BaselineProduction,2025-10-06,7,1305.6738607935,2026-06-28T17:14:17
baseline_20260628_171417,job_000075,APC-Dedicated,6,FixedGrowth_1_5,BaselineProduction,2025-10-07,8,1306.324420764,2026-06-28T17:14:17
baseline_20260628_171417,job_000075,APC-Dedicated,6,FixedGrowth_1_5,BaselineProduction,2025-10-08,9,1306.9749807345,2026-06-28T17:14:17
baseline_20260628_171417,job_000075,APC-Dedicated,6,FixedGrowth_1_5,BaselineProduction,2025-10-09,10,1307.6255407049998,2026-06-28T17:14:17
baseline_20260628_171417,job_000075,APC-Dedicated,6,FixedGrowth_1_5,BaselineProduction,2025-10-10,11,1308.2761006755,2026-06-28T17:14:17
baseline_20260628_171417,job_000075,APC-Dedicated,6,FixedGrowth_1_5,BaselineProduction,2025-10-11,12,1308.9266606459998,2026-06-28T17:14:17
baseline_20260628_171417,job_000075,APC-Dedicated,6,FixedGrowth_1_5,BaselineProduction,2025-10-12,13,1309.5772206165,2026-06-28T17:14:17
baseline_20260628_171417,job_000075,APC-Dedicated,6,FixedGrowth_1_5,BaselineProduction,2025-10-13,14,1310.2277805869999,2026-06-28T17:14:17
baseline_20260628_171417,job_000075,APC-Dedicated,6,FixedGrowth_1_5,BaselineProduction,2025-10-14,15,1310.8783405575,2026-06-28T17:14:17
baseline_20260628_171417,job_000075,APC-Dedicated,6,FixedGrowth_1_5,BaselineProduction,2025-10-15,16,1311.528900528,2026-06-28T17:14:17
baseline_20260628_171417,job_000075,APC-Dedicated,6,FixedGrowth_1_5,BaselineProduction,2025-10-16,17,1312.1794604985,2026-06-28T17:14:17
baseline_20260628_171417,job_000075,APC-Dedicated,6,FixedGrowth_1_5,BaselineProduction,2025-10-17,18,1312.830020469,2026-06-28T17:14:17
baseline_20260628_171417,job_000075,APC-Dedicated,6,FixedGrowth_1_5,BaselineProduction,2025-10-18,19,1313.4805804394998,2026-06-28T17:14:17
baseline_20260628_171417,job_000075,APC-Dedicated,6,FixedGrowth_1_5,BaselineProduction,2025-10-19,20,1314.13114041,2026-06-28T17:14:17
baseline_20260628_171417,job_000075,APC-Dedicated,6,FixedGrowth_1_5,BaselineProduction,2025-10-20,21,1314.7817003804998,2026-06-28T17:14:17
baseline_20260628_171417,job_000075,APC-Dedicated,6,FixedGrowth_1_5,BaselineProduction,2025-10-21,22,1315.432260351,2026-06-28T17:14:17
baseline_20260628_171417,job_000075,APC-Dedicated,6,FixedGrowth_1_5,BaselineProduction,2025-10-22,23,1316.0828203214999,2026-06-28T17:14:17
baseline_20260628_171417,job_000075,APC-Dedicated,6,FixedGrowth_1_5,BaselineProduction,2025-10-23,24,1316.733380292,2026-06-28T17:14:17
baseline_20260628_171417,job_000075,APC-Dedicated,6,FixedGrowth_1_5,BaselineProduction,2025-10-24,25,1317.3839402625,2026-06-28T17:14:17
baseline_20260628_171417,job_000075,APC-Dedicated,6,FixedGrowth_1_5,BaselineProduction,2025-10-25,26,1318.034500233,2026-06-28T17:14:17
baseline_20260628_171417,job_000075,APC-Dedicated,6,FixedGrowth_1_5,BaselineProduction,2025-10-26,27,1318.6850602035,2026-06-28T17:14:17
baseline_20260628_171417,job_000075,APC-Dedicated,6,FixedGrowth_1_5,BaselineProduction,2025-10-27,28,1319.3356201739998,2026-06-28T17:14:17
baseline_20260628_171417,job_000075,APC-Dedicated,6,FixedGrowth_1_5,BaselineProduction,2025-10-28,29,1319.9861801445,2026-06-28T17:14:17
baseline_20260628_171417,job_000075,APC-Dedicated,6,FixedGrowth_1_5,BaselineProduction,2025-10-29,30,1320.6367401149998,2026-06-28T17:14:17
baseline_20260628_171417,job_000076,APC-Dedicated,6,FixedGrowth_3,BaselineProduction,2025-09-30,1,1302.421060941,2026-06-28T17:14:17
baseline_20260628_171417,job_000076,APC-Dedicated,6,FixedGrowth_3,BaselineProduction,2025-10-01,2,1303.722180882,2026-06-28T17:14:17
baseline_20260628_171417,job_000076,APC-Dedicated,6,FixedGrowth_3,BaselineProduction,2025-10-02,3,1305.023300823,2026-06-28T17:14:17
baseline_20260628_171417,job_000076,APC-Dedicated,6,FixedGrowth_3,BaselineProduction,2025-10-03,4,1306.324420764,2026-06-28T17:14:17
baseline_20260628_171417,job_000076,APC-Dedicated,6,FixedGrowth_3,BaselineProduction,2025-10-04,5,1307.6255407049998,2026-06-28T17:14:17
baseline_20260628_171417,job_000076,APC-Dedicated,6,FixedGrowth_3,BaselineProduction,2025-10-05,6,1308.9266606459998,2026-06-28T17:14:17
baseline_20260628_171417,job_000076,APC-Dedicated,6,FixedGrowth_3,BaselineProduction,2025-10-06,7,1310.2277805869999,2026-06-28T17:14:17
baseline_20260628_171417,job_000076,APC-Dedicated,6,FixedGrowth_3,BaselineProduction,2025-10-07,8,1311.528900528,2026-06-28T17:14:17
baseline_20260628_171417,job_000076,APC-Dedicated,6,FixedGrowth_3,BaselineProduction,2025-10-08,9,1312.830020469,2026-06-28T17:14:17
baseline_20260628_171417,job_000076,APC-Dedicated,6,FixedGrowth_3,BaselineProduction,2025-10-09,10,1314.13114041,2026-06-28T17:14:17
baseline_20260628_171417,job_000076,APC-Dedicated,6,FixedGrowth_3,BaselineProduction,2025-10-10,11,1315.432260351,2026-06-28T17:14:17
baseline_20260628_171417,job_000076,APC-Dedicated,6,FixedGrowth_3,BaselineProduction,2025-10-11,12,1316.733380292,2026-06-28T17:14:17
baseline_20260628_171417,job_000076,APC-Dedicated,6,FixedGrowth_3,BaselineProduction,2025-10-12,13,1318.034500233,2026-06-28T17:14:17
baseline_20260628_171417,job_000076,APC-Dedicated,6,FixedGrowth_3,BaselineProduction,2025-10-13,14,1319.3356201739998,2026-06-28T17:14:17
baseline_20260628_171417,job_000076,APC-Dedicated,6,FixedGrowth_3,BaselineProduction,2025-10-14,15,1320.6367401149998,2026-06-28T17:14:17
baseline_20260628_171417,job_000076,APC-Dedicated,6,FixedGrowth_3,BaselineProduction,2025-10-15,16,1321.9378600559999,2026-06-28T17:14:17
baseline_20260628_171417,job_000076,APC-Dedicated,6,FixedGrowth_3,BaselineProduction,2025-10-16,17,1323.238979997,2026-06-28T17:14:17
baseline_20260628_171417,job_000076,APC-Dedicated,6,FixedGrowth_3,BaselineProduction,2025-10-17,18,1324.540099938,2026-06-28T17:14:17
baseline_20260628_171417,job_000076,APC-Dedicated,6,FixedGrowth_3,BaselineProduction,2025-10-18,19,1325.841219879,2026-06-28T17:14:17
baseline_20260628_171417,job_000076,APC-Dedicated,6,FixedGrowth_3,BaselineProduction,2025-10-19,20,1327.14233982,2026-06-28T17:14:17
baseline_20260628_171417,job_000076,APC-Dedicated,6,FixedGrowth_3,BaselineProduction,2025-10-20,21,1328.443459761,2026-06-28T17:14:17
baseline_20260628_171417,job_000076,APC-Dedicated,6,FixedGrowth_3,BaselineProduction,2025-10-21,22,1329.744579702,2026-06-28T17:14:17
baseline_20260628_171417,job_000076,APC-Dedicated,6,FixedGrowth_3,BaselineProduction,2025-10-22,23,1331.0456996429998,2026-06-28T17:14:17
baseline_20260628_171417,job_000076,APC-Dedicated,6,FixedGrowth_3,BaselineProduction,2025-10-23,24,1332.3468195839998,2026-06-28T17:14:17
baseline_20260628_171417,job_000076,APC-Dedicated,6,FixedGrowth_3,BaselineProduction,2025-10-24,25,1333.6479395249999,2026-06-28T17:14:17
baseline_20260628_171417,job_000076,APC-Dedicated,6,FixedGrowth_3,BaselineProduction,2025-10-25,26,1334.9490594659999,2026-06-28T17:14:17
baseline_20260628_171417,job_000076,APC-Dedicated,6,FixedGrowth_3,BaselineProduction,2025-10-26,27,1336.250179407,2026-06-28T17:14:17
baseline_20260628_171417,job_000076,APC-Dedicated,6,FixedGrowth_3,BaselineProduction,2025-10-27,28,1337.551299348,2026-06-28T17:14:17
baseline_20260628_171417,job_000076,APC-Dedicated,6,FixedGrowth_3,BaselineProduction,2025-10-28,29,1338.852419289,2026-06-28T17:14:17
baseline_20260628_171417,job_000076,APC-Dedicated,6,FixedGrowth_3,BaselineProduction,2025-10-29,30,1340.15353923,2026-06-28T17:14:17
baseline_20260628_171417,job_000077,APC-Dedicated,6,FixedGrowth_4,BaselineProduction,2025-09-30,1,1302.854767588,2026-06-28T17:14:17
baseline_20260628_171417,job_000077,APC-Dedicated,6,FixedGrowth_4,BaselineProduction,2025-10-01,2,1304.589594176,2026-06-28T17:14:17
baseline_20260628_171417,job_000077,APC-Dedicated,6,FixedGrowth_4,BaselineProduction,2025-10-02,3,1306.324420764,2026-06-28T17:14:17
baseline_20260628_171417,job_000077,APC-Dedicated,6,FixedGrowth_4,BaselineProduction,2025-10-03,4,1308.0592473519998,2026-06-28T17:14:17
baseline_20260628_171417,job_000077,APC-Dedicated,6,FixedGrowth_4,BaselineProduction,2025-10-04,5,1309.7940739399999,2026-06-28T17:14:17
baseline_20260628_171417,job_000077,APC-Dedicated,6,FixedGrowth_4,BaselineProduction,2025-10-05,6,1311.528900528,2026-06-28T17:14:17
baseline_20260628_171417,job_000077,APC-Dedicated,6,FixedGrowth_4,BaselineProduction,2025-10-06,7,1313.263727116,2026-06-28T17:14:17
baseline_20260628_171417,job_000077,APC-Dedicated,6,FixedGrowth_4,BaselineProduction,2025-10-07,8,1314.998553704,2026-06-28T17:14:17
baseline_20260628_171417,job_000077,APC-Dedicated,6,FixedGrowth_4,BaselineProduction,2025-10-08,9,1316.733380292,2026-06-28T17:14:17
baseline_20260628_171417,job_000077,APC-Dedicated,6,FixedGrowth_4,BaselineProduction,2025-10-09,10,1318.46820688,2026-06-28T17:14:17
baseline_20260628_171417,job_000077,APC-Dedicated,6,FixedGrowth_4,BaselineProduction,2025-10-10,11,1320.2030334679998,2026-06-28T17:14:17
baseline_20260628_171417,job_000077,APC-Dedicated,6,FixedGrowth_4,BaselineProduction,2025-10-11,12,1321.9378600559999,2026-06-28T17:14:17
baseline_20260628_171417,job_000077,APC-Dedicated,6,FixedGrowth_4,BaselineProduction,2025-10-12,13,1323.672686644,2026-06-28T17:14:17
baseline_20260628_171417,job_000077,APC-Dedicated,6,FixedGrowth_4,BaselineProduction,2025-10-13,14,1325.407513232,2026-06-28T17:14:17
baseline_20260628_171417,job_000077,APC-Dedicated,6,FixedGrowth_4,BaselineProduction,2025-10-14,15,1327.14233982,2026-06-28T17:14:17
baseline_20260628_171417,job_000077,APC-Dedicated,6,FixedGrowth_4,BaselineProduction,2025-10-15,16,1328.877166408,2026-06-28T17:14:17
baseline_20260628_171417,job_000077,APC-Dedicated,6,FixedGrowth_4,BaselineProduction,2025-10-16,17,1330.611992996,2026-06-28T17:14:17
baseline_20260628_171417,job_000077,APC-Dedicated,6,FixedGrowth_4,BaselineProduction,2025-10-17,18,1332.3468195839998,2026-06-28T17:14:17
baseline_20260628_171417,job_000077,APC-Dedicated,6,FixedGrowth_4,BaselineProduction,2025-10-18,19,1334.0816461719999,2026-06-28T17:14:17
baseline_20260628_171417,job_000077,APC-Dedicated,6,FixedGrowth_4,BaselineProduction,2025-10-19,20,1335.81647276,2026-06-28T17:14:17
baseline_20260628_171417,job_000077,APC-Dedicated,6,FixedGrowth_4,BaselineProduction,2025-10-20,21,1337.551299348,2026-06-28T17:14:17
baseline_20260628_171417,job_000077,APC-Dedicated,6,FixedGrowth_4,BaselineProduction,2025-10-21,22,1339.286125936,2026-06-28T17:14:17
baseline_20260628_171417,job_000077,APC-Dedicated,6,FixedGrowth_4,BaselineProduction,2025-10-22,23,1341.020952524,2026-06-28T17:14:17
baseline_20260628_171417,job_000077,APC-Dedicated,6,FixedGrowth_4,BaselineProduction,2025-10-23,24,1342.755779112,2026-06-28T17:14:17
baseline_20260628_171417,job_000077,APC-Dedicated,6,FixedGrowth_4,BaselineProduction,2025-10-24,25,1344.4906056999998,2026-06-28T17:14:17
baseline_20260628_171417,job_000077,APC-Dedicated,6,FixedGrowth_4,BaselineProduction,2025-10-25,26,1346.2254322879999,2026-06-28T17:14:17
baseline_20260628_171417,job_000077,APC-Dedicated,6,FixedGrowth_4,BaselineProduction,2025-10-26,27,1347.960258876,2026-06-28T17:14:17
baseline_20260628_171417,job_000077,APC-Dedicated,6,FixedGrowth_4,BaselineProduction,2025-10-27,28,1349.695085464,2026-06-28T17:14:17
baseline_20260628_171417,job_000077,APC-Dedicated,6,FixedGrowth_4,BaselineProduction,2025-10-28,29,1351.429912052,2026-06-28T17:14:17
baseline_20260628_171417,job_000077,APC-Dedicated,6,FixedGrowth_4,BaselineProduction,2025-10-29,30,1353.16473864,2026-06-28T17:14:17
