model_name,forecast_rows,job_count,entity_count,min_forecast,max_forecast,median_forecast,forecast_variance,negative_forecast_count,negative_forecast_pct,explosion_flag,collapse_flag,max_abs_horizon_drift
ARIMA_Fixed,300,10,10,28.622174,585410.974929,47030.43027649999,30338860750.7831,0,0.0,False,False,9342.606998000323
ETS_Current,300,10,10,28.62807912465109,592746.6414508668,46981.91547216386,30680775557.170345,0,0.0,False,False,12248.403777965294
FixedGrowth_1_5,300,10,10,28.6300788855,594192.139552935,47494.5159904595,30700892669.340553,0,0.0,False,False,8488.459136470454
FixedGrowth_3,300,10,10,28.644386771,602973.30417687,47813.17223441899,31177507869.37022,0,0.0,False,False,16976.918272941024
FixedGrowth_4,300,10,10,28.65392536133333,608827.41392616,48025.609730391996,31498234912.894283,0,0.0,False,False,22635.891030587954
FixedGrowth_6,300,10,10,28.673002542,620535.63342474,48450.484722338,32146849584.352707,0,0.0,False,False,33953.83654588205
LinearRegression,300,10,10,29.612218300917352,596302.6763198668,47884.53137829786,30851765253.99324,0,0.0,False,False,10475.014612442232
