case_id,selection_display_path,metric,db_type,prepared_scenario,segment,granularity,entity_type,entity_value,entity_token_upper,build_viewer,build_accuracy,build_forecast,scope_status,governance_marker
HDD|Organic|Basilisk|Forest::apcp150,HDD → Organic → Basilisk → Forest → apcp150   [OPERATIONAL_SOURCE_PRECEDENCE],HDD,Basilisk,,,Forest,Forest,apcp150,APCP150,True,True,True,BUILDABLE,OPERATIONAL_SOURCE_PRECEDENCE
HDD|Organic|Basilisk|Forest::apcp153,HDD → Organic → Basilisk → Forest → apcp153   [OPERATIONAL_SOURCE_PRECEDENCE],HDD,Basilisk,,,Forest,Forest,apcp153,APCP153,True,True,True,BUILDABLE,OPERATIONAL_SOURCE_PRECEDENCE
HDD|Organic|Basilisk|Forest::apcprd01,HDD → Organic → Basilisk → Forest → apcprd01   [OPERATIONAL_SOURCE_PRECEDENCE],HDD,Basilisk,,,Forest,Forest,apcprd01,APCPRD01,True,True,True,BUILDABLE,OPERATIONAL_SOURCE_PRECEDENCE
HDD|Organic|Basilisk|Forest::apcprd02,HDD → Organic → Basilisk → Forest → apcprd02   [OPERATIONAL_SOURCE_PRECEDENCE],HDD,Basilisk,,,Forest,Forest,apcprd02,APCPRD02,True,True,True,BUILDABLE,OPERATIONAL_SOURCE_PRECEDENCE
HDD|Organic|Basilisk|Forest::apcprd03,HDD → Organic → Basilisk → Forest → apcprd03   [OPERATIONAL_SOURCE_PRECEDENCE],HDD,Basilisk,,,Forest,Forest,apcprd03,APCPRD03,True,True,True,BUILDABLE,OPERATIONAL_SOURCE_PRECEDENCE
HDD|Organic|Basilisk|Forest::apcprd04,HDD → Organic → Basilisk → Forest → apcprd04   [OPERATIONAL_SOURCE_PRECEDENCE],HDD,Basilisk,,,Forest,Forest,apcprd04,APCPRD04,True,True,True,BUILDABLE,OPERATIONAL_SOURCE_PRECEDENCE
HDD|Organic|Basilisk|Forest::apcprd06,HDD → Organic → Basilisk → Forest → apcprd06   [OPERATIONAL_SOURCE_PRECEDENCE],HDD,Basilisk,,,Forest,Forest,apcprd06,APCPRD06,True,True,True,BUILDABLE,OPERATIONAL_SOURCE_PRECEDENCE
HDD|Organic|Basilisk|Forest::arep273,HDD → Organic → Basilisk → Forest → arep273   [OPERATIONAL_SOURCE_PRECEDENCE],HDD,Basilisk,,,Forest,Forest,arep273,AREP273,True,True,True,BUILDABLE,OPERATIONAL_SOURCE_PRECEDENCE
HDD|Organic|Basilisk|Forest::ausp282,HDD → Organic → Basilisk → Forest → ausp282   [OPERATIONAL_SOURCE_PRECEDENCE],HDD,Basilisk,,,Forest,Forest,ausp282,AUSP282,True,True,True,BUILDABLE,OPERATIONAL_SOURCE_PRECEDENCE
HDD|Organic|Basilisk|Forest::ausp300,HDD → Organic → Basilisk → Forest → ausp300   [OPERATIONAL_SOURCE_PRECEDENCE],HDD,Basilisk,,,Forest,Forest,ausp300,AUSP300,True,True,True,BUILDABLE,OPERATIONAL_SOURCE_PRECEDENCE
HDD|Organic|Basilisk|Forest::ausprd01,HDD → Organic → Basilisk → Forest → ausprd01   [OPERATIONAL_SOURCE_PRECEDENCE],HDD,Basilisk,,,Forest,Forest,ausprd01,AUSPRD01,True,True,True,BUILDABLE,OPERATIONAL_SOURCE_PRECEDENCE
HDD|Organic|Basilisk|Forest::autp296,HDD → Organic → Basilisk → Forest → autp296   [OPERATIONAL_SOURCE_PRECEDENCE],HDD,Basilisk,,,Forest,Forest,autp296,AUTP296,True,True,True,BUILDABLE,OPERATIONAL_SOURCE_PRECEDENCE
HDD|Organic|Basilisk|Forest::brap284,HDD → Organic → Basilisk → Forest → brap284   [OPERATIONAL_SOURCE_PRECEDENCE],HDD,Basilisk,,,Forest,Forest,brap284,BRAP284,True,True,True,BUILDABLE,OPERATIONAL_SOURCE_PRECEDENCE
HDD|Organic|Basilisk|Forest::canp288,HDD → Organic → Basilisk → Forest → canp288   [OPERATIONAL_SOURCE_PRECEDENCE],HDD,Basilisk,,,Forest,Forest,canp288,CANP288,True,True,True,BUILDABLE,OPERATIONAL_SOURCE_PRECEDENCE
HDD|Organic|Basilisk|Forest::canprd01,HDD → Organic → Basilisk → Forest → canprd01   [OPERATIONAL_SOURCE_PRECEDENCE],HDD,Basilisk,,,Forest,Forest,canprd01,CANPRD01,True,True,True,BUILDABLE,OPERATIONAL_SOURCE_PRECEDENCE
HDD|Organic|Basilisk|Forest::chep278,HDD → Organic → Basilisk → Forest → chep278   [OPERATIONAL_SOURCE_PRECEDENCE],HDD,Basilisk,,,Forest,Forest,chep278,CHEP278,True,True,True,BUILDABLE,OPERATIONAL_SOURCE_PRECEDENCE
HDD|Organic|Basilisk|Forest::chlp298,HDD → Organic → Basilisk → Forest → chlp298   [OPERATIONAL_SOURCE_PRECEDENCE],HDD,Basilisk,,,Forest,Forest,chlp298,CHLP298,True,True,True,BUILDABLE,OPERATIONAL_SOURCE_PRECEDENCE
HDD|Organic|Basilisk|Forest::chnpr01,HDD → Organic → Basilisk → Forest → chnpr01   [OPERATIONAL_SOURCE_PRECEDENCE],HDD,Basilisk,,,Forest,Forest,chnpr01,CHNPR01,True,True,True,BUILDABLE,OPERATIONAL_SOURCE_PRECEDENCE
HDD|Organic|Basilisk|Forest::deup281,HDD → Organic → Basilisk → Forest → deup281   [OPERATIONAL_SOURCE_PRECEDENCE],HDD,Basilisk,,,Forest,Forest,deup281,DEUP281,True,True,True,BUILDABLE,OPERATIONAL_SOURCE_PRECEDENCE
HDD|Organic|Basilisk|Forest::dnkp307,HDD → Organic → Basilisk → Forest → dnkp307   [OPERATIONAL_SOURCE_PRECEDENCE],HDD,Basilisk,,,Forest,Forest,dnkp307,DNKP307,True,True,True,BUILDABLE,OPERATIONAL_SOURCE_PRECEDENCE
HDD|Organic|Basilisk|Forest::espp292,HDD → Organic → Basilisk → Forest → espp292   [OPERATIONAL_SOURCE_PRECEDENCE],HDD,Basilisk,,,Forest,Forest,espp292,ESPP292,True,True,True,BUILDABLE,OPERATIONAL_SOURCE_PRECEDENCE
HDD|Organic|Basilisk|Forest::eurp107,HDD → Organic → Basilisk → Forest → eurp107   [OPERATIONAL_SOURCE_PRECEDENCE],HDD,Basilisk,,,Forest,Forest,eurp107,EURP107,True,True,True,BUILDABLE,OPERATIONAL_SOURCE_PRECEDENCE
HDD|Organic|Basilisk|Forest::eurp119,HDD → Organic → Basilisk → Forest → eurp119   [OPERATIONAL_SOURCE_PRECEDENCE],HDD,Basilisk,,,Forest,Forest,eurp119,EURP119,True,True,True,BUILDABLE,OPERATIONAL_SOURCE_PRECEDENCE
HDD|Organic|Basilisk|Forest::eurp120,HDD → Organic → Basilisk → Forest → eurp120   [OPERATIONAL_SOURCE_PRECEDENCE],HDD,Basilisk,,,Forest,Forest,eurp120,EURP120,True,True,True,BUILDABLE,OPERATIONAL_SOURCE_PRECEDENCE
HDD|Organic|Basilisk|Forest::eurp121,HDD → Organic → Basilisk → Forest → eurp121   [OPERATIONAL_SOURCE_PRECEDENCE],HDD,Basilisk,,,Forest,Forest,eurp121,EURP121,True,True,True,BUILDABLE,OPERATIONAL_SOURCE_PRECEDENCE
HDD|Organic|Basilisk|Forest::eurp122,HDD → Organic → Basilisk → Forest → eurp122   [OPERATIONAL_SOURCE_PRECEDENCE],HDD,Basilisk,,,Forest,Forest,eurp122,EURP122,True,True,True,BUILDABLE,OPERATIONAL_SOURCE_PRECEDENCE
HDD|Organic|Basilisk|Forest::eurp137,HDD → Organic → Basilisk → Forest → eurp137   [OPERATIONAL_SOURCE_PRECEDENCE],HDD,Basilisk,,,Forest,Forest,eurp137,EURP137,True,True,True,BUILDABLE,OPERATIONAL_SOURCE_PRECEDENCE
HDD|Organic|Basilisk|Forest::eurp138,HDD → Organic → Basilisk → Forest → eurp138   [OPERATIONAL_SOURCE_PRECEDENCE],HDD,Basilisk,,,Forest,Forest,eurp138,EURP138,True,True,True,BUILDABLE,OPERATIONAL_SOURCE_PRECEDENCE
HDD|Organic|Basilisk|Forest::eurp174,HDD → Organic → Basilisk → Forest → eurp174   [OPERATIONAL_SOURCE_PRECEDENCE],HDD,Basilisk,,,Forest,Forest,eurp174,EURP174,True,True,True,BUILDABLE,OPERATIONAL_SOURCE_PRECEDENCE
HDD|Organic|Basilisk|Forest::eurp175,HDD → Organic → Basilisk → Forest → eurp175   [OPERATIONAL_SOURCE_PRECEDENCE],HDD,Basilisk,,,Forest,Forest,eurp175,EURP175,True,True,True,BUILDABLE,OPERATIONAL_SOURCE_PRECEDENCE
HDD|Organic|Basilisk|Forest::eurp176,HDD → Organic → Basilisk → Forest → eurp176   [OPERATIONAL_SOURCE_PRECEDENCE],HDD,Basilisk,,,Forest,Forest,eurp176,EURP176,True,True,True,BUILDABLE,OPERATIONAL_SOURCE_PRECEDENCE
HDD|Organic|Basilisk|Forest::eurp177,HDD → Organic → Basilisk → Forest → eurp177   [OPERATIONAL_SOURCE_PRECEDENCE],HDD,Basilisk,,,Forest,Forest,eurp177,EURP177,True,True,True,BUILDABLE,OPERATIONAL_SOURCE_PRECEDENCE
HDD|Organic|Basilisk|Forest::eurp178,HDD → Organic → Basilisk → Forest → eurp178   [OPERATIONAL_SOURCE_PRECEDENCE],HDD,Basilisk,,,Forest,Forest,eurp178,EURP178,True,True,True,BUILDABLE,OPERATIONAL_SOURCE_PRECEDENCE
HDD|Organic|Basilisk|Forest::eurp179,HDD → Organic → Basilisk → Forest → eurp179   [OPERATIONAL_SOURCE_PRECEDENCE],HDD,Basilisk,,,Forest,Forest,eurp179,EURP179,True,True,True,BUILDABLE,OPERATIONAL_SOURCE_PRECEDENCE
HDD|Organic|Basilisk|Forest::eurp180,HDD → Organic → Basilisk → Forest → eurp180   [OPERATIONAL_SOURCE_PRECEDENCE],HDD,Basilisk,,,Forest,Forest,eurp180,EURP180,True,True,True,BUILDABLE,OPERATIONAL_SOURCE_PRECEDENCE
HDD|Organic|Basilisk|Forest::eurp189,HDD → Organic → Basilisk → Forest → eurp189   [OPERATIONAL_SOURCE_PRECEDENCE],HDD,Basilisk,,,Forest,Forest,eurp189,EURP189,True,True,True,BUILDABLE,OPERATIONAL_SOURCE_PRECEDENCE
HDD|Organic|Basilisk|Forest::eurp190,HDD → Organic → Basilisk → Forest → eurp190   [OPERATIONAL_SOURCE_PRECEDENCE],HDD,Basilisk,,,Forest,Forest,eurp190,EURP190,True,True,True,BUILDABLE,OPERATIONAL_SOURCE_PRECEDENCE
HDD|Organic|Basilisk|Forest::eurp191,HDD → Organic → Basilisk → Forest → eurp191   [OPERATIONAL_SOURCE_PRECEDENCE],HDD,Basilisk,,,Forest,Forest,eurp191,EURP191,True,True,True,BUILDABLE,OPERATIONAL_SOURCE_PRECEDENCE
HDD|Organic|Basilisk|Forest::eurp192,HDD → Organic → Basilisk → Forest → eurp192   [OPERATIONAL_SOURCE_PRECEDENCE],HDD,Basilisk,,,Forest,Forest,eurp192,EURP192,True,True,True,BUILDABLE,OPERATIONAL_SOURCE_PRECEDENCE
HDD|Organic|Basilisk|Forest::eurp193,HDD → Organic → Basilisk → Forest → eurp193   [OPERATIONAL_SOURCE_PRECEDENCE],HDD,Basilisk,,,Forest,Forest,eurp193,EURP193,True,True,True,BUILDABLE,OPERATIONAL_SOURCE_PRECEDENCE
HDD|Organic|Basilisk|Forest::eurp194,HDD → Organic → Basilisk → Forest → eurp194   [OPERATIONAL_SOURCE_PRECEDENCE],HDD,Basilisk,,,Forest,Forest,eurp194,EURP194,True,True,True,BUILDABLE,OPERATIONAL_SOURCE_PRECEDENCE
HDD|Organic|Basilisk|Forest::eurp195,HDD → Organic → Basilisk → Forest → eurp195   [OPERATIONAL_SOURCE_PRECEDENCE],HDD,Basilisk,,,Forest,Forest,eurp195,EURP195,True,True,True,BUILDABLE,OPERATIONAL_SOURCE_PRECEDENCE
HDD|Organic|Basilisk|Forest::eurp250,HDD → Organic → Basilisk → Forest → eurp250   [OPERATIONAL_SOURCE_PRECEDENCE],HDD,Basilisk,,,Forest,Forest,eurp250,EURP250,True,True,True,BUILDABLE,OPERATIONAL_SOURCE_PRECEDENCE
HDD|Organic|Basilisk|Forest::eurp251,HDD → Organic → Basilisk → Forest → eurp251   [OPERATIONAL_SOURCE_PRECEDENCE],HDD,Basilisk,,,Forest,Forest,eurp251,EURP251,True,True,True,BUILDABLE,OPERATIONAL_SOURCE_PRECEDENCE
HDD|Organic|Basilisk|Forest::eurp309,HDD → Organic → Basilisk → Forest → eurp309   [OPERATIONAL_SOURCE_PRECEDENCE],HDD,Basilisk,,,Forest,Forest,eurp309,EURP309,True,True,True,BUILDABLE,OPERATIONAL_SOURCE_PRECEDENCE
HDD|Organic|Basilisk|Forest::eurprd01,HDD → Organic → Basilisk → Forest → eurprd01   [OPERATIONAL_SOURCE_PRECEDENCE],HDD,Basilisk,,,Forest,Forest,eurprd01,EURPRD01,True,True,True,BUILDABLE,OPERATIONAL_SOURCE_PRECEDENCE
HDD|Organic|Basilisk|Forest::eurprd02,HDD → Organic → Basilisk → Forest → eurprd02   [OPERATIONAL_SOURCE_PRECEDENCE],HDD,Basilisk,,,Forest,Forest,eurprd02,EURPRD02,True,True,True,BUILDABLE,OPERATIONAL_SOURCE_PRECEDENCE
HDD|Organic|Basilisk|Forest::eurprd03,HDD → Organic → Basilisk → Forest → eurprd03   [OPERATIONAL_SOURCE_PRECEDENCE],HDD,Basilisk,,,Forest,Forest,eurprd03,EURPRD03,True,True,True,BUILDABLE,OPERATIONAL_SOURCE_PRECEDENCE
HDD|Organic|Basilisk|Forest::eurprd04,HDD → Organic → Basilisk → Forest → eurprd04   [OPERATIONAL_SOURCE_PRECEDENCE],HDD,Basilisk,,,Forest,Forest,eurprd04,EURPRD04,True,True,True,BUILDABLE,OPERATIONAL_SOURCE_PRECEDENCE
HDD|Organic|Basilisk|Forest::eurprd05,HDD → Organic → Basilisk → Forest → eurprd05   [OPERATIONAL_SOURCE_PRECEDENCE],HDD,Basilisk,,,Forest,Forest,eurprd05,EURPRD05,True,True,True,BUILDABLE,OPERATIONAL_SOURCE_PRECEDENCE
HDD|Organic|Basilisk|Forest::eurprd06,HDD → Organic → Basilisk → Forest → eurprd06   [OPERATIONAL_SOURCE_PRECEDENCE],HDD,Basilisk,,,Forest,Forest,eurprd06,EURPRD06,True,True,True,BUILDABLE,OPERATIONAL_SOURCE_PRECEDENCE
HDD|Organic|Basilisk|Forest::eurprd07,HDD → Organic → Basilisk → Forest → eurprd07   [OPERATIONAL_SOURCE_PRECEDENCE],HDD,Basilisk,,,Forest,Forest,eurprd07,EURPRD07,True,True,True,BUILDABLE,OPERATIONAL_SOURCE_PRECEDENCE
HDD|Organic|Basilisk|Forest::eurprd08,HDD → Organic → Basilisk → Forest → eurprd08   [OPERATIONAL_SOURCE_PRECEDENCE],HDD,Basilisk,,,Forest,Forest,eurprd08,EURPRD08,True,True,True,BUILDABLE,OPERATIONAL_SOURCE_PRECEDENCE
HDD|Organic|Basilisk|Forest::eurprd09,HDD → Organic → Basilisk → Forest → eurprd09   [OPERATIONAL_SOURCE_PRECEDENCE],HDD,Basilisk,,,Forest,Forest,eurprd09,EURPRD09,True,True,True,BUILDABLE,OPERATIONAL_SOURCE_PRECEDENCE
HDD|Organic|Basilisk|Forest::eurprd10,HDD → Organic → Basilisk → Forest → eurprd10   [OPERATIONAL_SOURCE_PRECEDENCE],HDD,Basilisk,,,Forest,Forest,eurprd10,EURPRD10,True,True,True,BUILDABLE,OPERATIONAL_SOURCE_PRECEDENCE
HDD|Organic|Basilisk|Forest::eurprd83,HDD → Organic → Basilisk → Forest → eurprd83   [OPERATIONAL_SOURCE_PRECEDENCE],HDD,Basilisk,,,Forest,Forest,eurprd83,EURPRD83,True,True,True,BUILDABLE,OPERATIONAL_SOURCE_PRECEDENCE
HDD|Organic|Basilisk|Forest::frap264,HDD → Organic → Basilisk → Forest → frap264   [OPERATIONAL_SOURCE_PRECEDENCE],HDD,Basilisk,,,Forest,Forest,frap264,FRAP264,True,True,True,BUILDABLE,OPERATIONAL_SOURCE_PRECEDENCE
HDD|Organic|Basilisk|Forest::gbrp123,HDD → Organic → Basilisk → Forest → gbrp123   [OPERATIONAL_SOURCE_PRECEDENCE],HDD,Basilisk,,,Forest,Forest,gbrp123,GBRP123,True,True,True,BUILDABLE,OPERATIONAL_SOURCE_PRECEDENCE
HDD|Organic|Basilisk|Forest::gbrp265,HDD → Organic → Basilisk → Forest → gbrp265   [OPERATIONAL_SOURCE_PRECEDENCE],HDD,Basilisk,,,Forest,Forest,gbrp265,GBRP265,True,True,True,BUILDABLE,OPERATIONAL_SOURCE_PRECEDENCE
HDD|Organic|Basilisk|Forest::gbrp267,HDD → Organic → Basilisk → Forest → gbrp267   [OPERATIONAL_SOURCE_PRECEDENCE],HDD,Basilisk,,,Forest,Forest,gbrp267,GBRP267,True,True,True,BUILDABLE,OPERATIONAL_SOURCE_PRECEDENCE
HDD|Organic|Basilisk|Forest::gbrp302,HDD → Organic → Basilisk → Forest → gbrp302   [OPERATIONAL_SOURCE_PRECEDENCE],HDD,Basilisk,,,Forest,Forest,gbrp302,GBRP302,True,True,True,BUILDABLE,OPERATIONAL_SOURCE_PRECEDENCE
HDD|Organic|Basilisk|Forest::idnp305,HDD → Organic → Basilisk → Forest → idnp305   [OPERATIONAL_SOURCE_PRECEDENCE],HDD,Basilisk,,,Forest,Forest,idnp305,IDNP305,True,True,True,BUILDABLE,OPERATIONAL_SOURCE_PRECEDENCE
HDD|Organic|Basilisk|Forest::indp287,HDD → Organic → Basilisk → Forest → indp287   [OPERATIONAL_SOURCE_PRECEDENCE],HDD,Basilisk,,,Forest,Forest,indp287,INDP287,True,True,True,BUILDABLE,OPERATIONAL_SOURCE_PRECEDENCE
HDD|Organic|Basilisk|Forest::indprd01,HDD → Organic → Basilisk → Forest → indprd01   [OPERATIONAL_SOURCE_PRECEDENCE],HDD,Basilisk,,,Forest,Forest,indprd01,INDPRD01,True,True,True,BUILDABLE,OPERATIONAL_SOURCE_PRECEDENCE
HDD|Organic|Basilisk|Forest::isrp290,HDD → Organic → Basilisk → Forest → isrp290   [OPERATIONAL_SOURCE_PRECEDENCE],HDD,Basilisk,,,Forest,Forest,isrp290,ISRP290,True,True,True,BUILDABLE,OPERATIONAL_SOURCE_PRECEDENCE
HDD|Organic|Basilisk|Forest::itap293,HDD → Organic → Basilisk → Forest → itap293   [OPERATIONAL_SOURCE_PRECEDENCE],HDD,Basilisk,,,Forest,Forest,itap293,ITAP293,True,True,True,BUILDABLE,OPERATIONAL_SOURCE_PRECEDENCE
HDD|Organic|Basilisk|Forest::jpnp286,HDD → Organic → Basilisk → Forest → jpnp286   [OPERATIONAL_SOURCE_PRECEDENCE],HDD,Basilisk,,,Forest,Forest,jpnp286,JPNP286,True,True,True,BUILDABLE,OPERATIONAL_SOURCE_PRECEDENCE
HDD|Organic|Basilisk|Forest::jpnp301,HDD → Organic → Basilisk → Forest → jpnp301   [OPERATIONAL_SOURCE_PRECEDENCE],HDD,Basilisk,,,Forest,Forest,jpnp301,JPNP301,True,True,True,BUILDABLE,OPERATIONAL_SOURCE_PRECEDENCE
HDD|Organic|Basilisk|Forest::jpnprd01,HDD → Organic → Basilisk → Forest → jpnprd01   [OPERATIONAL_SOURCE_PRECEDENCE],HDD,Basilisk,,,Forest,Forest,jpnprd01,JPNPRD01,True,True,True,BUILDABLE,OPERATIONAL_SOURCE_PRECEDENCE
HDD|Organic|Basilisk|Forest::korp216,HDD → Organic → Basilisk → Forest → korp216   [OPERATIONAL_SOURCE_PRECEDENCE],HDD,Basilisk,,,Forest,Forest,korp216,KORP216,True,True,True,BUILDABLE,OPERATIONAL_SOURCE_PRECEDENCE
HDD|Organic|Basilisk|Forest::lamp152,HDD → Organic → Basilisk → Forest → lamp152   [OPERATIONAL_SOURCE_PRECEDENCE],HDD,Basilisk,,,Forest,Forest,lamp152,LAMP152,True,True,True,BUILDABLE,OPERATIONAL_SOURCE_PRECEDENCE
HDD|Organic|Basilisk|Forest::lamp215,HDD → Organic → Basilisk → Forest → lamp215   [OPERATIONAL_SOURCE_PRECEDENCE],HDD,Basilisk,,,Forest,Forest,lamp215,LAMP215,True,True,True,BUILDABLE,OPERATIONAL_SOURCE_PRECEDENCE
HDD|Organic|Basilisk|Forest::lamprd80,HDD → Organic → Basilisk → Forest → lamprd80   [OPERATIONAL_SOURCE_PRECEDENCE],HDD,Basilisk,,,Forest,Forest,lamprd80,LAMPRD80,True,True,True,BUILDABLE,OPERATIONAL_SOURCE_PRECEDENCE
HDD|Organic|Basilisk|Forest::mexp297,HDD → Organic → Basilisk → Forest → mexp297   [OPERATIONAL_SOURCE_PRECEDENCE],HDD,Basilisk,,,Forest,Forest,mexp297,MEXP297,True,True,True,BUILDABLE,OPERATIONAL_SOURCE_PRECEDENCE
HDD|Organic|Basilisk|Forest::mysp306,HDD → Organic → Basilisk → Forest → mysp306   [OPERATIONAL_SOURCE_PRECEDENCE],HDD,Basilisk,,,Forest,Forest,mysp306,MYSP306,True,True,True,BUILDABLE,OPERATIONAL_SOURCE_PRECEDENCE
HDD|Organic|Basilisk|Forest::namp100,HDD → Organic → Basilisk → Forest → namp100   [OPERATIONAL_SOURCE_PRECEDENCE],HDD,Basilisk,,,Forest,Forest,namp100,NAMP100,True,True,True,BUILDABLE,OPERATIONAL_SOURCE_PRECEDENCE
HDD|Organic|Basilisk|Forest::namp101,HDD → Organic → Basilisk → Forest → namp101   [OPERATIONAL_SOURCE_PRECEDENCE],HDD,Basilisk,,,Forest,Forest,namp101,NAMP101,True,True,True,BUILDABLE,OPERATIONAL_SOURCE_PRECEDENCE
HDD|Organic|Basilisk|Forest::namp102,HDD → Organic → Basilisk → Forest → namp102   [OPERATIONAL_SOURCE_PRECEDENCE],HDD,Basilisk,,,Forest,Forest,namp102,NAMP102,True,True,True,BUILDABLE,OPERATIONAL_SOURCE_PRECEDENCE
HDD|Organic|Basilisk|Forest::namp103,HDD → Organic → Basilisk → Forest → namp103   [OPERATIONAL_SOURCE_PRECEDENCE],HDD,Basilisk,,,Forest,Forest,namp103,NAMP103,True,True,True,BUILDABLE,OPERATIONAL_SOURCE_PRECEDENCE
HDD|Organic|Basilisk|Forest::namp104,HDD → Organic → Basilisk → Forest → namp104   [OPERATIONAL_SOURCE_PRECEDENCE],HDD,Basilisk,,,Forest,Forest,namp104,NAMP104,True,True,True,BUILDABLE,OPERATIONAL_SOURCE_PRECEDENCE
HDD|Organic|Basilisk|Forest::namp105,HDD → Organic → Basilisk → Forest → namp105   [OPERATIONAL_SOURCE_PRECEDENCE],HDD,Basilisk,,,Forest,Forest,namp105,NAMP105,True,True,True,BUILDABLE,OPERATIONAL_SOURCE_PRECEDENCE
HDD|Organic|Basilisk|Forest::namp106,HDD → Organic → Basilisk → Forest → namp106   [OPERATIONAL_SOURCE_PRECEDENCE],HDD,Basilisk,,,Forest,Forest,namp106,NAMP106,True,True,True,BUILDABLE,OPERATIONAL_SOURCE_PRECEDENCE
HDD|Organic|Basilisk|Forest::namp108,HDD → Organic → Basilisk → Forest → namp108   [OPERATIONAL_SOURCE_PRECEDENCE],HDD,Basilisk,,,Forest,Forest,namp108,NAMP108,True,True,True,BUILDABLE,OPERATIONAL_SOURCE_PRECEDENCE
HDD|Organic|Basilisk|Forest::namp109,HDD → Organic → Basilisk → Forest → namp109   [OPERATIONAL_SOURCE_PRECEDENCE],HDD,Basilisk,,,Forest,Forest,namp109,NAMP109,True,True,True,BUILDABLE,OPERATIONAL_SOURCE_PRECEDENCE
HDD|Organic|Basilisk|Forest::namp110,HDD → Organic → Basilisk → Forest → namp110   [OPERATIONAL_SOURCE_PRECEDENCE],HDD,Basilisk,,,Forest,Forest,namp110,NAMP110,True,True,True,BUILDABLE,OPERATIONAL_SOURCE_PRECEDENCE
HDD|Organic|Basilisk|Forest::namp111,HDD → Organic → Basilisk → Forest → namp111   [OPERATIONAL_SOURCE_PRECEDENCE],HDD,Basilisk,,,Forest,Forest,namp111,NAMP111,True,True,True,BUILDABLE,OPERATIONAL_SOURCE_PRECEDENCE
HDD|Organic|Basilisk|Forest::namp113,HDD → Organic → Basilisk → Forest → namp113   [OPERATIONAL_SOURCE_PRECEDENCE],HDD,Basilisk,,,Forest,Forest,namp113,NAMP113,True,True,True,BUILDABLE,OPERATIONAL_SOURCE_PRECEDENCE
HDD|Organic|Basilisk|Forest::namp114,HDD → Organic → Basilisk → Forest → namp114   [OPERATIONAL_SOURCE_PRECEDENCE],HDD,Basilisk,,,Forest,Forest,namp114,NAMP114,True,True,True,BUILDABLE,OPERATIONAL_SOURCE_PRECEDENCE
HDD|Organic|Basilisk|Forest::namp115,HDD → Organic → Basilisk → Forest → namp115   [OPERATIONAL_SOURCE_PRECEDENCE],HDD,Basilisk,,,Forest,Forest,namp115,NAMP115,True,True,True,BUILDABLE,OPERATIONAL_SOURCE_PRECEDENCE
HDD|Organic|Basilisk|Forest::namp116,HDD → Organic → Basilisk → Forest → namp116   [OPERATIONAL_SOURCE_PRECEDENCE],HDD,Basilisk,,,Forest,Forest,namp116,NAMP116,True,True,True,BUILDABLE,OPERATIONAL_SOURCE_PRECEDENCE
HDD|Organic|Basilisk|Forest::namp118,HDD → Organic → Basilisk → Forest → namp118   [OPERATIONAL_SOURCE_PRECEDENCE],HDD,Basilisk,,,Forest,Forest,namp118,NAMP118,True,True,True,BUILDABLE,OPERATIONAL_SOURCE_PRECEDENCE
HDD|Organic|Basilisk|Forest::namp125,HDD → Organic → Basilisk → Forest → namp125   [OPERATIONAL_SOURCE_PRECEDENCE],HDD,Basilisk,,,Forest,Forest,namp125,NAMP125,True,True,True,BUILDABLE,OPERATIONAL_SOURCE_PRECEDENCE
HDD|Organic|Basilisk|Forest::namp126,HDD → Organic → Basilisk → Forest → namp126   [OPERATIONAL_SOURCE_PRECEDENCE],HDD,Basilisk,,,Forest,Forest,namp126,NAMP126,True,True,True,BUILDABLE,OPERATIONAL_SOURCE_PRECEDENCE
HDD|Organic|Basilisk|Forest::namp128,HDD → Organic → Basilisk → Forest → namp128   [OPERATIONAL_SOURCE_PRECEDENCE],HDD,Basilisk,,,Forest,Forest,namp128,NAMP128,True,True,True,BUILDABLE,OPERATIONAL_SOURCE_PRECEDENCE
HDD|Organic|Basilisk|Forest::namp129,HDD → Organic → Basilisk → Forest → namp129   [OPERATIONAL_SOURCE_PRECEDENCE],HDD,Basilisk,,,Forest,Forest,namp129,NAMP129,True,True,True,BUILDABLE,OPERATIONAL_SOURCE_PRECEDENCE
HDD|Organic|Basilisk|Forest::namp130,HDD → Organic → Basilisk → Forest → namp130   [OPERATIONAL_SOURCE_PRECEDENCE],HDD,Basilisk,,,Forest,Forest,namp130,NAMP130,True,True,True,BUILDABLE,OPERATIONAL_SOURCE_PRECEDENCE
HDD|Organic|Basilisk|Forest::namp131,HDD → Organic → Basilisk → Forest → namp131   [OPERATIONAL_SOURCE_PRECEDENCE],HDD,Basilisk,,,Forest,Forest,namp131,NAMP131,True,True,True,BUILDABLE,OPERATIONAL_SOURCE_PRECEDENCE
HDD|Organic|Basilisk|Forest::namp132,HDD → Organic → Basilisk → Forest → namp132   [OPERATIONAL_SOURCE_PRECEDENCE],HDD,Basilisk,,,Forest,Forest,namp132,NAMP132,True,True,True,BUILDABLE,OPERATIONAL_SOURCE_PRECEDENCE
HDD|Organic|Basilisk|Forest::namp133,HDD → Organic → Basilisk → Forest → namp133   [OPERATIONAL_SOURCE_PRECEDENCE],HDD,Basilisk,,,Forest,Forest,namp133,NAMP133,True,True,True,BUILDABLE,OPERATIONAL_SOURCE_PRECEDENCE
HDD|Organic|Basilisk|Forest::namp134,HDD → Organic → Basilisk → Forest → namp134   [OPERATIONAL_SOURCE_PRECEDENCE],HDD,Basilisk,,,Forest,Forest,namp134,NAMP134,True,True,True,BUILDABLE,OPERATIONAL_SOURCE_PRECEDENCE
HDD|Organic|Basilisk|Forest::namp135,HDD → Organic → Basilisk → Forest → namp135   [OPERATIONAL_SOURCE_PRECEDENCE],HDD,Basilisk,,,Forest,Forest,namp135,NAMP135,True,True,True,BUILDABLE,OPERATIONAL_SOURCE_PRECEDENCE
HDD|Organic|Basilisk|Forest::namp136,HDD → Organic → Basilisk → Forest → namp136   [OPERATIONAL_SOURCE_PRECEDENCE],HDD,Basilisk,,,Forest,Forest,namp136,NAMP136,True,True,True,BUILDABLE,OPERATIONAL_SOURCE_PRECEDENCE
HDD|Organic|Basilisk|Forest::namp154,HDD → Organic → Basilisk → Forest → namp154   [OPERATIONAL_SOURCE_PRECEDENCE],HDD,Basilisk,,,Forest,Forest,namp154,NAMP154,True,True,True,BUILDABLE,OPERATIONAL_SOURCE_PRECEDENCE
HDD|Organic|Basilisk|Forest::namp157,HDD → Organic → Basilisk → Forest → namp157   [OPERATIONAL_SOURCE_PRECEDENCE],HDD,Basilisk,,,Forest,Forest,namp157,NAMP157,True,True,True,BUILDABLE,OPERATIONAL_SOURCE_PRECEDENCE
HDD|Organic|Basilisk|Forest::namp158,HDD → Organic → Basilisk → Forest → namp158   [OPERATIONAL_SOURCE_PRECEDENCE],HDD,Basilisk,,,Forest,Forest,namp158,NAMP158,True,True,True,BUILDABLE,OPERATIONAL_SOURCE_PRECEDENCE
HDD|Organic|Basilisk|Forest::namp159,HDD → Organic → Basilisk → Forest → namp159   [OPERATIONAL_SOURCE_PRECEDENCE],HDD,Basilisk,,,Forest,Forest,namp159,NAMP159,True,True,True,BUILDABLE,OPERATIONAL_SOURCE_PRECEDENCE
HDD|Organic|Basilisk|Forest::namp161,HDD → Organic → Basilisk → Forest → namp161   [OPERATIONAL_SOURCE_PRECEDENCE],HDD,Basilisk,,,Forest,Forest,namp161,NAMP161,True,True,True,BUILDABLE,OPERATIONAL_SOURCE_PRECEDENCE
HDD|Organic|Basilisk|Forest::namp162,HDD → Organic → Basilisk → Forest → namp162   [OPERATIONAL_SOURCE_PRECEDENCE],HDD,Basilisk,,,Forest,Forest,namp162,NAMP162,True,True,True,BUILDABLE,OPERATIONAL_SOURCE_PRECEDENCE
HDD|Organic|Basilisk|Forest::namp163,HDD → Organic → Basilisk → Forest → namp163   [OPERATIONAL_SOURCE_PRECEDENCE],HDD,Basilisk,,,Forest,Forest,namp163,NAMP163,True,True,True,BUILDABLE,OPERATIONAL_SOURCE_PRECEDENCE
HDD|Organic|Basilisk|Forest::namp164,HDD → Organic → Basilisk → Forest → namp164   [OPERATIONAL_SOURCE_PRECEDENCE],HDD,Basilisk,,,Forest,Forest,namp164,NAMP164,True,True,True,BUILDABLE,OPERATIONAL_SOURCE_PRECEDENCE
HDD|Organic|Basilisk|Forest::namp166,HDD → Organic → Basilisk → Forest → namp166   [OPERATIONAL_SOURCE_PRECEDENCE],HDD,Basilisk,,,Forest,Forest,namp166,NAMP166,True,True,True,BUILDABLE,OPERATIONAL_SOURCE_PRECEDENCE
HDD|Organic|Basilisk|Forest::namp167,HDD → Organic → Basilisk → Forest → namp167   [OPERATIONAL_SOURCE_PRECEDENCE],HDD,Basilisk,,,Forest,Forest,namp167,NAMP167,True,True,True,BUILDABLE,OPERATIONAL_SOURCE_PRECEDENCE
HDD|Organic|Basilisk|Forest::namp169,HDD → Organic → Basilisk → Forest → namp169   [OPERATIONAL_SOURCE_PRECEDENCE],HDD,Basilisk,,,Forest,Forest,namp169,NAMP169,True,True,True,BUILDABLE,OPERATIONAL_SOURCE_PRECEDENCE
HDD|Organic|Basilisk|Forest::namp170,HDD → Organic → Basilisk → Forest → namp170   [OPERATIONAL_SOURCE_PRECEDENCE],HDD,Basilisk,,,Forest,Forest,namp170,NAMP170,True,True,True,BUILDABLE,OPERATIONAL_SOURCE_PRECEDENCE
HDD|Organic|Basilisk|Forest::namp171,HDD → Organic → Basilisk → Forest → namp171   [OPERATIONAL_SOURCE_PRECEDENCE],HDD,Basilisk,,,Forest,Forest,namp171,NAMP171,True,True,True,BUILDABLE,OPERATIONAL_SOURCE_PRECEDENCE
HDD|Organic|Basilisk|Forest::namp172,HDD → Organic → Basilisk → Forest → namp172   [OPERATIONAL_SOURCE_PRECEDENCE],HDD,Basilisk,,,Forest,Forest,namp172,NAMP172,True,True,True,BUILDABLE,OPERATIONAL_SOURCE_PRECEDENCE
HDD|Organic|Basilisk|Forest::namp173,HDD → Organic → Basilisk → Forest → namp173   [OPERATIONAL_SOURCE_PRECEDENCE],HDD,Basilisk,,,Forest,Forest,namp173,NAMP173,True,True,True,BUILDABLE,OPERATIONAL_SOURCE_PRECEDENCE
HDD|Organic|Basilisk|Forest::namp197,HDD → Organic → Basilisk → Forest → namp197   [OPERATIONAL_SOURCE_PRECEDENCE],HDD,Basilisk,,,Forest,Forest,namp197,NAMP197,True,True,True,BUILDABLE,OPERATIONAL_SOURCE_PRECEDENCE
HDD|Organic|Basilisk|Forest::namp220,HDD → Organic → Basilisk → Forest → namp220   [OPERATIONAL_SOURCE_PRECEDENCE],HDD,Basilisk,,,Forest,Forest,namp220,NAMP220,True,True,True,BUILDABLE,OPERATIONAL_SOURCE_PRECEDENCE
HDD|Organic|Basilisk|Forest::namp221,HDD → Organic → Basilisk → Forest → namp221   [OPERATIONAL_SOURCE_PRECEDENCE],HDD,Basilisk,,,Forest,Forest,namp221,NAMP221,True,True,True,BUILDABLE,OPERATIONAL_SOURCE_PRECEDENCE
HDD|Organic|Basilisk|Forest::namp222,HDD → Organic → Basilisk → Forest → namp222   [OPERATIONAL_SOURCE_PRECEDENCE],HDD,Basilisk,,,Forest,Forest,namp222,NAMP222,True,True,True,BUILDABLE,OPERATIONAL_SOURCE_PRECEDENCE
HDD|Organic|Basilisk|Forest::namp223,HDD → Organic → Basilisk → Forest → namp223   [OPERATIONAL_SOURCE_PRECEDENCE],HDD,Basilisk,,,Forest,Forest,namp223,NAMP223,True,True,True,BUILDABLE,OPERATIONAL_SOURCE_PRECEDENCE
HDD|Organic|Basilisk|Forest::namp283,HDD → Organic → Basilisk → Forest → namp283   [OPERATIONAL_SOURCE_PRECEDENCE],HDD,Basilisk,,,Forest,Forest,namp283,NAMP283,True,True,True,BUILDABLE,OPERATIONAL_SOURCE_PRECEDENCE
HDD|Organic|Basilisk|Forest::namprd00,HDD → Organic → Basilisk → Forest → namprd00   [OPERATIONAL_SOURCE_PRECEDENCE],HDD,Basilisk,,,Forest,Forest,namprd00,NAMPRD00,True,True,True,BUILDABLE,OPERATIONAL_SOURCE_PRECEDENCE
HDD|Organic|Basilisk|Forest::namprd02,HDD → Organic → Basilisk → Forest → namprd02   [OPERATIONAL_SOURCE_PRECEDENCE],HDD,Basilisk,,,Forest,Forest,namprd02,NAMPRD02,True,True,True,BUILDABLE,OPERATIONAL_SOURCE_PRECEDENCE
HDD|Organic|Basilisk|Forest::namprd03,HDD → Organic → Basilisk → Forest → namprd03   [OPERATIONAL_SOURCE_PRECEDENCE],HDD,Basilisk,,,Forest,Forest,namprd03,NAMPRD03,True,True,True,BUILDABLE,OPERATIONAL_SOURCE_PRECEDENCE
HDD|Organic|Basilisk|Forest::namprd04,HDD → Organic → Basilisk → Forest → namprd04   [OPERATIONAL_SOURCE_PRECEDENCE],HDD,Basilisk,,,Forest,Forest,namprd04,NAMPRD04,True,True,True,BUILDABLE,OPERATIONAL_SOURCE_PRECEDENCE
HDD|Organic|Basilisk|Forest::namprd05,HDD → Organic → Basilisk → Forest → namprd05   [OPERATIONAL_SOURCE_PRECEDENCE],HDD,Basilisk,,,Forest,Forest,namprd05,NAMPRD05,True,True,True,BUILDABLE,OPERATIONAL_SOURCE_PRECEDENCE
HDD|Organic|Basilisk|Forest::namprd06,HDD → Organic → Basilisk → Forest → namprd06   [OPERATIONAL_SOURCE_PRECEDENCE],HDD,Basilisk,,,Forest,Forest,namprd06,NAMPRD06,True,True,True,BUILDABLE,OPERATIONAL_SOURCE_PRECEDENCE
HDD|Organic|Basilisk|Forest::namprd07,HDD → Organic → Basilisk → Forest → namprd07   [OPERATIONAL_SOURCE_PRECEDENCE],HDD,Basilisk,,,Forest,Forest,namprd07,NAMPRD07,True,True,True,BUILDABLE,OPERATIONAL_SOURCE_PRECEDENCE
HDD|Organic|Basilisk|Forest::namprd08,HDD → Organic → Basilisk → Forest → namprd08   [OPERATIONAL_SOURCE_PRECEDENCE],HDD,Basilisk,,,Forest,Forest,namprd08,NAMPRD08,True,True,True,BUILDABLE,OPERATIONAL_SOURCE_PRECEDENCE
HDD|Organic|Basilisk|Forest::namprd09,HDD → Organic → Basilisk → Forest → namprd09   [OPERATIONAL_SOURCE_PRECEDENCE],HDD,Basilisk,,,Forest,Forest,namprd09,NAMPRD09,True,True,True,BUILDABLE,OPERATIONAL_SOURCE_PRECEDENCE
HDD|Organic|Basilisk|Forest::namprd10,HDD → Organic → Basilisk → Forest → namprd10   [OPERATIONAL_SOURCE_PRECEDENCE],HDD,Basilisk,,,Forest,Forest,namprd10,NAMPRD10,True,True,True,BUILDABLE,OPERATIONAL_SOURCE_PRECEDENCE
HDD|Organic|Basilisk|Forest::namprd11,HDD → Organic → Basilisk → Forest → namprd11   [OPERATIONAL_SOURCE_PRECEDENCE],HDD,Basilisk,,,Forest,Forest,namprd11,NAMPRD11,True,True,True,BUILDABLE,OPERATIONAL_SOURCE_PRECEDENCE
HDD|Organic|Basilisk|Forest::namprd12,HDD → Organic → Basilisk → Forest → namprd12   [OPERATIONAL_SOURCE_PRECEDENCE],HDD,Basilisk,,,Forest,Forest,namprd12,NAMPRD12,True,True,True,BUILDABLE,OPERATIONAL_SOURCE_PRECEDENCE
HDD|Organic|Basilisk|Forest::namprd13,HDD → Organic → Basilisk → Forest → namprd13   [OPERATIONAL_SOURCE_PRECEDENCE],HDD,Basilisk,,,Forest,Forest,namprd13,NAMPRD13,True,True,True,BUILDABLE,OPERATIONAL_SOURCE_PRECEDENCE
HDD|Organic|Basilisk|Forest::namprd14,HDD → Organic → Basilisk → Forest → namprd14   [OPERATIONAL_SOURCE_PRECEDENCE],HDD,Basilisk,,,Forest,Forest,namprd14,NAMPRD14,True,True,True,BUILDABLE,OPERATIONAL_SOURCE_PRECEDENCE
HDD|Organic|Basilisk|Forest::namprd15,HDD → Organic → Basilisk → Forest → namprd15   [OPERATIONAL_SOURCE_PRECEDENCE],HDD,Basilisk,,,Forest,Forest,namprd15,NAMPRD15,True,True,True,BUILDABLE,OPERATIONAL_SOURCE_PRECEDENCE
HDD|Organic|Basilisk|Forest::namprd16,HDD → Organic → Basilisk → Forest → namprd16   [OPERATIONAL_SOURCE_PRECEDENCE],HDD,Basilisk,,,Forest,Forest,namprd16,NAMPRD16,True,True,True,BUILDABLE,OPERATIONAL_SOURCE_PRECEDENCE
HDD|Organic|Basilisk|Forest::namprd17,HDD → Organic → Basilisk → Forest → namprd17   [OPERATIONAL_SOURCE_PRECEDENCE],HDD,Basilisk,,,Forest,Forest,namprd17,NAMPRD17,True,True,True,BUILDABLE,OPERATIONAL_SOURCE_PRECEDENCE
HDD|Organic|Basilisk|Forest::namprd18,HDD → Organic → Basilisk → Forest → namprd18   [OPERATIONAL_SOURCE_PRECEDENCE],HDD,Basilisk,,,Forest,Forest,namprd18,NAMPRD18,True,True,True,BUILDABLE,OPERATIONAL_SOURCE_PRECEDENCE
HDD|Organic|Basilisk|Forest::namprd19,HDD → Organic → Basilisk → Forest → namprd19   [OPERATIONAL_SOURCE_PRECEDENCE],HDD,Basilisk,,,Forest,Forest,namprd19,NAMPRD19,True,True,True,BUILDABLE,OPERATIONAL_SOURCE_PRECEDENCE
HDD|Organic|Basilisk|Forest::namprd20,HDD → Organic → Basilisk → Forest → namprd20   [OPERATIONAL_SOURCE_PRECEDENCE],HDD,Basilisk,,,Forest,Forest,namprd20,NAMPRD20,True,True,True,BUILDABLE,OPERATIONAL_SOURCE_PRECEDENCE
HDD|Organic|Basilisk|Forest::namprd21,HDD → Organic → Basilisk → Forest → namprd21   [OPERATIONAL_SOURCE_PRECEDENCE],HDD,Basilisk,,,Forest,Forest,namprd21,NAMPRD21,True,True,True,BUILDABLE,OPERATIONAL_SOURCE_PRECEDENCE
HDD|Organic|Basilisk|Forest::namprd22,HDD → Organic → Basilisk → Forest → namprd22   [OPERATIONAL_SOURCE_PRECEDENCE],HDD,Basilisk,,,Forest,Forest,namprd22,NAMPRD22,True,True,True,BUILDABLE,OPERATIONAL_SOURCE_PRECEDENCE
HDD|Organic|Basilisk|Forest::namprd84,HDD → Organic → Basilisk → Forest → namprd84   [OPERATIONAL_SOURCE_PRECEDENCE],HDD,Basilisk,,,Forest,Forest,namprd84,NAMPRD84,True,True,True,BUILDABLE,OPERATIONAL_SOURCE_PRECEDENCE
HDD|Organic|Basilisk|Forest::namprd85,HDD → Organic → Basilisk → Forest → namprd85   [OPERATIONAL_SOURCE_PRECEDENCE],HDD,Basilisk,,,Forest,Forest,namprd85,NAMPRD85,True,True,True,BUILDABLE,OPERATIONAL_SOURCE_PRECEDENCE
HDD|Organic|Basilisk|Forest::norp279,HDD → Organic → Basilisk → Forest → norp279   [OPERATIONAL_SOURCE_PRECEDENCE],HDD,Basilisk,,,Forest,Forest,norp279,NORP279,True,True,True,BUILDABLE,OPERATIONAL_SOURCE_PRECEDENCE
HDD|Organic|Basilisk|Forest::nzlp299,HDD → Organic → Basilisk → Forest → nzlp299   [OPERATIONAL_SOURCE_PRECEDENCE],HDD,Basilisk,,,Forest,Forest,nzlp299,NZLP299,True,True,True,BUILDABLE,OPERATIONAL_SOURCE_PRECEDENCE
HDD|Organic|Basilisk|Forest::polp291,HDD → Organic → Basilisk → Forest → polp291   [OPERATIONAL_SOURCE_PRECEDENCE],HDD,Basilisk,,,Forest,Forest,polp291,POLP291,True,True,True,BUILDABLE,OPERATIONAL_SOURCE_PRECEDENCE
HDD|Organic|Basilisk|Forest::qatp289,HDD → Organic → Basilisk → Forest → qatp289   [OPERATIONAL_SOURCE_PRECEDENCE],HDD,Basilisk,,,Forest,Forest,qatp289,QATP289,True,True,True,BUILDABLE,OPERATIONAL_SOURCE_PRECEDENCE
HDD|Organic|Basilisk|Forest::sgpp274,HDD → Organic → Basilisk → Forest → sgpp274   [OPERATIONAL_SOURCE_PRECEDENCE],HDD,Basilisk,,,Forest,Forest,sgpp274,SGPP274,True,True,True,BUILDABLE,OPERATIONAL_SOURCE_PRECEDENCE
HDD|Organic|Basilisk|Forest::swep280,HDD → Organic → Basilisk → Forest → swep280   [OPERATIONAL_SOURCE_PRECEDENCE],HDD,Basilisk,,,Forest,Forest,swep280,SWEP280,True,True,True,BUILDABLE,OPERATIONAL_SOURCE_PRECEDENCE
HDD|Organic|Basilisk|Forest::twnp295,HDD → Organic → Basilisk → Forest → twnp295   [OPERATIONAL_SOURCE_PRECEDENCE],HDD,Basilisk,,,Forest,Forest,twnp295,TWNP295,True,True,True,BUILDABLE,OPERATIONAL_SOURCE_PRECEDENCE
HDD|Organic|Basilisk|Forest::zafp275,HDD → Organic → Basilisk → Forest → zafp275   [OPERATIONAL_SOURCE_PRECEDENCE],HDD,Basilisk,,,Forest,Forest,zafp275,ZAFP275,True,True,True,BUILDABLE,OPERATIONAL_SOURCE_PRECEDENCE
HDD|Organic|Basilisk|Region::DNK-Go Local,HDD → Organic → Basilisk → Region → DNK-Go Local   [OPERATIONAL_SOURCE_PRECEDENCE],HDD,Basilisk,,,Region,Region,DNK-Go Local,DNK-GO LOCAL,True,True,True,BUILDABLE,OPERATIONAL_SOURCE_PRECEDENCE
HDD|Organic|Basilisk|Region::ESP-Go Local,HDD → Organic → Basilisk → Region → ESP-Go Local   [OPERATIONAL_SOURCE_PRECEDENCE],HDD,Basilisk,,,Region,Region,ESP-Go Local,ESP-GO LOCAL,True,True,True,BUILDABLE,OPERATIONAL_SOURCE_PRECEDENCE
HDD|Organic|Basilisk|Region::EUR-Go Local,HDD → Organic → Basilisk → Region → EUR-Go Local   [OPERATIONAL_SOURCE_PRECEDENCE],HDD,Basilisk,,,Region,Region,EUR-Go Local,EUR-GO LOCAL,True,True,True,BUILDABLE,OPERATIONAL_SOURCE_PRECEDENCE
HDD|Organic|Basilisk|Region::GBR-Go Local,HDD → Organic → Basilisk → Region → GBR-Go Local   [OPERATIONAL_SOURCE_PRECEDENCE],HDD,Basilisk,,,Region,Region,GBR-Go Local,GBR-GO LOCAL,True,True,True,BUILDABLE,OPERATIONAL_SOURCE_PRECEDENCE
HDD|Organic|Basilisk|Region::ISR-Go Local,HDD → Organic → Basilisk → Region → ISR-Go Local   [OPERATIONAL_SOURCE_PRECEDENCE],HDD,Basilisk,,,Region,Region,ISR-Go Local,ISR-GO LOCAL,True,True,True,BUILDABLE,OPERATIONAL_SOURCE_PRECEDENCE
HDD|Organic|Basilisk|Region::ITA-Go Local,HDD → Organic → Basilisk → Region → ITA-Go Local   [OPERATIONAL_SOURCE_PRECEDENCE],HDD,Basilisk,,,Region,Region,ITA-Go Local,ITA-GO LOCAL,True,True,True,BUILDABLE,OPERATIONAL_SOURCE_PRECEDENCE
HDD|Organic|Basilisk|Region::MEX-Go Local,HDD → Organic → Basilisk → Region → MEX-Go Local   [OPERATIONAL_SOURCE_PRECEDENCE],HDD,Basilisk,,,Region,Region,MEX-Go Local,MEX-GO LOCAL,True,True,True,BUILDABLE,OPERATIONAL_SOURCE_PRECEDENCE
HDD|Organic|Basilisk|Region::POL-Go Local,HDD → Organic → Basilisk → Region → POL-Go Local   [OPERATIONAL_SOURCE_PRECEDENCE],HDD,Basilisk,,,Region,Region,POL-Go Local,POL-GO LOCAL,True,True,True,BUILDABLE,OPERATIONAL_SOURCE_PRECEDENCE
HDD|Organic|Basilisk|Region::apc-Dedicated,HDD → Organic → Basilisk → Region → apc-Dedicated   [OPERATIONAL_SOURCE_PRECEDENCE],HDD,Basilisk,,,Region,Region,apc-Dedicated,APC-DEDICATED,True,True,True,BUILDABLE,OPERATIONAL_SOURCE_PRECEDENCE
HDD|Organic|Basilisk|Region::apc-MSIT,HDD → Organic → Basilisk → Region → apc-MSIT   [OPERATIONAL_SOURCE_PRECEDENCE],HDD,Basilisk,,,Region,Region,apc-MSIT,APC-MSIT,True,True,True,BUILDABLE,OPERATIONAL_SOURCE_PRECEDENCE
HDD|Organic|Basilisk|Region::apc-Multitenant,HDD → Organic → Basilisk → Region → apc-Multitenant   [OPERATIONAL_SOURCE_PRECEDENCE],HDD,Basilisk,,,Region,Region,apc-Multitenant,APC-MULTITENANT,True,True,True,BUILDABLE,OPERATIONAL_SOURCE_PRECEDENCE
HDD|Organic|Basilisk|Region::are-Go Local,HDD → Organic → Basilisk → Region → are-Go Local   [OPERATIONAL_SOURCE_PRECEDENCE],HDD,Basilisk,,,Region,Region,are-Go Local,ARE-GO LOCAL,True,True,True,BUILDABLE,OPERATIONAL_SOURCE_PRECEDENCE
HDD|Organic|Basilisk|Region::aus-Go Local,HDD → Organic → Basilisk → Region → aus-Go Local   [OPERATIONAL_SOURCE_PRECEDENCE],HDD,Basilisk,,,Region,Region,aus-Go Local,AUS-GO LOCAL,True,True,True,BUILDABLE,OPERATIONAL_SOURCE_PRECEDENCE
HDD|Organic|Basilisk|Region::aut-Go Local,HDD → Organic → Basilisk → Region → aut-Go Local   [OPERATIONAL_SOURCE_PRECEDENCE],HDD,Basilisk,,,Region,Region,aut-Go Local,AUT-GO LOCAL,True,True,True,BUILDABLE,OPERATIONAL_SOURCE_PRECEDENCE
HDD|Organic|Basilisk|Region::bra-Go Local,HDD → Organic → Basilisk → Region → bra-Go Local   [OPERATIONAL_SOURCE_PRECEDENCE],HDD,Basilisk,,,Region,Region,bra-Go Local,BRA-GO LOCAL,True,True,True,BUILDABLE,OPERATIONAL_SOURCE_PRECEDENCE
HDD|Organic|Basilisk|Region::can-Go Local,HDD → Organic → Basilisk → Region → can-Go Local   [OPERATIONAL_SOURCE_PRECEDENCE],HDD,Basilisk,,,Region,Region,can-Go Local,CAN-GO LOCAL,True,True,True,BUILDABLE,OPERATIONAL_SOURCE_PRECEDENCE
HDD|Organic|Basilisk|Region::che-Go Local,HDD → Organic → Basilisk → Region → che-Go Local   [OPERATIONAL_SOURCE_PRECEDENCE],HDD,Basilisk,,,Region,Region,che-Go Local,CHE-GO LOCAL,True,True,True,BUILDABLE,OPERATIONAL_SOURCE_PRECEDENCE
HDD|Organic|Basilisk|Region::chl-Go Local,HDD → Organic → Basilisk → Region → chl-Go Local   [OPERATIONAL_SOURCE_PRECEDENCE],HDD,Basilisk,,,Region,Region,chl-Go Local,CHL-GO LOCAL,True,True,True,BUILDABLE,OPERATIONAL_SOURCE_PRECEDENCE
HDD|Organic|Basilisk|Region::chn-Gallatin,HDD → Organic → Basilisk → Region → chn-Gallatin   [OPERATIONAL_SOURCE_PRECEDENCE],HDD,Basilisk,,,Region,Region,chn-Gallatin,CHN-GALLATIN,True,True,True,BUILDABLE,OPERATIONAL_SOURCE_PRECEDENCE
HDD|Organic|Basilisk|Region::deu-Go Local,HDD → Organic → Basilisk → Region → deu-Go Local   [OPERATIONAL_SOURCE_PRECEDENCE],HDD,Basilisk,,,Region,Region,deu-Go Local,DEU-GO LOCAL,True,True,True,BUILDABLE,OPERATIONAL_SOURCE_PRECEDENCE
HDD|Organic|Basilisk|Region::eur-Dedicated,HDD → Organic → Basilisk → Region → eur-Dedicated   [OPERATIONAL_SOURCE_PRECEDENCE],HDD,Basilisk,,,Region,Region,eur-Dedicated,EUR-DEDICATED,True,True,True,BUILDABLE,OPERATIONAL_SOURCE_PRECEDENCE
HDD|Organic|Basilisk|Region::eur-MSIT,HDD → Organic → Basilisk → Region → eur-MSIT   [OPERATIONAL_SOURCE_PRECEDENCE],HDD,Basilisk,,,Region,Region,eur-MSIT,EUR-MSIT,True,True,True,BUILDABLE,OPERATIONAL_SOURCE_PRECEDENCE
HDD|Organic|Basilisk|Region::eur-Multitenant,HDD → Organic → Basilisk → Region → eur-Multitenant   [OPERATIONAL_SOURCE_PRECEDENCE],HDD,Basilisk,,,Region,Region,eur-Multitenant,EUR-MULTITENANT,True,True,True,BUILDABLE,OPERATIONAL_SOURCE_PRECEDENCE
HDD|Organic|Basilisk|Region::fra-Go Local,HDD → Organic → Basilisk → Region → fra-Go Local   [OPERATIONAL_SOURCE_PRECEDENCE],HDD,Basilisk,,,Region,Region,fra-Go Local,FRA-GO LOCAL,True,True,True,BUILDABLE,OPERATIONAL_SOURCE_PRECEDENCE
HDD|Organic|Basilisk|Region::gbr-Dedicated,HDD → Organic → Basilisk → Region → gbr-Dedicated   [OPERATIONAL_SOURCE_PRECEDENCE],HDD,Basilisk,,,Region,Region,gbr-Dedicated,GBR-DEDICATED,True,True,True,BUILDABLE,OPERATIONAL_SOURCE_PRECEDENCE
HDD|Organic|Basilisk|Region::gbr-Go Local,HDD → Organic → Basilisk → Region → gbr-Go Local   [OPERATIONAL_SOURCE_PRECEDENCE],HDD,Basilisk,,,Region,Region,gbr-Go Local,GBR-GO LOCAL,True,True,True,BUILDABLE,OPERATIONAL_SOURCE_PRECEDENCE
HDD|Organic|Basilisk|Region::idn-Go Local,HDD → Organic → Basilisk → Region → idn-Go Local   [OPERATIONAL_SOURCE_PRECEDENCE],HDD,Basilisk,,,Region,Region,idn-Go Local,IDN-GO LOCAL,True,True,True,BUILDABLE,OPERATIONAL_SOURCE_PRECEDENCE
HDD|Organic|Basilisk|Region::ind-Go Local,HDD → Organic → Basilisk → Region → ind-Go Local   [OPERATIONAL_SOURCE_PRECEDENCE],HDD,Basilisk,,,Region,Region,ind-Go Local,IND-GO LOCAL,True,True,True,BUILDABLE,OPERATIONAL_SOURCE_PRECEDENCE
HDD|Organic|Basilisk|Region::jpn-Go Local,HDD → Organic → Basilisk → Region → jpn-Go Local   [OPERATIONAL_SOURCE_PRECEDENCE],HDD,Basilisk,,,Region,Region,jpn-Go Local,JPN-GO LOCAL,True,True,True,BUILDABLE,OPERATIONAL_SOURCE_PRECEDENCE
HDD|Organic|Basilisk|Region::kor-Go Local,HDD → Organic → Basilisk → Region → kor-Go Local   [OPERATIONAL_SOURCE_PRECEDENCE],HDD,Basilisk,,,Region,Region,kor-Go Local,KOR-GO LOCAL,True,True,True,BUILDABLE,OPERATIONAL_SOURCE_PRECEDENCE
HDD|Organic|Basilisk|Region::lam-Multitenant,HDD → Organic → Basilisk → Region → lam-Multitenant   [OPERATIONAL_SOURCE_PRECEDENCE],HDD,Basilisk,,,Region,Region,lam-Multitenant,LAM-MULTITENANT,True,True,True,BUILDABLE,OPERATIONAL_SOURCE_PRECEDENCE
HDD|Organic|Basilisk|Region::mys-Go Local,HDD → Organic → Basilisk → Region → mys-Go Local   [OPERATIONAL_SOURCE_PRECEDENCE],HDD,Basilisk,,,Region,Region,mys-Go Local,MYS-GO LOCAL,True,True,True,BUILDABLE,OPERATIONAL_SOURCE_PRECEDENCE
HDD|Organic|Basilisk|Region::nam-Dedicated,HDD → Organic → Basilisk → Region → nam-Dedicated   [OPERATIONAL_SOURCE_PRECEDENCE],HDD,Basilisk,,,Region,Region,nam-Dedicated,NAM-DEDICATED,True,True,True,BUILDABLE,OPERATIONAL_SOURCE_PRECEDENCE
HDD|Organic|Basilisk|Region::nam-GCC Low,HDD → Organic → Basilisk → Region → nam-GCC Low   [OPERATIONAL_SOURCE_PRECEDENCE],HDD,Basilisk,,,Region,Region,nam-GCC Low,NAM-GCC LOW,True,True,True,BUILDABLE,OPERATIONAL_SOURCE_PRECEDENCE
HDD|Organic|Basilisk|Region::nam-ITAR DoD,HDD → Organic → Basilisk → Region → nam-ITAR DoD   [OPERATIONAL_SOURCE_PRECEDENCE],HDD,Basilisk,,,Region,Region,nam-ITAR DoD,NAM-ITAR DOD,True,True,True,BUILDABLE,OPERATIONAL_SOURCE_PRECEDENCE
HDD|Organic|Basilisk|Region::nam-ITAR GCCH,HDD → Organic → Basilisk → Region → nam-ITAR GCCH   [OPERATIONAL_SOURCE_PRECEDENCE],HDD,Basilisk,,,Region,Region,nam-ITAR GCCH,NAM-ITAR GCCH,True,True,True,BUILDABLE,OPERATIONAL_SOURCE_PRECEDENCE
HDD|Organic|Basilisk|Region::nam-MSIT,HDD → Organic → Basilisk → Region → nam-MSIT   [OPERATIONAL_SOURCE_PRECEDENCE],HDD,Basilisk,,,Region,Region,nam-MSIT,NAM-MSIT,True,True,True,BUILDABLE,OPERATIONAL_SOURCE_PRECEDENCE
HDD|Organic|Basilisk|Region::nam-Multitenant,HDD → Organic → Basilisk → Region → nam-Multitenant   [OPERATIONAL_SOURCE_PRECEDENCE],HDD,Basilisk,,,Region,Region,nam-Multitenant,NAM-MULTITENANT,True,True,True,BUILDABLE,OPERATIONAL_SOURCE_PRECEDENCE
HDD|Organic|Basilisk|Region::nam-SDF,HDD → Organic → Basilisk → Region → nam-SDF   [OPERATIONAL_SOURCE_PRECEDENCE],HDD,Basilisk,,,Region,Region,nam-SDF,NAM-SDF,True,True,True,BUILDABLE,OPERATIONAL_SOURCE_PRECEDENCE
HDD|Organic|Basilisk|Region::nam-TDF,HDD → Organic → Basilisk → Region → nam-TDF   [OPERATIONAL_SOURCE_PRECEDENCE],HDD,Basilisk,,,Region,Region,nam-TDF,NAM-TDF,True,True,True,BUILDABLE,OPERATIONAL_SOURCE_PRECEDENCE
HDD|Organic|Basilisk|Region::nor-Go Local,HDD → Organic → Basilisk → Region → nor-Go Local   [OPERATIONAL_SOURCE_PRECEDENCE],HDD,Basilisk,,,Region,Region,nor-Go Local,NOR-GO LOCAL,True,True,True,BUILDABLE,OPERATIONAL_SOURCE_PRECEDENCE
HDD|Organic|Basilisk|Region::nzl-Go Local,HDD → Organic → Basilisk → Region → nzl-Go Local   [OPERATIONAL_SOURCE_PRECEDENCE],HDD,Basilisk,,,Region,Region,nzl-Go Local,NZL-GO LOCAL,True,True,True,BUILDABLE,OPERATIONAL_SOURCE_PRECEDENCE
HDD|Organic|Basilisk|Region::qat-Go Local,HDD → Organic → Basilisk → Region → qat-Go Local   [OPERATIONAL_SOURCE_PRECEDENCE],HDD,Basilisk,,,Region,Region,qat-Go Local,QAT-GO LOCAL,True,True,True,BUILDABLE,OPERATIONAL_SOURCE_PRECEDENCE
HDD|Organic|Basilisk|Region::sgp-Go Local,HDD → Organic → Basilisk → Region → sgp-Go Local   [OPERATIONAL_SOURCE_PRECEDENCE],HDD,Basilisk,,,Region,Region,sgp-Go Local,SGP-GO LOCAL,True,True,True,BUILDABLE,OPERATIONAL_SOURCE_PRECEDENCE
HDD|Organic|Basilisk|Region::swe-Go Local,HDD → Organic → Basilisk → Region → swe-Go Local   [OPERATIONAL_SOURCE_PRECEDENCE],HDD,Basilisk,,,Region,Region,swe-Go Local,SWE-GO LOCAL,True,True,True,BUILDABLE,OPERATIONAL_SOURCE_PRECEDENCE
HDD|Organic|Basilisk|Region::twn-Go Local,HDD → Organic → Basilisk → Region → twn-Go Local   [OPERATIONAL_SOURCE_PRECEDENCE],HDD,Basilisk,,,Region,Region,twn-Go Local,TWN-GO LOCAL,True,True,True,BUILDABLE,OPERATIONAL_SOURCE_PRECEDENCE
HDD|Organic|Basilisk|Region::zaf-Go Local,HDD → Organic → Basilisk → Region → zaf-Go Local   [OPERATIONAL_SOURCE_PRECEDENCE],HDD,Basilisk,,,Region,Region,zaf-Go Local,ZAF-GO LOCAL,True,True,True,BUILDABLE,OPERATIONAL_SOURCE_PRECEDENCE
HDD|Organic|EDB|Consumer|Forest::APCP150,HDD → Organic → EDB → Consumer → Forest → APCP150,HDD,EDB,,Consumer,Forest,Forest,APCP150,APCP150,True,True,True,BUILDABLE,
HDD|Organic|EDB|Consumer|Forest::APCP153,HDD → Organic → EDB → Consumer → Forest → APCP153,HDD,EDB,,Consumer,Forest,Forest,APCP153,APCP153,True,True,True,BUILDABLE,
HDD|Organic|EDB|Consumer|Forest::APCPRD01,HDD → Organic → EDB → Consumer → Forest → APCPRD01,HDD,EDB,,Consumer,Forest,Forest,APCPRD01,APCPRD01,True,True,True,BUILDABLE,
HDD|Organic|EDB|Consumer|Forest::APCPRD02,HDD → Organic → EDB → Consumer → Forest → APCPRD02,HDD,EDB,,Consumer,Forest,Forest,APCPRD02,APCPRD02,True,True,True,BUILDABLE,
HDD|Organic|EDB|Consumer|Forest::APCPRD03,HDD → Organic → EDB → Consumer → Forest → APCPRD03,HDD,EDB,,Consumer,Forest,Forest,APCPRD03,APCPRD03,True,True,True,BUILDABLE,
HDD|Organic|EDB|Consumer|Forest::APCPRD04,HDD → Organic → EDB → Consumer → Forest → APCPRD04,HDD,EDB,,Consumer,Forest,Forest,APCPRD04,APCPRD04,True,True,True,BUILDABLE,
HDD|Organic|EDB|Consumer|Forest::APCPRD06,HDD → Organic → EDB → Consumer → Forest → APCPRD06,HDD,EDB,,Consumer,Forest,Forest,APCPRD06,APCPRD06,True,True,True,BUILDABLE,
HDD|Organic|EDB|Consumer|Forest::AREP273,HDD → Organic → EDB → Consumer → Forest → AREP273,HDD,EDB,,Consumer,Forest,Forest,AREP273,AREP273,True,True,True,BUILDABLE,
HDD|Organic|EDB|Consumer|Forest::AUSP282,HDD → Organic → EDB → Consumer → Forest → AUSP282,HDD,EDB,,Consumer,Forest,Forest,AUSP282,AUSP282,True,True,True,BUILDABLE,
HDD|Organic|EDB|Consumer|Forest::AUSP300,HDD → Organic → EDB → Consumer → Forest → AUSP300,HDD,EDB,,Consumer,Forest,Forest,AUSP300,AUSP300,True,True,True,BUILDABLE,
HDD|Organic|EDB|Consumer|Forest::AUSPRD01,HDD → Organic → EDB → Consumer → Forest → AUSPRD01,HDD,EDB,,Consumer,Forest,Forest,AUSPRD01,AUSPRD01,True,True,True,BUILDABLE,
HDD|Organic|EDB|Consumer|Forest::AUTP296,HDD → Organic → EDB → Consumer → Forest → AUTP296,HDD,EDB,,Consumer,Forest,Forest,AUTP296,AUTP296,True,True,True,BUILDABLE,
HDD|Organic|EDB|Consumer|Forest::BRAP284,HDD → Organic → EDB → Consumer → Forest → BRAP284,HDD,EDB,,Consumer,Forest,Forest,BRAP284,BRAP284,True,True,True,BUILDABLE,
HDD|Organic|EDB|Consumer|Forest::CANP288,HDD → Organic → EDB → Consumer → Forest → CANP288,HDD,EDB,,Consumer,Forest,Forest,CANP288,CANP288,True,True,True,BUILDABLE,
HDD|Organic|EDB|Consumer|Forest::CANPRD01,HDD → Organic → EDB → Consumer → Forest → CANPRD01,HDD,EDB,,Consumer,Forest,Forest,CANPRD01,CANPRD01,True,True,True,BUILDABLE,
HDD|Organic|EDB|Consumer|Forest::CHEP278,HDD → Organic → EDB → Consumer → Forest → CHEP278,HDD,EDB,,Consumer,Forest,Forest,CHEP278,CHEP278,True,True,True,BUILDABLE,
HDD|Organic|EDB|Consumer|Forest::CHLP298,HDD → Organic → EDB → Consumer → Forest → CHLP298,HDD,EDB,,Consumer,Forest,Forest,CHLP298,CHLP298,True,True,True,BUILDABLE,
HDD|Organic|EDB|Consumer|Forest::CHNPR01,HDD → Organic → EDB → Consumer → Forest → CHNPR01,HDD,EDB,,Consumer,Forest,Forest,CHNPR01,CHNPR01,True,True,True,BUILDABLE,
HDD|Organic|EDB|Consumer|Forest::DEUP281,HDD → Organic → EDB → Consumer → Forest → DEUP281,HDD,EDB,,Consumer,Forest,Forest,DEUP281,DEUP281,True,True,True,BUILDABLE,
HDD|Organic|EDB|Consumer|Forest::DNKP307,HDD → Organic → EDB → Consumer → Forest → DNKP307,HDD,EDB,,Consumer,Forest,Forest,DNKP307,DNKP307,True,True,True,BUILDABLE,
HDD|Organic|EDB|Consumer|Forest::ESPP292,HDD → Organic → EDB → Consumer → Forest → ESPP292,HDD,EDB,,Consumer,Forest,Forest,ESPP292,ESPP292,True,True,True,BUILDABLE,
HDD|Organic|EDB|Consumer|Forest::EURP107,HDD → Organic → EDB → Consumer → Forest → EURP107,HDD,EDB,,Consumer,Forest,Forest,EURP107,EURP107,True,True,True,BUILDABLE,
HDD|Organic|EDB|Consumer|Forest::EURP119,HDD → Organic → EDB → Consumer → Forest → EURP119,HDD,EDB,,Consumer,Forest,Forest,EURP119,EURP119,True,True,True,BUILDABLE,
HDD|Organic|EDB|Consumer|Forest::EURP120,HDD → Organic → EDB → Consumer → Forest → EURP120,HDD,EDB,,Consumer,Forest,Forest,EURP120,EURP120,True,True,True,BUILDABLE,
HDD|Organic|EDB|Consumer|Forest::EURP121,HDD → Organic → EDB → Consumer → Forest → EURP121,HDD,EDB,,Consumer,Forest,Forest,EURP121,EURP121,True,True,True,BUILDABLE,
HDD|Organic|EDB|Consumer|Forest::EURP122,HDD → Organic → EDB → Consumer → Forest → EURP122,HDD,EDB,,Consumer,Forest,Forest,EURP122,EURP122,True,True,True,BUILDABLE,
HDD|Organic|EDB|Consumer|Forest::EURP137,HDD → Organic → EDB → Consumer → Forest → EURP137,HDD,EDB,,Consumer,Forest,Forest,EURP137,EURP137,True,True,True,BUILDABLE,
HDD|Organic|EDB|Consumer|Forest::EURP138,HDD → Organic → EDB → Consumer → Forest → EURP138,HDD,EDB,,Consumer,Forest,Forest,EURP138,EURP138,True,True,True,BUILDABLE,
HDD|Organic|EDB|Consumer|Forest::EURP175,HDD → Organic → EDB → Consumer → Forest → EURP175,HDD,EDB,,Consumer,Forest,Forest,EURP175,EURP175,True,True,True,BUILDABLE,
HDD|Organic|EDB|Consumer|Forest::EURP176,HDD → Organic → EDB → Consumer → Forest → EURP176,HDD,EDB,,Consumer,Forest,Forest,EURP176,EURP176,True,True,True,BUILDABLE,
HDD|Organic|EDB|Consumer|Forest::EURP177,HDD → Organic → EDB → Consumer → Forest → EURP177,HDD,EDB,,Consumer,Forest,Forest,EURP177,EURP177,True,True,True,BUILDABLE,
HDD|Organic|EDB|Consumer|Forest::EURP178,HDD → Organic → EDB → Consumer → Forest → EURP178,HDD,EDB,,Consumer,Forest,Forest,EURP178,EURP178,True,True,True,BUILDABLE,
HDD|Organic|EDB|Consumer|Forest::EURP179,HDD → Organic → EDB → Consumer → Forest → EURP179,HDD,EDB,,Consumer,Forest,Forest,EURP179,EURP179,True,True,True,BUILDABLE,
HDD|Organic|EDB|Consumer|Forest::EURP180,HDD → Organic → EDB → Consumer → Forest → EURP180,HDD,EDB,,Consumer,Forest,Forest,EURP180,EURP180,True,True,True,BUILDABLE,
HDD|Organic|EDB|Consumer|Forest::EURP189,HDD → Organic → EDB → Consumer → Forest → EURP189,HDD,EDB,,Consumer,Forest,Forest,EURP189,EURP189,True,True,True,BUILDABLE,
HDD|Organic|EDB|Consumer|Forest::EURP190,HDD → Organic → EDB → Consumer → Forest → EURP190,HDD,EDB,,Consumer,Forest,Forest,EURP190,EURP190,True,True,True,BUILDABLE,
HDD|Organic|EDB|Consumer|Forest::EURP191,HDD → Organic → EDB → Consumer → Forest → EURP191,HDD,EDB,,Consumer,Forest,Forest,EURP191,EURP191,True,True,True,BUILDABLE,
HDD|Organic|EDB|Consumer|Forest::EURP192,HDD → Organic → EDB → Consumer → Forest → EURP192,HDD,EDB,,Consumer,Forest,Forest,EURP192,EURP192,True,True,True,BUILDABLE,
HDD|Organic|EDB|Consumer|Forest::EURP193,HDD → Organic → EDB → Consumer → Forest → EURP193,HDD,EDB,,Consumer,Forest,Forest,EURP193,EURP193,True,True,True,BUILDABLE,
HDD|Organic|EDB|Consumer|Forest::EURP194,HDD → Organic → EDB → Consumer → Forest → EURP194,HDD,EDB,,Consumer,Forest,Forest,EURP194,EURP194,True,True,True,BUILDABLE,
HDD|Organic|EDB|Consumer|Forest::EURP195,HDD → Organic → EDB → Consumer → Forest → EURP195,HDD,EDB,,Consumer,Forest,Forest,EURP195,EURP195,True,True,True,BUILDABLE,
HDD|Organic|EDB|Consumer|Forest::EURP250,HDD → Organic → EDB → Consumer → Forest → EURP250,HDD,EDB,,Consumer,Forest,Forest,EURP250,EURP250,True,True,True,BUILDABLE,
HDD|Organic|EDB|Consumer|Forest::EURP251,HDD → Organic → EDB → Consumer → Forest → EURP251,HDD,EDB,,Consumer,Forest,Forest,EURP251,EURP251,True,True,True,BUILDABLE,
HDD|Organic|EDB|Consumer|Forest::EURP309,HDD → Organic → EDB → Consumer → Forest → EURP309,HDD,EDB,,Consumer,Forest,Forest,EURP309,EURP309,True,True,True,BUILDABLE,
HDD|Organic|EDB|Consumer|Forest::EURPRD01,HDD → Organic → EDB → Consumer → Forest → EURPRD01,HDD,EDB,,Consumer,Forest,Forest,EURPRD01,EURPRD01,True,True,True,BUILDABLE,
HDD|Organic|EDB|Consumer|Forest::EURPRD02,HDD → Organic → EDB → Consumer → Forest → EURPRD02,HDD,EDB,,Consumer,Forest,Forest,EURPRD02,EURPRD02,True,True,True,BUILDABLE,
HDD|Organic|EDB|Consumer|Forest::EURPRD03,HDD → Organic → EDB → Consumer → Forest → EURPRD03,HDD,EDB,,Consumer,Forest,Forest,EURPRD03,EURPRD03,True,True,True,BUILDABLE,
HDD|Organic|EDB|Consumer|Forest::EURPRD04,HDD → Organic → EDB → Consumer → Forest → EURPRD04,HDD,EDB,,Consumer,Forest,Forest,EURPRD04,EURPRD04,True,True,True,BUILDABLE,
HDD|Organic|EDB|Consumer|Forest::EURPRD05,HDD → Organic → EDB → Consumer → Forest → EURPRD05,HDD,EDB,,Consumer,Forest,Forest,EURPRD05,EURPRD05,True,True,True,BUILDABLE,
HDD|Organic|EDB|Consumer|Forest::EURPRD06,HDD → Organic → EDB → Consumer → Forest → EURPRD06,HDD,EDB,,Consumer,Forest,Forest,EURPRD06,EURPRD06,True,True,True,BUILDABLE,
HDD|Organic|EDB|Consumer|Forest::EURPRD07,HDD → Organic → EDB → Consumer → Forest → EURPRD07,HDD,EDB,,Consumer,Forest,Forest,EURPRD07,EURPRD07,True,True,True,BUILDABLE,
HDD|Organic|EDB|Consumer|Forest::EURPRD08,HDD → Organic → EDB → Consumer → Forest → EURPRD08,HDD,EDB,,Consumer,Forest,Forest,EURPRD08,EURPRD08,True,True,True,BUILDABLE,
HDD|Organic|EDB|Consumer|Forest::EURPRD09,HDD → Organic → EDB → Consumer → Forest → EURPRD09,HDD,EDB,,Consumer,Forest,Forest,EURPRD09,EURPRD09,True,True,True,BUILDABLE,
HDD|Organic|EDB|Consumer|Forest::EURPRD10,HDD → Organic → EDB → Consumer → Forest → EURPRD10,HDD,EDB,,Consumer,Forest,Forest,EURPRD10,EURPRD10,True,True,True,BUILDABLE,
HDD|Organic|EDB|Consumer|Forest::EURPRD83,HDD → Organic → EDB → Consumer → Forest → EURPRD83,HDD,EDB,,Consumer,Forest,Forest,EURPRD83,EURPRD83,True,True,True,BUILDABLE,
HDD|Organic|EDB|Consumer|Forest::FRAP264,HDD → Organic → EDB → Consumer → Forest → FRAP264,HDD,EDB,,Consumer,Forest,Forest,FRAP264,FRAP264,True,True,True,BUILDABLE,
HDD|Organic|EDB|Consumer|Forest::GBRP123,HDD → Organic → EDB → Consumer → Forest → GBRP123,HDD,EDB,,Consumer,Forest,Forest,GBRP123,GBRP123,True,True,True,BUILDABLE,
HDD|Organic|EDB|Consumer|Forest::GBRP265,HDD → Organic → EDB → Consumer → Forest → GBRP265,HDD,EDB,,Consumer,Forest,Forest,GBRP265,GBRP265,True,True,True,BUILDABLE,
HDD|Organic|EDB|Consumer|Forest::GBRP267,HDD → Organic → EDB → Consumer → Forest → GBRP267,HDD,EDB,,Consumer,Forest,Forest,GBRP267,GBRP267,True,True,True,BUILDABLE,
HDD|Organic|EDB|Consumer|Forest::GBRP302,HDD → Organic → EDB → Consumer → Forest → GBRP302,HDD,EDB,,Consumer,Forest,Forest,GBRP302,GBRP302,True,True,True,BUILDABLE,
HDD|Organic|EDB|Consumer|Forest::IDNP305,HDD → Organic → EDB → Consumer → Forest → IDNP305,HDD,EDB,,Consumer,Forest,Forest,IDNP305,IDNP305,True,True,True,BUILDABLE,
HDD|Organic|EDB|Consumer|Forest::INDP287,HDD → Organic → EDB → Consumer → Forest → INDP287,HDD,EDB,,Consumer,Forest,Forest,INDP287,INDP287,True,True,True,BUILDABLE,
HDD|Organic|EDB|Consumer|Forest::INDPRD01,HDD → Organic → EDB → Consumer → Forest → INDPRD01,HDD,EDB,,Consumer,Forest,Forest,INDPRD01,INDPRD01,True,True,True,BUILDABLE,
HDD|Organic|EDB|Consumer|Forest::ISRP290,HDD → Organic → EDB → Consumer → Forest → ISRP290,HDD,EDB,,Consumer,Forest,Forest,ISRP290,ISRP290,True,True,True,BUILDABLE,
HDD|Organic|EDB|Consumer|Forest::ITAP293,HDD → Organic → EDB → Consumer → Forest → ITAP293,HDD,EDB,,Consumer,Forest,Forest,ITAP293,ITAP293,True,True,True,BUILDABLE,
HDD|Organic|EDB|Consumer|Forest::JPNP286,HDD → Organic → EDB → Consumer → Forest → JPNP286,HDD,EDB,,Consumer,Forest,Forest,JPNP286,JPNP286,True,True,True,BUILDABLE,
HDD|Organic|EDB|Consumer|Forest::JPNP301,HDD → Organic → EDB → Consumer → Forest → JPNP301,HDD,EDB,,Consumer,Forest,Forest,JPNP301,JPNP301,True,True,True,BUILDABLE,
HDD|Organic|EDB|Consumer|Forest::JPNPRD01,HDD → Organic → EDB → Consumer → Forest → JPNPRD01,HDD,EDB,,Consumer,Forest,Forest,JPNPRD01,JPNPRD01,True,True,True,BUILDABLE,
HDD|Organic|EDB|Consumer|Forest::KORP216,HDD → Organic → EDB → Consumer → Forest → KORP216,HDD,EDB,,Consumer,Forest,Forest,KORP216,KORP216,True,True,True,BUILDABLE,
HDD|Organic|EDB|Consumer|Forest::LAMP152,HDD → Organic → EDB → Consumer → Forest → LAMP152,HDD,EDB,,Consumer,Forest,Forest,LAMP152,LAMP152,True,True,True,BUILDABLE,
HDD|Organic|EDB|Consumer|Forest::LAMP215,HDD → Organic → EDB → Consumer → Forest → LAMP215,HDD,EDB,,Consumer,Forest,Forest,LAMP215,LAMP215,True,True,True,BUILDABLE,
HDD|Organic|EDB|Consumer|Forest::LAMPRD80,HDD → Organic → EDB → Consumer → Forest → LAMPRD80,HDD,EDB,,Consumer,Forest,Forest,LAMPRD80,LAMPRD80,True,True,True,BUILDABLE,
HDD|Organic|EDB|Consumer|Forest::MEXP297,HDD → Organic → EDB → Consumer → Forest → MEXP297,HDD,EDB,,Consumer,Forest,Forest,MEXP297,MEXP297,True,True,True,BUILDABLE,
HDD|Organic|EDB|Consumer|Forest::MYSP306,HDD → Organic → EDB → Consumer → Forest → MYSP306,HDD,EDB,,Consumer,Forest,Forest,MYSP306,MYSP306,True,True,True,BUILDABLE,
HDD|Organic|EDB|Consumer|Forest::NAMP100,HDD → Organic → EDB → Consumer → Forest → NAMP100,HDD,EDB,,Consumer,Forest,Forest,NAMP100,NAMP100,True,True,True,BUILDABLE,
HDD|Organic|EDB|Consumer|Forest::NAMP101,HDD → Organic → EDB → Consumer → Forest → NAMP101,HDD,EDB,,Consumer,Forest,Forest,NAMP101,NAMP101,True,True,True,BUILDABLE,
HDD|Organic|EDB|Consumer|Forest::NAMP103,HDD → Organic → EDB → Consumer → Forest → NAMP103,HDD,EDB,,Consumer,Forest,Forest,NAMP103,NAMP103,True,True,True,BUILDABLE,
HDD|Organic|EDB|Consumer|Forest::NAMP104,HDD → Organic → EDB → Consumer → Forest → NAMP104,HDD,EDB,,Consumer,Forest,Forest,NAMP104,NAMP104,True,True,True,BUILDABLE,
HDD|Organic|EDB|Consumer|Forest::NAMP105,HDD → Organic → EDB → Consumer → Forest → NAMP105,HDD,EDB,,Consumer,Forest,Forest,NAMP105,NAMP105,True,True,True,BUILDABLE,
HDD|Organic|EDB|Consumer|Forest::NAMP106,HDD → Organic → EDB → Consumer → Forest → NAMP106,HDD,EDB,,Consumer,Forest,Forest,NAMP106,NAMP106,True,True,True,BUILDABLE,
HDD|Organic|EDB|Consumer|Forest::NAMP108,HDD → Organic → EDB → Consumer → Forest → NAMP108,HDD,EDB,,Consumer,Forest,Forest,NAMP108,NAMP108,True,True,True,BUILDABLE,
HDD|Organic|EDB|Consumer|Forest::NAMP109,HDD → Organic → EDB → Consumer → Forest → NAMP109,HDD,EDB,,Consumer,Forest,Forest,NAMP109,NAMP109,True,True,True,BUILDABLE,
HDD|Organic|EDB|Consumer|Forest::NAMP113,HDD → Organic → EDB → Consumer → Forest → NAMP113,HDD,EDB,,Consumer,Forest,Forest,NAMP113,NAMP113,True,True,True,BUILDABLE,
HDD|Organic|EDB|Consumer|Forest::NAMP114,HDD → Organic → EDB → Consumer → Forest → NAMP114,HDD,EDB,,Consumer,Forest,Forest,NAMP114,NAMP114,True,True,True,BUILDABLE,
HDD|Organic|EDB|Consumer|Forest::NAMP115,HDD → Organic → EDB → Consumer → Forest → NAMP115,HDD,EDB,,Consumer,Forest,Forest,NAMP115,NAMP115,True,True,True,BUILDABLE,
HDD|Organic|EDB|Consumer|Forest::NAMP116,HDD → Organic → EDB → Consumer → Forest → NAMP116,HDD,EDB,,Consumer,Forest,Forest,NAMP116,NAMP116,True,True,True,BUILDABLE,
HDD|Organic|EDB|Consumer|Forest::NAMP118,HDD → Organic → EDB → Consumer → Forest → NAMP118,HDD,EDB,,Consumer,Forest,Forest,NAMP118,NAMP118,True,True,True,BUILDABLE,
HDD|Organic|EDB|Consumer|Forest::NAMP125,HDD → Organic → EDB → Consumer → Forest → NAMP125,HDD,EDB,,Consumer,Forest,Forest,NAMP125,NAMP125,True,True,True,BUILDABLE,
HDD|Organic|EDB|Consumer|Forest::NAMP126,HDD → Organic → EDB → Consumer → Forest → NAMP126,HDD,EDB,,Consumer,Forest,Forest,NAMP126,NAMP126,True,True,True,BUILDABLE,
HDD|Organic|EDB|Consumer|Forest::NAMP128,HDD → Organic → EDB → Consumer → Forest → NAMP128,HDD,EDB,,Consumer,Forest,Forest,NAMP128,NAMP128,True,True,True,BUILDABLE,
HDD|Organic|EDB|Consumer|Forest::NAMP129,HDD → Organic → EDB → Consumer → Forest → NAMP129,HDD,EDB,,Consumer,Forest,Forest,NAMP129,NAMP129,True,True,True,BUILDABLE,
HDD|Organic|EDB|Consumer|Forest::NAMP130,HDD → Organic → EDB → Consumer → Forest → NAMP130,HDD,EDB,,Consumer,Forest,Forest,NAMP130,NAMP130,True,True,True,BUILDABLE,
HDD|Organic|EDB|Consumer|Forest::NAMP131,HDD → Organic → EDB → Consumer → Forest → NAMP131,HDD,EDB,,Consumer,Forest,Forest,NAMP131,NAMP131,True,True,True,BUILDABLE,
HDD|Organic|EDB|Consumer|Forest::NAMP132,HDD → Organic → EDB → Consumer → Forest → NAMP132,HDD,EDB,,Consumer,Forest,Forest,NAMP132,NAMP132,True,True,True,BUILDABLE,
HDD|Organic|EDB|Consumer|Forest::NAMP133,HDD → Organic → EDB → Consumer → Forest → NAMP133,HDD,EDB,,Consumer,Forest,Forest,NAMP133,NAMP133,True,True,True,BUILDABLE,
HDD|Organic|EDB|Consumer|Forest::NAMP134,HDD → Organic → EDB → Consumer → Forest → NAMP134,HDD,EDB,,Consumer,Forest,Forest,NAMP134,NAMP134,True,True,True,BUILDABLE,
HDD|Organic|EDB|Consumer|Forest::NAMP135,HDD → Organic → EDB → Consumer → Forest → NAMP135,HDD,EDB,,Consumer,Forest,Forest,NAMP135,NAMP135,True,True,True,BUILDABLE,
HDD|Organic|EDB|Consumer|Forest::NAMP136,HDD → Organic → EDB → Consumer → Forest → NAMP136,HDD,EDB,,Consumer,Forest,Forest,NAMP136,NAMP136,True,True,True,BUILDABLE,
HDD|Organic|EDB|Consumer|Forest::NAMP154,HDD → Organic → EDB → Consumer → Forest → NAMP154,HDD,EDB,,Consumer,Forest,Forest,NAMP154,NAMP154,True,True,True,BUILDABLE,
HDD|Organic|EDB|Consumer|Forest::NAMP157,HDD → Organic → EDB → Consumer → Forest → NAMP157,HDD,EDB,,Consumer,Forest,Forest,NAMP157,NAMP157,True,True,True,BUILDABLE,
HDD|Organic|EDB|Consumer|Forest::NAMP158,HDD → Organic → EDB → Consumer → Forest → NAMP158,HDD,EDB,,Consumer,Forest,Forest,NAMP158,NAMP158,True,True,True,BUILDABLE,
HDD|Organic|EDB|Consumer|Forest::NAMP159,HDD → Organic → EDB → Consumer → Forest → NAMP159,HDD,EDB,,Consumer,Forest,Forest,NAMP159,NAMP159,True,True,True,BUILDABLE,
HDD|Organic|EDB|Consumer|Forest::NAMP161,HDD → Organic → EDB → Consumer → Forest → NAMP161,HDD,EDB,,Consumer,Forest,Forest,NAMP161,NAMP161,True,True,True,BUILDABLE,
HDD|Organic|EDB|Consumer|Forest::NAMP162,HDD → Organic → EDB → Consumer → Forest → NAMP162,HDD,EDB,,Consumer,Forest,Forest,NAMP162,NAMP162,True,True,True,BUILDABLE,
HDD|Organic|EDB|Consumer|Forest::NAMP163,HDD → Organic → EDB → Consumer → Forest → NAMP163,HDD,EDB,,Consumer,Forest,Forest,NAMP163,NAMP163,True,True,True,BUILDABLE,
HDD|Organic|EDB|Consumer|Forest::NAMP164,HDD → Organic → EDB → Consumer → Forest → NAMP164,HDD,EDB,,Consumer,Forest,Forest,NAMP164,NAMP164,True,True,True,BUILDABLE,
HDD|Organic|EDB|Consumer|Forest::NAMP166,HDD → Organic → EDB → Consumer → Forest → NAMP166,HDD,EDB,,Consumer,Forest,Forest,NAMP166,NAMP166,True,True,True,BUILDABLE,
HDD|Organic|EDB|Consumer|Forest::NAMP167,HDD → Organic → EDB → Consumer → Forest → NAMP167,HDD,EDB,,Consumer,Forest,Forest,NAMP167,NAMP167,True,True,True,BUILDABLE,
HDD|Organic|EDB|Consumer|Forest::NAMP169,HDD → Organic → EDB → Consumer → Forest → NAMP169,HDD,EDB,,Consumer,Forest,Forest,NAMP169,NAMP169,True,True,True,BUILDABLE,
HDD|Organic|EDB|Consumer|Forest::NAMP170,HDD → Organic → EDB → Consumer → Forest → NAMP170,HDD,EDB,,Consumer,Forest,Forest,NAMP170,NAMP170,True,True,True,BUILDABLE,
HDD|Organic|EDB|Consumer|Forest::NAMP171,HDD → Organic → EDB → Consumer → Forest → NAMP171,HDD,EDB,,Consumer,Forest,Forest,NAMP171,NAMP171,True,True,True,BUILDABLE,
HDD|Organic|EDB|Consumer|Forest::NAMP172,HDD → Organic → EDB → Consumer → Forest → NAMP172,HDD,EDB,,Consumer,Forest,Forest,NAMP172,NAMP172,True,True,True,BUILDABLE,
HDD|Organic|EDB|Consumer|Forest::NAMP173,HDD → Organic → EDB → Consumer → Forest → NAMP173,HDD,EDB,,Consumer,Forest,Forest,NAMP173,NAMP173,True,True,True,BUILDABLE,
HDD|Organic|EDB|Consumer|Forest::NAMP197,HDD → Organic → EDB → Consumer → Forest → NAMP197,HDD,EDB,,Consumer,Forest,Forest,NAMP197,NAMP197,True,True,True,BUILDABLE,
HDD|Organic|EDB|Consumer|Forest::NAMP220,HDD → Organic → EDB → Consumer → Forest → NAMP220,HDD,EDB,,Consumer,Forest,Forest,NAMP220,NAMP220,True,True,True,BUILDABLE,
HDD|Organic|EDB|Consumer|Forest::NAMP221,HDD → Organic → EDB → Consumer → Forest → NAMP221,HDD,EDB,,Consumer,Forest,Forest,NAMP221,NAMP221,True,True,True,BUILDABLE,
HDD|Organic|EDB|Consumer|Forest::NAMP222,HDD → Organic → EDB → Consumer → Forest → NAMP222,HDD,EDB,,Consumer,Forest,Forest,NAMP222,NAMP222,True,True,True,BUILDABLE,
HDD|Organic|EDB|Consumer|Forest::NAMP223,HDD → Organic → EDB → Consumer → Forest → NAMP223,HDD,EDB,,Consumer,Forest,Forest,NAMP223,NAMP223,True,True,True,BUILDABLE,
HDD|Organic|EDB|Consumer|Forest::NAMP283,HDD → Organic → EDB → Consumer → Forest → NAMP283,HDD,EDB,,Consumer,Forest,Forest,NAMP283,NAMP283,True,True,True,BUILDABLE,
HDD|Organic|EDB|Consumer|Forest::NAMPRD00,HDD → Organic → EDB → Consumer → Forest → NAMPRD00,HDD,EDB,,Consumer,Forest,Forest,NAMPRD00,NAMPRD00,True,True,True,BUILDABLE,
HDD|Organic|EDB|Consumer|Forest::NAMPRD01,HDD → Organic → EDB → Consumer → Forest → NAMPRD01,HDD,EDB,,Consumer,Forest,Forest,NAMPRD01,NAMPRD01,True,True,True,BUILDABLE,
HDD|Organic|EDB|Consumer|Forest::NAMPRD02,HDD → Organic → EDB → Consumer → Forest → NAMPRD02,HDD,EDB,,Consumer,Forest,Forest,NAMPRD02,NAMPRD02,True,True,True,BUILDABLE,
HDD|Organic|EDB|Consumer|Forest::NAMPRD03,HDD → Organic → EDB → Consumer → Forest → NAMPRD03,HDD,EDB,,Consumer,Forest,Forest,NAMPRD03,NAMPRD03,True,True,True,BUILDABLE,
HDD|Organic|EDB|Consumer|Forest::NAMPRD04,HDD → Organic → EDB → Consumer → Forest → NAMPRD04,HDD,EDB,,Consumer,Forest,Forest,NAMPRD04,NAMPRD04,True,True,True,BUILDABLE,
HDD|Organic|EDB|Consumer|Forest::NAMPRD05,HDD → Organic → EDB → Consumer → Forest → NAMPRD05,HDD,EDB,,Consumer,Forest,Forest,NAMPRD05,NAMPRD05,True,True,True,BUILDABLE,
HDD|Organic|EDB|Consumer|Forest::NAMPRD06,HDD → Organic → EDB → Consumer → Forest → NAMPRD06,HDD,EDB,,Consumer,Forest,Forest,NAMPRD06,NAMPRD06,True,True,True,BUILDABLE,
HDD|Organic|EDB|Consumer|Forest::NAMPRD07,HDD → Organic → EDB → Consumer → Forest → NAMPRD07,HDD,EDB,,Consumer,Forest,Forest,NAMPRD07,NAMPRD07,True,True,True,BUILDABLE,
HDD|Organic|EDB|Consumer|Forest::NAMPRD08,HDD → Organic → EDB → Consumer → Forest → NAMPRD08,HDD,EDB,,Consumer,Forest,Forest,NAMPRD08,NAMPRD08,True,True,True,BUILDABLE,
HDD|Organic|EDB|Consumer|Forest::NAMPRD09,HDD → Organic → EDB → Consumer → Forest → NAMPRD09,HDD,EDB,,Consumer,Forest,Forest,NAMPRD09,NAMPRD09,True,True,True,BUILDABLE,
HDD|Organic|EDB|Consumer|Forest::NAMPRD10,HDD → Organic → EDB → Consumer → Forest → NAMPRD10,HDD,EDB,,Consumer,Forest,Forest,NAMPRD10,NAMPRD10,True,True,True,BUILDABLE,
HDD|Organic|EDB|Consumer|Forest::NAMPRD11,HDD → Organic → EDB → Consumer → Forest → NAMPRD11,HDD,EDB,,Consumer,Forest,Forest,NAMPRD11,NAMPRD11,True,True,True,BUILDABLE,
HDD|Organic|EDB|Consumer|Forest::NAMPRD12,HDD → Organic → EDB → Consumer → Forest → NAMPRD12,HDD,EDB,,Consumer,Forest,Forest,NAMPRD12,NAMPRD12,True,True,True,BUILDABLE,
HDD|Organic|EDB|Consumer|Forest::NAMPRD13,HDD → Organic → EDB → Consumer → Forest → NAMPRD13,HDD,EDB,,Consumer,Forest,Forest,NAMPRD13,NAMPRD13,True,True,True,BUILDABLE,
HDD|Organic|EDB|Consumer|Forest::NAMPRD14,HDD → Organic → EDB → Consumer → Forest → NAMPRD14,HDD,EDB,,Consumer,Forest,Forest,NAMPRD14,NAMPRD14,True,True,True,BUILDABLE,
HDD|Organic|EDB|Consumer|Forest::NAMPRD15,HDD → Organic → EDB → Consumer → Forest → NAMPRD15,HDD,EDB,,Consumer,Forest,Forest,NAMPRD15,NAMPRD15,True,True,True,BUILDABLE,
HDD|Organic|EDB|Consumer|Forest::NAMPRD16,HDD → Organic → EDB → Consumer → Forest → NAMPRD16,HDD,EDB,,Consumer,Forest,Forest,NAMPRD16,NAMPRD16,True,True,True,BUILDABLE,
HDD|Organic|EDB|Consumer|Forest::NAMPRD17,HDD → Organic → EDB → Consumer → Forest → NAMPRD17,HDD,EDB,,Consumer,Forest,Forest,NAMPRD17,NAMPRD17,True,True,True,BUILDABLE,
HDD|Organic|EDB|Consumer|Forest::NAMPRD18,HDD → Organic → EDB → Consumer → Forest → NAMPRD18,HDD,EDB,,Consumer,Forest,Forest,NAMPRD18,NAMPRD18,True,True,True,BUILDABLE,
HDD|Organic|EDB|Consumer|Forest::NAMPRD19,HDD → Organic → EDB → Consumer → Forest → NAMPRD19,HDD,EDB,,Consumer,Forest,Forest,NAMPRD19,NAMPRD19,True,True,True,BUILDABLE,
HDD|Organic|EDB|Consumer|Forest::NAMPRD20,HDD → Organic → EDB → Consumer → Forest → NAMPRD20,HDD,EDB,,Consumer,Forest,Forest,NAMPRD20,NAMPRD20,True,True,True,BUILDABLE,
HDD|Organic|EDB|Consumer|Forest::NAMPRD21,HDD → Organic → EDB → Consumer → Forest → NAMPRD21,HDD,EDB,,Consumer,Forest,Forest,NAMPRD21,NAMPRD21,True,True,True,BUILDABLE,
HDD|Organic|EDB|Consumer|Forest::NAMPRD22,HDD → Organic → EDB → Consumer → Forest → NAMPRD22,HDD,EDB,,Consumer,Forest,Forest,NAMPRD22,NAMPRD22,True,True,True,BUILDABLE,
HDD|Organic|EDB|Consumer|Forest::NAMPRD84,HDD → Organic → EDB → Consumer → Forest → NAMPRD84,HDD,EDB,,Consumer,Forest,Forest,NAMPRD84,NAMPRD84,True,True,True,BUILDABLE,
HDD|Organic|EDB|Consumer|Forest::NAMPRD85,HDD → Organic → EDB → Consumer → Forest → NAMPRD85,HDD,EDB,,Consumer,Forest,Forest,NAMPRD85,NAMPRD85,True,True,True,BUILDABLE,
HDD|Organic|EDB|Consumer|Forest::NORP279,HDD → Organic → EDB → Consumer → Forest → NORP279,HDD,EDB,,Consumer,Forest,Forest,NORP279,NORP279,True,True,True,BUILDABLE,
HDD|Organic|EDB|Consumer|Forest::NZLP299,HDD → Organic → EDB → Consumer → Forest → NZLP299,HDD,EDB,,Consumer,Forest,Forest,NZLP299,NZLP299,True,True,True,BUILDABLE,
HDD|Organic|EDB|Consumer|Forest::POLP291,HDD → Organic → EDB → Consumer → Forest → POLP291,HDD,EDB,,Consumer,Forest,Forest,POLP291,POLP291,True,True,True,BUILDABLE,
HDD|Organic|EDB|Consumer|Forest::QATP289,HDD → Organic → EDB → Consumer → Forest → QATP289,HDD,EDB,,Consumer,Forest,Forest,QATP289,QATP289,True,True,True,BUILDABLE,
HDD|Organic|EDB|Consumer|Forest::SGPP274,HDD → Organic → EDB → Consumer → Forest → SGPP274,HDD,EDB,,Consumer,Forest,Forest,SGPP274,SGPP274,True,True,True,BUILDABLE,
HDD|Organic|EDB|Consumer|Forest::SWEP280,HDD → Organic → EDB → Consumer → Forest → SWEP280,HDD,EDB,,Consumer,Forest,Forest,SWEP280,SWEP280,True,True,True,BUILDABLE,
HDD|Organic|EDB|Consumer|Forest::TWNP295,HDD → Organic → EDB → Consumer → Forest → TWNP295,HDD,EDB,,Consumer,Forest,Forest,TWNP295,TWNP295,True,True,True,BUILDABLE,
HDD|Organic|EDB|Consumer|Forest::ZAFP275,HDD → Organic → EDB → Consumer → Forest → ZAFP275,HDD,EDB,,Consumer,Forest,Forest,ZAFP275,ZAFP275,True,True,True,BUILDABLE,
HDD|Organic|EDB|Consumer|Region::APC-Dedicated,HDD → Organic → EDB → Consumer → Region → APC-Dedicated,HDD,EDB,,Consumer,Region,Region,APC-Dedicated,APC-DEDICATED,True,True,True,BUILDABLE,
HDD|Organic|EDB|Consumer|Region::APC-MSIT,HDD → Organic → EDB → Consumer → Region → APC-MSIT,HDD,EDB,,Consumer,Region,Region,APC-MSIT,APC-MSIT,True,True,True,BUILDABLE,
HDD|Organic|EDB|Consumer|Region::APC-Multitenant,HDD → Organic → EDB → Consumer → Region → APC-Multitenant,HDD,EDB,,Consumer,Region,Region,APC-Multitenant,APC-MULTITENANT,True,True,True,BUILDABLE,
HDD|Organic|EDB|Consumer|Region::ARE-Go Local,HDD → Organic → EDB → Consumer → Region → ARE-Go Local,HDD,EDB,,Consumer,Region,Region,ARE-Go Local,ARE-GO LOCAL,True,True,True,BUILDABLE,
HDD|Organic|EDB|Consumer|Region::AUS-Go Local,HDD → Organic → EDB → Consumer → Region → AUS-Go Local,HDD,EDB,,Consumer,Region,Region,AUS-Go Local,AUS-GO LOCAL,True,True,True,BUILDABLE,
HDD|Organic|EDB|Consumer|Region::AUT-Go Local,HDD → Organic → EDB → Consumer → Region → AUT-Go Local,HDD,EDB,,Consumer,Region,Region,AUT-Go Local,AUT-GO LOCAL,True,True,True,BUILDABLE,
HDD|Organic|EDB|Consumer|Region::BRA-Go Local,HDD → Organic → EDB → Consumer → Region → BRA-Go Local,HDD,EDB,,Consumer,Region,Region,BRA-Go Local,BRA-GO LOCAL,True,True,True,BUILDABLE,
HDD|Organic|EDB|Consumer|Region::CAN-Go Local,HDD → Organic → EDB → Consumer → Region → CAN-Go Local,HDD,EDB,,Consumer,Region,Region,CAN-Go Local,CAN-GO LOCAL,True,True,True,BUILDABLE,
HDD|Organic|EDB|Consumer|Region::CHE-Go Local,HDD → Organic → EDB → Consumer → Region → CHE-Go Local,HDD,EDB,,Consumer,Region,Region,CHE-Go Local,CHE-GO LOCAL,True,True,True,BUILDABLE,
HDD|Organic|EDB|Consumer|Region::CHL-Go Local,HDD → Organic → EDB → Consumer → Region → CHL-Go Local,HDD,EDB,,Consumer,Region,Region,CHL-Go Local,CHL-GO LOCAL,True,True,True,BUILDABLE,
HDD|Organic|EDB|Consumer|Region::DEU-Go Local,HDD → Organic → EDB → Consumer → Region → DEU-Go Local,HDD,EDB,,Consumer,Region,Region,DEU-Go Local,DEU-GO LOCAL,True,True,True,BUILDABLE,
HDD|Organic|EDB|Consumer|Region::DNK-Go Local,HDD → Organic → EDB → Consumer → Region → DNK-Go Local,HDD,EDB,,Consumer,Region,Region,DNK-Go Local,DNK-GO LOCAL,True,True,True,BUILDABLE,
HDD|Organic|EDB|Consumer|Region::ESP-Go Local,HDD → Organic → EDB → Consumer → Region → ESP-Go Local,HDD,EDB,,Consumer,Region,Region,ESP-Go Local,ESP-GO LOCAL,True,True,True,BUILDABLE,
HDD|Organic|EDB|Consumer|Region::EUR-Dedicated,HDD → Organic → EDB → Consumer → Region → EUR-Dedicated,HDD,EDB,,Consumer,Region,Region,EUR-Dedicated,EUR-DEDICATED,True,True,True,BUILDABLE,
HDD|Organic|EDB|Consumer|Region::EUR-Go Local,HDD → Organic → EDB → Consumer → Region → EUR-Go Local,HDD,EDB,,Consumer,Region,Region,EUR-Go Local,EUR-GO LOCAL,True,True,True,BUILDABLE,
HDD|Organic|EDB|Consumer|Region::EUR-MSIT,HDD → Organic → EDB → Consumer → Region → EUR-MSIT,HDD,EDB,,Consumer,Region,Region,EUR-MSIT,EUR-MSIT,True,True,True,BUILDABLE,
HDD|Organic|EDB|Consumer|Region::EUR-Multitenant,HDD → Organic → EDB → Consumer → Region → EUR-Multitenant,HDD,EDB,,Consumer,Region,Region,EUR-Multitenant,EUR-MULTITENANT,True,True,True,BUILDABLE,
HDD|Organic|EDB|Consumer|Region::FRA-Go Local,HDD → Organic → EDB → Consumer → Region → FRA-Go Local,HDD,EDB,,Consumer,Region,Region,FRA-Go Local,FRA-GO LOCAL,True,True,True,BUILDABLE,
HDD|Organic|EDB|Consumer|Region::GBR-Dedicated,HDD → Organic → EDB → Consumer → Region → GBR-Dedicated,HDD,EDB,,Consumer,Region,Region,GBR-Dedicated,GBR-DEDICATED,True,True,True,BUILDABLE,
HDD|Organic|EDB|Consumer|Region::GBR-Go Local,HDD → Organic → EDB → Consumer → Region → GBR-Go Local,HDD,EDB,,Consumer,Region,Region,GBR-Go Local,GBR-GO LOCAL,True,True,True,BUILDABLE,
HDD|Organic|EDB|Consumer|Region::IDN-Go Local,HDD → Organic → EDB → Consumer → Region → IDN-Go Local,HDD,EDB,,Consumer,Region,Region,IDN-Go Local,IDN-GO LOCAL,True,True,True,BUILDABLE,
HDD|Organic|EDB|Consumer|Region::IND-Go Local,HDD → Organic → EDB → Consumer → Region → IND-Go Local,HDD,EDB,,Consumer,Region,Region,IND-Go Local,IND-GO LOCAL,True,True,True,BUILDABLE,
HDD|Organic|EDB|Consumer|Region::ISR-Go Local,HDD → Organic → EDB → Consumer → Region → ISR-Go Local,HDD,EDB,,Consumer,Region,Region,ISR-Go Local,ISR-GO LOCAL,True,True,True,BUILDABLE,
HDD|Organic|EDB|Consumer|Region::ITA-Go Local,HDD → Organic → EDB → Consumer → Region → ITA-Go Local,HDD,EDB,,Consumer,Region,Region,ITA-Go Local,ITA-GO LOCAL,True,True,True,BUILDABLE,
HDD|Organic|EDB|Consumer|Region::JPN-Go Local,HDD → Organic → EDB → Consumer → Region → JPN-Go Local,HDD,EDB,,Consumer,Region,Region,JPN-Go Local,JPN-GO LOCAL,True,True,True,BUILDABLE,
HDD|Organic|EDB|Consumer|Region::KOR-Go Local,HDD → Organic → EDB → Consumer → Region → KOR-Go Local,HDD,EDB,,Consumer,Region,Region,KOR-Go Local,KOR-GO LOCAL,True,True,True,BUILDABLE,
HDD|Organic|EDB|Consumer|Region::LAM-Multitenant,HDD → Organic → EDB → Consumer → Region → LAM-Multitenant,HDD,EDB,,Consumer,Region,Region,LAM-Multitenant,LAM-MULTITENANT,True,True,True,BUILDABLE,
HDD|Organic|EDB|Consumer|Region::MEX-Go Local,HDD → Organic → EDB → Consumer → Region → MEX-Go Local,HDD,EDB,,Consumer,Region,Region,MEX-Go Local,MEX-GO LOCAL,True,True,True,BUILDABLE,
HDD|Organic|EDB|Consumer|Region::MYS-Go Local,HDD → Organic → EDB → Consumer → Region → MYS-Go Local,HDD,EDB,,Consumer,Region,Region,MYS-Go Local,MYS-GO LOCAL,True,True,True,BUILDABLE,
HDD|Organic|EDB|Consumer|Region::NAM-Dedicated,HDD → Organic → EDB → Consumer → Region → NAM-Dedicated,HDD,EDB,,Consumer,Region,Region,NAM-Dedicated,NAM-DEDICATED,True,True,True,BUILDABLE,
HDD|Organic|EDB|Consumer|Region::NAM-GCC Low,HDD → Organic → EDB → Consumer → Region → NAM-GCC Low,HDD,EDB,,Consumer,Region,Region,NAM-GCC Low,NAM-GCC LOW,True,True,True,BUILDABLE,
HDD|Organic|EDB|Consumer|Region::NAM-ITAR DoD,HDD → Organic → EDB → Consumer → Region → NAM-ITAR DoD,HDD,EDB,,Consumer,Region,Region,NAM-ITAR DoD,NAM-ITAR DOD,True,True,True,BUILDABLE,
HDD|Organic|EDB|Consumer|Region::NAM-ITAR GCCH,HDD → Organic → EDB → Consumer → Region → NAM-ITAR GCCH,HDD,EDB,,Consumer,Region,Region,NAM-ITAR GCCH,NAM-ITAR GCCH,True,True,True,BUILDABLE,
HDD|Organic|EDB|Consumer|Region::NAM-MSIT,HDD → Organic → EDB → Consumer → Region → NAM-MSIT,HDD,EDB,,Consumer,Region,Region,NAM-MSIT,NAM-MSIT,True,True,True,BUILDABLE,
HDD|Organic|EDB|Consumer|Region::NAM-Multitenant,HDD → Organic → EDB → Consumer → Region → NAM-Multitenant,HDD,EDB,,Consumer,Region,Region,NAM-Multitenant,NAM-MULTITENANT,True,True,True,BUILDABLE,
HDD|Organic|EDB|Consumer|Region::NAM-SDF,HDD → Organic → EDB → Consumer → Region → NAM-SDF,HDD,EDB,,Consumer,Region,Region,NAM-SDF,NAM-SDF,True,True,True,BUILDABLE,
HDD|Organic|EDB|Consumer|Region::NAM-TDF,HDD → Organic → EDB → Consumer → Region → NAM-TDF,HDD,EDB,,Consumer,Region,Region,NAM-TDF,NAM-TDF,True,True,True,BUILDABLE,
HDD|Organic|EDB|Consumer|Region::NOR-Go Local,HDD → Organic → EDB → Consumer → Region → NOR-Go Local,HDD,EDB,,Consumer,Region,Region,NOR-Go Local,NOR-GO LOCAL,True,True,True,BUILDABLE,
HDD|Organic|EDB|Consumer|Region::NZL-Go Local,HDD → Organic → EDB → Consumer → Region → NZL-Go Local,HDD,EDB,,Consumer,Region,Region,NZL-Go Local,NZL-GO LOCAL,True,True,True,BUILDABLE,
HDD|Organic|EDB|Consumer|Region::POL-Go Local,HDD → Organic → EDB → Consumer → Region → POL-Go Local,HDD,EDB,,Consumer,Region,Region,POL-Go Local,POL-GO LOCAL,True,True,True,BUILDABLE,
HDD|Organic|EDB|Consumer|Region::QAT-Go Local,HDD → Organic → EDB → Consumer → Region → QAT-Go Local,HDD,EDB,,Consumer,Region,Region,QAT-Go Local,QAT-GO LOCAL,True,True,True,BUILDABLE,
HDD|Organic|EDB|Consumer|Region::SGP-Go Local,HDD → Organic → EDB → Consumer → Region → SGP-Go Local,HDD,EDB,,Consumer,Region,Region,SGP-Go Local,SGP-GO LOCAL,True,True,True,BUILDABLE,
HDD|Organic|EDB|Consumer|Region::SWE-Go Local,HDD → Organic → EDB → Consumer → Region → SWE-Go Local,HDD,EDB,,Consumer,Region,Region,SWE-Go Local,SWE-GO LOCAL,True,True,True,BUILDABLE,
HDD|Organic|EDB|Consumer|Region::TWN-Go Local,HDD → Organic → EDB → Consumer → Region → TWN-Go Local,HDD,EDB,,Consumer,Region,Region,TWN-Go Local,TWN-GO LOCAL,True,True,True,BUILDABLE,
HDD|Organic|EDB|Consumer|Region::ZAF-Go Local,HDD → Organic → EDB → Consumer → Region → ZAF-Go Local,HDD,EDB,,Consumer,Region,Region,ZAF-Go Local,ZAF-GO LOCAL,True,True,True,BUILDABLE,
HDD|Organic|EDB|Enterprise|Forest::APCP150,HDD → Organic → EDB → Enterprise → Forest → APCP150,HDD,EDB,,Enterprise,Forest,Forest,APCP150,APCP150,True,True,True,BUILDABLE,
HDD|Organic|EDB|Enterprise|Forest::APCP153,HDD → Organic → EDB → Enterprise → Forest → APCP153,HDD,EDB,,Enterprise,Forest,Forest,APCP153,APCP153,True,True,True,BUILDABLE,
HDD|Organic|EDB|Enterprise|Forest::APCPRD01,HDD → Organic → EDB → Enterprise → Forest → APCPRD01,HDD,EDB,,Enterprise,Forest,Forest,APCPRD01,APCPRD01,True,True,True,BUILDABLE,
HDD|Organic|EDB|Enterprise|Forest::APCPRD02,HDD → Organic → EDB → Enterprise → Forest → APCPRD02,HDD,EDB,,Enterprise,Forest,Forest,APCPRD02,APCPRD02,True,True,True,BUILDABLE,
HDD|Organic|EDB|Enterprise|Forest::APCPRD03,HDD → Organic → EDB → Enterprise → Forest → APCPRD03,HDD,EDB,,Enterprise,Forest,Forest,APCPRD03,APCPRD03,True,True,True,BUILDABLE,
HDD|Organic|EDB|Enterprise|Forest::APCPRD04,HDD → Organic → EDB → Enterprise → Forest → APCPRD04,HDD,EDB,,Enterprise,Forest,Forest,APCPRD04,APCPRD04,True,True,True,BUILDABLE,
HDD|Organic|EDB|Enterprise|Forest::APCPRD06,HDD → Organic → EDB → Enterprise → Forest → APCPRD06,HDD,EDB,,Enterprise,Forest,Forest,APCPRD06,APCPRD06,True,True,True,BUILDABLE,
HDD|Organic|EDB|Enterprise|Forest::AREP273,HDD → Organic → EDB → Enterprise → Forest → AREP273,HDD,EDB,,Enterprise,Forest,Forest,AREP273,AREP273,True,True,True,BUILDABLE,
HDD|Organic|EDB|Enterprise|Forest::AUSP282,HDD → Organic → EDB → Enterprise → Forest → AUSP282,HDD,EDB,,Enterprise,Forest,Forest,AUSP282,AUSP282,True,True,True,BUILDABLE,
HDD|Organic|EDB|Enterprise|Forest::AUSP300,HDD → Organic → EDB → Enterprise → Forest → AUSP300,HDD,EDB,,Enterprise,Forest,Forest,AUSP300,AUSP300,True,True,True,BUILDABLE,
HDD|Organic|EDB|Enterprise|Forest::AUSPRD01,HDD → Organic → EDB → Enterprise → Forest → AUSPRD01,HDD,EDB,,Enterprise,Forest,Forest,AUSPRD01,AUSPRD01,True,True,True,BUILDABLE,
HDD|Organic|EDB|Enterprise|Forest::AUTP296,HDD → Organic → EDB → Enterprise → Forest → AUTP296,HDD,EDB,,Enterprise,Forest,Forest,AUTP296,AUTP296,True,True,True,BUILDABLE,
HDD|Organic|EDB|Enterprise|Forest::BRAP284,HDD → Organic → EDB → Enterprise → Forest → BRAP284,HDD,EDB,,Enterprise,Forest,Forest,BRAP284,BRAP284,True,True,True,BUILDABLE,
HDD|Organic|EDB|Enterprise|Forest::CANP288,HDD → Organic → EDB → Enterprise → Forest → CANP288,HDD,EDB,,Enterprise,Forest,Forest,CANP288,CANP288,True,True,True,BUILDABLE,
HDD|Organic|EDB|Enterprise|Forest::CANPRD01,HDD → Organic → EDB → Enterprise → Forest → CANPRD01,HDD,EDB,,Enterprise,Forest,Forest,CANPRD01,CANPRD01,True,True,True,BUILDABLE,
HDD|Organic|EDB|Enterprise|Forest::CHEP278,HDD → Organic → EDB → Enterprise → Forest → CHEP278,HDD,EDB,,Enterprise,Forest,Forest,CHEP278,CHEP278,True,True,True,BUILDABLE,
HDD|Organic|EDB|Enterprise|Forest::CHLP298,HDD → Organic → EDB → Enterprise → Forest → CHLP298,HDD,EDB,,Enterprise,Forest,Forest,CHLP298,CHLP298,True,True,True,BUILDABLE,
HDD|Organic|EDB|Enterprise|Forest::CHNPR01,HDD → Organic → EDB → Enterprise → Forest → CHNPR01,HDD,EDB,,Enterprise,Forest,Forest,CHNPR01,CHNPR01,True,True,True,BUILDABLE,
HDD|Organic|EDB|Enterprise|Forest::DEUP281,HDD → Organic → EDB → Enterprise → Forest → DEUP281,HDD,EDB,,Enterprise,Forest,Forest,DEUP281,DEUP281,True,True,True,BUILDABLE,
HDD|Organic|EDB|Enterprise|Forest::DNKP307,HDD → Organic → EDB → Enterprise → Forest → DNKP307,HDD,EDB,,Enterprise,Forest,Forest,DNKP307,DNKP307,True,True,True,BUILDABLE,
HDD|Organic|EDB|Enterprise|Forest::ESPP292,HDD → Organic → EDB → Enterprise → Forest → ESPP292,HDD,EDB,,Enterprise,Forest,Forest,ESPP292,ESPP292,True,True,True,BUILDABLE,
HDD|Organic|EDB|Enterprise|Forest::EURP107,HDD → Organic → EDB → Enterprise → Forest → EURP107,HDD,EDB,,Enterprise,Forest,Forest,EURP107,EURP107,True,True,True,BUILDABLE,
HDD|Organic|EDB|Enterprise|Forest::EURP119,HDD → Organic → EDB → Enterprise → Forest → EURP119,HDD,EDB,,Enterprise,Forest,Forest,EURP119,EURP119,True,True,True,BUILDABLE,
HDD|Organic|EDB|Enterprise|Forest::EURP120,HDD → Organic → EDB → Enterprise → Forest → EURP120,HDD,EDB,,Enterprise,Forest,Forest,EURP120,EURP120,True,True,True,BUILDABLE,
HDD|Organic|EDB|Enterprise|Forest::EURP121,HDD → Organic → EDB → Enterprise → Forest → EURP121,HDD,EDB,,Enterprise,Forest,Forest,EURP121,EURP121,True,True,True,BUILDABLE,
HDD|Organic|EDB|Enterprise|Forest::EURP122,HDD → Organic → EDB → Enterprise → Forest → EURP122,HDD,EDB,,Enterprise,Forest,Forest,EURP122,EURP122,True,True,True,BUILDABLE,
HDD|Organic|EDB|Enterprise|Forest::EURP137,HDD → Organic → EDB → Enterprise → Forest → EURP137,HDD,EDB,,Enterprise,Forest,Forest,EURP137,EURP137,True,True,True,BUILDABLE,
HDD|Organic|EDB|Enterprise|Forest::EURP138,HDD → Organic → EDB → Enterprise → Forest → EURP138,HDD,EDB,,Enterprise,Forest,Forest,EURP138,EURP138,True,True,True,BUILDABLE,
HDD|Organic|EDB|Enterprise|Forest::EURP175,HDD → Organic → EDB → Enterprise → Forest → EURP175,HDD,EDB,,Enterprise,Forest,Forest,EURP175,EURP175,True,True,True,BUILDABLE,
HDD|Organic|EDB|Enterprise|Forest::EURP176,HDD → Organic → EDB → Enterprise → Forest → EURP176,HDD,EDB,,Enterprise,Forest,Forest,EURP176,EURP176,True,True,True,BUILDABLE,
HDD|Organic|EDB|Enterprise|Forest::EURP177,HDD → Organic → EDB → Enterprise → Forest → EURP177,HDD,EDB,,Enterprise,Forest,Forest,EURP177,EURP177,True,True,True,BUILDABLE,
HDD|Organic|EDB|Enterprise|Forest::EURP178,HDD → Organic → EDB → Enterprise → Forest → EURP178,HDD,EDB,,Enterprise,Forest,Forest,EURP178,EURP178,True,True,True,BUILDABLE,
HDD|Organic|EDB|Enterprise|Forest::EURP179,HDD → Organic → EDB → Enterprise → Forest → EURP179,HDD,EDB,,Enterprise,Forest,Forest,EURP179,EURP179,True,True,True,BUILDABLE,
HDD|Organic|EDB|Enterprise|Forest::EURP180,HDD → Organic → EDB → Enterprise → Forest → EURP180,HDD,EDB,,Enterprise,Forest,Forest,EURP180,EURP180,True,True,True,BUILDABLE,
HDD|Organic|EDB|Enterprise|Forest::EURP189,HDD → Organic → EDB → Enterprise → Forest → EURP189,HDD,EDB,,Enterprise,Forest,Forest,EURP189,EURP189,True,True,True,BUILDABLE,
HDD|Organic|EDB|Enterprise|Forest::EURP190,HDD → Organic → EDB → Enterprise → Forest → EURP190,HDD,EDB,,Enterprise,Forest,Forest,EURP190,EURP190,True,True,True,BUILDABLE,
HDD|Organic|EDB|Enterprise|Forest::EURP191,HDD → Organic → EDB → Enterprise → Forest → EURP191,HDD,EDB,,Enterprise,Forest,Forest,EURP191,EURP191,True,True,True,BUILDABLE,
HDD|Organic|EDB|Enterprise|Forest::EURP192,HDD → Organic → EDB → Enterprise → Forest → EURP192,HDD,EDB,,Enterprise,Forest,Forest,EURP192,EURP192,True,True,True,BUILDABLE,
HDD|Organic|EDB|Enterprise|Forest::EURP193,HDD → Organic → EDB → Enterprise → Forest → EURP193,HDD,EDB,,Enterprise,Forest,Forest,EURP193,EURP193,True,True,True,BUILDABLE,
HDD|Organic|EDB|Enterprise|Forest::EURP194,HDD → Organic → EDB → Enterprise → Forest → EURP194,HDD,EDB,,Enterprise,Forest,Forest,EURP194,EURP194,True,True,True,BUILDABLE,
HDD|Organic|EDB|Enterprise|Forest::EURP195,HDD → Organic → EDB → Enterprise → Forest → EURP195,HDD,EDB,,Enterprise,Forest,Forest,EURP195,EURP195,True,True,True,BUILDABLE,
HDD|Organic|EDB|Enterprise|Forest::EURP250,HDD → Organic → EDB → Enterprise → Forest → EURP250,HDD,EDB,,Enterprise,Forest,Forest,EURP250,EURP250,True,True,True,BUILDABLE,
HDD|Organic|EDB|Enterprise|Forest::EURP251,HDD → Organic → EDB → Enterprise → Forest → EURP251,HDD,EDB,,Enterprise,Forest,Forest,EURP251,EURP251,True,True,True,BUILDABLE,
HDD|Organic|EDB|Enterprise|Forest::EURP309,HDD → Organic → EDB → Enterprise → Forest → EURP309,HDD,EDB,,Enterprise,Forest,Forest,EURP309,EURP309,True,True,True,BUILDABLE,
HDD|Organic|EDB|Enterprise|Forest::EURPRD01,HDD → Organic → EDB → Enterprise → Forest → EURPRD01,HDD,EDB,,Enterprise,Forest,Forest,EURPRD01,EURPRD01,True,True,True,BUILDABLE,
HDD|Organic|EDB|Enterprise|Forest::EURPRD02,HDD → Organic → EDB → Enterprise → Forest → EURPRD02,HDD,EDB,,Enterprise,Forest,Forest,EURPRD02,EURPRD02,True,True,True,BUILDABLE,
HDD|Organic|EDB|Enterprise|Forest::EURPRD03,HDD → Organic → EDB → Enterprise → Forest → EURPRD03,HDD,EDB,,Enterprise,Forest,Forest,EURPRD03,EURPRD03,True,True,True,BUILDABLE,
HDD|Organic|EDB|Enterprise|Forest::EURPRD04,HDD → Organic → EDB → Enterprise → Forest → EURPRD04,HDD,EDB,,Enterprise,Forest,Forest,EURPRD04,EURPRD04,True,True,True,BUILDABLE,
HDD|Organic|EDB|Enterprise|Forest::EURPRD05,HDD → Organic → EDB → Enterprise → Forest → EURPRD05,HDD,EDB,,Enterprise,Forest,Forest,EURPRD05,EURPRD05,True,True,True,BUILDABLE,
HDD|Organic|EDB|Enterprise|Forest::EURPRD06,HDD → Organic → EDB → Enterprise → Forest → EURPRD06,HDD,EDB,,Enterprise,Forest,Forest,EURPRD06,EURPRD06,True,True,True,BUILDABLE,
HDD|Organic|EDB|Enterprise|Forest::EURPRD07,HDD → Organic → EDB → Enterprise → Forest → EURPRD07,HDD,EDB,,Enterprise,Forest,Forest,EURPRD07,EURPRD07,True,True,True,BUILDABLE,
HDD|Organic|EDB|Enterprise|Forest::EURPRD08,HDD → Organic → EDB → Enterprise → Forest → EURPRD08,HDD,EDB,,Enterprise,Forest,Forest,EURPRD08,EURPRD08,True,True,True,BUILDABLE,
HDD|Organic|EDB|Enterprise|Forest::EURPRD09,HDD → Organic → EDB → Enterprise → Forest → EURPRD09,HDD,EDB,,Enterprise,Forest,Forest,EURPRD09,EURPRD09,True,True,True,BUILDABLE,
HDD|Organic|EDB|Enterprise|Forest::EURPRD10,HDD → Organic → EDB → Enterprise → Forest → EURPRD10,HDD,EDB,,Enterprise,Forest,Forest,EURPRD10,EURPRD10,True,True,True,BUILDABLE,
HDD|Organic|EDB|Enterprise|Forest::EURPRD83,HDD → Organic → EDB → Enterprise → Forest → EURPRD83,HDD,EDB,,Enterprise,Forest,Forest,EURPRD83,EURPRD83,True,True,True,BUILDABLE,
HDD|Organic|EDB|Enterprise|Forest::FRAP264,HDD → Organic → EDB → Enterprise → Forest → FRAP264,HDD,EDB,,Enterprise,Forest,Forest,FRAP264,FRAP264,True,True,True,BUILDABLE,
HDD|Organic|EDB|Enterprise|Forest::GBRP123,HDD → Organic → EDB → Enterprise → Forest → GBRP123,HDD,EDB,,Enterprise,Forest,Forest,GBRP123,GBRP123,True,True,True,BUILDABLE,
HDD|Organic|EDB|Enterprise|Forest::GBRP265,HDD → Organic → EDB → Enterprise → Forest → GBRP265,HDD,EDB,,Enterprise,Forest,Forest,GBRP265,GBRP265,True,True,True,BUILDABLE,
HDD|Organic|EDB|Enterprise|Forest::GBRP267,HDD → Organic → EDB → Enterprise → Forest → GBRP267,HDD,EDB,,Enterprise,Forest,Forest,GBRP267,GBRP267,True,True,True,BUILDABLE,
HDD|Organic|EDB|Enterprise|Forest::GBRP302,HDD → Organic → EDB → Enterprise → Forest → GBRP302,HDD,EDB,,Enterprise,Forest,Forest,GBRP302,GBRP302,True,True,True,BUILDABLE,
HDD|Organic|EDB|Enterprise|Forest::IDNP305,HDD → Organic → EDB → Enterprise → Forest → IDNP305,HDD,EDB,,Enterprise,Forest,Forest,IDNP305,IDNP305,True,True,True,BUILDABLE,
HDD|Organic|EDB|Enterprise|Forest::INDP287,HDD → Organic → EDB → Enterprise → Forest → INDP287,HDD,EDB,,Enterprise,Forest,Forest,INDP287,INDP287,True,True,True,BUILDABLE,
HDD|Organic|EDB|Enterprise|Forest::INDPRD01,HDD → Organic → EDB → Enterprise → Forest → INDPRD01,HDD,EDB,,Enterprise,Forest,Forest,INDPRD01,INDPRD01,True,True,True,BUILDABLE,
HDD|Organic|EDB|Enterprise|Forest::ISRP290,HDD → Organic → EDB → Enterprise → Forest → ISRP290,HDD,EDB,,Enterprise,Forest,Forest,ISRP290,ISRP290,True,True,True,BUILDABLE,
HDD|Organic|EDB|Enterprise|Forest::ITAP293,HDD → Organic → EDB → Enterprise → Forest → ITAP293,HDD,EDB,,Enterprise,Forest,Forest,ITAP293,ITAP293,True,True,True,BUILDABLE,
HDD|Organic|EDB|Enterprise|Forest::JPNP286,HDD → Organic → EDB → Enterprise → Forest → JPNP286,HDD,EDB,,Enterprise,Forest,Forest,JPNP286,JPNP286,True,True,True,BUILDABLE,
HDD|Organic|EDB|Enterprise|Forest::JPNP301,HDD → Organic → EDB → Enterprise → Forest → JPNP301,HDD,EDB,,Enterprise,Forest,Forest,JPNP301,JPNP301,True,True,True,BUILDABLE,
HDD|Organic|EDB|Enterprise|Forest::JPNPRD01,HDD → Organic → EDB → Enterprise → Forest → JPNPRD01,HDD,EDB,,Enterprise,Forest,Forest,JPNPRD01,JPNPRD01,True,True,True,BUILDABLE,
HDD|Organic|EDB|Enterprise|Forest::KORP216,HDD → Organic → EDB → Enterprise → Forest → KORP216,HDD,EDB,,Enterprise,Forest,Forest,KORP216,KORP216,True,True,True,BUILDABLE,
HDD|Organic|EDB|Enterprise|Forest::LAMP152,HDD → Organic → EDB → Enterprise → Forest → LAMP152,HDD,EDB,,Enterprise,Forest,Forest,LAMP152,LAMP152,True,True,True,BUILDABLE,
HDD|Organic|EDB|Enterprise|Forest::LAMP215,HDD → Organic → EDB → Enterprise → Forest → LAMP215,HDD,EDB,,Enterprise,Forest,Forest,LAMP215,LAMP215,True,True,True,BUILDABLE,
HDD|Organic|EDB|Enterprise|Forest::LAMPRD80,HDD → Organic → EDB → Enterprise → Forest → LAMPRD80,HDD,EDB,,Enterprise,Forest,Forest,LAMPRD80,LAMPRD80,True,True,True,BUILDABLE,
HDD|Organic|EDB|Enterprise|Forest::MEXP297,HDD → Organic → EDB → Enterprise → Forest → MEXP297,HDD,EDB,,Enterprise,Forest,Forest,MEXP297,MEXP297,True,True,True,BUILDABLE,
HDD|Organic|EDB|Enterprise|Forest::MYSP306,HDD → Organic → EDB → Enterprise → Forest → MYSP306,HDD,EDB,,Enterprise,Forest,Forest,MYSP306,MYSP306,True,True,True,BUILDABLE,
HDD|Organic|EDB|Enterprise|Forest::NAMP100,HDD → Organic → EDB → Enterprise → Forest → NAMP100,HDD,EDB,,Enterprise,Forest,Forest,NAMP100,NAMP100,True,True,True,BUILDABLE,
HDD|Organic|EDB|Enterprise|Forest::NAMP101,HDD → Organic → EDB → Enterprise → Forest → NAMP101,HDD,EDB,,Enterprise,Forest,Forest,NAMP101,NAMP101,True,True,True,BUILDABLE,
HDD|Organic|EDB|Enterprise|Forest::NAMP103,HDD → Organic → EDB → Enterprise → Forest → NAMP103,HDD,EDB,,Enterprise,Forest,Forest,NAMP103,NAMP103,True,True,True,BUILDABLE,
HDD|Organic|EDB|Enterprise|Forest::NAMP104,HDD → Organic → EDB → Enterprise → Forest → NAMP104,HDD,EDB,,Enterprise,Forest,Forest,NAMP104,NAMP104,True,True,True,BUILDABLE,
HDD|Organic|EDB|Enterprise|Forest::NAMP105,HDD → Organic → EDB → Enterprise → Forest → NAMP105,HDD,EDB,,Enterprise,Forest,Forest,NAMP105,NAMP105,True,True,True,BUILDABLE,
HDD|Organic|EDB|Enterprise|Forest::NAMP106,HDD → Organic → EDB → Enterprise → Forest → NAMP106,HDD,EDB,,Enterprise,Forest,Forest,NAMP106,NAMP106,True,True,True,BUILDABLE,
HDD|Organic|EDB|Enterprise|Forest::NAMP108,HDD → Organic → EDB → Enterprise → Forest → NAMP108,HDD,EDB,,Enterprise,Forest,Forest,NAMP108,NAMP108,True,True,True,BUILDABLE,
HDD|Organic|EDB|Enterprise|Forest::NAMP109,HDD → Organic → EDB → Enterprise → Forest → NAMP109,HDD,EDB,,Enterprise,Forest,Forest,NAMP109,NAMP109,True,True,True,BUILDABLE,
HDD|Organic|EDB|Enterprise|Forest::NAMP113,HDD → Organic → EDB → Enterprise → Forest → NAMP113,HDD,EDB,,Enterprise,Forest,Forest,NAMP113,NAMP113,True,True,True,BUILDABLE,
HDD|Organic|EDB|Enterprise|Forest::NAMP114,HDD → Organic → EDB → Enterprise → Forest → NAMP114,HDD,EDB,,Enterprise,Forest,Forest,NAMP114,NAMP114,True,True,True,BUILDABLE,
HDD|Organic|EDB|Enterprise|Forest::NAMP115,HDD → Organic → EDB → Enterprise → Forest → NAMP115,HDD,EDB,,Enterprise,Forest,Forest,NAMP115,NAMP115,True,True,True,BUILDABLE,
HDD|Organic|EDB|Enterprise|Forest::NAMP116,HDD → Organic → EDB → Enterprise → Forest → NAMP116,HDD,EDB,,Enterprise,Forest,Forest,NAMP116,NAMP116,True,True,True,BUILDABLE,
HDD|Organic|EDB|Enterprise|Forest::NAMP118,HDD → Organic → EDB → Enterprise → Forest → NAMP118,HDD,EDB,,Enterprise,Forest,Forest,NAMP118,NAMP118,True,True,True,BUILDABLE,
HDD|Organic|EDB|Enterprise|Forest::NAMP125,HDD → Organic → EDB → Enterprise → Forest → NAMP125,HDD,EDB,,Enterprise,Forest,Forest,NAMP125,NAMP125,True,True,True,BUILDABLE,
HDD|Organic|EDB|Enterprise|Forest::NAMP126,HDD → Organic → EDB → Enterprise → Forest → NAMP126,HDD,EDB,,Enterprise,Forest,Forest,NAMP126,NAMP126,True,True,True,BUILDABLE,
HDD|Organic|EDB|Enterprise|Forest::NAMP128,HDD → Organic → EDB → Enterprise → Forest → NAMP128,HDD,EDB,,Enterprise,Forest,Forest,NAMP128,NAMP128,True,True,True,BUILDABLE,
HDD|Organic|EDB|Enterprise|Forest::NAMP129,HDD → Organic → EDB → Enterprise → Forest → NAMP129,HDD,EDB,,Enterprise,Forest,Forest,NAMP129,NAMP129,True,True,True,BUILDABLE,
HDD|Organic|EDB|Enterprise|Forest::NAMP130,HDD → Organic → EDB → Enterprise → Forest → NAMP130,HDD,EDB,,Enterprise,Forest,Forest,NAMP130,NAMP130,True,True,True,BUILDABLE,
HDD|Organic|EDB|Enterprise|Forest::NAMP131,HDD → Organic → EDB → Enterprise → Forest → NAMP131,HDD,EDB,,Enterprise,Forest,Forest,NAMP131,NAMP131,True,True,True,BUILDABLE,
HDD|Organic|EDB|Enterprise|Forest::NAMP132,HDD → Organic → EDB → Enterprise → Forest → NAMP132,HDD,EDB,,Enterprise,Forest,Forest,NAMP132,NAMP132,True,True,True,BUILDABLE,
HDD|Organic|EDB|Enterprise|Forest::NAMP133,HDD → Organic → EDB → Enterprise → Forest → NAMP133,HDD,EDB,,Enterprise,Forest,Forest,NAMP133,NAMP133,True,True,True,BUILDABLE,
HDD|Organic|EDB|Enterprise|Forest::NAMP134,HDD → Organic → EDB → Enterprise → Forest → NAMP134,HDD,EDB,,Enterprise,Forest,Forest,NAMP134,NAMP134,True,True,True,BUILDABLE,
HDD|Organic|EDB|Enterprise|Forest::NAMP135,HDD → Organic → EDB → Enterprise → Forest → NAMP135,HDD,EDB,,Enterprise,Forest,Forest,NAMP135,NAMP135,True,True,True,BUILDABLE,
HDD|Organic|EDB|Enterprise|Forest::NAMP136,HDD → Organic → EDB → Enterprise → Forest → NAMP136,HDD,EDB,,Enterprise,Forest,Forest,NAMP136,NAMP136,True,True,True,BUILDABLE,
HDD|Organic|EDB|Enterprise|Forest::NAMP154,HDD → Organic → EDB → Enterprise → Forest → NAMP154,HDD,EDB,,Enterprise,Forest,Forest,NAMP154,NAMP154,True,True,True,BUILDABLE,
HDD|Organic|EDB|Enterprise|Forest::NAMP157,HDD → Organic → EDB → Enterprise → Forest → NAMP157,HDD,EDB,,Enterprise,Forest,Forest,NAMP157,NAMP157,True,True,True,BUILDABLE,
HDD|Organic|EDB|Enterprise|Forest::NAMP158,HDD → Organic → EDB → Enterprise → Forest → NAMP158,HDD,EDB,,Enterprise,Forest,Forest,NAMP158,NAMP158,True,True,True,BUILDABLE,
HDD|Organic|EDB|Enterprise|Forest::NAMP159,HDD → Organic → EDB → Enterprise → Forest → NAMP159,HDD,EDB,,Enterprise,Forest,Forest,NAMP159,NAMP159,True,True,True,BUILDABLE,
HDD|Organic|EDB|Enterprise|Forest::NAMP161,HDD → Organic → EDB → Enterprise → Forest → NAMP161,HDD,EDB,,Enterprise,Forest,Forest,NAMP161,NAMP161,True,True,True,BUILDABLE,
HDD|Organic|EDB|Enterprise|Forest::NAMP162,HDD → Organic → EDB → Enterprise → Forest → NAMP162,HDD,EDB,,Enterprise,Forest,Forest,NAMP162,NAMP162,True,True,True,BUILDABLE,
HDD|Organic|EDB|Enterprise|Forest::NAMP163,HDD → Organic → EDB → Enterprise → Forest → NAMP163,HDD,EDB,,Enterprise,Forest,Forest,NAMP163,NAMP163,True,True,True,BUILDABLE,
HDD|Organic|EDB|Enterprise|Forest::NAMP164,HDD → Organic → EDB → Enterprise → Forest → NAMP164,HDD,EDB,,Enterprise,Forest,Forest,NAMP164,NAMP164,True,True,True,BUILDABLE,
HDD|Organic|EDB|Enterprise|Forest::NAMP166,HDD → Organic → EDB → Enterprise → Forest → NAMP166,HDD,EDB,,Enterprise,Forest,Forest,NAMP166,NAMP166,True,True,True,BUILDABLE,
HDD|Organic|EDB|Enterprise|Forest::NAMP167,HDD → Organic → EDB → Enterprise → Forest → NAMP167,HDD,EDB,,Enterprise,Forest,Forest,NAMP167,NAMP167,True,True,True,BUILDABLE,
HDD|Organic|EDB|Enterprise|Forest::NAMP169,HDD → Organic → EDB → Enterprise → Forest → NAMP169,HDD,EDB,,Enterprise,Forest,Forest,NAMP169,NAMP169,True,True,True,BUILDABLE,
HDD|Organic|EDB|Enterprise|Forest::NAMP170,HDD → Organic → EDB → Enterprise → Forest → NAMP170,HDD,EDB,,Enterprise,Forest,Forest,NAMP170,NAMP170,True,True,True,BUILDABLE,
HDD|Organic|EDB|Enterprise|Forest::NAMP171,HDD → Organic → EDB → Enterprise → Forest → NAMP171,HDD,EDB,,Enterprise,Forest,Forest,NAMP171,NAMP171,True,True,True,BUILDABLE,
HDD|Organic|EDB|Enterprise|Forest::NAMP172,HDD → Organic → EDB → Enterprise → Forest → NAMP172,HDD,EDB,,Enterprise,Forest,Forest,NAMP172,NAMP172,True,True,True,BUILDABLE,
HDD|Organic|EDB|Enterprise|Forest::NAMP173,HDD → Organic → EDB → Enterprise → Forest → NAMP173,HDD,EDB,,Enterprise,Forest,Forest,NAMP173,NAMP173,True,True,True,BUILDABLE,
HDD|Organic|EDB|Enterprise|Forest::NAMP197,HDD → Organic → EDB → Enterprise → Forest → NAMP197,HDD,EDB,,Enterprise,Forest,Forest,NAMP197,NAMP197,True,True,True,BUILDABLE,
HDD|Organic|EDB|Enterprise|Forest::NAMP220,HDD → Organic → EDB → Enterprise → Forest → NAMP220,HDD,EDB,,Enterprise,Forest,Forest,NAMP220,NAMP220,True,True,True,BUILDABLE,
HDD|Organic|EDB|Enterprise|Forest::NAMP221,HDD → Organic → EDB → Enterprise → Forest → NAMP221,HDD,EDB,,Enterprise,Forest,Forest,NAMP221,NAMP221,True,True,True,BUILDABLE,
HDD|Organic|EDB|Enterprise|Forest::NAMP222,HDD → Organic → EDB → Enterprise → Forest → NAMP222,HDD,EDB,,Enterprise,Forest,Forest,NAMP222,NAMP222,True,True,True,BUILDABLE,
HDD|Organic|EDB|Enterprise|Forest::NAMP223,HDD → Organic → EDB → Enterprise → Forest → NAMP223,HDD,EDB,,Enterprise,Forest,Forest,NAMP223,NAMP223,True,True,True,BUILDABLE,
HDD|Organic|EDB|Enterprise|Forest::NAMP283,HDD → Organic → EDB → Enterprise → Forest → NAMP283,HDD,EDB,,Enterprise,Forest,Forest,NAMP283,NAMP283,True,True,True,BUILDABLE,
HDD|Organic|EDB|Enterprise|Forest::NAMPRD00,HDD → Organic → EDB → Enterprise → Forest → NAMPRD00,HDD,EDB,,Enterprise,Forest,Forest,NAMPRD00,NAMPRD00,True,True,True,BUILDABLE,
HDD|Organic|EDB|Enterprise|Forest::NAMPRD01,HDD → Organic → EDB → Enterprise → Forest → NAMPRD01,HDD,EDB,,Enterprise,Forest,Forest,NAMPRD01,NAMPRD01,True,True,True,BUILDABLE,
HDD|Organic|EDB|Enterprise|Forest::NAMPRD02,HDD → Organic → EDB → Enterprise → Forest → NAMPRD02,HDD,EDB,,Enterprise,Forest,Forest,NAMPRD02,NAMPRD02,True,True,True,BUILDABLE,
HDD|Organic|EDB|Enterprise|Forest::NAMPRD03,HDD → Organic → EDB → Enterprise → Forest → NAMPRD03,HDD,EDB,,Enterprise,Forest,Forest,NAMPRD03,NAMPRD03,True,True,True,BUILDABLE,
HDD|Organic|EDB|Enterprise|Forest::NAMPRD04,HDD → Organic → EDB → Enterprise → Forest → NAMPRD04,HDD,EDB,,Enterprise,Forest,Forest,NAMPRD04,NAMPRD04,True,True,True,BUILDABLE,
HDD|Organic|EDB|Enterprise|Forest::NAMPRD05,HDD → Organic → EDB → Enterprise → Forest → NAMPRD05,HDD,EDB,,Enterprise,Forest,Forest,NAMPRD05,NAMPRD05,True,True,True,BUILDABLE,
HDD|Organic|EDB|Enterprise|Forest::NAMPRD06,HDD → Organic → EDB → Enterprise → Forest → NAMPRD06,HDD,EDB,,Enterprise,Forest,Forest,NAMPRD06,NAMPRD06,True,True,True,BUILDABLE,
HDD|Organic|EDB|Enterprise|Forest::NAMPRD07,HDD → Organic → EDB → Enterprise → Forest → NAMPRD07,HDD,EDB,,Enterprise,Forest,Forest,NAMPRD07,NAMPRD07,True,True,True,BUILDABLE,
HDD|Organic|EDB|Enterprise|Forest::NAMPRD08,HDD → Organic → EDB → Enterprise → Forest → NAMPRD08,HDD,EDB,,Enterprise,Forest,Forest,NAMPRD08,NAMPRD08,True,True,True,BUILDABLE,
HDD|Organic|EDB|Enterprise|Forest::NAMPRD09,HDD → Organic → EDB → Enterprise → Forest → NAMPRD09,HDD,EDB,,Enterprise,Forest,Forest,NAMPRD09,NAMPRD09,True,True,True,BUILDABLE,
HDD|Organic|EDB|Enterprise|Forest::NAMPRD10,HDD → Organic → EDB → Enterprise → Forest → NAMPRD10,HDD,EDB,,Enterprise,Forest,Forest,NAMPRD10,NAMPRD10,True,True,True,BUILDABLE,
HDD|Organic|EDB|Enterprise|Forest::NAMPRD11,HDD → Organic → EDB → Enterprise → Forest → NAMPRD11,HDD,EDB,,Enterprise,Forest,Forest,NAMPRD11,NAMPRD11,True,True,True,BUILDABLE,
HDD|Organic|EDB|Enterprise|Forest::NAMPRD12,HDD → Organic → EDB → Enterprise → Forest → NAMPRD12,HDD,EDB,,Enterprise,Forest,Forest,NAMPRD12,NAMPRD12,True,True,True,BUILDABLE,
HDD|Organic|EDB|Enterprise|Forest::NAMPRD13,HDD → Organic → EDB → Enterprise → Forest → NAMPRD13,HDD,EDB,,Enterprise,Forest,Forest,NAMPRD13,NAMPRD13,True,True,True,BUILDABLE,
HDD|Organic|EDB|Enterprise|Forest::NAMPRD14,HDD → Organic → EDB → Enterprise → Forest → NAMPRD14,HDD,EDB,,Enterprise,Forest,Forest,NAMPRD14,NAMPRD14,True,True,True,BUILDABLE,
HDD|Organic|EDB|Enterprise|Forest::NAMPRD15,HDD → Organic → EDB → Enterprise → Forest → NAMPRD15,HDD,EDB,,Enterprise,Forest,Forest,NAMPRD15,NAMPRD15,True,True,True,BUILDABLE,
HDD|Organic|EDB|Enterprise|Forest::NAMPRD16,HDD → Organic → EDB → Enterprise → Forest → NAMPRD16,HDD,EDB,,Enterprise,Forest,Forest,NAMPRD16,NAMPRD16,True,True,True,BUILDABLE,
HDD|Organic|EDB|Enterprise|Forest::NAMPRD17,HDD → Organic → EDB → Enterprise → Forest → NAMPRD17,HDD,EDB,,Enterprise,Forest,Forest,NAMPRD17,NAMPRD17,True,True,True,BUILDABLE,
HDD|Organic|EDB|Enterprise|Forest::NAMPRD18,HDD → Organic → EDB → Enterprise → Forest → NAMPRD18,HDD,EDB,,Enterprise,Forest,Forest,NAMPRD18,NAMPRD18,True,True,True,BUILDABLE,
HDD|Organic|EDB|Enterprise|Forest::NAMPRD19,HDD → Organic → EDB → Enterprise → Forest → NAMPRD19,HDD,EDB,,Enterprise,Forest,Forest,NAMPRD19,NAMPRD19,True,True,True,BUILDABLE,
HDD|Organic|EDB|Enterprise|Forest::NAMPRD20,HDD → Organic → EDB → Enterprise → Forest → NAMPRD20,HDD,EDB,,Enterprise,Forest,Forest,NAMPRD20,NAMPRD20,True,True,True,BUILDABLE,
HDD|Organic|EDB|Enterprise|Forest::NAMPRD21,HDD → Organic → EDB → Enterprise → Forest → NAMPRD21,HDD,EDB,,Enterprise,Forest,Forest,NAMPRD21,NAMPRD21,True,True,True,BUILDABLE,
HDD|Organic|EDB|Enterprise|Forest::NAMPRD22,HDD → Organic → EDB → Enterprise → Forest → NAMPRD22,HDD,EDB,,Enterprise,Forest,Forest,NAMPRD22,NAMPRD22,True,True,True,BUILDABLE,
HDD|Organic|EDB|Enterprise|Forest::NAMPRD84,HDD → Organic → EDB → Enterprise → Forest → NAMPRD84,HDD,EDB,,Enterprise,Forest,Forest,NAMPRD84,NAMPRD84,True,True,True,BUILDABLE,
HDD|Organic|EDB|Enterprise|Forest::NAMPRD85,HDD → Organic → EDB → Enterprise → Forest → NAMPRD85,HDD,EDB,,Enterprise,Forest,Forest,NAMPRD85,NAMPRD85,True,True,True,BUILDABLE,
HDD|Organic|EDB|Enterprise|Forest::NORP279,HDD → Organic → EDB → Enterprise → Forest → NORP279,HDD,EDB,,Enterprise,Forest,Forest,NORP279,NORP279,True,True,True,BUILDABLE,
HDD|Organic|EDB|Enterprise|Forest::NZLP299,HDD → Organic → EDB → Enterprise → Forest → NZLP299,HDD,EDB,,Enterprise,Forest,Forest,NZLP299,NZLP299,True,True,True,BUILDABLE,
HDD|Organic|EDB|Enterprise|Forest::POLP291,HDD → Organic → EDB → Enterprise → Forest → POLP291,HDD,EDB,,Enterprise,Forest,Forest,POLP291,POLP291,True,True,True,BUILDABLE,
HDD|Organic|EDB|Enterprise|Forest::QATP289,HDD → Organic → EDB → Enterprise → Forest → QATP289,HDD,EDB,,Enterprise,Forest,Forest,QATP289,QATP289,True,True,True,BUILDABLE,
HDD|Organic|EDB|Enterprise|Forest::SGPP274,HDD → Organic → EDB → Enterprise → Forest → SGPP274,HDD,EDB,,Enterprise,Forest,Forest,SGPP274,SGPP274,True,True,True,BUILDABLE,
HDD|Organic|EDB|Enterprise|Forest::SWEP280,HDD → Organic → EDB → Enterprise → Forest → SWEP280,HDD,EDB,,Enterprise,Forest,Forest,SWEP280,SWEP280,True,True,True,BUILDABLE,
HDD|Organic|EDB|Enterprise|Forest::TWNP295,HDD → Organic → EDB → Enterprise → Forest → TWNP295,HDD,EDB,,Enterprise,Forest,Forest,TWNP295,TWNP295,True,True,True,BUILDABLE,
HDD|Organic|EDB|Enterprise|Forest::ZAFP275,HDD → Organic → EDB → Enterprise → Forest → ZAFP275,HDD,EDB,,Enterprise,Forest,Forest,ZAFP275,ZAFP275,True,True,True,BUILDABLE,
HDD|Organic|EDB|Enterprise|Region::APC-Dedicated,HDD → Organic → EDB → Enterprise → Region → APC-Dedicated,HDD,EDB,,Enterprise,Region,Region,APC-Dedicated,APC-DEDICATED,True,True,True,BUILDABLE,
HDD|Organic|EDB|Enterprise|Region::APC-MSIT,HDD → Organic → EDB → Enterprise → Region → APC-MSIT,HDD,EDB,,Enterprise,Region,Region,APC-MSIT,APC-MSIT,True,True,True,BUILDABLE,
HDD|Organic|EDB|Enterprise|Region::APC-Multitenant,HDD → Organic → EDB → Enterprise → Region → APC-Multitenant,HDD,EDB,,Enterprise,Region,Region,APC-Multitenant,APC-MULTITENANT,True,True,True,BUILDABLE,
HDD|Organic|EDB|Enterprise|Region::ARE-Go Local,HDD → Organic → EDB → Enterprise → Region → ARE-Go Local,HDD,EDB,,Enterprise,Region,Region,ARE-Go Local,ARE-GO LOCAL,True,True,True,BUILDABLE,
HDD|Organic|EDB|Enterprise|Region::AUS-Go Local,HDD → Organic → EDB → Enterprise → Region → AUS-Go Local,HDD,EDB,,Enterprise,Region,Region,AUS-Go Local,AUS-GO LOCAL,True,True,True,BUILDABLE,
HDD|Organic|EDB|Enterprise|Region::AUT-Go Local,HDD → Organic → EDB → Enterprise → Region → AUT-Go Local,HDD,EDB,,Enterprise,Region,Region,AUT-Go Local,AUT-GO LOCAL,True,True,True,BUILDABLE,
HDD|Organic|EDB|Enterprise|Region::BRA-Go Local,HDD → Organic → EDB → Enterprise → Region → BRA-Go Local,HDD,EDB,,Enterprise,Region,Region,BRA-Go Local,BRA-GO LOCAL,True,True,True,BUILDABLE,
HDD|Organic|EDB|Enterprise|Region::CAN-Go Local,HDD → Organic → EDB → Enterprise → Region → CAN-Go Local,HDD,EDB,,Enterprise,Region,Region,CAN-Go Local,CAN-GO LOCAL,True,True,True,BUILDABLE,
HDD|Organic|EDB|Enterprise|Region::CHE-Go Local,HDD → Organic → EDB → Enterprise → Region → CHE-Go Local,HDD,EDB,,Enterprise,Region,Region,CHE-Go Local,CHE-GO LOCAL,True,True,True,BUILDABLE,
HDD|Organic|EDB|Enterprise|Region::CHL-Go Local,HDD → Organic → EDB → Enterprise → Region → CHL-Go Local,HDD,EDB,,Enterprise,Region,Region,CHL-Go Local,CHL-GO LOCAL,True,True,True,BUILDABLE,
HDD|Organic|EDB|Enterprise|Region::DEU-Go Local,HDD → Organic → EDB → Enterprise → Region → DEU-Go Local,HDD,EDB,,Enterprise,Region,Region,DEU-Go Local,DEU-GO LOCAL,True,True,True,BUILDABLE,
HDD|Organic|EDB|Enterprise|Region::DNK-Go Local,HDD → Organic → EDB → Enterprise → Region → DNK-Go Local,HDD,EDB,,Enterprise,Region,Region,DNK-Go Local,DNK-GO LOCAL,True,True,True,BUILDABLE,
HDD|Organic|EDB|Enterprise|Region::ESP-Go Local,HDD → Organic → EDB → Enterprise → Region → ESP-Go Local,HDD,EDB,,Enterprise,Region,Region,ESP-Go Local,ESP-GO LOCAL,True,True,True,BUILDABLE,
HDD|Organic|EDB|Enterprise|Region::EUR-Dedicated,HDD → Organic → EDB → Enterprise → Region → EUR-Dedicated,HDD,EDB,,Enterprise,Region,Region,EUR-Dedicated,EUR-DEDICATED,True,True,True,BUILDABLE,
HDD|Organic|EDB|Enterprise|Region::EUR-Go Local,HDD → Organic → EDB → Enterprise → Region → EUR-Go Local,HDD,EDB,,Enterprise,Region,Region,EUR-Go Local,EUR-GO LOCAL,True,True,True,BUILDABLE,
HDD|Organic|EDB|Enterprise|Region::EUR-MSIT,HDD → Organic → EDB → Enterprise → Region → EUR-MSIT,HDD,EDB,,Enterprise,Region,Region,EUR-MSIT,EUR-MSIT,True,True,True,BUILDABLE,
HDD|Organic|EDB|Enterprise|Region::EUR-Multitenant,HDD → Organic → EDB → Enterprise → Region → EUR-Multitenant,HDD,EDB,,Enterprise,Region,Region,EUR-Multitenant,EUR-MULTITENANT,True,True,True,BUILDABLE,
HDD|Organic|EDB|Enterprise|Region::FRA-Go Local,HDD → Organic → EDB → Enterprise → Region → FRA-Go Local,HDD,EDB,,Enterprise,Region,Region,FRA-Go Local,FRA-GO LOCAL,True,True,True,BUILDABLE,
HDD|Organic|EDB|Enterprise|Region::GBR-Dedicated,HDD → Organic → EDB → Enterprise → Region → GBR-Dedicated,HDD,EDB,,Enterprise,Region,Region,GBR-Dedicated,GBR-DEDICATED,True,True,True,BUILDABLE,
HDD|Organic|EDB|Enterprise|Region::GBR-Go Local,HDD → Organic → EDB → Enterprise → Region → GBR-Go Local,HDD,EDB,,Enterprise,Region,Region,GBR-Go Local,GBR-GO LOCAL,True,True,True,BUILDABLE,
HDD|Organic|EDB|Enterprise|Region::IDN-Go Local,HDD → Organic → EDB → Enterprise → Region → IDN-Go Local,HDD,EDB,,Enterprise,Region,Region,IDN-Go Local,IDN-GO LOCAL,True,True,True,BUILDABLE,
HDD|Organic|EDB|Enterprise|Region::IND-Go Local,HDD → Organic → EDB → Enterprise → Region → IND-Go Local,HDD,EDB,,Enterprise,Region,Region,IND-Go Local,IND-GO LOCAL,True,True,True,BUILDABLE,
HDD|Organic|EDB|Enterprise|Region::ISR-Go Local,HDD → Organic → EDB → Enterprise → Region → ISR-Go Local,HDD,EDB,,Enterprise,Region,Region,ISR-Go Local,ISR-GO LOCAL,True,True,True,BUILDABLE,
HDD|Organic|EDB|Enterprise|Region::ITA-Go Local,HDD → Organic → EDB → Enterprise → Region → ITA-Go Local,HDD,EDB,,Enterprise,Region,Region,ITA-Go Local,ITA-GO LOCAL,True,True,True,BUILDABLE,
HDD|Organic|EDB|Enterprise|Region::JPN-Go Local,HDD → Organic → EDB → Enterprise → Region → JPN-Go Local,HDD,EDB,,Enterprise,Region,Region,JPN-Go Local,JPN-GO LOCAL,True,True,True,BUILDABLE,
HDD|Organic|EDB|Enterprise|Region::KOR-Go Local,HDD → Organic → EDB → Enterprise → Region → KOR-Go Local,HDD,EDB,,Enterprise,Region,Region,KOR-Go Local,KOR-GO LOCAL,True,True,True,BUILDABLE,
HDD|Organic|EDB|Enterprise|Region::LAM-Multitenant,HDD → Organic → EDB → Enterprise → Region → LAM-Multitenant,HDD,EDB,,Enterprise,Region,Region,LAM-Multitenant,LAM-MULTITENANT,True,True,True,BUILDABLE,
HDD|Organic|EDB|Enterprise|Region::MEX-Go Local,HDD → Organic → EDB → Enterprise → Region → MEX-Go Local,HDD,EDB,,Enterprise,Region,Region,MEX-Go Local,MEX-GO LOCAL,True,True,True,BUILDABLE,
HDD|Organic|EDB|Enterprise|Region::MYS-Go Local,HDD → Organic → EDB → Enterprise → Region → MYS-Go Local,HDD,EDB,,Enterprise,Region,Region,MYS-Go Local,MYS-GO LOCAL,True,True,True,BUILDABLE,
HDD|Organic|EDB|Enterprise|Region::NAM-Dedicated,HDD → Organic → EDB → Enterprise → Region → NAM-Dedicated,HDD,EDB,,Enterprise,Region,Region,NAM-Dedicated,NAM-DEDICATED,True,True,True,BUILDABLE,
HDD|Organic|EDB|Enterprise|Region::NAM-GCC Low,HDD → Organic → EDB → Enterprise → Region → NAM-GCC Low,HDD,EDB,,Enterprise,Region,Region,NAM-GCC Low,NAM-GCC LOW,True,True,True,BUILDABLE,
HDD|Organic|EDB|Enterprise|Region::NAM-ITAR DoD,HDD → Organic → EDB → Enterprise → Region → NAM-ITAR DoD,HDD,EDB,,Enterprise,Region,Region,NAM-ITAR DoD,NAM-ITAR DOD,True,True,True,BUILDABLE,
HDD|Organic|EDB|Enterprise|Region::NAM-ITAR GCCH,HDD → Organic → EDB → Enterprise → Region → NAM-ITAR GCCH,HDD,EDB,,Enterprise,Region,Region,NAM-ITAR GCCH,NAM-ITAR GCCH,True,True,True,BUILDABLE,
HDD|Organic|EDB|Enterprise|Region::NAM-MSIT,HDD → Organic → EDB → Enterprise → Region → NAM-MSIT,HDD,EDB,,Enterprise,Region,Region,NAM-MSIT,NAM-MSIT,True,True,True,BUILDABLE,
HDD|Organic|EDB|Enterprise|Region::NAM-Multitenant,HDD → Organic → EDB → Enterprise → Region → NAM-Multitenant,HDD,EDB,,Enterprise,Region,Region,NAM-Multitenant,NAM-MULTITENANT,True,True,True,BUILDABLE,
HDD|Organic|EDB|Enterprise|Region::NAM-SDF,HDD → Organic → EDB → Enterprise → Region → NAM-SDF,HDD,EDB,,Enterprise,Region,Region,NAM-SDF,NAM-SDF,True,True,True,BUILDABLE,
HDD|Organic|EDB|Enterprise|Region::NAM-TDF,HDD → Organic → EDB → Enterprise → Region → NAM-TDF,HDD,EDB,,Enterprise,Region,Region,NAM-TDF,NAM-TDF,True,True,True,BUILDABLE,
HDD|Organic|EDB|Enterprise|Region::NOR-Go Local,HDD → Organic → EDB → Enterprise → Region → NOR-Go Local,HDD,EDB,,Enterprise,Region,Region,NOR-Go Local,NOR-GO LOCAL,True,True,True,BUILDABLE,
HDD|Organic|EDB|Enterprise|Region::NZL-Go Local,HDD → Organic → EDB → Enterprise → Region → NZL-Go Local,HDD,EDB,,Enterprise,Region,Region,NZL-Go Local,NZL-GO LOCAL,True,True,True,BUILDABLE,
HDD|Organic|EDB|Enterprise|Region::POL-Go Local,HDD → Organic → EDB → Enterprise → Region → POL-Go Local,HDD,EDB,,Enterprise,Region,Region,POL-Go Local,POL-GO LOCAL,True,True,True,BUILDABLE,
HDD|Organic|EDB|Enterprise|Region::QAT-Go Local,HDD → Organic → EDB → Enterprise → Region → QAT-Go Local,HDD,EDB,,Enterprise,Region,Region,QAT-Go Local,QAT-GO LOCAL,True,True,True,BUILDABLE,
HDD|Organic|EDB|Enterprise|Region::SGP-Go Local,HDD → Organic → EDB → Enterprise → Region → SGP-Go Local,HDD,EDB,,Enterprise,Region,Region,SGP-Go Local,SGP-GO LOCAL,True,True,True,BUILDABLE,
HDD|Organic|EDB|Enterprise|Region::SWE-Go Local,HDD → Organic → EDB → Enterprise → Region → SWE-Go Local,HDD,EDB,,Enterprise,Region,Region,SWE-Go Local,SWE-GO LOCAL,True,True,True,BUILDABLE,
HDD|Organic|EDB|Enterprise|Region::TWN-Go Local,HDD → Organic → EDB → Enterprise → Region → TWN-Go Local,HDD,EDB,,Enterprise,Region,Region,TWN-Go Local,TWN-GO LOCAL,True,True,True,BUILDABLE,
HDD|Organic|EDB|Enterprise|Region::ZAF-Go Local,HDD → Organic → EDB → Enterprise → Region → ZAF-Go Local,HDD,EDB,,Enterprise,Region,Region,ZAF-Go Local,ZAF-GO LOCAL,True,True,True,BUILDABLE,
SSD|Phoenix|LEGACY_VARIANT|Low Volume No Efficiency|Forest::APCP150,SSD → Phoenix → Low Volume No Efficiency → Forest → APCP150   [LEGACY_VARIANT],SSD,Phoenix,Low Volume No Efficiency,,Forest,Forest,APCP150,APCP150,False,False,True,BUILDABLE,LEGACY_VARIANT
SSD|Phoenix|LEGACY_VARIANT|Low Volume No Efficiency|Forest::APCPRD01,SSD → Phoenix → Low Volume No Efficiency → Forest → APCPRD01   [LEGACY_VARIANT],SSD,Phoenix,Low Volume No Efficiency,,Forest,Forest,APCPRD01,APCPRD01,False,False,True,BUILDABLE,LEGACY_VARIANT
SSD|Phoenix|LEGACY_VARIANT|Low Volume No Efficiency|Forest::APCPRD02,SSD → Phoenix → Low Volume No Efficiency → Forest → APCPRD02   [LEGACY_VARIANT],SSD,Phoenix,Low Volume No Efficiency,,Forest,Forest,APCPRD02,APCPRD02,False,False,True,BUILDABLE,LEGACY_VARIANT
SSD|Phoenix|LEGACY_VARIANT|Low Volume No Efficiency|Forest::APCPRD03,SSD → Phoenix → Low Volume No Efficiency → Forest → APCPRD03   [LEGACY_VARIANT],SSD,Phoenix,Low Volume No Efficiency,,Forest,Forest,APCPRD03,APCPRD03,False,False,True,BUILDABLE,LEGACY_VARIANT
SSD|Phoenix|LEGACY_VARIANT|Low Volume No Efficiency|Forest::APCPRD04,SSD → Phoenix → Low Volume No Efficiency → Forest → APCPRD04   [LEGACY_VARIANT],SSD,Phoenix,Low Volume No Efficiency,,Forest,Forest,APCPRD04,APCPRD04,False,False,True,BUILDABLE,LEGACY_VARIANT
SSD|Phoenix|LEGACY_VARIANT|Low Volume No Efficiency|Forest::APCPRD06,SSD → Phoenix → Low Volume No Efficiency → Forest → APCPRD06   [LEGACY_VARIANT],SSD,Phoenix,Low Volume No Efficiency,,Forest,Forest,APCPRD06,APCPRD06,False,False,True,BUILDABLE,LEGACY_VARIANT
SSD|Phoenix|LEGACY_VARIANT|Low Volume No Efficiency|Forest::AREP273,SSD → Phoenix → Low Volume No Efficiency → Forest → AREP273   [LEGACY_VARIANT],SSD,Phoenix,Low Volume No Efficiency,,Forest,Forest,AREP273,AREP273,False,False,True,BUILDABLE,LEGACY_VARIANT
SSD|Phoenix|LEGACY_VARIANT|Low Volume No Efficiency|Forest::AUSP282,SSD → Phoenix → Low Volume No Efficiency → Forest → AUSP282   [LEGACY_VARIANT],SSD,Phoenix,Low Volume No Efficiency,,Forest,Forest,AUSP282,AUSP282,False,False,True,BUILDABLE,LEGACY_VARIANT
SSD|Phoenix|LEGACY_VARIANT|Low Volume No Efficiency|Forest::AUSP300,SSD → Phoenix → Low Volume No Efficiency → Forest → AUSP300   [LEGACY_VARIANT],SSD,Phoenix,Low Volume No Efficiency,,Forest,Forest,AUSP300,AUSP300,False,False,True,BUILDABLE,LEGACY_VARIANT
SSD|Phoenix|LEGACY_VARIANT|Low Volume No Efficiency|Forest::AUSPRD01,SSD → Phoenix → Low Volume No Efficiency → Forest → AUSPRD01   [LEGACY_VARIANT],SSD,Phoenix,Low Volume No Efficiency,,Forest,Forest,AUSPRD01,AUSPRD01,False,False,True,BUILDABLE,LEGACY_VARIANT
SSD|Phoenix|LEGACY_VARIANT|Low Volume No Efficiency|Forest::AUTP296,SSD → Phoenix → Low Volume No Efficiency → Forest → AUTP296   [LEGACY_VARIANT],SSD,Phoenix,Low Volume No Efficiency,,Forest,Forest,AUTP296,AUTP296,False,False,True,BUILDABLE,LEGACY_VARIANT
SSD|Phoenix|LEGACY_VARIANT|Low Volume No Efficiency|Forest::BRAP284,SSD → Phoenix → Low Volume No Efficiency → Forest → BRAP284   [LEGACY_VARIANT],SSD,Phoenix,Low Volume No Efficiency,,Forest,Forest,BRAP284,BRAP284,False,False,True,BUILDABLE,LEGACY_VARIANT
SSD|Phoenix|LEGACY_VARIANT|Low Volume No Efficiency|Forest::CANP288,SSD → Phoenix → Low Volume No Efficiency → Forest → CANP288   [LEGACY_VARIANT],SSD,Phoenix,Low Volume No Efficiency,,Forest,Forest,CANP288,CANP288,False,False,True,BUILDABLE,LEGACY_VARIANT
SSD|Phoenix|LEGACY_VARIANT|Low Volume No Efficiency|Forest::CANPRD01,SSD → Phoenix → Low Volume No Efficiency → Forest → CANPRD01   [LEGACY_VARIANT],SSD,Phoenix,Low Volume No Efficiency,,Forest,Forest,CANPRD01,CANPRD01,False,False,True,BUILDABLE,LEGACY_VARIANT
SSD|Phoenix|LEGACY_VARIANT|Low Volume No Efficiency|Forest::CHEP278,SSD → Phoenix → Low Volume No Efficiency → Forest → CHEP278   [LEGACY_VARIANT],SSD,Phoenix,Low Volume No Efficiency,,Forest,Forest,CHEP278,CHEP278,False,False,True,BUILDABLE,LEGACY_VARIANT
SSD|Phoenix|LEGACY_VARIANT|Low Volume No Efficiency|Forest::CHLP298,SSD → Phoenix → Low Volume No Efficiency → Forest → CHLP298   [LEGACY_VARIANT],SSD,Phoenix,Low Volume No Efficiency,,Forest,Forest,CHLP298,CHLP298,False,False,True,BUILDABLE,LEGACY_VARIANT
SSD|Phoenix|LEGACY_VARIANT|Low Volume No Efficiency|Forest::DEUP281,SSD → Phoenix → Low Volume No Efficiency → Forest → DEUP281   [LEGACY_VARIANT],SSD,Phoenix,Low Volume No Efficiency,,Forest,Forest,DEUP281,DEUP281,False,False,True,BUILDABLE,LEGACY_VARIANT
SSD|Phoenix|LEGACY_VARIANT|Low Volume No Efficiency|Forest::DNKP307,SSD → Phoenix → Low Volume No Efficiency → Forest → DNKP307   [LEGACY_VARIANT],SSD,Phoenix,Low Volume No Efficiency,,Forest,Forest,DNKP307,DNKP307,False,False,True,BUILDABLE,LEGACY_VARIANT
SSD|Phoenix|LEGACY_VARIANT|Low Volume No Efficiency|Forest::ESPP292,SSD → Phoenix → Low Volume No Efficiency → Forest → ESPP292   [LEGACY_VARIANT],SSD,Phoenix,Low Volume No Efficiency,,Forest,Forest,ESPP292,ESPP292,False,False,True,BUILDABLE,LEGACY_VARIANT
SSD|Phoenix|LEGACY_VARIANT|Low Volume No Efficiency|Forest::EURP107,SSD → Phoenix → Low Volume No Efficiency → Forest → EURP107   [LEGACY_VARIANT],SSD,Phoenix,Low Volume No Efficiency,,Forest,Forest,EURP107,EURP107,False,False,True,BUILDABLE,LEGACY_VARIANT
SSD|Phoenix|LEGACY_VARIANT|Low Volume No Efficiency|Forest::EURP119,SSD → Phoenix → Low Volume No Efficiency → Forest → EURP119   [LEGACY_VARIANT],SSD,Phoenix,Low Volume No Efficiency,,Forest,Forest,EURP119,EURP119,False,False,True,BUILDABLE,LEGACY_VARIANT
SSD|Phoenix|LEGACY_VARIANT|Low Volume No Efficiency|Forest::EURP120,SSD → Phoenix → Low Volume No Efficiency → Forest → EURP120   [LEGACY_VARIANT],SSD,Phoenix,Low Volume No Efficiency,,Forest,Forest,EURP120,EURP120,False,False,True,BUILDABLE,LEGACY_VARIANT
SSD|Phoenix|LEGACY_VARIANT|Low Volume No Efficiency|Forest::EURP121,SSD → Phoenix → Low Volume No Efficiency → Forest → EURP121   [LEGACY_VARIANT],SSD,Phoenix,Low Volume No Efficiency,,Forest,Forest,EURP121,EURP121,False,False,True,BUILDABLE,LEGACY_VARIANT
SSD|Phoenix|LEGACY_VARIANT|Low Volume No Efficiency|Forest::EURP122,SSD → Phoenix → Low Volume No Efficiency → Forest → EURP122   [LEGACY_VARIANT],SSD,Phoenix,Low Volume No Efficiency,,Forest,Forest,EURP122,EURP122,False,False,True,BUILDABLE,LEGACY_VARIANT
SSD|Phoenix|LEGACY_VARIANT|Low Volume No Efficiency|Forest::EURP137,SSD → Phoenix → Low Volume No Efficiency → Forest → EURP137   [LEGACY_VARIANT],SSD,Phoenix,Low Volume No Efficiency,,Forest,Forest,EURP137,EURP137,False,False,True,BUILDABLE,LEGACY_VARIANT
SSD|Phoenix|LEGACY_VARIANT|Low Volume No Efficiency|Forest::EURP138,SSD → Phoenix → Low Volume No Efficiency → Forest → EURP138   [LEGACY_VARIANT],SSD,Phoenix,Low Volume No Efficiency,,Forest,Forest,EURP138,EURP138,False,False,True,BUILDABLE,LEGACY_VARIANT
SSD|Phoenix|LEGACY_VARIANT|Low Volume No Efficiency|Forest::EURP174,SSD → Phoenix → Low Volume No Efficiency → Forest → EURP174   [LEGACY_VARIANT],SSD,Phoenix,Low Volume No Efficiency,,Forest,Forest,EURP174,EURP174,False,False,True,BUILDABLE,LEGACY_VARIANT
SSD|Phoenix|LEGACY_VARIANT|Low Volume No Efficiency|Forest::EURP175,SSD → Phoenix → Low Volume No Efficiency → Forest → EURP175   [LEGACY_VARIANT],SSD,Phoenix,Low Volume No Efficiency,,Forest,Forest,EURP175,EURP175,False,False,True,BUILDABLE,LEGACY_VARIANT
SSD|Phoenix|LEGACY_VARIANT|Low Volume No Efficiency|Forest::EURP176,SSD → Phoenix → Low Volume No Efficiency → Forest → EURP176   [LEGACY_VARIANT],SSD,Phoenix,Low Volume No Efficiency,,Forest,Forest,EURP176,EURP176,False,False,True,BUILDABLE,LEGACY_VARIANT
SSD|Phoenix|LEGACY_VARIANT|Low Volume No Efficiency|Forest::EURP177,SSD → Phoenix → Low Volume No Efficiency → Forest → EURP177   [LEGACY_VARIANT],SSD,Phoenix,Low Volume No Efficiency,,Forest,Forest,EURP177,EURP177,False,False,True,BUILDABLE,LEGACY_VARIANT
SSD|Phoenix|LEGACY_VARIANT|Low Volume No Efficiency|Forest::EURP178,SSD → Phoenix → Low Volume No Efficiency → Forest → EURP178   [LEGACY_VARIANT],SSD,Phoenix,Low Volume No Efficiency,,Forest,Forest,EURP178,EURP178,False,False,True,BUILDABLE,LEGACY_VARIANT
SSD|Phoenix|LEGACY_VARIANT|Low Volume No Efficiency|Forest::EURP179,SSD → Phoenix → Low Volume No Efficiency → Forest → EURP179   [LEGACY_VARIANT],SSD,Phoenix,Low Volume No Efficiency,,Forest,Forest,EURP179,EURP179,False,False,True,BUILDABLE,LEGACY_VARIANT
SSD|Phoenix|LEGACY_VARIANT|Low Volume No Efficiency|Forest::EURP180,SSD → Phoenix → Low Volume No Efficiency → Forest → EURP180   [LEGACY_VARIANT],SSD,Phoenix,Low Volume No Efficiency,,Forest,Forest,EURP180,EURP180,False,False,True,BUILDABLE,LEGACY_VARIANT
SSD|Phoenix|LEGACY_VARIANT|Low Volume No Efficiency|Forest::EURP189,SSD → Phoenix → Low Volume No Efficiency → Forest → EURP189   [LEGACY_VARIANT],SSD,Phoenix,Low Volume No Efficiency,,Forest,Forest,EURP189,EURP189,False,False,True,BUILDABLE,LEGACY_VARIANT
SSD|Phoenix|LEGACY_VARIANT|Low Volume No Efficiency|Forest::EURP190,SSD → Phoenix → Low Volume No Efficiency → Forest → EURP190   [LEGACY_VARIANT],SSD,Phoenix,Low Volume No Efficiency,,Forest,Forest,EURP190,EURP190,False,False,True,BUILDABLE,LEGACY_VARIANT
SSD|Phoenix|LEGACY_VARIANT|Low Volume No Efficiency|Forest::EURP191,SSD → Phoenix → Low Volume No Efficiency → Forest → EURP191   [LEGACY_VARIANT],SSD,Phoenix,Low Volume No Efficiency,,Forest,Forest,EURP191,EURP191,False,False,True,BUILDABLE,LEGACY_VARIANT
SSD|Phoenix|LEGACY_VARIANT|Low Volume No Efficiency|Forest::EURP192,SSD → Phoenix → Low Volume No Efficiency → Forest → EURP192   [LEGACY_VARIANT],SSD,Phoenix,Low Volume No Efficiency,,Forest,Forest,EURP192,EURP192,False,False,True,BUILDABLE,LEGACY_VARIANT
SSD|Phoenix|LEGACY_VARIANT|Low Volume No Efficiency|Forest::EURP193,SSD → Phoenix → Low Volume No Efficiency → Forest → EURP193   [LEGACY_VARIANT],SSD,Phoenix,Low Volume No Efficiency,,Forest,Forest,EURP193,EURP193,False,False,True,BUILDABLE,LEGACY_VARIANT
SSD|Phoenix|LEGACY_VARIANT|Low Volume No Efficiency|Forest::EURP194,SSD → Phoenix → Low Volume No Efficiency → Forest → EURP194   [LEGACY_VARIANT],SSD,Phoenix,Low Volume No Efficiency,,Forest,Forest,EURP194,EURP194,False,False,True,BUILDABLE,LEGACY_VARIANT
SSD|Phoenix|LEGACY_VARIANT|Low Volume No Efficiency|Forest::EURP195,SSD → Phoenix → Low Volume No Efficiency → Forest → EURP195   [LEGACY_VARIANT],SSD,Phoenix,Low Volume No Efficiency,,Forest,Forest,EURP195,EURP195,False,False,True,BUILDABLE,LEGACY_VARIANT
SSD|Phoenix|LEGACY_VARIANT|Low Volume No Efficiency|Forest::EURP250,SSD → Phoenix → Low Volume No Efficiency → Forest → EURP250   [LEGACY_VARIANT],SSD,Phoenix,Low Volume No Efficiency,,Forest,Forest,EURP250,EURP250,False,False,True,BUILDABLE,LEGACY_VARIANT
SSD|Phoenix|LEGACY_VARIANT|Low Volume No Efficiency|Forest::EURP251,SSD → Phoenix → Low Volume No Efficiency → Forest → EURP251   [LEGACY_VARIANT],SSD,Phoenix,Low Volume No Efficiency,,Forest,Forest,EURP251,EURP251,False,False,True,BUILDABLE,LEGACY_VARIANT
SSD|Phoenix|LEGACY_VARIANT|Low Volume No Efficiency|Forest::EURP309,SSD → Phoenix → Low Volume No Efficiency → Forest → EURP309   [LEGACY_VARIANT],SSD,Phoenix,Low Volume No Efficiency,,Forest,Forest,EURP309,EURP309,False,False,True,BUILDABLE,LEGACY_VARIANT
SSD|Phoenix|LEGACY_VARIANT|Low Volume No Efficiency|Forest::EURPRD01,SSD → Phoenix → Low Volume No Efficiency → Forest → EURPRD01   [LEGACY_VARIANT],SSD,Phoenix,Low Volume No Efficiency,,Forest,Forest,EURPRD01,EURPRD01,False,False,True,BUILDABLE,LEGACY_VARIANT
SSD|Phoenix|LEGACY_VARIANT|Low Volume No Efficiency|Forest::EURPRD02,SSD → Phoenix → Low Volume No Efficiency → Forest → EURPRD02   [LEGACY_VARIANT],SSD,Phoenix,Low Volume No Efficiency,,Forest,Forest,EURPRD02,EURPRD02,False,False,True,BUILDABLE,LEGACY_VARIANT
SSD|Phoenix|LEGACY_VARIANT|Low Volume No Efficiency|Forest::EURPRD03,SSD → Phoenix → Low Volume No Efficiency → Forest → EURPRD03   [LEGACY_VARIANT],SSD,Phoenix,Low Volume No Efficiency,,Forest,Forest,EURPRD03,EURPRD03,False,False,True,BUILDABLE,LEGACY_VARIANT
SSD|Phoenix|LEGACY_VARIANT|Low Volume No Efficiency|Forest::EURPRD04,SSD → Phoenix → Low Volume No Efficiency → Forest → EURPRD04   [LEGACY_VARIANT],SSD,Phoenix,Low Volume No Efficiency,,Forest,Forest,EURPRD04,EURPRD04,False,False,True,BUILDABLE,LEGACY_VARIANT
SSD|Phoenix|LEGACY_VARIANT|Low Volume No Efficiency|Forest::EURPRD05,SSD → Phoenix → Low Volume No Efficiency → Forest → EURPRD05   [LEGACY_VARIANT],SSD,Phoenix,Low Volume No Efficiency,,Forest,Forest,EURPRD05,EURPRD05,False,False,True,BUILDABLE,LEGACY_VARIANT
SSD|Phoenix|LEGACY_VARIANT|Low Volume No Efficiency|Forest::EURPRD06,SSD → Phoenix → Low Volume No Efficiency → Forest → EURPRD06   [LEGACY_VARIANT],SSD,Phoenix,Low Volume No Efficiency,,Forest,Forest,EURPRD06,EURPRD06,False,False,True,BUILDABLE,LEGACY_VARIANT
SSD|Phoenix|LEGACY_VARIANT|Low Volume No Efficiency|Forest::EURPRD07,SSD → Phoenix → Low Volume No Efficiency → Forest → EURPRD07   [LEGACY_VARIANT],SSD,Phoenix,Low Volume No Efficiency,,Forest,Forest,EURPRD07,EURPRD07,False,False,True,BUILDABLE,LEGACY_VARIANT
SSD|Phoenix|LEGACY_VARIANT|Low Volume No Efficiency|Forest::EURPRD08,SSD → Phoenix → Low Volume No Efficiency → Forest → EURPRD08   [LEGACY_VARIANT],SSD,Phoenix,Low Volume No Efficiency,,Forest,Forest,EURPRD08,EURPRD08,False,False,True,BUILDABLE,LEGACY_VARIANT
SSD|Phoenix|LEGACY_VARIANT|Low Volume No Efficiency|Forest::EURPRD09,SSD → Phoenix → Low Volume No Efficiency → Forest → EURPRD09   [LEGACY_VARIANT],SSD,Phoenix,Low Volume No Efficiency,,Forest,Forest,EURPRD09,EURPRD09,False,False,True,BUILDABLE,LEGACY_VARIANT
SSD|Phoenix|LEGACY_VARIANT|Low Volume No Efficiency|Forest::EURPRD10,SSD → Phoenix → Low Volume No Efficiency → Forest → EURPRD10   [LEGACY_VARIANT],SSD,Phoenix,Low Volume No Efficiency,,Forest,Forest,EURPRD10,EURPRD10,False,False,True,BUILDABLE,LEGACY_VARIANT
SSD|Phoenix|LEGACY_VARIANT|Low Volume No Efficiency|Forest::FRAP264,SSD → Phoenix → Low Volume No Efficiency → Forest → FRAP264   [LEGACY_VARIANT],SSD,Phoenix,Low Volume No Efficiency,,Forest,Forest,FRAP264,FRAP264,False,False,True,BUILDABLE,LEGACY_VARIANT
SSD|Phoenix|LEGACY_VARIANT|Low Volume No Efficiency|Forest::GBRP123,SSD → Phoenix → Low Volume No Efficiency → Forest → GBRP123   [LEGACY_VARIANT],SSD,Phoenix,Low Volume No Efficiency,,Forest,Forest,GBRP123,GBRP123,False,False,True,BUILDABLE,LEGACY_VARIANT
SSD|Phoenix|LEGACY_VARIANT|Low Volume No Efficiency|Forest::GBRP265,SSD → Phoenix → Low Volume No Efficiency → Forest → GBRP265   [LEGACY_VARIANT],SSD,Phoenix,Low Volume No Efficiency,,Forest,Forest,GBRP265,GBRP265,False,False,True,BUILDABLE,LEGACY_VARIANT
SSD|Phoenix|LEGACY_VARIANT|Low Volume No Efficiency|Forest::GBRP267,SSD → Phoenix → Low Volume No Efficiency → Forest → GBRP267   [LEGACY_VARIANT],SSD,Phoenix,Low Volume No Efficiency,,Forest,Forest,GBRP267,GBRP267,False,False,True,BUILDABLE,LEGACY_VARIANT
SSD|Phoenix|LEGACY_VARIANT|Low Volume No Efficiency|Forest::GBRP302,SSD → Phoenix → Low Volume No Efficiency → Forest → GBRP302   [LEGACY_VARIANT],SSD,Phoenix,Low Volume No Efficiency,,Forest,Forest,GBRP302,GBRP302,False,False,True,BUILDABLE,LEGACY_VARIANT
SSD|Phoenix|LEGACY_VARIANT|Low Volume No Efficiency|Forest::IDNP305,SSD → Phoenix → Low Volume No Efficiency → Forest → IDNP305   [LEGACY_VARIANT],SSD,Phoenix,Low Volume No Efficiency,,Forest,Forest,IDNP305,IDNP305,False,False,True,BUILDABLE,LEGACY_VARIANT
SSD|Phoenix|LEGACY_VARIANT|Low Volume No Efficiency|Forest::INDP287,SSD → Phoenix → Low Volume No Efficiency → Forest → INDP287   [LEGACY_VARIANT],SSD,Phoenix,Low Volume No Efficiency,,Forest,Forest,INDP287,INDP287,False,False,True,BUILDABLE,LEGACY_VARIANT
SSD|Phoenix|LEGACY_VARIANT|Low Volume No Efficiency|Forest::INDPRD01,SSD → Phoenix → Low Volume No Efficiency → Forest → INDPRD01   [LEGACY_VARIANT],SSD,Phoenix,Low Volume No Efficiency,,Forest,Forest,INDPRD01,INDPRD01,False,False,True,BUILDABLE,LEGACY_VARIANT
SSD|Phoenix|LEGACY_VARIANT|Low Volume No Efficiency|Forest::ISRP290,SSD → Phoenix → Low Volume No Efficiency → Forest → ISRP290   [LEGACY_VARIANT],SSD,Phoenix,Low Volume No Efficiency,,Forest,Forest,ISRP290,ISRP290,False,False,True,BUILDABLE,LEGACY_VARIANT
SSD|Phoenix|LEGACY_VARIANT|Low Volume No Efficiency|Forest::ITAP293,SSD → Phoenix → Low Volume No Efficiency → Forest → ITAP293   [LEGACY_VARIANT],SSD,Phoenix,Low Volume No Efficiency,,Forest,Forest,ITAP293,ITAP293,False,False,True,BUILDABLE,LEGACY_VARIANT
SSD|Phoenix|LEGACY_VARIANT|Low Volume No Efficiency|Forest::JPNP286,SSD → Phoenix → Low Volume No Efficiency → Forest → JPNP286   [LEGACY_VARIANT],SSD,Phoenix,Low Volume No Efficiency,,Forest,Forest,JPNP286,JPNP286,False,False,True,BUILDABLE,LEGACY_VARIANT
SSD|Phoenix|LEGACY_VARIANT|Low Volume No Efficiency|Forest::JPNP301,SSD → Phoenix → Low Volume No Efficiency → Forest → JPNP301   [LEGACY_VARIANT],SSD,Phoenix,Low Volume No Efficiency,,Forest,Forest,JPNP301,JPNP301,False,False,True,BUILDABLE,LEGACY_VARIANT
SSD|Phoenix|LEGACY_VARIANT|Low Volume No Efficiency|Forest::JPNPRD01,SSD → Phoenix → Low Volume No Efficiency → Forest → JPNPRD01   [LEGACY_VARIANT],SSD,Phoenix,Low Volume No Efficiency,,Forest,Forest,JPNPRD01,JPNPRD01,False,False,True,BUILDABLE,LEGACY_VARIANT
SSD|Phoenix|LEGACY_VARIANT|Low Volume No Efficiency|Forest::KORP216,SSD → Phoenix → Low Volume No Efficiency → Forest → KORP216   [LEGACY_VARIANT],SSD,Phoenix,Low Volume No Efficiency,,Forest,Forest,KORP216,KORP216,False,False,True,BUILDABLE,LEGACY_VARIANT
SSD|Phoenix|LEGACY_VARIANT|Low Volume No Efficiency|Forest::LAMP152,SSD → Phoenix → Low Volume No Efficiency → Forest → LAMP152   [LEGACY_VARIANT],SSD,Phoenix,Low Volume No Efficiency,,Forest,Forest,LAMP152,LAMP152,False,False,True,BUILDABLE,LEGACY_VARIANT
SSD|Phoenix|LEGACY_VARIANT|Low Volume No Efficiency|Forest::LAMP215,SSD → Phoenix → Low Volume No Efficiency → Forest → LAMP215   [LEGACY_VARIANT],SSD,Phoenix,Low Volume No Efficiency,,Forest,Forest,LAMP215,LAMP215,False,False,True,BUILDABLE,LEGACY_VARIANT
SSD|Phoenix|LEGACY_VARIANT|Low Volume No Efficiency|Forest::LAMPRD80,SSD → Phoenix → Low Volume No Efficiency → Forest → LAMPRD80   [LEGACY_VARIANT],SSD,Phoenix,Low Volume No Efficiency,,Forest,Forest,LAMPRD80,LAMPRD80,False,False,True,BUILDABLE,LEGACY_VARIANT
SSD|Phoenix|LEGACY_VARIANT|Low Volume No Efficiency|Forest::MEXP297,SSD → Phoenix → Low Volume No Efficiency → Forest → MEXP297   [LEGACY_VARIANT],SSD,Phoenix,Low Volume No Efficiency,,Forest,Forest,MEXP297,MEXP297,False,False,True,BUILDABLE,LEGACY_VARIANT
SSD|Phoenix|LEGACY_VARIANT|Low Volume No Efficiency|Forest::MYSP306,SSD → Phoenix → Low Volume No Efficiency → Forest → MYSP306   [LEGACY_VARIANT],SSD,Phoenix,Low Volume No Efficiency,,Forest,Forest,MYSP306,MYSP306,False,False,True,BUILDABLE,LEGACY_VARIANT
SSD|Phoenix|LEGACY_VARIANT|Low Volume No Efficiency|Forest::NAMP100,SSD → Phoenix → Low Volume No Efficiency → Forest → NAMP100   [LEGACY_VARIANT],SSD,Phoenix,Low Volume No Efficiency,,Forest,Forest,NAMP100,NAMP100,False,False,True,BUILDABLE,LEGACY_VARIANT
SSD|Phoenix|LEGACY_VARIANT|Low Volume No Efficiency|Forest::NAMP101,SSD → Phoenix → Low Volume No Efficiency → Forest → NAMP101   [LEGACY_VARIANT],SSD,Phoenix,Low Volume No Efficiency,,Forest,Forest,NAMP101,NAMP101,False,False,True,BUILDABLE,LEGACY_VARIANT
SSD|Phoenix|LEGACY_VARIANT|Low Volume No Efficiency|Forest::NAMP102,SSD → Phoenix → Low Volume No Efficiency → Forest → NAMP102   [LEGACY_VARIANT],SSD,Phoenix,Low Volume No Efficiency,,Forest,Forest,NAMP102,NAMP102,False,False,True,BUILDABLE,LEGACY_VARIANT
SSD|Phoenix|LEGACY_VARIANT|Low Volume No Efficiency|Forest::NAMP103,SSD → Phoenix → Low Volume No Efficiency → Forest → NAMP103   [LEGACY_VARIANT],SSD,Phoenix,Low Volume No Efficiency,,Forest,Forest,NAMP103,NAMP103,False,False,True,BUILDABLE,LEGACY_VARIANT
SSD|Phoenix|LEGACY_VARIANT|Low Volume No Efficiency|Forest::NAMP104,SSD → Phoenix → Low Volume No Efficiency → Forest → NAMP104   [LEGACY_VARIANT],SSD,Phoenix,Low Volume No Efficiency,,Forest,Forest,NAMP104,NAMP104,False,False,True,BUILDABLE,LEGACY_VARIANT
SSD|Phoenix|LEGACY_VARIANT|Low Volume No Efficiency|Forest::NAMP105,SSD → Phoenix → Low Volume No Efficiency → Forest → NAMP105   [LEGACY_VARIANT],SSD,Phoenix,Low Volume No Efficiency,,Forest,Forest,NAMP105,NAMP105,False,False,True,BUILDABLE,LEGACY_VARIANT
SSD|Phoenix|LEGACY_VARIANT|Low Volume No Efficiency|Forest::NAMP106,SSD → Phoenix → Low Volume No Efficiency → Forest → NAMP106   [LEGACY_VARIANT],SSD,Phoenix,Low Volume No Efficiency,,Forest,Forest,NAMP106,NAMP106,False,False,True,BUILDABLE,LEGACY_VARIANT
SSD|Phoenix|LEGACY_VARIANT|Low Volume No Efficiency|Forest::NAMP108,SSD → Phoenix → Low Volume No Efficiency → Forest → NAMP108   [LEGACY_VARIANT],SSD,Phoenix,Low Volume No Efficiency,,Forest,Forest,NAMP108,NAMP108,False,False,True,BUILDABLE,LEGACY_VARIANT
SSD|Phoenix|LEGACY_VARIANT|Low Volume No Efficiency|Forest::NAMP109,SSD → Phoenix → Low Volume No Efficiency → Forest → NAMP109   [LEGACY_VARIANT],SSD,Phoenix,Low Volume No Efficiency,,Forest,Forest,NAMP109,NAMP109,False,False,True,BUILDABLE,LEGACY_VARIANT
SSD|Phoenix|LEGACY_VARIANT|Low Volume No Efficiency|Forest::NAMP113,SSD → Phoenix → Low Volume No Efficiency → Forest → NAMP113   [LEGACY_VARIANT],SSD,Phoenix,Low Volume No Efficiency,,Forest,Forest,NAMP113,NAMP113,False,False,True,BUILDABLE,LEGACY_VARIANT
SSD|Phoenix|LEGACY_VARIANT|Low Volume No Efficiency|Forest::NAMP114,SSD → Phoenix → Low Volume No Efficiency → Forest → NAMP114   [LEGACY_VARIANT],SSD,Phoenix,Low Volume No Efficiency,,Forest,Forest,NAMP114,NAMP114,False,False,True,BUILDABLE,LEGACY_VARIANT
SSD|Phoenix|LEGACY_VARIANT|Low Volume No Efficiency|Forest::NAMP115,SSD → Phoenix → Low Volume No Efficiency → Forest → NAMP115   [LEGACY_VARIANT],SSD,Phoenix,Low Volume No Efficiency,,Forest,Forest,NAMP115,NAMP115,False,False,True,BUILDABLE,LEGACY_VARIANT
SSD|Phoenix|LEGACY_VARIANT|Low Volume No Efficiency|Forest::NAMP116,SSD → Phoenix → Low Volume No Efficiency → Forest → NAMP116   [LEGACY_VARIANT],SSD,Phoenix,Low Volume No Efficiency,,Forest,Forest,NAMP116,NAMP116,False,False,True,BUILDABLE,LEGACY_VARIANT
SSD|Phoenix|LEGACY_VARIANT|Low Volume No Efficiency|Forest::NAMP118,SSD → Phoenix → Low Volume No Efficiency → Forest → NAMP118   [LEGACY_VARIANT],SSD,Phoenix,Low Volume No Efficiency,,Forest,Forest,NAMP118,NAMP118,False,False,True,BUILDABLE,LEGACY_VARIANT
SSD|Phoenix|LEGACY_VARIANT|Low Volume No Efficiency|Forest::NAMP125,SSD → Phoenix → Low Volume No Efficiency → Forest → NAMP125   [LEGACY_VARIANT],SSD,Phoenix,Low Volume No Efficiency,,Forest,Forest,NAMP125,NAMP125,False,False,True,BUILDABLE,LEGACY_VARIANT
SSD|Phoenix|LEGACY_VARIANT|Low Volume No Efficiency|Forest::NAMP126,SSD → Phoenix → Low Volume No Efficiency → Forest → NAMP126   [LEGACY_VARIANT],SSD,Phoenix,Low Volume No Efficiency,,Forest,Forest,NAMP126,NAMP126,False,False,True,BUILDABLE,LEGACY_VARIANT
SSD|Phoenix|LEGACY_VARIANT|Low Volume No Efficiency|Forest::NAMP128,SSD → Phoenix → Low Volume No Efficiency → Forest → NAMP128   [LEGACY_VARIANT],SSD,Phoenix,Low Volume No Efficiency,,Forest,Forest,NAMP128,NAMP128,False,False,True,BUILDABLE,LEGACY_VARIANT
SSD|Phoenix|LEGACY_VARIANT|Low Volume No Efficiency|Forest::NAMP129,SSD → Phoenix → Low Volume No Efficiency → Forest → NAMP129   [LEGACY_VARIANT],SSD,Phoenix,Low Volume No Efficiency,,Forest,Forest,NAMP129,NAMP129,False,False,True,BUILDABLE,LEGACY_VARIANT
SSD|Phoenix|LEGACY_VARIANT|Low Volume No Efficiency|Forest::NAMP130,SSD → Phoenix → Low Volume No Efficiency → Forest → NAMP130   [LEGACY_VARIANT],SSD,Phoenix,Low Volume No Efficiency,,Forest,Forest,NAMP130,NAMP130,False,False,True,BUILDABLE,LEGACY_VARIANT
SSD|Phoenix|LEGACY_VARIANT|Low Volume No Efficiency|Forest::NAMP131,SSD → Phoenix → Low Volume No Efficiency → Forest → NAMP131   [LEGACY_VARIANT],SSD,Phoenix,Low Volume No Efficiency,,Forest,Forest,NAMP131,NAMP131,False,False,True,BUILDABLE,LEGACY_VARIANT
SSD|Phoenix|LEGACY_VARIANT|Low Volume No Efficiency|Forest::NAMP132,SSD → Phoenix → Low Volume No Efficiency → Forest → NAMP132   [LEGACY_VARIANT],SSD,Phoenix,Low Volume No Efficiency,,Forest,Forest,NAMP132,NAMP132,False,False,True,BUILDABLE,LEGACY_VARIANT
SSD|Phoenix|LEGACY_VARIANT|Low Volume No Efficiency|Forest::NAMP133,SSD → Phoenix → Low Volume No Efficiency → Forest → NAMP133   [LEGACY_VARIANT],SSD,Phoenix,Low Volume No Efficiency,,Forest,Forest,NAMP133,NAMP133,False,False,True,BUILDABLE,LEGACY_VARIANT
SSD|Phoenix|LEGACY_VARIANT|Low Volume No Efficiency|Forest::NAMP134,SSD → Phoenix → Low Volume No Efficiency → Forest → NAMP134   [LEGACY_VARIANT],SSD,Phoenix,Low Volume No Efficiency,,Forest,Forest,NAMP134,NAMP134,False,False,True,BUILDABLE,LEGACY_VARIANT
SSD|Phoenix|LEGACY_VARIANT|Low Volume No Efficiency|Forest::NAMP135,SSD → Phoenix → Low Volume No Efficiency → Forest → NAMP135   [LEGACY_VARIANT],SSD,Phoenix,Low Volume No Efficiency,,Forest,Forest,NAMP135,NAMP135,False,False,True,BUILDABLE,LEGACY_VARIANT
SSD|Phoenix|LEGACY_VARIANT|Low Volume No Efficiency|Forest::NAMP136,SSD → Phoenix → Low Volume No Efficiency → Forest → NAMP136   [LEGACY_VARIANT],SSD,Phoenix,Low Volume No Efficiency,,Forest,Forest,NAMP136,NAMP136,False,False,True,BUILDABLE,LEGACY_VARIANT
SSD|Phoenix|LEGACY_VARIANT|Low Volume No Efficiency|Forest::NAMP154,SSD → Phoenix → Low Volume No Efficiency → Forest → NAMP154   [LEGACY_VARIANT],SSD,Phoenix,Low Volume No Efficiency,,Forest,Forest,NAMP154,NAMP154,False,False,True,BUILDABLE,LEGACY_VARIANT
SSD|Phoenix|LEGACY_VARIANT|Low Volume No Efficiency|Forest::NAMP157,SSD → Phoenix → Low Volume No Efficiency → Forest → NAMP157   [LEGACY_VARIANT],SSD,Phoenix,Low Volume No Efficiency,,Forest,Forest,NAMP157,NAMP157,False,False,True,BUILDABLE,LEGACY_VARIANT
SSD|Phoenix|LEGACY_VARIANT|Low Volume No Efficiency|Forest::NAMP158,SSD → Phoenix → Low Volume No Efficiency → Forest → NAMP158   [LEGACY_VARIANT],SSD,Phoenix,Low Volume No Efficiency,,Forest,Forest,NAMP158,NAMP158,False,False,True,BUILDABLE,LEGACY_VARIANT
SSD|Phoenix|LEGACY_VARIANT|Low Volume No Efficiency|Forest::NAMP159,SSD → Phoenix → Low Volume No Efficiency → Forest → NAMP159   [LEGACY_VARIANT],SSD,Phoenix,Low Volume No Efficiency,,Forest,Forest,NAMP159,NAMP159,False,False,True,BUILDABLE,LEGACY_VARIANT
SSD|Phoenix|LEGACY_VARIANT|Low Volume No Efficiency|Forest::NAMP161,SSD → Phoenix → Low Volume No Efficiency → Forest → NAMP161   [LEGACY_VARIANT],SSD,Phoenix,Low Volume No Efficiency,,Forest,Forest,NAMP161,NAMP161,False,False,True,BUILDABLE,LEGACY_VARIANT
SSD|Phoenix|LEGACY_VARIANT|Low Volume No Efficiency|Forest::NAMP162,SSD → Phoenix → Low Volume No Efficiency → Forest → NAMP162   [LEGACY_VARIANT],SSD,Phoenix,Low Volume No Efficiency,,Forest,Forest,NAMP162,NAMP162,False,False,True,BUILDABLE,LEGACY_VARIANT
SSD|Phoenix|LEGACY_VARIANT|Low Volume No Efficiency|Forest::NAMP163,SSD → Phoenix → Low Volume No Efficiency → Forest → NAMP163   [LEGACY_VARIANT],SSD,Phoenix,Low Volume No Efficiency,,Forest,Forest,NAMP163,NAMP163,False,False,True,BUILDABLE,LEGACY_VARIANT
SSD|Phoenix|LEGACY_VARIANT|Low Volume No Efficiency|Forest::NAMP164,SSD → Phoenix → Low Volume No Efficiency → Forest → NAMP164   [LEGACY_VARIANT],SSD,Phoenix,Low Volume No Efficiency,,Forest,Forest,NAMP164,NAMP164,False,False,True,BUILDABLE,LEGACY_VARIANT
SSD|Phoenix|LEGACY_VARIANT|Low Volume No Efficiency|Forest::NAMP166,SSD → Phoenix → Low Volume No Efficiency → Forest → NAMP166   [LEGACY_VARIANT],SSD,Phoenix,Low Volume No Efficiency,,Forest,Forest,NAMP166,NAMP166,False,False,True,BUILDABLE,LEGACY_VARIANT
SSD|Phoenix|LEGACY_VARIANT|Low Volume No Efficiency|Forest::NAMP167,SSD → Phoenix → Low Volume No Efficiency → Forest → NAMP167   [LEGACY_VARIANT],SSD,Phoenix,Low Volume No Efficiency,,Forest,Forest,NAMP167,NAMP167,False,False,True,BUILDABLE,LEGACY_VARIANT
SSD|Phoenix|LEGACY_VARIANT|Low Volume No Efficiency|Forest::NAMP169,SSD → Phoenix → Low Volume No Efficiency → Forest → NAMP169   [LEGACY_VARIANT],SSD,Phoenix,Low Volume No Efficiency,,Forest,Forest,NAMP169,NAMP169,False,False,True,BUILDABLE,LEGACY_VARIANT
SSD|Phoenix|LEGACY_VARIANT|Low Volume No Efficiency|Forest::NAMP170,SSD → Phoenix → Low Volume No Efficiency → Forest → NAMP170   [LEGACY_VARIANT],SSD,Phoenix,Low Volume No Efficiency,,Forest,Forest,NAMP170,NAMP170,False,False,True,BUILDABLE,LEGACY_VARIANT
SSD|Phoenix|LEGACY_VARIANT|Low Volume No Efficiency|Forest::NAMP171,SSD → Phoenix → Low Volume No Efficiency → Forest → NAMP171   [LEGACY_VARIANT],SSD,Phoenix,Low Volume No Efficiency,,Forest,Forest,NAMP171,NAMP171,False,False,True,BUILDABLE,LEGACY_VARIANT
SSD|Phoenix|LEGACY_VARIANT|Low Volume No Efficiency|Forest::NAMP172,SSD → Phoenix → Low Volume No Efficiency → Forest → NAMP172   [LEGACY_VARIANT],SSD,Phoenix,Low Volume No Efficiency,,Forest,Forest,NAMP172,NAMP172,False,False,True,BUILDABLE,LEGACY_VARIANT
SSD|Phoenix|LEGACY_VARIANT|Low Volume No Efficiency|Forest::NAMP173,SSD → Phoenix → Low Volume No Efficiency → Forest → NAMP173   [LEGACY_VARIANT],SSD,Phoenix,Low Volume No Efficiency,,Forest,Forest,NAMP173,NAMP173,False,False,True,BUILDABLE,LEGACY_VARIANT
SSD|Phoenix|LEGACY_VARIANT|Low Volume No Efficiency|Forest::NAMP197,SSD → Phoenix → Low Volume No Efficiency → Forest → NAMP197   [LEGACY_VARIANT],SSD,Phoenix,Low Volume No Efficiency,,Forest,Forest,NAMP197,NAMP197,False,False,True,BUILDABLE,LEGACY_VARIANT
SSD|Phoenix|LEGACY_VARIANT|Low Volume No Efficiency|Forest::NAMP220,SSD → Phoenix → Low Volume No Efficiency → Forest → NAMP220   [LEGACY_VARIANT],SSD,Phoenix,Low Volume No Efficiency,,Forest,Forest,NAMP220,NAMP220,False,False,True,BUILDABLE,LEGACY_VARIANT
SSD|Phoenix|LEGACY_VARIANT|Low Volume No Efficiency|Forest::NAMP221,SSD → Phoenix → Low Volume No Efficiency → Forest → NAMP221   [LEGACY_VARIANT],SSD,Phoenix,Low Volume No Efficiency,,Forest,Forest,NAMP221,NAMP221,False,False,True,BUILDABLE,LEGACY_VARIANT
SSD|Phoenix|LEGACY_VARIANT|Low Volume No Efficiency|Forest::NAMP222,SSD → Phoenix → Low Volume No Efficiency → Forest → NAMP222   [LEGACY_VARIANT],SSD,Phoenix,Low Volume No Efficiency,,Forest,Forest,NAMP222,NAMP222,False,False,True,BUILDABLE,LEGACY_VARIANT
SSD|Phoenix|LEGACY_VARIANT|Low Volume No Efficiency|Forest::NAMP223,SSD → Phoenix → Low Volume No Efficiency → Forest → NAMP223   [LEGACY_VARIANT],SSD,Phoenix,Low Volume No Efficiency,,Forest,Forest,NAMP223,NAMP223,False,False,True,BUILDABLE,LEGACY_VARIANT
SSD|Phoenix|LEGACY_VARIANT|Low Volume No Efficiency|Forest::NAMPRD01,SSD → Phoenix → Low Volume No Efficiency → Forest → NAMPRD01   [LEGACY_VARIANT],SSD,Phoenix,Low Volume No Efficiency,,Forest,Forest,NAMPRD01,NAMPRD01,False,False,True,BUILDABLE,LEGACY_VARIANT
SSD|Phoenix|LEGACY_VARIANT|Low Volume No Efficiency|Forest::NAMPRD02,SSD → Phoenix → Low Volume No Efficiency → Forest → NAMPRD02   [LEGACY_VARIANT],SSD,Phoenix,Low Volume No Efficiency,,Forest,Forest,NAMPRD02,NAMPRD02,False,False,True,BUILDABLE,LEGACY_VARIANT
SSD|Phoenix|LEGACY_VARIANT|Low Volume No Efficiency|Forest::NAMPRD03,SSD → Phoenix → Low Volume No Efficiency → Forest → NAMPRD03   [LEGACY_VARIANT],SSD,Phoenix,Low Volume No Efficiency,,Forest,Forest,NAMPRD03,NAMPRD03,False,False,True,BUILDABLE,LEGACY_VARIANT
SSD|Phoenix|LEGACY_VARIANT|Low Volume No Efficiency|Forest::NAMPRD04,SSD → Phoenix → Low Volume No Efficiency → Forest → NAMPRD04   [LEGACY_VARIANT],SSD,Phoenix,Low Volume No Efficiency,,Forest,Forest,NAMPRD04,NAMPRD04,False,False,True,BUILDABLE,LEGACY_VARIANT
SSD|Phoenix|LEGACY_VARIANT|Low Volume No Efficiency|Forest::NAMPRD05,SSD → Phoenix → Low Volume No Efficiency → Forest → NAMPRD05   [LEGACY_VARIANT],SSD,Phoenix,Low Volume No Efficiency,,Forest,Forest,NAMPRD05,NAMPRD05,False,False,True,BUILDABLE,LEGACY_VARIANT
SSD|Phoenix|LEGACY_VARIANT|Low Volume No Efficiency|Forest::NAMPRD06,SSD → Phoenix → Low Volume No Efficiency → Forest → NAMPRD06   [LEGACY_VARIANT],SSD,Phoenix,Low Volume No Efficiency,,Forest,Forest,NAMPRD06,NAMPRD06,False,False,True,BUILDABLE,LEGACY_VARIANT
SSD|Phoenix|LEGACY_VARIANT|Low Volume No Efficiency|Forest::NAMPRD07,SSD → Phoenix → Low Volume No Efficiency → Forest → NAMPRD07   [LEGACY_VARIANT],SSD,Phoenix,Low Volume No Efficiency,,Forest,Forest,NAMPRD07,NAMPRD07,False,False,True,BUILDABLE,LEGACY_VARIANT
SSD|Phoenix|LEGACY_VARIANT|Low Volume No Efficiency|Forest::NAMPRD08,SSD → Phoenix → Low Volume No Efficiency → Forest → NAMPRD08   [LEGACY_VARIANT],SSD,Phoenix,Low Volume No Efficiency,,Forest,Forest,NAMPRD08,NAMPRD08,False,False,True,BUILDABLE,LEGACY_VARIANT
SSD|Phoenix|LEGACY_VARIANT|Low Volume No Efficiency|Forest::NAMPRD10,SSD → Phoenix → Low Volume No Efficiency → Forest → NAMPRD10   [LEGACY_VARIANT],SSD,Phoenix,Low Volume No Efficiency,,Forest,Forest,NAMPRD10,NAMPRD10,False,False,True,BUILDABLE,LEGACY_VARIANT
SSD|Phoenix|LEGACY_VARIANT|Low Volume No Efficiency|Forest::NAMPRD11,SSD → Phoenix → Low Volume No Efficiency → Forest → NAMPRD11   [LEGACY_VARIANT],SSD,Phoenix,Low Volume No Efficiency,,Forest,Forest,NAMPRD11,NAMPRD11,False,False,True,BUILDABLE,LEGACY_VARIANT
SSD|Phoenix|LEGACY_VARIANT|Low Volume No Efficiency|Forest::NAMPRD12,SSD → Phoenix → Low Volume No Efficiency → Forest → NAMPRD12   [LEGACY_VARIANT],SSD,Phoenix,Low Volume No Efficiency,,Forest,Forest,NAMPRD12,NAMPRD12,False,False,True,BUILDABLE,LEGACY_VARIANT
SSD|Phoenix|LEGACY_VARIANT|Low Volume No Efficiency|Forest::NAMPRD13,SSD → Phoenix → Low Volume No Efficiency → Forest → NAMPRD13   [LEGACY_VARIANT],SSD,Phoenix,Low Volume No Efficiency,,Forest,Forest,NAMPRD13,NAMPRD13,False,False,True,BUILDABLE,LEGACY_VARIANT
SSD|Phoenix|LEGACY_VARIANT|Low Volume No Efficiency|Forest::NAMPRD14,SSD → Phoenix → Low Volume No Efficiency → Forest → NAMPRD14   [LEGACY_VARIANT],SSD,Phoenix,Low Volume No Efficiency,,Forest,Forest,NAMPRD14,NAMPRD14,False,False,True,BUILDABLE,LEGACY_VARIANT
SSD|Phoenix|LEGACY_VARIANT|Low Volume No Efficiency|Forest::NAMPRD15,SSD → Phoenix → Low Volume No Efficiency → Forest → NAMPRD15   [LEGACY_VARIANT],SSD,Phoenix,Low Volume No Efficiency,,Forest,Forest,NAMPRD15,NAMPRD15,False,False,True,BUILDABLE,LEGACY_VARIANT
SSD|Phoenix|LEGACY_VARIANT|Low Volume No Efficiency|Forest::NAMPRD16,SSD → Phoenix → Low Volume No Efficiency → Forest → NAMPRD16   [LEGACY_VARIANT],SSD,Phoenix,Low Volume No Efficiency,,Forest,Forest,NAMPRD16,NAMPRD16,False,False,True,BUILDABLE,LEGACY_VARIANT
SSD|Phoenix|LEGACY_VARIANT|Low Volume No Efficiency|Forest::NAMPRD17,SSD → Phoenix → Low Volume No Efficiency → Forest → NAMPRD17   [LEGACY_VARIANT],SSD,Phoenix,Low Volume No Efficiency,,Forest,Forest,NAMPRD17,NAMPRD17,False,False,True,BUILDABLE,LEGACY_VARIANT
SSD|Phoenix|LEGACY_VARIANT|Low Volume No Efficiency|Forest::NAMPRD18,SSD → Phoenix → Low Volume No Efficiency → Forest → NAMPRD18   [LEGACY_VARIANT],SSD,Phoenix,Low Volume No Efficiency,,Forest,Forest,NAMPRD18,NAMPRD18,False,False,True,BUILDABLE,LEGACY_VARIANT
SSD|Phoenix|LEGACY_VARIANT|Low Volume No Efficiency|Forest::NAMPRD19,SSD → Phoenix → Low Volume No Efficiency → Forest → NAMPRD19   [LEGACY_VARIANT],SSD,Phoenix,Low Volume No Efficiency,,Forest,Forest,NAMPRD19,NAMPRD19,False,False,True,BUILDABLE,LEGACY_VARIANT
SSD|Phoenix|LEGACY_VARIANT|Low Volume No Efficiency|Forest::NAMPRD20,SSD → Phoenix → Low Volume No Efficiency → Forest → NAMPRD20   [LEGACY_VARIANT],SSD,Phoenix,Low Volume No Efficiency,,Forest,Forest,NAMPRD20,NAMPRD20,False,False,True,BUILDABLE,LEGACY_VARIANT
SSD|Phoenix|LEGACY_VARIANT|Low Volume No Efficiency|Forest::NAMPRD22,SSD → Phoenix → Low Volume No Efficiency → Forest → NAMPRD22   [LEGACY_VARIANT],SSD,Phoenix,Low Volume No Efficiency,,Forest,Forest,NAMPRD22,NAMPRD22,False,False,True,BUILDABLE,LEGACY_VARIANT
SSD|Phoenix|LEGACY_VARIANT|Low Volume No Efficiency|Forest::NAMPRD84,SSD → Phoenix → Low Volume No Efficiency → Forest → NAMPRD84   [LEGACY_VARIANT],SSD,Phoenix,Low Volume No Efficiency,,Forest,Forest,NAMPRD84,NAMPRD84,False,False,True,BUILDABLE,LEGACY_VARIANT
SSD|Phoenix|LEGACY_VARIANT|Low Volume No Efficiency|Forest::NAMPRD85,SSD → Phoenix → Low Volume No Efficiency → Forest → NAMPRD85   [LEGACY_VARIANT],SSD,Phoenix,Low Volume No Efficiency,,Forest,Forest,NAMPRD85,NAMPRD85,False,False,True,BUILDABLE,LEGACY_VARIANT
SSD|Phoenix|LEGACY_VARIANT|Low Volume No Efficiency|Forest::NORP279,SSD → Phoenix → Low Volume No Efficiency → Forest → NORP279   [LEGACY_VARIANT],SSD,Phoenix,Low Volume No Efficiency,,Forest,Forest,NORP279,NORP279,False,False,True,BUILDABLE,LEGACY_VARIANT
SSD|Phoenix|LEGACY_VARIANT|Low Volume No Efficiency|Forest::NZLP299,SSD → Phoenix → Low Volume No Efficiency → Forest → NZLP299   [LEGACY_VARIANT],SSD,Phoenix,Low Volume No Efficiency,,Forest,Forest,NZLP299,NZLP299,False,False,True,BUILDABLE,LEGACY_VARIANT
SSD|Phoenix|LEGACY_VARIANT|Low Volume No Efficiency|Forest::POLP291,SSD → Phoenix → Low Volume No Efficiency → Forest → POLP291   [LEGACY_VARIANT],SSD,Phoenix,Low Volume No Efficiency,,Forest,Forest,POLP291,POLP291,False,False,True,BUILDABLE,LEGACY_VARIANT
SSD|Phoenix|LEGACY_VARIANT|Low Volume No Efficiency|Forest::QATP289,SSD → Phoenix → Low Volume No Efficiency → Forest → QATP289   [LEGACY_VARIANT],SSD,Phoenix,Low Volume No Efficiency,,Forest,Forest,QATP289,QATP289,False,False,True,BUILDABLE,LEGACY_VARIANT
SSD|Phoenix|LEGACY_VARIANT|Low Volume No Efficiency|Forest::SGPP274,SSD → Phoenix → Low Volume No Efficiency → Forest → SGPP274   [LEGACY_VARIANT],SSD,Phoenix,Low Volume No Efficiency,,Forest,Forest,SGPP274,SGPP274,False,False,True,BUILDABLE,LEGACY_VARIANT
SSD|Phoenix|LEGACY_VARIANT|Low Volume No Efficiency|Forest::SWEP280,SSD → Phoenix → Low Volume No Efficiency → Forest → SWEP280   [LEGACY_VARIANT],SSD,Phoenix,Low Volume No Efficiency,,Forest,Forest,SWEP280,SWEP280,False,False,True,BUILDABLE,LEGACY_VARIANT
SSD|Phoenix|LEGACY_VARIANT|Low Volume No Efficiency|Forest::TWNP295,SSD → Phoenix → Low Volume No Efficiency → Forest → TWNP295   [LEGACY_VARIANT],SSD,Phoenix,Low Volume No Efficiency,,Forest,Forest,TWNP295,TWNP295,False,False,True,BUILDABLE,LEGACY_VARIANT
SSD|Phoenix|LEGACY_VARIANT|Low Volume No Efficiency|Forest::ZAFP275,SSD → Phoenix → Low Volume No Efficiency → Forest → ZAFP275   [LEGACY_VARIANT],SSD,Phoenix,Low Volume No Efficiency,,Forest,Forest,ZAFP275,ZAFP275,False,False,True,BUILDABLE,LEGACY_VARIANT
SSD|Phoenix|LEGACY_VARIANT|Low Volume With Efficiency|Forest::APCP150,SSD → Phoenix → Low Volume With Efficiency → Forest → APCP150   [LEGACY_VARIANT],SSD,Phoenix,Low Volume With Efficiency,,Forest,Forest,APCP150,APCP150,False,False,True,BUILDABLE,LEGACY_VARIANT
SSD|Phoenix|LEGACY_VARIANT|Low Volume With Efficiency|Forest::APCPRD01,SSD → Phoenix → Low Volume With Efficiency → Forest → APCPRD01   [LEGACY_VARIANT],SSD,Phoenix,Low Volume With Efficiency,,Forest,Forest,APCPRD01,APCPRD01,False,False,True,BUILDABLE,LEGACY_VARIANT
SSD|Phoenix|LEGACY_VARIANT|Low Volume With Efficiency|Forest::APCPRD02,SSD → Phoenix → Low Volume With Efficiency → Forest → APCPRD02   [LEGACY_VARIANT],SSD,Phoenix,Low Volume With Efficiency,,Forest,Forest,APCPRD02,APCPRD02,False,False,True,BUILDABLE,LEGACY_VARIANT
SSD|Phoenix|LEGACY_VARIANT|Low Volume With Efficiency|Forest::APCPRD03,SSD → Phoenix → Low Volume With Efficiency → Forest → APCPRD03   [LEGACY_VARIANT],SSD,Phoenix,Low Volume With Efficiency,,Forest,Forest,APCPRD03,APCPRD03,False,False,True,BUILDABLE,LEGACY_VARIANT
SSD|Phoenix|LEGACY_VARIANT|Low Volume With Efficiency|Forest::APCPRD04,SSD → Phoenix → Low Volume With Efficiency → Forest → APCPRD04   [LEGACY_VARIANT],SSD,Phoenix,Low Volume With Efficiency,,Forest,Forest,APCPRD04,APCPRD04,False,False,True,BUILDABLE,LEGACY_VARIANT
SSD|Phoenix|LEGACY_VARIANT|Low Volume With Efficiency|Forest::APCPRD06,SSD → Phoenix → Low Volume With Efficiency → Forest → APCPRD06   [LEGACY_VARIANT],SSD,Phoenix,Low Volume With Efficiency,,Forest,Forest,APCPRD06,APCPRD06,False,False,True,BUILDABLE,LEGACY_VARIANT
SSD|Phoenix|LEGACY_VARIANT|Low Volume With Efficiency|Forest::AREP273,SSD → Phoenix → Low Volume With Efficiency → Forest → AREP273   [LEGACY_VARIANT],SSD,Phoenix,Low Volume With Efficiency,,Forest,Forest,AREP273,AREP273,False,False,True,BUILDABLE,LEGACY_VARIANT
SSD|Phoenix|LEGACY_VARIANT|Low Volume With Efficiency|Forest::AUSP282,SSD → Phoenix → Low Volume With Efficiency → Forest → AUSP282   [LEGACY_VARIANT],SSD,Phoenix,Low Volume With Efficiency,,Forest,Forest,AUSP282,AUSP282,False,False,True,BUILDABLE,LEGACY_VARIANT
SSD|Phoenix|LEGACY_VARIANT|Low Volume With Efficiency|Forest::AUSP300,SSD → Phoenix → Low Volume With Efficiency → Forest → AUSP300   [LEGACY_VARIANT],SSD,Phoenix,Low Volume With Efficiency,,Forest,Forest,AUSP300,AUSP300,False,False,True,BUILDABLE,LEGACY_VARIANT
SSD|Phoenix|LEGACY_VARIANT|Low Volume With Efficiency|Forest::AUSPRD01,SSD → Phoenix → Low Volume With Efficiency → Forest → AUSPRD01   [LEGACY_VARIANT],SSD,Phoenix,Low Volume With Efficiency,,Forest,Forest,AUSPRD01,AUSPRD01,False,False,True,BUILDABLE,LEGACY_VARIANT
SSD|Phoenix|LEGACY_VARIANT|Low Volume With Efficiency|Forest::AUTP296,SSD → Phoenix → Low Volume With Efficiency → Forest → AUTP296   [LEGACY_VARIANT],SSD,Phoenix,Low Volume With Efficiency,,Forest,Forest,AUTP296,AUTP296,False,False,True,BUILDABLE,LEGACY_VARIANT
SSD|Phoenix|LEGACY_VARIANT|Low Volume With Efficiency|Forest::BRAP284,SSD → Phoenix → Low Volume With Efficiency → Forest → BRAP284   [LEGACY_VARIANT],SSD,Phoenix,Low Volume With Efficiency,,Forest,Forest,BRAP284,BRAP284,False,False,True,BUILDABLE,LEGACY_VARIANT
SSD|Phoenix|LEGACY_VARIANT|Low Volume With Efficiency|Forest::CANP288,SSD → Phoenix → Low Volume With Efficiency → Forest → CANP288   [LEGACY_VARIANT],SSD,Phoenix,Low Volume With Efficiency,,Forest,Forest,CANP288,CANP288,False,False,True,BUILDABLE,LEGACY_VARIANT
SSD|Phoenix|LEGACY_VARIANT|Low Volume With Efficiency|Forest::CANPRD01,SSD → Phoenix → Low Volume With Efficiency → Forest → CANPRD01   [LEGACY_VARIANT],SSD,Phoenix,Low Volume With Efficiency,,Forest,Forest,CANPRD01,CANPRD01,False,False,True,BUILDABLE,LEGACY_VARIANT
SSD|Phoenix|LEGACY_VARIANT|Low Volume With Efficiency|Forest::CHEP278,SSD → Phoenix → Low Volume With Efficiency → Forest → CHEP278   [LEGACY_VARIANT],SSD,Phoenix,Low Volume With Efficiency,,Forest,Forest,CHEP278,CHEP278,False,False,True,BUILDABLE,LEGACY_VARIANT
SSD|Phoenix|LEGACY_VARIANT|Low Volume With Efficiency|Forest::CHLP298,SSD → Phoenix → Low Volume With Efficiency → Forest → CHLP298   [LEGACY_VARIANT],SSD,Phoenix,Low Volume With Efficiency,,Forest,Forest,CHLP298,CHLP298,False,False,True,BUILDABLE,LEGACY_VARIANT
SSD|Phoenix|LEGACY_VARIANT|Low Volume With Efficiency|Forest::CHNPR01,SSD → Phoenix → Low Volume With Efficiency → Forest → CHNPR01   [LEGACY_VARIANT],SSD,Phoenix,Low Volume With Efficiency,,Forest,Forest,CHNPR01,CHNPR01,False,False,True,BUILDABLE,LEGACY_VARIANT
SSD|Phoenix|LEGACY_VARIANT|Low Volume With Efficiency|Forest::DEUP281,SSD → Phoenix → Low Volume With Efficiency → Forest → DEUP281   [LEGACY_VARIANT],SSD,Phoenix,Low Volume With Efficiency,,Forest,Forest,DEUP281,DEUP281,False,False,True,BUILDABLE,LEGACY_VARIANT
SSD|Phoenix|LEGACY_VARIANT|Low Volume With Efficiency|Forest::DNKP307,SSD → Phoenix → Low Volume With Efficiency → Forest → DNKP307   [LEGACY_VARIANT],SSD,Phoenix,Low Volume With Efficiency,,Forest,Forest,DNKP307,DNKP307,False,False,True,BUILDABLE,LEGACY_VARIANT
SSD|Phoenix|LEGACY_VARIANT|Low Volume With Efficiency|Forest::ESPP292,SSD → Phoenix → Low Volume With Efficiency → Forest → ESPP292   [LEGACY_VARIANT],SSD,Phoenix,Low Volume With Efficiency,,Forest,Forest,ESPP292,ESPP292,False,False,True,BUILDABLE,LEGACY_VARIANT
SSD|Phoenix|LEGACY_VARIANT|Low Volume With Efficiency|Forest::EURP107,SSD → Phoenix → Low Volume With Efficiency → Forest → EURP107   [LEGACY_VARIANT],SSD,Phoenix,Low Volume With Efficiency,,Forest,Forest,EURP107,EURP107,False,False,True,BUILDABLE,LEGACY_VARIANT
SSD|Phoenix|LEGACY_VARIANT|Low Volume With Efficiency|Forest::EURP119,SSD → Phoenix → Low Volume With Efficiency → Forest → EURP119   [LEGACY_VARIANT],SSD,Phoenix,Low Volume With Efficiency,,Forest,Forest,EURP119,EURP119,False,False,True,BUILDABLE,LEGACY_VARIANT
SSD|Phoenix|LEGACY_VARIANT|Low Volume With Efficiency|Forest::EURP120,SSD → Phoenix → Low Volume With Efficiency → Forest → EURP120   [LEGACY_VARIANT],SSD,Phoenix,Low Volume With Efficiency,,Forest,Forest,EURP120,EURP120,False,False,True,BUILDABLE,LEGACY_VARIANT
SSD|Phoenix|LEGACY_VARIANT|Low Volume With Efficiency|Forest::EURP121,SSD → Phoenix → Low Volume With Efficiency → Forest → EURP121   [LEGACY_VARIANT],SSD,Phoenix,Low Volume With Efficiency,,Forest,Forest,EURP121,EURP121,False,False,True,BUILDABLE,LEGACY_VARIANT
SSD|Phoenix|LEGACY_VARIANT|Low Volume With Efficiency|Forest::EURP122,SSD → Phoenix → Low Volume With Efficiency → Forest → EURP122   [LEGACY_VARIANT],SSD,Phoenix,Low Volume With Efficiency,,Forest,Forest,EURP122,EURP122,False,False,True,BUILDABLE,LEGACY_VARIANT
SSD|Phoenix|LEGACY_VARIANT|Low Volume With Efficiency|Forest::EURP137,SSD → Phoenix → Low Volume With Efficiency → Forest → EURP137   [LEGACY_VARIANT],SSD,Phoenix,Low Volume With Efficiency,,Forest,Forest,EURP137,EURP137,False,False,True,BUILDABLE,LEGACY_VARIANT
SSD|Phoenix|LEGACY_VARIANT|Low Volume With Efficiency|Forest::EURP138,SSD → Phoenix → Low Volume With Efficiency → Forest → EURP138   [LEGACY_VARIANT],SSD,Phoenix,Low Volume With Efficiency,,Forest,Forest,EURP138,EURP138,False,False,True,BUILDABLE,LEGACY_VARIANT
SSD|Phoenix|LEGACY_VARIANT|Low Volume With Efficiency|Forest::EURP174,SSD → Phoenix → Low Volume With Efficiency → Forest → EURP174   [LEGACY_VARIANT],SSD,Phoenix,Low Volume With Efficiency,,Forest,Forest,EURP174,EURP174,False,False,True,BUILDABLE,LEGACY_VARIANT
SSD|Phoenix|LEGACY_VARIANT|Low Volume With Efficiency|Forest::EURP175,SSD → Phoenix → Low Volume With Efficiency → Forest → EURP175   [LEGACY_VARIANT],SSD,Phoenix,Low Volume With Efficiency,,Forest,Forest,EURP175,EURP175,False,False,True,BUILDABLE,LEGACY_VARIANT
SSD|Phoenix|LEGACY_VARIANT|Low Volume With Efficiency|Forest::EURP176,SSD → Phoenix → Low Volume With Efficiency → Forest → EURP176   [LEGACY_VARIANT],SSD,Phoenix,Low Volume With Efficiency,,Forest,Forest,EURP176,EURP176,False,False,True,BUILDABLE,LEGACY_VARIANT
SSD|Phoenix|LEGACY_VARIANT|Low Volume With Efficiency|Forest::EURP177,SSD → Phoenix → Low Volume With Efficiency → Forest → EURP177   [LEGACY_VARIANT],SSD,Phoenix,Low Volume With Efficiency,,Forest,Forest,EURP177,EURP177,False,False,True,BUILDABLE,LEGACY_VARIANT
SSD|Phoenix|LEGACY_VARIANT|Low Volume With Efficiency|Forest::EURP178,SSD → Phoenix → Low Volume With Efficiency → Forest → EURP178   [LEGACY_VARIANT],SSD,Phoenix,Low Volume With Efficiency,,Forest,Forest,EURP178,EURP178,False,False,True,BUILDABLE,LEGACY_VARIANT
SSD|Phoenix|LEGACY_VARIANT|Low Volume With Efficiency|Forest::EURP179,SSD → Phoenix → Low Volume With Efficiency → Forest → EURP179   [LEGACY_VARIANT],SSD,Phoenix,Low Volume With Efficiency,,Forest,Forest,EURP179,EURP179,False,False,True,BUILDABLE,LEGACY_VARIANT
SSD|Phoenix|LEGACY_VARIANT|Low Volume With Efficiency|Forest::EURP180,SSD → Phoenix → Low Volume With Efficiency → Forest → EURP180   [LEGACY_VARIANT],SSD,Phoenix,Low Volume With Efficiency,,Forest,Forest,EURP180,EURP180,False,False,True,BUILDABLE,LEGACY_VARIANT
SSD|Phoenix|LEGACY_VARIANT|Low Volume With Efficiency|Forest::EURP189,SSD → Phoenix → Low Volume With Efficiency → Forest → EURP189   [LEGACY_VARIANT],SSD,Phoenix,Low Volume With Efficiency,,Forest,Forest,EURP189,EURP189,False,False,True,BUILDABLE,LEGACY_VARIANT
SSD|Phoenix|LEGACY_VARIANT|Low Volume With Efficiency|Forest::EURP190,SSD → Phoenix → Low Volume With Efficiency → Forest → EURP190   [LEGACY_VARIANT],SSD,Phoenix,Low Volume With Efficiency,,Forest,Forest,EURP190,EURP190,False,False,True,BUILDABLE,LEGACY_VARIANT
SSD|Phoenix|LEGACY_VARIANT|Low Volume With Efficiency|Forest::EURP191,SSD → Phoenix → Low Volume With Efficiency → Forest → EURP191   [LEGACY_VARIANT],SSD,Phoenix,Low Volume With Efficiency,,Forest,Forest,EURP191,EURP191,False,False,True,BUILDABLE,LEGACY_VARIANT
SSD|Phoenix|LEGACY_VARIANT|Low Volume With Efficiency|Forest::EURP192,SSD → Phoenix → Low Volume With Efficiency → Forest → EURP192   [LEGACY_VARIANT],SSD,Phoenix,Low Volume With Efficiency,,Forest,Forest,EURP192,EURP192,False,False,True,BUILDABLE,LEGACY_VARIANT
SSD|Phoenix|LEGACY_VARIANT|Low Volume With Efficiency|Forest::EURP193,SSD → Phoenix → Low Volume With Efficiency → Forest → EURP193   [LEGACY_VARIANT],SSD,Phoenix,Low Volume With Efficiency,,Forest,Forest,EURP193,EURP193,False,False,True,BUILDABLE,LEGACY_VARIANT
SSD|Phoenix|LEGACY_VARIANT|Low Volume With Efficiency|Forest::EURP194,SSD → Phoenix → Low Volume With Efficiency → Forest → EURP194   [LEGACY_VARIANT],SSD,Phoenix,Low Volume With Efficiency,,Forest,Forest,EURP194,EURP194,False,False,True,BUILDABLE,LEGACY_VARIANT
SSD|Phoenix|LEGACY_VARIANT|Low Volume With Efficiency|Forest::EURP195,SSD → Phoenix → Low Volume With Efficiency → Forest → EURP195   [LEGACY_VARIANT],SSD,Phoenix,Low Volume With Efficiency,,Forest,Forest,EURP195,EURP195,False,False,True,BUILDABLE,LEGACY_VARIANT
SSD|Phoenix|LEGACY_VARIANT|Low Volume With Efficiency|Forest::EURP250,SSD → Phoenix → Low Volume With Efficiency → Forest → EURP250   [LEGACY_VARIANT],SSD,Phoenix,Low Volume With Efficiency,,Forest,Forest,EURP250,EURP250,False,False,True,BUILDABLE,LEGACY_VARIANT
SSD|Phoenix|LEGACY_VARIANT|Low Volume With Efficiency|Forest::EURP251,SSD → Phoenix → Low Volume With Efficiency → Forest → EURP251   [LEGACY_VARIANT],SSD,Phoenix,Low Volume With Efficiency,,Forest,Forest,EURP251,EURP251,False,False,True,BUILDABLE,LEGACY_VARIANT
SSD|Phoenix|LEGACY_VARIANT|Low Volume With Efficiency|Forest::EURP309,SSD → Phoenix → Low Volume With Efficiency → Forest → EURP309   [LEGACY_VARIANT],SSD,Phoenix,Low Volume With Efficiency,,Forest,Forest,EURP309,EURP309,False,False,True,BUILDABLE,LEGACY_VARIANT
SSD|Phoenix|LEGACY_VARIANT|Low Volume With Efficiency|Forest::EURPRD01,SSD → Phoenix → Low Volume With Efficiency → Forest → EURPRD01   [LEGACY_VARIANT],SSD,Phoenix,Low Volume With Efficiency,,Forest,Forest,EURPRD01,EURPRD01,False,False,True,BUILDABLE,LEGACY_VARIANT
SSD|Phoenix|LEGACY_VARIANT|Low Volume With Efficiency|Forest::EURPRD02,SSD → Phoenix → Low Volume With Efficiency → Forest → EURPRD02   [LEGACY_VARIANT],SSD,Phoenix,Low Volume With Efficiency,,Forest,Forest,EURPRD02,EURPRD02,False,False,True,BUILDABLE,LEGACY_VARIANT
SSD|Phoenix|LEGACY_VARIANT|Low Volume With Efficiency|Forest::EURPRD03,SSD → Phoenix → Low Volume With Efficiency → Forest → EURPRD03   [LEGACY_VARIANT],SSD,Phoenix,Low Volume With Efficiency,,Forest,Forest,EURPRD03,EURPRD03,False,False,True,BUILDABLE,LEGACY_VARIANT
SSD|Phoenix|LEGACY_VARIANT|Low Volume With Efficiency|Forest::EURPRD04,SSD → Phoenix → Low Volume With Efficiency → Forest → EURPRD04   [LEGACY_VARIANT],SSD,Phoenix,Low Volume With Efficiency,,Forest,Forest,EURPRD04,EURPRD04,False,False,True,BUILDABLE,LEGACY_VARIANT
SSD|Phoenix|LEGACY_VARIANT|Low Volume With Efficiency|Forest::EURPRD05,SSD → Phoenix → Low Volume With Efficiency → Forest → EURPRD05   [LEGACY_VARIANT],SSD,Phoenix,Low Volume With Efficiency,,Forest,Forest,EURPRD05,EURPRD05,False,False,True,BUILDABLE,LEGACY_VARIANT
SSD|Phoenix|LEGACY_VARIANT|Low Volume With Efficiency|Forest::EURPRD06,SSD → Phoenix → Low Volume With Efficiency → Forest → EURPRD06   [LEGACY_VARIANT],SSD,Phoenix,Low Volume With Efficiency,,Forest,Forest,EURPRD06,EURPRD06,False,False,True,BUILDABLE,LEGACY_VARIANT
SSD|Phoenix|LEGACY_VARIANT|Low Volume With Efficiency|Forest::EURPRD07,SSD → Phoenix → Low Volume With Efficiency → Forest → EURPRD07   [LEGACY_VARIANT],SSD,Phoenix,Low Volume With Efficiency,,Forest,Forest,EURPRD07,EURPRD07,False,False,True,BUILDABLE,LEGACY_VARIANT
SSD|Phoenix|LEGACY_VARIANT|Low Volume With Efficiency|Forest::EURPRD08,SSD → Phoenix → Low Volume With Efficiency → Forest → EURPRD08   [LEGACY_VARIANT],SSD,Phoenix,Low Volume With Efficiency,,Forest,Forest,EURPRD08,EURPRD08,False,False,True,BUILDABLE,LEGACY_VARIANT
SSD|Phoenix|LEGACY_VARIANT|Low Volume With Efficiency|Forest::EURPRD09,SSD → Phoenix → Low Volume With Efficiency → Forest → EURPRD09   [LEGACY_VARIANT],SSD,Phoenix,Low Volume With Efficiency,,Forest,Forest,EURPRD09,EURPRD09,False,False,True,BUILDABLE,LEGACY_VARIANT
SSD|Phoenix|LEGACY_VARIANT|Low Volume With Efficiency|Forest::EURPRD10,SSD → Phoenix → Low Volume With Efficiency → Forest → EURPRD10   [LEGACY_VARIANT],SSD,Phoenix,Low Volume With Efficiency,,Forest,Forest,EURPRD10,EURPRD10,False,False,True,BUILDABLE,LEGACY_VARIANT
SSD|Phoenix|LEGACY_VARIANT|Low Volume With Efficiency|Forest::FRAP264,SSD → Phoenix → Low Volume With Efficiency → Forest → FRAP264   [LEGACY_VARIANT],SSD,Phoenix,Low Volume With Efficiency,,Forest,Forest,FRAP264,FRAP264,False,False,True,BUILDABLE,LEGACY_VARIANT
SSD|Phoenix|LEGACY_VARIANT|Low Volume With Efficiency|Forest::GBRP123,SSD → Phoenix → Low Volume With Efficiency → Forest → GBRP123   [LEGACY_VARIANT],SSD,Phoenix,Low Volume With Efficiency,,Forest,Forest,GBRP123,GBRP123,False,False,True,BUILDABLE,LEGACY_VARIANT
SSD|Phoenix|LEGACY_VARIANT|Low Volume With Efficiency|Forest::GBRP265,SSD → Phoenix → Low Volume With Efficiency → Forest → GBRP265   [LEGACY_VARIANT],SSD,Phoenix,Low Volume With Efficiency,,Forest,Forest,GBRP265,GBRP265,False,False,True,BUILDABLE,LEGACY_VARIANT
SSD|Phoenix|LEGACY_VARIANT|Low Volume With Efficiency|Forest::GBRP267,SSD → Phoenix → Low Volume With Efficiency → Forest → GBRP267   [LEGACY_VARIANT],SSD,Phoenix,Low Volume With Efficiency,,Forest,Forest,GBRP267,GBRP267,False,False,True,BUILDABLE,LEGACY_VARIANT
SSD|Phoenix|LEGACY_VARIANT|Low Volume With Efficiency|Forest::GBRP302,SSD → Phoenix → Low Volume With Efficiency → Forest → GBRP302   [LEGACY_VARIANT],SSD,Phoenix,Low Volume With Efficiency,,Forest,Forest,GBRP302,GBRP302,False,False,True,BUILDABLE,LEGACY_VARIANT
SSD|Phoenix|LEGACY_VARIANT|Low Volume With Efficiency|Forest::IDNP305,SSD → Phoenix → Low Volume With Efficiency → Forest → IDNP305   [LEGACY_VARIANT],SSD,Phoenix,Low Volume With Efficiency,,Forest,Forest,IDNP305,IDNP305,False,False,True,BUILDABLE,LEGACY_VARIANT
SSD|Phoenix|LEGACY_VARIANT|Low Volume With Efficiency|Forest::INDP287,SSD → Phoenix → Low Volume With Efficiency → Forest → INDP287   [LEGACY_VARIANT],SSD,Phoenix,Low Volume With Efficiency,,Forest,Forest,INDP287,INDP287,False,False,True,BUILDABLE,LEGACY_VARIANT
SSD|Phoenix|LEGACY_VARIANT|Low Volume With Efficiency|Forest::INDPRD01,SSD → Phoenix → Low Volume With Efficiency → Forest → INDPRD01   [LEGACY_VARIANT],SSD,Phoenix,Low Volume With Efficiency,,Forest,Forest,INDPRD01,INDPRD01,False,False,True,BUILDABLE,LEGACY_VARIANT
SSD|Phoenix|LEGACY_VARIANT|Low Volume With Efficiency|Forest::ISRP290,SSD → Phoenix → Low Volume With Efficiency → Forest → ISRP290   [LEGACY_VARIANT],SSD,Phoenix,Low Volume With Efficiency,,Forest,Forest,ISRP290,ISRP290,False,False,True,BUILDABLE,LEGACY_VARIANT
SSD|Phoenix|LEGACY_VARIANT|Low Volume With Efficiency|Forest::ITAP293,SSD → Phoenix → Low Volume With Efficiency → Forest → ITAP293   [LEGACY_VARIANT],SSD,Phoenix,Low Volume With Efficiency,,Forest,Forest,ITAP293,ITAP293,False,False,True,BUILDABLE,LEGACY_VARIANT
SSD|Phoenix|LEGACY_VARIANT|Low Volume With Efficiency|Forest::JPNP286,SSD → Phoenix → Low Volume With Efficiency → Forest → JPNP286   [LEGACY_VARIANT],SSD,Phoenix,Low Volume With Efficiency,,Forest,Forest,JPNP286,JPNP286,False,False,True,BUILDABLE,LEGACY_VARIANT
SSD|Phoenix|LEGACY_VARIANT|Low Volume With Efficiency|Forest::JPNP301,SSD → Phoenix → Low Volume With Efficiency → Forest → JPNP301   [LEGACY_VARIANT],SSD,Phoenix,Low Volume With Efficiency,,Forest,Forest,JPNP301,JPNP301,False,False,True,BUILDABLE,LEGACY_VARIANT
SSD|Phoenix|LEGACY_VARIANT|Low Volume With Efficiency|Forest::JPNPRD01,SSD → Phoenix → Low Volume With Efficiency → Forest → JPNPRD01   [LEGACY_VARIANT],SSD,Phoenix,Low Volume With Efficiency,,Forest,Forest,JPNPRD01,JPNPRD01,False,False,True,BUILDABLE,LEGACY_VARIANT
SSD|Phoenix|LEGACY_VARIANT|Low Volume With Efficiency|Forest::KORP216,SSD → Phoenix → Low Volume With Efficiency → Forest → KORP216   [LEGACY_VARIANT],SSD,Phoenix,Low Volume With Efficiency,,Forest,Forest,KORP216,KORP216,False,False,True,BUILDABLE,LEGACY_VARIANT
SSD|Phoenix|LEGACY_VARIANT|Low Volume With Efficiency|Forest::LAMP152,SSD → Phoenix → Low Volume With Efficiency → Forest → LAMP152   [LEGACY_VARIANT],SSD,Phoenix,Low Volume With Efficiency,,Forest,Forest,LAMP152,LAMP152,False,False,True,BUILDABLE,LEGACY_VARIANT
SSD|Phoenix|LEGACY_VARIANT|Low Volume With Efficiency|Forest::LAMP215,SSD → Phoenix → Low Volume With Efficiency → Forest → LAMP215   [LEGACY_VARIANT],SSD,Phoenix,Low Volume With Efficiency,,Forest,Forest,LAMP215,LAMP215,False,False,True,BUILDABLE,LEGACY_VARIANT
SSD|Phoenix|LEGACY_VARIANT|Low Volume With Efficiency|Forest::LAMPRD80,SSD → Phoenix → Low Volume With Efficiency → Forest → LAMPRD80   [LEGACY_VARIANT],SSD,Phoenix,Low Volume With Efficiency,,Forest,Forest,LAMPRD80,LAMPRD80,False,False,True,BUILDABLE,LEGACY_VARIANT
SSD|Phoenix|LEGACY_VARIANT|Low Volume With Efficiency|Forest::MEXP297,SSD → Phoenix → Low Volume With Efficiency → Forest → MEXP297   [LEGACY_VARIANT],SSD,Phoenix,Low Volume With Efficiency,,Forest,Forest,MEXP297,MEXP297,False,False,True,BUILDABLE,LEGACY_VARIANT
SSD|Phoenix|LEGACY_VARIANT|Low Volume With Efficiency|Forest::MYSP306,SSD → Phoenix → Low Volume With Efficiency → Forest → MYSP306   [LEGACY_VARIANT],SSD,Phoenix,Low Volume With Efficiency,,Forest,Forest,MYSP306,MYSP306,False,False,True,BUILDABLE,LEGACY_VARIANT
SSD|Phoenix|LEGACY_VARIANT|Low Volume With Efficiency|Forest::NAMP100,SSD → Phoenix → Low Volume With Efficiency → Forest → NAMP100   [LEGACY_VARIANT],SSD,Phoenix,Low Volume With Efficiency,,Forest,Forest,NAMP100,NAMP100,False,False,True,BUILDABLE,LEGACY_VARIANT
SSD|Phoenix|LEGACY_VARIANT|Low Volume With Efficiency|Forest::NAMP101,SSD → Phoenix → Low Volume With Efficiency → Forest → NAMP101   [LEGACY_VARIANT],SSD,Phoenix,Low Volume With Efficiency,,Forest,Forest,NAMP101,NAMP101,False,False,True,BUILDABLE,LEGACY_VARIANT
SSD|Phoenix|LEGACY_VARIANT|Low Volume With Efficiency|Forest::NAMP102,SSD → Phoenix → Low Volume With Efficiency → Forest → NAMP102   [LEGACY_VARIANT],SSD,Phoenix,Low Volume With Efficiency,,Forest,Forest,NAMP102,NAMP102,False,False,True,BUILDABLE,LEGACY_VARIANT
SSD|Phoenix|LEGACY_VARIANT|Low Volume With Efficiency|Forest::NAMP103,SSD → Phoenix → Low Volume With Efficiency → Forest → NAMP103   [LEGACY_VARIANT],SSD,Phoenix,Low Volume With Efficiency,,Forest,Forest,NAMP103,NAMP103,False,False,True,BUILDABLE,LEGACY_VARIANT
SSD|Phoenix|LEGACY_VARIANT|Low Volume With Efficiency|Forest::NAMP104,SSD → Phoenix → Low Volume With Efficiency → Forest → NAMP104   [LEGACY_VARIANT],SSD,Phoenix,Low Volume With Efficiency,,Forest,Forest,NAMP104,NAMP104,False,False,True,BUILDABLE,LEGACY_VARIANT
SSD|Phoenix|LEGACY_VARIANT|Low Volume With Efficiency|Forest::NAMP105,SSD → Phoenix → Low Volume With Efficiency → Forest → NAMP105   [LEGACY_VARIANT],SSD,Phoenix,Low Volume With Efficiency,,Forest,Forest,NAMP105,NAMP105,False,False,True,BUILDABLE,LEGACY_VARIANT
SSD|Phoenix|LEGACY_VARIANT|Low Volume With Efficiency|Forest::NAMP106,SSD → Phoenix → Low Volume With Efficiency → Forest → NAMP106   [LEGACY_VARIANT],SSD,Phoenix,Low Volume With Efficiency,,Forest,Forest,NAMP106,NAMP106,False,False,True,BUILDABLE,LEGACY_VARIANT
SSD|Phoenix|LEGACY_VARIANT|Low Volume With Efficiency|Forest::NAMP108,SSD → Phoenix → Low Volume With Efficiency → Forest → NAMP108   [LEGACY_VARIANT],SSD,Phoenix,Low Volume With Efficiency,,Forest,Forest,NAMP108,NAMP108,False,False,True,BUILDABLE,LEGACY_VARIANT
SSD|Phoenix|LEGACY_VARIANT|Low Volume With Efficiency|Forest::NAMP109,SSD → Phoenix → Low Volume With Efficiency → Forest → NAMP109   [LEGACY_VARIANT],SSD,Phoenix,Low Volume With Efficiency,,Forest,Forest,NAMP109,NAMP109,False,False,True,BUILDABLE,LEGACY_VARIANT
SSD|Phoenix|LEGACY_VARIANT|Low Volume With Efficiency|Forest::NAMP113,SSD → Phoenix → Low Volume With Efficiency → Forest → NAMP113   [LEGACY_VARIANT],SSD,Phoenix,Low Volume With Efficiency,,Forest,Forest,NAMP113,NAMP113,False,False,True,BUILDABLE,LEGACY_VARIANT
SSD|Phoenix|LEGACY_VARIANT|Low Volume With Efficiency|Forest::NAMP114,SSD → Phoenix → Low Volume With Efficiency → Forest → NAMP114   [LEGACY_VARIANT],SSD,Phoenix,Low Volume With Efficiency,,Forest,Forest,NAMP114,NAMP114,False,False,True,BUILDABLE,LEGACY_VARIANT
SSD|Phoenix|LEGACY_VARIANT|Low Volume With Efficiency|Forest::NAMP115,SSD → Phoenix → Low Volume With Efficiency → Forest → NAMP115   [LEGACY_VARIANT],SSD,Phoenix,Low Volume With Efficiency,,Forest,Forest,NAMP115,NAMP115,False,False,True,BUILDABLE,LEGACY_VARIANT
SSD|Phoenix|LEGACY_VARIANT|Low Volume With Efficiency|Forest::NAMP116,SSD → Phoenix → Low Volume With Efficiency → Forest → NAMP116   [LEGACY_VARIANT],SSD,Phoenix,Low Volume With Efficiency,,Forest,Forest,NAMP116,NAMP116,False,False,True,BUILDABLE,LEGACY_VARIANT
SSD|Phoenix|LEGACY_VARIANT|Low Volume With Efficiency|Forest::NAMP118,SSD → Phoenix → Low Volume With Efficiency → Forest → NAMP118   [LEGACY_VARIANT],SSD,Phoenix,Low Volume With Efficiency,,Forest,Forest,NAMP118,NAMP118,False,False,True,BUILDABLE,LEGACY_VARIANT
SSD|Phoenix|LEGACY_VARIANT|Low Volume With Efficiency|Forest::NAMP125,SSD → Phoenix → Low Volume With Efficiency → Forest → NAMP125   [LEGACY_VARIANT],SSD,Phoenix,Low Volume With Efficiency,,Forest,Forest,NAMP125,NAMP125,False,False,True,BUILDABLE,LEGACY_VARIANT
SSD|Phoenix|LEGACY_VARIANT|Low Volume With Efficiency|Forest::NAMP126,SSD → Phoenix → Low Volume With Efficiency → Forest → NAMP126   [LEGACY_VARIANT],SSD,Phoenix,Low Volume With Efficiency,,Forest,Forest,NAMP126,NAMP126,False,False,True,BUILDABLE,LEGACY_VARIANT
SSD|Phoenix|LEGACY_VARIANT|Low Volume With Efficiency|Forest::NAMP128,SSD → Phoenix → Low Volume With Efficiency → Forest → NAMP128   [LEGACY_VARIANT],SSD,Phoenix,Low Volume With Efficiency,,Forest,Forest,NAMP128,NAMP128,False,False,True,BUILDABLE,LEGACY_VARIANT
SSD|Phoenix|LEGACY_VARIANT|Low Volume With Efficiency|Forest::NAMP129,SSD → Phoenix → Low Volume With Efficiency → Forest → NAMP129   [LEGACY_VARIANT],SSD,Phoenix,Low Volume With Efficiency,,Forest,Forest,NAMP129,NAMP129,False,False,True,BUILDABLE,LEGACY_VARIANT
SSD|Phoenix|LEGACY_VARIANT|Low Volume With Efficiency|Forest::NAMP130,SSD → Phoenix → Low Volume With Efficiency → Forest → NAMP130   [LEGACY_VARIANT],SSD,Phoenix,Low Volume With Efficiency,,Forest,Forest,NAMP130,NAMP130,False,False,True,BUILDABLE,LEGACY_VARIANT
SSD|Phoenix|LEGACY_VARIANT|Low Volume With Efficiency|Forest::NAMP131,SSD → Phoenix → Low Volume With Efficiency → Forest → NAMP131   [LEGACY_VARIANT],SSD,Phoenix,Low Volume With Efficiency,,Forest,Forest,NAMP131,NAMP131,False,False,True,BUILDABLE,LEGACY_VARIANT
SSD|Phoenix|LEGACY_VARIANT|Low Volume With Efficiency|Forest::NAMP132,SSD → Phoenix → Low Volume With Efficiency → Forest → NAMP132   [LEGACY_VARIANT],SSD,Phoenix,Low Volume With Efficiency,,Forest,Forest,NAMP132,NAMP132,False,False,True,BUILDABLE,LEGACY_VARIANT
SSD|Phoenix|LEGACY_VARIANT|Low Volume With Efficiency|Forest::NAMP133,SSD → Phoenix → Low Volume With Efficiency → Forest → NAMP133   [LEGACY_VARIANT],SSD,Phoenix,Low Volume With Efficiency,,Forest,Forest,NAMP133,NAMP133,False,False,True,BUILDABLE,LEGACY_VARIANT
SSD|Phoenix|LEGACY_VARIANT|Low Volume With Efficiency|Forest::NAMP134,SSD → Phoenix → Low Volume With Efficiency → Forest → NAMP134   [LEGACY_VARIANT],SSD,Phoenix,Low Volume With Efficiency,,Forest,Forest,NAMP134,NAMP134,False,False,True,BUILDABLE,LEGACY_VARIANT
SSD|Phoenix|LEGACY_VARIANT|Low Volume With Efficiency|Forest::NAMP135,SSD → Phoenix → Low Volume With Efficiency → Forest → NAMP135   [LEGACY_VARIANT],SSD,Phoenix,Low Volume With Efficiency,,Forest,Forest,NAMP135,NAMP135,False,False,True,BUILDABLE,LEGACY_VARIANT
SSD|Phoenix|LEGACY_VARIANT|Low Volume With Efficiency|Forest::NAMP136,SSD → Phoenix → Low Volume With Efficiency → Forest → NAMP136   [LEGACY_VARIANT],SSD,Phoenix,Low Volume With Efficiency,,Forest,Forest,NAMP136,NAMP136,False,False,True,BUILDABLE,LEGACY_VARIANT
SSD|Phoenix|LEGACY_VARIANT|Low Volume With Efficiency|Forest::NAMP154,SSD → Phoenix → Low Volume With Efficiency → Forest → NAMP154   [LEGACY_VARIANT],SSD,Phoenix,Low Volume With Efficiency,,Forest,Forest,NAMP154,NAMP154,False,False,True,BUILDABLE,LEGACY_VARIANT
SSD|Phoenix|LEGACY_VARIANT|Low Volume With Efficiency|Forest::NAMP156,SSD → Phoenix → Low Volume With Efficiency → Forest → NAMP156   [LEGACY_VARIANT],SSD,Phoenix,Low Volume With Efficiency,,Forest,Forest,NAMP156,NAMP156,False,False,True,BUILDABLE,LEGACY_VARIANT
SSD|Phoenix|LEGACY_VARIANT|Low Volume With Efficiency|Forest::NAMP157,SSD → Phoenix → Low Volume With Efficiency → Forest → NAMP157   [LEGACY_VARIANT],SSD,Phoenix,Low Volume With Efficiency,,Forest,Forest,NAMP157,NAMP157,False,False,True,BUILDABLE,LEGACY_VARIANT
SSD|Phoenix|LEGACY_VARIANT|Low Volume With Efficiency|Forest::NAMP158,SSD → Phoenix → Low Volume With Efficiency → Forest → NAMP158   [LEGACY_VARIANT],SSD,Phoenix,Low Volume With Efficiency,,Forest,Forest,NAMP158,NAMP158,False,False,True,BUILDABLE,LEGACY_VARIANT
SSD|Phoenix|LEGACY_VARIANT|Low Volume With Efficiency|Forest::NAMP159,SSD → Phoenix → Low Volume With Efficiency → Forest → NAMP159   [LEGACY_VARIANT],SSD,Phoenix,Low Volume With Efficiency,,Forest,Forest,NAMP159,NAMP159,False,False,True,BUILDABLE,LEGACY_VARIANT
SSD|Phoenix|LEGACY_VARIANT|Low Volume With Efficiency|Forest::NAMP161,SSD → Phoenix → Low Volume With Efficiency → Forest → NAMP161   [LEGACY_VARIANT],SSD,Phoenix,Low Volume With Efficiency,,Forest,Forest,NAMP161,NAMP161,False,False,True,BUILDABLE,LEGACY_VARIANT
SSD|Phoenix|LEGACY_VARIANT|Low Volume With Efficiency|Forest::NAMP162,SSD → Phoenix → Low Volume With Efficiency → Forest → NAMP162   [LEGACY_VARIANT],SSD,Phoenix,Low Volume With Efficiency,,Forest,Forest,NAMP162,NAMP162,False,False,True,BUILDABLE,LEGACY_VARIANT
SSD|Phoenix|LEGACY_VARIANT|Low Volume With Efficiency|Forest::NAMP163,SSD → Phoenix → Low Volume With Efficiency → Forest → NAMP163   [LEGACY_VARIANT],SSD,Phoenix,Low Volume With Efficiency,,Forest,Forest,NAMP163,NAMP163,False,False,True,BUILDABLE,LEGACY_VARIANT
SSD|Phoenix|LEGACY_VARIANT|Low Volume With Efficiency|Forest::NAMP164,SSD → Phoenix → Low Volume With Efficiency → Forest → NAMP164   [LEGACY_VARIANT],SSD,Phoenix,Low Volume With Efficiency,,Forest,Forest,NAMP164,NAMP164,False,False,True,BUILDABLE,LEGACY_VARIANT
SSD|Phoenix|LEGACY_VARIANT|Low Volume With Efficiency|Forest::NAMP166,SSD → Phoenix → Low Volume With Efficiency → Forest → NAMP166   [LEGACY_VARIANT],SSD,Phoenix,Low Volume With Efficiency,,Forest,Forest,NAMP166,NAMP166,False,False,True,BUILDABLE,LEGACY_VARIANT
SSD|Phoenix|LEGACY_VARIANT|Low Volume With Efficiency|Forest::NAMP167,SSD → Phoenix → Low Volume With Efficiency → Forest → NAMP167   [LEGACY_VARIANT],SSD,Phoenix,Low Volume With Efficiency,,Forest,Forest,NAMP167,NAMP167,False,False,True,BUILDABLE,LEGACY_VARIANT
SSD|Phoenix|LEGACY_VARIANT|Low Volume With Efficiency|Forest::NAMP169,SSD → Phoenix → Low Volume With Efficiency → Forest → NAMP169   [LEGACY_VARIANT],SSD,Phoenix,Low Volume With Efficiency,,Forest,Forest,NAMP169,NAMP169,False,False,True,BUILDABLE,LEGACY_VARIANT
SSD|Phoenix|LEGACY_VARIANT|Low Volume With Efficiency|Forest::NAMP170,SSD → Phoenix → Low Volume With Efficiency → Forest → NAMP170   [LEGACY_VARIANT],SSD,Phoenix,Low Volume With Efficiency,,Forest,Forest,NAMP170,NAMP170,False,False,True,BUILDABLE,LEGACY_VARIANT
SSD|Phoenix|LEGACY_VARIANT|Low Volume With Efficiency|Forest::NAMP171,SSD → Phoenix → Low Volume With Efficiency → Forest → NAMP171   [LEGACY_VARIANT],SSD,Phoenix,Low Volume With Efficiency,,Forest,Forest,NAMP171,NAMP171,False,False,True,BUILDABLE,LEGACY_VARIANT
SSD|Phoenix|LEGACY_VARIANT|Low Volume With Efficiency|Forest::NAMP172,SSD → Phoenix → Low Volume With Efficiency → Forest → NAMP172   [LEGACY_VARIANT],SSD,Phoenix,Low Volume With Efficiency,,Forest,Forest,NAMP172,NAMP172,False,False,True,BUILDABLE,LEGACY_VARIANT
SSD|Phoenix|LEGACY_VARIANT|Low Volume With Efficiency|Forest::NAMP173,SSD → Phoenix → Low Volume With Efficiency → Forest → NAMP173   [LEGACY_VARIANT],SSD,Phoenix,Low Volume With Efficiency,,Forest,Forest,NAMP173,NAMP173,False,False,True,BUILDABLE,LEGACY_VARIANT
SSD|Phoenix|LEGACY_VARIANT|Low Volume With Efficiency|Forest::NAMP197,SSD → Phoenix → Low Volume With Efficiency → Forest → NAMP197   [LEGACY_VARIANT],SSD,Phoenix,Low Volume With Efficiency,,Forest,Forest,NAMP197,NAMP197,False,False,True,BUILDABLE,LEGACY_VARIANT
SSD|Phoenix|LEGACY_VARIANT|Low Volume With Efficiency|Forest::NAMP220,SSD → Phoenix → Low Volume With Efficiency → Forest → NAMP220   [LEGACY_VARIANT],SSD,Phoenix,Low Volume With Efficiency,,Forest,Forest,NAMP220,NAMP220,False,False,True,BUILDABLE,LEGACY_VARIANT
SSD|Phoenix|LEGACY_VARIANT|Low Volume With Efficiency|Forest::NAMP221,SSD → Phoenix → Low Volume With Efficiency → Forest → NAMP221   [LEGACY_VARIANT],SSD,Phoenix,Low Volume With Efficiency,,Forest,Forest,NAMP221,NAMP221,False,False,True,BUILDABLE,LEGACY_VARIANT
SSD|Phoenix|LEGACY_VARIANT|Low Volume With Efficiency|Forest::NAMP222,SSD → Phoenix → Low Volume With Efficiency → Forest → NAMP222   [LEGACY_VARIANT],SSD,Phoenix,Low Volume With Efficiency,,Forest,Forest,NAMP222,NAMP222,False,False,True,BUILDABLE,LEGACY_VARIANT
SSD|Phoenix|LEGACY_VARIANT|Low Volume With Efficiency|Forest::NAMP223,SSD → Phoenix → Low Volume With Efficiency → Forest → NAMP223   [LEGACY_VARIANT],SSD,Phoenix,Low Volume With Efficiency,,Forest,Forest,NAMP223,NAMP223,False,False,True,BUILDABLE,LEGACY_VARIANT
SSD|Phoenix|LEGACY_VARIANT|Low Volume With Efficiency|Forest::NAMP242,SSD → Phoenix → Low Volume With Efficiency → Forest → NAMP242   [LEGACY_VARIANT],SSD,Phoenix,Low Volume With Efficiency,,Forest,Forest,NAMP242,NAMP242,False,False,True,BUILDABLE,LEGACY_VARIANT
SSD|Phoenix|LEGACY_VARIANT|Low Volume With Efficiency|Forest::NAMP243,SSD → Phoenix → Low Volume With Efficiency → Forest → NAMP243   [LEGACY_VARIANT],SSD,Phoenix,Low Volume With Efficiency,,Forest,Forest,NAMP243,NAMP243,False,False,True,BUILDABLE,LEGACY_VARIANT
SSD|Phoenix|LEGACY_VARIANT|Low Volume With Efficiency|Forest::NAMPRD01,SSD → Phoenix → Low Volume With Efficiency → Forest → NAMPRD01   [LEGACY_VARIANT],SSD,Phoenix,Low Volume With Efficiency,,Forest,Forest,NAMPRD01,NAMPRD01,False,False,True,BUILDABLE,LEGACY_VARIANT
SSD|Phoenix|LEGACY_VARIANT|Low Volume With Efficiency|Forest::NAMPRD02,SSD → Phoenix → Low Volume With Efficiency → Forest → NAMPRD02   [LEGACY_VARIANT],SSD,Phoenix,Low Volume With Efficiency,,Forest,Forest,NAMPRD02,NAMPRD02,False,False,True,BUILDABLE,LEGACY_VARIANT
SSD|Phoenix|LEGACY_VARIANT|Low Volume With Efficiency|Forest::NAMPRD03,SSD → Phoenix → Low Volume With Efficiency → Forest → NAMPRD03   [LEGACY_VARIANT],SSD,Phoenix,Low Volume With Efficiency,,Forest,Forest,NAMPRD03,NAMPRD03,False,False,True,BUILDABLE,LEGACY_VARIANT
SSD|Phoenix|LEGACY_VARIANT|Low Volume With Efficiency|Forest::NAMPRD04,SSD → Phoenix → Low Volume With Efficiency → Forest → NAMPRD04   [LEGACY_VARIANT],SSD,Phoenix,Low Volume With Efficiency,,Forest,Forest,NAMPRD04,NAMPRD04,False,False,True,BUILDABLE,LEGACY_VARIANT
SSD|Phoenix|LEGACY_VARIANT|Low Volume With Efficiency|Forest::NAMPRD05,SSD → Phoenix → Low Volume With Efficiency → Forest → NAMPRD05   [LEGACY_VARIANT],SSD,Phoenix,Low Volume With Efficiency,,Forest,Forest,NAMPRD05,NAMPRD05,False,False,True,BUILDABLE,LEGACY_VARIANT
SSD|Phoenix|LEGACY_VARIANT|Low Volume With Efficiency|Forest::NAMPRD06,SSD → Phoenix → Low Volume With Efficiency → Forest → NAMPRD06   [LEGACY_VARIANT],SSD,Phoenix,Low Volume With Efficiency,,Forest,Forest,NAMPRD06,NAMPRD06,False,False,True,BUILDABLE,LEGACY_VARIANT
SSD|Phoenix|LEGACY_VARIANT|Low Volume With Efficiency|Forest::NAMPRD07,SSD → Phoenix → Low Volume With Efficiency → Forest → NAMPRD07   [LEGACY_VARIANT],SSD,Phoenix,Low Volume With Efficiency,,Forest,Forest,NAMPRD07,NAMPRD07,False,False,True,BUILDABLE,LEGACY_VARIANT
SSD|Phoenix|LEGACY_VARIANT|Low Volume With Efficiency|Forest::NAMPRD08,SSD → Phoenix → Low Volume With Efficiency → Forest → NAMPRD08   [LEGACY_VARIANT],SSD,Phoenix,Low Volume With Efficiency,,Forest,Forest,NAMPRD08,NAMPRD08,False,False,True,BUILDABLE,LEGACY_VARIANT
SSD|Phoenix|LEGACY_VARIANT|Low Volume With Efficiency|Forest::NAMPRD10,SSD → Phoenix → Low Volume With Efficiency → Forest → NAMPRD10   [LEGACY_VARIANT],SSD,Phoenix,Low Volume With Efficiency,,Forest,Forest,NAMPRD10,NAMPRD10,False,False,True,BUILDABLE,LEGACY_VARIANT
SSD|Phoenix|LEGACY_VARIANT|Low Volume With Efficiency|Forest::NAMPRD11,SSD → Phoenix → Low Volume With Efficiency → Forest → NAMPRD11   [LEGACY_VARIANT],SSD,Phoenix,Low Volume With Efficiency,,Forest,Forest,NAMPRD11,NAMPRD11,False,False,True,BUILDABLE,LEGACY_VARIANT
SSD|Phoenix|LEGACY_VARIANT|Low Volume With Efficiency|Forest::NAMPRD12,SSD → Phoenix → Low Volume With Efficiency → Forest → NAMPRD12   [LEGACY_VARIANT],SSD,Phoenix,Low Volume With Efficiency,,Forest,Forest,NAMPRD12,NAMPRD12,False,False,True,BUILDABLE,LEGACY_VARIANT
SSD|Phoenix|LEGACY_VARIANT|Low Volume With Efficiency|Forest::NAMPRD13,SSD → Phoenix → Low Volume With Efficiency → Forest → NAMPRD13   [LEGACY_VARIANT],SSD,Phoenix,Low Volume With Efficiency,,Forest,Forest,NAMPRD13,NAMPRD13,False,False,True,BUILDABLE,LEGACY_VARIANT
SSD|Phoenix|LEGACY_VARIANT|Low Volume With Efficiency|Forest::NAMPRD14,SSD → Phoenix → Low Volume With Efficiency → Forest → NAMPRD14   [LEGACY_VARIANT],SSD,Phoenix,Low Volume With Efficiency,,Forest,Forest,NAMPRD14,NAMPRD14,False,False,True,BUILDABLE,LEGACY_VARIANT
SSD|Phoenix|LEGACY_VARIANT|Low Volume With Efficiency|Forest::NAMPRD15,SSD → Phoenix → Low Volume With Efficiency → Forest → NAMPRD15   [LEGACY_VARIANT],SSD,Phoenix,Low Volume With Efficiency,,Forest,Forest,NAMPRD15,NAMPRD15,False,False,True,BUILDABLE,LEGACY_VARIANT
SSD|Phoenix|LEGACY_VARIANT|Low Volume With Efficiency|Forest::NAMPRD16,SSD → Phoenix → Low Volume With Efficiency → Forest → NAMPRD16   [LEGACY_VARIANT],SSD,Phoenix,Low Volume With Efficiency,,Forest,Forest,NAMPRD16,NAMPRD16,False,False,True,BUILDABLE,LEGACY_VARIANT
SSD|Phoenix|LEGACY_VARIANT|Low Volume With Efficiency|Forest::NAMPRD17,SSD → Phoenix → Low Volume With Efficiency → Forest → NAMPRD17   [LEGACY_VARIANT],SSD,Phoenix,Low Volume With Efficiency,,Forest,Forest,NAMPRD17,NAMPRD17,False,False,True,BUILDABLE,LEGACY_VARIANT
SSD|Phoenix|LEGACY_VARIANT|Low Volume With Efficiency|Forest::NAMPRD18,SSD → Phoenix → Low Volume With Efficiency → Forest → NAMPRD18   [LEGACY_VARIANT],SSD,Phoenix,Low Volume With Efficiency,,Forest,Forest,NAMPRD18,NAMPRD18,False,False,True,BUILDABLE,LEGACY_VARIANT
SSD|Phoenix|LEGACY_VARIANT|Low Volume With Efficiency|Forest::NAMPRD19,SSD → Phoenix → Low Volume With Efficiency → Forest → NAMPRD19   [LEGACY_VARIANT],SSD,Phoenix,Low Volume With Efficiency,,Forest,Forest,NAMPRD19,NAMPRD19,False,False,True,BUILDABLE,LEGACY_VARIANT
SSD|Phoenix|LEGACY_VARIANT|Low Volume With Efficiency|Forest::NAMPRD20,SSD → Phoenix → Low Volume With Efficiency → Forest → NAMPRD20   [LEGACY_VARIANT],SSD,Phoenix,Low Volume With Efficiency,,Forest,Forest,NAMPRD20,NAMPRD20,False,False,True,BUILDABLE,LEGACY_VARIANT
SSD|Phoenix|LEGACY_VARIANT|Low Volume With Efficiency|Forest::NAMPRD22,SSD → Phoenix → Low Volume With Efficiency → Forest → NAMPRD22   [LEGACY_VARIANT],SSD,Phoenix,Low Volume With Efficiency,,Forest,Forest,NAMPRD22,NAMPRD22,False,False,True,BUILDABLE,LEGACY_VARIANT
SSD|Phoenix|LEGACY_VARIANT|Low Volume With Efficiency|Forest::NAMPRD84,SSD → Phoenix → Low Volume With Efficiency → Forest → NAMPRD84   [LEGACY_VARIANT],SSD,Phoenix,Low Volume With Efficiency,,Forest,Forest,NAMPRD84,NAMPRD84,False,False,True,BUILDABLE,LEGACY_VARIANT
SSD|Phoenix|LEGACY_VARIANT|Low Volume With Efficiency|Forest::NAMPRD85,SSD → Phoenix → Low Volume With Efficiency → Forest → NAMPRD85   [LEGACY_VARIANT],SSD,Phoenix,Low Volume With Efficiency,,Forest,Forest,NAMPRD85,NAMPRD85,False,False,True,BUILDABLE,LEGACY_VARIANT
SSD|Phoenix|LEGACY_VARIANT|Low Volume With Efficiency|Forest::NORP279,SSD → Phoenix → Low Volume With Efficiency → Forest → NORP279   [LEGACY_VARIANT],SSD,Phoenix,Low Volume With Efficiency,,Forest,Forest,NORP279,NORP279,False,False,True,BUILDABLE,LEGACY_VARIANT
SSD|Phoenix|LEGACY_VARIANT|Low Volume With Efficiency|Forest::NZLP299,SSD → Phoenix → Low Volume With Efficiency → Forest → NZLP299   [LEGACY_VARIANT],SSD,Phoenix,Low Volume With Efficiency,,Forest,Forest,NZLP299,NZLP299,False,False,True,BUILDABLE,LEGACY_VARIANT
SSD|Phoenix|LEGACY_VARIANT|Low Volume With Efficiency|Forest::POLP291,SSD → Phoenix → Low Volume With Efficiency → Forest → POLP291   [LEGACY_VARIANT],SSD,Phoenix,Low Volume With Efficiency,,Forest,Forest,POLP291,POLP291,False,False,True,BUILDABLE,LEGACY_VARIANT
SSD|Phoenix|LEGACY_VARIANT|Low Volume With Efficiency|Forest::QATP289,SSD → Phoenix → Low Volume With Efficiency → Forest → QATP289   [LEGACY_VARIANT],SSD,Phoenix,Low Volume With Efficiency,,Forest,Forest,QATP289,QATP289,False,False,True,BUILDABLE,LEGACY_VARIANT
SSD|Phoenix|LEGACY_VARIANT|Low Volume With Efficiency|Forest::SGPP274,SSD → Phoenix → Low Volume With Efficiency → Forest → SGPP274   [LEGACY_VARIANT],SSD,Phoenix,Low Volume With Efficiency,,Forest,Forest,SGPP274,SGPP274,False,False,True,BUILDABLE,LEGACY_VARIANT
SSD|Phoenix|LEGACY_VARIANT|Low Volume With Efficiency|Forest::SWEP280,SSD → Phoenix → Low Volume With Efficiency → Forest → SWEP280   [LEGACY_VARIANT],SSD,Phoenix,Low Volume With Efficiency,,Forest,Forest,SWEP280,SWEP280,False,False,True,BUILDABLE,LEGACY_VARIANT
SSD|Phoenix|LEGACY_VARIANT|Low Volume With Efficiency|Forest::TWNP295,SSD → Phoenix → Low Volume With Efficiency → Forest → TWNP295   [LEGACY_VARIANT],SSD,Phoenix,Low Volume With Efficiency,,Forest,Forest,TWNP295,TWNP295,False,False,True,BUILDABLE,LEGACY_VARIANT
SSD|Phoenix|LEGACY_VARIANT|Low Volume With Efficiency|Forest::ZAFP275,SSD → Phoenix → Low Volume With Efficiency → Forest → ZAFP275   [LEGACY_VARIANT],SSD,Phoenix,Low Volume With Efficiency,,Forest,Forest,ZAFP275,ZAFP275,False,False,True,BUILDABLE,LEGACY_VARIANT
