run_id,model_name,entity_key,window_id,mase,rmsse,wmape,mape,smape,rmse,bias,actual_sum,absolute_error_sum,squared_error_mean,mase_denominator,rmsse_denominator,forecast_rows,negative_forecast_rows,execution_mode,created_timestamp
challenger_metrics_scoring,AutoARIMA,APC-Dedicated,1,86.16759296731395,7.154591771867307,0.07384522608521174,0.07513433338093749,0.07176641194256618,187.16294722258286,166.4896383350899,68118.092036,5030.195906891681,35029.968813043335,1.945896260093897,26.159835975342364,30,0,official,2026-06-13T16:26:53
challenger_metrics_scoring,AutoARIMA,APC-Dedicated,2,216.26609573644092,21.49922187486847,0.24874858333487887,0.2995754191764605,0.23757207332317307,562.9887599392823,443.0406176343193,53432.33859200001,13291.218529029578,316956.3438179709,2.0485902615740743,26.18647145538734,30,0,official,2026-06-13T16:26:53
challenger_metrics_scoring,AutoARIMA,APC-Dedicated,3,137.42343420701297,14.473503493514702,0.25962926567515876,0.2600189694767497,0.3165725471350317,384.47764559479646,-332.2459236166005,38390.809613,9967.377708498016,147823.05996211793,2.417680256164384,26.564241737812377,30,0,official,2026-06-13T16:26:53
challenger_metrics_scoring,AutoARIMA,APC-Dedicated,4,2.253230487043766,0.24259949279295737,0.004225052411768526,0.004217617611663097,0.004229896892433658,6.401559252496175,-5.148244978988077,38530.769652,162.79452124548015,40.97996086321938,2.4083128968468475,26.3873562916287,30,0,official,2026-06-13T16:26:53
challenger_metrics_scoring,AutoARIMA,APC-Dedicated,5,1.6552219587520838,0.18697582476021307,0.0030464019875023098,0.003040166514250504,0.003047297147169699,4.9008239804575915,-3.8669463695300617,38845.12493,118.33786579152752,24.018075687428187,2.383121795555556,26.211003410428308,30,0,official,2026-06-13T16:26:53
challenger_metrics_scoring,AutoARIMA,APC-Dedicated,6,2.0068951577346423,0.21183794946894313,0.003616582948747559,0.003610380941437235,0.003619251575517421,5.515848313975584,-4.7302718721115,39238.18648,141.90815616334498,30.424582622787295,2.357009958333334,26.03805563546698,30,0,official,2026-06-13T16:26:53
challenger_metrics_scoring,AutoARIMA,APC-Dedicated,7,2.0299690203926875,0.22056768105632277,0.003583067566026575,0.0035755501691322744,0.0035848449734779773,5.705752003958017,-4.734255790696693,39638.56977400001,142.0276737209008,32.55560593067093,2.332181300865801,25.868486156414875,30,0,official,2026-06-13T16:26:53
challenger_metrics_scoring,AutoARIMA,APC-Dedicated,8,0.8129823466856316,0.08867800558606474,0.001408466791729693,0.0014070233002289457,0.0014081109600604842,2.279221176459306,-1.0891038507090798,39974.23962300001,56.30238903364079,5.194849171220542,2.308471160256411,25.70221512534189,30,0,official,2026-06-13T16:26:53
challenger_metrics_scoring,AutoARIMA,APC-Dedicated,9,84.47974535441831,16.265885577163626,0.16869149884525367,1.0853568225041752,0.22576142076596792,415.4223828515492,191.95956132250544,34372.12980999999,5798.286096152523,172575.75617405912,2.2878407409282717,25.539487590812673,30,0,official,2026-06-13T16:26:53
challenger_metrics_scoring,AutoARIMA,APC-Dedicated,10,17.62169612936546,1.9032137651217467,1.0,1.0,2.0,51.70937477620874,-49.153499,1474.6049699999999,1474.6049699999999,2673.859439746413,2.789373885416668,27.16950440556579,30,30,official,2026-06-13T16:26:53
challenger_metrics_scoring,AutoARIMA,APC-Dedicated,11,10.137113502762976,1.0433323800213583,0.9885461733755673,0.9884881456748196,1.9657730519111192,28.172794701905975,-28.11626934367327,853.261186,843.4880803101981,793.7063613157414,2.773597172016461,27.002703300868745,30,29,official,2026-06-13T16:26:53
challenger_metrics_scoring,AutoARIMA,APC-Dedicated,12,9.540554184752494,1.0016836397122726,0.906814073449024,0.906238929419812,1.760141440461454,26.88273241184703,-26.140189196852877,864.7921320000003,784.2056759055863,722.6813019269708,2.7399025979674803,26.837547650842065,30,24,official,2026-06-13T16:26:53
challenger_metrics_scoring,AutoARIMA,APC-MSIT,1,2.6260638252254815,0.5037439413243984,0.018236984996236966,0.0184069688561503,0.01815185397198709,61.27723336305461,50.03721035760682,82311.64915900002,1501.1163107282046,3754.8993286302534,19.054072439884614,121.64361362232965,30,0,official,2026-06-13T16:26:53
challenger_metrics_scoring,AutoARIMA,APC-MSIT,2,8.172013659537662,1.3045570808014255,0.06064081685302107,0.060785370402863005,0.05890871917819065,157.59384169746076,154.08637462013257,76229.03975400001,4622.591238603977,24835.81894096432,18.855374090117483,120.80256511324632,30,0,official,2026-06-13T16:26:53
challenger_metrics_scoring,AutoARIMA,APC-MSIT,3,7.305161419187031,1.3502963053143746,0.05698772933233951,0.058363422612915404,0.056037500247840114,162.01534606931324,136.7692191433621,71999.299189,4103.076574300863,26248.97236195933,18.722272006767337,119.98503249373329,30,0,official,2026-06-13T16:26:53
challenger_metrics_scoring,AutoARIMA,APC-MSIT,4,5.466988333397096,2.068572488730931,0.045705797329937736,0.061844661097148194,0.05063181032613589,246.54722471336655,101.05744885217827,66749.627101,3050.8449281272256,60785.53401386326,18.60161842971827,119.18713318314663,30,0,official,2026-06-13T16:26:53
challenger_metrics_scoring,AutoARIMA,APC-MSIT,5,7.451406331042691,1.23750477334952,0.06313538663644808,0.06278479345683054,0.06501016975133701,149.62984393089437,-143.01036373690118,67954.140153,4290.310912107036,22389.090194783803,19.192399042999103,120.91253880653358,30,0,official,2026-06-13T16:26:53
challenger_metrics_scoring,AutoARIMA,APC-MSIT,6,1.4973622322726494,0.2965729709899364,0.012605534766511451,0.012702313956427598,0.012577324930445933,35.62612454444095,27.534543724318215,67785.822463,854.4765417339195,1269.2207500560178,19.02181768529097,120.12599943118163,30,0,official,2026-06-13T16:26:53
challenger_metrics_scoring,AutoARIMA,APC-MSIT,7,0.7746319212109657,0.126284683247756,0.006559839931692107,0.006562293964063615,0.006539371066792593,15.071695753249605,14.58553696815546,66703.778385,437.5661090446638,227.15601287852218,18.828990348544117,119.34698148373762,30,0,official,2026-06-13T16:26:53
challenger_metrics_scoring,AutoARIMA,APC-MSIT,8,1.8027135788865356,0.3068433714017916,0.01485817670026703,0.014819695646814767,0.014949889749914505,36.385567292100475,-33.533373624399566,67706.908393,1006.0012087319869,1323.9095071679717,18.601609272345858,118.58026173378182,30,0,official,2026-06-13T16:26:53
challenger_metrics_scoring,AutoARIMA,APC-MSIT,9,0.7638627461246982,0.1323475912263585,0.006254663112399852,0.006263942237862296,0.006239912032839693,15.594651734657715,14.00365315316526,67468.76522500001,421.9943970919735,243.19316272526285,18.414931182897973,117.83102049802825,30,0,official,2026-06-13T16:26:53
challenger_metrics_scoring,AutoARIMA,APC-MSIT,10,2.4255779272016835,0.3921134995911961,0.019262500898992826,0.019233058075078302,0.01943510319630332,45.913734277673505,-44.139443456386786,68744.100812,1324.1833036916037,2108.070995320811,18.197495517,117.09297008529818,30,0,official,2026-06-13T16:26:53
challenger_metrics_scoring,AutoARIMA,APC-MSIT,11,0.9346983347896426,0.18949038145187258,0.007291367666923842,0.007243710892999486,0.007285706073259278,22.050806362792287,-11.670751798371036,69219.55659400001,504.70523686829665,486.23806124936084,17.99886366481661,116.36900086347036,30,0,official,2026-06-13T16:26:53
challenger_metrics_scoring,AutoARIMA,APC-MSIT,12,1.159611676760822,0.2057108604964049,0.0087930581781574,0.008768557517021575,0.008819802839094917,23.7921493128292,-20.643375134138463,70430.70129600001,619.3012540241539,566.066368923959,17.801972460127534,115.65820713313774,30,0,official,2026-06-13T16:26:53
challenger_metrics_scoring,AutoARIMA,APC-Multitenant,1,6.025966246311928,1.463077963036755,0.008261494197840441,0.008223117310611979,0.008269225593500039,4371.524244273093,-3721.327882081478,13612520.948039,112459.76283020567,19110224.218267437,622.0842613084909,2987.8956246457205,30,0,official,2026-06-13T16:26:53
challenger_metrics_scoring,AutoARIMA,APC-Multitenant,2,7.928056123550479,2.544499327544506,0.010577890239979059,0.01038473165449522,0.010508747369558962,7551.323304566262,-3909.8528411017032,13909008.864992999,147127.96912079165,57022483.65008553,618.5962310220641,2967.704971591973,30,0,official,2026-06-13T16:26:53
challenger_metrics_scoring,AutoARIMA,APC-Multitenant,3,5.064154252118569,1.1091020705037586,0.00648816303866872,0.006480889114386645,0.006503547441230354,3272.3855356518325,-3153.2422087733166,14579976.751418,94597.2662631995,10708507.093943331,622.6591947617255,2950.4818561609054,30,0,official,2026-06-13T16:26:53
challenger_metrics_scoring,AutoARIMA,APC-Multitenant,4,19.42071144124131,11.539164034976668,0.024771071683105984,0.03116504478561655,0.027072872769834715,33821.867405532765,6914.802194936071,14561539.718615,360704.9441862071,1143918714.7974396,619.106986678534,2931.0500572670953,30,0,official,2026-06-13T16:26:53
challenger_metrics_scoring,AutoARIMA,APC-Multitenant,5,256.71547512881887,45.15338831942206,0.36630105209517316,0.3533197946086791,0.4379068167729959,188712.86759886175,-178855.78470403238,14648261.342494998,5365673.541120972,35612546397.38552,696.7082316104364,4179.373345448135,30,0,official,2026-06-13T16:26:53
challenger_metrics_scoring,AutoARIMA,APC-Multitenant,6,2.787346263928241,0.6049512204810602,0.00408580982275732,0.0040674579382638685,0.004080658428224301,2736.6658466152194,-2148.4278088540846,15891110.227229998,64928.054260935634,7489339.956030196,776.4620073841818,4523.779362638544,30,0,official,2026-06-13T16:26:53
challenger_metrics_scoring,AutoARIMA,APC-Multitenant,7,2.4250698521203953,0.5810591081772919,0.003456771580793537,0.0034356083009812097,0.003447044217633549,2611.8706366832344,-1844.9168782471058,16277275.040202998,56266.821771733696,6821868.222768084,773.4048254669995,4495.017116032031,30,0,official,2026-06-13T16:26:53
challenger_metrics_scoring,AutoARIMA,APC-Multitenant,8,2.2292357641167193,0.4336627766920136,0.003093032355785637,0.0030879395641036224,0.0030939541420210693,1936.9390491424824,-1609.5028694537739,16616167.757551001,51394.34450326732,3751732.8800929836,768.4897417991898,4466.463697708813,30,0,official,2026-06-13T16:26:53
challenger_metrics_scoring,AutoARIMA,APC-Multitenant,9,1.10281456278166,0.21689090844159595,0.001509859505838254,0.0015088855191749508,0.0015085209652952428,962.6489629353833,366.2327219268889,16712000.653360998,25232.773048052215,926693.025840569,762.6780270416116,4438.40163634431,30,0,official,2026-06-13T16:26:53
challenger_metrics_scoring,AutoARIMA,APC-Multitenant,10,5.1681789793860675,0.9979938201285272,0.006865432451198788,0.006842523692626463,0.0068722204490076055,4401.954539626016,-3911.2716481207635,17091151.981713,117338.14944362291,19377203.768934093,756.7987996780612,4410.803404633415,30,0,official,2026-06-13T16:26:53
challenger_metrics_scoring,AutoARIMA,APC-Multitenant,11,3.119265368443353,0.5670001239612563,0.0040376872026405015,0.004032184165095627,0.004041296567162283,2485.656131751018,-2348.9172622916094,17452445.999943998,70467.51786874828,6178486.405311435,753.0354057256179,4383.872289807234,30,0,official,2026-06-13T16:26:53
challenger_metrics_scoring,AutoARIMA,APC-Multitenant,12,6.158003938159596,1.3275019998832642,0.007762914676242818,0.007711434761576262,0.007758426068407892,5784.311395765847,-4591.056463689605,17793985.594511997,138133.19192049047,33458258.32318664,747.7162692525195,4357.290155701836,30,0,official,2026-06-13T16:26:53
challenger_metrics_scoring,AutoARIMA,ARE-Go Local,1,11.722219991443922,1.9668884197772067,0.008264433545979019,0.008223253614013252,0.008268459609897076,426.5510017049691,-369.17340473142053,1340104.2043989997,11075.202141942616,181945.75705551257,31.49347179978546,216.86588695930467,30,0,official,2026-06-13T16:26:53
challenger_metrics_scoring,AutoARIMA,ARE-Go Local,2,8.9292052994544,1.5980298760926754,0.006233679487799484,0.0062624326257309714,0.006233622830148744,344.28654356570087,265.66941615723067,1360448.60527,8480.600564877015,118533.22408041723,31.658661215144583,215.44437229641284,30,0,official,2026-06-13T16:26:53
challenger_metrics_scoring,AutoARIMA,ARE-Go Local,3,6.477710757542329,1.0598652987416102,0.0044641891353963785,0.004462690105167002,0.004463681114438773,226.89994547826393,-32.52604215705627,1388988.2741709996,6200.706362747143,51483.585258039144,31.90791003610519,214.08375738658935,30,0,official,2026-06-13T16:26:53
challenger_metrics_scoring,AutoARIMA,ARE-Go Local,4,9.68229004356648,3.261535251462714,0.006617298178229895,0.00670115948069964,0.006589919971329989,693.9664272310258,304.1097657806924,1411214.3448169997,9338.426113049427,481589.4021237946,32.149508952359405,212.77293474592977,30,0,official,2026-06-13T16:26:53
challenger_metrics_scoring,AutoARIMA,ARE-Go Local,5,76.19431386905615,12.620056944897595,0.05262014821797308,0.05220503693854529,0.05379104168161667,2703.6385849775043,-2537.574748536475,1447498.019537,76167.56033325943,7309661.598179162,33.32162925095142,214.23346953046914,30,0,official,2026-06-13T16:26:53
challenger_metrics_scoring,AutoARIMA,ARE-Go Local,6,18.355482704931497,3.3597589747662298,0.012673932139942369,0.012610169806795642,0.012714010929633418,723.6877878896202,-634.4706947039051,1501832.314624,19034.120841117154,523724.0143405719,34.56573193433068,215.39872155262984,30,0,official,2026-06-13T16:26:53
challenger_metrics_scoring,AutoARIMA,ARE-Go Local,7,4.394111005029816,0.956018406506148,0.00296787067171901,0.0029456407770972488,0.0029532272631540343,204.68011234478587,-137.75550603864468,1545924.3761709998,4588.103616733417,41893.948389474164,34.804943946428466,214.09641378434026,30,0,official,2026-06-13T16:26:53
challenger_metrics_scoring,AutoARIMA,ARE-Go Local,8,5.440639755381195,1.178133646467586,0.0035970210961213263,0.0035886468424890846,0.003577596189539255,250.75183715573604,190.6023617199729,1589668.4225080002,5718.070851599186,62876.48383697676,35.0330788822129,212.8381936188383,30,0,official,2026-06-13T16:26:53
challenger_metrics_scoring,AutoARIMA,ARE-Go Local,9,2.2645453088648533,0.43755304895336505,0.001496056505216275,0.0014962416966656197,0.001497761942600477,92.56480574335176,-79.46092145534979,1593407.491862,2383.827643660494,8568.243262304446,35.089128552336675,211.55104727248153,30,0,official,2026-06-13T16:26:53
challenger_metrics_scoring,AutoARIMA,ARE-Go Local,10,5.607512588543493,1.061377855352371,0.003711070744674354,0.0037170837152260138,0.0037080723409862603,223.141583034604,195.2607517299805,1578472.3479890001,5857.822551899415,49792.16607918907,34.82127746425585,210.23764713889034,30,0,official,2026-06-13T16:26:53
challenger_metrics_scoring,AutoARIMA,ARE-Go Local,11,114.57255212904768,28.52023287644915,0.08222744441434046,0.09229930455957953,0.08337409793941211,5959.374942548506,3965.144179503353,1446649.9139349996,118954.32538510059,35514149.70587501,34.6081509560619,208.95253444685284,30,0,official,2026-06-13T16:26:53
challenger_metrics_scoring,AutoARIMA,ARE-Go Local,12,35.39077847921551,6.6900966598702105,0.035129842052072306,0.035276576274736494,0.034582194789435604,1468.2723198182612,1377.755156028749,1176568.190076,41332.65468086247,2155823.605144498,38.92977818608552,219.46952255944626,30,0,official,2026-06-13T16:26:53
challenger_metrics_scoring,AutoARIMA,AUS-Go Local,1,15.368345436520858,2.219459216836021,0.012612266135409183,0.012592327692707354,0.0126801968311368,3406.871901295534,-3244.558172506976,7717625.375977,97336.74517520927,11606776.151837047,211.11954998074867,1535.0009026758528,30,0,official,2026-06-13T16:26:53
challenger_metrics_scoring,AutoARIMA,AUS-Go Local,2,5.761326162655148,0.832653771915406,0.004640620251422612,0.004635169291661429,0.004646980732430073,1269.3335641024328,-1210.8144493386228,7827495.3588419985,36324.43348015868,1611207.6969569847,210.16245481589092,1524.443420441734,30,0,official,2026-06-13T16:26:53
challenger_metrics_scoring,AutoARIMA,AUS-Go Local,3,0.6749059753818424,0.11732465001693791,0.0005344184141557309,0.0005339926826396511,0.0005341371107493874,177.6391172102788,-65.46780903069109,7917451.544627,4231.2318986344035,31555.655963247173,208.97883324861135,1514.0817993885635,30,0,official,2026-06-13T16:26:53
challenger_metrics_scoring,AutoARIMA,AUS-Go Local,4,42.63216005994449,30.099712289107792,0.03419187152737122,0.40352165927525474,0.05939511989919168,45267.76802961448,7943.063098813498,7772871.394730999,265769.02012742107,2049170822.3829873,207.80010501753208,1503.9269344111162,30,0,official,2026-06-13T16:26:53
challenger_metrics_scoring,AutoARIMA,AUS-Go Local,5,674.5024482078263,41.97841533136947,0.899280410485891,0.858586600500366,1.5548406604730702,226838.45669857156,-213727.66349485496,7150905.443317,6430669.182411904,51455685437.38973,317.79816364385283,5403.692705118877,30,1,official,2026-06-13T16:26:53
challenger_metrics_scoring,AutoARIMA,AUS-Go Local,6,3.6206507069638754,0.2949957445627956,0.005595761341657945,0.005583458812637267,0.005605256437881203,1815.6526559487263,-1537.058889833312,8240481.299965001,46111.76669499936,3296594.567053664,424.525593390428,6154.843550843932,30,0,official,2026-06-13T16:26:53
challenger_metrics_scoring,AutoARIMA,AUS-Go Local,7,3.6797367474597196,0.3263376822141082,0.005567251865620109,0.005546831646636139,0.0055724661516413755,1995.4893036843994,-1545.7690776571167,8335701.174774999,46406.94791651785,3981977.561118849,420.3828616141681,6114.798910581128,30,0,official,2026-06-13T16:26:53
challenger_metrics_scoring,AutoARIMA,AUS-Go Local,8,4.506339478872191,0.35115287846068816,0.006655314734194427,0.006640026741038435,0.006667945465837222,2133.458872139436,-1722.2351339000006,8475521.415866999,56407.26255900005,4551646.759110476,417.24377271518233,6075.584177158549,30,0,official,2026-06-13T16:26:53
challenger_metrics_scoring,AutoARIMA,AUS-Go Local,9,1.9226669846527238,0.14357294058307854,0.0028306712596864255,0.0028321274007532876,0.0028273960891257873,866.7691880081564,797.5973185117725,8453090.224968,23927.919555353175,751288.8252803189,414.8390360256986,6037.134744806596,30,0,official,2026-06-13T16:26:53
challenger_metrics_scoring,AutoARIMA,AUS-Go Local,10,0.9303823928825983,0.09257832572589958,0.0013614085361918272,0.0013637942232709338,0.0013623778257329717,555.407875735967,90.76397408342261,8419353.314702999,11462.179471851618,308477.90842953935,410.6619514562686,5999.329447589987,30,0,official,2026-06-13T16:26:53
challenger_metrics_scoring,AutoARIMA,AUS-Go Local,11,4.876881038395578,0.46250702641800223,0.007061695151061282,0.007009237547135424,0.007054332067369712,2757.635603693935,-1529.7457957666659,8463384.015383001,59765.8378629997,7604554.122760413,408.497681150887,5962.3647775713,30,0,official,2026-06-13T16:26:53
challenger_metrics_scoring,AutoARIMA,AUS-Go Local,12,1.606233045222899,0.1265585334379712,0.0023454595955196217,0.002347861670451644,0.0023453047944825734,750.038067651737,322.2335132333702,8390982.897593,19680.711353000544,562557.1029267516,408.42374256821967,5926.412445505663,30,0,official,2026-06-13T16:26:53
challenger_metrics_scoring,AutoARIMA,BRA-Go Local,1,2.6854443228636877,0.9032184094098471,0.0023490074837088865,0.002336730785174521,0.002340873414936735,139.08351762129334,-86.77559498554086,1385956.400591,3255.6219570824906,19344.224873912615,40.410717503547424,153.98658416646865,30,0,official,2026-06-13T16:26:53
challenger_metrics_scoring,AutoARIMA,BRA-Go Local,2,5.289431871334898,1.52605868936439,0.004500639384617222,0.004489616197833025,0.004501664909340062,233.09795251723378,-212.30637631294886,1421832.362796,6399.15473032304,54334.655467726574,40.32666699677194,152.74507733009935,30,0,official,2026-06-13T16:26:53
challenger_metrics_scoring,AutoARIMA,BRA-Go Local,3,4.4319722669516235,1.5095185792009305,0.003682674340500146,0.0036604368393621874,0.0036714210926641028,228.7450619180171,-178.32709480334572,1453723.8679870002,5353.591586808347,52324.30335187747,40.26492995551938,151.53510865636656,30,0,official,2026-06-13T16:26:53
challenger_metrics_scoring,AutoARIMA,BRA-Go Local,4,6.729793294164118,2.6847810842942756,0.0055010468798375,0.005514043958656494,0.005480681312734863,403.7149819315199,251.14616541012802,1479187.01749,8137.077127259501,162985.78663596744,40.30374966749592,150.37165759741666,30,0,official,2026-06-13T16:26:53
challenger_metrics_scoring,AutoARIMA,BRA-Go Local,5,20.399032933198345,5.837211152140279,0.016479693211726754,0.01642470505442122,0.01657717318679532,872.6192468789875,-823.6613461438554,1499411.4311990002,24709.840384315663,761464.3500236514,40.37747028700514,149.4924929277283,30,0,official,2026-06-13T16:26:53
challenger_metrics_scoring,AutoARIMA,BRA-Go Local,6,6.138234106008377,2.009333051967958,0.004881999324363125,0.004855458302119998,0.0048712071124812914,299.0253227006231,-198.58635760392232,1535731.8065520003,7497.441641989826,89416.14361621179,40.71443302480647,148.81819736541692,30,0,official,2026-06-13T16:26:53
challenger_metrics_scoring,AutoARIMA,BRA-Go Local,7,15.74283296150131,5.019781959556943,0.012435742595384554,0.012453609588305608,0.012351390726448558,742.3311984297155,644.0146594746742,1553621.7186909998,19320.439784240225,551055.6081620977,40.90843503514236,147.88116384545822,30,0,official,2026-06-13T16:26:53
challenger_metrics_scoring,AutoARIMA,BRA-Go Local,8,10.125770026875356,4.134675896254248,0.007954259150861844,0.00799663764747455,0.007927384495748119,606.8309358006596,411.44903924310324,1551806.5156269998,12343.471177293097,368243.7846447043,40.63385186025892,146.76626440065343,30,0,official,2026-06-13T16:26:53
challenger_metrics_scoring,AutoARIMA,BRA-Go Local,9,23.601078749498434,7.182428484938158,0.01911950645767988,0.01915468301261081,0.018940031302075087,1048.2162645408457,963.8930895160079,1512423.5946930002,28916.792685480235,1098757.3372479642,40.84106068823199,145.94176144447488,30,0,official,2026-06-13T16:26:53
challenger_metrics_scoring,AutoARIMA,BRA-Go Local,10,5.2335607564963675,1.5591033978633428,0.0041752859762298105,0.004168670102502946,0.004178358106268149,226.06246293726076,-214.1072628089411,1538389.9260639998,6423.217884268233,51104.2371492604,40.9104379925602,144.99517045955113,30,0,official,2026-06-13T16:26:53
challenger_metrics_scoring,AutoARIMA,BRA-Go Local,11,12.356712932120834,4.155028837828821,0.009598729237278707,0.009537262945473596,0.009600965547292383,598.528567557835,-506.05346825678595,1581626.4499620001,15181.604047703579,358236.4461828338,40.95372863614222,144.04919698959094,30,0,official,2026-06-13T16:26:53
challenger_metrics_scoring,AutoARIMA,BRA-Go Local,12,6.083850444016509,1.9943203898379143,0.0046218956451345725,0.004605258067440074,0.0046189768213138055,285.62436138440574,-248.52331861483376,1629290.339437,7530.4099245037,81581.2758162496,41.25901293267264,143.2188944363245,30,0,official,2026-06-13T16:26:53
challenger_metrics_scoring,AutoARIMA,CAN-Go Local,1,1.2696681753387737,0.636357925741457,0.0008928686017108896,0.0008979160404162159,0.00089602248783501,291.14541976167186,104.38988993478803,4456642.653856,3979.196294673515,84765.65544820012,104.46814298840413,457.5183367480522,30,0,official,2026-06-13T16:26:53
challenger_metrics_scoring,AutoARIMA,CAN-Go Local,2,3.0964282904841394,0.8321403244777278,0.0021515674912990805,0.002145308080318963,0.002148025205828191,379.00606398432126,-230.64127547956403,4518000.227863999,9720.782415954018,143645.59653688743,104.64511047376388,455.45931717970166,30,0,official,2026-06-13T16:26:53
challenger_metrics_scoring,AutoARIMA,CAN-Go Local,3,1.4339086324012003,0.4476135403352845,0.000981866138533812,0.000980951911268912,0.000980111191459182,202.59055815444344,129.3985524075193,4580040.8988540005,4496.987071684707,41042.93425332893,104.53913566664112,452.60149637719445,30,0,official,2026-06-13T16:26:53
challenger_metrics_scoring,AutoARIMA,CAN-Go Local,4,8.188897505499899,6.416431243783357,0.005554812709554427,0.005889654888047816,0.005689614477055295,2885.86640578551,628.2772914451983,4611622.683728999,25616.70029524734,8328224.912041378,104.274111291304,449.76191532972774,30,0,official,2026-06-13T16:26:53
challenger_metrics_scoring,AutoARIMA,CAN-Go Local,5,133.71785202984847,29.046760226124317,0.09677734769630034,0.09590468034410794,0.10116473713283278,15599.338158837665,-14948.053089068702,4633745.430587,448441.59267206106,243339350.99376887,111.7880138078497,537.0422738164032,30,0,official,2026-06-13T16:26:53
challenger_metrics_scoring,AutoARIMA,CAN-Go Local,6,1.7796785436063505,0.48130880665033915,0.001355433575198594,0.0013529351913693743,0.0013539619423440009,270.14288782483305,-112.10653976616547,4769798.151835999,6465.144561918714,72977.17984234032,121.09199130643204,561.2672863912217,30,0,official,2026-06-13T16:26:53
challenger_metrics_scoring,AutoARIMA,CAN-Go Local,7,4.849806642554272,1.240210624173272,0.0036735271173657796,0.003674151437171881,0.003665469381585325,692.1588641823353,478.9837350600826,4809714.597406,17668.617000360973,479083.8932661805,121.43863527347663,558.0978349090747,30,0,official,2026-06-13T16:26:53
challenger_metrics_scoring,AutoARIMA,CAN-Go Local,8,7.644269166199788,1.8988372313992115,0.005783745774943509,0.00578517922909206,0.005763925569960817,1053.884985982902,907.7701894028646,4831535.028656999,27944.370308486483,1110673.5636801815,121.85324588013572,555.0159690129508,30,0,official,2026-06-13T16:26:53
challenger_metrics_scoring,AutoARIMA,CAN-Go Local,9,2.3827697403566566,0.6332508271688242,0.0017952546875090703,0.0017944491459530065,0.0017940895404358836,349.44628913796873,90.81063329624497,4853236.179728001,8712.795001245308,122112.70899229686,121.8860954638608,551.8291870226119,30,0,official,2026-06-13T16:26:53
challenger_metrics_scoring,AutoARIMA,CAN-Go Local,10,9.959563508379023,2.5018645978417844,0.007402882877315191,0.007379698339265577,0.007414262046062525,1373.5991805003139,-1155.983493027612,4929018.794828,36488.94883819696,1886774.708671134,122.12365467455358,549.03018400166,30,0,official,2026-06-13T16:26:53
challenger_metrics_scoring,AutoARIMA,CAN-Go Local,11,21.395260806051372,5.0390313594295195,0.015831248305553262,0.01580236381214589,0.01593742596351678,2765.421377469294,-2667.9500196779863,5055728.963726998,80038.5005903396,7647555.394964168,124.69817703383131,548.8001919841939,30,0,official,2026-06-13T16:26:53
challenger_metrics_scoring,AutoARIMA,CAN-Go Local,12,5.907542814190033,1.4339631291614467,0.00435974211368119,0.004361719881057747,0.004351104883225637,784.7581890992036,742.2649713305077,5107629.891694001,22267.949139915232,615845.4153582613,125.64698973447518,547.2652491128657,30,0,official,2026-06-13T16:26:53
challenger_metrics_scoring,AutoARIMA,CHE-Go Local,1,6.947279512268848,1.2046887213425184,0.005383575898234526,0.005375599478684236,0.005391491226331005,155.83015041242527,-148.7170164603261,828726.2180649999,4461.510493809783,24283.035777559086,21.40651116709683,129.35304170422253,30,0,official,2026-06-13T16:26:53
challenger_metrics_scoring,AutoARIMA,CHE-Go Local,2,2.2352614320856454,0.41908991346338376,0.0017065166297369442,0.0017060628063275758,0.0017044485530080173,53.83259367026288,37.86931645873313,839691.3805480001,1432.947304751935,2897.9481412676273,21.368824904668998,128.45117942683746,30,0,official,2026-06-13T16:26:53
challenger_metrics_scoring,AutoARIMA,CHE-Go Local,3,7.22748496248338,1.5583625231046931,0.005448543379050813,0.005458805603179225,0.00543554413730693,198.78437199977333,106.07190614866656,848701.1482509999,4624.185022095808,39515.22655134427,21.32685180759812,127.5597744764417,30,0,official,2026-06-13T16:26:53
challenger_metrics_scoring,AutoARIMA,CHE-Go Local,4,5.579677284960918,1.1674394588828048,0.0042029931965146166,0.004201529809424642,0.004187995764457741,147.96832350232066,119.27810025318952,851379.6811670003,3578.343007595686,21894.62476008742,21.37723996595351,126.74603584490858,30,0,official,2026-06-13T16:26:53
challenger_metrics_scoring,AutoARIMA,CHE-Go Local,5,19.856221338941214,3.6244896216971774,0.014634905465871206,0.01458107130326607,0.01470516137002687,456.39624955052045,-423.02800850655245,867853.157183,12700.94891363107,208297.53660378096,21.32152722116449,125.9201424714831,30,0,official,2026-06-13T16:26:53
challenger_metrics_scoring,AutoARIMA,CHE-Go Local,6,54.149280815019985,10.108109987018445,0.037788547974398505,0.03749669749345243,0.03833332310611136,1266.3226899554793,-1169.8280015502576,928716.2891330001,35094.84004650773,1603573.1550960809,21.603758793150387,125.27788989057115,30,0,official,2026-06-13T16:26:53
challenger_metrics_scoring,AutoARIMA,CHE-Go Local,7,36.0555922914532,7.657794962598215,0.02450151593466505,0.02420562323151291,0.02462237591738582,955.7154512785856,-805.0498175745648,985714.295868,24151.494527236944,913392.0238126306,22.328015334403418,124.80295645762767,30,0,official,2026-06-13T16:26:53
challenger_metrics_scoring,AutoARIMA,CHE-Go Local,8,13.55877789317382,2.7457298093926075,0.00903811059593589,0.009010913861890778,0.009059992885202706,341.16103092302853,-310.87244673850876,1031872.0160770001,9326.173402155262,116390.84902046362,22.927763046772657,124.251493994778,30,0,official,2026-06-13T16:26:53
challenger_metrics_scoring,AutoARIMA,CHE-Go Local,9,6.1090844740349155,1.259878207870455,0.0040649140347148865,0.004071699588535215,0.004061576102905198,155.60153066799882,140.74363436578884,1038720.3751210001,4222.309030973665,24211.836346224172,23.0384167978006,123.5052163740563,30,0,official,2026-06-13T16:26:53
challenger_metrics_scoring,AutoARIMA,CHE-Go Local,10,5.402386025373543,1.059615225283023,0.003521440020682549,0.0035186938894800394,0.003525467018783284,130.0537309901359,-124.40392549367655,1059827.156757,3732.1177648102966,16913.972944454636,23.027589089225582,122.73675187651116,30,0,official,2026-06-13T16:26:53
challenger_metrics_scoring,AutoARIMA,CHE-Go Local,11,3.9796935972548755,1.0211376858805663,0.002565156605184362,0.0025635328802139255,0.0025575729672345196,124.56744478077597,80.2704630353197,1071257.9147459997,2747.9443158667273,15517.04829921167,23.01638094083602,121.98888210981724,30,0,official,2026-06-13T16:26:53
challenger_metrics_scoring,AutoARIMA,CHE-Go Local,12,2.7815753447006064,0.6717290150903734,0.001776466478594036,0.0017724983070593545,0.0017733053412477377,81.44674479810507,-10.863577610682842,1078819.1041940001,1916.4859750674877,6633.572238207656,22.96643373593712,121.24940707994777,30,0,official,2026-06-13T16:26:53
challenger_metrics_scoring,AutoARIMA,DEU-Go Local,1,10.73290641773502,2.6293607156658156,0.008658798858789838,0.008608254527107735,0.008657196252437237,706.9971503609536,-614.3030859155202,2132948.364373,18468.770863290585,499844.9706185089,57.358712680636216,268.88556832413366,30,0,official,2026-06-13T16:26:53
challenger_metrics_scoring,AutoARIMA,DEU-Go Local,2,3.9979476326093684,0.9816199793189148,0.0031553116528100556,0.003149780581916716,0.0031468163397112953,262.25281567929505,35.13495293298717,2194441.2236,6924.145964231837,68776.53933171832,57.73083759072491,267.1632823338173,30,0,official,2026-06-13T16:26:53
challenger_metrics_scoring,AutoARIMA,DEU-Go Local,3,3.483882620305319,0.8098943627479279,0.002708363524217709,0.002709827184462878,0.0027056497903831917,214.92722033341178,201.44618986987334,2231379.075245,6043.3856960962,46193.71004024694,57.82232406332309,265.3768568090477,30,0,official,2026-06-13T16:26:53
challenger_metrics_scoring,AutoARIMA,DEU-Go Local,4,9.984109877851498,4.568065095168875,0.0075971947684410545,0.007737389688938429,0.007603315903492495,1204.1569444077047,574.3074095471108,2279101.789576,17314.780192511433,1449993.9467653,57.807791261466086,263.60328045263736,30,0,official,2026-06-13T16:26:53
challenger_metrics_scoring,AutoARIMA,DEU-Go Local,5,795.933973330551,187.9532715465694,0.6178981104927836,0.6117058400998657,1.0249840673545019,53792.682410520014,-47944.23376675283,2327773.7681630002,1438327.013002585,2893652680.9190693,60.23644595308864,286.20242663449324,30,5,official,2026-06-13T16:26:53
challenger_metrics_scoring,AutoARIMA,DEU-Go Local,6,6.982341182438473,1.8161955731567976,0.005473892277612483,0.00544459744976162,0.005466054599729413,528.7090699980241,-439.4258668529956,2408300.2253270005,13182.776005589869,279533.28069817554,62.93388641022165,291.1080050035884,30,0,official,2026-06-13T16:26:53
challenger_metrics_scoring,AutoARIMA,DEU-Go Local,7,7.4687163919566295,1.7233292562015494,0.0057299703136458385,0.005717665382846456,0.00569947021288858,498.5099805527322,470.9509300853407,2465724.450424,14128.527902560221,248512.20071068543,63.05647521875744,289.27146612221713,30,0,official,2026-06-13T16:26:53
challenger_metrics_scoring,AutoARIMA,DEU-Go Local,8,9.286417091574375,2.3103647038728816,0.006961694532056757,0.006942036777130106,0.006911349002296344,664.1584377037616,585.8125010990552,2524439.2657630006,17574.375032971657,441106.43037310144,63.08272558967512,287.46908944307705,30,0,official,2026-06-13T16:26:53
challenger_metrics_scoring,AutoARIMA,DEU-Go Local,9,10.429059125522745,3.01626504903109,0.00768219197511959,0.007640223243210894,0.007690773027151709,861.6143225434419,-655.6799090170316,2561899.130048,19681.000937920602,742379.2408119942,62.904367182257246,285.65603769476985,30,0,official,2026-06-13T16:26:53
challenger_metrics_scoring,AutoARIMA,DEU-Go Local,10,7.7265979711534944,1.9434385639068046,0.005551384373413433,0.005533209534339669,0.005513587566120302,551.7109884689755,479.33682356586263,2623463.259501,14563.852943018122,304385.0147974141,62.82995007371876,283.8839357802474,30,0,official,2026-06-13T16:26:53
challenger_metrics_scoring,AutoARIMA,DEU-Go Local,11,10.873920582149193,2.7007841442835567,0.007639901963599549,0.0076146248318594316,0.007578992425562938,762.2304136573832,684.5079176746804,2687892.8064889996,20535.23753024041,580995.2035043056,62.9495049649691,282.2255955814573,30,0,official,2026-06-13T16:26:53
challenger_metrics_scoring,AutoARIMA,DEU-Go Local,12,7.092350959611525,1.8056775803258156,0.004893272020480747,0.004884257081556676,0.004869029153271859,506.62471960283824,445.3675414879292,2742370.4718390005,13419.164699642366,256668.60651265446,63.06871903764045,280.5731904316069,30,0,official,2026-06-13T16:26:53
challenger_metrics_scoring,AutoARIMA,ESP-Go Local,1,179.69852990167783,111.7675267605625,0.2371095455791289,0.194084182601109,0.23253376427089917,335.48162957876264,-234.22248503492557,30263.090977999997,7175.667749613414,112547.9237848221,1.331056659829027,3.0016019795933992,30,0,official,2026-06-13T16:26:53
challenger_metrics_scoring,AutoARIMA,ESP-Go Local,2,130.5680782766459,48.28324072523529,0.19403963048411327,0.1863405316578509,0.1640031427000786,451.1104205537754,364.94525648422064,56423.307276,10948.35769452662,203500.61153220412,2.79505727051431,9.343002122017921,30,0,official,2026-06-13T16:26:53
challenger_metrics_scoring,AutoARIMA,ESP-Go Local,3,325.6492033876529,124.85398880060649,0.3399861188936844,0.314688108574061,0.38688325095560877,1267.7032297980759,-1128.4736977938553,99575.273967,33854.21093381566,1607071.478840473,3.465304647008517,10.153486019758768,30,0,official,2026-06-13T16:26:53
challenger_metrics_scoring,AutoARIMA,ESP-Go Local,4,185.8164741168119,88.83717161943845,0.20273415376237996,0.16184365779371016,0.19109916407794214,1817.7957556984513,-1260.1966191177844,186515.76525300002,37813.11583190967,3304381.409435304,6.783237064355372,20.462107500287637,30,0,official,2026-06-13T16:26:53
challenger_metrics_scoring,AutoARIMA,ESP-Go Local,5,491.8451087619287,158.28902150381563,0.5667863413701206,0.5434028801644641,0.8024548731734517,7738.849009365082,-7058.3202678623975,373596.878718,211749.60803587193,59889783.98975091,14.35069728685436,48.89062384644618,30,0,official,2026-06-13T16:26:53
challenger_metrics_scoring,AutoARIMA,ESP-Go Local,6,39.55561059692651,12.342078387764724,0.0633729609190128,0.06399307798261514,0.061637340329498316,906.1614338333582,831.6133098573424,393675.771716,24948.39929572027,821128.5441669276,21.02390273611297,73.4204892695932,30,0,official,2026-06-13T16:26:53
challenger_metrics_scoring,AutoARIMA,ESP-Go Local,7,80.63911602579456,29.3046173586752,0.14042100522495418,0.14017251639935818,0.12784820964751814,2321.8450463019553,1960.5262405408298,420204.30291999993,59005.510615877545,5390964.419036929,24.390772751445287,79.23137224020456,30,0,official,2026-06-13T16:26:53
challenger_metrics_scoring,AutoARIMA,ESP-Go Local,8,1.8104091274935066,0.6259826637407265,0.003073239082005444,0.0030703107898599493,0.003064324340403324,48.96304799093931,43.371844082459575,423382.39484599995,1301.1553224737872,2397.380068563026,23.956929637505453,78.21789775829821,30,0,official,2026-06-13T16:26:53
challenger_metrics_scoring,AutoARIMA,ESP-Go Local,9,1.2588851889622195,0.45717481106596736,0.0020604081777102746,0.0020615321234174694,0.00205845678052733,35.059219628803014,29.128182925618844,424112.8030949999,873.8454877685654,1229.1488809806465,23.138077388638667,76.68668259972047,30,0,official,2026-06-13T16:26:53
challenger_metrics_scoring,AutoARIMA,ESP-Go Local,10,3.7789709211838964,1.328591982513912,0.006028521721446777,0.006024785455774588,0.006049691114805141,99.99107849113774,-77.71118367278656,422607.1101750001,2547.6961433278393,9998.215777820868,22.47257429305369,75.26093775000685,30,0,official,2026-06-13T16:26:53
challenger_metrics_scoring,AutoARIMA,ESP-Go Local,11,5.0544163531884845,1.6385501877969664,0.007874693660643084,0.007874270579769561,0.007911484497670583,121.11612173689102,-110.83232529112841,422234.80709500005,3324.9697587338524,14669.114944585406,21.92781867311186,73.9166384032044,30,0,official,2026-06-13T16:26:53
challenger_metrics_scoring,AutoARIMA,ESP-Go Local,12,0.8727662452801701,0.2997760332416515,0.0013213810543728198,0.0013223536369215392,0.0013212737024991274,21.774467509613405,14.928665601219775,422674.5939380001,558.5142005943981,474.12743532720975,21.331187039476887,72.63578503642704,30,0,official,2026-06-13T16:26:53
challenger_metrics_scoring,AutoARIMA,EUR-Dedicated,1,15.801951677863862,5.374025059040559,0.010730145553758683,0.01076588427351537,0.010680608527087205,428.49194819291216,348.0060440075723,983933.942878,10557.754422364622,183605.34966615733,22.270992506903298,79.73389470376085,30,0,official,2026-06-13T16:26:53
challenger_metrics_scoring,AutoARIMA,EUR-Dedicated,2,149.692914197089,48.93886077070326,0.11322013593361899,0.11795746481972019,0.10904704232129779,3879.3370595542624,3333.6363596807473,883315.4099819999,100009.09079042242,15049256.021631112,22.269834063699285,79.26905118879652,30,0,official,2026-06-13T16:26:53
challenger_metrics_scoring,AutoARIMA,EUR-Dedicated,3,51.91585180592045,16.272993735919343,0.053886139387466225,0.05428682066600155,0.05270900308345086,1350.8494737337405,1287.4285389838512,716749.3646520001,38622.85616951554,1824794.3006867236,24.798370713374943,83.01173684790484,30,0,official,2026-06-13T16:26:53
challenger_metrics_scoring,AutoARIMA,EUR-Dedicated,4,34.78243351205751,12.008078537475805,0.038764307806905894,0.038762683623210385,0.03969453928687217,1016.1115700022629,-848.6021943880121,696947.0296150002,27016.669181104626,1032482.7226924634,25.89110503317636,84.61899768818948,30,0,official,2026-06-13T16:26:53
challenger_metrics_scoring,AutoARIMA,EUR-Dedicated,5,212.65584592211076,63.732707006004645,0.24594507111007174,0.2433149194219567,0.28082943045775666,6031.799212487692,-5745.100221487427,700778.4537689999,172353.0066446228,36382601.73976714,27.01595244925305,94.64213111047361,30,0,official,2026-06-13T16:26:53
challenger_metrics_scoring,AutoARIMA,EUR-Dedicated,6,12.640760891619976,4.24103234252502,0.014741992224375909,0.014706034398728059,0.014857945869114712,420.2134734552329,-356.08586697125924,724635.8461290002,10682.576009137778,176579.3632733117,28.169654502943853,99.08282689611528,30,0,official,2026-06-13T16:26:53
challenger_metrics_scoring,AutoARIMA,EUR-Dedicated,7,3.572192279330408,1.2429719011584617,0.004166434441276139,0.004179883427851204,0.004173087057363484,122.41196809840488,36.69132277650885,721156.9815760001,3004.653285604989,14984.689933724896,28.037435190621917,98.48329474247629,30,0,official,2026-06-13T16:26:53
challenger_metrics_scoring,AutoARIMA,EUR-Dedicated,8,7.970471045451862,2.7388860557198074,0.009329802561721855,0.00932086038270914,0.00938346624417077,268.3702593326482,-212.47628502963803,718646.527614,6704.8302143056135,72022.59609427284,28.04029262541326,97.98518590146962,30,0,official,2026-06-13T16:26:53
challenger_metrics_scoring,AutoARIMA,EUR-Dedicated,9,2.2917855300048915,0.8899091458763199,0.0026718193257110044,0.002674122170990344,0.00267859427046868,86.66236978578497,-38.698446447733176,715926.2964720002,1912.8257146985961,7510.366336888136,27.821476452241928,97.3833904139124,30,0,official,2026-06-13T16:26:53
challenger_metrics_scoring,AutoARIMA,EUR-Dedicated,10,9.346933956126703,3.0330456802281556,0.010763946461675493,0.010744210258562186,0.010818847425514413,293.849602739872,-259.1579288114693,722294.364063,7774.737864344079,86347.58903038061,27.726517596885035,96.88268286080272,30,0,official,2026-06-13T16:26:53
challenger_metrics_scoring,AutoARIMA,EUR-Dedicated,11,3.318589179330681,1.0584894230155948,0.003776024884918719,0.0037763193923308186,0.003777830552684888,101.93658702099499,-20.383857883527888,726075.863849,2741.6805302326793,10391.067773488885,27.53861537817347,96.30383148334319,30,0,official,2026-06-13T16:26:53
challenger_metrics_scoring,AutoARIMA,EUR-Dedicated,12,3.5618340672608264,1.1060949668207105,0.004072090224898746,0.0040756258765096125,0.004065862511526651,105.94795256754668,97.5976407990751,719343.224353,2929.230512234997,11224.96865325512,27.41312908761896,95.78558419090974,30,0,official,2026-06-13T16:26:53
challenger_metrics_scoring,AutoARIMA,EUR-MSIT,1,3.4257863395278116,0.5827879350245536,0.02312115285651397,0.02316744884504075,0.02286566721844576,47.75252558005846,44.80208443651774,58131.293947,1344.0625330955322,2280.3036992741377,13.077898034555467,81.9380819509357,30,0,official,2026-06-13T16:26:53
challenger_metrics_scoring,AutoARIMA,EUR-MSIT,2,4.00627522967563,0.6514507772954108,0.027606600046326583,0.027637959487646115,0.027242630207127146,53.00733860488371,51.75152228638969,56238.206298,1552.5456685916906,2809.777945972795,12.917615320847483,81.36814085164056,30,0,official,2026-06-13T16:26:53
challenger_metrics_scoring,AutoARIMA,EUR-MSIT,3,4.6864306699613,0.9657170949767302,0.03303447918144949,0.033823535034384705,0.03287077847225896,78.04048513851755,59.8917532103256,54390.220183000005,1796.7525963097678,6090.317320655179,12.779822732514717,80.81091817101778,30,0,official,2026-06-13T16:26:53
challenger_metrics_scoring,AutoARIMA,EUR-MSIT,4,1.4229015143263044,0.37629314649374074,0.010170829417321694,0.010393539826841694,0.01026789451194076,30.20473781004944,3.5259411448275464,53214.768885,541.2383368115331,912.3261861738303,12.679217579060422,80.26916804489785,30,0,official,2026-06-13T16:26:53
challenger_metrics_scoring,AutoARIMA,EUR-MSIT,5,2.0741268567746043,0.35828187137523754,0.01466494919987926,0.014623449549790226,0.014750411429808428,28.582015579297337,-25.486457346075138,53589.840854999995,785.8922937681891,816.9316145751957,12.630090443460151,79.77522130714416,30,0,official,2026-06-13T16:26:53
challenger_metrics_scoring,AutoARIMA,EUR-MSIT,6,0.7934448004820843,0.15409240127953253,0.005537060755369108,0.005559752181051039,0.005539756263015002,12.211782483102189,5.6966581588834595,53667.70220199999,297.16132769353044,149.12763141460147,12.484016006867773,79.24973834984446,30,0,official,2026-06-13T16:26:53
challenger_metrics_scoring,AutoARIMA,EUR-MSIT,7,1.05091489453913,0.17379350582364142,0.007349256308077265,0.007354587301149079,0.007324626809376373,13.68363276944198,12.980086372700846,52985.305567999996,389.4025911810254,187.24180576894636,12.351225051761356,78.73500626270567,30,0,official,2026-06-13T16:26:53
challenger_metrics_scoring,AutoARIMA,EUR-MSIT,8,0.17982378811543567,0.034268506171405914,0.0012455460686350683,0.0012462991138338072,0.0012451413394440848,2.680796560047227,2.153962938751245,52842.330121,65.817556539728,7.186670196361048,12.200380018220436,78.2291631458426,30,0,official,2026-06-13T16:26:53
challenger_metrics_scoring,AutoARIMA,EUR-MSIT,9,0.9902704304659641,0.16764352331181118,0.0068265411865840436,0.006835350827840458,0.006807583720811439,13.0314218703598,11.933727980124225,52444.10450599999,358.01183940372675,169.8179559632917,12.050978816472286,77.73292766056821,30,0,official,2026-06-13T16:26:53
challenger_metrics_scoring,AutoARIMA,EUR-MSIT,10,1.7736792975679594,0.2917630426544057,0.011932288604643097,0.011913580484535623,0.011994736211985884,22.537618479323957,-21.12976286859855,53124.16645800001,633.8928860579565,507.9442467195647,11.912955683460558,77.2463101367497,30,0,official,2026-06-13T16:26:53
challenger_metrics_scoring,AutoARIMA,EUR-MSIT,11,1.4993400732690805,0.2635054556662002,0.009890434879571693,0.00985845049760622,0.009922294736983077,20.229131515523324,-17.659452732660238,53622.74772099999,530.3522943982518,409.21776187233905,11.790793915572474,76.76930811310756,30,0,official,2026-06-13T16:26:53
challenger_metrics_scoring,AutoARIMA,EUR-MSIT,12,1.469211460856331,0.2697821928913021,0.009449317193119262,0.009411250668460316,0.009475361910990077,20.584575704177663,-17.138789288345098,54412.786463,514.163678650353,423.72475692102137,11.665297845114646,76.30072053151184,30,0,official,2026-06-13T16:26:53
challenger_metrics_scoring,AutoARIMA,EUR-Multitenant,1,2.419312022410041,0.7044424402459166,0.002674867553282512,0.002669609991439852,0.002672707995133171,5472.070771284049,-2414.72033790239,49190914.34577001,131579.18069979944,29943558.525941215,1812.9007955014208,7767.945908218964,30,0,official,2026-06-13T16:26:53
challenger_metrics_scoring,AutoARIMA,EUR-Multitenant,2,2.7852222354727054,0.8275801161719936,0.003035899350366159,0.0030407140289344654,0.0030371261835300473,6390.2477271857815,1744.4404667287988,49933266.599587,151592.3716313464,40835266.01480305,1814.2462709158324,7721.606165145848,30,0,official,2026-06-13T16:26:53
challenger_metrics_scoring,AutoARIMA,EUR-Multitenant,3,27.420720965507186,7.129858146629869,0.029024745554765446,0.02883621711057955,0.02933704376010171,54832.53857206717,-50260.53528276463,51953258.17500299,1507930.0992704998,3006607286.257234,1833.0785943074957,7690.551122392995,30,0,official,2026-06-13T16:26:53
challenger_metrics_scoring,AutoARIMA,EUR-Multitenant,4,26.082661967226166,12.637085386799427,0.02762010529582835,0.030713356108117644,0.028885963084160433,97246.6932528956,-3491.70187870545,53220242.215886,1469948.6938722604,9456919348.62277,1878.577035477061,7695.341946053361,30,0,official,2026-06-13T16:26:53
challenger_metrics_scoring,AutoARIMA,EUR-Multitenant,5,296.5347191412709,56.681821822985185,0.3475071317275138,0.3364657588020094,0.4121337998978057,682388.374104541,-645841.8380999578,55754985.65074399,19375255.142998733,465653893113.039,2177.963646112801,12038.92804002683,30,0,official,2026-06-13T16:26:53
challenger_metrics_scoring,AutoARIMA,EUR-Multitenant,6,12.031785932592252,2.6086359162298587,0.01454285909412557,0.014456651517175267,0.014592313088555759,34624.01020381845,-28316.598348191674,62365770.47597501,906976.6123286812,1198822082.5941238,2512.723706494316,13272.84117664796,30,0,official,2026-06-13T16:26:53
challenger_metrics_scoring,AutoARIMA,EUR-Multitenant,7,7.748017623802151,1.9031231183018071,0.009331093859055109,0.009264059509809585,0.009332153346044281,25179.84491389952,-18292.417896126506,63882684.390733995,596095.3240183336,634024589.8880316,2564.50683241913,13230.80187075231,30,0,official,2026-06-13T16:26:53
challenger_metrics_scoring,AutoARIMA,EUR-Multitenant,8,5.73017542916935,1.3150706051766314,0.006915847186021295,0.006909218608960737,0.0069245253780736305,17377.190854273103,-8195.206725216347,65430354.512389004,452506.3331348812,301966761.9858328,2632.300637960729,13213.884323677903,30,0,official,2026-06-13T16:26:53
challenger_metrics_scoring,AutoARIMA,EUR-Multitenant,9,5.0778263896664635,1.2769261144717976,0.006215671958458991,0.00623295987579488,0.006203492754944877,16850.483515356325,13663.497993638755,65947003.405048996,409904.93980916264,283938794.7012953,2690.8162952251387,13196.130398137055,30,0,official,2026-06-13T16:26:53
challenger_metrics_scoring,AutoARIMA,EUR-Multitenant,10,6.159938815130448,1.5800542728895839,0.007687941345911693,0.007715905222010902,0.0076906004639518775,20775.15161334126,5297.716521158209,65492738.664467,503504.3334355452,431606924.55731595,2724.617611454217,13148.378489143866,30,0,official,2026-06-13T16:26:53
challenger_metrics_scoring,AutoARIMA,EUR-Multitenant,11,27.20833781894475,5.949804905943469,0.034372650070229945,0.03430410884564479,0.03493369909207085,78335.76947639545,-76365.92256312603,66651179.70866001,2290977.676893781,6136492779.45897,2806.7103206118536,13166.107244649837,30,0,official,2026-06-13T16:26:53
challenger_metrics_scoring,AutoARIMA,EUR-Multitenant,12,8.429043017814223,2.270896480214536,0.010490914632822113,0.010409512474629542,0.010494518576749313,30022.155503162045,-22307.976536608596,68387439.212979,717446.7867406742,901329821.056043,2837.2014285385976,13220.398095965074,30,0,official,2026-06-13T16:26:53
challenger_metrics_scoring,AutoARIMA,FRA-Go Local,1,15.873799678146325,4.74294106468367,0.011136044867599627,0.011099506608546693,0.011188676256564644,1259.1836903603128,-1049.8948800763833,2828587.4725909997,31499.277006703604,1585543.566069416,66.14521548164485,265.4858395218735,30,0,official,2026-06-13T16:26:53
challenger_metrics_scoring,AutoARIMA,FRA-Go Local,2,12.113534579056068,3.4626344422640005,0.008352099537226656,0.008329503330292557,0.008374937994359972,913.2434042566731,-764.4098576785473,2865742.634824999,23934.967734132573,834013.5154183173,65.86287863361093,263.7423671150109,30,0,official,2026-06-13T16:26:53
challenger_metrics_scoring,AutoARIMA,FRA-Go Local,3,51.65354765628186,14.510939609268458,0.03529278202657198,0.03521137642721938,0.035994679559157534,3812.7072602963394,-3430.125412288408,2915716.938698,102903.76236865224,14536736.652716419,66.40638577457423,262.74709722181456,30,0,official,2026-06-13T16:26:53
challenger_metrics_scoring,AutoARIMA,FRA-Go Local,4,11.400193129636692,5.420147121256805,0.007765959527029772,0.007885277959055834,0.007777925960061561,1418.4603904045803,622.538453842048,2933477.918407999,22781.270787792062,2012029.879146714,66.61077442208229,261.70145545342183,30,0,official,2026-06-13T16:26:53
challenger_metrics_scoring,AutoARIMA,FRA-Go Local,5,56.02545675301917,17.336698935704504,0.03879696413347336,0.03803165979408451,0.03911159167784272,4622.455875243336,-3812.857364058015,2956851.1211389997,114716.84689485027,21367098.31857164,68.25281074194798,266.62837558559096,30,0,official,2026-06-13T16:26:53
challenger_metrics_scoring,AutoARIMA,FRA-Go Local,6,6.67241302985431,2.3921113241267578,0.004736063724930003,0.004728909545687452,0.0047286957938824275,666.23535735272,35.990073070026604,3065677.341019,14519.243247139952,443869.55138690653,72.53369549205387,278.51352511611464,30,0,official,2026-06-13T16:26:53
challenger_metrics_scoring,AutoARIMA,FRA-Go Local,7,31.589096515841565,9.294982401465264,0.023385991432976046,0.02345188841577598,0.023118723985129007,2608.9586434859925,2354.8095219339198,3020794.9857709995,70644.28565801759,6806665.20342027,74.54501019847181,280.684624327499,30,0,official,2026-06-13T16:26:53
challenger_metrics_scoring,AutoARIMA,FRA-Go Local,8,22.291690042279875,6.587126170028674,0.01676871231620394,0.016804600171949922,0.016633108686361427,1839.2662619160253,1662.3146521257338,2973957.60768,49869.439563772015,3382900.382222549,74.57104638423014,279.221350015225,30,0,official,2026-06-13T16:26:53
challenger_metrics_scoring,AutoARIMA,FRA-Go Local,9,23.179510951767515,6.557508381821936,0.01788792773129477,0.017903123209189194,0.017727630126580178,1821.6047314364591,1732.212251665541,2905108.312745,51966.367549966235,3318243.797591694,74.73031917152912,277.78915791951226,30,0,official,2026-06-13T16:26:53
challenger_metrics_scoring,AutoARIMA,FRA-Go Local,10,5.470754019819735,1.7181367341333404,0.0042023850254381346,0.004200187905542033,0.004188281261122791,474.62826005155915,407.7500761885259,2910847.5809830003,12232.502285655777,225271.98523957047,74.53270147246751,276.2459183965765,30,0,official,2026-06-13T16:26:53
challenger_metrics_scoring,AutoARIMA,FRA-Go Local,11,7.553656185367673,2.253181437181134,0.005747183820792716,0.0057453732583591785,0.005725231816697394,618.6673786276092,558.8310337140919,2917068.8695859998,16764.931011422756,382749.32537795755,73.98152894443538,274.5750379523805,30,0,official,2026-06-13T16:26:53
challenger_metrics_scoring,AutoARIMA,FRA-Go Local,12,4.600549267316929,1.598179370621675,0.0034405612969909435,0.0034226846905185985,0.0034321417399831287,436.19947335157195,-289.5368960974035,2946555.444361,10137.804621306408,190269.98055218873,73.45358153447073,272.9352420447618,30,0,official,2026-06-13T16:26:53
challenger_metrics_scoring,AutoARIMA,GBR-Dedicated,1,120.27839579803538,26.48812852795447,0.2513968058431626,0.6030773706774841,0.288531664705577,348.0705017152786,201.9728954322275,24343.494438454545,6119.876744888266,121153.07416432578,1.696031029868521,13.140622650933587,30,0,official,2026-06-13T16:26:53
challenger_metrics_scoring,AutoARIMA,GBR-Dedicated,2,27.53555137780647,3.6689146415901983,0.06423919787355577,0.0641605058038111,0.06631863216352783,66.3744755918225,-65.86449300876379,30759.020281545458,1975.9347902629138,4405.57101008944,2.3919801751945404,18.091038379419523,30,0,official,2026-06-13T16:26:53
challenger_metrics_scoring,AutoARIMA,GBR-Dedicated,3,24.381924243794828,3.4140141636754016,0.0574226485254709,0.05741981469094644,0.05926519644390912,61.86374127767695,-59.427009322682856,31047.162147000003,1782.8102796804858,3827.1224848713514,2.437338773120295,18.12052859531102,30,0,official,2026-06-13T16:26:53
challenger_metrics_scoring,AutoARIMA,GBR-Dedicated,4,18.184317420462268,4.153716456264913,0.042681584961379734,0.04951078060167881,0.04579513724206521,74.75880852458562,-19.510772459265286,30828.192966999995,1315.7961373268195,5588.879452015655,2.411961374743333,17.998052903160826,30,0,official,2026-06-13T16:26:53
challenger_metrics_scoring,AutoARIMA,GBR-Dedicated,5,79.01065301166419,10.910526753098623,0.20096635589691578,0.20885271816071108,0.24021280571361822,216.23114062475256,-202.6865569555708,30256.789408999994,6080.596708667124,46755.906175881515,2.565306692575349,19.818579388327173,30,0,official,2026-06-13T16:26:53
challenger_metrics_scoring,AutoARIMA,GBR-Dedicated,6,15.341959384980868,2.1626002163044435,0.038973338740133034,0.03893317252008812,0.039780390505688705,43.60870427972168,-41.68460927936512,32087.019454999998,1250.5382783809537,1901.7190889562157,2.7170329573530614,20.164940311641303,30,0,official,2026-06-13T16:26:53
challenger_metrics_scoring,AutoARIMA,GBR-Dedicated,7,7.627400440872176,1.1971130291260967,0.019343156978233883,0.0193671967641907,0.019465790659502654,23.98553918782421,-10.023333061522651,31941.955187000003,617.8582533738531,575.3060901306508,2.7001696412974416,20.036152480383468,30,0,official,2026-06-13T16:26:53
challenger_metrics_scoring,AutoARIMA,GBR-Dedicated,8,20.857965586486472,3.6123674170252396,0.05693293719825544,0.05976441074094277,0.057371209308560545,72.43474537777885,34.30885881742519,30926.420806999995,1760.731973571751,5246.792337943655,2.813844214209942,20.051876516323023,30,0,official,2026-06-13T16:26:53
challenger_metrics_scoring,AutoARIMA,GBR-Dedicated,9,23.293074501087467,3.5347324834621756,0.07290792784298993,0.07291009282533813,0.07015911944246837,71.4287574483458,68.83650566163075,28324.699808999998,2065.0951698489225,5102.067390614616,2.955234855682835,20.207684112598884,30,0,official,2026-06-13T16:26:53
challenger_metrics_scoring,AutoARIMA,GBR-Dedicated,10,53.67159971391102,9.702861598821226,0.19108797849833242,0.21343188955099943,0.1824395742161685,194.84567314165577,156.97370060659256,24644.203445999996,4709.211018197777,37964.83634202495,2.9247069482429997,20.081258622232333,30,0,official,2026-06-13T16:26:53
challenger_metrics_scoring,AutoARIMA,GBR-Dedicated,11,43.903688974884375,7.028725393478863,0.18495633037951337,0.18496063118880718,0.16794162731423332,142.8387171445683,136.2269007711644,22096.064594,4086.807023134932,20402.899115505996,3.102857731365002,20.32213653944878,30,0,official,2026-06-13T16:26:53
challenger_metrics_scoring,AutoARIMA,GBR-Dedicated,12,108.29670804725829,18.584375830585746,0.7520301528748843,0.9950449032785935,0.5889504314391404,375.37108764656847,332.6365836074748,13269.544405999997,9979.097508224244,140903.45344096777,3.071529962501903,20.198207949970058,30,0,official,2026-06-13T16:26:53
challenger_metrics_scoring,AutoARIMA,GBR-Go Local,1,1.7238038789331744,0.7597608634026333,0.0012094752092810877,0.001213579230421202,0.001212023170168985,420.54577851885006,232.27589566037446,7028088.094377,8500.298318792542,176858.7518300257,164.3709477370708,553.5238767569723,30,0,official,2026-06-13T16:26:53
challenger_metrics_scoring,AutoARIMA,GBR-Go Local,2,3.025132631228124,1.5567797204813116,0.002097714071548672,0.0021026659923524924,0.0020967196660769748,857.1865420959247,259.8756207525575,7113844.816329,14922.812374026922,734768.7679503685,164.4314943415517,550.6151774837529,30,0,official,2026-06-13T16:26:53
challenger_metrics_scoring,AutoARIMA,GBR-Go Local,3,13.190474314041596,4.635473807184764,0.009238525845347583,0.009205013990542802,0.009260625905258469,2560.8430640225038,-2014.5002008469755,7148785.625858,66044.24076733843,6557917.198552165,166.8988271256545,552.4447274523089,30,0,official,2026-06-13T16:26:53
challenger_metrics_scoring,AutoARIMA,GBR-Go Local,4,17.186704232475584,7.298730646230637,0.012616548205507776,0.012726420442273805,0.01266316772901954,4157.445389150585,-294.92726070422793,7195881.098671999,90787.18076249753,17284352.163769457,176.0802605208978,569.6121134840973,30,0,official,2026-06-13T16:26:53
challenger_metrics_scoring,AutoARIMA,GBR-Go Local,5,84.92802543799486,27.80441515689639,0.06808131892505116,0.0674196987001352,0.07008736704691512,17632.04465120835,-16523.439028574954,7281045.354056001,495703.1708572486,310888998.58220506,194.55814430347917,634.1454963793776,30,0,official,2026-06-13T16:26:53
challenger_metrics_scoring,AutoARIMA,GBR-Go Local,6,6.428486763752644,2.914948147627229,0.0053537364972116065,0.005394099287180797,0.005371054853761265,1963.707963554521,493.17931301839417,7543375.454875,40385.24448493449,3856148.9661274445,209.40772932052369,673.6682315097033,30,0,official,2026-06-13T16:26:53
challenger_metrics_scoring,AutoARIMA,GBR-Go Local,7,5.318196417021237,2.058823201280719,0.004529451758120708,0.004515718275773349,0.004524657020755188,1411.9767112339862,-425.35879430117006,7657128.6462900005,34682.59480909468,1993678.2330671435,217.38318839378675,685.817369046379,30,0,official,2026-06-13T16:26:53
challenger_metrics_scoring,AutoARIMA,GBR-Go Local,8,8.142217749371026,3.6979694382992445,0.007108597445369793,0.007164705937138525,0.007121108888491093,2580.3910665584444,1002.3496762106671,7755955.237152001,55133.96358522118,6658418.056374627,225.7123111594512,697.7859362042775,30,0,official,2026-06-13T16:26:53
challenger_metrics_scoring,AutoARIMA,GBR-Go Local,9,12.968393628382378,5.406979945642394,0.011768789371832426,0.011836201552184551,0.011724763553617339,3870.645307867723,2999.118827268166,7795269.719280999,91740.88742284136,14981895.099318422,235.80635107100957,715.8608588861445,30,0,official,2026-06-13T16:26:53
challenger_metrics_scoring,AutoARIMA,GBR-Go Local,10,7.559557222187759,2.8969777173929345,0.007275075546322432,0.007280777289659869,0.007281973803319173,2170.385199821993,13.935934383200948,7749524.164024002,56378.373741325806,4710571.915606352,248.59645472291183,749.1894696985032,30,0,official,2026-06-13T16:26:53
challenger_metrics_scoring,AutoARIMA,GBR-Go Local,11,31.08306007517363,10.797719865223677,0.03042528267429642,0.03034397865572398,0.03084526524007866,8506.614604712438,-8087.413760701281,8083598.715324,245945.7759393121,72362492.03310695,263.7511400577444,787.8158269422951,30,0,official,2026-06-13T16:26:53
challenger_metrics_scoring,AutoARIMA,GBR-Go Local,12,10.809308380060248,4.4299845144081065,0.010473410848778864,0.01038013861215097,0.010463578579433034,3621.57596943193,-2818.758104009092,8335769.052015,87303.934022289,13115812.502366822,269.2245453413625,817.5143632337981,30,0,official,2026-06-13T16:26:53
challenger_metrics_scoring,AutoARIMA,IND-Go Local,1,3.439259426528241,0.5650315744212805,0.002638082962319593,0.002637096098640234,0.0026387849942078605,959.2599718018229,-104.65588414168256,8684805.997115,22911.238732040103,920179.693501234,222.0559321125696,1697.7103850954186,30,0,official,2026-06-13T16:26:53
challenger_metrics_scoring,AutoARIMA,IND-Go Local,2,10.190242774620005,1.6728096491902156,0.0077120451488664555,0.00770497333140411,0.007720244161098358,2821.0658798956943,-1344.7506563787485,8836484.712825,68147.36906257464,7958412.698711668,222.9170608584637,1686.4237250552292,30,0,official,2026-06-13T16:26:53
challenger_metrics_scoring,AutoARIMA,IND-Go Local,3,13.291676111388194,2.063880652102243,0.009987621073775751,0.009937904450615613,0.010002528091364031,3474.705807800229,-3040.118746029795,9131660.252946999,91203.56238089385,12073580.450760644,228.72350488777315,1683.578846606725,30,0,official,2026-06-13T16:26:53
challenger_metrics_scoring,AutoARIMA,IND-Go Local,4,7.640210602294155,1.8003729218153925,0.005633433180437932,0.005691983486775409,0.0056647576336547436,3011.413277341612,-794.8200501475561,9360254.777998,52730.36984372663,9068609.926949346,230.05635397839723,1672.6608364588574,30,0,official,2026-06-13T16:26:53
challenger_metrics_scoring,AutoARIMA,IND-Go Local,5,79.46863894821183,11.71478463751746,0.05872117268198031,0.05828648677100987,0.06023382784539576,19787.65036581735,-18742.776003894145,9579697.295377,562531.0591229325,391551106.99983144,235.95515856660683,1689.1177241488454,30,0,official,2026-06-13T16:26:53
challenger_metrics_scoring,AutoARIMA,IND-Go Local,6,9.190514871266712,1.4986445255113918,0.006806435069069356,0.0067825227604739234,0.006811621607033519,2531.1901713227426,-2252.328569810589,9927349.105463002,67569.85709431767,6406923.6834008545,245.07098909684424,1688.986366169128,30,0,official,2026-06-13T16:26:53
challenger_metrics_scoring,AutoARIMA,IND-Go Local,7,11.19787598506471,1.9678547846384191,0.00809477080570177,0.008047639477612325,0.008094469409597736,3302.775746976923,-2747.0867593961902,10180968.029859,82412.60278188571,10908327.634818971,245.3221274338229,1678.3635524121191,30,0,official,2026-06-13T16:26:53
challenger_metrics_scoring,AutoARIMA,IND-Go Local,8,11.987769281395638,2.0100989240492115,0.008447466143503713,0.00841193185809245,0.008457530407119374,3353.296604130892,-2956.1636601166333,10498403.698451001,88684.909803499,11244598.115275772,246.59831122245885,1668.2246649711633,30,0,official,2026-06-13T16:26:53
challenger_metrics_scoring,AutoARIMA,IND-Go Local,9,12.731844211232241,2.157804021599854,0.008782819186102816,0.008750574955155318,0.008800102896866079,3577.791155345085,-3149.0934906944362,10756546.698618,94472.80472083308,12800589.551265517,247.33993272681224,1658.0704825512441,30,0,official,2026-06-13T16:26:53
challenger_metrics_scoring,AutoARIMA,IND-Go Local,10,4.226039827359024,0.6966530152271156,0.0028748525745959205,0.002871960223311518,0.0028769230417687005,1148.1138614702747,-1046.7995122022635,10923685.493849,31403.985366067907,1318165.438900185,247.70223541798447,1648.0426214705728,30,0,official,2026-06-13T16:26:53
challenger_metrics_scoring,AutoARIMA,IND-Go Local,11,34.14384622635568,5.855386229805669,0.022986690152071394,0.02297073912517106,0.022634538452870136,9591.747719521543,8424.303331440397,10994584.182030998,252729.09994321188,92001624.31494671,246.72977014925948,1638.1067521552504,30,0,official,2026-06-13T16:26:53
challenger_metrics_scoring,AutoARIMA,IND-Go Local,12,3.5665175746998328,0.6147704200384408,0.0023498730140289166,0.0023462465330461335,0.0023466428940626992,1001.1127667096279,118.58425767260681,11220840.262346,26367.549727216014,1002226.7716690057,246.4359997761979,1628.4335323860078,30,0,official,2026-06-13T16:26:53
challenger_metrics_scoring,AutoARIMA,ISR-Go Local,1,8.334607161627874,3.2642550354304603,0.013038838197480765,0.013035869414139799,0.012888093709813983,12.439736075059523,9.362907695560022,21576.511894,281.33264745188524,154.7470336171373,1.1251585987444697,3.8108958828393398,30,0,official,2026-06-13T16:26:53
challenger_metrics_scoring,AutoARIMA,ISR-Go Local,2,1.4776539286772699,0.5238479108828952,0.002270225536956601,0.0022810129459463397,0.0022776248952434673,1.975210836046216,1.410812234684901,22256.97521,50.52835349715201,3.9014578468343917,1.1398328236522597,3.7705807258392774,30,0,official,2026-06-13T16:26:53
challenger_metrics_scoring,AutoARIMA,ISR-Go Local,3,2.5563646947539627,0.8464597884782498,0.003729097996558329,0.003713918727635253,0.0037218932993551713,3.1308584690047345,-2.9052126437357666,23371.973435000004,87.156379312073,9.80227475293867,1.136462512448905,3.6987681064369706,30,0,official,2026-06-13T16:26:53
challenger_metrics_scoring,AutoARIMA,ISR-Go Local,4,4.712091854169115,3.271001337131835,0.0066005935010644955,0.006689895871987807,0.006605427073098139,11.888236056975963,-0.7867896901513556,24438.745846,161.31022700527456,141.33015654638336,1.141108393734955,3.6344332611615853,30,0,official,2026-06-13T16:26:53
challenger_metrics_scoring,AutoARIMA,ISR-Go Local,5,91.7632728109281,26.764944606410392,0.1312855559192097,0.1305173921726554,0.13996054118353649,115.58364593120318,-113.36156519686968,25904.197397000004,3400.8469559060904,13359.57920674974,1.2353696824920726,4.318471329976901,30,0,official,2026-06-13T16:26:53
challenger_metrics_scoring,AutoARIMA,ISR-Go Local,6,13.042618246729756,4.870407299481804,0.018996023998045283,0.018586514380825682,0.018847915345053215,22.14411308620298,-13.049660731694056,27608.722805,524.45596095916,490.36174437454616,1.3403647208403615,4.5466655506530325,30,0,official,2026-06-13T16:26:53
challenger_metrics_scoring,AutoARIMA,ISR-Go Local,7,45.727102330071816,14.641328814021767,0.06051260436126649,0.05987097925922537,0.061958245985440724,67.18652935689562,-62.96703443108659,31224.178057,1889.4563332689795,4514.029727024998,1.3773424198413171,4.588827299100896,30,0,official,2026-06-13T16:26:53
challenger_metrics_scoring,AutoARIMA,ISR-Go Local,8,12.218923726397577,4.214629178410798,0.016013265856878067,0.015890262930454535,0.015740755759569184,20.377488699465,18.52191509567064,34699.820626,555.6574528701192,415.2420456968239,1.5158385067627662,4.834942253958556,30,0,official,2026-06-13T16:26:53
challenger_metrics_scoring,AutoARIMA,ISR-Go Local,9,6.660590012439736,2.627980694098933,0.008409968593221307,0.00833164608329007,0.008280536758994319,12.547505299587863,10.258093423558906,36611.407049,307.9007834357312,157.43988924318552,1.540908452357706,4.774580470763345,30,0,official,2026-06-13T16:26:53
challenger_metrics_scoring,AutoARIMA,ISR-Go Local,10,5.787987612349665,2.189078343314526,0.007049673447269646,0.007014741993330142,0.006982792227241192,10.315987113533525,9.008675847638772,38336.56657299999,270.26027542916313,106.41959012658977,1.5564435259704452,4.712479635568405,30,0,official,2026-06-13T16:26:53
challenger_metrics_scoring,AutoARIMA,ISR-Go Local,11,5.631894410017215,2.073021681991925,0.006603758056027176,0.006581930263234201,0.0065565560168275635,9.677012233140374,8.897807854381586,40421.565019,266.93423563144756,93.64456576034844,1.5798960716584862,4.668070921401037,30,0,official,2026-06-13T16:26:53
challenger_metrics_scoring,AutoARIMA,ISR-Go Local,12,8.925343557391825,3.687158932917973,0.010112319191680366,0.010142576546242642,0.010070156615718273,17.076186170265075,14.33739862317612,42534.45233900001,430.12195869528364,291.59613412155215,1.606369382980459,4.631258505787052,30,0,official,2026-06-13T16:26:53
challenger_metrics_scoring,AutoARIMA,ITA-Go Local,1,68.68657916257179,25.636272397446085,0.09248345388235824,0.08223016671633472,0.08921133134338416,352.1414234559862,-223.94910290334326,78849.26904099999,7292.25273701098,124003.58211360822,3.538902274611371,13.736061857848998,30,0,official,2026-06-13T16:26:53
challenger_metrics_scoring,AutoARIMA,ITA-Go Local,2,68.56309475347551,25.099863010672493,0.09033992392442607,0.08737482424939613,0.08183617826744348,433.5021962975346,343.06929408034375,113926.14002,10292.078822410313,187924.15419478624,5.003701996152286,17.271098097754912,30,0,official,2026-06-13T16:26:53
challenger_metrics_scoring,AutoARIMA,ITA-Go Local,3,244.5427139894958,89.92443061617057,0.24494629502961668,0.2282203899584303,0.2651377798508656,1608.62550700671,-1415.9283260696504,173416.992394,42477.84978208951,2587676.021792595,5.790106370253463,17.888637114344323,30,0,official,2026-06-13T16:26:53
challenger_metrics_scoring,AutoARIMA,ITA-Go Local,4,126.0778154093185,62.2278440654342,0.12730500649908796,0.10605750735085155,0.11860071227631368,1798.3184470785816,-1223.412858743798,290551.745813,36988.69188904532,3233949.2371031214,9.779328681248565,28.898935421699694,30,0,official,2026-06-13T16:26:53
challenger_metrics_scoring,AutoARIMA,ITA-Go Local,5,730.9391541487336,164.0535179886242,0.961005112599582,0.9501318615764475,1.8721813005859118,14443.759504132673,-14150.620867282409,441744.399122,424518.62601847225,208622188.61322293,19.35950589999862,88.0429733005435,30,26,official,2026-06-13T16:26:53
challenger_metrics_scoring,AutoARIMA,ITA-Go Local,6,63.22635160191956,16.17190202061063,0.09844384817508849,0.09828927703255742,0.09237813272539785,1773.448077893014,1546.9341753504973,471416.20447399997,46408.02526051492,3145118.084982426,24.4666050809032,109.66230661259294,30,0,official,2026-06-13T16:26:53
challenger_metrics_scoring,AutoARIMA,ITA-Go Local,7,16.995778168579207,4.400880738886096,0.025935288329891018,0.025887522684688382,0.025458887752595204,474.8516689299098,415.5189364457463,480641.199543,12465.568093372389,225484.10748552065,24.44836195932077,107.89923588115664,30,0,official,2026-06-13T16:26:53
challenger_metrics_scoring,AutoARIMA,ITA-Go Local,8,3.10485521032541,0.8822812772875686,0.004562714655126786,0.00455350626179419,0.004537057349660558,93.53009123153795,74.0409429583687,486821.65260000003,2221.228288751061,8747.877965779813,23.84682632289597,106.00938004610177,30,0,official,2026-06-13T16:26:53
challenger_metrics_scoring,AutoARIMA,ITA-Go Local,9,7.383623318517335,1.8402715123361504,0.010600502358148918,0.010613974881545482,0.010544021709631347,191.7725641001352,171.55594386749738,485512.68063899997,5146.6783160249215,36776.716341540465,23.234655462075573,104.20884245319196,30,0,official,2026-06-13T16:26:53
challenger_metrics_scoring,AutoARIMA,ITA-Go Local,10,3.777956755987554,1.0224196125045197,0.00537673329229375,0.005390137125096785,0.00536969991170192,104.81311672930205,72.76648529743095,478605.776183,2573.335610687227,10985.789438510297,22.7048267700862,102.51477519347635,30,0,official,2026-06-13T16:26:53
challenger_metrics_scoring,AutoARIMA,ITA-Go Local,11,5.132683234228803,1.5966863573563541,0.0072228545206462335,0.007268198696489629,0.007216850581909186,161.14153115475813,112.93984776141922,478467.79584599996,3455.90328220992,25966.593062899887,22.44377274355069,100.92247009710876,30,0,official,2026-06-13T16:26:53
challenger_metrics_scoring,AutoARIMA,ITA-Go Local,12,5.878402914262292,1.587137714136035,0.008168272609071476,0.008154112715338831,0.008203687888381115,157.76191872618213,-129.51801214986892,475686.91086299997,3885.540364496068,24888.823000166492,22.03285722991697,99.40027089083475,30,0,official,2026-06-13T16:26:53
challenger_metrics_scoring,AutoARIMA,JPN-Go Local,1,20.070490458863695,6.242112320221345,0.011569386974780998,0.011574480321335233,0.011498383769798677,3398.497823709759,3177.74369609588,8240048.594682,95332.3108828764,11549787.457759969,158.3291500827524,544.4467592645382,30,0,official,2026-06-13T16:26:53
challenger_metrics_scoring,AutoARIMA,JPN-Go Local,2,11.505666168927007,4.0318202242184285,0.0066157392637632905,0.0065858616466206625,0.006609058695671266,2190.3588483887943,-988.1277704152259,8347135.607558001,55222.47277887812,4797671.884715086,159.9863115792916,543.2679848252403,30,0,official,2026-06-13T16:26:53
challenger_metrics_scoring,AutoARIMA,JPN-Go Local,3,2.3278786643600324,1.1229495874812565,0.001341752517528307,0.0013357650501408063,0.0013376369896390234,612.1321704200378,-196.05086877803552,8487206.100606002,11387.730152269709,374705.7940631463,163.06305431087063,545.1109980751964,30,0,official,2026-06-13T16:26:53
challenger_metrics_scoring,AutoARIMA,JPN-Go Local,4,11.029240732313733,6.467280507969933,0.006364267010781933,0.00646005330749107,0.006380649122348708,3511.6220186256546,1645.2629926028894,8514345.445315002,54187.567836019676,12331489.201696517,163.76941124411718,542.9827907260428,30,0,official,2026-06-13T16:26:53
challenger_metrics_scoring,AutoARIMA,JPN-Go Local,5,76.60573543044487,22.965074903302774,0.04602993323863971,0.045888622708814865,0.04702940449249364,13457.250820111507,-13076.341136381052,8522502.782213999,392290.23409143154,181097599.63539183,170.69663339051002,585.9876737513327,30,0,official,2026-06-13T16:26:53
challenger_metrics_scoring,AutoARIMA,JPN-Go Local,6,7.039538521251689,2.52390216716871,0.004278714061910075,0.00426022768709713,0.004269423411662207,1511.5700638890387,-459.9442241177312,8666630.808215,37082.03510849259,2284844.0580455125,175.5893277972957,598.9020032360065,30,0,official,2026-06-13T16:26:53
challenger_metrics_scoring,AutoARIMA,JPN-Go Local,7,12.622204727021842,4.171772728739445,0.007514196487316239,0.007491380019786472,0.007526250020758819,2496.6697285013315,-2241.993133556346,8951029.444095999,67259.79400669038,6233359.733214913,177.62294163686371,598.4673401074111,30,0,official,2026-06-13T16:26:53
challenger_metrics_scoring,AutoARIMA,JPN-Go Local,8,8.442136849566435,3.0634897177950355,0.004977436841517249,0.004956748319754816,0.004974553531199844,1830.1704141854398,-1494.704612443763,9149390.301044999,45540.512361841975,3349523.744959704,179.81431784134452,597.4135978176926,30,0,official,2026-06-13T16:26:53
challenger_metrics_scoring,AutoARIMA,JPN-Go Local,9,4.5249504771706395,1.8434324898548646,0.0026346308740149895,0.0026446533723491284,0.0026385025484800145,1099.6304194654372,714.945178690153,9321815.247456,24559.542252811254,1209187.0594137332,180.91941835768512,596.512443779274,30,0,official,2026-06-13T16:26:53
challenger_metrics_scoring,AutoARIMA,JPN-Go Local,10,7.200592964609734,2.577857464634297,0.004127014023121415,0.004113014806698261,0.0041246067785744665,1530.3599832461236,-1306.7479106164828,9498983.308238002,39202.437318494485,2342001.678321076,181.47781954056163,593.6557797477857,30,0,official,2026-06-13T16:26:53
challenger_metrics_scoring,AutoARIMA,JPN-Go Local,11,5.812483210940754,2.0531894386201497,0.0032749717764434566,0.003266054064707052,0.003273069212384944,1212.586588327006,-1056.8502558417697,9681154.476905,31705.507675253088,1470366.234190528,181.82422511818623,590.5868038859226,30,0,official,2026-06-13T16:26:53
challenger_metrics_scoring,AutoARIMA,JPN-Go Local,12,16.41818198469834,5.5905479373944935,0.009042136090701633,0.009013044886785788,0.00906227091420907,3284.6900335971877,-2987.9982976693195,9913581.042234002,89639.94893007958,10789188.616812693,181.99324995021485,587.5434877548042,30,0,official,2026-06-13T16:26:53
challenger_metrics_scoring,AutoARIMA,KOR-Go Local,1,9.011771985934152,2.099717947024476,0.005753107795505228,0.005752490521844636,0.0057346249660160786,108.7194880820354,104.46853434998654,544758.7881019999,3134.056030499596,11819.927088819835,11.592452018653404,51.778139171550386,30,0,official,2026-06-13T16:26:53
challenger_metrics_scoring,AutoARIMA,KOR-Go Local,2,15.463329062781966,4.10111525335348,0.00968392067845154,0.00964453177602545,0.009708136960465855,211.190425917484,-180.89623362510102,560401.844351,5426.88700875303,44601.39599920829,11.698401611364044,51.495852437893255,30,0,official,2026-06-13T16:26:53
challenger_metrics_scoring,AutoARIMA,KOR-Go Local,3,21.184604810176253,6.035992740290087,0.013189671618296452,0.013144058126069,0.013278082655408445,309.090825958627,-249.12333576255406,566632.763056,7473.700072876622,95537.13869178625,11.759640455642815,51.20795190747235,30,0,official,2026-06-13T16:26:53
challenger_metrics_scoring,AutoARIMA,KOR-Go Local,4,17.27654663495966,6.147617137061054,0.010789986731252055,0.010850332390399299,0.010715084502862526,314.80020470899404,207.0334198334618,575626.527604,6211.002595003854,99099.16888482455,11.983495556601737,51.20686563436321,30,0,official,2026-06-13T16:26:53
challenger_metrics_scoring,AutoARIMA,KOR-Go Local,5,108.03723580412257,28.90153825035555,0.06870794001308522,0.06842064164192355,0.07151576440914456,1484.9662880133155,-1320.6891458990076,576653.5042300001,39620.67437697023,2205124.876536045,12.224388527428538,51.38018174499924,30,0,official,2026-06-13T16:26:53
challenger_metrics_scoring,AutoARIMA,KOR-Go Local,6,81.98074721802986,21.6608406489882,0.0518740418737788,0.051754322868424116,0.05021461449504909,1110.9801065551706,1017.7584651222553,588594.0800209999,30532.75395366766,1234276.797161338,12.41460342408811,51.289796391492565,30,0,official,2026-06-13T16:26:53
challenger_metrics_scoring,AutoARIMA,KOR-Go Local,7,119.91433994252384,35.026895383183856,0.07358754547966788,0.0730620309206273,0.06960929622915192,1805.0767549146178,1538.8864890933162,627369.6774619999,46166.59467279949,3258302.091133087,12.833214858464135,51.53402079081269,30,0,official,2026-06-13T16:26:53
challenger_metrics_scoring,AutoARIMA,KOR-Go Local,8,47.14459727151482,15.049667499717225,0.027695068349382197,0.027043507879170044,0.02762401554836597,773.9156364351684,-598.1974972935211,667557.9244000001,18488.062343429716,598945.4123188517,13.071884806476978,51.424101990938325,30,0,official,2026-06-13T16:26:53
challenger_metrics_scoring,AutoARIMA,KOR-Go Local,9,69.6529889951217,22.969939848575205,0.036962628851364594,0.03543785964526893,0.0364076630058489,1197.5669115995831,-966.6685308894702,784577.743193,29000.055926684105,1434166.5077581638,13.878349584641269,52.136266768407175,30,0,official,2026-06-13T16:26:53
challenger_metrics_scoring,AutoARIMA,KOR-Go Local,10,126.44171695298405,42.08249085833955,0.06939800134661991,0.06939800134661994,0.06626760582670078,2343.508025067593,1999.4886676638519,865742.3879700003,60080.79140616802,5492029.863556209,15.838863115224436,55.68843424588248,30,0,official,2026-06-13T16:26:53
challenger_metrics_scoring,AutoARIMA,KOR-Go Local,11,51.46319445111196,16.779381460238714,0.028038786914119592,0.0280387869141196,0.027529072664501875,930.9528947640098,809.145544627063,865742.3879700003,24274.36633881189,866673.2922694894,15.722800600645185,55.48195545646564,30,0,official,2026-06-13T16:26:53
challenger_metrics_scoring,AutoARIMA,KOR-Go Local,12,4.266195946322309,1.3783543838422736,0.0022960365668347623,0.0022960365668347627,0.0022925739956097713,76.00644362831066,66.25920600793228,865742.3879700003,1987.7761802379682,5776.979473023567,15.531214890645444,55.14288960755985,30,0,official,2026-06-13T16:26:53
challenger_metrics_scoring,AutoARIMA,LAM-Multitenant,1,1.7027513366800788,0.5961234582987177,0.0012043161574034633,0.0012006189866700394,0.0012016804711079525,245.71645191449485,-160.78692099827362,4877835.75336,5874.456410931743,60376.57474144826,114.99930111904266,412.19054290489976,30,0,official,2026-06-13T16:26:53
challenger_metrics_scoring,AutoARIMA,LAM-Multitenant,2,7.09720679085804,2.32369499103531,0.004906821808108639,0.004888824227215374,0.0049051877665871125,951.5025957943074,-812.0388845479397,4968839.375006001,24381.209406268346,905357.189803305,114.51082153274696,409.47826606553485,30,0,official,2026-06-13T16:26:53
challenger_metrics_scoring,AutoARIMA,LAM-Multitenant,3,3.446817442984976,1.1296399263832138,0.0023393446101892994,0.0023329840836554495,0.0023366703874351533,459.92174917897074,-395.0608425010607,5066301.571564,11851.82527503182,211528.01536784405,114.61612024306524,407.1401323884767,30,0,official,2026-06-13T16:26:53
challenger_metrics_scoring,AutoARIMA,LAM-Multitenant,4,21.19657991381272,16.380107467118464,0.014323396123068731,0.01579757148450406,0.014877217632978942,6626.737884632756,2038.542746275449,5074167.128260001,72679.30577272209,43913654.99162701,114.29407647875736,404.5600981516949,30,0,official,2026-06-13T16:26:53
challenger_metrics_scoring,AutoARIMA,LAM-Multitenant,5,204.03246745896678,45.44422463441679,0.15090302236902955,0.14875654123097257,0.16186862176562938,27044.33116657128,-25828.128947018056,5137976.245676998,775336.1443329386,731395848.2471787,126.66875260737076,595.1104102695921,30,0,official,2026-06-13T16:26:53
challenger_metrics_scoring,AutoARIMA,LAM-Multitenant,6,8.795196502680762,2.274583806196298,0.006902346281106635,0.006871401511044483,0.00690728334578681,1510.8884524326575,-1226.820315117905,5332188.208853,36804.60945353715,2282783.9156943504,139.4875389929005,664.2483114127415,30,0,official,2026-06-13T16:26:53
challenger_metrics_scoring,AutoARIMA,LAM-Multitenant,7,2.6537075080578294,0.7451291605952657,0.0020480910327639996,0.002042609867528167,0.0020462990972963616,491.9071757444266,-357.2411451807508,5411137.166877,11082.501508536778,241972.66954885816,139.20777471877116,660.163635726528,30,0,official,2026-06-13T16:26:53
challenger_metrics_scoring,AutoARIMA,LAM-Multitenant,8,7.6972867424799025,1.8846744936839501,0.005822513878508268,0.005806418612386374,0.005829132471858541,1236.418245554975,-1066.1499540201844,5493245.578797999,31984.498620605533,1528730.0779412426,138.5098398551661,656.0380849311349,30,0,official,2026-06-13T16:26:53
challenger_metrics_scoring,AutoARIMA,LAM-Multitenant,9,3.8656292944364323,1.0799195717646757,0.002877056026251647,0.002867531345736093,0.0028746888102916665,704.1041048300671,-515.3619877019664,5557919.344095,15990.445342349121,495762.59043855,137.88565952563192,651.9967997982518,30,0,official,2026-06-13T16:26:53
challenger_metrics_scoring,AutoARIMA,LAM-Multitenant,10,10.036914798628366,2.3639551440851863,0.007306739117394038,0.007289627672008168,0.007322579387617757,1531.8642988701536,-1377.1766499631874,5654410.104850001,41315.29949889562,2346608.2301529474,137.21115278884213,648.0090380323021,30,0,official,2026-06-13T16:26:53
challenger_metrics_scoring,AutoARIMA,LAM-Multitenant,11,4.726802665732995,1.2272097294388937,0.0033742630257026793,0.0033615247325593884,0.0033699481735829104,790.5377072543015,-645.4497144872769,5754443.449894,19417.005766474293,624949.8665908877,136.9283998761508,644.1749020485292,30,0,official,2026-06-13T16:26:53
challenger_metrics_scoring,AutoARIMA,LAM-Multitenant,12,7.599877365537211,1.8333509031910473,0.005324134592157127,0.0053128159562846845,0.005330870797955751,1174.1055699499232,-1038.503450341194,5854690.931893,31171.16251688017,1378523.8893874339,136.71783116848042,640.4150825171157,30,0,official,2026-06-13T16:26:53
challenger_metrics_scoring,AutoARIMA,MEX-Go Local,1,18.54938380281527,4.977849451420474,0.026069809000562588,0.02584017975655038,0.026248734690168165,16.262299611149505,-13.18952334321515,16788.752673,437.67957554279457,264.4623886427933,0.7865123359270605,3.2669327929371,30,0,official,2026-06-13T16:26:53
challenger_metrics_scoring,AutoARIMA,MEX-Go Local,2,64.49584689706826,18.399944369983967,0.08242042794377631,0.08044332686226355,0.0843861287848536,61.68529837254148,-55.45294696674827,20752.301538000003,1710.4135735802477,3805.076035309469,0.8839915828533742,3.3524720038376525,30,0,official,2026-06-13T16:26:53
challenger_metrics_scoring,AutoARIMA,MEX-Go Local,3,15.921199168549718,4.607005025527508,0.021386026847994385,0.021063408226158375,0.02078717543599879,19.113473953066553,16.85224056466378,23640.072115000003,505.56721693991346,365.32488655455353,1.0584780949134294,4.148785132023605,30,0,official,2026-06-13T16:26:53
challenger_metrics_scoring,AutoARIMA,MEX-Go Local,4,12.457699659918749,7.092218461353728,0.016155981492281174,0.01653905709499264,0.01593108468931868,29.205959103770656,13.334036287808374,26104.05065399999,421.73655923959416,852.988047171124,1.1284495285446752,4.118028690587736,30,0,official,2026-06-13T16:26:53
challenger_metrics_scoring,AutoARIMA,MEX-Go Local,5,153.12615438342988,35.87788904901362,0.217634158125582,0.214990871016363,0.2425826729474293,212.42350753491002,-205.39920892419795,28313.461088999997,6161.976267725939,45123.74655343397,1.3413724765128998,5.920735950900381,30,0,official,2026-06-13T16:26:53
challenger_metrics_scoring,AutoARIMA,MEX-Go Local,6,12.82361087129385,3.443351554049448,0.019462705461557542,0.019325649701785304,0.019099896636014285,22.091094242247387,19.884304469074685,30649.856734999994,596.5291340722406,488.0164448198557,1.5506010490061322,6.415579093650148,30,0,official,2026-06-13T16:26:53
challenger_metrics_scoring,AutoARIMA,MEX-Go Local,7,2.5108922540094585,0.7289816493175564,0.00358753604682872,0.0035686725232250745,0.0035698502273811927,4.6006665346801645,-0.4387518067293437,32753.156819999997,117.50313073918392,21.16613256332599,1.5599120266451345,6.311086896339744,30,0,official,2026-06-13T16:26:53
challenger_metrics_scoring,AutoARIMA,MEX-Go Local,8,5.0346007989012165,1.5246893930965653,0.006836891899926854,0.006750407232451828,0.006775172272058329,9.502099201985342,-4.733848876584587,35441.040999,242.3065661310386,90.28988924437047,1.6042752663655155,6.232154066925769,30,0,official,2026-06-13T16:26:53
challenger_metrics_scoring,AutoARIMA,MEX-Go Local,9,1.9657817881414477,0.6040433911629999,0.002557788305348693,0.0025690782940946343,0.00257137294152852,3.719747949943465,-1.7673411919635555,38034.987224,97.28544551563414,13.836524811108612,1.6496480959468185,6.158080701423813,30,0,official,2026-06-13T16:26:53
challenger_metrics_scoring,AutoARIMA,MEX-Go Local,10,1.8906104457588462,0.5965492446075155,0.0023665841195983184,0.002368043163287523,0.0023645651459538895,3.631853187340305,2.84313787506995,40429.919442000006,95.68080530807651,13.190357574393934,1.686947294769521,6.088102902099544,30,0,official,2026-06-13T16:26:53
challenger_metrics_scoring,AutoARIMA,MEX-Go Local,11,3.1068602689807334,1.2082265735996844,0.003719173846032171,0.0036618772566515247,0.0036738577085011176,7.26831972103284,-4.920267453849556,43090.64103900002,160.2615851610094,52.8284715671549,1.7194377526520943,6.015692652230157,30,0,official,2026-06-13T16:26:53
challenger_metrics_scoring,AutoARIMA,MEX-Go Local,12,3.313886926965266,1.0658701509311934,0.003837559584961117,0.0038354227990739943,0.0038267905608579747,6.352113234951903,5.8580829691275085,45795.377292,175.74248907382525,40.34934254965113,1.7677377346402467,5.95955635815714,30,0,official,2026-06-13T16:26:53
challenger_metrics_scoring,AutoARIMA,NAM-Dedicated,1,44.79848762398496,13.775308171468998,0.025245433625699087,0.025286550885185367,0.02493299627827678,2691.911308734311,2542.96943251683,3021896.320206,76289.08297550489,7246386.494091672,56.76462682984263,195.41568691070856,30,0,official,2026-06-13T16:26:53
challenger_metrics_scoring,AutoARIMA,NAM-Dedicated,2,59.50837648704279,19.755770538959315,0.034963389367761596,0.035229792341987864,0.03445282536442763,3846.8792761710515,3407.633685667503,2923887.3123749997,102229.01057002509,14798480.165434314,57.26309280861448,194.72180386914417,30,0,official,2026-06-13T16:26:53
challenger_metrics_scoring,AutoARIMA,NAM-Dedicated,3,43.89483629569969,13.883558167819631,0.027347836407248773,0.027395609729871668,0.026986961354941722,2698.408739035192,2567.188587797963,2816151.760127,77015.65763393888,7281409.722901495,58.484979201288574,194.3600269050458,30,0,official,2026-06-13T16:26:53
challenger_metrics_scoring,AutoARIMA,NAM-Dedicated,4,32.31047942468552,14.649333520663593,0.020580355745330507,0.02112063833777255,0.020599364050969644,2836.887859778839,1897.8505608752428,2766498.185493,56935.516826257284,8047932.728960562,58.737926352936334,193.65303245893554,30,0,official,2026-06-13T16:26:53
challenger_metrics_scoring,AutoARIMA,NAM-Dedicated,5,272.32489457829325,68.1241102120597,0.18850154930490268,0.18679164843488205,0.20770938673166353,17905.858669355635,-17199.78123424995,2737343.2151099998,515993.43702749844,320619774.68693835,63.15904853606772,262.84172539821066,30,0,official,2026-06-13T16:26:53
challenger_metrics_scoring,AutoARIMA,NAM-Dedicated,6,9.447514693941962,3.1495063679159387,0.006835488218792675,0.006867808291529982,0.006822480136380806,883.7195761086897,588.374153383099,2784712.289608,19034.868048342658,780960.2891977222,67.160054486952,280.5898680222248,30,0,official,2026-06-13T16:26:53
challenger_metrics_scoring,AutoARIMA,NAM-Dedicated,7,21.825536881793063,5.712653904296685,0.01610361617753594,0.016137771238224588,0.01598480857135636,1593.4138749366223,1463.8161084861918,2726995.152545,43914.48325458575,2538967.776840542,67.06896221679257,278.92708041321396,30,0,official,2026-06-13T16:26:53
challenger_metrics_scoring,AutoARIMA,NAM-Dedicated,8,3.9661356580247835,1.0841974966511603,0.002909007064110302,0.0029031935788349176,0.00290836238020543,300.72556299560904,-230.20025952586778,2742230.5255300007,7977.167970185677,90435.864239026,67.04399998728627,277.37157106936877,30,0,official,2026-06-13T16:26:53
challenger_metrics_scoring,AutoARIMA,NAM-Dedicated,9,5.30977249566281,1.4539025781606718,0.00386003884174522,0.003859788076221984,0.003850279719650734,400.79362349129207,354.2467567228416,2753185.43087,10627.402701685249,160635.52863127957,66.71599527328178,275.6674549668486,30,0,official,2026-06-13T16:26:53
challenger_metrics_scoring,AutoARIMA,NAM-Dedicated,10,18.984723121748292,5.688665012363811,0.013785657276324843,0.01387305661403617,0.01372637527110809,1558.4659729787697,1215.2887976183372,2732461.470565,37668.77735397167,2428816.1889326638,66.13875291974371,273.959878036689,30,0,official,2026-06-13T16:26:53
challenger_metrics_scoring,AutoARIMA,NAM-Dedicated,11,11.945420828613313,3.9886537587867403,0.00873526579068912,0.008756968735481556,0.008685221941106621,1087.132711538505,783.828858301418,2720458.992055,23763.932368270645,1181857.532497062,66.31253015757584,272.5563002663802,30,0,official,2026-06-13T16:26:53
challenger_metrics_scoring,AutoARIMA,NAM-Dedicated,12,6.960848400001228,2.189317455054212,0.0052150141183937865,0.005259057027436943,0.005236270626356214,593.41126096623,432.2605413640733,2652312.9122340004,13831.849283698451,352136.92464153114,66.23641491601326,271.0485222671995,30,0,official,2026-06-13T16:26:53
challenger_metrics_scoring,AutoARIMA,NAM-GCC Low,1,2.2308964602844092,0.7151643853550568,0.0012826708992864587,0.0012795096725555725,0.0012805832027501342,277.53314654607146,-198.50669523347653,5475053.345255002,7022.691597999568,77024.6474317632,104.93078639045204,388.069026127867,30,0,official,2026-06-13T16:26:53
challenger_metrics_scoring,AutoARIMA,NAM-GCC Low,2,2.1300255492371947,0.6488639576890387,0.0012070505892706712,0.0012078432883302647,0.0012070601150392588,250.1734131427535,166.16059342651474,5540179.391918,6687.27679967985,62586.736643494834,104.6509638045531,385.55603247521805,30,0,official,2026-06-13T16:26:53
challenger_metrics_scoring,AutoARIMA,NAM-GCC Low,3,1.2149915623984984,0.44153294824159595,0.0006770367602338057,0.0006755225008553956,0.0006757937408216188,169.1515930703647,-55.887632129188084,5619293.133231,3804.4680177267874,28612.26143824225,104.3757047502025,383.10072610438374,30,0,official,2026-06-13T16:26:53
challenger_metrics_scoring,AutoARIMA,NAM-GCC Low,4,6.7499283989965475,4.21371539931433,0.003700470980857747,0.0037542646444935555,0.0037230609686233983,1604.097119752383,-115.0841333933,5698800.454201001,21088.245706469752,2573127.569597891,104.14058964736454,380.6847325316293,30,0,official,2026-06-13T16:26:53
challenger_metrics_scoring,AutoARIMA,NAM-GCC Low,5,93.41068483133245,25.00838137022241,0.0523405987165437,0.05214257759599398,0.0536270960627711,10382.526708756248,-10063.593808509197,5768138.341143001,301907.8142552759,107796860.85803683,107.73493232257728,415.1618833323922,30,0,official,2026-06-13T16:26:53
challenger_metrics_scoring,AutoARIMA,NAM-GCC Low,6,2.5394704830950534,0.7224179451081326,0.001446454220533392,0.001444937170976718,0.0014460254082413423,307.88529365263025,-239.51903372361656,5884864.259646,8512.186745631072,94793.35404756635,111.73178033630325,426.1872171607608,30,0,official,2026-06-13T16:26:53
challenger_metrics_scoring,AutoARIMA,NAM-GCC Low,7,3.2493247294313083,1.0200811230587363,0.0018229586839244275,0.0018181955949273614,0.0018205446980969348,432.24651850655215,-362.38139415147015,5963624.913945001,10871.441824544105,186837.05276103513,111.52513962951728,423.7373957185397,30,0,official,2026-06-13T16:26:53
challenger_metrics_scoring,AutoARIMA,NAM-GCC Low,8,16.180049662139105,4.687455480540286,0.008867541406222227,0.00884271580547924,0.008889929865349993,1974.3102188754742,-1773.0405227239196,6090557.715964001,54008.27273329705,3897900.840356123,111.26515649634668,421.19018027407725,30,0,official,2026-06-13T16:26:53
challenger_metrics_scoring,AutoARIMA,NAM-GCC Low,9,4.01216920668107,1.254812001610267,0.0021885734758779877,0.002188174610996915,0.002184880860145159,526.5785299305222,447.2554503450713,6150448.068474,13460.7075074272,277284.9481837899,111.83233486275049,419.64734896923034,30,0,official,2026-06-13T16:26:53
challenger_metrics_scoring,AutoARIMA,NAM-GCC Low,10,7.661290201464348,2.2717829551193613,0.004099047702112878,0.004089698123526303,0.004100015603623406,947.6908947014442,-853.3534161961434,6245500.015208001,25600.6024858843,898118.0319000238,111.38507924331556,417.1573224307653,30,0,official,2026-06-13T16:26:53
challenger_metrics_scoring,AutoARIMA,NAM-GCC Low,11,5.4080377956726045,1.7581355009022694,0.002849189888454542,0.0028396836662915037,0.0028455780167903843,729.3481313769812,-602.9052071647292,6348175.068371001,18087.156214941875,531948.6967430942,111.48317189039636,414.841820213904,30,0,official,2026-06-13T16:26:53
challenger_metrics_scoring,AutoARIMA,NAM-GCC Low,12,2.891194695822855,1.017189277792305,0.0015012782567193456,0.0014959886352561606,0.0014978454449604964,419.6569687512781,-285.9399079387775,6447163.119871002,9678.985809385194,176111.9714215112,111.59153715208936,412.5652697225597,30,0,official,2026-06-13T16:26:53
challenger_metrics_scoring,AutoARIMA,NAM-ITAR DoD,1,4.061745704086986,0.6693353107611282,0.010284546729209452,0.01032836114253793,0.010294053887565909,398.0081282522894,44.755421854802016,1010149.6063209998,10388.930829700854,158410.47015489085,85.25833952994942,594.6319010119133,30,0,official,2026-06-13T16:26:53
challenger_metrics_scoring,AutoARIMA,NAM-ITAR DoD,2,8.023104056200816,1.3286827384983717,0.01999794049955819,0.019848230254878262,0.02011167244499971,785.1663711946943,-681.7115227407048,1022672.5938439998,20451.345682221145,616486.2304550444,84.9685505716245,590.9359310877029,30,0,official,2026-06-13T16:26:53
challenger_metrics_scoring,AutoARIMA,NAM-ITAR DoD,3,5.301585506841841,0.8535965982861021,0.012759927005643998,0.012789098869913891,0.012814060538025732,500.9980716200777,-256.8623571883356,1053271.376792,13439.665885000075,250999.06776703653,84.50092189500556,586.9260405043893,30,0,official,2026-06-13T16:26:53
challenger_metrics_scoring,AutoARIMA,NAM-ITAR DoD,4,59.09503727455543,22.27483026669464,0.16136930663077792,31.038639390488736,0.2718845886078594,13022.122210324564,4480.910290538758,934482.5289086665,150796.7977485674,169575666.8606283,85.05891791892539,584.6115123846874,30,0,official,2026-06-13T16:26:53
challenger_metrics_scoring,AutoARIMA,NAM-ITAR DoD,5,300.5973759419415,34.23050297996515,0.9965543549323498,0.9030271933714342,1.7717861713911986,32647.20294619151,-30115.758668900005,906596.5700670001,903472.7600670002,1065839860.2098157,100.18636581417356,953.7459313787958,30,0,official,2026-06-13T16:26:53
challenger_metrics_scoring,AutoARIMA,NAM-ITAR DoD,6,3.773096066480767,0.44756965737796495,0.011708780454879927,0.011687769667271357,0.011766973994265592,465.66861789541025,-433.5098377745928,1110730.1211559998,13005.295133237785,216847.26169262157,114.89499078112132,1040.4383099235904,30,0,official,2026-06-13T16:26:53
challenger_metrics_scoring,AutoARIMA,NAM-ITAR DoD,7,20.209059050099366,6.540617622438641,0.06526952469660742,0.15429704891903037,0.08593514031897885,6760.846495573961,1974.2909314094363,1056162.6978943332,68935.2372938497,45709045.33671471,113.70352461397874,1033.6709598157504,30,0,official,2026-06-13T16:26:53
challenger_metrics_scoring,AutoARIMA,NAM-ITAR DoD,8,14.743811182379922,1.7378776430963663,0.05204348084404677,0.05196747163499236,0.05347725226310765,2055.5480757623586,-1971.3203407841615,1136350.014726,59139.61022352485,4225277.891770336,133.70493669506925,1182.7921740796442,30,0,official,2026-06-13T16:26:53
challenger_metrics_scoring,AutoARIMA,NAM-ITAR DoD,9,9.03045449232908,1.0568067342991065,0.031351827793649915,0.03133245156173075,0.03187158586364204,1242.0583838254515,-1195.1358866609937,1143604.0295900002,35854.07659982981,1542709.0288310929,132.3450428410001,1175.2937822157307,30,0,official,2026-06-13T16:26:53
challenger_metrics_scoring,AutoARIMA,NAM-ITAR DoD,10,3.7536818687784215,0.4329598875025334,0.012863447100054305,0.01286185049438013,0.012950003902714764,505.669203905645,-491.48739958692823,1146241.895576,14744.621987607847,255701.34377856881,130.9347506710459,1167.9354566136017,30,0,official,2026-06-13T16:26:53
challenger_metrics_scoring,AutoARIMA,NAM-ITAR DoD,11,6.784816776536255,0.9563015822122722,0.022447852590008012,0.02213102984065995,0.022523434285382837,1109.9922953902205,-879.1243182203337,1174888.7534279998,26373.72954661001,1232082.8958256508,129.57230050199516,1160.7136451896336,30,0,official,2026-06-13T16:26:53
challenger_metrics_scoring,AutoARIMA,NAM-ITAR DoD,12,9.658087271202112,1.1308659064959663,0.030686882790818156,0.03064330261700108,0.0311669983374115,1304.6839499536932,-1244.899438599637,1217034.1123459998,37346.98315798911,1702200.209266771,128.89709977167024,1153.7034961079596,30,0,official,2026-06-13T16:26:53
challenger_metrics_scoring,AutoARIMA,NAM-ITAR GCCH,1,5.6137252250747975,0.5339973879578429,0.009186211785898575,0.009162892951233435,0.009216784360567444,223.58045383560696,-197.72656579999736,645728.3058839999,5931.796973999921,49988.21933733598,35.221988585549774,418.6920364735151,30,0,official,2026-06-13T16:26:53
challenger_metrics_scoring,AutoARIMA,NAM-ITAR GCCH,2,12.706619251598427,1.2215971308353157,0.02012145846563398,0.020001399950548403,0.020264085388350176,507.9334310505358,-445.0521807000099,663548.5913610001,13351.565421000298,257996.37037876935,35.02522361674012,415.79455143547693,30,0,official,2026-06-13T16:26:53
challenger_metrics_scoring,AutoARIMA,NAM-ITAR GCCH,3,9.257517761901278,1.1407989838902877,0.014329147832591153,0.014610821133074943,0.014485366261719422,471.10509443655127,-65.65573291667049,677335.5803075001,9705.641662500086,221940.01000407187,34.9468828546497,412.9606539707946,30,0,official,2026-06-13T16:26:53
challenger_metrics_scoring,AutoARIMA,NAM-ITAR GCCH,4,87.4767745729135,20.192112708188418,0.15850296423649243,29.340005099640067,0.26920747763555125,8336.579697081506,3000.8450361472223,598050.0868455833,94792.71152691668,69498561.04579157,36.12109690056653,412.8631717522461,30,0,official,2026-06-13T16:26:53
challenger_metrics_scoring,AutoARIMA,NAM-ITAR GCCH,5,426.51616289124433,33.60927752371433,0.9963043603671616,0.8909364731219693,1.753462472385124,21331.472324807764,-19786.4959233,595796.7276989999,593594.8776990001,455031711.5440396,46.390963918395,634.6899992050265,30,0,official,2026-06-13T16:26:53
challenger_metrics_scoring,AutoARIMA,NAM-ITAR GCCH,6,182.20813748812787,18.908090305240247,0.74071162538988,2.3310347732933803,0.6966843513670788,13522.80884614319,10062.637887022864,415281.77727400005,307604.0402394227,182866359.08932856,56.27338136118559,715.1863899441732,30,0,official,2026-06-13T16:26:53
challenger_metrics_scoring,AutoARIMA,NAM-ITAR GCCH,7,223.77300173059677,22.401275200033872,0.8056608280791476,0.737609405896185,1.2269756289373437,16183.04831721376,-14470.50459417631,538831.1342631667,434115.1378252893,261891052.8372751,64.66599849966502,722.4163880272891,30,0,official,2026-06-13T16:26:53
challenger_metrics_scoring,AutoARIMA,NAM-ITAR GCCH,8,5.238926061003958,0.5937520210307089,0.018116555197611975,0.01806820543440206,0.018257372463945862,488.5944652519421,-455.7450575511044,754688.2714400002,13672.351726533132,238724.55147483127,86.99207666690529,822.8931404793854,30,0,official,2026-06-13T16:26:53
challenger_metrics_scoring,AutoARIMA,NAM-ITAR GCCH,9,2.0681631092018873,0.2837531541392245,0.006991923346767568,0.00695823122495386,0.006999408677664054,232.01894633864694,-178.17640787326806,764495.2570410001,5345.292236198042,53832.791460095934,86.15200952019065,817.6788273684035,30,0,official,2026-06-13T16:26:53
challenger_metrics_scoring,AutoARIMA,NAM-ITAR GCCH,10,4.005462979519623,0.47409040934278324,0.013078741365274224,0.013032792339107169,0.013141408098174132,385.226647623784,-341.5640387990677,783479.149697,10246.92116397203,148399.57003945904,85.27454642460124,812.5594613015093,30,0,official,2026-06-13T16:26:53
challenger_metrics_scoring,AutoARIMA,NAM-ITAR GCCH,11,4.09083717468611,0.4911722048646656,0.01290695834412792,0.012854852386255654,0.01296423437010554,396.6396046320513,-345.6514283187447,803407.1679080001,10369.542849562342,157322.97596267,84.49405673186358,807.5367472011956,30,0,official,2026-06-13T16:26:53
challenger_metrics_scoring,AutoARIMA,NAM-ITAR GCCH,12,3.260511602991049,0.42822401793478804,0.00998085535676591,0.009920344153322958,0.009998233922762723,343.6970796066034,-262.61369205146815,820913.6360049999,8193.420261362684,118127.68253010788,83.76415788907077,802.6104683809286,30,0,official,2026-06-13T16:26:53
challenger_metrics_scoring,AutoARIMA,NAM-MSIT,1,14.706108198428625,3.0982502071940283,0.05481899422772855,0.05446963906401061,0.056215862754880094,675.4518056256373,-631.0785227052118,345361.2374299999,18932.355681156354,456235.1417229338,42.912680512757525,218.01073523928505,30,0,official,2026-06-13T16:26:53
challenger_metrics_scoring,AutoARIMA,NAM-MSIT,2,9.909271273154575,2.6360457674374014,0.03698870064088678,0.03860450617974686,0.037382492014262164,570.7883069532243,215.85253359895742,342894.96231300005,12683.239112263715,325799.2913545282,42.66455377206246,216.532017009746,30,0,official,2026-06-13T16:26:53
challenger_metrics_scoring,AutoARIMA,NAM-MSIT,3,33.91223906929906,7.330247329194447,0.1497172758773281,0.15302987572171478,0.14014415765131735,1579.3245138076186,1449.9024117560957,290528.077657,43497.07235268287,2494265.9199136705,42.75454678156891,215.4531004046186,30,0,official,2026-06-13T16:26:53
challenger_metrics_scoring,AutoARIMA,NAM-MSIT,4,6.886032475371658,3.159414533998787,0.03207553731853072,0.038681097626391284,0.03464449473791238,676.5113249710552,98.92556175483332,275914.67443,8850.11143640972,457667.5728140926,42.8408834262822,214.12553423776677,30,0,official,2026-06-13T16:26:53
challenger_metrics_scoring,AutoARIMA,NAM-MSIT,5,11.870802598301413,2.4429129433878454,0.054722662223892375,0.05448967830185148,0.05613662016075137,551.0437000413846,-529.8219321213,290458.419194,15894.657963639002,303649.15935529943,44.63235975275269,225.5682919577126,30,0,official,2026-06-13T16:26:53
challenger_metrics_scoring,AutoARIMA,NAM-MSIT,6,4.772121851317361,1.2971488012220658,0.02189841326423238,0.022353410092191387,0.021888218171983456,290.74024986332154,204.53414426133367,289988.391461,6350.285638042975,84529.89289058665,44.35682795407495,224.1379320471254,30,0,official,2026-06-13T16:26:53
challenger_metrics_scoring,AutoARIMA,NAM-MSIT,7,4.9343027228763425,1.2391021645799647,0.022222846733990668,0.021932785501687976,0.02232211824967732,276.0599467366937,-217.8734789434479,294524.38460799993,6545.1702585665025,76209.09419226616,44.21543512941136,222.7903030338693,30,0,official,2026-06-13T16:26:53
challenger_metrics_scoring,AutoARIMA,NAM-MSIT,8,4.17822999155198,0.8986123057500065,0.017820066908689595,0.01776474529207613,0.017951967103997858,198.92655781188378,-183.3423401825674,308655.97944500006,5500.270205477022,39571.77540288474,43.880384888641785,221.37083649867694,30,0,official,2026-06-13T16:26:53
challenger_metrics_scoring,AutoARIMA,NAM-MSIT,9,0.6654407427048257,0.1816307560198009,0.0028006159168632657,0.0028079927612316715,0.0028014514882450828,39.9562138211107,20.839129533165337,310302.547737,869.0382542354655,1596.4990229183177,43.53196302664378,219.9859467454663,30,0,official,2026-06-13T16:26:53
challenger_metrics_scoring,AutoARIMA,NAM-MSIT,10,6.065994368226753,1.400681990518966,0.024529997815341816,0.02431199218539946,0.024721469765972025,306.21941348570203,-261.45942572889356,319762.8809800001,7843.782771866807,93770.32919552736,43.10248408709369,218.62165399317,30,0,official,2026-06-13T16:26:53
challenger_metrics_scoring,AutoARIMA,NAM-MSIT,11,3.9517368999561677,0.8158013984663,0.015374694615846455,0.015352084913900605,0.015482267268162559,177.2630008966665,-169.21748940695338,330187.02543700003,5076.524682208601,31422.17148689159,42.82104140304237,217.2869539448198,30,0,official,2026-06-13T16:26:53
challenger_metrics_scoring,AutoARIMA,NAM-MSIT,12,9.807627131265326,2.276698174696187,0.03691225588635487,0.03640004165979534,0.03733289476866369,491.8222616646376,-416.17713123481025,339828.38755,12543.83239869297,241889.13706891926,42.63291630349271,216.02435805100455,30,0,official,2026-06-13T16:26:53
challenger_metrics_scoring,AutoARIMA,NAM-Multitenant,1,2.714074718527984,0.9226525579978636,0.003573280426960774,0.0035810499353402738,0.003579251791331122,9956.760237534205,-1977.3069268001243,63912922.82564401,228378.79616272822,99137074.42774218,2804.8699200464243,10791.451398715202,30,0,official,2026-06-13T16:26:53
challenger_metrics_scoring,AutoARIMA,NAM-Multitenant,2,2.329811309246717,0.7743777072674598,0.003040784297871528,0.00304328481460497,0.003041531857482313,8327.595590409674,686.5969455935992,64975567.425569,197576.68517296296,69348848.31741063,2826.79094209342,10753.919582467308,30,0,official,2026-06-13T16:26:53
challenger_metrics_scoring,AutoARIMA,NAM-Multitenant,3,13.052651011603187,3.903605368228606,0.016587593468635826,0.01648916731270748,0.016662215629509324,41788.38519259987,-37077.94236749434,67131698.603343,1113553.325291241,1746269137.0051,2843.7475378279987,10705.074220031307,30,0,official,2026-06-13T16:26:53
challenger_metrics_scoring,AutoARIMA,NAM-Multitenant,4,21.451308249586997,15.57071246064206,0.027404103808373607,0.034512056334506915,0.029879434591974625,166109.4241262991,39386.62301716255,67470310.47917002,1848963.392354373,27592340783.570713,2873.116751733112,10668.068307482543,30,0,official,2026-06-13T16:26:53
challenger_metrics_scoring,AutoARIMA,NAM-Multitenant,5,245.1781820730709,48.73524302061718,0.3578160906375937,0.34468249123699196,0.42520123660489895,864792.6849674712,-816860.6791159515,68487194.999564,24505820.373478547,747866387973.2479,3331.7021612979456,17744.708579818212,30,0,official,2026-06-13T16:26:53
challenger_metrics_scoring,AutoARIMA,NAM-Multitenant,6,6.247825961080036,1.3946604983120803,0.009500161105049476,0.00947257143814938,0.00949692683984731,27313.1571425583,-6818.5175972139305,75020997.043148,712711.5581713463,746008553.0940834,3802.450978474134,19584.0903041383,30,0,official,2026-06-13T16:26:53
challenger_metrics_scoring,AutoARIMA,NAM-Multitenant,7,5.223722847880372,1.4220076896393272,0.007960494566890018,0.007898984673726428,0.007956635940801851,27793.89079272308,-18204.517414503403,76710073.58810298,610650.1240238273,772500365.3978168,3896.6470325635705,19545.527774025344,30,0,official,2026-06-13T16:26:53
challenger_metrics_scoring,AutoARIMA,NAM-Multitenant,8,9.640758393926038,2.2113063288235884,0.014740768858155897,0.014695556064602518,0.01479792818548728,43245.653124039054,-29724.507077587023,78907401.601202,1163155.7682009991,1870186514.1247087,4021.660678112286,19556.608942120503,30,0,official,2026-06-13T16:26:53
challenger_metrics_scoring,AutoARIMA,NAM-Multitenant,9,4.995092427346548,1.2254126599451827,0.007589402915022362,0.007563268088774091,0.00760242770442116,23938.721073445635,-20480.45113669637,80956768.401995,614413.5341008911,573062366.63223,4100.114549346953,19535.23238001842,30,0,official,2026-06-13T16:26:53
challenger_metrics_scoring,AutoARIMA,NAM-Multitenant,10,3.969560153902051,1.0107295478759217,0.005919777664367695,0.005901509131847298,0.005925415333954619,19626.773312725385,-13771.373126931954,82110145.26311502,486073.80394657515,385210230.66910934,4081.6764335024864,19418.422419698356,30,0,official,2026-06-13T16:26:53
challenger_metrics_scoring,AutoARIMA,NAM-Multitenant,11,21.04827999076752,4.6001749163403485,0.03093944334983386,0.030887522875870155,0.031395562741930796,88947.94494351294,-86855.3386172452,84218068.471854,2605660.158517356,7911736909.674208,4126.481529861008,19335.774521868643,30,0,official,2026-06-13T16:26:53
challenger_metrics_scoring,AutoARIMA,NAM-Multitenant,12,3.304034735652234,0.9048247086088619,0.004785539389437473,0.004764773115202962,0.004782650803191651,17450.541390896826,-11517.502559273767,85664310.891847,409949.9340419513,304521394.8354034,4135.851737255067,19286.101744200223,30,0,official,2026-06-13T16:26:53
challenger_metrics_scoring,AutoARIMA,NAM-SDF,1,1.3322364286353787,0.4035438426408982,0.05429774414670494,0.05396213673790841,0.05575091961745058,116.44370675226736,-106.45455068839274,58817.112402,3193.636520651782,13559.136842208034,79.90665050154428,288.5528025659586,30,0,official,2026-06-13T16:26:53
challenger_metrics_scoring,AutoARIMA,NAM-SDF,2,1.4694668020245376,0.5010113274838668,0.059480195600424446,0.05808032103024705,0.060679220807994406,143.56014391964376,-115.8676689118053,58531.67987900001,3481.4757680243483,20609.51492222883,78.97367406163454,286.54071483896064,30,0,official,2026-06-13T16:26:53
challenger_metrics_scoring,AutoARIMA,NAM-SDF,3,4.026904046542159,2.58189439759599,0.19580758593811692,31.43160110038806,0.3079360953353746,734.784154558915,311.8328780811114,48239.84063899999,9445.726741562055,539907.7537908595,78.18849280067448,284.591095299279,30,0,official,2026-06-13T16:26:53
challenger_metrics_scoring,AutoARIMA,NAM-SDF,4,4.154858238290276,2.0760793814850715,0.18465208349453732,1.0748316407686054,0.25821808399787416,595.6113032592771,91.2953546209145,53247.077673,9832.18383231491,354752.82457021455,78.88102127210684,286.8923551628461,30,0,official,2026-06-13T16:26:53
challenger_metrics_scoring,AutoARIMA,NAM-SDF,5,4.225393160817415,1.2236682948304345,0.1515182661645812,0.15054967280452208,0.16410924270156305,353.67519385464044,-337.1514129622295,66754.607513,10114.542388866885,125086.1427481175,79.79172591291044,289.02864881667114,30,0,official,2026-06-13T16:26:53
challenger_metrics_scoring,AutoARIMA,NAM-SDF,6,6.874397051480001,2.52811169171972,0.2599081191334478,1.1573096686118207,0.3503008611229298,725.862350202679,-78.90747189647433,62586.159845,16266.651089099269,526876.1514417565,78.87552885139792,287.1164088913014,30,0,official,2026-06-13T16:26:53
challenger_metrics_scoring,AutoARIMA,NAM-SDF,7,7.046311020315589,1.9946477702766676,0.21366798465307033,0.2122644367924823,0.23925466980283264,582.0231649288291,-563.1137767435946,79063.849129,16893.41330230784,338750.96451377106,79.9161114404476,291.7924525832948,30,0,official,2026-06-13T16:26:53
challenger_metrics_scoring,AutoARIMA,NAM-SDF,8,8.577300467524887,2.613267604068386,0.2536558259560026,0.42822229378769133,0.3055828153468493,757.6304968006069,-387.3202866761201,80223.07982599999,20349.051573998357,574003.9696823345,79.08102574947021,289.91692072450326,30,0,official,2026-06-13T16:26:53
challenger_metrics_scoring,AutoARIMA,NAM-SDF,9,4.750647257825649,1.3210408598163192,0.1338870109100785,0.13391168751094937,0.1439259724221244,388.82101401960676,-381.5837973641599,85501.30324900002,11447.513920924797,151181.78094323524,80.32248589612381,294.3292867365733,30,0,official,2026-06-13T16:26:53
challenger_metrics_scoring,AutoARIMA,NAM-SDF,10,7.832123290701593,3.06029179732028,0.23245939754143374,0.9486163976838367,0.3087177491264533,895.0740719718017,-26.535773350490626,80311.906344,18669.25736413029,801157.594316182,79.45592219457993,292.4799761759863,30,0,official,2026-06-13T16:26:53
challenger_metrics_scoring,AutoARIMA,NAM-SDF,11,5.45828437024054,1.5067368797145773,0.14078979790987017,0.1404519433632083,0.1515006108693885,450.3554975191716,-441.71416541222084,94122.05400599999,13251.424962366626,202820.07414574057,80.92545852328962,298.8945870923946,30,0,official,2026-06-13T16:26:53
challenger_metrics_scoring,AutoARIMA,NAM-SDF,12,2.4820290653851464,0.7791215166166375,0.0640970735304133,0.06280299550979009,0.06555011442568966,231.45491286037372,-198.70404261978499,93001.457793,5961.1212785935495,53571.37668720319,80.05709739299579,297.07164790606066,30,0,official,2026-06-13T16:26:53
challenger_metrics_scoring,AutoARIMA,NAM-TDF,1,7.47108781217675,1.3826403877795064,0.12956905768619345,0.12876085249843802,0.1385722758947018,6.820491810983487,-6.490571797878738,1502.805974,194.71715393636214,46.5191085436928,0.8687586012976695,4.932947041954318,30,0,official,2026-06-13T16:26:53
challenger_metrics_scoring,AutoARIMA,NAM-TDF,2,5.544508285058428,1.0067411311903518,0.09167016591375063,0.09150859278377961,0.09617952098274503,4.922841449032178,-4.7731490080140855,1562.061864,143.19447024042256,24.23436793230923,0.8608786861906161,4.889878138992396,30,0,official,2026-06-13T16:26:53
challenger_metrics_scoring,AutoARIMA,NAM-TDF,3,11.994275461717036,4.206976472150264,0.23216311976652898,17.39923298420299,0.3570191002887609,20.37908074726266,6.632716012892012,1313.109423,304.8555802385068,415.30693210345163,0.847225220652234,4.8441156926286615,30,0,official,2026-06-13T16:26:53
challenger_metrics_scoring,AutoARIMA,NAM-TDF,4,12.54306891797375,3.6626440656519996,0.3037361320080286,2.661628983345865,0.3581525597937671,18.783918114601995,11.262441179078595,1115.5765580000002,338.84090868575026,352.83557973607304,0.9004731641079318,5.128513111813448,30,0,official,2026-06-13T16:26:53
challenger_metrics_scoring,AutoARIMA,NAM-TDF,5,1.9391781310457052,0.381710483789399,0.043442115949043195,0.04325953103776566,0.04413003259602148,2.034711097940596,-1.3353084830871298,1302.731899,56.59343020687523,4.140049252082624,0.9728078320196596,5.330508813227164,30,0,official,2026-06-13T16:26:53
challenger_metrics_scoring,AutoARIMA,NAM-TDF,6,7.756249581627696,2.7645697986037234,0.1837253469850937,1.1573794934548816,0.26299888234677204,14.605942862950704,3.903800296652001,1212.7705540000002,222.81669084695437,213.33356691578058,0.9575791689097716,5.283260661506032,30,0,official,2026-06-13T16:26:53
challenger_metrics_scoring,AutoARIMA,NAM-TDF,7,0.9801212337337264,0.2794467784689208,0.023144799307147478,0.023897838615264445,0.023243966017200652,1.517602390418169,0.7383422597576803,1264.5843519999999,29.268551033999138,2.3031170154029406,0.995405807181014,5.430738542534145,30,0,official,2026-06-13T16:26:53
challenger_metrics_scoring,AutoARIMA,NAM-TDF,8,6.931338425316867,2.340920177637431,0.1889514270247271,1.5468486070346408,0.23542868831339533,12.60468210228754,6.809953971514456,1081.2229489999997,204.29861914543366,158.87801089972785,0.9824875880596088,5.3844988918027905,30,0,official,2026-06-13T16:26:53
challenger_metrics_scoring,AutoARIMA,NAM-TDF,9,0.958106433633901,0.2215546791599231,0.024549267420007587,0.02490813472101015,0.02443664498368263,1.2105825798930665,0.8575181067319401,1183.7470660000001,29.060123280883374,1.4655101827405526,1.0110262722644252,5.464035264266483,30,0,official,2026-06-13T16:26:53
challenger_metrics_scoring,AutoARIMA,NAM-TDF,10,4.764887387115594,1.9991394063294736,0.13230544105817857,0.3943145374377991,0.17336888874529321,10.833680950249505,4.685552567368186,1079.1373589999998,142.77574424485297,117.36864293179902,0.9988046071555514,5.419172327827162,30,0,official,2026-06-13T16:26:53
challenger_metrics_scoring,AutoARIMA,NAM-TDF,11,2.2941542044837573,0.5413555922285862,0.05622351774509735,0.05445481860882275,0.05680286913462755,2.951910716479094,-2.340917255375938,1249.0772630000001,70.22751766127814,8.713776878064118,1.020383569160602,5.4528128255349335,30,0,official,2026-06-13T16:26:53
challenger_metrics_scoring,AutoARIMA,NAM-TDF,12,5.80651932294971,1.1082806451309168,0.12322647364452063,0.12287115217739047,0.13132904890066963,5.995398886914449,-5.849186136501006,1424.0088099999998,175.47558409503017,35.944807813215014,1.0073480877576104,5.409639619039125,30,0,official,2026-06-13T16:26:53
challenger_metrics_scoring,AutoARIMA,NOR-Go Local,1,2.7439974557298643,0.7051021782399433,0.0024342391405517863,0.002432882355182872,0.002426319803648851,43.85997796595799,23.519089010246535,356456.51464300003,867.7003998486616,1923.6976671743205,10.540588002815351,62.20371928993336,30,0,official,2026-06-13T16:26:53
challenger_metrics_scoring,AutoARIMA,NOR-Go Local,2,7.11482164650921,1.371597748972874,0.006238570957948033,0.00622924771044634,0.006220430787696401,84.66439613698681,31.039786351112465,358713.41275600006,2237.8590790460075,7168.059973240628,10.48449368670627,61.72684097825916,30,0,official,2026-06-13T16:26:53
challenger_metrics_scoring,AutoARIMA,NOR-Go Local,3,17.256929320286446,4.180795867471359,0.014986007719033866,0.015151293814934267,0.01492559604854172,256.35181248586395,180.33111249069606,363500.72746900003,5447.42470772486,65716.25176478754,10.522197792012202,61.31651020811771,30,0,official,2026-06-13T16:26:53
challenger_metrics_scoring,AutoARIMA,NOR-Go Local,4,22.38150994839158,6.498943135168661,0.019285784798371335,0.018504423397548212,0.018985804163970863,396.5095951058218,-190.24136358089734,367466.14399700006,7086.872973813475,157219.85901098273,10.554654251291572,61.01139629305767,30,0,official,2026-06-13T16:26:53
challenger_metrics_scoring,AutoARIMA,NOR-Go Local,5,420.0993964617066,91.4679181298969,0.2653470899249168,0.23906040058173303,0.2863393252980677,5620.133568087341,-4640.763515729982,524771.057063,139246.4728684895,31585901.32314215,11.048692606344671,61.443768295961284,30,0,official,2026-06-13T16:26:53
challenger_metrics_scoring,AutoARIMA,NOR-Go Local,6,112.77019487014275,27.071586926435856,0.07742571136611896,0.07706700890253246,0.07325490790785948,2025.161074759969,1733.5048109013287,671677.9660070002,52005.14432703986,4101277.378722953,15.372012196108166,74.8076232199881,30,0,official,2026-06-13T16:26:53
challenger_metrics_scoring,AutoARIMA,NOR-Go Local,7,11.184580955958873,2.586428788303246,0.007650625323228314,0.007640416671205744,0.007604830633226941,192.6459514058398,173.8915583106278,681871.9423469999,5216.746749318834,37112.462593061195,15.547436152981897,74.48337734139581,30,0,official,2026-06-13T16:26:53
challenger_metrics_scoring,AutoARIMA,NOR-Go Local,8,5.386642415339065,1.3351928980361452,0.003622093135478295,0.003618111224767727,0.0036089231440645385,98.74704542000647,83.17091013320265,688863.3755870002,2495.1273039960797,9750.97897918082,15.44021372132745,73.95713800249204,30,0,official,2026-06-13T16:26:53
challenger_metrics_scoring,AutoARIMA,NOR-Go Local,9,6.290132653036884,1.6090057542828031,0.00418817276916856,0.004184331617229068,0.0041975355122687,118.16573570615682,-96.34845989310877,690146.743246,2890.453796793263,13963.141094977305,15.317397137338846,73.44021945951829,30,0,official,2026-06-13T16:26:53
challenger_metrics_scoring,AutoARIMA,NOR-Go Local,10,2.9556908941777706,0.7512989283487166,0.0019395964061177152,0.001936833711963172,0.0019395053956151557,54.79212162765506,-37.40753925049576,693305.283367,1344.7324359610575,3002.1765924597453,15.165460847185354,72.92985462934564,30,0,official,2026-06-13T16:26:53
challenger_metrics_scoring,AutoARIMA,NOR-Go Local,11,4.850336784246388,1.0508453866564522,0.0031642086704155243,0.0031644291018818695,0.0031698661472964284,76.12182211550306,-73.11502548887681,693206.736071,2193.450764666304,5794.531802184292,15.07421623305626,72.43865090154237,30,0,official,2026-06-13T16:26:53
challenger_metrics_scoring,AutoARIMA,NOR-Go Local,12,5.336689835698008,1.5807508454291208,0.0034560012554095817,0.003447383648449683,0.003459477880161524,113.73877418326384,-77.9001711432052,692507.5429230001,2393.306937722493,12936.508752711487,14.948760445181229,71.95237283101852,30,0,official,2026-06-13T16:26:53
challenger_metrics_scoring,AutoARIMA,NZL-Go Local,6,3.2154421746183806,1.210240474774033,0.008265049839165494,0.008041700919244938,0.008105025047926356,2.3962382084420546,-1.4426575508843447,6132.609256,50.68632114496762,5.741957551597587,0.5254468736842105,1.9799686577904794,30,0,official,2026-06-13T16:26:53
challenger_metrics_scoring,AutoARIMA,NZL-Go Local,7,6.385915267590069,1.8716520230649945,0.015574968846316086,0.015541443417812158,0.015408910389079962,3.5880636259411336,3.408480280424603,6565.304201999999,102.25440841273809,12.874200583801834,0.533749687804878,1.9170570072450563,30,0,official,2026-06-13T16:26:53
challenger_metrics_scoring,AutoARIMA,NZL-Go Local,8,19.55606206135547,7.771535290743904,0.04211646140612146,0.03984879565087634,0.04145739210182258,14.430479005075641,-10.03485063531923,7333.504286,308.8612502329453,208.23872431592886,0.5264544045454543,1.8568376086849543,30,0,official,2026-06-13T16:26:53
challenger_metrics_scoring,AutoARIMA,NZL-Go Local,9,4.524332114748302,1.6715967778967626,0.00940403696611575,0.009255906867478769,0.009320067787582969,3.217757909853164,-2.6113137530608412,8330.402451,78.33941259182524,10.353965966422603,0.5771711021276594,1.924960584036189,30,0,official,2026-06-13T16:26:53
challenger_metrics_scoring,AutoARIMA,NZL-Go Local,10,8.00728207826717,3.4192670799856475,0.015549948866595444,0.015156346867628293,0.015365916472261631,6.426732064177344,-4.741818425243654,9148.232832,142.25455275730963,41.30288502472518,0.5921882579999999,1.8795642205885597,30,0,official,2026-06-13T16:26:53
challenger_metrics_scoring,AutoARIMA,NZL-Go Local,11,249.4660753892738,90.16432583418676,0.314362863407533,0.2978632727534559,0.35919714262197316,167.77078679969577,-153.76080055599772,14673.565340000003,4612.824016679931,28147.036903388973,0.6163595603773583,1.8607224669791043,30,0,official,2026-06-13T16:26:53
challenger_metrics_scoring,AutoARIMA,NZL-Go Local,12,0.1455128911420008,0.05399010514437365,0.00026231992792742664,0.0002623199279274266,0.0002622748020746703,0.1645256148737303,0.14364651083934632,16428.01353,4.30939532518039,0.027068677949579022,0.9871737803571428,3.047329032491718,30,0,official,2026-06-13T16:26:53
challenger_metrics_scoring,AutoARIMA,POL-Go Local,1,200.182104036584,58.2569927220932,0.2495035514962565,0.2088780656321273,0.25377593817291366,489.0965359961874,-350.39240485945254,42134.48465200001,10512.703561138513,239215.42152346985,1.750523373327664,8.395499203492252,30,0,official,2026-06-13T16:26:53
challenger_metrics_scoring,AutoARIMA,POL-Go Local,2,171.0783085607189,48.810624102658046,0.19485544518765543,0.1873108774380253,0.1653112054967205,617.1324734286609,505.5485639586415,77834.401313,15166.456918759246,380852.4897601768,2.955071091196888,12.643404684412838,30,0,official,2026-06-13T16:26:53
challenger_metrics_scoring,AutoARIMA,POL-Go Local,3,278.46303732877794,84.01605031790898,0.24578522725023727,0.22946046695054678,0.2663407236266759,1116.6456547509556,-983.0461663824148,119988.43592599999,29491.38499147244,1246897.5182741901,3.530257285895162,13.29086109767921,30,0,official,2026-06-13T16:26:53
challenger_metrics_scoring,AutoARIMA,POL-Go Local,4,220.98971968705655,95.48224638388217,0.17451279127357971,0.13988113606524846,0.1621052113958591,1844.6596772493074,-1258.6538189622815,217440.49004899999,37946.14685434602,3402769.3248695186,5.723666981444739,19.319399648736105,30,0,official,2026-06-13T16:26:53
challenger_metrics_scoring,AutoARIMA,POL-Go Local,5,594.8760802487485,164.01116793967404,0.5082833934908384,0.49254269028171166,0.7014362030945552,7190.075624845262,-6547.1393745334735,386426.51668600005,196414.1812360042,51697187.49099398,11.005887767072052,43.83893923302764,30,0,official,2026-06-13T16:26:53
challenger_metrics_scoring,AutoARIMA,POL-Go Local,6,21.36738276375451,6.175506040959972,0.022565623572851027,0.02265204365526989,0.022319907994260323,352.7723458070564,308.38588195248497,409985.41115899995,9251.57645857455,124448.32796621337,14.432552894386294,57.124443481593374,30,0,official,2026-06-13T16:26:53
challenger_metrics_scoring,AutoARIMA,POL-Go Local,7,91.48086006767984,28.170425016999943,0.09781064876116945,0.09771461321628845,0.0916217638039333,1609.6355812456297,1372.5240635185853,421303.43164399994,41207.96197440664,2590926.7044119565,15.015148867905246,57.139201139999365,30,0,official,2026-06-13T16:26:53
challenger_metrics_scoring,AutoARIMA,POL-Go Local,8,1.352451274698532,0.4022633402647987,0.0014149967125187883,0.001413800468798069,0.0014150876008108052,22.699483704150236,-19.471293357486683,423546.029136,599.316238827827,515.2665604349821,14.771111044559133,56.4294118604191,30,0,official,2026-06-13T16:26:53
challenger_metrics_scoring,AutoARIMA,POL-Go Local,9,1.6549825232798112,0.6135494991715222,0.0017037545036905524,0.0017118484789206026,0.00170909410457906,34.153921735441926,16.22648235756066,421004.6326819998,717.2885390065439,1166.4903699106924,14.447051633814958,55.66612275221489,30,0,official,2026-06-13T16:26:53
challenger_metrics_scoring,AutoARIMA,POL-Go Local,10,18.120405259844095,5.835063646517933,0.01891386828270349,0.019115002713052536,0.018836282747701376,320.667364937989,258.3034426195438,409704.83471499995,7749.1032785863135,102827.55893627343,14.254838063250148,54.955247168442945,30,0,official,2026-06-13T16:26:53
challenger_metrics_scoring,AutoARIMA,POL-Go Local,11,0.5678045918774367,0.1709541921959473,0.0006086925437932653,0.0006090891396500874,0.000608982397836703,9.294280518598232,2.2221308199263756,400895.763571,244.02226212397545,86.38365035839462,14.325483661971324,54.36708160947085,30,0,official,2026-06-13T16:26:53
challenger_metrics_scoring,AutoARIMA,POL-Go Local,12,5.449103080933921,1.7410840351162158,0.005742549601299345,0.005738785655833275,0.005763440013860809,93.47670756445189,-76.55460536671605,399933.5348329999,2296.6381610014814,8737.894857090056,14.049028662088618,53.68879713965811,30,0,official,2026-06-13T16:26:53
challenger_metrics_scoring,AutoARIMA,QAT-Go Local,1,5.4729241268123525,1.7476416852476262,0.006110897774455993,0.006045499973949807,0.0060769041791053175,47.2333172316132,-35.891506359123376,176660.63955000002,1079.5551090600675,2230.9862567022083,6.575126836805143,27.026888652476057,30,0,official,2026-06-13T16:26:53
challenger_metrics_scoring,AutoARIMA,QAT-Go Local,2,18.246046145658365,4.702051838877744,0.02018424610603653,0.02022755842204515,0.020008292363160186,125.53079655753501,120.78635533083904,179525.68755300003,3623.590659925171,15757.980884369243,6.619864619797648,26.69702522622462,30,0,official,2026-06-13T16:26:53
challenger_metrics_scoring,AutoARIMA,QAT-Go Local,3,0.906282863605681,0.2837653526691183,0.0009856011484291936,0.0009840046425919314,0.0009844409641941879,7.5184309658123505,-2.906337692251327,185753.65329600003,183.0790140134559,56.52680418768604,6.733696559337962,26.495239447287776,30,0,official,2026-06-13T16:26:53
challenger_metrics_scoring,AutoARIMA,QAT-Go Local,4,7.460865628821745,4.456153526163738,0.007856708099959902,0.00810513829764147,0.007949467893283924,116.60926875810767,-8.734088463988368,191053.96363,1501.0552235812656,13597.721560300586,6.706349719808224,26.16814435890756,30,0,official,2026-06-13T16:26:53
challenger_metrics_scoring,AutoARIMA,QAT-Go Local,5,181.09135813897282,41.732754188615424,0.20059324862122585,0.19961082383335926,0.22246730674217147,1337.428095883171,-1315.7857060756003,196784.14629399995,39473.57118226801,1788713.911657684,7.265866906060985,32.047443833649915,30,0,official,2026-06-13T16:26:53
challenger_metrics_scoring,AutoARIMA,QAT-Go Local,6,5.8837985891138285,1.565215653150479,0.006714801327968511,0.006675420113305287,0.006704711776003634,52.76807281544831,-46.00346911259909,205531.63168499997,1380.1040733779728,2784.469508656455,7.818668232069407,33.712972847694374,30,0,official,2026-06-13T16:26:53
challenger_metrics_scoring,AutoARIMA,QAT-Go Local,7,2.4169402276344534,0.7615137189987398,0.002675954713286436,0.002656087106463067,0.0026623883390426307,25.382943903357088,-18.58019693519788,212178.91261399997,567.781161269424,644.2938412009727,7.830577890419905,33.332221429616936,30,0,official,2026-06-13T16:26:53
challenger_metrics_scoring,AutoARIMA,QAT-Go Local,8,3.3981396729064417,0.881710961677987,0.003638534384706211,0.0036258058513782836,0.003633651162946888,29.06367236039295,-26.550050121065517,219172.66126199998,797.467264189354,844.697051072269,7.822586679290095,32.96281165097662,30,0,official,2026-06-13T16:26:53
challenger_metrics_scoring,AutoARIMA,QAT-Go Local,9,3.570283668713954,0.9876896035743665,0.00370443611841287,0.003686976934041097,0.0036960095696049887,32.19907513739747,-27.88008251752047,225784.019157,836.4024755256141,1036.780439703768,7.808926434006044,32.6003989723813,30,0,official,2026-06-13T16:26:53
challenger_metrics_scoring,AutoARIMA,QAT-Go Local,10,4.887288603861244,1.2830051389565555,0.00491183784028963,0.004895360072227601,0.004909446140342613,41.38376109684116,-38.14891757695765,233001.895527,1144.4675273087296,1712.6156825204243,7.805742747996868,32.25533541549009,30,0,official,2026-06-13T16:26:53
challenger_metrics_scoring,AutoARIMA,QAT-Go Local,11,55.78670029505273,22.143255931086397,0.057834935353794324,0.06346613410321802,0.05848950982292532,706.9773048737057,435.5512028884056,225928.08320299996,13066.536086652168,499816.9096064887,7.807437984049956,31.927432310493998,30,0,official,2026-06-13T16:26:53
challenger_metrics_scoring,AutoARIMA,QAT-Go Local,12,45.354206066655856,12.450384668404633,0.06291731996331475,0.06343856153443683,0.06118580881727101,422.55384901771805,392.716776022942,187253.73692899998,11781.50328068826,178551.75531968847,8.65888326753591,33.939019578249166,30,0,official,2026-06-13T16:26:53
challenger_metrics_scoring,AutoARIMA,SGP-Go Local,1,28.02679771198338,12.757452221492988,0.01543354717893586,0.015017582766630299,0.015237984643235109,39.499402830719085,-26.60143439686996,54738.043389000006,844.8021751267697,1560.2028239834187,1.00475526293128,3.096182697370629,30,0,official,2026-06-13T16:26:53
challenger_metrics_scoring,AutoARIMA,SGP-Go Local,2,25.598876017728596,10.973783996620433,0.013739507755632997,0.013479615984572028,0.013586919593013676,34.77654541426755,-12.747314426068465,59622.730227,819.1869643658804,1209.4081109506137,1.0666965270904205,3.169056856320262,30,0,official,2026-06-13T16:26:53
challenger_metrics_scoring,AutoARIMA,SGP-Go Local,3,26.82939064421219,10.788636849371187,0.01384416143663434,0.013711708278997092,0.013836057654917983,35.34237235450058,-30.697495550769872,66520.81245499999,920.9248665230962,1249.0832836441668,1.1441741617561536,3.2758885898138748,30,0,official,2026-06-13T16:26:53
challenger_metrics_scoring,AutoARIMA,SGP-Go Local,6,3.838703615034595,0.3503923761818437,0.0031977572937715013,0.0032149024808836774,0.003220242639487255,11.157848930158636,-7.214930809139817,92950.378711,297.2327514819235,124.49759274824223,2.5810167640779147,31.84386901262951,30,0,official,2026-06-13T16:26:53
challenger_metrics_scoring,AutoARIMA,SGP-Go Local,7,15.03535055502106,1.3596751740465738,0.011861363684178238,0.011759592537696645,0.011681118145049397,43.041888635379635,40.03789677984795,101264.65517600001,1201.1369033954384,1852.6041773004226,2.662917411425255,31.656008329755156,30,0,official,2026-06-13T16:26:53
challenger_metrics_scoring,AutoARIMA,SGP-Go Local,8,18.72638718664818,2.0755187020093566,0.013971031452435315,0.013773463306514966,0.01362726298549971,65.34904181233327,51.91235341103228,111471.41194499997,1557.3706023309683,4270.497265790083,2.772149955761116,31.485643443765355,30,0,official,2026-06-13T16:26:53
challenger_metrics_scoring,AutoARIMA,SGP-Go Local,9,0.0,0.0,0.0,0.0,0.0,0.0,0.0,114414.21191999996,0.0,0.0,2.846585669159413,31.306886546302984,30,0,official,2026-06-13T16:26:53
challenger_metrics_scoring,AutoARIMA,SGP-Go Local,10,0.0,0.0,0.0,0.0,0.0,0.0,0.0,114414.21191999996,0.0,0.0,2.810973671630312,31.110438968253785,30,0,official,2026-06-13T16:26:53
challenger_metrics_scoring,AutoARIMA,SGP-Go Local,11,0.0,0.0,0.0,0.0,0.0,0.0,0.0,114414.21191999996,0.0,0.0,2.776241706989081,30.917643645443,30,0,official,2026-06-13T16:26:53
challenger_metrics_scoring,AutoARIMA,SGP-Go Local,12,0.0,0.0,0.0,0.0,0.0,0.0,0.0,114414.21191999996,0.0,0.0,2.742357552713381,30.728388794469787,30,0,official,2026-06-13T16:26:53
challenger_metrics_scoring,AutoARIMA,SWE-Go Local,1,8.08163193035876,2.0428015731490228,0.009977199269411376,0.009941760325636654,0.009982982791857498,211.81535134598715,-129.5760648072496,574357.058157,5730.474821025287,44865.74306582398,23.63579893436572,103.68865685739082,30,0,official,2026-06-13T16:26:53
challenger_metrics_scoring,AutoARIMA,SWE-Go Local,2,52.739713742590595,15.38845161123173,0.060438123645585345,0.058128351919014686,0.060901652994458155,1585.4658185616263,-1240.2642098744175,626715.8838470001,37877.532078597294,2513701.8618272874,23.939917626065807,103.02958729157817,30,0,official,2026-06-13T16:26:53
challenger_metrics_scoring,AutoARIMA,SWE-Go Local,3,54.252974462633496,15.19471159770001,0.05813007192593687,0.05684331884665785,0.059065445760479666,1598.7269141773186,-1376.7550194100606,710521.236494,41302.650582301816,2555927.746114931,25.37658134040733,105.21600912907846,30,0,official,2026-06-13T16:26:53
challenger_metrics_scoring,AutoARIMA,SWE-Go Local,4,127.79923012701369,42.60220995710843,0.11929625024863752,0.11052091705163962,0.12127817164747454,4511.644772274971,-3476.8623974849525,874343.2564490001,104305.87192454857,20354938.551196076,27.205659956084723,105.90166042600278,30,0,official,2026-06-13T16:26:53
challenger_metrics_scoring,AutoARIMA,SWE-Go Local,5,108.99482184768515,31.006007095682804,0.09962194942037368,0.09889441877431347,0.1043603168658272,3810.454393484535,-3695.60557977713,1112888.957086,110868.1673933139,14519562.684825595,33.90624909632455,122.89406958224856,30,0,official,2026-06-13T16:26:53
challenger_metrics_scoring,AutoARIMA,SWE-Go Local,6,63.0363324720015,20.37591741024387,0.06117953343381078,0.061191482664965755,0.05881314421292253,2697.652174144556,2341.3418543861694,1148100.5442380002,70240.25563158508,7277327.252666849,37.14273598366641,132.3941454919879,30,0,official,2026-06-13T16:26:53
challenger_metrics_scoring,AutoARIMA,SWE-Go Local,7,32.37086803197982,10.403496805164549,0.03136269036199086,0.03131378983955283,0.030705864696664104,1374.5463515673623,1219.849868410426,1166848.1125160002,36595.49605231278,1889377.6726071467,37.68356990629082,132.1234943701818,30,0,official,2026-06-13T16:26:53
challenger_metrics_scoring,AutoARIMA,SWE-Go Local,8,4.392303921146681,1.4924606441647648,0.004163659549180059,0.004158979168801708,0.004146681455603778,195.23472133707597,163.35367620592152,1176995.9162829998,4900.610286177645,38116.596415565706,37.19088640917076,130.81398300210216,30,0,official,2026-06-13T16:26:53
challenger_metrics_scoring,AutoARIMA,SWE-Go Local,9,4.506109291429645,1.3397810004429274,0.004207527678745546,0.00420733315470244,0.004197582954136808,173.54846828918747,165.13900256200603,1177453.948048,4954.17007686018,30119.070845523107,36.64780232385635,129.5349525271764,30,0,official,2026-06-13T16:26:53
challenger_metrics_scoring,AutoARIMA,SWE-Go Local,10,2.896715853554596,0.9532709012153315,0.002648205216243337,0.002647122880498827,0.0026487333680356917,122.29448554423699,-54.88403988312566,1184526.67497,3136.8697194349297,14955.94119452959,36.09685218274157,128.2893303344547,30,0,official,2026-06-13T16:26:53
challenger_metrics_scoring,AutoARIMA,SWE-Go Local,11,107.67366367515015,32.614665908484206,0.10958768467241263,0.11162848420346404,0.10482789661539368,4147.263479588423,3861.2616485401372,1057033.459576,115837.84945620412,17199794.369127877,35.86078077727072,127.15946535296492,30,0,official,2026-06-13T16:26:53
challenger_metrics_scoring,AutoARIMA,SWE-Go Local,12,10.624552522493316,3.5765809379466105,0.012074214986938909,0.012096682109599454,0.012000939951826195,468.6324470137085,408.15124994836225,1014106.3010469999,12244.537498450867,219616.37039405628,38.41585319327683,131.02805588478031,30,0,official,2026-06-13T16:26:53
challenger_metrics_scoring,AutoARIMA,TWN-Go Local,6,23.83691025025037,10.558021723643014,0.0575792422129059,0.050324264091390264,0.05319954947653334,35.543301684077406,-7.430674175993388,10838.673334000001,624.0825971649504,1263.3262946053396,0.8727118162729659,3.3664736268238413,30,0,official,2026-06-13T16:26:53
challenger_metrics_scoring,AutoARIMA,TWN-Go Local,7,32.41545536788879,7.422920201436789,0.0753457790512258,0.07372387570013784,0.07195099737708337,43.146141892310965,21.558293808555653,14464.464082999999,1089.8363148921094,1861.5895601914312,1.1206961849148422,5.812556341904301,30,0,official,2026-06-13T16:26:53
challenger_metrics_scoring,AutoARIMA,TWN-Go Local,8,97.40247130759138,26.914768428164365,0.11282376000493378,0.09485748078695075,0.1016367775588006,195.12162925908893,-148.42582295867444,39466.639727,4452.774688760233,38072.450204721354,1.5238404217687072,7.249612040314203,30,0,official,2026-06-13T16:26:53
challenger_metrics_scoring,AutoARIMA,TWN-Go Local,9,145.22131850366787,54.02539553367905,0.29782479878082285,0.29747882985943214,0.24753012583285378,741.7828776554246,629.560745170924,63415.88219800001,18886.82235512772,550241.8375827626,4.335181305732485,13.730262783416407,30,0,official,2026-06-13T16:26:53
challenger_metrics_scoring,AutoARIMA,TWN-Go Local,10,9.785387616179326,3.604201272712476,0.02027886392728318,0.02011561142432517,0.0203595316052638,48.89891790084922,-44.67329014415732,66088.45096700001,1340.1987043247195,2391.104171873992,4.565306137724554,13.567199554326919,30,0,official,2026-06-13T16:26:53
challenger_metrics_scoring,AutoARIMA,TWN-Go Local,11,93.66577764653277,42.17669346102802,0.1597264733096698,0.14266965546295665,0.15987651842716366,558.3904101976865,-367.3783544401061,80562.92697,12868.032204422583,311799.8502007406,4.579414355932206,13.239312150290981,30,0,official,2026-06-13T16:26:53
challenger_metrics_scoring,AutoARIMA,TWN-Go Local,12,0.0008150726865726992,0.0002911103149468663,1.7151286869473225e-06,1.7151286869473223e-06,1.7151307064867516e-06,0.006407538101933946,-0.005424635809125296,95616.44582999998,0.16399450918697767,4.105654452773527e-05,6.706743741532979,22.010687265078374,30,0,official,2026-06-13T16:26:53
challenger_metrics_scoring,AutoARIMA,ZAF-Go Local,1,2.40294335408143,0.92639326180813,0.0015617891776301854,0.001565191680644735,0.0015637169452338143,90.9789297339161,60.28263528746926,1496234.3697339997,2336.802645848882,8277.165655528845,32.415837600163606,98.2076764638204,30,0,official,2026-06-13T16:26:53
challenger_metrics_scoring,AutoARIMA,ZAF-Go Local,2,2.097482296483049,1.0761186155724656,0.0013407091957301875,0.0013333435356205148,0.0013354520143348118,105.11641486401507,-64.95634445998245,1522194.1913240005,2040.8197499951639,11049.460673863729,32.43284823614651,97.6810672567875,30,0,official,2026-06-13T16:26:53
challenger_metrics_scoring,AutoARIMA,ZAF-Go Local,3,2.696496051095711,1.0565073251789499,0.0016926951394074829,0.0016900934407254947,0.0016905302370154292,102.62049580287061,-14.698431074019997,1549438.4002600003,2622.7268489314083,10530.966158826985,32.42141899751313,97.13183558428132,30,0,official,2026-06-13T16:26:53
challenger_metrics_scoring,AutoARIMA,ZAF-Go Local,6,15.062937508876372,1.0772413837164325,0.016612720854574145,0.01659321422687692,0.016736931122106176,935.0757458589153,-918.2983885110542,1658304.6146680003,27548.951655331628,874366.6504936067,60.964097339573655,868.028057586265,30,0,official,2026-06-13T16:26:53
challenger_metrics_scoring,AutoARIMA,ZAF-Go Local,7,6.142489666813537,0.5220642101606644,0.00669099346607727,0.006696751595374837,0.006664467412349133,450.22130739651675,354.37341427603826,1672735.0915249998,11192.259567871937,202699.22563382884,60.73682483256015,862.3868455912002,30,0,official,2026-06-13T16:26:53
challenger_metrics_scoring,AutoARIMA,ZAF-Go Local,8,17.258686117843315,1.3545174695002482,0.018806827904094114,0.018859729595913317,0.018639658264829728,1160.6058372497228,1038.2086667932901,1656114.4794130002,31146.260003798707,1347005.90945813,60.15571867431511,856.8408037424061,30,0,official,2026-06-13T16:26:53
challenger_metrics_scoring,AutoARIMA,ZAF-Go Local,9,6.8990882382037055,0.508141526096054,0.00749262071444767,0.007501142222652963,0.007470294572985666,432.6362968126863,412.52173708228,1651712.0756700002,12375.6521124684,187174.16531979476,59.79366009524862,851.4090555372264,30,0,official,2026-06-13T16:26:53
challenger_metrics_scoring,AutoARIMA,ZAF-Go Local,10,13.457483582319956,1.0134143712986154,0.01412850799458245,0.01408180669722208,0.014195976140790862,857.4316143939859,-800.6673359900645,1700110.1665450002,24020.020079701935,735188.973362277,59.4960663405124,846.0819568754001,30,0,official,2026-06-13T16:26:53
challenger_metrics_scoring,AutoARIMA,ZAF-Go Local,11,12.012753492381057,0.9118589637816211,0.012254190799941302,0.012216739371027859,0.012302782510732106,766.7574251738413,-715.2079222365785,1750930.601407,21456.237667097354,587916.9490592189,59.53738438819963,840.8728275192677,30,0,official,2026-06-13T16:26:53
challenger_metrics_scoring,AutoARIMA,ZAF-Go Local,12,2.4066504163997022,0.19114596776110424,0.002409710767997794,0.002409160270700836,0.0024104479851391664,159.75044562948102,-44.28382295538274,1780941.344821,4291.553535787636,25520.20487881777,59.4402010160898,835.7510623982317,30,0,official,2026-06-13T16:26:53
challenger_metrics_scoring,ETS Explicit,APC-Dedicated,1,94.5759057909926,7.864459690531622,0.08105111103659093,0.082470454326242,0.07841906889091514,205.732975538999,183.9251831772179,68118.092036,5521.047041210557,42326.05722413036,1.945896260093897,26.159835975342364,30,0,official,2026-06-13T16:26:53
challenger_metrics_scoring,ETS Explicit,APC-Dedicated,2,216.37687789093283,21.502707155047027,0.24887600462065562,0.29969146004914327,0.23767354883646832,563.0800271291921,443.2675648771676,53432.33859200001,13298.026946315029,317059.11695181177,2.0485902615740743,26.18647145538734,30,0,official,2026-06-13T16:26:53
challenger_metrics_scoring,ETS Explicit,APC-Dedicated,3,145.53561497255043,15.357351750430272,0.2749553237622238,0.2753675738371232,0.34011565657002724,407.9564043510458,-351.85858288787693,38390.809613,10555.757486636308,166428.42785103398,2.417680256164384,26.564241737812377,30,0,official,2026-06-13T16:26:53
challenger_metrics_scoring,ETS Explicit,APC-Dedicated,4,60.591756437933306,6.262507659928076,0.11361613831492984,0.11345195464698785,0.12242787988504779,165.25102090157603,-145.92390847207778,38530.769652,4377.717254162333,27307.89990901312,2.4083128968468475,26.3873562916287,30,0,official,2026-06-13T16:26:53
challenger_metrics_scoring,ETS Explicit,APC-Dedicated,5,13.279655712070065,1.3738639248477238,0.024440933338690653,0.024403982248692502,0.02479582883943963,36.01035201964811,-31.64703696490801,38845.12493,949.4111089472403,1296.745452578975,2.383121795555556,26.211003410428308,30,0,official,2026-06-13T16:26:53
challenger_metrics_scoring,ETS Explicit,APC-Dedicated,6,3.354807098351376,0.3417454365084089,0.006045626300643611,0.006036683477149724,0.006059817109296302,8.898386688972899,-7.907313739101551,39238.18648,237.21941217304652,79.18128566649006,2.357009958333334,26.03805563546698,30,0,official,2026-06-13T16:26:53
challenger_metrics_scoring,ETS Explicit,APC-Dedicated,7,0.8641029263476004,0.0928990897855234,0.0015252149850571639,0.0015221838224480297,0.0015238279627021471,2.4031588180603545,-1.977518612961497,39638.56977400001,60.457340605538775,5.77517230482124,2.332181300865801,25.868486156414875,30,0,official,2026-06-13T16:26:53
challenger_metrics_scoring,ETS Explicit,APC-Dedicated,8,1.5448967765177293,0.15185658382500686,0.0026764859227833555,0.0026753271252371712,0.0026711740895737465,3.90305058566984,3.2825934340768828,39974.23962300001,106.99048962492816,15.233803874297681,2.308471160256411,25.70221512534189,30,0,official,2026-06-13T16:26:53
challenger_metrics_scoring,ETS Explicit,APC-Dedicated,9,85.50257953443786,16.389260063364702,0.1707339225075621,1.0929809848113627,0.22713103993590208,418.57330401090456,195.6162849133468,34372.12980999999,5868.488547400404,175203.61083060512,2.2878407409282717,25.539487590812673,30,0,official,2026-06-13T16:26:53
challenger_metrics_scoring,ETS Explicit,APC-Dedicated,10,17.62169612936546,1.9032137651217467,1.0,1.0,2.0,51.70937477620874,-49.153499,1474.6049699999999,1474.6049699999999,2673.859439746413,2.789373885416668,27.16950440556579,30,30,official,2026-06-13T16:26:53
challenger_metrics_scoring,ETS Explicit,APC-Dedicated,11,10.146298456558277,1.043965360175069,0.9894418672951927,0.9893883773843413,1.9678032897094393,28.18988687719196,-28.141744705545022,853.261186,844.2523411663507,794.6697221488795,2.773597172016461,27.002703300868745,30,29,official,2026-06-13T16:26:53
challenger_metrics_scoring,ETS Explicit,APC-Dedicated,12,8.262356386902496,0.902756780964795,0.7853234630194581,0.7842601966298867,1.458144790498492,24.227778126263477,-22.63805172980735,864.7921320000003,679.1415518942206,586.985232935451,2.7399025979674803,26.837547650842065,30,16,official,2026-06-13T16:26:53
challenger_metrics_scoring,ETS Explicit,APC-MSIT,1,1.677856217723268,0.4212508307322072,0.01165205444533886,0.011842458112918463,0.01166194870563939,51.24247329167401,31.969993916209962,82311.64915900002,959.0998174862989,2625.791069047924,19.054072439884614,121.64361362232965,30,0,official,2026-06-13T16:26:53
challenger_metrics_scoring,ETS Explicit,APC-MSIT,2,5.287225591665989,0.8603523519778692,0.03923410950134935,0.0393609936573853,0.03853481159448979,103.93277102014116,99.69261642970497,76229.03975400001,2990.778492891149,10802.020891925094,18.855374090117483,120.80256511324632,30,0,official,2026-06-13T16:26:53
challenger_metrics_scoring,ETS Explicit,APC-MSIT,3,7.276807795434144,1.3693825635961572,0.05676654207263343,0.05821671430802014,0.05582405331133635,164.3054113894367,136.238374887083,71999.299189,4087.1512466124905,26996.268211852035,18.722272006767337,119.98503249373329,30,0,official,2026-06-13T16:26:53
challenger_metrics_scoring,ETS Explicit,APC-MSIT,4,5.575045367728536,2.0789345422742525,0.046609189217763115,0.06278864065922447,0.0514901168242187,247.78224816908528,99.18601794543369,66749.627101,3111.145999765638,61396.04250772617,18.60161842971827,119.18713318314663,30,0,official,2026-06-13T16:26:53
challenger_metrics_scoring,ETS Explicit,APC-MSIT,5,2.9657644767872386,0.4982579046713277,0.025128771482309423,0.024999760841470257,0.025312294084840106,60.24562823423401,-45.58780068568269,67954.140153,1707.604059181564,3629.5357213375346,19.192399042999103,120.91253880653358,30,0,official,2026-06-13T16:26:53
challenger_metrics_scoring,ETS Explicit,APC-MSIT,6,2.3618082382190586,0.43713099696416574,0.019882868164449903,0.020007104601632696,0.01973635296084705,52.51079789266923,44.925885715021195,67785.822463,1347.7765714506359,2757.3838953247555,19.02181768529097,120.12599943118163,30,0,official,2026-06-13T16:26:53
challenger_metrics_scoring,ETS Explicit,APC-MSIT,7,0.5227968727336072,0.09729516037094052,0.004427217247335308,0.00443038460980758,0.004416764645708005,11.611883703247921,9.843737270950138,66703.778385,295.31211812850415,134.83584313775467,18.828990348544117,119.34698148373762,30,0,official,2026-06-13T16:26:53
challenger_metrics_scoring,ETS Explicit,APC-MSIT,8,1.3048154785770796,0.23021565780578718,0.010754442174844229,0.010721999932248158,0.01079503628080037,27.299032957825,-24.17748900203542,67706.908393,728.150031149994,745.2372004324155,18.601609272345858,118.58026173378182,30,0,official,2026-06-13T16:26:53
challenger_metrics_scoring,ETS Explicit,APC-MSIT,9,1.2941685018376312,0.22073919272729056,0.010596914211014812,0.010610654904189686,0.010543998998296835,26.009924342967583,23.83202390041415,67468.76522500001,714.9607170124245,676.5161643268976,18.414931182897973,117.83102049802825,30,0,official,2026-06-13T16:26:53
challenger_metrics_scoring,ETS Explicit,APC-MSIT,10,1.8900536594000243,0.30553923050700654,0.01500968486934555,0.014987817739428842,0.015110226665570936,35.776495977641936,-34.394242993821386,68744.100812,1031.8272898146415,1279.9576644382298,18.197495517,117.09297008529818,30,0,official,2026-06-13T16:26:53
challenger_metrics_scoring,ETS Explicit,APC-MSIT,11,0.7374342433566946,0.13482869292912733,0.005752555662467874,0.005728796743680015,0.005743777278418713,15.689880283890199,-4.825395760472762,69219.55659400001,398.18935223833023,246.1723433228064,17.99886366481661,116.36900086347036,30,0,official,2026-06-13T16:26:53
challenger_metrics_scoring,ETS Explicit,APC-MSIT,12,0.4070512026311029,0.07853919679689884,0.0030865719774590236,0.003075543437484515,0.00308238104955665,9.083702691205994,-4.926476629636606,70430.70129600001,217.38942897302059,82.51365458222303,17.801972460127534,115.65820713313774,30,0,official,2026-06-13T16:26:53
challenger_metrics_scoring,ETS Explicit,APC-Multitenant,1,5.61359268344582,1.3630186515027563,0.007696137264577461,0.007660523185497837,0.007700525428456246,4072.557465135595,-3467.0726127629364,13612520.948039,104763.82973304426,16585724.306831665,622.0842613084909,2987.8956246457205,30,0,official,2026-06-13T16:26:53
challenger_metrics_scoring,ETS Explicit,APC-Multitenant,2,7.727805278757302,2.442496797211648,0.010310708547055236,0.01012867971310052,0.010241488937332064,7248.609888182479,-3566.405539393266,13909008.864992999,143411.73658535036,52542345.31105681,618.5962310220641,2967.704971591973,30,0,official,2026-06-13T16:26:53
challenger_metrics_scoring,ETS Explicit,APC-Multitenant,3,4.638956859241341,1.0103919946351412,0.005943402774415271,0.005937746093879504,0.005956555547467722,2981.1432477812114,-2888.4891425095966,14579976.751418,86654.67427528789,8887215.063791508,622.6591947617255,2950.4818561609054,30,0,official,2026-06-13T16:26:53
challenger_metrics_scoring,ETS Explicit,APC-Multitenant,4,19.161585923754473,11.59172420259233,0.02444055769611797,0.030875743495906605,0.0267447196604488,33975.92388783262,7258.845643967394,14561539.718615,355892.1516371233,1154363404.0317953,619.106986678534,2931.0500572670953,30,0,official,2026-06-13T16:26:53
challenger_metrics_scoring,ETS Explicit,APC-Multitenant,5,236.95825661317338,42.02112670329853,0.33810995872566113,0.3246112099019962,0.396496505173768,175621.97688946474,-165083.48193582383,14648261.342494998,4952723.037913681,30843078766.563686,696.7082316104364,4179.373345448135,30,0,official,2026-06-13T16:26:53
challenger_metrics_scoring,ETS Explicit,APC-Multitenant,6,2.913650687036299,0.6213324473059925,0.004270952178147826,0.004252706148965938,0.004266642782473638,2810.770902460549,-2257.4750493198594,15891110.227229998,67870.17183817516,7900433.0661188895,776.4620073841818,4523.779362638544,30,0,official,2026-06-13T16:26:53
challenger_metrics_scoring,ETS Explicit,APC-Multitenant,7,2.6480251166557953,0.6111228307713192,0.003774579095311272,0.0037531776887623565,0.003765845298879508,2747.0075843150266,-2047.9954031794061,16277275.040202998,61439.86209538218,7546050.668284277,773.4048254669995,4495.017116032031,30,0,official,2026-06-13T16:26:53
challenger_metrics_scoring,ETS Explicit,APC-Multitenant,8,2.2358949599735487,0.4341085962192435,0.0031022718936488955,0.003097249372191017,0.0031032702653385025,1938.9302858765845,-1614.4217643699376,16616167.757551001,51547.87021440547,3759450.6534894537,768.4897417991898,4466.463697708813,30,0,official,2026-06-13T16:26:53
challenger_metrics_scoring,ETS Explicit,APC-Multitenant,9,1.1795038752665834,0.22594755673961517,0.0016148545715177474,0.00161451851585951,0.0016137703767905313,1002.8460055611067,496.2428900382714,16712000.653360998,26987.45065428759,1005700.1108698673,762.6780270416116,4438.40163634431,30,0,official,2026-06-13T16:26:53
challenger_metrics_scoring,ETS Explicit,APC-Multitenant,10,5.278597666644273,1.0127048915456296,0.0070121131373253555,0.006989458873082307,0.0070200443628587825,4466.842183518376,-3994.8363780998,17091151.981713,119845.09134299401,19952679.092459217,756.7987996780612,4410.803404633415,30,0,official,2026-06-13T16:26:53
challenger_metrics_scoring,ETS Explicit,APC-Multitenant,11,3.2336317848381064,0.584345113991118,0.0041857271291439,0.004180397518130514,0.004190078519328137,2561.6943529099117,-2435.0392230628177,17452445.999943998,73051.17669188452,6562277.957730531,753.0354057256179,4383.872289807234,30,0,official,2026-06-13T16:26:53
challenger_metrics_scoring,ETS Explicit,APC-Multitenant,12,6.059695020614585,1.3094263315118408,0.007638984300997915,0.007588009409620006,0.007633721678742949,5705.550463913313,-4514.00561518765,17793985.594511997,135927.9766086602,32553306.09626142,747.7162692525195,4357.290155701836,30,0,official,2026-06-13T16:26:53
challenger_metrics_scoring,ETS Explicit,ARE-Go Local,1,11.7264004508104,1.967581714949804,0.008267380865569602,0.008226186793102221,0.008271424757111265,426.70135377749904,-369.30506191058885,1340104.2043989997,11079.151857317665,182074.04531555038,31.49347179978546,216.86588695930467,30,0,official,2026-06-13T16:26:53
challenger_metrics_scoring,ETS Explicit,ARE-Go Local,2,8.845888779393237,1.5789227931261098,0.006175514347153445,0.006203564585584483,0.00617552530869173,340.1700300695536,259.38560144441556,1360448.60527,8401.469880409779,115715.64935752102,31.658661215144583,215.44437229641284,30,0,official,2026-06-13T16:26:53
challenger_metrics_scoring,ETS Explicit,ARE-Go Local,3,6.7460974516399235,1.1168541871990842,0.0046491509233984735,0.0046492977562151115,0.004646617387379813,239.1003408485252,0.030550859445793322,1388988.2741709996,6457.616117451755,57168.972993880925,31.90791003610519,214.08375738658935,30,0,official,2026-06-13T16:26:53
challenger_metrics_scoring,ETS Explicit,ARE-Go Local,4,14.91588610156632,2.656666515864437,0.010194165376419784,0.010191455804744832,0.010216344488334535,565.2667312217204,-302.78082804922235,1411214.3448169997,14386.15241264039,319526.47742608876,32.149508952359405,212.77293474592977,30,0,official,2026-06-13T16:26:53
challenger_metrics_scoring,ETS Explicit,ARE-Go Local,5,76.19853978259374,12.620777930933825,0.052623066653554595,0.05220792419560135,0.05379411241937329,2703.7930443175287,-2537.716169933339,1447498.019537,76171.78476298382,7310496.82649985,33.32162925095142,214.23346953046914,30,0,official,2026-06-13T16:26:53
challenger_metrics_scoring,ETS Explicit,ARE-Go Local,6,14.931249271808467,2.7274024415318308,0.0103095975778737,0.010258216856508585,0.010326534756070347,587.4789990654776,-516.1095597740016,1501832.314624,15483.286793220046,345131.57434297545,34.56573193433068,215.39872155262984,30,0,official,2026-06-13T16:26:53
challenger_metrics_scoring,ETS Explicit,ARE-Go Local,7,11.191292445098735,2.2467868538283833,0.007558823295182933,0.007509653585423883,0.007552688623422696,481.02900794245755,-389.5123062397499,1545924.3761709998,11685.369187192497,231388.90648210488,34.804943946428466,214.09641378434026,30,0,official,2026-06-13T16:26:53
challenger_metrics_scoring,ETS Explicit,ARE-Go Local,8,7.562867419726931,1.4971573268131357,0.005000109339902513,0.004979748163503494,0.004997703460200267,318.6522610021166,-263.1076042230083,1589668.4225080002,7948.515926730346,101539.26344176101,35.0330788822129,212.8381936188383,30,0,official,2026-06-13T16:26:53
challenger_metrics_scoring,ETS Explicit,ARE-Go Local,9,13.89499694252467,2.69715138794219,0.009179635525263356,0.009190625766355062,0.00913311030593737,570.5852007715973,487.5633339505732,1593407.491862,14626.900018517197,325567.4713395641,35.089128552336675,211.55104727248153,30,0,official,2026-06-13T16:26:53
challenger_metrics_scoring,ETS Explicit,ARE-Go Local,10,17.84660055252556,3.377434998315763,0.011810940440451067,0.011830050954696643,0.011739332799331781,710.0639874104481,621.4414296332344,1578472.3479890001,18643.242888997032,504190.866217225,34.82127746425585,210.23764713889034,30,0,official,2026-06-13T16:26:53
challenger_metrics_scoring,ETS Explicit,ARE-Go Local,11,129.71477440379763,31.17603365472481,0.09309484866840802,0.10383298688549668,0.09328988988034587,6514.31124615513,4489.188493798142,1446649.9139349996,134675.65481394427,42436251.0117832,34.6081509560619,208.95253444685284,30,0,official,2026-06-13T16:26:53
challenger_metrics_scoring,ETS Explicit,ARE-Go Local,12,54.65014600384562,12.208582723613869,0.05424721014162737,0.0546213925277531,0.05711867371301797,2679.41182147904,-2119.5746571404025,1176568.190076,63825.541853006944,7179247.7090816265,38.92977818608552,219.46952255944626,30,0,official,2026-06-13T16:26:53
challenger_metrics_scoring,ETS Explicit,AUS-Go Local,1,2.6938114626596605,0.45889439425775086,0.0022107172971881687,0.002202370764194305,0.002205938164684423,704.4033094185363,-462.00667048057755,7717625.375977,17061.487911890697,496184.02231978613,211.11954998074867,1535.0009026758528,30,0,official,2026-06-13T16:26:53
challenger_metrics_scoring,ETS Explicit,AUS-Go Local,2,1.3481747434528353,0.21761276992856882,0.0010859248097213126,0.0010859594289527113,0.0010854362499415108,331.7383553217075,153.17158609733062,7827495.3588419985,8500.071408144955,110050.33639155148,210.16245481589092,1524.443420441734,30,0,official,2026-06-13T16:26:53
challenger_metrics_scoring,ETS Explicit,AUS-Go Local,3,3.2143711834046127,0.47221606982021713,0.002545271805263067,0.002545568581397311,0.002541903420486666,714.9737566935898,667.7098667339209,7917451.544627,20152.066186075623,511187.4727605447,208.97883324861135,1514.0817993885635,30,0,official,2026-06-13T16:26:53
challenger_metrics_scoring,ETS Explicit,AUS-Go Local,4,41.96421392332832,30.131183565436075,0.033656164951437195,0.4034004146980394,0.05885028565455423,45315.098529744886,8200.619007185625,7772871.394730999,261605.04180737422,2053458154.7604868,207.80010501753208,1503.9269344111162,30,0,official,2026-06-13T16:26:53
challenger_metrics_scoring,ETS Explicit,AUS-Go Local,5,685.6561925291791,42.849392599285686,0.9141511404564223,0.8285357261086369,1.5345473287747913,231544.95020753483,-217900.2788768091,7150905.443317,6537008.366304274,53613063966.60979,317.79816364385283,5403.692705118877,30,0,official,2026-06-13T16:26:53
challenger_metrics_scoring,ETS Explicit,AUS-Go Local,6,0.3062355452710364,0.02560772659210777,0.0004732908983385964,0.00047349962341184054,0.0004734071531339939,157.61155086720916,47.58497038332086,8240481.299965001,3900.14479720284,24841.40096676686,424.525593390428,6154.843550843932,30,0,official,2026-06-13T16:26:53
challenger_metrics_scoring,ETS Explicit,AUS-Go Local,7,0.8610530995261478,0.08195494560836915,0.001302728918867422,0.0012994561759604201,0.0013001005917702682,501.13801212279134,16.21801731233524,8335701.174774999,10859.158979416534,251139.30719438294,420.3828616141681,6114.798910581128,30,0,official,2026-06-13T16:26:53
challenger_metrics_scoring,ETS Explicit,AUS-Go Local,8,1.5923324947157833,0.12275618885292026,0.002351681217871932,0.002350607683038786,0.0023512199486848085,745.815558643089,-123.90687895480853,8475521.415866999,19931.724525365746,556240.847514103,417.24377271518233,6075.584177158549,30,0,official,2026-06-13T16:26:53
challenger_metrics_scoring,ETS Explicit,AUS-Go Local,9,5.815610530442581,0.4468117006706867,0.008562107591932754,0.008567062359125788,0.008521426124985779,2697.4624425051275,2412.542266349702,8453090.224968,72376.26799049106,7276303.628725728,414.8390360256986,6037.134744806596,30,0,official,2026-06-13T16:26:53
challenger_metrics_scoring,ETS Explicit,AUS-Go Local,10,4.20609966864836,0.34111103882823485,0.006154695141241849,0.006159583200206159,0.0061330621976440096,2046.4375001402407,1721.0220969302657,8419353.314702999,51818.552938401,4187906.4419802376,410.6619514562686,5999.329447589987,30,0,official,2026-06-13T16:26:53
challenger_metrics_scoring,ETS Explicit,AUS-Go Local,11,6.649523751682896,0.511388382228364,0.009628471407121725,0.009612479777975736,0.009620324533862525,3049.0840778575666,8.75266410280019,8463384.015383001,81489.45099960628,9296913.713844527,408.497681150887,5962.3647775713,30,0,official,2026-06-13T16:26:53
challenger_metrics_scoring,ETS Explicit,AUS-Go Local,12,4.54704090736859,0.3935082741971452,0.006639696997348182,0.006650947983336663,0.006616252621535704,2332.092333611416,1842.1108798769885,8390982.897593,55713.583949948195,5438654.652489141,408.42374256821967,5926.412445505663,30,0,official,2026-06-13T16:26:53
challenger_metrics_scoring,ETS Explicit,BRA-Go Local,1,2.668380747676564,0.8962169950948929,0.002334081661016484,0.002321995437143558,0.0023260532612750175,138.00539374659934,-85.12783179847416,1385956.400591,3234.935417587869,19045.48870315392,40.410717503547424,153.98658416646865,30,0,official,2026-06-13T16:26:53
challenger_metrics_scoring,ETS Explicit,BRA-Go Local,2,5.247360183797363,1.5146469438058634,0.004464841684880341,0.004453882547595946,0.004465749265680409,231.35486455942527,-210.34809518825446,1421832.362796,6348.256402323488,53525.07335531001,40.32666699677194,152.74507733009935,30,0,official,2026-06-13T16:26:53
challenger_metrics_scoring,ETS Explicit,BRA-Go Local,3,4.508300428013252,1.5255254336213637,0.0037460979684626372,0.003723867177820915,0.003735087288028464,231.17066234186407,-181.5264009523916,1453723.8679870002,5445.792028571748,53439.87512757614,40.26492995551938,151.53510865636656,30,0,official,2026-06-13T16:26:53
challenger_metrics_scoring,ETS Explicit,BRA-Go Local,4,6.724129665796779,2.6819725128097476,0.005496417334204095,0.005509397475145134,0.0054761104154534175,403.2926523819105,250.4444845089997,1479187.01749,8130.229163461692,162644.9634652365,40.30374966749592,150.37165759741666,30,0,official,2026-06-13T16:26:53
challenger_metrics_scoring,ETS Explicit,BRA-Go Local,5,19.916886529336523,5.709431675964767,0.01609018333423403,0.01603556498354247,0.016181377768585616,853.517174440511,-802.3915654182388,1499411.4311990002,24125.80482143815,728491.5670649137,40.37747028700514,149.4924929277283,30,0,official,2026-06-13T16:26:53
challenger_metrics_scoring,ETS Explicit,BRA-Go Local,6,6.128598461248916,2.0036974625180326,0.004874335685213316,0.004847993434915032,0.004863618418134748,298.18664443759366,-197.1381500341653,1535731.8065520003,7485.672347593529,88915.2749209519,40.71443302480647,148.81819736541692,30,0,official,2026-06-13T16:26:53
challenger_metrics_scoring,ETS Explicit,BRA-Go Local,7,16.121229557298747,5.110091409301271,0.012734649575838086,0.012752506892263277,0.012646593833336238,755.6862649641497,659.4942720313726,1553621.7186909998,19784.82816094118,571061.731055467,40.90843503514236,147.88116384545822,30,0,official,2026-06-13T16:26:53
challenger_metrics_scoring,ETS Explicit,BRA-Go Local,8,10.105557313030042,4.130557830987881,0.007938381132336724,0.007980752296455776,0.007911635882940634,606.2265427449569,410.62771882301894,1551806.5156269998,12318.831564690568,367510.621128503,40.63385186025892,146.76626440065343,30,0,official,2026-06-13T16:26:53
challenger_metrics_scoring,ETS Explicit,BRA-Go Local,9,23.57877685527507,7.169957464408784,0.019101439435610768,0.01913645611888582,0.01892254295529845,1046.3962218377785,962.982256500569,1512423.5946930002,28889.46769501707,1094945.0530763776,40.84106068823199,145.94176144447488,30,0,official,2026-06-13T16:26:53
challenger_metrics_scoring,ETS Explicit,BRA-Go Local,10,5.375733821481731,1.5965369693132452,0.004288710321919149,0.004282116608408147,0.004292276962900686,231.49015001054914,-219.92362516823704,1538389.9260639998,6597.7087550471115,53587.68955190655,40.9104379925602,144.99517045955113,30,0,official,2026-06-13T16:26:53
challenger_metrics_scoring,ETS Explicit,BRA-Go Local,11,12.370254637878475,4.157492829664992,0.009609248472263975,0.009547826700855556,0.009611605791143427,598.8835036032243,-506.6080515996548,1581626.4499620001,15198.241547989644,358661.4508880732,40.95372863614222,144.04919698959094,30,0,official,2026-06-13T16:26:53
challenger_metrics_scoring,ETS Explicit,BRA-Go Local,12,5.993316703814104,1.9680913970408311,0.004553117245101618,0.004536606174147754,0.004549959926393767,281.8678740338292,-244.10672520891725,1629290.339437,7418.349941768072,79449.4984123506,41.25901293267264,143.2188944363245,30,0,official,2026-06-13T16:26:53
challenger_metrics_scoring,ETS Explicit,CAN-Go Local,1,1.2948653082417563,0.641019474157718,0.0009105879785206664,0.0009156462453236007,0.000913717226634941,293.2781636397501,109.84258563596426,4456642.653856,4058.1652251637133,86012.08126790405,104.46814298840413,457.5183367480522,30,0,official,2026-06-13T16:26:53
challenger_metrics_scoring,ETS Explicit,CAN-Go Local,2,3.0949616482796576,0.8311137786986229,0.002150548388193018,0.0021443252453293366,0.0021470277711642598,378.5385141447165,-229.36336344782612,4518000.227863999,9716.178107888612,143291.4066908897,104.64511047376388,455.45931717970166,30,0,official,2026-06-13T16:26:53
challenger_metrics_scoring,ETS Explicit,CAN-Go Local,3,1.3942531238803062,0.4375513260698319,0.0009547121064405658,0.0009538148928278447,0.0009530199067641105,198.03638492103164,122.37064446556421,4580040.8988540005,4372.620494128845,39218.409752591004,104.53913566664112,452.60149637719445,30,0,official,2026-06-13T16:26:53
challenger_metrics_scoring,ETS Explicit,CAN-Go Local,4,8.181591342307167,6.407279005015591,0.005549856686092929,0.005884159923897182,0.005684844770462791,2881.7500773477645,610.7534619135753,4611622.683728999,25593.844985031203,8304483.508293847,104.274111291304,449.76191532972774,30,0,official,2026-06-13T16:26:53
challenger_metrics_scoring,ETS Explicit,CAN-Go Local,5,124.81924896924885,27.33483092038686,0.0903370467990441,0.08943429239337436,0.09407515394036076,14679.959751871484,-13949.650301000755,4633745.430587,418598.87781779456,215501218.31656668,111.7880138078497,537.0422738164032,30,0,official,2026-06-13T16:26:53
challenger_metrics_scoring,ETS Explicit,CAN-Go Local,6,1.713841542577001,0.45754699377782787,0.0013052909907379571,0.0013033243256388048,0.001304076091637979,256.8061595941426,-80.31319569038364,4769798.151835999,6225.974555230088,65949.40360549226,121.09199130643204,561.2672863912217,30,0,official,2026-06-13T16:26:53
challenger_metrics_scoring,ETS Explicit,CAN-Go Local,7,4.82736561147309,1.2284033186616305,0.0036565289683065934,0.003657069138278971,0.0036486700245245834,685.5692325401781,462.98928813701883,4809714.597406,17586.860754702124,470005.1726057288,121.43863527347663,558.0978349090747,30,0,official,2026-06-13T16:26:53
challenger_metrics_scoring,ETS Explicit,CAN-Go Local,8,8.319569861285506,2.062412517751074,0.006294686383797046,0.006296143156512975,0.006271049670997908,1144.671882044052,992.6374675619601,4831535.028656999,30412.99775772568,1310273.717542272,121.85324588013572,555.0159690129508,30,0,official,2026-06-13T16:26:53
challenger_metrics_scoring,ETS Explicit,CAN-Go Local,9,2.495222322856284,0.6353700105949599,0.0018799800482670673,0.0018801777902410848,0.0018790959748209877,350.615716405165,152.86802552583396,4853236.179728001,9123.987187416526,122931.38059030712,121.8860954638608,551.8291870226119,30,0,official,2026-06-13T16:26:53
challenger_metrics_scoring,ETS Explicit,CAN-Go Local,10,9.210498775157657,2.289424918959388,0.006846107624775268,0.006826373158544844,0.006854905449239379,1256.9633845142585,-1023.6643001702274,4929018.794828,33744.59315393257,1579956.9500095393,122.12365467455358,549.03018400166,30,0,official,2026-06-13T16:26:53
challenger_metrics_scoring,ETS Explicit,CAN-Go Local,11,20.830445153739678,4.900487260597493,0.015413317581564126,0.015385861156353316,0.015513585667013323,2689.3883494320003,-2597.518537474544,5055728.963726998,77925.55612423632,7232809.69406058,124.69817703383131,548.8001919841939,30,0,official,2026-06-13T16:26:53
challenger_metrics_scoring,ETS Explicit,CAN-Go Local,12,5.959256763962863,1.4459761331641894,0.004397906794290502,0.004399729474237199,0.004388937355508953,791.3324887273584,748.7626734467436,5107629.891694001,22462.88020340231,626207.1077154347,125.64698973447518,547.2652491128657,30,0,official,2026-06-13T16:26:53
challenger_metrics_scoring,ETS Explicit,CHE-Go Local,1,6.957013161898689,1.2064177544360335,0.005391118684077032,0.0053831205634858196,0.005399057919255167,156.0538061022787,-148.92537993982393,828726.2180649999,4467.761398194718,24352.790399007605,21.40651116709683,129.35304170422253,30,0,official,2026-06-13T16:26:53
challenger_metrics_scoring,ETS Explicit,CHE-Go Local,2,2.2526572753496557,0.422196382512999,0.0017197975352239731,0.0017193328703066224,0.0017176816878379578,54.23162328353893,38.49344052335085,839691.3805480001,1444.0991666152659,2941.0689639676816,21.368824904668998,128.45117942683746,30,0,official,2026-06-13T16:26:53
challenger_metrics_scoring,ETS Explicit,CHE-Go Local,3,7.227110110949184,1.551937632206327,0.005448260791836121,0.005458414438353126,0.005435434649740891,197.964814365742,104.68770108062454,848701.1482509999,4623.945190002218,39190.06772686269,21.32685180759812,127.5597744764417,30,0,official,2026-06-13T16:26:53
challenger_metrics_scoring,ETS Explicit,CHE-Go Local,4,5.598616238703417,1.1695983973975406,0.004217259307198719,0.004215800690964422,0.0042022165581500365,148.24196040069629,119.682962812047,851379.6811670003,3590.48888436141,21975.67882344161,21.37723996595351,126.74603584490858,30,0,official,2026-06-13T16:26:53
challenger_metrics_scoring,ETS Explicit,CHE-Go Local,5,19.487847377455676,3.5628847533618555,0.014363397709667035,0.01430993069062947,0.01442979778989531,448.6389557527998,-414.6385083752003,867853.157183,12465.320050209608,201276.91261896267,21.32152722116449,125.9201424714831,30,0,official,2026-06-13T16:26:53
challenger_metrics_scoring,ETS Explicit,CHE-Go Local,6,54.56019651355471,10.174142688204114,0.03807530907914074,0.03778345576940882,0.03863124277973387,1274.5951274237943,-1178.7053251857205,928716.2891330001,35361.159755571614,1624592.7388524788,21.603758793150387,125.27788989057115,30,0,official,2026-06-13T16:26:53
challenger_metrics_scoring,ETS Explicit,CHE-Go Local,7,36.168974032267165,7.675434608213008,0.024578564302274637,0.02428262553663281,0.024701330882178095,957.9169312021767,-807.5814068221002,985714.295868,24227.442204663006,917604.8470837956,22.328015334403418,124.80295645762767,30,0,official,2026-06-13T16:26:53
challenger_metrics_scoring,ETS Explicit,CHE-Go Local,8,10.445453076744784,2.1395745898353926,0.006962807479854622,0.006943556900070649,0.0069733456676500495,265.84533930031193,-239.49087305978682,1031872.0160770001,7184.726191793605,70673.74442769797,22.927763046772657,124.251493994778,30,0,official,2026-06-13T16:26:53
challenger_metrics_scoring,ETS Explicit,CHE-Go Local,9,9.589817267443514,1.8583761367797687,0.0063809533108380315,0.0063821019567386,0.0063601860234260305,229.51914687736817,220.9342072221089,1038720.3751210001,6628.026216663267,52679.03878331491,23.0384167978006,123.5052163740563,30,0,official,2026-06-13T16:26:53
challenger_metrics_scoring,ETS Explicit,CHE-Go Local,10,2.795200692765551,0.5755361380911994,0.0018219970840872306,0.0018229662042522606,0.001824876582604501,70.639436176865,-57.13782749637709,1059827.156757,1931.001989247714,4989.929943385385,23.027589089225582,122.73675187651116,30,0,official,2026-06-13T16:26:53
challenger_metrics_scoring,ETS Explicit,CHE-Go Local,11,6.423572221504809,1.6123854781800144,0.004140386265977292,0.004137513378990319,0.0041224315323233635,196.69310201328307,147.74656251516015,1071257.9147459997,4435.421557533809,38688.17637960778,23.01638094083602,121.98888210981724,30,0,official,2026-06-13T16:26:53
challenger_metrics_scoring,ETS Explicit,CHE-Go Local,12,2.680533811091722,0.6232841139968957,0.0017119358169515645,0.0017147733670998344,0.001712871803982499,75.57282926447418,44.566685224868465,1078819.1041940001,1846.8690644813105,5711.252523037366,22.96643373593712,121.24940707994777,30,0,official,2026-06-13T16:26:53
challenger_metrics_scoring,ETS Explicit,DEU-Go Local,1,14.007831779627764,3.4293820757703988,0.011300853012855874,0.011234863625516378,0.011318259385432666,922.1113484441208,-803.471198326354,2132948.364373,24104.135949790623,850289.3389294349,57.358712680636216,268.88556832413366,30,0,official,2026-06-13T16:26:53
challenger_metrics_scoring,ETS Explicit,DEU-Go Local,2,6.2775170172516095,1.484561062708896,0.0049544227227207365,0.004948475928043833,0.004963167001245803,396.6202063382886,-362.40631539596455,2194441.2236,10872.189461878937,157307.5880758266,57.73083759072491,267.1632823338173,30,0,official,2026-06-13T16:26:53
challenger_metrics_scoring,ETS Explicit,DEU-Go Local,3,3.2829966306164406,0.9875576612983386,0.002552195149362401,0.0025372789374379853,0.0025430205222369967,262.0749480730472,-153.1387697860817,2231379.075245,5694.914852229049,68683.27840749039,57.82232406332309,265.3768568090477,30,0,official,2026-06-13T16:26:53
challenger_metrics_scoring,ETS Explicit,DEU-Go Local,4,7.203228134045893,3.5283845889353502,0.005481142311670664,0.005595586552675082,0.005529429572018144,930.0937523418887,-94.16763481896439,2279101.789576,12492.081251449345,865074.3881454146,57.807791261466086,263.60328045263736,30,0,official,2026-06-13T16:26:53
challenger_metrics_scoring,ETS Explicit,DEU-Go Local,5,91.50514011438212,20.03666542259501,0.07103711497633579,0.07057829933724698,0.0733718602214514,5734.542265610136,-5509.705669695609,2327773.7681630002,165358.33280789346,32884974.996069033,60.23644595308864,286.20242663449324,30,0,official,2026-06-13T16:26:53
challenger_metrics_scoring,ETS Explicit,DEU-Go Local,6,8.147888435768708,2.11264571260495,0.006387637387238975,0.0063537172769274,0.0063827727071902865,615.0080786758112,-512.7782852998265,2408300.2253270005,15383.348558994796,378234.9368365129,62.93388641022165,291.1080050035884,30,0,official,2026-06-13T16:26:53
challenger_metrics_scoring,ETS Explicit,DEU-Go Local,7,4.7793709791319525,1.3009873618771663,0.003666714920092464,0.003648331139863939,0.003658373651962438,376.3385215766833,-262.99280055495524,2465724.450424,9041.108631206473,141630.68282252376,63.05647521875744,289.27146612221713,30,0,official,2026-06-13T16:26:53
challenger_metrics_scoring,ETS Explicit,DEU-Go Local,8,4.987960971973287,1.303856203374607,0.0037392958212274187,0.003725038667504066,0.0037348164836257056,374.8183555488058,-299.5429201447269,2524439.2657630006,9439.625197410001,140488.79965631102,63.08272558967512,287.46908944307705,30,0,official,2026-06-13T16:26:53
challenger_metrics_scoring,ETS Explicit,DEU-Go Local,9,3.34397795176431,0.8681248507105495,0.002463221300870033,0.0024563612891831616,0.0024586516256350924,247.98510507833916,-60.851671956694915,2561899.130048,6310.52450781464,61496.61234071492,62.904367182257246,285.65603769476985,30,0,official,2026-06-13T16:26:53
challenger_metrics_scoring,ETS Explicit,DEU-Go Local,10,6.930975318683569,1.7982114529100561,0.004979747648357334,0.004959843117556533,0.004976723743478905,510.4833446172237,-435.47283323506565,2623463.259501,13064.184997051969,260593.24513158717,62.82995007371876,283.8839357802474,30,0,official,2026-06-13T16:26:53
challenger_metrics_scoring,ETS Explicit,DEU-Go Local,11,7.060541457218516,1.9161881241503051,0.004960661992660824,0.004936622038615477,0.0049546553444497635,540.7973345844352,-444.45758951654716,2687892.8064889996,13333.727685496415,292461.7570936296,62.9495049649691,282.2255955814573,30,0,official,2026-06-13T16:26:53
challenger_metrics_scoring,ETS Explicit,DEU-Go Local,12,2.700904636759394,0.6842979433681066,0.001863452776703166,0.0018630393131383457,0.0018609573285582875,191.9956571765767,148.37731867065642,2742370.4718390005,5110.277870497157,36862.33237466557,63.06871903764045,280.5731904316069,30,0,official,2026-06-13T16:26:53
challenger_metrics_scoring,ETS Explicit,ESP-Go Local,1,185.00262578080435,114.68365618537877,0.24410822144083988,0.20005894248322287,0.24096582962861,344.2346894330417,-242.27362918145283,30263.090977999997,7387.469313941907,118497.52140906267,1.331056659829027,3.0016019795933992,30,0,official,2026-06-13T16:26:53
challenger_metrics_scoring,ETS Explicit,ESP-Go Local,2,131.32847382110563,48.47701503856193,0.19516966833422322,0.18747036243390974,0.16495687129986178,452.92085437437873,367.0706055792295,56423.307276,11012.118167376884,205137.3003272172,2.79505727051431,9.343002122017921,30,0,official,2026-06-13T16:26:53
challenger_metrics_scoring,ETS Explicit,ESP-Go Local,3,330.3690667986393,126.71340374926086,0.3449137773252617,0.31919077285440317,0.3937789717967657,1286.5827734841685,-1144.829462405192,99575.273967,34344.88387215576,1655295.233026215,3.465304647008517,10.153486019758768,30,0,official,2026-06-13T16:26:53
challenger_metrics_scoring,ETS Explicit,ESP-Go Local,4,185.43932381781303,88.68801899113542,0.2023226657763325,0.16148271083476867,0.19062603023287933,1814.7437785841646,-1257.6710840963874,186515.76525300002,37736.36683529962,3293294.981909931,6.783237064355372,20.462107500287637,30,0,official,2026-06-13T16:26:53
challenger_metrics_scoring,ETS Explicit,ESP-Go Local,5,564.2344467616393,182.82886040236502,0.6502054652124617,0.6222848122071867,1.0010453159015804,8938.61704220645,-8097.157744292028,373596.878718,242914.73232876085,79898874.62722357,14.35069728685436,48.89062384644618,30,0,official,2026-06-13T16:26:53
challenger_metrics_scoring,ETS Explicit,ESP-Go Local,6,48.689705542816135,15.193605854534148,0.07800690622540615,0.07872778766110254,0.07519590367568965,1115.5219756092529,1023.6476335821469,393675.771716,30709.42900746441,1244389.2780671704,21.02390273611297,73.4204892695932,30,0,official,2026-06-13T16:26:53
challenger_metrics_scoring,ETS Explicit,ESP-Go Local,7,87.23592124625578,31.66135343030794,0.15190835858376436,0.15164069103539185,0.13736451936788502,2508.5724792654064,2121.0372185849888,420204.30291999993,63832.54592641209,6292935.883727787,24.390772751445287,79.23137224020456,30,0,official,2026-06-13T16:26:53
challenger_metrics_scoring,ETS Explicit,ESP-Go Local,8,1.0458467955206034,0.35996246119640035,0.0017753651354122453,0.0017738224221407434,0.0017718408381568204,28.155506986685428,25.055278091897648,423382.39484599995,751.6583427569294,792.732573677292,23.956929637505453,78.21789775829821,30,0,official,2026-06-13T16:26:53
challenger_metrics_scoring,ETS Explicit,ESP-Go Local,9,0.8667224378038385,0.334906639287215,0.001418558272282293,0.0014196204143387286,0.0014179690353290583,25.682879147557728,19.96948195927477,424112.8030949999,601.6287252112434,659.6102813080556,23.138077388638667,76.68668259972047,30,0,official,2026-06-13T16:26:53
challenger_metrics_scoring,ETS Explicit,ESP-Go Local,10,5.458507200980794,1.9422530350849,0.008707854575784131,0.00870278808441053,0.008756701106839989,146.17578476828655,-117.38372883074408,422607.1101750001,3680.001258096283,21367.36005262443,22.47257429305369,75.26093775000685,30,0,official,2026-06-13T16:26:53
challenger_metrics_scoring,ETS Explicit,ESP-Go Local,11,6.573838987223334,2.152227710822576,0.010241927965851034,0.010241604773944335,0.010305925992290734,159.0854374622287,-144.1499492980666,422234.80709500005,4324.498478941998,25308.176412548673,21.92781867311186,73.9166384032044,30,0,official,2026-06-13T16:26:53
challenger_metrics_scoring,ETS Explicit,ESP-Go Local,12,1.19709510438117,0.39764922561785815,0.0018124197627555423,0.0018136476322224424,0.0018115445648692874,28.88356367188042,25.535459575596846,422674.5939380001,766.0637872679054,834.2602503875704,21.331187039476887,72.63578503642704,30,0,official,2026-06-13T16:26:53
challenger_metrics_scoring,ETS Explicit,EUR-Dedicated,1,11.316091347693211,3.8170901247488627,0.007684070280411821,0.0077088355915852355,0.00766596545559309,304.3514620814912,240.30170604584066,983933.942878,7560.617568357262,92629.81247114138,22.270992506903298,79.73389470376085,30,0,official,2026-06-13T16:26:53
challenger_metrics_scoring,ETS Explicit,EUR-Dedicated,2,106.05349556742871,35.028306566274125,0.08021349072388649,0.08368543429280458,0.07900522027746361,2776.660626258841,2356.511352612882,883315.4099819999,70853.81244485715,7709844.23341614,22.269834063699285,79.26905118879652,30,0,official,2026-06-13T16:26:53
challenger_metrics_scoring,ETS Explicit,EUR-Dedicated,3,87.11157308970088,34.72722463913825,0.0904175932106687,0.09223951203697969,0.10064379537909358,2882.767233202222,-2120.5747746286056,716749.3646520001,64806.752487109785,8310346.920824394,24.798370713374943,83.01173684790484,30,0,official,2026-06-13T16:26:53
challenger_metrics_scoring,ETS Explicit,EUR-Dedicated,4,20.386248694066474,10.712447098983823,0.02272005548809513,0.02360907797898162,0.022771100822565653,906.4765363037642,527.8225061705294,696947.0296150002,15834.675185115884,821699.7108692694,25.89110503317636,84.61899768818948,30,0,official,2026-06-13T16:26:53
challenger_metrics_scoring,ETS Explicit,EUR-Dedicated,5,606.6702329214576,190.34272349829857,0.7016386167483106,0.691179344482273,1.2157438856727334,18014.4409932506,-16389.77416498337,700778.4537689999,491693.22494950105,324520084.29930764,27.01595244925305,94.64213111047361,30,9,official,2026-06-13T16:26:53
challenger_metrics_scoring,ETS Explicit,EUR-Dedicated,6,10.382148756538317,3.3352795707270833,0.012107938561093,0.012088543841573497,0.011996179164118494,330.46892835650124,292.46154346985253,724635.8461290002,8773.846304095576,109209.71260909436,28.169654502943853,99.08282689611528,30,0,official,2026-06-13T16:26:53
challenger_metrics_scoring,ETS Explicit,EUR-Dedicated,7,17.489987167194013,5.570463069889321,0.020399485585511138,0.020460741907837414,0.020201758121185024,548.5975563639893,490.37438168501114,721156.9815760001,14711.231450550335,300959.27884854045,28.037435190621917,98.48329474247629,30,0,official,2026-06-13T16:26:53
challenger_metrics_scoring,ETS Explicit,EUR-Dedicated,8,1.6643075302255281,0.5296492014100633,0.0019481484306817167,0.0019484918085278307,0.0019479650010539099,51.89777546272999,6.357793457518468,718646.527614,1400.030104986079,2693.3790979799387,28.04029262541326,97.98518590146962,30,0,official,2026-06-13T16:26:53
challenger_metrics_scoring,ETS Explicit,EUR-Dedicated,9,3.507125850515193,1.2695941081306137,0.004088692638305967,0.004099186065558141,0.0040857022939781214,123.63737869928647,97.5734192651574,715926.2964720002,2927.202577954722,15286.201411630775,27.821476452241928,97.3833904139124,30,0,official,2026-06-13T16:26:53
challenger_metrics_scoring,ETS Explicit,EUR-Dedicated,10,4.717948087770715,1.4879084372067926,0.005433197759190398,0.005424573591824239,0.00544247101002103,144.15256124781826,-130.81227067676483,722294.364063,3924.3681203029446,20779.960914305997,27.726517596885035,96.88268286080272,30,0,official,2026-06-13T16:26:53
challenger_metrics_scoring,ETS Explicit,EUR-Dedicated,11,4.683249317825684,1.9984992926454879,0.005328790341549614,0.00535329393634991,0.005321914385057406,192.46313909851162,110.21526758254488,726075.863849,3869.1060505108435,37042.05991165303,27.53861537817347,96.30383148334319,30,0,official,2026-06-13T16:26:53
challenger_metrics_scoring,ETS Explicit,EUR-Dedicated,12,2.755887672397284,0.875298274095194,0.003150686707962849,0.003153458737383194,0.003147342877281118,83.8409565255032,75.33800145766035,719343.224353,2266.425135432135,7029.305991111317,27.41312908761896,95.78558419090974,30,0,official,2026-06-13T16:26:53
challenger_metrics_scoring,ETS Explicit,EUR-MSIT,1,1.4688154122436725,0.29844904597593874,0.009913258533563554,0.00995660516553206,0.0098764931266691,24.454342387355045,19.209018192906303,58131.293947,576.2705457871891,598.0148615979896,13.077898034555467,81.9380819509357,30,0,official,2026-06-13T16:26:53
challenger_metrics_scoring,ETS Explicit,EUR-MSIT,2,3.0002888174110764,0.5009913957989399,0.020674509028287588,0.02070744592774017,0.020472737585804177,40.76473845882815,38.7565767947567,56238.206298,1162.6973038427009,1661.7639016166625,12.917615320847483,81.36814085164056,30,0,official,2026-06-13T16:26:53
challenger_metrics_scoring,ETS Explicit,EUR-MSIT,3,4.9771189600048285,1.0333932092101759,0.03508353035535993,0.03593595713654972,0.0348474320440917,83.50945406796897,63.60669802749971,54390.220183000005,1908.2009408249912,6973.828918730219,12.779822732514717,80.81091817101778,30,0,official,2026-06-13T16:26:53
challenger_metrics_scoring,ETS Explicit,EUR-MSIT,4,1.6595536249114478,0.40334461507434627,0.011862406960655925,0.012083139258297099,0.011957873126193896,32.37613668740734,1.8300075304026147,53214.768885,631.2552448311203,1048.2142268016835,12.679217579060422,80.26916804489785,30,0,official,2026-06-13T16:26:53
challenger_metrics_scoring,ETS Explicit,EUR-MSIT,5,1.6175400893575584,0.2766830601691347,0.011436688726013895,0.011406315585344861,0.011482643919063269,22.072452356930608,-20.399254814438883,53589.840854999995,612.8903287352573,487.1931530489715,12.630090443460151,79.77522130714416,30,0,official,2026-06-13T16:26:53
challenger_metrics_scoring,ETS Explicit,EUR-MSIT,6,1.6607999958367679,0.3211349800556301,0.011589905780310909,0.011641153640469203,0.011539666229843381,25.44986314439121,20.73345373223214,53667.70220199999,622.0036119669642,647.695534068242,12.484016006867773,79.24973834984446,30,0,official,2026-06-13T16:26:53
challenger_metrics_scoring,ETS Explicit,EUR-MSIT,7,0.7679986439545934,0.15297986542213715,0.005370766850871693,0.0053797273800091465,0.005356480174775076,12.044870662079836,9.485724090930724,52985.305567999996,284.5717227279217,145.07890926623156,12.351225051761356,78.73500626270567,30,0,official,2026-06-13T16:26:53
challenger_metrics_scoring,ETS Explicit,EUR-MSIT,8,0.5917046269188027,0.11244784260282746,0.0040984309115921266,0.004100738109890549,0.004088299489289659,8.796700624374619,7.1057809475801905,52842.330121,216.57063920846213,77.38194187487281,12.200380018220436,78.2291631458426,30,0,official,2026-06-13T16:26:53
challenger_metrics_scoring,ETS Explicit,EUR-MSIT,9,1.423857372538729,0.23791550119505323,0.009815521799316265,0.009825358688408893,0.009769590271931848,18.493868443722903,17.15887503414211,52444.10450599999,514.7662510242633,342.0231700137298,12.050978816472286,77.73292766056821,30,0,official,2026-06-13T16:26:53
challenger_metrics_scoring,ETS Explicit,EUR-MSIT,10,0.9640302262158986,0.16661179328474593,0.006485437868379206,0.006472988960558781,0.006499206202321413,12.870146256513515,-11.23583979263918,53124.16645800001,344.5334808727937,165.6406646640488,11.912955683460558,77.2463101367497,30,0,official,2026-06-13T16:26:53
challenger_metrics_scoring,ETS Explicit,EUR-MSIT,11,1.6007894845480621,0.2626593894390992,0.010559648498092501,0.010536687591254241,0.010600254573930278,20.164179596650918,-18.846321040471405,53622.74772099999,566.2373674356506,406.59413880599317,11.790793915572474,76.76930811310756,30,0,official,2026-06-13T16:26:53
challenger_metrics_scoring,ETS Explicit,EUR-MSIT,12,0.6168875285045352,0.10984371508013402,0.003967547275952517,0.003956374180144234,0.003962479742438727,8.381154606472318,-2.459396622290016,54412.786463,215.88530270826163,70.24375253759217,11.665297845114646,76.30072053151184,30,0,official,2026-06-13T16:26:53
challenger_metrics_scoring,ETS Explicit,EUR-Multitenant,1,2.2370150714586443,0.6569224868487958,0.002473314303992876,0.002469277385688222,0.002471539025276534,5102.938343734129,-1968.3704111296295,49190914.34577001,121664.59207788133,26039979.739952024,1812.9007955014208,7767.945908218964,30,0,official,2026-06-13T16:26:53
challenger_metrics_scoring,ETS Explicit,EUR-Multitenant,2,2.794832254586227,0.8309271538179929,0.0030463742957447266,0.003052353106819403,0.003047833496612514,6416.092233708106,2286.549387034603,49933266.599587,152115.41987155052,41166239.55144947,1814.2462709158324,7721.606165145848,30,0,official,2026-06-13T16:26:53
challenger_metrics_scoring,ETS Explicit,EUR-Multitenant,3,26.855829583365658,6.9885688389251035,0.028426809831143804,0.028241284520641355,0.028722252616771703,53745.94592811616,-49187.50982723828,51953258.17500299,1476865.3902491273,2888626703.7079864,1833.0785943074957,7690.551122392995,30,0,official,2026-06-13T16:26:53
challenger_metrics_scoring,ETS Explicit,EUR-Multitenant,4,25.997589743095652,12.645794812522585,0.02753001848677537,0.030635398661973533,0.02879525883736643,97313.71526198905,-3077.8544716110378,53220242.215886,1465154.2520740044,9469959178.09148,1878.577035477061,7695.341946053361,30,0,official,2026-06-13T16:26:53
challenger_metrics_scoring,ETS Explicit,EUR-Multitenant,5,255.2004822202638,49.28505041243299,0.29906780510781505,0.2882188852452049,0.3435120693169736,593339.1753643753,-555788.2590044882,55754985.65074399,16674521.182385728,352051377022.07697,2177.963646112801,12038.92804002683,30,0,official,2026-06-13T16:26:53
challenger_metrics_scoring,ETS Explicit,EUR-Multitenant,6,10.494742142313713,2.2798583742776986,0.012685029226743158,0.012610672674090894,0.012713884321657699,30260.198107038716,-24536.35474909949,62365770.47597501,791111.6212360985,915679589.4772294,2512.723706494316,13272.84117664796,30,0,official,2026-06-13T16:26:53
challenger_metrics_scoring,ETS Explicit,EUR-Multitenant,7,6.411753966883419,1.5394072585194796,0.007721804591972342,0.007672439853119101,0.007714905602188361,20367.592435869214,-13368.681959030513,63882684.390733995,493289.60567588964,414838821.6336768,2564.50683241913,13230.80187075231,30,0,official,2026-06-13T16:26:53
challenger_metrics_scoring,ETS Explicit,EUR-Multitenant,8,4.663441430866084,1.1247708823758709,0.0056283875939738106,0.005635415164330764,0.0056363253227194165,14862.592330355881,-3336.86996882845,65430354.512389004,368267.39560683863,220896650.77835348,2632.300637960729,13213.884323677903,30,0,official,2026-06-13T16:26:53
challenger_metrics_scoring,ETS Explicit,EUR-Multitenant,9,7.0312998189120615,1.6655636881388864,0.008606882110989264,0.008623891157950331,0.008573909568584198,21978.995615082826,18919.936129342143,65947003.405048996,567598.0838802643,483076248.2478301,2690.8162952251387,13196.130398137055,30,0,official,2026-06-13T16:26:53
challenger_metrics_scoring,ETS Explicit,EUR-Multitenant,10,7.134246952408557,1.9448225903288796,0.008903931315461407,0.008955104181635117,0.008896277090757911,25571.263511881294,13397.776473664477,65492738.664467,583142.8467298779,653889517.5940717,2724.617611454217,13148.378489143866,30,0,official,2026-06-13T16:26:53
challenger_metrics_scoring,ETS Explicit,EUR-Multitenant,11,24.450659969740233,5.354937578445545,0.03088883946967458,0.03082734837886371,0.03133651788088596,70503.68244621955,-68575.81300939419,66651179.70866001,2058777.5904852306,4970769238.477367,2806.7103206118536,13166.107244649837,30,0,official,2026-06-13T16:26:53
challenger_metrics_scoring,ETS Explicit,EUR-Multitenant,12,6.863486679909142,1.8662817887694934,0.008542399497815146,0.008475646601532584,0.008532370455095577,24672.988206782502,-17534.50149757924,68387439.212979,584192.8263898157,608756347.0520284,2837.2014285385976,13220.398095965074,30,0,official,2026-06-13T16:26:53
challenger_metrics_scoring,ETS Explicit,FRA-Go Local,1,1.8389031730526637,0.5445659054816494,0.0012900571166006506,0.0012898489421424052,0.0012899630585989708,144.57453659178492,2.2801434908949885,2828587.4725909997,3649.039398943467,20901.796630729357,66.14521548164485,265.4858395218735,30,0,official,2026-06-13T16:26:53
challenger_metrics_scoring,ETS Explicit,FRA-Go Local,2,2.6718805701060155,0.7729739072327083,0.001842221386950982,0.0018430771238937198,0.0018438365004772627,203.86596801169333,-55.280489661096844,2865742.634824999,5279.332371371871,41561.33291334477,65.86287863361093,263.7423671150109,30,0,official,2026-06-13T16:26:53
challenger_metrics_scoring,ETS Explicit,FRA-Go Local,3,9.682969288637391,2.635852494375233,0.00661598166979552,0.006606664971928517,0.006632029203458369,692.5625916019718,-633.4930849150973,2915716.938698,19290.329820738276,479642.9432864395,66.40638577457423,262.74709722181456,30,0,official,2026-06-13T16:26:53
challenger_metrics_scoring,ETS Explicit,FRA-Go Local,4,9.702649893929046,4.762020549081293,0.006609571041854268,0.006717347233501417,0.00663594980117083,1246.2277085936776,410.2455080659944,2933477.918407999,19389.030701428448,1553083.5016666478,66.61077442208229,261.70145545342183,30,0,official,2026-06-13T16:26:53
challenger_metrics_scoring,ETS Explicit,FRA-Go Local,5,60.31148782494666,18.33474762432991,0.04176498980268956,0.040989340383836476,0.04220011292883279,4888.563975846857,-4113.770645400667,2956851.1211389997,123492.85692244153,23898057.745947633,68.25281074194798,266.62837558559096,30,0,official,2026-06-13T16:26:53
challenger_metrics_scoring,ETS Explicit,FRA-Go Local,6,7.517187058498864,2.704936275611635,0.00533568242582955,0.005343552972213024,0.0053256121280955745,753.3613373350505,303.3567861720905,3065677.341019,16357.480711738943,567553.3045912558,72.53369549205387,278.51352511611464,30,0,official,2026-06-13T16:26:53
challenger_metrics_scoring,ETS Explicit,FRA-Go Local,7,25.978952682693315,7.685294073987253,0.01923269836383196,0.019288742154000133,0.019060352598183356,2157.1438800034666,1936.60129267699,3020794.9857709995,58098.0387803097,4653269.71903641,74.54501019847181,280.684624327499,30,0,official,2026-06-13T16:26:53
challenger_metrics_scoring,ETS Explicit,FRA-Go Local,8,22.154398146053445,6.548814606502196,0.016665435789982704,0.016701177427349178,0.016531661741680675,1828.5688554269677,1652.0766517640538,2973957.60768,49562.29955292161,3343664.059037491,74.57104638423014,279.221350015225,30,0,official,2026-06-13T16:26:53
challenger_metrics_scoring,ETS Explicit,FRA-Go Local,9,22.257457695917378,6.309728542599841,0.01717636733472848,0.01719129660722136,0.017028752385755307,1752.7741785495211,1663.3069175627127,2905108.312745,49899.20752688138,3072217.3209899487,74.73031917152912,277.78915791951226,30,0,official,2026-06-13T16:26:53
challenger_metrics_scoring,ETS Explicit,FRA-Go Local,10,5.219086092486516,1.6493558105809567,0.004009065142040595,0.004006933635555297,0.0039959601732948045,455.6278106566662,388.8447959333828,2910847.5809830003,11669.777570712133,207596.7018437869,74.53270147246751,276.2459183965765,30,0,official,2026-06-13T16:26:53
challenger_metrics_scoring,ETS Explicit,FRA-Go Local,11,7.392556842061645,2.205890983546821,0.005624611715752743,0.005622844823009229,0.005603538339560354,605.6826005261823,546.9126579843675,2917068.8695859998,16407.379739531025,366851.41258015897,73.98152894443538,274.5750379523805,30,0,official,2026-06-13T16:26:53
challenger_metrics_scoring,ETS Explicit,FRA-Go Local,12,4.7737788998501545,1.657629801279348,0.0035701126037055385,0.0035514672208460793,0.0035617208601225183,452.42559103278927,-307.3864695520863,2946555.444361,10519.53472943038,204688.9154213687,73.45358153447073,272.9352420447618,30,0,official,2026-06-13T16:26:53
challenger_metrics_scoring,ETS Explicit,GBR-Dedicated,1,120.22289784938809,26.309976715992352,0.25128080822839394,0.600586319324876,0.28871020687453725,345.7294759797044,198.41582382210137,24343.494438454545,6117.052957598271,119528.870561201,1.696031029868521,13.140622650933587,30,0,official,2026-06-13T16:26:53
challenger_metrics_scoring,ETS Explicit,GBR-Dedicated,2,61.217327300017686,8.126818242778707,0.14281726004897372,0.1426622186464144,0.1537033390093988,147.0225807326763,-146.43063328003782,30759.020281545458,4392.918998401135,21615.63924529632,2.3919801751945404,18.091038379419523,30,0,official,2026-06-13T16:26:53
challenger_metrics_scoring,ETS Explicit,GBR-Dedicated,3,2.0136529881847602,0.3134970025600319,0.004742418466919207,0.004743207418628323,0.004728229107943838,5.680731399433349,4.785395899395174,31047.162147000003,147.23863511136778,32.270709232507976,2.437338773120295,18.12052859531102,30,0,official,2026-06-13T16:26:53
challenger_metrics_scoring,ETS Explicit,GBR-Dedicated,4,5.99905429157952,4.1468037184773525,0.014080767482966203,0.022179442991804854,0.016992418737809874,74.63439270417942,13.735300360037396,30828.192966999995,434.0846170883409,5570.29257432167,2.411961374743333,17.998052903160826,30,0,official,2026-06-13T16:26:53
challenger_metrics_scoring,ETS Explicit,GBR-Dedicated,5,143.62168169975587,19.384874126732715,0.36530676432614323,0.3551892483512542,0.438794324660984,384.18066681338166,-368.4227663024533,30256.789408999994,11053.009837899308,147594.78475317458,2.565306692575349,19.818579388327173,30,0,official,2026-06-13T16:26:53
challenger_metrics_scoring,ETS Explicit,GBR-Dedicated,6,1.4037149412916754,0.20476404320335556,0.003565871641864905,0.003562026384257554,0.003568274074592257,4.129054709166006,-3.389370098246506,32087.019454999998,114.418192746552,17.049092791285968,2.7170329573530614,20.164940311641303,30,0,official,2026-06-13T16:26:53
challenger_metrics_scoring,ETS Explicit,GBR-Dedicated,7,6.786330935485947,1.4161855065913325,0.017210197053236023,0.017659996632503023,0.017292676152486357,28.374908750573045,14.6894149438539,31941.955187000003,549.7273430339046,805.1354466033467,2.7001696412974416,20.036152480383468,30,0,official,2026-06-13T16:26:53
challenger_metrics_scoring,ETS Explicit,GBR-Dedicated,8,21.89639917865121,3.7917367581155217,0.05976739745480019,0.06275176145105628,0.06010149061949999,76.0314372561354,34.230479644753295,30926.420806999995,1848.3916842263711,5780.779451233656,2.813844214209942,20.051876516323023,30,0,official,2026-06-13T16:26:53
challenger_metrics_scoring,ETS Explicit,GBR-Dedicated,9,2.0987108124949825,0.3250710682532303,0.006569019322612109,0.006571473097259157,0.006547334140975911,6.568933461406349,6.202183345083616,28324.699808999998,186.06550035250848,43.150886820383995,2.955234855682835,20.207684112598884,30,0,official,2026-06-13T16:26:53
challenger_metrics_scoring,ETS Explicit,GBR-Dedicated,10,45.82883570356749,8.694284514832026,0.16316524229213758,0.18445366243596964,0.15906348060863124,174.59217587761168,133.83168989119224,24644.203445999996,4021.077426363321,30482.427877678892,2.9247069482429997,20.081258622232333,30,0,official,2026-06-13T16:26:53
challenger_metrics_scoring,ETS Explicit,GBR-Dedicated,11,0.6727376454166368,0.13654576083837047,0.0028340918294040254,0.0028369954173714015,0.002830993548643858,2.7749015956402827,1.2198321893919266,22096.064594,62.62227612783897,7.700078865486987,3.102857731365002,20.32213653944878,30,0,official,2026-06-13T16:26:53
challenger_metrics_scoring,ETS Explicit,GBR-Dedicated,12,96.18698545887084,16.742274692050618,0.6679382474640253,0.892632407766408,0.5461055103656348,338.1639457855593,295.4412078396566,13269.544405999997,8863.236235189699,114354.8542292587,3.071529962501903,20.198207949970058,30,0,official,2026-06-13T16:26:53
challenger_metrics_scoring,ETS Explicit,GBR-Go Local,1,1.6157447752834069,0.7228450570410834,0.0011336575315285503,0.0011375100588752315,0.0011361402517319347,400.11199826799526,198.97887694461969,7028088.094377,7967.445000436623,160089.61115800822,164.3709477370708,553.5238767569723,30,0,official,2026-06-13T16:26:53
challenger_metrics_scoring,ETS Explicit,GBR-Go Local,2,2.989358485078446,1.5955442470527477,0.002072907248534981,0.0020784719087439734,0.002071986723141688,878.5308787741296,316.03207057430893,7113844.816329,14746.340484721382,771816.5049596444,164.4314943415517,550.6151774837529,30,0,official,2026-06-13T16:26:53
challenger_metrics_scoring,ETS Explicit,GBR-Go Local,3,10.243457989349656,3.780321938126355,0.007174454013347966,0.0071459573501664484,0.007179187793459404,2088.4189227901984,-1358.721669855223,7148785.625858,51288.63372400118,4361493.597068173,166.8988271256545,552.4447274523089,30,0,official,2026-06-13T16:26:53
challenger_metrics_scoring,ETS Explicit,GBR-Go Local,4,20.839147511944105,7.770128671862735,0.015297761897206942,0.015321270606223354,0.015362889716629172,4425.9594148231145,-1971.1345938000159,7195881.098671999,110080.87568809613,19589116.741661366,176.0802605208978,569.6121134840973,30,0,official,2026-06-13T16:26:53
challenger_metrics_scoring,ETS Explicit,GBR-Go Local,5,73.31373677856249,24.38586019979911,0.058770892994005404,0.05812322054195538,0.060161556897256795,15464.183421039717,-14257.684620988275,7281045.354056001,427913.53738772543,239140968.87955967,194.55814430347917,634.1454963793776,30,0,official,2026-06-13T16:26:53
challenger_metrics_scoring,ETS Explicit,GBR-Go Local,6,6.4183671420155886,2.933565280364092,0.005345308730270072,0.005387827622520716,0.005362948309744819,1976.2497344411452,587.7129421563761,7543375.454875,40321.67067464831,3905563.012878697,209.40772932052369,673.6682315097033,30,0,official,2026-06-13T16:26:53
challenger_metrics_scoring,ETS Explicit,GBR-Go Local,7,5.306268836898796,2.1214099142816734,0.004519293164018616,0.004502661680103286,0.004513871456095376,1454.8997660815617,-555.6125444646566,7657128.6462900005,34604.80914718952,2116733.3293441827,217.38318839378675,685.817369046379,30,0,official,2026-06-13T16:26:53
challenger_metrics_scoring,ETS Explicit,GBR-Go Local,8,8.164737347140202,3.575950864828177,0.007128258274900554,0.007177681584181439,0.007140995459134433,2495.248222034625,751.9042841850945,7755955.237152001,55286.452098987036,6226263.689566958,225.7123111594512,697.7859362042775,30,0,official,2026-06-13T16:26:53
challenger_metrics_scoring,ETS Explicit,GBR-Go Local,9,14.798311824506257,5.882903410492697,0.013429436205587715,0.013499808407724682,0.013367867015123653,4211.340288179531,3489.5359133477946,7795269.719280999,104686.07740043383,17735387.022844058,235.80635107100957,715.8608588861445,30,0,official,2026-06-13T16:26:53
challenger_metrics_scoring,ETS Explicit,GBR-Go Local,10,9.933442536201934,4.00525936137152,0.009559626676786715,0.009526238730242796,0.009561741442767505,3000.698136950895,-928.5382539569362,7749524.164024002,74082.55793080712,9004189.30910057,248.59645472291183,749.1894696985032,30,0,official,2026-06-13T16:26:53
challenger_metrics_scoring,ETS Explicit,GBR-Go Local,11,40.79637940870359,14.064046337103859,0.03993304946796551,0.039815866268539724,0.04067252897633335,11079.878295220233,-10753.614998071474,8083598.715324,322802.7473782158,122763703.03689241,263.7511400577444,787.8158269422951,30,0,official,2026-06-13T16:26:53
challenger_metrics_scoring,ETS Explicit,GBR-Go Local,12,11.055667969245317,4.7329331142871,0.010712114853082348,0.010600709791792439,0.01069529875208389,3869.2408011545754,-2754.7276152017157,8335769.052015,89293.71547395404,14971024.3773193,269.2245453413625,817.5143632337981,30,0,official,2026-06-13T16:26:53
challenger_metrics_scoring,ETS Explicit,IND-Go Local,1,3.439083845476537,0.5650034542495224,0.0026379482829239553,0.002636958365678658,0.0026386506327759976,959.2122318941985,-105.05877062363628,8684805.997115,22910.06906761718,920088.1058154495,222.0559321125696,1697.7103850954186,30,0,official,2026-06-13T16:26:53
challenger_metrics_scoring,ETS Explicit,IND-Go Local,2,10.18476526230532,1.6720937072131465,0.0077078997302332955,0.007700865306566047,0.007716092162450602,2819.858498359802,-1343.3624423661715,8836484.712825,68110.73813419446,7951601.950771999,222.9170608584637,1686.4237250552292,30,0,official,2026-06-13T16:26:53
challenger_metrics_scoring,ETS Explicit,IND-Go Local,3,13.294022792549168,2.064245562846461,0.009989384415134686,0.009939658938602271,0.010004305517489095,3475.3201638100945,-3040.655487169787,9131660.252946999,91219.66461509361,12077850.240985023,228.72350488777315,1683.578846606725,30,0,official,2026-06-13T16:26:53
challenger_metrics_scoring,ETS Explicit,IND-Go Local,4,7.642264988634427,1.8004057516941518,0.005634947961741375,0.005693487704658548,0.0056662741902897,3011.468190594078,-795.3626929259277,9360254.777998,52744.5485826598,9068940.66295997,230.05635397839723,1672.6608364588574,30,0,official,2026-06-13T16:26:53
challenger_metrics_scoring,ETS Explicit,IND-Go Local,5,79.47112081631352,11.715167177272471,0.058723006590391244,0.0582882999142479,0.060235769773070234,19788.29652049773,-18743.364129585287,9579697.295377,562548.6274103767,391576679.1831426,235.95515856660683,1689.1177241488454,30,0,official,2026-06-13T16:26:53
challenger_metrics_scoring,ETS Explicit,IND-Go Local,6,9.332175979264667,1.5216644818741936,0.006911348357052274,0.006887059785066775,0.006917061044865052,2570.0705637693227,-2287.045597664203,9927349.105463002,68611.36792992608,6605262.702753564,245.07098909684424,1688.986366169128,30,0,official,2026-06-13T16:26:53
challenger_metrics_scoring,ETS Explicit,IND-Go Local,7,11.337914808927193,1.9906600382162736,0.00819600269865886,0.00814841862399118,0.008196345313737745,3341.05125338551,-2781.441381589465,10180968.029859,83443.24144768395,11162623.477748888,245.3221274338229,1678.3635524121191,30,0,official,2026-06-13T16:26:53
challenger_metrics_scoring,ETS Explicit,IND-Go Local,8,12.057508430681747,2.0240730909825575,0.00849660949024675,0.008460681506869547,0.00850691665151723,3376.6086540815236,-2973.3612165566788,10498403.698451001,89200.83649670036,11401486.002818238,246.59831122245885,1668.2246649711633,30,0,official,2026-06-13T16:26:53
challenger_metrics_scoring,ETS Explicit,IND-Go Local,9,9.654947558399432,1.6292549043688942,0.006660280887031056,0.006636366128917062,0.006664560773192164,2701.4194654859134,-2388.0540795754155,10756546.698618,71641.62238726247,7297667.1285061985,247.33993272681224,1658.0704825512441,30,0,official,2026-06-13T16:26:53
challenger_metrics_scoring,ETS Explicit,IND-Go Local,10,1.7542936920493264,0.3834637993176608,0.0011933952218186065,0.001192205492055124,0.0011907621220101398,631.9646850665433,357.82985857245706,10923685.493849,13036.274073008623,399379.36317125533,247.70223541798447,1648.0426214705728,30,0,official,2026-06-13T16:26:53
challenger_metrics_scoring,ETS Explicit,IND-Go Local,11,6.414850421668442,1.1418604272483144,0.004318675114608366,0.004322444789337685,0.004309494909553393,1870.489275894343,1523.2724606321854,10994584.182030998,47482.03710240405,3498730.1312357443,246.72977014925948,1638.1067521552504,30,0,official,2026-06-13T16:26:53
challenger_metrics_scoring,ETS Explicit,IND-Go Local,12,9.821334404392385,1.9720971195741293,0.006470986948824388,0.006420542846768299,0.006456733900906979,3211.4290786363704,-2315.7858746993957,11220840.262346,72609.91089248419,10313276.727111246,246.4359997761979,1628.4335323860078,30,0,official,2026-06-13T16:26:53
challenger_metrics_scoring,ETS Explicit,ISR-Go Local,1,4.001997014638281,1.3694066853836064,0.006260809961255306,0.006266183499069367,0.006250489735008578,5.218666299261053,1.8256147138327075,21576.511894,135.0864405950988,27.234477943043053,1.1251585987444697,3.8108958828393398,30,0,official,2026-06-13T16:26:53
challenger_metrics_scoring,ETS Explicit,ISR-Go Local,2,1.6681348895698314,0.6545747806587503,0.0025628750764258475,0.002549719875963368,0.0025521065199848613,2.4681270515723566,-0.4126762044026085,22256.97521,57.04184704233694,6.091651142703253,1.1398328236522597,3.7705807258392774,30,0,official,2026-06-13T16:26:53
challenger_metrics_scoring,ETS Explicit,ISR-Go Local,3,0.725741924667505,0.283967150642783,0.0010586763159614251,0.0010648419972288656,0.0010656585576907956,1.0503286400733083,-0.6149553473859404,23371.973435000004,24.7433547329141,1.1031902521582453,1.136462512448905,3.6987681064369706,30,0,official,2026-06-13T16:26:53
challenger_metrics_scoring,ETS Explicit,ISR-Go Local,4,3.498061314382068,3.366867379003302,0.004900006513584135,0.005050531805522813,0.004932929754157277,12.23665478816953,2.155584221555686,24438.745846,119.75001382922721,149.73572040483228,1.141108393734955,3.6344332611615853,30,0,official,2026-06-13T16:26:53
challenger_metrics_scoring,ETS Explicit,ISR-Go Local,5,222.74277353790478,70.12847011189044,0.31867770138455564,0.314399422997982,0.38923787405149013,302.84778759334085,-275.16966942292504,25904.197397000004,8255.090082687751,91716.78245018129,1.2353696824920726,4.318471329976901,30,0,official,2026-06-13T16:26:53
challenger_metrics_scoring,ETS Explicit,ISR-Go Local,6,11.517138815828087,4.009104905601724,0.01677422747454446,0.016492404853499943,0.016645877987771826,18.228059163253434,-8.901732846747041,27608.722805,463.1149966127132,332.2621408590675,1.3403647208403615,4.5466655506530325,30,0,official,2026-06-13T16:26:53
challenger_metrics_scoring,ETS Explicit,ISR-Go Local,7,38.78210574384267,12.344768361947684,0.0513219972749204,0.05082525071537033,0.052304278625670574,56.64801006038258,-53.30546934195478,31224.178057,1602.4871811529833,3208.9970438012065,1.3773424198413171,4.588827299100896,30,0,official,2026-06-13T16:26:53
challenger_metrics_scoring,ETS Explicit,ISR-Go Local,8,17.818046059014247,6.357556911242543,0.023351083530923564,0.023132095601174348,0.022795001870128687,30.73842054211282,27.009280331526345,34699.820626,810.2784099457904,944.8504974237834,1.5158385067627662,4.834942253958556,30,0,official,2026-06-13T16:26:53
challenger_metrics_scoring,ETS Explicit,ISR-Go Local,9,8.55551720918986,3.319471563065075,0.010802591195925549,0.010706545323845844,0.010625078317346204,15.84908409826478,13.183268781932467,36611.407049,395.498063457974,251.19346675386956,1.540908452357706,4.774580470763345,30,0,official,2026-06-13T16:26:53
challenger_metrics_scoring,ETS Explicit,ISR-Go Local,10,5.473548217323785,2.088593870708522,0.006666691450355939,0.006633049980029093,0.006603962261958743,9.842456082686901,8.519268686940677,38336.56657299999,255.5780606082203,96.87394173962039,1.5564435259704452,4.712479635568405,30,0,official,2026-06-13T16:26:53
challenger_metrics_scoring,ETS Explicit,ISR-Go Local,11,4.860795793695268,1.8343641897024754,0.005699595383788458,0.005677912653107896,0.005658061879596112,8.562942133209503,7.679552179593247,40421.565019,230.38656538779742,73.32397797669451,1.5798960716584862,4.668070921401037,30,0,official,2026-06-13T16:26:53
challenger_metrics_scoring,ETS Explicit,ISR-Go Local,12,7.517290861360037,3.24946423498559,0.008517010483458452,0.008547209669533476,0.008491020578422121,15.049108877527829,11.807990278972254,42534.45233900001,362.266376479427,226.47567800768692,1.606369382980459,4.631258505787052,30,0,official,2026-06-13T16:26:53
challenger_metrics_scoring,ETS Explicit,ITA-Go Local,1,71.05727539675553,26.441154965308,0.09567549195611755,0.08509133955500987,0.09257064817122074,363.1973401964419,-233.94846048741383,78849.26904099999,7543.942605877943,131912.30792576997,3.538902274611371,13.736061857848998,30,0,official,2026-06-13T16:26:53
challenger_metrics_scoring,ETS Explicit,ITA-Go Local,2,82.32388985251973,29.596521738630972,0.10847138643872943,0.10506010087620592,0.09743321379544669,511.1644303002313,411.92421198607394,113926.14002,12357.726359582219,261289.07480416002,5.003701996152286,17.271098097754912,30,0,official,2026-06-13T16:26:53
challenger_metrics_scoring,ETS Explicit,ITA-Go Local,3,256.58648596109424,94.61235780719943,0.25700994343891376,0.2391986745715983,0.28032761215064117,1692.4861353454928,-1485.6630468842825,173416.992394,44569.89140652848,2864509.318336722,5.790106370253463,17.888637114344323,30,0,official,2026-06-13T16:26:53
challenger_metrics_scoring,ETS Explicit,ITA-Go Local,4,131.56955055455282,64.39447367247486,0.13285019600039377,0.11101460289494507,0.12454267605487643,1860.931736175192,-1282.3167409102678,290551.745813,38599.85637951364,3463066.9267040147,9.779328681248565,28.898935421699694,30,0,official,2026-06-13T16:26:53
challenger_metrics_scoring,ETS Explicit,ITA-Go Local,5,715.17638072407,161.7688577978703,0.9402809445701756,0.9262238384423012,1.8100667312980387,14242.611227957314,-13845.461362167292,441744.399122,415363.8408650188,202851974.59073573,19.35950589999862,88.0429733005435,30,25,official,2026-06-13T16:26:53
challenger_metrics_scoring,ETS Explicit,ITA-Go Local,6,60.94949214967736,15.569727651318166,0.09489876292892759,0.09475090172117981,0.08925746389267458,1707.412247573419,1491.2271543077659,471416.20447399997,44736.81462923298,2915256.583163715,24.4666050809032,109.66230661259294,30,0,official,2026-06-13T16:26:53
challenger_metrics_scoring,ETS Explicit,ITA-Go Local,7,10.663022515673797,2.817093909798962,0.0162716034928831,0.01623913696976411,0.01606243220830408,303.96228027276794,259.78784048075715,480641.199543,7820.8030213074035,92393.06782862074,24.44836195932077,107.89923588115664,30,0,official,2026-06-13T16:26:53
challenger_metrics_scoring,ETS Explicit,ITA-Go Local,8,1.8313087064478981,0.5483821299470288,0.002691184775761367,0.002685509924097081,0.002679150775969426,58.13364962404535,43.33640215757423,486821.65260000003,1310.1270199881092,3379.521218611268,23.84682632289597,106.00938004610177,30,0,official,2026-06-13T16:26:53
challenger_metrics_scoring,ETS Explicit,ITA-Go Local,9,6.741398583256471,1.673129980260309,0.009678474713060244,0.009690628127870422,0.00963276589705633,174.3549385166587,156.63407341448848,485512.68063899997,4699.022202434655,30399.644585147842,23.234655462075573,104.20884245319196,30,0,official,2026-06-13T16:26:53
challenger_metrics_scoring,ETS Explicit,ITA-Go Local,10,3.7606267887005522,1.0036982608075666,0.005352069534054932,0.005363991230062439,0.005345529379232445,102.89390156877089,65.34180117119352,478605.776183,2561.531393531748,10587.154980043912,22.7048267700862,102.51477519347635,30,0,official,2026-06-13T16:26:53
challenger_metrics_scoring,ETS Explicit,ITA-Go Local,11,5.584036090130204,1.7323138884578642,0.007858010805747441,0.00790702699996048,0.007846595798454703,174.82939660669498,124.58987583206186,478467.79584599996,3759.805109960029,30565.317917861048,22.44377274355069,100.92247009710876,30,0,official,2026-06-13T16:26:53
challenger_metrics_scoring,ETS Explicit,ITA-Go Local,12,6.137940500558755,1.6540816266230842,0.008528910317661747,0.008514226496092838,0.008568088547510618,164.41616176188714,-135.23636673453615,475686.91086299997,4057.0910020360843,27032.67424851104,22.03285722991697,99.40027089083475,30,0,official,2026-06-13T16:26:53
challenger_metrics_scoring,ETS Explicit,JPN-Go Local,1,20.320281666172963,6.31705922350368,0.011713376039033406,0.01171848700597151,0.011640559196391757,3439.3024223187385,3217.2929256473008,8240048.594682,96518.78776941902,11828801.152167542,158.3291500827524,544.4467592645382,30,0,official,2026-06-13T16:26:53
challenger_metrics_scoring,ETS Explicit,JPN-Go Local,2,11.453465449596749,4.020729077391811,0.006585723935367744,0.006555828522210722,0.006578958198916725,2184.333383402897,-988.3709800158782,8347135.607558001,54971.9307624551,4771312.329848349,159.9863115792916,543.2679848252403,30,0,official,2026-06-13T16:26:53
challenger_metrics_scoring,ETS Explicit,JPN-Go Local,3,2.422023395394716,1.148793965755137,0.0013960160544607778,0.0013900365947014518,0.0013920785498139578,626.2202252555458,-239.2954257572613,8487206.100606002,11848.275973963435,392151.7705191064,163.06305431087063,545.1109980751964,30,0,official,2026-06-13T16:26:53
challenger_metrics_scoring,ETS Explicit,JPN-Go Local,4,11.209057273546868,6.517712766083424,0.0064680275967677,0.0065642039262209335,0.006483521297571037,3539.0058668787337,1687.7744467208588,8514345.445315002,55071.0213087108,12524562.525802096,163.76941124411718,542.9827907260428,30,0,official,2026-06-13T16:26:53
challenger_metrics_scoring,ETS Explicit,JPN-Go Local,5,65.15534391796004,19.703492548597463,0.03914975966006327,0.03901096784120338,0.03984734476832393,11546.003763329347,-11114.689302965244,8522502.782213999,333653.9356258986,133310202.90281545,170.69663339051002,585.9876737513327,30,0,official,2026-06-13T16:26:53
challenger_metrics_scoring,ETS Explicit,JPN-Go Local,6,6.686336282996258,2.3251168389978707,0.004064033599695214,0.004050289809551728,0.00405615657473785,1392.517132633596,-273.55896923548426,8666630.808215,35221.47880073945,1939103.9646780922,175.5893277972957,598.9020032360065,30,0,official,2026-06-13T16:26:53
challenger_metrics_scoring,ETS Explicit,JPN-Go Local,7,14.187071619484977,4.590709279276515,0.008445786297556813,0.008423116414408289,0.008465383616905036,2747.3895715750264,-2519.9493942657855,8951029.444095999,75598.48182797356,7548149.457999208,177.62294163686371,598.4673401074111,30,0,official,2026-06-13T16:26:53
challenger_metrics_scoring,ETS Explicit,JPN-Go Local,8,8.305917631027576,3.0196029953167867,0.004897122749367366,0.004876689892371709,0.0048939807319399896,1803.9518894132825,-1466.782194714549,9149390.301044999,44805.6873860886,3254242.419317752,179.81431784134452,597.4135978176926,30,0,official,2026-06-13T16:26:53
challenger_metrics_scoring,ETS Explicit,JPN-Go Local,9,4.695035985428272,1.8950609761568957,0.0027336623514950006,0.0027441014220641923,0.002737534631789902,1130.4274539980865,765.9458547281217,9321815.247456,25482.69538956252,1277866.2287525958,180.91941835768512,596.512443779274,30,0,official,2026-06-13T16:26:53
challenger_metrics_scoring,ETS Explicit,JPN-Go Local,10,7.165838813653372,2.5632957712228768,0.004107094709661602,0.0040932097630314935,0.004104671084712072,1521.7153497895188,-1300.4408030809388,9498983.308238002,39013.224092428165,2315617.6057850374,181.47781954056163,593.6557797477857,30,0,official,2026-06-13T16:26:53
challenger_metrics_scoring,ETS Explicit,JPN-Go Local,11,5.877900827392343,2.0660017666594257,0.003311830523348376,0.0033030063914047873,0.0033101101294950377,1220.15338019406,-1068.7447632621586,9681154.476905,32062.342897864757,1488774.27119899,181.82422511818623,590.5868038859226,30,0,official,2026-06-13T16:26:53
challenger_metrics_scoring,ETS Explicit,JPN-Go Local,12,16.338607221380137,5.56407474683702,0.008998311150767409,0.00896934569283087,0.009018105381426446,3269.1358828850525,-2973.5162278790203,9913581.042234002,89205.4868363706,10687249.420766631,181.99324995021485,587.5434877548042,30,0,official,2026-06-13T16:26:53
challenger_metrics_scoring,ETS Explicit,KOR-Go Local,1,9.154455632806334,2.767620355547105,0.005844196917865704,0.005790367837536994,0.005820309496165202,143.3022319435338,-94.25663863101714,544758.7881019999,3183.677630405964,20535.529679998355,11.592452018653404,51.778139171550386,30,0,official,2026-06-13T16:26:53
challenger_metrics_scoring,ETS Explicit,KOR-Go Local,2,4.157190369587703,1.1835048445382415,0.0026034433866640653,0.0025921316992902304,0.002597338734160361,60.94559083387307,-45.966968898892084,560401.844351,1458.974475549956,3714.3650420898734,11.698401611364044,51.495852437893255,30,0,official,2026-06-13T16:26:53
challenger_metrics_scoring,ETS Explicit,KOR-Go Local,3,10.625568244797549,3.3418929563063435,0.006615547335551748,0.006638954557250676,0.006597660184803786,171.13149378645585,124.95286219571487,566632.763056,3748.585865871446,29285.988165583774,11.759640455642815,51.20795190747235,30,0,official,2026-06-13T16:26:53
challenger_metrics_scoring,ETS Explicit,KOR-Go Local,4,8.56213118566327,3.6434301198096537,0.0053474391518500254,0.0053930930853681855,0.005348092732248826,186.56863659328482,62.35096355522934,575626.527604,3078.1278305531087,34807.85616027717,11.983495556601737,51.20686563436321,30,0,official,2026-06-13T16:26:53
challenger_metrics_scoring,ETS Explicit,KOR-Go Local,5,20.918642734487822,5.262394459968652,0.01330353224477357,0.01326710906174524,0.013365946313874352,270.3827837670665,-255.07663610824602,576653.5042300001,7671.528487585478,73106.84975762822,12.224388527428538,51.38018174499924,30,0,official,2026-06-13T16:26:53
challenger_metrics_scoring,ETS Explicit,KOR-Go Local,6,14.75929526453589,4.254629025283235,0.00933907443590143,0.009359011943421166,0.009320829070432473,218.21905642811157,120.45603704012028,588594.0800209999,5496.923925847041,47619.556588375344,12.41460342408811,51.289796391492565,30,0,official,2026-06-13T16:26:53
challenger_metrics_scoring,ETS Explicit,KOR-Go Local,7,33.59011059563999,9.154926330970556,0.020613162631829496,0.02049436140433271,0.02074847038536594,471.79016387859514,-431.0691063934207,627369.6774619999,12932.073191802621,222585.95873259168,12.833214858464135,51.53402079081269,30,0,official,2026-06-13T16:26:53
challenger_metrics_scoring,ETS Explicit,KOR-Go Local,8,62.58623390979343,19.806314651332677,0.0367662495000131,0.03591876853529408,0.03693439858571849,1018.5219446947477,-814.3880834227677,667557.9244000001,24543.601204201288,1037386.9518247708,13.071884806476978,51.424101990938325,30,0,official,2026-06-13T16:26:53
challenger_metrics_scoring,ETS Explicit,KOR-Go Local,9,154.59945574409014,48.6750065038601,0.08204102057547007,0.0791314188857741,0.08364562848844659,2537.7331240392045,-2145.5852924117594,784577.743193,64367.55877235278,6440089.40884578,13.878349584641269,52.136266768407175,30,0,official,2026-06-13T16:26:53
challenger_metrics_scoring,ETS Explicit,KOR-Go Local,10,135.02565232868534,44.9022783811154,0.0741093258455092,0.07410932584550922,0.0705571497356956,2500.5375771170557,2135.808659612582,865742.3879700003,64159.584728337984,6252688.174574435,15.838863115224436,55.68843424588248,30,0,official,2026-06-13T16:26:53
challenger_metrics_scoring,ETS Explicit,KOR-Go Local,11,12.39177003356201,4.022072858759729,0.006751430865604001,0.006751430865604003,0.006721681234542688,223.1524671923667,194.83332932674577,865742.3879700003,5844.9998798023735,49797.02361404029,15.722800600645185,55.48195545646564,30,0,official,2026-06-13T16:26:53
challenger_metrics_scoring,ETS Explicit,KOR-Go Local,12,0.794780934933014,0.2563904177975685,0.00042774549321918413,0.00042774549321918424,0.0004276255209829396,14.138108505047468,12.343913491432735,865742.3879700003,370.31740474298203,199.88611210049552,15.531214890645444,55.14288960755985,30,0,official,2026-06-13T16:26:53
challenger_metrics_scoring,ETS Explicit,LAM-Multitenant,1,1.7796302869270435,0.623390106342168,0.0012586908391037026,0.0012547673455307572,0.0012559406384395034,256.9555063747214,-172.1981250950271,4877835.75336,6139.68717740674,66026.1322562895,114.99930111904266,412.19054290489976,30,0,official,2026-06-13T16:26:53
challenger_metrics_scoring,ETS Explicit,LAM-Multitenant,2,7.233414627435273,2.3627546527474164,0.005000992318091998,0.004982790993782494,0.004999711318518238,967.496678345287,-827.5107043455723,4968839.375006001,24849.127544238057,936049.8226091637,114.51082153274696,409.47826606553485,30,0,official,2026-06-13T16:26:53
challenger_metrics_scoring,ETS Explicit,LAM-Multitenant,3,3.47148544146356,1.1402829299583137,0.002356086706409823,0.002349618650508825,0.002353374607823987,464.25494306354796,-397.8881927808378,5066301.571564,11936.645783425134,215532.65215893814,114.61612024306524,407.1401323884767,30,0,official,2026-06-13T16:26:53
challenger_metrics_scoring,ETS Explicit,LAM-Multitenant,4,21.241874668377946,16.358620284931966,0.014354003641572799,0.01582543883662051,0.014907579254243193,6618.045028098382,2027.3140859664359,5074167.128260001,72834.61343699304,43798519.99393772,114.29407647875736,404.5600981516949,30,0,official,2026-06-13T16:26:53
challenger_metrics_scoring,ETS Explicit,LAM-Multitenant,5,541.8012189266831,125.28879005925846,0.400717799855572,0.39404997886746834,0.5152908903638563,74560.6632543461,-68629.28456259595,5137976.245676998,2058878.5368778785,5559292504.927997,126.66875260737076,595.1104102695921,30,0,official,2026-06-13T16:26:53
challenger_metrics_scoring,ETS Explicit,LAM-Multitenant,6,4.5962958416755555,1.2679596427427464,0.003607108209576143,0.0035881667116390427,0.003599263048593114,842.2400516313722,-628.4225275498932,5332188.208853,19233.779863158765,709368.3045720166,139.4875389929005,664.2483114127415,30,0,official,2026-06-13T16:26:53
challenger_metrics_scoring,ETS Explicit,LAM-Multitenant,7,2.108305184461756,0.507491530124603,0.001627157827120967,0.0016274422376697263,0.0016257246184737575,335.02745362747675,288.0422549743438,5411137.166877,8804.774194709084,112243.39468411107,139.20777471877116,660.163635726528,30,0,official,2026-06-13T16:26:53
challenger_metrics_scoring,ETS Explicit,LAM-Multitenant,8,3.2784904202872127,0.8171440655724924,0.002479972048764889,0.0024728615338935607,0.00247711070831603,536.0776278910197,-443.80250738757604,5493245.578797999,13623.09549242034,287379.22312526254,138.5098398551661,656.0380849311349,30,0,official,2026-06-13T16:26:53
challenger_metrics_scoring,ETS Explicit,LAM-Multitenant,9,1.2003569391100495,0.30410625379966705,0.0008933847252994372,0.0008936178792326652,0.0008933257746760431,198.27630427601787,79.51204277071616,5557919.344095,4965.360246460739,39313.49283735602,137.88565952563192,651.9967997982518,30,0,official,2026-06-13T16:26:53
challenger_metrics_scoring,ETS Explicit,LAM-Multitenant,10,5.649382192370983,1.3072071544220394,0.004112674330935581,0.004104133278027987,0.004114193242983742,847.0820506459687,-775.1582431599788,5654410.104850001,23254.747294799367,717548.0005265796,137.21115278884213,648.0090380323021,30,0,official,2026-06-13T16:26:53
challenger_metrics_scoring,ETS Explicit,LAM-Multitenant,11,4.909232622412046,1.2662485139661412,0.0035044919988868614,0.0034915267367040762,0.003500497076168166,815.6855124532348,-671.9538565008406,5754443.449894,20166.40102820043,665342.8552260962,136.9283998761508,644.1749020485292,30,0,official,2026-06-13T16:26:53
challenger_metrics_scoring,ETS Explicit,LAM-Multitenant,12,3.102308804817133,0.7381819550055227,0.0021733389670443694,0.0021693958766134305,0.0021723095426733796,472.74285762750765,-414.3927972792745,5854690.931893,12724.227942284371,223485.80943782197,136.71783116848042,640.4150825171157,30,0,official,2026-06-13T16:26:53
challenger_metrics_scoring,ETS Explicit,MEX-Go Local,1,13.66808400084366,3.9108066990856187,0.019209497366244565,0.019211289980361024,0.019453470528197493,12.776342652080901,-8.92260283141141,16788.752673,322.5035002545249,163.23493156338165,0.7865123359270605,3.2669327929371,30,0,official,2026-06-13T16:26:53
challenger_metrics_scoring,ETS Explicit,MEX-Go Local,2,62.30868686455728,17.697166139723308,0.07962541594635617,0.07780122894378667,0.08143827463015811,59.329254030686045,-53.06231152344114,20752.301538000003,1652.410641807457,3519.9603838376765,0.8839915828533742,3.3524720038376525,30,0,official,2026-06-13T16:26:53
challenger_metrics_scoring,ETS Explicit,MEX-Go Local,3,13.25346706922278,3.8054882256566183,0.017802616471961803,0.017550779865095383,0.017361263523354327,15.788152970695066,14.0285045744288,23640.072115000003,420.85513723286397,249.26577422606744,1.0584780949134294,4.148785132023605,30,0,official,2026-06-13T16:26:53
challenger_metrics_scoring,ETS Explicit,MEX-Go Local,4,8.871930491531105,6.216258970532443,0.011505715239158078,0.011954394001201234,0.011482065520548342,25.598732788775983,7.9929428223403765,26104.05065399999,300.3457734134821,655.2951203911546,1.1284495285446752,4.118028690587736,30,0,official,2026-06-13T16:26:53
challenger_metrics_scoring,ETS Explicit,MEX-Go Local,5,132.11553803827556,31.672779157516125,0.18777232414699638,0.18463039141445067,0.20569308452471807,187.52616222283402,-177.2161464442359,28313.461088999997,5316.484393327077,35166.06151802466,1.3413724765128998,5.920735950900381,30,0,official,2026-06-13T16:26:53
challenger_metrics_scoring,ETS Explicit,MEX-Go Local,6,13.240926198111053,3.543972600386357,0.02009607506173922,0.01995689429687957,0.01971779275814821,22.736636523507666,20.531394052603776,30649.856734999994,615.9418215781133,516.9546404021028,1.5506010490061322,6.415579093650148,30,0,official,2026-06-13T16:26:53
challenger_metrics_scoring,ETS Explicit,MEX-Go Local,7,2.5115625615660813,0.7292255115671962,0.003588493775109576,0.003569908037033992,0.003571032766243266,4.602205570528378,-0.421279732367384,32753.156819999997,117.53449936375773,21.180296113402434,1.5599120266451345,6.311086896339744,30,0,official,2026-06-13T16:26:53
challenger_metrics_scoring,ETS Explicit,MEX-Go Local,8,4.9303565752156935,1.4821452330030365,0.006695330231584597,0.006616689529076519,0.006638717003865622,9.236957441634516,-4.266265563352075,35441.040999,237.28947323943385,85.32138277856725,1.6042752663655155,6.232154066925769,30,0,official,2026-06-13T16:26:53
challenger_metrics_scoring,ETS Explicit,MEX-Go Local,9,1.8326118735458392,0.5723270773381662,0.0023845135033173995,0.002398980571427936,0.002400481661069383,3.524436329858456,-1.3442350865829364,38034.987224,90.69494063413276,12.421651443226143,1.6496480959468185,6.158080701423813,30,0,official,2026-06-13T16:26:53
challenger_metrics_scoring,ETS Explicit,MEX-Go Local,10,1.759356312361715,0.5581423538108291,0.0022022858907240917,0.002205201989066563,0.0022022461886958295,3.398028084020379,2.532222867362498,40429.919442000006,89.03824115022826,11.546594859791208,1.686947294769521,6.088102902099544,30,0,official,2026-06-13T16:26:53
challenger_metrics_scoring,ETS Explicit,MEX-Go Local,11,3.133401966304174,1.2136983997321011,0.003750946496865621,0.0036935582822693307,0.00370566829468444,7.301236545291901,-4.982643149643907,43090.64103900002,161.63068905293107,53.30805509030601,1.7194377526520943,6.015692652230157,30,0,official,2026-06-13T16:26:53
challenger_metrics_scoring,ETS Explicit,MEX-Go Local,12,3.4659678789300177,1.1088849169361403,0.004013672930939641,0.004010556965326066,0.004001221364843769,6.608462157191326,6.12692220663561,45795.377292,183.8076661990683,43.671772083029836,1.7677377346402467,5.95955635815714,30,0,official,2026-06-13T16:26:53
challenger_metrics_scoring,ETS Explicit,NAM-Dedicated,1,37.5874795846908,11.571019956400075,0.021181791425132542,0.021216570475252352,0.020966496267984056,2261.1588130374375,2133.6392520993013,3021896.320206,64009.177562979035,5112839.177776874,56.76462682984263,195.41568691070856,30,0,official,2026-06-13T16:26:53
challenger_metrics_scoring,ETS Explicit,NAM-Dedicated,2,51.96845928372063,17.51275327216178,0.030533406959523033,0.030781932731154486,0.030169287064734776,3410.114907870599,2975.874707084397,2923887.3123749997,89276.24121253191,11628883.684881303,57.26309280861448,194.72180386914417,30,0,official,2026-06-13T16:26:53
challenger_metrics_scoring,ETS Explicit,NAM-Dedicated,3,37.755638712673885,11.969871484489397,0.02352292702516697,0.023564678174696166,0.02326026779134328,2326.4645437752997,2208.137744842098,2816151.760127,66244.13234526294,5412437.273443614,58.484979201288574,194.3600269050458,30,0,official,2026-06-13T16:26:53
challenger_metrics_scoring,ETS Explicit,NAM-Dedicated,4,31.672623654234673,14.50487071628821,0.02017406964546964,0.020713403236362633,0.02020157864301716,2808.912199634024,1860.3842356067055,2766498.185493,55811.52706820116,7889987.745252851,58.737926352936334,193.65303245893554,30,0,official,2026-06-13T16:26:53
challenger_metrics_scoring,ETS Explicit,NAM-Dedicated,5,975.2733945410154,259.4557194081474,0.6750780025143055,0.6661451503441896,1.1573261674037068,68195.78895367148,-61597.33966175152,2737343.2151099998,1847920.1898525455,4650665631.0137005,63.15904853606772,262.84172539821066,30,8,official,2026-06-13T16:26:53
challenger_metrics_scoring,ETS Explicit,NAM-Dedicated,6,9.877966161787818,3.3021221866670287,0.007146929484833687,0.007180913630800031,0.007130998271454591,926.5420285501618,631.1358354484948,2784712.289608,19902.14236937814,858480.130669849,67.160054486952,280.5898680222248,30,0,official,2026-06-13T16:26:53
challenger_metrics_scoring,ETS Explicit,NAM-Dedicated,7,22.45981586822943,5.87729222440618,0.016571608575723793,0.016606575675226457,0.016444720807734927,1639.3359608888998,1506.356541862398,2726995.152545,45190.69625587194,2687422.392663532,67.06896221679257,278.92708041321396,30,0,official,2026-06-13T16:26:53
challenger_metrics_scoring,ETS Explicit,NAM-Dedicated,8,3.4339926848703484,0.9291333644194206,0.002518700780740799,0.002514271502584791,0.00251792430088882,257.715181021983,-186.328983189071,2742230.5255300007,6906.858165623664,66417.1145291935,67.04399998728627,277.37157106936877,30,0,official,2026-06-13T16:26:53
challenger_metrics_scoring,ETS Explicit,NAM-Dedicated,9,6.110626326471938,1.656805341632646,0.00444223457536823,0.004441923302208408,0.00442958043742087,456.7273119033516,407.676517113693,2753185.43087,12230.29551341079,208599.83743846143,66.71599527328178,275.6674549668486,30,0,official,2026-06-13T16:26:53
challenger_metrics_scoring,ETS Explicit,NAM-Dedicated,10,19.31287630825161,5.7846681553011585,0.014023943994243119,0.01411272191949689,0.013961087020094897,1584.7669823090243,1235.2817334559522,2732461.470565,38319.88662963075,2511486.3882168513,66.13875291974371,273.959878036689,30,0,official,2026-06-13T16:26:53
challenger_metrics_scoring,ETS Explicit,NAM-Dedicated,11,4.388337532795814,1.7717909747812872,0.0032090367746950526,0.003222514787987106,0.0032091689189940164,482.912792931751,165.56715429331283,2720458.992055,8730.05294955433,233204.76557714425,66.31253015757584,272.5563002663802,30,0,official,2026-06-13T16:26:53
challenger_metrics_scoring,ETS Explicit,NAM-Dedicated,12,28.228964945119213,8.148860600542486,0.021148923561733365,0.021297212952720437,0.020983855341784277,2208.7366239384446,1869.7854347545097,2652312.9122340004,56093.56304263529,4878517.473926998,66.23641491601326,271.0485222671995,30,0,official,2026-06-13T16:26:53
challenger_metrics_scoring,ETS Explicit,NAM-GCC Low,1,2.1720245292299554,0.6955020142766252,0.0012488220344499795,0.0012457846271035264,0.0012467934793817283,269.90278935029977,-191.19339356283794,5475053.345255002,6837.367257343518,72847.5156990723,104.93078639045204,388.069026127867,30,0,official,2026-06-13T16:26:53
challenger_metrics_scoring,ETS Explicit,NAM-GCC Low,2,2.2095605656709023,0.6760453193082997,0.001252121780312647,0.0012531454138893078,0.0012522489090352246,260.65335108594996,183.4907693634479,5540179.391918,6936.979283459805,67940.16943233549,104.6509638045531,385.55603247521805,30,0,official,2026-06-13T16:26:53
challenger_metrics_scoring,ETS Explicit,NAM-GCC Low,3,1.2084297449558132,0.44169189224023325,0.0006733802808308779,0.0006718037348810682,0.0006720955474902856,169.2124846316526,-63.41171654728144,5619293.133231,3783.9211881261144,28632.86495521726,104.3757047502025,383.10072610438374,30,0,official,2026-06-13T16:26:53
challenger_metrics_scoring,ETS Explicit,NAM-GCC Low,4,6.756522970334766,4.216048905942236,0.0037040862814099575,0.003757970773696373,0.00372669465141868,1604.9854500988881,-114.12908045476942,5698800.454201001,21108.84858289876,2575978.2950291308,104.14058964736454,380.6847325316293,30,0,official,2026-06-13T16:26:53
challenger_metrics_scoring,ETS Explicit,NAM-GCC Low,5,80.64837848533642,21.780825771186784,0.04518952433613925,0.04499368562708177,0.04611489982139093,9042.56864770061,-8684.039808304207,5768138.341143001,260659.4279412995,81768047.74837804,107.73493232257728,415.1618833323922,30,0,official,2026-06-13T16:26:53
challenger_metrics_scoring,ETS Explicit,NAM-GCC Low,6,1.8274498837496604,0.5297533874050463,0.0010408951845509646,0.0010405231013043315,0.0010410033009497406,225.77412195964308,-152.3356222864774,5884864.259646,6125.526869601599,50973.95414664779,111.73178033630325,426.1872171607608,30,0,official,2026-06-13T16:26:53
challenger_metrics_scoring,ETS Explicit,NAM-GCC Low,7,2.4703044889671464,0.7847242258945983,0.0013859073484749267,0.0013822002192835875,0.0013835897044199843,332.51699983782413,-275.2262175493457,5963624.913945001,8265.03159178453,110567.55518114755,111.52513962951728,423.7373957185397,30,0,official,2026-06-13T16:26:53
challenger_metrics_scoring,ETS Explicit,NAM-GCC Low,8,16.131339151378054,4.671921262754188,0.008840845414546591,0.008816159591034685,0.008863056426657532,1967.7673588857313,-1766.0108270283215,6090557.715964001,53845.6792552117,3872108.378696126,111.26515649634668,421.19018027407725,30,0,official,2026-06-13T16:26:53
challenger_metrics_scoring,ETS Explicit,NAM-GCC Low,9,4.051880986591641,1.2647786390904594,0.0022102356101786685,0.002209819875140583,0.0022064736413704047,530.7610029272223,451.82786874122877,6150448.068474,13593.939339495846,281707.24222831085,111.83233486275049,419.64734896923034,30,0,official,2026-06-13T16:26:53
challenger_metrics_scoring,ETS Explicit,NAM-GCC Low,10,6.849216622351013,2.021418470589421,0.003664561048967321,0.003656448181314942,0.003664615678949067,843.2495167031756,-762.9005362352017,6245500.015208001,22887.01608705605,711069.7474201391,111.38507924331556,417.1573224307653,30,0,official,2026-06-13T16:26:53
challenger_metrics_scoring,ETS Explicit,NAM-GCC Low,11,5.352757505129707,1.7436282870641755,0.002820065823350618,0.002810599286260032,0.002816396483232787,723.3299323821541,-596.7423850319843,6348175.068371001,17902.27155095953,523206.19107997156,111.48317189039636,414.841820213904,30,0,official,2026-06-13T16:26:53
challenger_metrics_scoring,ETS Explicit,NAM-GCC Low,12,2.8495265297058894,0.9994532784767192,0.0014796416952386714,0.0014744867450323257,0.0014762714269669287,412.33971140984426,-276.5915019661382,6447163.119871002,9539.491368166171,170024.03760555366,111.59153715208936,412.5652697225597,30,0,official,2026-06-13T16:26:53
challenger_metrics_scoring,ETS Explicit,NAM-ITAR DoD,1,4.0172736116172345,0.8566338750941576,0.010171941128939923,0.010281953193257812,0.010169731194920779,509.38182961844086,254.83258492937165,1010149.6063209998,10275.18232691905,259469.8483454303,85.25833952994942,594.6319010119133,30,0,official,2026-06-13T16:26:53
challenger_metrics_scoring,ETS Explicit,NAM-ITAR DoD,2,7.020292887194331,1.155547887072402,0.017498389459261653,0.01737089293083976,0.01756984372625458,682.8547665635576,-596.5041112131873,1022672.5938439998,17895.12333639562,466290.63221857086,84.9685505716245,590.9359310877029,30,0,official,2026-06-13T16:26:53
challenger_metrics_scoring,ETS Explicit,NAM-ITAR DoD,3,4.2622007639204895,0.7674703918226097,0.010258321885186937,0.010319701158854621,0.010299959659844813,450.44835827679657,-139.23904852072738,1053271.376792,10804.79681558635,202903.72347426126,84.50092189500556,586.9260405043893,30,0,official,2026-06-13T16:26:53
challenger_metrics_scoring,ETS Explicit,NAM-ITAR DoD,4,57.01819770341263,22.447039824371778,0.15569813393954796,31.280507900464425,0.26589938642955835,13122.797900285292,4752.375227454763,934482.5289086665,145497.18595018904,172207824.73173207,85.05891791892539,584.6115123846874,30,0,official,2026-06-13T16:26:53
challenger_metrics_scoring,ETS Explicit,NAM-ITAR DoD,5,300.7098943339173,34.243214930655135,0.9969273811212249,0.90480857877901,1.7752124109765106,32659.326917441973,-30127.031477679317,906596.5700670001,903810.9443303795,1066631634.7003498,100.18636581417356,953.7459313787958,30,0,official,2026-06-13T16:26:53
challenger_metrics_scoring,ETS Explicit,NAM-ITAR DoD,6,1.1967463883078706,0.1418523337074417,0.003713777882665201,0.003708450933052168,0.0037163751550810917,147.58860234128778,-137.50016525197304,1110730.1211559998,4125.004957559191,21782.39554105478,114.89499078112132,1040.4383099235904,30,0,official,2026-06-13T16:26:53
challenger_metrics_scoring,ETS Explicit,NAM-ITAR DoD,7,19.69911194967713,6.662832949079809,0.06362254030300157,0.154386161460842,0.08417932416744402,6887.176929567333,2207.9802318047487,1056162.6978943332,67195.75381330909,47433206.05916452,113.70352461397874,1033.6709598157504,30,0,official,2026-06-13T16:26:53
challenger_metrics_scoring,ETS Explicit,NAM-ITAR DoD,8,0.785776558142438,0.11097631452229181,0.0027736754591824505,0.002764102141122522,0.002769786707465803,131.26191632516793,-88.17329619861435,1136350.014726,3151.866148887122,17229.690677355386,133.70493669506925,1182.7921740796442,30,0,official,2026-06-13T16:26:53
challenger_metrics_scoring,ETS Explicit,NAM-ITAR DoD,9,1.1168882086830298,0.13362213325464067,0.0038775996062139777,0.0038774447197293476,0.0038689795714255152,157.045262380581,147.81461782676342,1143604.0295900002,4434.438534802903,24663.21443618553,132.3450428410001,1175.2937822157307,30,0,official,2026-06-13T16:26:53
challenger_metrics_scoring,ETS Explicit,NAM-ITAR DoD,10,1.8464511894826334,0.22453906262635703,0.006327581299922958,0.0063266288104042384,0.006303179607502595,262.2471326361044,241.76462612116472,1146241.895576,7252.9387836349415,68773.55857585855,130.9347506710459,1167.9354566136017,30,0,official,2026-06-13T16:26:53
challenger_metrics_scoring,ETS Explicit,NAM-ITAR DoD,11,4.315369983865649,0.7236328108715254,0.01427758367833409,0.013982944552739638,0.014205390368220602,839.930477685509,-558.663904634608,1174888.7534279998,16774.572489801896,705483.2073450073,129.57230050199516,1160.7136451896336,30,0,official,2026-06-13T16:26:53
challenger_metrics_scoring,ETS Explicit,NAM-ITAR DoD,12,2.1703692972212685,0.27452928799731124,0.006895968773776642,0.006898591207997201,0.0068899294011889765,316.72539934652696,34.01263257280928,1217034.1123459998,8392.629235358989,100314.97859121696,128.89709977167024,1153.7034961079596,30,0,official,2026-06-13T16:26:53
challenger_metrics_scoring,ETS Explicit,NAM-ITAR GCCH,1,1.5374606136447222,0.15979245863969715,0.0025158763999229804,0.0025098183758230272,0.002514528376702365,66.90382992096474,-48.89665003628325,645728.3058839999,1624.5726055358027,4476.122458093377,35.221988585549774,418.6920364735151,30,0,official,2026-06-13T16:26:53
challenger_metrics_scoring,ETS Explicit,NAM-ITAR GCCH,2,8.445229969839039,0.8117732304178318,0.01337337183920634,0.013293821058509209,0.013409262039722992,337.53088620891043,-295.7960681884078,663548.5913610001,8873.882045652234,113927.09914497244,35.02522361674012,415.79455143547693,30,0,official,2026-06-13T16:26:53
challenger_metrics_scoring,ETS Explicit,NAM-ITAR GCCH,3,6.1365115277602404,1.1695817554530699,0.009498332395272369,0.009897848597983197,0.009660434403683102,482.9912466042097,87.45751590278365,677335.5803075001,6433.5584849053375,233280.54429628854,34.9468828546497,412.9606539707946,30,0,official,2026-06-13T16:26:53
challenger_metrics_scoring,ETS Explicit,NAM-ITAR GCCH,4,88.8020914876535,20.44401057195269,0.16090436347148546,29.706915933458344,0.26967193947130413,8440.57904807284,3154.8417254473416,598050.0868455833,96228.86854795518,71243374.66676618,36.12109690056653,412.8631717522461,30,0,official,2026-06-13T16:26:53
challenger_metrics_scoring,ETS Explicit,NAM-ITAR GCCH,5,426.63086869912723,33.61825755713892,0.9965723030771833,0.8923387117860174,1.7558833652369914,21337.171862214876,-19791.817236294726,595796.7276989999,593754.5170888418,455274903.07769424,46.390963918395,634.6899992050265,30,0,official,2026-06-13T16:26:53
challenger_metrics_scoring,ETS Explicit,NAM-ITAR GCCH,6,184.8694205526245,19.252182988380163,0.7515302602296895,2.3709931368112214,0.6996482860916928,13768.899250004231,10331.40963482113,415281.77727400005,312096.8221433772,189582586.5567671,56.27338136118559,715.1863899441732,30,0,official,2026-06-13T16:26:53
challenger_metrics_scoring,ETS Explicit,NAM-ITAR GCCH,7,223.50927477582403,22.37648490746915,0.8047113190895655,0.7366327599919684,1.224416210856095,16165.139403601013,-14453.450427314654,538831.1342631667,433603.51281943964,261311731.93785414,64.66599849966502,722.4163880272891,30,0,official,2026-06-13T16:26:53
challenger_metrics_scoring,ETS Explicit,NAM-ITAR GCCH,8,1.902005790078913,0.23256890717414994,0.006577262683401741,0.006552679613561898,0.0065814354853644536,191.3793584023949,-161.9405624890472,754688.2714400002,4963.783005343277,36626.058822512314,86.99207666690529,822.8931404793854,30,0,official,2026-06-13T16:26:53
challenger_metrics_scoring,ETS Explicit,NAM-ITAR GCCH,9,0.5797622315881555,0.08110197438124842,0.001960025814491785,0.0019531729143810357,0.0019554015555684457,66.31536730932152,-18.40012705702393,764495.2570410001,1498.4304388568926,4397.727941370228,86.15200952019065,817.6788273684035,30,0,official,2026-06-13T16:26:53
challenger_metrics_scoring,ETS Explicit,NAM-ITAR GCCH,10,2.164632223535867,0.2521381445015275,0.007068013147873201,0.007045176284885814,0.007075781775601819,204.8772348697233,-184.58803103809709,783479.149697,5537.640931142912,41974.68136786377,85.27454642460124,812.5594613015093,30,0,official,2026-06-13T16:26:53
challenger_metrics_scoring,ETS Explicit,NAM-ITAR GCCH,11,2.207494176354794,0.26516534846082607,0.006964842197930424,0.006936881527079576,0.006968624836677258,214.13076296652704,-186.52013817218042,803407.1679080001,5595.604145165413,45851.98364862699,84.49405673186358,807.5367472011956,30,0,official,2026-06-13T16:26:53
challenger_metrics_scoring,ETS Explicit,NAM-ITAR GCCH,12,1.529637672357438,0.20346192508775207,0.00468242233582433,0.0046555945655884804,0.004671798445098782,163.3006709923661,-97.56703670903832,820913.6360049999,3843.8643450125746,26667.109146557,83.76415788907077,802.6104683809286,30,0,official,2026-06-13T16:26:53
challenger_metrics_scoring,ETS Explicit,NAM-MSIT,1,8.599376461063578,1.8634543035813338,0.032055331173986595,0.03180538730374305,0.032427306836861916,406.2530428085764,-369.02229468254876,345361.2374299999,11070.668840476463,165041.53479122705,42.912680512757525,218.01073523928505,30,0,official,2026-06-13T16:26:53
challenger_metrics_scoring,ETS Explicit,NAM-MSIT,2,9.507242526872146,2.9641419928884623,0.0354880331815593,0.037589786418860904,0.035890435575591205,641.8316444234268,341.5391720332543,342894.96231300005,12168.66780035327,411947.85978328023,42.66455377206246,216.532017009746,30,0,official,2026-06-13T16:26:53
challenger_metrics_scoring,ETS Explicit,NAM-MSIT,3,22.068920666696247,4.926503234762313,0.0974308619675263,0.09997852335076665,0.09395212699701057,1061.430396082923,943.5467010629976,290528.077657,28306.401031889927,1126634.4857287507,42.75454678156891,215.4531004046186,30,0,official,2026-06-13T16:26:53
challenger_metrics_scoring,ETS Explicit,NAM-MSIT,4,6.403234395465248,3.2532405745397623,0.029826635954103564,0.036778151474671346,0.032406512210610576,696.6018760273059,156.06466314599524,275914.67443,8229.606548618618,485254.1736847621,42.8408834262822,214.12553423776677,30,0,official,2026-06-13T16:26:53
challenger_metrics_scoring,ETS Explicit,NAM-MSIT,5,10.713222708243388,2.19515270601157,0.04938638838762457,0.04918930463229052,0.05051562867765773,495.1568464813807,-478.1564100256784,290458.419194,14344.692300770352,245180.30261738558,44.63235975275269,225.5682919577126,30,0,official,2026-06-13T16:26:53
challenger_metrics_scoring,ETS Explicit,NAM-MSIT,6,5.7292814417588245,1.504595520577601,0.02629064735304225,0.02679586403261525,0.026173228930296555,337.23692854963156,252.00318326624765,289988.391461,7623.98253637712,113728.7459775893,44.35682795407495,224.1379320471254,30,0,official,2026-06-13T16:26:53
challenger_metrics_scoring,ETS Explicit,NAM-MSIT,7,4.0123275308606035,1.0174334024877851,0.01807050454190809,0.017828931584878582,0.018090068213325698,226.67429605703435,-173.78552366567783,294524.38460799993,5322.204229761548,51381.236492952055,44.21543512941136,222.7903030338693,30,0,official,2026-06-13T16:26:53
challenger_metrics_scoring,ETS Explicit,NAM-MSIT,8,3.002096366849418,0.6466518446466288,0.012803880646052996,0.012764781112255177,0.01286142372858173,143.14985977283672,-131.7331440501456,308655.97944500006,3951.9943215043677,20491.882352982815,43.880384888641785,221.37083649867694,30,0,official,2026-06-13T16:26:53
challenger_metrics_scoring,ETS Explicit,NAM-MSIT,9,1.5407556949322982,0.3344689121250072,0.0064845216806016645,0.0064910864606408545,0.006465777104143376,73.57846029074587,67.07211994488365,310302.547737,2012.1635983465094,5413.789818756867,43.53196302664378,219.9859467454663,30,0,official,2026-06-13T16:26:53
challenger_metrics_scoring,ETS Explicit,NAM-MSIT,10,4.936181585391364,1.1503222157338064,0.019961199459731252,0.019777909632285245,0.020053036226037727,251.48534542881288,-212.7616882353362,319762.8809800001,6382.850647060086,63244.87896544934,43.10248408709369,218.62165399317,30,0,official,2026-06-13T16:26:53
challenger_metrics_scoring,ETS Explicit,NAM-MSIT,11,2.810958794051903,0.6335756617829743,0.010936363966122188,0.010909369501348734,0.010987426328940482,137.66772564239585,-118.06082900417302,330187.02543700003,3611.045487070278,18952.40268354998,42.82104140304237,217.2869539448198,30,0,official,2026-06-13T16:26:53
challenger_metrics_scoring,ETS Explicit,NAM-MSIT,12,8.750306310238292,2.0324316842295143,0.03293289409197092,0.03247502239267115,0.03321618086027799,439.05474986820275,-370.7353841503406,339828.38755,11191.532296629399,192769.07338183007,42.63291630349271,216.02435805100455,30,0,official,2026-06-13T16:26:53
challenger_metrics_scoring,ETS Explicit,NAM-Multitenant,1,2.900541101118333,0.971260506006965,0.00381877723316427,0.0038249721748635818,0.003824017286606328,10481.310546065697,-2492.098392752465,63912922.82564401,244069.21459155437,109857870.763068,2804.8699200464243,10791.451398715202,30,0,official,2026-06-13T16:26:53
challenger_metrics_scoring,ETS Explicit,NAM-Multitenant,2,2.396800581460564,0.8167842620899552,0.003128216239791137,0.003131214741262721,0.0031290669397657,8783.63227074028,963.9338406327956,64975567.425569,203257.62521030894,77152195.86759005,2826.79094209342,10753.919582467308,30,0,official,2026-06-13T16:26:53
challenger_metrics_scoring,ETS Explicit,NAM-Multitenant,3,13.878525324208367,4.127901263794726,0.01763713255012247,0.017535098982818142,0.01772878162383611,44189.48940188357,-39413.597736524294,67131698.603343,1184010.666582032,1952710973.5991805,2843.7475378279987,10705.074220031307,30,0,official,2026-06-13T16:26:53
challenger_metrics_scoring,ETS Explicit,NAM-Multitenant,4,21.47379096322223,15.49154288623668,0.02743282553532775,0.03449308101706832,0.02991096210082419,165264.83769866815,37133.866067724506,67470310.47917002,1850901.256189467,27312466579.567127,2873.116751733112,10668.068307482543,30,0,official,2026-06-13T16:26:53
challenger_metrics_scoring,ETS Explicit,NAM-Multitenant,5,243.48548071879452,48.44306374319541,0.3553457412121965,0.3419671413301483,0.4214267203299262,859608.0488365602,-811190.4062080773,68487194.999564,24336633.07066431,738925997624.598,3331.7021612979456,17744.708579818212,30,0,official,2026-06-13T16:26:53
challenger_metrics_scoring,ETS Explicit,NAM-Multitenant,6,5.2429698058070215,1.2010368227307464,0.00797222235932231,0.007972145436527626,0.007970742191082392,23521.213594954275,-535.3279208692101,75020997.043148,598084.0700460374,553247488.9794619,3802.450978474134,19584.0903041383,30,0,official,2026-06-13T16:26:53
challenger_metrics_scoring,ETS Explicit,NAM-Multitenant,7,4.72901714870649,1.2050555596301533,0.007206606555377083,0.007160733051811277,0.007198817523768349,23553.446909994815,-12306.060889483973,76710073.58810298,552819.3191834814,554764861.3419442,3896.6470325635705,19545.527774025344,30,0,official,2026-06-13T16:26:53
challenger_metrics_scoring,ETS Explicit,NAM-Multitenant,8,6.733383817685903,1.6073805843589377,0.010295378271515335,0.010297537262401724,0.010321277788875623,31434.913509464877,-14326.066247068702,78907401.601202,812381.5479067494,988153787.3475375,4021.660678112286,19556.608942120503,30,0,official,2026-06-13T16:26:53
challenger_metrics_scoring,ETS Explicit,NAM-Multitenant,9,2.7955221133991675,0.7153995204315596,0.004247437657066836,0.004231142471921649,0.00424444783184116,13975.495876184254,-11461.96089016907,80956768.401995,343858.8267050721,195314484.98524305,4100.114549346953,19535.23238001842,30,0,official,2026-06-13T16:26:53
challenger_metrics_scoring,ETS Explicit,NAM-Multitenant,10,3.3356767314225446,0.8373440865008974,0.004974471690727642,0.004971348113555913,0.004974775657400066,16259.901182310869,-3729.2712164613727,82110145.26311502,408454.5931329001,264384386.4585144,4081.6764335024864,19418.422419698356,30,0,official,2026-06-13T16:26:53
challenger_metrics_scoring,ETS Explicit,NAM-Multitenant,11,18.704837681269357,4.072546163806538,0.027494753303420317,0.02745425823556254,0.027851931660367424,78745.83435326435,-77122.46925193154,84218068.471854,2315555.016324186,6200906427.991747,4126.481529861008,19335.774521868643,30,0,official,2026-06-13T16:26:53
challenger_metrics_scoring,ETS Explicit,NAM-Multitenant,12,1.8691264720557934,0.4811158087978663,0.0027072289099580402,0.002701064857309293,0.002703795417228555,9278.84843921883,-3003.2101675085723,85664310.891847,231912.89899804164,86097028.3579937,4135.851737255067,19286.101744200223,30,0,official,2026-06-13T16:26:53
challenger_metrics_scoring,ETS Explicit,NAM-SDF,1,1.4961388505402644,0.4616527461741999,0.06097788858528079,0.061848300773455614,0.05953493301889011,133.2111937208365,119.5514442319031,58817.112402,3586.543326957093,17745.222132530227,79.90665050154428,288.5528025659586,30,0,official,2026-06-13T16:26:53
challenger_metrics_scoring,ETS Explicit,NAM-SDF,2,1.0712058823832022,0.31607020973888866,0.04335962903326223,0.04354810292062884,0.042871510081261076,90.56698383788138,51.23594342560478,58531.67987900001,2537.9119262470995,8202.378561491067,78.97367406163454,286.54071483896064,30,0,official,2026-06-13T16:26:53
challenger_metrics_scoring,ETS Explicit,NAM-SDF,3,3.924078458318015,2.563320155527239,0.19080770762710397,31.1828756763525,0.30471221188809616,729.4980906642153,295.0812992367684,48239.84063899999,9204.533408624398,532167.4642827356,78.18849280067448,284.591095299279,30,0,official,2026-06-13T16:26:53
challenger_metrics_scoring,ETS Explicit,NAM-SDF,4,3.6122830551444434,2.1235352878503515,0.16053871252630533,1.0893792283101513,0.2330062381503967,609.2260400027997,151.5153865219386,53247.077673,8548.217295411598,371156.36781749286,78.88102127210684,286.8923551628461,30,0,official,2026-06-13T16:26:53
challenger_metrics_scoring,ETS Explicit,NAM-SDF,5,1.8144268175342495,0.5254130849448243,0.06506348522184016,0.06461818136849251,0.06698477844198843,151.8594340122014,-144.7762473137272,66754.607513,4343.287419411816,23061.287698506156,79.79172591291044,289.02864881667114,30,0,official,2026-06-13T16:26:53
challenger_metrics_scoring,ETS Explicit,NAM-SDF,6,4.415034250168892,2.6289453230585016,0.16692420284686652,1.2406220380908057,0.2476647740313585,754.8133403281392,207.1786254681735,62586.159845,10447.144841373192,569743.1787373234,78.87552885139792,287.1164088913014,30,0,official,2026-06-13T16:26:53
challenger_metrics_scoring,ETS Explicit,NAM-SDF,7,1.7286989778327386,0.5394444770575475,0.052420000422973206,0.05156917426911216,0.0533398924581199,157.40582699313467,-138.13921945106813,79063.849129,4144.5270047840695,24776.59437139264,79.9161114404476,291.7924525832948,30,0,official,2026-06-13T16:26:53
challenger_metrics_scoring,ETS Explicit,NAM-SDF,8,4.373012074608893,2.2375161600082905,0.12932273900165464,0.3681415991634773,0.16717033469433332,648.6937951809185,38.40679855924891,80223.07982599999,10374.668414246702,420803.63990622346,79.08102574947021,289.91692072450326,30,0,official,2026-06-13T16:26:53
challenger_metrics_scoring,ETS Explicit,NAM-SDF,9,0.6366084070884689,0.20010442257006789,0.01794147031331318,0.018029860788866862,0.017815510615765633,58.89659196788194,51.133969799717384,85501.30324900002,1534.0190939915215,3468.808545431175,80.32248589612381,294.3292867365733,30,0,official,2026-06-13T16:26:53
challenger_metrics_scoring,ETS Explicit,NAM-SDF,10,5.453991537583682,3.1155325572846952,0.16187584642953315,0.9610364098899523,0.2344926039996693,911.2308881301373,224.09615928992577,80311.906344,13000.557817804392,830341.7314824387,79.45592219457993,292.4799761759863,30,0,official,2026-06-13T16:26:53
challenger_metrics_scoring,ETS Explicit,NAM-SDF,11,1.94266469354364,0.5408171365173889,0.05010866987836983,0.04995245659377725,0.05130450598855529,161.64731471185618,-157.14455936699284,94122.05400599999,4716.33093246075,26129.854353553874,80.92545852328962,298.8945870923946,30,0,official,2026-06-13T16:26:53
challenger_metrics_scoring,ETS Explicit,NAM-SDF,12,1.4557436077625483,0.4329490121906545,0.03759380031825134,0.03803896845376269,0.0376252070335225,128.6168765107789,25.85785110063319,93001.457793,3496.2782335763213,16542.300923388946,80.05709739299579,297.07164790606066,30,0,official,2026-06-13T16:26:53
challenger_metrics_scoring,ETS Explicit,NAM-TDF,1,0.7416431656758633,0.28161163432135394,0.01286211707475962,0.01352939953840928,0.013121167774592164,1.389175278505444,0.31669986533983446,1502.805974,19.329266378236163,1.9298079544106779,0.8687586012976695,4.932947041954318,30,0,official,2026-06-13T16:26:53
challenger_metrics_scoring,ETS Explicit,NAM-TDF,2,0.5606669632328729,0.12120838171032387,0.009269791097692366,0.009283675967756023,0.009255070992980239,0.5926942159879585,0.14639581521970774,1562.061864,14.479987160951943,0.35128643366558077,0.8608786861906161,4.889878138992396,30,0,official,2026-06-13T16:26:53
challenger_metrics_scoring,ETS Explicit,NAM-TDF,3,12.124132972827132,4.462867789814932,0.23467666258123773,18.540796917961092,0.34909741612001177,21.618647894769502,10.271871233120493,1313.109423,308.1561369936148,467.3659367980218,0.847225220652234,4.8441156926286615,30,0,official,2026-06-13T16:26:53
challenger_metrics_scoring,ETS Explicit,NAM-TDF,4,11.452353667830181,3.519768232846375,0.27732396498835676,2.573819603828904,0.3406758136962686,18.051177532697086,10.31253714375412,1115.5765580000002,309.3761143126236,325.845010316948,0.9004731641079318,5.128513111813448,30,0,official,2026-06-13T16:26:53
challenger_metrics_scoring,ETS Explicit,NAM-TDF,5,0.8620628567318,0.17647268493154142,0.019312219944080836,0.01919025241855152,0.019421722696032588,0.9406892023214419,-0.8386214987219368,1302.731899,25.158644961658105,0.8848961753641507,0.9728078320196596,5.330508813227164,30,0,official,2026-06-13T16:26:53
challenger_metrics_scoring,ETS Explicit,NAM-TDF,6,7.394720601398495,2.825910215026635,0.17516166725318932,1.1774262712766301,0.25316206269983005,14.930020271998272,4.8793544302320955,1212.7705540000002,212.4309122342141,222.90550532227934,0.9575791689097716,5.283260661506032,30,0,official,2026-06-13T16:26:53
challenger_metrics_scoring,ETS Explicit,NAM-TDF,7,1.2470225730369027,0.25293021222511197,0.029447466487868022,0.029504827276296223,0.029556159331845515,1.3735978521022565,-0.3145209168155515,1264.5843519999999,37.2388053266023,1.8867710592999325,0.995405807181014,5.430738542534145,30,0,official,2026-06-13T16:26:53
challenger_metrics_scoring,ETS Explicit,NAM-TDF,8,4.640423452227467,2.1298122140526843,0.12650004652706115,1.4068347063732178,0.185548883769503,11.467971506314727,4.486606226324948,1081.2229489999997,136.77475335462623,131.51437046964648,0.9824875880596088,5.3844988918027905,30,0,official,2026-06-13T16:26:53
challenger_metrics_scoring,ETS Explicit,NAM-TDF,9,0.6648767165823287,0.16160978418200733,0.017035932276134803,0.016956335293449146,0.017023982009075917,0.8830415598209839,-0.25333687650666786,1183.7470660000001,20.166234848449278,0.7797623963710761,1.0110262722644252,5.464035264266483,30,0,official,2026-06-13T16:26:53
challenger_metrics_scoring,ETS Explicit,NAM-TDF,10,4.5043017893391175,1.9472073680724487,0.12506982568131733,0.3811601379805349,0.16772443907061058,10.552252285599373,4.134705049987,1079.1373589999998,134.96752137632714,111.35002829893719,0.9988046071555514,5.419172327827162,30,0,official,2026-06-13T16:26:53
challenger_metrics_scoring,ETS Explicit,NAM-TDF,11,1.5247312823875854,0.43146427720434044,0.037367041912125476,0.03559588712722949,0.03704117221134754,2.352693944499987,-1.5543773697949845,1249.0772630000001,46.67432243800398,5.535168796486909,1.020383569160602,5.4528128255349335,30,0,official,2026-06-13T16:26:53
challenger_metrics_scoring,ETS Explicit,NAM-TDF,12,1.4194562249736031,0.2932004382377342,0.03012382726514443,0.029919774706660865,0.030477312749709176,1.5861087070104807,-1.4298865138827956,1424.0088099999998,42.89659541648387,2.515740830454459,1.0073480877576104,5.409639619039125,30,0,official,2026-06-13T16:26:53
challenger_metrics_scoring,ETS Explicit,NOR-Go Local,1,2.7483077458799228,0.7062135890547113,0.0024380628602015614,0.0024367401331190624,0.0024301493482268193,43.92911185229562,23.705119918880822,356456.51464300003,869.0633896279924,1929.7668681314992,10.540588002815351,62.20371928993336,30,0,official,2026-06-13T16:26:53
challenger_metrics_scoring,ETS Explicit,NOR-Go Local,2,7.137773684167235,1.3742698248838616,0.006258696257312261,0.0062496073533551905,0.0062405969417312,84.82933494182618,31.430279420291786,358713.41275600006,2245.0782938636858,7196.016066672532,10.48449368670627,61.72684097825916,30,0,official,2026-06-13T16:26:53
challenger_metrics_scoring,ETS Explicit,NOR-Go Local,3,17.229586374791175,4.176055537959237,0.014962262962093156,0.015127450505232195,0.014902262197776905,256.06115202294404,179.97163046035135,363500.72746900003,5438.793471303337,65567.31357531727,10.522197792012202,61.31651020811771,30,0,official,2026-06-13T16:26:53
challenger_metrics_scoring,ETS Explicit,NOR-Go Local,4,22.398098736616525,6.496271630237868,0.019300079088636363,0.01851960820967822,0.019000445893012287,396.3466028597904,-189.82914508358783,367466.14399700006,7092.12564153834,157090.6295984964,10.554654251291572,61.01139629305767,30,0,official,2026-06-13T16:26:53
challenger_metrics_scoring,ETS Explicit,NOR-Go Local,5,418.31305404155967,91.2066870902316,0.26421878370313284,0.23788625178400621,0.28484720948446524,5604.082548614433,-4621.387035182051,524771.057063,138654.37041979318,31405741.211684838,11.048692606344671,61.443768295961284,30,0,official,2026-06-13T16:26:53
challenger_metrics_scoring,ETS Explicit,NOR-Go Local,6,182.48501197734166,43.6443454192689,0.12529048018645614,0.1247118157949015,0.11512476334386669,3264.929747807682,2805.1618297226405,671677.9660070002,84154.85489167922,10659766.258119533,15.372012196108166,74.8076232199881,30,0,official,2026-06-13T16:26:53
challenger_metrics_scoring,ETS Explicit,NOR-Go Local,7,10.257239578752563,2.367962547792245,0.007016292981974875,0.007007083870197478,0.006977239735572119,176.37384797750278,159.4737774564944,681871.9423469999,4784.213323694832,31107.734250391262,15.547436152981897,74.48337734139581,30,0,official,2026-06-13T16:26:53
challenger_metrics_scoring,ETS Explicit,NOR-Go Local,8,5.681740168550446,1.4081590250211546,0.003820523152506766,0.003816258635869039,0.0038060406985504225,104.14341134294418,87.72728251146994,688863.3755870002,2631.8184753440983,10845.850126145673,15.44021372132745,73.95713800249204,30,0,official,2026-06-13T16:26:53
challenger_metrics_scoring,ETS Explicit,NOR-Go Local,9,7.738422191199898,1.9626192831028648,0.00515249055707364,0.005147914719959941,0.00516757590645661,144.13519086655683,-118.53248591900471,690146.743246,3555.9745775701413,20774.953246138768,15.317397137338846,73.44021945951829,30,0,official,2026-06-13T16:26:53
challenger_metrics_scoring,ETS Explicit,NOR-Go Local,10,3.4067032781418924,0.8605258300328139,0.0022355617253513914,0.0022322944344780583,0.002235869632000807,62.75802368909011,-45.309531246124,693305.283367,1549.9267554791659,3938.5695373603953,15.165460847185354,72.92985462934564,30,0,official,2026-06-13T16:26:53
challenger_metrics_scoring,ETS Explicit,NOR-Go Local,11,6.784473576139161,1.4844996920657783,0.004425979281180992,0.004427188779016336,0.004438056642932042,107.53515495700007,-102.27062171417819,693206.736071,3068.118651425346,11563.809551626018,15.07421623305626,72.43865090154237,30,0,official,2026-06-13T16:26:53
challenger_metrics_scoring,ETS Explicit,NOR-Go Local,12,5.183641484961581,1.5360786254151113,0.0033568882642918815,0.0033485004479214975,0.0033599121309008943,110.52450195362655,-74.66196125372286,692507.5429230001,2324.6704437718254,12215.665532097199,14.948760445181229,71.95237283101852,30,0,official,2026-06-13T16:26:53
challenger_metrics_scoring,ETS Explicit,NZL-Go Local,6,3.220564175227976,1.213446065833493,0.00827821555262435,0.008054086905717834,0.008117828550199862,2.4025851782694785,-1.4541852125571941,6132.609256,50.76706132118724,5.772415538840182,0.5254468736842105,1.9799686577904794,30,0,official,2026-06-13T16:26:53
challenger_metrics_scoring,ETS Explicit,NZL-Go Local,7,6.43259040919728,1.8841720754406988,0.015688807481181666,0.015655181177113463,0.01552087785225424,3.6120652800790523,3.4333931226857004,6565.304201999999,103.00179368057101,13.047015587552563,0.533749687804878,1.9170570072450563,30,0,official,2026-06-13T16:26:53
challenger_metrics_scoring,ETS Explicit,NZL-Go Local,8,19.578982680945757,7.780028944283015,0.042165823869144435,0.0398954990400727,0.04150781833424225,14.446250340402203,-10.05816489382127,7333.504286,309.22325006709184,208.69414889757078,0.5264544045454543,1.8568376086849543,30,0,official,2026-06-13T16:26:53
challenger_metrics_scoring,ETS Explicit,NZL-Go Local,9,5.4255059083598765,1.856193218184295,0.011277169055688154,0.01115590311903958,0.011076085836833664,3.5730987813600534,3.1039821581328626,8330.402451,93.94335674184595,12.7670349013567,0.5771711021276594,1.924960584036189,30,0,official,2026-06-13T16:26:53
challenger_metrics_scoring,ETS Explicit,NZL-Go Local,10,3.126986635351895,1.2293796342319523,0.006072532703477828,0.005949260849049824,0.005961645323006482,2.3106979740226277,-0.35541146900049514,9148.232832,55.55294305134959,5.339325127152277,0.5921882579999999,1.8795642205885597,30,0,official,2026-06-13T16:26:53
challenger_metrics_scoring,ETS Explicit,NZL-Go Local,11,247.69419024602394,89.50981513005699,0.31213003521078475,0.29577194041272553,0.35613779707638016,166.5529240276432,-152.66868220806506,14673.565340000003,4580.060466241952,27739.876502157887,0.6163595603773583,1.8607224669791043,30,0,official,2026-06-13T16:26:53
challenger_metrics_scoring,ETS Explicit,NZL-Go Local,12,0.14942930758888484,0.05544322542074717,0.0002693801551830164,0.00026938015518301634,0.0002693325678036343,0.16895375047962571,0.14751269446866974,16428.01353,4.425380834060093,0.028545369801131624,0.9871737803571428,3.047329032491718,30,0,official,2026-06-13T16:26:53
challenger_metrics_scoring,ETS Explicit,POL-Go Local,1,182.63156899742444,53.926375521104504,0.2276288647254074,0.18942149234102887,0.22666110373370907,452.73884273465694,-316.76167591654274,42134.48465200001,9591.024907124864,204972.45972071643,1.750523373327664,8.395499203492252,30,0,official,2026-06-13T16:26:53
challenger_metrics_scoring,ETS Explicit,POL-Go Local,2,241.17661125763152,67.45108904383868,0.2746962858752876,0.2646109114163612,0.22431192560913085,852.8114151856173,712.6940318002569,77834.401313,21380.820954007708,727287.3098708953,2.955071091196888,12.643404684412838,30,0,official,2026-06-13T16:26:53
challenger_metrics_scoring,ETS Explicit,POL-Go Local,3,305.0740534927118,92.47739131782954,0.26927342416841504,0.2509127166950317,0.29621301995738375,1229.104162680998,-1076.9899000802163,119988.43592599999,32309.697002406487,1510697.0427197567,3.530257285895162,13.29086109767921,30,0,official,2026-06-13T16:26:53
challenger_metrics_scoring,ETS Explicit,POL-Go Local,4,251.79645946790336,105.82527580793403,0.19884048469211338,0.16178855912219134,0.1898853712073079,2044.4807962712023,-1441.1990811011271,217440.49004899999,43235.972433033814,4179901.726321729,5.723666981444739,19.319399648736105,30,0,official,2026-06-13T16:26:53
challenger_metrics_scoring,ETS Explicit,POL-Go Local,5,594.87607282462,164.01116583600643,0.5082833871473975,0.4925426841549424,0.7014361902751751,7190.0755326227045,-6547.139292824348,386426.51668600005,196414.17878473044,51697186.16481967,11.005887767072052,43.83893923302764,30,0,official,2026-06-13T16:26:53
challenger_metrics_scoring,ETS Explicit,POL-Go Local,6,23.228035144631374,6.698893661875113,0.02453061768050648,0.024619835126885946,0.02422982574332064,382.670572376989,335.2398458575561,409985.41115899995,10057.195375726682,146436.76696333237,14.432552894386294,57.124443481593374,30,0,official,2026-06-13T16:26:53
challenger_metrics_scoring,ETS Explicit,POL-Go Local,7,72.79424194379962,22.443402207864803,0.0778310569591604,0.07775438236220224,0.07383197517832958,1282.3980730210926,1091.7720748690865,421303.43164399994,32790.4913853739,1644544.8176882118,15.015148867905246,57.139201139999365,30,0,official,2026-06-13T16:26:53
challenger_metrics_scoring,ETS Explicit,POL-Go Local,8,1.41508034104955,0.42052377287532283,0.0014805221215687854,0.0014792688628913087,0.0014806773239579266,23.72990917667893,-20.52711278256229,423546.029136,627.0692656384654,563.1085895334309,14.771111044559133,56.4294118604191,30,0,official,2026-06-13T16:26:53
challenger_metrics_scoring,ETS Explicit,POL-Go Local,9,2.8879699331088857,1.0198555323473582,0.0029730777883418577,0.002987579424343215,0.0029793882737671885,56.7714032531735,38.47170042572725,421004.6326819998,1251.6795222158762,3222.9922273344387,14.447051633814958,55.66612275221489,30,0,official,2026-06-13T16:26:53
challenger_metrics_scoring,ETS Explicit,POL-Go Local,10,17.030648742725106,5.514744789551335,0.017776393103233715,0.017968346244245873,0.017719147126545917,303.0641629806765,242.739676465505,409704.83471499995,7283.074198189233,91847.88688317804,14.254838063250148,54.955247168442945,30,0,official,2026-06-13T16:26:53
challenger_metrics_scoring,ETS Explicit,POL-Go Local,11,1.1190307735067757,0.3740614062249774,0.0011996128559943263,0.001200502858024561,0.0012016654335799395,20.336626999186773,-16.03065706311445,400895.763571,480.9197118934335,413.57839770405246,14.325483661971324,54.36708160947085,30,0,official,2026-06-13T16:26:53
challenger_metrics_scoring,ETS Explicit,POL-Go Local,12,4.062055337436335,1.324864636399407,0.004280806200945086,0.0042777851999721735,0.004292043962841631,71.13038870115466,-57.067931862633124,399933.5348329999,1712.0379558789937,5059.532196777351,14.049028662088618,53.68879713965811,30,0,official,2026-06-13T16:26:53
challenger_metrics_scoring,ETS Explicit,QAT-Go Local,1,7.6907879630777725,2.3889571169606585,0.008587295924154931,0.00850065133612901,0.008559524299851812,64.56607799563594,-50.472531697773775,176660.63955000002,1517.0371899663187,4168.778427738543,6.575126836805143,27.026888652476057,30,0,official,2026-06-13T16:26:53
challenger_metrics_scoring,ETS Explicit,QAT-Go Local,2,19.256673569914803,4.937148317786743,0.02130222818773567,0.02133868148490563,0.02109740190133192,131.80717318556512,127.47657206047145,179525.68755300003,3824.2971618141437,17373.13090316956,6.619864619797648,26.69702522622462,30,0,official,2026-06-13T16:26:53
challenger_metrics_scoring,ETS Explicit,QAT-Go Local,3,8.452273870039102,2.5869466114263977,0.009192020689881644,0.009149529155689102,0.009089531338215055,68.54176990709215,56.728232747146436,185753.65329600003,1707.4514243179337,4697.974221996762,6.733696559337962,26.495239447287776,30,0,official,2026-06-13T16:26:53
challenger_metrics_scoring,ETS Explicit,QAT-Go Local,4,6.058951279695901,4.993822533593564,0.0063804140115531,0.0067008604690724505,0.006464983087632448,130.6790689618419,40.633446216920284,191053.96363,1219.0033865076084,17077.019064733828,6.706349719808224,26.16814435890756,30,0,official,2026-06-13T16:26:53
challenger_metrics_scoring,ETS Explicit,QAT-Go Local,5,715.9755219353582,173.68007763249653,0.7930795668784743,0.7852133575068022,1.4545657160230772,5566.002532951389,-5202.18285037986,196784.14629399995,156065.4855113958,30980384.19682128,7.265866906060985,32.047443833649915,30,16,official,2026-06-13T16:26:53
challenger_metrics_scoring,ETS Explicit,QAT-Go Local,6,3.3397869276278223,0.8889580328413592,0.0038114842575100454,0.003789960341511215,0.00379939777813636,29.969418023920547,-26.11268595292434,205531.63168499997,783.3805785877303,898.1660166924937,7.818668232069407,33.712972847694374,30,0,official,2026-06-13T16:26:53
challenger_metrics_scoring,ETS Explicit,QAT-Go Local,7,1.283938773906897,0.37268742858866255,0.0014215337120562857,0.0014218709761711524,0.0014203481902942447,12.422499893751851,9.395762282348398,212178.91261399997,301.61947726824565,154.31850361026474,7.830577890419905,33.332221429616936,30,0,official,2026-06-13T16:26:53
challenger_metrics_scoring,ETS Explicit,QAT-Go Local,8,0.6490214591377341,0.188583670937782,0.0006949352065523116,0.000692336429536659,0.000692092818966245,6.216248025571861,2.5138218377566774,219172.66126199998,152.3107986247278,38.64173951542606,7.822586679290095,32.96281165097662,30,0,official,2026-06-13T16:26:53
challenger_metrics_scoring,ETS Explicit,QAT-Go Local,9,0.6435002713029282,0.1878004729028178,0.0006676796211214542,0.0006673841750430339,0.0006676185298207301,6.122370343833744,-2.591698099629684,225784.019157,150.7513883660249,37.48341862705491,7.808926434006044,32.6003989723813,30,0,official,2026-06-13T16:26:53
challenger_metrics_scoring,ETS Explicit,QAT-Go Local,10,1.4786879115895932,0.3878273841675444,0.0014861154776876395,0.001485818054285668,0.0014871134068105618,12.509502359636274,-11.397277932612269,233001.895527,346.26772327323306,156.4876492857455,7.805742747996868,32.25533541549009,30,0,official,2026-06-13T16:26:53
challenger_metrics_scoring,ETS Explicit,QAT-Go Local,11,59.248410920479394,23.011940079292977,0.061423744320379656,0.0672025066313573,0.0618485543571263,734.7121592147704,462.57829391515105,225928.08320299996,13877.348817454531,539801.9568980301,7.807437984049956,31.927432310493998,30,0,official,2026-06-13T16:26:53
challenger_metrics_scoring,ETS Explicit,QAT-Go Local,12,68.1478776420311,21.98001503549295,0.09453768887769758,0.09527857280938022,0.1032467447473079,745.9801606198063,-590.0845174326677,187253.73692899998,17702.53552298003,556486.400038352,8.65888326753591,33.939019578249166,30,0,official,2026-06-13T16:26:53
challenger_metrics_scoring,ETS Explicit,SGP-Go Local,1,28.692761746870563,13.011718625704862,0.01580027431835183,0.015376665490408193,0.015606245616951538,40.286658071962535,-27.38129936678794,54738.043389000006,864.876101196045,1623.014818607224,1.00475526293128,3.096182697370629,30,0,official,2026-06-13T16:26:53
challenger_metrics_scoring,ETS Explicit,SGP-Go Local,2,21.954632815918202,8.643608025649732,0.01178355829519534,0.011677175657673856,0.011704296875845949,27.39208527703013,-2.1035336962086526,59622.730227,702.5679173485598,750.3263358240907,1.0666965270904205,3.169056856320262,30,0,official,2026-06-13T16:26:53
challenger_metrics_scoring,ETS Explicit,SGP-Go Local,3,14.11467560096521,5.62166251096096,0.007283275652316777,0.007259850626856958,0.007284271326342985,18.415940075441426,-9.384063547696117,66520.81245499999,484.48941372583204,339.14684886224956,1.1441741617561536,3.2758885898138748,30,0,official,2026-06-13T16:26:53
challenger_metrics_scoring,ETS Explicit,SGP-Go Local,6,24.873930368577977,2.1644588193523266,0.020720743312757122,0.02054389027125098,0.02078750016913344,68.92474312668622,-64.2000312698065,92950.378711,1926.0009380941951,4750.620215079679,2.5810167640779147,31.84386901262951,30,0,official,2026-06-13T16:26:53
challenger_metrics_scoring,ETS Explicit,SGP-Go Local,7,23.63705546505956,2.393149147025073,0.018647234746418027,0.018308053851325664,0.0185498255920725,75.75754933257218,-62.867544983461976,101264.65517600001,1888.3057965819476,5739.206280877107,2.662917411425255,31.656008329755156,30,0,official,2026-06-13T16:26:53
challenger_metrics_scoring,ETS Explicit,SGP-Go Local,8,17.947734035968534,1.7300511184614116,0.013390108525324232,0.01328037023991402,0.013386180133558466,54.47177265536346,-49.753810113822446,111471.41194499997,1492.6143034146735,2967.174016217602,2.772149955761116,31.485643443765355,30,0,official,2026-06-13T16:26:53
challenger_metrics_scoring,ETS Explicit,SGP-Go Local,9,45.37521248360159,4.66973726123522,0.03386758360435079,0.03386758360435078,0.033150319649126535,146.19493463853465,129.16442959088357,114414.21191999996,3874.9328877265075,21372.95891396542,2.846585669159413,31.306886546302984,30,0,official,2026-06-13T16:26:53
challenger_metrics_scoring,ETS Explicit,SGP-Go Local,10,36.44022667934976,3.727843794393778,0.026858337630865717,0.026858337630865706,0.026404737076149726,115.97485684867125,102.43251778389266,114414.21191999996,3072.9755335167797,13450.167421069787,2.810973671630312,31.110438968253785,30,0,official,2026-06-13T16:26:53
challenger_metrics_scoring,ETS Explicit,SGP-Go Local,11,31.064490155771665,3.1589870447871053,0.02261323966565632,0.02261323966565631,0.022290574808758748,97.66843573129881,86.24253317680503,114414.21191999996,2587.275995304151,9539.123338198848,2.776241706989081,30.917643645443,30,0,official,2026-06-13T16:26:53
challenger_metrics_scoring,ETS Explicit,SGP-Go Local,12,27.12207484212786,2.741601570163997,0.019502409414113703,0.019502409414113693,0.01926181461885841,84.24499896752815,74.37842678856691,114414.21191999996,2231.3528036570074,7097.219851038818,2.742357552713381,30.728388794469787,30,0,official,2026-06-13T16:26:53
challenger_metrics_scoring,ETS Explicit,SWE-Go Local,1,10.870332795687384,2.798158097664936,0.013419997020648292,0.013341130387709371,0.013439684869504653,290.13725482150903,-207.05888803754945,574357.058157,7707.870009255257,84179.62663536127,23.63579893436572,103.68865685739082,30,0,official,2026-06-13T16:26:53
challenger_metrics_scoring,ETS Explicit,SWE-Go Local,2,52.80829445756314,15.40848179229113,0.06051671507957461,0.05820391077004232,0.06098455963487221,1587.529519849552,-1241.587669530816,626715.8838470001,37926.78657861268,2520249.9763937485,23.939917626065807,103.02958729157817,30,0,official,2026-06-13T16:26:53
challenger_metrics_scoring,ETS Explicit,SWE-Go Local,3,54.27621974424779,15.199948831953236,0.058154978392458964,0.05686811939694439,0.05909183263369292,1599.277955064317,-1377.3449051897264,710521.236494,41320.347155691794,2557689.9775547036,25.37658134040733,105.21600912907846,30,0,official,2026-06-13T16:26:53
challenger_metrics_scoring,ETS Explicit,SWE-Go Local,4,96.6776782896024,33.60361891129091,0.09024533630782663,0.08286835225858943,0.08935607036682523,3558.679039028335,-2630.1800408906774,874343.2564490001,78905.40122672032,12664196.502819633,27.205659956084723,105.90166042600278,30,0,official,2026-06-13T16:26:53
challenger_metrics_scoring,ETS Explicit,SWE-Go Local,5,42.657196779883854,13.383704772779389,0.03898894486895086,0.03906005979239754,0.040074214148511915,1644.7779456142223,-1416.536207107707,1112888.957086,43390.36619309027,2705294.490378942,33.90624909632455,122.89406958224856,30,0,official,2026-06-13T16:26:53
challenger_metrics_scoring,ETS Explicit,SWE-Go Local,6,45.524685943013004,14.608471696951666,0.04418371019524934,0.04419852275436565,0.04295975838967276,1934.076127261806,1690.9113907206615,1148100.5442380002,50727.34172161984,3740650.4660440255,37.14273598366641,132.3941454919879,30,0,official,2026-06-13T16:26:53
challenger_metrics_scoring,ETS Explicit,SWE-Go Local,7,12.477887766276966,4.081985843041012,0.012089268968592552,0.012068983162381568,0.011974184451530102,539.3262335521908,470.21135592334906,1166848.1125160002,14106.340677700471,290872.78619759233,37.68356990629082,132.1234943701818,30,0,official,2026-06-13T16:26:53
challenger_metrics_scoring,ETS Explicit,SWE-Go Local,8,1.6255741791523841,0.6134550223378762,0.0015409538081693989,0.0015391792449960067,0.0015370980323983713,80.24849486466114,60.45654464653732,1176995.9162829998,1813.6963393961196,6439.820928043545,37.19088640917076,130.81398300210216,30,0,official,2026-06-13T16:26:53
challenger_metrics_scoring,ETS Explicit,SWE-Go Local,9,2.561018145725771,0.7564169709589729,0.0023913212123827642,0.002391752483974799,0.002388638619453724,97.98243642392111,93.85568675236718,1177453.948048,2815.6706025710155,9600.557847567743,36.64780232385635,129.5349525271764,30,0,official,2026-06-13T16:26:53
challenger_metrics_scoring,ETS Explicit,SWE-Go Local,10,2.818600538713832,0.9374425397579891,0.002576791451591221,0.002576397424048864,0.002577147011562869,120.26387565258284,-45.39226869492729,1184526.67497,3052.278210244469,14463.399786979908,36.09685218274157,128.2893303344547,30,0,official,2026-06-13T16:26:53
challenger_metrics_scoring,ETS Explicit,SWE-Go Local,11,103.36993411538849,31.26948550635893,0.10520745145834257,0.10714521572675466,0.10088023464872292,3976.2110588508867,3706.9265462728645,1057033.459576,111207.79638818593,15810254.38452809,35.86078077727072,127.15946535296492,30,0,official,2026-06-13T16:26:53
challenger_metrics_scoring,ETS Explicit,SWE-Go Local,12,6.777800735525352,2.436559389610546,0.007702594819509703,0.007718918262504925,0.007764082925279489,319.2576398684768,-260.01084527873485,1014106.3010469999,7811.249940876769,101925.44061439003,38.41585319327683,131.02805588478031,30,0,official,2026-06-13T16:26:53
challenger_metrics_scoring,ETS Explicit,TWN-Go Local,6,24.17462420689663,10.49211657430145,0.05839500707103007,0.05128182922949535,0.054058014596107935,35.32143373694714,-6.853378937165791,10838.673334000001,632.9244059795151,1247.6036812335476,0.8727118162729659,3.3664736268238413,30,0,official,2026-06-13T16:26:53
challenger_metrics_scoring,ETS Explicit,TWN-Go Local,7,30.941041638678684,7.212566449663651,0.07191868386436606,0.06982316440275392,0.06860885610055535,41.92344885839864,18.316302332670556,14464.464082999999,1040.2652196527545,1757.5755641827666,1.1206961849148422,5.812556341904301,30,0,official,2026-06-13T16:26:53
challenger_metrics_scoring,ETS Explicit,TWN-Go Local,8,99.5672498941635,27.417417058302256,0.1153312781041814,0.09714150367573476,0.1042115758820392,198.76563682018403,-151.72460007307237,39466.639727,4551.738002192171,39507.778380533295,1.5238404217687072,7.249612040314203,30,0,official,2026-06-13T16:26:53
challenger_metrics_scoring,ETS Explicit,TWN-Go Local,9,145.44446902174255,54.10595389133023,0.298282443421625,0.2979357873390116,0.24785145258579258,742.8889650753756,630.5281431252458,63415.88219800001,18915.844293757375,551884.0144307626,4.335181305732485,13.730262783416407,30,0,official,2026-06-13T16:26:53
challenger_metrics_scoring,ETS Explicit,TWN-Go Local,10,9.812605883784611,3.6145025989129036,0.02033527002653584,0.020171442977674977,0.02041676353756132,49.03867804908463,-44.79754986831396,66088.45096700001,1343.9264960494188,2404.791944801775,4.565306137724554,13.567199554326919,30,0,official,2026-06-13T16:26:53
challenger_metrics_scoring,ETS Explicit,TWN-Go Local,11,93.66806533172206,42.17803149902933,0.15973037445581423,0.14267262302837366,0.15988084114500137,558.4081249004547,-367.3955680933632,80562.92697,12868.346492174514,311819.6339548419,4.579414355932206,13.239312150290981,30,0,official,2026-06-13T16:26:53
challenger_metrics_scoring,ETS Explicit,TWN-Go Local,12,2.1391994321000016e-05,7.527094363611518e-06,4.501441863453834e-08,4.501441863453834e-08,4.5014417283495144e-08,0.00016567652005218726,0.0001434706240312759,95616.44582999998,0.004304118720938277,2.7448709296602807e-08,6.706743741532979,22.010687265078374,30,0,official,2026-06-13T16:26:53
challenger_metrics_scoring,ETS Explicit,ZAF-Go Local,1,3.352069626267685,1.2232879202160474,0.002178672275430726,0.002182538224430476,0.002179625030640414,120.13626429067733,108.66014462953439,1496234.3697339997,3259.8043388860315,14432.721997719475,32.415837600163606,98.2076764638204,30,0,official,2026-06-13T16:26:53
challenger_metrics_scoring,ETS Explicit,ZAF-Go Local,2,1.4382980832083958,0.7143568816878889,0.0009193591143019131,0.0009148797915865603,0.0009156554231733439,69.77914260550367,-22.682761970084055,1522194.1913240005,1399.44310353115,4869.128742759217,32.43284823614651,97.6810672567875,30,0,official,2026-06-13T16:26:53
challenger_metrics_scoring,ETS Explicit,ZAF-Go Local,3,3.0153924677658264,1.248681954608055,0.0018928787867199363,0.0018895609573883398,0.0018881392406688905,121.28677031204863,26.409720963779062,1549438.4002600003,2932.8990791814285,14710.48065272764,32.42141899751313,97.13183558428132,30,0,official,2026-06-13T16:26:53
challenger_metrics_scoring,ETS Explicit,ZAF-Go Local,6,9.156080191571704,0.6669936616357001,0.010098123573508935,0.010080589737129277,0.010135403342607884,578.9692125319873,-558.1921640479195,1658304.6146680003,16745.764921437585,335205.34905990947,60.964097339573655,868.028057586265,30,0,official,2026-06-13T16:26:53
challenger_metrics_scoring,ETS Explicit,ZAF-Go Local,7,7.273508551206336,0.6027912306785909,0.007923008557021329,0.00792941179923241,0.007886149766179457,519.8392279749476,437.147723905903,1672735.0915249998,13253.09444378243,270232.82294158946,60.73682483256015,862.3868455912002,30,0,official,2026-06-13T16:26:53
challenger_metrics_scoring,ETS Explicit,ZAF-Go Local,8,15.394386008770814,1.2354353044273334,0.016775296009168394,0.016827587043528772,0.01664425920256475,1058.5713792172605,926.0603539074298,1656114.4794130002,27781.810617222895,1120573.3648979333,60.15571867431511,856.8408037424061,30,0,official,2026-06-13T16:26:53
challenger_metrics_scoring,ETS Explicit,ZAF-Go Local,9,3.649251685825696,0.2898526309290361,0.003963198879243463,0.0039709263071732535,0.003960934803270494,246.7831547442709,211.93922074173074,1651712.0756700002,6546.063447128239,60901.92546553475,59.79366009524862,851.4090555372264,30,0,official,2026-06-13T16:26:53
challenger_metrics_scoring,ETS Explicit,ZAF-Go Local,10,12.428757502175458,0.943982415331299,0.01304848701156213,0.01300244178833512,0.013101394406721928,798.6864892194722,-739.4621808795722,1700110.1665450002,22183.865426387165,637900.1080617261,59.4960663405124,846.0819568754001,30,0,official,2026-06-13T16:26:53
challenger_metrics_scoring,ETS Explicit,ZAF-Go Local,11,9.90411104145708,0.7707428905083614,0.01010316797749957,0.010066619425384664,0.010127948496044951,648.0967536321392,-589.6648660986423,1750930.601407,17689.945982959267,420029.4020685178,59.53738438819963,840.8728275192677,30,0,official,2026-06-13T16:26:53
challenger_metrics_scoring,ETS Explicit,ZAF-Go Local,12,2.3074471054501804,0.19813463368943918,0.002310381307853885,0.002315235712849856,0.002312589197400611,165.59123060383328,56.378134163035426,1780941.344821,4114.653593458599,27420.45565289189,59.4402010160898,835.7510623982317,30,0,official,2026-06-13T16:26:53
challenger_metrics_scoring,FastNeuralAR_MLP,APC-Dedicated,1,1096.9233094437066,93.93032863564011,0.9400581703000105,0.953741022528415,0.5994723159253416,2457.2019902183492,2134.498965456329,68118.092036,64034.96896368988,6037841.620733016,1.945896260093897,26.159835975342364,30,0,official,2026-06-13T16:26:53
challenger_metrics_scoring,FastNeuralAR_MLP,APC-Dedicated,2,845.8505199002553,77.33935993547145,0.9728946084765617,1.1324088810953996,0.6311444346304239,2025.2449413281506,1732.8011378150309,53432.33859200001,51984.03413445093,4101617.0723752645,2.0485902615740743,26.18647145538734,30,0,official,2026-06-13T16:26:53
challenger_metrics_scoring,FastNeuralAR_MLP,APC-Dedicated,3,251.03408369395075,27.75985099505275,0.47426987387549024,0.47489249415743445,0.7487612340979504,737.4193924382328,-526.5621932895214,38390.809613,18207.604433135468,543787.3603439723,2.417680256164384,26.564241737812377,30,0,official,2026-06-13T16:26:53
challenger_metrics_scoring,FastNeuralAR_MLP,APC-Dedicated,4,418.43859145888683,38.440855857949536,0.7846179031333403,0.7847200239409158,1.309619516317675,1014.3525596788566,-1007.7310563488663,38530.769652,30231.93169046599,1028911.1153270483,2.4083128968468475,26.3873562916287,30,0,official,2026-06-13T16:26:53
challenger_metrics_scoring,FastNeuralAR_MLP,APC-Dedicated,5,428.0239960023949,39.182395635981294,0.7877693654471855,0.787831199967506,1.318907132593299,1027.009905643457,-1020.0333138940914,38845.12493,30600.999416822742,1054749.3462897823,2.383121795555556,26.211003410428308,30,0,official,2026-06-13T16:26:53
challenger_metrics_scoring,FastNeuralAR_MLP,APC-Dedicated,6,437.53159112266707,39.89655542803659,0.7884663460839603,0.7885000999250433,1.3219868756669153,1038.8287298987088,-1031.266317361555,39238.18648,30937.989520846648,1079165.1300629647,2.357009958333334,26.03805563546698,30,0,official,2026-06-13T16:26:53
challenger_metrics_scoring,FastNeuralAR_MLP,APC-Dedicated,7,444.4559432045833,40.385911888221415,0.7845024523162566,0.7845191501847701,1.3121725992737394,1044.7224025946466,-1036.5518398004017,39638.56977400001,31096.555194012053,1091444.8984831308,2.332181300865801,25.868486156414875,30,0,official,2026-06-13T16:26:53
challenger_metrics_scoring,FastNeuralAR_MLP,APC-Dedicated,8,453.33905209375047,41.06748727310289,0.7853958980429973,0.7853822221567196,1.316246359034566,1055.5253925505308,-1046.5201275764018,39974.23962300001,31395.603827292056,1114133.8543189522,2.308471160256411,25.70221512534189,30,0,official,2026-06-13T16:26:53
challenger_metrics_scoring,FastNeuralAR_MLP,APC-Dedicated,9,395.8222448660121,37.79089995677233,0.7903888379707151,0.9395250664085035,1.2466886128754344,965.16022049163,-858.201959438682,34372.12980999999,27167.34773910447,931534.2512194518,2.2878407409282717,25.539487590812673,30,0,official,2026-06-13T16:26:53
challenger_metrics_scoring,FastNeuralAR_MLP,APC-Dedicated,10,90.41219008806164,10.787318586852113,5.130731424734725,7.06456845266232,1.2930280187377106,293.0860998697202,252.19340195496682,1474.6049699999999,7565.802058649005,85899.4619368436,2.789373885416668,27.16950440556579,30,0,official,2026-06-13T16:26:53
challenger_metrics_scoring,FastNeuralAR_MLP,APC-Dedicated,11,188.38787122771004,19.46262532500425,18.37111808620501,18.37438864195283,1.8014587494375789,525.5434971070639,522.5120668793778,853.261186,15675.362006381336,276195.96735152253,2.773597172016461,27.002703300868745,30,0,official,2026-06-13T16:26:53
challenger_metrics_scoring,FastNeuralAR_MLP,APC-Dedicated,12,185.5427010828507,19.051045228417575,17.635530317156242,17.641113260811938,1.7940483979358322,511.28333411600397,508.36892873080626,864.7921320000003,15251.067861924188,261410.64774477735,2.7399025979674803,26.837547650842065,30,0,official,2026-06-13T16:26:53
challenger_metrics_scoring,FastNeuralAR_MLP,APC-MSIT,1,85.54777306409933,14.13022034152295,0.5940957865704223,0.5924057863437151,0.8999392082686238,1718.8510636226008,-1630.0334650341583,82311.64915900002,48901.00395102475,2954448.978916546,19.054072439884614,121.64361362232965,30,0,official,2026-06-13T16:26:53
challenger_metrics_scoring,FastNeuralAR_MLP,APC-MSIT,2,77.19745505850433,12.83484920503599,0.572847394626961,0.5734424254569922,0.8699997114447702,1550.482706810058,-1455.5868939331315,76229.03975400001,43667.60681799395,2403996.6241170447,18.855374090117483,120.80256511324632,30,0,official,2026-06-13T16:26:53
challenger_metrics_scoring,FastNeuralAR_MLP,APC-MSIT,3,68.9795214064922,12.03551142389678,0.5381108054727918,0.5294242937841883,0.8037690879123931,1444.0812292749533,-1291.4533626689772,71999.299189,38743.600880069316,2085370.5967442603,18.722272006767337,119.98503249373329,30,0,official,2026-06-13T16:26:53
challenger_metrics_scoring,FastNeuralAR_MLP,APC-MSIT,4,59.663462994573834,10.573584842325939,0.4988059204321989,0.48799933092628733,0.7198622016497676,1260.235264825602,-1065.188910897979,66749.627101,33295.109184620356,1588192.9227100553,18.60161842971827,119.18713318314663,30,0,official,2026-06-13T16:26:53
challenger_metrics_scoring,FastNeuralAR_MLP,APC-MSIT,5,54.63884486552742,9.388897961863137,0.4629521519424728,0.46610143567003015,0.6584677831897564,1135.2354891643606,-1048.6505139077249,67954.140153,31459.51541723175,1288759.615858245,19.192399042999103,120.91253880653358,30,0,official,2026-06-13T16:26:53
challenger_metrics_scoring,FastNeuralAR_MLP,APC-MSIT,6,56.95272846207194,10.013939771799597,0.4794561951697541,0.4773887309242848,0.6915263772186125,1202.9345233310855,-1083.3444174854144,67785.822463,32500.33252456243,1447051.4674217862,19.02181768529097,120.12599943118163,30,0,official,2026-06-13T16:26:53
challenger_metrics_scoring,FastNeuralAR_MLP,APC-MSIT,7,55.032786011898956,9.624093252357701,0.46603587761884135,0.4659372862366011,0.6689307540470991,1148.6064791868987,-1036.211796671539,66703.778385,31086.353900146176,1319296.8440301237,18.828990348544117,119.34698148373762,30,0,official,2026-06-13T16:26:53
challenger_metrics_scoring,FastNeuralAR_MLP,APC-MSIT,8,56.7187496658472,9.72987937117797,0.46748258548864685,0.4680954221175387,0.6649831793442359,1153.7716424724083,-1055.0600197000867,67706.908393,31651.800591002604,1331189.0029734788,18.601609272345858,118.58026173378182,30,0,official,2026-06-13T16:26:53
challenger_metrics_scoring,FastNeuralAR_MLP,APC-MSIT,9,57.78635039058132,9.973746548098672,0.47316635877563634,0.4726149662633206,0.6795734681783612,1175.2167339511534,-1064.1316657533844,67468.76522500001,31923.94997260153,1381134.3717588158,18.414931182897973,117.83102049802825,30,0,official,2026-06-13T16:26:53
challenger_metrics_scoring,FastNeuralAR_MLP,APC-MSIT,10,60.64308275034603,10.246129411080329,0.4815913860759287,0.48250582476234716,0.6911043053909504,1199.7497246217229,-1103.552226486482,68744.100812,33106.56679459446,1439399.4017298997,18.197495517,117.09297008529818,30,0,official,2026-06-13T16:26:53
challenger_metrics_scoring,FastNeuralAR_MLP,APC-MSIT,11,62.57678598101822,10.56670924913269,0.48814717756472176,0.4896341461617325,0.7094269952416651,1229.6373977363623,-1126.3110394547543,69219.55659400001,33789.33118364263,1512008.1299118528,17.99886366481661,116.36900086347036,30,0,official,2026-06-13T16:26:53
challenger_metrics_scoring,FastNeuralAR_MLP,APC-MSIT,12,66.03248586620015,11.07654360718082,0.5007085574472123,0.501691080986469,0.732890022550068,1281.093174838552,-1175.5084948638557,70430.70129600001,35265.254845915675,1641199.7226179207,17.801972460127534,115.65820713313774,30,0,official,2026-06-13T16:26:53
challenger_metrics_scoring,FastNeuralAR_MLP,APC-Multitenant,1,729.3768301999469,151.86205722942012,0.9999628614621014,0.999962886230072,1.999851552224486,453747.9763454824,-453733.84663046256,13612520.948039,13612015.398913877,205887226037.62045,622.0842613084909,2987.8956246457205,30,0,official,2026-06-13T16:26:53
challenger_metrics_scoring,FastNeuralAR_MLP,APC-Multitenant,2,749.4620183388514,156.24125755499801,0.9999584823159919,0.9999587156709944,1.9998348716847603,463677.9568137495,-463614.37983860256,13909008.864992999,13908431.395158077,214997247634.97336,618.5962310220641,2967.704971591973,30,0,official,2026-06-13T16:26:53
challenger_metrics_scoring,FastNeuralAR_MLP,APC-Multitenant,3,780.4911031716289,164.71371275971916,0.9999603636657497,0.9999603947034303,1.9998415871426836,485984.8209584503,-485979.9618195373,14579976.751418,14579398.854586119,236181246202.017,622.6591947617255,2950.4818561609054,30,0,official,2026-06-13T16:26:53
challenger_metrics_scoring,FastNeuralAR_MLP,APC-Multitenant,4,783.9756619845588,165.9646227569839,0.9999591096127584,0.9999578522701664,1.9998314190888309,486450.61703616957,-485364.80972056906,14561539.718615,14560944.291617071,236634202814.8701,619.106986678534,2931.0500572670953,30,0,official,2026-06-13T16:26:53
challenger_metrics_scoring,FastNeuralAR_MLP,APC-Multitenant,5,700.8033996704884,117.72167064512286,0.9999592836480169,0.9999568925564009,1.9998275808416635,492002.81247585063,-488255.4972910079,14648261.342494998,14647664.918730237,242066767484.14703,696.7082316104364,4179.373345448135,30,0,official,2026-06-13T16:26:53
challenger_metrics_scoring,FastNeuralAR_MLP,APC-Multitenant,6,682.1758594657043,117.09093102239683,0.9999621731692568,0.9999621904517212,1.9998487691607931,529693.5373112521,-529683.6372297703,15891110.227229998,15890509.11689311,280575243469.30676,776.4620073841818,4523.779362638544,30,0,official,2026-06-13T16:26:53
challenger_metrics_scoring,FastNeuralAR_MLP,APC-Multitenant,7,701.5152461636542,120.704025557367,0.9999621100858546,0.99996212767851,1.999848518175347,542566.6608543324,-542555.2765216401,16277275.040202998,16276658.295649203,294378581470.6201,773.4048254669995,4495.017116032031,30,0,official,2026-06-13T16:26:53
challenger_metrics_scoring,FastNeuralAR_MLP,APC-Multitenant,8,720.7015025516945,124.00333217937218,0.999962903044023,0.9999628683557017,1.9998514806108558,553856.3815740929,-553851.7116102398,16616167.757551001,16615551.348307194,306756891410.3472,768.4897417991898,4466.463697708813,30,0,official,2026-06-13T16:26:53
challenger_metrics_scoring,FastNeuralAR_MLP,APC-Multitenant,9,730.3817580084444,125.50716485901651,0.9999630739717,0.9999630920782161,1.9998523753828266,557051.205883194,-557046.1181850642,16712000.653360998,16711383.545551924,310306045975.92053,762.6780270416116,4438.40163634431,30,0,official,2026-06-13T16:26:53
challenger_metrics_scoring,FastNeuralAR_MLP,APC-Multitenant,10,752.7523722654696,129.15886332047754,0.9999596733939218,0.9999596580036194,1.999838640495795,569694.3540725443,-569682.0917853204,17091151.981713,17090462.75355961,324551657062.1335,756.7987996780612,4410.803404633415,30,0,official,2026-06-13T16:26:53
challenger_metrics_scoring,FastNeuralAR_MLP,APC-Multitenant,11,772.5070315709977,132.69786180508473,0.9999603710794907,0.9999603519103623,1.9998414158351585,581730.4792839807,-581725.145944959,17452445.999943998,17451754.37834877,338410350527.96985,753.0354057256179,4383.872289807234,30,0,official,2026-06-13T16:26:53
challenger_metrics_scoring,FastNeuralAR_MLP,APC-Multitenant,12,793.2284104385984,136.12430697329245,0.9999611125365552,0.9999611122814328,1.9998444570054292,593133.1027264621,-593109.7877182551,17793985.594511997,17793293.631547652,351806877549.91974,747.7162692525195,4357.290155701836,30,0,official,2026-06-13T16:26:53
challenger_metrics_scoring,FastNeuralAR_MLP,ARE-Go Local,1,1277.9526779907521,186.23292527699672,0.9009859045359496,0.900429027200031,1.6515338088501579,40387.56852122181,-40247.16662576206,1340104.2043989997,1207414.998772862,1631155691.0563865,31.49347179978546,216.86588695930467,30,0,official,2026-06-13T16:26:53
challenger_metrics_scoring,FastNeuralAR_MLP,ARE-Go Local,2,1262.5325990044728,186.4241435842058,0.8814024654101351,0.8809287137416111,1.5931935549187033,40164.03259539556,-39970.09182495859,1360448.60527,1199102.7547487577,1613149514.323997,31.658661215144583,215.44437229641284,30,0,official,2026-06-13T16:26:53
challenger_metrics_scoring,FastNeuralAR_MLP,ARE-Go Local,3,1291.7866444123365,193.21175423570452,0.8902496760172783,0.8902381240053127,1.6205232262857838,41363.4983180339,-41218.212035751036,1388988.2741709996,1236546.361072531,1710938993.1059928,31.90791003610519,214.08375738658935,30,0,official,2026-06-13T16:26:53
challenger_metrics_scoring,FastNeuralAR_MLP,ARE-Go Local,4,1305.2102533560148,197.9988711727792,0.8920374614762421,0.891627354362453,1.6249031038370831,42128.80089581351,-41961.868724980486,1411214.3448169997,1258856.0617494145,1774835864.919097,32.149508952359405,212.77293474592977,30,0,official,2026-06-13T16:26:53
challenger_metrics_scoring,FastNeuralAR_MLP,ARE-Go Local,5,1294.512775823979,202.4155030631776,0.893996555320137,0.8925012796017853,1.6281435054831528,43364.17550797984,-43135.27477662661,1447498.019537,1294058.2432987983,1880451717.4868784,33.32162925095142,214.23346953046914,30,0,official,2026-06-13T16:26:53
challenger_metrics_scoring,FastNeuralAR_MLP,ARE-Go Local,6,1296.3612616540743,208.85986433497638,0.8951001138553346,0.8944642457864035,1.6333979225263078,44988.147761409615,-44809.67586038544,1501832.314624,1344290.2758115632,2023933439.0024252,34.56573193433068,215.39872155262984,30,0,official,2026-06-13T16:26:53
challenger_metrics_scoring,FastNeuralAR_MLP,ARE-Go Local,7,1333.0495219378383,217.47377872050367,0.9003683738484688,0.8998034504209037,1.6495407095318815,46560.356116189,-46396.713888859726,1545924.3761709998,1391901.4166657918,2167866761.666339,34.804943946428466,214.09641378434026,30,0,official,2026-06-13T16:26:53
challenger_metrics_scoring,FastNeuralAR_MLP,ARE-Go Local,8,1361.7549402748061,224.90229393946635,0.9003097922576425,0.899859658338975,1.6497212377563732,47867.79798280902,-47706.4682408904,1589668.4225080002,1431194.0472267119,2291326083.7230153,35.0330788822129,212.8381936188383,30,0,official,2026-06-13T16:26:53
challenger_metrics_scoring,FastNeuralAR_MLP,ARE-Go Local,9,1369.6401085075122,227.72028907472253,0.9048434518472578,0.904939259820006,1.6650439512549946,48174.46563894978,-48059.477837856444,1593407.491862,1441784.3351356934,2320779139.5983534,35.089128552336675,211.55104727248153,30,0,official,2026-06-13T16:26:53
challenger_metrics_scoring,FastNeuralAR_MLP,ARE-Go Local,10,1344.346842288501,223.40659311543683,0.8896932745732896,0.8898993619888862,1.619564231190432,46968.47649190486,-46811.87440352409,1578472.3479890001,1404356.2321057227,2206037783.9706197,34.82127746425585,210.23764713889034,30,0,official,2026-06-13T16:26:53
challenger_metrics_scoring,FastNeuralAR_MLP,ARE-Go Local,11,1234.6621534505712,204.89934780691289,0.8861032743601377,0.8911679975758723,1.6212446551576283,42814.23803076165,-42729.37418635382,1446649.9139349996,1281881.2255906146,1833058978.154717,34.6081509560619,208.95253444685284,30,0,official,2026-06-13T16:26:53
challenger_metrics_scoring,FastNeuralAR_MLP,ARE-Go Local,12,892.7689542313118,158.8238612140355,0.8861865632472222,0.8869443249949871,1.6099624880697512,34856.996991692125,-34755.2973596485,1176568.190076,1042658.9207894551,1215010239.278834,38.92977818608552,219.46952255944626,30,0,official,2026-06-13T16:26:53
challenger_metrics_scoring,FastNeuralAR_MLP,AUS-Go Local,1,1196.6966128813458,164.59931012679138,0.9820872537869693,0.9820960382549447,1.9300089566477547,252660.0896244474,-252646.05037499595,7717625.375977,7579381.511249878,63837120889.0338,211.11954998074867,1535.0009026758528,30,0,official,2026-06-13T16:26:53
challenger_metrics_scoring,FastNeuralAR_MLP,AUS-Go Local,2,1215.121786949645,167.52967825134638,0.9787536086768985,0.9787686244302435,1.9173596050954964,255389.51573898562,-255372.97764560938,7827495.3588419985,7661189.329368281,65223804749.39358,210.16245481589092,1524.443420441734,30,0,official,2026-06-13T16:26:53
challenger_metrics_scoring,FastNeuralAR_MLP,AUS-Go Local,3,1236.1976854042302,170.63555560995874,0.9788723625434474,0.9788829319766089,1.9177928800622466,258356.18907759362,-258339.14996040994,7917451.544627,7750174.498812298,66747920434.69731,208.97883324861135,1514.0817993885635,30,0,official,2026-06-13T16:26:53
challenger_metrics_scoring,FastNeuralAR_MLP,AUS-Go Local,4,1220.0408482530584,171.25534310469442,0.9784979199495877,0.9629484037211965,1.8780071171349888,257555.52315696698,-253524.61639266444,7772871.394730999,7605738.491779933,66334847508.65895,207.80010501753208,1503.9269344111162,30,0,official,2026-06-13T16:26:53
challenger_metrics_scoring,FastNeuralAR_MLP,AUS-Go Local,5,732.4038668629956,45.515535532600765,0.9764774787460385,0.9384141619494499,1.8071153826507875,245951.96732709376,-232756.6039347169,7150905.443317,6982698.118041507,60492370232.0678,317.79816364385283,5403.692705118877,30,0,official,2026-06-13T16:26:53
challenger_metrics_scoring,FastNeuralAR_MLP,AUS-Go Local,6,631.1604109607343,43.53744325814901,0.9754663771476194,0.9754833360643365,1.9049491933742473,267966.151857652,-267943.74798765214,8240481.299965001,8038312.439629564,71805858541.39822,424.525593390428,6154.843550843932,30,0,official,2026-06-13T16:26:53
challenger_metrics_scoring,FastNeuralAR_MLP,AUS-Go Local,7,644.0745477124849,44.28308128296251,0.9744515636413774,0.9744829525936095,1.9012537321346723,270782.13718623476,-270757.90146022546,8335701.174774999,8122737.043806764,73322965819.14485,420.3828616141681,6114.798910581128,30,0,official,2026-06-13T16:26:53
challenger_metrics_scoring,FastNeuralAR_MLP,AUS-Go Local,8,659.9975585173986,45.331855109166675,0.9747360349408268,0.974720781372841,1.9021584047164268,275417.501622497,-275379.8712986087,8475521.415866999,8261396.138958261,75854800199.97813,417.24377271518233,6075.584177158549,30,0,official,2026-06-13T16:26:53
challenger_metrics_scoring,FastNeuralAR_MLP,AUS-Go Local,9,661.5829842458588,45.46652016637795,0.9740240792352218,0.9740162975416825,1.8995828639479198,274487.5086218901,-274450.447435557,8453090.224968,8233513.42306671,75343392389.45218,414.8390360256986,6037.134744806596,30,0,official,2026-06-13T16:26:53
challenger_metrics_scoring,FastNeuralAR_MLP,AUS-Go Local,10,664.0070172789241,45.45760796655023,0.971627180748757,0.9716450020875131,1.890655255802456,272715.166090726,-272682.4174964192,8419353.314702999,8180472.524892577,74373561815.89224,410.6619514562686,5999.329447589987,30,0,official,2026-06-13T16:26:53
challenger_metrics_scoring,FastNeuralAR_MLP,AUS-Go Local,11,670.9327198031607,45.975675055216854,0.9715066446814631,0.9714933591393733,1.8900644072108435,274123.74557428836,-274074.46024784894,8463384.015383001,8222233.807435468,75143827887.67719,408.497681150887,5962.3647775713,30,0,official,2026-06-13T16:26:53
challenger_metrics_scoring,FastNeuralAR_MLP,AUS-Go Local,12,664.8822069605623,45.82731259781822,0.9708767708670236,0.9708817474512075,1.887801663094591,271591.55572378833,-271553.67933385045,8390982.897593,8146610.380015514,73761973140.46762,408.42374256821967,5926.412445505663,30,0,official,2026-06-13T16:26:53
challenger_metrics_scoring,FastNeuralAR_MLP,BRA-Go Local,1,1073.9349233117277,282.0518786022031,0.9393906067601717,0.9392989819721335,1.7749753022759742,43432.20534368874,-43398.4808031441,1385956.400591,1301954.424094323,1886356461.0163448,40.410717503547424,153.98658416646865,30,0,official,2026-06-13T16:26:53
challenger_metrics_scoring,FastNeuralAR_MLP,BRA-Go Local,2,1105.1415943846846,292.01034254289186,0.9403361091048763,0.9402009810794438,1.7781990724020411,44603.14235290282,-44566.67706103278,1421832.362796,1337000.3118309835,1989440307.7533128,40.32666699677194,152.74507733009935,30,0,official,2026-06-13T16:26:53
challenger_metrics_scoring,FastNeuralAR_MLP,BRA-Go Local,3,1132.192620366883,301.0712145228741,0.9407768055364173,0.9406808619635926,1.7798446616616397,45622.85920602797,-45587.65655522848,1453723.8679870002,1367629.6966568544,2081445282.1330512,40.26492995551938,151.53510865636656,30,0,official,2026-06-13T16:26:53
challenger_metrics_scoring,FastNeuralAR_MLP,BRA-Go Local,4,1151.3891301627993,308.82417050695034,0.9411649518943482,0.9410947313873685,1.7812616713042762,46438.40242527736,-46405.299271957345,1479187.01749,1392158.9781587203,2156525219.812006,40.30374966749592,150.37165759741666,30,0,official,2026-06-13T16:26:53
challenger_metrics_scoring,FastNeuralAR_MLP,BRA-Go Local,5,1165.85743528541,315.17656950672716,0.9418570441565415,0.9416439971268395,1.7832062080968922,47116.531087970085,-47074.37395212066,1499411.4311990002,1412231.2185636198,2219967501.7636514,40.37747028700514,149.4924929277283,30,0,official,2026-06-13T16:26:53
challenger_metrics_scoring,FastNeuralAR_MLP,BRA-Go Local,6,1185.9242274101568,324.6959746418956,0.9432161069410905,0.9430897747523387,1.7881445995107395,48320.66963801402,-48284.23252938619,1535731.8065520003,1448526.9758815856,2334887114.26609,40.71443302480647,148.81819736541692,30,0,official,2026-06-13T16:26:53
challenger_metrics_scoring,FastNeuralAR_MLP,BRA-Go Local,7,1194.2716642488692,330.54652015872307,0.9433915129430517,0.9434349566475918,1.7892892464566486,48881.60410613818,-48855.78479123621,1553621.7186909998,1465673.5437370865,2389411219.989225,40.90843503514236,147.88116384545822,30,0,official,2026-06-13T16:26:53
challenger_metrics_scoring,FastNeuralAR_MLP,BRA-Go Local,8,1201.3852753578215,332.8468753441871,0.9437435172695197,0.9436403474281776,1.7900064489738297,48850.692511696296,-48816.91130598609,1551806.5156269998,1464507.3391795827,2386390158.8723006,40.63385186025892,146.76626440065343,30,0,official,2026-06-13T16:26:53
challenger_metrics_scoring,FastNeuralAR_MLP,BRA-Go Local,9,1151.2604054495152,322.378378908765,0.9326493500612106,0.9328238605963806,1.752818427781016,47048.468469559506,-47018.69608692222,1512423.5946930002,1410560.8826076665,2213558385.3311353,40.84106068823199,145.94176144447488,30,0,official,2026-06-13T16:26:53
challenger_metrics_scoring,FastNeuralAR_MLP,BRA-Go Local,10,1173.5638807983237,331.38066959922617,0.936258322333374,0.9362019951491642,1.7642555379676865,48048.59667554,-48011.012375708124,1538389.9260639998,1440330.3712712438,2308667642.4887133,40.9104379925602,144.99517045955113,30,0,official,2026-06-13T16:26:53
challenger_metrics_scoring,FastNeuralAR_MLP,BRA-Go Local,11,1206.4352403543753,343.28406995462944,0.9371622759294239,0.9370609111401544,1.7671998979833596,49449.79461628293,-49408.02145055211,1581626.4499620001,1482240.643516563,2445282187.5925646,40.95372863614222,144.04919698959094,30,0,official,2026-06-13T16:26:53
challenger_metrics_scoring,FastNeuralAR_MLP,BRA-Go Local,12,1234.218049453858,355.8435427692078,0.9376343288529715,0.9375419168626176,1.7688777047459032,50963.518787710884,-50922.61846415472,1629290.339437,1527678.5539246416,2597280247.2253604,41.25901293267264,143.2188944363245,30,0,official,2026-06-13T16:26:53
challenger_metrics_scoring,FastNeuralAR_MLP,CAN-Go Local,1,1382.8165609467037,315.7917292490459,0.9724379276228674,0.9724294743775865,1.8935245807634693,144480.5067248147,-144460.27821571348,4456642.653856,4333808.346471405,20874616823.459225,104.46814298840413,457.5183367480522,30,0,official,2026-06-13T16:26:53
challenger_metrics_scoring,FastNeuralAR_MLP,CAN-Go Local,2,1392.751913362328,320.0538457317972,0.9677600961869673,0.9677573665469925,1.8761965065883115,145771.50603774193,-145744.67783634682,4518000.227863999,4372340.335090404,21249331972.51143,104.64511047376388,455.45931717970166,30,0,official,2026-06-13T16:26:53
challenger_metrics_scoring,FastNeuralAR_MLP,CAN-Go Local,3,1413.6707505353993,326.5775648219234,0.9680082884095667,0.9680042551064708,1.8771089213680243,147809.49452162272,-147783.91837818248,4580040.8988540005,4433517.551345474,21847646670.73762,104.53913566664112,452.60149637719445,30,0,official,2026-06-13T16:26:53
challenger_metrics_scoring,FastNeuralAR_MLP,CAN-Go Local,4,1427.2763405266085,331.04920793430597,0.9681709596534449,0.9680416887093916,1.877282355125274,148893.32582892277,-148827.97197551667,4611622.683728999,4464839.1592655005,22169222476.39776,104.274111291304,449.76191532972774,30,0,official,2026-06-13T16:26:53
challenger_metrics_scoring,FastNeuralAR_MLP,CAN-Go Local,5,1338.07121743819,278.79719567025194,0.9684195601909742,0.9681054511707381,1.8775482653437725,149725.87989638874,-149580.32373086663,4633745.430587,4487409.711925999,22417839110.74783,111.7880138078497,537.0422738164032,30,0,official,2026-06-13T16:26:53
challenger_metrics_scoring,FastNeuralAR_MLP,CAN-Go Local,6,1272.8036054810095,274.64534656821337,0.9693889650469286,0.9693955619080726,1.882236462848932,154149.44838831775,-154126.32312970175,4769798.151835999,4623789.693891052,23762052438.422634,121.09199130643204,561.2672863912217,30,0,official,2026-06-13T16:26:53
challenger_metrics_scoring,FastNeuralAR_MLP,CAN-Go Local,7,1279.8379234050205,278.5225378961578,0.9694240748091513,0.9694397254809033,1.8824134290807941,155442.82537322637,-155421.77078954602,4809714.597406,4662653.123686381,24162471960.01135,121.43863527347663,558.0978349090747,30,0,official,2026-06-13T16:26:53
challenger_metrics_scoring,FastNeuralAR_MLP,CAN-Go Local,8,1281.6274798969052,281.4191963899318,0.9696947295735098,0.9697038274309528,1.8833930549420819,156192.1479832039,-156170.46843461628,4831535.028656999,4685114.053038488,24395987091.60707,121.85324588013572,555.0159690129508,30,0,official,2026-06-13T16:26:53
challenger_metrics_scoring,FastNeuralAR_MLP,CAN-Go Local,9,1287.5235637473625,284.424834731356,0.9700613004888408,0.9700706172709187,1.8847520551411259,156953.92531884494,-156931.22000288128,4853236.179728001,4707936.6000864385,24634534672.993553,121.8860954638608,551.8291870226119,30,0,official,2026-06-13T16:26:53
challenger_metrics_scoring,FastNeuralAR_MLP,CAN-Go Local,10,1299.4561248640464,289.1027497688662,0.9658778206981947,0.9658859999880786,1.8693181782402952,158726.13590098647,-158694.33105763036,4929018.794828,4760829.931728911,25193986218.058426,122.12365467455358,549.03018400166,30,0,official,2026-06-13T16:26:53
challenger_metrics_scoring,FastNeuralAR_MLP,CAN-Go Local,11,1306.129580874386,296.8467802908447,0.9664599044383795,0.9664358366239193,1.8713395395041739,162909.5700135054,-162871.97770499808,5055728.963726998,4886159.331149942,26539528001.98522,124.69817703383131,548.8001919841939,30,0,official,2026-06-13T16:26:53
challenger_metrics_scoring,FastNeuralAR_MLP,CAN-Go Local,12,1309.354102809472,300.66660422490503,0.9662979013927594,0.9663148980392982,1.8708823379278658,164544.38406106204,-164516.40151449468,5107629.891694001,4935492.04543484,27074854326.03429,125.64698973447518,547.2652491128657,30,0,official,2026-06-13T16:26:53
challenger_metrics_scoring,FastNeuralAR_MLP,CHE-Go Local,1,1122.3701046166793,186.9942159671171,0.8697454353812228,0.8692306126367934,1.5628626411027555,24188.270616442893,-24026.028178092583,828726.2180649999,720780.8453427776,585072435.4142746,21.40651116709683,129.35304170422253,30,0,official,2026-06-13T16:26:53
challenger_metrics_scoring,FastNeuralAR_MLP,CHE-Go Local,2,1136.6431165223737,190.33199306937706,0.8677733855102533,0.8674768183783422,1.5574037018268034,24448.368992422133,-24288.727736063884,839691.3805480001,728661.8320819165,597722746.389628,21.368824904668998,128.45117942683746,30,0,official,2026-06-13T16:26:53
challenger_metrics_scoring,FastNeuralAR_MLP,CHE-Go Local,3,1166.2606590616044,195.93518835810983,0.8792023539533106,0.8793037352477627,1.5906617676902217,24993.448438959615,-24872.668244838555,848701.1482509999,746180.0473451567,624672464.8709328,21.32685180759812,127.5597744764417,30,0,official,2026-06-13T16:26:53
challenger_metrics_scoring,FastNeuralAR_MLP,CHE-Go Local,4,1166.8961844500766,197.83715293651903,0.8789857322934562,0.8788597132355779,1.5895950551547726,25075.0748775467,-24945.019750344836,851379.6811670003,748350.592510345,628759380.1145737,21.37723996595351,126.74603584490858,30,0,official,2026-06-13T16:26:53
challenger_metrics_scoring,FastNeuralAR_MLP,CHE-Go Local,5,1183.6148264863793,201.76652947814316,0.872376007395744,0.8715951878610965,1.5691705173124106,25406.470137864482,-25236.47574230322,867853.157183,757094.2722690966,645488724.8661997,21.32152722116449,125.9201424714831,30,0,official,2026-06-13T16:26:53
challenger_metrics_scoring,FastNeuralAR_MLP,CHE-Go Local,6,1265.8698807814826,219.7749943799251,0.8833983388009936,0.8817886699469838,1.5985622719462875,27532.94754662915,-27347.547567917187,928716.2891330001,820426.4270375156,758063200.6054322,21.603758793150387,125.27788989057115,30,0,official,2026-06-13T16:26:53
challenger_metrics_scoring,FastNeuralAR_MLP,CHE-Go Local,7,1289.820311273254,232.47307020777802,0.8764951814980305,0.8747915844957694,1.5778291769237804,29013.32645871234,-28799.127688734203,985714.295868,863973.8306620261,841773112.1998177,22.328015334403418,124.80295645762767,30,0,official,2026-06-13T16:26:53
challenger_metrics_scoring,FastNeuralAR_MLP,CHE-Go Local,8,1308.0251978606111,242.87198881298167,0.8719131247431202,0.8712645165852494,1.566853997621806,30177.20745949598,-29990.091795756012,1031872.0160770001,899702.7538726804,910663850.0534599,22.927763046772657,124.251493994778,30,0,official,2026-06-13T16:26:53
challenger_metrics_scoring,FastNeuralAR_MLP,CHE-Go Local,9,1304.0735377241829,244.80037521468708,0.8677154241892756,0.8673211767249266,1.5555690138179874,30234.1233093401,-30043.78969707207,1038720.3751210001,901313.6909121621,914102212.2843822,23.0384167978006,123.5052163740563,30,0,official,2026-06-13T16:26:53
challenger_metrics_scoring,FastNeuralAR_MLP,CHE-Go Local,10,1341.6736564292808,253.14453604295718,0.8745438193892998,0.8741731824716495,1.5751287607896982,31070.13810919897,-30895.509652092296,1059827.156757,926865.2895627689,965353482.1246983,23.027589089225582,122.73675187651116,30,0,official,2026-06-13T16:26:53
challenger_metrics_scoring,FastNeuralAR_MLP,CHE-Go Local,11,1359.092885202863,257.75565161731123,0.8760187201200558,0.8758900267695787,1.5798569958326907,31443.323798283305,-31281.399579809015,1071257.9147459997,938441.9873942705,988682611.4836892,23.01638094083602,121.98888210981724,30,0,official,2026-06-13T16:26:53
challenger_metrics_scoring,FastNeuralAR_MLP,CHE-Go Local,12,1377.3685083488901,262.2772587216674,0.8796630256356541,0.8792441414580743,1.5899068740811786,31800.962110556233,-31633.24257696134,1078819.1041940001,948997.2773088402,1011301191.1570331,22.96643373593712,121.24940707994777,30,0,official,2026-06-13T16:26:53
challenger_metrics_scoring,FastNeuralAR_MLP,DEU-Go Local,1,1180.7773227008786,252.1068979722807,0.9525950321706892,0.9523125177034637,1.8213173464925037,67787.90653971108,-67727.86719261056,2132948.364373,2031836.0157783167,4595200273.036604,57.358712680636216,268.88556832413366,30,0,official,2026-06-13T16:26:53
challenger_metrics_scoring,FastNeuralAR_MLP,DEU-Go Local,2,1207.6155777312797,261.1251707840212,0.9530898987897676,0.9529596203252265,1.823552539417735,69763.05772663771,-69716.65879003394,2194441.2236,2091499.763701018,4866884223.370185,57.73083759072491,267.1632823338173,30,0,official,2026-06-13T16:26:53
challenger_metrics_scoring,FastNeuralAR_MLP,DEU-Go Local,3,1226.3166469144462,267.38767247220704,0.9533361589986583,0.9531758455753472,1.824323107233521,70958.50007016143,-70908.47856213487,2231379.075245,2127254.3568640463,5035108732.207101,57.82232406332309,265.3768568090477,30,0,official,2026-06-13T16:26:53
challenger_metrics_scoring,FastNeuralAR_MLP,DEU-Go Local,4,1254.457053933196,275.29386680891474,0.9545522519255478,0.9544129683181123,1.828657359555021,72568.36637932135,-72517.3915202439,2279101.789576,2175521.745607317,5266167798.963416,57.807791261466086,263.60328045263736,30,0,official,2026-06-13T16:26:53
challenger_metrics_scoring,FastNeuralAR_MLP,DEU-Go Local,5,1230.6244700248728,259.36134784456914,0.9553562986797628,0.95475166986993,1.8300364010941415,74229.84712830858,-74128.44437720161,2327773.7681630002,2223853.3313160483,5510070204.692061,60.23644595308864,286.20242663449324,30,0,official,2026-06-13T16:26:53
challenger_metrics_scoring,FastNeuralAR_MLP,DEU-Go Local,6,1210.0209137650882,261.8334387707856,0.9486107829086565,0.9483762279650926,1.8076233480004769,76221.81000379262,-76151.31874088467,2408300.2253270005,2284539.56222654,5809764320.254261,62.93388641022165,291.1080050035884,30,0,official,2026-06-13T16:26:53
challenger_metrics_scoring,FastNeuralAR_MLP,DEU-Go Local,7,1236.2901696238393,269.7319157937907,0.9484770339687458,0.9482745649252383,1.8073048823013353,78025.74674162424,-77956.10044407906,2465724.450424,2338683.0133223715,6088017154.588086,63.05647521875744,289.27146612221713,30,0,official,2026-06-13T16:26:53
challenger_metrics_scoring,FastNeuralAR_MLP,DEU-Go Local,8,1266.3522418446812,278.12941520957594,0.9493389528784688,0.9491412056992191,1.8103101194497822,79953.6097376323,-79884.95097215792,2524439.2657630006,2396548.5291647376,6392579710.077611,63.08272558967512,287.46908944307705,30,0,official,2026-06-13T16:26:53
challenger_metrics_scoring,FastNeuralAR_MLP,DEU-Go Local,9,1289.346733113328,284.15965377817713,0.9497509801272117,0.9495819680574632,1.8118386809506626,81171.92077099172,-81105.54032500462,2561899.130048,2433166.2097501387,6588880721.652157,62.904367182257246,285.65603769476985,30,0,official,2026-06-13T16:26:53
challenger_metrics_scoring,FastNeuralAR_MLP,DEU-Go Local,10,1323.8849574819546,293.23271025347,0.9511811398238503,0.951013802119303,1.8168024340679452,83244.05588626396,-83179.62578193849,2623463.259501,2495388.773458155,6929572840.395438,62.82995007371876,283.8839357802474,30,0,official,2026-06-13T16:26:53
challenger_metrics_scoring,FastNeuralAR_MLP,DEU-Go Local,11,1354.9525539438214,302.4513010824089,0.9519753799244361,0.9517934645166675,1.8195308383797468,85359.49858236952,-85293.59252178414,2687892.8064889996,2558807.7756535243,7286243998.233542,62.9495049649691,282.2255955814573,30,0,official,2026-06-13T16:26:53
challenger_metrics_scoring,FastNeuralAR_MLP,DEU-Go Local,12,1380.5807687138615,310.5389559052573,0.9525131068713171,0.9524101266672563,1.82167777921344,87128.90561163814,-87071.4606107842,2742370.4718390005,2612143.818323526,7591446193.081748,63.06871903764045,280.5731904316069,30,0,official,2026-06-13T16:26:53
challenger_metrics_scoring,FastNeuralAR_MLP,ESP-Go Local,1,81.75914559190866,39.28042258162551,0.10787998025828201,0.12042682856997015,0.11343778007534497,117.90419418027238,55.17831913658983,30263.090977999997,3264.781657261232,13901.399005299376,1.331056659829027,3.0016019795933992,30,0,official,2026-06-13T16:26:53
challenger_metrics_scoring,FastNeuralAR_MLP,ESP-Go Local,2,96.64197431476921,32.92545687123447,0.14362142135201458,0.1431028559128926,0.14156695466235328,307.6226134163532,39.32707450080239,56423.307276,8103.595588360586,94631.6722851071,2.79505727051431,9.343002122017921,30,0,official,2026-06-13T16:26:53
challenger_metrics_scoring,FastNeuralAR_MLP,ESP-Go Local,3,367.78857591879193,138.6631148076848,0.3839807043876415,0.3594445058074635,0.4518040565879139,1407.9139976560325,-1274.4994612480345,99575.273967,38234.98383744104,1982221.8247957907,3.465304647008517,10.153486019758768,30,0,official,2026-06-13T16:26:53
challenger_metrics_scoring,FastNeuralAR_MLP,ESP-Go Local,4,579.5856745979592,213.80389940272053,0.6323541108553642,0.5966247225524539,0.876101207122457,4374.878373559151,-3931.4670299022887,186515.76525300002,117944.01089706866,19139560.783435564,6.783237064355372,20.462107500287637,30,0,official,2026-06-13T16:26:53
challenger_metrics_scoring,FastNeuralAR_MLP,ESP-Go Local,5,692.0178911581836,206.25175745142715,0.7974589595483104,0.7914009976735027,1.3176914729154692,10083.777091226179,-9930.93927309842,373596.878718,297928.1781929526,101682560.4255379,14.35069728685436,48.89062384644618,30,0,official,2026-06-13T16:26:53
challenger_metrics_scoring,FastNeuralAR_MLP,ESP-Go Local,6,513.3803366352433,147.3761021435869,0.8224985411476079,0.8229354993141261,1.407747840714803,10820.425526027695,-10793.25826405229,393675.771716,323797.7479215687,117081608.56431171,21.02390273611297,73.4204892695932,30,0,official,2026-06-13T16:26:53
challenger_metrics_scoring,FastNeuralAR_MLP,ESP-Go Local,7,522.6078452935346,161.12168648794187,0.9100436933248538,0.9099101819642746,1.6763745063593907,12765.89231809566,-12746.80919267708,420204.30291999993,382404.27578031237,162968006.67721382,24.390772751445287,79.23137224020456,30,0,official,2026-06-13T16:26:53
challenger_metrics_scoring,FastNeuralAR_MLP,ESP-Go Local,8,530.9186887402069,162.9370758061762,0.901254881465648,0.9011492674177385,1.6494743745749376,12744.595536443574,-12719.181669385795,423382.39484599995,381575.45008157386,162424715.38753748,23.956929637505453,78.21789775829821,30,0,official,2026-06-13T16:26:53
challenger_metrics_scoring,FastNeuralAR_MLP,ESP-Go Local,9,550.0018260229809,166.3077579225083,0.9001839643752797,0.9001900091054171,1.6477028531725288,12753.59024567454,-12725.984814412313,424112.8030949999,381779.5444323694,162654064.1545648,23.138077388638667,76.68668259972047,30,0,official,2026-06-13T16:26:53
challenger_metrics_scoring,FastNeuralAR_MLP,ESP-Go Local,10,572.7406676238581,171.34341324949594,0.9136824885767189,0.9136495150461802,1.6918461212950386,12895.465958444012,-12870.957203830323,422607.1101750001,386128.7161149097,166293042.28538835,22.47257429305369,75.26093775000685,30,0,official,2026-06-13T16:26:53
challenger_metrics_scoring,FastNeuralAR_MLP,ESP-Go Local,11,593.573381763703,176.36165522196885,0.924777109735424,0.9247829219623486,1.7287958796233864,13036.060697232875,-13015.769484500282,422234.80709500005,390473.0845350085,169938878.50193965,21.92781867311186,73.9166384032044,30,0,official,2026-06-13T16:26:53
challenger_metrics_scoring,FastNeuralAR_MLP,ESP-Go Local,12,616.3178667023876,181.24964436261754,0.9331144014060457,0.9330481293295521,1.7565798239186885,13165.210205851938,-13146.791690400014,422674.5939380001,394403.7507120004,173322759.764268,21.331187039476887,72.63578503642704,30,0,official,2026-06-13T16:26:53
challenger_metrics_scoring,FastNeuralAR_MLP,EUR-Dedicated,1,1247.7800107886455,350.40741024234325,0.8472916135788792,0.8471202422801044,1.489137315066315,27939.34755168053,-27789.299270537642,983933.942878,833678.9781161293,780607141.6135968,22.270992506903298,79.73389470376085,30,0,official,2026-06-13T16:26:53
challenger_metrics_scoring,FastNeuralAR_MLP,EUR-Dedicated,2,1066.3817594543798,304.4997067911691,0.8065571333830345,0.8024919585278527,1.3719699879774578,24137.402844602715,-23748.144831604724,883315.4099819999,712444.3449481417,582614216.0826353,22.269834063699285,79.26905118879652,30,0,official,2026-06-13T16:26:53
challenger_metrics_scoring,FastNeuralAR_MLP,EUR-Dedicated,3,730.2785639697826,222.91091845353452,0.7579937749430651,0.7558219078310965,1.2602328480935925,18504.222503189583,-18109.718553353767,716749.3646520001,543291.556600613,342406250.4475478,24.798370713374943,83.01173684790484,30,0,official,2026-06-13T16:26:53
challenger_metrics_scoring,FastNeuralAR_MLP,EUR-Dedicated,4,658.2495297748225,206.65804415108596,0.7336055821711505,0.7311452480024535,1.2036715088866061,17487.196560266504,-17042.807713438877,696947.0296150002,511284.2314031663,305802043.5373966,25.89110503317636,84.61899768818948,30,0,official,2026-06-13T16:26:53
challenger_metrics_scoring,FastNeuralAR_MLP,EUR-Dedicated,5,631.0535435128689,182.70736735184693,0.7298388998456309,0.7344818122555135,1.2058801254805749,17291.814615762964,-17048.512524476308,700778.4537689999,511455.3757342892,299006852.7059136,27.01595244925305,94.64213111047361,30,0,official,2026-06-13T16:26:53
challenger_metrics_scoring,FastNeuralAR_MLP,EUR-Dedicated,6,638.6631678456203,185.04748345518624,0.7448260065275878,0.745360488332101,1.2348043983045334,18335.027770751974,-17990.92078196676,724635.8461290002,539727.6234590028,336173243.35424614,28.169654502943853,99.08282689611528,30,0,official,2026-06-13T16:26:53
challenger_metrics_scoring,FastNeuralAR_MLP,EUR-Dedicated,7,638.0711583093544,185.64811748087195,0.7442157202308759,0.7435115748302,1.2322976859058128,18283.238272254577,-17889.87874810358,721156.9815760001,536696.3624431074,334276801.72003454,28.037435190621917,98.48329474247629,30,0,official,2026-06-13T16:26:53
challenger_metrics_scoring,FastNeuralAR_MLP,EUR-Dedicated,8,631.821276155267,184.52531373908784,0.7395758327467327,0.7397910434234898,1.2218276877734648,18080.74717025153,-17716.45347035573,718646.527614,531493.6041106719,326913418.23455864,28.04029262541326,97.98518590146962,30,0,official,2026-06-13T16:26:53
challenger_metrics_scoring,FastNeuralAR_MLP,EUR-Dedicated,9,632.5079221499778,184.67340416995287,0.7373931233704994,0.7371074044812921,1.2161082656724098,17984.122217348755,-17597.30426195208,715926.2964720002,527919.1278585624,323428651.92853713,27.821476452241928,97.3833904139124,30,0,official,2026-06-13T16:26:53
challenger_metrics_scoring,FastNeuralAR_MLP,EUR-Dedicated,10,615.6851479321989,180.79168858393717,0.7090241570870376,0.7095813813244007,1.1531071737275307,17515.583828946594,-17070.80508828288,722294.364063,512124.1526484864,306795676.86885536,27.726517596885035,96.88268286080272,30,0,official,2026-06-13T16:26:53
challenger_metrics_scoring,FastNeuralAR_MLP,EUR-Dedicated,11,610.3788368314506,180.31910863311919,0.6945137082524179,0.6939789722576539,1.1227031402060328,17365.421051030564,-16808.98802247822,726075.863849,504269.64067434665,301557848.2795754,27.53861537817347,96.30383148334319,30,0,official,2026-06-13T16:26:53
challenger_metrics_scoring,FastNeuralAR_MLP,EUR-Dedicated,12,603.4239795915221,178.56331388887713,0.6898684336111722,0.6896078175826481,1.1133817480327262,17103.791335910882,-16541.739447107142,719343.224353,496252.1834132142,292539678.0623802,27.41312908761896,95.78558419090974,30,0,official,2026-06-13T16:26:53
challenger_metrics_scoring,FastNeuralAR_MLP,EUR-MSIT,1,90.1137332863179,15.069404329981392,0.6081912866963174,0.6077296618069773,0.9294875045315113,1234.7580869418005,-1178.4982154315924,58131.293947,35354.94646294777,1524627.5332681749,13.077898034555467,81.9380819509357,30,0,official,2026-06-13T16:26:53
challenger_metrics_scoring,FastNeuralAR_MLP,EUR-MSIT,2,88.43964236173211,14.670627684064966,0.6094233907933926,0.6097859241280791,0.9327555897737774,1193.7216997789753,-1142.4292791421828,56238.206298,34272.878374265485,1424971.4965232064,12.917615320847483,81.36814085164056,30,0,official,2026-06-13T16:26:53
challenger_metrics_scoring,FastNeuralAR_MLP,EUR-MSIT,3,85.45823519260371,14.392685287727186,0.6023919887364502,0.5978845216271184,0.9188560673991988,1163.086113047733,-1092.141096795026,54390.220183000005,32764.23290385078,1352769.3063644844,12.779822732514717,80.81091817101778,30,0,official,2026-06-13T16:26:53
challenger_metrics_scoring,FastNeuralAR_MLP,EUR-MSIT,4,82.10123961185974,13.87713134059767,0.586855586725721,0.5844894524795662,0.8963345588118848,1113.9057875595531,-1040.9794805493439,53214.768885,31229.384416480316,1240786.1035586682,12.679217579060422,80.26916804489785,30,0,official,2026-06-13T16:26:53
challenger_metrics_scoring,FastNeuralAR_MLP,EUR-MSIT,5,83.31563733711646,13.943218250214578,0.5890765963102093,0.5900833751264495,0.9000553714248833,1112.3233216446795,-1052.2840349223063,53589.840854999995,31568.52104766919,1237263.1718746528,12.630090443460151,79.77522130714416,30,0,official,2026-06-13T16:26:53
challenger_metrics_scoring,FastNeuralAR_MLP,EUR-MSIT,6,85.5769794871514,14.363262733166861,0.5971996216919345,0.596128172657204,0.9199074307706303,1138.2848134535457,-1068.3443817369932,53667.70220199999,32050.331452109796,1295692.316538973,12.484016006867773,79.24973834984446,30,0,official,2026-06-13T16:26:53
challenger_metrics_scoring,FastNeuralAR_MLP,EUR-MSIT,7,84.22526184136889,14.062032910374135,0.5890039622652735,0.5885984026631447,0.90260835636972,1107.1742492646806,-1040.2851640462752,52985.305567999996,31208.55492138826,1225834.8182348092,12.351225051761356,78.73500626270567,30,0,official,2026-06-13T16:26:53
challenger_metrics_scoring,FastNeuralAR_MLP,EUR-MSIT,8,84.5375901240446,14.090377040294547,0.5855480197274757,0.585391064122682,0.8994886252095716,1102.2784042716369,-1031.390725337903,52842.330121,30941.72176013709,1215017.680523626,12.200380018220436,78.2291631458426,30,0,official,2026-06-13T16:26:53
challenger_metrics_scoring,FastNeuralAR_MLP,EUR-MSIT,9,84.62828120053594,14.004991144755108,0.5833946257422165,0.5834148394779286,0.8936224890918039,1088.6489635421472,-1019.8536240221184,52444.10450599999,30595.608720663553,1185156.5658213913,12.050978816472286,77.73292766056821,30,0,official,2026-06-13T16:26:53
challenger_metrics_scoring,FastNeuralAR_MLP,EUR-MSIT,10,87.50984698339354,14.338453377521708,0.5887156440207586,0.5891129342916819,0.9020839080706137,1107.592616481368,-1042.5009289795819,53124.16645800001,31275.027869387457,1226761.4040840426,11.912955683460558,77.2463101367497,30,0,official,2026-06-13T16:26:53
challenger_metrics_scoring,FastNeuralAR_MLP,EUR-MSIT,11,90.3245647075108,14.685240590925606,0.5958282855186312,0.5968643118705886,0.9167453765020007,1127.3757596398816,-1064.9983279800506,53622.74772099999,31949.949839401517,1270976.1034235999,11.790793915572474,76.76930811310756,30,0,official,2026-06-13T16:26:53
challenger_metrics_scoring,FastNeuralAR_MLP,EUR-MSIT,12,93.5557788024562,15.143107295388543,0.6017093200719043,0.6028968142870876,0.9318531144346965,1155.4299977241394,-1091.3560248623148,54412.786463,32740.680745869442,1335018.4796408047,11.665297845114646,76.30072053151184,30,0,official,2026-06-13T16:26:53
challenger_metrics_scoring,FastNeuralAR_MLP,EUR-Multitenant,1,904.450451832258,211.08613072741338,0.9999888996326319,0.9999889164055047,1.9999556662849323,1639705.6454657842,-1639678.94361832,49190914.34577001,49190368.3085496,2688634603772.364,1812.9007955014208,7767.945908218964,30,0,official,2026-06-13T16:26:53
challenger_metrics_scoring,FastNeuralAR_MLP,EUR-Multitenant,2,917.4176151413774,215.5576420610819,0.9999875436688374,0.9999875578390147,1.9999502321950537,1664451.217883152,-1664421.4871427403,49933266.599587,49932644.614282206,2770397856712.7075,1814.2462709158324,7721.606165145848,30,0,official,2026-06-13T16:26:53
challenger_metrics_scoring,FastNeuralAR_MLP,EUR-Multitenant,3,944.7246676138789,225.20608550604192,0.9999880430312389,0.9999880696620067,1.999952279415393,1731958.9136582233,-1731754.5657172652,51953258.17500299,51952636.97151796,2999681678600.1733,1833.0785943074957,7690.551122392995,30,0,official,2026-06-13T16:26:53
challenger_metrics_scoring,FastNeuralAR_MLP,EUR-Multitenant,4,944.3249059314489,230.86390789175107,0.9999881671615141,0.9999879156669069,1.9999516634940908,1776576.7142291917,-1773987.0823118559,53220242.215886,53219612.46935567,3156224821541.3906,1878.577035477061,7695.341946053361,30,0,official,2026-06-13T16:26:53
challenger_metrics_scoring,FastNeuralAR_MLP,EUR-Multitenant,5,853.3101813321643,155.36396742649995,0.9999887178383177,0.9999884252352592,1.9999537016723512,1870415.6238607054,-1858478.5537993761,55754985.65074399,55754356.613981284,3498454605982.2314,2177.963646112801,12038.92804002683,30,0,official,2026-06-13T16:26:53
challenger_metrics_scoring,FastNeuralAR_MLP,EUR-Multitenant,6,827.3241442148062,156.63317673337505,0.9999894048889321,0.9999893979635226,1.999957592436351,2078967.2777759177,-2078836.990123666,62365770.47597501,62365109.703709975,4322104942063.01,2512.723706494316,13272.84117664796,30,0,official,2026-06-13T16:26:53
challenger_metrics_scoring,FastNeuralAR_MLP,EUR-Multitenant,7,830.3348602389553,160.94999852186444,0.9999890154525729,0.9999890191552314,1.9999560772492448,2129497.5415406656,-2129399.4222785844,63882684.390733995,63881982.668357536,4534759779427.739,2564.50683241913,13230.80187075231,30,0,official,2026-06-13T16:26:53
challenger_metrics_scoring,FastNeuralAR_MLP,EUR-Multitenant,8,828.5484874695842,165.05799032907902,0.9999894063242257,0.9999894117206616,1.9999576474678984,2181057.190907196,-2180988.7121475837,65430354.512389004,65429661.36442751,4757010470007.989,2632.300637960729,13213.884323677903,30,0,official,2026-06-13T16:26:53
challenger_metrics_scoring,FastNeuralAR_MLP,EUR-Multitenant,9,816.9307119941338,166.58139497228368,0.9999895484570533,0.9999895531444396,1.9999582131462739,2198229.809957828,-2198210.47190369,65947003.405048996,65946314.157110706,4832214297387.229,2690.8162952251387,13196.130398137055,30,0,official,2026-06-13T16:26:53
challenger_metrics_scoring,FastNeuralAR_MLP,EUR-Multitenant,10,801.2375010971487,166.0387936220878,0.9999883273920617,0.9999883285719595,1.9999533149997908,2183140.902424057,-2183065.8064468587,65492738.664467,65491974.19340576,4766104199836.927,2724.617611454217,13148.378489143866,30,0,official,2026-06-13T16:26:53
challenger_metrics_scoring,FastNeuralAR_MLP,EUR-Multitenant,11,791.5606089047903,168.74933478642498,0.9999889004729264,0.9999889087067712,1.9999556354706038,2221771.8392613907,-2221681.330402878,66651179.70866001,66650439.912086345,4936270105734.943,2806.7103206118536,13166.107244649837,30,0,official,2026-06-13T16:26:53
challenger_metrics_scoring,FastNeuralAR_MLP,EUR-Multitenant,12,803.452588758263,172.4367722559281,0.9999892635936057,0.9999892575051782,1.9999570306245302,2279682.775606635,-2279556.8325879783,68387439.212979,68386704.97763935,5196953557397.571,2837.2014285385976,13220.398095965074,30,0,official,2026-06-13T16:26:53
challenger_metrics_scoring,FastNeuralAR_MLP,FRA-Go Local,1,1369.1973968031084,341.2592310035532,0.9605415182598902,0.9604712973662877,1.8497768845411298,90599.49343756729,-90565.8568484488,2828587.4725909997,2716975.7054534643,8208268211.143798,66.14521548164485,265.4858395218735,30,0,official,2026-06-13T16:26:53
challenger_metrics_scoring,FastNeuralAR_MLP,FRA-Go Local,2,1384.2228823194978,345.8434992137557,0.9544008166557868,0.9543156111656627,1.8277286460100028,91213.58313397435,-91168.90370007619,2865742.634824999,2735067.1110022855,8319917748.138449,65.86287863361093,263.7423671150109,30,0,official,2026-06-13T16:26:53
challenger_metrics_scoring,FastNeuralAR_MLP,FRA-Go Local,3,1397.7300182601766,353.4397016553833,0.955012445509222,0.9549021158779963,1.8298174270417735,92865.25565289614,-92818.19880128797,2915716.938698,2784545.9640386393,8623955707.477758,66.40638577457423,262.74709722181456,30,0,official,2026-06-13T16:26:53
challenger_metrics_scoring,FastNeuralAR_MLP,FRA-Go Local,4,1402.0146825701725,357.03491713731,0.955070599009092,0.9549889762353215,1.8300936171488933,93436.55746252587,-93389.28375712906,2933477.918407999,2801678.512713872,8730390270.4479,66.61077442208229,261.70145545342183,30,0,official,2026-06-13T16:26:53
challenger_metrics_scoring,FastNeuralAR_MLP,FRA-Go Local,5,1380.5417065397598,353.8844081997929,0.9560087534761743,0.9554674128890964,1.8319090531740387,94355.62490337898,-94225.85181782412,2956851.1211389997,2826775.5545347235,8902983950.90715,68.25281074194798,266.62837558559096,30,0,official,2026-06-13T16:26:53
challenger_metrics_scoring,FastNeuralAR_MLP,FRA-Go Local,6,1348.970111713094,351.47300692164794,0.9574959438982235,0.9573964271971765,1.8386351178811497,97889.98614090872,-97845.78731087944,3065677.341019,2935373.6193263833,9582449386.667301,72.53369549205387,278.51352511611464,30,0,official,2026-06-13T16:26:53
challenger_metrics_scoring,FastNeuralAR_MLP,FRA-Go Local,7,1291.360051813171,343.0480279984782,0.9560176908967783,0.956129252118311,1.8341073146853182,96288.30686504222,-96264.44823231192,3020794.9857709995,2887933.4469693573,9271438038.936537,74.54501019847181,280.684624327499,30,0,official,2026-06-13T16:26:53
challenger_metrics_scoring,FastNeuralAR_MLP,FRA-Go Local,8,1272.3555124666314,339.9127269544746,0.9571173613136721,0.9571349586367002,1.8376732802723446,94910.89050758495,-94880.88193738008,2973957.60768,2846426.458121402,9008077136.94278,74.57104638423014,279.221350015225,30,0,official,2026-06-13T16:26:53
challenger_metrics_scoring,FastNeuralAR_MLP,FRA-Go Local,9,1240.8080201752514,333.8863822074155,0.9575475617018293,0.9575970397116451,1.83926160322392,92750.01695419037,-92725.97937828967,2905108.312745,2781779.38134869,8602565645.002602,74.73031917152912,277.78915791951226,30,0,official,2026-06-13T16:26:53
challenger_metrics_scoring,FastNeuralAR_MLP,FRA-Go Local,10,1240.4032849819434,334.80052307843135,0.9528215254108884,0.9528023733242954,1.8220945078277804,92487.27797745547,-92450.60774502723,2910847.5809830003,2773518.232350817,8553896587.679118,74.53270147246751,276.2459183965765,30,0,official,2026-06-13T16:26:53
challenger_metrics_scoring,FastNeuralAR_MLP,FRA-Go Local,11,1252.53648371073,337.61024161280767,0.9529898154590839,0.9529832559679433,1.8227079711458685,92699.34490394902,-92664.56412360669,2917068.8695859998,2779936.9237082005,8593168545.6213,73.98152894443538,274.5750379523805,30,0,official,2026-06-13T16:26:53
challenger_metrics_scoring,FastNeuralAR_MLP,FRA-Go Local,12,1275.2384750680314,343.3397227794467,0.9536983274850701,0.9536641273915817,1.8251310981401199,93709.51034038971,-93670.83330430377,2946555.444361,2810124.9991291133,8781472328.235605,73.45358153447073,272.9352420447618,30,0,official,2026-06-13T16:26:53
challenger_metrics_scoring,FastNeuralAR_MLP,GBR-Dedicated,1,1594.0399953112615,279.77180619955783,3.331741835669267,5.2493620766154345,1.0206055836782797,3676.375733638511,2703.541294899371,24343.494438454545,81106.23884698114,13515738.534886101,1.696031029868521,13.140622650933587,30,0,official,2026-06-13T16:26:53
challenger_metrics_scoring,FastNeuralAR_MLP,GBR-Dedicated,2,285.73798570012235,38.45835957809278,0.6666138168628039,0.6661036521924358,1.0269469995011955,695.7516591367928,-683.4795970947138,30759.020281545458,20504.387912841412,484070.37119159993,2.3919801751945404,18.091038379419523,30,0,official,2026-06-13T16:26:53
challenger_metrics_scoring,FastNeuralAR_MLP,GBR-Dedicated,3,1458.0207382116057,272.81317099504315,3.4338312085634577,3.433297281801726,1.0091638710290047,4943.518866193154,3553.6904772566218,31047.162147000003,106610.71431769866,24438378.780407652,2.437338773120295,18.12052859531102,30,0,official,2026-06-13T16:26:53
challenger_metrics_scoring,FastNeuralAR_MLP,GBR-Dedicated,4,1434.6400466778684,267.1489645016369,3.367336239543195,3.573666154189612,1.0031380370598793,4808.161196125095,3460.296379246991,30828.192966999995,103808.89137740973,23118414.087923102,2.411961374743333,17.998052903160826,30,0,official,2026-06-13T16:26:53
challenger_metrics_scoring,FastNeuralAR_MLP,GBR-Dedicated,5,1137.1026649066357,201.7716422649129,2.892260348907918,2.7945776222733603,0.9667944658618715,3998.827310540327,2917.0170764302575,30256.789408999994,87510.51229290772,15990619.859523185,2.565306692575349,19.818579388327173,30,0,official,2026-06-13T16:26:53
challenger_metrics_scoring,FastNeuralAR_MLP,GBR-Dedicated,6,1245.5991957156998,234.6539159684154,3.1642085714676638,3.1568010898262657,0.9683459790814637,4731.78220939599,3384.334066412023,32087.019454999998,101530.02199236068,22389762.877156395,2.7170329573530614,20.164940311641303,30,0,official,2026-06-13T16:26:53
challenger_metrics_scoring,FastNeuralAR_MLP,GBR-Dedicated,7,1458.710157959289,272.83638181318025,3.6993022445697674,3.743663073500971,1.0402781248793511,5466.591348205003,3938.764883973868,31941.955187000003,118162.94651921604,29883620.96826979,2.7001696412974416,20.036152480383468,30,0,official,2026-06-13T16:26:53
challenger_metrics_scoring,FastNeuralAR_MLP,GBR-Dedicated,8,1235.0604219088343,240.75063698797825,3.371163747731123,3.5476996238738523,1.001894596782455,4827.502044109049,3475.267622387863,30926.420806999995,104258.02867163588,23304775.985877052,2.813844214209942,20.051876516323023,30,0,official,2026-06-13T16:26:53
challenger_metrics_scoring,FastNeuralAR_MLP,GBR-Dedicated,9,731.3009656506505,144.44156501553118,2.288991006003835,2.2845584229566156,0.8796048723408646,2918.8295185632683,2161.166103685318,28324.699808999998,64834.98311055954,8519565.75843628,2.955234855682835,20.207684112598884,30,0,official,2026-06-13T16:26:53
challenger_metrics_scoring,FastNeuralAR_MLP,GBR-Dedicated,10,24.438925703498683,4.927936782968368,0.08701035434466652,0.09736529917307048,0.08892738382448855,98.95917301279941,53.8632126908331,24644.203445999996,2144.3008743785113,9792.917923377168,2.9247069482429997,20.081258622232333,30,0,official,2026-06-13T16:26:53
challenger_metrics_scoring,FastNeuralAR_MLP,GBR-Dedicated,11,129.14642713892286,20.545902820382622,0.5440647426895014,0.5439574240945364,0.783031655424859,417.53664244206146,-400.72298992617374,22096.064594,12021.689697785212,174336.84778178987,3.102857731365002,20.32213653944878,30,0,official,2026-06-13T16:26:53
challenger_metrics_scoring,FastNeuralAR_MLP,GBR-Dedicated,12,84.38044194390915,15.527482791349097,0.5859516674046752,0.5419600506621591,0.6533091722594535,313.6273263592506,-125.6658627182085,13269.544405999997,7775.311670396079,98362.09983925191,3.071529962501903,20.198207949970058,30,0,official,2026-06-13T16:26:53
challenger_metrics_scoring,FastNeuralAR_MLP,GBR-Go Local,1,1425.1598969004772,423.21078695667654,0.9999371654909353,0.9999372070600528,1.9997488489709547,234257.2754816287,-234254.88293039752,7028088.094377,7027646.487911926,54876471116.07567,164.3709477370708,553.5238767569723,30,0,official,2026-06-13T16:26:53
challenger_metrics_scoring,FastNeuralAR_MLP,GBR-Go Local,2,1442.0069023473309,430.6334423280108,0.9999291069417579,0.9999290582509641,1.9997162596026778,237113.30927787712,-237111.34980380366,7113844.816329,7113340.49411411,56222721436.70621,164.4314943415517,550.6151774837529,30,0,official,2026-06-13T16:26:53
challenger_metrics_scoring,FastNeuralAR_MLP,GBR-Go Local,3,1427.667366273198,431.3224002868053,0.999929308670398,0.9999292232364176,1.9997169194294335,238281.78587051985,-238276.00895656893,7148785.625858,7148280.268697068,56778209477.64427,166.8988271256545,552.4447274523089,30,0,official,2026-06-13T16:26:53
challenger_metrics_scoring,FastNeuralAR_MLP,GBR-Go Local,4,1362.1395259122426,421.1189552950623,0.9999298736302221,0.9999295361377794,1.9997181710663645,239874.45815383553,-239845.88258843988,7195881.098671999,7195376.477653196,57539755674.59619,176.0802605208978,569.6121134840973,30,0,official,2026-06-13T16:26:53
challenger_metrics_scoring,FastNeuralAR_MLP,GBR-Go Local,5,1247.3632929459566,382.8417012876098,0.9999306792368147,0.999930712094667,1.999722873718162,242777.34069775674,-242684.68754784236,7281045.354056001,7280540.6264352705,58940837156.27465,194.55814430347917,634.1454963793776,30,0,official,2026-06-13T16:26:53
challenger_metrics_scoring,FastNeuralAR_MLP,GBR-Go Local,6,1200.6676104567273,373.2412449369452,0.99993330364573,0.9999334063101057,1.9997336485881287,251440.76940315188,-251429.07797444233,7543375.454875,7542872.33923327,63222460518.049,209.40772932052369,673.6682315097033,30,0,official,2026-06-13T16:26:53
challenger_metrics_scoring,FastNeuralAR_MLP,GBR-Go Local,7,1174.0582939126894,372.14954156457486,0.9999330574701851,0.9999330989626112,1.9997324193669028,255226.6194876328,-255220.53529091,7657128.6462900005,7656616.0587273,65140627295.08489,217.38318839378675,685.817369046379,30,0,official,2026-06-13T16:26:53
challenger_metrics_scoring,FastNeuralAR_MLP,GBR-Go Local,8,1145.328319268042,370.4937509199222,0.9999337054191917,0.9999338601745034,1.9997354636301572,258525.32884349235,-258514.70197835952,7755955.237152001,7755441.059350786,66835345653.63586,225.7123111594512,697.7859362042775,30,0,official,2026-06-13T16:26:53
challenger_metrics_scoring,FastNeuralAR_MLP,GBR-Go Local,9,1101.8583572296288,362.96715468025315,0.9999340932594986,0.9999341321760252,1.9997365515318677,259833.97909686607,-259825.19861541575,7795269.719280999,7794755.958462472,67513696693.31064,235.80635107100957,715.8608588861445,30,0,official,2026-06-13T16:26:53
challenger_metrics_scoring,FastNeuralAR_MLP,GBR-Go Local,10,1016.5435144754039,337.3400214037902,0.9782888926651202,0.9783386163484503,1.9157273435369775,252731.59174358734,-252709.1137701544,7749524.164024002,7581273.413104632,63873257465.2473,248.59645472291183,749.1894696985032,30,0,official,2026-06-13T16:26:53
challenger_metrics_scoring,FastNeuralAR_MLP,GBR-Go Local,11,1000.594919168612,335.0347481325995,0.9794204040574902,0.9794221840583197,1.9198419021393847,263945.6771544874,-263908.05066670803,8083598.715324,7917241.520001241,69667320488.54091,263.7511400577444,787.8158269422951,30,0,official,2026-06-13T16:26:53
challenger_metrics_scoring,FastNeuralAR_MLP,GBR-Go Local,12,1031.9984577443322,339.88647501085467,0.9999292705165932,0.9999293875623336,1.9997175763232344,277862.0751902791,-277839.3155792051,8335769.052015,8335179.467376153,77207332829.04831,269.2245453413625,817.5143632337981,30,0,official,2026-06-13T16:26:53
challenger_metrics_scoring,FastNeuralAR_MLP,IND-Go Local,1,1303.6241044720896,170.5117742324849,0.9999444975712469,0.9999444882869084,1.999777968901826,289479.609895535,-289477.46564296365,8684805.997115,8684323.96928891,83798444545.27113,222.0559321125696,1697.7103850954186,30,0,official,2026-06-13T16:26:53
challenger_metrics_scoring,FastNeuralAR_MLP,IND-Go Local,2,1321.2597640178305,174.66023380420503,0.9999383899728649,0.9999382465153699,1.9997530056929356,294551.1621111047,-294531.3432254021,8836484.712825,8835940.296762064,86760387101.00227,222.9170608584637,1686.4237250552292,30,0,official,2026-06-13T16:26:53
challenger_metrics_scoring,FastNeuralAR_MLP,IND-Go Local,3,1330.7354601617901,180.79536569176165,0.9999402192884503,0.9999401112474848,1.9997604634299202,304383.25324317714,-304370.47852664825,9131660.252946999,9131114.355799448,92649164854.9001,228.72350488777315,1683.578846606725,30,0,official,2026-06-13T16:26:53
challenger_metrics_scoring,FastNeuralAR_MLP,IND-Go Local,4,1356.1465839281827,186.53068462184166,0.9999411745462303,0.9999410140944236,1.9997640742956788,312002.57096481294,-311990.1385587762,9360254.777998,9359704.156763285,97345604288.65315,230.05635397839723,1672.6608364588574,30,0,official,2026-06-13T16:26:53
challenger_metrics_scoring,FastNeuralAR_MLP,IND-Go Local,5,1353.2436483474048,189.08558548621585,0.9999423043747631,0.9999418037899338,1.9997672328429337,319387.8138258289,-319304.81962506543,9579697.295377,9579144.588751962,102008575620.44234,235.95515856660683,1689.1177241488454,30,0,official,2026-06-13T16:26:53
challenger_metrics_scoring,FastNeuralAR_MLP,IND-Go Local,6,1350.1930380527197,195.91707917098526,0.9999441133539765,0.9999440058520944,1.9997760395299158,330901.27561947174,-330893.1433072531,9927349.105463002,9926794.299217593,109495654206.59358,245.07098909684424,1688.986366169128,30,0,official,2026-06-13T16:26:53
challenger_metrics_scoring,FastNeuralAR_MLP,IND-Go Local,7,1383.2708421712673,202.1971825866617,0.9999450292645626,0.9999449338181616,1.9997797509273059,339360.38165387145,-339346.94581863115,10180968.029859,10180408.374558935,115165468636.26128,245.3221274338229,1678.3635524121191,30,0,official,2026-06-13T16:26:53
challenger_metrics_scoring,FastNeuralAR_MLP,IND-Go Local,8,1419.0209106595596,209.76752181311355,0.9999467639341215,0.9999466540884435,1.9997866310603218,349939.35379851254,-349928.16015800304,10498403.698451001,10497844.804740092,122457551336.92052,246.59831122245885,1668.2246649711633,30,0,official,2026-06-13T16:26:53
challenger_metrics_scoring,FastNeuralAR_MLP,IND-Go Local,9,1449.5548272758706,216.24012281405032,0.9999476695665831,0.9999475796564808,1.9997903328394442,358541.36478123267,-358532.7934622398,10756546.698618,10755983.803867193,128551910259.18896,247.33993272681224,1658.0704825512441,30,0,official,2026-06-13T16:26:53
challenger_metrics_scoring,FastNeuralAR_MLP,IND-Go Local,10,1469.916296537268,220.9303370508539,0.9999415107693119,0.9999414664586095,1.999765883559601,364102.6118356665,-364101.5525296062,10923685.493849,10923046.575888187,132570711945.55405,247.70223541798447,1648.0426214705728,30,0,official,2026-06-13T16:26:53
challenger_metrics_scoring,FastNeuralAR_MLP,IND-Go Local,11,1485.2891127305297,223.71366137071402,0.9999424316241083,0.9999424725922716,1.9997699074716793,366466.8592407399,-366465.0413892011,10994584.182030998,10993951.241676034,134297958921.77228,246.72977014925948,1638.1067521552504,30,0,official,2026-06-13T16:26:53
challenger_metrics_scoring,FastNeuralAR_MLP,IND-Go Local,12,1517.6652839600938,229.68280019517675,0.9999447978064451,0.9999447033845076,1.999778829400307,374023.1736501413,-374007.36157833296,11220840.262346,11220220.847349988,139893334427.32376,246.4359997761979,1628.4335323860078,30,0,official,2026-06-13T16:26:53
challenger_metrics_scoring,FastNeuralAR_MLP,ISR-Go Local,1,80.90090308833301,25.585561509915266,0.12656310788771682,0.12634923857859526,0.13628741139351286,97.50391101826877,-91.0263467560309,21576.511894,2730.790402680927,9507.012663858473,1.1251585987444697,3.8108958828393398,30,0,official,2026-06-13T16:26:53
challenger_metrics_scoring,FastNeuralAR_MLP,ISR-Go Local,2,146.09207061074252,48.036144569294095,0.22445170889523752,0.22321878468961565,0.2575604292504456,181.1241608566094,-166.52053735744795,22256.97521,4995.616120723438,32805.96164601092,1.1398328236522597,3.7705807258392774,30,0,official,2026-06-13T16:26:53
challenger_metrics_scoring,FastNeuralAR_MLP,ISR-Go Local,3,197.6129489798537,65.33612514682152,0.28826796647873454,0.2868351608444547,0.34494680113466847,241.66317589123798,-224.57970849008183,23371.973435000004,6737.391254702455,58401.090581839424,1.136462512448905,3.6987681064369706,30,0,official,2026-06-13T16:26:53
challenger_metrics_scoring,FastNeuralAR_MLP,ISR-Go Local,4,307.6278410631604,103.07205550337538,0.4309182399896238,0.42930340241174947,0.5734358295289871,374.60850681776054,-351.03671158373504,24438.745846,10531.10134751205,140331.53338023214,1.141108393734955,3.6344332611615853,30,0,official,2026-06-13T16:26:53
challenger_metrics_scoring,FastNeuralAR_MLP,ISR-Go Local,5,164.99567461171097,53.92478760176623,0.2360590266902929,0.23359544580779404,0.20382302906800523,232.87264923332134,203.83065415763468,25904.197397000004,6114.91962472904,54229.67076094551,1.2353696824920726,4.318471329976901,30,0,official,2026-06-13T16:26:53
challenger_metrics_scoring,FastNeuralAR_MLP,ISR-Go Local,6,185.76105450025548,62.17389460911972,0.27055314986880225,0.266931612346428,0.22926713885651928,282.6839047692169,248.9875639582461,27608.722805,7469.626918747384,79910.19001557169,1.3403647208403615,4.5466655506530325,30,0,official,2026-06-13T16:26:53
challenger_metrics_scoring,FastNeuralAR_MLP,ISR-Go Local,7,273.507207546089,98.31976148795388,0.36194363073181174,0.35582973364008974,0.28707301143039043,451.1724055570117,376.71307908557156,31224.178057,11301.392372567147,203556.53953610064,1.3773424198413171,4.588827299100896,30,0,official,2026-06-13T16:26:53
challenger_metrics_scoring,FastNeuralAR_MLP,ISR-Go Local,8,264.3922142535414,97.73149098479506,0.3464939230436495,0.34283640292139883,0.2795977886778848,472.5261153047554,400.77589925378953,34699.820626,12023.276977613687,223280.929645003,1.5158385067627662,4.834942253958556,30,0,official,2026-06-13T16:26:53
challenger_metrics_scoring,FastNeuralAR_MLP,ISR-Go Local,9,255.2301491014116,93.37586207034903,0.32226537498587465,0.3200279774792485,0.26723275727635093,445.83056748178024,393.2862940468827,36611.407049,11798.58882140648,198764.8949011262,1.540908452357706,4.774580470763345,30,0,official,2026-06-13T16:26:53
challenger_metrics_scoring,FastNeuralAR_MLP,ISR-Go Local,10,153.78856715504446,57.16037813026849,0.18731193827252188,0.1860223008842136,0.16690248140820405,269.36711790027994,239.36321971674,38336.56657299999,7180.8965915022,72558.6442059033,1.5564435259704452,4.712479635568405,30,0,official,2026-06-13T16:26:53
challenger_metrics_scoring,FastNeuralAR_MLP,ISR-Go Local,11,73.36888283580677,28.77821362041259,0.08602972921986868,0.0853550906016484,0.08081562921634156,134.3387421713153,115.91520977426286,40421.565019,3477.456293227886,18046.897648171125,1.5798960716584862,4.668070921401037,30,0,official,2026-06-13T16:26:53
challenger_metrics_scoring,FastNeuralAR_MLP,ISR-Go Local,12,319.6639519707128,125.45705799451379,0.36217585302077127,0.3593646948733096,0.29454616053510646,581.0240669481116,513.498385288289,42534.45233900001,15404.951558648669,337588.9663729236,1.606369382980459,4.631258505787052,30,0,official,2026-06-13T16:26:53
challenger_metrics_scoring,FastNeuralAR_MLP,ITA-Go Local,1,463.1714049984075,128.24661725785026,0.6236398987407865,0.6031352060641252,0.9012851266074298,1761.603467713716,-1639.118338683809,78849.26904099999,49173.55016051427,3103246.7774609895,3.538902274611371,13.736061857848998,30,0,official,2026-06-13T16:26:53
challenger_metrics_scoring,FastNeuralAR_MLP,ITA-Go Local,2,544.5218715127104,160.31193843833054,0.7174714709789377,0.7129827798109283,1.1259016195987999,2768.7632150096533,-2724.6251754367277,113926.14002,81738.75526310183,7666049.740790592,5.003701996152286,17.271098097754912,30,0,official,2026-06-13T16:26:53
challenger_metrics_scoring,FastNeuralAR_MLP,ITA-Go Local,3,786.410591264954,265.83102106332876,0.7877084438944884,0.7687130417782481,1.2774305312724477,4755.354669537511,-4553.4009741180025,173416.992394,136602.02922354007,22613398.03309221,5.790106370253463,17.888637114344323,30,0,official,2026-06-13T16:26:53
challenger_metrics_scoring,FastNeuralAR_MLP,ITA-Go Local,4,830.3528505937328,294.1110277855185,0.8384351735329831,0.8209311081721642,1.4114934296289796,8499.495598783424,-8120.293447367795,290551.745813,243608.80342103387,72241425.4337388,9.779328681248565,28.898935421699694,30,0,official,2026-06-13T16:26:53
challenger_metrics_scoring,FastNeuralAR_MLP,ITA-Go Local,5,578.6928333902008,128.87664500204627,0.7608386667429211,0.7560612758391553,1.2274311037415262,11346.683014978782,-11203.20732230451,441744.399122,336096.2196691353,128747215.442408,19.35950589999862,88.0429733005435,30,0,official,2026-06-13T16:26:53
challenger_metrics_scoring,FastNeuralAR_MLP,ITA-Go Local,6,508.74555995360953,114.09411937399003,0.7921202061309984,0.7918667613630929,1.325109109911474,12511.824301484274,-12447.276702047926,471416.20447399997,373418.30106143776,156545747.35121244,24.4666050809032,109.66230661259294,30,0,official,2026-06-13T16:26:53
challenger_metrics_scoring,FastNeuralAR_MLP,ITA-Go Local,7,566.0571502800749,128.69504323640822,0.863794246906052,0.8635644076720747,1.5326785379338475,13886.096826900863,-13839.170099708905,480641.199543,415175.10299126717,192823685.0860662,24.44836195932077,107.89923588115664,30,0,official,2026-06-13T16:26:53
challenger_metrics_scoring,FastNeuralAR_MLP,ITA-Go Local,8,607.8560266218352,137.08791204124432,0.8932698670299367,0.8930912689067048,1.6249252938824934,14532.604567306838,-14495.437096176534,486821.65260000003,434863.11288529605,211196595.5097076,23.84682632289597,106.00938004610177,30,0,official,2026-06-13T16:26:53
challenger_metrics_scoring,FastNeuralAR_MLP,ITA-Go Local,9,640.0700694929697,142.91207985257012,0.9189342397823238,0.9190442487542999,1.7085956821377066,14892.702414014468,-14871.80753625592,485512.68063899997,446154.2260876776,221792585.19239235,23.234655462075573,104.20884245319196,30,0,official,2026-06-13T16:26:53
challenger_metrics_scoring,FastNeuralAR_MLP,ITA-Go Local,10,648.1293602446017,143.77216620298913,0.9224083106343739,0.9223964359672973,1.7203344577096036,14738.771297378547,-14715.664848960476,478605.776183,441469.9454688143,217231379.35642973,22.7048267700862,102.51477519347635,30,0,official,2026-06-13T16:26:53
challenger_metrics_scoring,FastNeuralAR_MLP,ITA-Go Local,11,662.6750093409593,147.50875801257865,0.9325346935532834,0.9327984427128407,1.754995704566801,14886.94821958612,-14872.92731247882,478467.79584599996,446187.81937436457,221621227.29263833,22.44377274355069,100.92247009710876,30,0,official,2026-06-13T16:26:53
challenger_metrics_scoring,FastNeuralAR_MLP,ITA-Go Local,12,661.7004759139633,146.96162580020555,0.919458899236729,0.9193323904211977,1.7112201199597519,14608.025415097922,-14579.152114780465,475686.91086299997,437374.56344341394,213394406.5281468,22.03285722991697,99.40027089083475,30,0,official,2026-06-13T16:26:53
challenger_metrics_scoring,FastNeuralAR_MLP,JPN-Go Local,1,1734.6968338290865,504.4636192230908,0.9999446199698059,0.9999446479153498,1.999778607604504,274653.5826528718,-274653.0753514008,8240048.594682,8239592.260542025,75434590464.05788,158.3291500827524,544.4467592645382,30,0,official,2026-06-13T16:26:53
challenger_metrics_scoring,FastNeuralAR_MLP,JPN-Go Local,2,1739.0273360717208,512.1474790671305,0.9999378792232322,0.9999378619970378,1.9997514681543436,278233.32888612687,-278220.5692336758,8347135.607558001,8346617.077010273,77413785303.05565,159.9863115792916,543.2679848252403,30,0,official,2026-06-13T16:26:53
challenger_metrics_scoring,FastNeuralAR_MLP,JPN-Go Local,3,1734.8475618882997,518.9622918062454,0.9999387508160352,0.9999387585219677,1.9997550536231565,282892.0528498938,-282889.5422052733,8487206.100606002,8486686.266158199,80027913565.6271,163.06305431087063,545.1109980751964,30,0,official,2026-06-13T16:26:53
challenger_metrics_scoring,FastNeuralAR_MLP,JPN-Go Local,4,1732.8886829597384,522.6791158129823,0.9999388485561169,0.9999386652743995,1.999754680841837,283805.76495835365,-283794.15935991,8514345.445315002,8513824.7807973,80545712223.59628,163.76941124411718,542.9827907260428,30,0,official,2026-06-13T16:26:53
challenger_metrics_scoring,FastNeuralAR_MLP,JPN-Go Local,5,1664.1581028666144,484.8072047976109,0.9999393118945055,0.999939142753723,1.9997565904511443,284091.046157238,-284066.18558886915,8522502.782213999,8521985.567666074,80707722506.71394,170.69663339051002,585.9876737513327,30,0,official,2026-06-13T16:26:53
challenger_metrics_scoring,FastNeuralAR_MLP,JPN-Go Local,6,1645.149138332451,482.3475468030986,0.9999409380134602,0.9999410415033023,1.999764184176274,288878.9120363492,-288870.6313260953,8666630.808215,8666118.93978286,83451025819.30478,175.5893277972957,598.9020032360065,30,0,official,2026-06-13T16:26:53
challenger_metrics_scoring,FastNeuralAR_MLP,JPN-Go Local,7,1679.6849231667704,498.5352255464951,0.9999427851488968,0.9999428364229404,1.9997713627968239,298357.0503826592,-298350.5770759712,8951029.444095999,8950517.312279135,89016929513.04063,177.62294163686371,598.4673401074111,30,0,official,2026-06-13T16:26:53
challenger_metrics_scoring,FastNeuralAR_MLP,JPN-Go Local,8,1695.9845425511553,510.48174321288025,0.9999430351773365,0.9999430555563122,1.9997722391009884,304968.73483305424,-304962.3035883007,9149390.301044999,9148869.10764902,93005929225.67375,179.81431784134452,597.4135978176926,30,0,official,2026-06-13T16:26:53
challenger_metrics_scoring,FastNeuralAR_MLP,JPN-Go Local,9,1717.3925983286592,520.8845216633798,0.9999436646190016,0.9999437161754976,1.9997748811316416,310714.0989442209,-310709.66998141457,9321815.247456,9321290.099442437,96543251282.7191,180.91941835768512,596.512443779274,30,0,official,2026-06-13T16:26:53
challenger_metrics_scoring,FastNeuralAR_MLP,JPN-Go Local,10,1744.6365832196761,533.3358889444652,0.9999370440165518,0.9999370768598096,1.9997483279949828,316617.93301880494,-316612.8430134024,9498983.308238002,9498385.290402073,100246915509.10045,181.47781954056163,593.6557797477857,30,0,official,2026-06-13T16:26:53
challenger_metrics_scoring,FastNeuralAR_MLP,JPN-Go Local,11,1774.7090423256404,546.3872049291018,0.9999378603064856,0.9999378740845789,1.9997515163547652,322689.0730432409,-322685.09643109795,9681154.476905,9680552.892932938,104128237861.50606,181.82422511818623,590.5868038859226,30,0,official,2026-06-13T16:26:53
challenger_metrics_scoring,FastNeuralAR_MLP,JPN-Go Local,12,1815.630848700672,562.4112943765543,0.9999390456098192,0.9999390302196656,1.9997561401510897,330441.0934506947,-330432.5588649021,9913581.042234002,9912976.765947064,109191316240.89073,181.99324995021485,587.5434877548042,30,0,official,2026-06-13T16:26:53
challenger_metrics_scoring,FastNeuralAR_MLP,KOR-Go Local,1,1238.8535247764175,282.11705953396057,0.7908830673928255,0.7894434795273647,1.3479011818671915,14607.496371217976,-14361.350044110266,544758.7881019999,430840.501323308,213378950.23514634,11.592452018653404,51.778139171550386,30,0,official,2026-06-13T16:26:53
challenger_metrics_scoring,FastNeuralAR_MLP,KOR-Go Local,2,1187.3021752607722,276.4257534466496,0.7435488205610078,0.7424639112433568,1.2351007031244803,14234.77980952213,-13889.537680246653,560401.844351,416686.13040739956,202628956.22557887,11.698401611364044,51.495852437893255,30,0,official,2026-06-13T16:26:53
challenger_metrics_scoring,FastNeuralAR_MLP,KOR-Go Local,3,1190.2102096781318,279.93239069683744,0.7410325546812839,0.7407289475753795,1.2308302349490077,14334.764400147413,-13996.444132450077,566632.763056,419893.3239735023,205485470.40773362,11.759640455642815,51.20795190747235,30,0,official,2026-06-13T16:26:53
challenger_metrics_scoring,FastNeuralAR_MLP,KOR-Go Local,4,1206.1828127731703,288.3420106407865,0.7533158576350624,0.7533800982660358,1.2611483108595964,14765.09059562488,-14454.28637731667,575626.527604,433628.5913195001,218007900.2970103,11.983495556601737,51.20686563436321,30,0,official,2026-06-13T16:26:53
challenger_metrics_scoring,FastNeuralAR_MLP,KOR-Go Local,5,1191.8392901857133,290.11708218459285,0.7579685082260618,0.756755427611394,1.2704419410081007,14906.268409973261,-14569.506545484805,576653.5042300001,437085.19636454416,222196837.9101668,12.224388527428538,51.38018174499924,30,0,official,2026-06-13T16:26:53
challenger_metrics_scoring,FastNeuralAR_MLP,KOR-Go Local,6,1218.5607940413238,301.0184634178713,0.77105510502035,0.769818627505769,1.3006836415247738,15439.175698782576,-15127.949006164945,588594.0800209999,453838.47018494835,238368146.25787842,12.41460342408811,51.289796391492565,30,0,official,2026-06-13T16:26:53
challenger_metrics_scoring,FastNeuralAR_MLP,KOR-Go Local,7,1278.972686462289,324.43622135053135,0.7848641019698532,0.7830721650935554,1.3327632119271833,16719.50297637099,-16413.331283477637,627369.6774619999,492399.93850432907,279541779.77687836,12.833214858464135,51.53402079081269,30,0,official,2026-06-13T16:26:53
challenger_metrics_scoring,FastNeuralAR_MLP,KOR-Go Local,8,1318.5763694963673,343.6354379747938,0.7745969801537929,0.7698109208743453,1.301206973077174,17671.143810116555,-17236.278410599138,667557.9244000001,517088.3523179741,312269323.5578207,13.071884806476978,51.424101990938325,30,0,official,2026-06-13T16:26:53
challenger_metrics_scoring,FastNeuralAR_MLP,KOR-Go Local,9,1481.87548724535,405.94691579159115,0.78638425183478,0.7775826280477257,1.3182532926356911,21164.55669552252,-20565.986052901582,784577.743193,616979.5815870474,447938460.1179871,13.878349584641269,52.136266768407175,30,0,official,2026-06-13T16:26:53
challenger_metrics_scoring,FastNeuralAR_MLP,KOR-Go Local,10,1207.1212560346687,350.8497077305896,0.6625329406352263,0.6625329406352264,1.0254817945585126,19538.270879142026,-19119.428337810907,865742.3879700003,573582.8501343272,381744028.9467293,15.838863115224436,55.68843424588248,30,0,official,2026-06-13T16:26:53
challenger_metrics_scoring,FastNeuralAR_MLP,KOR-Go Local,11,1184.9702593451577,345.0187856000944,0.6456095264919961,0.6456095264919962,0.9929213270004975,19142.31689430831,-18631.051105378727,865742.3879700003,558931.5331613618,366428296.0821213,15.722800600645185,55.48195545646564,30,0,official,2026-06-13T16:26:53
challenger_metrics_scoring,FastNeuralAR_MLP,KOR-Go Local,12,1267.0141431585043,365.8325517323422,0.6818980750043961,0.6818980750043964,1.078558566243133,20173.064015028474,-19678.26892688174,865742.3879700003,590348.0678064523,406952511.75443673,15.531214890645444,55.14288960755985,30,0,official,2026-06-13T16:26:53
challenger_metrics_scoring,FastNeuralAR_MLP,LAM-Multitenant,1,1375.7457969715547,383.87139605054375,0.9730327946787227,0.973045929740218,1.8958467333496902,158228.15914373542,-158209.80516918915,4877835.75336,4746294.155075674,25036150346.015266,114.99930111904266,412.19054290489976,30,0,official,2026-06-13T16:26:53
challenger_metrics_scoring,FastNeuralAR_MLP,LAM-Multitenant,2,1401.0262302670194,391.8582471845838,0.9686326273121484,0.9686579977236789,1.8795456663150876,160457.4356006231,-160432.6646168039,4968839.375006001,4812979.938504117,25746588639.52811,114.51082153274696,409.47826606553485,30,0,official,2026-06-13T16:26:53
challenger_metrics_scoring,FastNeuralAR_MLP,LAM-Multitenant,3,1427.6786672448577,401.9776883568449,0.9689612085777233,0.9689693496395698,1.8806951547247588,163661.24925481965,-163634.98979339574,5066301.571564,4909049.693801872,26785004507.648205,114.61612024306524,407.1401323884767,30,0,official,2026-06-13T16:26:53
challenger_metrics_scoring,FastNeuralAR_MLP,LAM-Multitenant,4,1433.7299994542896,405.5363730539771,0.9688300093322475,0.9684033752240777,1.8787198298344103,164063.83488679933,-163866.84620751732,5074167.128260001,4916005.38622552,26916941917.762955,114.29407647875736,404.5600981516949,30,0,official,2026-06-13T16:26:53
challenger_metrics_scoring,FastNeuralAR_MLP,LAM-Multitenant,5,1310.4323665657728,279.4194000268303,0.9691996925182732,0.9687525281750741,1.8799773503917423,166285.39378725027,-165990.83324921128,5137976.245676998,4979724.997476338,27650832186.980892,126.66875260737076,595.1104102695921,30,0,official,2026-06-13T16:26:53
challenger_metrics_scoring,FastNeuralAR_MLP,LAM-Multitenant,6,1236.4818408791314,259.6891365879454,0.9703735253040243,0.9703917057543815,1.8859375528546625,172498.07047077554,-172473.80899364123,5332188.208853,5174214.269809237,29755584316.140644,139.4875389929005,664.2483114127415,30,0,official,2026-06-13T16:26:53
challenger_metrics_scoring,FastNeuralAR_MLP,LAM-Multitenant,7,1257.5812943460483,265.2189227773076,0.9705820871746794,0.970596318701438,1.8867121839665262,175087.8883241407,-175065.09351386534,5411137.166877,5251952.80541596,30655768637.80676,139.20777471877116,660.163635726528,30,0,official,2026-06-13T16:26:53
challenger_metrics_scoring,FastNeuralAR_MLP,LAM-Multitenant,8,1283.6996193272007,271.067874182763,0.9710381202403181,0.9710398060815811,1.888361337043473,177830.84906521364,-177805.02869514824,5493245.578797999,5334150.860854447,31623810879.254795,138.5098398551661,656.0380849311349,30,0,official,2026-06-13T16:26:53
challenger_metrics_scoring,FastNeuralAR_MLP,LAM-Multitenant,9,1305.1650314502433,276.0544728721665,0.9713898133975846,0.9714006213122769,1.8896990251323635,179986.63288264588,-179963.54115130892,5557919.344095,5398906.234539268,32395188016.432346,137.88565952563192,651.9967997982518,30,0,official,2026-06-13T16:26:53
challenger_metrics_scoring,FastNeuralAR_MLP,LAM-Multitenant,10,1328.7562158548553,281.40763290222577,0.9673166719711471,0.9673125142113919,1.8745684948298689,182354.68949191854,-182320.17215278425,5654410.104850001,5469605.1645835275,33253232779.69403,137.21115278884213,648.0090380323021,30,0,official,2026-06-13T16:26:53
challenger_metrics_scoring,FastNeuralAR_MLP,LAM-Multitenant,11,1355.5528805008303,288.1934228305188,0.9676714446359094,0.9676754280749085,1.8759013350691225,185646.9699228798,-185613.68687448575,5754443.449894,5568410.606234573,34464797441.54664,136.9283998761508,644.1749020485292,30,0,official,2026-06-13T16:26:53
challenger_metrics_scoring,FastNeuralAR_MLP,LAM-Multitenant,12,1381.946441465422,295.07599371690617,0.9681299446855491,0.9681208260922436,1.8775468646694518,188971.11686503235,-188936.72026815187,5854690.931893,5668101.608044556,35710083009.21772,136.71783116848042,640.4150825171157,30,0,official,2026-06-13T16:26:53
challenger_metrics_scoring,FastNeuralAR_MLP,MEX-Go Local,1,345.566559494575,91.89025401749934,0.48566865070945536,0.4772631097861101,0.37461968976029336,300.19928420108874,271.79236192635574,16788.752673,8153.7708577906715,90119.61023484606,0.7865123359270605,3.2669327929371,30,0,official,2026-06-13T16:26:53
challenger_metrics_scoring,FastNeuralAR_MLP,MEX-Go Local,2,229.83796961824112,68.31253905671589,0.2937141649430017,0.28760501674998745,0.24550116196395627,229.01587469870623,203.1748305626347,20752.301538000003,6095.244916879041,52448.27086401352,0.8839915828533742,3.3524720038376525,30,0,official,2026-06-13T16:26:53
challenger_metrics_scoring,FastNeuralAR_MLP,MEX-Go Local,3,303.42801437984474,85.16097811605641,0.4075773183454301,0.40217452532636255,0.3264032650423681,353.3145998364824,321.1719066041427,23640.072115000003,9635.157198124281,124831.20645761369,1.0584780949134294,4.148785132023605,30,0,official,2026-06-13T16:26:53
challenger_metrics_scoring,FastNeuralAR_MLP,MEX-Go Local,4,246.01297685909748,74.83761974654236,0.31904614892782696,0.31759021218845895,0.26686485306008856,308.1834652515567,277.61322775252063,26104.05065399999,8328.39683257562,94977.04825445745,1.1284495285446752,4.118028690587736,30,0,official,2026-06-13T16:26:53
challenger_metrics_scoring,FastNeuralAR_MLP,MEX-Go Local,5,200.64311149150657,48.591621927746814,0.2851687540183965,0.2823375651849267,0.24433654663389945,287.6981628601699,269.137147356616,28313.461088999997,8074.11442069848,82770.23291311682,1.3413724765128998,5.920735950900381,30,0,official,2026-06-13T16:26:53
challenger_metrics_scoring,FastNeuralAR_MLP,MEX-Go Local,6,190.2365199530683,50.575143312286045,0.28872658356832326,0.2867335602498037,0.2454406186649675,324.46883209266247,294.9809473985037,30649.856734999994,8849.428421955112,105280.02299957638,1.5506010490061322,6.415579093650148,30,0,official,2026-06-13T16:26:53
challenger_metrics_scoring,FastNeuralAR_MLP,MEX-Go Local,7,187.46747503119087,50.417377090688376,0.26785152696553216,0.2652996660172999,0.23030750089386362,318.188447904863,292.4327689059511,32753.156819999997,8772.983067178533,101243.88838010571,1.5599120266451345,6.311086896339744,30,0,official,2026-06-13T16:26:53
challenger_metrics_scoring,FastNeuralAR_MLP,MEX-Go Local,8,189.8453862494129,53.54505476181081,0.25780641511246916,0.2550876829423493,0.22222721227863,333.7010307975823,304.5642575935411,35441.040999,9136.927727806233,111356.37795536895,1.6042752663655155,6.232154066925769,30,0,official,2026-06-13T16:26:53
challenger_metrics_scoring,FastNeuralAR_MLP,MEX-Go Local,9,167.11312989218365,49.246400117690904,0.2174402122793947,0.21563556486353244,0.1913786721513714,303.26330617934775,275.67785653435413,38034.987224,8270.335696030625,91968.63287482882,1.6496480959468185,6.158080701423813,30,0,official,2026-06-13T16:26:53
challenger_metrics_scoring,FastNeuralAR_MLP,MEX-Go Local,10,69.43478994082034,21.21347299747234,0.08691545716898598,0.08624907452670215,0.08202844910178757,129.14980651952166,117.13283105355683,40429.919442000006,3513.984931606705,16679.67252402988,1.686947294769521,6.088102902099544,30,0,official,2026-06-13T16:26:53
challenger_metrics_scoring,FastNeuralAR_MLP,MEX-Go Local,11,32.92408161579427,9.761123577765582,0.0394129032685023,0.039217121668905446,0.04005471599409259,58.71991938427495,-56.61090890159544,43090.64103900002,1698.3272670478632,3448.0289324957494,1.7194377526520943,6.015692652230157,30,0,official,2026-06-13T16:26:53
challenger_metrics_scoring,FastNeuralAR_MLP,MEX-Go Local,12,113.41921471786009,37.195513433770415,0.1313421381452732,0.13038408674888213,0.12095314790697538,221.66875857914576,200.4954256900257,45795.377292,6014.862770700772,49137.03853001961,1.7677377346402467,5.95955635815714,30,0,official,2026-06-13T16:26:53
challenger_metrics_scoring,FastNeuralAR_MLP,NAM-Dedicated,1,1679.8368710320524,488.2813111824174,0.9466437926564402,0.9465893294001858,1.8007849957664483,95417.82783037354,-95355.31311914494,3021896.320206,2860659.393574348,9104561867.866808,56.76462682984263,195.41568691070856,30,0,official,2026-06-13T16:26:53
challenger_metrics_scoring,FastNeuralAR_MLP,NAM-Dedicated,2,1592.5899508685377,468.99267795198097,0.9357059601100886,0.9353564162865662,1.762454346468846,91323.10025223032,-91196.62616265185,2923887.3123749997,2735898.7848795555,8339908639.67891,57.26309280861448,194.72180386914417,30,0,official,2026-06-13T16:26:53
challenger_metrics_scoring,FastNeuralAR_MLP,NAM-Dedicated,3,1497.7026377871334,451.16660448416775,0.9331149215134487,0.9330637383761727,1.7548685745417856,87688.753386201,-87593.10762069553,2816151.760127,2627793.228620866,7689317470.425979,58.484979201288574,194.3600269050458,30,0,official,2026-06-13T16:26:53
challenger_metrics_scoring,FastNeuralAR_MLP,NAM-Dedicated,4,1463.6045220507099,444.8228139313123,0.9322517731279752,0.931631849089671,1.7507532839021294,86141.28682471547,-85969.09462603918,2766498.185493,2579072.838781175,7420321295.817898,58.737926352936334,193.65303245893554,30,0,official,2026-06-13T16:26:53
challenger_metrics_scoring,FastNeuralAR_MLP,NAM-Dedicated,5,1344.6448564989003,323.5645302104561,0.9307545647173268,0.9311081873293904,1.7485621646909597,85046.25939817773,-84926.48975538785,2737343.2151099998,2547794.6926616356,7232866237.622135,63.15904853606772,262.84172539821066,30,0,official,2026-06-13T16:26:53
challenger_metrics_scoring,FastNeuralAR_MLP,NAM-Dedicated,6,1289.0173841568653,308.9649178363701,0.9326329123227646,0.932417342356186,1.7533860324267712,86692.4255192046,-86570.47775460342,2784712.289608,2597114.3326381026,7515576642.402836,67.160054486952,280.5898680222248,30,0,official,2026-06-13T16:26:53
challenger_metrics_scoring,FastNeuralAR_MLP,NAM-Dedicated,7,1260.836764176244,303.5717358203352,0.9302878285554717,0.9302095258582445,1.7458548853593645,84674.37796833758,-84563.01329807952,2726995.152545,2536890.3989423853,7169750284.324893,67.06896221679257,278.92708041321396,30,0,official,2026-06-13T16:26:53
challenger_metrics_scoring,FastNeuralAR_MLP,NAM-Dedicated,8,1268.3214507802925,306.8981555602329,0.930264715584633,0.9304147749703174,1.7466110766749272,85124.82356603334,-85033.34332998883,2742230.5255300007,2551000.2998996647,7246235587.148305,67.04399998728627,277.37157106936877,30,0,official,2026-06-13T16:26:53
challenger_metrics_scoring,FastNeuralAR_MLP,NAM-Dedicated,9,1280.0422812884535,310.16801791771445,0.93055077762476,0.9305680505101381,1.7472039218075892,85503.22811148822,-85399.29478804128,2753185.43087,2561978.8436412383,7310802017.48519,66.71599527328178,275.6674549668486,30,0,official,2026-06-13T16:26:53
challenger_metrics_scoring,FastNeuralAR_MLP,NAM-Dedicated,10,1265.083111167534,306.0873150051392,0.9186334762314061,0.9182473667353109,1.7069182411808337,83855.64348738555,-83671.0193124502,2732461.470565,2510130.579373506,7031768944.683507,66.13875291974371,273.959878036689,30,0,official,2026-06-13T16:26:53
challenger_metrics_scoring,FastNeuralAR_MLP,NAM-Dedicated,11,1253.9900989591636,305.68284130975763,0.9169988207583673,0.9168809628430374,1.7024683719727538,83315.78428230256,-83155.25625453104,2720458.992055,2494657.687635931,6941519910.575173,66.31253015757584,272.5563002663802,30,0,official,2026-06-13T16:26:53
challenger_metrics_scoring,FastNeuralAR_MLP,NAM-Dedicated,12,1220.7588060063358,299.1107310592823,0.9145831143909785,0.9140188318611316,1.6936352827319279,81073.52164788019,-80858.6867870126,2652312.9122340004,2425760.603610378,6572915912.3892975,66.23641491601326,271.0485222671995,30,0,official,2026-06-13T16:26:53
challenger_metrics_scoring,FastNeuralAR_MLP,NAM-GCC Low,1,1695.7563353209496,458.5671894709662,0.9749880114649231,0.9749963468544657,1.9031571939725598,177955.7226321909,-177937.04579181832,5475053.345255002,5338111.37375455,31668239217.54527,104.93078639045204,388.069026127867,30,0,official,2026-06-13T16:26:53
challenger_metrics_scoring,FastNeuralAR_MLP,NAM-GCC Low,2,1713.015148686861,465.02065073179244,0.970737625843289,0.9707597509324543,1.8873429321925785,179291.517115194,-179268.68632187985,5540179.391918,5378060.589656396,32145448109.4679,104.6509638045531,385.55603247521805,30,0,official,2026-06-13T16:26:53
challenger_metrics_scoring,FastNeuralAR_MLP,NAM-GCC Low,3,1742.6447944378776,474.845286042373,0.9710640158977165,0.9710799438996491,1.888532598735977,181913.5738700769,-181889.77854872524,5619293.133231,5456693.356461757,33092548358.183926,104.3757047502025,383.10072610438374,30,0,official,2026-06-13T16:26:53
challenger_metrics_scoring,FastNeuralAR_MLP,NAM-GCC Low,4,1774.3951412204228,485.50647549234805,0.9727655377258939,0.9727127239565015,1.8946047910458816,184824.90276517856,-184786.5562741135,5698800.454201001,5543596.688223405,34160244682.157707,104.14058964736454,380.6847325316293,30,0,official,2026-06-13T16:26:53
challenger_metrics_scoring,FastNeuralAR_MLP,NAM-GCC Low,5,1736.6017693943647,450.79706177688166,0.9730661594702459,0.9729782874073846,1.8955971549328925,187153.75716799896,-187092.67409696983,5768138.341143001,5612780.222909095,35026528822.09832,107.73493232257728,415.1618833323922,30,0,official,2026-06-13T16:26:53
challenger_metrics_scoring,FastNeuralAR_MLP,NAM-GCC Low,6,1709.337313090398,448.1829042698223,0.9736195743537092,0.9736200026789075,1.8979756213464871,191009.8247497832,-190987.30118686316,5884864.259646,5729619.035605894,36484753150.942894,111.73178033630325,426.1872171607608,30,0,official,2026-06-13T16:26:53
challenger_metrics_scoring,FastNeuralAR_MLP,NAM-GCC Low,7,1735.941416714862,456.9412667357252,0.9739098870977678,0.9739139089237828,1.899077233422315,193623.1023629268,-193601.10888778704,5963624.913945001,5808033.266633611,37489905768.644424,111.52513962951728,423.7373957185397,30,0,official,2026-06-13T16:26:53
challenger_metrics_scoring,FastNeuralAR_MLP,NAM-GCC Low,8,1778.081495403753,469.78799982712445,0.9744847273877771,0.9744535011524428,1.901103529411259,197870.0923377847,-197838.5158493567,6090557.715964001,5935155.475480702,39152573441.76345,111.26515649634668,421.19018027407725,30,0,official,2026-06-13T16:26:53
challenger_metrics_scoring,FastNeuralAR_MLP,NAM-GCC Low,9,1786.6077744345662,476.15852976198676,0.9745656739535695,0.9745811067188804,1.901571830405347,199818.66470370413,-199800.5188989598,6150448.068474,5994015.566968794,39927498763.97133,111.83233486275049,419.64734896923034,30,0,official,2026-06-13T16:26:53
challenger_metrics_scoring,FastNeuralAR_MLP,NAM-GCC Low,10,1814.7572525929108,484.63106234245123,0.9709561118976844,0.970952571297691,1.8880322757378833,202167.39633355426,-202136.880387443,6245500.015208001,6064106.41162329,40871656140.28841,111.38507924331556,417.1573224307653,30,0,official,2026-06-13T16:26:53
challenger_metrics_scoring,FastNeuralAR_MLP,NAM-GCC Low,11,1843.5496311462805,495.4990067720914,0.9712622519260348,0.9712659691713166,1.8891937014623097,205553.70988351593,-205524.7604175576,6348175.068371001,6165742.812526728,42252327646.87663,111.48317189039636,414.841820213904,30,0,official,2026-06-13T16:26:53
challenger_metrics_scoring,FastNeuralAR_MLP,NAM-GCC Low,12,1871.1864084157694,506.1918896378025,0.9716299885587086,0.9716316796136577,1.8905553142753382,208837.1934797922,-208808.56761321297,6447163.119871002,6264257.028396389,43612973380.51615,111.59153715208936,412.5652697225597,30,0,official,2026-06-13T16:26:53
challenger_metrics_scoring,FastNeuralAR_MLP,NAM-ITAR DoD,1,335.2012364828235,48.39108768412009,0.8487465812612469,0.8492505825793,1.5037392481351397,28774.884461642516,-28578.700830911435,1010149.6063209998,857361.024927343,827993975.7808759,85.25833952994942,594.6319010119133,30,0,official,2026-06-13T16:26:53
challenger_metrics_scoring,FastNeuralAR_MLP,NAM-ITAR DoD,2,331.89238960840805,48.32924123756271,0.8272564101316202,0.8256757900253934,1.4425788102781893,28559.48516948133,-28200.415290779325,1022672.5938439998,846012.4587233798,815644193.145824,84.9685505716245,590.9359310877029,30,0,official,2026-06-13T16:26:53
challenger_metrics_scoring,FastNeuralAR_MLP,NAM-ITAR DoD,3,348.5252036486222,50.615547934362745,0.8388351281790047,0.8387143287477409,1.4748748094087922,29707.583137075646,-29450.701011953133,1053271.376792,883521.030358594,882540495.8462614,84.50092189500556,586.9260405043893,30,0,official,2026-06-13T16:26:53
challenger_metrics_scoring,FastNeuralAR_MLP,NAM-ITAR DoD,4,307.0055722816102,47.843156330423085,0.8383322630071277,3.032237819302702,1.4857207092362066,27969.65997958567,-25433.959748776997,934482.5289086665,783406.853200626,782301879.3736364,85.05891791892539,584.6115123846874,30,0,official,2026-06-13T16:26:53
challenger_metrics_scoring,FastNeuralAR_MLP,NAM-ITAR DoD,5,282.4496297295947,31.364563319734426,0.9363901054492992,8.324168911187304,1.6642466555251978,29913.82465566933,-26111.844337924533,906596.5700670001,848928.0578450112,894836905.5301303,100.18636581417356,953.7459313787958,30,0,official,2026-06-13T16:26:53
challenger_metrics_scoring,FastNeuralAR_MLP,NAM-ITAR DoD,6,278.4028199607521,30.90476535974479,0.8639476545266822,0.8635802877054304,1.5394603444306596,32154.501839477987,-31987.089432828787,1110730.1211559998,959612.6829848636,1033911988.5449932,114.89499078112132,1040.4383099235904,30,0,official,2026-06-13T16:26:53
challenger_metrics_scoring,FastNeuralAR_MLP,NAM-ITAR DoD,7,262.5299916273057,29.54688296626497,0.8478973577958009,0.8474342592505771,1.4930064840357873,30541.754875302755,-29850.585364902992,1056162.6978943332,895517.5609470898,932798790.8630795,113.70352461397874,1033.6709598157504,30,0,official,2026-06-13T16:26:53
challenger_metrics_scoring,FastNeuralAR_MLP,NAM-ITAR DoD,8,241.98950437314002,27.583354597130597,0.8541872911635449,0.8536041986930437,1.5182030701499634,32625.37595234984,-32355.19136308187,1136350.014726,970655.7408924561,1064415156.0321673,133.70493669506925,1182.7921740796442,30,0,official,2026-06-13T16:26:53
challenger_metrics_scoring,FastNeuralAR_MLP,NAM-ITAR DoD,9,235.55255412982245,26.85700794811532,0.8177886417240446,0.8174182389785151,1.4215091771620179,31564.874450338393,-31174.212867618346,1143604.0295900002,935226.3860285503,996341299.0656254,132.3450428410001,1175.2937822157307,30,0,official,2026-06-13T16:26:53
challenger_metrics_scoring,FastNeuralAR_MLP,NAM-ITAR DoD,10,238.3568642333913,27.043214061000338,0.8168222617647849,0.8167180620168785,1.4186920062118076,31584.7285626338,-31209.196589131425,1146241.895576,936275.8976739427,997595078.3752556,130.9347506710459,1167.9354566136017,30,0,official,2026-06-13T16:26:53
challenger_metrics_scoring,FastNeuralAR_MLP,NAM-ITAR DoD,11,243.5960857986769,27.669000427627818,0.8059479283835933,0.8036595312044063,1.387605635995123,32115.786345105418,-31563.30523021596,1174888.7534279998,946899.1569064788,1031423732.5644597,129.57230050199516,1160.7136451896336,30,0,official,2026-06-13T16:26:53
challenger_metrics_scoring,FastNeuralAR_MLP,NAM-ITAR DoD,12,259.0125297685054,29.237594669206427,0.822967003628051,0.8232475808760553,1.4347685357482882,33731.5151876509,-33385.96389168374,1217034.1123459998,1001578.9167505122,1137815116.8547232,128.89709977167024,1153.7034961079596,30,0,official,2026-06-13T16:26:53
challenger_metrics_scoring,FastNeuralAR_MLP,NAM-ITAR GCCH,1,432.1037092163635,37.38276357042852,0.7070877228909901,0.7063709861154941,1.1466222583554755,15651.86540831065,-15219.551913792473,645728.3058839999,456586.5574137742,244980890.7598715,35.221988585549774,418.6920364735151,30,0,official,2026-06-13T16:26:53
challenger_metrics_scoring,FastNeuralAR_MLP,NAM-ITAR GCCH,2,381.20894166417736,33.49356864211336,0.6036601659768096,0.6017849181759269,0.9072555163412486,13926.443349520881,-13351.928426488652,663548.5913610001,400557.85279465956,193945824.36741439,35.02522361674012,415.79455143547693,30,0,official,2026-06-13T16:26:53
challenger_metrics_scoring,FastNeuralAR_MLP,NAM-ITAR GCCH,3,392.2589908949195,34.46724500148772,0.607153798000595,0.6069824107557877,0.9162800190264545,14233.616036385969,-13708.229003487855,677335.5803075001,411246.87010463566,202595825.47126383,34.9468828546497,412.9606539707946,30,0,official,2026-06-13T16:26:53
challenger_metrics_scoring,FastNeuralAR_MLP,NAM-ITAR GCCH,4,347.2208884548993,33.104732985327864,0.6291445967644463,1.6127551339431256,0.9792962849932041,13667.725060333663,-12284.163816310709,598050.0868455833,376259.9807334066,186806708.32487285,36.12109690056653,412.8631717522461,30,0,official,2026-06-13T16:26:53
challenger_metrics_scoring,FastNeuralAR_MLP,NAM-ITAR GCCH,5,390.9103328414061,29.71493081350297,0.913132263223937,13.821245162872463,1.56119356959473,18859.76941439962,-15737.140390807846,595796.7276989999,544041.2143852036,355690902.3643234,46.390963918395,634.6899992050265,30,0,official,2026-06-13T16:26:53
challenger_metrics_scoring,FastNeuralAR_MLP,NAM-ITAR GCCH,6,112.05420496068315,11.140167509713155,0.45552220352181794,0.434199825688405,0.538795890567188,7967.296184645122,-5639.492359370523,415281.77727400005,189170.0702663093,63477808.49386071,56.27338136118559,715.1863899441732,30,0,official,2026-06-13T16:26:53
challenger_metrics_scoring,FastNeuralAR_MLP,NAM-ITAR GCCH,7,240.9748731050245,23.804416618379825,0.8675935627202878,0.8125069265137749,1.4295784978250083,17196.700672546733,-15489.849925281007,538831.1342631667,467486.4234799945,295726514.02116925,64.66599849966502,722.4163880272891,30,0,official,2026-06-13T16:26:53
challenger_metrics_scoring,FastNeuralAR_MLP,NAM-ITAR GCCH,8,235.2075930920039,25.156070944802345,0.8133635202196695,0.8126390354011296,1.4043664233934692,20700.758221890617,-20461.196970897865,754688.2714400002,613835.909126936,428521390.96117204,86.99207666690529,822.8931404793854,30,0,official,2026-06-13T16:26:53
challenger_metrics_scoring,FastNeuralAR_MLP,NAM-ITAR GCCH,9,196.45396447833622,21.39373519788525,0.6641599275654811,0.6631785017139645,1.0437420055999154,17493.204309636953,-16924.903818016817,764495.2570410001,507747.1145405045,306012197.01870084,86.15200952019065,817.6788273684035,30,0,official,2026-06-13T16:26:53
challenger_metrics_scoring,FastNeuralAR_MLP,NAM-ITAR GCCH,10,198.39503368460475,21.553708121548457,0.647804597616579,0.6466679063587901,1.0050021538763867,17513.66946029538,-16918.046510348155,783479.149697,507541.39531044464,306728617.9644831,85.27454642460124,812.5594613015093,30,0,official,2026-06-13T16:26:53
challenger_metrics_scoring,FastNeuralAR_MLP,NAM-ITAR GCCH,11,220.35744847097106,23.745714681171734,0.6952475219088545,0.6940596352670704,1.11580422581011,19175.537193601096,-18618.894752394935,803407.1679080001,558566.8425718481,367701226.66317904,84.49405673186358,807.5367472011956,30,0,official,2026-06-13T16:26:53
challenger_metrics_scoring,FastNeuralAR_MLP,NAM-ITAR GCCH,12,202.19663621456075,21.914559632712333,0.6189505284480005,0.6175959621196743,0.9393027256528367,17588.854971173037,-16936.83096051547,820913.6360049999,508104.9288154642,309367819.1969585,83.76415788907077,802.6104683809286,30,0,official,2026-06-13T16:26:53
challenger_metrics_scoring,FastNeuralAR_MLP,NAM-MSIT,1,181.7641041829938,37.14475241020615,0.6775501202337455,0.6748744282360243,1.0757159529175446,8097.954783230249,-7799.984931492387,345361.2374299999,233999.5479447716,65576871.67124166,42.912680512757525,218.01073523928505,30,0,official,2026-06-13T16:26:53
challenger_metrics_scoring,FastNeuralAR_MLP,NAM-MSIT,2,148.8186897697072,31.109393751328938,0.5555009862908245,0.5642424533211281,0.8600712073189583,6736.179776925643,-6349.282991967554,342894.96231300005,190478.48975902662,45376117.987062,42.66455377206246,216.532017009746,30,0,official,2026-06-13T16:26:53
challenger_metrics_scoring,FastNeuralAR_MLP,NAM-MSIT,3,97.26487044599769,22.59289213993484,0.42940931773860025,0.440733853998055,0.6622224328266887,4867.708658656099,-4158.515453686648,290528.077657,124755.46361059943,23694587.585555557,42.75454678156891,215.4531004046186,30,0,official,2026-06-13T16:26:53
challenger_metrics_scoring,FastNeuralAR_MLP,NAM-MSIT,4,139.37321723483754,29.206953490712696,0.6492085023718157,0.6426009620649396,1.002862964678619,6253.954519656463,-5970.87175230358,275914.67443,179126.15256910742,39111947.1339315,42.8408834262822,214.12553423776677,30,0,official,2026-06-13T16:26:53
challenger_metrics_scoring,FastNeuralAR_MLP,NAM-MSIT,5,145.6789637450612,29.586860387732766,0.6715586970748169,0.6715097982392528,1.0547284196187405,6673.857562052187,-6501.9959182777875,290458.419194,195059.87754833364,44540374.75856116,44.63235975275269,225.5682919577126,30,0,official,2026-06-13T16:26:53
challenger_metrics_scoring,FastNeuralAR_MLP,NAM-MSIT,6,142.53595367443992,28.973268898616,0.6540719863875056,0.6565776095968577,1.0248096522025592,6494.008575581084,-6322.442774407129,289988.391461,189673.28323221387,42172147.379720666,44.35682795407495,224.1379320471254,30,0,official,2026-06-13T16:26:53
challenger_metrics_scoring,FastNeuralAR_MLP,NAM-MSIT,7,146.61696317204974,30.09433538231856,0.6603255787428245,0.6595000744028883,1.035217998441072,6704.726099429648,-6482.732824005059,294524.38460799993,194481.98472015178,44953352.06837309,44.21543512941136,222.7903030338693,30,0,official,2026-06-13T16:26:53
challenger_metrics_scoring,FastNeuralAR_MLP,NAM-MSIT,8,158.39767119058052,32.29026194106885,0.6755628829681296,0.674878248858582,1.0646291377844925,7148.122296655802,-6950.5507773072,308655.97944500006,208516.523319216,51095652.36794782,43.880384888641785,221.37083649867694,30,0,official,2026-06-13T16:26:53
challenger_metrics_scoring,FastNeuralAR_MLP,NAM-MSIT,9,153.869458678308,31.64278162002178,0.6475847170733793,0.6475475799536277,1.0137760371961078,6960.967272340531,-6698.239586113797,310302.547737,200947.1875834139,48455065.36659597,43.53196302664378,219.9859467454663,30,0,official,2026-06-13T16:26:53
challenger_metrics_scoring,FastNeuralAR_MLP,NAM-MSIT,10,151.83134197282862,31.870969764408954,0.6139838352640357,0.6111403011001372,0.9524777115291088,6967.684124261398,-6544.308001305927,319762.8809800001,196329.24003917782,48548622.055484325,43.10248408709369,218.62165399317,30,0,official,2026-06-13T16:26:53
challenger_metrics_scoring,FastNeuralAR_MLP,NAM-MSIT,11,136.82790788693816,29.8048834814147,0.5323449794216252,0.5328314453170948,0.8151618808258992,6476.212344356875,-5859.113508718247,330187.02543700003,175773.40526154742,41941326.32920038,42.82104140304237,217.2869539448198,30,0,official,2026-06-13T16:26:53
challenger_metrics_scoring,FastNeuralAR_MLP,NAM-MSIT,12,162.34306555853715,34.40562912089749,0.6109988376463589,0.606105116909355,0.9484586670753504,7432.453944182827,-6921.158326409545,339828.38755,207634.74979228637,55241371.63239887,42.63291630349271,216.02435805100455,30,0,official,2026-06-13T16:26:53
challenger_metrics_scoring,FastNeuralAR_MLP,NAM-Multitenant,1,759.5404072228265,197.4217919537133,0.9999912132438068,0.9999912309116268,1.9999649240727542,2130467.672915761,-2130412.041279118,63912922.82564401,63912361.23837355,4538892505339.098,2804.8699200464243,10791.451398715202,30,0,official,2026-06-13T16:26:53
challenger_metrics_scoring,FastNeuralAR_MLP,NAM-Multitenant,2,766.1800575838716,201.40352351253435,0.9999901190266846,0.9999901391625876,1.9999605571906878,2165877.295479358,-2165830.8467907035,64975567.425569,64974925.40372111,4691024459072.979,2826.79094209342,10753.919582467308,30,0,official,2026-06-13T16:26:53
challenger_metrics_scoring,FastNeuralAR_MLP,NAM-Multitenant,3,786.8848768298527,209.0465291761667,0.9999904564879651,0.9999904901219956,1.9999619609867687,2237858.6102708047,-2237701.931038982,67131698.603343,67131057.93116945,5008011159563.178,2843.7475378279987,10705.074220031307,30,0,official,2026-06-13T16:26:53
challenger_metrics_scoring,FastNeuralAR_MLP,NAM-Multitenant,4,782.7697392871918,211.33373711268084,0.9999904408577387,0.9999900640860507,1.99996025694256,2254522.7431936376,-2248988.850695791,67470310.47917002,67469665.52087374,5082872799577.365,2873.116751733112,10668.068307482543,30,0,official,2026-06-13T16:26:53
challenger_metrics_scoring,FastNeuralAR_MLP,NAM-Multitenant,5,685.2007075144843,129.66758436371674,0.9999904412044129,0.9999901389203231,1.9999605562253755,2300913.4967831457,-2282884.678148889,68487194.999564,68486540.34446667,5294202919678.844,3331.7021612979456,17744.708579818212,30,0,official,2026-06-13T16:26:53
challenger_metrics_scoring,FastNeuralAR_MLP,NAM-Multitenant,6,657.6491299217042,127.69768267205808,0.9999914728373415,0.9999914994103491,1.9999659980204707,2500842.9490787815,-2500678.577563447,75020997.043148,75020357.3269034,6254215455957.058,3802.450978474134,19584.0903041383,30,0,official,2026-06-13T16:26:53
challenger_metrics_scoring,FastNeuralAR_MLP,NAM-Multitenant,7,656.2001694665126,130.8266766312656,0.9999913923362326,0.9999913915043606,1.9999655664089817,2557076.441679834,-2556980.443119399,76710073.58810298,76709413.29358196,6538639928594.002,3896.6470325635705,19545.527774025344,30,0,official,2026-06-13T16:26:53
challenger_metrics_scoring,FastNeuralAR_MLP,NAM-Multitenant,8,654.0145917893233,134.50413983315673,0.9999916535094903,0.9999916604805569,1.9999666422887818,2630444.8638133393,-2630224.7667107796,78907401.601202,78906743.00132339,6919240181561.978,4021.660678112286,19556.608942120503,30,0,official,2026-06-13T16:26:53
challenger_metrics_scoring,FastNeuralAR_MLP,NAM-Multitenant,9,658.1613293910863,138.1392154387374,0.9999918088581062,0.9999918104898725,1.999967242310748,2698581.674389163,-2698536.8424539254,80956768.401995,80956105.27361776,7282343053349.019,4100.114549346953,19535.23238001842,30,0,official,2026-06-13T16:26:53
challenger_metrics_scoring,FastNeuralAR_MLP,NAM-Multitenant,10,670.5528405245021,140.94934485252995,0.9999908237221812,0.9999908128973305,1.9999632520323536,2737013.918126163,-2736979.7265870115,82110145.26311502,82109391.79761034,7491245188016.331,4081.6764335024864,19418.422419698356,30,0,official,2026-06-13T16:26:53
challenger_metrics_scoring,FastNeuralAR_MLP,NAM-Multitenant,11,680.2996700291878,145.18831698771467,0.9999911209377262,0.9999911136156963,1.999964454877248,2807328.5604840415,-2807244.023145982,84218068.471854,84217320.69437946,7881093646509.4,4126.481529861008,19335.774521868643,30,0,official,2026-06-13T16:26:53
challenger_metrics_scoring,FastNeuralAR_MLP,NAM-Multitenant,12,690.4145157305194,148.05990698712336,0.9999912605082132,0.999991264759925,1.9999650594387353,2855498.4303904823,-2855452.0743101845,85664310.891847,85663562.22930554,8153871285962.507,4135.851737255067,19286.101744200223,30,0,official,2026-06-13T16:26:53
challenger_metrics_scoring,FastNeuralAR_MLP,NAM-SDF,1,19.611909881192087,5.573412644600822,0.7993194316477075,0.8011349746190694,1.414738658622574,1608.223838456118,-1567.1220285441989,58817.112402,47013.660856325965,2586383.91457853,79.90665050154428,288.5528025659586,30,6,official,2026-06-13T16:26:53
challenger_metrics_scoring,FastNeuralAR_MLP,NAM-SDF,2,15.367786524403455,4.790510105416961,0.6220480429756731,0.6145494690292204,1.0375096254151712,1372.6761900494405,-1213.650564027018,58531.67987900001,36409.516920810536,1884239.9227286475,78.97367406163454,286.54071483896064,30,6,official,2026-06-13T16:26:53
challenger_metrics_scoring,FastNeuralAR_MLP,NAM-SDF,3,16.070490362556143,4.784941367737054,0.7814251063260214,22.98581159603621,1.2228221207065124,1361.7517047871183,-827.5106550176366,48239.84063899999,37695.82260048089,1854367.7054906231,78.18849280067448,284.591095299279,30,5,official,2026-06-13T16:26:53
challenger_metrics_scoring,FastNeuralAR_MLP,NAM-SDF,4,19.419387886833185,5.690297774261926,0.8630451938037472,1.0420996672864453,1.4718357773089823,1632.5029300359054,-1408.3969488092391,53247.077673,45954.63446977747,2665065.816575816,78.88102127210684,286.8923551628461,30,7,official,2026-06-13T16:26:53
challenger_metrics_scoring,FastNeuralAR_MLP,NAM-SDF,5,21.248595935675535,6.002068604704242,0.7619528626260408,0.7611792305373911,1.2872611142620705,1734.7697789226297,-1695.462142933605,66754.607513,50863.86428800815,3009426.1858632695,79.79172591291044,289.02864881667114,30,5,official,2026-06-13T16:26:53
challenger_metrics_scoring,FastNeuralAR_MLP,NAM-SDF,6,17.923034312027724,6.09273204401389,0.6776364679431008,2.0834473918399623,0.5416737740545973,1749.3233448142266,1413.6888099829375,62586.159845,42410.664299488126,3060132.1647120337,78.87552885139792,287.1164088913014,30,0,official,2026-06-13T16:26:53
challenger_metrics_scoring,FastNeuralAR_MLP,NAM-SDF,7,14.930197230850721,4.376183421125533,0.4527340822156679,0.4492560442197673,0.6112866006737855,1276.9372934045728,-1193.1633057285283,79063.849129,35794.899171855846,1630568.851287396,79.9161114404476,291.7924525832948,30,0,official,2026-06-13T16:26:53
challenger_metrics_scoring,FastNeuralAR_MLP,NAM-SDF,8,60.709545776705006,20.58178821739092,1.7953585788102362,2.3065681079884035,0.8477901729446288,5967.008662989839,4800.973152806249,80223.07982599999,144029.19458418747,35605192.38419578,79.08102574947021,289.91692072450326,30,0,official,2026-06-13T16:26:53
challenger_metrics_scoring,FastNeuralAR_MLP,NAM-SDF,9,51.38623735581656,17.874477958565514,1.4482131272013279,1.4513557587333674,0.7230035367911819,5260.982348333188,4127.470325267446,85501.30324900002,123824.10975802338,27677935.269473393,80.32248589612381,294.3292867365733,30,0,official,2026-06-13T16:26:53
challenger_metrics_scoring,FastNeuralAR_MLP,NAM-SDF,10,69.24950412240963,22.437602924019796,2.0553427737086047,3.178504287731225,0.9735036509440387,6562.54956866355,5502.283211563422,80311.906344,165068.49634690266,43067056.841166146,79.45592219457993,292.4799761759863,30,0,official,2026-06-13T16:26:53
challenger_metrics_scoring,FastNeuralAR_MLP,NAM-SDF,11,62.12149978505212,21.771887863158003,1.6023484317307752,1.5945536619787304,0.7453595830544659,6507.499433080529,5027.210854259781,94122.05400599999,150816.3256277934,42347548.87154341,80.92545852328962,298.8945870923946,30,0,official,2026-06-13T16:26:53
challenger_metrics_scoring,FastNeuralAR_MLP,NAM-SDF,12,85.72543744903662,28.52658335499022,2.213813586725707,2.2658456774571216,0.9216388647442584,8474.439126396544,6862.929694914693,93001.457793,205887.89084744078,71816118.50700064,80.05709739299579,297.07164790606066,30,0,official,2026-06-13T16:26:53
challenger_metrics_scoring,FastNeuralAR_MLP,NAM-TDF,1,23.224461098404774,4.2110288917072,0.402775554971455,0.40295480482424906,0.5140782036257359,20.7727825149312,-20.176450339742267,1502.805974,605.2935101922681,431.5084934126314,0.8687586012976695,4.932947041954318,30,0,official,2026-06-13T16:26:53
challenger_metrics_scoring,FastNeuralAR_MLP,NAM-TDF,2,10.190720052287507,1.8511232914995117,0.16848834016377284,0.16842161247179183,0.18503957789835676,9.051767315683112,-8.772973689949636,1562.061864,263.1892106984891,81.93449153726904,0.8608786861906161,4.889878138992396,30,0,official,2026-06-13T16:26:53
challenger_metrics_scoring,FastNeuralAR_MLP,NAM-TDF,3,16.71032560065378,4.215955211798473,0.3234477427290057,16.274176912820852,0.4520823550245931,20.422574800892576,1.3971509116764316,1313.109423,424.7222788255372,417.0815614980525,0.847225220652234,4.8441156926286615,30,0,official,2026-06-13T16:26:53
challenger_metrics_scoring,FastNeuralAR_MLP,NAM-TDF,4,15.61895048641271,3.6477526673204204,0.37822000642680687,2.4459786093660267,0.4623285224764561,18.707547383005256,0.45192435229681444,1115.5765580000002,421.93337293635517,349.9723290873868,0.9004731641079318,5.128513111813448,30,0,official,2026-06-13T16:26:53
challenger_metrics_scoring,FastNeuralAR_MLP,NAM-TDF,5,9.88111363285974,2.0656172107008053,0.22136000673279407,0.22034746588822338,0.25791411055987207,11.010790746394354,-9.255971014010976,1302.731899,288.3727419336656,121.23751286088354,0.9728078320196596,5.330508813227164,30,0,official,2026-06-13T16:26:53
challenger_metrics_scoring,FastNeuralAR_MLP,NAM-TDF,6,11.698467520840786,2.7224271726533416,0.277106220195828,1.0924800686396108,0.36870424897034376,14.383292385094487,-2.235095750463363,1212.7705540000002,336.0662641837403,206.87909983511707,0.9575791689097716,5.283260661506032,30,0,official,2026-06-13T16:26:53
challenger_metrics_scoring,FastNeuralAR_MLP,NAM-TDF,7,7.862865976337461,1.6682129688584644,0.18567545395182122,0.18405662343543147,0.20999011771115342,9.059628467134974,-7.694231579832914,1264.5843519999999,234.80227361796966,82.07686796252241,0.995405807181014,5.430738542534145,30,0,official,2026-06-13T16:26:53
challenger_metrics_scoring,FastNeuralAR_MLP,NAM-TDF,8,13.533702083160403,2.6598386399331684,0.36893485278404603,1.2008345096216837,0.48370977243194524,14.321898209094387,-8.61156674736987,1081.2229489999997,398.900829516047,205.116768311661,0.9824875880596088,5.3844988918027905,30,0,official,2026-06-13T16:26:53
challenger_metrics_scoring,FastNeuralAR_MLP,NAM-TDF,9,12.108890417082478,2.4807428475372424,0.3102623869052441,0.3087997554776861,0.38181144533717115,13.554866400520346,-12.242406339641319,1183.7470660000001,367.27219018923955,183.7344031359554,1.0110262722644252,5.464035264266483,30,0,official,2026-06-13T16:26:53
challenger_metrics_scoring,FastNeuralAR_MLP,NAM-TDF,10,13.485934466190342,2.649912290888296,0.3744605827318621,0.5471494810242192,0.45227457545349464,14.360331357950935,-7.622762275620459,1079.1373589999998,404.0944042988626,206.21911671014897,0.9988046071555514,5.419172327827162,30,0,official,2026-06-13T16:26:53
challenger_metrics_scoring,FastNeuralAR_MLP,NAM-TDF,11,16.250213951947373,3.1854386170068536,0.39824881461903944,0.39455257719735515,0.5025055147142855,17.36960054576923,-16.581451311911472,1249.0772630000001,497.4435393573442,301.70302311958676,1.020383569160602,5.4528128255349335,30,0,official,2026-06-13T16:26:53
challenger_metrics_scoring,FastNeuralAR_MLP,NAM-TDF,12,15.634105689066136,3.0373931485345795,0.3317883925805449,0.33085469321915395,0.4040075523511056,16.431202314910653,-15.74898646968115,1424.0088099999998,472.4695940904345,269.9844095135252,1.0073480877576104,5.409639619039125,30,0,official,2026-06-13T16:26:53
challenger_metrics_scoring,FastNeuralAR_MLP,NOR-Go Local,1,956.7266723992553,163.71027476007617,0.8487258280436996,0.8483494680303897,1.507592777701262,10183.387976053642,-10084.461685065044,356456.51464300003,302533.8505519513,103701390.67083389,10.540588002815351,62.20371928993336,30,0,official,2026-06-13T16:26:53
challenger_metrics_scoring,FastNeuralAR_MLP,NOR-Go Local,2,956.2725037479784,164.3325140043188,0.8384994264323428,0.8380186767447723,1.4812322444475967,10143.726959502132,-10026.033028316477,358713.41275600006,300780.9908494943,102895196.62893036,10.48449368670627,61.72684097825916,30,0,official,2026-06-13T16:26:53
challenger_metrics_scoring,FastNeuralAR_MLP,NOR-Go Local,3,929.9227825400336,162.0542886628276,0.8075498102010581,0.8089029680667603,1.410094427804603,9936.603445063522,-9784.831449184585,363500.72746900003,293544.9434755375,98736088.02444826,10.522197792012202,61.31651020811771,30,0,official,2026-06-13T16:26:53
challenger_metrics_scoring,FastNeuralAR_MLP,NOR-Go Local,4,952.2083245249415,168.06522335333963,0.8205024983725667,0.8176204057209608,1.4352493775496116,10253.893945091855,-10050.229640562398,367466.14399700006,301506.88921687193,105142341.03719142,10.554654251291572,61.01139629305767,30,1,official,2026-06-13T16:26:53
challenger_metrics_scoring,FastNeuralAR_MLP,NOR-Go Local,5,1377.7583623946182,260.5845144546756,0.8702325572478059,0.8454796203586086,1.5138608692118638,16011.294527668664,-15222.428631918961,524771.057063,456672.8589575688,256361552.4517525,11.048692606344671,61.443768295961284,30,1,official,2026-06-13T16:26:53
challenger_metrics_scoring,FastNeuralAR_MLP,NOR-Go Local,6,844.7719901598808,177.1114014066898,0.5800031857319964,0.5792237578591097,0.8346444801372435,13249.28298439572,-12985.845335668255,671677.9660070002,389575.36007004767,175543499.60059798,15.372012196108166,74.8076232199881,30,0,official,2026-06-13T16:26:53
challenger_metrics_scoring,FastNeuralAR_MLP,NOR-Go Local,7,710.4239967612887,154.11694671543256,0.4859536393230046,0.48554298386922795,0.6635503019391475,11479.150696909353,-11045.271731192353,681871.9423469999,331358.1519357706,131770900.7223545,15.547436152981897,74.48337734139581,30,0,official,2026-06-13T16:26:53
challenger_metrics_scoring,FastNeuralAR_MLP,NOR-Go Local,8,837.2341768694267,180.72550500437566,0.562974099819783,0.562676279480104,0.81359342551222,13365.941114178677,-12927.074625663616,688863.3755870002,387812.2387699085,178648381.8676919,15.44021372132745,73.95713800249204,30,0,official,2026-06-13T16:26:53
challenger_metrics_scoring,FastNeuralAR_MLP,NOR-Go Local,9,928.3925482225535,199.53178551710667,0.618153639047254,0.6179615948424289,0.9318203815621722,14653.658117525847,-14220.557360470857,690146.743246,426616.7208141257,214729696.22533113,15.317397137338846,73.44021945951829,30,0,official,2026-06-13T16:26:53
challenger_metrics_scoring,FastNeuralAR_MLP,NOR-Go Local,10,1039.0287739713615,221.61692451262306,0.6818360065382866,0.6815534803191267,1.078039482103146,16162.490088108263,-15757.350190761683,693305.283367,472720.5057228505,261226085.84819788,15.165460847185354,72.92985462934564,30,0,official,2026-06-13T16:26:53
challenger_metrics_scoring,FastNeuralAR_MLP,NOR-Go Local,11,923.9410477182143,198.63752693337116,0.6027503664566701,0.6029752202681015,0.9018846533079891,14389.034469472195,-13927.687139900916,693206.736071,417830.61419702746,207044312.963659,15.07421623305626,72.43865090154237,30,0,official,2026-06-13T16:26:53
challenger_metrics_scoring,FastNeuralAR_MLP,NOR-Go Local,12,984.2429771837997,211.20456356147886,0.6373885441162,0.6370084355520766,0.9795259593327056,15196.669500988079,-14713.212485772596,692507.5429230001,441396.3745731779,230938763.92226124,14.948760445181229,71.95237283101852,30,0,official,2026-06-13T16:26:53
challenger_metrics_scoring,FastNeuralAR_MLP,NZL-Go Local,6,130.12296018032464,39.762066872914424,0.3344711839632976,0.3292197930177113,0.2729236182998097,78.72764617733966,68.37270262128659,6132.609256,2051.1810786385977,6198.042272624384,0.5254468736842105,1.9799686577904794,30,0,official,2026-06-13T16:26:53
challenger_metrics_scoring,FastNeuralAR_MLP,NZL-Go Local,7,148.85186790949126,48.18780766983488,0.3630432143646643,0.35938045866419993,0.2919994015342775,92.37877435723402,79.44963802586389,6565.304201999999,2383.489140775917,8533.83795174476,0.533749687804878,1.9170570072450563,30,0,official,2026-06-13T16:26:53
challenger_metrics_scoring,FastNeuralAR_MLP,NZL-Go Local,8,40.21840561501118,13.08992551750833,0.08661544039827783,0.08490828895711473,0.08062105958981709,24.305865995794335,21.173156779818267,7333.504286,635.194703394548,590.7751218055113,0.5264544045454543,1.8568376086849543,30,0,official,2026-06-13T16:26:53
challenger_metrics_scoring,FastNeuralAR_MLP,NZL-Go Local,9,150.18393590740942,54.3517458978024,0.3121643701588887,0.3073442671111292,0.2535139966010927,104.62496852682024,86.68182780954926,8330.402451,2600.4548342864778,10946.384039238126,0.5771711021276594,1.924960584036189,30,0,official,2026-06-13T16:26:53
challenger_metrics_scoring,FastNeuralAR_MLP,NZL-Go Local,10,146.8639200034666,53.597172441924045,0.2852061940717696,0.28060274097890175,0.2380805149557417,100.73932764655558,86.97108894990421,9148.232832,2609.1326684971264,10148.412134680078,0.5921882579999999,1.8795642205885597,30,0,official,2026-06-13T16:26:53
challenger_metrics_scoring,FastNeuralAR_MLP,NZL-Go Local,11,242.9344749178891,113.52957383618246,0.30613211450263894,0.2880609176092813,0.23096332085868043,211.2470287035478,149.7349861608945,14673.565340000003,4492.049584826835,44625.30713607755,0.6163595603773583,1.8607224669791043,30,0,official,2026-06-13T16:26:53
challenger_metrics_scoring,FastNeuralAR_MLP,NZL-Go Local,12,919.4178739315772,345.96633448520515,1.6574588583327554,1.6574588583327556,0.8304652146506476,1054.2732553415065,907.625218336962,16428.01353,27228.75655010886,1111492.0969283772,0.9871737803571428,3.047329032491718,30,0,official,2026-06-13T16:26:53
challenger_metrics_scoring,FastNeuralAR_MLP,POL-Go Local,1,144.00199129421563,31.242517029068644,0.17948161961507633,0.19719246877628313,0.17727120963605644,262.2965268326389,252.07885156625125,42134.48465200001,7562.3655469875375,68799.46798846527,1.750523373327664,8.395499203492252,30,0,official,2026-06-13T16:26:53
challenger_metrics_scoring,FastNeuralAR_MLP,POL-Go Local,2,199.56193478350545,62.556635557378065,0.22729783788427235,0.21897925725462056,0.18840248296505546,790.9288590472605,451.823795201686,77834.401313,17691.591131461668,625568.4600738013,2.955071091196888,12.643404684412838,30,0,official,2026-06-13T16:26:53
challenger_metrics_scoring,FastNeuralAR_MLP,POL-Go Local,3,128.04188950921355,36.12945241422466,0.11301609438891032,0.1142622799833138,0.10746849615121573,480.1915335726707,452.0208133396844,119988.43592599999,13560.624400190532,230583.90891487335,3.530257285895162,13.29086109767921,30,0,official,2026-06-13T16:26:53
challenger_metrics_scoring,FastNeuralAR_MLP,POL-Go Local,4,411.5401193986806,146.2785760793853,0.3249880359096744,0.29256401157751294,0.35595654928982134,2826.0142713256932,-2355.5185929420536,217440.49004899999,70665.5577882616,7986356.66173649,5.723666981444739,19.319399648736105,30,0,official,2026-06-13T16:26:53
challenger_metrics_scoring,FastNeuralAR_MLP,POL-Go Local,5,480.65545418649555,121.66403051509482,0.41068920648420404,0.40904398707059225,0.5148533059970735,5333.622040596462,-5290.039983407612,386426.51668600005,158701.19950222838,28447524.071936373,11.005887767072052,43.83893923302764,30,0,official,2026-06-13T16:26:53
challenger_metrics_scoring,FastNeuralAR_MLP,POL-Go Local,6,498.09086038510515,127.40751588071183,0.5260228164019102,0.5260958978277378,0.7228871240398252,7278.083440057933,-7188.722688718409,409985.41115899995,215661.68066155227,52970498.560445525,14.432552894386294,57.124443481593374,30,0,official,2026-06-13T16:26:53
challenger_metrics_scoring,FastNeuralAR_MLP,POL-Go Local,7,642.2574598396969,170.41578452861316,0.6866968540976325,0.6865453247358997,1.061724962695588,9737.421789611219,-9643.591371015724,421303.43164399994,289307.7411304717,94817383.10879536,15.015148867905246,57.139201139999365,30,0,official,2026-06-13T16:26:53
challenger_metrics_scoring,FastNeuralAR_MLP,POL-Go Local,8,723.4686509806376,190.81540962638235,0.756926169466766,0.7567827376123681,1.2356279300062962,10767.60133912171,-10686.435780892392,423546.029136,320593.0734267718,115941238.59825562,14.771111044559133,56.4294118604191,30,0,official,2026-06-13T16:26:53
challenger_metrics_scoring,FastNeuralAR_MLP,POL-Go Local,9,792.8394016148015,206.72235762957027,0.8162042089287717,0.8166479624157453,1.3972993864707859,11507.432135434925,-11454.191772451992,421004.6326819998,343625.75317355973,132420994.35164039,14.447051633814958,55.66612275221489,30,0,official,2026-06-13T16:26:53
challenger_metrics_scoring,FastNeuralAR_MLP,POL-Go Local,10,787.1679161263772,205.01877744317048,0.8216367166455186,0.8228196254863185,1.4164068470544986,11266.857588561428,-11220.951172967581,409704.83471499995,336628.53518902743,126942079.92092426,14.254838063250148,54.955247168442945,30,0,official,2026-06-13T16:26:53
challenger_metrics_scoring,FastNeuralAR_MLP,POL-Go Local,11,790.3575457210591,209.25783737742492,0.8472716703830353,0.8474429565903686,1.4897269493276006,11376.737922119843,-11322.254108342786,400895.763571,339667.6232502836,129430165.7485997,14.325483661971324,54.36708160947085,30,0,official,2026-06-13T16:26:53
challenger_metrics_scoring,FastNeuralAR_MLP,POL-Go Local,12,821.2382743238668,215.85280096542718,0.8654638120705195,0.8653916227846736,1.543629780742815,11588.877243059816,-11537.6000543802,399933.5348329999,346128.001631406,134302075.7547097,14.049028662088618,53.68879713965811,30,0,official,2026-06-13T16:26:53
challenger_metrics_scoring,FastNeuralAR_MLP,QAT-Go Local,1,802.8209298390057,196.791573284782,0.8964050148996482,0.8953214894546087,1.6500871984928227,5318.663938913385,-5278.649440933305,176660.63955000002,158359.48322799915,28288186.095097646,6.575126836805143,27.026888652476057,30,3,official,2026-06-13T16:26:53
challenger_metrics_scoring,FastNeuralAR_MLP,QAT-Go Local,2,806.6831818276024,201.522246337853,0.8923737088916276,0.8916767946565147,1.6389418567774308,5380.044494127114,-5340.133454766338,179525.68755300003,160204.00364299014,28944878.758787476,6.619864619797648,26.69702522622462,30,3,official,2026-06-13T16:26:53
challenger_metrics_scoring,FastNeuralAR_MLP,QAT-Go Local,3,823.9502466550189,210.78150350557945,0.8960627437230663,0.8954209706308941,1.6481676675065267,5584.706406439655,-5548.230940966566,185753.65329600003,166446.92822899699,31188945.64612813,6.733696559337962,26.495239447287776,30,2,official,2026-06-13T16:26:53
challenger_metrics_scoring,FastNeuralAR_MLP,QAT-Go Local,4,848.275657825919,218.90678439947175,0.8932816329105,0.892452846990177,1.6381099994447665,5728.38433530963,-5688.833220180989,191053.96363,170664.99660542968,32814387.093020756,6.706349719808224,26.16814435890756,30,1,official,2026-06-13T16:26:53
challenger_metrics_scoring,FastNeuralAR_MLP,QAT-Go Local,5,808.8169645150355,185.08054805764857,0.895919187527001,0.8933211836089424,1.6437557502627942,5931.358468578636,-5876.756415530498,196784.14629399995,176302.69246591494,35181013.28277951,7.265866906060985,32.047443833649915,30,3,official,2026-06-13T16:26:53
challenger_metrics_scoring,FastNeuralAR_MLP,QAT-Go Local,6,736.0337682033443,173.23182769455514,0.8399880535179666,0.8386045216224537,1.4906331576400007,5840.159903423008,-5754.803841181825,205531.63168499997,172644.11523545475,34107467.697549835,7.818668232069407,33.712972847694374,30,0,official,2026-06-13T16:26:53
challenger_metrics_scoring,FastNeuralAR_MLP,QAT-Go Local,7,730.9504287515479,175.72734596829108,0.8092836647891966,0.8078559863035264,1.422109951256551,5857.382807053981,-5723.76426637482,212178.91261399997,171712.9279912446,34308933.34837158,7.830577890419905,33.332221429616936,30,4,official,2026-06-13T16:26:53
challenger_metrics_scoring,FastNeuralAR_MLP,QAT-Go Local,8,762.8647200469491,184.7643939233027,0.8168320851850174,0.815565861879127,1.438028470362031,6090.353916700676,-5967.575397139631,219172.66126199998,179027.26191418892,37092410.83067126,7.822586679290095,32.96281165097662,30,3,official,2026-06-13T16:26:53
challenger_metrics_scoring,FastNeuralAR_MLP,QAT-Go Local,9,786.8232307020378,192.1823537296785,0.8163879022164207,0.8151276573101032,1.4337517387790784,6265.221407038831,-6144.244725119179,225784.019157,184327.34175357537,39252999.27921763,7.808926434006044,32.6003989723813,30,2,official,2026-06-13T16:26:53
challenger_metrics_scoring,FastNeuralAR_MLP,QAT-Go Local,10,809.374551276586,199.70960528499035,0.8134401035344798,0.8121892355097078,1.4244562715284217,6441.700304162495,-6317.769534040431,233001.895527,189533.08602121292,41495502.80864718,7.805742747996868,32.25533541549009,30,1,official,2026-06-13T16:26:53
challenger_metrics_scoring,FastNeuralAR_MLP,QAT-Go Local,11,797.0887921636286,196.5644695826536,0.8263542837665495,0.8325629231871565,1.4707075754269254,6275.79879724833,-6223.221312598815,225928.08320299996,186696.63937796443,39385650.54354358,7.807437984049956,31.927432310493998,30,1,official,2026-06-13T16:26:53
challenger_metrics_scoring,FastNeuralAR_MLP,QAT-Go Local,12,590.8972014411696,152.80967519340948,0.8197182028467724,0.822341806098684,1.4475949905882157,5186.21055813502,-5116.509890392739,187253.73692899998,153495.29671178217,26896779.953311153,8.65888326753591,33.939019578249166,30,1,official,2026-06-13T16:26:53
challenger_metrics_scoring,FastNeuralAR_MLP,SGP-Go Local,1,402.1929028990274,142.11186367266725,0.22147600327779426,0.21889697999522356,0.19446805541738238,440.004293394406,404.105435901407,54738.043389000006,12123.16307704221,193603.77820551052,1.00475526293128,3.096182697370629,30,0,official,2026-06-13T16:26:53
challenger_metrics_scoring,FastNeuralAR_MLP,SGP-Go Local,2,350.94107247798826,127.66269309780944,0.18835817571608046,0.18612868683367675,0.16837000765002266,404.57033285792244,374.3476232256576,59622.730227,11230.428696769728,163677.15422877014,1.0666965270904205,3.169056856320262,30,0,official,2026-06-13T16:26:53
challenger_metrics_scoring,FastNeuralAR_MLP,SGP-Go Local,3,358.2493187084398,140.22631535882752,0.18485926380269235,0.1828719506633795,0.1645395553869581,459.3657864756251,409.8996139329422,66520.81245499999,12296.988417988267,211016.9257843696,1.1441741617561536,3.2758885898138748,30,0,official,2026-06-13T16:26:53
challenger_metrics_scoring,FastNeuralAR_MLP,SGP-Go Local,6,260.85726597385127,23.62256093176613,0.21730206563333693,0.21492704409595617,0.190186956830211,752.23373605402,673.2769765100415,92950.378711,20198.309295301246,565855.593657789,2.5810167640779147,31.84386901262951,30,0,official,2026-06-13T16:26:53
challenger_metrics_scoring,FastNeuralAR_MLP,SGP-Go Local,7,318.11070207362144,28.67715344174691,0.25095701728513586,0.24842884787446565,0.2182378276283073,907.804208225607,847.1025273125585,101264.65517600001,25413.075819376758,824108.4804721212,2.662917411425255,31.656008329755156,30,0,official,2026-06-13T16:26:53
challenger_metrics_scoring,FastNeuralAR_MLP,SGP-Go Local,8,319.59908084154813,30.65028517939044,0.23844048326578982,0.23638918714676393,0.20806020172289405,965.043950608013,885.9765778161909,111471.41194499997,26579.297334485727,931309.8266051211,2.772149955761116,31.485643443765355,30,0,official,2026-06-13T16:26:53
challenger_metrics_scoring,FastNeuralAR_MLP,SGP-Go Local,9,478.5748151200878,46.9974386047159,0.3572032322245072,0.357203232224507,0.2966952980024119,1471.343478364681,1362.3042103414575,114414.21191999996,40869.12631024372,2164851.631326278,2.846585669159413,31.306886546302984,30,0,official,2026-06-13T16:26:53
challenger_metrics_scoring,FastNeuralAR_MLP,SGP-Go Local,10,374.0153344256451,35.98631926942363,0.27566870589248427,0.2756687058924842,0.2388698717715877,1119.550189323499,1051.3472578564947,114414.21191999996,31540.41773569484,1253392.6264142825,2.810973671630312,31.110438968253785,30,0,official,2026-06-13T16:26:53
challenger_metrics_scoring,FastNeuralAR_MLP,SGP-Go Local,11,324.4908188803851,31.073392669261942,0.23621146266531884,0.23621146266531878,0.2085537632086504,960.7160814031615,900.864944910765,114414.21191999996,27025.94834732295,922975.3890666461,2.776241706989081,30.917643645443,30,0,official,2026-06-13T16:26:53
challenger_metrics_scoring,FastNeuralAR_MLP,SGP-Go Local,12,282.9466585184708,26.951089030478837,0.20345573149925408,0.20345573149925403,0.1825393487740544,828.1635421629235,775.9409060031423,114414.21191999996,23278.22718009427,685854.8525678404,2.742357552713381,30.728388794469787,30,0,official,2026-06-13T16:26:53
challenger_metrics_scoring,FastNeuralAR_MLP,SWE-Go Local,1,751.826442606547,171.54117263064984,0.9281692483074027,0.928242612384457,1.7373276763191847,17786.873785813892,-17770.018630987794,574357.058157,533100.5589296338,316372879.07247347,23.63579893436572,103.68865685739082,30,0,official,2026-06-13T16:26:53
challenger_metrics_scoring,FastNeuralAR_MLP,SWE-Go Local,2,814.5201743770547,189.64563254894236,0.933415589836041,0.9335090287301253,1.7549449477056294,19539.11125316781,-19499.545879355446,626715.8838470001,584986.3763806634,381776868.5636691,23.939917626065807,103.02958729157817,30,0,official,2026-06-13T16:26:53
challenger_metrics_scoring,FastNeuralAR_MLP,SWE-Go Local,3,870.6030975876527,210.36178410029677,0.9328192819468337,0.9325196297992353,1.7516548160676497,22133.427396306055,-22092.93032114365,710521.236494,662787.9096343095,489888608.3075515,25.37658134040733,105.21600912907846,30,0,official,2026-06-13T16:26:53
challenger_metrics_scoring,FastNeuralAR_MLP,SWE-Go Local,4,1004.8705527254938,260.27440789974,0.9380126062284319,0.9359197454436134,1.7644577433855844,27563.4919629772,-27338.16655733269,874343.2564490001,820144.9967199807,759746089.1931088,27.205659956084723,105.90166042600278,30,0,official,2026-06-13T16:26:53
challenger_metrics_scoring,FastNeuralAR_MLP,SWE-Go Local,5,1015.4479992340401,281.2728231946846,0.9281258274827088,0.9263213588555118,1.7334080037743613,34566.76190528306,-34430.03280639375,1112888.957086,1032900.9841918125,1194861028.6165285,33.90624909632455,122.89406958224856,30,0,official,2026-06-13T16:26:53
challenger_metrics_scoring,FastNeuralAR_MLP,SWE-Go Local,6,936.4773949747049,263.31724518487505,0.9088925045141327,0.9088793390772353,1.6772144847756367,34861.66166955579,-34783.33263621716,1148100.5442380002,1043499.9790865148,1215335454.3625755,37.14273598366641,132.3941454919879,30,0,official,2026-06-13T16:26:53
challenger_metrics_scoring,FastNeuralAR_MLP,SWE-Go Local,7,924.7003933209469,264.61813417891926,0.8959009713513172,0.8956943312872805,1.636848623190406,34962.272561436446,-34846.01191408452,1166848.1125160002,1045380.3574225357,1222360502.660172,37.68356990629082,132.1234943701818,30,0,official,2026-06-13T16:26:53
challenger_metrics_scoring,FastNeuralAR_MLP,SWE-Go Local,8,954.8376455321004,272.1744125157154,0.9051329216076731,0.9050015680848881,1.66517120962515,35604.218972437935,-35511.2584141844,1176995.9162829998,1065337.7524255319,1267660408.6373093,37.19088640917076,130.81398300210216,30,0,official,2026-06-13T16:26:53
challenger_metrics_scoring,FastNeuralAR_MLP,SWE-Go Local,9,976.5654844835416,276.86362503455695,0.9118567793921447,0.9118357574888953,1.686395479261566,35863.5165253533,-35788.97883165383,1177453.948048,1073669.364949615,1286191817.5642889,36.64780232385635,129.5349525271764,30,0,official,2026-06-13T16:26:53
challenger_metrics_scoring,FastNeuralAR_MLP,SWE-Go Local,10,991.3583031898222,279.7041143411194,0.9063092006252071,0.9062097548970299,1.67000860059053,35883.053520613954,-35784.914130376514,1184526.67497,1073547.4239112954,1287593529.9632456,36.09685218274157,128.2893303344547,30,0,official,2026-06-13T16:26:53
challenger_metrics_scoring,FastNeuralAR_MLP,SWE-Go Local,11,892.2426784755675,251.72846883693472,0.9081032999401465,0.9103856267140537,1.6807366897555147,32009.65751142511,-31996.519092937167,1057033.459576,959895.572788115,1024618173.9987339,35.86078077727072,127.15946535296492,30,0,official,2026-06-13T16:26:53
challenger_metrics_scoring,FastNeuralAR_MLP,SWE-Go Local,12,815.3093598255148,239.30591265487604,0.926553892086799,0.9266787411391141,1.7335278776497718,31355.788496901456,-31320.804674161493,1014106.3010469999,939624.1402248448,983185472.2624176,38.41585319327683,131.02805588478031,30,0,official,2026-06-13T16:26:53
challenger_metrics_scoring,FastNeuralAR_MLP,TWN-Go Local,6,148.48834858811523,41.02143787226317,0.35868099092497474,0.35607362147827365,0.2977295544175767,138.09758873136667,129.58753639170735,10838.673334000001,3887.62609175122,19070.94401341769,0.8727118162729659,3.3664736268238413,30,0,official,2026-06-13T16:26:53
challenger_metrics_scoring,FastNeuralAR_MLP,TWN-Go Local,7,32.21897852746467,7.355930648089327,0.07488909255895633,0.07481958390736049,0.07511439102311077,42.75676133915983,-4.3808794617210465,14464.464082999999,1083.2305895274862,1828.140640213873,1.1206961849148422,5.812556341904301,30,0,official,2026-06-13T16:26:53
challenger_metrics_scoring,FastNeuralAR_MLP,TWN-Go Local,8,485.38948090423025,113.46203243071953,0.5622389818993236,0.5280443843779535,0.7339466175629318,822.5557164282649,-739.6561113031961,39466.639727,22189.683339095882,676597.906628816,1.5238404217687072,7.249612040314203,30,0,official,2026-06-13T16:26:53
challenger_metrics_scoring,FastNeuralAR_MLP,TWN-Go Local,9,88.07054846609306,31.287647384489247,0.18061806383315815,0.18088418737081557,0.2049300990433707,429.5876204639084,-381.8017952958134,63415.88219800001,11454.053858874402,184545.52365584305,4.335181305732485,13.730262783416407,30,0,official,2026-06-13T16:26:53
challenger_metrics_scoring,FastNeuralAR_MLP,TWN-Go Local,10,353.2934206646195,120.18998847386975,0.7321518048213553,0.7303883414358228,1.1688541402164563,1630.6415580572432,-1612.89262177789,66088.45096700001,48386.7786533367,2658991.890863354,4.565306137724554,13.567199554326919,30,0,official,2026-06-13T16:26:53
challenger_metrics_scoring,FastNeuralAR_MLP,TWN-Go Local,11,339.81829930887824,128.02760093672345,0.5794856977489273,0.5537613846755155,0.7995468560848976,1694.9973726541675,-1556.1687982635442,80562.92697,46685.063947906325,2873016.093304531,4.579414355932206,13.239312150290981,30,0,official,2026-06-13T16:26:53
challenger_metrics_scoring,FastNeuralAR_MLP,TWN-Go Local,12,262.606292907893,80.95912413281413,0.5525931536647627,0.5525931536647628,0.7736464619696223,1781.9659625420313,-1761.233111447188,95616.44582999998,52836.99334341564,3175402.6916583483,6.706743741532979,22.010687265078374,30,0,official,2026-06-13T16:26:53
challenger_metrics_scoring,FastNeuralAR_MLP,ZAF-Go Local,1,1434.5199339393725,474.03394003635344,0.9323639294766988,0.9322341616769858,1.7517020740398395,46553.771815960245,-46501.165212776126,1496234.3697339997,1395034.9563832837,2167253670.2924943,32.415837600163606,98.2076764638204,30,0,official,2026-06-13T16:26:53
challenger_metrics_scoring,FastNeuralAR_MLP,ZAF-Go Local,2,1443.156683161846,479.91538653710694,0.9224647279449398,0.922308582492922,1.719060875591396,46878.64714989831,-46805.68168596873,1522194.1913240005,1404170.4505790619,2197607558.604669,32.43284823614651,97.6810672567875,30,0,official,2026-06-13T16:26:53
challenger_metrics_scoring,FastNeuralAR_MLP,ZAF-Go Local,3,1470.0836783118336,491.43339945864375,0.922828533640745,0.9226957939449304,1.7202788765553665,47733.82815684143,-47662.19889595326,1549438.4002600003,1429865.9668785979,2278518350.506868,32.42141899751313,97.13183558428132,30,0,official,2026-06-13T16:26:53
challenger_metrics_scoring,FastNeuralAR_MLP,ZAF-Go Local,6,831.3283214212273,58.504572780980425,0.9168613581603281,0.9165893677043931,1.7009940929239784,50783.61067098872,-50681.180708268075,1658304.6146680003,1520435.4212480423,2578975112.782559,60.964097339573655,868.028057586265,30,0,official,2026-06-13T16:26:53
challenger_metrics_scoring,FastNeuralAR_MLP,ZAF-Go Local,7,842.3261956462475,59.416582139813805,0.9175431098931718,0.9176019439432594,1.7039774917095558,51240.07884736447,-51160.218596842926,1672735.0915249998,1534806.5579052877,2625545680.284128,60.73682483256015,862.3868455912002,30,0,official,2026-06-13T16:26:53
challenger_metrics_scoring,FastNeuralAR_MLP,ZAF-Go Local,8,838.4846659429403,58.963842184222116,0.9136985692269649,0.9139535945792083,1.6928005235635972,50522.625928869275,-50439.6476771906,1656114.4794130002,1513189.430315718,2552535730.7484536,60.15571867431511,856.8408037424061,30,0,official,2026-06-13T16:26:53
challenger_metrics_scoring,FastNeuralAR_MLP,ZAF-Go Local,9,844.7606718177847,59.43695959826171,0.9174359118011004,0.9173158962155606,1.703484678912239,50605.16563556028,-50511.33247250649,1651712.0756700002,1515339.9741751947,2560882789.0024915,59.79366009524862,851.4090555372264,30,0,official,2026-06-13T16:26:53
challenger_metrics_scoring,FastNeuralAR_MLP,ZAF-Go Local,10,870.1840710319171,61.327585987808426,0.9135736654722557,0.9132175992296854,1.689941092701343,51888.16396300932,-51772.5292185721,1700110.1665450002,1553175.876557163,2692381559.4521394,59.4960663405124,846.0819568754001,30,0,official,2026-06-13T16:26:53
challenger_metrics_scoring,FastNeuralAR_MLP,ZAF-Go Local,11,895.1800518959806,63.5272437164189,0.9131717522707935,0.9128225245756322,1.688873065678933,53418.333048330795,-53296.67884637949,1750930.601407,1598900.3653913846,2853518305.66239,59.53738438819963,840.8728275192677,30,0,official,2026-06-13T16:26:53
challenger_metrics_scoring,FastNeuralAR_MLP,ZAF-Go Local,12,906.1214876259943,64.60652388062364,0.9072737323906784,0.9071114923475936,1.6714889211070838,53994.97097108794,-53860.04336948743,1780941.344821,1615801.301084623,2915456890.168629,59.4402010160898,835.7510623982317,30,0,official,2026-06-13T16:26:53
challenger_metrics_scoring,LightGBM,APC-Dedicated,1,73.1329957910383,5.980002727143762,0.06267463697780962,0.06368516015081885,0.06132640510811595,156.43589047418084,135.5620743321996,68118.092036,4269.276689977324,24472.187828449903,1.945896260093897,26.159835975342364,30,0,official,2026-06-13T16:26:53
challenger_metrics_scoring,LightGBM,APC-Dedicated,2,203.73351671168945,20.55376853148025,0.23433365034538922,0.28370311101312173,0.22632091400993956,538.2306729502462,417.3664982918059,53432.33859200001,12520.994948754176,289692.2573044749,2.0485902615740743,26.18647145538734,30,0,official,2026-06-13T16:26:53
challenger_metrics_scoring,LightGBM,APC-Dedicated,3,14.860346036193189,1.3714119178772413,0.02807512962631743,0.028097558371372167,0.02769722629212332,36.43051770860794,35.92756521147494,38390.809613,1077.8269563442482,1327.1826205171963,2.417680256164384,26.564241737812377,30,0,official,2026-06-13T16:26:53
challenger_metrics_scoring,LightGBM,APC-Dedicated,4,2.0692984719621865,0.22378542393204012,0.0038801598637622833,0.0038733482777487103,0.003883686273530068,5.905105714167914,-4.594179396525495,38530.769652,149.50554592356025,34.87027349549855,2.4083128968468475,26.3873562916287,30,0,official,2026-06-13T16:26:53
challenger_metrics_scoring,LightGBM,APC-Dedicated,5,1.831545496683415,0.20652219404694652,0.003370921834255926,0.003364213069212529,0.003372775418980854,5.413153932493652,-4.0089489294364435,38845.12493,130.9438797809362,29.302235496871493,2.383121795555556,26.211003410428308,30,0,official,2026-06-13T16:26:53
challenger_metrics_scoring,LightGBM,APC-Dedicated,6,3.4525619357279242,0.3444366208830916,0.006221788207582827,0.006213533018876582,0.0062370375729583994,8.968459897446188,-8.13772286427333,39238.18648,244.1316859281999,80.43327293210048,2.357009958333334,26.03805563546698,30,0,official,2026-06-13T16:26:53
challenger_metrics_scoring,LightGBM,APC-Dedicated,7,2.9908877396435076,0.3139968690536819,0.005279170640481067,0.005269324144231233,0.005288176977225399,8.122623660272785,-6.88141914023228,39638.56977400001,209.2587737815611,65.97701512642325,2.332181300865801,25.868486156414875,30,0,official,2026-06-13T16:26:53
challenger_metrics_scoring,LightGBM,APC-Dedicated,8,1.8945981236663085,0.2012619694405591,0.0032823326997643205,0.0032778457575131227,0.003285361502145392,5.172878435111236,-4.302068112939908,39974.23962300001,131.2087538627875,26.758671304438867,2.308471160256411,25.70221512534189,30,0,official,2026-06-13T16:26:53
challenger_metrics_scoring,LightGBM,APC-Dedicated,9,86.2094737238246,16.350371271496137,0.1721454684329478,1.0920104744918748,0.22847406131655773,417.58010419355554,197.23354623935126,34372.12980999999,5917.006387180538,174373.14341830072,2.2878407409282717,25.539487590812673,30,0,official,2026-06-13T16:26:53
challenger_metrics_scoring,LightGBM,APC-Dedicated,10,28.138914285108864,2.9828425262339686,1.5968334761043297,1.971129734755365,0.9076952723702731,81.04235315762278,78.48995267086069,1474.6049699999999,2354.6985801258206,6567.863005324853,2.789373885416668,27.16950440556579,30,0,official,2026-06-13T16:26:53
challenger_metrics_scoring,LightGBM,APC-Dedicated,11,4.696786473172863,0.4824481390045407,0.4580189709774548,0.458038225498005,0.3726784474636505,13.027403955595895,13.026993679557421,853.261186,390.80981038672263,169.71325382227556,2.773597172016461,27.002703300868745,30,0,official,2026-06-13T16:26:53
challenger_metrics_scoring,LightGBM,APC-Dedicated,12,0.41929716819344964,0.043145691643551635,0.03985351015382411,0.039875793716358056,0.039083623353696334,1.1579245554123554,1.1488334004536402,864.7921320000003,34.46500201360921,1.3407892760269007,2.7399025979674803,26.837547650842065,30,0,official,2026-06-13T16:26:53
challenger_metrics_scoring,LightGBM,APC-MSIT,1,1.1688437317223952,0.3390437865496799,0.008117162040620499,0.008283094954748651,0.008165158888397264,41.24251137210087,22.271233135143575,82311.64915900002,668.1369940543073,1700.9447442778699,19.054072439884614,121.64361362232965,30,0,official,2026-06-13T16:26:53
challenger_metrics_scoring,LightGBM,APC-MSIT,2,7.645428122358407,1.2313377006177924,0.056733263776397425,0.05688862144955583,0.05521315488724884,148.7487527552759,144.15740732617226,76229.03975400001,4324.722219785168,22126.19144625019,18.855374090117483,120.80256511324632,30,0,official,2026-06-13T16:26:53
challenger_metrics_scoring,LightGBM,APC-MSIT,3,5.115714751480856,1.0074405161135616,0.03990780639468625,0.04085319146774053,0.03955624442951273,120.87778306138912,92.72762574510577,71999.299189,2873.334092587703,14611.43843783625,18.722272006767337,119.98503249373329,30,0,official,2026-06-13T16:26:53
challenger_metrics_scoring,LightGBM,APC-MSIT,4,5.32497707295427,2.0356717474946753,0.04451853708855076,0.06044785053616078,0.049511813917140254,242.62587968581667,90.43491763900337,66749.627101,2971.5957497428017,58867.31749331639,18.60161842971827,119.18713318314663,30,0,official,2026-06-13T16:26:53
challenger_metrics_scoring,LightGBM,APC-MSIT,5,6.8680782317254705,1.1971457304380193,0.058192877336845354,0.057745742026613166,0.05982369846951322,144.74992958866298,-131.11441114899398,67954.140153,3954.4469424543267,20952.542115922894,19.192399042999103,120.91253880653358,30,0,official,2026-06-13T16:26:53
challenger_metrics_scoring,LightGBM,APC-MSIT,6,2.188045153867752,0.3976867637498229,0.018420044704823724,0.018527570277789014,0.018303241578507528,47.77251995599969,41.600215529596014,67785.822463,1248.6178801217043,2282.213662946389,19.02181768529097,120.12599943118163,30,0,official,2026-06-13T16:26:53
challenger_metrics_scoring,LightGBM,APC-MSIT,7,1.3297458392084094,0.24772185151218776,0.011260728632773612,0.011262642426862536,0.011174967077699278,29.564855225542274,25.005664664641458,66703.778385,751.133147174155,874.0806645072743,18.828990348544117,119.34698148373762,30,0,official,2026-06-13T16:26:53
challenger_metrics_scoring,LightGBM,APC-MSIT,8,3.7967171222403824,0.7401417549004781,0.03129298771800486,0.031222165005373923,0.031995203364640935,87.7662030161993,-69.99432064077563,67706.908393,2118.7514527662292,7702.9063918807105,18.601609272345858,118.58026173378182,30,0,official,2026-06-13T16:26:53
challenger_metrics_scoring,LightGBM,APC-MSIT,9,0.28333282522961134,0.05824398758319609,0.0023199866461433454,0.0023176944859264305,0.002319292825764631,6.862948494802482,-0.1724874026440678,67468.76522500001,156.52663435378054,47.100062042311656,18.414931182897973,117.83102049802825,30,0,official,2026-06-13T16:26:53
challenger_metrics_scoring,LightGBM,APC-MSIT,10,2.3569329803474233,0.39053016719219763,0.0187173634553911,0.018681553438217157,0.018881933407421246,45.728337184442495,-42.88151131537941,68744.100812,1286.7083203122506,2091.080821654066,18.197495517,117.09297008529818,30,0,official,2026-06-13T16:26:53
challenger_metrics_scoring,LightGBM,APC-MSIT,11,0.9331043832323264,0.17570539784812803,0.007278933615834755,0.007242015452386411,0.007273254486970788,20.446661593905212,-8.254143912222707,69219.55659400001,503.84455736524296,418.0659703356784,17.99886366481661,116.36900086347036,30,0,official,2026-06-13T16:26:53
challenger_metrics_scoring,LightGBM,APC-MSIT,12,4.130809843512183,0.8405297943205013,0.031322943710232795,0.031233573197652895,0.03205225003150193,97.2141690530942,-56.7538945832404,70430.70129600001,2206.096892166828,9450.594664683578,17.801972460127534,115.65820713313774,30,0,official,2026-06-13T16:26:53
challenger_metrics_scoring,LightGBM,APC-Multitenant,1,6.529951629045527,1.6689399491339059,0.008952449331848753,0.00890447683496385,0.008963786968530505,4986.618371813648,-3797.716980648673,13612520.948039,121865.40406604891,24866362.786109403,622.0842613084909,2987.8956246457205,30,0,official,2026-06-13T16:26:53
challenger_metrics_scoring,LightGBM,APC-Multitenant,2,12.840377064362752,3.7110942520647683,0.017132080942679633,0.016867761410709017,0.017142570334902574,11013.432861899008,-7888.848199350338,13909008.864992999,238290.2657075086,121295703.40355696,618.5962310220641,2967.704971591973,30,0,official,2026-06-13T16:26:53
challenger_metrics_scoring,LightGBM,APC-Multitenant,3,29.62314724543394,6.29494353241125,0.0379529926377064,0.03793370109208084,0.03867692088054905,18573.11667793683,-18445.125010149924,14579976.751418,553353.7503044978,344960663.1322552,622.6591947617255,2950.4818561609054,30,0,official,2026-06-13T16:26:53
challenger_metrics_scoring,LightGBM,APC-Multitenant,4,24.36497339421356,11.098123630586713,0.0310774661541677,0.03695208905191501,0.03335117848763131,32529.155902988485,1815.8830454321326,14561539.718615,452535.7577578263,1058145983.7609307,619.106986678534,2931.0500572670953,30,0,official,2026-06-13T16:26:53
challenger_metrics_scoring,LightGBM,APC-Multitenant,5,231.80058015701607,40.848793282103884,0.33075059594743783,0.31865782951514204,0.3862783733954908,170722.35783694583,-161497.37228746788,14648261.342494998,4844921.168624036,29146123465.406174,696.7082316104364,4179.373345448135,30,0,official,2026-06-13T16:26:53
challenger_metrics_scoring,LightGBM,APC-Multitenant,6,17.507220924257446,3.089124798201035,0.025662823506077,0.02562644948143834,0.025977467667141547,13974.519010716798,-13593.691902567287,15891110.227229998,407810.7570770186,195287181.5808852,776.4620073841818,4523.779362638544,30,0,official,2026-06-13T16:26:53
challenger_metrics_scoring,LightGBM,APC-Multitenant,7,14.479974411005113,2.6113292401010177,0.02064021536980252,0.02059916981971472,0.020834251801927297,11737.96962984899,-11198.882082110027,16277275.040202998,335966.4624633008,137779931.03125727,773.4048254669995,4495.017116032031,30,0,official,2026-06-13T16:26:53
challenger_metrics_scoring,LightGBM,APC-Multitenant,8,12.470250835560194,2.2049653634334647,0.017302292534515,0.017285746207098433,0.017444802704019498,9848.39775048089,-9583.259844790784,16616167.757551001,287497.7953437235,96990938.25167705,768.4897417991898,4466.463697708813,30,0,official,2026-06-13T16:26:53
challenger_metrics_scoring,LightGBM,APC-Multitenant,9,3.041676126405358,0.7172792164274214,0.004164347994780382,0.004147882788091706,0.004163955503443343,3183.5732479072312,-2110.7402957493828,16712000.653360998,69594.5864095923,10135138.624790598,762.6780270416116,4438.40163634431,30,0,official,2026-06-13T16:26:53
challenger_metrics_scoring,LightGBM,APC-Multitenant,10,15.14106177178038,2.7325215321287155,0.02011345529019096,0.020071254101706234,0.02029604767581549,12052.615277147454,-11458.73737473477,17091151.981713,343762.1212420431,145265535.0189282,756.7987996780612,4410.803404633415,30,0,official,2026-06-13T16:26:53
challenger_metrics_scoring,LightGBM,APC-Multitenant,11,13.553920940540198,2.3964137248360413,0.017544673717366704,0.01752666530084964,0.017690706206819836,10505.571723222458,-10206.582354632637,17452445.999943998,306197.4706389791,110367037.23177129,753.0354057256179,4383.872289807234,30,0,official,2026-06-13T16:26:53
challenger_metrics_scoring,LightGBM,APC-Multitenant,12,13.671929859298688,2.638397559086007,0.017235134310263498,0.017158008639140045,0.017345338261495487,11496.263711033213,-10222.724387876939,17793985.594511997,306681.73163630813,132164079.31361915,747.7162692525195,4357.290155701836,30,0,official,2026-06-13T16:26:53
challenger_metrics_scoring,LightGBM,ARE-Go Local,1,40.603619902263134,6.16611599469676,0.028626481899620988,0.028551973669233677,0.02900328241515423,1337.2202142838678,-1278.7489583611316,1340104.2043989997,38362.46875083395,1788157.9014893936,31.49347179978546,216.86588695930467,30,0,official,2026-06-13T16:26:53
challenger_metrics_scoring,LightGBM,ARE-Go Local,2,14.565971216631896,2.684561817058062,0.010168832829786548,0.010110188249670115,0.010190861076390827,578.3737355669916,-460.1738493528302,1360448.60527,13834.174440506897,334516.1779937163,31.658661215144583,215.44437229641284,30,0,official,2026-06-13T16:26:53
challenger_metrics_scoring,LightGBM,ARE-Go Local,3,23.114850948194995,3.532953192247131,0.01592986632647814,0.01591697215750388,0.01605116187909105,756.3478940672112,-737.5465845529866,1388988.2741709996,22126.397536589597,572062.1368599053,31.90791003610519,214.08375738658935,30,0,official,2026-06-13T16:26:53
challenger_metrics_scoring,LightGBM,ARE-Go Local,4,22.026333728023758,3.7831399058610264,0.0150537545762104,0.014998378145216854,0.015128517396924392,804.9497803244911,-641.5324805774756,1411214.3448169997,21244.07440130267,647944.1488444465,32.149508952359405,212.77293474592977,30,0,official,2026-06-13T16:26:53
challenger_metrics_scoring,LightGBM,ARE-Go Local,5,62.4914067883434,10.463177349865818,0.04315685673347495,0.04279083651942148,0.043871473551050776,2241.5627859743736,-2054.330824281769,1447498.019537,62469.46465114703,5024603.723465195,33.32162925095142,214.23346953046914,30,0,official,2026-06-13T16:26:53
challenger_metrics_scoring,LightGBM,ARE-Go Local,6,34.459560153188484,5.939405237782798,0.023793333794291126,0.0237084013981057,0.02403579554166578,1279.340295001408,-1191.1199188300561,1501832.314624,35733.597564901684,1636711.5904142899,34.56573193433068,215.39872155262984,30,0,official,2026-06-13T16:26:53
challenger_metrics_scoring,LightGBM,ARE-Go Local,7,36.08674746899474,6.264833615593223,0.024373712755177187,0.024292469240395017,0.02463223900949555,1341.2784100540912,-1255.9972228672812,1545924.3761709998,37679.916686018434,1799027.7732772306,34.804943946428466,214.09641378434026,30,0,official,2026-06-13T16:26:53
challenger_metrics_scoring,LightGBM,ARE-Go Local,8,36.548580920667405,6.2368503347662,0.024163705467708727,0.02412098432948582,0.024437089132189026,1327.439959122685,-1280.4093184266824,1589668.4225080002,38412.27955280047,1762096.8450756355,35.0330788822129,212.8381936188383,30,0,official,2026-06-13T16:26:53
challenger_metrics_scoring,LightGBM,ARE-Go Local,9,2.464314286522326,0.5175787653328701,0.0016280325259189386,0.0016300324958930903,0.001628720555733297,109.49432985216663,20.12560245905503,1593407.491862,2594.1192237942523,11989.008269775068,35.089128552336675,211.55104727248153,30,0,official,2026-06-13T16:26:53
challenger_metrics_scoring,LightGBM,ARE-Go Local,10,9.72438328909855,1.7685145660011037,0.00643562966009272,0.0064441994549816976,0.006419231919779235,371.8083412869278,338.61544867847357,1578472.3479890001,10158.463460354207,138241.4426505366,34.82127746425585,210.23764713889034,30,0,official,2026-06-13T16:26:53
challenger_metrics_scoring,LightGBM,ARE-Go Local,11,119.79681325600903,29.44073130234237,0.08597683843097513,0.09628390092028494,0.08681081391706336,6151.715421593232,4145.9461972191175,1446649.9139349996,124378.38591657353,37843602.628268,34.6081509560619,208.95253444685284,30,0,official,2026-06-13T16:26:53
challenger_metrics_scoring,LightGBM,ARE-Go Local,12,44.31557961327875,8.128531104529678,0.043988840572546414,0.04412331852210584,0.04310404348100683,1783.9648406207368,1725.1956845327552,1176568.190076,51755.870535982656,3182530.552570971,38.92977818608552,219.46952255944626,30,0,official,2026-06-13T16:26:53
challenger_metrics_scoring,LightGBM,AUS-Go Local,1,16.698536441276836,2.4702963393186166,0.013703907589735298,0.013674853290478881,0.013783621661673077,3791.907110730931,-3525.387498819498,7717625.375977,105761.62496458495,14378559.536411798,211.11954998074867,1535.0009026758528,30,0,official,2026-06-13T16:26:53
challenger_metrics_scoring,LightGBM,AUS-Go Local,2,13.973505138613358,2.04470472188416,0.01125534800475911,0.011239527526761318,0.011310993871595705,3117.0366600224525,-2936.7061423134496,7827495.3588419985,88101.18426940349,9715917.539923927,210.16245481589092,1524.443420441734,30,0,official,2026-06-13T16:26:53
challenger_metrics_scoring,LightGBM,AUS-Go Local,3,11.456408078560765,1.680858470083423,0.00907165688346648,0.00906107475112976,0.009107624342653768,2544.957216901417,-2394.146793477594,7917451.544627,71824.40380432783,6476807.235858606,208.97883324861135,1514.0817993885635,30,0,official,2026-06-13T16:26:53
challenger_metrics_scoring,LightGBM,AUS-Go Local,4,52.43301167499733,29.669269923428693,0.042052356635550646,0.40508362901493306,0.0674349357350501,44620.41416215805,5362.088344210788,7772871.394730999,326867.55997349793,1990981360.0025148,207.80010501753208,1503.9269344111162,30,0,official,2026-06-13T16:26:53
challenger_metrics_scoring,LightGBM,AUS-Go Local,5,341.0418239591398,20.38388563062023,0.4546940226202631,1.0969088136065193,0.5925867776763832,110148.25408416003,-74053.07011454972,7150905.443317,3251473.9613989424,12132637877.788675,317.79816364385283,5403.692705118877,30,0,official,2026-06-13T16:26:53
challenger_metrics_scoring,LightGBM,AUS-Go Local,6,102.01221021553187,7.232407918462885,0.1576611577590802,0.15759193228461438,0.1719311836109648,44514.33923402387,-43306.79407481775,8240481.299965001,1299203.8222445324,1981526397.4417567,424.525593390428,6154.843550843932,30,0,official,2026-06-13T16:26:53
challenger_metrics_scoring,LightGBM,AUS-Go Local,7,7.313756136437635,0.5435234445744445,0.011065335726361949,0.01104500374719688,0.01111654259820055,3323.536566759116,-3074.5777337838354,8335701.174774999,92237.33201351506,11045895.31058497,420.3828616141681,6114.798910581128,30,0,official,2026-06-13T16:26:53
challenger_metrics_scoring,LightGBM,AUS-Go Local,8,9.538150451104407,0.6870428560425413,0.014086686884514405,0.01406704849248976,0.014176591985827078,4174.186705201883,-3979.733878943821,8475521.415866999,119392.01636831462,17423834.649884157,417.24377271518233,6075.584177158549,30,0,official,2026-06-13T16:26:53
challenger_metrics_scoring,LightGBM,AUS-Go Local,9,3.493328107419752,0.24654634890067692,0.005143097350326605,0.005144558217249182,0.005130630227313348,1488.4335291534862,1449.1688646034881,8453090.224968,43475.06593810464,2215434.370708302,414.8390360256986,6037.134744806596,30,0,official,2026-06-13T16:26:53
challenger_metrics_scoring,LightGBM,AUS-Go Local,10,1.791500986349506,0.15292117928013527,0.0026214648450683434,0.00262530097905806,0.00261994085954542,917.4245340155032,735.701291090118,8419353.314702999,22071.038732703542,841667.7756135633,410.6619514562686,5999.329447589987,30,0,official,2026-06-13T16:26:53
challenger_metrics_scoring,LightGBM,AUS-Go Local,11,4.82244099770838,0.44830293243911257,0.00698286629132128,0.006933832337561027,0.006975112797164629,2672.945614056891,-1380.4379667654575,8463384.015383001,59098.678951525304,7144638.2557059685,408.497681150887,5962.3647775713,30,0,official,2026-06-13T16:26:53
challenger_metrics_scoring,LightGBM,AUS-Go Local,12,1.6978143933158805,0.14025797227201253,0.0024791888524877464,0.002482776963841077,0.0024788386330435864,831.2265924542432,480.8366269986785,8390982.897593,20802.831261127896,690937.6480030926,408.42374256821967,5926.412445505663,30,0,official,2026-06-13T16:26:53
challenger_metrics_scoring,LightGBM,BRA-Go Local,1,14.063691361160394,4.30193987502531,0.012301769198740773,0.012248192176475579,0.01235060864643857,662.4410266446724,-568.323858652933,1385956.400591,17049.71575958799,438828.1137820476,40.410717503547424,153.98658416646865,30,0,official,2026-06-13T16:26:53
challenger_metrics_scoring,LightGBM,BRA-Go Local,2,24.911933225368518,6.8885958897133905,0.021196913118147823,0.02115412448583502,0.021401921411200644,1052.1991118700764,-1004.6152354252549,1421832.362796,30138.457062757647,1107122.9710201775,40.32666699677194,152.74507733009935,30,0,official,2026-06-13T16:26:53
challenger_metrics_scoring,LightGBM,BRA-Go Local,3,21.63513452901658,6.262469743849889,0.017977358607904784,0.01791821501680305,0.01811000510676713,948.9840330915009,-871.1371763890912,1453723.8679870002,26134.115291672737,900570.6950626109,40.26492995551938,151.53510865636656,30,0,official,2026-06-13T16:26:53
challenger_metrics_scoring,LightGBM,BRA-Go Local,4,16.573972193385718,4.5741218804522035,0.013547845236197908,0.013536898984417579,0.013634667459837518,687.8182892162104,-667.9932262782563,1479187.01749,20039.79678834769,473093.99898031447,40.30374966749592,150.37165759741666,30,0,official,2026-06-13T16:26:53
challenger_metrics_scoring,LightGBM,BRA-Go Local,5,23.792852673359405,7.131855522923359,0.019221446132902487,0.01913027695847736,0.019357692842094713,1066.1588613222002,-954.4336946476762,1499411.4311990002,28820.856055849807,1136694.7175758507,40.37747028700514,149.4924929277283,30,0,official,2026-06-13T16:26:53
challenger_metrics_scoring,LightGBM,BRA-Go Local,6,21.72905506722763,6.69817408935187,0.017282044041529367,0.01720293141637822,0.01739208211693549,996.8101936170883,-884.686157226971,1535731.8065520003,26540.584716809128,993630.5620989371,40.71443302480647,148.81819736541692,30,0,official,2026-06-13T16:26:53
challenger_metrics_scoring,LightGBM,BRA-Go Local,7,7.6767507103679495,2.305115338707479,0.0060640988846499995,0.006057586122315235,0.006079254867104803,340.88313908607967,-314.04385771607025,1553621.7186909998,9421.315731482107,116201.31451317952,40.90843503514236,147.88116384545822,30,0,official,2026-06-13T16:26:53
challenger_metrics_scoring,LightGBM,BRA-Go Local,8,5.4588655709520735,2.1412302543480033,0.004288190557935204,0.004309178767207949,0.004292985488542201,314.26036565231743,135.0613911235841,1551806.5156269998,6654.442048054028,98759.57741992825,40.63385186025892,146.76626440065343,30,0,official,2026-06-13T16:26:53
challenger_metrics_scoring,LightGBM,BRA-Go Local,9,16.40684306082056,4.892456540398239,0.013291373041927821,0.013315459759591466,0.013215409057162298,714.0137252962606,670.0728731492704,1512423.5946930002,20102.186194478112,509815.59991144395,40.84106068823199,145.94176144447488,30,0,official,2026-06-13T16:26:53
challenger_metrics_scoring,LightGBM,BRA-Go Local,10,11.93567180485553,3.8850443101293384,0.009522167683223195,0.009492215053682406,0.009552404144248645,563.3126619901127,-486.7109191210417,1538389.9260639998,14648.806838162738,317321.155158387,40.9104379925602,144.99517045955113,30,0,official,2026-06-13T16:26:53
challenger_metrics_scoring,LightGBM,BRA-Go Local,11,19.39718448917803,6.679775413245734,0.015067787274815803,0.014963241198410472,0.015128537785221491,962.216284348861,-789.080440893127,1581626.4499620001,23831.61089624952,925860.177866128,40.95372863614222,144.04919698959094,30,0,official,2026-06-13T16:26:53
challenger_metrics_scoring,LightGBM,BRA-Go Local,12,31.169836023400187,9.34110251424906,0.02367969605791334,0.023634671952838852,0.023940100908124737,1337.8223749071212,-1286.0366675987539,1629290.339437,38581.10002796262,1789768.7068021302,41.25901293267264,143.2188944363245,30,0,official,2026-06-13T16:26:53
challenger_metrics_scoring,LightGBM,CAN-Go Local,1,16.691236032581248,4.078173426349972,0.011737775953359455,0.011717957156541838,0.011797003910087006,1865.8391229937442,-1743.7024325049008,4456642.653856,52311.07297514702,3481355.6328940648,104.46814298840413,457.5183367480522,30,0,official,2026-06-13T16:26:53
challenger_metrics_scoring,LightGBM,CAN-Go Local,2,15.871673744959283,4.059192164940272,0.011028505768115236,0.010999748143026577,0.011075038040989795,1848.7968917448911,-1660.893052444802,4518000.227863999,49826.79157334406,3418049.9469255707,104.64511047376388,455.45931717970166,30,0,official,2026-06-13T16:26:53
challenger_metrics_scoring,LightGBM,CAN-Go Local,3,15.025441400816216,3.612842730229947,0.01028864168512634,0.01027986815803904,0.01033738886679734,1635.1780258775425,-1570.7466570510926,4580040.8988540005,47122.39971153278,2673807.176312777,104.53913566664112,452.60149637719445,30,0,official,2026-06-13T16:26:53
challenger_metrics_scoring,LightGBM,CAN-Go Local,4,16.210409670228675,6.162644798093713,0.010996082146930389,0.011250906858361175,0.011146089122147143,2771.722927887412,-806.7900333689836,4611622.683728999,50709.78186093166,7682447.988976766,104.274111291304,449.76191532972774,30,0,official,2026-06-13T16:26:53
challenger_metrics_scoring,LightGBM,CAN-Go Local,5,44.181755085292245,9.54121824160318,0.03197623210973859,0.0321046026099115,0.03238002281004161,5124.037539449117,-3175.058714679481,4633745.430587,148169.71942589048,26255760.705683753,111.7880138078497,537.0422738164032,30,0,official,2026-06-13T16:26:53
challenger_metrics_scoring,LightGBM,CAN-Go Local,6,19.308981327382103,4.334591092091998,0.014706049970676866,0.01468845685265136,0.014805987061748583,2432.8641798740373,-2338.1629990314123,4769798.151835999,70144.88997094237,5918828.117714172,121.09199130643204,561.2672863912217,30,0,official,2026-06-13T16:26:53
challenger_metrics_scoring,LightGBM,CAN-Go Local,7,8.276460717107769,1.8897496503564812,0.006269075268554437,0.006265129394531891,0.006286795475060907,1054.665188384133,-1005.0820943801072,4809714.597406,30152.462831403216,1112318.6595893388,121.43863527347663,558.0978349090747,30,0,official,2026-06-13T16:26:53
challenger_metrics_scoring,LightGBM,CAN-Go Local,8,4.63477777852169,1.0909350603019925,0.003506728480056021,0.0035048970047570774,0.003511967418107191,605.4863796237122,-564.7627162459927,4831535.028656999,16942.881487379782,366613.75590983016,121.85324588013572,555.0159690129508,30,0,official,2026-06-13T16:26:53
challenger_metrics_scoring,LightGBM,CAN-Go Local,9,6.232431386282482,1.7861408586016927,0.004695712502680817,0.004678162392803906,0.004696140908361405,985.644657910042,-637.8497946277872,4853236.179728001,22789.401807611663,971495.3916666039,121.8860954638608,551.8291870226119,30,0,official,2026-06-13T16:26:53
challenger_metrics_scoring,LightGBM,CAN-Go Local,10,16.229035430286242,4.063580196930945,0.012062943160223027,0.012022631228969325,0.012114531398074585,2231.0281832264986,-1952.541392639034,4929018.794828,59458.473557681165,4977486.75435093,122.12365467455358,549.03018400166,30,0,official,2026-06-13T16:26:53
challenger_metrics_scoring,LightGBM,CAN-Go Local,11,30.13782478257165,7.175551932486416,0.022300237040681528,0.022252325025845742,0.02252698617330585,3937.9442781410985,-3758.131810151708,5055728.963726998,112743.95430455124,15507405.137744216,124.69817703383131,548.8001919841939,30,0,official,2026-06-13T16:26:53
challenger_metrics_scoring,LightGBM,CAN-Go Local,12,9.060007548249459,2.32900678416724,0.0066862480223578834,0.006675004363481558,0.0067029923350791,1274.584477922839,-1138.3626754091674,5107629.891694001,34150.88026227502,1624565.5913618358,125.64698973447518,547.2652491128657,30,0,official,2026-06-13T16:26:53
challenger_metrics_scoring,LightGBM,CHE-Go Local,1,24.919667736932247,4.291219929934413,0.019310713263176005,0.0192803617177271,0.019483379633862274,555.082350558797,-533.4431456909828,828726.2180649999,16003.294370729483,308116.41590187914,21.40651116709683,129.35304170422253,30,0,official,2026-06-13T16:26:53
challenger_metrics_scoring,LightGBM,CHE-Go Local,2,13.02745951776217,2.30260351195707,0.009945850624525137,0.009933244394645725,0.0099891566510807,295.77213686326365,-278.3815013877234,839691.3805480001,8351.445041631701,87481.15694466117,21.368824904668998,128.45117942683746,30,0,official,2026-06-13T16:26:53
challenger_metrics_scoring,LightGBM,CHE-Go Local,3,11.318721596010036,2.0210819252542334,0.008532780895620125,0.008522631023668148,0.008564200066827819,257.8087545838426,-241.39269812956653,848701.1482509999,7241.780943886995,66465.35394007197,21.32685180759812,127.5597744764417,30,0,official,2026-06-13T16:26:53
challenger_metrics_scoring,LightGBM,CHE-Go Local,4,2.9389355497845626,0.6056255694319048,0.0022138065500729004,0.0022110103622113592,0.0022144512986277624,76.76064013180937,-52.4535019981385,851379.6811670003,1884.789914766483,5892.195873445143,21.37723996595351,126.74603584490858,30,0,official,2026-06-13T16:26:53
challenger_metrics_scoring,LightGBM,CHE-Go Local,5,27.462551827481462,5.121163331535597,0.020241104437054524,0.02015384716512361,0.020402221926404472,644.8576163266974,-584.6234431727081,867853.157183,17566.3063905686,415841.34533455013,21.32152722116449,125.9201424714831,30,0,official,2026-06-13T16:26:53
challenger_metrics_scoring,LightGBM,CHE-Go Local,6,86.94289190580866,15.737576566901243,0.06067385554092666,0.06031834944385602,0.06237811412875221,1971.5703842926866,-1878.2932655120376,928716.2891330001,56348.797965361126,3887089.780220012,21.603758793150387,125.27788989057115,30,0,official,2026-06-13T16:26:53
challenger_metrics_scoring,LightGBM,CHE-Go Local,7,68.83667297458057,13.335988812552934,0.04677784311910509,0.04641715203611166,0.04770470575104528,1664.3708310924535,-1536.9862897457483,985714.295868,46109.58869237245,2770130.2633913844,22.328015334403418,124.80295645762767,30,0,official,2026-06-13T16:26:53
challenger_metrics_scoring,LightGBM,CHE-Go Local,8,50.786378599436745,9.584119741747166,0.033853560414163236,0.03380244793707331,0.03440963535915286,1190.8411965369314,-1164.4180545315714,1031872.0160770001,34932.54163594714,1418102.7553695103,22.927763046772657,124.251493994778,30,0,official,2026-06-13T16:26:53
challenger_metrics_scoring,LightGBM,CHE-Go Local,9,6.368883242997211,1.5460654697858043,0.004237781125789662,0.0042226288579884225,0.004235495336011618,190.94715037435276,-87.33028494857402,1038720.3751210001,4401.869600660932,36460.81423608568,23.0384167978006,123.5052163740563,30,0,official,2026-06-13T16:26:53
challenger_metrics_scoring,LightGBM,CHE-Go Local,10,25.389579079287856,4.9190331886988075,0.016549702197911083,0.016531793402936933,0.016678620024193427,603.746155953649,-584.6607941862392,1059827.156757,17539.823825587177,364509.4208288079,23.027589089225582,122.73675187651116,30,0,official,2026-06-13T16:26:53
challenger_metrics_scoring,LightGBM,CHE-Go Local,11,12.997703087522666,2.5138388626454553,0.008377816812375228,0.008374277567190285,0.008411267709117095,306.6603926583335,-299.16008561830216,1071257.9147459997,8974.802568549065,94040.59642536327,23.01638094083602,121.98888210981724,30,0,official,2026-06-13T16:26:53
challenger_metrics_scoring,LightGBM,CHE-Go Local,12,9.792000329742455,2.4609591911591324,0.006253708128852263,0.0062238149498030785,0.006257995081128259,298.3898427759927,-222.31677606124916,1078819.1041940001,6746.6198014591355,89036.49827188163,22.96643373593712,121.24940707994777,30,0,official,2026-06-13T16:26:53
challenger_metrics_scoring,LightGBM,DEU-Go Local,1,34.044429086453945,7.780609866355023,0.027465427559755774,0.027356763543779947,0.02779128114525434,2092.093705823232,-1952.7446263462064,2132948.364373,58582.33879038619,4376856.073945185,57.358712680636216,268.88556832413366,30,0,official,2026-06-13T16:26:53
challenger_metrics_scoring,LightGBM,DEU-Go Local,2,28.747724598390242,6.359699722617556,0.02268864896508711,0.022664365952333787,0.02293644674874176,1699.0782525519735,-1659.6302198925546,2194441.2236,49788.90659677664,2886866.9082950675,57.73083759072491,267.1632823338173,30,0,official,2026-06-13T16:26:53
challenger_metrics_scoring,LightGBM,DEU-Go Local,3,17.46390754666503,4.267221306827511,0.013576407515576056,0.013529656282888734,0.013645317673021668,1132.4217777144818,-1009.803721575179,2231379.075245,30294.11164725537,1282379.082642027,57.82232406332309,265.3768568090477,30,0,official,2026-06-13T16:26:53
challenger_metrics_scoring,LightGBM,DEU-Go Local,4,25.81997093021558,5.996836693454694,0.01964715437552314,0.019664737801861638,0.019822117001690523,1580.785824733404,-1284.365433366575,2279101.789576,44777.86469733073,2498883.823678069,57.807791261466086,263.60328045263736,30,0,official,2026-06-13T16:26:53
challenger_metrics_scoring,LightGBM,DEU-Go Local,5,45.59283329448785,9.95092474426199,0.03539455091581675,0.03525059933401146,0.035863293061689595,2847.978809065006,-2467.924277616352,2327773.7681630002,82390.50715774794,8110983.296883328,60.23644595308864,286.20242663449324,30,0,official,2026-06-13T16:26:53
challenger_metrics_scoring,LightGBM,DEU-Go Local,6,27.113546356007074,6.277768571249639,0.021255998258882417,0.02119099038075743,0.02145076847338371,1827.50868465071,-1706.3608465472284,2408300.2253270005,51190.825396416854,3339787.9924737676,62.93388641022165,291.1080050035884,30,0,official,2026-06-13T16:26:53
challenger_metrics_scoring,LightGBM,DEU-Go Local,7,24.71653307938877,5.757101113227633,0.01896242853104783,0.018912445282892813,0.01911821251413957,1665.365079637206,-1558.5374556140766,2465724.450424,46756.1236684223,2773440.848475037,63.05647521875744,289.27146612221713,30,0,official,2026-06-13T16:26:53
challenger_metrics_scoring,LightGBM,DEU-Go Local,8,25.98395645432703,5.995738647399214,0.019479242186247928,0.019439850534452092,0.01965056330457068,1723.5895295065184,-1639.1387947423796,2524439.2657630006,49174.16384227139,2970760.8662245017,63.08272558967512,287.46908944307705,30,0,official,2026-06-13T16:26:53
challenger_metrics_scoring,LightGBM,DEU-Go Local,9,14.944923268284516,3.818505570097189,0.011008641164898816,0.010967219531574094,0.011048495641335317,1090.7791710693712,-940.1009407788292,2561899.130048,28203.028223364876,1189799.2000387846,62.904367182257246,285.65603769476985,30,0,official,2026-06-13T16:26:53
challenger_metrics_scoring,LightGBM,DEU-Go Local,10,27.194038600990428,6.3645413222385026,0.019538296350237395,0.019494112865792036,0.019708281967920304,1806.7910399930859,-1708.6000876030093,2623463.259501,51258.00262809028,3264493.8621992967,62.82995007371876,283.8839357802474,30,0,official,2026-06-13T16:26:53
challenger_metrics_scoring,LightGBM,DEU-Go Local,11,29.761084808726913,7.011209890596046,0.020909824432808775,0.020860400771483423,0.021105229152015872,1978.742887120073,-1873.4455559298212,2687892.8064889996,56203.366677894635,3915423.4133282816,62.9495049649691,282.2255955814573,30,0,official,2026-06-13T16:26:53
challenger_metrics_scoring,LightGBM,DEU-Go Local,12,25.16937896086538,5.856044399169585,0.017365274017520606,0.017344176953659952,0.01750653211432296,1643.049060384153,-1587.4004900347174,2742370.4718390005,47622.014701041524,2699610.2148292484,63.06871903764045,280.5731904316069,30,0,official,2026-06-13T16:26:53
challenger_metrics_scoring,LightGBM,ESP-Go Local,1,251.35661943506224,144.839101227101,0.33166133214981397,0.2834804160944064,0.35647551553051504,434.7493329657951,-334.56990229114984,30263.090977999997,10037.097068734496,189006.98251420373,1.331056659829027,3.0016019795933992,30,0,official,2026-06-13T16:26:53
challenger_metrics_scoring,LightGBM,ESP-Go Local,2,262.0586826865144,79.48637515700347,0.3894502440780734,0.38669609138484184,0.4810551540372592,742.6413717633959,-732.4690263443445,56423.307276,21974.070790330334,551516.2070546184,2.79505727051431,9.343002122017921,30,0,official,2026-06-13T16:26:53
challenger_metrics_scoring,LightGBM,ESP-Go Local,3,394.9325631855726,149.48844640087466,0.4123197231419623,0.38495880319693226,0.49434539899330227,1517.828850646739,-1368.5616464619495,99575.273967,41056.84939385849,2303804.4198556007,3.465304647008517,10.153486019758768,30,0,official,2026-06-13T16:26:53
challenger_metrics_scoring,LightGBM,ESP-Go Local,4,367.74068096766166,147.6814990531395,0.401221668392614,0.35702584709560015,0.4593866087012336,3021.8747094289674,-2494.472217211127,186515.76525300002,74834.1665163338,9131726.759486405,6.783237064355372,20.462107500287637,30,0,official,2026-06-13T16:26:53
challenger_metrics_scoring,LightGBM,ESP-Go Local,5,375.1271894496113,113.69021869057268,0.4322843990291989,0.42404930706480537,0.5434979287112818,5558.385717020994,-5383.336739859838,373596.878718,161500.10219579516,30895651.779182993,14.35069728685436,48.89062384644618,30,0,official,2026-06-13T16:26:53
challenger_metrics_scoring,LightGBM,ESP-Go Local,6,13.612646118355514,4.591846937231524,0.021809135984616184,0.021914383462997327,0.02172114931965916,337.1356487826215,164.03055579348148,393675.771716,8585.728439202961,113660.44568007914,21.02390273611297,73.4204892695932,30,0,official,2026-06-13T16:26:53
challenger_metrics_scoring,LightGBM,ESP-Go Local,7,18.351924478410382,5.664678672226791,0.03195714201835383,0.03195137716631735,0.03247279704618132,448.8202645003486,-447.61761950459373,420204.30291999993,13428.528585137812,201439.62982616288,24.390772751445287,79.23137224020456,30,0,official,2026-06-13T16:26:53
challenger_metrics_scoring,LightGBM,ESP-Go Local,8,3.6481437716484786,1.1711750481928136,0.0061928642788755825,0.006189103762907681,0.006210202169897003,91.60685017661547,-87.39832364488636,423382.39484599995,2621.9497093465907,8391.814999280874,23.956929637505453,78.21789775829821,30,0,official,2026-06-13T16:26:53
challenger_metrics_scoring,LightGBM,ESP-Go Local,9,0.5825166741364173,0.21499331765752924,0.0009534007783765304,0.0009529624341892853,0.0009534601272455207,16.487124312263823,-8.273325470729349,424112.8030949999,404.3494765902251,271.82526808804084,23.138077388638667,76.68668259972047,30,0,official,2026-06-13T16:26:53
challenger_metrics_scoring,LightGBM,ESP-Go Local,10,2.3832010233582874,0.7700979432244032,0.0038018760756668105,0.003804207337412093,0.0037957457677590565,57.95829336642012,53.556662052700695,422607.1101750001,1606.6998615810207,3359.163769948019,22.47257429305369,75.26093775000685,30,0,official,2026-06-13T16:26:53
challenger_metrics_scoring,LightGBM,ESP-Go Local,11,0.4456809850021857,0.16085758282916915,0.0006943633017196754,0.0006942035673546409,0.0006943930959835735,11.890051784397198,-2.8057044415808075,422234.80709500005,293.1843547554545,141.37333143564697,21.92781867311186,73.9166384032044,30,0,official,2026-06-13T16:26:53
challenger_metrics_scoring,LightGBM,ESP-Go Local,12,1.1543210831749038,0.38547484054149006,0.0017476592595315004,0.0017476543620018698,0.0017471725504007876,27.99926765452266,6.280164651967728,422674.5939380001,738.6911678644628,783.9589891895989,21.331187039476887,72.63578503642704,30,0,official,2026-06-13T16:26:53
challenger_metrics_scoring,LightGBM,EUR-Dedicated,1,7.201577066289313,2.277510339170163,0.0048901535527503155,0.00489858518953426,0.004887691992725077,181.59476957012046,89.09162926971027,983933.942878,4811.588066436478,32976.66033522515,22.270992506903298,79.73389470376085,30,0,official,2026-06-13T16:26:53
challenger_metrics_scoring,LightGBM,EUR-Dedicated,2,141.57223917328423,46.2951150628831,0.10707806878902865,0.1115636132650518,0.10355191978140971,3669.7698457109054,3152.7902744153876,883315.4099819999,94583.70823246162,13467210.720489044,22.269834063699285,79.26905118879652,30,0,official,2026-06-13T16:26:53
challenger_metrics_scoring,LightGBM,EUR-Dedicated,3,95.07647679057683,29.618611925661448,0.09868477743481738,0.09965598479863166,0.09450479811231521,2458.692418973224,2357.741717574313,716749.3646520001,70732.2515272294,6045168.411116404,24.798370713374943,83.01173684790484,30,0,official,2026-06-13T16:26:53
challenger_metrics_scoring,LightGBM,EUR-Dedicated,4,10.141969890625147,7.525453548098968,0.011303017152962534,0.012014293853207902,0.01158752856597125,636.7963363891639,205.9942904125864,696947.0296150002,7877.604230444635,405509.5740386612,25.89110503317636,84.61899768818948,30,0,official,2026-06-13T16:26:53
challenger_metrics_scoring,LightGBM,EUR-Dedicated,5,66.66146488614173,20.444988536894545,0.07709667538473727,0.07606082467175108,0.07950915737036802,1934.9572856609036,-1765.9609517454844,700778.4537689999,54027.688966846705,3744059.6973322113,27.01595244925305,94.64213111047361,30,0,official,2026-06-13T16:26:53
challenger_metrics_scoring,LightGBM,EUR-Dedicated,6,5.076668787476428,1.7492830463924232,0.0059205464316885925,0.005904254225536919,0.005929894217602468,173.32390927800967,-143.00800576908986,724635.8461290002,4290.240173072696,30041.17752741172,28.169654502943853,99.08282689611528,30,0,official,2026-06-13T16:26:53
challenger_metrics_scoring,LightGBM,EUR-Dedicated,7,10.927708027341552,3.470585141820029,0.012745556657957926,0.012785707609351238,0.012684561013308374,341.79465945072076,306.38490559862765,721156.9815760001,9191.54716795883,116823.58922903419,28.037435190621917,98.48329474247629,30,0,official,2026-06-13T16:26:53
challenger_metrics_scoring,LightGBM,EUR-Dedicated,8,1.8142013281119551,0.6352940585543322,0.002123606007973213,0.002125992483889633,0.002122629006969458,62.24940642954537,48.92415735209155,718646.527614,1526.122083650178,3874.988600830724,28.04029262541326,97.98518590146962,30,0,official,2026-06-13T16:26:53
challenger_metrics_scoring,LightGBM,EUR-Dedicated,9,4.179311189678336,1.4382323645534263,0.00487234265970734,0.0048831483505182415,0.004865863294169907,140.0599438632307,116.27460785022704,715926.2964720002,3488.238235506811,19616.787874971335,27.821476452241928,97.3833904139124,30,0,official,2026-06-13T16:26:53
challenger_metrics_scoring,LightGBM,EUR-Dedicated,10,5.898547527020458,1.8938076653973563,0.006792778260819876,0.006780895817241218,0.0068099122251164285,183.47716744604924,-163.54618180399544,722294.364063,4906.385454119863,33663.870974025594,27.726517596885035,96.88268286080272,30,0,official,2026-06-13T16:26:53
challenger_metrics_scoring,LightGBM,EUR-Dedicated,11,3.4280048609057845,1.0862448033616974,0.003900522469314284,0.003902846367450023,0.0039024663066073357,104.60953649260215,-9.558206422939232,726075.863849,2832.0752213698033,10943.155125197061,27.53861537817347,96.30383148334319,30,0,official,2026-06-13T16:26:53
challenger_metrics_scoring,LightGBM,EUR-Dedicated,12,5.370586221627288,1.6279679798980984,0.006139958022211511,0.006144546420850722,0.006123424928186668,155.93586399863455,147.2245733696566,719343.224353,4416.737201089698,24315.99368100065,27.41312908761896,95.78558419090974,30,0,official,2026-06-13T16:26:53
challenger_metrics_scoring,LightGBM,EUR-MSIT,1,1.4788206883703354,0.27749473465599395,0.009980785663328478,0.010014746656243294,0.009945532542942725,22.737386309195987,19.339866173898372,58131.293947,580.1959852169512,516.9887361736131,13.077898034555467,81.9380819509357,30,0,official,2026-06-13T16:26:53
challenger_metrics_scoring,LightGBM,EUR-MSIT,2,3.400677287763921,0.552537028429226,0.023433521759693567,0.023460030961609386,0.023174975053334712,44.95891075497619,43.928641033677295,56238.206298,1317.8592310103188,2021.3036562739132,12.917615320847483,81.36814085164056,30,0,official,2026-06-13T16:26:53
challenger_metrics_scoring,LightGBM,EUR-MSIT,3,4.499117859774485,0.9418538254597146,0.03171411800162942,0.03249974341709661,0.03159246732384699,76.11207241828507,57.49792870060893,54390.220183000005,1724.937861018268,5793.047567806269,12.779822732514717,80.81091817101778,30,0,official,2026-06-13T16:26:53
challenger_metrics_scoring,LightGBM,EUR-MSIT,4,1.6944229664878108,0.40319196068545204,0.012111651283960636,0.012324419892596089,0.01220811948262376,32.363883246612396,2.1435180286067106,53214.768885,644.5187238916787,1047.4209388003587,12.679217579060422,80.26916804489785,30,0,official,2026-06-13T16:26:53
challenger_metrics_scoring,LightGBM,EUR-MSIT,5,11.060709058994226,1.9946221390289158,0.07820386488656393,0.07796424313038637,0.08213405129760169,159.12142256516103,-139.6977557838961,53589.840854999995,4190.932673516883,25319.62711916054,12.630090443460151,79.77522130714416,30,0,official,2026-06-13T16:26:53
challenger_metrics_scoring,LightGBM,EUR-MSIT,6,5.998274837353696,0.9740544687302194,0.041859007938106846,0.04183617821989724,0.04278681751685405,77.19356178536664,-74.88255908311572,53667.70220199999,2246.476772493472,5958.845981111216,12.484016006867773,79.24973834984446,30,0,official,2026-06-13T16:26:53
challenger_metrics_scoring,LightGBM,EUR-MSIT,7,1.1562426965827213,0.190890050556033,0.008085834519697572,0.008091287483325611,0.008055163932829776,15.029729326017458,14.28101375994861,52985.305567999996,428.4304127984583,225.89276361334922,12.351225051761356,78.73500626270567,30,0,official,2026-06-13T16:26:53
challenger_metrics_scoring,LightGBM,EUR-MSIT,8,0.7455970385193343,0.11935759319471144,0.005164363791055023,0.005165238304151948,0.005151218471810843,9.337244630724193,9.09656721039562,52842.330121,272.8970163118686,87.18413729398777,12.200380018220436,78.2291631458426,30,0,official,2026-06-13T16:26:53
challenger_metrics_scoring,LightGBM,EUR-MSIT,9,1.0380229704579127,0.17355612864079228,0.007155728720605078,0.007164239016790766,0.007134485451985595,13.491025992682978,12.509192827999945,52444.10450599999,375.2757848399983,182.00778233524773,12.050978816472286,77.73292766056821,30,0,official,2026-06-13T16:26:53
challenger_metrics_scoring,LightGBM,EUR-MSIT,10,5.506281238695703,0.8837514390118267,0.03704307592051115,0.03700572316547516,0.03776213166566679,68.2665377417064,-65.59608437725221,53124.16645800001,1967.8825313175662,4660.3201752398245,11.912955683460558,77.2463101367497,30,0,official,2026-06-13T16:26:53
challenger_metrics_scoring,LightGBM,EUR-MSIT,11,1.440138287867712,0.25398154619786795,0.009499908798327194,0.009469164871442315,0.009528287851062524,19.497987575107587,-16.718407645217106,53622.74772099999,509.4112128652073,380.17151947904983,11.790793915572474,76.76930811310756,30,0,official,2026-06-13T16:26:53
challenger_metrics_scoring,LightGBM,EUR-MSIT,12,7.467149903446874,1.1616163502914614,0.04802539991425996,0.04799327386823063,0.04921521069825174,88.63216450842357,-87.10652767782685,54412.786463,2613.1958303348056,7855.660585448258,11.665297845114646,76.30072053151184,30,0,official,2026-06-13T16:26:53
challenger_metrics_scoring,LightGBM,EUR-Multitenant,1,10.967835533632808,2.8292706040283018,0.01212638433029746,0.012094166950510781,0.012183954746369914,21977.621011805844,-19883.597763851667,49190914.34577001,596507.93291555,483015825.33856976,1812.9007955014208,7767.945908218964,30,0,official,2026-06-13T16:26:53
challenger_metrics_scoring,LightGBM,EUR-Multitenant,2,11.084717723064164,2.9059180963918383,0.01208237062947738,0.01204704155504826,0.0121378196648542,22438.355088508102,-20110.407793223796,49933266.599587,603312.2337967139,503479779.0779775,1814.2462709158324,7721.606165145848,30,0,official,2026-06-13T16:26:53
challenger_metrics_scoring,LightGBM,EUR-Multitenant,3,33.786383402107866,8.764903014161058,0.035762778910718294,0.035533310161163754,0.036293288937233076,67406.93471322207,-61933.09619346999,51953258.17500299,1857992.8858040997,4543694847.432583,1833.0785943074957,7690.551122392995,30,0,official,2026-06-13T16:26:53
challenger_metrics_scoring,LightGBM,EUR-Multitenant,4,34.68363113661677,13.037330838890309,0.03672805886296211,0.03931347285490459,0.038101228264790406,100326.71886908765,-29526.397662692223,53220242.215886,1954676.1888061622,10065450519.03695,1878.577035477061,7695.341946053361,30,0,official,2026-06-13T16:26:53
challenger_metrics_scoring,LightGBM,EUR-Multitenant,5,261.0853464529878,50.36027883050771,0.3059642396839817,0.2950302396903187,0.3530277365260288,606283.7729161689,-568634.3931073732,55754985.65074399,17059031.793221194,367580013301.4646,2177.963646112801,12038.92804002683,30,0,official,2026-06-13T16:26:53
challenger_metrics_scoring,LightGBM,EUR-Multitenant,6,36.27375980255427,7.087438448664674,0.04384421237031165,0.04372393492274751,0.04476275708251253,94070.44487839442,-91145.93617955869,62365770.47597501,2734378.0853867605,8849248599.619043,2512.723706494316,13272.84117664796,30,0,official,2026-06-13T16:26:53
challenger_metrics_scoring,LightGBM,EUR-Multitenant,7,14.728557268973354,3.246131348835231,0.017737898512654202,0.017647527227601274,0.017850174351309943,42948.920722876894,-37771.48574795861,63882684.390733995,1133144.5724387583,1844609791.2599642,2564.50683241913,13230.80187075231,30,0,official,2026-06-13T16:26:53
challenger_metrics_scoring,LightGBM,EUR-Multitenant,8,15.062762932250594,3.2332703749847744,0.01817950740363493,0.018122827694074802,0.01831474769113534,42724.06072222349,-39071.454752073114,65430354.512389004,1189491.6142804339,1825345364.5962398,2632.300637960729,13213.884323677903,30,0,official,2026-06-13T16:26:53
challenger_metrics_scoring,LightGBM,EUR-Multitenant,9,4.99326315374455,1.1826445359574547,0.0061121596888575646,0.006097792875298215,0.0061224623619071114,15606.33151113886,-12589.367189978855,65947003.405048996,403078.615813293,243557583.23556572,2690.8162952251387,13196.130398137055,30,0,official,2026-06-13T16:26:53
challenger_metrics_scoring,LightGBM,EUR-Multitenant,10,7.539018144451072,2.024739241491817,0.009409107953790033,0.009469139634623322,0.009398798628583617,26622.037888956478,16898.85859809136,65492738.664467,616228.2482833285,708732901.3610343,2724.617611454217,13148.378489143866,30,0,official,2026-06-13T16:26:53
challenger_metrics_scoring,LightGBM,EUR-Multitenant,11,15.218549464003372,3.5761472905431226,0.01922579316618326,0.019172489652748235,0.01939214467060461,47083.938749954694,-40870.71316426587,66651179.70866001,1281421.7953608078,2216897288.209485,2806.7103206118536,13166.107244649837,30,0,official,2026-06-13T16:26:53
challenger_metrics_scoring,LightGBM,EUR-Multitenant,12,16.158651579017327,3.912864290402286,0.020111302545107408,0.020003019215242463,0.02025978715552592,51729.62361460411,-45845.34934324543,68387439.212979,1375360.480297363,2675953959.3086076,2837.2014285385976,13220.398095965074,30,0,official,2026-06-13T16:26:53
challenger_metrics_scoring,LightGBM,FRA-Go Local,1,12.094004821337547,3.498767840842274,0.00848438200368599,0.008459516788159128,0.008507937660518652,928.8733175181438,-799.9605549434239,2828587.4725909997,23998.816648302716,862805.6399971625,66.14521548164485,265.4858395218735,30,0,official,2026-06-13T16:26:53
challenger_metrics_scoring,LightGBM,FRA-Go Local,2,15.68853770903777,4.305276655317392,0.010817010318851775,0.010792924272279996,0.0108636071916413,1135.4838561584058,-1033.292255069183,2865742.634824999,30998.76765207549,1289323.5875963632,65.86287863361093,263.7423671150109,30,0,official,2026-06-13T16:26:53
challenger_metrics_scoring,LightGBM,FRA-Go Local,3,20.802883855977207,5.598761573399477,0.014213769988048592,0.014186911298691079,0.01430183531241022,1471.0583514477519,-1381.4443305636848,2915716.938698,41443.329916910545,2164012.6733641773,66.40638577457423,262.74709722181456,30,0,official,2026-06-13T16:26:53
challenger_metrics_scoring,LightGBM,FRA-Go Local,4,11.801309244877748,3.7771208369093645,0.008039205030959293,0.008093704191564225,0.008077191624156056,988.4780204426273,-275.09121880637684,2933477.918407999,23582.830439873578,977088.7968981753,66.61077442208229,261.70145545342183,30,0,official,2026-06-13T16:26:53
challenger_metrics_scoring,LightGBM,FRA-Go Local,5,47.973590145107934,14.528875988407341,0.03322114203224953,0.03264703544752942,0.03336350335573796,3873.8106038735464,-2709.6246490471,2956851.1211389997,98229.97106357498,15006408.594683131,68.25281074194798,266.62837558559096,30,0,official,2026-06-13T16:26:53
challenger_metrics_scoring,LightGBM,FRA-Go Local,6,18.613976051034548,5.445593727417606,0.013212158233847436,0.01316727448671206,0.013277069170473188,1516.6715053732794,-1350.1404707821232,3065677.341019,40504.214123463695,2300292.4552112496,72.53369549205387,278.51352511611464,30,0,official,2026-06-13T16:26:53
challenger_metrics_scoring,LightGBM,FRA-Go Local,7,24.226924125184226,6.836849773343035,0.017935639272075744,0.01797425461460524,0.017793392306915717,1918.9986102143366,1805.996305989461,3020794.9857709995,54179.88917968383,3682555.6660045558,74.54501019847181,280.684624327499,30,0,official,2026-06-13T16:26:53
challenger_metrics_scoring,LightGBM,FRA-Go Local,8,13.611736494471733,3.9795942419909527,0.010239299620928448,0.010260427843283253,0.010197520390075742,1111.18767676153,1015.0414334991699,2973957.60768,30451.2430049751,1234738.0529866864,74.57104638423014,279.221350015225,30,0,official,2026-06-13T16:26:53
challenger_metrics_scoring,LightGBM,FRA-Go Local,9,6.089474868996268,1.7362954747873003,0.004699326340611806,0.004697340521488954,0.004693454325506917,482.3240578406238,231.39770790753536,2905108.312745,13652.052016412898,232636.49677184544,74.73031917152912,277.78915791951226,30,0,official,2026-06-13T16:26:53
challenger_metrics_scoring,LightGBM,FRA-Go Local,10,1.341528163967738,0.4171454685985635,0.0010305010693292512,0.0010299991136466153,0.0010305057921301119,115.23473307798042,-57.324742246179085,2910847.5809830003,2999.631544857446,13279.043707553396,74.53270147246751,276.2459183965765,30,0,official,2026-06-13T16:26:53
challenger_metrics_scoring,LightGBM,FRA-Go Local,11,0.9007546849980985,0.29017566473407264,0.0006853373551939512,0.0006852563304918242,0.0006852620724854958,79.67499415721524,5.150220064054398,2917068.8695859998,1999.1762640006782,6348.104693952283,73.98152894443538,274.5750379523805,30,0,official,2026-06-13T16:26:53
challenger_metrics_scoring,LightGBM,FRA-Go Local,12,8.759060751399874,3.0769236605021506,0.006550540743765231,0.006515011267415577,0.0065506789325133425,839.8009040324091,-573.7272405928248,2946555.444361,19301.531492049995,705265.5584136515,73.45358153447073,272.9352420447618,30,0,official,2026-06-13T16:26:53
challenger_metrics_scoring,LightGBM,GBR-Dedicated,1,119.72093390191152,25.791345904114987,0.25023164115057617,0.5928691491624415,0.2886286128194884,338.91434418567655,189.1713695300232,24343.494438454545,6091.5125646744045,114862.93269480724,1.696031029868521,13.140622650933587,30,0,official,2026-06-13T16:26:53
challenger_metrics_scoring,LightGBM,GBR-Dedicated,2,44.45400761630731,6.098526034922826,0.10370919224948563,0.10359885575982992,0.10973578676732758,110.32866855567801,-106.33310492615419,30759.020281545458,3189.9931477846258,12172.415105268652,2.3919801751945404,18.091038379419523,30,0,official,2026-06-13T16:26:53
challenger_metrics_scoring,LightGBM,GBR-Dedicated,3,21.138043399532787,2.9603377076351807,0.049782881142222915,0.04977804470547108,0.05115985676426702,53.64288408298077,-51.52057276558079,31047.162147000003,1545.6171829674236,2877.5590127401115,2.437338773120295,18.12052859531102,30,0,official,2026-06-13T16:26:53
challenger_metrics_scoring,LightGBM,GBR-Dedicated,4,7.868836035851325,4.047383264342803,0.018469452883253565,0.026280304195585198,0.021359353896612247,72.84501811100952,7.522329535243265,30828.192966999995,569.3798574798553,5306.396663593306,2.411961374743333,17.998052903160826,30,0,official,2026-06-13T16:26:53
challenger_metrics_scoring,LightGBM,GBR-Dedicated,5,123.98698830049102,16.42122042173289,0.3153652357955418,0.31082642890668183,0.3702949033338255,325.44526058133266,-318.06465087951113,30256.789408999994,9541.939526385335,105914.61763485153,2.565306692575349,19.818579388327173,30,0,official,2026-06-13T16:26:53
challenger_metrics_scoring,LightGBM,GBR-Dedicated,6,21.16570225537011,3.151626747346041,0.0537674532288801,0.05374119447026322,0.05556545620740056,63.55236524480514,-56.72773465528421,32087.019454999998,1725.2373178008784,4038.9031282091164,2.7170329573530614,20.164940311641303,30,0,official,2026-06-13T16:26:53
challenger_metrics_scoring,LightGBM,GBR-Dedicated,7,6.4043983947619,1.1771832764782528,0.01624161265182807,0.016540348206903394,0.016339552236469893,23.586223624875686,6.002127088478869,31941.955187000003,518.7888634893045,556.3099448826439,2.7001696412974416,20.036152480383468,30,0,official,2026-06-13T16:26:53
challenger_metrics_scoring,LightGBM,GBR-Dedicated,8,19.62091431835493,3.2758077392624982,0.053556339328845536,0.05291789406982368,0.05397251625126739,65.6860922789069,-22.774503140584024,30926.420806999995,1656.3058869663607,4314.662718873073,2.813844214209942,20.051876516323023,30,0,official,2026-06-13T16:26:53
challenger_metrics_scoring,LightGBM,GBR-Dedicated,9,11.661616488286747,2.431172135195235,0.036501162327065836,0.036527895564482805,0.03772499397882132,49.128358531377856,-17.169148953052385,28324.699808999998,1033.8844655937196,2413.5956119876073,2.955234855682835,20.207684112598884,30,0,official,2026-06-13T16:26:53
challenger_metrics_scoring,LightGBM,GBR-Dedicated,10,38.80146877020464,6.881511959353238,0.1381455792185534,0.1529739459944334,0.1374906640519754,138.18942136775715,88.39745089942393,24644.203445999996,3404.4877594275385,19096.316177955534,2.9247069482429997,20.081258622232333,30,0,official,2026-06-13T16:26:53
challenger_metrics_scoring,LightGBM,GBR-Dedicated,11,2.7296670289754723,0.4630425400890852,0.011499470969878373,0.011493091362101016,0.011575239567583823,9.410013723263575,-8.469768444908679,22096.064594,254.09305334726037,88.54835827200881,3.102857731365002,20.32213653944878,30,0,official,2026-06-13T16:26:53
challenger_metrics_scoring,LightGBM,GBR-Dedicated,12,95.41817312021173,16.59434109538489,0.662599488133302,0.8850420894604555,0.5434185922707596,335.1759522373179,293.079777705924,13269.544405999997,8792.39333117772,112342.91895819284,3.071529962501903,20.198207949970058,30,0,official,2026-06-13T16:26:53
challenger_metrics_scoring,LightGBM,GBR-Go Local,1,9.750659442813848,3.396352765032405,0.006841370421746841,0.006822770561962121,0.006854718437884804,1879.9623493349989,-1544.7519585640025,7028088.094377,48081.75401030193,3534258.4349171687,164.3709477370708,553.5238767569723,30,0,official,2026-06-13T16:26:53
challenger_metrics_scoring,LightGBM,GBR-Go Local,2,13.741933588016519,4.459626027514983,0.009529052432377725,0.009512764193876342,0.009566413410778601,2455.5377766513266,-2259.6066750199175,7113844.816329,67788.20025059753,6029665.772561739,164.4314943415517,550.6151774837529,30,0,official,2026-06-13T16:26:53
challenger_metrics_scoring,LightGBM,GBR-Go Local,3,8.980105314063204,3.2265800725527036,0.006289609688227809,0.006271928168182899,0.0062905883173253185,1782.5071487844293,-765.7009108434596,7148785.625858,44963.071331460174,3177331.735467596,166.8988271256545,552.4447274523089,30,0,official,2026-06-13T16:26:53
challenger_metrics_scoring,LightGBM,GBR-Go Local,4,16.335415815437678,6.602596430599997,0.011991627848173966,0.012032395990391938,0.012033576671880814,3760.9189073166212,-1123.9230967042142,7195881.098671999,86290.32817498382,14144511.027411647,176.0802605208978,569.6121134840973,30,0,official,2026-06-13T16:26:53
challenger_metrics_scoring,LightGBM,GBR-Go Local,5,70.25501344599535,23.844058142515156,0.056318911829554175,0.055616257407433436,0.05755740724681993,15120.602086484014,-13563.396632211643,7281045.354056001,410060.55132206494,228632607.4577847,194.55814430347917,634.1454963793776,30,0,official,2026-06-13T16:26:53
challenger_metrics_scoring,LightGBM,GBR-Go Local,6,16.841307510298442,5.825865870361343,0.014025683802764075,0.01397117790194992,0.014084329802190711,3924.700757899065,-3083.8832206086704,7543375.454875,105800.99893560837,15403276.039053498,209.40772932052369,673.6682315097033,30,0,official,2026-06-13T16:26:53
challenger_metrics_scoring,LightGBM,GBR-Go Local,7,10.421717649273615,4.183943938059701,0.008876066927136867,0.008828910506422778,0.008891675115029649,2869.4214238376503,-2263.2224106987414,7657128.6462900005,67965.18633416697,8233579.307578488,217.38318839378675,685.817369046379,30,0,official,2026-06-13T16:26:53
challenger_metrics_scoring,LightGBM,GBR-Go Local,8,12.829251857185655,4.667547369118046,0.011200632282898665,0.011165217089162512,0.01123160758858761,3256.9489107378486,-2256.5335364891644,7755955.237152001,86871.60261396167,10607716.207156457,225.7123111594512,697.7859362042775,30,0,official,2026-06-13T16:26:53
challenger_metrics_scoring,LightGBM,GBR-Go Local,9,8.620168780217917,3.165264057542847,0.007822784658695204,0.007805967303268381,0.007825521753380171,2265.888646834065,-752.0592187248936,7795269.719280999,60980.716370382666,5134251.359851511,235.80635107100957,715.8608588861445,30,0,official,2026-06-13T16:26:53
challenger_metrics_scoring,LightGBM,GBR-Go Local,10,11.055009392688149,4.325593712709167,0.01063898666724224,0.01068539499790013,0.010635330881029314,3240.6892597557608,1235.6857073013175,7749524.164024002,82447.08425852293,10502066.87829634,248.59645472291183,749.1894696985032,30,0,official,2026-06-13T16:26:53
challenger_metrics_scoring,LightGBM,GBR-Go Local,11,35.92435956033823,12.783363656021299,0.03516413094054891,0.03502224325998295,0.03572700332509207,10070.9362097725,-9464.160804467307,8083598.715324,284252.7236965061,101423756.14130689,263.7511400577444,787.8158269422951,30,0,official,2026-06-13T16:26:53
challenger_metrics_scoring,LightGBM,GBR-Go Local,12,22.94402914812456,8.720482370986158,0.022231047107319813,0.0220706992897332,0.022398009951283833,7129.119592608311,-6177.0958157028035,8335769.052015,185312.8744710841,50824346.165711686,269.2245453413625,817.5143632337981,30,0,official,2026-06-13T16:26:53
challenger_metrics_scoring,LightGBM,IND-Go Local,1,18.983115082900753,2.5681145063706974,0.014560993010784541,0.014546406204375088,0.014660328366250962,4359.914667579728,-4215.313314133706,8684805.997115,126459.39942401118,19008855.90857685,222.0559321125696,1697.7103850954186,30,0,official,2026-06-13T16:26:53
challenger_metrics_scoring,LightGBM,IND-Go Local,2,22.99391118314973,3.3828939501381807,0.01740194862041338,0.017325897503058404,0.01749879714047647,5704.992616858829,-4571.100961986496,8836484.712825,153772.05295764894,32546940.75841375,222.9170608584637,1686.4237250552292,30,0,official,2026-06-13T16:26:53
challenger_metrics_scoring,LightGBM,IND-Go Local,3,33.55829418660668,4.8499702997174685,0.025216347690789013,0.025134737362141373,0.025495950424563388,8165.307403275207,-7675.570664415662,9131660.252946999,230267.11993246985,66672244.989980906,228.72350488777315,1683.578846606725,30,0,official,2026-06-13T16:26:53
challenger_metrics_scoring,LightGBM,IND-Go Local,4,28.435135410181225,3.9835305829159298,0.020966363841051765,0.02095549967540329,0.02116580125716091,6663.0955968796,-6055.495781306517,9360254.777998,196250.50732044928,44396842.933156304,230.05635397839723,1672.6608364588574,30,0,official,2026-06-13T16:26:53
challenger_metrics_scoring,LightGBM,IND-Go Local,5,40.349814592671564,5.950608302598274,0.029815389589423324,0.029708158253122185,0.030103229719547965,10051.277953386021,-7517.293763429984,9579697.295377,285622.40701041016,101028188.4962239,235.95515856660683,1689.1177241488454,30,0,official,2026-06-13T16:26:53
challenger_metrics_scoring,LightGBM,IND-Go Local,6,31.021513759469055,4.705260519700739,0.022974329741655256,0.022926423008178872,0.023216531952271687,7947.120867048414,-7602.473060314444,9927349.105463002,228074.19180943334,63156730.07547633,245.07098909684424,1688.986366169128,30,0,official,2026-06-13T16:26:53
challenger_metrics_scoring,LightGBM,IND-Go Local,7,29.366742957131663,4.653506406662551,0.02122876283546944,0.02115159222130063,0.021416632522272123,7810.275543858714,-7204.311858045776,10180968.029859,216129.35574137326,61000404.07099753,245.3221274338229,1678.3635524121191,30,0,official,2026-06-13T16:26:53
challenger_metrics_scoring,LightGBM,IND-Go Local,8,36.29429403038584,5.620453125905897,0.025575635702287974,0.025513467908068424,0.02587463201942363,9376.178532950493,-8950.111614904517,10498403.698451001,268503.34844713553,87912723.88176164,246.59831122245885,1668.2246649711633,30,0,official,2026-06-13T16:26:53
challenger_metrics_scoring,LightGBM,IND-Go Local,9,29.090532620020955,4.58901764561897,0.02006754746524988,0.02002087115724336,0.020246886245685266,7608.914702107619,-7195.25038122312,10756546.698618,215857.5114366936,57895582.943949476,247.33993272681224,1658.0704825512441,30,0,official,2026-06-13T16:26:53
challenger_metrics_scoring,LightGBM,IND-Go Local,10,18.05924282794383,2.7653592464517636,0.01228518018288817,0.012279521859038762,0.01235822732502783,4557.429901830253,-4473.314818437891,10923685.493849,134199.4445531367,20770167.310096506,247.70223541798447,1648.0426214705728,30,0,official,2026-06-13T16:26:53
challenger_metrics_scoring,LightGBM,IND-Go Local,11,8.389812214442633,1.4482706696804262,0.0056482802941688675,0.005638381840217905,0.005659273778980634,2372.4219629519125,-2070.016439264881,10994584.182030998,62100.493177946424,5628385.970296606,246.72977014925948,1638.1067521552504,30,0,official,2026-06-13T16:26:53
challenger_metrics_scoring,LightGBM,IND-Go Local,12,28.845247744773793,4.8483344919074485,0.019005281156963642,0.018922722238215724,0.019145083789417993,7895.190462845765,-7108.507466775447,11220840.262346,213255.2240032634,62334032.44461073,246.4359997761979,1628.4335323860078,30,0,official,2026-06-13T16:26:53
challenger_metrics_scoring,LightGBM,ISR-Go Local,1,12.471083701564826,3.8997679637879745,0.019510030812320056,0.019464600828387395,0.01967883168626276,14.861609677228348,-14.031947062477673,21576.511894,420.9584118743302,220.86744219828728,1.1251585987444697,3.8108958828393398,30,0,official,2026-06-13T16:26:53
challenger_metrics_scoring,LightGBM,ISR-Go Local,2,17.25322168715514,5.845387253597437,0.026507359882306913,0.026332590258439655,0.02677235000968872,22.040504513481082,-19.665788392768448,22256.97521,589.9736517830535,485.78383920877997,1.1398328236522597,3.7705807258392774,30,0,official,2026-06-13T16:26:53
challenger_metrics_scoring,LightGBM,ISR-Go Local,3,27.287898629272952,8.832464149425856,0.03980623277951441,0.03963933972480687,0.040525937102869225,32.6692366971443,-31.011673835674568,23371.973435000004,930.350215070237,1067.2790263740399,1.136462512448905,3.6987681064369706,30,0,official,2026-06-13T16:26:53
challenger_metrics_scoring,LightGBM,ISR-Go Local,4,27.015028587357264,9.168750137600501,0.03784205139528722,0.03758893197207615,0.03841249840161036,33.323210463375126,-29.790711188358117,24438.745846,924.8122763406942,1110.4363555863933,1.141108393734955,3.6344332611615853,30,0,official,2026-06-13T16:26:53
challenger_metrics_scoring,LightGBM,ISR-Go Local,5,51.055427727246666,15.323790545214903,0.07304491226762751,0.07233315897489272,0.07528950533768791,66.17535013608166,-61.716993832468894,25904.197397000004,1892.16982622717,4379.176965633003,1.2353696824920726,4.318471329976901,30,0,official,2026-06-13T16:26:53
challenger_metrics_scoring,LightGBM,ISR-Go Local,6,31.166003223834668,10.909771876761369,0.04539197068898054,0.04458869047321372,0.04601513745772454,49.60308395755419,-41.77381121082496,27608.722805,1253.2143363247487,2460.46593810017,1.3403647208403615,4.5466655506530325,30,0,official,2026-06-13T16:26:53
challenger_metrics_scoring,LightGBM,ISR-Go Local,7,75.27055499822856,23.671302249662585,0.09960870211680437,0.09872395033619846,0.10431766575895883,108.62351796852012,-103.67332836405907,31224.178057,3110.1998509217724,11799.068655857414,1.3773424198413171,4.588827299100896,30,0,official,2026-06-13T16:26:53
challenger_metrics_scoring,LightGBM,ISR-Go Local,8,65.61736970499422,21.02873082200707,0.08599353015397815,0.08568951973726706,0.08968387832736147,101.67269919844263,-99.4653357113188,34699.820626,2983.960071339564,10337.337762296997,1.5158385067627662,4.834942253958556,30,0,official,2026-06-13T16:26:53
challenger_metrics_scoring,LightGBM,ISR-Go Local,9,33.35960944370988,11.337073111025154,0.04212138371822168,0.04193599946662359,0.042928877350080066,54.12976787151693,-51.404104159164504,36611.407049,1542.1231247749351,2930.031769824307,1.540908452357706,4.774580470763345,30,0,official,2026-06-13T16:26:53
challenger_metrics_scoring,LightGBM,ISR-Go Local,10,30.54093440131315,10.777595145794622,0.03719835437179481,0.03701063339730371,0.037803800064840125,50.78919764495805,-47.53523962601191,38336.56657299999,1426.0571887803571,2579.542597418613,1.5564435259704452,4.712479635568405,30,0,official,2026-06-13T16:26:53
challenger_metrics_scoring,LightGBM,ISR-Go Local,11,37.946271777234344,13.46378649647948,0.04449444178132985,0.044307770996775256,0.045406822561797545,62.849910236167815,-59.95116571493782,40421.565019,1798.5349714481347,3950.1112166943517,1.5798960716584862,4.668070921401037,30,0,official,2026-06-13T16:26:53
challenger_metrics_scoring,LightGBM,ISR-Go Local,12,37.410005602598346,13.854848978602934,0.042385137914688086,0.04214788809729715,0.043175383549985666,64.16538717854989,-60.09428761714142,42534.45233900001,1802.8286285142426,4117.196911773215,1.606369382980459,4.631258505787052,30,0,official,2026-06-13T16:26:53
challenger_metrics_scoring,LightGBM,ITA-Go Local,1,112.4600771335757,38.65059822144476,0.15142254111348977,0.1371603791805936,0.15460788810907392,530.9070080126337,-397.9852227709813,78849.26904099999,11939.556683129438,281862.2511569267,3.538902274611371,13.736061857848998,30,0,official,2026-06-13T16:26:53
challenger_metrics_scoring,LightGBM,ITA-Go Local,2,198.9067235314113,58.632860150297404,0.26208295200930487,0.26022997728747677,0.3002177346680962,1012.6538794077313,-995.2699695822337,113926.14002,29858.09908746701,1025467.879479528,5.003701996152286,17.271098097754912,30,0,official,2026-06-13T16:26:53
challenger_metrics_scoring,LightGBM,ITA-Go Local,3,323.54582561720287,117.27108985171004,0.32407978943358123,0.3041408752516895,0.3706993390814455,2097.8199703609084,-1873.3647459750825,173416.992394,56200.942379252476,4400848.628045043,5.790106370253463,17.888637114344323,30,0,official,2026-06-13T16:26:53
challenger_metrics_scoring,LightGBM,ITA-Go Local,4,340.544067588334,134.28978423308072,0.34385878750207516,0.31649222605120025,0.3913592529569993,3880.831802345785,-3330.2923673956443,290551.745813,99908.77102186932,15060855.478098435,9.779328681248565,28.898935421699694,30,0,official,2026-06-13T16:26:53
challenger_metrics_scoring,LightGBM,ITA-Go Local,5,207.10546915540982,47.29987755358489,0.27229272583909875,0.26718563099185916,0.31156905948396374,4164.421856569251,-4009.4595520361386,441744.399122,120283.78656108415,17342409.39947169,19.35950589999862,88.0429733005435,30,0,official,2026-06-13T16:26:53
challenger_metrics_scoring,LightGBM,ITA-Go Local,6,16.264782346501452,3.6770476270790096,0.025324373830724667,0.02530769663263565,0.025640471757747682,403.2335243098456,-397.94400639869707,471416.20447399997,11938.320191960913,162597.27512733886,24.4666050809032,109.66230661259294,30,0,official,2026-06-13T16:26:53
challenger_metrics_scoring,LightGBM,ITA-Go Local,7,11.570794730124778,2.6693328869019077,0.017656849516108762,0.01764564350343597,0.017808364368443044,288.0189788091578,-282.8869777190919,480641.199543,8486.609331572756,82954.93215427006,24.44836195932077,107.89923588115664,30,0,official,2026-06-13T16:26:53
challenger_metrics_scoring,LightGBM,ITA-Go Local,8,7.412841184549583,1.7323487252499246,0.010893480313153455,0.01088415568526201,0.010948405144207935,183.6452143873992,-176.77273628716435,486821.65260000003,5303.182088614931,33725.564767393815,23.84682632289597,106.00938004610177,30,0,official,2026-06-13T16:26:53
challenger_metrics_scoring,LightGBM,ITA-Go Local,9,3.349499554103136,0.8168623181696891,0.004808801368948881,0.004814370445402308,0.004800663728188925,85.12427662009429,73.551608622675,485512.68063899997,2334.734043298864,7246.142470094332,23.234655462075573,104.20884245319196,30,0,official,2026-06-13T16:26:53
challenger_metrics_scoring,LightGBM,ITA-Go Local,10,7.877044606951833,1.8791572102392315,0.011210495704048863,0.011228496153299425,0.011155717441116545,192.641378960875,178.8469332610831,478605.776183,5365.4079978324935,37110.70088794745,22.7048267700862,102.51477519347635,30,0,official,2026-06-13T16:26:53
challenger_metrics_scoring,LightGBM,ITA-Go Local,11,4.3569639107616505,1.3162872249790791,0.0061312407259564074,0.006167170492210653,0.006132672050566084,132.84295810215738,86.5884106280019,478467.79584599996,2933.601235949591,17647.25151733154,22.44377274355069,100.92247009710876,30,0,official,2026-06-13T16:26:53
challenger_metrics_scoring,LightGBM,ITA-Go Local,12,2.2060591075054328,0.5559228387249439,0.00306540610513607,0.003068011829628496,0.003062023707259535,55.25888076366125,45.85296309503562,475686.91086299997,1458.1735606927577,3053.5439032525314,22.03285722991697,99.40027089083475,30,0,official,2026-06-13T16:26:53
challenger_metrics_scoring,LightGBM,JPN-Go Local,1,9.781931567859802,3.0077076274654075,0.005638673947771754,0.005634950342955382,0.0056527374487194615,1637.536670588774,-1548.764911306888,8240048.594682,46462.94733920664,2681526.3475229675,158.3291500827524,544.4467592645382,30,0,official,2026-06-13T16:26:53
challenger_metrics_scoring,LightGBM,JPN-Go Local,2,20.23670430859048,7.639124293597671,0.011636071940369464,0.011547883868802337,0.011658143349572249,4150.091660812344,-3177.6588008391864,8347135.607558001,97127.87042556447,17223260.793144163,159.9863115792916,543.2679848252403,30,0,official,2026-06-13T16:26:53
challenger_metrics_scoring,LightGBM,JPN-Go Local,3,16.70805801013935,5.455735036639108,0.009630260907209491,0.00961269635482976,0.009667938547277445,2973.981171056163,-2724.4669707365297,8487206.100606002,81734.00912209589,8844564.005796587,163.06305431087063,545.1109980751964,30,0,official,2026-06-13T16:26:53
challenger_metrics_scoring,LightGBM,JPN-Go Local,4,9.040437355653953,4.7363993626739145,0.005216656216149085,0.005275600736074322,0.0052475347364008005,2571.7833439377328,-234.19258098572416,8514345.445315002,44416.41309374315,6614069.568155547,163.76941124411718,542.9827907260428,30,0,official,2026-06-13T16:26:53
challenger_metrics_scoring,LightGBM,JPN-Go Local,5,69.40029999797851,21.084151202044424,0.04170041783032024,0.041540051620731364,0.042498546478583185,12355.05271590738,-11838.583332969305,8522502.782213999,355391.9269783905,152647327.61285034,170.69663339051002,585.9876737513327,30,0,official,2026-06-13T16:26:53
challenger_metrics_scoring,LightGBM,JPN-Go Local,6,16.92129012930035,6.164442663764932,0.010284958567003333,0.01022823191823312,0.010309261464692033,3691.8970601623223,-2971.197959266863,8666630.808215,89135.93877800589,13630103.902835198,175.5893277972957,598.9020032360065,30,0,official,2026-06-13T16:26:53
challenger_metrics_scoring,LightGBM,JPN-Go Local,7,44.35403131339351,13.568551636623189,0.02640465065345626,0.02636226961567972,0.026735873508888376,8120.33500707994,-7878.2935153385215,8951029.444095999,236348.80546015565,65939840.627207965,177.62294163686371,598.4673401074111,30,0,official,2026-06-13T16:26:53
challenger_metrics_scoring,LightGBM,JPN-Go Local,8,29.05254392136868,9.3524716850401,0.017129217996678783,0.017087794550559917,0.01725591916763126,5587.293757847904,-5224.06336677661,9149390.301044999,156721.9010032983,31217851.53648615,179.81431784134452,597.4135978176926,30,0,official,2026-06-13T16:26:53
challenger_metrics_scoring,LightGBM,JPN-Go Local,9,25.667503592433,8.268450753607473,0.014944781774893327,0.014916608233217629,0.015042885890935246,4932.233765302974,-4643.749820636772,9321815.247456,139312.49461910315,24326929.91559475,180.91941835768512,596.512443779274,30,0,official,2026-06-13T16:26:53
challenger_metrics_scoring,LightGBM,JPN-Go Local,10,26.14175968912082,8.545660077929815,0.01498312838349962,0.014951421075799162,0.015080000099050188,5073.180497022948,-4744.149547334997,9498983.308238002,142324.4864200499,25737160.355374005,181.47781954056163,593.6557797477857,30,0,official,2026-06-13T16:26:53
challenger_metrics_scoring,LightGBM,JPN-Go Local,11,28.531672811903334,9.193851064009994,0.016075818166290952,0.01605154840458593,0.0161936468604698,5429.767115296851,-5187.749300349946,9681154.476905,155632.47901049838,29482370.92635909,181.82422511818623,590.5868038859226,30,0,official,2026-06-13T16:26:53
challenger_metrics_scoring,LightGBM,JPN-Go Local,12,38.21101860842021,12.506875992815505,0.021044305072491026,0.020993631374511493,0.02124197159385209,7348.333541735652,-6954.14746045453,9913581.042234002,208624.4238136359,53998005.84059723,181.99324995021485,587.5434877548042,30,0,official,2026-06-13T16:26:53
challenger_metrics_scoring,LightGBM,KOR-Go Local,1,40.38543968655435,9.80233141567501,0.025782031352798118,0.025668781076954996,0.026059788027340696,507.54648024648117,-468.1662718186023,544758.7881019999,14044.988154558068,257603.4296105917,11.592452018653404,51.778139171550386,30,0,official,2026-06-13T16:26:53
challenger_metrics_scoring,LightGBM,KOR-Go Local,2,35.49061066973967,8.43514045483707,0.02222601984088753,0.02218034526574249,0.022452175320556652,434.37474815519346,-415.1834170471764,560401.844351,12455.502511415292,188681.42183488776,11.698401611364044,51.495852437893255,30,0,official,2026-06-13T16:26:53
challenger_metrics_scoring,LightGBM,KOR-Go Local,3,12.981439258365798,3.3808437831386704,0.008082327826500634,0.008059263734499113,0.008099410362822825,173.1260858536419,-133.98232964605535,566632.763056,4579.711748254449,29972.641603002594,11.759640455642815,51.20795190747235,30,0,official,2026-06-13T16:26:53
challenger_metrics_scoring,LightGBM,KOR-Go Local,4,23.196151242671487,5.906096174517177,0.01448704821703655,0.014445697493294886,0.014569162151279296,302.4326732321277,-271.4066208620644,575626.527604,8339.129260404468,91465.52183833093,11.983495556601737,51.20686563436321,30,0,official,2026-06-13T16:26:53
challenger_metrics_scoring,LightGBM,KOR-Go Local,5,33.20925623252334,8.391361354030643,0.02111993673403778,0.02105728745588287,0.021309501109220162,431.1496714580573,-405.96285089329297,576653.5042300001,12178.88552679879,185890.03919839076,12.224388527428538,51.38018174499924,30,0,official,2026-06-13T16:26:53
challenger_metrics_scoring,LightGBM,KOR-Go Local,6,23.39694015157074,7.346169503563141,0.0148046205277079,0.014659223786946559,0.014840188876163044,376.7835380951455,-290.4637333188747,588594.0800209999,8713.91199956624,141965.83457949598,12.41460342408811,51.289796391492565,30,0,official,2026-06-13T16:26:53
challenger_metrics_scoring,LightGBM,KOR-Go Local,7,89.49586491386133,22.942027420815055,0.05492071284174699,0.05474834614760042,0.05637834967051623,1182.2949180876776,-1148.5196633836642,627369.6774619999,34455.58990150993,1397821.2733359486,12.833214858464135,51.53402079081269,30,0,official,2026-06-13T16:26:53
challenger_metrics_scoring,LightGBM,KOR-Go Local,8,89.21813526529162,26.69434316171789,0.052411145649336556,0.05140782960063195,0.05327857221604632,1372.7326253292879,-1166.2491868365735,667557.9244000001,34987.47560509721,1884394.860643439,13.071884806476978,51.424101990938325,30,0,official,2026-06-13T16:26:53
challenger_metrics_scoring,LightGBM,KOR-Go Local,9,249.86543596008408,73.3664403938801,0.1325956503147889,0.12926343175575408,0.1399746403458316,3825.0523082237773,-3467.7198693728424,784577.743193,104031.59608118527,14631025.160648046,13.878349584641269,52.136266768407175,30,0,official,2026-06-13T16:26:53
challenger_metrics_scoring,LightGBM,KOR-Go Local,10,110.37599848575132,31.39305952656223,0.06058027268323893,0.06058027268323897,0.06247257551314425,1748.2303312220354,-1748.230331222035,865742.3879700003,52446.909936661046,3056309.2910047076,15.838863115224436,55.68843424588248,30,0,official,2026-06-13T16:26:53
challenger_metrics_scoring,LightGBM,KOR-Go Local,11,0.5070630771132142,0.14369449648645294,0.0002762641091916907,0.0002762641091916907,0.0002762259535331965,7.972451653400641,7.97245165340064,865742.3879700003,239.1735496020192,63.55998536581061,15.722800600645185,55.48195545646564,30,0,official,2026-06-13T16:26:53
challenger_metrics_scoring,LightGBM,KOR-Go Local,12,0.44854844016255324,0.12633545798211776,0.00024140560667348902,0.00024140560667348915,0.0002413764718566765,6.966502213028436,6.966502213028434,865742.3879700003,208.99506639085303,48.532153084130094,15.531214890645444,55.14288960755985,30,0,official,2026-06-13T16:26:53
challenger_metrics_scoring,LightGBM,LAM-Multitenant,1,17.256882706424143,5.138198129864908,0.012205389138195558,0.012184946828248775,0.01226992078263641,2117.9166767019574,-1984.5294507320698,4877835.75336,59535.883521962096,4485571.049452264,114.99930111904266,412.19054290489976,30,0,official,2026-06-13T16:26:53
challenger_metrics_scoring,LightGBM,LAM-Multitenant,2,22.86857165271809,6.878002555753526,0.015810727996596233,0.01577223990815665,0.015916990756570878,2816.392560524271,-2618.698927233237,4968839.375006001,78560.96781699712,7932067.054976461,114.51082153274696,409.47826606553485,30,0,official,2026-06-13T16:26:53
challenger_metrics_scoring,LightGBM,LAM-Multitenant,3,23.697495243314844,6.951714829798527,0.016083418599746473,0.016061557313681536,0.01620260868134329,2830.322096131109,-2716.114964267241,5066301.571564,81483.44892801723,8010723.167847994,114.61612024306524,407.1401323884767,30,0,official,2026-06-13T16:26:53
challenger_metrics_scoring,LightGBM,LAM-Multitenant,4,30.88503852122436,14.886561755758922,0.020870283923844622,0.02202886832848406,0.0213926740512543,6022.5088850510965,180.83773785639787,5074167.128260001,105899.30864382553,36270613.270519406,114.29407647875736,404.5600981516949,30,0,official,2026-06-13T16:26:53
challenger_metrics_scoring,LightGBM,LAM-Multitenant,5,169.5018404677465,37.79022684160848,0.12536406750479615,0.12365378384946155,0.1324915023592574,22489.357399890574,-20968.718381210616,5137976.245676998,644117.6009010902,505771196.260013,126.66875260737076,595.1104102695921,30,0,official,2026-06-13T16:26:53
challenger_metrics_scoring,LightGBM,LAM-Multitenant,6,19.56231119529416,4.441062599138551,0.015352226171130306,0.015313111747890086,0.01545095647385158,2949.9683323560635,-2728.6986456448485,5332188.208853,81860.95936934545,8702313.161903614,139.4875389929005,664.2483114127415,30,0,official,2026-06-13T16:26:53
challenger_metrics_scoring,LightGBM,LAM-Multitenant,7,14.592750457052873,3.1940089707434325,0.011262462522226638,0.011252773788721323,0.01132131168825754,2108.56857466913,-2031.4243181526613,5411137.166877,60942.72954457984,4446061.434082207,139.20777471877116,660.163635726528,30,0,official,2026-06-13T16:26:53
challenger_metrics_scoring,LightGBM,LAM-Multitenant,8,17.632127093057292,3.951566656744409,0.013337596498824439,0.013315340825056442,0.013415788390782217,2592.3782219683294,-2442.2230999653007,5493245.578797999,73266.69299895901,6720424.8457356775,138.5098398551661,656.0380849311349,30,0,official,2026-06-13T16:26:53
challenger_metrics_scoring,LightGBM,LAM-Multitenant,9,12.599672945903757,2.8844422192368913,0.00937750679559073,0.00936255987646101,0.009414098140231753,1880.6470961454204,-1737.3142139532013,5557919.344095,52119.426418596035,3536833.500240202,137.88565952563192,651.9967997982518,30,0,official,2026-06-13T16:26:53
challenger_metrics_scoring,LightGBM,LAM-Multitenant,10,20.54787678061678,4.574470067145711,0.014958578214975279,0.014935323784580888,0.015059413105306488,2964.297947718653,-2819.3978604315103,5654410.104850001,84581.9358129453,8787062.322849018,137.21115278884213,648.0090380323021,30,0,official,2026-06-13T16:26:53
challenger_metrics_scoring,LightGBM,LAM-Multitenant,11,20.97661189520122,4.746098175147677,0.014974309470462395,0.014944956054902304,0.015072254270086939,3057.317327088458,-2872.2939016329337,5754443.449894,86168.81704898801,9347189.238515314,136.9283998761508,644.1749020485292,30,0,official,2026-06-13T16:26:53
challenger_metrics_scoring,LightGBM,LAM-Multitenant,12,20.78631173961169,4.608130724932809,0.014561961470335583,0.014545565797544548,0.014660389908782235,2951.116418457501,-2841.8594590316334,5854690.931893,85255.783770949,8709088.115289427,136.71783116848042,640.4150825171157,30,0,official,2026-06-13T16:26:53
challenger_metrics_scoring,LightGBM,MEX-Go Local,1,86.0381333432552,22.339890831939357,0.1209203349753955,0.11872676357634147,0.12740839837117326,72.98292194949755,-67.67005323460755,16788.752673,2030.1015970382266,5326.5068962864525,0.7865123359270605,3.2669327929371,30,0,official,2026-06-13T16:26:53
challenger_metrics_scoring,LightGBM,MEX-Go Local,2,131.11574103913904,37.251351438865136,0.1675552148940372,0.16344997726412144,0.18031931239810248,124.88411280391281,-115.90521145818164,20752.301538000003,3477.1563437454492,15596.04163082042,0.8839915828533742,3.3524720038376525,30,0,official,2026-06-13T16:26:53
challenger_metrics_scoring,LightGBM,MEX-Go Local,3,65.98001998032136,17.889939614101625,0.08862714823125303,0.08769930653221124,0.09220567385739918,74.22151548378493,-69.83840585112056,23640.072115000003,2095.1521755336166,5508.833360709725,1.0584780949134294,4.148785132023605,30,0,official,2026-06-13T16:26:53
challenger_metrics_scoring,LightGBM,MEX-Go Local,4,60.61790499083723,17.728548552793935,0.07861336987307112,0.07775014838378687,0.08130452743980256,73.0066715828831,-67.53342470172448,26104.05065399999,2052.1273892482855,5329.974095610952,1.1284495285446752,4.118028690587736,30,0,official,2026-06-13T16:26:53
challenger_metrics_scoring,LightGBM,MEX-Go Local,5,54.45682902755336,13.255253028699084,0.07739805252291264,0.07633091399361837,0.07951028644269555,78.48085314529983,-66.40809152888457,28313.461088999997,2191.406748471865,6159.244310414119,1.3413724765128998,5.920735950900381,30,0,official,2026-06-13T16:26:53
challenger_metrics_scoring,LightGBM,MEX-Go Local,6,33.10018265958831,8.385088900289237,0.05023695059785625,0.05000130349722007,0.051404024830401226,53.795201047093535,-51.32517795425222,30649.856734999994,1539.7553386275665,2893.9236556972132,1.5506010490061322,6.415579093650148,30,0,official,2026-06-13T16:26:53
challenger_metrics_scoring,LightGBM,MEX-Go Local,7,39.35595198471026,10.586725701575343,0.0562313640407911,0.05568187934373818,0.05755863463554211,66.81374585035533,-61.39182282101798,32753.156819999997,1841.7546846305395,4464.076634555874,1.5599120266451345,6.311086896339744,30,0,official,2026-06-13T16:26:53
challenger_metrics_scoring,LightGBM,MEX-Go Local,8,46.79581449131363,13.015204351689876,0.06354782391405633,0.0629143590087278,0.0652845320588986,81.11275873225404,-75.07336775784343,35441.040999,2252.2010327353028,6579.279629156853,1.6042752663655155,6.232154066925769,30,0,official,2026-06-13T16:26:53
challenger_metrics_scoring,LightGBM,MEX-Go Local,9,41.599249614010766,11.863063398487881,0.05412710343328387,0.05375582438566518,0.05543171860983864,73.05370177399541,-68.62412291856928,38034.987224,2058.7236875570784,5336.843342883862,1.6496480959468185,6.158080701423813,30,0,official,2026-06-13T16:26:53
challenger_metrics_scoring,LightGBM,MEX-Go Local,10,38.6154213644421,11.372776780019041,0.048337108883372254,0.04804924961338373,0.049379255761481805,69.23863531936423,-65.14218060713077,40429.919442000006,1954.265418213923,4793.988620887912,1.686947294769521,6.088102902099544,30,0,official,2026-06-13T16:26:53
challenger_metrics_scoring,LightGBM,MEX-Go Local,11,43.98505078120865,13.440695088041611,0.052653816496078344,0.05227921417338378,0.05387440731064545,80.85509068199788,-75.62955686552965,43090.64103900002,2268.8867059658896,6537.545689194101,1.7194377526520943,6.015692652230157,30,0,official,2026-06-13T16:26:53
challenger_metrics_scoring,LightGBM,MEX-Go Local,12,42.05698791848418,13.1505014724958,0.04870298856242915,0.04845256368276267,0.049783630380099295,78.37115466336716,-74.34572454881345,45795.377292,2230.3717364644035,6142.037883269418,1.7677377346402467,5.95955635815714,30,0,official,2026-06-13T16:26:53
challenger_metrics_scoring,LightGBM,NAM-Dedicated,1,35.715490549248635,10.65780406449296,0.020126863514642344,0.020149508937903286,0.019937287222241362,2082.7021022226336,2027.37649307287,3021896.320206,60821.294792186105,4337648.046602578,56.76462682984263,195.41568691070856,30,0,official,2026-06-13T16:26:53
challenger_metrics_scoring,LightGBM,NAM-Dedicated,2,44.72224942124752,14.95826713427911,0.026275988562008423,0.02648329161878799,0.0260350230907304,2912.700759143362,2560.9343192189017,2923887.3123749997,76828.02957656705,8483825.712314317,57.26309280861448,194.72180386914417,30,0,official,2026-06-13T16:26:53
challenger_metrics_scoring,LightGBM,NAM-Dedicated,3,29.375913057865883,10.315210215575467,0.01830209957290088,0.018287564655378213,0.018518618065697646,2004.8645350304512,-1718.0496642081475,2816151.760127,51541.48992624442,4019481.8038228676,58.484979201288574,194.3600269050458,30,0,official,2026-06-13T16:26:53
challenger_metrics_scoring,LightGBM,NAM-Dedicated,4,13.968272341231923,10.826048997608149,0.00889717574758678,0.00938954305466344,0.009091672231194262,2096.4972179358374,793.2864305774618,2766498.185493,24614.02056171115,4395300.584812706,58.737926352936334,193.65303245893554,30,0,official,2026-06-13T16:26:53
challenger_metrics_scoring,LightGBM,NAM-Dedicated,5,97.71824085242427,25.479822051033864,0.06763994097769074,0.06672137261651635,0.06939815370723951,6697.160390733116,-5866.204845469115,2737343.2151099998,185153.7335057226,44851957.29920454,63.15904853606772,262.84172539821066,30,0,official,2026-06-13T16:26:53
challenger_metrics_scoring,LightGBM,NAM-Dedicated,6,10.003730592626047,2.8035329632193093,0.007237922863853159,0.007219155401834789,0.00725459793811227,786.6429441456627,-629.7190423770226,2784712.289608,20155.53275020662,618807.1215741562,67.160054486952,280.5898680222248,30,0,official,2026-06-13T16:26:53
challenger_metrics_scoring,LightGBM,NAM-Dedicated,7,15.24994647768104,4.007772867343213,0.011251924116900175,0.011277098721209767,0.011201566629000754,1117.8763848473377,1019.7351657022178,2726995.152545,30683.94252359096,1249647.611799353,67.06896221679257,278.92708041321396,30,0,official,2026-06-13T16:26:53
challenger_metrics_scoring,LightGBM,NAM-Dedicated,8,6.195296311042314,1.6634240431685976,0.004544010161784024,0.004537948635994465,0.004547008319171651,461.38654020823543,-250.6558209902214,2742230.5255300007,12460.723373962668,212877.53948532563,67.04399998728627,277.37157106936877,30,0,official,2026-06-13T16:26:53
challenger_metrics_scoring,LightGBM,NAM-Dedicated,9,0.7695941443825736,0.21917515288010211,0.0005594709174682992,0.0005594526967087116,0.000559459091524151,60.4194565864277,0.8582938487583306,2753185.43087,1540.3271789691935,3650.5107341992216,66.71599527328178,275.6674549668486,30,0,official,2026-06-13T16:26:53
challenger_metrics_scoring,LightGBM,NAM-Dedicated,10,14.283030464289684,4.225549047607847,0.010371547774770602,0.0104345137705985,0.0103541727093852,1157.6309017206934,856.0175435809438,2732461.470565,28339.854684684833,1340109.3046186655,66.13875291974371,273.959878036689,30,0,official,2026-06-13T16:26:53
challenger_metrics_scoring,LightGBM,NAM-Dedicated,11,14.93153001787686,4.3880452660137985,0.010918902334138073,0.010932989229805547,0.01084636988849002,1195.9893831061254,983.1990302381906,2720458.992055,29704.426038276244,1430390.6045025701,66.31253015757584,272.5563002663802,30,0,official,2026-06-13T16:26:53
challenger_metrics_scoring,LightGBM,NAM-Dedicated,12,26.082092521644945,7.321857483831595,0.019540503243485004,0.019663895552776738,0.01941064777231873,1984.578651243589,1727.5843021415212,2652312.9122340004,51827.52906424564,3938552.422971823,66.23641491601326,271.0485222671995,30,0,official,2026-06-13T16:26:53
challenger_metrics_scoring,LightGBM,NAM-GCC Low,1,20.58447348805934,5.939458158746405,0.011835199701245348,0.011815984860017746,0.011895875349706746,2304.919743391931,-2159.944990535478,5475053.345255002,64798.349716064346,5312655.023477927,104.93078639045204,388.069026127867,30,0,official,2026-06-13T16:26:53
challenger_metrics_scoring,LightGBM,NAM-GCC Low,2,16.240675612012392,4.808546055964905,0.009203324849626202,0.009187417842405145,0.009237799620572588,1853.9639393121868,-1699.602355634197,5540179.391918,50988.07066902591,3437182.2882699617,104.6509638045531,385.55603247521805,30,0,official,2026-06-13T16:26:53
challenger_metrics_scoring,LightGBM,NAM-GCC Low,3,21.05695228238318,6.069185086638876,0.011733687043488036,0.011717486883506645,0.011794684974192044,2325.1092135532504,-2197.8342343651293,5619293.133231,65935.02703095388,5406132.854950215,104.3757047502025,383.10072610438374,30,0,official,2026-06-13T16:26:53
challenger_metrics_scoring,LightGBM,NAM-GCC Low,4,24.2706105008585,7.018816218173697,0.013305724822129944,0.01331328085052628,0.01338577395930489,2671.9561747041157,-2176.374933420036,5698800.454201001,75826.67065982765,7139349.799539451,104.14058964736454,380.6847325316293,30,0,official,2026-06-13T16:26:53
challenger_metrics_scoring,LightGBM,NAM-GCC Low,5,49.159688350302176,13.518638432061632,0.027545537489844476,0.027436774950780993,0.027831418760463394,5612.423391544366,-4813.16743248996,5768138.341143001,158886.47092256387,31499296.32595436,107.73493232257728,415.1618833323922,30,0,official,2026-06-13T16:26:53
challenger_metrics_scoring,LightGBM,NAM-GCC Low,6,21.77606122818187,5.955572932706777,0.012403402945525882,0.012389981205525775,0.012473970620960378,2538.1890547882517,-2433.0780897371064,5884864.259646,72992.34269211319,6442403.67784688,111.73178033630325,426.1872171607608,30,0,official,2026-06-13T16:26:53
challenger_metrics_scoring,LightGBM,NAM-GCC Low,7,20.22446831147788,5.661820368698452,0.011346471407496303,0.011329754240916918,0.011402706403953999,2399.125018058464,-2255.5366523703183,5963624.913945001,67666.09957110955,5755800.852274025,111.52513962951728,423.7373957185397,30,0,official,2026-06-13T16:26:53
challenger_metrics_scoring,LightGBM,NAM-GCC Low,8,34.41477739637567,9.653193481910263,0.018861157408087713,0.018816306571177388,0.019017746221140674,4065.8303028663313,-3829.165592794673,6090557.715964001,114874.9677838402,16530976.051706122,111.26515649634668,421.19018027407725,30,0,official,2026-06-13T16:26:53
challenger_metrics_scoring,LightGBM,NAM-GCC Low,9,11.199733226448757,3.261410236971009,0.006109273516056767,0.00610209161684364,0.006124363948514408,1368.6421598459933,-1252.4923165536902,6150448.068474,37574.76949661071,1873181.3617079055,111.83233486275049,419.64734896923034,30,0,official,2026-06-13T16:26:53
challenger_metrics_scoring,LightGBM,NAM-GCC Low,10,26.848274023036286,7.558434750816029,0.014364728791867041,0.014342002558192842,0.014457040101191513,3153.056402418063,-2990.497129602147,6245500.015208001,89714.91388806442,9941764.67682954,111.38507924331556,417.1573224307653,30,0,official,2026-06-13T16:26:53
challenger_metrics_scoring,LightGBM,NAM-GCC Low,11,26.998544794998224,7.6879055523192745,0.014224009472428035,0.014199546803671085,0.014313394697580455,3189.2647329567067,-3009.8834101713533,6348175.068371001,90296.5023051406,10171409.536881413,111.48317189039636,414.841820213904,30,0,official,2026-06-13T16:26:53
challenger_metrics_scoring,LightGBM,NAM-GCC Low,12,26.586809007621277,7.551706099949002,0.01380543425053981,0.013786130100283558,0.013891534358133336,3115.5716639909597,-2966.862885129474,6447163.119871002,89005.88655388422,9706786.793463398,111.59153715208936,412.5652697225597,30,0,official,2026-06-13T16:26:53
challenger_metrics_scoring,LightGBM,NAM-ITAR DoD,1,4.885488740227479,0.8007570230342512,0.012370305997576079,0.012306300776698769,0.012396149236677064,476.1556708554973,-316.78587988550913,1010149.6063209998,12495.859733521778,226724.22288784868,85.25833952994942,594.6319010119133,30,0,official,2026-06-13T16:26:53
challenger_metrics_scoring,LightGBM,NAM-ITAR DoD,2,9.851413018719633,1.6122417833947404,0.024555081176177263,0.024380381651104385,0.02476956073231451,952.7315994088696,-837.0602852830392,1022672.5938439998,25111.808558491175,907697.5005121827,84.9685505716245,590.9359310877029,30,0,official,2026-06-13T16:26:53
challenger_metrics_scoring,LightGBM,NAM-ITAR DoD,3,9.91787999699965,1.5032722274906185,0.023870486413759464,0.023783771174029637,0.024086975761150233,882.3096162812824,-761.0769008464653,1053271.376792,25142.10008971516,778470.2589824237,84.50092189500556,586.9260405043893,30,0,official,2026-06-13T16:26:53
challenger_metrics_scoring,LightGBM,NAM-ITAR DoD,4,62.237451248342765,21.91483129010089,0.16995021608584765,30.508670508908,0.2817124221880716,12811.662664161151,4049.115423901539,934482.5289086665,158815.50771647724,164138700.2202608,85.05891791892539,584.6115123846874,30,0,official,2026-06-13T16:26:53
challenger_metrics_scoring,LightGBM,NAM-ITAR DoD,5,275.82541802996525,30.965014648418126,0.914429211756952,3.958785681034409,1.6543631860775665,29532.756736013605,-26684.86512322903,906596.5700670001,829018.3869479232,872183720.4285569,100.18636581417356,953.7459313787958,30,0,official,2026-06-13T16:26:53
challenger_metrics_scoring,LightGBM,NAM-ITAR DoD,6,70.59799963411704,8.095658233899485,0.2190817471129405,0.2188832441185051,0.2482220138992089,8423.032970597378,-8111.356517127484,1110730.1211559998,243340.69551382452,70947484.42377049,114.89499078112132,1040.4383099235904,30,0,official,2026-06-13T16:26:53
challenger_metrics_scoring,LightGBM,NAM-ITAR DoD,7,20.75188057314072,6.517293864538641,0.06702268414436624,0.15560766745669005,0.0876371642796017,6736.737404358958,1890.1205464752381,1056162.6978943332,70786.8589060336,45383630.855289064,113.70352461397874,1033.6709598157504,30,0,official,2026-06-13T16:26:53
challenger_metrics_scoring,LightGBM,NAM-ITAR DoD,8,39.54432022375119,4.683875079743634,0.1395856231877926,0.13957040225087994,0.15124152561871057,5540.05078868744,-5287.2708321662,1136350.014726,158618.124964986,30692162.741236325,133.70493669506925,1182.7921740796442,30,0,official,2026-06-13T16:26:53
challenger_metrics_scoring,LightGBM,NAM-ITAR DoD,9,1.7258761053626355,0.21910804823270005,0.005991876764837004,0.005982207788207448,0.006005002461044856,257.5163267213168,-228.41114710247638,1143604.0295900002,6852.334413074292,66314.65852803997,132.3450428410001,1175.2937822157307,30,0,official,2026-06-13T16:26:53
challenger_metrics_scoring,LightGBM,NAM-ITAR DoD,10,0.434401180358459,0.06326875992541707,0.0014886441630069952,0.0014869861171050282,0.0014885357598497337,73.89382801286833,-37.114386241184306,1146241.895576,1706.346307243286,5460.297818395365,130.9347506710459,1167.9354566136017,30,0,official,2026-06-13T16:26:53
challenger_metrics_scoring,LightGBM,NAM-ITAR DoD,11,7.063163340422899,1.0165871324584783,0.02336877394143948,0.02301960668715817,0.023463185523173998,1179.9665561687573,-915.1903228399518,1174888.7534279998,27455.709685198555,1392321.073676757,129.57230050199516,1160.7136451896336,30,0,official,2026-06-13T16:26:53
challenger_metrics_scoring,LightGBM,NAM-ITAR DoD,12,8.912075878609217,1.016181227289279,0.02831656209249796,0.028284225115111198,0.028706346447367168,1172.3718346029184,-1148.740733697788,1217034.1123459998,34462.22201093364,1374455.7185702128,128.89709977167024,1153.7034961079596,30,0,official,2026-06-13T16:26:53
challenger_metrics_scoring,LightGBM,NAM-ITAR GCCH,1,10.947412764807703,0.9540768811421934,0.017914174301937466,0.017891060880153426,0.018064216656466736,399.46439231772473,-385.58964744335884,645728.3058839999,11567.689423300766,159571.8007297691,35.221988585549774,418.6920364735151,30,0,official,2026-06-13T16:26:53
challenger_metrics_scoring,LightGBM,NAM-ITAR GCCH,2,15.09549832753454,1.4012767735243956,0.023904347537392692,0.023784752516531595,0.02413152984245092,582.6432474845285,-528.7232045280238,663548.5913610001,15861.696135840713,339473.1538393175,35.02522361674012,415.79455143547693,30,0,official,2026-06-13T16:26:53
challenger_metrics_scoring,LightGBM,NAM-ITAR GCCH,3,15.034597139913886,1.3671843851927998,0.023271137097665512,0.0234151007276443,0.023504199299920047,564.5933578078774,-318.0193782484445,677335.5803075001,15762.369150462662,318765.6596807739,34.9468828546497,412.9606539707946,30,0,official,2026-06-13T16:26:53
challenger_metrics_scoring,LightGBM,NAM-ITAR GCCH,4,90.75952317898478,19.972691933542364,0.16445111890321268,29.010400103716737,0.2759151289878375,8245.9889401128,2739.131885404661,598050.0868455833,98350.00594191969,67996333.60046263,36.12109690056653,412.8631717522461,30,0,official,2026-06-13T16:26:53
challenger_metrics_scoring,LightGBM,NAM-ITAR GCCH,5,422.74075002536216,33.226328085344846,0.9874853269336646,1.4360252233761246,1.8602367577423544,21088.418146073473,-19500.731554647475,595796.7276989999,588340.5264378545,444721379.90364087,46.390963918395,634.6899992050265,30,0,official,2026-06-13T16:26:53
challenger_metrics_scoring,LightGBM,NAM-ITAR GCCH,6,180.18855808079218,18.564501882762787,0.7325016411046883,2.2940653002164066,0.6950444452110373,13277.079082644925,9744.198689474333,415281.77727400005,304194.5833740767,176280828.9668074,56.27338136118559,715.1863899441732,30,0,official,2026-06-13T16:26:53
challenger_metrics_scoring,LightGBM,NAM-ITAR GCCH,7,223.91538312473105,22.41269116876581,0.8061734507414624,0.7382985737992662,1.2285215502045737,16191.29540011092,-14479.711829195778,538831.1342631667,434391.3548758733,262158046.733653,64.66599849966502,722.4163880272891,30,0,official,2026-06-13T16:26:53
challenger_metrics_scoring,LightGBM,NAM-ITAR GCCH,8,66.0144391519545,7.084671373659643,0.22828232672300686,0.2281004705494468,0.258503701077088,5829.927475935185,-5742.7331518295805,754688.2714400002,172281.9945548874,33988054.37466399,86.99207666690529,822.8931404793854,30,0,official,2026-06-13T16:26:53
challenger_metrics_scoring,LightGBM,NAM-ITAR GCCH,9,4.5265935178638514,0.5103870351765549,0.015303239264862779,0.015269829140622838,0.015404122301577953,417.3326724272016,-389.9751278450398,764495.2570410001,11699.253835351195,174166.55947522994,86.15200952019065,817.6788273684035,30,0,official,2026-06-13T16:26:53
challenger_metrics_scoring,LightGBM,NAM-ITAR GCCH,10,6.438778795993713,0.7103959321216158,0.021024067133211404,0.020978488025088393,0.02122390531941222,577.2389359155236,-549.0639413567039,783479.149697,16471.918240701118,333204.789136886,85.27454642460124,812.5594613015093,30,0,official,2026-06-13T16:26:53
challenger_metrics_scoring,LightGBM,NAM-ITAR GCCH,11,6.900241552892465,0.761118387899612,0.0217708812364152,0.021719243180932393,0.021983798243297582,614.6310671994704,-583.0294012336584,803407.1679080001,17490.882037009753,377771.34876675997,84.49405673186358,807.5367472011956,30,0,official,2026-06-13T16:26:53
challenger_metrics_scoring,LightGBM,NAM-ITAR GCCH,12,6.087153407022304,0.6927493120999749,0.018633578127494006,0.018569256947729727,0.01877571201380583,556.007849855127,-509.88527908081136,820913.6360049999,15296.55837242434,309144.7291005214,83.76415788907077,802.6104683809286,30,0,official,2026-06-13T16:26:53
challenger_metrics_scoring,LightGBM,NAM-MSIT,1,8.691850488462826,1.9296891934384994,0.0324000405359615,0.032112829975116726,0.03277895722633643,420.6929598448302,-369.83483934507615,345361.2374299999,11189.718092281822,176982.56646300392,42.912680512757525,218.01073523928505,30,0,official,2026-06-13T16:26:53
challenger_metrics_scoring,LightGBM,NAM-MSIT,2,15.487366806273279,4.03365028770877,0.057810262603748705,0.060233077980336065,0.057140143660361735,873.4144327095223,659.7841441935055,342894.96231300005,19822.847816817048,762852.7712652966,42.66455377206246,216.532017009746,30,0,official,2026-06-13T16:26:53
challenger_metrics_scoring,LightGBM,NAM-MSIT,3,22.226356869197403,4.8999653372341365,0.09812591838402472,0.10054904439876193,0.09459234130767566,1055.7127237822574,950.2778145479459,290528.077657,28508.334436438377,1114529.3551557527,42.75454678156891,215.4531004046186,30,0,official,2026-06-13T16:26:53
challenger_metrics_scoring,LightGBM,NAM-MSIT,4,6.452837611064686,3.184792661684175,0.03005769059968785,0.03681766676272558,0.0326455907617708,681.9454301196431,130.29122989274765,275914.67443,8293.357915930545,465049.56966106506,42.8408834262822,214.12553423776677,30,0,official,2026-06-13T16:26:53
challenger_metrics_scoring,LightGBM,NAM-MSIT,5,24.442758101066275,4.908959038919177,0.11267753669632678,0.11245600402937504,0.1193565060617619,1107.305505699373,-1090.9379729163002,290458.419194,32728.139187489003,1226125.4829521445,44.63235975275269,225.5682919577126,30,0,official,2026-06-13T16:26:53
challenger_metrics_scoring,LightGBM,NAM-MSIT,6,5.526278979445059,1.4392170926000802,0.025359105378233618,0.025839017041696354,0.025267963811573882,322.5831429022582,245.12820591746538,289988.391461,7353.846177523961,104059.88408469873,44.35682795407495,224.1379320471254,30,0,official,2026-06-13T16:26:53
challenger_metrics_scoring,LightGBM,NAM-MSIT,7,4.79707796830918,1.211790225814804,0.021604821278293072,0.02131844207146722,0.021690464186600526,269.975111622761,-210.15727382220095,294524.38460799993,6363.14669155509,72886.56089572227,44.21543512941136,222.7903030338693,30,0,official,2026-06-13T16:26:53
challenger_metrics_scoring,LightGBM,NAM-MSIT,8,4.330588799523899,0.9266903334788285,0.01846987416144432,0.018414515023971883,0.018613717077917976,205.14221429744615,-190.02790331754986,308655.97944500006,5700.837099526496,42083.328086859314,43.880384888641785,221.37083649867694,30,0,official,2026-06-13T16:26:53
challenger_metrics_scoring,LightGBM,NAM-MSIT,9,0.9082737248394543,0.22740892250844658,0.003822618134733599,0.003832139450314725,0.003820581851927062,50.026767116387,36.6369657924306,310302.547737,1186.1681462334946,2502.6774281172197,43.53196302664378,219.9859467454663,30,0,official,2026-06-13T16:26:53
challenger_metrics_scoring,LightGBM,NAM-MSIT,10,6.325217904636273,1.4445166964372902,0.025578260045046052,0.02536051772294419,0.02579643882743354,315.80262939587027,-272.63260408198505,319762.8809800001,8178.978122459552,99731.30073334537,43.10248408709369,218.62165399317,30,0,official,2026-06-13T16:26:53
challenger_metrics_scoring,LightGBM,NAM-MSIT,11,2.9559916388970384,0.6309397501666916,0.011500631212452818,0.011477989088653872,0.011555631259287479,137.094976436426,-126.57864035625717,330187.02543700003,3797.359210687715,18795.032564104204,42.82104140304237,217.2869539448198,30,0,official,2026-06-13T16:26:53
challenger_metrics_scoring,LightGBM,NAM-MSIT,12,9.493865797298623,2.21600615871075,0.035731375078834934,0.03522615314986157,0.03610853281071942,478.71130787256226,-400.51451048659237,339828.38755,12142.535577984729,229164.51628505907,42.63291630349271,216.02435805100455,30,0,official,2026-06-13T16:26:53
challenger_metrics_scoring,LightGBM,NAM-Multitenant,1,10.87211060237906,3.0615198539119097,0.014313939019447539,0.014273089785022992,0.014391947046663434,33038.24270969204,-29228.759586835575,63912922.82564401,914845.679880925,1091525481.344519,2804.8699200464243,10791.451398715202,30,0,official,2026-06-13T16:26:53
challenger_metrics_scoring,LightGBM,NAM-Multitenant,2,9.377419040634118,2.795981617340624,0.012239063507053364,0.012196659447231096,0.01229282547613491,30067.761466937947,-26508.003204278895,64975567.425569,795240.0961283669,904070279.6326785,2826.79094209342,10753.919582467308,30,0,official,2026-06-13T16:26:53
challenger_metrics_scoring,LightGBM,NAM-Multitenant,3,22.339300987029294,6.429482538371377,0.028389270717261262,0.028253187909167574,0.028727018243092744,68828.08776966088,-63527.332178663135,67131698.603343,1905819.965359894,4737305666.028142,2843.7475378279987,10705.074220031307,30,0,official,2026-06-13T16:26:53
challenger_metrics_scoring,LightGBM,NAM-Multitenant,4,27.90247751918341,14.7986399762305,0.03564548984844478,0.04193468100479792,0.03810128684443828,157872.90212426882,2056.5046334845947,67470310.47917002,2405012.2672566725,24923853225.13896,2873.116751733112,10668.068307482543,30,0,official,2026-06-13T16:26:53
challenger_metrics_scoring,LightGBM,NAM-Multitenant,5,201.92204471630512,40.78779773960611,0.2946875453722248,0.28163247600086927,0.33556207230702556,723767.5845018785,-669030.3874143051,68487194.999564,20182323.383850425,523839516375.6837,3331.7021612979456,17744.708579818212,30,0,official,2026-06-13T16:26:53
challenger_metrics_scoring,LightGBM,NAM-Multitenant,6,18.959212226405576,3.9617015754443163,0.02882851918374194,0.028701011171715248,0.029183493500551345,77586.32141154844,-72091.47508139464,75020997.043148,2162744.2524418393,6019637270.176102,3802.450978474134,19584.0903041383,30,0,official,2026-06-13T16:26:53
challenger_metrics_scoring,LightGBM,NAM-Multitenant,7,10.217023441979077,2.331098875531255,0.015569845868194303,0.015496177256520558,0.01565423664208465,45562.55781569539,-39812.134076820206,76710073.58810298,1194364.0223046062,2075946674.708585,3896.6470325635705,19545.527774025344,30,0,official,2026-06-13T16:26:53
challenger_metrics_scoring,LightGBM,NAM-Multitenant,8,16.937023110785812,3.762579013206124,0.025896794901388083,0.025768586327385917,0.0261554907237336,73583.28637510182,-65242.008301674,78907401.601202,2043448.7954677898,5414500033.760244,4021.660678112286,19556.608942120503,30,0,official,2026-06-13T16:26:53
challenger_metrics_scoring,LightGBM,NAM-Multitenant,9,11.118360448786943,2.465682900996649,0.016892924090519287,0.016860280052155494,0.01702007615468141,48167.68844640749,-45586.55144095506,80956768.401995,1367596.5432286519,2320126210.2701774,4100.114549346953,19535.23238001842,30,0,official,2026-06-13T16:26:53
challenger_metrics_scoring,LightGBM,NAM-Multitenant,10,7.328668911557978,1.6937962931793988,0.01092919337411742,0.010904523616623992,0.010976700745472596,32890.85191387681,-29913.255185248516,82110145.26311502,897397.6555574555,1081808139.620574,4081.6764335024864,19418.422419698356,30,0,official,2026-06-13T16:26:53
challenger_metrics_scoring,LightGBM,NAM-Multitenant,11,16.482719284767956,3.627427609061464,0.024228400600238145,0.02418392051176659,0.024497747364419207,70139.12234321354,-67192.4714899862,84218068.471854,2040469.1007143646,4919496483.076278,4126.481529861008,19335.774521868643,30,0,official,2026-06-13T16:26:53
challenger_metrics_scoring,LightGBM,NAM-Multitenant,12,8.718333712117659,2.051204486004518,0.01262756984343978,0.012595545106589086,0.01269147409755379,39559.73841524306,-36057.73562923123,85664310.891847,1081732.068876937,1564972903.4824576,4135.851737255067,19286.101744200223,30,0,official,2026-06-13T16:26:53
challenger_metrics_scoring,LightGBM,NAM-SDF,1,3.2156087016303148,1.3282980313091413,0.13105804255471795,0.1300473970680319,0.15357770670225648,383.2841195770981,-247.1333011215814,58817.112402,7708.455620126944,146906.71631999125,79.90665050154428,288.5528025659586,30,0,official,2026-06-13T16:26:53
challenger_metrics_scoring,LightGBM,NAM-SDF,2,8.848688120321837,2.561535131506404,0.35817188893193275,0.35754801259345376,0.44620903101527604,733.984107666956,-697.8311005152735,58531.67987900001,20964.402344620634,538732.6703076577,78.97367406163454,286.54071483896064,30,0,official,2026-06-13T16:26:53
challenger_metrics_scoring,LightGBM,NAM-SDF,3,11.359272883453247,3.725038343757703,0.5523428856546028,34.00847385161401,0.6838572201910025,1060.112742281817,-165.2326293008772,48239.84063899999,26644.93278206343,1123839.026348274,78.18849280067448,284.591095299279,30,0,official,2026-06-13T16:26:53
challenger_metrics_scoring,LightGBM,NAM-SDF,4,7.173971630393479,2.434393569927513,0.3188288823610905,0.8174861554559739,0.4484646570778857,698.4089046697931,-313.4648907542565,53247.077673,16976.706263476768,487774.9981220601,78.88102127210684,286.8923551628461,30,0,official,2026-06-13T16:26:53
challenger_metrics_scoring,LightGBM,NAM-SDF,5,5.333633185774163,1.6519881197379302,0.19125861710583045,0.19002065884522207,0.21658862207546037,477.4718941090471,-425.5797972792953,66754.607513,12767.393918378859,227979.4096640811,79.79172591291044,289.02864881667114,30,0,official,2026-06-13T16:26:53
challenger_metrics_scoring,LightGBM,NAM-SDF,6,9.475238848721835,3.27076497398913,0.3582410921378582,1.3389607687288707,0.458995909359408,939.0902936592098,-223.36619009413167,62586.159845,22420.934255587366,881890.5796449409,78.87552885139792,287.1164088913014,30,0,official,2026-06-13T16:26:53
challenger_metrics_scoring,LightGBM,NAM-SDF,7,7.8857775423101,2.511533202619151,0.2391234491395437,0.236834965890615,0.2853921904843623,732.8464329366191,-630.2006768658329,79063.849129,18906.020305974987,537063.8942679265,79.9161114404476,291.7924525832948,30,0,official,2026-06-13T16:26:53
challenger_metrics_scoring,LightGBM,NAM-SDF,8,10.768426320877783,3.363604122680465,0.3184538169101614,0.42315532072409934,0.3983292269431786,975.1657497837648,-618.323958028119,80223.07982599999,25547.345974878262,950948.2395513321,79.08102574947021,289.91692072450326,30,0,official,2026-06-13T16:26:53
challenger_metrics_scoring,LightGBM,NAM-SDF,9,1.1509251478321418,0.3253109435083688,0.032436406969734446,0.032515974482629044,0.03195651614676697,95.74853797041989,92.44516895424142,85501.30324900002,2773.355068627243,9167.782523472939,80.32248589612381,294.3292867365733,30,0,official,2026-06-13T16:26:53
challenger_metrics_scoring,LightGBM,NAM-SDF,10,17.187574785879086,4.9867058003828655,0.5101315609608955,0.9900613672637492,0.6913145433635894,1458.5115936926331,-934.455273970322,80311.906344,40969.638147009966,2127256.0689358246,79.45592219457993,292.4799761759863,30,0,official,2026-06-13T16:26:53
challenger_metrics_scoring,LightGBM,NAM-SDF,11,1.346039863531232,0.38878851244503393,0.03471945899309016,0.0346560275011649,0.03535469586237764,116.20678189352473,-108.41820766994029,94122.05400599999,3267.8667944067342,13504.016158049228,80.92545852328962,298.8945870923946,30,0,official,2026-06-13T16:26:53
challenger_metrics_scoring,LightGBM,NAM-SDF,12,1.383285099921141,0.4211499657285762,0.03572259809512426,0.0363197671841883,0.03577093501386508,125.1117143345691,40.2784894210461,93001.457793,3322.253699000001,15652.941063734823,80.05709739299579,297.07164790606066,30,0,official,2026-06-13T16:26:53
challenger_metrics_scoring,LightGBM,NAM-TDF,1,4.816613664861704,0.9520391395428214,0.08353322962921284,0.08325139774271119,0.08745790222190784,4.696358657232494,-3.7379176005875774,1502.805974,125.53423651429486,22.0557846373626,0.8687586012976695,4.932947041954318,30,0,official,2026-06-13T16:26:53
challenger_metrics_scoring,LightGBM,NAM-TDF,2,16.806567086308142,3.4633151744340314,0.2778714926613573,0.27653176302304977,0.342320700405777,16.935189159905605,-14.034776350786577,1562.061864,434.0524617790621,286.80063188178434,0.8608786861906161,4.889878138992396,30,0,official,2026-06-13T16:26:53
challenger_metrics_scoring,LightGBM,NAM-TDF,3,20.300190002331732,4.599587072485673,0.39293373391642566,14.007514540480626,0.572279539704152,22.280931917439773,-0.5548676632312739,1313.109423,515.9649886202333,496.43992710958645,0.847225220652234,4.8441156926286615,30,0,official,2026-06-13T16:26:53
challenger_metrics_scoring,LightGBM,NAM-TDF,4,12.944124792220423,3.7534620413465407,0.3134478828370642,2.6682745996122135,0.36394708697284595,19.249679293739806,11.631013300614962,1115.5765580000002,349.67511024775945,370.550152911835,0.9004731641079318,5.128513111813448,30,0,official,2026-06-13T16:26:53
challenger_metrics_scoring,LightGBM,NAM-TDF,5,7.261630805988205,1.7697555608458493,0.162677477846128,0.16139935485959805,0.18149098618769624,9.433697614346581,-3.330782427108963,1302.731899,211.92513963901678,88.99465067892837,0.9728078320196596,5.330508813227164,30,0,official,2026-06-13T16:26:53
challenger_metrics_scoring,LightGBM,NAM-TDF,6,21.507576820657153,4.235085423138859,0.5094584660534545,1.2640241657670677,0.6837908583507334,22.375060214187158,-11.944408788735782,1212.7705540000002,617.8562261156383,500.64331958850113,0.9575791689097716,5.283260661506032,30,0,official,2026-06-13T16:26:53
challenger_metrics_scoring,LightGBM,NAM-TDF,7,6.168871739259586,1.3855431676692176,0.14567309986009938,0.1451431925922487,0.16301809673207096,7.524522683006069,-5.726397905957883,1264.5843519999999,184.21592259041503,56.618441607072846,0.995405807181014,5.430738542534145,30,0,official,2026-06-13T16:26:53
challenger_metrics_scoring,LightGBM,NAM-TDF,8,9.727500608905073,2.928387632054976,0.2651760754781627,1.8040582498720474,0.3127289420301448,15.76789995956902,2.6692966665916242,1081.2229489999997,286.7144583327456,248.62666913497668,0.9824875880596088,5.3844988918027905,30,0,official,2026-06-13T16:26:53
challenger_metrics_scoring,LightGBM,NAM-TDF,9,7.985506153627198,1.968394592571459,0.20461017603856094,0.20393123159743765,0.2508365417979138,10.755377467801909,-8.012960528185754,1183.7470660000001,242.20669555939003,115.678144474901,1.0110262722644252,5.464035264266483,30,0,official,2026-06-13T16:26:53
challenger_metrics_scoring,LightGBM,NAM-TDF,10,16.74608460997959,3.472432887512809,0.464984359611934,0.6586728775183083,0.5940264019946231,18.817712214246384,-9.787485862428781,1079.1373589999998,501.78199380792864,354.10629297819753,0.9988046071555514,5.419172327827162,30,0,official,2026-06-13T16:26:53
challenger_metrics_scoring,LightGBM,NAM-TDF,11,10.442861084590412,2.267115261814367,0.25592629490709223,0.2517235286426927,0.30285303402791786,12.36215517658737,-10.581244780186218,1249.0772630000001,319.6717159722816,152.82288061002592,1.020383569160602,5.4528128255349335,30,0,official,2026-06-13T16:26:53
challenger_metrics_scoring,LightGBM,NAM-TDF,12,16.99243811832721,3.541908470633756,0.3606150451731358,0.36046081030874133,0.4699173702921057,19.16044838975064,-17.111446507374403,1424.0088099999998,513.5190013450933,367.12278249629793,1.0073480877576104,5.409639619039125,30,0,official,2026-06-13T16:26:53
challenger_metrics_scoring,LightGBM,NOR-Go Local,1,18.82813536373701,3.2560474109807287,0.016702706465821112,0.016691294877637805,0.01683752544868686,202.53825914735955,-198.4596177303898,356456.51464300003,5953.788531911694,41021.74641844298,10.540588002815351,62.20371928993336,30,0,official,2026-06-13T16:26:53
challenger_metrics_scoring,LightGBM,NOR-Go Local,2,6.831199624389276,2.007770368791903,0.005989879395721727,0.005913730961036898,0.005964349226487813,123.93332227527854,-52.12514555141855,358713.41275600006,2148.6500800361882,15359.468370188051,10.48449368670627,61.72684097825916,30,0,official,2026-06-13T16:26:53
challenger_metrics_scoring,LightGBM,NOR-Go Local,3,13.230253377048216,2.498974537509859,0.011489221260247207,0.011435062907432837,0.0114971284482527,153.2283977390495,-74.62512142137057,363500.72746900003,4176.340286152161,23478.94187367635,10.522197792012202,61.31651020811771,30,0,official,2026-06-13T16:26:53
challenger_metrics_scoring,LightGBM,NOR-Go Local,4,29.483000180508625,8.201291285564452,0.02540502396856805,0.024439521762527408,0.02522338605270583,500.3722327383732,-311.18287319603553,367466.14399700006,9335.486195881065,250372.37129558471,10.554654251291572,61.01139629305767,30,0,official,2026-06-13T16:26:53
challenger_metrics_scoring,LightGBM,NOR-Go Local,5,460.8972269135914,98.0957477005551,0.2911161952291291,0.26514367741561606,0.32079979690958926,6027.372392531985,-5092.311783284959,524771.057063,152769.3534985488,36329217.95825674,11.048692606344671,61.443768295961284,30,0,official,2026-06-13T16:26:53
challenger_metrics_scoring,LightGBM,NOR-Go Local,6,207.17452512803786,42.65448356910441,0.14224179539148044,0.14217358353061557,0.15309037290281255,3190.880535480736,-3184.6893269911156,671677.9660070002,95540.67980973347,10181718.591709828,15.372012196108166,74.8076232199881,30,0,official,2026-06-13T16:26:53
challenger_metrics_scoring,LightGBM,NOR-Go Local,7,16.50343706427128,3.567563782767169,0.011288899782780817,0.011279777094742644,0.011348338662875046,265.72419942134445,-256.5861340615127,681871.9423469999,7697.584021845381,70609.35015811444,15.547436152981897,74.48337734139581,30,0,official,2026-06-13T16:26:53
challenger_metrics_scoring,LightGBM,NOR-Go Local,8,12.83632287587012,2.770706225606118,0.008631417010543395,0.008626320563655834,0.008666248830275811,204.9135026915155,-198.19556859939925,688863.3755870002,5945.867057981977,41989.54358530573,15.44021372132745,73.95713800249204,30,0,official,2026-06-13T16:26:53
challenger_metrics_scoring,LightGBM,NOR-Go Local,9,1.7647642105441599,0.44716843812183127,0.0011750368105569048,0.00117414307058257,0.0011749021486052475,32.84014823103731,-12.260938977574188,690146.743246,810.9478280000149,1078.475335836503,15.317397137338846,73.44021945951829,30,0,official,2026-06-13T16:26:53
challenger_metrics_scoring,LightGBM,NOR-Go Local,10,5.582960733831432,1.3608944154584515,0.003663674911394329,0.0036586706207487373,0.0036678828674515888,99.24983188527317,-84.6681724202938,693305.283367,2540.045172608814,9850.529129254986,15.165460847185354,72.92985462934564,30,0,official,2026-06-13T16:26:53
challenger_metrics_scoring,LightGBM,NOR-Go Local,11,2.7740179390548185,0.6912572473900123,0.0018096829158656576,0.00181141397823469,0.0018092279953090282,50.073742426846216,33.6810789905942,693206.736071,1254.4843874306825,2507.379680630139,15.07421623305626,72.43865090154237,30,0,official,2026-06-13T16:26:53
challenger_metrics_scoring,LightGBM,NOR-Go Local,12,3.067006352517289,0.9145376613025318,0.001986170853278107,0.001981385131736819,0.00198515355848226,65.80315477404751,-32.17840083815087,692507.5429230001,1375.4382974289001,4330.055178217252,14.948760445181229,71.95237283101852,30,0,official,2026-06-13T16:26:53
challenger_metrics_scoring,LightGBM,NZL-Go Local,6,26.378722630323743,7.659781188194243,0.06780450258261105,0.06696388716610953,0.06971666266602963,15.166126678157719,-13.860617337886545,6132.609256,415.81852013659636,230.01139841792727,0.5254468736842105,1.9799686577904794,30,0,official,2026-06-13T16:26:53
challenger_metrics_scoring,LightGBM,NZL-Go Local,7,20.798722602536838,6.143453515247262,0.050727177390177076,0.05042236726211659,0.051882228149388226,11.777350610089037,-11.101311695844297,6565.304201999999,333.0393508753289,138.7059873929646,0.533749687804878,1.9170570072450563,30,0,official,2026-06-13T16:26:53
challenger_metrics_scoring,LightGBM,NZL-Go Local,8,43.803210057630224,14.673113752824984,0.09433577169413755,0.09114985383879179,0.09716476984240849,27.24558945275786,-23.060392868069176,7333.504286,691.8117860420753,742.3221446282303,0.5264544045454543,1.8568376086849543,30,0,official,2026-06-13T16:26:53
challenger_metrics_scoring,LightGBM,NZL-Go Local,9,44.295198069177744,13.72532425411918,0.09206965127650453,0.09154924383629556,0.09621217244630177,26.420708192295322,-25.56590828855029,8330.402451,766.9772486565087,698.0538213824212,0.5771711021276594,1.924960584036189,30,0,official,2026-06-13T16:26:53
challenger_metrics_scoring,LightGBM,NZL-Go Local,10,40.159164449829674,13.555364829128795,0.07798812975690612,0.07716871191884009,0.08068868120507636,25.478178729855035,-23.78178563828016,9148.232832,713.4535691484048,649.1375913904376,0.5921882579999999,1.8795642205885597,30,0,official,2026-06-13T16:26:53
challenger_metrics_scoring,LightGBM,NZL-Go Local,11,291.19960633492764,104.33815367201225,0.36695306938127364,0.3493655123256661,0.43463517676991237,194.14434670063153,-179.48366134265578,14673.565340000003,5384.509840279673,37692.02735581502,0.6163595603773583,1.8607224669791043,30,0,official,2026-06-13T16:26:53
challenger_metrics_scoring,LightGBM,NZL-Go Local,12,10.747388601045351,3.481586701382906,0.019374600979394013,0.019374600979394016,0.019564124532558756,10.609540234261203,-10.609540234261203,16428.01353,318.2862070278361,112.56234398240726,0.9871737803571428,3.047329032491718,30,0,official,2026-06-13T16:26:53
challenger_metrics_scoring,LightGBM,POL-Go Local,1,219.2603477362269,61.61988770966426,0.27328234821877495,0.233008176477723,0.28478864734829384,517.3297181857683,-383.82036355621653,42134.48465200001,11514.610906686496,267630.03731816646,1.750523373327664,8.395499203492252,30,0,official,2026-06-13T16:26:53
challenger_metrics_scoring,LightGBM,POL-Go Local,2,345.7840590679837,81.91957856592418,0.3938424884799046,0.3911100690602797,0.4878407716276325,1035.7423833855312,-1021.8164767485158,77834.401313,30654.494302455474,1072762.2847411407,2.955071091196888,12.643404684412838,30,0,official,2026-06-13T16:26:53
challenger_metrics_scoring,LightGBM,POL-Go Local,3,369.10055753127386,109.81687820976818,0.32578637826140655,0.30620063629337335,0.37318061346329157,1459.5608744667836,-1303.019932452746,119988.43592599999,39090.59797358238,2130317.9462742424,3.530257285895162,13.29086109767921,30,0,official,2026-06-13T16:26:53
challenger_metrics_scoring,LightGBM,POL-Go Local,4,506.50268050655546,178.58238124634727,0.39997877135606075,0.36072867648393664,0.4621902855258591,3450.1043935211387,-2899.0526684286256,217440.49004899999,86971.58005285877,11903220.326193864,5.723666981444739,19.319399648736105,30,0,official,2026-06-13T16:26:53
challenger_metrics_scoring,LightGBM,POL-Go Local,5,436.9449338465218,112.17225234534686,0.3733413749822852,0.3687926555211121,0.4550327356678122,4917.512554199503,-4808.966902305541,386426.51668600005,144269.00706916623,24181929.720709722,11.005887767072052,43.83893923302764,30,0,official,2026-06-13T16:26:53
challenger_metrics_scoring,LightGBM,POL-Go Local,6,13.698292109219947,3.8318437654304875,0.014466465394721012,0.014411955045752123,0.014538683993027433,218.89194260862982,-187.67966721133908,409985.41115899995,5931.039762872138,47913.682538979694,14.432552894386294,57.124443481593374,30,0,official,2026-06-13T16:26:53
challenger_metrics_scoring,LightGBM,POL-Go Local,7,21.370474543377153,5.6297193064195,0.022849150935784258,0.022846529203405058,0.023111809117396995,321.67766381124153,-320.88085664658735,421303.43164399994,9626.42569939762,103476.51939505813,15.015148867905246,57.139201139999365,30,0,official,2026-06-13T16:26:53
challenger_metrics_scoring,LightGBM,POL-Go Local,8,4.166613314513767,1.164314022466491,0.004359302440443321,0.004356659020863149,0.004367495015610856,65.70155550862289,-61.54550794842144,423546.029136,1846.365238452643,4316.694396252654,14.771111044559133,56.4294118604191,30,0,official,2026-06-13T16:26:53
challenger_metrics_scoring,LightGBM,POL-Go Local,9,6.839750236665663,2.240506929584509,0.007041316210846418,0.007071001557850093,0.007031303115684764,124.72033376943934,98.75691946709054,421004.6326819998,2964.4267449452072,15555.16165556035,14.447051633814958,55.66612275221489,30,0,official,2026-06-13T16:26:53
challenger_metrics_scoring,LightGBM,POL-Go Local,10,15.666901150627336,5.1253155227610065,0.016352929226023872,0.01653236185604041,0.016318921127273605,281.6629813695885,204.50440007053845,409704.83471499995,6699.874165654202,79334.03507400517,14.254838063250148,54.955247168442945,30,0,official,2026-06-13T16:26:53
challenger_metrics_scoring,LightGBM,POL-Go Local,11,11.4007883125996,3.1817709036524824,0.012221765971104932,0.01222953435194651,0.01214620914941787,172.98359838151435,162.34546193211656,400895.763571,4899.654201172176,29923.32530901705,14.325483661971324,54.36708160947085,30,0,official,2026-06-13T16:26:53
challenger_metrics_scoring,LightGBM,POL-Go Local,12,1.5082911697868946,0.4685120975821016,0.001589516059259164,0.0015899397182343614,0.001588589958867879,25.153850964561155,13.918460417662876,399933.5348329999,635.7007762533376,632.7162183473541,14.049028662088618,53.68879713965811,30,0,official,2026-06-13T16:26:53
challenger_metrics_scoring,LightGBM,QAT-Go Local,1,26.768501309624906,7.106728771066729,0.02988888047563422,0.029723913962403294,0.03025591892720631,192.0727671789685,-176.00629134196834,176660.63955000002,5280.18874025905,36891.947891786236,6.575126836805143,27.026888652476057,30,0,official,2026-06-13T16:26:53
challenger_metrics_scoring,LightGBM,QAT-Go Local,2,10.016020076820062,3.22790230014263,0.011079979334681463,0.01098744812574851,0.011086748097084797,86.17538913469627,-57.93539367073299,179525.68755300003,1989.1409081317215,7426.19769251633,6.619864619797648,26.69702522622462,30,0,official,2026-06-13T16:26:53
challenger_metrics_scoring,LightGBM,QAT-Go Local,3,23.496582817816215,6.212872736865758,0.025553014339546595,0.0255004789146264,0.025856438409129722,164.6115508187844,-158.21885887652851,185753.65329600003,4746.565766295856,27096.96266296524,6.733696559337962,26.495239447287776,30,0,official,2026-06-13T16:26:53
challenger_metrics_scoring,LightGBM,QAT-Go Local,4,26.426004634062686,7.3659200873601,0.027828058430105617,0.02783656849517686,0.02816260178320449,192.7524601822161,-151.57334373329448,191053.96363,5316.660863198914,37153.510906296804,6.706349719808224,26.16814435890756,30,0,official,2026-06-13T16:26:53
challenger_metrics_scoring,LightGBM,QAT-Go Local,5,58.33316544224336,13.795891017733116,0.0646151162522028,0.06414254126949313,0.06637749943032377,442.1230425259574,-401.1877723193329,196784.14629399995,12715.23048937729,195472.7847324095,7.265866906060985,32.047443833649915,30,0,official,2026-06-13T16:26:53
challenger_metrics_scoring,LightGBM,QAT-Go Local,6,26.141912283244515,6.443683156199843,0.029834085014389437,0.029722098642852367,0.03022730833088115,217.2357152841109,-204.3949390945489,205531.63168499997,6131.848172836467,47191.35599499929,7.818668232069407,33.712972847694374,30,0,official,2026-06-13T16:26:53
challenger_metrics_scoring,LightGBM,QAT-Go Local,7,22.977762559823983,5.7341675360791555,0.02544020382453462,0.025359395811172716,0.025725943708677187,191.13254202711138,-179.92915947227596,212178.91261399997,5397.874784168279,36531.648621745495,7.830577890419905,33.332221429616936,30,0,official,2026-06-13T16:26:53
challenger_metrics_scoring,LightGBM,QAT-Go Local,8,25.37562926847338,6.295452488866199,0.02717077828290896,0.027104027785076167,0.02751022907844246,207.5158146481685,-198.5030594941637,219172.66126199998,5955.091784824911,43062.81332909302,7.822586679290095,32.96281165097662,30,0,official,2026-06-13T16:26:53
challenger_metrics_scoring,LightGBM,QAT-Go Local,9,23.759664961161732,6.0280758941466805,0.024652427989067995,0.02458028119476756,0.024922628940734482,196.51767918497592,-185.53747577834304,225784.019157,5566.124273350291,38619.19823224912,7.808926434006044,32.6003989723813,30,0,official,2026-06-13T16:26:53
challenger_metrics_scoring,LightGBM,QAT-Go Local,10,26.201132978324114,6.654773725206247,0.026332743337423484,0.026264133333191393,0.026648394155272516,214.65195862071795,-204.51930373485504,233001.895527,6135.5791120456515,46075.463339710404,7.805742747996868,32.25533541549009,30,0,official,2026-06-13T16:26:53
challenger_metrics_scoring,LightGBM,QAT-Go Local,11,50.99985516329277,18.197887792293752,0.05287233894139254,0.05717673128645987,0.05387736033783432,581.0118306824239,272.5915434853079,225928.08320299996,11945.346191488148,337574.7473929416,7.807437984049956,31.927432310493998,30,0,official,2026-06-13T16:26:53
challenger_metrics_scoring,LightGBM,QAT-Go Local,12,44.680407522982584,12.060907612367238,0.06198259742620757,0.06244123868392972,0.06032520509162198,409.33537958758615,386.88243308743944,187253.73692899998,11606.472992623183,167555.45298211323,8.65888326753591,33.939019578249166,30,0,official,2026-06-13T16:26:53
challenger_metrics_scoring,LightGBM,SGP-Go Local,1,105.70438852242876,38.42872174146266,0.058208350595256815,0.057401733987872565,0.05951081791399505,118.98234333798719,-106.20704068284307,54738.043389000006,3186.211220485292,14156.798026198665,1.00475526293128,3.096182697370629,30,0,official,2026-06-13T16:26:53
challenger_metrics_scoring,LightGBM,SGP-Go Local,2,125.87822290494769,46.8951495978558,0.06756174836231299,0.06661391164404425,0.06939607178100124,148.61339536124933,-134.27386320902153,59622.730227,4028.215896270646,22085.941280799,1.0666965270904205,3.169056856320262,30,0,official,2026-06-13T16:26:53
challenger_metrics_scoring,LightGBM,SGP-Go Local,3,166.95575701186814,60.602686896756424,0.08615038945531998,0.0856060282133965,0.0897182108235281,198.52765051714715,-191.0264633294183,66520.81245499999,5730.793899882549,39413.22801985852,1.1441741617561536,3.2758885898138748,30,0,official,2026-06-13T16:26:53
challenger_metrics_scoring,LightGBM,SGP-Go Local,6,104.78871194031744,8.793169961727196,0.0872921958860455,0.08679030504369097,0.09098982256796036,280.0085524670293,-270.46142220409087,92950.378711,8113.842666122726,78404.7894546811,2.5810167640779147,31.84386901262951,30,0,official,2026-06-13T16:26:53
challenger_metrics_scoring,LightGBM,SGP-Go Local,7,93.23814863221918,8.418534833272602,0.07355542433940067,0.07279522247815837,0.07593819556454456,266.49720880641144,-248.28548940179226,101264.65517600001,7448.564682053768,71020.76230160806,2.662917411425255,31.656008329755156,30,0,official,2026-06-13T16:26:53
challenger_metrics_scoring,LightGBM,SGP-Go Local,8,109.01775709596075,9.958789788825651,0.08133392191888335,0.08086509942979755,0.08451737419899799,313.55890442237575,-302.21357051074364,111471.41194499997,9066.407115322309,98319.18654256056,2.772149955761116,31.485643443765355,30,0,official,2026-06-13T16:26:53
challenger_metrics_scoring,LightGBM,SGP-Go Local,9,21.807109668747028,1.982816329469002,0.01627659837719651,0.01627659837719651,0.016410149080140178,62.07580586884296,-62.07580586884296,114414.21191999996,1862.2741760652889,3853.4056742662788,2.846585669159413,31.306886546302984,30,0,official,2026-06-13T16:26:53
challenger_metrics_scoring,LightGBM,SGP-Go Local,10,0.1002094180315665,0.009054389622196327,7.38595400892386e-05,7.385954008923856e-05,7.3856812574134e-05,0.28168603573612927,0.28168603573612927,114414.21191999996,8.450581072083878,0.07934702272873591,2.810973671630312,31.110438968253785,30,0,official,2026-06-13T16:26:53
challenger_metrics_scoring,LightGBM,SGP-Go Local,11,0.06074035817721655,0.005454164541219766,4.4215638819490087e-05,4.421563881949008e-05,4.421466132974213e-05,0.16862991566904387,0.16862991566904384,114414.21191999996,5.058897470071315,0.028436048458548843,2.776241706989081,30.917643645443,30,0,official,2026-06-13T16:26:53
challenger_metrics_scoring,LightGBM,SGP-Go Local,12,0.031402860262917304,0.0028025508136734095,2.258055260102539e-05,2.2580552601025388e-05,2.258029766322581e-05,0.08611787101881418,0.08611787101881418,114414.21191999996,2.5835361305644255,0.0074162877088131155,2.742357552713381,30.728388794469787,30,0,official,2026-06-13T16:26:53
challenger_metrics_scoring,LightGBM,SWE-Go Local,1,19.554698511300856,5.051152370783278,0.024141302818755032,0.02396347512130533,0.0243330044250151,523.7472049085434,-444.6276812099016,574357.058157,13865.727667057432,274311.1346495118,23.63579893436572,103.68865685739082,30,0,official,2026-06-13T16:26:53
challenger_metrics_scoring,LightGBM,SWE-Go Local,2,64.75725331206777,18.482086684083555,0.07420986207330513,0.07155779071771222,0.07560134899491482,1904.201763348301,-1550.2833099811796,626715.8838470001,46508.49929943539,3625984.3555387794,23.939917626065807,103.02958729157817,30,0,official,2026-06-13T16:26:53
challenger_metrics_scoring,LightGBM,SWE-Go Local,3,81.4530661720965,21.63009777393607,0.08727397238713959,0.08579633672106508,0.09041271740577482,2275.8325648453165,-2067.0003591417876,710521.236494,62010.010774253635,5179413.863210413,25.37658134040733,105.21600912907846,30,0,official,2026-06-13T16:26:53
challenger_metrics_scoring,LightGBM,SWE-Go Local,4,181.0798670615071,54.62266976251061,0.16903191916328603,0.16022789203307705,0.17886612183597653,5784.631424751088,-4926.3972881683885,874343.2564490001,147791.91864505166,33461960.720217805,27.205659956084723,105.90166042600278,30,0,official,2026-06-13T16:26:53
challenger_metrics_scoring,LightGBM,SWE-Go Local,5,193.56160667241724,54.70856458825041,0.17691652009480624,0.17555468621297626,0.19321362450470136,6723.358143253385,-6562.948051319775,1112888.957086,196888.44153959324,45203544.722451605,33.90624909632455,122.89406958224856,30,0,official,2026-06-13T16:26:53
challenger_metrics_scoring,LightGBM,SWE-Go Local,6,8.523285601591603,2.705546013978172,0.008272223588834287,0.008252362545165726,0.008296051699932687,358.198452609894,-312.2066319743227,1148100.5442380002,9497.344404399068,128306.13145212248,37.14273598366641,132.3941454919879,30,0,official,2026-06-13T16:26:53
challenger_metrics_scoring,LightGBM,SWE-Go Local,7,15.139711612038194,4.4070780545778065,0.014668191380876947,0.014659204651219167,0.014771891292676063,582.2785525329624,-570.5183808933242,1166848.1125160002,17115.551426799728,339048.3127398819,37.68356990629082,132.1234943701818,30,0,official,2026-06-13T16:26:53
challenger_metrics_scoring,LightGBM,SWE-Go Local,8,7.227904482414124,2.147869978913069,0.006851650992062559,0.0068473328670913955,0.006873024066847208,280.9714269122597,-268.81217458179987,1176995.9162829998,8064.365237453996,78944.9427411113,37.19088640917076,130.81398300210216,30,0,official,2026-06-13T16:26:53
challenger_metrics_scoring,LightGBM,SWE-Go Local,9,1.1342712829834558,0.37671511098101385,0.0010591127533093982,0.0010595734248891237,0.001058904720451861,48.797774017195614,32.46952455324766,1177453.948048,1247.0564928121385,2381.222749033291,36.64780232385635,129.5349525271764,30,0,official,2026-06-13T16:26:53
challenger_metrics_scoring,LightGBM,SWE-Go Local,10,5.249262219915135,1.6756664507385541,0.004798925505637737,0.004792012215087845,0.004806773047311696,214.97012682916164,-185.97810440853016,1184526.67497,5684.455272621795,46212.155428945836,36.09685218274157,128.2893303344547,30,0,official,2026-06-13T16:26:53
challenger_metrics_scoring,LightGBM,SWE-Go Local,11,112.99817289299307,34.218232145116836,0.11500684305603313,0.11714663144728985,0.10968260207203583,4351.172104896695,4052.202706347759,1057033.459576,121566.08119043277,18932698.686431132,35.86078077727072,127.15946535296492,30,0,official,2026-06-13T16:26:53
challenger_metrics_scoring,LightGBM,SWE-Go Local,12,22.523754113918294,6.789685474754509,0.02559699798261036,0.025611838587256682,0.025269657574464293,889.639287826215,863.7991731076712,1014106.3010469999,25958.07694205251,791458.062443935,38.41585319327683,131.02805588478031,30,0,official,2026-06-13T16:26:53
challenger_metrics_scoring,LightGBM,TWN-Go Local,6,40.97908730082193,16.703467010461225,0.09898702342653903,0.08802074599300815,0.09727192412766571,56.231781167239795,-35.762933707508736,10838.673334000001,1072.888011225262,3162.0132132403437,0.8727118162729659,3.3664736268238413,30,0,official,2026-06-13T16:26:53
challenger_metrics_scoring,LightGBM,TWN-Go Local,7,96.22822828385418,20.316693545296474,0.22367079976141674,0.21745543966971206,0.2470007105387302,118.09192591323921,-107.8426083188299,14464.464082999999,3235.278249564897,13945.702965897977,1.1206961849148422,5.812556341904301,30,0,official,2026-06-13T16:26:53
challenger_metrics_scoring,LightGBM,TWN-Go Local,8,536.225927264135,125.73923519478478,0.6211241307730213,0.5818312309360844,0.8446555059504686,911.5606734080111,-817.1227431654955,39466.639727,24513.682294964867,830942.8613040667,1.5238404217687072,7.249612040314203,30,0,official,2026-06-13T16:26:53
challenger_metrics_scoring,LightGBM,TWN-Go Local,9,132.88917603905907,42.00477992457419,0.27253362331221703,0.2724129387691734,0.3154365506250855,576.7366665239776,-576.0986716987221,63415.88219800001,17282.960150961662,332625.1825131898,4.335181305732485,13.730262783416407,30,0,official,2026-06-13T16:26:53
challenger_metrics_scoring,LightGBM,TWN-Go Local,10,17.440033989942307,6.63539367318048,0.036142061003743925,0.03578832551387278,0.03662124723338008,90.02371008555787,-79.61909421640846,66088.45096700001,2388.5728264922536,8104.268377568573,4.565306137724554,13.567199554326919,30,0,official,2026-06-13T16:26:53
challenger_metrics_scoring,LightGBM,TWN-Go Local,11,106.01669239610824,48.18815046455931,0.18078825387314007,0.16020200098695195,0.18401572156474763,637.97796594549,-453.71124599161834,80562.92697,14564.830893815604,407015.88503194484,4.579414355932206,13.239312150290981,30,0,official,2026-06-13T16:26:53
challenger_metrics_scoring,LightGBM,TWN-Go Local,12,40.919982745650245,12.468481100926232,0.08610647545014298,0.08610647545014298,0.0899804240368022,274.4398381830274,-274.4398381830273,95616.44582999998,8233.19514549082,75317.22478192627,6.706743741532979,22.010687265078374,30,0,official,2026-06-13T16:26:53
challenger_metrics_scoring,LightGBM,ZAF-Go Local,1,16.363956516516296,6.009659722495711,0.01063572728308269,0.010609123162017956,0.010679066298474918,590.1947176845116,-530.4513569355312,1496234.3697339997,15913.540708065935,348329.8047827003,32.415837600163606,98.2076764638204,30,0,official,2026-06-13T16:26:53
challenger_metrics_scoring,LightGBM,ZAF-Go Local,2,21.432929981554867,7.6416463995513375,0.013699913637361215,0.013671633980467073,0.01377995556778503,746.4441759071623,-695.1309653477234,1522194.1913240005,20853.928960431702,557178.9077457226,32.43284823614651,97.6810672567875,30,0,official,2026-06-13T16:26:53
challenger_metrics_scoring,LightGBM,ZAF-Go Local,3,23.669164696489492,8.090642655050885,0.014858052552794513,0.014847435535469541,0.014963836444130208,785.8589721415759,-767.3879059460315,1549438.4002600003,23021.637178380945,617574.3240954141,32.42141899751313,97.13183558428132,30,0,official,2026-06-13T16:26:53
challenger_metrics_scoring,LightGBM,ZAF-Go Local,6,23.281251227225443,1.686554320077516,0.025676593795545728,0.025635525037581455,0.025989182093076994,1463.9764704706101,-1419.3204660036406,1658304.6146680003,42579.61398010922,2143227.1060915855,60.964097339573655,868.028057586265,30,0,official,2026-06-13T16:26:53
challenger_metrics_scoring,LightGBM,ZAF-Go Local,7,5.699445742914204,0.4108301210783421,0.006208387200410814,0.006206568104749773,0.006226800956250125,354.2944921906023,-346.1662377300607,1672735.0915249998,10384.98713190182,125524.58719659674,60.73682483256015,862.3868455912002,30,0,official,2026-06-13T16:26:53
challenger_metrics_scoring,LightGBM,ZAF-Go Local,8,7.956533096989984,0.6646197052202781,0.00867025146912044,0.008701760173728448,0.008648379443081094,569.4732824039842,478.6309666054066,1656114.4794130002,14358.928998162199,324299.81937196787,60.15571867431511,856.8408037424061,30,0,official,2026-06-13T16:26:53
challenger_metrics_scoring,LightGBM,ZAF-Go Local,9,4.226116641501993,0.44103638841021225,0.0045896918544173155,0.004564254559791028,0.0045872929441320275,375.50237491388816,-249.82899831438868,1651712.0756700002,7580.849459545316,141002.03356597023,59.79366009524862,851.4090555372264,30,0,official,2026-06-13T16:26:53
challenger_metrics_scoring,LightGBM,ZAF-Go Local,10,17.475596591804177,1.3694384151102066,0.018346974354238002,0.01826857275057951,0.01847739697086147,1158.65713407679,-1039.7292541660138,1700110.1665450002,31191.877624980414,1342486.3543470406,59.4960663405124,846.0819568754001,30,0,official,2026-06-13T16:26:53
challenger_metrics_scoring,LightGBM,ZAF-Go Local,11,24.09067884804561,1.7958103550795659,0.024574863314334682,0.02451098444747314,0.02484743916478631,1510.0481309641348,-1434.2960067487616,1750930.601407,43028.880202462846,2280245.3578282767,59.53738438819963,840.8728275192677,30,0,official,2026-06-13T16:26:53
challenger_metrics_scoring,LightGBM,ZAF-Go Local,12,13.35681199638671,1.0122803951682195,0.0133737968233728,0.013349921604489823,0.013451638516917616,846.0144157067414,-793.9315899993458,1780941.344821,23817.947699980374,715740.391583619,59.4402010160898,835.7510623982317,30,0,official,2026-06-13T16:26:53
challenger_metrics_scoring,Theta,APC-Dedicated,1,82.81181064561392,6.873470703564219,0.07096933625581037,0.07220803966791521,0.06909416549214571,179.80886618656103,160.2003577791678,68118.092036,4834.295778807123,32331.228359296612,1.945896260093897,26.159835975342364,30,0,official,2026-06-13T16:26:53
challenger_metrics_scoring,Theta,APC-Dedicated,2,210.08282697035804,21.03419926382247,0.24163660704148732,0.2917584268610152,0.23204002569581528,550.8114586090165,430.3736334554268,53432.33859200001,12911.209003662803,303393.2629349923,2.0485902615740743,26.18647145538734,30,0,official,2026-06-13T16:26:53
challenger_metrics_scoring,Theta,APC-Dedicated,3,23.751212228555936,2.1899314443916156,0.04487233073003891,0.04490419807419783,0.04389232370004194,58.173868278055494,57.42283686494977,38390.809613,1722.6851059484932,3384.1989504325516,2.417680256164384,26.564241737812377,30,0,official,2026-06-13T16:26:53
challenger_metrics_scoring,Theta,APC-Dedicated,4,1.550916619472483,0.1527967129942122,0.002908137468063127,0.002907266750357237,0.002902351349807694,4.0319013059680096,3.7298592269970716,38530.769652,112.05277489829086,16.256228141066543,2.4083128968468475,26.3873562916287,30,0,official,2026-06-13T16:26:53
challenger_metrics_scoring,Theta,APC-Dedicated,5,0.9787069291159246,0.09310937242742891,0.0018012899830599722,0.0018000583597470737,0.0017982880480436243,2.4404900782381787,2.3323778142374065,38845.12493,69.9713344271222,5.955991821978992,2.383121795555556,26.211003410428308,30,0,official,2026-06-13T16:26:53
challenger_metrics_scoring,Theta,APC-Dedicated,6,0.23471365272322314,0.02565431919726142,0.0004229724662025936,0.0004223122915107576,0.0004221829809750893,0.6679885905483214,0.5357477142131757,39238.18648,16.596672504762864,0.446208757102733,2.357009958333334,26.03805563546698,30,0,official,2026-06-13T16:26:53
challenger_metrics_scoring,Theta,APC-Dedicated,7,0.17417553167902539,0.0191902553827269,0.00030743459239285557,0.0003074280972267116,0.00030738016165101056,0.4964228557061368,0.2427851620762946,39638.56977400001,12.186267541505458,0.24643565166743592,2.332181300865801,25.868486156414875,30,0,official,2026-06-13T16:26:53
challenger_metrics_scoring,Theta,APC-Dedicated,8,1.5037930722484305,0.14707300740770085,0.0026052750253802268,0.0026042407906995005,0.002600359156765247,3.7801020755237285,3.1794081390526645,39974.23962300001,104.14388814836661,14.289171701378798,2.308471160256411,25.70221512534189,30,0,official,2026-06-13T16:26:53
challenger_metrics_scoring,Theta,APC-Dedicated,9,86.32942397354753,16.450073142452304,0.17238498841880637,1.0972494771625962,0.22835615911842969,420.12643888962145,197.5079733075519,34372.12980999999,5925.2391992265575,176506.22465407485,2.2878407409282717,25.539487590812673,30,0,official,2026-06-13T16:26:53
challenger_metrics_scoring,Theta,APC-Dedicated,10,19.123772537049412,2.0914102917201958,1.085240171925382,1.398306953101151,0.7304599799401045,56.82258113473749,53.343351705494086,1474.6049699999999,1600.3005511648225,3228.8057268138245,2.789373885416668,27.16950440556579,30,0,official,2026-06-13T16:26:53
challenger_metrics_scoring,Theta,APC-Dedicated,11,2.1509433124743973,0.2517023864744386,0.2097546584749974,0.20934464476238826,0.18468568587038064,6.796644862089863,5.965850288646708,853.261186,178.97550865940124,46.19438138137254,2.773597172016461,27.002703300868745,30,0,official,2026-06-13T16:26:53
challenger_metrics_scoring,Theta,APC-Dedicated,12,1.9854602391022513,0.23104149296512058,0.18871474887368858,0.18825598934454954,0.1680413978733675,6.2005870767731155,5.439967667277393,864.7921320000003,163.1990300183218,38.44728009664577,2.7399025979674803,26.837547650842065,30,0,official,2026-06-13T16:26:53
challenger_metrics_scoring,Theta,APC-MSIT,1,6.817254645297419,1.170589199476831,0.04734316412554854,0.04751203891314037,0.047075819616610594,142.3947002916318,56.692378280680636,82311.64915900002,3896.893915579107,20276.250671143644,19.054072439884614,121.64361362232965,30,0,official,2026-06-13T16:26:53
challenger_metrics_scoring,Theta,APC-MSIT,2,7.28843719158394,1.2604473691015734,0.054084195559775186,0.05421689974409815,0.05247091258233369,152.26527537771284,135.3712046369005,76229.03975400001,4122.786293389214,23184.714085850723,18.855374090117483,120.80256511324632,30,0,official,2026-06-13T16:26:53
challenger_metrics_scoring,Theta,APC-MSIT,3,8.982353265701917,1.549362420223011,0.07007154083259705,0.07080003785623938,0.06783729591340443,185.9003003350272,168.17006110134616,71999.299189,5045.101833040385,34558.92166465332,18.722272006767337,119.98503249373329,30,0,official,2026-06-13T16:26:53
challenger_metrics_scoring,Theta,APC-MSIT,4,14.70576000612213,3.0491229473206527,0.12294492788955087,0.14067847854251286,0.1209928227473782,363.41622281409525,273.55093635289523,66749.627101,8206.528090586857,132071.35100446412,18.60161842971827,119.18713318314663,30,0,official,2026-06-13T16:26:53
challenger_metrics_scoring,Theta,APC-MSIT,5,5.315127119271632,0.9099834986612956,0.045034801591624866,0.04470249394067045,0.04589234266635552,110.02841509518909,-102.01004063732745,67954.140153,3060.3012191198236,12106.252128359234,19.192399042999103,120.91253880653358,30,0,official,2026-06-13T16:26:53
challenger_metrics_scoring,Theta,APC-MSIT,6,3.472386037476916,0.6701339625328157,0.029232260554434793,0.029375243762435665,0.02885609341508155,80.50051200203251,47.96200476324713,67785.822463,1981.5328241350749,6480.332432589379,19.02181768529097,120.12599943118163,30,0,official,2026-06-13T16:26:53
challenger_metrics_scoring,Theta,APC-MSIT,7,7.1918650523648155,1.1365186936231055,0.06090309766746005,0.060902633141948576,0.0590972794297997,135.64007548375847,135.41555765900884,66703.778385,4062.4667297702654,18398.230077239696,18.828990348544117,119.34698148373762,30,0,official,2026-06-13T16:26:53
challenger_metrics_scoring,Theta,APC-MSIT,8,8.782768986254265,1.4894894447300804,0.07238861183704687,0.07230243979924249,0.075509777447715,176.62404820579832,-163.37363701157895,67706.908393,4901.209110347369,31196.054404604165,18.601609272345858,118.58026173378182,30,0,official,2026-06-13T16:26:53
challenger_metrics_scoring,Theta,APC-MSIT,9,6.509074223880117,1.1374123715679603,0.05329762009015367,0.0532486207396822,0.055101193660453414,134.02246046893526,-119.8641538971274,67468.76522500001,3595.924616913822,17962.019910147315,18.414931182897973,117.83102049802825,30,0,official,2026-06-13T16:26:53
challenger_metrics_scoring,Theta,APC-MSIT,10,9.14621829555902,1.4851474187676161,0.07263383961604677,0.07259538132405739,0.07560073428915197,173.90032227801427,-166.43826643093865,68744.100812,4993.1479929281595,30241.322088397228,18.197495517,117.09297008529818,30,0,official,2026-06-13T16:26:53
challenger_metrics_scoring,Theta,APC-MSIT,11,7.728132937738086,1.328684604348545,0.06028539533088408,0.06023692045400696,0.06258299721777334,154.6176998707156,-139.0976111299265,69219.55659400001,4172.928333897795,23906.633113310687,17.99886366481661,116.36900086347036,30,0,official,2026-06-13T16:26:53
challenger_metrics_scoring,Theta,APC-MSIT,12,6.1446009535151465,1.0701029599890426,0.04659304036739546,0.046600404140875754,0.04804981741804916,123.7661898001965,-109.38601695295002,70430.70129600001,3281.5805085885004,15318.069737658263,17.801972460127534,115.65820713313774,30,0,official,2026-06-13T16:26:53
challenger_metrics_scoring,Theta,APC-Multitenant,1,7.572577364130872,1.8326360573825695,0.010381870956339018,0.010333919291159403,0.01040638919916781,5475.7252574213635,-4710.080720271079,13612520.948039,141323.43587300257,29983567.094762255,622.0842613084909,2987.8956246457205,30,0,official,2026-06-13T16:26:53
challenger_metrics_scoring,Theta,APC-Multitenant,2,8.689231252267998,2.8515964280479618,0.011593476764531818,0.011370908087540994,0.01152962418288694,8462.696896491849,-4839.93722760067,13909008.864992999,161253.7710939634,71617238.76189277,618.5962310220641,2967.704971591973,30,0,official,2026-06-13T16:26:53
challenger_metrics_scoring,Theta,APC-Multitenant,3,6.8778593915221915,1.526679169608844,0.008811870821384687,0.008799315517502064,0.00884226801178829,4504.4391901096915,-4282.562390409579,14579976.751418,128476.87171228736,20289972.417396054,622.6591947617255,2950.4818561609054,30,0,official,2026-06-13T16:26:53
challenger_metrics_scoring,Theta,APC-Multitenant,4,20.227997079692468,11.378311415200528,0.025800762612777584,0.03206336002074402,0.02809661171911977,33350.40032512635,5844.082935439246,14561539.718615,375698.8295565177,1112249201.8461878,619.106986678534,2931.0500572670953,30,0,official,2026-06-13T16:26:53
challenger_metrics_scoring,Theta,APC-Multitenant,5,237.26401211898988,42.07625311517024,0.3385462338018258,0.32502717051894775,0.39712068326069005,175852.37074587157,-165297.4244966566,14648261.342494998,4959113.709246558,30924056296.943466,696.7082316104364,4179.373345448135,30,0,official,2026-06-13T16:26:53
challenger_metrics_scoring,Theta,APC-Multitenant,6,4.922475146519569,1.0042109867216757,0.007215571874297358,0.0071876874485493755,0.0072242177562385265,4542.8289374664055,-3822.114933565329,15891110.227229998,114663.44800695986,20637294.75508215,776.4620073841818,4523.779362638544,30,0,official,2026-06-13T16:26:53
challenger_metrics_scoring,Theta,APC-Multitenant,7,4.713805884131881,1.0084866424969121,0.006719208604814852,0.006687425042726403,0.0067220464444783115,4533.164719313295,-3645.680217102333,16277275.040202998,109370.40651306999,20549582.372426786,773.4048254669995,4495.017116032031,30,0,official,2026-06-13T16:26:53
challenger_metrics_scoring,Theta,APC-Multitenant,8,4.218854984898163,0.8053536571950979,0.0058536002260074615,0.005842498447914056,0.005863556866516499,3597.0828736789326,-3237.2583144721534,16616167.757551001,97264.40334097843,12939005.20011429,768.4897417991898,4466.463697708813,30,0,official,2026-06-13T16:26:53
challenger_metrics_scoring,Theta,APC-Multitenant,9,1.7314784072579883,0.4366034195852932,0.0023705609452218867,0.002360275371923359,0.002366085546789633,1937.8213319208865,-1111.4728132189755,16712000.653360998,39616.81606538023,3755151.5144476388,762.6780270416116,4438.40163634431,30,0,official,2026-06-13T16:26:53
challenger_metrics_scoring,Theta,APC-Multitenant,10,7.396691329886045,1.4275699550381409,0.00982579838861013,0.009793000764796353,0.009853882728043366,6296.730418034604,-5597.807120046881,17091151.981713,167934.21360140643,39648813.95740223,756.7987996780612,4410.803404633415,30,0,official,2026-06-13T16:26:53
challenger_metrics_scoring,Theta,APC-Multitenant,11,5.41333895605552,1.0025177124178584,0.007007217034993219,0.006995293960312131,0.007023805230409832,4394.909619509587,-4076.4358971035613,17452445.999943998,122293.07691310684,19315230.563657902,753.0354057256179,4383.872289807234,30,0,official,2026-06-13T16:26:53
challenger_metrics_scoring,Theta,APC-Multitenant,12,8.24408184463382,1.7360707721079878,0.010392670187700721,0.010328095546367367,0.010408681879229994,7564.564084907821,-6157.50563594974,17793985.594511997,184927.0236084609,57222629.7946773,747.7162692525195,4357.290155701836,30,0,official,2026-06-13T16:26:53
challenger_metrics_scoring,Theta,ARE-Go Local,1,16.793463217945753,2.808653584766591,0.01183977615783168,0.011781442557451139,0.011873858666959463,609.1011508218375,-528.884460275109,1340104.2043989997,15866.533808253269,371004.21193248674,31.49347179978546,216.86588695930467,30,0,official,2026-06-13T16:26:53
challenger_metrics_scoring,Theta,ARE-Go Local,2,8.052130309876155,1.3677394697637095,0.005621373667915386,0.005627206160577328,0.005618069352001319,294.67177152827094,96.87010223271912,1360448.60527,7647.58996621699,86831.4529356095,31.658661215144583,215.44437229641284,30,0,official,2026-06-13T16:26:53
challenger_metrics_scoring,Theta,ARE-Go Local,3,6.50105508511155,1.1487040362196714,0.0044802771481848944,0.004471960380763173,0.004484743139931986,245.9188761990481,-161.12423370060642,1388988.2741709996,6223.052423865105,60476.093671002745,31.90791003610519,214.08375738658935,30,0,official,2026-06-13T16:26:53
challenger_metrics_scoring,Theta,ARE-Go Local,4,17.421224427327278,3.1040552796892666,0.011906422566021676,0.011874181011965518,0.011944320232278212,660.4589514730832,-460.81293588856545,1411214.3448169997,16802.51432062262,436206.0265809244,32.149508952359405,212.77293474592977,30,0,official,2026-06-13T16:26:53
challenger_metrics_scoring,Theta,ARE-Go Local,5,80.53470385895514,13.362611017455674,0.055617641770901394,0.05517050992509543,0.0569513309608451,2862.718520255601,-2682.828360118258,1447498.019537,80506.4263146981,8195157.326214419,33.32162925095142,214.23346953046914,30,0,official,2026-06-13T16:26:53
challenger_metrics_scoring,Theta,ARE-Go Local,6,19.711060152682357,3.60537218470858,0.013609919324774877,0.013541653873245355,0.013661314230047749,776.5925593076402,-681.3272213790855,1501832.314624,20439.816641372563,603096.0031719905,34.56573193433068,215.39872155262984,30,0,official,2026-06-13T16:26:53
challenger_metrics_scoring,Theta,ARE-Go Local,7,16.06634749302893,3.1472380530129036,0.010851533216076145,0.010785952415136116,0.010870672551766776,673.812380475672,-559.1883239187133,1545924.3761709998,16775.6497175614,454023.12408229173,34.804943946428466,214.09641378434026,30,0,official,2026-06-13T16:26:53
challenger_metrics_scoring,Theta,ARE-Go Local,8,12.487108369180914,2.39216582162247,0.008255718858994714,0.008223769954164021,0.008269730686056818,509.1442523108506,-436.9738783224561,1589668.4225080002,13123.855575247675,259227.8696611751,35.0330788822129,212.8381936188383,30,0,official,2026-06-13T16:26:53
challenger_metrics_scoring,Theta,ARE-Go Local,9,8.958079075398267,1.7638647181330098,0.005918094207489837,0.005925664884417992,0.005901001215374026,373.1474283680187,314.33118825864705,1593407.491862,9429.935647759412,139239.00329766565,35.089128552336675,211.55104727248153,30,0,official,2026-06-13T16:26:53
challenger_metrics_scoring,Theta,ARE-Go Local,10,13.110967529802572,2.479471288890309,0.008676882533198852,0.008690893949936466,0.008641890338812824,521.2782099247305,456.5406381801045,1578472.3479890001,13696.219145403134,271730.9721423314,34.82127746425585,210.23764713889034,30,0,official,2026-06-13T16:26:53
challenger_metrics_scoring,Theta,ARE-Go Local,11,125.20393848920949,30.381384609817022,0.08985747197969439,0.10039751944608258,0.09035067119367717,6348.267314225875,4333.076803528051,1446649.9139349996,129992.30410584153,40300497.892868616,34.6081509560619,208.95253444685284,30,0,official,2026-06-13T16:26:53
challenger_metrics_scoring,Theta,ARE-Go Local,12,42.58298771077433,7.932493070741196,0.042269023080782994,0.042424844117101464,0.041452811675912755,1740.940466941686,1657.7462660812505,1176568.190076,49732.38798243752,3030873.709435136,38.92977818608552,219.46952255944626,30,0,official,2026-06-13T16:26:53
challenger_metrics_scoring,Theta,AUS-Go Local,1,5.739551703291075,0.9908831844153849,0.004710250291994721,0.004691048049055218,0.0047084023132095846,1521.0065825239392,-1198.4333608529937,7717625.375977,36351.947180701536,2313461.024081153,211.11954998074867,1535.0009026758528,30,0,official,2026-06-13T16:26:53
challenger_metrics_scoring,Theta,AUS-Go Local,2,2.8775767251340914,0.5583152469196496,0.0023178241343526813,0.0023088681849144166,0.002314140897069306,851.1200046989619,-595.4765803493734,7827495.3588419985,18142.757654257584,724405.262398761,210.16245481589092,1524.443420441734,30,0,official,2026-06-13T16:26:53
challenger_metrics_scoring,Theta,AUS-Go Local,3,1.653595897620091,0.2956175677892521,0.001309385498862375,0.001307622555913499,0.0013082533314458823,447.58917896922145,-81.73643602218168,7917451.544627,10366.996240480104,200336.07313034174,208.97883324861135,1514.0817993885635,30,0,official,2026-06-13T16:26:53
challenger_metrics_scoring,Theta,AUS-Go Local,4,43.44042544926015,29.960293273128453,0.03484011703763021,0.4023845190416386,0.06013292662030268,45058.09201631406,7454.06752519624,7772871.394730999,270807.74911087594,2030231656.150625,207.80010501753208,1503.9269344111162,30,0,official,2026-06-13T16:26:53
challenger_metrics_scoring,Theta,AUS-Go Local,5,578.1333494175441,35.52701738036421,0.7707963064644066,0.878430902446776,1.1928190078093275,191977.0846529056,-175423.4195625484,7150905.443317,5511891.503584963,36855201031.82889,317.79816364385283,5403.692705118877,30,0,official,2026-06-13T16:26:53
challenger_metrics_scoring,Theta,AUS-Go Local,6,4.633096179739337,0.3794852838622684,0.007160508591702481,0.007170642885672816,0.00720726191702596,2335.672552019861,-1966.8679049387672,8240481.299965001,59006.03714816301,5455366.2702589715,424.525593390428,6154.843550843932,30,0,official,2026-06-13T16:26:53
challenger_metrics_scoring,Theta,AUS-Go Local,7,5.09110200488706,0.5313189649029523,0.007702574689435723,0.007712751678476564,0.0077824675751924895,3248.9086277596657,-2140.212029584051,8335701.174774999,64206.36088752153,10555407.271531193,420.3828616141681,6114.798910581128,30,0,official,2026-06-13T16:26:53
challenger_metrics_scoring,Theta,AUS-Go Local,8,10.358043300373254,0.8536381081002057,0.015297568795604967,0.01532441817141836,0.015496975503735404,5186.350182593169,-4321.829064594955,8475521.415866999,129654.87193784863,26898228.216484196,417.24377271518233,6075.584177158549,30,0,official,2026-06-13T16:26:53
challenger_metrics_scoring,Theta,AUS-Go Local,9,8.850164452542431,0.9311857061690987,0.013029768732329503,0.013019353659913972,0.013184268244162845,5621.693580580732,-855.2977193990276,8453090.224968,110141.8107048482,31603438.713942606,414.8390360256986,6037.134744806596,30,0,official,2026-06-13T16:26:53
challenger_metrics_scoring,Theta,AUS-Go Local,10,12.249936928104315,1.3324528560622881,0.017925069121376997,0.017913520634814228,0.01828773334743997,7993.823656899866,-2074.720275612382,8419353.314702999,150917.49012334578,63901216.65761195,410.6619514562686,5999.329447589987,30,0,official,2026-06-13T16:26:53
challenger_metrics_scoring,Theta,AUS-Go Local,11,14.506296448179318,1.6191145153211293,0.021005032208385857,0.020899601308864788,0.021456522812182476,9653.751357005127,-3452.935893374561,8463384.015383001,177773.65383505798,93194915.26287834,408.497681150887,5962.3647775713,30,0,official,2026-06-13T16:26:53
challenger_metrics_scoring,Theta,AUS-Go Local,12,11.412733513583667,1.522347564959444,0.01666514420815476,0.016642473022100576,0.017173341431721556,9022.05955536089,-3562.5367141276383,8390982.897593,139836.94003654766,81397558.62047873,408.42374256821967,5926.412445505663,30,0,official,2026-06-13T16:26:53
challenger_metrics_scoring,Theta,BRA-Go Local,1,7.274686637679283,2.365391122970787,0.006363302045794479,0.006329450149952808,0.006360226438219967,364.23849924395887,-289.84575970805815,1385956.400591,8819.259199262662,132669.68433149141,40.410717503547424,153.98658416646865,30,0,official,2026-06-13T16:26:53
challenger_metrics_scoring,Theta,BRA-Go Local,2,10.356203562172855,3.0200676200597956,0.00881182303899595,0.008785045381131784,0.008832282575726262,461.30046216816254,-417.26066740624617,1421832.362796,12528.935172075842,212798.11639656036,40.32666699677194,152.74507733009935,30,0,official,2026-06-13T16:26:53
challenger_metrics_scoring,Theta,BRA-Go Local,3,9.700498013481944,3.0849261630796074,0.008060469013018878,0.008019931273914692,0.008066049272961935,467.4746213191363,-390.5898730465053,1453723.8679870002,11717.69619139516,218532.5215774699,40.26492995551938,151.53510865636656,30,0,official,2026-06-13T16:26:53
challenger_metrics_scoring,Theta,BRA-Go Local,4,3.8318231661744364,1.4987390654114958,0.0031321970751541596,0.0031375264006621847,0.0031312388128547732,225.36787757192968,37.745968100714045,1479187.01749,4633.105249788183,50790.68024127629,40.30374966749592,150.37165759741666,30,0,official,2026-06-13T16:26:53
challenger_metrics_scoring,Theta,BRA-Go Local,5,24.900246148085156,7.207241175054584,0.020116072107962724,0.020039827261673936,0.020272524444763896,1077.4284503902797,-1004.4762015967142,1499411.4311990002,30162.268469502676,1160852.0657103995,40.37747028700514,149.4924929277283,30,0,official,2026-06-13T16:26:53
challenger_metrics_scoring,Theta,BRA-Go Local,6,10.544150171933296,3.5620577342921806,0.008386212243839666,0.008333225475579551,0.008385865273224831,530.0990109289036,-407.44102133104485,1535731.8065520003,12878.972879360394,281004.9613878018,40.71443302480647,148.81819736541692,30,0,official,2026-06-13T16:26:53
challenger_metrics_scoring,Theta,BRA-Go Local,7,10.862394031685831,3.4483164647010227,0.0085805354397157,0.008592784385941908,0.008544406751975844,509.94105210744317,444.3635405713379,1553621.7186909998,13330.906217140138,260039.87662444607,40.90843503514236,147.88116384545822,30,0,official,2026-06-13T16:26:53
challenger_metrics_scoring,Theta,BRA-Go Local,8,5.78513237770914,2.8054426156014753,0.004544488175438049,0.004577934685402608,0.004546180041419593,411.74433268222685,205.021415550132,1551806.5156269998,7052.166360834621,169533.3954959323,40.63385186025892,146.76626440065343,30,0,official,2026-06-13T16:26:53
challenger_metrics_scoring,Theta,BRA-Go Local,9,18.94080109665231,5.7461322982137375,0.015344161710776471,0.015374026762269856,0.015236242120191782,838.6006690943015,773.5624070721082,1512423.5946930002,23206.872212163245,703251.08220541,40.84106068823199,145.94176144447488,30,0,official,2026-06-13T16:26:53
challenger_metrics_scoring,Theta,BRA-Go Local,10,9.904963132250431,3.0189377850485086,0.007902087237608478,0.007884588924664504,0.007920932514544045,437.7313987498883,-405.2163800405261,1538389.9260639998,12156.491401215782,191608.77745153368,40.9104379925602,144.99517045955113,30,0,official,2026-06-13T16:26:53
challenger_metrics_scoring,Theta,BRA-Go Local,11,16.98604976950566,5.6570580205199965,0.013194811066994758,0.013113146098424948,0.013231591078461195,814.8946651794304,-695.6420728603409,1581626.4499620001,20869.26218581023,664053.315337896,40.95372863614222,144.04919698959094,30,0,official,2026-06-13T16:26:53
challenger_metrics_scoring,Theta,BRA-Go Local,12,10.723900591927967,3.542161744350485,0.008146937519385451,0.008116292724035903,0.00815969972411739,507.3044889405191,-441.8290497206343,1629290.339437,13273.726596331551,257357.84449920125,41.25901293267264,143.2188944363245,30,0,official,2026-06-13T16:26:53
challenger_metrics_scoring,Theta,CAN-Go Local,1,4.45921132005181,1.1712484590955636,0.00313585065247909,0.0031335748981573637,0.003137212227390123,535.8676469241212,-335.442545618957,4456642.653856,13975.365773960482,287154.1350199947,104.46814298840413,457.5183367480522,30,0,official,2026-06-13T16:26:53
challenger_metrics_scoring,Theta,CAN-Go Local,2,6.605251831025088,1.886561524556247,0.004589689725788953,0.004571688311174041,0.004587832931363369,859.2520237918852,-673.1400044743671,4518000.227863999,20736.219226939545,738314.0403904505,104.64511047376388,455.45931717970166,30,0,official,2026-06-13T16:26:53
challenger_metrics_scoring,Theta,CAN-Go Local,3,3.154836546020697,0.8386955868731518,0.00216026816991781,0.002156934240437061,0.002160011723677008,379.5948776237378,-325.0575706358931,4580040.8988540005,9894.116570716054,144092.27111818045,104.53913566664112,452.60149637719445,30,0,official,2026-06-13T16:26:53
challenger_metrics_scoring,Theta,CAN-Go Local,4,8.811699168953252,6.077405698544426,0.005977280641697771,0.006284947305644079,0.006114010022134357,2733.385627213143,168.3820984887396,4611622.683728999,27564.96299426767,7471396.987055386,104.274111291304,449.76191532972774,30,0,official,2026-06-13T16:26:53
challenger_metrics_scoring,Theta,CAN-Go Local,5,127.82677031813215,28.005594996594457,0.09251371905982761,0.09158322525726555,0.09646020630739488,15040.18841655237,-14287.307427814847,4633745.430587,428685.02296008565,226207267.6053961,111.7880138078497,537.0422738164032,30,0,official,2026-06-13T16:26:53
challenger_metrics_scoring,Theta,CAN-Go Local,6,4.478041013313646,1.2006121639142706,0.0034105525193679088,0.0034003536419034124,0.003409265107820038,673.8643312484552,-531.1567447321228,4769798.151835999,16267.647103620664,454093.1369289278,121.09199130643204,561.2672863912217,30,0,official,2026-06-13T16:26:53
challenger_metrics_scoring,Theta,CAN-Go Local,7,2.431163896538229,0.6000284796742568,0.0018415056844390256,0.0018416185879029116,0.0018416210662914171,334.87459538998644,12.496818321321431,4809714.597406,8857.116771652509,112140.99463760713,121.43863527347663,558.0978349090747,30,0,official,2026-06-13T16:26:53
challenger_metrics_scoring,Theta,CAN-Go Local,8,4.704460160509517,1.1719451310717572,0.0035594510063888356,0.0035609133416879385,0.0035528734939643818,650.448262551801,546.3662783324311,4831535.028656999,17197.612220156065,423082.9422566566,121.85324588013572,555.0159690129508,30,0,official,2026-06-13T16:26:53
challenger_metrics_scoring,Theta,CAN-Go Local,9,3.519628241078551,1.0297883817589575,0.0026518001261589762,0.0026426215897014517,0.00264800184743646,568.2672855113766,-280.68234629576426,4853236.179728001,12869.812313682021,322927.7077824684,121.8860954638608,551.8291870226119,30,0,official,2026-06-13T16:26:53
challenger_metrics_scoring,Theta,CAN-Go Local,10,12.191884105872436,3.0851386405810084,0.009062153177058642,0.009031249156344979,0.009084021620152097,1693.834235508822,-1454.5442940290727,4929018.794828,44667.52333133231,2869074.4173817555,122.12365467455358,549.03018400166,30,0,official,2026-06-13T16:26:53
challenger_metrics_scoring,Theta,CAN-Go Local,11,24.32920339327975,5.77207924161432,0.018002195135026478,0.01796527821455021,0.018142616328015063,3167.718195945919,-3033.807311827288,5055728.963726998,91014.21935481863,10034438.568926869,124.69817703383131,548.8001919841939,30,0,official,2026-06-13T16:26:53
challenger_metrics_scoring,Theta,CAN-Go Local,12,3.0406651391018933,0.8227950624940761,0.0022439982709397195,0.0022469682599052976,0.0022440114398277113,450.2871448446565,292.54052781368955,5107629.891694001,11461.512645561364,202758.51281235265,125.64698973447518,547.2652491128657,30,0,official,2026-06-13T16:26:53
challenger_metrics_scoring,Theta,CHE-Go Local,1,11.166298529832748,1.9762432570750037,0.00865297207799646,0.008635146764654005,0.008677920851287015,255.6330764501115,-239.03149417400164,828726.2180649999,7170.944825220049,65348.269775348555,21.40651116709683,129.35304170422253,30,0,official,2026-06-13T16:26:53
challenger_metrics_scoring,Theta,CHE-Go Local,2,2.613933526879238,0.5298707942742252,0.0019956149059862835,0.0019912986821813703,0.0019941940443621176,68.06252846835937,-52.524096263415046,839691.3805480001,1675.7006354497898,4632.5077815062305,21.368824904668998,128.45117942683746,30,0,official,2026-06-13T16:26:53
challenger_metrics_scoring,Theta,CHE-Go Local,3,5.6095440909919585,1.0034067009923588,0.004228835407492295,0.004230656219598983,0.0042274243915160475,127.99433248673567,14.103367841993288,848701.1482509999,3589.017466103196,16382.549148725038,21.32685180759812,127.5597744764417,30,0,official,2026-06-13T16:26:53
challenger_metrics_scoring,Theta,CHE-Go Local,4,2.075493319327483,0.46467212005617536,0.0015634030168836278,0.0015639733695605508,0.0015620700441882243,58.895349184769664,31.356721307658518,851379.6811670003,1331.0495620499096,3468.6621555959487,21.37723996595351,126.74603584490858,30,0,official,2026-06-13T16:26:53
challenger_metrics_scoring,Theta,CHE-Go Local,5,23.48519448788926,4.321844600526236,0.01730961774201224,0.017241115623712954,0.01741775271753832,544.2072878378737,-500.23621579031567,867853.157183,15022.206407036192,296161.5721358543,21.32152722116449,125.9201424714831,30,0,official,2026-06-13T16:26:53
challenger_metrics_scoring,Theta,CHE-Go Local,6,58.80472840861641,11.003319849357938,0.04103739268821637,0.04071496562524113,0.04170812215597904,1378.4726925185998,-1270.4031684364672,928716.2891330001,38112.09505309402,1900186.964019478,21.603758793150387,125.27788989057115,30,0,official,2026-06-13T16:26:53
challenger_metrics_scoring,Theta,CHE-Go Local,7,40.833910545250106,8.628839985151892,0.027748613912973893,0.02741952558255268,0.027950028945922373,1076.9047409467482,-911.7401808180017,985714.295868,27352.20542454005,1159723.8210735829,22.328015334403418,124.80295645762767,30,0,official,2026-06-13T16:26:53
challenger_metrics_scoring,Theta,CHE-Go Local,8,18.686592000262557,3.774619898300512,0.01245624690441551,0.012416830031099989,0.012509725042161347,469.00216162625566,-428.4417535337374,1031872.0160770001,12853.252606012124,219963.02761010046,22.927763046772657,124.251493994778,30,0,official,2026-06-13T16:26:53
challenger_metrics_scoring,Theta,CHE-Go Local,9,4.2423319881487025,0.9205478875724789,0.0028227985571061876,0.0028232016138455816,0.00282179337014584,113.69246603731945,28.77075828771631,1038720.3751210001,2932.098376128357,12925.976833647037,23.0384167978006,123.5052163740563,30,0,official,2026-06-13T16:26:53
challenger_metrics_scoring,Theta,CHE-Go Local,10,10.446055101571222,2.0828256859620327,0.006809057390597062,0.006798880875266396,0.006825046594056083,255.63925941994617,-240.5474644823907,1059827.156757,7216.423934471721,65351.43095677853,23.027589089225582,122.73675187651116,30,0,official,2026-06-13T16:26:53
challenger_metrics_scoring,Theta,CHE-Go Local,11,2.0034969251883203,0.5028467338450907,0.0012913766463474399,0.0012903082414663224,0.0012915797127510092,61.34171093433541,-34.581521194927824,1071257.9147459997,1383.3974533178407,3762.805500351564,23.01638094083602,121.98888210981724,30,0,official,2026-06-13T16:26:53
challenger_metrics_scoring,Theta,CHE-Go Local,12,5.817031428198123,1.4854336037351814,0.003715075112672968,0.0036970359895099844,0.003709219063672483,180.10794370952084,-119.92173376050414,1078819.1041940001,4007.8940050672754,32438.871387271927,22.96643373593712,121.24940707994777,30,0,official,2026-06-13T16:26:53
challenger_metrics_scoring,Theta,DEU-Go Local,1,18.006023872477837,4.404306753535078,0.014526404395060002,0.014441801673429977,0.014579650075587775,1184.2545244980995,-1032.802349822133,2132948.364373,30984.07049466399,1402458.77879422,57.358712680636216,268.88556832413366,30,0,official,2026-06-13T16:26:53
challenger_metrics_scoring,Theta,DEU-Go Local,2,10.416328905912883,2.3993765102543847,0.008220909075509266,0.008206864767031136,0.00824525360303308,641.0253040342213,-601.3433923588299,2194441.2236,18040.301770764898,410913.44041216595,57.73083759072491,267.1632823338173,30,0,official,2026-06-13T16:26:53
challenger_metrics_scoring,Theta,DEU-Go Local,3,7.002834050591917,1.9633765349298404,0.005443989472616257,0.005414136609454018,0.005438359162543254,521.0346935723205,-393.44143278145106,2231379.075245,12147.604195049978,271477.1519060019,57.82232406332309,265.3768568090477,30,0,official,2026-06-13T16:26:53
challenger_metrics_scoring,Theta,DEU-Go Local,4,10.868250510441502,3.68452106724541,0.008269962663692261,0.008356457649759737,0.008322865727266565,971.2518402227425,-337.42216456524426,2279101.789576,18848.086706547736,943330.1371360638,57.807791261466086,263.60328045263736,30,0,official,2026-06-13T16:26:53
challenger_metrics_scoring,Theta,DEU-Go Local,5,94.92121930680835,20.817122122720683,0.07368907977369377,0.07320126780186126,0.07622030075307885,5957.910867069252,-5716.367005313701,2327773.7681630002,171531.50689727507,35496701.89994189,60.23644595308864,286.20242663449324,30,0,official,2026-06-13T16:26:53
challenger_metrics_scoring,Theta,DEU-Go Local,6,12.165679250007138,3.1028216525320027,0.009537433929183579,0.009489446340361007,0.009552287890907427,903.2562211505286,-765.6334760231398,2408300.2253270005,22969.004280694193,815871.8010471327,62.93388641022165,291.1080050035884,30,0,official,2026-06-13T16:26:53
challenger_metrics_scoring,Theta,DEU-Go Local,7,8.541276587038466,2.296115448693593,0.00655283434474437,0.006519620972834586,0.006551907961724303,664.2006822294679,-521.5971149957263,2465724.450424,16157.483863414323,441162.5462740907,63.05647521875744,289.27146612221713,30,0,official,2026-06-13T16:26:53
challenger_metrics_scoring,Theta,DEU-Go Local,8,9.004532194030617,2.3227201020000923,0.006750375513047773,0.006724347617269452,0.006755650553299625,667.7102327530976,-561.9840840043713,2524439.2657630006,17040.913003782858,445836.95492319576,63.08272558967512,287.46908944307705,30,0,official,2026-06-13T16:26:53
challenger_metrics_scoring,Theta,DEU-Go Local,9,5.959199854501983,1.7456067844825156,0.004389630622416699,0.004365579396772972,0.004382077149963809,498.64311742838345,-324.32905098673604,2561899.130048,11245.7908728014,248644.9585586966,62.904367182257246,285.65603769476985,30,0,official,2026-06-13T16:26:53
challenger_metrics_scoring,Theta,DEU-Go Local,10,11.15079501499363,2.8595048324973114,0.008011591832327563,0.007980566986181542,0.008023373721742725,811.7674862319737,-700.6038940743218,2623463.259501,21018.116822229655,658966.4517033777,62.82995007371876,283.8839357802474,30,0,official,2026-06-13T16:26:53
challenger_metrics_scoring,Theta,DEU-Go Local,11,11.351172590333084,3.0055151735091052,0.007975214193159283,0.00793941833772533,0.007983913255768868,848.2333098727141,-714.5506953333936,2687892.8064889996,21436.52086000181,719499.7479776199,62.9495049649691,282.2255955814573,30,0,official,2026-06-13T16:26:53
challenger_metrics_scoring,Theta,DEU-Go Local,12,5.741154312369845,1.5704178829066107,0.003961032092455914,0.00394863394325276,0.003960171829972998,440.6171557179574,-361.18010182979145,2742370.4718390005,10862.617448357749,194143.47791298272,63.06871903764045,280.5731904316069,30,0,official,2026-06-13T16:26:53
challenger_metrics_scoring,Theta,ESP-Go Local,1,221.965562119871,134.0302228233063,0.2928802678422308,0.24315163020770575,0.30279943636520473,402.3053821517806,-295.4487397123479,30263.090977999997,8863.462191370438,161849.62050829022,1.331056659829027,3.0016019795933992,30,0,official,2026-06-13T16:26:53
challenger_metrics_scoring,Theta,ESP-Go Local,2,108.20327784047603,34.69867568040364,0.1608028878609238,0.15722476608294178,0.17252785875984228,324.18980051322285,-302.43435842150245,56423.307276,9073.030752645074,105099.02675680321,2.79505727051431,9.343002122017921,30,0,official,2026-06-13T16:26:53
challenger_metrics_scoring,Theta,ESP-Go Local,3,362.27686721039686,139.13351245388876,0.37822633916043996,0.3498678487450962,0.441797558459631,1412.6901735804922,-1255.3997114478757,99575.273967,37661.99134343627,1995693.526530881,3.465304647008517,10.153486019758768,30,0,official,2026-06-13T16:26:53
challenger_metrics_scoring,Theta,ESP-Go Local,4,291.51220659504236,127.21069118507909,0.31805296487488843,0.26829732723189514,0.33675201094581114,2602.9988382149813,-1977.3964044875117,186515.76525300002,59321.892134625356,6775602.951748542,6.783237064355372,20.462107500287637,30,0,official,2026-06-13T16:26:53
challenger_metrics_scoring,Theta,ESP-Go Local,5,253.10114597626784,79.35392195563816,0.2916655466709356,0.2815971439131787,0.3338698592097239,3879.6627490733526,-3632.0104150774177,373596.878718,108965.33786584069,15051783.046547404,14.35069728685436,48.89062384644618,30,0,official,2026-06-13T16:26:53
challenger_metrics_scoring,Theta,ESP-Go Local,6,33.73032771774585,10.571694315011902,0.05404014014659892,0.05459725392606164,0.05285735470307892,776.1789690167508,709.1431291951042,393675.771716,21274.293875853124,602453.7919439061,21.02390273611297,73.4204892695932,30,0,official,2026-06-13T16:26:53
challenger_metrics_scoring,Theta,ESP-Go Local,7,10.583544293537845,3.2638906733358617,0.018429665425226473,0.0184314095042714,0.01860350298479239,258.6025368904056,-258.14082376853713,420204.30291999993,7744.224713056114,66875.27208615358,24.390772751445287,79.23137224020456,30,0,official,2026-06-13T16:26:53
challenger_metrics_scoring,Theta,ESP-Go Local,8,2.7124298495735424,0.9415303863305491,0.004604453929399147,0.004599887347339707,0.004586360082137217,73.6445274943339,64.98149105290285,423382.39484599995,1949.4447315870857,5423.516429863701,23.956929637505453,78.21789775829821,30,0,official,2026-06-13T16:26:53
challenger_metrics_scoring,Theta,ESP-Go Local,9,5.778801123784499,1.9846087011253684,0.009458121516722555,0.009459775331970713,0.009402188811788633,152.19305754784463,133.71034761567782,424112.8030949999,4011.310428470335,23162.726765761545,23.138077388638667,76.68668259972047,30,0,official,2026-06-13T16:26:53
challenger_metrics_scoring,Theta,ESP-Go Local,10,6.8757739536189515,2.2594731908357124,0.01096879375249702,0.010968591997159969,0.010896262730129346,170.0500711632959,154.51634099494538,422607.1101750001,4635.490229848361,28917.026702642,22.47257429305369,75.26093775000685,30,0,official,2026-06-13T16:26:53
challenger_metrics_scoring,Theta,ESP-Go Local,11,5.428217461602794,1.9445419028399125,0.008457069352134076,0.008458161026000829,0.008406363439502058,143.73400069209683,118.57521051922413,422234.80709500005,3570.869046487369,20659.462954955692,21.92781867311186,73.9166384032044,30,0,official,2026-06-13T16:26:53
challenger_metrics_scoring,Theta,ESP-Go Local,12,6.679114116954074,2.1448920162232397,0.010112277945973958,0.010106831344979826,0.010046205305588333,155.79591541673983,142.47343248675787,422674.5939380001,4274.2029746027365,24272.367260539948,21.331187039476887,72.63578503642704,30,0,official,2026-06-13T16:26:53
challenger_metrics_scoring,Theta,EUR-Dedicated,1,12.500489670370932,4.22668505148266,0.008488323239479064,0.008516008742280866,0.00846331055219579,337.01006084087845,269.43624918720417,983933.942878,8351.949353443593,113575.78110797258,22.270992506903298,79.73389470376085,30,0,official,2026-06-13T16:26:53
challenger_metrics_scoring,Theta,EUR-Dedicated,2,142.47338336850876,46.797553805070166,0.107759648600781,0.11234319592522592,0.1041596859084159,3709.597688084567,3172.8586061105034,883315.4099819999,95185.7581833151,13761115.007442364,22.269834063699285,79.26905118879652,30,0,official,2026-06-13T16:26:53
challenger_metrics_scoring,Theta,EUR-Dedicated,3,101.3482430490503,31.745260122395255,0.10519456700878269,0.10629267296181578,0.10039547483975154,2635.2291794485627,2513.2713022795747,716749.3646520001,75398.13906838725,6944432.828217144,24.798370713374943,83.01173684790484,30,0,official,2026-06-13T16:26:53
challenger_metrics_scoring,Theta,EUR-Dedicated,4,11.346262508286676,7.9736878324049165,0.012645176542254052,0.013392628772090171,0.012914232040037226,674.7254722566162,244.8727868798309,696947.0296150002,8813.018230081241,455254.46291191375,25.89110503317636,84.61899768818948,30,0,official,2026-06-13T16:26:53
challenger_metrics_scoring,Theta,EUR-Dedicated,5,100.09179834341032,29.925542045216186,0.11576020567109868,0.1144843833761474,0.12210408183232721,2832.217073795341,-2703.7476412394926,700778.4537689999,81122.25793817395,8021453.553097845,27.01595244925305,94.64213111047361,30,0,official,2026-06-13T16:26:53
challenger_metrics_scoring,Theta,EUR-Dedicated,6,2.2237965059204754,0.8672758989721465,0.0025934507487288317,0.0025839005807456964,0.0025901063343084893,85.93214776902995,-58.334785752634346,724635.8461290002,1879.3073776990059,7384.3340201984,28.169654502943853,99.08282689611528,30,0,official,2026-06-13T16:26:53
challenger_metrics_scoring,Theta,EUR-Dedicated,7,12.646713862131804,4.043669622165149,0.01475052295170045,0.014797919369091061,0.014660839788561676,398.23390724088813,354.58142028386027,721156.9815760001,10637.442608515808,158590.2448763443,28.037435190621917,98.48329474247629,30,0,official,2026-06-13T16:26:53
challenger_metrics_scoring,Theta,EUR-Dedicated,8,3.6129807904931086,1.0530695391517435,0.004229160013551427,0.004229494748997167,0.0042202363367320325,103.18521456095851,101.30903861542369,718646.527614,3039.2711584627104,10647.188503991045,28.04029262541326,97.98518590146962,30,0,official,2026-06-13T16:26:53
challenger_metrics_scoring,Theta,EUR-Dedicated,9,6.204882535094246,2.0651826429581064,0.0072338030125341235,0.007247399019453376,0.007211865191884979,201.11448759522474,172.62899333905176,715926.2964720002,5178.869800171553,40447.037120689805,27.821476452241928,97.3833904139124,30,0,official,2026-06-13T16:26:53
challenger_metrics_scoring,Theta,EUR-Dedicated,10,3.8852877408492845,1.2184592366621902,0.004474304560940338,0.004467487759034769,0.004479483669532894,118.04759980435874,-107.7254989156194,722294.364063,3231.7649674685817,13935.235819570038,27.726517596885035,96.88268286080272,30,0,official,2026-06-13T16:26:53
challenger_metrics_scoring,Theta,EUR-Dedicated,11,4.041340126521784,1.4878691441633094,0.004598400121718174,0.004613186458206744,0.004598062555175728,143.2874993287694,56.02356967938734,726075.863849,3338.7873406998697,20531.30746389209,27.53861537817347,96.30383148334319,30,0,official,2026-06-13T16:26:53
challenger_metrics_scoring,Theta,EUR-Dedicated,12,6.764408267456062,2.1058961894463275,0.0077334542437894555,0.007740216734773258,0.007704909350520159,201.71449675152724,185.43359703712994,719343.224353,5563.007911113898,40688.73819972189,27.41312908761896,95.78558419090974,30,0,official,2026-06-13T16:26:53
challenger_metrics_scoring,Theta,EUR-MSIT,1,6.743277951895966,1.1283049939118734,0.04551140813447141,0.04556502525200427,0.044451283418889084,92.45114705680108,88.18790147356147,58131.293947,2645.637044206844,8547.214592118258,13.077898034555467,81.9380819509357,30,0,official,2026-06-13T16:26:53
challenger_metrics_scoring,Theta,EUR-MSIT,2,1.9684869710363067,0.4156644232790623,0.013564527994299608,0.013558502170498438,0.013637997843119061,33.821841340386676,-1.4356463894329332,56238.206298,762.8447236784175,1143.9169516542893,12.917615320847483,81.36814085164056,30,0,official,2026-06-13T16:26:53
challenger_metrics_scoring,Theta,EUR-MSIT,3,6.313283120905033,1.1997855242110647,0.04450210288203326,0.045325495522828156,0.043872574846071107,96.95576981979202,79.18306260642261,54390.220183000005,2420.479174360308,9400.421301348493,12.779822732514717,80.81091817101778,30,0,official,2026-06-13T16:26:53
challenger_metrics_scoring,Theta,EUR-MSIT,4,3.3491112693744634,0.643828687349108,0.02393928116420987,0.024007304655420045,0.024264036686550524,51.67959309695155,-25.790220571977663,53214.768885,1273.923314426462,2670.7803426664823,12.679217579060422,80.26916804489785,30,0,official,2026-06-13T16:26:53
challenger_metrics_scoring,Theta,EUR-MSIT,5,2.2994503239763002,0.43913970913319783,0.01625808087804094,0.016203644586494023,0.016397112178633058,35.03246748085578,-28.905040698085063,53589.840854999995,871.2679668619326,1227.2737777972175,12.630090443460151,79.77522130714416,30,0,official,2026-06-13T16:26:53
challenger_metrics_scoring,Theta,EUR-MSIT,6,2.304218538204288,0.4847025125964335,0.016080007118243155,0.016102100171295465,0.016159273013747342,38.41254730077954,-4.181099815012446,53667.70220199999,862.9770334279137,1475.5237901346259,12.484016006867773,79.24973834984446,30,0,official,2026-06-13T16:26:53
challenger_metrics_scoring,Theta,EUR-MSIT,7,0.9046084396188655,0.20915716138537385,0.006326106248712358,0.006319195160571878,0.006360266001765352,16.46799041156715,-7.351914994837057,52985.305567999996,335.19067264365844,271.19470819546757,12.351225051761356,78.73500626270567,30,0,official,2026-06-13T16:26:53
challenger_metrics_scoring,Theta,EUR-MSIT,8,2.403850050279798,0.4472863568704208,0.016650221926101258,0.016648674655194384,0.016716894047498976,34.99083738452572,-2.6873178242683253,52842.330121,879.8365236069551,1224.3587008703228,12.200380018220436,78.2291631458426,30,0,official,2026-06-13T16:26:53
challenger_metrics_scoring,Theta,EUR-MSIT,9,2.004285942234855,0.36967441715564475,0.013816771776089008,0.013820419096393827,0.0138313346628416,28.73587472672245,5.214512632099263,52444.10450599999,724.608222960763,825.750496309886,12.050978816472286,77.73292766056821,30,0,official,2026-06-13T16:26:53
challenger_metrics_scoring,Theta,EUR-MSIT,10,4.405863711316306,0.7236316473760506,0.029640103161961716,0.029615403872338544,0.029127192029800446,55.897874657977496,52.48685914027821,53124.16645800001,1574.6057742083465,3124.572391278963,11.912955683460558,77.2463101367497,30,0,official,2026-06-13T16:26:53
challenger_metrics_scoring,Theta,EUR-MSIT,11,2.2160026350104842,0.4823907461257932,0.014617917672768743,0.014556288281614404,0.01474911351644318,37.03280382024286,-14.427737631141865,53622.74772099999,783.8529115732256,1371.4285587885945,11.790793915572474,76.76930811310756,30,0,official,2026-06-13T16:26:53
challenger_metrics_scoring,Theta,EUR-MSIT,12,4.433997835494876,0.7312612361194634,0.028517509628447152,0.028555370560826056,0.028088512313895128,55.79575921267907,51.723905395641374,54412.786463,1551.7171618692412,3113.1667461192615,11.665297845114646,76.30072053151184,30,0,official,2026-06-13T16:26:53
challenger_metrics_scoring,Theta,EUR-Multitenant,1,4.337881219965725,1.2122388223630522,0.0047960980716001585,0.004780898054213707,0.004795702940526349,9416.605599959248,-6512.438931624879,49190914.34577001,235924.4494339961,88672461.02518386,1812.9007955014208,7767.945908218964,30,0,official,2026-06-13T16:26:53
challenger_metrics_scoring,Theta,EUR-Multitenant,2,3.684543006276552,1.0402598920265966,0.004016161287486167,0.004010361858193526,0.004015395646643624,8032.477195626522,-2340.6656334602817,49933266.599587,200540.05227498733,64520689.898260124,1814.2462709158324,7721.606165145848,30,0,official,2026-06-13T16:26:53
challenger_metrics_scoring,Theta,EUR-Multitenant,3,29.356020394380536,7.659382174678765,0.031073253818497484,0.030866476484596055,0.03144505905405227,58904.870180312675,-53790.3532609288,51953258.17500299,1614356.7779697974,3469783730.9594893,1833.0785943074957,7690.551122392995,30,0,official,2026-06-13T16:26:53
challenger_metrics_scoring,Theta,EUR-Multitenant,4,27.12836843645315,12.588880581546968,0.02872745096571704,0.03169922955340665,0.030001337320562725,96875.74079303502,-8143.385351209971,53220242.215886,1528881.898640449,9384909154.199308,1878.577035477061,7695.341946053361,30,0,official,2026-06-13T16:26:53
challenger_metrics_scoring,Theta,EUR-Multitenant,5,255.98745944635027,49.44298052067123,0.2999900586616792,0.2890950388431488,0.34477273583112333,595240.4845728092,-557509.6707146603,55754985.65074399,16725941.416047774,354311234474.4727,2177.963646112801,12038.92804002683,30,0,official,2026-06-13T16:26:53
challenger_metrics_scoring,Theta,EUR-Multitenant,6,13.036075831468864,2.8255379034817083,0.015756747586726894,0.015662205318253426,0.015822439714110726,37502.915831511564,-31209.02053528747,62365770.47597501,982681.7034416825,1406468695.8654408,2512.723706494316,13272.84117664796,30,0,official,2026-06-13T16:26:53
challenger_metrics_scoring,Theta,EUR-Multitenant,7,8.27590779483266,2.051325944323547,0.009966842636655477,0.009893021936850176,0.009972660098620143,27140.68714167874,-20200.12827796871,63882684.390733995,636708.6625295728,736616898.5224856,2564.50683241913,13230.80187075231,30,0,official,2026-06-13T16:26:53
challenger_metrics_scoring,Theta,EUR-Multitenant,8,6.237458739764529,1.4276367685613185,0.0075280961301350015,0.007515760327478587,0.00753870937211259,18864.627115998588,-10333.321117184978,65430354.512389004,492565.99859807687,355874156.22566915,2632.300637960729,13213.884323677903,30,0,official,2026-06-13T16:26:53
challenger_metrics_scoring,Theta,EUR-Multitenant,9,4.426033471515066,1.1555964811722237,0.005417824483342398,0.005435215713588325,0.005411056831405044,15249.401853176998,11909.64298836463,65947003.405048996,357289.28965093894,232544256.87967804,2690.8162952251387,13196.130398137055,30,0,official,2026-06-13T16:26:53
challenger_metrics_scoring,Theta,EUR-Multitenant,10,6.0529455830992935,1.5744778712756544,0.007554407926676323,0.0075863872171170925,0.0075569411874879715,20701.83097431384,6774.123048909397,65492738.664467,494758.8641065904,428565805.6890599,2724.617611454217,13148.378489143866,30,0,official,2026-06-13T16:26:53
challenger_metrics_scoring,Theta,EUR-Multitenant,11,26.633443329420427,5.840358949313166,0.033646378320473735,0.03357515304735115,0.03418147722365192,76894.79227390759,-74728.71769923015,66651179.70866001,2242570.807983457,5912809078.847398,2806.7103206118536,13166.107244649837,30,0,official,2026-06-13T16:26:53
challenger_metrics_scoring,Theta,EUR-Multitenant,12,8.992554920644402,2.4189352217867857,0.011192270083811798,0.01110537648793265,0.011202191266116896,31979.286600372878,-24174.87238897872,68387439.212979,765410.6900119227,1022674771.4687884,2837.2014285385976,13220.398095965074,30,0,official,2026-06-13T16:26:53
challenger_metrics_scoring,Theta,FRA-Go Local,1,4.87624434891854,1.5441906305660655,0.0034208618576492687,0.0034078348888810215,0.003417143447121113,409.96074593764314,-295.92211586116224,2828587.4725909997,9676.206996011097,168067.81320974877,66.14521548164485,265.4858395218735,30,0,official,2026-06-13T16:26:53
challenger_metrics_scoring,Theta,FRA-Go Local,2,6.262620545244189,1.7495304541306538,0.004317982486151951,0.004308687441822097,0.004319640151453663,461.42530331221866,-351.7932388018613,2865742.634824999,12374.226506993291,212913.31053677297,65.86287863361093,263.7423671150109,30,0,official,2026-06-13T16:26:53
challenger_metrics_scoring,Theta,FRA-Go Local,3,14.057281457326843,3.7807008809184794,0.009604772428429172,0.0095875694246964,0.00963984034014604,993.3681819252877,-927.7725000654468,2915716.938698,28004.79766191046,986780.3448615515,66.40638577457423,262.74709722181456,30,0,official,2026-06-13T16:26:53
challenger_metrics_scoring,Theta,FRA-Go Local,4,9.182805820020409,4.090105866240827,0.006255446511468404,0.00634263309960252,0.006289926850670946,1070.386658153803,114.36413151334612,2933477.918407999,18350.214211174913,1145727.5979536662,66.61077442208229,261.70145545342183,30,0,official,2026-06-13T16:26:53
challenger_metrics_scoring,Theta,FRA-Go Local,5,64.11618334668461,19.432976076873683,0.044399696313809606,0.04358358713725262,0.044946284553004916,5181.38284417048,-4374.5735416794405,2956851.1211389997,131283.29182371905,26846728.17786417,68.25281074194798,266.62837558559096,30,0,official,2026-06-13T16:26:53
challenger_metrics_scoring,Theta,FRA-Go Local,6,6.630852645776823,2.387647587492776,0.004706564258014082,0.004697319393510271,0.004699175590924076,664.9921463275997,-3.223114401299972,3065677.341019,14428.807399843674,442214.5546773878,72.53369549205387,278.51352511611464,30,0,official,2026-06-13T16:26:53
challenger_metrics_scoring,Theta,FRA-Go Local,7,21.98248342981203,6.479454062372564,0.01627403838243097,0.016320821575057383,0.016158155060230002,1818.6831293443304,1638.6844514630754,3020794.9857709995,49160.53354389226,3307608.3249616865,74.54501019847181,280.684624327499,30,0,official,2026-06-13T16:26:53
challenger_metrics_scoring,Theta,FRA-Go Local,8,18.43690639962152,5.4254306550419065,0.013868987897716751,0.01389836180648184,0.013781767064861115,1514.8960719147879,1374.859402307886,2973957.60768,41245.78206923658,2294910.108702854,74.57104638423014,279.221350015225,30,0,official,2026-06-13T16:26:53
challenger_metrics_scoring,Theta,FRA-Go Local,9,18.84681570325137,5.304593975370373,0.014544330894914092,0.014557083870939042,0.014441994349324343,1473.5586935230535,1408.4285528709618,2905108.312745,42252.85658612885,2171375.2232573684,74.73031917152912,277.78915791951226,30,0,official,2026-06-13T16:26:53
challenger_metrics_scoring,Theta,FRA-Go Local,10,1.9930907456445748,0.6724998958532395,0.0015310018826457988,0.0015303982602482052,0.0015285713124503497,185.77535135158018,147.2536716302299,2910847.5809830003,4456.513126579943,34512.48116980307,74.53270147246751,276.2459183965765,30,0,official,2026-06-13T16:26:53
challenger_metrics_scoring,Theta,FRA-Go Local,11,4.1726926841098155,1.2239482779119735,0.0031747846731110885,0.003174095754935808,0.0031681397546280007,336.0656448594309,308.70218458570406,2917068.8695859998,9261.065537571121,112940.11765478512,73.98152894443538,274.5750379523805,30,0,official,2026-06-13T16:26:53
challenger_metrics_scoring,Theta,FRA-Go Local,12,7.495830422417409,2.595765868454259,0.005605822814113115,0.0055761741662601495,0.0056019361019691615,708.4759855980944,-540.8860389359945,2946555.444361,16517.8677330481,501938.22216919134,73.45358153447073,272.9352420447618,30,0,official,2026-06-13T16:26:53
challenger_metrics_scoring,Theta,GBR-Dedicated,1,128.44000383486556,27.153992311199506,0.26845558167226713,0.6252502261722211,0.30143334825827744,356.8203664278247,200.2462155548639,24343.494438454545,6535.146959410915,127320.77389768708,1.696031029868521,13.140622650933587,30,0,official,2026-06-13T16:26:53
challenger_metrics_scoring,Theta,GBR-Dedicated,2,51.27653254629121,6.813328878443619,0.119625834809538,0.11949477806662968,0.127159866096151,123.26019423153086,-122.6524493034462,30759.020281545458,3679.573479103386,15193.075481994712,2.3919801751945404,18.091038379419523,30,0,official,2026-06-13T16:26:53
challenger_metrics_scoring,Theta,GBR-Dedicated,3,4.330359952432732,0.7240019012646817,0.01019856903216339,0.010200504543447878,0.010278353496726341,13.11929715492621,-8.59755976689745,31047.162147000003,316.6366264089496,172.11595783925495,2.437338773120295,18.12052859531102,30,0,official,2026-06-13T16:26:53
challenger_metrics_scoring,Theta,GBR-Dedicated,4,11.506138424745172,4.173019981872763,0.027006800057314033,0.03478717664398005,0.029924237027412322,75.10623439969322,-1.0585440207342496,30828.192966999995,832.5708435880636,5640.946445701661,2.411961374743333,17.998052903160826,30,0,official,2026-06-13T16:26:53
challenger_metrics_scoring,Theta,GBR-Dedicated,5,132.70670603444142,17.897656369896723,0.3375441424447885,0.32834845109396527,0.39836024609753434,354.7061236317977,-340.0308458858065,30256.789408999994,10213.002034193461,125816.43414189617,2.565306692575349,19.818579388327173,30,0,official,2026-06-13T16:26:53
challenger_metrics_scoring,Theta,GBR-Dedicated,6,12.772226096827925,1.738160240565185,0.03244541858353138,0.03243715626812493,0.03190954748963585,35.04989750306504,34.70255924384632,32087.019454999998,1041.0767773153898,1228.495314975365,2.7170329573530614,20.164940311641303,30,0,official,2026-06-13T16:26:53
challenger_metrics_scoring,Theta,GBR-Dedicated,7,5.906548914438348,0.9785694209624828,0.014979061835979014,0.015140505283750709,0.015067898734081151,19.606766131044864,3.2674570094930613,31941.955187000003,478.4605219081436,384.425278117488,2.7001696412974416,20.036152480383468,30,0,official,2026-06-13T16:26:53
challenger_metrics_scoring,Theta,GBR-Dedicated,8,21.68642457619431,4.352382032636656,0.059194260501182205,0.06334915803817673,0.05950148775328502,87.27342707029321,53.15275724908558,30926.420806999995,1830.6666096187394,7616.651072593789,2.813844214209942,20.051876516323023,30,0,official,2026-06-13T16:26:53
challenger_metrics_scoring,Theta,GBR-Dedicated,9,5.802516876845124,0.8940981696085138,0.018162028449486348,0.018159790851047665,0.017999553679186885,18.067653377101706,14.657055153376598,28324.699808999998,514.4340037542185,326.4400985550947,2.955234855682835,20.207684112598884,30,0,official,2026-06-13T16:26:53
challenger_metrics_scoring,Theta,GBR-Dedicated,10,44.629956871541765,8.506302652956558,0.15889685205041987,0.17981350477082722,0.15540580424678269,170.81726349300166,129.9341866581112,24644.203445999996,3915.886348859509,29178.537507237557,2.9247069482429997,20.081258622232333,30,0,official,2026-06-13T16:26:53
challenger_metrics_scoring,Theta,GBR-Dedicated,11,8.950566176233238,1.4610053829873002,0.03770671470732494,0.03771152095046142,0.03691675224800376,29.690750877937575,27.772333460019386,22096.064594,833.1700038005815,881.5406876957508,3.102857731365002,20.32213653944878,30,0,official,2026-06-13T16:26:53
challenger_metrics_scoring,Theta,GBR-Dedicated,12,94.51074028079783,16.641225420941762,0.6562981252456109,0.8837305557902458,0.5391606647522327,336.12293159450974,290.29257055070605,13269.544405999997,8708.777116521182,112978.62514368746,3.071529962501903,20.198207949970058,30,0,official,2026-06-13T16:26:53
challenger_metrics_scoring,Theta,GBR-Go Local,1,4.085059680868221,1.4292711647392258,0.0028662068074133623,0.0028604556822918914,0.0028649069851577084,791.1357160434095,-489.30480684717963,7028088.094377,20143.953939204162,625895.7211995182,164.3709477370708,553.5238767569723,30,0,official,2026-06-13T16:26:53
challenger_metrics_scoring,Theta,GBR-Go Local,2,4.512665912449782,1.5643892516254345,0.003129212480479203,0.003126280463900429,0.003128980097323199,861.376465437414,-374.5192950479056,7113844.816329,22260.73198344899,741969.4152094525,164.4314943415517,550.6151774837529,30,0,official,2026-06-13T16:26:53
challenger_metrics_scoring,Theta,GBR-Go Local,3,12.751142544201647,4.631714604240465,0.008930820617035363,0.00889125496335205,0.00894809868450213,2558.766312176503,-2026.8282221838745,7148785.625858,63844.52205417867,6547285.040329341,166.8988271256545,552.4447274523089,30,0,official,2026-06-13T16:26:53
challenger_metrics_scoring,Theta,GBR-Go Local,4,22.73315823018383,8.149690063765222,0.01668813187187997,0.016675814733332173,0.016768060799437157,4642.1621814616565,-2628.1788075230434,7195881.098671999,120085.81270900683,21549669.718992848,176.0802605208978,569.6121134840973,30,0,official,2026-06-13T16:26:53
challenger_metrics_scoring,Theta,GBR-Go Local,5,76.25833353328247,25.3993974712351,0.06113138624378813,0.06045075701943048,0.06266496304690486,16106.913517133493,-14833.054610977504,7281045.354056001,445100.3957973365,259432663.0484176,194.55814430347917,634.1454963793776,30,0,official,2026-06-13T16:26:53
challenger_metrics_scoring,Theta,GBR-Go Local,6,7.85606116648999,3.1364697906003762,0.006542641050226265,0.006565756301014609,0.006555719132142788,2112.940057017365,-130.9587152253856,7543375.454875,49353.5979083344,4464515.684548546,209.40772932052369,673.6682315097033,30,0,official,2026-06-13T16:26:53
challenger_metrics_scoring,Theta,GBR-Go Local,7,6.7800095711222435,2.857831336102589,0.005774462592939662,0.005742276664275279,0.005770331959986521,1959.9503681041754,-1272.9278428045461,7657128.6462900005,44215.80293732832,3841405.4454316925,217.38318839378675,685.817369046379,30,0,official,2026-06-13T16:26:53
challenger_metrics_scoring,Theta,GBR-Go Local,8,8.368417665610494,3.3313156138583,0.007306082233448195,0.007332216718813739,0.007317399709967468,2324.545184408041,23.26409705672219,7755955.237152001,56665.646761575714,5403510.314354615,225.7123111594512,697.7859362042775,30,0,official,2026-06-13T16:26:53
challenger_metrics_scoring,Theta,GBR-Go Local,9,11.724043383060767,4.935927401974584,0.010639544196090119,0.010708483991950934,0.010615321834195324,3533.437229377181,2753.5227346179745,7795269.719280999,82938.11669873321,12485178.65394869,235.80635107100957,715.8608588861445,30,0,official,2026-06-13T16:26:53
challenger_metrics_scoring,Theta,GBR-Go Local,10,11.014922553932049,4.388832962201036,0.01060040837862133,0.010544678518425703,0.010605244894202543,3288.0674395467054,-1608.1500405958504,7749524.164024002,82148.12087864848,10811387.487007227,248.59645472291183,749.1894696985032,30,0,official,2026-06-13T16:26:53
challenger_metrics_scoring,Theta,GBR-Go Local,11,43.332805410932515,14.9840240536221,0.04241579981215986,0.042283401413456365,0.04325670878202043,11804.651300727535,-11425.490032968079,8083598.715324,342872.3048710154,139349792.3317683,263.7511400577444,787.8158269422951,30,0,official,2026-06-13T16:26:53
challenger_metrics_scoring,Theta,GBR-Go Local,12,13.27494691848173,5.740812732472691,0.012862430063468606,0.01272452590597266,0.012865132709513923,4693.1968654318935,-3510.886620205315,8335769.052015,107218.24645676895,22026096.81769975,269.2245453413625,817.5143632337981,30,0,official,2026-06-13T16:26:53
challenger_metrics_scoring,Theta,IND-Go Local,1,4.953494206058005,0.8210927543983633,0.0037995763181324347,0.0037896166833578204,0.0038011594762893774,1393.9776962687033,-1078.8404358932225,8684805.997115,32998.5831942127,1943173.8176946014,222.0559321125696,1697.7103850954186,30,0,official,2026-06-13T16:26:53
challenger_metrics_scoring,Theta,IND-Go Local,2,14.087463628856433,2.211049164428798,0.010661488439641832,0.01062916221610325,0.010681782542783017,3728.765768156265,-2308.071019611715,8836484.712825,94210.07961285551,13903694.153773982,222.9170608584637,1686.4237250552292,30,0,official,2026-06-13T16:26:53
challenger_metrics_scoring,Theta,IND-Go Local,3,17.59105104506822,2.732544454087969,0.01321825409039694,0.013152316991734274,0.013265868583116671,4600.454040315025,-4023.4868496877275,9131660.252946999,120704.60549063183,21164177.37705084,228.72350488777315,1683.578846606725,30,0,official,2026-06-13T16:26:53
challenger_metrics_scoring,Theta,IND-Go Local,4,11.477927610147288,1.9858792047714662,0.008463135587159424,0.00850195269471501,0.008503366138894674,3321.702371759291,-1808.5099258817597,9360254.777998,79217.1053165539,11033706.6465513,230.05635397839723,1672.6608364588574,30,0,official,2026-06-13T16:26:53
challenger_metrics_scoring,Theta,IND-Go Local,5,83.27779939759287,12.303105347677526,0.061535847394947774,0.06106929791645011,0.06321995790087254,20781.393304832553,-19645.449515038985,9579697.295377,589494.790858113,431866307.6901392,235.95515856660683,1689.1177241488454,30,0,official,2026-06-13T16:26:53
challenger_metrics_scoring,Theta,IND-Go Local,6,13.633770394113624,2.232377675978038,0.010097080983379596,0.01006059953013724,0.010125288092880987,3770.455458867229,-3341.2415956046975,9927349.105463002,100237.24786814093,14216334.367301686,245.07098909684424,1688.986366169128,30,0,official,2026-06-13T16:26:53
challenger_metrics_scoring,Theta,IND-Go Local,7,15.692651351288818,2.7154703382902015,0.011343974177950772,0.011281139840723438,0.01137058757508479,4557.546443442482,-3849.7546145754286,10180968.029859,115492.63843726285,20771229.584135216,245.3221274338229,1678.3635524121191,30,0,official,2026-06-13T16:26:53
challenger_metrics_scoring,Theta,IND-Go Local,8,16.50298210399889,2.775356694206277,0.011629218023634511,0.011579561722130073,0.011666677643701108,4629.918491367741,-4069.6075169805863,10498403.698451001,122088.22550941759,21436145.23670894,246.59831122245885,1668.2246649711633,30,0,official,2026-06-13T16:26:53
challenger_metrics_scoring,Theta,IND-Go Local,9,14.165969890069782,2.3983538850981643,0.009772123352758027,0.009736402310742843,0.009797633474348151,3976.639783593364,-3503.8100396199075,10756546.698618,105114.30118859722,15813663.968457477,247.33993272681224,1658.0704825512441,30,0,official,2026-06-13T16:26:53
challenger_metrics_scoring,Theta,IND-Go Local,10,3.112952123811277,0.5199994743242491,0.0021176512274673365,0.002115648969090015,0.0021184129107489446,856.9812968286554,-771.0851998172158,10923685.493849,23132.55599451647,734416.943114124,247.70223541798447,1648.0426214705728,30,0,official,2026-06-13T16:26:53
challenger_metrics_scoring,Theta,IND-Go Local,11,3.597084350653933,0.6262189296143653,0.002421668105906657,0.0024216690017025305,0.0024196889265562234,1025.8134569287254,412.34771535332743,10994584.182030998,26625.233851330297,1052293.248416062,246.72977014925948,1638.1067521552504,30,0,official,2026-06-13T16:26:53
challenger_metrics_scoring,Theta,IND-Go Local,12,14.021354812180522,2.7199912523395544,0.009238256255064303,0.00917132732685544,0.009240603303592953,4429.324963106341,-3411.2857232962365,11220840.262346,103660.99774069531,19618919.62879699,246.4359997761979,1628.4335323860078,30,0,official,2026-06-13T16:26:53
challenger_metrics_scoring,Theta,ISR-Go Local,1,4.308488121909042,1.4794377971945296,0.0067402912228400015,0.0067451815855031055,0.006723137926675739,5.637983410245535,2.440004612187818,21576.511894,145.4319737386311,31.78685693420387,1.1251585987444697,3.8108958828393398,30,0,official,2026-06-13T16:26:53
challenger_metrics_scoring,Theta,ISR-Go Local,2,4.1237946149249005,1.617355056291787,0.006335680948208908,0.006268759448076132,0.0063011899754263955,6.098367802092511,-4.206275161977847,22256.97521,141.01309380275495,37.19008984959865,1.1398328236522597,3.7705807258392774,30,0,official,2026-06-13T16:26:53
challenger_metrics_scoring,Theta,ISR-Go Local,3,8.548567770065869,2.920706394276114,0.01247022657221601,0.012392783189309626,0.012487754445364532,10.803015659415014,-9.71512680580879,23371.973435000004,291.4538041742637,116.70514733756599,1.136462512448905,3.6987681064369706,30,0,official,2026-06-13T16:26:53
challenger_metrics_scoring,Theta,ISR-Go Local,4,9.671324798441818,4.0284371912585915,0.013547376746231802,0.013512482438136764,0.013556538421241271,14.641086118410582,-7.820979512355669,24438.745846,331.08089718116946,214.36140272671503,1.141108393734955,3.6344332611615853,30,0,official,2026-06-13T16:26:53
challenger_metrics_scoring,Theta,ISR-Go Local,5,68.27576941371632,20.33699182959598,0.09768202537588702,0.09678420840627935,0.10211647731734128,87.82471615408473,-84.30331551513692,25904.197397000004,2530.374467475741,7713.18076754555,1.2353696824920726,4.318471329976901,30,0,official,2026-06-13T16:26:53
challenger_metrics_scoring,Theta,ISR-Go Local,6,15.840393167878588,6.552814027462884,0.023070865301983483,0.022434676728127514,0.022938519288048305,29.79345379850145,-20.502997227540895,27608.722805,636.9571249939546,887.6498892434404,1.3403647208403615,4.5466655506530325,30,0,official,2026-06-13T16:26:53
challenger_metrics_scoring,Theta,ISR-Go Local,7,51.424414264896896,16.549370561975145,0.06805209769163799,0.06729025959065174,0.06996593055244346,75.94220341772828,-70.82902718253544,31224.178057,2124.8708154760634,5767.218259939621,1.3773424198413171,4.588827299100896,30,0,official,2026-06-13T16:26:53
challenger_metrics_scoring,Theta,ISR-Go Local,8,17.583892772355014,6.37347637767672,0.02304421862903081,0.022807848432492943,0.023158116279767504,30.8153902430359,-26.64279251936661,34699.820626,799.6302528936967,949.5882758305921,1.5158385067627662,4.834942253958556,30,0,official,2026-06-13T16:26:53
challenger_metrics_scoring,Theta,ISR-Go Local,9,14.541741155243088,5.248466611467304,0.01836107404568382,0.018236649770477877,0.0184457090158512,25.059226184565254,-22.407491858111985,36611.407049,672.2247557433595,627.9648169692009,1.540908452357706,4.774580470763345,30,0,official,2026-06-13T16:26:53
challenger_metrics_scoring,Theta,ISR-Go Local,10,12.335090635846175,4.81790223762287,0.015023936944793845,0.014895388099716153,0.015050652899523837,22.704266180957227,-19.198871962421443,38336.56657299999,575.9661588726433,515.4837028157581,1.5564435259704452,4.712479635568405,30,0,official,2026-06-13T16:26:53
challenger_metrics_scoring,Theta,ISR-Go Local,11,12.395508862290544,5.026541661458836,0.014534530576836086,0.014403953666336925,0.014553118023058753,23.46425296506685,-19.583615757740784,40421.565019,587.5084727322235,550.5711672086486,1.5798960716584862,4.668070921401037,30,0,official,2026-06-13T16:26:53
challenger_metrics_scoring,Theta,ISR-Go Local,12,10.299126686510338,5.130224257918042,0.011668800845575538,0.011486204050822043,0.011621879854622893,23.759394731078,-16.544201780647192,42534.45233900001,496.32605341941576,564.508837987177,1.606369382980459,4.631258505787052,30,0,official,2026-06-13T16:26:53
challenger_metrics_scoring,Theta,ITA-Go Local,1,99.17092642182872,35.43879047443603,0.13352928493491928,0.1196667458083856,0.13401726514046158,486.7894181242032,-349.4430863647012,78849.26904099999,10528.686512685797,236963.93759770034,3.538902274611371,13.736061857848998,30,0,official,2026-06-13T16:26:53
challenger_metrics_scoring,Theta,ITA-Go Local,2,84.46165407686212,26.43382946903431,0.1112881416929934,0.1092447806130198,0.11656514286608498,456.54126185901623,-422.6209471027189,113926.14002,12678.628413081567,208429.92377982283,5.003701996152286,17.271098097754912,30,0,official,2026-06-13T16:26:53
challenger_metrics_scoring,Theta,ITA-Go Local,3,292.7957581890108,108.00873258124602,0.29327897363511884,0.2729630282689564,0.3279170878826036,1932.129022326169,-1695.3185846733843,173416.992394,50859.55754020153,3733122.5589150772,5.790106370253463,17.888637114344323,30,0,official,2026-06-13T16:26:53
challenger_metrics_scoring,Theta,ITA-Go Local,4,253.75115720567382,109.66667317092336,0.25622106960168506,0.22565528238395538,0.2707495496469285,3169.2501058791604,-2481.5159695614593,290551.745813,74445.47908684378,10044146.23361507,9.779328681248565,28.898935421699694,30,0,official,2026-06-13T16:26:53
challenger_metrics_scoring,Theta,ITA-Go Local,5,190.20364713148717,43.650549422470505,0.25007098920747106,0.24495756367429994,0.28222761621855036,3843.124157356625,-3682.012178997232,441744.399122,110467.45886529844,14769603.288858067,19.35950589999862,88.0429733005435,30,0,official,2026-06-13T16:26:53
challenger_metrics_scoring,Theta,ITA-Go Local,6,1.456171514131562,0.4125611383511795,0.0022672686913300256,0.0022660327806877626,0.0022666522126338984,45.24240605030742,-2.805182166416004,471416.20447399997,1068.8272009895336,2046.8753052208936,24.4666050809032,109.66230661259294,30,0,official,2026-06-13T16:26:53
challenger_metrics_scoring,Theta,ITA-Go Local,7,0.9314093326928322,0.21745431420257935,0.0014213158913311112,0.0014211933204407484,0.0014222662352526563,23.46315434151926,-22.771432497963783,480641.199543,683.1429749389135,550.519611653954,24.44836195932077,107.89923588115664,30,0,official,2026-06-13T16:26:53
challenger_metrics_scoring,Theta,ITA-Go Local,8,0.639200428963913,0.19829442589081622,0.0009393317778870938,0.0009383300123786162,0.0009377603456206778,21.0210691552831,4.957406461377286,486821.65260000003,457.28704845069115,441.8853484311946,23.84682632289597,106.00938004610177,30,0,official,2026-06-13T16:26:53
challenger_metrics_scoring,Theta,ITA-Go Local,9,9.20918008562995,2.2981164724410483,0.013221413255130847,0.013238006240126039,0.013129118132142275,239.48405741569445,213.97212637781948,485512.68063899997,6419.163791334584,57352.61375628364,23.234655462075573,104.20884245319196,30,0,official,2026-06-13T16:26:53
challenger_metrics_scoring,Theta,ITA-Go Local,10,12.111122514738453,2.835750622291445,0.017236374007944616,0.0172513823977592,0.01708662258914846,290.7063375489681,274.98093868842733,478605.776183,8249.42816065282,84510.1746911346,22.7048267700862,102.51477519347635,30,0,official,2026-06-13T16:26:53
challenger_metrics_scoring,Theta,ITA-Go Local,11,9.91190853360209,2.802700266862457,0.013948313210276793,0.014017596172399083,0.01386024227024746,282.855433873585,222.46062258302604,478467.79584599996,6673.818677490781,80007.19647181404,22.44377274355069,100.92247009710876,30,0,official,2026-06-13T16:26:53
challenger_metrics_scoring,Theta,ITA-Go Local,12,4.763705416123085,1.1430757486703058,0.006619356487762423,0.0066137577110220004,0.006588259486389828,113.62203906657214,104.95804131882214,475686.91086299997,3148.7412395646643,12909.967761645645,22.03285722991697,99.40027089083475,30,0,official,2026-06-13T16:26:53
challenger_metrics_scoring,Theta,JPN-Go Local,1,15.078708140222503,4.637432419907528,0.008691935551429027,0.008696420601732173,0.008654325215654337,2524.8350523269587,2387.399044187309,8240048.594682,71621.97132561926,6374792.041458877,158.3291500827524,544.4467592645382,30,0,official,2026-06-13T16:26:53
challenger_metrics_scoring,Theta,JPN-Go Local,2,14.544619267196612,5.289669863504248,0.00836313233407973,0.008309159374331585,0.00835861359277769,2873.7082871367566,-1788.2905357123334,8347135.607558001,69808.19969651656,8258199.319558471,159.9863115792916,543.2679848252403,30,0,official,2026-06-13T16:26:53
challenger_metrics_scoring,Theta,JPN-Go Local,3,6.45607220812987,2.3915214567626255,0.0037211781143173203,0.0037104850791917234,0.003721032982983533,1303.6446482141225,-1052.7468531091833,8487206.100606002,31582.4055932755,1699489.3688173234,163.06305431087063,545.1109980751964,30,0,official,2026-06-13T16:26:53
challenger_metrics_scoring,Theta,JPN-Go Local,4,8.546934281781526,5.458120865515693,0.004931887263417477,0.005015557103361568,0.004960378498210413,2963.6656996777556,879.8789559292335,8514345.445315002,41991.791858085664,8783314.37944644,163.76941124411718,542.9827907260428,30,0,official,2026-06-13T16:26:53
challenger_metrics_scoring,Theta,JPN-Go Local,5,69.20216261236133,20.957708511024066,0.04158136342034962,0.04142876963836339,0.04237603852711389,12280.958857533502,-11808.451553742172,8522502.782213999,354377.285438181,150821950.46043056,170.69663339051002,585.9876737513327,30,0,official,2026-06-13T16:26:53
challenger_metrics_scoring,Theta,JPN-Go Local,6,8.502048525522664,3.3676847994657098,0.005167644792534973,0.005134111370299928,0.005156532941461299,2016.9131726674627,-1056.668673268855,8666630.808215,44786.06956489541,4067938.74607953,175.5893277972957,598.9020032360065,30,0,official,2026-06-13T16:26:53
challenger_metrics_scoring,Theta,JPN-Go Local,7,18.74553349431112,6.086338045316439,0.011159510163408376,0.011127571422308302,0.01120194594591775,3642.474540975069,-3329.6368018118974,8951029.444095999,99889.10405435693,13267620.78165154,177.62294163686371,598.4673401074111,30,0,official,2026-06-13T16:26:53
challenger_metrics_scoring,Theta,JPN-Go Local,8,12.876927184973843,4.575671176885762,0.0075921645097846895,0.007561766323377034,0.0076016502739888634,2733.5681802140384,-2303.080559599613,9149390.301044999,69463.6763297621,7472394.995878691,179.81431784134452,597.4135978176926,30,0,official,2026-06-13T16:26:53
challenger_metrics_scoring,Theta,JPN-Go Local,9,5.524571782113931,1.9994098816827008,0.003216655620056742,0.0032154255118105788,0.003215872351598104,1192.672874638977,-97.7107662107388,9321815.247456,29985.06940485997,1422468.585899601,180.91941835768512,596.512443779274,30,0,official,2026-06-13T16:26:53
challenger_metrics_scoring,Theta,JPN-Go Local,10,11.92440894942878,4.221324279609624,0.006834465327175224,0.006812076317340208,0.006843234613263566,2506.0135567799116,-2164.0157354522944,9498983.308238002,64920.47206356883,6280103.946764703,181.47781954056163,593.6557797477857,30,0,official,2026-06-13T16:26:53
challenger_metrics_scoring,Theta,JPN-Go Local,11,10.708853355996954,3.76053715179416,0.006033770976395737,0.006017505734208969,0.006041090442866873,2220.9236173723834,-1947.1289633584345,9681154.476905,58413.868900753034,4932501.714202434,181.82422511818623,590.5868038859226,30,0,official,2026-06-13T16:26:53
challenger_metrics_scoring,Theta,JPN-Go Local,12,21.22748255341336,7.28442066960535,0.01169080634444465,0.011651286121542629,0.011734974016294022,4279.913926493114,-3863.2585381571826,9913581.042234002,115897.75614471547,18317663.2181897,181.99324995021485,587.5434877548042,30,0,official,2026-06-13T16:26:53
challenger_metrics_scoring,Theta,KOR-Go Local,1,16.985222476972016,4.858391727149394,0.010843352005929499,0.010752131776653632,0.010846700939841475,251.5584829982504,-192.80267489648566,544758.7881019999,5907.011297713543,63281.67036838104,11.592452018653404,51.778139171550386,30,0,official,2026-06-13T16:26:53
challenger_metrics_scoring,Theta,KOR-Go Local,2,13.143549570655924,3.4953393338554544,0.008231157143378347,0.008197421211395581,0.008243570426149729,179.99547855658457,-153.75852147640447,560401.844351,4612.755644292134,32398.3723008139,11.698401611364044,51.495852437893255,30,0,official,2026-06-13T16:26:53
challenger_metrics_scoring,Theta,KOR-Go Local,3,6.049708151482004,2.022058966948989,0.0037665873222354914,0.003778395633676554,0.0037687532647949964,103.54549833359705,15.960537631470409,566632.763056,2134.2717816899967,10721.67022515295,11.759640455642815,51.20795190747235,30,0,official,2026-06-13T16:26:53
challenger_metrics_scoring,Theta,KOR-Go Local,4,10.189326711129704,2.9283882451911722,0.006363696538231139,0.006376172716935104,0.006373916780798139,149.95358339675303,-42.33669874117258,575626.527604,3663.1125410275854,22486.077173526966,11.983495556601737,51.20686563436321,30,0,official,2026-06-13T16:26:53
challenger_metrics_scoring,Theta,KOR-Go Local,5,27.79011462850453,7.077540576739359,0.017673550370299187,0.017617248694873067,0.017796318860186663,363.645321140475,-339.4390272956041,576653.5042300001,10191.514753218442,132237.91958735918,12.224388527428538,51.38018174499924,30,0,official,2026-06-13T16:26:53
challenger_metrics_scoring,Theta,KOR-Go Local,6,13.832747043937728,4.197117248851217,0.00875279286584502,0.00872251241873542,0.008730035711590067,215.26928912480042,22.21723485336685,588594.0800209999,5151.84206448642,46340.86684029691,12.41460342408811,51.289796391492565,30,0,official,2026-06-13T16:26:53
challenger_metrics_scoring,Theta,KOR-Go Local,7,42.36001131910761,11.586253850527426,0.02599496658162959,0.025839325957995773,0.02624734848675357,597.0862468207139,-543.6151266650808,627369.6774619999,16308.453799952422,356511.9861424465,12.833214858464135,51.53402079081269,30,0,official,2026-06-13T16:26:53
challenger_metrics_scoring,Theta,KOR-Go Local,8,72.83512553200265,22.82252471938825,0.04278695537958153,0.041828858542785986,0.04318469707116704,1173.6278388605326,-951.2393553507883,667557.9244000001,28562.771124588864,1377402.3041484444,13.071884806476978,51.424101990938325,30,0,official,2026-06-13T16:26:53
challenger_metrics_scoring,Theta,KOR-Go Local,9,183.44782781216435,57.44301982386337,0.09734993531268232,0.0939707028151691,0.10033387138657442,2994.8646055198424,-2545.9530849202943,784577.743193,76378.59254760883,8969214.005395522,13.878349584641269,52.136266768407175,30,0,official,2026-06-13T16:26:53
challenger_metrics_scoring,Theta,KOR-Go Local,10,7.846119437900836,2.33528582807825,0.004306371508065262,0.004306371508065263,0.004316551426790669,130.04841128227685,-124.27361176261304,865742.3879700003,3728.2083528783915,16912.589277044233,15.838863115224436,55.68843424588248,30,0,official,2026-06-13T16:26:53
challenger_metrics_scoring,Theta,KOR-Go Local,11,4.499008849260047,1.4602709165278243,0.0024512032685607065,0.0024512032685607074,0.002447269389317533,81.018685945169,70.73701903745386,865742.3879700003,2122.110571123616,6564.027472281925,15.722800600645185,55.48195545646564,30,0,official,2026-06-13T16:26:53
challenger_metrics_scoring,Theta,KOR-Go Local,12,4.676594938422229,1.5086347412938608,0.0025169104096468475,0.002516910409646848,0.002512763000544607,83.19047899729698,72.63320094514044,865742.3879700003,2178.996028354213,6920.655795799709,15.531214890645444,55.14288960755985,30,0,official,2026-06-13T16:26:53
challenger_metrics_scoring,Theta,LAM-Multitenant,1,5.643144911430667,1.901764471269938,0.003991264284458452,0.003979074216142459,0.003990627884542775,783.8893298900055,-643.1290205827022,4877835.75336,19468.731627840258,614482.4815154017,114.99930111904266,412.19054290489976,30,0,official,2026-06-13T16:26:53
challenger_metrics_scoring,Theta,LAM-Multitenant,2,11.362777379815757,3.668844369883554,0.007855924942159222,0.007827990373751934,0.007868892842905845,1502.3120310442175,-1301.1609726564163,4968839.375006001,39034.82917969249,2256941.438620202,114.51082153274696,409.47826606553485,30,0,official,2026-06-13T16:26:53
challenger_metrics_scoring,Theta,LAM-Multitenant,3,7.703608466810486,2.4970834988240194,0.005228415848515339,0.005214482275510881,0.005232530657521459,1016.6629062962919,-882.9577143374462,5066301.571564,26488.731430123386,1033603.4650388227,114.61612024306524,407.1401323884767,30,0,official,2026-06-13T16:26:53
challenger_metrics_scoring,Theta,LAM-Multitenant,4,23.233478552759426,15.694450367463698,0.015699811855550232,0.01707492356038604,0.01624241498426114,6349.348381098018,1538.2965042340027,5074167.128260001,79663.46923729964,40314224.86455202,114.29407647875736,404.5600981516949,30,0,official,2026-06-13T16:26:53
challenger_metrics_scoring,Theta,LAM-Multitenant,5,218.77232801328287,48.553868729401785,0.16180466726234377,0.15960581300745513,0.17467429568318701,28894.912739730218,-27709.347541044644,5137976.245676998,831348.5368335929,834915982.2366236,126.66875260737076,595.1104102695921,30,0,official,2026-06-13T16:26:53
challenger_metrics_scoring,Theta,LAM-Multitenant,6,8.101383568968318,2.111731514100577,0.006357851667332616,0.006328704603921465,0.0063596160595099085,1402.7140923983804,-1130.0420564729118,5332188.208853,33901.26169418736,1967606.825013012,139.4875389929005,664.2483114127415,30,0,official,2026-06-13T16:26:53
challenger_metrics_scoring,Theta,LAM-Multitenant,7,1.9632103673974954,0.5599711257068893,0.001515175857432328,0.0015111610644012931,0.0015131466575009282,369.6725742485367,-222.26613981656166,5411137.166877,8198.824396506796,136657.81215153987,139.20777471877116,660.163635726528,30,0,official,2026-06-13T16:26:53
challenger_metrics_scoring,Theta,LAM-Multitenant,8,6.876031500009532,1.696431936927875,0.005201285878687019,0.005186492667422198,0.005204886559273714,1112.923959118179,-952.3980219053977,5493245.578797999,28571.940657161933,1238599.7387792824,138.5098398551661,656.0380849311349,30,0,official,2026-06-13T16:26:53
challenger_metrics_scoring,Theta,LAM-Multitenant,9,3.323499541568819,0.9355843737765868,0.0024735673433758936,0.00246529279321634,0.0024706371432968452,609.998017643586,-431.7823235156044,5557919.344095,13747.887786670559,372097.5815291047,137.88565952563192,651.9967997982518,30,0,official,2026-06-13T16:26:53
challenger_metrics_scoring,Theta,LAM-Multitenant,10,9.38026378209188,2.204477378950012,0.006828706000119854,0.006812908062024781,0.0068415555764416245,1428.521265697368,-1287.0768070042511,5654410.104850001,38612.304210127535,2040673.0065496105,137.21115278884213,648.0090380323021,30,0,official,2026-06-13T16:26:53
challenger_metrics_scoring,Theta,LAM-Multitenant,11,8.698853497128994,2.184443667367392,0.006209740874980043,0.006188623626568356,0.006215389411183599,1407.1637854569199,-1191.1200901189316,5754443.449894,35733.60270356794,1980109.9191014483,136.9283998761508,644.1749020485292,30,0,official,2026-06-13T16:26:53
challenger_metrics_scoring,Theta,LAM-Multitenant,12,6.907175776457837,1.6649842570663966,0.004838858802157716,0.004828624028812464,0.0048435094054221795,1066.281030378875,-941.3858681798573,5854690.931893,28330.022749703407,1136955.2357458351,136.71783116848042,640.4150825171157,30,0,official,2026-06-13T16:26:53
challenger_metrics_scoring,Theta,MEX-Go Local,1,62.689702265687224,16.90959221532497,0.0881058142815806,0.08604990741106572,0.09091425426011261,55.24250132343905,-49.306224167557595,16788.752673,1479.1867250267278,3051.733952470165,0.7865123359270605,3.2669327929371,30,0,official,2026-06-13T16:26:53
challenger_metrics_scoring,Theta,MEX-Go Local,2,103.16052736600231,30.168380381705905,0.13183073362818423,0.12783639884980721,0.1386491765370837,101.13865063079412,-91.16982821209021,20752.301538000003,2735.7911362278364,10229.026651417831,0.8839915828533742,3.3524720038376525,30,0,official,2026-06-13T16:26:53
challenger_metrics_scoring,Theta,MEX-Go Local,3,34.803006629784676,10.297724180900667,0.046748867738917975,0.045919929015257814,0.047361476822813,42.72304497540063,-36.838220154753934,23640.072115000003,1105.146604642618,1825.2585719701055,1.0584780949134294,4.148785132023605,30,0,official,2026-06-13T16:26:53
challenger_metrics_scoring,Theta,MEX-Go Local,4,33.98571207818489,10.482420211207026,0.04407495366931433,0.04356847311754866,0.044649490372163744,43.16690717654729,-34.85655222217334,26104.05065399999,1150.5348231564842,1863.3818751886497,1.1284495285446752,4.118028690587736,30,0,official,2026-06-13T16:26:53
challenger_metrics_scoring,Theta,MEX-Go Local,5,109.09590314665024,25.896057416798254,0.155055125180108,0.1527192575426984,0.16655365269624808,153.32371813421787,-146.30409686945484,28313.461088999997,4390.147253437011,23508.162542501093,1.3413724765128998,5.920735950900381,30,0,official,2026-06-13T16:26:53
challenger_metrics_scoring,Theta,MEX-Go Local,6,10.753134321406726,3.141331921974537,0.01632029294920336,0.016150310062746445,0.01634148037092732,20.153463404835676,-16.673821358877113,30649.856734999994,500.21464076631344,406.16208721005086,1.5506010490061322,6.415579093650148,30,0,official,2026-06-13T16:26:53
challenger_metrics_scoring,Theta,MEX-Go Local,7,20.467111814566113,6.070849409826456,0.029243190858540644,0.028792787988543032,0.029395350579198825,38.31365816000762,-31.91214359316695,32753.156819999997,957.8068161069721,1467.9364016019183,1.5599120266451345,6.311086896339744,30,0,official,2026-06-13T16:26:53
challenger_metrics_scoring,Theta,MEX-Go Local,8,22.527405349794236,7.0725794169991465,0.030591786978620198,0.030056973119204786,0.03073723924149141,44.07740457730672,-36.14015921806509,35441.040999,1084.2047765419527,1942.8175942715795,1.6042752663655155,6.232154066925769,30,0,official,2026-06-13T16:26:53
challenger_metrics_scoring,Theta,MEX-Go Local,9,20.45589067305769,6.303377399268667,0.026616300066807593,0.026326253911331216,0.026789543171687476,38.81670671622741,-33.705686829966545,38034.987224,1012.350632991177,1506.7367202936139,1.6496480959468185,6.158080701423813,30,0,official,2026-06-13T16:26:53
challenger_metrics_scoring,Theta,MEX-Go Local,10,17.39351834518796,5.598165323824487,0.02177245153384409,0.021555683804815796,0.021870764253863428,34.08220655440889,-29.341948718938866,40429.919442000006,880.258461568166,1161.5968036173922,1.686947294769521,6.088102902099544,30,0,official,2026-06-13T16:26:53
challenger_metrics_scoring,Theta,MEX-Go Local,11,21.0471329353506,7.057051680256441,0.02519519372295391,0.02489845663760003,0.025327867596733784,42.453053939327155,-36.18923495412911,43090.64103900002,1085.6770486238734,1802.2617887754207,1.7194377526520943,6.015692652230157,30,0,official,2026-06-13T16:26:53
challenger_metrics_scoring,Theta,MEX-Go Local,12,15.37524647467478,5.4781471105678845,0.017804899738706824,0.01761777093131531,0.017842645771057628,32.647326443705,-27.14801692992199,45795.377292,815.3821011803111,1065.8479239218395,1.7677377346402467,5.95955635815714,30,0,official,2026-06-13T16:26:53
challenger_metrics_scoring,Theta,NAM-Dedicated,1,33.256566795537466,10.165942501570091,0.018741178423306037,0.018770221673952966,0.018576918093273116,1986.5846370390861,1887.7966037904198,3021896.320206,56633.898113712596,3946518.520119718,56.76462682984263,195.41568691070856,30,0,official,2026-06-13T16:26:53
challenger_metrics_scoring,Theta,NAM-Dedicated,2,48.084359350067,16.20744769364581,0.028251353468226763,0.02848155240339284,0.027955978943626843,3155.943451021512,2753.459132105656,2923887.3123749997,82603.77396316967,9959979.066045571,57.26309280861448,194.72180386914417,30,0,official,2026-06-13T16:26:53
challenger_metrics_scoring,Theta,NAM-Dedicated,3,34.553781180272,10.906970838937381,0.021528071060662037,0.021565082230094023,0.021312041268966696,2119.8791457084194,2020.8771736540841,2816151.760127,60626.315209622524,4493887.592409458,58.484979201288574,194.3600269050458,30,0,official,2026-06-13T16:26:53
challenger_metrics_scoring,Theta,NAM-Dedicated,4,28.769505639323615,13.701399249913095,0.018324911026303504,0.01885046591467642,0.01839024944369776,2653.3175136762557,1689.861103452977,2766498.185493,50695.833103589306,7040093.828381146,58.737926352936334,193.65303245893554,30,0,official,2026-06-13T16:26:53
challenger_metrics_scoring,Theta,NAM-Dedicated,5,136.23487196725037,34.77641456315725,0.09430090655115861,0.09316605682542703,0.09830797956267982,9140.692806943713,-8603.29650755322,2737343.2151099998,258133.94672653615,83552264.99091254,63.15904853606772,262.84172539821066,30,0,official,2026-06-13T16:26:53
challenger_metrics_scoring,Theta,NAM-Dedicated,6,8.143323134180077,2.689667581480224,0.005891876450978474,0.005919075245737135,0.005886342853234425,754.6934717111925,468.52705289702425,2784712.289608,16407.180761891723,569562.2362434925,67.160054486952,280.5898680222248,30,0,official,2026-06-13T16:26:53
challenger_metrics_scoring,Theta,NAM-Dedicated,7,20.167003338323205,5.267093544623059,0.014879894271116882,0.014911404907651278,0.014781260734963773,1469.135024664996,1352.5799849239286,2726995.152545,40577.399547717854,2158357.720697419,67.06896221679257,278.92708041321396,30,0,official,2026-06-13T16:26:53
challenger_metrics_scoring,Theta,NAM-Dedicated,8,5.382683795872441,1.4919069679793973,0.00394799032009488,0.003939026967781037,0.003949067251059882,413.81257959778384,-331.1346204446168,2742230.5255300007,10826.299570261137,171240.8510333722,67.04399998728627,277.37157106936877,30,0,official,2026-06-13T16:26:53
challenger_metrics_scoring,Theta,NAM-Dedicated,9,3.8640928559207275,1.0424848242240807,0.0028090748754579817,0.0028090386480552464,0.0028041452748512863,287.37913833541484,257.79680071112915,2753185.43087,7733.904021333874,82586.7691504055,66.71599527328178,275.6674549668486,30,0,official,2026-06-13T16:26:53
challenger_metrics_scoring,Theta,NAM-Dedicated,10,17.354145490695128,5.179157977216742,0.012601621868487378,0.012680524184913205,0.012559115666553636,1418.8814877710436,1085.7720384170004,2732461.470565,34433.446222271086,2013224.6763393702,66.13875291974371,273.959878036689,30,0,official,2026-06-13T16:26:53
challenger_metrics_scoring,Theta,NAM-Dedicated,11,4.49596481329636,1.4575316359136408,0.003287740816602839,0.0032959858882671334,0.0032897879311105816,397.2594302058266,26.3373506999497,2720458.992055,8944.164068073442,157815.05488745804,66.31253015757584,272.5563002663802,30,0,official,2026-06-13T16:26:53
challenger_metrics_scoring,Theta,NAM-Dedicated,12,26.192572552250468,7.581680442721671,0.019623274033236476,0.01976221406156463,0.01949061652963504,2055.0032803018357,1734.9021032886424,2652312.9122340004,52047.06309865927,4223038.482051305,66.23641491601326,271.0485222671995,30,0,official,2026-06-13T16:26:53
challenger_metrics_scoring,Theta,NAM-GCC Low,1,6.936271820635475,2.2223248005446887,0.0039880622755282796,0.003976982913442671,0.0039880901645569285,862.4154210871837,-719.4444216774378,5475053.345255002,21834.853702716384,743760.3585289845,104.93078639045204,388.069026127867,30,0,official,2026-06-13T16:26:53
challenger_metrics_scoring,Theta,NAM-GCC Low,2,3.686911841130886,1.4159534795734625,0.0020893125493352837,0.0020812315209219573,0.0020854951581124313,545.9294057538239,-346.1582767188277,5540179.391918,11575.166329102998,298038.9160667233,104.6509638045531,385.55603247521805,30,0,official,2026-06-13T16:26:53
challenger_metrics_scoring,Theta,NAM-GCC Low,3,5.685609002084255,1.9139795690307482,0.003168224716827089,0.003159018722935093,0.0031666369537642334,733.2469626446351,-593.4394465266397,5619293.133231,17803.18339579919,537651.108227583,104.3757047502025,383.10072610438374,30,0,official,2026-06-13T16:26:53
challenger_metrics_scoring,Theta,NAM-GCC Low,4,10.912749252938234,4.400087548689107,0.0059826281917121195,0.006021107331717715,0.006008380631474439,1675.0461515884651,-646.0173214010623,5698800.454201001,34093.80425624474,2805779.609951327,104.14058964736454,380.6847325316293,30,0,official,2026-06-13T16:26:53
challenger_metrics_scoring,Theta,NAM-GCC Low,5,85.02107066210073,23.01030636539065,0.04763966509838984,0.04742598821262561,0.04867871252024488,9553.002126710917,-9157.166457393156,5768138.341143001,274792.1788132345,91259849.63294329,107.73493232257728,415.1618833323922,30,0,official,2026-06-13T16:26:53
challenger_metrics_scoring,Theta,NAM-GCC Low,6,6.30204580550591,1.882011958275288,0.0035895753914252453,0.0035824730904222817,0.003590796889389311,802.0894391606188,-694.1684738109665,5884864.259646,21124.163928303227,643347.468412996,111.73178033630325,426.1872171607608,30,0,official,2026-06-13T16:26:53
challenger_metrics_scoring,Theta,NAM-GCC Low,7,7.332851935785918,2.2422264024930976,0.004113927424118224,0.004104006562858241,0.004115380366138729,950.1151764037753,-817.7973360211006,5963624.913945001,24533.92008063302,902718.8484327771,111.52513962951728,423.7373957185397,30,0,official,2026-06-13T16:26:53
challenger_metrics_scoring,Theta,NAM-GCC Low,8,20.85036643017706,6.062536141712014,0.011427127327497783,0.011392358487885001,0.011471464340288519,2553.4806904457923,-2310.7094977657875,6090557.715964001,69597.57851579471,6520263.63647952,111.26515649634668,421.19018027407725,30,0,official,2026-06-13T16:26:53
challenger_metrics_scoring,Theta,NAM-GCC Low,9,1.9639003302755296,0.7250510839568686,0.001071275898571719,0.0010691949480529665,0.0010699292223253023,304.26576524976673,-104.21762233650273,6150448.068474,6588.8267811731785,92577.65590302617,111.83233486275049,419.64734896923034,30,0,official,2026-06-13T16:26:53
challenger_metrics_scoring,Theta,NAM-GCC Low,10,11.810912907683624,3.5317986941553614,0.006319235290792449,0.006304089384119682,0.006329056797477053,1473.315686618324,-1315.559470158239,6245500.015208001,39466.784104747174,2170659.1124356235,111.38507924331556,417.1573224307653,30,0,official,2026-06-13T16:26:53
challenger_metrics_scoring,Theta,NAM-GCC Low,11,10.372764530510079,3.280438125562912,0.005464824199138863,0.005448090899886008,0.005468665247410133,1360.8629231076054,-1156.3886911334616,6348175.068371001,34691.660734003846,1851947.8954889765,111.48317189039636,414.841820213904,30,0,official,2026-06-13T16:26:53
challenger_metrics_scoring,Theta,NAM-GCC Low,12,7.56528343528206,2.5280481782246893,0.003928339915577889,0.003915835791276911,0.00392754797137857,1042.9848785208947,-843.0080956787045,6447163.119871002,25326.648226030928,1087817.4568232454,111.59153715208936,412.5652697225597,30,0,official,2026-06-13T16:26:53
challenger_metrics_scoring,Theta,NAM-ITAR DoD,1,3.8209900391760363,0.7103370839276175,0.009674941139276258,0.0097464531282998,0.009682342415028598,422.3890905751382,143.79704050870473,1010149.6063209998,9773.137983018758,178412.54383689232,85.25833952994942,594.6319010119133,30,0,official,2026-06-13T16:26:53
challenger_metrics_scoring,Theta,NAM-ITAR DoD,2,8.24437060309119,1.356095992691911,0.020549457120589233,0.020399973193457332,0.020674534856636596,801.3658480856972,-700.5122205199681,1022672.5938439998,21015.366615599043,642187.2224781086,84.9685505716245,590.9359310877029,30,0,official,2026-06-13T16:26:53
challenger_metrics_scoring,Theta,NAM-ITAR DoD,3,5.2000928420537464,0.8505293141087861,0.012515653100671025,0.012541342610164664,0.012566786893729974,499.19780266278383,-249.90729636631949,1053271.376792,13182.379172794834,249198.44618335168,84.50092189500556,586.9260405043893,30,0,official,2026-06-13T16:26:53
challenger_metrics_scoring,Theta,NAM-ITAR DoD,4,57.60657481650903,22.31857725993058,0.15730480027155594,31.10025092560097,0.2680530263850187,13047.697206202509,4639.285814647303,934482.5289086665,146998.58756723627,170242402.38474476,85.05891791892539,584.6115123846874,30,0,official,2026-06-13T16:26:53
challenger_metrics_scoring,Theta,NAM-ITAR DoD,5,299.3765354279399,34.09202192098843,0.9925069678681956,0.8886894396313946,1.741397317676263,32515.127199619437,-29992.918750749915,906596.5700670001,899803.4128369044,1057233496.8074318,100.18636581417356,953.7459313787958,30,0,official,2026-06-13T16:26:53
challenger_metrics_scoring,Theta,NAM-ITAR DoD,6,14.427597592921531,1.64218974735263,0.0447721366565776,0.04473592588109353,0.04582450553157246,1708.597125309418,-1657.6586924324474,1110730.1211559998,49729.76077297342,2919304.1366156074,114.89499078112132,1040.4383099235904,30,0,official,2026-06-13T16:26:53
challenger_metrics_scoring,Theta,NAM-ITAR DoD,7,28.420808120954252,6.206097673095771,0.09179114341491537,0.17244495366147497,0.11235361303156781,6415.062938459199,613.9595544367081,1056162.6978943332,96946.38167190267,41153032.50439278,113.70352461397874,1033.6709598157504,30,0,official,2026-06-13T16:26:53
challenger_metrics_scoring,Theta,NAM-ITAR DoD,8,3.6548920315992355,0.44343007291067305,0.012901230291182425,0.012886702733318819,0.012795201028430092,524.48561999031,452.06523125638535,1136350.014726,14660.313231368666,275085.1655766199,133.70493669506925,1182.7921740796442,30,0,official,2026-06-13T16:26:53
challenger_metrics_scoring,Theta,NAM-ITAR DoD,9,4.099370116431191,0.6450680666763289,0.014232145908266191,0.014254841206298443,0.014085384968983278,758.1444878706117,348.94677579942993,1143604.0295900002,16275.939410406048,574783.064488592,132.3450428410001,1175.2937822157307,30,0,official,2026-06-13T16:26:53
challenger_metrics_scoring,Theta,NAM-ITAR DoD,10,5.560722915443882,0.7014081134344662,0.019055974257123312,0.019048027274382585,0.019095807036893505,819.1994052365682,98.48363257625557,1146241.895576,21842.75605453248,671087.6655399471,130.9347506710459,1167.9354566136017,30,0,official,2026-06-13T16:26:53
challenger_metrics_scoring,Theta,NAM-ITAR DoD,11,4.141020598124936,0.5415432842234579,0.013700741378951617,0.013654639155098288,0.013667422121349517,628.5766794589756,-95.94761904592718,1174888.7534279998,16096.84695975588,395108.6419596718,129.57230050199516,1160.7136451896336,30,0,official,2026-06-13T16:26:53
challenger_metrics_scoring,Theta,NAM-ITAR DoD,12,2.283907333355823,0.426726645009737,0.007256716022100804,0.007274866817926468,0.007337025532135079,492.3160222301538,-137.38556420161208,1217034.1123459998,8831.670942504446,242375.0657445213,128.89709977167024,1153.7034961079596,30,0,official,2026-06-13T16:26:53
challenger_metrics_scoring,Theta,NAM-ITAR GCCH,1,155.15009715901752,13.06391990566595,0.2538851821138941,0.2538444140450364,0.29081974234347646,5469.759229630168,-5464.694951181854,645728.3058839999,163940.84853545562,29918266.030124407,35.221988585549774,418.6920364735151,30,0,official,2026-06-13T16:26:53
challenger_metrics_scoring,Theta,NAM-ITAR GCCH,2,162.96661992705964,13.79703339037399,0.2580644000751492,0.2578158708896702,0.29637502570780555,5736.731309690851,-5707.94230500956,663548.5913610001,171238.2691502868,32910086.119587306,35.02522361674012,415.79455143547693,30,0,official,2026-06-13T16:26:53
challenger_metrics_scoring,Theta,NAM-ITAR GCCH,3,145.6532357306907,12.517325901009356,0.22544777128806462,0.2253890501915394,0.2551124870528484,5169.16309004639,-5090.126566481126,677335.5803075001,152703.7969944338,26720247.05149794,34.9468828546497,412.9606539707946,30,0,official,2026-06-13T16:26:53
challenger_metrics_scoring,Theta,NAM-ITAR GCCH,4,206.3385971810367,19.982804018555196,0.3738738590816861,21.365742646605675,0.5268821311926464,8250.163847604228,-3066.534775918272,598050.0868455833,223595.29389309572,68065203.5123158,36.12109690056653,412.8631717522461,30,0,official,2026-06-13T16:26:53
challenger_metrics_scoring,Theta,NAM-ITAR GCCH,5,425.1132771341888,33.50073086562366,0.9930273422411033,0.8732758546465864,1.7222044884074579,21262.578846470493,-19719.66050940337,595796.7276989999,591642.4410228842,452097259.2023744,46.390963918395,634.6899992050265,30,0,official,2026-06-13T16:26:53
challenger_metrics_scoring,Theta,NAM-ITAR GCCH,6,178.4879434781189,18.225078304761876,0.7255883109764444,2.25603840033352,0.694291206989078,13034.327959232518,9470.785694260447,415281.77727400005,301323.60335153766,169893705.34883055,56.27338136118559,715.1863899441732,30,0,official,2026-06-13T16:26:53
challenger_metrics_scoring,Theta,NAM-ITAR GCCH,7,223.42313082454845,22.378569612256904,0.804401170829579,0.7359324616943348,1.22286541468258,16166.645428503887,-14444.46900403101,538831.1342631667,433436.39528072136,261360424.41096562,64.66599849966502,722.4163880272891,30,0,official,2026-06-13T16:26:53
challenger_metrics_scoring,Theta,NAM-ITAR GCCH,8,2.644051936119221,0.3306488095859862,0.009143307671892814,0.009142207225565312,0.009183620916795275,272.08863731598245,-125.65258375256502,754688.2714400002,6900.34706214488,74032.22655646825,86.99207666690529,822.8931404793854,30,0,official,2026-06-13T16:26:53
challenger_metrics_scoring,Theta,NAM-ITAR GCCH,9,8.103396149178204,1.180966545058228,0.027395481754536363,0.02729913965052196,0.028033535740424227,965.6513397245269,-698.1238621898768,764495.2570410001,20943.715865696304,932482.5099117736,86.15200952019065,817.6788273684035,30,0,official,2026-06-13T16:26:53
challenger_metrics_scoring,Theta,NAM-ITAR GCCH,10,6.840714180557188,0.9500084841350075,0.022336476951286464,0.022261239962118443,0.02266063885016058,771.9383821006052,-405.29252993922165,783479.149697,17500.16396902056,595888.8657600998,85.27454642460124,812.5594613015093,30,0,official,2026-06-13T16:26:53
challenger_metrics_scoring,Theta,NAM-ITAR GCCH,11,36.18091654982521,4.162701412344227,0.11415403811489863,0.11382072978610594,0.12225134413837013,3361.53435809428,-3057.0724155717535,803407.1679080001,91712.1724671526,11299913.240648324,84.49405673186358,807.5367472011956,30,0,official,2026-06-13T16:26:53
challenger_metrics_scoring,Theta,NAM-ITAR GCCH,12,3.9109176168469624,0.4924027343341103,0.011971833809813415,0.01202320510277584,0.012013667547330182,395.20758923595025,175.73403248007332,820913.6360049999,9827.841622461521,156189.03858969157,83.76415788907077,802.6104683809286,30,0,official,2026-06-13T16:26:53
challenger_metrics_scoring,Theta,NAM-MSIT,1,9.2558356796397,2.0093309204604366,0.034502371113330224,0.034230226924436356,0.034954325382605136,438.0557113086091,-397.1927193989604,345361.2374299999,11915.781581968811,191892.80621009148,42.912680512757525,218.01073523928505,30,0,official,2026-06-13T16:26:53
challenger_metrics_scoring,Theta,NAM-MSIT,2,9.372116892860678,2.830480674223222,0.03498364476715583,0.03694664253346515,0.03540811004158051,612.8896894966599,310.00082115406826,342894.96231300005,11995.71555400528,375633.77149131225,42.66455377206246,216.532017009746,30,0,official,2026-06-13T16:26:53
challenger_metrics_scoring,Theta,NAM-MSIT,3,21.54358649914029,4.808681375163554,0.09511159309439061,0.09759763101570766,0.09184716299743739,1036.0453111369327,921.08627682027,290528.077657,27632.5883046081,1073389.8867288239,42.75454678156891,215.4531004046186,30,0,official,2026-06-13T16:26:53
challenger_metrics_scoring,Theta,NAM-MSIT,4,6.492985900511417,3.226228776555504,0.030244703652709256,0.03711148183433918,0.0328234690412723,690.817960353204,142.82065796896373,275914.67443,8344.957561569106,477229.45434656093,42.8408834262822,214.12553423776677,30,0,official,2026-06-13T16:26:53
challenger_metrics_scoring,Theta,NAM-MSIT,5,10.984394819285894,2.254457309566374,0.05063645212293108,0.050429074663978946,0.05182877956036345,508.5340846104671,-490.2594612406409,290458.419194,14707.783837219227,258606.91521060572,44.63235975275269,225.5682919577126,30,0,official,2026-06-13T16:26:53
challenger_metrics_scoring,Theta,NAM-MSIT,6,5.370250850043707,1.4297051807835917,0.02464312021169125,0.025132411991337835,0.024569063503366753,320.4511626578958,235.29250838036066,289988.391461,7146.218790768404,102688.94764879718,44.35682795407495,224.1379320471254,30,0,official,2026-06-13T16:26:53
challenger_metrics_scoring,Theta,NAM-MSIT,7,4.313482009673613,1.0911071720614094,0.01942682785682929,0.019168511077215535,0.019469440090654225,243.08809750598954,-188.4106478558663,294524.38460799993,5721.674519418197,59091.82314908147,44.21543512941136,222.7903030338693,30,0,official,2026-06-13T16:26:53
challenger_metrics_scoring,Theta,NAM-MSIT,8,3.4043798004029338,0.7335280724538022,0.01451961140206106,0.014474332352020985,0.014598813625916217,162.3817229943603,-149.38549594879822,308655.97944500006,4481.564878463947,26367.823962617163,43.880384888641785,221.37083649867694,30,0,official,2026-06-13T16:26:53
challenger_metrics_scoring,Theta,NAM-MSIT,9,1.1043110905349383,0.25543278029769817,0.004647673367202664,0.004655985865212884,0.004641171833093769,56.19162200361583,48.0728295630796,310302.547737,1442.184886892388,3157.4983833972424,43.53196302664378,219.9859467454663,30,0,official,2026-06-13T16:26:53
challenger_metrics_scoring,Theta,NAM-MSIT,10,5.3730183168458385,1.247896345301024,0.02172770358383115,0.021530466508670954,0.02185472873128918,272.81716302174186,-231.5904365015107,319762.8809800001,6947.713095045321,74429.20443923167,43.10248408709369,218.62165399317,30,0,official,2026-06-13T16:26:53
challenger_metrics_scoring,Theta,NAM-MSIT,11,3.251552587517054,0.701735277167607,0.012650545652721609,0.012624429374187179,0.012720553613860234,152.47792085137314,-139.23486797423732,330187.02543700003,4177.04603922712,23249.516347157616,42.82104140304237,217.2869539448198,30,0,official,2026-06-13T16:26:53
challenger_metrics_scoring,Theta,NAM-MSIT,12,9.237829516604757,2.1435407526794346,0.03476774987340329,0.03428604234265799,0.035111641975212396,463.05701505374196,-391.791613487581,339828.38755,11815.068378220356,214421.7991904814,42.63291630349271,216.02435805100455,30,0,official,2026-06-13T16:26:53
challenger_metrics_scoring,Theta,NAM-Multitenant,1,4.508941505949836,1.38354231680492,0.005936355517234985,0.005928681160826726,0.005942263325791188,14930.429669866124,-8247.389901665645,63912922.82564401,379409.8320386256,222917730.12681866,2804.8699200464243,10791.451398715202,30,0,official,2026-06-13T16:26:53
challenger_metrics_scoring,Theta,NAM-Multitenant,2,3.667655094730313,1.131735039030919,0.004786888954397912,0.004776624227550286,0.004785805423177378,12170.587598399004,-4917.940230691867,64975567.425569,311030.826015193,148123202.49030364,2826.79094209342,10753.919582467308,30,0,official,2026-06-13T16:26:53
challenger_metrics_scoring,Theta,NAM-Multitenant,3,15.959207482808118,4.753163374803622,0.020281308798580772,0.0201626354146996,0.02041991080396061,50882.96670720726,-45356.09161586079,67131698.603343,1361518.7095476529,2589076300.9267626,2843.7475378279987,10705.074220031307,30,0,official,2026-06-13T16:26:53
challenger_metrics_scoring,Theta,NAM-Multitenant,4,21.87487275071293,15.221324344357475,0.027945208594307613,0.03483528226009199,0.03042625757799362,162382.12783595247,30791.771086824236,67470310.47917002,1885471.900263105,26367955440.531612,2873.116751733112,10668.068307482543,30,0,official,2026-06-13T16:26:53
challenger_metrics_scoring,Theta,NAM-Multitenant,5,243.67324444587112,48.481464152613285,0.3556197659325775,0.3422275213289068,0.4218264334339986,860289.452911026,-811818.6812818111,68487194.999564,24355400.255123742,740097942789.9524,3331.7021612979456,17744.708579818212,30,0,official,2026-06-13T16:26:53
challenger_metrics_scoring,Theta,NAM-Multitenant,6,6.134608408485495,1.387545003417471,0.00932800762377971,0.00929229346271391,0.009325560942994495,27173.806647983634,-10784.286561336803,75020997.043148,699796.4323620396,738415767.7419995,3802.450978474134,19584.0903041383,30,0,official,2026-06-13T16:26:53
challenger_metrics_scoring,Theta,NAM-Multitenant,7,5.175257981772923,1.2930043782213463,0.007886638369965261,0.0078461112095253,0.007892184467965834,25272.452986461692,-15864.309638746627,76710073.58810298,604984.6097227917,638696879.9529165,3896.6470325635705,19545.527774025344,30,0,official,2026-06-13T16:26:53
challenger_metrics_scoring,Theta,NAM-Multitenant,8,7.3763829670796595,1.7547297346370423,0.011278527257302162,0.011252121556002808,0.011313893576448547,34316.56321940752,-20793.144853460835,78907401.601202,889959.279762045,1177626511.191593,4021.660678112286,19556.608942120503,30,0,official,2026-06-13T16:26:53
challenger_metrics_scoring,Theta,NAM-Multitenant,9,4.428110333580369,1.1085907470236507,0.0067279462717705464,0.006729139169867506,0.006760939612231218,21656.57785744523,-16916.35034169721,80956768.401995,544672.7881447938,469007364.495587,4100.114549346953,19535.23238001842,30,0,official,2026-06-13T16:26:53
challenger_metrics_scoring,Theta,NAM-Multitenant,10,3.741571131550256,0.9443359000669185,0.005579779208641437,0.005563923369521706,0.0055835159760417455,18337.51341358548,-11702.584896533905,82110145.26311502,458156.48135765735,336264398.1934273,4081.6764335024864,19418.422419698356,30,0,official,2026-06-13T16:26:53
challenger_metrics_scoring,Theta,NAM-Multitenant,11,20.563762437944625,4.493515142707431,0.030227237726184828,0.030176785108078436,0.030661371232169422,86885.59560999328,-84826.42321206536,84218068.471854,2545679.576538842,7549106724.5032835,4126.481529861008,19335.774521868643,30,0,official,2026-06-13T16:26:53
challenger_metrics_scoring,Theta,NAM-Multitenant,12,14.94093046877305,3.4256481444600198,0.02164033280329462,0.021625155386745486,0.021361847071846858,66067.39865388664,60959.68412794888,85664310.891847,1853804.1970644654,4364901164.8915825,4135.851737255067,19286.101744200223,30,0,official,2026-06-13T16:26:53
challenger_metrics_scoring,Theta,NAM-SDF,1,1.3449788686776167,0.43643331116802014,0.05481708570976884,0.055098046851169806,0.054423897706207244,125.93405507067328,3.9160779668918546,58817.112402,3224.182691741542,15859.386226543369,79.90665050154428,288.5528025659586,30,0,official,2026-06-13T16:26:53
challenger_metrics_scoring,Theta,NAM-SDF,2,1.5460652228560419,0.5497083845418518,0.06258070052334234,0.06320789309648964,0.06040502978212537,157.51383345959246,91.3502161523083,58531.67987900001,3662.953529635842,24810.607731136228,78.97367406163454,286.54071483896064,30,0,official,2026-06-13T16:26:53
challenger_metrics_scoring,Theta,NAM-SDF,3,5.204818398112155,2.8886147527239485,0.253083488953694,35.15575884679144,0.33990863690540635,822.0740363753646,406.06022572781563,48239.84063899999,12208.70717548831,675805.7212824842,78.18849280067448,284.591095299279,30,0,official,2026-06-13T16:26:53
challenger_metrics_scoring,Theta,NAM-SDF,4,4.445882850390146,2.2243706131212257,0.19758593054548837,1.1370764862401723,0.266880864571469,638.1549239533724,105.71465732118148,53247.077673,10520.873390847602,407241.7069659346,78.88102127210684,286.8923551628461,30,0,official,2026-06-13T16:26:53
challenger_metrics_scoring,Theta,NAM-SDF,5,3.2290051764332937,0.9239626357182409,0.11578881470877914,0.11562322067733084,0.12328161120205386,267.05167215873325,-257.6478960093344,66754.607513,7729.436880280032,71316.59560277556,79.79172591291044,289.02864881667114,30,0,official,2026-06-13T16:26:53
challenger_metrics_scoring,Theta,NAM-SDF,6,4.817035224324126,2.8490816733412334,0.18212310920913524,1.3476022372188579,0.2546524091878725,818.0180986877548,241.381292757276,62586.159845,11398.386024431331,669153.6097807293,78.87552885139792,287.1164088913014,30,0,official,2026-06-13T16:26:53
challenger_metrics_scoring,Theta,NAM-SDF,7,1.4680705624213448,0.4519885201778353,0.044516865278396295,0.04422885983721505,0.04460321857354865,131.88683884218457,-33.21856941601283,79063.849129,3519.674720067143,17394.138259784366,79.9161114404476,291.7924525832948,30,0,official,2026-06-13T16:26:53
challenger_metrics_scoring,Theta,NAM-SDF,8,4.838858256843346,2.1986809044452063,0.1430991711752181,0.3689486215520403,0.1823882012551749,637.43479747252,24.34304282013994,80223.07982599999,11479.856232223956,406323.12102883257,79.08102574947021,289.91692072450326,30,0,official,2026-06-13T16:26:53
challenger_metrics_scoring,Theta,NAM-SDF,9,1.5109440633883633,0.4679128503314268,0.042582783633568724,0.042577689054396343,0.0437311640504982,137.72045549292582,-107.24448085808619,85501.30324900002,3640.883496640314,18966.923861178966,80.32248589612381,294.3292867365733,30,0,official,2026-06-13T16:26:53
challenger_metrics_scoring,Theta,NAM-SDF,10,5.21533324873921,3.029788756248549,0.15479240813523043,0.9319684661115656,0.22979419065926637,886.1525432458467,251.91339007939592,80311.906344,12431.673384918851,785266.3299010822,79.45592219457993,292.4799761759863,30,0,official,2026-06-13T16:26:53
challenger_metrics_scoring,Theta,NAM-SDF,11,1.2943638606676309,0.41388885308390866,0.03338653943330627,0.033331255623345754,0.0332885010803935,123.70913784465965,-2.6841374139922207,94122.05400599999,3142.4096676151016,15303.950786269002,80.92545852328962,298.8945870923946,30,0,official,2026-06-13T16:26:53
challenger_metrics_scoring,Theta,NAM-SDF,12,1.8408331978232693,0.5749119856989235,0.04753853308313078,0.04774115643256753,0.047571500627054945,170.7900509925248,0.30210805746616337,93001.457793,4421.152878071921,29169.241518029226,80.05709739299579,297.07164790606066,30,0,official,2026-06-13T16:26:53
challenger_metrics_scoring,Theta,NAM-TDF,1,2.7506827172829884,0.61424618739904,0.0477043472961422,0.04799057295628192,0.048103050883833216,3.030043913161812,-0.7694094646294484,1502.805974,71.69037810241325,9.181166115688947,0.8687586012976695,4.932947041954318,30,0,official,2026-06-13T16:26:53
challenger_metrics_scoring,Theta,NAM-TDF,2,1.0477750109883648,0.23536852535889116,0.0173233953597696,0.01723922079985918,0.01743747187011378,1.1509234067593193,-0.6620673555899458,1562.061864,27.060215246490657,1.3246246882264774,0.8608786861906161,4.889878138992396,30,0,official,2026-06-13T16:26:53
challenger_metrics_scoring,Theta,NAM-TDF,3,13.414166327811277,4.51437368600477,0.2596467551267967,19.06964857865466,0.36756301628644716,21.868148414765603,11.353655525203784,1313.109423,340.94460080837035,478.2159150902153,0.847225220652234,4.8441156926286615,30,0,official,2026-06-13T16:26:53
challenger_metrics_scoring,Theta,NAM-TDF,4,12.008031806061382,3.675651017773163,0.2907799644292841,2.6484424515748377,0.3472624393590972,18.850624439100116,10.61989206968962,1115.5765580000002,324.38731185338327,355.3460417439985,0.9004731641079318,5.128513111813448,30,0,official,2026-06-13T16:26:53
challenger_metrics_scoring,Theta,NAM-TDF,5,0.7646721784032345,0.1729726499181789,0.01713044145113547,0.016998860433925154,0.017195669242991145,0.9220322348361094,-0.553965983390528,1302.731899,22.31637252234603,0.8501434420768703,0.9728078320196596,5.330508813227164,30,0,official,2026-06-13T16:26:53
challenger_metrics_scoring,Theta,NAM-TDF,6,7.277755833290395,2.855402042448844,0.17239107659857789,1.1859063021321603,0.2498668871902046,15.085833283653953,5.309784544409826,1212.7705540000002,209.07082147111376,227.58236586220139,0.9575791689097716,5.283260661506032,30,0,official,2026-06-13T16:26:53
challenger_metrics_scoring,Theta,NAM-TDF,7,1.5477705426174648,0.3306749263357306,0.036549395472160656,0.03611548524973127,0.036860735383547436,1.7958090675010911,-1.1401584027134064,1264.5843519999999,46.21979358915401,3.224930206919139,0.995405807181014,5.430738542534145,30,0,official,2026-06-13T16:26:53
challenger_metrics_scoring,Theta,NAM-TDF,8,4.280848399345652,2.086643681979287,0.11669786761218516,1.371168801381969,0.17799955459937689,11.235530593204764,3.6068236192749783,1081.2229489999997,126.1764125616584,126.23714771084019,0.9824875880596088,5.3844988918027905,30,0,official,2026-06-13T16:26:53
challenger_metrics_scoring,Theta,NAM-TDF,9,0.8111757655870662,0.18782703008473445,0.02078450795753185,0.0206666198758791,0.02081074001932178,1.0262935159654307,-0.3146681732835172,1183.7470660000001,24.603600312981982,1.0532783809126858,1.0110262722644252,5.464035264266483,30,0,official,2026-06-13T16:26:53
challenger_metrics_scoring,Theta,NAM-TDF,10,4.438953261153262,1.9475581840636336,0.12325530937868415,0.3797318938256353,0.1660587077328126,10.554153417910962,4.070654964516109,1079.1373589999998,133.00940904564112,111.39015436880165,0.9988046071555514,5.419172327827162,30,0,official,2026-06-13T16:26:53
challenger_metrics_scoring,Theta,NAM-TDF,11,1.546836976690753,0.4413141243261837,0.03790879272098251,0.03613916413384456,0.037629731934028784,2.4064033172155326,-1.4362619261661735,1249.0772630000001,47.35101105555917,5.79077692510592,1.020383569160602,5.4528128255349335,30,0,official,2026-06-13T16:26:53
challenger_metrics_scoring,Theta,NAM-TDF,12,1.0919731911446096,0.2395503366339517,0.023173952961332414,0.0230313849175602,0.023381299694808955,1.2958809918091847,-0.9870935326546613,1424.0088099999998,32.99991317946294,1.679307544932356,1.0073480877576104,5.409639619039125,30,0,official,2026-06-13T16:26:53
challenger_metrics_scoring,Theta,NOR-Go Local,1,2.463374039122571,0.5292926471743852,0.002185294119471529,0.002181325433533035,0.0021847512918692852,32.923971247061196,-17.993093009613162,356456.51464300003,778.9623252966649,1083.9878826773122,10.540588002815351,62.20371928993336,30,0,official,2026-06-13T16:26:53
challenger_metrics_scoring,Theta,NOR-Go Local,2,6.4784497952007705,1.4806415480151602,0.005680573702742584,0.005639307206809858,0.005656820942214222,91.39532538013528,-9.880097157278215,358713.41275600006,2037.6979793227802,8353.105501340799,10.48449368670627,61.72684097825916,30,0,official,2026-06-13T16:26:53
challenger_metrics_scoring,Theta,NOR-Go Local,3,14.077142377366572,3.443474751563721,0.012224664099490702,0.01236282124275336,0.012209653496073166,211.1418547556525,137.23303780475635,363500.72746900003,4443.674293229038,44580.88282965706,10.522197792012202,61.31651020811771,30,0,official,2026-06-13T16:26:53
challenger_metrics_scoring,Theta,NOR-Go Local,4,23.13634671929295,7.082852523454015,0.01993621542414542,0.019058150140103692,0.019637631495645912,432.1347221937364,-229.69180411096937,367466.14399700006,7325.884207804234,186740.41812545777,10.554654251291572,61.01139629305767,30,0,official,2026-06-13T16:26:53
challenger_metrics_scoring,Theta,NOR-Go Local,5,422.3803530055956,92.04178766642461,0.26678780892204895,0.240263929728084,0.28819004537671467,5655.39427492186,-4666.519489258542,524771.057063,140002.5204995453,31983484.404818952,11.048692606344671,61.443768295961284,30,0,official,2026-06-13T16:26:53
challenger_metrics_scoring,Theta,NOR-Go Local,6,29.274224735112096,6.43668419407104,0.02009908449140929,0.020032269501718776,0.02026422648809563,481.51304597611914,-450.0037396597545,671677.9660070002,13500.112189792635,231854.8134452002,15.372012196108166,74.8076232199881,30,0,official,2026-06-13T16:26:53
challenger_metrics_scoring,Theta,NOR-Go Local,7,2.4386787885541836,0.7067395940742811,0.001668137390966996,0.001663365652397715,0.0016660193187022195,52.64035186753958,-36.281643537058216,681871.9423469999,1137.4560828803224,2771.0066447383774,15.547436152981897,74.48337734139581,30,0,official,2026-06-13T16:26:53
challenger_metrics_scoring,Theta,NOR-Go Local,8,2.296702426472291,0.5648016440397916,0.0015443516483427077,0.0015424692123029145,0.0015441160488696769,41.77111313228526,-34.423048845336474,688863.3755870002,1063.8472895707055,1744.8258923101737,15.44021372132745,73.95713800249204,30,0,official,2026-06-13T16:26:53
challenger_metrics_scoring,Theta,NOR-Go Local,9,2.5272460160878873,0.5558058638777472,0.0016827217372687342,0.0016826083412159543,0.0016810359443734807,40.8185046200689,38.71083089217561,690146.743246,1161.3249267652682,1666.150319418586,15.317397137338846,73.44021945951829,30,0,official,2026-06-13T16:26:53
challenger_metrics_scoring,Theta,NOR-Go Local,10,1.5217757608491342,0.3838020050791412,0.0009986263456961161,0.0009982824917959055,0.000998229202585277,27.99062443687314,1.1190071082065212,693305.283367,692.3529215805975,783.4750563660799,15.165460847185354,72.92985462934564,30,0,official,2026-06-13T16:26:53
challenger_metrics_scoring,Theta,NOR-Go Local,11,5.412871508448906,1.4240948481721938,0.003531188806209945,0.003535332188606496,0.0035254858680081455,103.15950955743055,73.88365508204758,693206.736071,2447.843866803247,10641.884412129604,15.07421623305626,72.43865090154237,30,0,official,2026-06-13T16:26:53
challenger_metrics_scoring,Theta,NOR-Go Local,12,2.9757862818510183,0.683391138352058,0.0019270974035467063,0.0019286313987888814,0.0019264370351114147,49.17161397612144,39.86841748265057,692507.5429230001,1334.5294879034227,2417.847621016702,14.948760445181229,71.95237283101852,30,0,official,2026-06-13T16:26:53
challenger_metrics_scoring,Theta,NZL-Go Local,6,9.081206828148945,3.027493462636049,0.02334255227069322,0.02283637194204906,0.023248558789293,5.994342167684948,-4.771691737130569,6132.609256,143.15075211391706,35.93213802328589,0.5254468736842105,1.9799686577904794,30,0,official,2026-06-13T16:26:53
challenger_metrics_scoring,Theta,NZL-Go Local,7,2.3327001147215447,0.7994515772415294,0.005689353850179877,0.005668467394965117,0.005670854442084399,1.5325942481039863,-0.03146625785910923,6565.304201999999,37.352338739250825,2.348845129321423,0.533749687804878,1.9170570072450563,30,0,official,2026-06-13T16:26:53
challenger_metrics_scoring,Theta,NZL-Go Local,8,25.64565364883035,9.732868746048393,0.05523116968779231,0.05252277996132558,0.05507675045473031,18.072356728057027,-13.42908557022959,7333.504286,405.0380196262182,326.61007770614816,0.5264544045454543,1.8568376086849543,30,0,official,2026-06-13T16:26:53
challenger_metrics_scoring,Theta,NZL-Go Local,9,12.12452527806681,4.215557328867291,0.025201395702111995,0.02486398071220047,0.025280144853736194,8.114781697814417,-6.997925617516487,8330.402451,209.93776852549462,65.84968200318383,0.5771711021276594,1.924960584036189,30,0,official,2026-06-13T16:26:53
challenger_metrics_scoring,Theta,NZL-Go Local,10,15.764773552700682,6.076794119657638,0.030614810399061405,0.030005512850399787,0.03068096417256286,11.42172480319145,-9.335713787938285,9148.232832,280.07141363814856,130.4557974798388,0.5921882579999999,1.8795642205885597,30,0,official,2026-06-13T16:26:53
challenger_metrics_scoring,Theta,NZL-Go Local,11,264.17272502542755,95.59080687628266,0.33289534115441083,0.31524990924116497,0.38498676192254216,177.86796199135978,-162.8253846603613,14673.565340000003,4884.761539810839,31637.011902959806,0.6163595603773583,1.8607224669791043,30,0,official,2026-06-13T16:26:53
challenger_metrics_scoring,Theta,NZL-Go Local,12,5.694311120758149,2.112778143925655,0.010265284890367156,0.010265284890367156,0.01019668646896399,6.438330177198614,5.621274635608541,16428.01353,168.6382390682562,41.45209547062633,0.9871737803571428,3.047329032491718,30,0,official,2026-06-13T16:26:53
challenger_metrics_scoring,Theta,POL-Go Local,1,201.83007368613858,58.62967448637164,0.2515575526883249,0.2107852652917246,0.256383886671658,492.22538545134313,-353.3073074970358,42134.48465200001,10599.247842840909,242285.83008272332,1.750523373327664,8.395499203492252,30,0,official,2026-06-13T16:26:53
challenger_metrics_scoring,Theta,POL-Go Local,2,136.83445791791027,34.525913874283596,0.1558522494109341,0.152172928207112,0.1666788200550476,436.5251012117514,-404.35555087281375,77834.401313,12130.666526184412,190554.1639879298,2.955071091196888,12.643404684412838,30,0,official,2026-06-13T16:26:53
challenger_metrics_scoring,Theta,POL-Go Local,3,334.994999032194,101.5743982823047,0.2956831281977534,0.2755082328932129,0.3312108641757259,1350.0112186504575,-1182.6185360718457,119988.43592599999,35478.55608215537,1822530.2904820933,3.530257285895162,13.29086109767921,30,0,official,2026-06-13T16:26:53
challenger_metrics_scoring,Theta,POL-Go Local,4,386.6408583270635,149.6976346794417,0.3053254038360614,0.26019390944603876,0.32360158882854584,2892.0684308426316,-2213.0035144840667,217440.49004899999,66390.105434522,8364059.808676562,5.723666981444739,19.319399648736105,30,0,official,2026-06-13T16:26:53
challenger_metrics_scoring,Theta,POL-Go Local,5,263.43015524941126,70.07389831320396,0.2250841439144768,0.21954163676466318,0.24986176248063713,3071.9653699739065,-2899.1801598922557,386426.51668600005,86978.4816941216,9436971.23431892,11.005887767072052,43.83893923302764,30,0,official,2026-06-13T16:26:53
challenger_metrics_scoring,Theta,POL-Go Local,6,11.094966947438007,3.4729708044323817,0.011717150876980774,0.011787337931851417,0.011681092143680264,198.39152443102148,158.0992123174606,409985.41115899995,4803.860919911,39359.19696606459,14.432552894386294,57.124443481593374,30,0,official,2026-06-13T16:26:53
challenger_metrics_scoring,Theta,POL-Go Local,7,6.899689236415983,1.818221320989586,0.007377095929848325,0.007377543713642552,0.007405017180924558,103.89171377705931,-103.59986102706947,421303.43164399994,3107.995830812084,10793.488191534414,15.015148867905246,57.139201139999365,30,0,official,2026-06-13T16:26:53
challenger_metrics_scoring,Theta,POL-Go Local,8,1.2772813242635797,0.40390046292159815,0.0013363504538804745,0.0013352253121946718,0.0013339273037921858,22.791865572816796,18.866864275838875,423546.029136,566.0059282751663,519.4691362893515,14.771111044559133,56.4294118604191,30,0,official,2026-06-13T16:26:53
challenger_metrics_scoring,Theta,POL-Go Local,9,11.899973425611348,3.7090964784232043,0.012250663093108296,0.012295204104192877,0.01218690481723306,206.47101986771406,171.919530520833,421004.6326819998,5157.58591562499,42630.28204521397,14.447051633814958,55.66612275221489,30,0,official,2026-06-13T16:26:53
challenger_metrics_scoring,Theta,POL-Go Local,10,23.96322256071342,7.550637593866634,0.02501253303351019,0.025262023532762263,0.024797660994284362,414.9471552502782,341.5918570765923,409704.83471499995,10247.755712297769,172181.14165029846,14.254838063250148,54.955247168442945,30,0,official,2026-06-13T16:26:53
challenger_metrics_scoring,Theta,POL-Go Local,11,9.09293483056147,2.7510596374733014,0.009747722564659281,0.009759344660574746,0.009696944466541468,149.56708382303228,130.26068935457832,400895.763571,3907.820680637349,22370.312563325966,14.325483661971324,54.36708160947085,30,0,official,2026-06-13T16:26:53
challenger_metrics_scoring,Theta,POL-Go Local,12,5.899140548540677,1.689663386920084,0.006216822603991746,0.006214705334613826,0.006191673215054322,90.71599481466004,82.87719464813715,399933.5348329999,2486.3158394441143,8229.391715213427,14.049028662088618,53.68879713965811,30,0,official,2026-06-13T16:26:53
challenger_metrics_scoring,Theta,QAT-Go Local,1,10.646519600382144,3.2030060738783246,0.011887574434467951,0.011777254091375299,0.011883498364663826,86.56728851191397,-69.99079161790675,176660.63955000002,2100.066502291338,7493.895440304952,6.575126836805143,27.026888652476057,30,0,official,2026-06-13T16:26:53
challenger_metrics_scoring,Theta,QAT-Go Local,2,12.045285527360098,3.410103635230482,0.013324805032325738,0.013400636385319421,0.013284085089804047,91.03962277378847,79.73815949793176,179525.68755300003,2392.144784937953,8288.212914793703,6.619864619797648,26.69702522622462,30,0,official,2026-06-13T16:26:53
challenger_metrics_scoring,Theta,QAT-Go Local,3,6.840644252537412,1.903819930179133,0.007439340521647453,0.007415722644359603,0.007448739138329867,50.44216491461482,-46.06282266696617,185753.65329600003,1381.884680008985,2544.4120012731987,6.733696559337962,26.495239447287776,30,0,official,2026-06-13T16:26:53
challenger_metrics_scoring,Theta,QAT-Go Local,4,13.080788297671074,4.841120067105242,0.013774800470224155,0.013930450324510702,0.013883922194275129,126.68312877481424,-52.672512248816325,191053.96363,2631.730228048713,16048.615116176168,6.706349719808224,26.16814435890756,30,0,official,2026-06-13T16:26:53
challenger_metrics_scoring,Theta,QAT-Go Local,5,93.98963829301938,22.041399759902717,0.10411146658617504,0.10331418974648737,0.10933705199976664,706.3705208205071,-682.7244371734021,196784.14629399995,20487.486071576757,498959.31268423435,7.265866906060985,32.047443833649915,30,0,official,2026-06-13T16:26:53
challenger_metrics_scoring,Theta,QAT-Go Local,6,11.37405628653169,3.011830024057518,0.01298047971908816,0.012905152438149632,0.013014079559763359,101.5377438229218,-88.92997255727465,205531.63168499997,2667.8991767182397,10309.913420649294,7.818668232069407,33.712972847694374,30,0,official,2026-06-13T16:26:53
challenger_metrics_scoring,Theta,QAT-Go Local,7,7.844337006677494,2.202934267178824,0.008684985398323478,0.008634145062902747,0.008687435086564903,73.42869278849548,-61.425691929491435,212178.91261399997,1842.770757884743,5391.772924627249,7.830577890419905,33.332221429616936,30,0,official,2026-06-13T16:26:53
challenger_metrics_scoring,Theta,QAT-Go Local,8,8.937768687971964,2.3869067290812813,0.009570053565785807,0.00952980453264405,0.009587433865806426,78.67915693915494,-69.91647028110559,219172.66126199998,2097.4941084331676,6190.409736656173,7.822586679290095,32.96281165097662,30,0,official,2026-06-13T16:26:53
challenger_metrics_scoring,Theta,QAT-Go Local,9,9.40304301157387,2.5719707944902304,0.009756359826615988,0.009710922443990867,0.009772487760702027,83.84727404569402,-73.42767113317498,225784.019157,2202.8301339952495,7030.365364893715,7.808926434006044,32.6003989723813,30,0,official,2026-06-13T16:26:53
challenger_metrics_scoring,Theta,QAT-Go Local,10,10.763000500524056,2.8966120252291803,0.010817063901600359,0.010773668845404306,0.010845641015112427,93.43119244230924,-84.01321310365232,233001.895527,2520.3963931095695,8729.387721191822,7.805742747996868,32.25533541549009,30,0,official,2026-06-13T16:26:53
challenger_metrics_scoring,Theta,QAT-Go Local,11,51.691375046845515,20.686124346707427,0.053589248304190665,0.058875286818764236,0.054507020843386725,660.4548348459633,388.2818764149015,225928.08320299996,12107.316149655413,436200.58887140866,7.807437984049956,31.927432310493998,30,0,official,2026-06-13T16:26:53
challenger_metrics_scoring,Theta,QAT-Go Local,12,46.64281926609919,12.661643983469027,0.06470494003231501,0.06520350836671904,0.06287535733243826,429.72378304777607,403.87472729392783,187253.73692899998,12116.241818817834,184662.5297168921,8.65888326753591,33.939019578249166,30,0,official,2026-06-13T16:26:53
challenger_metrics_scoring,Theta,SGP-Go Local,1,65.97843487392038,26.969151864567454,0.03633241649236337,0.035552976010436006,0.03656917511676243,83.50142136583459,-66.2921796795402,54738.043389000006,1988.7653903862058,6972.487370114658,1.00475526293128,3.096182697370629,30,0,official,2026-06-13T16:26:53
challenger_metrics_scoring,Theta,SGP-Go Local,2,62.90563520159588,28.029880777160155,0.03376290670444975,0.032871836710654606,0.033829760687712145,88.82828585869892,-64.83210870318439,59622.730227,2013.036678118777,7890.464368594729,1.0666965270904205,3.169056856320262,30,0,official,2026-06-13T16:26:53
challenger_metrics_scoring,Theta,SGP-Go Local,3,91.65079553381726,35.599783847755184,0.04729247957928748,0.0467584406970788,0.048135344272939036,116.62092570670147,-104.86447215418998,66520.81245499999,3145.9341646256994,13600.440312687984,1.1441741617561536,3.2758885898138748,30,0,official,2026-06-13T16:26:53
challenger_metrics_scoring,Theta,SGP-Go Local,6,56.20427737480851,5.157644263755135,0.04681987877692161,0.04626813788753248,0.0476687503590731,164.2393483487585,-145.06418211726583,92950.378711,4351.925463517975,26974.563546024845,2.5810167640779147,31.84386901262951,30,0,official,2026-06-13T16:26:53
challenger_metrics_scoring,Theta,SGP-Go Local,7,51.67389108837789,5.3000292837557295,0.04076544892870365,0.039994837233523074,0.041206408404614696,167.77777115451764,-136.40296190019387,101264.65517600001,4128.099128860014,28149.380493577686,2.662917411425255,31.656008329755156,30,0,official,2026-06-13T16:26:53
challenger_metrics_scoring,Theta,SGP-Go Local,8,87.55158177055648,13.219815356715692,0.06531884075851173,0.06539457783091888,0.0598448251884049,416.234392713964,211.79519623961514,111471.41194499997,7281.183405961916,173251.0696779624,2.772149955761116,31.485643443765355,30,0,official,2026-06-13T16:26:53
challenger_metrics_scoring,Theta,SGP-Go Local,9,20.07903247334694,1.9337286083085754,0.014986779648278478,0.014986779648278475,0.015113930211020884,60.53902215165694,-57.156686089215874,114414.21191999996,1714.7005826764762,3664.973203078809,2.846585669159413,31.306886546302984,30,0,official,2026-06-13T16:26:53
challenger_metrics_scoring,Theta,SGP-Go Local,10,46.93442453261814,4.750604890297874,0.034593105901885086,0.034593105901885066,0.03536340936276628,147.79340350189997,-131.9314316543094,114414.21191999996,3957.9429496292814,21842.890118675416,2.810973671630312,31.110438968253785,30,0,official,2026-06-13T16:26:53
challenger_metrics_scoring,Theta,SGP-Go Local,11,3.3320282584355505,0.3395354914081155,0.0024255332440002446,0.0024255332440002437,0.0024217516549243103,10.49763732833649,9.250515819934966,114414.21191999996,277.51547459804897,110.20038947728366,2.776241706989081,30.917643645443,30,0,official,2026-06-13T16:26:53
challenger_metrics_scoring,Theta,SGP-Go Local,12,3.5246520194405475,0.3569654224893695,0.0025344376167947807,0.0025344376167947794,0.002530309148679143,10.968972288435515,9.665856086199256,114414.21191999996,289.97568258597767,120.31835306446625,2.742357552713381,30.728388794469787,30,0,official,2026-06-13T16:26:53
challenger_metrics_scoring,Theta,SWE-Go Local,1,11.722851204021458,3.0405428235567493,0.014472475791531004,0.014380235848569595,0.014500546538138733,315.26980149197794,-230.90043630376798,574357.058157,8312.368619872148,99395.0477327912,23.63579893436572,103.68865685739082,30,0,official,2026-06-13T16:26:53
challenger_metrics_scoring,Theta,SWE-Go Local,2,56.32193848887698,16.519262599705367,0.06454324532294273,0.06203746869595535,0.06524603876539538,1701.9728080088466,-1345.2800760177697,626715.8838470001,40450.277038921806,2896711.4392015184,23.939917626065807,103.02958729157817,30,0,official,2026-06-13T16:26:53
challenger_metrics_scoring,Theta,SWE-Go Local,3,59.50629874568741,16.638785526759953,0.06375881618279824,0.06235649965594413,0.06503274671141816,1750.6666098803537,-1510.0664303865153,710521.236494,45301.99291159546,3064833.57894997,25.37658134040733,105.21600912907846,30,0,official,2026-06-13T16:26:53
challenger_metrics_scoring,Theta,SWE-Go Local,4,135.63408983425037,44.70469637974725,0.12660982626445977,0.11758929799514,0.12952460934258953,4734.301575455548,-3690.0149264836637,874343.2564490001,110700.4477945099,22413611.40736089,27.205659956084723,105.90166042600278,30,0,official,2026-06-13T16:26:53
challenger_metrics_scoring,Theta,SWE-Go Local,5,127.3484088738348,36.9296949037698,0.11639724284630024,0.11500498642271842,0.12274901193929301,4538.440495155096,-4317.365405949648,1112888.957086,129537.20619890493,20597442.12806363,33.90624909632455,122.89406958224856,30,0,official,2026-06-13T16:26:53
challenger_metrics_scoring,Theta,SWE-Go Local,6,4.443854209226746,1.8160856540110593,0.0043129559812053585,0.0043308872503019435,0.004311453060946557,240.43910830305217,152.12262456938697,1148100.5442380002,4951.707109296411,57810.96480156684,37.14273598366641,132.3941454919879,30,0,official,2026-06-13T16:26:53
challenger_metrics_scoring,Theta,SWE-Go Local,7,1.876280448944087,0.620436502141173,0.0018178444487295263,0.0018147035510285602,0.0018169168899932128,81.97423869770454,-70.70494546159122,1166848.1125160002,2121.1483638477366,6719.77581006824,37.68356990629082,132.1234943701818,30,0,official,2026-06-13T16:26:53
challenger_metrics_scoring,Theta,SWE-Go Local,8,0.6539902523869334,0.22464958989201836,0.0006199463444029283,0.0006195405091681679,0.0006195728629757525,29.387307633563708,-8.881991757544165,1176995.9162829998,729.6743156768207,863.6138499497117,37.19088640917076,130.81398300210216,30,0,official,2026-06-13T16:26:53
challenger_metrics_scoring,Theta,SWE-Go Local,9,5.433757572446835,1.627528261094624,0.005073708582511913,0.005073242344297046,0.005058864992400923,210.82179603753005,199.13527339078914,1177453.948048,5974.058201723674,44445.82968448992,36.64780232385635,129.5349525271764,30,0,official,2026-06-13T16:26:53
challenger_metrics_scoring,Theta,SWE-Go Local,10,2.2029417761971226,0.989611825453203,0.0020139503485116783,0.002017134167739332,0.002013089624339463,126.95663837844869,14.905930165397148,1184526.67497,2385.577909877211,16117.98802835619,36.09685218274157,128.2893303344547,30,0,official,2026-06-13T16:26:53
challenger_metrics_scoring,Theta,SWE-Go Local,11,116.64610245772023,35.40717712117879,0.11871961868938193,0.12096429650046002,0.11298805375022239,4502.357712386826,4183.0203087593645,1057033.459576,125490.60926278093,20271224.970289133,35.86078077727072,127.15946535296492,30,0,official,2026-06-13T16:26:53
challenger_metrics_scoring,Theta,SWE-Go Local,12,11.13224235083513,3.618724501393699,0.01265117633388537,0.012671530972056165,0.012573532706414021,474.15443620023734,427.6545878616613,1014106.3010469999,12829.637635849838,224822.42936836494,38.41585319327683,131.02805588478031,30,0,official,2026-06-13T16:26:53
challenger_metrics_scoring,Theta,TWN-Go Local,6,26.96790622929886,13.972394237361216,0.06514231871705868,0.054562846688481215,0.06067807928926191,47.03769670366196,-23.535210426450437,10838.673334000001,706.0563127935131,2212.544911185691,0.8727118162729659,3.3664736268238413,30,0,official,2026-06-13T16:26:53
challenger_metrics_scoring,Theta,TWN-Go Local,7,16.37176670368047,8.312981935657998,0.03805417825336767,0.031021422341359777,0.03441359837466663,48.319675870244794,-15.797103351082487,14464.464082999999,550.4332945539163,2334.7910762055167,1.1206961849148422,5.812556341904301,30,0,official,2026-06-13T16:26:53
challenger_metrics_scoring,Theta,TWN-Go Local,8,423.5095964483905,104.69625009255637,0.490561937782738,0.4389278290931814,0.5934718403740978,759.0071952467437,-645.3610420750103,39466.639727,19360.83126225031,576091.9224363284,1.5238404217687072,7.249612040314203,30,0,official,2026-06-13T16:26:53
challenger_metrics_scoring,Theta,TWN-Go Local,9,15.761537788090648,5.338088508348511,0.032324295555103855,0.03217453978159578,0.032778235576381695,73.29335798076036,-68.32912396852672,63415.88219800001,2049.8737190558013,5371.916324095889,4.335181305732485,13.730262783416407,30,0,official,2026-06-13T16:26:53
challenger_metrics_scoring,Theta,TWN-Go Local,10,14.115334471001812,5.252364163685951,0.029252080576987718,0.028997427893438423,0.02951746214197101,71.25987274072271,-64.44082309649954,66088.45096700001,1933.2246928949862,5077.9694630239965,4.565306137724554,13.567199554326919,30,0,official,2026-06-13T16:26:53
challenger_metrics_scoring,Theta,TWN-Go Local,11,97.62427552114977,44.506334633319085,0.16647682462263733,0.1478045859690573,0.16742836891052784,589.2332568758177,-397.1639902563008,80562.92697,13411.860264271028,347195.83100848336,4.579414355932206,13.239312150290981,30,0,official,2026-06-13T16:26:53
challenger_metrics_scoring,Theta,TWN-Go Local,12,4.762531718802407,1.6620895979583525,0.01002162740572461,0.010021627405724608,0.009956235195039513,36.583734347201144,31.941079798930346,95616.44582999998,958.2323939679104,1338.3696187865849,6.706743741532979,22.010687265078374,30,0,official,2026-06-13T16:26:53
challenger_metrics_scoring,Theta,ZAF-Go Local,1,4.5130521217532245,1.8665830741545144,0.0029332509856561002,0.0029235442507083032,0.0029293411976967733,183.31278663940984,-100.78274945830393,1496234.3697339997,4388.830939794789,33603.5777455058,32.415837600163606,98.2076764638204,30,0,official,2026-06-13T16:26:53
challenger_metrics_scoring,Theta,ZAF-Go Local,2,7.115742935942766,2.9097347129296156,0.0045483778359736386,0.0045311632408258605,0.004546726297064782,284.225992193087,-230.08615419329507,1522194.1913240005,6923.5143218659,80784.41463814476,32.43284823614651,97.6810672567875,30,0,official,2026-06-13T16:26:53
challenger_metrics_scoring,Theta,ZAF-Go Local,3,5.861920529111566,2.178957754512529,0.0036797548370924335,0.003674977181393105,0.003683361389840351,211.64616635640576,-190.05178160444993,1549438.4002600003,5701.553448133498,44794.099733363386,32.42141899751313,97.13183558428132,30,0,official,2026-06-13T16:26:53
challenger_metrics_scoring,Theta,ZAF-Go Local,6,14.008681575974894,1.0482874165834157,0.015449995488937454,0.015424183733284202,0.015560282948245107,909.9428900090262,-854.0266271968255,1658304.6146680003,25620.798815904767,827996.0630779787,60.964097339573655,868.028057586265,30,0,official,2026-06-13T16:26:53
challenger_metrics_scoring,Theta,ZAF-Go Local,7,19.38983266708681,1.4196000078372737,0.02112127992412426,0.021121563931604845,0.020898612195195957,1224.2443727600296,1050.5407228422196,1672735.0915249998,35330.30610700513,1498774.284234598,60.73682483256015,862.3868455912002,30,0,official,2026-06-13T16:26:53
challenger_metrics_scoring,Theta,ZAF-Go Local,8,27.33867897309811,2.0772844019501777,0.02979101810309661,0.02983095384225677,0.029343628976020456,1779.902036568554,1518.5286714549686,1656114.4794130002,49337.33643699311,3168051.2597808857,60.15571867431511,856.8408037424061,30,0,official,2026-06-13T16:26:53
challenger_metrics_scoring,Theta,ZAF-Go Local,9,14.526143617402386,1.1126686747340186,0.015775835996138667,0.015755128380684855,0.015904144271179522,947.3361854811482,-868.5712939537235,1651712.0756700002,26057.138818611704,897445.8483219723,59.79366009524862,851.4090555372264,30,0,official,2026-06-13T16:26:53
challenger_metrics_scoring,Theta,ZAF-Go Local,10,10.390890250656193,1.3070987602112238,0.010909006507731994,0.01099668366794985,0.011197380946241378,1105.9126768689216,-606.4263791397605,1700110.1665450002,18546.51287070073,1223042.848859384,59.4960663405124,846.0819568754001,30,0,official,2026-06-13T16:26:53
challenger_metrics_scoring,Theta,ZAF-Go Local,11,38.16959543111534,2.7958252383824385,0.038936743808662355,0.03888083511984284,0.0397063280806386,2350.9334734483714,-2272.517875124382,1750930.601407,68175.53625373146,5526888.196580025,59.53738438819963,840.8728275192677,30,0,official,2026-06-13T16:26:53
challenger_metrics_scoring,Theta,ZAF-Go Local,12,32.03250231485809,2.556674215544376,0.03207323557590097,0.032042751863414876,0.03173178546071385,2136.743191847378,829.5152049505208,1780941.344821,57120.551299305815,4565671.46790612,59.4402010160898,835.7510623982317,30,0,official,2026-06-13T16:26:53
challenger_metrics_scoring,XGBoost,APC-Dedicated,1,77.38678769279146,6.39568602383512,0.06632011683731504,0.06745388014314,0.06475140736445543,167.31009733331635,147.97823096145828,68118.092036,4517.599822562499,27992.668669683786,1.945896260093897,26.159835975342364,30,0,official,2026-06-13T16:26:53
challenger_metrics_scoring,XGBoost,APC-Dedicated,2,202.53657848549426,20.469895879506968,0.23295693576101786,0.28222160310329547,0.2252339338249728,536.0343441434602,414.9144622979167,53432.33859200001,12447.433868937502,287332.8181013095,2.0485902615740743,26.18647145538734,30,0,official,2026-06-13T16:26:53
challenger_metrics_scoring,XGBoost,APC-Dedicated,3,13.349604773414155,1.2377839279667373,0.025220939240639628,0.02524407670421305,0.024917466517919075,32.880791481687346,32.27507588828122,38390.809613,968.2522766484367,1081.1464484622034,2.417680256164384,26.564241737812377,30,0,official,2026-06-13T16:26:53
challenger_metrics_scoring,XGBoost,APC-Dedicated,4,1.709208984436533,0.17944994899444766,0.003204952881400339,0.0032054067236289827,0.003204460446895892,4.735209740631088,-0.22651769687500595,38530.769652,123.48930121875014,22.422211287767535,2.4083128968468475,26.3873562916287,30,0,official,2026-06-13T16:26:53
challenger_metrics_scoring,XGBoost,APC-Dedicated,5,2.4878830539783663,0.26537600430897346,0.004578897615656992,0.004571045470141583,0.004585450919333846,6.955771353988342,-5.928928330729165,38845.12493,177.86784992187495,48.38275512896481,2.383121795555556,26.211003410428308,30,0,official,2026-06-13T16:26:53
challenger_metrics_scoring,XGBoost,APC-Dedicated,6,3.7930606629808454,0.3726293939806026,0.00683539369978163,0.006827143608217853,0.006854667485625974,9.702544891877274,-8.940281755208291,39238.18648,268.2084526562487,94.13937737889378,2.357009958333334,26.03805563546698,30,0,official,2026-06-13T16:26:53
challenger_metrics_scoring,XGBoost,APC-Dedicated,7,1.7807972226651234,0.1958078056217694,0.003143258200544997,0.0031376399720834413,0.0031438844248503563,5.065251509044716,-2.898940383333335,39638.56977400001,124.59425950000059,25.656772849879772,2.332181300865801,25.868486156414875,30,0,official,2026-06-13T16:26:53
challenger_metrics_scoring,XGBoost,APC-Dedicated,8,1.9701517696939785,0.2086172666996472,0.0034132270566441534,0.003408602482735519,0.003416686733222175,5.361925867575155,-4.507857225000028,39974.23962300001,136.4411562500004,28.750249009371583,2.308471160256411,25.70221512534189,30,0,official,2026-06-13T16:26:53
challenger_metrics_scoring,XGBoost,APC-Dedicated,9,84.52182089323225,16.261219313306118,0.16877551644825978,1.0851802967531972,0.2258491435533855,415.3032088636649,192.34742267447916,34372.12980999999,5801.173960109374,172476.7552924569,2.2878407409282717,25.539487590812673,30,0,official,2026-06-13T16:26:53
challenger_metrics_scoring,XGBoost,APC-Dedicated,10,27.9647573857655,2.931465382950386,1.5869503809661074,1.9395528327179987,0.9095179632188665,79.6464616368341,78.00416396386717,1474.6049699999999,2340.1249189160153,6343.558851267688,2.789373885416668,27.16950440556579,30,0,official,2026-06-13T16:26:53
challenger_metrics_scoring,XGBoost,APC-Dedicated,11,0.2450122869162752,0.02545616765860115,0.02389299070145211,0.023906512177525506,0.023617449020248156,0.6873853424623775,0.6795653861002666,853.261186,20.386961583008,0.47249860903212004,2.773597172016461,27.002703300868745,30,0,official,2026-06-13T16:26:53
challenger_metrics_scoring,XGBoost,APC-Dedicated,12,0.22233799008834237,0.023327800239786246,0.021132862365238897,0.021158395764008044,0.0209242890534541,0.6260609505245883,0.6091844366699172,864.7921320000003,18.275533100097515,0.39195231377175105,2.7399025979674803,26.837547650842065,30,0,official,2026-06-13T16:26:53
challenger_metrics_scoring,XGBoost,APC-MSIT,1,1.583950371338534,0.3781370332975176,0.010999915112270562,0.011166322518487433,0.011020436267195574,45.997955174737235,30.18070511666656,82311.64915900002,905.4211534999968,2115.8118802571357,19.054072439884614,121.64361362232965,30,0,official,2026-06-13T16:26:53
challenger_metrics_scoring,XGBoost,APC-MSIT,2,8.471434856754485,1.3502873620727731,0.06286268611790492,0.06300599060747623,0.060998100687538574,163.1181769783898,159.73207330416662,76229.03975400001,4791.962199124999,26607.539660753297,18.855374090117483,120.80256511324632,30,0,official,2026-06-13T16:26:53
challenger_metrics_scoring,XGBoost,APC-MSIT,3,6.851351803832953,1.288866111846869,0.05344755026657844,0.05481182634398399,0.05268639142578763,154.64464231001827,128.2728720854166,71999.299189,3848.186162562498,23914.96539519349,18.722272006767337,119.98503249373329,30,0,official,2026-06-13T16:26:53
challenger_metrics_scoring,XGBoost,APC-MSIT,4,5.318296208496356,2.0333220990366416,0.044462682892733876,0.06037278514121539,0.04946047060698866,242.34583182211549,90.62546707604163,66749.627101,2967.8675029999986,58731.502201553085,18.60161842971827,119.18713318314663,30,0,official,2026-06-13T16:26:53
challenger_metrics_scoring,XGBoost,APC-MSIT,5,6.1641907758013765,1.0247654442694365,0.052228874744049573,0.051978975084295304,0.05348265021335127,123.90699154782287,-113.4300217015626,67954.140153,3549.1682743906267,15352.942554432248,19.192399042999103,120.91253880653358,30,0,official,2026-06-13T16:26:53
challenger_metrics_scoring,XGBoost,APC-MSIT,6,1.3047363119412283,0.24884524829472868,0.010983914637904614,0.01105154717200388,0.010981634497499473,29.892784155104827,16.625318941666578,67785.822463,744.5536875937491,893.5785445436862,19.02181768529097,120.12599943118163,30,0,official,2026-06-13T16:26:53
challenger_metrics_scoring,XGBoost,APC-MSIT,7,1.4075359033870467,0.22788517967662045,0.011919480686897837,0.011922661727034236,0.011848265250448417,27.197408319283845,26.502479940104028,66703.778385,795.0743982031208,739.6990192858501,18.828990348544117,119.34698148373762,30,0,official,2026-06-13T16:26:53
challenger_metrics_scoring,XGBoost,APC-MSIT,8,1.7358816327814217,0.2969773763672213,0.014307339963869983,0.014269034605797969,0.01439094279776815,35.215655018636944,-32.29019187604176,67706.908393,968.7057562812529,1240.1423583916492,18.601609272345858,118.58026173378182,30,0,official,2026-06-13T16:26:53
challenger_metrics_scoring,XGBoost,APC-MSIT,9,0.5938016645545511,0.10408948279445016,0.004862168480153473,0.004869524204089458,0.004854664236907861,12.264969980782015,10.79473175781233,67468.76522500001,328.04450367186973,150.42948862948398,18.414931182897973,117.83102049802825,30,0,official,2026-06-13T16:26:53
challenger_metrics_scoring,XGBoost,APC-MSIT,10,2.2056342432765508,0.35864117104341925,0.01751583864509304,0.017487028108879865,0.017655874467399593,41.9943599123434,-40.13701925416672,68744.100812,1204.1105776250015,1763.5262644474342,18.197495517,117.09297008529818,30,0,official,2026-06-13T16:26:53
challenger_metrics_scoring,XGBoost,APC-MSIT,11,0.9729199646504006,0.20604350362940904,0.007589525848843127,0.007533484165258633,0.007585708370026186,23.97707665176316,-14.792405672395823,69219.55659400001,525.3436140156227,574.900204764526,17.99886366481661,116.36900086347036,30,0,official,2026-06-13T16:26:53
challenger_metrics_scoring,XGBoost,APC-MSIT,12,0.5852683547370222,0.10354977887387773,0.00443795004497748,0.004426685129028207,0.004436395609069498,11.97638177358556,-4.782124905729188,70430.70129600001,312.56793398437867,143.4337203866724,17.801972460127534,115.65820713313774,30,0,official,2026-06-13T16:26:53
challenger_metrics_scoring,XGBoost,APC-Multitenant,1,9.790284691374184,2.364231865981625,0.013422308865818218,0.013360715887608444,0.013481582380880274,7064.078048014484,-6088.587851300003,13612520.948039,182711.4606070001,49901198.66844012,622.0842613084909,2987.8956246457205,30,0,official,2026-06-13T16:26:53
challenger_metrics_scoring,XGBoost,APC-Multitenant,2,10.470338554652953,3.309087143607133,0.013969892528578637,0.01371615404323464,0.013932188375512737,9820.39436751397,-6113.785083100011,13909008.864992999,194307.3590229997,96440145.53350012,618.5962310220641,2967.704971591973,30,0,official,2026-06-13T16:26:53
challenger_metrics_scoring,XGBoost,APC-Multitenant,3,20.13923732719522,4.31366746571104,0.02580226603457459,0.025782730835265943,0.026129337843388174,12727.397591092016,-12539.881297266662,14579976.751418,376196.43891799985,161986649.44173488,622.6591947617255,2950.4818561609054,30,0,official,2026-06-13T16:26:53
challenger_metrics_scoring,XGBoost,APC-Multitenant,4,22.579754878066996,11.138665931395996,0.028800424143257303,0.03479784468462926,0.031081612730205925,32647.987416097276,3323.0302128333465,14561539.718615,419378.5200749996,1065891082.3216461,619.106986678534,2931.0500572670953,30,0,official,2026-06-13T16:26:53
challenger_metrics_scoring,XGBoost,APC-Multitenant,5,136.20606149360705,24.33231643194757,0.19434910810036787,0.18632245962274496,0.20812842838480794,101693.83472869135,-92672.13433316669,14648261.342494998,2846876.527135,10341636021.826391,696.7082316104364,4179.373345448135,30,0,official,2026-06-13T16:26:53
challenger_metrics_scoring,XGBoost,APC-Multitenant,6,11.481549201658456,2.0968203733188098,0.016830139518616807,0.01679343575159252,0.016954124327442477,9485.552731979678,-8914.986740999975,15891110.227229998,267449.60222999926,89975710.63116713,776.4620073841818,4523.779362638544,30,0,official,2026-06-13T16:26:53
challenger_metrics_scoring,XGBoost,APC-Multitenant,7,10.198600931498687,1.9212314684449643,0.014537409647410402,0.01449610832511112,0.014622721375262214,8635.968334519468,-7887.64717343332,16277275.040202998,236629.4152029996,74579949.07482295,773.4048254669995,4495.017116032031,30,0,official,2026-06-13T16:26:53
challenger_metrics_scoring,XGBoost,APC-Multitenant,8,9.4744382247537,1.7075272233396943,0.0131456458997134,0.013129029584104489,0.013224158331419544,7626.608355896274,-7281.008585033344,16616167.757551001,218430.25755100034,58165155.01422686,768.4897417991898,4466.463697708813,30,0,official,2026-06-13T16:26:53
challenger_metrics_scoring,XGBoost,APC-Multitenant,9,4.158702405089255,0.8938705612558726,0.0056936647104464996,0.005675520648746874,0.0057007562280600365,3967.356561758071,-3171.7509453666785,16712000.653360998,95152.52836100035,15739918.088124825,762.6780270416116,4438.40163634431,30,0,official,2026-06-13T16:26:53
challenger_metrics_scoring,XGBoost,APC-Multitenant,10,12.668497308899665,2.3328972823274277,0.016828889417211335,0.016786546770938205,0.016949994115722556,10289.95127554986,-9587.503557100015,17091151.981713,287625.10671300045,105883097.25319019,756.7987996780612,4410.803404633415,30,0,official,2026-06-13T16:26:53
challenger_metrics_scoring,XGBoost,APC-Multitenant,11,10.852344970763571,1.9486632522380591,0.014047658416750647,0.014029585899906155,0.014137803343205493,8542.690833652072,-8172.199998133316,17452445.999943998,245165.99994399946,72977566.67936312,753.0354057256179,4383.872289807234,30,0,official,2026-06-13T16:26:53
challenger_metrics_scoring,XGBoost,APC-Multitenant,12,11.628128219132906,2.3320567354061277,0.0146586731863179,0.014581345319022967,0.014727343302737448,10161.447855723281,-8694.5406504,17793985.594511997,260836.21951199998,103255022.52458328,747.7162692525195,4357.290155701836,30,0,official,2026-06-13T16:26:53
challenger_metrics_scoring,XGBoost,ARE-Go Local,1,31.31364205105046,4.891945926813929,0.02207683476358333,0.022001824149088703,0.02228448650618706,1060.8961923754605,-986.1753028833339,1340104.2043989997,29585.259086500017,1125500.73099675,31.49347179978546,216.86588695930467,30,0,official,2026-06-13T16:26:53
challenger_metrics_scoring,XGBoost,ARE-Go Local,2,9.913821547404055,1.9404284880038005,0.006921062284180353,0.006878951221151989,0.006917178652005658,418.05439758405623,-228.06418608333308,1360448.60527,9415.749531499961,174769.47933936818,31.658661215144583,215.44437229641284,30,0,official,2026-06-13T16:26:53
challenger_metrics_scoring,XGBoost,ARE-Go Local,3,13.075463139429765,2.100173819807482,0.009011106341750973,0.00899812151698168,0.009045309297041238,449.61310250933167,-417.21070153333443,1388988.2741709996,12516.321046000034,202151.9419480668,31.90791003610519,214.08375738658935,30,0,official,2026-06-13T16:26:53
challenger_metrics_scoring,XGBoost,ARE-Go Local,4,20.315558967826863,3.566301446453618,0.013884536689421852,0.013832143281636032,0.013944118759686897,758.8124249505905,-582.7329782750011,1411214.3448169997,19594.057347250055,575796.2962593957,32.149508952359405,212.77293474592977,30,0,official,2026-06-13T16:26:53
challenger_metrics_scoring,XGBoost,ARE-Go Local,5,76.00186334184203,12.682993465961076,0.05248724098707345,0.05204654641173869,0.053645156177154533,2717.121694245111,-2511.414843941668,1447498.019537,75975.17737975006,7382750.301337424,33.32162925095142,214.23346953046914,30,0,official,2026-06-13T16:26:53
challenger_metrics_scoring,XGBoost,ARE-Go Local,6,26.66768617498345,4.796991335078139,0.018413269231008268,0.01832786875588955,0.0185404780082402,1033.265800874874,-921.7880916333343,1501832.314624,27653.642749000028,1067638.2152575948,34.56573193433068,215.39872155262984,30,0,official,2026-06-13T16:26:53
challenger_metrics_scoring,XGBoost,ARE-Go Local,7,26.937288614123474,4.899882751111608,0.01819398480420159,0.018112226683749507,0.018318966053302233,1049.0473249767424,-937.5508202833332,1545924.3761709998,28126.524608499996,1100500.290040859,34.804943946428466,214.09641378434026,30,0,official,2026-06-13T16:26:53
challenger_metrics_scoring,XGBoost,ARE-Go Local,8,26.698153303283213,4.692456513535174,0.017651200038452546,0.017608193789247203,0.017786311809473033,998.7339679757783,-935.3185106833337,1589668.4225080002,28059.55532050001,997469.5387886431,35.0330788822129,212.8381936188383,30,0,official,2026-06-13T16:26:53
challenger_metrics_scoring,XGBoost,ARE-Go Local,9,6.521532911312329,1.195371781335766,0.00430840650339715,0.004312537556765359,0.004301195732274118,252.8821522215531,228.83490668333278,1593407.491862,6865.047200499983,63949.382912204754,35.089128552336675,211.55104727248153,30,0,official,2026-06-13T16:26:53
challenger_metrics_scoring,XGBoost,ARE-Go Local,10,9.50190149178093,1.7350217505899754,0.006288390456219181,0.006296958997366995,0.006272925315653771,364.7668905788351,330.86834828333036,1578472.3479890001,9926.050448499911,133054.88446255185,34.82127746425585,210.23764713889034,30,0,official,2026-06-13T16:26:53
challenger_metrics_scoring,XGBoost,ARE-Go Local,11,116.46939007617343,28.99688236425077,0.0835887838797005,0.09382981165206981,0.08462015330593574,6058.9720610674485,4003.8088584166667,1446649.9139349996,120923.70700550002,36711142.43679593,34.6081509560619,208.95253444685284,30,0,official,2026-06-13T16:26:53
challenger_metrics_scoring,XGBoost,ARE-Go Local,12,43.42135961906198,7.966455943001727,0.04310121366784046,0.043233503104411625,0.042253962292610484,1748.3942823014522,1690.3838985083337,1176568.190076,50711.51695525001,3056882.56638441,38.92977818608552,219.46952255944626,30,0,official,2026-06-13T16:26:53
challenger_metrics_scoring,XGBoost,AUS-Go Local,1,10.89455808068491,1.7529688521571254,0.008940784582753172,0.0089115899714725,0.008966135649279639,2690.808770423841,-2300.054199233327,7717625.375977,69001.62597699981,7240451.838989863,211.11954998074867,1535.0009026758528,30,0,official,2026-06-13T16:26:53
challenger_metrics_scoring,XGBoost,AUS-Go Local,2,9.715903885823906,1.5046211288774007,0.00782594476696855,0.007810069416564255,0.0078486474401615,2293.7097801747677,-2041.9182114000055,7827495.3588419985,61257.54634200016,5261104.55566938,210.16245481589092,1524.443420441734,30,0,official,2026-06-13T16:26:53
challenger_metrics_scoring,XGBoost,AUS-Go Local,3,8.220277436055085,1.2697325081929598,0.006509155040168707,0.006498545542852665,0.006525048093775019,1922.4788807469506,-1717.8639875666781,7917451.544627,51535.919627000345,3695925.046918048,208.97883324861135,1514.0817993885635,30,0,official,2026-06-13T16:26:53
challenger_metrics_scoring,XGBoost,AUS-Go Local,4,50.217391532852766,29.71047088898651,0.040275383591089765,0.40409828661733393,0.06565018389982522,44682.377403984196,5855.380592300004,7772871.394730999,313055.3770269999,1996514850.4720771,207.80010501753208,1503.9269344111162,30,0,official,2026-06-13T16:26:53
challenger_metrics_scoring,XGBoost,AUS-Go Local,5,207.69904940012415,13.393701021836726,0.27691476420634553,0.8237543262426527,0.37835020002407854,72375.44450624236,-34324.96008973333,7150905.443317,1980191.294698,5238204967.476168,317.79816364385283,5403.692705118877,30,0,official,2026-06-13T16:26:53
challenger_metrics_scoring,XGBoost,AUS-Go Local,6,4.136140496995842,0.32564605428114574,0.006392457314990075,0.006380164642499521,0.0064067470166762,2004.3005170500828,-1755.8974988333396,8240481.299965001,52676.92496500019,4017220.562647229,424.525593390428,6154.843550843932,30,0,official,2026-06-13T16:26:53
challenger_metrics_scoring,XGBoost,AUS-Go Local,7,4.811803145509502,0.38991254669182934,0.007280009923896799,0.007259600120414182,0.007296270904207482,2384.236815733111,-2022.7995758333398,8335701.174774999,60683.987275000196,5684585.193497166,420.3828616141681,6114.798910581128,30,0,official,2026-06-13T16:26:53
challenger_metrics_scoring,XGBoost,AUS-Go Local,8,7.878051738219251,0.5793674340298774,0.011634923213383507,0.011615235984716242,0.011693001150613497,3519.9956149528734,-3287.0680289,8475521.415866999,98612.040867,12390369.129287457,417.24377271518233,6075.584177158549,30,0,official,2026-06-13T16:26:53
challenger_metrics_scoring,XGBoost,AUS-Go Local,9,4.345078378677481,0.3099978843828925,0.0063970976699476625,0.0063991539320815,0.0063771509875041555,1871.4989986244982,1802.5081260666716,8453090.224968,54075.24378200015,3502508.5018525,414.8390360256986,6037.134744806596,30,0,official,2026-06-13T16:26:53
challenger_metrics_scoring,XGBoost,AUS-Go Local,10,1.1526639188788208,0.12013743736281837,0.0016866683102847242,0.0016904653141489442,0.0016871534529935234,720.7440657287538,467.41659323334846,8419353.314702999,14200.656429000199,519472.0082832141,410.6619514562686,5999.329447589987,30,0,official,2026-06-13T16:26:53
challenger_metrics_scoring,XGBoost,AUS-Go Local,11,4.878413420003153,0.44685388541072507,0.007063914030644892,0.007017159325717453,0.0070565695495156,2664.305867093789,-1249.4546794333244,8463384.015383001,59784.61709299969,7098525.753430386,408.497681150887,5962.3647775713,30,0,official,2026-06-13T16:26:53
challenger_metrics_scoring,XGBoost,AUS-Go Local,12,1.5618892828203361,0.11708262631775716,0.0022807077817415034,0.002281757481117065,0.0022806134252271884,693.8799337620449,150.8200802333323,8390982.897593,19137.379991000227,481469.3624776198,408.42374256821967,5926.412445505663,30,0,official,2026-06-13T16:26:53
challenger_metrics_scoring,XGBoost,BRA-Go Local,1,14.42153178131948,4.4363156916487325,0.012614778788167249,0.012559667413511548,0.012668617464898895,683.133099641093,-582.7844467833326,1385956.400591,17483.533403499976,466670.83182524756,40.410717503547424,153.98658416646865,30,0,official,2026-06-13T16:26:53
challenger_metrics_scoring,XGBoost,BRA-Go Local,2,18.967316484678182,5.410277671479908,0.016138794045928124,0.016095784296620418,0.016248086296742452,826.3932813075085,-764.8886557000001,1421832.362796,22946.659671,682925.8553901907,40.32666699677194,152.74507733009935,30,0,official,2026-06-13T16:26:53
challenger_metrics_scoring,XGBoost,BRA-Go Local,3,16.84335827685622,5.118651849630931,0.013995711073502124,0.013936327682497859,0.014063989268147817,775.6554642079348,-678.1966412333333,1453723.8679870002,20345.899236999998,601641.3991556268,40.26492995551938,151.53510865636656,30,0,official,2026-06-13T16:26:53
challenger_metrics_scoring,XGBoost,BRA-Go Local,4,8.81121299622073,2.5186310523575424,0.00720243455359561,0.007194537356008186,0.007223462745817561,378.7307262193296,-341.405791333334,1479187.01749,10653.74768600001,143436.96298262078,40.30374966749592,150.37165759741666,30,0,official,2026-06-13T16:26:53
challenger_metrics_scoring,XGBoost,BRA-Go Local,5,25.84294062793623,7.671256888153459,0.020877643299656377,0.020784267856169523,0.021047118872718602,1146.795316099068,-1028.8560399666667,1499411.4311990002,31304.17701999999,1315139.4970267615,40.37747028700514,149.4924929277283,30,0,official,2026-06-13T16:26:53
challenger_metrics_scoring,XGBoost,BRA-Go Local,6,17.898234465306462,5.788187530885749,0.014235229067165801,0.014155871161535638,0.014296739469334806,861.3876343594007,-728.7164684000028,1535731.8065520003,21861.494052000082,741988.6566272846,40.71443302480647,148.81819736541692,30,0,official,2026-06-13T16:26:53
challenger_metrics_scoring,XGBoost,BRA-Go Local,7,3.0385539125744607,0.9743980293856299,0.002400246157180283,0.0023976083672949938,0.0024002292568321964,144.09511463426793,-56.44140428333315,1553621.7186909998,3729.074559999899,20763.402061462817,40.90843503514236,147.88116384545822,30,0,official,2026-06-13T16:26:53
challenger_metrics_scoring,XGBoost,BRA-Go Local,8,5.727722707667433,1.971905047091475,0.004499390233052908,0.004509225589590832,0.004503957203675718,289.40913751441036,35.48906243333428,1551806.5156269998,6982.183079999988,83757.64887683488,40.63385186025892,146.76626440065343,30,0,official,2026-06-13T16:26:53
challenger_metrics_scoring,XGBoost,BRA-Go Local,9,13.72645136299147,4.194151859882297,0.011119956772370907,0.011143909402628818,0.011070268721125426,612.1019101968428,560.6028331499994,1512423.5946930002,16818.08499449998,374668.7484666238,40.84106068823199,145.94176144447488,30,0,official,2026-06-13T16:26:53
challenger_metrics_scoring,XGBoost,BRA-Go Local,10,15.565347058635828,4.759891853241764,0.012417888759273677,0.012389669761192414,0.0124802568717372,690.1613306298183,-636.7851656750003,1538389.9260639998,19103.554970250007,476322.66229672136,40.9104379925602,144.99517045955113,30,0,official,2026-06-13T16:26:53
challenger_metrics_scoring,XGBoost,BRA-Go Local,11,20.137571009765967,6.809957856849959,0.015642921599056735,0.015540663888656754,0.015712599956963735,980.9689608121923,-824.7086185249999,1581626.4499620001,24741.25855575,962300.1020769526,40.95372863614222,144.04919698959094,30,0,official,2026-06-13T16:26:53
challenger_metrics_scoring,XGBoost,BRA-Go Local,12,22.23231688746837,6.902569942544971,0.016889870904782393,0.016844533679310936,0.017010479404247776,988.5784359406946,-917.2834499833339,1629290.339437,27518.503499500017,977287.3240069499,41.25901293267264,143.2188944363245,30,0,official,2026-06-13T16:26:53
challenger_metrics_scoring,XGBoost,CAN-Go Local,1,11.796347409022646,2.9333113526442625,0.008295544001943352,0.008280677394262423,0.008320709813747051,1342.0437312259821,-1166.286378533334,4456642.653856,36970.275236000045,1801081.3765229562,104.46814298840413,457.5183367480522,30,0,official,2026-06-13T16:26:53
challenger_metrics_scoring,XGBoost,CAN-Go Local,2,12.68595555450718,3.4168014006611167,0.008814894777645571,0.008786072784478235,0.00883931514472905,1556.2140328837604,-1327.5232204666622,4518000.227863999,39825.69661399987,2421802.1161443377,104.64511047376388,455.45931717970166,30,0,official,2026-06-13T16:26:53
challenger_metrics_scoring,XGBoost,CAN-Go Local,3,11.165214150249215,2.7674814890040067,0.0076453586064617225,0.007636561647375288,0.007670247788114856,1252.5662631193998,-1167.2018368000038,4580040.8988540005,35016.055104000116,1568922.2435048972,104.53913566664112,452.60149637719445,30,0,official,2026-06-13T16:26:53
challenger_metrics_scoring,XGBoost,CAN-Go Local,4,13.33649020207601,5.993884742273378,0.009046603065380231,0.00931476619026307,0.009188264571243103,2695.8210819505066,-485.7092492999878,4611622.683728999,41719.519906999776,7267451.305888799,104.274111291304,449.76191532972774,30,0,official,2026-06-13T16:26:53
challenger_metrics_scoring,XGBoost,CAN-Go Local,5,54.83823001218349,11.899667532149294,0.03968878031150339,0.03963179868075916,0.040264969726048004,6390.624509124684,-4497.775290399988,4633745.430587,183907.70441400015,40840081.6166251,111.7880138078497,537.0422738164032,30,0,official,2026-06-13T16:26:53
challenger_metrics_scoring,XGBoost,CAN-Go Local,6,17.800850862315944,4.0165541772863405,0.013557432050056084,0.013540578975204857,0.013641421789704986,2254.3604637288304,-2155.5404778666552,4769798.151835999,64666.214335999655,5082141.100423667,121.09199130643204,561.2672863912217,30,0,official,2026-06-13T16:26:53
challenger_metrics_scoring,XGBoost,CAN-Go Local,7,3.4188543302688044,0.9139772017913061,0.0025896401688194374,0.0025860159274764686,0.0025910350658511013,510.0886974759824,-397.56991353334064,4809714.597406,12455.430121999787,260190.47929274433,121.43863527347663,558.0978349090747,30,0,official,2026-06-13T16:26:53
challenger_metrics_scoring,XGBoost,CAN-Go Local,8,2.80390756300477,0.7213002882419993,0.002121470106333661,0.0021197225308354516,0.00212280612779763,400.33317842795395,-335.573871899988,4831535.028656999,10249.95713099977,160266.65375022803,121.85324588013572,555.0159690129508,30,0,official,2026-06-13T16:26:53
challenger_metrics_scoring,XGBoost,CAN-Go Local,9,6.340920738268342,1.8358032437925924,0.004777451839217921,0.004759351238422053,0.0047785660824936375,1013.0498115555401,-696.8231784333368,4853236.179728001,23186.102113000496,1026269.9206927153,121.8860954638608,551.8291870226119,30,0,official,2026-06-13T16:26:53
challenger_metrics_scoring,XGBoost,CAN-Go Local,10,14.030126906203154,3.5800905559986753,0.010428507851083008,0.010391484769993582,0.010462093252605378,1965.577776702558,-1642.6889942666623,4929018.794828,51402.3111999995,3863495.9962669704,122.12365467455358,549.03018400166,30,0,official,2026-06-13T16:26:53
challenger_metrics_scoring,XGBoost,CAN-Go Local,11,24.499124940197255,5.915451702279733,0.018127927194387678,0.018083442265676073,0.018269322593344562,3246.4010298843436,-3025.7675409000058,5055728.963726998,91649.88656900008,10539119.646834128,124.69817703383131,548.8001919841939,30,0,official,2026-06-13T16:26:53
challenger_metrics_scoring,XGBoost,CAN-Go Local,12,4.12588886341181,1.2332061025776557,0.0030448888818846334,0.0030372086950191256,0.0030442136121143766,674.8908449346669,-356.06409813334176,5107629.891694001,15552.165470000677,455477.65257662866,125.64698973447518,547.2652491128657,30,0,official,2026-06-13T16:26:53
challenger_metrics_scoring,XGBoost,CHE-Go Local,1,17.782275897831838,3.1729575400563745,0.01377981579267996,0.01374929307039837,0.013859855645847506,410.4317090046395,-380.65648758333407,828726.2180649999,11419.694627500023,168454.1877564691,21.40651116709683,129.35304170422253,30,0,official,2026-06-13T16:26:53
challenger_metrics_scoring,XGBoost,CHE-Go Local,2,9.41627061647037,1.7489932702432545,0.007188878296941124,0.007176236962893972,0.007208419136990112,224.66024837234747,-201.21463805833494,839691.3805480001,6036.439141750048,50472.22719872485,21.368824904668998,128.45117942683746,30,0,official,2026-06-13T16:26:53
challenger_metrics_scoring,XGBoost,CHE-Go Local,3,7.092686973819663,1.3741605961232515,0.005346923978601628,0.0053369729530701425,0.005356130206869928,175.28761573589466,-150.10272815833403,848701.1482509999,4537.940520250006,30725.748230374662,21.32685180759812,127.5597744764417,30,0,official,2026-06-13T16:26:53
challenger_metrics_scoring,XGBoost,CHE-Go Local,4,4.002273450779029,0.7998009013888299,0.003014785125576157,0.0030110195653851334,0.0030173874535094963,101.37159371621883,-84.4711430666693,851379.6811670003,2566.7267990000437,10276.200012566136,21.37723996595351,126.74603584490858,30,0,official,2026-06-13T16:26:53
challenger_metrics_scoring,XGBoost,CHE-Go Local,5,34.28719843389845,6.204938291174671,0.02527116812429871,0.025182482745725935,0.02554859075617647,781.3267136514755,-731.0554347458343,867853.157183,21931.66304237503,610471.4334654148,21.32152722116449,125.9201424714831,30,0,official,2026-06-13T16:26:53
challenger_metrics_scoring,XGBoost,CHE-Go Local,6,81.26617997713012,14.807950203720592,0.056712312602129084,0.05635530718272311,0.058173773502107236,1855.108755126769,-1755.6549502666667,928716.2891330001,52669.648508,3441428.4933479903,21.603758793150387,125.27788989057115,30,0,official,2026-06-13T16:26:53
challenger_metrics_scoring,XGBoost,CHE-Go Local,7,57.31853870832158,11.460345060844379,0.0389507147230129,0.03858706192181187,0.039531676082698516,1430.2849456179492,-1279.8092112250001,985714.295868,38394.27633675,2045715.0256613402,22.328015334403418,124.80295645762767,30,0,official,2026-06-13T16:26:53
challenger_metrics_scoring,XGBoost,CHE-Go Local,8,35.15693201682818,6.790986263641597,0.023435168146080862,0.023383504500126346,0.023686341747395676,843.7901889554838,-806.0698067333317,1031872.0160770001,24182.09420199995,711981.8829775311,22.927763046772657,124.251493994778,30,0,official,2026-06-13T16:26:53
challenger_metrics_scoring,XGBoost,CHE-Go Local,9,7.103014364856699,1.8006242542630184,0.004726263469298104,0.004705630180116134,0.0047256779250147195,222.38648813112786,-143.26445715833373,1038720.3751210001,4909.266163750006,49455.75010329627,23.0384167978006,123.5052163740563,30,0,official,2026-06-13T16:26:53
challenger_metrics_scoring,XGBoost,CHE-Go Local,10,18.406827523612655,3.6649582665995184,0.011998131712731291,0.011980140032894717,0.012061393253454436,449.82507340539354,-423.8648606499999,1059827.156757,12715.945819499997,202342.59666416768,23.027589089225582,122.73675187651116,30,0,official,2026-06-13T16:26:53
challenger_metrics_scoring,XGBoost,CHE-Go Local,11,10.193974839185934,2.001161862021832,0.006570641998634825,0.006567096303377601,0.006590510797988601,244.11949846884357,-234.62840820000105,1071257.9147459997,7038.852246000031,59594.32953267972,23.01638094083602,121.98888210981724,30,0,official,2026-06-13T16:26:53
challenger_metrics_scoring,XGBoost,CHE-Go Local,12,10.314524704053659,2.549586098307722,0.0065874208348484,0.0065571387841486415,0.006593859393840382,309.1358027190887,-236.88784813333478,1078819.1041940001,7106.635444000043,95564.94452277535,22.96643373593712,121.24940707994777,30,0,official,2026-06-13T16:26:53
challenger_metrics_scoring,XGBoost,DEU-Go Local,1,24.628272391654104,5.949572236707207,0.019868919804093714,0.01975940700899629,0.02001192638307214,1599.7541121525044,-1412.645999933333,2132948.364373,42379.37999799999,2559213.2193488474,57.358712680636216,268.88556832413366,30,0,official,2026-06-13T16:26:53
challenger_metrics_scoring,XGBoost,DEU-Go Local,2,20.409940741202206,4.615999322903153,0.01610819594749064,0.016083749431853228,0.01622648418562585,1233.2255303574843,-1178.2829741666642,2194441.2236,35348.489224999925,1520845.2087254983,57.73083759072491,267.1632823338173,30,0,official,2026-06-13T16:26:53
challenger_metrics_scoring,XGBoost,DEU-Go Local,3,14.642068775019942,3.7293488302929174,0.011382715582385414,0.011335860380366056,0.011424016352952406,989.682870527633,-846.6384456666672,2231379.075245,25399.153370000015,979472.1842158156,57.82232406332309,265.3768568090477,30,0,official,2026-06-13T16:26:53
challenger_metrics_scoring,XGBoost,DEU-Go Local,4,20.751666599878877,5.07697027110736,0.01579053664851681,0.015824451887071385,0.015907652967459444,1338.3060182244158,-970.450277533337,2279101.789576,35988.240334000075,1791062.9984156901,57.807791261466086,263.60328045263736,30,0,official,2026-06-13T16:26:53
challenger_metrics_scoring,XGBoost,DEU-Go Local,5,43.28321855476786,9.564971044684487,0.033601554723346666,0.033520074000859476,0.03402459188925821,2737.5179236773643,-2116.375865849999,2327773.7681630002,78216.81765449993,7494004.382454828,60.23644595308864,286.20242663449324,30,0,official,2026-06-13T16:26:53
challenger_metrics_scoring,XGBoost,DEU-Go Local,6,21.68313356927898,5.198627019198926,0.016998759341328145,0.016933468698692503,0.017110982141492533,1513.3619403167506,-1364.6038650666674,2408300.2253270005,40938.11595200002,2290264.3623992805,62.93388641022165,291.1080050035884,30,0,official,2026-06-13T16:26:53
challenger_metrics_scoring,XGBoost,DEU-Go Local,7,18.313484223898072,4.477967991690338,0.014050034227483452,0.013999800695923745,0.014123773008639755,1295.3483662046244,-1154.7837641333342,2465724.450424,34643.512924000024,1677927.3898289897,63.05647521875744,289.27146612221713,30,0,official,2026-06-13T16:26:53
challenger_metrics_scoring,XGBoost,DEU-Go Local,8,20.275071558459526,4.8199410609664834,0.015199495501193074,0.015159931913933503,0.015295670085721849,1385.584067965334,-1279.006775433329,2524439.2657630006,38370.20326299987,1919843.2093993633,63.08272558967512,287.46908944307705,30,0,official,2026-06-13T16:26:53
challenger_metrics_scoring,XGBoost,DEU-Go Local,9,10.545847378841112,3.0237783089431414,0.007768219848931803,0.007726662497997045,0.007777468048524431,863.7605306000894,-663.3798557666664,2561899.130048,19901.39567299999,746082.254222548,62.904367182257246,285.65603769476985,30,0,official,2026-06-13T16:26:53
challenger_metrics_scoring,XGBoost,DEU-Go Local,10,22.10719672815724,5.312520719288152,0.015883516512034488,0.015839168328746198,0.015987940578165705,1508.1392907056313,-1388.9940666999983,2623463.259501,41669.82200099995,2274484.1201700848,62.82995007371876,283.8839357802474,30,0,official,2026-06-13T16:26:53
challenger_metrics_scoring,XGBoost,DEU-Go Local,11,23.065938068531096,5.617944656606784,0.016205884916184177,0.01615622380388713,0.016312816970934747,1585.527776654515,-1451.989382966668,2687892.8064889996,43559.68148900004,2513898.33054301,62.9495049649691,282.2255955814573,30,0,official,2026-06-13T16:26:53
challenger_metrics_scoring,XGBoost,DEU-Go Local,12,17.51718725475691,4.2176251512123555,0.012085747414270508,0.012064536999530874,0.01214841351984402,1183.352544720239,-1104.7865612999997,2742370.4718390005,33143.59683899999,1400323.2450958653,63.06871903764045,280.5731904316069,30,0,official,2026-06-13T16:26:53
challenger_metrics_scoring,XGBoost,ESP-Go Local,1,229.7240613231386,137.5930989555672,0.303117492495484,0.25287883474647066,0.3165057716751072,412.99971820342097,-305.77574174713544,30263.090977999997,9173.272252414063,170568.7672361051,1.331056659829027,3.0016019795933992,30,0,official,2026-06-13T16:26:53
challenger_metrics_scoring,XGBoost,ESP-Go Local,2,131.95510485828405,41.59608265390712,0.19610091628172197,0.192474576568973,0.2150219403043744,388.632288503087,-368.822075215625,56423.307276,11064.66225646875,151035.05566714666,2.79505727051431,9.343002122017921,30,0,official,2026-06-13T16:26:53
challenger_metrics_scoring,XGBoost,ESP-Go Local,3,369.7519758940551,141.78837541770503,0.3860305443088865,0.3574456661236411,0.4534951007634535,1439.6462875679758,-1281.3032403062502,99575.273967,38439.09720918751,2072581.433308255,3.465304647008517,10.153486019758768,30,0,official,2026-06-13T16:26:53
challenger_metrics_scoring,XGBoost,ESP-Go Local,4,305.3888819245273,131.1391983601463,0.3331930435107035,0.283976030247221,0.3580122238135783,2683.384374346858,-2071.5251829125,186515.76525300002,62145.755487375,7200551.700488877,6.783237064355372,20.462107500287637,30,0,official,2026-06-13T16:26:53
challenger_metrics_scoring,XGBoost,ESP-Go Local,5,245.47003996466853,77.21147907507893,0.28287170775727977,0.2728124784682023,0.32191040187590103,3774.9173800874346,-3512.0740171625,373596.878718,105679.98709575,14250001.226486182,14.35069728685436,48.89062384644618,30,0,official,2026-06-13T16:26:53
challenger_metrics_scoring,XGBoost,ESP-Go Local,6,29.953032792803352,9.438736377756854,0.04798844836266357,0.04850101961551808,0.047108270298269916,692.9966429416161,627.2877526958334,393675.771716,18891.889442624997,480244.34712834976,21.02390273611297,73.4204892695932,30,0,official,2026-06-13T16:26:53
challenger_metrics_scoring,XGBoost,ESP-Go Local,7,13.408826244436531,4.157388925021478,0.023349472972003262,0.02334141375983757,0.02362091623637797,329.39562946568066,-327.051633791667,420204.30291999993,9811.54901375001,108501.480711092,24.390772751445287,79.23137224020456,30,0,official,2026-06-13T16:26:53
challenger_metrics_scoring,XGBoost,ESP-Go Local,8,1.9334588261114656,0.68834781111005,0.0032821206751651425,0.0032783491450905735,0.003285620986292098,53.84111871155425,-46.319737054166275,423382.39484599995,1389.5921116249883,2898.8660641116776,23.956929637505453,78.21789775829821,30,0,official,2026-06-13T16:26:53
challenger_metrics_scoring,XGBoost,ESP-Go Local,9,0.6191742978553584,0.2286396627546295,0.0010133980428992755,0.0010138919923331116,0.0010132789617395108,17.533617247371403,10.200508812500386,424112.8030949999,429.7950846249987,307.42773377731993,23.138077388638667,76.68668259972047,30,0,official,2026-06-13T16:26:53
challenger_metrics_scoring,XGBoost,ESP-Go Local,10,1.0876735868687926,0.41823711657807194,0.0017351453559817846,0.0017374007005834312,0.001734965063489971,31.476917595524633,21.228554062500553,422607.1101750001,733.2847646250339,990.7963413154481,22.47257429305369,75.26093775000685,30,0,official,2026-06-13T16:26:53
challenger_metrics_scoring,XGBoost,ESP-Go Local,11,0.8852115033737927,0.3059558485386113,0.0013791442823163074,0.0013784716635792257,0.0013797618356846959,22.615227823774102,-19.410757333333276,422234.80709500005,582.3227199999983,511.4485295212063,21.92781867311186,73.9166384032044,30,0,official,2026-06-13T16:26:53
challenger_metrics_scoring,XGBoost,ESP-Go Local,12,1.1589892657362795,0.4258959841492184,0.00175472695724359,0.0017535792321190602,0.0017545401838274888,30.935289152540168,0.7195900874998188,422674.5939380001,741.6785041249968,956.9921149512694,21.331187039476887,72.63578503642704,30,0,official,2026-06-13T16:26:53
challenger_metrics_scoring,XGBoost,EUR-Dedicated,1,8.625955878427234,2.827435174400732,0.005857362685489284,0.005873751045070974,0.0058511807545359885,225.4424184773777,160.5769040666665,983933.942878,5763.2579619999415,50824.28404892908,22.270992506903298,79.73389470376085,30,0,official,2026-06-13T16:26:53
challenger_metrics_scoring,XGBoost,EUR-Dedicated,2,139.9968980093115,45.90197551461603,0.10588656054908627,0.11036295476085631,0.10247921297336639,3638.6060467349835,3117.7076881,883315.4099819999,93531.23064299999,13239453.963336384,22.269834063699285,79.26905118879652,30,0,official,2026-06-13T16:26:53
challenger_metrics_scoring,XGBoost,EUR-Dedicated,3,93.55485967785276,28.950118917754835,0.09710541257845084,0.09796684712840732,0.09305052961106988,2403.199653316216,2320.008092329166,716749.3646520001,69600.24276987498,5775368.573699181,24.798370713374943,83.01173684790484,30,0,official,2026-06-13T16:26:53
challenger_metrics_scoring,XGBoost,EUR-Dedicated,4,10.641623736586372,7.289899464138834,0.011859871102673414,0.01252971280785704,0.012141506229190817,616.8639859030977,133.41066647916608,696947.0296150002,8265.701936625013,380521.17710425716,25.89110503317636,84.61899768818948,30,0,official,2026-06-13T16:26:53
challenger_metrics_scoring,XGBoost,EUR-Dedicated,5,74.94460093651618,22.691193757998693,0.08667645663218017,0.08563336498629208,0.08989669182942904,2147.542934697673,-1979.4498261541667,700778.4537689999,60740.993256874994,4611940.656369893,27.01595244925305,94.64213111047361,30,0,official,2026-06-13T16:26:53
challenger_metrics_scoring,XGBoost,EUR-Dedicated,6,4.763647834622068,1.6766097301135325,0.005555493054553292,0.005539194865454426,0.005562738600421001,166.12323166118173,-134.19031367500028,724635.8461290002,4025.7094102500087,27596.92809755465,28.169654502943853,99.08282689611528,30,0,official,2026-06-13T16:26:53
challenger_metrics_scoring,XGBoost,EUR-Dedicated,7,10.20623326531597,3.287726775718998,0.011904062958302332,0.011944180548134675,0.011853351779624276,323.7861650858653,286.156603716666,721156.9815760001,8584.69811149998,104837.48070101124,28.037435190621917,98.48329474247629,30,0,official,2026-06-13T16:26:53
challenger_metrics_scoring,XGBoost,EUR-Dedicated,8,1.9110490094267758,0.6645735093854883,0.002236970668615627,0.0022394263874251376,0.002235736187751883,65.11835886232913,51.95161859583374,718646.527614,1607.5912033749883,4240.400660923079,28.04029262541326,97.98518590146962,30,0,official,2026-06-13T16:26:53
challenger_metrics_scoring,XGBoost,EUR-Dedicated,9,3.5699203926922523,1.294968201913318,0.004161900043249082,0.004172649071552026,0.004158622902115846,126.10839398052678,99.32045614166576,715926.2964720002,2979.6136842499727,15903.327032347763,27.821476452241928,97.3833904139124,30,0,official,2026-06-13T16:26:53
challenger_metrics_scoring,XGBoost,EUR-Dedicated,10,5.863880540630877,1.8075654654996134,0.00675285569506338,0.006744158165763143,0.006770606504565508,175.12179174413828,-162.58498699583373,722294.364063,4877.549609875012,30667.641943677336,27.726517596885035,96.88268286080272,30,0,official,2026-06-13T16:26:53
challenger_metrics_scoring,XGBoost,EUR-Dedicated,11,3.430855444347585,1.1294070261057834,0.0039037659783571683,0.003911241994626755,0.0039054531696789034,108.76622391819514,27.763652949998626,726075.863849,2834.4302550000175,11830.091465422964,27.53861537817347,96.30383148334319,30,0,official,2026-06-13T16:26:53
challenger_metrics_scoring,XGBoost,EUR-Dedicated,12,4.2328555586128305,1.3202313830614285,0.004839239958443978,0.0048437257779931344,0.0048298207154080465,126.45913429371167,116.03581583749899,719343.224353,3481.0744751249695,15991.912646315004,27.41312908761896,95.78558419090974,30,0,official,2026-06-13T16:26:53
challenger_metrics_scoring,XGBoost,EUR-MSIT,1,3.646346194189682,0.6007650918466316,0.02460974484919221,0.024639118905208333,0.02431925017529319,49.22553932899071,47.68654372630205,58131.293947,1430.5963117890615,2423.153722230011,13.077898034555467,81.9380819509357,30,0,official,2026-06-13T16:26:53
challenger_metrics_scoring,XGBoost,EUR-MSIT,2,2.7401355116436497,0.4517258913307716,0.018881834323900754,0.018909090624117622,0.018718046971639486,36.7560959521351,35.396016466406266,56238.206298,1061.880493992188,1351.0105896425623,12.917615320847483,81.36814085164056,30,0,official,2026-06-13T16:26:53
challenger_metrics_scoring,XGBoost,EUR-MSIT,3,4.282738746960956,0.9070673586887672,0.030188869512762288,0.030955968760614294,0.03011360389579423,73.3009460985992,53.59717716822903,54390.220183000005,1641.9792598749968,5373.0286989497445,12.779822732514717,80.81091817101778,30,0,official,2026-06-13T16:26:53
challenger_metrics_scoring,XGBoost,EUR-MSIT,4,2.0649517905748356,0.405966045653935,0.014760172932188854,0.014901279779526733,0.014873001661305044,32.586556739118386,-10.599998803385393,53214.768885,785.4591912890626,1061.8836801117818,12.679217579060422,80.26916804489785,30,0,official,2026-06-13T16:26:53
challenger_metrics_scoring,XGBoost,EUR-MSIT,5,0.8660021169001703,0.15264993359835125,0.0061229991838965886,0.006107531537344732,0.006127876099804878,12.177682235329332,-8.771611670572929,53589.840854999995,328.13055182031303,148.2959446246556,12.630090443460151,79.77522130714416,30,0,official,2026-06-13T16:26:53
challenger_metrics_scoring,XGBoost,EUR-MSIT,6,13.058191229614676,2.160455866249931,0.09112668978317552,0.09122582966105751,0.0868660873053291,171.2155621166936,160.84194971197914,53667.70220199999,4890.5600499375,29314.76871093537,12.484016006867773,79.24973834984446,30,0,official,2026-06-13T16:26:53
challenger_metrics_scoring,XGBoost,EUR-MSIT,7,0.44111438453647306,0.08312274134991589,0.0030848003867715535,0.003088881881846313,0.0030821811019922747,6.544669560758891,4.9195588661458105,52985.305567999996,163.44909110937533,42.83269965952397,12.351225051761356,78.73500626270567,30,0,official,2026-06-13T16:26:53
challenger_metrics_scoring,XGBoost,EUR-MSIT,8,0.3457426006490523,0.0578068065740178,0.0023947795867899782,0.0023955630851107113,0.002392268477808453,4.522178102419005,4.218191116406266,52842.330121,126.54573349218799,20.450094789997955,12.200380018220436,78.2291631458426,30,0,official,2026-06-13T16:26:53
challenger_metrics_scoring,XGBoost,EUR-MSIT,9,0.9496014924222381,0.16128146448191596,0.006546185263566637,0.006554805717283045,0.006529100663865194,12.536880411563274,11.44362746927086,52444.10450599999,343.3088240781258,157.17337045383894,12.050978816472286,77.73292766056821,30,0,official,2026-06-13T16:26:53
challenger_metrics_scoring,XGBoost,EUR-MSIT,10,1.3839679230726836,0.2349873433890778,0.009310535845073773,0.009292359812167778,0.009344894884442616,18.1519052056436,-16.48714853489583,53124.16645800001,494.6144560468749,329.4916625946713,11.912955683460558,77.2463101367497,30,0,official,2026-06-13T16:26:53
challenger_metrics_scoring,XGBoost,EUR-MSIT,11,1.994321231024303,0.344728461065561,0.013155590660220557,0.013118241842072413,0.013227319897995636,26.464565442899453,-23.045171429166697,53622.74772099999,705.4389190937507,700.3732240815079,11.790793915572474,76.76930811310756,30,0,official,2026-06-13T16:26:53
challenger_metrics_scoring,XGBoost,EUR-MSIT,12,6.3067654509610565,1.0061115224956847,0.04056232121549209,0.040575838175666255,0.039698381644283215,76.76703410147714,73.57029742473951,54412.786463,2207.1089227421853,5893.177524737353,11.665297845114646,76.30072053151184,30,0,official,2026-06-13T16:26:53
challenger_metrics_scoring,XGBoost,EUR-Multitenant,1,7.567638884916928,2.069727661623202,0.008367019847261568,0.008338659700975394,0.00838613384647879,16077.532520233555,-13070.144859000024,49190914.34577001,411581.3566360015,258487051.93916753,1812.9007955014208,7767.945908218964,30,0,official,2026-06-13T16:26:53
challenger_metrics_scoring,XGBoost,EUR-Multitenant,2,7.803616660278364,2.217435474388865,0.008505962090822104,0.008471733624286413,0.008524378057997165,17122.16342985417,-13932.594986233333,49933266.599587,424730.47276700055,293168480.51863545,1814.2462709158324,7721.606165145848,30,0,official,2026-06-13T16:26:53
challenger_metrics_scoring,XGBoost,EUR-Multitenant,3,32.72397285803677,8.503558918807881,0.03463822074336913,0.03441366063300795,0.035128341953081434,65397.05458737291,-59985.614166766674,51953258.17500299,1799568.4250030003,4276774748.7038326,1833.0785943074957,7690.551122392995,30,0,official,2026-06-13T16:26:53
challenger_metrics_scoring,XGBoost,EUR-Multitenant,4,27.74656196974283,12.547615467574914,0.029382083936236533,0.03225033055653051,0.03066289863168771,96558.1916305772,-11394.823862866715,53220242.215886,1563721.6238940014,9323484370.967268,1878.577035477061,7695.341946053361,30,0,official,2026-06-13T16:26:53
challenger_metrics_scoring,XGBoost,EUR-Multitenant,5,198.62563449702077,39.00585362959606,0.2327681046303851,0.2233149162167374,0.25624337316667567,469588.6649865263,-431982.3216914666,55754985.65074399,12977982.333617998,220513514283.82803,2177.963646112801,12038.92804002683,30,0,official,2026-06-13T16:26:53
challenger_metrics_scoring,XGBoost,EUR-Multitenant,6,23.00731103718912,4.69530100678074,0.02780901226327532,0.027686717704101336,0.028137482753126945,62319.984539556026,-57811.015865833426,62365770.47597501,1734330.4759750029,3883780473.0105023,2512.723706494316,13272.84117664796,30,0,official,2026-06-13T16:26:53
challenger_metrics_scoring,XGBoost,EUR-Multitenant,7,10.750070823270477,2.575578889506665,0.012946527062002468,0.0128577161634597,0.012984618889267736,34076.97398955494,-27263.8130244667,63882684.390733995,827058.9022580003,1161240156.284804,2564.50683241913,13230.80187075231,30,0,official,2026-06-13T16:26:53
challenger_metrics_scoring,XGBoost,EUR-Multitenant,8,10.214037651639945,2.25949736685087,0.012327497547705884,0.012288673755208476,0.012376855057063901,29856.736835222215,-24344.567079633427,65430354.512389004,806592.5347970021,891424734.4477149,2632.300637960729,13213.884323677903,30,0,official,2026-06-13T16:26:53
challenger_metrics_scoring,XGBoost,EUR-Multitenant,9,3.2316526218199098,0.8407731470215482,0.003955805307129828,0.003967802650814736,0.0039562198061061015,11094.952083348408,6167.05316503332,65947003.405048996,260873.50605900167,123097961.73179716,2690.8162952251387,13196.130398137055,30,0,official,2026-06-13T16:26:53
challenger_metrics_scoring,XGBoost,EUR-Multitenant,10,6.545017381007343,1.7624612601020522,0.008168540507182203,0.008202252863185098,0.008170089805631312,23173.507720275215,7413.086184433149,65492738.664467,534980.0887069968,537011460.061655,2724.617611454217,13148.378489143866,30,0,official,2026-06-13T16:26:53
challenger_metrics_scoring,XGBoost,EUR-Multitenant,11,14.734220957147032,3.3369171377281357,0.018613934610324748,0.018584248513268155,0.018775546683356806,43934.2089018386,-39543.41528866673,66651179.70866001,1240640.7007980011,1930214711.8303945,2806.7103206118536,13166.107244649837,30,0,official,2026-06-13T16:26:53
challenger_metrics_scoring,XGBoost,EUR-Multitenant,12,12.964291759237573,3.320527980083343,0.01613555392156835,0.016026831248642525,0.016211098668431696,43898.70178549259,-36782.307099300015,68387439.212979,1103469.2129790005,1927096018.4516098,2837.2014285385976,13220.398095965074,30,0,official,2026-06-13T16:26:53
challenger_metrics_scoring,XGBoost,FRA-Go Local,1,9.32874783671339,2.8984425494337325,0.006544454168158846,0.006520226020024532,0.0065533793250265185,769.4954535423338,-607.6631488666646,2828587.4725909997,18511.561075000063,592123.2530223221,66.14521548164485,265.4858395218735,30,0,official,2026-06-13T16:26:53
challenger_metrics_scoring,XGBoost,FRA-Go Local,2,11.182893478797844,3.182734938617378,0.007710436523672399,0.007690049977299498,0.0077282821063729,839.4220466105963,-694.9810566666667,2865742.634824999,22096.126678999848,704629.3723359221,65.86287863361093,263.7423671150109,30,0,official,2026-06-13T16:26:53
challenger_metrics_scoring,XGBoost,FRA-Go Local,3,16.74304505755881,4.552926237671492,0.011439846176870154,0.011416740096642581,0.011492284701782773,1196.2681528132218,-1084.1739982666656,2915716.938698,33355.35327399986,1431057.4934351577,66.40638577457423,262.74709722181456,30,0,official,2026-06-13T16:26:53
challenger_metrics_scoring,XGBoost,FRA-Go Local,4,10.892395152209273,3.7041609154160873,0.00742004095391744,0.0074801868901016155,0.007456555084385178,969.3843027980694,-189.78478026666124,2933477.918407999,21766.526291999835,939705.9265112991,66.61077442208229,261.70145545342183,30,0,official,2026-06-13T16:26:53
challenger_metrics_scoring,XGBoost,FRA-Go Local,5,38.95260102769672,11.504325850668875,0.02697421409055461,0.02657745261895484,0.026990872103804776,3067.3797137711645,-1907.1147150500012,2956851.1211389997,79758.7351754998,9408818.308454871,68.25281074194798,266.62837558559096,30,0,official,2026-06-13T16:26:53
challenger_metrics_scoring,XGBoost,FRA-Go Local,6,10.038109303003353,3.4022956617908227,0.007125027351293123,0.0070873017009617095,0.007128574979231694,947.5853582526261,-648.463450633327,3065677.341019,21843.03490499995,897918.0111747576,72.53369549205387,278.51352511611464,30,0,official,2026-06-13T16:26:53
challenger_metrics_scoring,XGBoost,FRA-Go Local,7,17.539416677954108,5.129752500338184,0.012984754026261345,0.013020651229952274,0.01291848247437492,1439.8426534504717,1307.4759951333356,3020794.9857709995,39224.279854000066,2073146.8666952956,74.54501019847181,280.684624327499,30,0,official,2026-06-13T16:26:53
challenger_metrics_scoring,XGBoost,FRA-Go Local,8,13.904651761991113,4.051178794536791,0.010459642351548707,0.010480775182168313,0.010415599118450495,1131.175612163615,1036.8844315000067,2973957.60768,31106.532945000203,1279558.265553729,74.57104638423014,279.221350015225,30,0,official,2026-06-13T16:26:53
challenger_metrics_scoring,XGBoost,FRA-Go Local,9,15.144779283210154,4.6609242576584125,0.011687421615071466,0.011687600720008153,0.01171580993547815,1294.754224661558,-201.61068525000155,2905108.312745,33953.225688499704,1676388.5022789522,74.73031917152912,277.78915791951226,30,0,official,2026-06-13T16:26:53
challenger_metrics_scoring,XGBoost,FRA-Go Local,10,2.8138419748205243,0.9168790771254766,0.0021614657387437563,0.0021625993635684382,0.002160049724524107,253.28410271913273,113.47021723332583,2910847.5809830003,6291.697316999896,64152.83669023618,74.53270147246751,276.2459183965765,30,0,official,2026-06-13T16:26:53
challenger_metrics_scoring,XGBoost,FRA-Go Local,11,1.4007916198176902,0.4894146173364593,0.0010657894317871166,0.0010649822284223391,0.0010659188070742446,134.3810371296081,-92.724819533329,2917068.8695859998,3108.981172999949,18058.26314002911,73.98152894443538,274.5750379523805,30,0,official,2026-06-13T16:26:53
challenger_metrics_scoring,XGBoost,FRA-Go Local,12,8.501019640868456,3.079024755693471,0.006357562426103449,0.006320336230972682,0.0063566218745933194,840.3743669570111,-618.0447599500015,2946555.444361,18732.910179500046,706229.0766383972,73.45358153447073,272.9352420447618,30,0,official,2026-06-13T16:26:53
challenger_metrics_scoring,XGBoost,GBR-Dedicated,1,119.48740299122075,25.875767742687163,0.2497435325037674,0.5936466957221264,0.28810467195721895,340.02369970985154,191.1517478848485,24343.494438454545,6079.630294545454,115616.11636437531,1.696031029868521,13.140622650933587,30,0,official,2026-06-13T16:26:53
challenger_metrics_scoring,XGBoost,GBR-Dedicated,2,86.97204953330589,14.990920765059213,0.20290186394966614,0.20231722479786166,0.2470049851513246,271.20132290352325,-208.03541827970528,30759.020281545458,6241.062548391158,73550.15754462109,2.3919801751945404,18.091038379419523,30,0,official,2026-06-13T16:26:53
challenger_metrics_scoring,XGBoost,GBR-Dedicated,3,0.5639528164011723,0.09908580027834385,0.0013281832901025255,0.0013268444148216009,0.0013283339435552744,1.7954870773330063,-1.279794548437485,31047.162147000003,41.23632196874905,3.2237738448698208,2.437338773120295,18.12052859531102,30,0,official,2026-06-13T16:26:53
challenger_metrics_scoring,XGBoost,GBR-Dedicated,4,7.860649820918087,4.057516580636105,0.018450238489877875,0.026281012583017214,0.021339061921883142,73.02739807374084,7.649614316145809,30828.192966999995,568.7875124531257,5333.000869420607,2.411961374743333,17.998052903160826,30,0,official,2026-06-13T16:26:53
challenger_metrics_scoring,XGBoost,GBR-Dedicated,5,152.5639729654196,20.080961160701957,0.3880517945281333,0.38377638628679034,0.4763574762573112,397.9761229572863,-391.3733808940755,30256.789408999994,11741.201426822267,158384.99444411305,2.565306692575349,19.818579388327173,30,0,official,2026-06-13T16:26:53
challenger_metrics_scoring,XGBoost,GBR-Dedicated,6,3.8993936228512367,0.5630951816291162,0.009905670112337173,0.00989123157884982,0.00994764811099572,11.354780727323945,-10.594780986979163,32087.019454999998,317.8434296093749,128.9310453656073,2.7170329573530614,20.164940311641303,30,0,official,2026-06-13T16:26:53
challenger_metrics_scoring,XGBoost,GBR-Dedicated,7,6.499563911872434,1.213955572601992,0.01648295326986089,0.01681013922102859,0.01657910715712961,24.322998957064733,7.777604606510408,31941.955187000003,526.4977546953116,591.6082782653721,2.7001696412974416,20.036152480383468,30,0,official,2026-06-13T16:26:53
challenger_metrics_scoring,XGBoost,GBR-Dedicated,8,21.234606787396768,3.7667531873275135,0.05796099958280526,0.06097702609956893,0.05834126494824499,75.53046977975745,35.20043029401044,30926.420806999995,1792.5262634921867,5704.851865150855,2.813844214209942,20.051876516323023,30,0,official,2026-06-13T16:26:53
challenger_metrics_scoring,XGBoost,GBR-Dedicated,9,0.9961789762366274,0.19345374320579733,0.0031180660549886973,0.0031156343840486006,0.0031167664320308785,3.909252133102575,-0.21485121796872592,28324.699808999998,88.31828499218773,15.282252240167033,2.955234855682835,20.207684112598884,30,0,official,2026-06-13T16:26:53
challenger_metrics_scoring,XGBoost,GBR-Dedicated,10,36.091163227570945,6.54347594493815,0.12849602880426855,0.14311337980469677,0.12857146569607705,131.4012327386591,86.82303007148441,24644.203445999996,3166.6822758554695,17266.283965239254,2.9247069482429997,20.081258622232333,30,0,official,2026-06-13T16:26:53
challenger_metrics_scoring,XGBoost,GBR-Dedicated,11,1.454382671806518,0.2838724618138486,0.006126985868972623,0.006123468676836821,0.006154318993319783,5.768894928770492,-4.488731502473979,22096.064594,135.3822755273443,33.2801486991939,3.102857731365002,20.32213653944878,30,0,official,2026-06-13T16:26:53
challenger_metrics_scoring,XGBoost,GBR-Dedicated,12,95.8402240875011,16.65963510817064,0.6655302794673573,0.8886098743228764,0.5449792927120097,336.4947742854525,294.3761198976562,13269.544405999997,8831.283596929687,113228.73312141762,3.071529962501903,20.198207949970058,30,0,official,2026-06-13T16:26:53
challenger_metrics_scoring,XGBoost,GBR-Go Local,1,19.896967190727914,7.433202850845243,0.013960340182061675,0.013917282792150003,0.01407224091509897,4114.455258720837,-3270.48335423335,7028088.094377,98114.5006270005,16928742.076015554,164.3709477370708,553.5238767569723,30,0,official,2026-06-13T16:26:53
challenger_metrics_scoring,XGBoost,GBR-Go Local,2,9.955408391734581,3.439395069955327,0.006903366832837732,0.006887195722776185,0.00691903443101852,1893.7831268801972,-1631.7386693000085,7113844.816329,49109.48035900024,3586414.531656137,164.4314943415517,550.6151774837529,30,0,official,2026-06-13T16:26:53
challenger_metrics_scoring,XGBoost,GBR-Go Local,3,12.145640063568894,4.3668776681471275,0.008506730460490131,0.008482402799283816,0.008520222885537,2412.458543197114,-1207.7099244333388,7148785.625858,60812.792439000244,5819956.222644743,166.8988271256545,552.4447274523089,30,0,official,2026-06-13T16:26:53
challenger_metrics_scoring,XGBoost,GBR-Go Local,4,17.82023448256389,6.957096675439323,0.013081614970593732,0.013108051692530601,0.01313905261862344,3962.84654101018,-1182.9038099000113,7195881.098671999,94133.74590700009,15704152.707596349,176.0802605208978,569.6121134840973,30,0,official,2026-06-13T16:26:53
challenger_metrics_scoring,XGBoost,GBR-Go Local,5,60.302751010512154,20.556834399007457,0.04834082509785899,0.04772446465110831,0.049161308407072064,13036.023953947248,-11695.4170102,7281045.354056001,351971.7399899999,169937920.52788645,194.55814430347917,634.1454963793776,30,0,official,2026-06-13T16:26:53
challenger_metrics_scoring,XGBoost,GBR-Go Local,6,14.275028556648307,5.025453226115035,0.011888449675807192,0.011848073734082662,0.011923811619437686,3385.488187371649,-2359.785995833347,7543375.454875,89679.03948100063,11461530.266832974,209.40772932052369,673.6682315097033,30,0,official,2026-06-13T16:26:53
challenger_metrics_scoring,XGBoost,GBR-Go Local,7,8.412370905858547,3.420169950352097,0.0071647275131757,0.007126575059926221,0.007167185279761062,2345.6119570419596,-1546.1215430000157,7657128.6462900005,54861.24028399977,5501895.453018213,217.38318839378675,685.817369046379,30,0,official,2026-06-13T16:26:53
challenger_metrics_scoring,XGBoost,GBR-Go Local,8,8.450351123230993,3.3828523334874214,0.0073776145831665986,0.007392680741471147,0.007388244667732728,2360.506782563345,-237.10686340001024,7755955.237152001,57220.44846399996,5571992.270527556,225.7123111594512,697.7859362042775,30,0,official,2026-06-13T16:26:53
challenger_metrics_scoring,XGBoost,GBR-Go Local,9,8.75080338249783,3.668272154242163,0.007941335279763696,0.00798845732177957,0.007941763135806352,2625.9724549639227,1442.7978989666667,7795269.719280999,61904.85043699984,6895731.33422925,235.80635107100957,715.8608588861445,30,0,official,2026-06-13T16:26:53
challenger_metrics_scoring,XGBoost,GBR-Go Local,10,8.114345978163918,3.5048856718945958,0.0078089864611218494,0.007863179638679687,0.007823122887516399,2625.823437880594,1110.4627616999874,7749524.164024002,60515.92927700005,6894948.726923063,248.59645472291183,749.1894696985032,30,0,official,2026-06-13T16:26:53
challenger_metrics_scoring,XGBoost,GBR-Go Local,11,37.44647980114012,13.352753749861684,0.036654040186249424,0.03651707264488981,0.0372873593830843,10519.510737404114,-9847.576448300002,8083598.715324,296296.55216100015,110660106.15436044,263.7511400577444,787.8158269422951,30,0,official,2026-06-13T16:26:53
challenger_metrics_scoring,XGBoost,GBR-Go Local,12,19.63718480347553,7.795877954589724,0.019026962422460714,0.018866089155599956,0.01912692042630743,6373.242201894822,-5286.812150500013,8335769.052015,158604.36451500037,40618216.16401316,269.2245453413625,817.5143632337981,30,0,official,2026-06-13T16:26:53
challenger_metrics_scoring,XGBoost,IND-Go Local,1,14.164373846010113,1.9653437609697644,0.010864778919223437,0.010850137400184362,0.010916683306380638,3336.584513280857,-3145.2832371666777,8684805.997115,94358.49711500033,11132796.214265656,222.0559321125696,1697.7103850954186,30,0,official,2026-06-13T16:26:53
challenger_metrics_scoring,XGBoost,IND-Go Local,2,19.739860925646806,2.9943462709075326,0.014939261218593469,0.0148750754817667,0.01500112291762633,5049.736592289115,-3721.2716775000195,8836484.712825,132010.55337900057,25499839.651503682,222.9170608584637,1686.4237250552292,30,0,official,2026-06-13T16:26:53
challenger_metrics_scoring,XGBoost,IND-Go Local,3,27.80098005822948,4.123360709377438,0.02089019112219343,0.020808218601321392,0.021068395720662644,6942.002867237153,-6358.737598233334,9131660.252946999,190762.12794700003,48191403.80872885,228.72350488777315,1683.578846606725,30,0,official,2026-06-13T16:26:53
challenger_metrics_scoring,XGBoost,IND-Go Local,4,21.701047830519013,3.1093518487018894,0.0160010514451012,0.016005601896970666,0.016116333747840307,5200.891064094597,-4395.61759993334,9360254.777998,149773.91824200033,27049267.86057903,230.05635397839723,1672.6608364588574,30,0,official,2026-06-13T16:26:53
challenger_metrics_scoring,XGBoost,IND-Go Local,5,54.032640834032556,7.964630036570084,0.039925939022893514,0.039657820590965696,0.04051234764456169,13453.197761058796,-11595.090054233346,9579697.295377,382478.410073,180988529.9981574,235.95515856660683,1689.1177241488454,30,0,official,2026-06-13T16:26:53
challenger_metrics_scoring,XGBoost,IND-Go Local,6,22.85337554398757,3.5881152686789424,0.016925060122096273,0.016876856773335138,0.01704481097568601,6060.277769042011,-5600.699348766665,9927349.105463002,168020.98046299996,36726966.63794481,245.07098909684424,1688.986366169128,30,0,official,2026-06-13T16:26:53
challenger_metrics_scoring,XGBoost,IND-Go Local,7,24.46250897982641,4.0018706622755795,0.017683568186344038,0.01760611805349095,0.017801509196195706,6716.593861030681,-6001.194745300012,10180968.029859,180035.84235900035,45112633.09403503,245.3221274338229,1678.3635524121191,30,0,official,2026-06-13T16:26:53
challenger_metrics_scoring,XGBoost,IND-Go Local,8,29.111269711375336,4.617757576882401,0.020513947133008074,0.020451456405552345,0.02069432258836791,7703.457086612693,-7178.789948366675,10498403.698451001,215363.69845100027,59343251.085283324,246.59831122245885,1668.2246649711633,30,0,official,2026-06-13T16:26:53
challenger_metrics_scoring,XGBoost,IND-Go Local,9,22.21598554677844,3.6346055590155926,0.015325272667591346,0.015278370474751094,0.0154196126282482,6026.432193120418,-5494.900370600012,10756546.698618,164847.01111800037,36317884.97827817,247.33993272681224,1658.0704825512441,30,0,official,2026-06-13T16:26:53
challenger_metrics_scoring,XGBoost,IND-Go Local,10,11.46199706343278,1.8020933585736412,0.007797264842251379,0.007791580808472448,0.007824906829252892,2969.926662798413,-2839.162294966673,10923685.493849,85174.8688490002,8820464.382400917,247.70223541798447,1648.0426214705728,30,0,official,2026-06-13T16:26:53
challenger_metrics_scoring,XGBoost,IND-Go Local,11,5.861227853284628,1.1313697139014847,0.003945959329858565,0.003936043929845822,0.003948761026913132,1853.3043675259757,-1446.1394010333538,10994584.182030998,43384.182031000615,3434737.078690857,246.72977014925948,1638.1067521552504,30,0,official,2026-06-13T16:26:53
challenger_metrics_scoring,XGBoost,IND-Go Local,12,19.42774695748446,3.618697452714969,0.01280036824229511,0.01271728712817619,0.012840420785266881,5892.808275560885,-4787.696244866669,11220840.262346,143630.88734600006,34725189.37251885,246.4359997761979,1628.4335323860078,30,0,official,2026-06-13T16:26:53
challenger_metrics_scoring,XGBoost,ISR-Go Local,1,6.891788964200184,2.406444832423079,0.010781662465041551,0.010735828061230829,0.010816806030938748,9.170710704161117,-7.754355613802079,21576.511894,232.63066841406237,84.10193481941528,1.1251585987444697,3.8108958828393398,30,0,official,2026-06-13T16:26:53
challenger_metrics_scoring,XGBoost,ISR-Go Local,2,12.754473559900209,4.672483666001066,0.019595611004833133,0.0194196005254095,0.019698765875210446,17.617976852822466,-14.537967611979143,22256.97521,436.13902835937427,310.3931083865882,1.1398328236522597,3.7705807258392774,30,0,official,2026-06-13T16:26:53
challenger_metrics_scoring,XGBoost,ISR-Go Local,3,17.44421138604912,6.036810005131034,0.025446750170173435,0.02527736126723349,0.025686661484561318,22.328760311598277,-19.824692299479178,23371.973435000004,594.7407689843753,498.57353705280633,1.136462512448905,3.6987681064369706,30,0,official,2026-06-13T16:26:53
challenger_metrics_scoring,XGBoost,ISR-Go Local,4,17.27403004604055,6.40970763646091,0.024197077219156433,0.02399641725579613,0.024360417126136527,23.295654628274942,-17.881209189583345,24438.745846,591.3462203750006,542.6875245598677,1.141108393734955,3.6344332611615853,30,0,official,2026-06-13T16:26:53
challenger_metrics_scoring,XGBoost,ISR-Go Local,5,67.03766572145028,20.09430609471119,0.09591067256178581,0.09496427678316413,0.10013947887185098,86.77668476579038,-81.75164622486979,25904.197397000004,2484.488994519532,7530.193018941357,1.2353696824920726,4.318471329976901,30,0,official,2026-06-13T16:26:53
challenger_metrics_scoring,XGBoost,ISR-Go Local,6,24.33951633244191,9.278631173914153,0.03544948012779643,0.03463783353995016,0.03566026268021098,42.18683271565079,-32.62382901432292,27608.722805,978.7148704296877,1779.7288545783033,1.3403647208403615,4.5466655506530325,30,0,official,2026-06-13T16:26:53
challenger_metrics_scoring,XGBoost,ISR-Go Local,7,61.468146556735334,19.75601386100495,0.08134339251498834,0.08044069268753712,0.08428444201532333,90.6569357267952,-84.66268572161457,31224.178057,2539.880571648437,8218.679995372277,1.3773424198413171,4.588827299100896,30,0,official,2026-06-13T16:26:53
challenger_metrics_scoring,XGBoost,ISR-Go Local,8,46.354564750490084,15.172331512829311,0.060749046777813884,0.0604366397182299,0.062480937280669405,73.35734672244539,-70.26603421302084,34699.820626,2107.981026390625,5381.300318157068,1.5158385067627662,4.834942253958556,30,0,official,2026-06-13T16:26:53
challenger_metrics_scoring,XGBoost,ISR-Go Local,9,22.74887970646082,8.155972819813508,0.028723786256921492,0.028535809084324466,0.029044275280594188,38.94134854555823,-35.05394102135416,36611.407049,1051.618230640625,1516.4286265466496,1.540908452357706,4.774580470763345,30,0,official,2026-06-13T16:26:53
challenger_metrics_scoring,XGBoost,ISR-Go Local,10,22.113719504774945,8.231144450260237,0.02693414562266048,0.026744423397675552,0.02720279562554445,38.789100599273254,-34.418755558333324,38336.56657299999,1032.5626667499996,1504.594325300541,1.5564435259704452,4.712479635568405,30,0,official,2026-06-13T16:26:53
challenger_metrics_scoring,XGBoost,ISR-Go Local,11,26.046188657174508,9.697656179126277,0.030540829719336672,0.030351432910125726,0.030915092762643853,45.269346815524464,-41.15027114114583,40421.565019,1234.508134234375,2049.313761104235,1.5798960716584862,4.668070921401037,30,0,official,2026-06-13T16:26:53
challenger_metrics_scoring,XGBoost,ISR-Go Local,12,25.350827301538562,10.045038741871565,0.02872221733515383,0.028481582518698177,0.029014101428134192,46.521171114253164,-40.72279281041668,42534.45233900001,1221.6837843125004,2164.2193618416227,1.606369382980459,4.631258505787052,30,0,official,2026-06-13T16:26:53
challenger_metrics_scoring,XGBoost,ITA-Go Local,1,105.44094071731442,37.3114191401474,0.14197158305207835,0.1275535281715912,0.14363905775311206,512.5119613131958,-373.0931477208333,78849.26904099999,11194.355548250001,262668.51048909867,3.538902274611371,13.736061857848998,30,0,official,2026-06-13T16:26:53
challenger_metrics_scoring,XGBoost,ITA-Go Local,2,89.74569350654924,28.16123523991554,0.11825048377816313,0.11603633305621933,0.12437693042543148,486.3754563825339,-449.06070574479173,113926.14002,13471.821172343753,236561.08457131815,5.003701996152286,17.271098097754912,30,0,official,2026-06-13T16:26:53
challenger_metrics_scoring,XGBoost,ITA-Go Local,3,298.24316093667284,110.01927278515136,0.29873536650328364,0.27804881929326697,0.33528978450357366,1968.094846437631,-1726.859626023958,173416.992394,51805.78878071874,3873397.324574363,5.790106370253463,17.888637114344323,30,0,official,2026-06-13T16:26:53
challenger_metrics_scoring,XGBoost,ITA-Go Local,4,269.9118034250041,114.43859845199175,0.2725390170954774,0.2421978263387186,0.2921916291118748,3307.153666413932,-2639.556240641667,290551.745813,79186.68721925002,10937265.373275114,9.779328681248565,28.898935421699694,30,0,official,2026-06-13T16:26:53
challenger_metrics_scoring,XGBoost,ITA-Go Local,5,123.73342792642862,28.767686758524704,0.1626790084535189,0.15909188494100518,0.1741605254777306,2532.7926771991893,-2314.6550683895825,441744.399122,71862.54083906247,6415038.745673837,19.35950589999862,88.0429733005435,30,0,official,2026-06-13T16:26:53
challenger_metrics_scoring,XGBoost,ITA-Go Local,6,6.021418880634013,1.468741150236594,0.009375389075363783,0.009358438981994593,0.009410936829181675,161.0655423517778,-147.32367777916662,471416.20447399997,4419.710333374998,25942.108933072323,24.4666050809032,109.66230661259294,30,0,official,2026-06-13T16:26:53
challenger_metrics_scoring,XGBoost,ITA-Go Local,7,7.691205689480251,1.8134795730260704,0.011736658079589651,0.01172538453273572,0.011800200326238842,195.6730602155992,-188.03738060000043,480641.199543,5641.121418000013,38287.94649413751,24.44836195932077,107.89923588115664,30,0,official,2026-06-13T16:26:53
challenger_metrics_scoring,XGBoost,ITA-Go Local,8,5.2782239047529265,1.27678493012159,0.007756570896822153,0.007747216696268459,0.007782043534569549,135.3511788943951,-125.86888875000083,486821.65260000003,3776.066662500025,18319.941628102548,23.84682632289597,106.00938004610177,30,0,official,2026-06-13T16:26:53
challenger_metrics_scoring,XGBoost,ITA-Go Local,9,3.8465068029898877,0.9471677433399558,0.005522343526581464,0.005529222448050998,0.005510628737901533,98.7032541424588,88.91585369999909,485512.68063899997,2681.167808999995,9742.332378310812,23.234655462075573,104.20884245319196,30,0,official,2026-06-13T16:26:53
challenger_metrics_scoring,XGBoost,ITA-Go Local,10,6.20709264148676,1.5121469371447294,0.008833844273347038,0.008850183518645399,0.008802968993748633,155.01740332089574,140.93096317083365,478605.776183,4227.928895125009,24030.395332353255,22.7048267700862,102.51477519347635,30,0,official,2026-06-13T16:26:53
challenger_metrics_scoring,XGBoost,ITA-Go Local,11,4.3030123408916845,1.2188758694869244,0.006055318577141043,0.006085264056192031,0.00605683853829565,123.01196349038155,76.462273883333,478467.79584599996,2897.2749327500114,15131.943161758963,22.44377274355069,100.92247009710876,30,0,official,2026-06-13T16:26:53
challenger_metrics_scoring,XGBoost,ITA-Go Local,12,2.4915348853602604,0.6467689571723552,0.0034620859535260803,0.0034658334271029496,0.00345775527617878,64.2890095467148,50.92452071250015,475686.91086299997,1646.868972375005,4133.076748497587,22.03285722991697,99.40027089083475,30,0,official,2026-06-13T16:26:53
challenger_metrics_scoring,XGBoost,JPN-Go Local,1,8.95382189482508,2.781042263723446,0.005161320328310653,0.005165084376082366,0.005149903656523259,1514.1294478619454,1417.6510105999944,8240048.594682,42529.53031799983,2292587.98488272,158.3291500827524,544.4467592645382,30,0,official,2026-06-13T16:26:53
challenger_metrics_scoring,XGBoost,JPN-Go Local,2,23.360442559368902,8.618114481477045,0.013432216334963987,0.013337107503250714,0.013477795105063133,4681.9456873452555,-3725.1650436000104,8347135.607558001,112120.53125800012,21920615.419250835,159.9863115792916,543.2679848252403,30,0,official,2026-06-13T16:26:53
challenger_metrics_scoring,XGBoost,JPN-Go Local,3,15.537095640131746,5.136764785022815,0.008955336680297285,0.008937760157901238,0.00898670137251401,2800.106978841309,-2533.526270199994,8487206.100606002,76005.78810599982,7840599.092955801,163.06305431087063,545.1109980751964,30,0,official,2026-06-13T16:26:53
challenger_metrics_scoring,XGBoost,JPN-Go Local,4,8.08038918855724,4.747275025889612,0.00466267403125452,0.004730710010418761,0.004693459356936606,2577.688641901589,291.9851561666544,8514345.445315002,39699.61740100046,6644478.734588458,163.76941124411718,542.9827907260428,30,0,official,2026-06-13T16:26:53
challenger_metrics_scoring,XGBoost,JPN-Go Local,5,76.63469448363436,23.226197800668416,0.046047333806331886,0.04588501150187684,0.04705130602886516,13610.265619302007,-13025.034407133347,8522502.782213999,392438.53047800023,185239330.22795424,170.69663339051002,585.9876737513327,30,0,official,2026-06-13T16:26:53
challenger_metrics_scoring,XGBoost,JPN-Go Local,6,12.253027139840837,5.05242501344315,0.007447533579925745,0.007392455893946141,0.007446626110894482,3025.90746175081,-2086.6311071666696,8666630.808215,64545.023969000205,9156115.96707923,175.5893277972957,598.9020032360065,30,0,official,2026-06-13T16:26:53
challenger_metrics_scoring,XGBoost,JPN-Go Local,7,38.267463222344624,11.824032067473587,0.02278122118462037,0.022738682417350463,0.023021698552461434,7076.297020765651,-6797.179386533348,8951029.444095999,203915.38159600046,50073979.52609683,177.62294163686371,598.4673401074111,30,0,official,2026-06-13T16:26:53
challenger_metrics_scoring,XGBoost,JPN-Go Local,8,24.338936153913586,8.041723077001212,0.014350101124225122,0.014308560551216194,0.014432565986520467,4804.234716084859,-4376.489201500009,9149390.301044999,131294.67604500026,23080671.207234967,179.81431784134452,597.4135978176926,30,0,official,2026-06-13T16:26:53
challenger_metrics_scoring,XGBoost,JPN-Go Local,9,21.09098459324064,6.977295738226895,0.012280125374426454,0.012251875620974236,0.012341601102976682,4162.043731780439,-3815.7686651999948,9321815.247456,114473.05995599984,17322608.025252845,180.91941835768512,596.512443779274,30,0,official,2026-06-13T16:26:53
challenger_metrics_scoring,XGBoost,JPN-Go Local,10,22.61138276652876,7.54612713374478,0.012959695710933417,0.012927923269726917,0.013028013945853144,4479.801987659181,-4103.464441266671,9498983.308238002,123103.93323800014,20068625.848635145,181.47781954056163,593.6557797477857,30,0,official,2026-06-13T16:26:53
challenger_metrics_scoring,XGBoost,JPN-Go Local,11,22.189145739761646,7.3508495892783055,0.012502199731833454,0.012477841822210702,0.012568431559863124,4341.3147647780215,-4034.5242301666644,9681154.476905,121035.72690499993,18847013.88687965,181.82422511818623,590.5868038859226,30,0,official,2026-06-13T16:26:53
challenger_metrics_scoring,XGBoost,JPN-Go Local,12,33.049894210062156,11.00608980894735,0.01820187165114827,0.018151050820245908,0.01834296435469624,6466.556392891533,-6014.8576578,9913581.042234002,180445.729734,41816351.582446344,181.99324995021485,587.5434877548042,30,0,official,2026-06-13T16:26:53
challenger_metrics_scoring,XGBoost,KOR-Go Local,1,31.75821356424581,8.05528894480579,0.020274417319142042,0.020160526797657168,0.020423267765065443,417.0878720512054,-368.15556694166725,544758.7881019999,11044.667008250017,173962.29301220272,11.592452018653404,51.778139171550386,30,0,official,2026-06-13T16:26:53
challenger_metrics_scoring,XGBoost,KOR-Go Local,2,23.84414903491609,5.957272721227828,0.014932415068050214,0.014886399788094008,0.015021209126682927,306.77483698463504,-278.9384314916668,560401.844351,8368.152944750003,94110.80060694941,11.698401611364044,51.495852437893255,30,0,official,2026-06-13T16:26:53
challenger_metrics_scoring,XGBoost,KOR-Go Local,3,7.831409318795018,2.284019338088768,0.004875885962892956,0.004869595112668291,0.004877922901736524,116.95995242058646,-40.721659158333686,566632.763056,2762.836735500001,13679.63047022585,11.759640455642815,51.20795190747235,30,0,official,2026-06-13T16:26:53
challenger_metrics_scoring,XGBoost,KOR-Go Local,4,19.34376301459308,4.916716230851168,0.012081057092601707,0.012048996742242192,0.012132332949633791,251.76962739548847,-213.50404513333353,575626.527604,6954.176943999995,63387.9452788631,11.983495556601737,51.20686563436321,30,0,official,2026-06-13T16:26:53
challenger_metrics_scoring,XGBoost,KOR-Go Local,5,31.186334114212645,7.670169568582933,0.019833428332360115,0.01979422653660925,0.02000518402561486,394.09470644875347,-381.23386495833427,576653.5042300001,11437.015948750028,155310.6376509292,12.224388527428538,51.38018174499924,30,0,official,2026-06-13T16:26:53
challenger_metrics_scoring,XGBoost,KOR-Go Local,6,16.127150863033407,5.499961911566922,0.010204597147045222,0.010091753960787406,0.010185558495092235,282.09192660523166,-148.25383924166624,588594.0800209999,6006.365469750002,79575.85505585141,12.41460342408811,51.289796391492565,30,0,official,2026-06-13T16:26:53
challenger_metrics_scoring,XGBoost,KOR-Go Local,7,71.21035129509524,18.550079005478594,0.04369948554161767,0.04352507228282805,0.044583057606140016,955.9601571395518,-913.8577383166669,627369.6774619999,27415.732149500007,913859.8220382767,12.833214858464135,51.53402079081269,30,0,official,2026-06-13T16:26:53
challenger_metrics_scoring,XGBoost,KOR-Go Local,8,83.9375380981534,25.56374243751835,0.049309061679307375,0.04830246111473149,0.050013302175534145,1314.592498377022,-1097.2218289583338,667557.9244000001,32916.65486875002,1728153.4367891406,13.071884806476978,51.424101990938325,30,0,official,2026-06-13T16:26:53
challenger_metrics_scoring,XGBoost,KOR-Go Local,9,225.1186291613669,67.45170425536828,0.11946330598680215,0.11608063824393602,0.1250285847032973,3516.6800470415865,-3124.275033516668,784577.743193,93728.25100550003,12367038.553260416,13.878349584641269,52.136266768407175,30,0,official,2026-06-13T16:26:53
challenger_metrics_scoring,XGBoost,KOR-Go Local,10,59.77296742276855,17.000583008311118,0.032806612988648315,0.032806612988648315,0.03335372435192007,946.7358490000007,-946.7358490000006,865742.3879700003,28402.075470000018,896308.767781752,15.838863115224436,55.68843424588248,30,0,official,2026-06-13T16:26:53
challenger_metrics_scoring,XGBoost,KOR-Go Local,11,2.2206944797460473,0.629313372478325,0.0012099050590050522,0.0012099050590050528,0.0012106374371849882,34.9155365000006,-34.9155365000006,865742.3879700003,1047.466095000018,1219.0946890828739,15.722800600645185,55.48195545646564,30,0,official,2026-06-13T16:26:53
challenger_metrics_scoring,XGBoost,KOR-Go Local,12,1.1598057767425565,0.32666392490848123,0.0006241992883900976,0.0006241992883900979,0.0006243941615857662,18.0131927500006,-18.0131927500006,865742.3879700003,540.395782500018,324.4751130486742,15.531214890645444,55.14288960755985,30,0,official,2026-06-13T16:26:53
challenger_metrics_scoring,XGBoost,LAM-Multitenant,1,12.050970949513976,3.811160421093011,0.008523369627884922,0.008502851118915355,0.00854945658027229,1570.9242830679946,-1385.8532369999932,4877835.75336,41575.5971099998,2467803.1031326926,114.99930111904266,412.19054290489976,30,0,official,2026-06-13T16:26:53
challenger_metrics_scoring,XGBoost,LAM-Multitenant,2,19.100223564819967,5.910892640397986,0.013205391401069544,0.013166801427323791,0.013273464805979966,2420.3820692896984,-2187.182291866667,4968839.375006001,65615.46875600002,5858249.361339082,114.51082153274696,409.47826606553485,30,0,official,2026-06-13T16:26:53
challenger_metrics_scoring,XGBoost,LAM-Multitenant,3,17.89315541115964,5.403212223811481,0.012144030649365103,0.012122081835466474,0.012207045115428566,2199.8645401256417,-2050.844052133327,5066301.571564,61525.32156399981,4839403.994902202,114.61612024306524,407.1401323884767,30,0,official,2026-06-13T16:26:53
challenger_metrics_scoring,XGBoost,LAM-Multitenant,4,27.87789610478071,14.966212435592508,0.01883823478174994,0.020059965739809393,0.01936474872997321,6054.732371902422,649.51759966666,5074167.128260001,95588.35168399976,36659784.095363125,114.29407647875736,404.5600981516949,30,0,official,2026-06-13T16:26:53
challenger_metrics_scoring,XGBoost,LAM-Multitenant,5,148.0964774812854,33.39158289698709,0.10953259710309278,0.10782316061665988,0.11468230116100314,19871.678597377082,-18290.6217309,5137976.245676998,562775.8820429998,394883610.27745444,126.66875260737076,595.1104102695921,30,0,official,2026-06-13T16:26:53
challenger_metrics_scoring,XGBoost,LAM-Multitenant,6,14.762054027431558,3.529496563512191,0.011585051986806738,0.011545787915286817,0.011632560370331191,2344.4621324500467,-2059.1225867666635,5332188.208853,61773.6776029999,5496502.690492221,139.4875389929005,664.2483114127415,30,0,official,2026-06-13T16:26:53
challenger_metrics_scoring,XGBoost,LAM-Multitenant,7,9.355539936839369,2.1505169104063437,0.00722046321726299,0.007210734875820674,0.007241703584273309,1419.693062265232,-1302.3638959000014,5411137.166877,39070.91687700004,2015528.3910440318,139.20777471877116,660.163635726528,30,0,official,2026-06-13T16:26:53
challenger_metrics_scoring,XGBoost,LAM-Multitenant,8,14.498394749666906,3.335651242289396,0.010967124841555476,0.010944815698187652,0.011016257721664926,2188.314252989697,-2008.170334933344,5493245.578797999,60245.11004800032,4788719.269837854,138.5098398551661,656.0380849311349,30,0,official,2026-06-13T16:26:53
challenger_metrics_scoring,XGBoost,LAM-Multitenant,9,8.671995083562196,2.1408730625969405,0.006454270136739712,0.006439279110614404,0.006467592796377082,1395.8423855874876,-1195.743761500011,5557919.344095,35872.31284500033,1948375.9654025682,137.88565952563192,651.9967997982518,30,0,official,2026-06-13T16:26:53
challenger_metrics_scoring,XGBoost,LAM-Multitenant,10,17.55967830866642,3.97747266493724,0.012783209876836095,0.012759904091290047,0.012853565800259191,2577.438235405758,-2409.3837033333452,5654410.104850001,72281.51110000035,6643187.857331548,137.21115278884213,648.0090380323021,30,0,official,2026-06-13T16:26:53
challenger_metrics_scoring,XGBoost,LAM-Multitenant,11,17.517255662834298,4.063082309125058,0.012504822450783796,0.01247539544538802,0.012568502130174823,2617.335648495746,-2398.6097881333417,5754443.449894,71958.29364400025,6850445.896886648,136.9283998761508,644.1749020485292,30,0,official,2026-06-13T16:26:53
challenger_metrics_scoring,XGBoost,LAM-Multitenant,12,15.963001151941118,3.6271941364987565,0.011182965532192656,0.01116651363982251,0.011237485987435373,2322.9098322314494,-2182.426896433344,5854690.931893,65472.80689300032,5395910.0886775395,136.71783116848042,640.4150825171157,30,0,official,2026-06-13T16:26:53
challenger_metrics_scoring,XGBoost,MEX-Go Local,1,68.62812286271956,18.520221902496093,0.09645183226122604,0.09419720449849198,0.10006073803886226,60.50432026573642,-53.97686522304687,16788.752673,1619.3059566914062,3660.772770818802,0.7865123359270605,3.2669327929371,30,0,official,2026-06-13T16:26:53
challenger_metrics_scoring,XGBoost,MEX-Go Local,2,112.09410275617326,32.67254506197518,0.14324711378520402,0.13900252430082033,0.1517699269724551,109.53379261439594,-99.09024332395838,20752.301538000003,2972.707299718751,11997.651724493497,0.8839915828533742,3.3524720038376525,30,0,official,2026-06-13T16:26:53
challenger_metrics_scoring,XGBoost,MEX-Go Local,3,40.79034119781038,12.041038225118681,0.05479130829029677,0.053829019325069206,0.055812198454544985,49.95568036250028,-43.175682641927104,23640.072115000003,1295.2704792578131,2495.570000480296,1.0584780949134294,4.148785132023605,30,0,official,2026-06-13T16:26:53
challenger_metrics_scoring,XGBoost,MEX-Go Local,4,39.558397116912126,12.236577217573563,0.05130198585067748,0.05060727616982185,0.05219585729918829,50.39057605656018,-42.07136213203127,26104.05065399999,1339.1896372968758,2539.210155311976,1.1284495285446752,4.118028690587736,30,0,official,2026-06-13T16:26:53
challenger_metrics_scoring,XGBoost,MEX-Go Local,5,115.26680794821918,27.407427748775696,0.1638256691591573,0.1613094144857966,0.17687198057561113,162.27214279388096,-154.61572363723957,28313.461088999997,4638.471709117187,26332.248326917696,1.3413724765128998,5.920735950900381,30,0,official,2026-06-13T16:26:53
challenger_metrics_scoring,XGBoost,MEX-Go Local,6,16.40923613500167,4.694411822835079,0.024904695951091457,0.024662763627668557,0.025092981172091515,30.11737034756482,-25.44417876432292,30649.856734999994,763.3253629296876,907.0559966523766,1.5506010490061322,6.415579093650148,30,0,official,2026-06-13T16:26:53
challenger_metrics_scoring,XGBoost,MEX-Go Local,7,26.499309294080263,7.768695911048178,0.03786193021893729,0.03730175039768333,0.038295738271859094,49.0289149658643,-41.33659126562499,32753.156819999997,1240.0977379687497,2403.834502729953,1.5599120266451345,6.311086896339744,30,0,official,2026-06-13T16:26:53
challenger_metrics_scoring,XGBoost,MEX-Go Local,8,28.82928780850965,8.9084518263492,0.03914962321177015,0.038499654095876745,0.039586660451494775,55.51884427959447,-46.25011337812493,35441.040999,1387.5034013437478,3082.342070141859,1.6042752663655155,6.232154066925769,30,0,official,2026-06-13T16:26:53
challenger_metrics_scoring,XGBoost,MEX-Go Local,9,26.87305039232336,8.268763925914362,0.03496602442711456,0.03458722417110669,0.03538908401271024,50.91971555680264,-44.33107641197913,38034.987224,1329.932292359374,2592.817432385689,1.6496480959468185,6.158080701423813,30,0,official,2026-06-13T16:26:53
challenger_metrics_scoring,XGBoost,MEX-Go Local,10,24.035167905861957,7.6945396972263,0.030086180262831084,0.02979280044660885,0.030392033000901056,46.84514946100357,-40.54606147812504,40429.919442000006,1216.3818443437513,2194.4680280237635,1.686947294769521,6.088102902099544,30,0,official,2026-06-13T16:26:53
challenger_metrics_scoring,XGBoost,MEX-Go Local,11,27.87398217972016,9.277420597816619,0.03336750820196764,0.03298527963238574,0.03373244624598844,55.81011092193414,-47.92757727656255,43090.64103900002,1437.8273182968765,3114.7684811185923,1.7194377526520943,6.015692652230157,30,0,official,2026-06-13T16:26:53
challenger_metrics_scoring,XGBoost,MEX-Go Local,12,22.277617223088463,7.808659777183372,0.025798008619095543,0.025541554101180326,0.02600167915857904,46.53614802379908,-39.38098460312494,45795.377292,1181.4295380937483,2165.613072892939,1.7677377346402467,5.95955635815714,30,0,official,2026-06-13T16:26:53
challenger_metrics_scoring,XGBoost,NAM-Dedicated,1,35.45490371288644,10.678374704586403,0.019980014189363102,0.020004535466221215,0.019791497968779072,2086.7219279866868,2012.5843785500008,3021896.320206,60377.531356500025,4354408.404740475,56.76462682984263,195.41568691070856,30,0,official,2026-06-13T16:26:53
challenger_metrics_scoring,XGBoost,NAM-Dedicated,2,46.477462232584024,15.475228435152276,0.027307241514429405,0.027518422018825373,0.027039041932996253,3013.364396179924,2661.4432333333334,2923887.3123749997,79843.297,9080364.984164799,57.26309280861448,194.72180386914417,30,0,official,2026-06-13T16:26:53
challenger_metrics_scoring,XGBoost,NAM-Dedicated,3,34.22301318818908,10.70668075516798,0.021321992403133837,0.021354032883169685,0.021110255269363127,2080.9507596381845,2001.5322145166626,2816151.760127,60045.96643549988,4330356.064038738,58.484979201288574,194.3600269050458,30,0,official,2026-06-13T16:26:53
challenger_metrics_scoring,XGBoost,NAM-Dedicated,4,23.727062544607485,12.365876112266522,0.015113096328327903,0.015613924208825807,0.015233574107000943,2394.6894081519245,1393.6784523166687,2766498.185493,41810.35356950006,5734537.3615150135,58.737926352936334,193.65303245893554,30,0,official,2026-06-13T16:26:53
challenger_metrics_scoring,XGBoost,NAM-Dedicated,5,73.61921262574727,19.015707086509643,0.05095874785906025,0.05033488499979156,0.051788380854259186,4998.1212602851765,-4212.430868250002,2737343.2151099998,139491.5827024998,24981216.132514678,63.15904853606772,262.84172539821066,30,0,official,2026-06-13T16:26:53
challenger_metrics_scoring,XGBoost,NAM-Dedicated,6,5.523105794562162,1.5179929130508925,0.003996090592384437,0.004000701566953161,0.003999012857930812,425.93343113162246,-8.20132026666591,2784712.289608,11127.962582999855,181419.28775555658,67.160054486952,280.5898680222248,30,0,official,2026-06-13T16:26:53
challenger_metrics_scoring,XGBoost,NAM-Dedicated,7,15.349040349530187,4.032868120190035,0.011325038912950659,0.011350343216203266,0.011273864142211277,1124.876130456133,1027.4037693333328,2726995.152545,30883.326217999944,1265346.3088699633,67.06896221679257,278.92708041321396,30,0,official,2026-06-13T16:26:53
challenger_metrics_scoring,XGBoost,NAM-Dedicated,8,8.331698530158198,2.360129158240893,0.006110978536810342,0.006095493408836268,0.006120981188773351,654.6327325479033,-535.4401739166696,2742230.5255300007,16757.71188449998,428544.01452313474,67.04399998728627,277.37157106936877,30,0,official,2026-06-13T16:26:53
challenger_metrics_scoring,XGBoost,NAM-Dedicated,9,6.209353446197751,2.8891089937423997,0.004514006109306181,0.004511076938621807,0.0045490368049838316,796.4333234268001,-404.8523831666651,2753185.43087,12427.895854999952,634306.038664658,66.71599527328178,275.6674549668486,30,0,official,2026-06-13T16:26:53
challenger_metrics_scoring,XGBoost,NAM-Dedicated,10,13.418376192299498,3.772194489366005,0.009743683603156115,0.009791203355764892,0.00973178647824834,1033.429942237381,660.5150436666576,2732461.470565,26624.240027000036,1067977.445512757,66.13875291974371,273.959878036689,30,0,official,2026-06-13T16:26:53
challenger_metrics_scoring,XGBoost,NAM-Dedicated,11,4.650834288790951,1.2808466893209691,0.003400991412853863,0.003401494140920948,0.003403953437947712,349.10283484976503,-147.68931849999984,2720458.992055,9252.25767100013,121872.78930014234,66.31253015757584,272.5563002663802,30,0,official,2026-06-13T16:26:53
challenger_metrics_scoring,XGBoost,NAM-Dedicated,12,25.329554221204145,7.171488492478659,0.01897670733299941,0.019100726193279405,0.018857644437605348,1943.8213583425663,1677.7388630333328,2652312.9122340004,50332.16589099998,3778441.47314874,66.23641491601326,271.0485222671995,30,0,official,2026-06-13T16:26:53
challenger_metrics_scoring,XGBoost,NAM-GCC Low,1,13.605218728224193,4.222713952701001,0.007822424057679273,0.007803131188123952,0.00784338161536227,1638.7044912412334,-1427.6063001666703,5475053.345255002,42828.18900500011,2685352.4096141895,104.93078639045204,388.069026127867,30,0,official,2026-06-13T16:26:53
challenger_metrics_scoring,XGBoost,NAM-GCC Low,2,12.150116454172085,3.8165557798727656,0.00688527197759098,0.006869327754577119,0.006900995042611679,1471.4961042081052,-1271.521397266668,5540179.391918,38145.64191800004,2165300.7846996305,104.6509638045531,385.55603247521805,30,0,official,2026-06-13T16:26:53
challenger_metrics_scoring,XGBoost,NAM-GCC Low,3,16.864609316054285,5.003407484889171,0.009397563577651692,0.009381325122755878,0.009433690683950799,1916.8090404571496,-1760.2554826999965,5619293.133231,52807.6644809999,3674156.897578259,104.3757047502025,383.10072610438374,30,0,official,2026-06-13T16:26:53
challenger_metrics_scoring,XGBoost,NAM-GCC Low,4,20.545254148694323,6.1620756479769,0.011263396035859116,0.011276751764411442,0.011322123784154254,2345.8081198897526,-1760.7026400333232,5698800.454201001,64187.84644499968,5502815.735340697,104.14058964736454,380.6847325316293,30,0,official,2026-06-13T16:26:53
challenger_metrics_scoring,XGBoost,NAM-GCC Low,5,49.87095636117448,13.537911198015472,0.027944080692950235,0.027825858096668505,0.028235475841817004,5620.424709354786,-4808.590538100005,5768138.341143001,161185.32325300013,31589173.913525827,107.73493232257728,415.1618833323922,30,0,official,2026-06-13T16:26:53
challenger_metrics_scoring,XGBoost,NAM-GCC Low,6,15.852568829286758,4.488785918734238,0.009029447375766029,0.009015979782677158,0.009063574624067884,1913.0631791357537,-1771.235738199996,5884864.259646,53137.072145999875,3659810.727364997,111.73178033630325,426.1872171607608,30,0,official,2026-06-13T16:26:53
challenger_metrics_scoring,XGBoost,NAM-GCC Low,7,15.705513907614261,4.561682246186378,0.008811216282588089,0.008794456247318089,0.008841714054308943,1932.9553550945143,-1751.5596315000062,5963624.913945001,52546.78894500018,3736316.4047885602,111.52513962951728,423.7373957185397,30,0,official,2026-06-13T16:26:53
challenger_metrics_scoring,XGBoost,NAM-GCC Low,8,29.910783725385024,8.542008493908883,0.016392725530259215,0.016347761853829367,0.016505248606752912,3597.8100974521817,-3328.028032133344,6090557.715964001,99840.84096400032,12944237.497328877,111.26515649634668,421.19018027407725,30,0,official,2026-06-13T16:26:53
challenger_metrics_scoring,XGBoost,NAM-GCC Low,9,6.978203055116009,2.27749866419937,0.0038064970166976422,0.0037992984775176773,0.0038101313429137243,955.746276712229,-780.388740800002,6150448.068474,23411.662224000058,913450.9454492887,111.83233486275049,419.64734896923034,30,0,official,2026-06-13T16:26:53
challenger_metrics_scoring,XGBoost,NAM-GCC Low,10,21.419970309083016,6.200790606039881,0.011460403896198944,0.011437610696205486,0.011514861743565575,2586.7052061694394,-2385.865090266678,6245500.015208001,71575.95270800035,6691043.823624081,111.38507924331556,417.1573224307653,30,0,official,2026-06-13T16:26:53
challenger_metrics_scoring,XGBoost,NAM-GCC Low,11,21.29840492609115,6.262743050756829,0.011220927487634555,0.011196390295455902,0.011271755307533523,2598.0477267079414,-2374.413737366684,6348175.068371001,71232.41212100053,6749851.990252301,111.48317189039636,414.841820213904,30,0,official,2026-06-13T16:26:53
challenger_metrics_scoring,XGBoost,NAM-GCC Low,12,19.051062323264514,5.645104898645621,0.00989243155248046,0.009873050807610266,0.009931766753138777,2328.974225121874,-2125.937329033342,6447163.119871002,63778.119871000265,5424120.941282033,111.59153715208936,412.5652697225597,30,0,official,2026-06-13T16:26:53
challenger_metrics_scoring,XGBoost,NAM-ITAR DoD,1,3.7527354568946074,0.5995558032627695,0.009502117065073461,0.009517767464447192,0.009513401318039561,356.51500705686533,-27.05588778333234,1010149.6063209998,9598.55981250001,127102.95025675674,85.25833952994942,594.6319010119133,30,0,official,2026-06-13T16:26:53
challenger_metrics_scoring,XGBoost,NAM-ITAR DoD,2,8.79589232551791,1.478677099180287,0.021924149323512766,0.02174994073228448,0.022076596357197904,873.8034283821665,-747.3742218833324,1022672.5938439998,22421.226656499974,763532.4314524281,84.9685505716245,590.9359310877029,30,0,official,2026-06-13T16:26:53
challenger_metrics_scoring,XGBoost,NAM-ITAR DoD,3,7.434847249918576,1.1404433831202418,0.017894289941121234,0.017856762488062394,0.01800241504972636,669.3559192741939,-498.80370556666674,1053271.376792,18847.543402999996,448037.34666740114,84.50092189500556,586.9260405043893,30,0,official,2026-06-13T16:26:53
challenger_metrics_scoring,XGBoost,NAM-ITAR DoD,4,61.43418934404158,21.98120172845086,0.16775676935126352,30.609586515293575,0.2793351680236848,12850.463586502561,4149.087447836113,934482.5289086665,156765.7700649166,165134414.38802826,85.05891791892539,584.6115123846874,30,0,official,2026-06-13T16:26:53
challenger_metrics_scoring,XGBoost,NAM-ITAR DoD,5,266.1720003364917,29.92776395901721,0.8824257539347847,3.459085012897717,1.5579286357507354,28543.483111177626,-25773.559724889587,906596.5700670001,800004.1618560625,814730428.1180824,100.18636581417356,953.7459313787958,30,0,official,2026-06-13T16:26:53
challenger_metrics_scoring,XGBoost,NAM-ITAR DoD,6,3.875358219183817,0.45862540283198194,0.012026123314363552,0.012004881289937569,0.0120880663844165,477.17143901053305,-445.2592468666674,1110730.1211559998,13357.777406000023,227692.58220738286,114.89499078112132,1040.4383099235904,30,0,official,2026-06-13T16:26:53
challenger_metrics_scoring,XGBoost,NAM-ITAR DoD,7,20.007822833364205,6.549483880469835,0.06461958883440394,0.15381095301118103,0.0853051201254757,6770.011289023039,2005.4868931055569,1056162.6978943332,68248.7992801666,45833052.8534994,113.70352461397874,1033.6709598157504,30,0,official,2026-06-13T16:26:53
challenger_metrics_scoring,XGBoost,NAM-ITAR DoD,8,119.20336488247081,13.841580290140124,0.4207703123749166,0.42045365916128385,0.5407298998997021,16371.712844072788,-15938.078355450001,1136350.014726,478142.3506635,268032981.44877788,133.70493669506925,1182.7921740796442,30,0,official,2026-06-13T16:26:53
challenger_metrics_scoring,XGBoost,NAM-ITAR DoD,9,0.795982419806687,0.10307926240663853,0.0027634825881411025,0.0027610527653879904,0.002763095439821237,121.14841618190597,-23.10697591666685,1143604.0295900002,3160.3298234999675,14676.938743384297,132.3450428410001,1175.2937822157307,30,0,official,2026-06-13T16:26:53
challenger_metrics_scoring,XGBoost,NAM-ITAR DoD,10,0.5379438351724753,0.071698523058094,0.0018434732373293575,0.0018448022664235239,0.0018428303360516667,83.73924726637587,54.12431413333276,1146241.895576,2113.066258000028,7012.261532739238,130.9347506710459,1167.9354566136017,30,0,official,2026-06-13T16:26:53
challenger_metrics_scoring,XGBoost,NAM-ITAR DoD,11,6.676001355989513,0.983444241530763,0.022087832179670565,0.02173820696039089,0.022152740437369964,1141.4971504279265,-865.0248538500003,1174888.7534279998,25950.74561550001,1303015.7444350764,129.57230050199516,1160.7136451896336,30,0,official,2026-06-13T16:26:53
challenger_metrics_scoring,XGBoost,NAM-ITAR DoD,12,2.2275143985029553,0.3180385452445878,0.007077537336563329,0.007045378901789524,0.0070859986130016005,366.92218154577046,-282.45608861666864,1217034.1123459998,8613.604370000023,134631.88731030733,128.89709977167024,1153.7034961079596,30,0,official,2026-06-13T16:26:53
challenger_metrics_scoring,XGBoost,NAM-ITAR GCCH,1,7.425268494984856,0.6725419958893758,0.012150592739633499,0.01212734367177032,0.012213029602075803,281.5879778728852,-261.5327221749989,645728.3058839999,7845.9816652499685,79291.78928254049,35.221988585549774,418.6920364735151,30,0,official,2026-06-13T16:26:53
challenger_metrics_scoring,XGBoost,NAM-ITAR GCCH,2,13.898500771236714,1.3104617241350984,0.02200885227341976,0.02188902500913553,0.022191817181894346,544.882844760115,-486.7980974500009,663548.5913610001,14603.942923500028,296897.3145138756,35.02522361674012,415.79455143547693,30,0,official,2026-06-13T16:26:53
challenger_metrics_scoring,XGBoost,NAM-ITAR GCCH,3,11.997382805036588,1.2155574980120492,0.01857001803712982,0.018786380496679984,0.018750157589037288,501.9774193181587,-185.34291129166982,677335.5803075001,12578.13394350007,251981.3295053185,34.9468828546497,412.9606539707946,30,0,official,2026-06-13T16:26:53
challenger_metrics_scoring,XGBoost,NAM-ITAR GCCH,4,111.33421617699277,19.244531952685556,0.20173129806347476,27.649289335852682,0.3159274754645089,7945.358500873204,1705.503875980556,598050.0868455833,120645.42032633332,63128721.707398094,36.12109690056653,412.8631717522461,30,0,official,2026-06-13T16:26:53
challenger_metrics_scoring,XGBoost,NAM-ITAR GCCH,5,425.0360732538139,33.48627407713073,0.9928470007456407,0.9394539971714077,1.8271347307737937,21253.403267393405,-19714.041233434884,595796.7276989999,591534.9941500193,451707150.44644874,46.390963918395,634.6899992050265,30,1,official,2026-06-13T16:26:53
challenger_metrics_scoring,XGBoost,NAM-ITAR GCCH,6,181.23642813343096,18.746787961663212,0.736761437294845,2.313770749730703,0.6958577422447128,13407.447605350799,9921.100262741666,415281.77727400005,305963.59910675,179759651.29022685,56.27338136118559,715.1863899441732,30,0,official,2026-06-13T16:26:53
challenger_metrics_scoring,XGBoost,NAM-ITAR GCCH,7,232.12965009848165,23.109079695768116,0.8357476758756566,0.772394028972766,1.3168776427349733,16694.37788445157,-15010.895604996182,538831.1342631667,450326.86814988544,278702252.94886565,64.66599849966502,722.4163880272891,30,0,official,2026-06-13T16:26:53
challenger_metrics_scoring,XGBoost,NAM-ITAR GCCH,8,234.7804619755111,25.57481620180155,0.8118864723746619,0.811062572624598,1.427826785624252,21045.34082148354,-20424.039948065103,754688.2714400002,612721.198441953,442906370.29240155,86.99207666690529,822.8931404793854,30,0,official,2026-06-13T16:26:53
challenger_metrics_scoring,XGBoost,NAM-ITAR GCCH,9,2.0246509192079754,0.28000201409601116,0.0068448199119689355,0.00681119543496835,0.006851284442836337,228.9517185468176,-174.16351595000148,764495.2570410001,5232.832358000047,52418.88942554118,86.15200952019065,817.6788273684035,30,0,official,2026-06-13T16:26:53
challenger_metrics_scoring,XGBoost,NAM-ITAR GCCH,10,5.47293588631773,0.6147786928721435,0.01787037187258237,0.01782464593488731,0.01800800782945094,499.5442434998349,-466.70212531666743,783479.149697,14001.063759500023,249544.45121382235,85.27454642460124,812.5594613015093,30,0,official,2026-06-13T16:26:53
challenger_metrics_scoring,XGBoost,NAM-ITAR GCCH,11,5.666271599859419,0.639950474447109,0.01787759531434105,0.01782575174287983,0.018012215498125355,516.7835245048802,-478.7662740166692,803407.1679080001,14362.988220500076,267065.2111996861,84.49405673186358,807.5367472011956,30,0,official,2026-06-13T16:26:53
challenger_metrics_scoring,XGBoost,NAM-ITAR GCCH,12,4.5993014977065965,0.5538236501478828,0.014079067514636409,0.014014447820994607,0.014145850929723026,444.5046592456278,-385.25661683333504,820913.6360049999,11557.698505000051,197584.3920910717,83.76415788907077,802.6104683809286,30,0,official,2026-06-13T16:26:53
challenger_metrics_scoring,XGBoost,NAM-MSIT,1,8.682475008408435,1.937006241944807,0.03236509217436582,0.03207189366757854,0.03274339816707068,422.2881549694718,-372.40589610416623,345361.2374299999,11177.648282874987,178327.28582752065,42.912680512757525,218.01073523928505,30,0,official,2026-06-13T16:26:53
challenger_metrics_scoring,XGBoost,NAM-MSIT,2,9.525699033548964,2.6139509331639106,0.03555692646155202,0.037223165864397535,0.03597713313564032,566.0040679224893,234.9804229,342894.96231300005,12192.290958999994,320360.6049048059,42.66455377206246,216.532017009746,30,0,official,2026-06-13T16:26:53
challenger_metrics_scoring,XGBoost,NAM-MSIT,3,22.377311678061208,4.9301515156820575,0.09879236045284501,0.10122432688924635,0.09519693692454886,1062.2164295182288,956.7318189854162,290528.077657,28701.954569562487,1128303.7431384544,42.75454678156891,215.4531004046186,30,0,official,2026-06-13T16:26:53
challenger_metrics_scoring,XGBoost,NAM-MSIT,4,7.805241213307814,3.092962324009628,0.03635726475485091,0.042503953029367166,0.03892446501837538,662.2822100058462,22.87830025000015,275914.67443,10031.502868000003,438617.7256902278,42.8408834262822,214.12553423776677,30,0,official,2026-06-13T16:26:53
challenger_metrics_scoring,XGBoost,NAM-MSIT,5,46.34010974329521,9.947913101719804,0.21362112223678134,0.21250355247999242,0.243176505049754,2243.933766898687,-2068.268449044792,290458.419194,62048.05347134375,5035238.750228131,44.63235975275269,225.5682919577126,30,0,official,2026-06-13T16:26:53
challenger_metrics_scoring,XGBoost,NAM-MSIT,6,5.19181591146691,1.3816047864892493,0.023824314207260756,0.02429783914024141,0.023770716774407084,309.67003975011056,230.29248515416657,289988.391461,6908.774554624997,95895.53351883506,44.35682795407495,224.1379320471254,30,0,official,2026-06-13T16:26:53
challenger_metrics_scoring,XGBoost,NAM-MSIT,7,6.462042024869937,1.4954494159424632,0.02910339668490789,0.02881161257978737,0.029382368254989237,333.1716285496442,-285.72199995416673,294524.38460799993,8571.659998625002,111003.33407042209,44.21543512941136,222.7903030338693,30,0,official,2026-06-13T16:26:53
challenger_metrics_scoring,XGBoost,NAM-MSIT,8,3.4670059019687995,0.7672870151221948,0.014786710466112244,0.014732468634099775,0.014868628795020775,169.85496837217323,-151.71907394791688,308655.97944500006,4564.006601687508,28850.710280711974,43.880384888641785,221.37083649867694,30,0,official,2026-06-13T16:26:53
challenger_metrics_scoring,XGBoost,NAM-MSIT,9,0.6837609777888857,0.18594336087504185,0.0028777196147350597,0.002885422845005128,0.0028783883907748577,40.90492628312998,22.410192620833488,310302.547737,892.963728125027,1673.2129942282977,43.53196302664378,219.9859467454663,30,0,official,2026-06-13T16:26:53
challenger_metrics_scoring,XGBoost,NAM-MSIT,10,6.183346222164435,1.420439638360401,0.0250045516223476,0.024786681100515535,0.0252079725676055,310.5388631358111,-266.51758214583344,319762.8809800001,7995.527464375004,96434.38551768202,43.10248408709369,218.62165399317,30,0,official,2026-06-13T16:26:53
challenger_metrics_scoring,XGBoost,NAM-MSIT,11,2.770323249013865,0.5972785636667063,0.010778266625300932,0.010755621775059126,0.010825160645949527,129.78083975567571,-118.62812654583358,330187.02543700003,3558.8437963750075,16843.06636768838,42.82104140304237,217.2869539448198,30,0,official,2026-06-13T16:26:53
challenger_metrics_scoring,XGBoost,NAM-MSIT,12,8.233225845651564,1.9665265508989787,0.030986795798550362,0.03052586969922457,0.031211406792589488,424.817635748208,-327.2568310937499,339828.38755,10530.192851562484,180470.0236426971,42.63291630349271,216.02435805100455,30,0,official,2026-06-13T16:26:53
challenger_metrics_scoring,XGBoost,NAM-Multitenant,1,7.105122342620744,2.102368915391092,0.009354419915092923,0.009329374228075024,0.009378369830187049,22687.611972612558,-16659.01085480006,63912922.82564401,597868.3181120013,514727737.01983273,2804.8699200464243,10791.451398715202,30,0,official,2026-06-13T16:26:53
challenger_metrics_scoring,XGBoost,NAM-Multitenant,2,7.1105190709580235,2.2602287465706543,0.009280388782933654,0.009239548062373214,0.009302148806043586,24306.318178601698,-19733.247518966687,64975567.425569,602998.5271009998,590797103.3994234,2826.79094209342,10753.919582467308,30,0,official,2026-06-13T16:26:53
challenger_metrics_scoring,XGBoost,NAM-Multitenant,3,19.513348509299455,5.743867372381952,0.024797988699485993,0.024661402900094553,0.02503841432961801,61488.526531364994,-55491.03677809997,67131698.603343,1664731.1033429992,3780838894.998377,2843.7475378279987,10705.074220031307,30,0,official,2026-06-13T16:26:53
challenger_metrics_scoring,XGBoost,NAM-Multitenant,4,22.902688978339345,14.965353254454897,0.029258246581086222,0.03595623780707467,0.031733678014933465,159651.41076413103,23852.650694333202,67470310.47917002,1974062.9809020022,25488572958.97729,2873.116751733112,10668.068307482543,30,0,official,2026-06-13T16:26:53
challenger_metrics_scoring,XGBoost,NAM-Multitenant,5,174.75814062610368,35.32446527718266,0.25504420563527525,0.24392532762894772,0.28348122531377096,626822.3420815136,-578912.2749854666,68487194.999564,17467262.244852,392906248532.5541,3331.7021612979456,17744.708579818212,30,0,official,2026-06-13T16:26:53
challenger_metrics_scoring,XGBoost,NAM-Multitenant,6,11.274089238025127,2.61806844690804,0.017142869334252114,0.017016514709709978,0.01722490559816154,51272.48888666216,-42501.90143826672,75020997.043148,1286075.1496360004,2628868116.632895,3802.450978474134,19584.0903041383,30,0,official,2026-06-13T16:26:53
challenger_metrics_scoring,XGBoost,NAM-Multitenant,7,5.075794355201799,1.313115433701136,0.007735064543791866,0.007686448879596524,0.007730053703986737,25665.534179906885,-12952.952936766653,76710073.58810298,593357.3703630003,658719644.7399685,3896.6470325635705,19545.527774025344,30,0,official,2026-06-13T16:26:53
challenger_metrics_scoring,XGBoost,NAM-Multitenant,8,18.91820751817187,4.346673749398347,0.028926035986099836,0.028764067520214164,0.02928817076034698,85006.19871596416,-75414.54504006672,78907401.601202,2282478.338286001,7226053820.137986,4021.660678112286,19556.608942120503,30,0,official,2026-06-13T16:26:53
challenger_metrics_scoring,XGBoost,NAM-Multitenant,9,7.56270254403152,1.775831735923528,0.011490557495771804,0.011457734072001584,0.011540251425803637,34691.285629077625,-31007.946733166853,80956768.401995,930238.4019950056,1203485298.5982478,4100.114549346953,19535.23238001842,30,0,official,2026-06-13T16:26:53
challenger_metrics_scoring,XGBoost,NAM-Multitenant,10,5.22136646802886,1.3036363722763362,0.0077865877821581865,0.0077618650444839805,0.0078044970606856836,25314.56175854504,-21303.09210383352,82110145.26311502,639357.8538970053,640827037.027191,4081.6764335024864,19418.422419698356,30,0,official,2026-06-13T16:26:53
challenger_metrics_scoring,XGBoost,NAM-Multitenant,11,16.075671232541385,3.634553681130119,0.023630069517696094,0.02357961592888336,0.023895423154552887,70276.91046595963,-66077.50739513333,84218068.471854,1990078.8126359996,4938844144.640508,4126.481529861008,19335.774521868643,30,0,official,2026-06-13T16:26:53
challenger_metrics_scoring,XGBoost,NAM-Multitenant,12,7.010957251450699,1.7240662146701906,0.010154618449511066,0.010122513504204868,0.010190129659151564,33250.516429867435,-28996.27972823338,85664310.891847,869888.3918470014,1105596842.8528843,4135.851737255067,19286.101744200223,30,0,official,2026-06-13T16:26:53
challenger_metrics_scoring,XGBoost,NAM-SDF,1,10.373625129967301,3.523696899438959,0.4227961577043423,0.42706669089500554,0.6567972683328772,1016.7726157260903,-822.3369246495423,58817.112402,24867.64913083002,1033826.5520904756,79.90665050154428,288.5528025659586,30,2,official,2026-06-13T16:26:53
challenger_metrics_scoring,XGBoost,NAM-SDF,2,4.356110243957064,2.0753327306195737,0.17632401699079162,0.17739258640669273,0.25111915813003977,594.6673241604246,-192.7359276072917,58531.67987900001,10320.540917484373,353629.2264241196,78.97367406163454,286.54071483896064,30,0,official,2026-06-13T16:26:53
challenger_metrics_scoring,XGBoost,NAM-SDF,3,11.578728464450167,3.4978516813397844,0.5630138793110204,4.602317018729481,0.8789389215292815,995.4574411869139,-668.5325089098635,48239.84063899999,27159.699815508797,990935.5172143981,78.18849280067448,284.591095299279,30,0,official,2026-06-13T16:26:53
challenger_metrics_scoring,XGBoost,NAM-SDF,4,5.313971372574642,2.241493526941548,0.2361659121202682,1.0932081313839712,0.31773942516803516,643.0673570265352,-13.20962441901044,53247.077673,12575.144666382812,413535.6256730933,78.88102127210684,286.8923551628461,30,0,official,2026-06-13T16:26:53
challenger_metrics_scoring,XGBoost,NAM-SDF,5,12.898324797154658,4.011306877017282,0.46252070169830667,0.4593055539233025,0.6597210487834972,1159.3826066533259,-1029.1795969502605,66754.607513,30875.38790850781,1344168.0286102605,79.79172591291044,289.02864881667114,30,0,official,2026-06-13T16:26:53
challenger_metrics_scoring,XGBoost,NAM-SDF,6,7.314538489447978,3.4253930487088833,0.2765490452304238,1.3863337707840695,0.3755636881701305,983.4865511865212,57.41824361067699,62586.159845,17308.142749773437,967245.7963647577,78.87552885139792,287.1164088913014,30,0,official,2026-06-13T16:26:53
challenger_metrics_scoring,XGBoost,NAM-SDF,7,12.01806467300345,3.687082912213336,0.3644283726204152,0.36217242520290666,0.47564655576985665,1075.8629658326863,-960.4369957062501,79063.849129,28813.109871187502,1157481.121250304,79.9161114404476,291.7924525832948,30,0,official,2026-06-13T16:26:53
challenger_metrics_scoring,XGBoost,NAM-SDF,8,4.626714737071599,2.2548654472450096,0.13682546770258644,0.3745886793567607,0.17462613383557418,653.7236471133531,24.308317323437358,80223.07982599999,10976.560417734374,427354.60679518373,79.08102574947021,289.91692072450326,30,0,official,2026-06-13T16:26:53
challenger_metrics_scoring,XGBoost,NAM-SDF,9,0.5953840706064383,0.18387668521674178,0.016779649010071108,0.01685905568575398,0.016677909103907144,54.12029360732901,47.82272861406242,85501.30324900002,1434.6818584218727,2929.0061801434977,80.32248589612381,294.3292867365733,30,0,official,2026-06-13T16:26:53
challenger_metrics_scoring,XGBoost,NAM-SDF,10,19.337535017587523,5.7923911815542635,0.5739429236847599,1.1444964658166383,0.8023850190490891,1694.1584347829837,-1040.4044803163572,80311.906344,46094.45033377197,2870172.8021463295,79.45592219457993,292.4799761759863,30,0,official,2026-06-13T16:26:53
challenger_metrics_scoring,XGBoost,NAM-SDF,11,11.934635755694456,4.1587054650352995,0.3078393946151408,0.30598143250667287,0.4161879353613628,1243.0145528106107,-965.8158708380209,94122.05400599999,28974.476125140627,1545085.1784989624,80.92545852328962,298.8945870923946,30,0,official,2026-06-13T16:26:53
challenger_metrics_scoring,XGBoost,NAM-SDF,12,1.360923232013402,0.4029737230144283,0.03514511481277707,0.0355618360604075,0.03520034744844884,119.71206795873665,24.048989907812484,93001.457793,3268.546911890626,14330.979214957182,80.05709739299579,297.07164790606066,30,0,official,2026-06-13T16:26:53
challenger_metrics_scoring,XGBoost,NAM-TDF,1,1.1069424548310633,0.29454808149619127,0.01919740396459277,0.019590317505975268,0.019446765756841216,1.452990087329956,-0.35502233483073103,1502.805974,28.8499733632813,2.111180193879113,0.8687586012976695,4.932947041954318,30,0,official,2026-06-13T16:26:53
challenger_metrics_scoring,XGBoost,NAM-TDF,2,0.843558224570744,0.19264428202935968,0.013946975715177262,0.013804223477773343,0.013960657792195788,0.9420070632972517,-0.6473949783854193,1562.061864,21.786038882812527,0.8873773073019123,0.8608786861906161,4.889878138992396,30,0,official,2026-06-13T16:26:53
challenger_metrics_scoring,XGBoost,NAM-TDF,3,35.39509148891987,6.832272332629324,0.6851130683731178,13.612039480003402,0.9701394068940682,33.09631762280234,-15.38401563427124,1313.109423,899.6284259011843,1095.3662401894164,0.847225220652234,4.8441156926286615,30,0,official,2026-06-13T16:26:53
challenger_metrics_scoring,XGBoost,NAM-TDF,4,13.545731518926432,3.7268345260395357,0.32801606398592564,2.7034015304248418,0.37572217981553796,19.113119732352818,12.197567721004225,1115.5765580000002,365.92703163012675,365.3113459032547,0.9004731641079318,5.128513111813448,30,0,official,2026-06-13T16:26:53
challenger_metrics_scoring,XGBoost,NAM-TDF,5,20.19046967298342,4.448837273383258,0.4523136428556974,0.45203359569710017,0.7066934928016495,23.714566294382962,-19.593854224906732,1302.731899,589.2434109010105,562.3806545306845,0.9728078320196596,5.330508813227164,30,0,official,2026-06-13T16:26:53
challenger_metrics_scoring,XGBoost,NAM-TDF,6,31.08891826828622,6.019459819040924,0.7364154848448604,0.9464902367004476,1.1565560851059575,31.80237526545513,-26.637065106427006,1212.7705540000002,893.1030155294801,1011.3910725248322,0.9575791689097716,5.283260661506032,30,0,official,2026-06-13T16:26:53
challenger_metrics_scoring,XGBoost,NAM-TDF,7,12.739065633303392,2.7783562501737586,0.30082310972918663,0.2996346285050704,0.3856419144733181,15.088526372709268,-12.680539909450278,1264.5843519999999,380.4161972835083,227.6636280999431,0.995405807181014,5.430738542534145,30,0,official,2026-06-13T16:26:53
challenger_metrics_scoring,XGBoost,NAM-TDF,8,4.626468262243281,2.130849619975948,0.12611962172306052,1.407404453526984,0.18517042738779488,11.473557417358888,4.511378130257162,1081.2229489999997,136.3634293261719,131.64251980943115,0.9824875880596088,5.3844988918027905,30,0,official,2026-06-13T16:26:53
challenger_metrics_scoring,XGBoost,NAM-TDF,9,0.7450629771768237,0.17981549324473659,0.01909052024845277,0.018891445113835503,0.019096664807053815,0.9825181961507123,-0.45583608875325654,1183.7470660000001,22.59834733251956,0.9653420057672496,1.0110262722644252,5.464035264266483,30,0,official,2026-06-13T16:26:53
challenger_metrics_scoring,XGBoost,NAM-TDF,10,18.975459625029636,4.034745872291514,0.5268868602770823,0.5383177397563877,0.7538953430051012,21.86498318093704,-17.03305390598882,1079.1373589999998,568.5832948912125,478.0774895026595,0.9988046071555514,5.419172327827162,30,0,official,2026-06-13T16:26:53
challenger_metrics_scoring,XGBoost,NAM-TDF,11,20.187629188160987,4.514441433472456,0.49474421801015006,0.48618130418807937,0.752565409656199,24.61640414856492,-20.41707415986023,1249.0772630000001,617.9737537171936,605.9673532054842,1.020383569160602,5.4528128255349335,30,0,official,2026-06-13T16:26:53
challenger_metrics_scoring,XGBoost,NAM-TDF,12,15.182282359441755,4.153415349990428,0.32219975737186113,0.3218769006245394,0.5007710668884544,22.468480231633475,-15.178426423217774,1424.0088099999998,458.8152930773926,504.8326039193042,1.0073480877576104,5.409639619039125,30,0,official,2026-06-13T16:26:53
challenger_metrics_scoring,XGBoost,NOR-Go Local,1,7.266371593821511,1.3924108440011034,0.006446101510239634,0.006434570889742616,0.006461128592142279,86.61313327650383,-76.59182924583328,356456.51464300003,2297.7548773749986,7501.834855973415,10.540588002815351,62.20371928993336,30,0,official,2026-06-13T16:26:53
challenger_metrics_scoring,XGBoost,NOR-Go Local,2,7.153647357264949,2.0415624241309023,0.006272614952805062,0.006196031595334054,0.006248269691129787,126.01919910151747,-53.739604887500356,358713.41275600006,2250.0711166250203,15880.838542187901,10.48449368670627,61.72684097825916,30,0,official,2026-06-13T16:26:53
challenger_metrics_scoring,XGBoost,NOR-Go Local,3,12.010871519567319,2.4527523022612026,0.010430303674765943,0.010503486735173071,0.010436867888737654,150.39421157958324,68.61767811666614,363500.72746900003,3791.4229735000044,22618.418876644453,10.522197792012202,61.31651020811771,30,0,official,2026-06-13T16:26:53
challenger_metrics_scoring,XGBoost,NOR-Go Local,4,27.222136551181375,7.939094892140137,0.023456874379277112,0.02249430296815036,0.023227310227535526,484.3752646725518,-285.44275562916647,367466.14399700006,8619.607178374985,234619.39702660462,10.554654251291572,61.01139629305767,30,0,official,2026-06-13T16:26:53
challenger_metrics_scoring,XGBoost,NOR-Go Local,5,440.6269719558073,95.03626193740284,0.27831290817281357,0.2518712957080986,0.30348959444909246,5839.386058196064,-4868.351967204168,524771.057063,146050.55901612504,34098429.53665457,11.048692606344671,61.443768295961284,30,0,official,2026-06-13T16:26:53
challenger_metrics_scoring,XGBoost,NOR-Go Local,6,73.1816442093038,15.270616620514705,0.0502450214648671,0.05016949370645751,0.051499269336802114,1142.358534484352,-1124.9491273166666,671677.9660070002,33748.473819499995,1304983.0213092368,15.372012196108166,74.8076232199881,30,0,official,2026-06-13T16:26:53
challenger_metrics_scoring,XGBoost,NOR-Go Local,7,9.601807875658524,2.2084737401377623,0.0065679559003190505,0.00655878965284448,0.006584964423643824,164.49458293524467,-149.28349489999965,681871.9423469999,4478.504846999989,27058.467815040087,15.547436152981897,74.48337734139581,30,0,official,2026-06-13T16:26:53
challenger_metrics_scoring,XGBoost,NOR-Go Local,8,9.623006018461611,2.128676080277125,0.006470714288158689,0.00646560673348856,0.00648913976889621,157.43079063165916,-148.5812695666676,688863.3755870002,4457.438087000028,24784.453838909303,15.44021372132745,73.95713800249204,30,0,official,2026-06-13T16:26:53
challenger_metrics_scoring,XGBoost,NOR-Go Local,9,1.7647642105441599,0.42052378914769944,0.0011750368105569048,0.0011745106248089831,0.0011749022387935652,30.88335936295524,-5.063316533333636,690146.743246,810.9478280000149,953.781885541435,15.317397137338846,73.44021945951829,30,0,official,2026-06-13T16:26:53
challenger_metrics_scoring,XGBoost,NOR-Go Local,10,4.441630906378661,1.1160663193036893,0.0029147064600982165,0.0029103570312409752,0.0029164875107496463,81.39455442352691,-62.79525285833394,693305.283367,2020.7813882500195,6625.073489804485,15.165460847185354,72.92985462934564,30,0,official,2026-06-13T16:26:53
challenger_metrics_scoring,XGBoost,NOR-Go Local,11,2.4216188248613846,0.5903186574285266,0.0015797887080656388,0.0015809056220545015,0.0015796160926346142,42.76188714613223,21.34512575833311,693206.736071,1095.1201740000033,1828.5789922985487,15.07421623305626,72.43865090154237,30,0,official,2026-06-13T16:26:53
challenger_metrics_scoring,XGBoost,NOR-Go Local,12,3.110089582878208,0.9514832920838939,0.002014071237748354,0.0020088384215568044,0.0020130812496363696,68.46148057450523,-39.83469899583324,692507.5429230001,1394.7595241249983,4686.974322453358,14.948760445181229,71.95237283101852,30,0,official,2026-06-13T16:26:53
challenger_metrics_scoring,XGBoost,NZL-Go Local,6,17.937941890054805,5.685745710259115,0.046108116918928334,0.04524793659750956,0.04673380982131704,11.257598302479716,-9.425435486458335,6132.609256,282.7630645937501,126.73351953999419,0.5254468736842105,1.9799686577904794,30,0,official,2026-06-13T16:26:53
challenger_metrics_scoring,XGBoost,NZL-Go Local,7,8.762477244688816,3.187553033973602,0.02137129986600735,0.021057063608203818,0.021439428084698238,6.110720879744333,-4.676969493750002,6565.304201999999,140.30908481250006,37.340909670143354,0.533749687804878,1.9170570072450563,30,0,official,2026-06-13T16:26:53
challenger_metrics_scoring,XGBoost,NZL-Go Local,8,34.298252522826346,12.475037429898235,0.07386563941876247,0.07060771235969734,0.07487519626866956,23.164118669587538,-18.05646610885417,7333.504286,541.6939832656251,536.5763937387339,0.5264544045454543,1.8568376086849543,30,0,official,2026-06-13T16:26:53
challenger_metrics_scoring,XGBoost,NZL-Go Local,9,20.201930715229494,6.977311028784513,0.041990662580590934,0.04144155086989236,0.04259787188435113,13.431048712971178,-11.659970616015622,8330.402451,349.7991184804687,180.39306953020474,0.5771711021276594,1.924960584036189,30,0,official,2026-06-13T16:26:53
challenger_metrics_scoring,XGBoost,NZL-Go Local,10,23.8058722586946,8.939277676292605,0.04623043034191615,0.04538278854466213,0.04686742585601201,16.80194647826562,-14.097558023046876,9148.232832,422.9267406914063,282.30540545850243,0.5921882579999999,1.8795642205885597,30,0,official,2026-06-13T16:26:53
challenger_metrics_scoring,XGBoost,NZL-Go Local,11,274.6394011345189,99.2888880743479,0.34608484704966663,0.3279175208913991,0.403836274488303,184.74906476131278,-169.27662054557302,14673.565340000003,5078.29861636719,34132.21693017974,0.6163595603773583,1.8607224669791043,30,0,official,2026-06-13T16:26:53
challenger_metrics_scoring,XGBoost,NZL-Go Local,12,0.003882140847465035,0.0012576087502888826,6.998437728224114e-06,6.998437728224113e-06,6.998462217375127e-06,0.0038323476562709398,-0.00383234765627094,16428.01353,0.1149704296881282,1.4686888558525364e-05,0.9871737803571428,3.047329032491718,30,0,official,2026-06-13T16:26:53
challenger_metrics_scoring,XGBoost,POL-Go Local,1,207.3866567158614,59.80610371859321,0.258483182762861,0.21738885187233062,0.26526345318663513,502.10209613342425,-363.0351898973959,42134.48465200001,10891.055696921878,252106.51494157844,1.750523373327664,8.395499203492252,30,0,official,2026-06-13T16:26:53
challenger_metrics_scoring,XGBoost,POL-Go Local,2,184.97460248440177,45.25862257958006,0.2106831007317053,0.20712504068491924,0.23307389511649548,572.2230807327352,-546.6131004072918,77834.401313,16398.393012218752,327439.2541232623,2.955071091196888,12.643404684412838,30,0,official,2026-06-13T16:26:53
challenger_metrics_scoring,XGBoost,POL-Go Local,3,342.03172518766377,103.44884477636327,0.30189409017608515,0.28161428304179464,0.339698211754497,1374.924226638022,-1207.4599898510419,119988.43592599999,36223.799695531256,1890416.6289961627,3.530257285895162,13.29086109767921,30,0,official,2026-06-13T16:26:53
challenger_metrics_scoring,XGBoost,POL-Go Local,4,406.3251168907338,154.4838735340775,0.32086981427724154,0.2764448457134049,0.3451938010839965,2984.5356920896497,-2325.6696552791673,217440.49004899999,69770.08965837501,8907453.297357043,5.723666981444739,19.319399648736105,30,0,official,2026-06-13T16:26:53
challenger_metrics_scoring,XGBoost,POL-Go Local,5,256.5026576044239,68.37543755792532,0.21916504222539632,0.21365593543090763,0.24238527473336494,2997.506652133564,-2815.8975614083333,386426.51668600005,84691.18384650002,8985046.129584966,11.005887767072052,43.83893923302764,30,0,official,2026-06-13T16:26:53
challenger_metrics_scoring,XGBoost,POL-Go Local,6,7.100381942409311,2.5466169035590687,0.007498557399723573,0.007556083172824043,0.0075016764735586295,145.47407337663034,92.04716709583462,409985.41115899995,3074.2991386250305,21162.706024789233,14.432552894386294,57.124443481593374,30,0,official,2026-06-13T16:26:53
challenger_metrics_scoring,XGBoost,POL-Go Local,7,27.59851214178997,7.470282495182971,0.02950812197692921,0.029504489484899712,0.02997401081381514,426.84597406487615,-414.3957683416669,421303.43164399994,12431.873050250008,182197.4855753929,15.015148867905246,57.139201139999365,30,0,official,2026-06-13T16:26:53
challenger_metrics_scoring,XGBoost,POL-Go Local,8,3.1195284327966983,0.9126205398983347,0.0032637940897354283,0.0032611477615877046,0.0032677997592935773,51.49864031820117,-46.07890088749955,423546.029136,1382.3670266249865,2652.109954623455,14.771111044559133,56.4294118604191,30,0,official,2026-06-13T16:26:53
challenger_metrics_scoring,XGBoost,POL-Go Local,9,7.55388624090602,2.390790381552086,0.007776497650140913,0.00780623359241317,0.007761062418918859,133.08603085429309,109.13138455833365,421004.6326819998,3273.9415367500096,17711.891608549853,14.447051633814958,55.66612275221489,30,0,official,2026-06-13T16:26:53
challenger_metrics_scoring,XGBoost,POL-Go Local,10,18.611575065916703,5.977216487629882,0.01942654561432396,0.01963158721554829,0.01933924742764933,328.4794094569925,265.3049886666668,409704.83471499995,7959.149660000005,107898.72243721456,14.254838063250148,54.955247168442945,30,0,official,2026-06-13T16:26:53
challenger_metrics_scoring,XGBoost,POL-Go Local,11,2.329038501988148,0.6884260076202693,0.00249675397248924,0.0024984736976490307,0.0024960125852689793,37.42771293837338,18.807229924999895,400895.763571,1000.9380902500016,1400.8336957972822,14.325483661971324,54.36708160947085,30,0,official,2026-06-13T16:26:53
challenger_metrics_scoring,XGBoost,POL-Go Local,12,2.7770391608601117,0.770218893201719,0.00292658899806621,0.0029255475109828113,0.0029303605977907,41.35212591023908,-39.01470276666623,399933.5348329999,1170.441082999987,1709.9983172962661,14.049028662088618,53.68879713965811,30,0,official,2026-06-13T16:26:53
challenger_metrics_scoring,XGBoost,QAT-Go Local,1,20.06065695461792,5.649252015453053,0.0223991089767766,0.022232868834716778,0.022566717696410374,152.6817051914256,-131.90136390625003,176660.63955000002,3957.040917187501,23311.7031001614,6.575126836805143,27.026888652476057,30,0,official,2026-06-13T16:26:53
challenger_metrics_scoring,XGBoost,QAT-Go Local,2,8.81076335958099,2.4843964201448823,0.009746693317124407,0.009767707732844662,0.009742037397758854,66.32599390055006,18.15074693125007,179525.68755300003,1749.7818191249899,4399.137466895804,6.619864619797648,26.69702522622462,30,0,official,2026-06-13T16:26:53
challenger_metrics_scoring,XGBoost,QAT-Go Local,3,15.839960879598474,4.375611085294422,0.017226281397281728,0.017173297052656543,0.017348775550740294,115.93286343308246,-106.66149007500016,185753.65329600003,3199.844702250005,13440.428823793749,6.733696559337962,26.495239447287776,30,0,official,2026-06-13T16:26:53
challenger_metrics_scoring,XGBoost,QAT-Go Local,4,21.916386011510166,6.437797881607075,0.02307917821670687,0.023116994406348276,0.023311264713789668,168.46522431936324,-119.17004417708337,191053.96363,4409.368475625003,28380.53180497338,6.706349719808224,26.16814435890756,30,0,official,2026-06-13T16:26:53
challenger_metrics_scoring,XGBoost,QAT-Go Local,5,83.42214573236328,19.702238001777374,0.0924059512909841,0.09165203739020572,0.09640605184189707,631.4063657591634,-595.9342221697915,196784.14629399995,18184.026237281247,398673.9987211944,7.265866906060985,32.047443833649915,30,0,official,2026-06-13T16:26:53
challenger_metrics_scoring,XGBoost,QAT-Go Local,6,19.175821898292433,4.953927889586074,0.021884133591142312,0.02177122955572937,0.02206791740694675,167.0116364310512,-149.92938949999993,205531.63168499997,4497.881684999998,27892.886703377626,7.818668232069407,33.712972847694374,30,0,official,2026-06-13T16:26:53
challenger_metrics_scoring,XGBoost,QAT-Go Local,7,15.738837123208484,4.172865989722327,0.017425509700220485,0.017344037128857695,0.017536802947278864,139.09089316554224,-123.24418999791637,212178.91261399997,3697.3256999374908,19346.27656158828,7.830577890419905,33.332221429616936,30,0,official,2026-06-13T16:26:53
challenger_metrics_scoring,XGBoost,QAT-Go Local,8,17.641536152977977,4.571167833961764,0.018889551952038133,0.01882223323938622,0.019035043976882857,150.67854433588437,-138.00244571250013,219172.66126199998,4140.073371375004,22704.023723181068,7.822586679290095,32.96281165097662,30,0,official,2026-06-13T16:26:53
challenger_metrics_scoring,XGBoost,QAT-Go Local,9,18.125126634230543,4.774586299030528,0.018806173398215255,0.01873359415445834,0.018947333615589913,155.65341827646063,-141.5377804937499,225784.019157,4246.133414812497,24227.98662114681,7.808926434006044,32.6003989723813,30,0,official,2026-06-13T16:26:53
challenger_metrics_scoring,XGBoost,QAT-Go Local,10,19.30030179157658,5.08893692254321,0.019397248730917603,0.01932815001320455,0.019551658233424692,164.14536734490312,-150.65319074374986,233001.895527,4519.595722312496,26943.701620793192,7.805742747996868,32.25533541549009,30,0,official,2026-06-13T16:26:53
challenger_metrics_scoring,XGBoost,QAT-Go Local,11,49.80214947066242,18.929172421746905,0.05163065891838012,0.05632100148665652,0.052673017342470124,604.359871188994,319.3466080770833,225928.08320299996,11664.815803937496,365250.8539035775,7.807437984049956,31.927432310493998,30,0,official,2026-06-13T16:26:53
challenger_metrics_scoring,XGBoost,QAT-Go Local,12,41.51526793585944,11.26044032640603,0.057591778637782365,0.0580360674003777,0.056186684234175915,382.16830469760066,359.47585887708334,187253.73692899998,10784.2757663125,146052.61311543814,8.65888326753591,33.939019578249166,30,0,official,2026-06-13T16:26:53
challenger_metrics_scoring,XGBoost,SGP-Go Local,1,86.49543561286777,32.98436881727937,0.04763053560425238,0.046814859412142584,0.0483523732822518,102.1256320157517,-86.90674415156255,54738.043389000006,2607.2023245468763,10429.644714616728,1.00475526293128,3.096182697370629,30,0,official,2026-06-13T16:26:53
challenger_metrics_scoring,XGBoost,SGP-Go Local,2,67.46772842347461,29.96594830605384,0.03621148746090615,0.03526129002618679,0.036360525369371434,94.96379393543846,-70.43898933750003,59622.730227,2159.0277480000004,9018.12215861242,1.0666965270904205,3.169056856320262,30,0,official,2026-06-13T16:26:53
challenger_metrics_scoring,XGBoost,SGP-Go Local,3,132.6024337195715,49.16607995008782,0.06842382384485415,0.0678689032557915,0.07054010143740715,161.0626003143694,-151.72027844791666,66520.81245499999,4551.608353437499,25941.16122002631,1.1441741617561536,3.2758885898138748,30,0,official,2026-06-13T16:26:53
challenger_metrics_scoring,XGBoost,SGP-Go Local,6,77.6992157931038,6.696540075814997,0.06472581864606505,0.06421151873036764,0.06660744843708083,213.24374501207686,-200.54297851770838,92950.378711,6016.289355531251,45472.89478677565,2.5810167640779147,31.84386901262951,30,0,official,2026-06-13T16:26:53
challenger_metrics_scoring,XGBoost,SGP-Go Local,7,73.93508948942223,6.930872464920013,0.05832727226725261,0.057554574818197854,0.059656786604732795,219.40375648197858,-196.8830371166668,101264.65517600001,5906.491113500004,48138.00835840336,2.662917411425255,31.656008329755156,30,0,official,2026-06-13T16:26:53
challenger_metrics_scoring,XGBoost,SGP-Go Local,8,84.1233355889013,7.8679918123176735,0.06276115919648863,0.06228285847689396,0.06453243280850567,247.72878482109945,-233.20250103125025,111471.41194499997,6996.075030937507,61369.55082893859,2.772149955761116,31.485643443765355,30,0,official,2026-06-13T16:26:53
challenger_metrics_scoring,XGBoost,SGP-Go Local,9,3.1762399066211797,0.28880032470261024,0.002370712217024748,0.0023707122170247468,0.0023735256902003374,9.041439000000082,-9.041439000000082,114414.21191999996,271.24317000000246,81.74761919072249,2.846585669159413,31.306886546302984,30,0,official,2026-06-13T16:26:53
challenger_metrics_scoring,XGBoost,SGP-Go Local,10,0.5680803552133358,0.05132871713911124,0.000418704694568441,0.000418704694568441,0.00041879236973406934,1.5968589218750822,-1.5968589218750822,114414.21191999996,47.905767656252465,2.54995841637205,2.810973671630312,31.110438968253785,30,0,official,2026-06-13T16:26:53
challenger_metrics_scoring,XGBoost,SGP-Go Local,11,0.32543980036052234,0.029222781568874513,0.00023690226896991306,0.00023690226896991298,0.0002369303336367262,0.903499546875082,-0.9034995468750822,114414.21191999996,27.104986406252465,0.8163114312034785,2.776241706989081,30.917643645443,30,0,official,2026-06-13T16:26:53
challenger_metrics_scoring,XGBoost,SGP-Go Local,12,0.23464838879722,0.020941214508646527,0.0001687263593704651,0.000168726359370465,0.00016874059486358963,0.6434897812500822,-0.6434897812500822,114414.21191999996,19.304693437502465,0.41407909857327857,2.742357552713381,30.728388794469787,30,0,official,2026-06-13T16:26:53
challenger_metrics_scoring,XGBoost,SWE-Go Local,1,16.679024018596355,4.427137238093528,0.020591131554471453,0.0204293913447604,0.02070670904144688,459.04391394125673,-366.2020687750003,574357.058157,11826.661743749999,210721.31492650794,23.63579893436572,103.68865685739082,30,0,official,2026-06-13T16:26:53
challenger_metrics_scoring,XGBoost,SWE-Go Local,2,61.54486802984866,17.879644881728023,0.07052856528372416,0.06786594827489181,0.07164106073053116,1842.1324330844159,-1473.3790709416678,626715.8838470001,44201.372128250034,3393451.90102151,23.939917626065807,103.02958729157817,30,0,official,2026-06-13T16:26:53
challenger_metrics_scoring,XGBoost,SWE-Go Local,3,66.04422955400206,18.320849036990104,0.07076396920709715,0.06925960507179113,0.07252278571894501,1927.646619528419,-1675.976763341667,710521.236494,50279.30290025001,3715821.489779341,25.37658134040733,105.21600912907846,30,0,official,2026-06-13T16:26:53
challenger_metrics_scoring,XGBoost,SWE-Go Local,4,150.91585559656255,48.19479057710092,0.14087483670943668,0.13177248799077196,0.14584957913261556,5103.9083459984595,-4105.765449341667,874343.2564490001,123172.96348025001,26049880.40435273,27.205659956084723,105.90166042600278,30,0,official,2026-06-13T16:26:53
challenger_metrics_scoring,XGBoost,SWE-Go Local,5,108.64737365083516,31.83371053452951,0.0993043795936056,0.09801069219204142,0.10367613465984711,3912.1742374916284,-3629.5798195333327,1112888.957086,110514.74743999998,15305107.264493203,33.90624909632455,122.89406958224856,30,0,official,2026-06-13T16:26:53
challenger_metrics_scoring,XGBoost,SWE-Go Local,6,3.7453603389504786,1.3264975150466052,0.003635036955556786,0.003637416331799391,0.0036360432671955437,175.62050500184063,3.0677962333301063,1148100.5442380002,4173.387906999989,30842.56177710153,37.14273598366641,132.3941454919879,30,0,official,2026-06-13T16:26:53
challenger_metrics_scoring,XGBoost,SWE-Go Local,7,17.4590097135012,5.279278861257394,0.01691525587545512,0.01690316098243603,0.017065247741732535,697.516770903961,-657.9178130333329,1166848.1125160002,19737.534390999986,486529.6456922887,37.68356990629082,132.1234943701818,30,0,official,2026-06-13T16:26:53
challenger_metrics_scoring,XGBoost,SWE-Go Local,8,5.128575582600267,1.5863882460097305,0.004861604087863433,0.004857277310336749,0.0048712724690913025,207.52176504825152,-190.73627193333328,1176995.9162829998,5722.088157999999,43065.28296874171,37.19088640917076,130.81398300210216,30,0,official,2026-06-13T16:26:53
challenger_metrics_scoring,XGBoost,SWE-Go Local,9,1.303648089030551,0.4332224127218439,0.0012172663961728997,0.0012178679336356764,0.0012169049672586358,56.11744466563287,42.687408816664295,1177453.948048,1433.2751239999416,3149.1675958003666,36.64780232385635,129.5349525271764,30,0,official,2026-06-13T16:26:53
challenger_metrics_scoring,XGBoost,SWE-Go Local,10,4.846333973417998,1.575269049370285,0.0044305646659522965,0.004423763770050429,0.004436757586728532,202.09021144030692,-169.51989483333455,1184526.67497,5248.122032000043,40840.45355998796,36.09685218274157,128.2893303344547,30,0,official,2026-06-13T16:26:53
challenger_metrics_scoring,XGBoost,SWE-Go Local,11,112.7282799287859,34.17790313966946,0.11473215243952294,0.11688424811598465,0.10943655217981847,4346.043890125789,4042.524133924998,1057033.459576,121275.72401774993,18888097.494899705,35.86078077727072,127.15946535296492,30,0,official,2026-06-13T16:26:53
challenger_metrics_scoring,XGBoost,SWE-Go Local,12,7.250177919569892,2.5266133262157067,0.008239425303711603,0.008237552306595003,0.008244829906427262,331.0572321066223,21.411319266667608,1014106.3010469999,8355.653117500027,109598.89093009797,38.41585319327683,131.02805588478031,30,0,official,2026-06-13T16:26:53
challenger_metrics_scoring,XGBoost,TWN-Go Local,6,34.419130602842046,15.676938416890678,0.08314112177008627,0.07198198301461307,0.07992398147698053,52.77599972980397,-30.037981982942703,10838.673334000001,901.1394594882811,2785.306147480269,0.8727118162729659,3.3664736268238413,30,0,official,2026-06-13T16:26:53
challenger_metrics_scoring,XGBoost,TWN-Go Local,7,20.787470464638197,9.173321232036258,0.04831794398341414,0.04073033175310647,0.045000541439559845,53.32044650359773,-22.965086946354166,14464.464082999999,698.8931653124997,2843.0700153430275,1.1206961849148422,5.812556341904301,30,0,official,2026-06-13T16:26:53
challenger_metrics_scoring,XGBoost,TWN-Go Local,8,428.90949824823696,105.99135176105575,0.49681678138718977,0.4446320702074555,0.6039008364916096,768.3961798961277,-653.589630711198,39466.639727,19607.68892133594,590432.6892789622,1.5238404217687072,7.249612040314203,30,0,official,2026-06-13T16:26:53
challenger_metrics_scoring,XGBoost,TWN-Go Local,9,18.936482888147683,6.296805746217471,0.03883558050491488,0.03867612614046067,0.03952039344108442,86.45679759169232,-82.09308661302093,63415.88219800001,2462.792598390628,7474.7778498108555,4.335181305732485,13.730262783416407,30,0,official,2026-06-13T16:26:53
challenger_metrics_scoring,XGBoost,TWN-Go Local,10,19.477552344146527,7.24868219081741,0.040364536298021746,0.04001292443195028,0.041010271003291826,98.34431778871544,-88.92098926458341,66088.45096700001,2667.6296779375025,9671.604841327853,4.565306137724554,13.567199554326919,30,0,official,2026-06-13T16:26:53
challenger_metrics_scoring,XGBoost,TWN-Go Local,11,101.57038400817493,46.60998782308978,0.1732060485480335,0.15321825481451118,0.17512741787144884,617.0841781111473,-423.8288482187499,80562.92697,13953.986239937498,380792.8828751101,4.579414355932206,13.239312150290981,30,0,official,2026-06-13T16:26:53
challenger_metrics_scoring,XGBoost,TWN-Go Local,12,0.00028864603675527237,8.79515926609949e-05,6.073876675886651e-07,6.073876675886652e-07,6.073874831288316e-07,0.0019358750005267211,0.0019358750005267211,95616.44582999998,0.058076250015801634,3.747612017664333e-06,6.706743741532979,22.010687265078374,30,0,official,2026-06-13T16:26:53
challenger_metrics_scoring,XGBoost,ZAF-Go Local,1,12.253682012872893,4.827082524209407,0.00796426096408847,0.007937585006981813,0.007982597728833451,474.05655880171906,-397.2133661333336,1496234.3697339997,11916.400984000007,224729.62094292772,32.415837600163606,98.2076764638204,30,0,official,2026-06-13T16:26:53
challenger_metrics_scoring,XGBoost,ZAF-Go Local,2,17.312505931590707,6.3870801419766385,0.011066141508100522,0.011037786334461338,0.011113281653274822,623.8968049229118,-561.4938774666676,1522194.1913240005,16844.81632400003,389247.2231930179,32.43284823614651,97.6810672567875,30,0,official,2026-06-13T16:26:53
challenger_metrics_scoring,XGBoost,ZAF-Go Local,3,18.172827749412424,6.3115529524875384,0.01140778870720771,0.011397134505889991,0.011467816965940321,613.0527236625048,-589.1888628333337,1549438.4002600003,17675.66588500001,375833.6419900156,32.42141899751313,97.13183558428132,30,0,official,2026-06-13T16:26:53
challenger_metrics_scoring,XGBoost,ZAF-Go Local,6,18.202058258197347,1.343557384823491,0.020074816923587254,0.020033512044826684,0.020257075537635193,1166.2455070040169,-1109.6720514333335,1658304.6146680003,33290.16154300001,1360128.5826070565,60.964097339573655,868.028057586265,30,0,official,2026-06-13T16:26:53
challenger_metrics_scoring,XGBoost,ZAF-Go Local,7,1.2793435785875449,0.1183986448567814,0.0013935846846345253,0.0013920790757955244,0.0013936901758600845,102.10543386031249,-68.78950916666581,1672735.0915249998,2331.0980049999707,10425.519623802647,60.73682483256015,862.3868455912002,30,0,official,2026-06-13T16:26:53
challenger_metrics_scoring,XGBoost,ZAF-Go Local,8,7.285396101564489,0.625539078923263,0.007938912021444377,0.007970397880569835,0.007923081530456568,535.9874071568931,438.2582383166654,1656114.4794130002,13147.747149499963,287282.5006307691,60.15571867431511,856.8408037424061,30,0,official,2026-06-13T16:26:53
challenger_metrics_scoring,XGBoost,ZAF-Go Local,9,3.787433728022661,0.40673368277942845,0.004113268800946514,0.004089479343130289,0.00410888290745976,346.29674071041103,-203.30747024999897,1651712.0756700002,6793.935749000018,119921.43262665364,59.79366009524862,851.4090555372264,30,0,official,2026-06-13T16:26:53
challenger_metrics_scoring,XGBoost,ZAF-Go Local,10,17.24365278137306,1.3630411248076881,0.018103465234577978,0.01802271712312824,0.018229552303436983,1153.2445021789351,-1025.9295098333328,1700110.1665450002,30777.885294999985,1329972.88180594,59.4960663405124,846.0819568754001,30,0,official,2026-06-13T16:26:53
challenger_metrics_scoring,XGBoost,ZAF-Go Local,11,19.49349427102758,1.4901203676350026,0.01988528261286969,0.019821096633662976,0.020051914487823858,1253.0017268772954,-1160.5916614833363,1750930.601407,34817.74984450009,1570013.3275574842,59.53738438819963,840.8728275192677,30,0,official,2026-06-13T16:26:53
challenger_metrics_scoring,XGBoost,ZAF-Go Local,12,8.16407054044074,0.6778140094067893,0.008174452158874026,0.008150451121832653,0.008195842001918544,566.4837784701292,-485.27399403333453,1780941.344821,14558.219821000035,320903.8712697944,59.4402010160898,835.7510623982317,30,0,official,2026-06-13T16:26:53
