contract_row_type,route_id,base_metric,display_label,demand_nature,db_type,prepared_scenario,segment,granularity,entity_label,forest,sku,entity_value,source_metric,source_scenario,source_granularity,source_series_key,viewer_visible,forecast_visible,viewer_eligible,forecast_eligible,has_actuals,serving_status,support_status,empty_state,traceability,notes
OPERATIONAL_ENTITY,HDD|Organic|Basilisk|Forest,HDD,HDD - Basilisk,Organic,Basilisk,,,Forest,Forest,,,apcp150,HDD - Basilisk,Basilisk,Forest,apcp150,TRUE,TRUE,TRUE,TRUE,TRUE,PREPARED_ACTUALS_AND_FORECASTS,OPERATIONAL_SOURCE_PRECEDENCE,,v6_17_viewer_dropdown_metadata.csv + v6_17_forecast_dropdown_metadata.csv,"V6.17 artifact is operational; the Master Catalog marks the serving view empty, so governed prepared-artifact precedence applies."
OPERATIONAL_ENTITY,HDD|Organic|Basilisk|Forest,HDD,HDD - Basilisk,Organic,Basilisk,,,Forest,Forest,,,apcp153,HDD - Basilisk,Basilisk,Forest,apcp153,TRUE,TRUE,TRUE,TRUE,TRUE,PREPARED_ACTUALS_AND_FORECASTS,OPERATIONAL_SOURCE_PRECEDENCE,,v6_17_viewer_dropdown_metadata.csv + v6_17_forecast_dropdown_metadata.csv,"V6.17 artifact is operational; the Master Catalog marks the serving view empty, so governed prepared-artifact precedence applies."
OPERATIONAL_ENTITY,HDD|Organic|Basilisk|Forest,HDD,HDD - Basilisk,Organic,Basilisk,,,Forest,Forest,,,apcprd01,HDD - Basilisk,Basilisk,Forest,apcprd01,TRUE,TRUE,TRUE,TRUE,TRUE,PREPARED_ACTUALS_AND_FORECASTS,OPERATIONAL_SOURCE_PRECEDENCE,,v6_17_viewer_dropdown_metadata.csv + v6_17_forecast_dropdown_metadata.csv,"V6.17 artifact is operational; the Master Catalog marks the serving view empty, so governed prepared-artifact precedence applies."
OPERATIONAL_ENTITY,HDD|Organic|Basilisk|Forest,HDD,HDD - Basilisk,Organic,Basilisk,,,Forest,Forest,,,apcprd02,HDD - Basilisk,Basilisk,Forest,apcprd02,TRUE,TRUE,TRUE,TRUE,TRUE,PREPARED_ACTUALS_AND_FORECASTS,OPERATIONAL_SOURCE_PRECEDENCE,,v6_17_viewer_dropdown_metadata.csv + v6_17_forecast_dropdown_metadata.csv,"V6.17 artifact is operational; the Master Catalog marks the serving view empty, so governed prepared-artifact precedence applies."
OPERATIONAL_ENTITY,HDD|Organic|Basilisk|Forest,HDD,HDD - Basilisk,Organic,Basilisk,,,Forest,Forest,,,apcprd03,HDD - Basilisk,Basilisk,Forest,apcprd03,TRUE,TRUE,TRUE,TRUE,TRUE,PREPARED_ACTUALS_AND_FORECASTS,OPERATIONAL_SOURCE_PRECEDENCE,,v6_17_viewer_dropdown_metadata.csv + v6_17_forecast_dropdown_metadata.csv,"V6.17 artifact is operational; the Master Catalog marks the serving view empty, so governed prepared-artifact precedence applies."
OPERATIONAL_ENTITY,HDD|Organic|Basilisk|Forest,HDD,HDD - Basilisk,Organic,Basilisk,,,Forest,Forest,,,apcprd04,HDD - Basilisk,Basilisk,Forest,apcprd04,TRUE,TRUE,TRUE,TRUE,TRUE,PREPARED_ACTUALS_AND_FORECASTS,OPERATIONAL_SOURCE_PRECEDENCE,,v6_17_viewer_dropdown_metadata.csv + v6_17_forecast_dropdown_metadata.csv,"V6.17 artifact is operational; the Master Catalog marks the serving view empty, so governed prepared-artifact precedence applies."
OPERATIONAL_ENTITY,HDD|Organic|Basilisk|Forest,HDD,HDD - Basilisk,Organic,Basilisk,,,Forest,Forest,,,apcprd06,HDD - Basilisk,Basilisk,Forest,apcprd06,TRUE,TRUE,TRUE,TRUE,TRUE,PREPARED_ACTUALS_AND_FORECASTS,OPERATIONAL_SOURCE_PRECEDENCE,,v6_17_viewer_dropdown_metadata.csv + v6_17_forecast_dropdown_metadata.csv,"V6.17 artifact is operational; the Master Catalog marks the serving view empty, so governed prepared-artifact precedence applies."
OPERATIONAL_ENTITY,HDD|Organic|Basilisk|Forest,HDD,HDD - Basilisk,Organic,Basilisk,,,Forest,Forest,,,arep273,HDD - Basilisk,Basilisk,Forest,arep273,TRUE,TRUE,TRUE,TRUE,TRUE,PREPARED_ACTUALS_AND_FORECASTS,OPERATIONAL_SOURCE_PRECEDENCE,,v6_17_viewer_dropdown_metadata.csv + v6_17_forecast_dropdown_metadata.csv,"V6.17 artifact is operational; the Master Catalog marks the serving view empty, so governed prepared-artifact precedence applies."
OPERATIONAL_ENTITY,HDD|Organic|Basilisk|Forest,HDD,HDD - Basilisk,Organic,Basilisk,,,Forest,Forest,,,ausp282,HDD - Basilisk,Basilisk,Forest,ausp282,TRUE,TRUE,TRUE,TRUE,TRUE,PREPARED_ACTUALS_AND_FORECASTS,OPERATIONAL_SOURCE_PRECEDENCE,,v6_17_viewer_dropdown_metadata.csv + v6_17_forecast_dropdown_metadata.csv,"V6.17 artifact is operational; the Master Catalog marks the serving view empty, so governed prepared-artifact precedence applies."
OPERATIONAL_ENTITY,HDD|Organic|Basilisk|Forest,HDD,HDD - Basilisk,Organic,Basilisk,,,Forest,Forest,,,ausp300,HDD - Basilisk,Basilisk,Forest,ausp300,TRUE,TRUE,TRUE,TRUE,TRUE,PREPARED_ACTUALS_AND_FORECASTS,OPERATIONAL_SOURCE_PRECEDENCE,,v6_17_viewer_dropdown_metadata.csv + v6_17_forecast_dropdown_metadata.csv,"V6.17 artifact is operational; the Master Catalog marks the serving view empty, so governed prepared-artifact precedence applies."
OPERATIONAL_ENTITY,HDD|Organic|Basilisk|Forest,HDD,HDD - Basilisk,Organic,Basilisk,,,Forest,Forest,,,ausprd01,HDD - Basilisk,Basilisk,Forest,ausprd01,TRUE,TRUE,TRUE,TRUE,TRUE,PREPARED_ACTUALS_AND_FORECASTS,OPERATIONAL_SOURCE_PRECEDENCE,,v6_17_viewer_dropdown_metadata.csv + v6_17_forecast_dropdown_metadata.csv,"V6.17 artifact is operational; the Master Catalog marks the serving view empty, so governed prepared-artifact precedence applies."
OPERATIONAL_ENTITY,HDD|Organic|Basilisk|Forest,HDD,HDD - Basilisk,Organic,Basilisk,,,Forest,Forest,,,autp296,HDD - Basilisk,Basilisk,Forest,autp296,TRUE,TRUE,TRUE,TRUE,TRUE,PREPARED_ACTUALS_AND_FORECASTS,OPERATIONAL_SOURCE_PRECEDENCE,,v6_17_viewer_dropdown_metadata.csv + v6_17_forecast_dropdown_metadata.csv,"V6.17 artifact is operational; the Master Catalog marks the serving view empty, so governed prepared-artifact precedence applies."
OPERATIONAL_ENTITY,HDD|Organic|Basilisk|Forest,HDD,HDD - Basilisk,Organic,Basilisk,,,Forest,Forest,,,brap284,HDD - Basilisk,Basilisk,Forest,brap284,TRUE,TRUE,TRUE,TRUE,TRUE,PREPARED_ACTUALS_AND_FORECASTS,OPERATIONAL_SOURCE_PRECEDENCE,,v6_17_viewer_dropdown_metadata.csv + v6_17_forecast_dropdown_metadata.csv,"V6.17 artifact is operational; the Master Catalog marks the serving view empty, so governed prepared-artifact precedence applies."
OPERATIONAL_ENTITY,HDD|Organic|Basilisk|Forest,HDD,HDD - Basilisk,Organic,Basilisk,,,Forest,Forest,,,canp288,HDD - Basilisk,Basilisk,Forest,canp288,TRUE,TRUE,TRUE,TRUE,TRUE,PREPARED_ACTUALS_AND_FORECASTS,OPERATIONAL_SOURCE_PRECEDENCE,,v6_17_viewer_dropdown_metadata.csv + v6_17_forecast_dropdown_metadata.csv,"V6.17 artifact is operational; the Master Catalog marks the serving view empty, so governed prepared-artifact precedence applies."
OPERATIONAL_ENTITY,HDD|Organic|Basilisk|Forest,HDD,HDD - Basilisk,Organic,Basilisk,,,Forest,Forest,,,canprd01,HDD - Basilisk,Basilisk,Forest,canprd01,TRUE,TRUE,TRUE,TRUE,TRUE,PREPARED_ACTUALS_AND_FORECASTS,OPERATIONAL_SOURCE_PRECEDENCE,,v6_17_viewer_dropdown_metadata.csv + v6_17_forecast_dropdown_metadata.csv,"V6.17 artifact is operational; the Master Catalog marks the serving view empty, so governed prepared-artifact precedence applies."
OPERATIONAL_ENTITY,HDD|Organic|Basilisk|Forest,HDD,HDD - Basilisk,Organic,Basilisk,,,Forest,Forest,,,chep278,HDD - Basilisk,Basilisk,Forest,chep278,TRUE,TRUE,TRUE,TRUE,TRUE,PREPARED_ACTUALS_AND_FORECASTS,OPERATIONAL_SOURCE_PRECEDENCE,,v6_17_viewer_dropdown_metadata.csv + v6_17_forecast_dropdown_metadata.csv,"V6.17 artifact is operational; the Master Catalog marks the serving view empty, so governed prepared-artifact precedence applies."
OPERATIONAL_ENTITY,HDD|Organic|Basilisk|Forest,HDD,HDD - Basilisk,Organic,Basilisk,,,Forest,Forest,,,chlp298,HDD - Basilisk,Basilisk,Forest,chlp298,TRUE,TRUE,TRUE,TRUE,TRUE,PREPARED_ACTUALS_AND_FORECASTS,OPERATIONAL_SOURCE_PRECEDENCE,,v6_17_viewer_dropdown_metadata.csv + v6_17_forecast_dropdown_metadata.csv,"V6.17 artifact is operational; the Master Catalog marks the serving view empty, so governed prepared-artifact precedence applies."
OPERATIONAL_ENTITY,HDD|Organic|Basilisk|Forest,HDD,HDD - Basilisk,Organic,Basilisk,,,Forest,Forest,,,chnpr01,HDD - Basilisk,Basilisk,Forest,chnpr01,TRUE,TRUE,TRUE,TRUE,TRUE,PREPARED_ACTUALS_AND_FORECASTS,OPERATIONAL_SOURCE_PRECEDENCE,,v6_17_viewer_dropdown_metadata.csv + v6_17_forecast_dropdown_metadata.csv,"V6.17 artifact is operational; the Master Catalog marks the serving view empty, so governed prepared-artifact precedence applies."
OPERATIONAL_ENTITY,HDD|Organic|Basilisk|Forest,HDD,HDD - Basilisk,Organic,Basilisk,,,Forest,Forest,,,deup281,HDD - Basilisk,Basilisk,Forest,deup281,TRUE,TRUE,TRUE,TRUE,TRUE,PREPARED_ACTUALS_AND_FORECASTS,OPERATIONAL_SOURCE_PRECEDENCE,,v6_17_viewer_dropdown_metadata.csv + v6_17_forecast_dropdown_metadata.csv,"V6.17 artifact is operational; the Master Catalog marks the serving view empty, so governed prepared-artifact precedence applies."
OPERATIONAL_ENTITY,HDD|Organic|Basilisk|Forest,HDD,HDD - Basilisk,Organic,Basilisk,,,Forest,Forest,,,dnkp307,HDD - Basilisk,Basilisk,Forest,dnkp307,TRUE,TRUE,TRUE,TRUE,TRUE,PREPARED_ACTUALS_AND_FORECASTS,OPERATIONAL_SOURCE_PRECEDENCE,,v6_17_viewer_dropdown_metadata.csv + v6_17_forecast_dropdown_metadata.csv,"V6.17 artifact is operational; the Master Catalog marks the serving view empty, so governed prepared-artifact precedence applies."
OPERATIONAL_ENTITY,HDD|Organic|Basilisk|Forest,HDD,HDD - Basilisk,Organic,Basilisk,,,Forest,Forest,,,espp292,HDD - Basilisk,Basilisk,Forest,espp292,TRUE,TRUE,TRUE,TRUE,TRUE,PREPARED_ACTUALS_AND_FORECASTS,OPERATIONAL_SOURCE_PRECEDENCE,,v6_17_viewer_dropdown_metadata.csv + v6_17_forecast_dropdown_metadata.csv,"V6.17 artifact is operational; the Master Catalog marks the serving view empty, so governed prepared-artifact precedence applies."
OPERATIONAL_ENTITY,HDD|Organic|Basilisk|Forest,HDD,HDD - Basilisk,Organic,Basilisk,,,Forest,Forest,,,eurp107,HDD - Basilisk,Basilisk,Forest,eurp107,TRUE,TRUE,TRUE,TRUE,TRUE,PREPARED_ACTUALS_AND_FORECASTS,OPERATIONAL_SOURCE_PRECEDENCE,,v6_17_viewer_dropdown_metadata.csv + v6_17_forecast_dropdown_metadata.csv,"V6.17 artifact is operational; the Master Catalog marks the serving view empty, so governed prepared-artifact precedence applies."
OPERATIONAL_ENTITY,HDD|Organic|Basilisk|Forest,HDD,HDD - Basilisk,Organic,Basilisk,,,Forest,Forest,,,eurp119,HDD - Basilisk,Basilisk,Forest,eurp119,TRUE,TRUE,TRUE,TRUE,TRUE,PREPARED_ACTUALS_AND_FORECASTS,OPERATIONAL_SOURCE_PRECEDENCE,,v6_17_viewer_dropdown_metadata.csv + v6_17_forecast_dropdown_metadata.csv,"V6.17 artifact is operational; the Master Catalog marks the serving view empty, so governed prepared-artifact precedence applies."
OPERATIONAL_ENTITY,HDD|Organic|Basilisk|Forest,HDD,HDD - Basilisk,Organic,Basilisk,,,Forest,Forest,,,eurp120,HDD - Basilisk,Basilisk,Forest,eurp120,TRUE,TRUE,TRUE,TRUE,TRUE,PREPARED_ACTUALS_AND_FORECASTS,OPERATIONAL_SOURCE_PRECEDENCE,,v6_17_viewer_dropdown_metadata.csv + v6_17_forecast_dropdown_metadata.csv,"V6.17 artifact is operational; the Master Catalog marks the serving view empty, so governed prepared-artifact precedence applies."
OPERATIONAL_ENTITY,HDD|Organic|Basilisk|Forest,HDD,HDD - Basilisk,Organic,Basilisk,,,Forest,Forest,,,eurp121,HDD - Basilisk,Basilisk,Forest,eurp121,TRUE,TRUE,TRUE,TRUE,TRUE,PREPARED_ACTUALS_AND_FORECASTS,OPERATIONAL_SOURCE_PRECEDENCE,,v6_17_viewer_dropdown_metadata.csv + v6_17_forecast_dropdown_metadata.csv,"V6.17 artifact is operational; the Master Catalog marks the serving view empty, so governed prepared-artifact precedence applies."
OPERATIONAL_ENTITY,HDD|Organic|Basilisk|Forest,HDD,HDD - Basilisk,Organic,Basilisk,,,Forest,Forest,,,eurp122,HDD - Basilisk,Basilisk,Forest,eurp122,TRUE,TRUE,TRUE,TRUE,TRUE,PREPARED_ACTUALS_AND_FORECASTS,OPERATIONAL_SOURCE_PRECEDENCE,,v6_17_viewer_dropdown_metadata.csv + v6_17_forecast_dropdown_metadata.csv,"V6.17 artifact is operational; the Master Catalog marks the serving view empty, so governed prepared-artifact precedence applies."
OPERATIONAL_ENTITY,HDD|Organic|Basilisk|Forest,HDD,HDD - Basilisk,Organic,Basilisk,,,Forest,Forest,,,eurp137,HDD - Basilisk,Basilisk,Forest,eurp137,TRUE,TRUE,TRUE,TRUE,TRUE,PREPARED_ACTUALS_AND_FORECASTS,OPERATIONAL_SOURCE_PRECEDENCE,,v6_17_viewer_dropdown_metadata.csv + v6_17_forecast_dropdown_metadata.csv,"V6.17 artifact is operational; the Master Catalog marks the serving view empty, so governed prepared-artifact precedence applies."
OPERATIONAL_ENTITY,HDD|Organic|Basilisk|Forest,HDD,HDD - Basilisk,Organic,Basilisk,,,Forest,Forest,,,eurp138,HDD - Basilisk,Basilisk,Forest,eurp138,TRUE,TRUE,TRUE,TRUE,TRUE,PREPARED_ACTUALS_AND_FORECASTS,OPERATIONAL_SOURCE_PRECEDENCE,,v6_17_viewer_dropdown_metadata.csv + v6_17_forecast_dropdown_metadata.csv,"V6.17 artifact is operational; the Master Catalog marks the serving view empty, so governed prepared-artifact precedence applies."
OPERATIONAL_ENTITY,HDD|Organic|Basilisk|Forest,HDD,HDD - Basilisk,Organic,Basilisk,,,Forest,Forest,,,eurp174,HDD - Basilisk,Basilisk,Forest,eurp174,TRUE,TRUE,TRUE,TRUE,TRUE,PREPARED_ACTUALS_AND_FORECASTS,OPERATIONAL_SOURCE_PRECEDENCE,,v6_17_viewer_dropdown_metadata.csv + v6_17_forecast_dropdown_metadata.csv,"V6.17 artifact is operational; the Master Catalog marks the serving view empty, so governed prepared-artifact precedence applies."
OPERATIONAL_ENTITY,HDD|Organic|Basilisk|Forest,HDD,HDD - Basilisk,Organic,Basilisk,,,Forest,Forest,,,eurp175,HDD - Basilisk,Basilisk,Forest,eurp175,TRUE,TRUE,TRUE,TRUE,TRUE,PREPARED_ACTUALS_AND_FORECASTS,OPERATIONAL_SOURCE_PRECEDENCE,,v6_17_viewer_dropdown_metadata.csv + v6_17_forecast_dropdown_metadata.csv,"V6.17 artifact is operational; the Master Catalog marks the serving view empty, so governed prepared-artifact precedence applies."
OPERATIONAL_ENTITY,HDD|Organic|Basilisk|Forest,HDD,HDD - Basilisk,Organic,Basilisk,,,Forest,Forest,,,eurp176,HDD - Basilisk,Basilisk,Forest,eurp176,TRUE,TRUE,TRUE,TRUE,TRUE,PREPARED_ACTUALS_AND_FORECASTS,OPERATIONAL_SOURCE_PRECEDENCE,,v6_17_viewer_dropdown_metadata.csv + v6_17_forecast_dropdown_metadata.csv,"V6.17 artifact is operational; the Master Catalog marks the serving view empty, so governed prepared-artifact precedence applies."
OPERATIONAL_ENTITY,HDD|Organic|Basilisk|Forest,HDD,HDD - Basilisk,Organic,Basilisk,,,Forest,Forest,,,eurp177,HDD - Basilisk,Basilisk,Forest,eurp177,TRUE,TRUE,TRUE,TRUE,TRUE,PREPARED_ACTUALS_AND_FORECASTS,OPERATIONAL_SOURCE_PRECEDENCE,,v6_17_viewer_dropdown_metadata.csv + v6_17_forecast_dropdown_metadata.csv,"V6.17 artifact is operational; the Master Catalog marks the serving view empty, so governed prepared-artifact precedence applies."
OPERATIONAL_ENTITY,HDD|Organic|Basilisk|Forest,HDD,HDD - Basilisk,Organic,Basilisk,,,Forest,Forest,,,eurp178,HDD - Basilisk,Basilisk,Forest,eurp178,TRUE,TRUE,TRUE,TRUE,TRUE,PREPARED_ACTUALS_AND_FORECASTS,OPERATIONAL_SOURCE_PRECEDENCE,,v6_17_viewer_dropdown_metadata.csv + v6_17_forecast_dropdown_metadata.csv,"V6.17 artifact is operational; the Master Catalog marks the serving view empty, so governed prepared-artifact precedence applies."
OPERATIONAL_ENTITY,HDD|Organic|Basilisk|Forest,HDD,HDD - Basilisk,Organic,Basilisk,,,Forest,Forest,,,eurp179,HDD - Basilisk,Basilisk,Forest,eurp179,TRUE,TRUE,TRUE,TRUE,TRUE,PREPARED_ACTUALS_AND_FORECASTS,OPERATIONAL_SOURCE_PRECEDENCE,,v6_17_viewer_dropdown_metadata.csv + v6_17_forecast_dropdown_metadata.csv,"V6.17 artifact is operational; the Master Catalog marks the serving view empty, so governed prepared-artifact precedence applies."
OPERATIONAL_ENTITY,HDD|Organic|Basilisk|Forest,HDD,HDD - Basilisk,Organic,Basilisk,,,Forest,Forest,,,eurp180,HDD - Basilisk,Basilisk,Forest,eurp180,TRUE,TRUE,TRUE,TRUE,TRUE,PREPARED_ACTUALS_AND_FORECASTS,OPERATIONAL_SOURCE_PRECEDENCE,,v6_17_viewer_dropdown_metadata.csv + v6_17_forecast_dropdown_metadata.csv,"V6.17 artifact is operational; the Master Catalog marks the serving view empty, so governed prepared-artifact precedence applies."
OPERATIONAL_ENTITY,HDD|Organic|Basilisk|Forest,HDD,HDD - Basilisk,Organic,Basilisk,,,Forest,Forest,,,eurp189,HDD - Basilisk,Basilisk,Forest,eurp189,TRUE,TRUE,TRUE,TRUE,TRUE,PREPARED_ACTUALS_AND_FORECASTS,OPERATIONAL_SOURCE_PRECEDENCE,,v6_17_viewer_dropdown_metadata.csv + v6_17_forecast_dropdown_metadata.csv,"V6.17 artifact is operational; the Master Catalog marks the serving view empty, so governed prepared-artifact precedence applies."
OPERATIONAL_ENTITY,HDD|Organic|Basilisk|Forest,HDD,HDD - Basilisk,Organic,Basilisk,,,Forest,Forest,,,eurp190,HDD - Basilisk,Basilisk,Forest,eurp190,TRUE,TRUE,TRUE,TRUE,TRUE,PREPARED_ACTUALS_AND_FORECASTS,OPERATIONAL_SOURCE_PRECEDENCE,,v6_17_viewer_dropdown_metadata.csv + v6_17_forecast_dropdown_metadata.csv,"V6.17 artifact is operational; the Master Catalog marks the serving view empty, so governed prepared-artifact precedence applies."
OPERATIONAL_ENTITY,HDD|Organic|Basilisk|Forest,HDD,HDD - Basilisk,Organic,Basilisk,,,Forest,Forest,,,eurp191,HDD - Basilisk,Basilisk,Forest,eurp191,TRUE,TRUE,TRUE,TRUE,TRUE,PREPARED_ACTUALS_AND_FORECASTS,OPERATIONAL_SOURCE_PRECEDENCE,,v6_17_viewer_dropdown_metadata.csv + v6_17_forecast_dropdown_metadata.csv,"V6.17 artifact is operational; the Master Catalog marks the serving view empty, so governed prepared-artifact precedence applies."
OPERATIONAL_ENTITY,HDD|Organic|Basilisk|Forest,HDD,HDD - Basilisk,Organic,Basilisk,,,Forest,Forest,,,eurp192,HDD - Basilisk,Basilisk,Forest,eurp192,TRUE,TRUE,TRUE,TRUE,TRUE,PREPARED_ACTUALS_AND_FORECASTS,OPERATIONAL_SOURCE_PRECEDENCE,,v6_17_viewer_dropdown_metadata.csv + v6_17_forecast_dropdown_metadata.csv,"V6.17 artifact is operational; the Master Catalog marks the serving view empty, so governed prepared-artifact precedence applies."
OPERATIONAL_ENTITY,HDD|Organic|Basilisk|Forest,HDD,HDD - Basilisk,Organic,Basilisk,,,Forest,Forest,,,eurp193,HDD - Basilisk,Basilisk,Forest,eurp193,TRUE,TRUE,TRUE,TRUE,TRUE,PREPARED_ACTUALS_AND_FORECASTS,OPERATIONAL_SOURCE_PRECEDENCE,,v6_17_viewer_dropdown_metadata.csv + v6_17_forecast_dropdown_metadata.csv,"V6.17 artifact is operational; the Master Catalog marks the serving view empty, so governed prepared-artifact precedence applies."
OPERATIONAL_ENTITY,HDD|Organic|Basilisk|Forest,HDD,HDD - Basilisk,Organic,Basilisk,,,Forest,Forest,,,eurp194,HDD - Basilisk,Basilisk,Forest,eurp194,TRUE,TRUE,TRUE,TRUE,TRUE,PREPARED_ACTUALS_AND_FORECASTS,OPERATIONAL_SOURCE_PRECEDENCE,,v6_17_viewer_dropdown_metadata.csv + v6_17_forecast_dropdown_metadata.csv,"V6.17 artifact is operational; the Master Catalog marks the serving view empty, so governed prepared-artifact precedence applies."
OPERATIONAL_ENTITY,HDD|Organic|Basilisk|Forest,HDD,HDD - Basilisk,Organic,Basilisk,,,Forest,Forest,,,eurp195,HDD - Basilisk,Basilisk,Forest,eurp195,TRUE,TRUE,TRUE,TRUE,TRUE,PREPARED_ACTUALS_AND_FORECASTS,OPERATIONAL_SOURCE_PRECEDENCE,,v6_17_viewer_dropdown_metadata.csv + v6_17_forecast_dropdown_metadata.csv,"V6.17 artifact is operational; the Master Catalog marks the serving view empty, so governed prepared-artifact precedence applies."
OPERATIONAL_ENTITY,HDD|Organic|Basilisk|Forest,HDD,HDD - Basilisk,Organic,Basilisk,,,Forest,Forest,,,eurp250,HDD - Basilisk,Basilisk,Forest,eurp250,TRUE,TRUE,TRUE,TRUE,TRUE,PREPARED_ACTUALS_AND_FORECASTS,OPERATIONAL_SOURCE_PRECEDENCE,,v6_17_viewer_dropdown_metadata.csv + v6_17_forecast_dropdown_metadata.csv,"V6.17 artifact is operational; the Master Catalog marks the serving view empty, so governed prepared-artifact precedence applies."
OPERATIONAL_ENTITY,HDD|Organic|Basilisk|Forest,HDD,HDD - Basilisk,Organic,Basilisk,,,Forest,Forest,,,eurp251,HDD - Basilisk,Basilisk,Forest,eurp251,TRUE,TRUE,TRUE,TRUE,TRUE,PREPARED_ACTUALS_AND_FORECASTS,OPERATIONAL_SOURCE_PRECEDENCE,,v6_17_viewer_dropdown_metadata.csv + v6_17_forecast_dropdown_metadata.csv,"V6.17 artifact is operational; the Master Catalog marks the serving view empty, so governed prepared-artifact precedence applies."
OPERATIONAL_ENTITY,HDD|Organic|Basilisk|Forest,HDD,HDD - Basilisk,Organic,Basilisk,,,Forest,Forest,,,eurp309,HDD - Basilisk,Basilisk,Forest,eurp309,TRUE,TRUE,TRUE,TRUE,TRUE,PREPARED_ACTUALS_AND_FORECASTS,OPERATIONAL_SOURCE_PRECEDENCE,,v6_17_viewer_dropdown_metadata.csv + v6_17_forecast_dropdown_metadata.csv,"V6.17 artifact is operational; the Master Catalog marks the serving view empty, so governed prepared-artifact precedence applies."
OPERATIONAL_ENTITY,HDD|Organic|Basilisk|Forest,HDD,HDD - Basilisk,Organic,Basilisk,,,Forest,Forest,,,eurprd01,HDD - Basilisk,Basilisk,Forest,eurprd01,TRUE,TRUE,TRUE,TRUE,TRUE,PREPARED_ACTUALS_AND_FORECASTS,OPERATIONAL_SOURCE_PRECEDENCE,,v6_17_viewer_dropdown_metadata.csv + v6_17_forecast_dropdown_metadata.csv,"V6.17 artifact is operational; the Master Catalog marks the serving view empty, so governed prepared-artifact precedence applies."
OPERATIONAL_ENTITY,HDD|Organic|Basilisk|Forest,HDD,HDD - Basilisk,Organic,Basilisk,,,Forest,Forest,,,eurprd02,HDD - Basilisk,Basilisk,Forest,eurprd02,TRUE,TRUE,TRUE,TRUE,TRUE,PREPARED_ACTUALS_AND_FORECASTS,OPERATIONAL_SOURCE_PRECEDENCE,,v6_17_viewer_dropdown_metadata.csv + v6_17_forecast_dropdown_metadata.csv,"V6.17 artifact is operational; the Master Catalog marks the serving view empty, so governed prepared-artifact precedence applies."
OPERATIONAL_ENTITY,HDD|Organic|Basilisk|Forest,HDD,HDD - Basilisk,Organic,Basilisk,,,Forest,Forest,,,eurprd03,HDD - Basilisk,Basilisk,Forest,eurprd03,TRUE,TRUE,TRUE,TRUE,TRUE,PREPARED_ACTUALS_AND_FORECASTS,OPERATIONAL_SOURCE_PRECEDENCE,,v6_17_viewer_dropdown_metadata.csv + v6_17_forecast_dropdown_metadata.csv,"V6.17 artifact is operational; the Master Catalog marks the serving view empty, so governed prepared-artifact precedence applies."
OPERATIONAL_ENTITY,HDD|Organic|Basilisk|Forest,HDD,HDD - Basilisk,Organic,Basilisk,,,Forest,Forest,,,eurprd04,HDD - Basilisk,Basilisk,Forest,eurprd04,TRUE,TRUE,TRUE,TRUE,TRUE,PREPARED_ACTUALS_AND_FORECASTS,OPERATIONAL_SOURCE_PRECEDENCE,,v6_17_viewer_dropdown_metadata.csv + v6_17_forecast_dropdown_metadata.csv,"V6.17 artifact is operational; the Master Catalog marks the serving view empty, so governed prepared-artifact precedence applies."
OPERATIONAL_ENTITY,HDD|Organic|Basilisk|Forest,HDD,HDD - Basilisk,Organic,Basilisk,,,Forest,Forest,,,eurprd05,HDD - Basilisk,Basilisk,Forest,eurprd05,TRUE,TRUE,TRUE,TRUE,TRUE,PREPARED_ACTUALS_AND_FORECASTS,OPERATIONAL_SOURCE_PRECEDENCE,,v6_17_viewer_dropdown_metadata.csv + v6_17_forecast_dropdown_metadata.csv,"V6.17 artifact is operational; the Master Catalog marks the serving view empty, so governed prepared-artifact precedence applies."
OPERATIONAL_ENTITY,HDD|Organic|Basilisk|Forest,HDD,HDD - Basilisk,Organic,Basilisk,,,Forest,Forest,,,eurprd06,HDD - Basilisk,Basilisk,Forest,eurprd06,TRUE,TRUE,TRUE,TRUE,TRUE,PREPARED_ACTUALS_AND_FORECASTS,OPERATIONAL_SOURCE_PRECEDENCE,,v6_17_viewer_dropdown_metadata.csv + v6_17_forecast_dropdown_metadata.csv,"V6.17 artifact is operational; the Master Catalog marks the serving view empty, so governed prepared-artifact precedence applies."
OPERATIONAL_ENTITY,HDD|Organic|Basilisk|Forest,HDD,HDD - Basilisk,Organic,Basilisk,,,Forest,Forest,,,eurprd07,HDD - Basilisk,Basilisk,Forest,eurprd07,TRUE,TRUE,TRUE,TRUE,TRUE,PREPARED_ACTUALS_AND_FORECASTS,OPERATIONAL_SOURCE_PRECEDENCE,,v6_17_viewer_dropdown_metadata.csv + v6_17_forecast_dropdown_metadata.csv,"V6.17 artifact is operational; the Master Catalog marks the serving view empty, so governed prepared-artifact precedence applies."
OPERATIONAL_ENTITY,HDD|Organic|Basilisk|Forest,HDD,HDD - Basilisk,Organic,Basilisk,,,Forest,Forest,,,eurprd08,HDD - Basilisk,Basilisk,Forest,eurprd08,TRUE,TRUE,TRUE,TRUE,TRUE,PREPARED_ACTUALS_AND_FORECASTS,OPERATIONAL_SOURCE_PRECEDENCE,,v6_17_viewer_dropdown_metadata.csv + v6_17_forecast_dropdown_metadata.csv,"V6.17 artifact is operational; the Master Catalog marks the serving view empty, so governed prepared-artifact precedence applies."
OPERATIONAL_ENTITY,HDD|Organic|Basilisk|Forest,HDD,HDD - Basilisk,Organic,Basilisk,,,Forest,Forest,,,eurprd09,HDD - Basilisk,Basilisk,Forest,eurprd09,TRUE,TRUE,TRUE,TRUE,TRUE,PREPARED_ACTUALS_AND_FORECASTS,OPERATIONAL_SOURCE_PRECEDENCE,,v6_17_viewer_dropdown_metadata.csv + v6_17_forecast_dropdown_metadata.csv,"V6.17 artifact is operational; the Master Catalog marks the serving view empty, so governed prepared-artifact precedence applies."
OPERATIONAL_ENTITY,HDD|Organic|Basilisk|Forest,HDD,HDD - Basilisk,Organic,Basilisk,,,Forest,Forest,,,eurprd10,HDD - Basilisk,Basilisk,Forest,eurprd10,TRUE,TRUE,TRUE,TRUE,TRUE,PREPARED_ACTUALS_AND_FORECASTS,OPERATIONAL_SOURCE_PRECEDENCE,,v6_17_viewer_dropdown_metadata.csv + v6_17_forecast_dropdown_metadata.csv,"V6.17 artifact is operational; the Master Catalog marks the serving view empty, so governed prepared-artifact precedence applies."
OPERATIONAL_ENTITY,HDD|Organic|Basilisk|Forest,HDD,HDD - Basilisk,Organic,Basilisk,,,Forest,Forest,,,eurprd83,HDD - Basilisk,Basilisk,Forest,eurprd83,TRUE,TRUE,TRUE,TRUE,TRUE,PREPARED_ACTUALS_AND_FORECASTS,OPERATIONAL_SOURCE_PRECEDENCE,,v6_17_viewer_dropdown_metadata.csv + v6_17_forecast_dropdown_metadata.csv,"V6.17 artifact is operational; the Master Catalog marks the serving view empty, so governed prepared-artifact precedence applies."
OPERATIONAL_ENTITY,HDD|Organic|Basilisk|Forest,HDD,HDD - Basilisk,Organic,Basilisk,,,Forest,Forest,,,frap264,HDD - Basilisk,Basilisk,Forest,frap264,TRUE,TRUE,TRUE,TRUE,TRUE,PREPARED_ACTUALS_AND_FORECASTS,OPERATIONAL_SOURCE_PRECEDENCE,,v6_17_viewer_dropdown_metadata.csv + v6_17_forecast_dropdown_metadata.csv,"V6.17 artifact is operational; the Master Catalog marks the serving view empty, so governed prepared-artifact precedence applies."
OPERATIONAL_ENTITY,HDD|Organic|Basilisk|Forest,HDD,HDD - Basilisk,Organic,Basilisk,,,Forest,Forest,,,gbrp123,HDD - Basilisk,Basilisk,Forest,gbrp123,TRUE,TRUE,TRUE,TRUE,TRUE,PREPARED_ACTUALS_AND_FORECASTS,OPERATIONAL_SOURCE_PRECEDENCE,,v6_17_viewer_dropdown_metadata.csv + v6_17_forecast_dropdown_metadata.csv,"V6.17 artifact is operational; the Master Catalog marks the serving view empty, so governed prepared-artifact precedence applies."
OPERATIONAL_ENTITY,HDD|Organic|Basilisk|Forest,HDD,HDD - Basilisk,Organic,Basilisk,,,Forest,Forest,,,gbrp265,HDD - Basilisk,Basilisk,Forest,gbrp265,TRUE,TRUE,TRUE,TRUE,TRUE,PREPARED_ACTUALS_AND_FORECASTS,OPERATIONAL_SOURCE_PRECEDENCE,,v6_17_viewer_dropdown_metadata.csv + v6_17_forecast_dropdown_metadata.csv,"V6.17 artifact is operational; the Master Catalog marks the serving view empty, so governed prepared-artifact precedence applies."
OPERATIONAL_ENTITY,HDD|Organic|Basilisk|Forest,HDD,HDD - Basilisk,Organic,Basilisk,,,Forest,Forest,,,gbrp267,HDD - Basilisk,Basilisk,Forest,gbrp267,TRUE,TRUE,TRUE,TRUE,TRUE,PREPARED_ACTUALS_AND_FORECASTS,OPERATIONAL_SOURCE_PRECEDENCE,,v6_17_viewer_dropdown_metadata.csv + v6_17_forecast_dropdown_metadata.csv,"V6.17 artifact is operational; the Master Catalog marks the serving view empty, so governed prepared-artifact precedence applies."
OPERATIONAL_ENTITY,HDD|Organic|Basilisk|Forest,HDD,HDD - Basilisk,Organic,Basilisk,,,Forest,Forest,,,gbrp302,HDD - Basilisk,Basilisk,Forest,gbrp302,TRUE,TRUE,TRUE,TRUE,TRUE,PREPARED_ACTUALS_AND_FORECASTS,OPERATIONAL_SOURCE_PRECEDENCE,,v6_17_viewer_dropdown_metadata.csv + v6_17_forecast_dropdown_metadata.csv,"V6.17 artifact is operational; the Master Catalog marks the serving view empty, so governed prepared-artifact precedence applies."
OPERATIONAL_ENTITY,HDD|Organic|Basilisk|Forest,HDD,HDD - Basilisk,Organic,Basilisk,,,Forest,Forest,,,idnp305,HDD - Basilisk,Basilisk,Forest,idnp305,TRUE,TRUE,TRUE,TRUE,TRUE,PREPARED_ACTUALS_AND_FORECASTS,OPERATIONAL_SOURCE_PRECEDENCE,,v6_17_viewer_dropdown_metadata.csv + v6_17_forecast_dropdown_metadata.csv,"V6.17 artifact is operational; the Master Catalog marks the serving view empty, so governed prepared-artifact precedence applies."
OPERATIONAL_ENTITY,HDD|Organic|Basilisk|Forest,HDD,HDD - Basilisk,Organic,Basilisk,,,Forest,Forest,,,indp287,HDD - Basilisk,Basilisk,Forest,indp287,TRUE,TRUE,TRUE,TRUE,TRUE,PREPARED_ACTUALS_AND_FORECASTS,OPERATIONAL_SOURCE_PRECEDENCE,,v6_17_viewer_dropdown_metadata.csv + v6_17_forecast_dropdown_metadata.csv,"V6.17 artifact is operational; the Master Catalog marks the serving view empty, so governed prepared-artifact precedence applies."
OPERATIONAL_ENTITY,HDD|Organic|Basilisk|Forest,HDD,HDD - Basilisk,Organic,Basilisk,,,Forest,Forest,,,indprd01,HDD - Basilisk,Basilisk,Forest,indprd01,TRUE,TRUE,TRUE,TRUE,TRUE,PREPARED_ACTUALS_AND_FORECASTS,OPERATIONAL_SOURCE_PRECEDENCE,,v6_17_viewer_dropdown_metadata.csv + v6_17_forecast_dropdown_metadata.csv,"V6.17 artifact is operational; the Master Catalog marks the serving view empty, so governed prepared-artifact precedence applies."
OPERATIONAL_ENTITY,HDD|Organic|Basilisk|Forest,HDD,HDD - Basilisk,Organic,Basilisk,,,Forest,Forest,,,isrp290,HDD - Basilisk,Basilisk,Forest,isrp290,TRUE,TRUE,TRUE,TRUE,TRUE,PREPARED_ACTUALS_AND_FORECASTS,OPERATIONAL_SOURCE_PRECEDENCE,,v6_17_viewer_dropdown_metadata.csv + v6_17_forecast_dropdown_metadata.csv,"V6.17 artifact is operational; the Master Catalog marks the serving view empty, so governed prepared-artifact precedence applies."
OPERATIONAL_ENTITY,HDD|Organic|Basilisk|Forest,HDD,HDD - Basilisk,Organic,Basilisk,,,Forest,Forest,,,itap293,HDD - Basilisk,Basilisk,Forest,itap293,TRUE,TRUE,TRUE,TRUE,TRUE,PREPARED_ACTUALS_AND_FORECASTS,OPERATIONAL_SOURCE_PRECEDENCE,,v6_17_viewer_dropdown_metadata.csv + v6_17_forecast_dropdown_metadata.csv,"V6.17 artifact is operational; the Master Catalog marks the serving view empty, so governed prepared-artifact precedence applies."
OPERATIONAL_ENTITY,HDD|Organic|Basilisk|Forest,HDD,HDD - Basilisk,Organic,Basilisk,,,Forest,Forest,,,jpnp286,HDD - Basilisk,Basilisk,Forest,jpnp286,TRUE,TRUE,TRUE,TRUE,TRUE,PREPARED_ACTUALS_AND_FORECASTS,OPERATIONAL_SOURCE_PRECEDENCE,,v6_17_viewer_dropdown_metadata.csv + v6_17_forecast_dropdown_metadata.csv,"V6.17 artifact is operational; the Master Catalog marks the serving view empty, so governed prepared-artifact precedence applies."
OPERATIONAL_ENTITY,HDD|Organic|Basilisk|Forest,HDD,HDD - Basilisk,Organic,Basilisk,,,Forest,Forest,,,jpnp301,HDD - Basilisk,Basilisk,Forest,jpnp301,TRUE,TRUE,TRUE,TRUE,TRUE,PREPARED_ACTUALS_AND_FORECASTS,OPERATIONAL_SOURCE_PRECEDENCE,,v6_17_viewer_dropdown_metadata.csv + v6_17_forecast_dropdown_metadata.csv,"V6.17 artifact is operational; the Master Catalog marks the serving view empty, so governed prepared-artifact precedence applies."
OPERATIONAL_ENTITY,HDD|Organic|Basilisk|Forest,HDD,HDD - Basilisk,Organic,Basilisk,,,Forest,Forest,,,jpnprd01,HDD - Basilisk,Basilisk,Forest,jpnprd01,TRUE,TRUE,TRUE,TRUE,TRUE,PREPARED_ACTUALS_AND_FORECASTS,OPERATIONAL_SOURCE_PRECEDENCE,,v6_17_viewer_dropdown_metadata.csv + v6_17_forecast_dropdown_metadata.csv,"V6.17 artifact is operational; the Master Catalog marks the serving view empty, so governed prepared-artifact precedence applies."
OPERATIONAL_ENTITY,HDD|Organic|Basilisk|Forest,HDD,HDD - Basilisk,Organic,Basilisk,,,Forest,Forest,,,korp216,HDD - Basilisk,Basilisk,Forest,korp216,TRUE,TRUE,TRUE,TRUE,TRUE,PREPARED_ACTUALS_AND_FORECASTS,OPERATIONAL_SOURCE_PRECEDENCE,,v6_17_viewer_dropdown_metadata.csv + v6_17_forecast_dropdown_metadata.csv,"V6.17 artifact is operational; the Master Catalog marks the serving view empty, so governed prepared-artifact precedence applies."
OPERATIONAL_ENTITY,HDD|Organic|Basilisk|Forest,HDD,HDD - Basilisk,Organic,Basilisk,,,Forest,Forest,,,lamp152,HDD - Basilisk,Basilisk,Forest,lamp152,TRUE,TRUE,TRUE,TRUE,TRUE,PREPARED_ACTUALS_AND_FORECASTS,OPERATIONAL_SOURCE_PRECEDENCE,,v6_17_viewer_dropdown_metadata.csv + v6_17_forecast_dropdown_metadata.csv,"V6.17 artifact is operational; the Master Catalog marks the serving view empty, so governed prepared-artifact precedence applies."
OPERATIONAL_ENTITY,HDD|Organic|Basilisk|Forest,HDD,HDD - Basilisk,Organic,Basilisk,,,Forest,Forest,,,lamp215,HDD - Basilisk,Basilisk,Forest,lamp215,TRUE,TRUE,TRUE,TRUE,TRUE,PREPARED_ACTUALS_AND_FORECASTS,OPERATIONAL_SOURCE_PRECEDENCE,,v6_17_viewer_dropdown_metadata.csv + v6_17_forecast_dropdown_metadata.csv,"V6.17 artifact is operational; the Master Catalog marks the serving view empty, so governed prepared-artifact precedence applies."
OPERATIONAL_ENTITY,HDD|Organic|Basilisk|Forest,HDD,HDD - Basilisk,Organic,Basilisk,,,Forest,Forest,,,lamprd80,HDD - Basilisk,Basilisk,Forest,lamprd80,TRUE,TRUE,TRUE,TRUE,TRUE,PREPARED_ACTUALS_AND_FORECASTS,OPERATIONAL_SOURCE_PRECEDENCE,,v6_17_viewer_dropdown_metadata.csv + v6_17_forecast_dropdown_metadata.csv,"V6.17 artifact is operational; the Master Catalog marks the serving view empty, so governed prepared-artifact precedence applies."
OPERATIONAL_ENTITY,HDD|Organic|Basilisk|Forest,HDD,HDD - Basilisk,Organic,Basilisk,,,Forest,Forest,,,mexp297,HDD - Basilisk,Basilisk,Forest,mexp297,TRUE,TRUE,TRUE,TRUE,TRUE,PREPARED_ACTUALS_AND_FORECASTS,OPERATIONAL_SOURCE_PRECEDENCE,,v6_17_viewer_dropdown_metadata.csv + v6_17_forecast_dropdown_metadata.csv,"V6.17 artifact is operational; the Master Catalog marks the serving view empty, so governed prepared-artifact precedence applies."
OPERATIONAL_ENTITY,HDD|Organic|Basilisk|Forest,HDD,HDD - Basilisk,Organic,Basilisk,,,Forest,Forest,,,mysp306,HDD - Basilisk,Basilisk,Forest,mysp306,TRUE,TRUE,TRUE,TRUE,TRUE,PREPARED_ACTUALS_AND_FORECASTS,OPERATIONAL_SOURCE_PRECEDENCE,,v6_17_viewer_dropdown_metadata.csv + v6_17_forecast_dropdown_metadata.csv,"V6.17 artifact is operational; the Master Catalog marks the serving view empty, so governed prepared-artifact precedence applies."
OPERATIONAL_ENTITY,HDD|Organic|Basilisk|Forest,HDD,HDD - Basilisk,Organic,Basilisk,,,Forest,Forest,,,namp100,HDD - Basilisk,Basilisk,Forest,namp100,TRUE,TRUE,TRUE,TRUE,TRUE,PREPARED_ACTUALS_AND_FORECASTS,OPERATIONAL_SOURCE_PRECEDENCE,,v6_17_viewer_dropdown_metadata.csv + v6_17_forecast_dropdown_metadata.csv,"V6.17 artifact is operational; the Master Catalog marks the serving view empty, so governed prepared-artifact precedence applies."
OPERATIONAL_ENTITY,HDD|Organic|Basilisk|Forest,HDD,HDD - Basilisk,Organic,Basilisk,,,Forest,Forest,,,namp101,HDD - Basilisk,Basilisk,Forest,namp101,TRUE,TRUE,TRUE,TRUE,TRUE,PREPARED_ACTUALS_AND_FORECASTS,OPERATIONAL_SOURCE_PRECEDENCE,,v6_17_viewer_dropdown_metadata.csv + v6_17_forecast_dropdown_metadata.csv,"V6.17 artifact is operational; the Master Catalog marks the serving view empty, so governed prepared-artifact precedence applies."
OPERATIONAL_ENTITY,HDD|Organic|Basilisk|Forest,HDD,HDD - Basilisk,Organic,Basilisk,,,Forest,Forest,,,namp102,HDD - Basilisk,Basilisk,Forest,namp102,TRUE,TRUE,TRUE,TRUE,TRUE,PREPARED_ACTUALS_AND_FORECASTS,OPERATIONAL_SOURCE_PRECEDENCE,,v6_17_viewer_dropdown_metadata.csv + v6_17_forecast_dropdown_metadata.csv,"V6.17 artifact is operational; the Master Catalog marks the serving view empty, so governed prepared-artifact precedence applies."
OPERATIONAL_ENTITY,HDD|Organic|Basilisk|Forest,HDD,HDD - Basilisk,Organic,Basilisk,,,Forest,Forest,,,namp103,HDD - Basilisk,Basilisk,Forest,namp103,TRUE,TRUE,TRUE,TRUE,TRUE,PREPARED_ACTUALS_AND_FORECASTS,OPERATIONAL_SOURCE_PRECEDENCE,,v6_17_viewer_dropdown_metadata.csv + v6_17_forecast_dropdown_metadata.csv,"V6.17 artifact is operational; the Master Catalog marks the serving view empty, so governed prepared-artifact precedence applies."
OPERATIONAL_ENTITY,HDD|Organic|Basilisk|Forest,HDD,HDD - Basilisk,Organic,Basilisk,,,Forest,Forest,,,namp104,HDD - Basilisk,Basilisk,Forest,namp104,TRUE,TRUE,TRUE,TRUE,TRUE,PREPARED_ACTUALS_AND_FORECASTS,OPERATIONAL_SOURCE_PRECEDENCE,,v6_17_viewer_dropdown_metadata.csv + v6_17_forecast_dropdown_metadata.csv,"V6.17 artifact is operational; the Master Catalog marks the serving view empty, so governed prepared-artifact precedence applies."
OPERATIONAL_ENTITY,HDD|Organic|Basilisk|Forest,HDD,HDD - Basilisk,Organic,Basilisk,,,Forest,Forest,,,namp105,HDD - Basilisk,Basilisk,Forest,namp105,TRUE,TRUE,TRUE,TRUE,TRUE,PREPARED_ACTUALS_AND_FORECASTS,OPERATIONAL_SOURCE_PRECEDENCE,,v6_17_viewer_dropdown_metadata.csv + v6_17_forecast_dropdown_metadata.csv,"V6.17 artifact is operational; the Master Catalog marks the serving view empty, so governed prepared-artifact precedence applies."
OPERATIONAL_ENTITY,HDD|Organic|Basilisk|Forest,HDD,HDD - Basilisk,Organic,Basilisk,,,Forest,Forest,,,namp106,HDD - Basilisk,Basilisk,Forest,namp106,TRUE,TRUE,TRUE,TRUE,TRUE,PREPARED_ACTUALS_AND_FORECASTS,OPERATIONAL_SOURCE_PRECEDENCE,,v6_17_viewer_dropdown_metadata.csv + v6_17_forecast_dropdown_metadata.csv,"V6.17 artifact is operational; the Master Catalog marks the serving view empty, so governed prepared-artifact precedence applies."
OPERATIONAL_ENTITY,HDD|Organic|Basilisk|Forest,HDD,HDD - Basilisk,Organic,Basilisk,,,Forest,Forest,,,namp108,HDD - Basilisk,Basilisk,Forest,namp108,TRUE,TRUE,TRUE,TRUE,TRUE,PREPARED_ACTUALS_AND_FORECASTS,OPERATIONAL_SOURCE_PRECEDENCE,,v6_17_viewer_dropdown_metadata.csv + v6_17_forecast_dropdown_metadata.csv,"V6.17 artifact is operational; the Master Catalog marks the serving view empty, so governed prepared-artifact precedence applies."
OPERATIONAL_ENTITY,HDD|Organic|Basilisk|Forest,HDD,HDD - Basilisk,Organic,Basilisk,,,Forest,Forest,,,namp109,HDD - Basilisk,Basilisk,Forest,namp109,TRUE,TRUE,TRUE,TRUE,TRUE,PREPARED_ACTUALS_AND_FORECASTS,OPERATIONAL_SOURCE_PRECEDENCE,,v6_17_viewer_dropdown_metadata.csv + v6_17_forecast_dropdown_metadata.csv,"V6.17 artifact is operational; the Master Catalog marks the serving view empty, so governed prepared-artifact precedence applies."
OPERATIONAL_ENTITY,HDD|Organic|Basilisk|Forest,HDD,HDD - Basilisk,Organic,Basilisk,,,Forest,Forest,,,namp110,HDD - Basilisk,Basilisk,Forest,namp110,TRUE,TRUE,TRUE,TRUE,TRUE,PREPARED_ACTUALS_AND_FORECASTS,OPERATIONAL_SOURCE_PRECEDENCE,,v6_17_viewer_dropdown_metadata.csv + v6_17_forecast_dropdown_metadata.csv,"V6.17 artifact is operational; the Master Catalog marks the serving view empty, so governed prepared-artifact precedence applies."
OPERATIONAL_ENTITY,HDD|Organic|Basilisk|Forest,HDD,HDD - Basilisk,Organic,Basilisk,,,Forest,Forest,,,namp111,HDD - Basilisk,Basilisk,Forest,namp111,TRUE,TRUE,TRUE,TRUE,TRUE,PREPARED_ACTUALS_AND_FORECASTS,OPERATIONAL_SOURCE_PRECEDENCE,,v6_17_viewer_dropdown_metadata.csv + v6_17_forecast_dropdown_metadata.csv,"V6.17 artifact is operational; the Master Catalog marks the serving view empty, so governed prepared-artifact precedence applies."
OPERATIONAL_ENTITY,HDD|Organic|Basilisk|Forest,HDD,HDD - Basilisk,Organic,Basilisk,,,Forest,Forest,,,namp113,HDD - Basilisk,Basilisk,Forest,namp113,TRUE,TRUE,TRUE,TRUE,TRUE,PREPARED_ACTUALS_AND_FORECASTS,OPERATIONAL_SOURCE_PRECEDENCE,,v6_17_viewer_dropdown_metadata.csv + v6_17_forecast_dropdown_metadata.csv,"V6.17 artifact is operational; the Master Catalog marks the serving view empty, so governed prepared-artifact precedence applies."
OPERATIONAL_ENTITY,HDD|Organic|Basilisk|Forest,HDD,HDD - Basilisk,Organic,Basilisk,,,Forest,Forest,,,namp114,HDD - Basilisk,Basilisk,Forest,namp114,TRUE,TRUE,TRUE,TRUE,TRUE,PREPARED_ACTUALS_AND_FORECASTS,OPERATIONAL_SOURCE_PRECEDENCE,,v6_17_viewer_dropdown_metadata.csv + v6_17_forecast_dropdown_metadata.csv,"V6.17 artifact is operational; the Master Catalog marks the serving view empty, so governed prepared-artifact precedence applies."
OPERATIONAL_ENTITY,HDD|Organic|Basilisk|Forest,HDD,HDD - Basilisk,Organic,Basilisk,,,Forest,Forest,,,namp115,HDD - Basilisk,Basilisk,Forest,namp115,TRUE,TRUE,TRUE,TRUE,TRUE,PREPARED_ACTUALS_AND_FORECASTS,OPERATIONAL_SOURCE_PRECEDENCE,,v6_17_viewer_dropdown_metadata.csv + v6_17_forecast_dropdown_metadata.csv,"V6.17 artifact is operational; the Master Catalog marks the serving view empty, so governed prepared-artifact precedence applies."
OPERATIONAL_ENTITY,HDD|Organic|Basilisk|Forest,HDD,HDD - Basilisk,Organic,Basilisk,,,Forest,Forest,,,namp116,HDD - Basilisk,Basilisk,Forest,namp116,TRUE,TRUE,TRUE,TRUE,TRUE,PREPARED_ACTUALS_AND_FORECASTS,OPERATIONAL_SOURCE_PRECEDENCE,,v6_17_viewer_dropdown_metadata.csv + v6_17_forecast_dropdown_metadata.csv,"V6.17 artifact is operational; the Master Catalog marks the serving view empty, so governed prepared-artifact precedence applies."
OPERATIONAL_ENTITY,HDD|Organic|Basilisk|Forest,HDD,HDD - Basilisk,Organic,Basilisk,,,Forest,Forest,,,namp118,HDD - Basilisk,Basilisk,Forest,namp118,TRUE,TRUE,TRUE,TRUE,TRUE,PREPARED_ACTUALS_AND_FORECASTS,OPERATIONAL_SOURCE_PRECEDENCE,,v6_17_viewer_dropdown_metadata.csv + v6_17_forecast_dropdown_metadata.csv,"V6.17 artifact is operational; the Master Catalog marks the serving view empty, so governed prepared-artifact precedence applies."
OPERATIONAL_ENTITY,HDD|Organic|Basilisk|Forest,HDD,HDD - Basilisk,Organic,Basilisk,,,Forest,Forest,,,namp125,HDD - Basilisk,Basilisk,Forest,namp125,TRUE,TRUE,TRUE,TRUE,TRUE,PREPARED_ACTUALS_AND_FORECASTS,OPERATIONAL_SOURCE_PRECEDENCE,,v6_17_viewer_dropdown_metadata.csv + v6_17_forecast_dropdown_metadata.csv,"V6.17 artifact is operational; the Master Catalog marks the serving view empty, so governed prepared-artifact precedence applies."
OPERATIONAL_ENTITY,HDD|Organic|Basilisk|Forest,HDD,HDD - Basilisk,Organic,Basilisk,,,Forest,Forest,,,namp126,HDD - Basilisk,Basilisk,Forest,namp126,TRUE,TRUE,TRUE,TRUE,TRUE,PREPARED_ACTUALS_AND_FORECASTS,OPERATIONAL_SOURCE_PRECEDENCE,,v6_17_viewer_dropdown_metadata.csv + v6_17_forecast_dropdown_metadata.csv,"V6.17 artifact is operational; the Master Catalog marks the serving view empty, so governed prepared-artifact precedence applies."
OPERATIONAL_ENTITY,HDD|Organic|Basilisk|Forest,HDD,HDD - Basilisk,Organic,Basilisk,,,Forest,Forest,,,namp128,HDD - Basilisk,Basilisk,Forest,namp128,TRUE,TRUE,TRUE,TRUE,TRUE,PREPARED_ACTUALS_AND_FORECASTS,OPERATIONAL_SOURCE_PRECEDENCE,,v6_17_viewer_dropdown_metadata.csv + v6_17_forecast_dropdown_metadata.csv,"V6.17 artifact is operational; the Master Catalog marks the serving view empty, so governed prepared-artifact precedence applies."
OPERATIONAL_ENTITY,HDD|Organic|Basilisk|Forest,HDD,HDD - Basilisk,Organic,Basilisk,,,Forest,Forest,,,namp129,HDD - Basilisk,Basilisk,Forest,namp129,TRUE,TRUE,TRUE,TRUE,TRUE,PREPARED_ACTUALS_AND_FORECASTS,OPERATIONAL_SOURCE_PRECEDENCE,,v6_17_viewer_dropdown_metadata.csv + v6_17_forecast_dropdown_metadata.csv,"V6.17 artifact is operational; the Master Catalog marks the serving view empty, so governed prepared-artifact precedence applies."
OPERATIONAL_ENTITY,HDD|Organic|Basilisk|Forest,HDD,HDD - Basilisk,Organic,Basilisk,,,Forest,Forest,,,namp130,HDD - Basilisk,Basilisk,Forest,namp130,TRUE,TRUE,TRUE,TRUE,TRUE,PREPARED_ACTUALS_AND_FORECASTS,OPERATIONAL_SOURCE_PRECEDENCE,,v6_17_viewer_dropdown_metadata.csv + v6_17_forecast_dropdown_metadata.csv,"V6.17 artifact is operational; the Master Catalog marks the serving view empty, so governed prepared-artifact precedence applies."
OPERATIONAL_ENTITY,HDD|Organic|Basilisk|Forest,HDD,HDD - Basilisk,Organic,Basilisk,,,Forest,Forest,,,namp131,HDD - Basilisk,Basilisk,Forest,namp131,TRUE,TRUE,TRUE,TRUE,TRUE,PREPARED_ACTUALS_AND_FORECASTS,OPERATIONAL_SOURCE_PRECEDENCE,,v6_17_viewer_dropdown_metadata.csv + v6_17_forecast_dropdown_metadata.csv,"V6.17 artifact is operational; the Master Catalog marks the serving view empty, so governed prepared-artifact precedence applies."
OPERATIONAL_ENTITY,HDD|Organic|Basilisk|Forest,HDD,HDD - Basilisk,Organic,Basilisk,,,Forest,Forest,,,namp132,HDD - Basilisk,Basilisk,Forest,namp132,TRUE,TRUE,TRUE,TRUE,TRUE,PREPARED_ACTUALS_AND_FORECASTS,OPERATIONAL_SOURCE_PRECEDENCE,,v6_17_viewer_dropdown_metadata.csv + v6_17_forecast_dropdown_metadata.csv,"V6.17 artifact is operational; the Master Catalog marks the serving view empty, so governed prepared-artifact precedence applies."
OPERATIONAL_ENTITY,HDD|Organic|Basilisk|Forest,HDD,HDD - Basilisk,Organic,Basilisk,,,Forest,Forest,,,namp133,HDD - Basilisk,Basilisk,Forest,namp133,TRUE,TRUE,TRUE,TRUE,TRUE,PREPARED_ACTUALS_AND_FORECASTS,OPERATIONAL_SOURCE_PRECEDENCE,,v6_17_viewer_dropdown_metadata.csv + v6_17_forecast_dropdown_metadata.csv,"V6.17 artifact is operational; the Master Catalog marks the serving view empty, so governed prepared-artifact precedence applies."
OPERATIONAL_ENTITY,HDD|Organic|Basilisk|Forest,HDD,HDD - Basilisk,Organic,Basilisk,,,Forest,Forest,,,namp134,HDD - Basilisk,Basilisk,Forest,namp134,TRUE,TRUE,TRUE,TRUE,TRUE,PREPARED_ACTUALS_AND_FORECASTS,OPERATIONAL_SOURCE_PRECEDENCE,,v6_17_viewer_dropdown_metadata.csv + v6_17_forecast_dropdown_metadata.csv,"V6.17 artifact is operational; the Master Catalog marks the serving view empty, so governed prepared-artifact precedence applies."
OPERATIONAL_ENTITY,HDD|Organic|Basilisk|Forest,HDD,HDD - Basilisk,Organic,Basilisk,,,Forest,Forest,,,namp135,HDD - Basilisk,Basilisk,Forest,namp135,TRUE,TRUE,TRUE,TRUE,TRUE,PREPARED_ACTUALS_AND_FORECASTS,OPERATIONAL_SOURCE_PRECEDENCE,,v6_17_viewer_dropdown_metadata.csv + v6_17_forecast_dropdown_metadata.csv,"V6.17 artifact is operational; the Master Catalog marks the serving view empty, so governed prepared-artifact precedence applies."
OPERATIONAL_ENTITY,HDD|Organic|Basilisk|Forest,HDD,HDD - Basilisk,Organic,Basilisk,,,Forest,Forest,,,namp136,HDD - Basilisk,Basilisk,Forest,namp136,TRUE,TRUE,TRUE,TRUE,TRUE,PREPARED_ACTUALS_AND_FORECASTS,OPERATIONAL_SOURCE_PRECEDENCE,,v6_17_viewer_dropdown_metadata.csv + v6_17_forecast_dropdown_metadata.csv,"V6.17 artifact is operational; the Master Catalog marks the serving view empty, so governed prepared-artifact precedence applies."
OPERATIONAL_ENTITY,HDD|Organic|Basilisk|Forest,HDD,HDD - Basilisk,Organic,Basilisk,,,Forest,Forest,,,namp154,HDD - Basilisk,Basilisk,Forest,namp154,TRUE,TRUE,TRUE,TRUE,TRUE,PREPARED_ACTUALS_AND_FORECASTS,OPERATIONAL_SOURCE_PRECEDENCE,,v6_17_viewer_dropdown_metadata.csv + v6_17_forecast_dropdown_metadata.csv,"V6.17 artifact is operational; the Master Catalog marks the serving view empty, so governed prepared-artifact precedence applies."
OPERATIONAL_ENTITY,HDD|Organic|Basilisk|Forest,HDD,HDD - Basilisk,Organic,Basilisk,,,Forest,Forest,,,namp157,HDD - Basilisk,Basilisk,Forest,namp157,TRUE,TRUE,TRUE,TRUE,TRUE,PREPARED_ACTUALS_AND_FORECASTS,OPERATIONAL_SOURCE_PRECEDENCE,,v6_17_viewer_dropdown_metadata.csv + v6_17_forecast_dropdown_metadata.csv,"V6.17 artifact is operational; the Master Catalog marks the serving view empty, so governed prepared-artifact precedence applies."
OPERATIONAL_ENTITY,HDD|Organic|Basilisk|Forest,HDD,HDD - Basilisk,Organic,Basilisk,,,Forest,Forest,,,namp158,HDD - Basilisk,Basilisk,Forest,namp158,TRUE,TRUE,TRUE,TRUE,TRUE,PREPARED_ACTUALS_AND_FORECASTS,OPERATIONAL_SOURCE_PRECEDENCE,,v6_17_viewer_dropdown_metadata.csv + v6_17_forecast_dropdown_metadata.csv,"V6.17 artifact is operational; the Master Catalog marks the serving view empty, so governed prepared-artifact precedence applies."
OPERATIONAL_ENTITY,HDD|Organic|Basilisk|Forest,HDD,HDD - Basilisk,Organic,Basilisk,,,Forest,Forest,,,namp159,HDD - Basilisk,Basilisk,Forest,namp159,TRUE,TRUE,TRUE,TRUE,TRUE,PREPARED_ACTUALS_AND_FORECASTS,OPERATIONAL_SOURCE_PRECEDENCE,,v6_17_viewer_dropdown_metadata.csv + v6_17_forecast_dropdown_metadata.csv,"V6.17 artifact is operational; the Master Catalog marks the serving view empty, so governed prepared-artifact precedence applies."
OPERATIONAL_ENTITY,HDD|Organic|Basilisk|Forest,HDD,HDD - Basilisk,Organic,Basilisk,,,Forest,Forest,,,namp161,HDD - Basilisk,Basilisk,Forest,namp161,TRUE,TRUE,TRUE,TRUE,TRUE,PREPARED_ACTUALS_AND_FORECASTS,OPERATIONAL_SOURCE_PRECEDENCE,,v6_17_viewer_dropdown_metadata.csv + v6_17_forecast_dropdown_metadata.csv,"V6.17 artifact is operational; the Master Catalog marks the serving view empty, so governed prepared-artifact precedence applies."
OPERATIONAL_ENTITY,HDD|Organic|Basilisk|Forest,HDD,HDD - Basilisk,Organic,Basilisk,,,Forest,Forest,,,namp162,HDD - Basilisk,Basilisk,Forest,namp162,TRUE,TRUE,TRUE,TRUE,TRUE,PREPARED_ACTUALS_AND_FORECASTS,OPERATIONAL_SOURCE_PRECEDENCE,,v6_17_viewer_dropdown_metadata.csv + v6_17_forecast_dropdown_metadata.csv,"V6.17 artifact is operational; the Master Catalog marks the serving view empty, so governed prepared-artifact precedence applies."
OPERATIONAL_ENTITY,HDD|Organic|Basilisk|Forest,HDD,HDD - Basilisk,Organic,Basilisk,,,Forest,Forest,,,namp163,HDD - Basilisk,Basilisk,Forest,namp163,TRUE,TRUE,TRUE,TRUE,TRUE,PREPARED_ACTUALS_AND_FORECASTS,OPERATIONAL_SOURCE_PRECEDENCE,,v6_17_viewer_dropdown_metadata.csv + v6_17_forecast_dropdown_metadata.csv,"V6.17 artifact is operational; the Master Catalog marks the serving view empty, so governed prepared-artifact precedence applies."
OPERATIONAL_ENTITY,HDD|Organic|Basilisk|Forest,HDD,HDD - Basilisk,Organic,Basilisk,,,Forest,Forest,,,namp164,HDD - Basilisk,Basilisk,Forest,namp164,TRUE,TRUE,TRUE,TRUE,TRUE,PREPARED_ACTUALS_AND_FORECASTS,OPERATIONAL_SOURCE_PRECEDENCE,,v6_17_viewer_dropdown_metadata.csv + v6_17_forecast_dropdown_metadata.csv,"V6.17 artifact is operational; the Master Catalog marks the serving view empty, so governed prepared-artifact precedence applies."
OPERATIONAL_ENTITY,HDD|Organic|Basilisk|Forest,HDD,HDD - Basilisk,Organic,Basilisk,,,Forest,Forest,,,namp166,HDD - Basilisk,Basilisk,Forest,namp166,TRUE,TRUE,TRUE,TRUE,TRUE,PREPARED_ACTUALS_AND_FORECASTS,OPERATIONAL_SOURCE_PRECEDENCE,,v6_17_viewer_dropdown_metadata.csv + v6_17_forecast_dropdown_metadata.csv,"V6.17 artifact is operational; the Master Catalog marks the serving view empty, so governed prepared-artifact precedence applies."
OPERATIONAL_ENTITY,HDD|Organic|Basilisk|Forest,HDD,HDD - Basilisk,Organic,Basilisk,,,Forest,Forest,,,namp167,HDD - Basilisk,Basilisk,Forest,namp167,TRUE,TRUE,TRUE,TRUE,TRUE,PREPARED_ACTUALS_AND_FORECASTS,OPERATIONAL_SOURCE_PRECEDENCE,,v6_17_viewer_dropdown_metadata.csv + v6_17_forecast_dropdown_metadata.csv,"V6.17 artifact is operational; the Master Catalog marks the serving view empty, so governed prepared-artifact precedence applies."
OPERATIONAL_ENTITY,HDD|Organic|Basilisk|Forest,HDD,HDD - Basilisk,Organic,Basilisk,,,Forest,Forest,,,namp169,HDD - Basilisk,Basilisk,Forest,namp169,TRUE,TRUE,TRUE,TRUE,TRUE,PREPARED_ACTUALS_AND_FORECASTS,OPERATIONAL_SOURCE_PRECEDENCE,,v6_17_viewer_dropdown_metadata.csv + v6_17_forecast_dropdown_metadata.csv,"V6.17 artifact is operational; the Master Catalog marks the serving view empty, so governed prepared-artifact precedence applies."
OPERATIONAL_ENTITY,HDD|Organic|Basilisk|Forest,HDD,HDD - Basilisk,Organic,Basilisk,,,Forest,Forest,,,namp170,HDD - Basilisk,Basilisk,Forest,namp170,TRUE,TRUE,TRUE,TRUE,TRUE,PREPARED_ACTUALS_AND_FORECASTS,OPERATIONAL_SOURCE_PRECEDENCE,,v6_17_viewer_dropdown_metadata.csv + v6_17_forecast_dropdown_metadata.csv,"V6.17 artifact is operational; the Master Catalog marks the serving view empty, so governed prepared-artifact precedence applies."
OPERATIONAL_ENTITY,HDD|Organic|Basilisk|Forest,HDD,HDD - Basilisk,Organic,Basilisk,,,Forest,Forest,,,namp171,HDD - Basilisk,Basilisk,Forest,namp171,TRUE,TRUE,TRUE,TRUE,TRUE,PREPARED_ACTUALS_AND_FORECASTS,OPERATIONAL_SOURCE_PRECEDENCE,,v6_17_viewer_dropdown_metadata.csv + v6_17_forecast_dropdown_metadata.csv,"V6.17 artifact is operational; the Master Catalog marks the serving view empty, so governed prepared-artifact precedence applies."
OPERATIONAL_ENTITY,HDD|Organic|Basilisk|Forest,HDD,HDD - Basilisk,Organic,Basilisk,,,Forest,Forest,,,namp172,HDD - Basilisk,Basilisk,Forest,namp172,TRUE,TRUE,TRUE,TRUE,TRUE,PREPARED_ACTUALS_AND_FORECASTS,OPERATIONAL_SOURCE_PRECEDENCE,,v6_17_viewer_dropdown_metadata.csv + v6_17_forecast_dropdown_metadata.csv,"V6.17 artifact is operational; the Master Catalog marks the serving view empty, so governed prepared-artifact precedence applies."
OPERATIONAL_ENTITY,HDD|Organic|Basilisk|Forest,HDD,HDD - Basilisk,Organic,Basilisk,,,Forest,Forest,,,namp173,HDD - Basilisk,Basilisk,Forest,namp173,TRUE,TRUE,TRUE,TRUE,TRUE,PREPARED_ACTUALS_AND_FORECASTS,OPERATIONAL_SOURCE_PRECEDENCE,,v6_17_viewer_dropdown_metadata.csv + v6_17_forecast_dropdown_metadata.csv,"V6.17 artifact is operational; the Master Catalog marks the serving view empty, so governed prepared-artifact precedence applies."
OPERATIONAL_ENTITY,HDD|Organic|Basilisk|Forest,HDD,HDD - Basilisk,Organic,Basilisk,,,Forest,Forest,,,namp197,HDD - Basilisk,Basilisk,Forest,namp197,TRUE,TRUE,TRUE,TRUE,TRUE,PREPARED_ACTUALS_AND_FORECASTS,OPERATIONAL_SOURCE_PRECEDENCE,,v6_17_viewer_dropdown_metadata.csv + v6_17_forecast_dropdown_metadata.csv,"V6.17 artifact is operational; the Master Catalog marks the serving view empty, so governed prepared-artifact precedence applies."
OPERATIONAL_ENTITY,HDD|Organic|Basilisk|Forest,HDD,HDD - Basilisk,Organic,Basilisk,,,Forest,Forest,,,namp220,HDD - Basilisk,Basilisk,Forest,namp220,TRUE,TRUE,TRUE,TRUE,TRUE,PREPARED_ACTUALS_AND_FORECASTS,OPERATIONAL_SOURCE_PRECEDENCE,,v6_17_viewer_dropdown_metadata.csv + v6_17_forecast_dropdown_metadata.csv,"V6.17 artifact is operational; the Master Catalog marks the serving view empty, so governed prepared-artifact precedence applies."
OPERATIONAL_ENTITY,HDD|Organic|Basilisk|Forest,HDD,HDD - Basilisk,Organic,Basilisk,,,Forest,Forest,,,namp221,HDD - Basilisk,Basilisk,Forest,namp221,TRUE,TRUE,TRUE,TRUE,TRUE,PREPARED_ACTUALS_AND_FORECASTS,OPERATIONAL_SOURCE_PRECEDENCE,,v6_17_viewer_dropdown_metadata.csv + v6_17_forecast_dropdown_metadata.csv,"V6.17 artifact is operational; the Master Catalog marks the serving view empty, so governed prepared-artifact precedence applies."
OPERATIONAL_ENTITY,HDD|Organic|Basilisk|Forest,HDD,HDD - Basilisk,Organic,Basilisk,,,Forest,Forest,,,namp222,HDD - Basilisk,Basilisk,Forest,namp222,TRUE,TRUE,TRUE,TRUE,TRUE,PREPARED_ACTUALS_AND_FORECASTS,OPERATIONAL_SOURCE_PRECEDENCE,,v6_17_viewer_dropdown_metadata.csv + v6_17_forecast_dropdown_metadata.csv,"V6.17 artifact is operational; the Master Catalog marks the serving view empty, so governed prepared-artifact precedence applies."
OPERATIONAL_ENTITY,HDD|Organic|Basilisk|Forest,HDD,HDD - Basilisk,Organic,Basilisk,,,Forest,Forest,,,namp223,HDD - Basilisk,Basilisk,Forest,namp223,TRUE,TRUE,TRUE,TRUE,TRUE,PREPARED_ACTUALS_AND_FORECASTS,OPERATIONAL_SOURCE_PRECEDENCE,,v6_17_viewer_dropdown_metadata.csv + v6_17_forecast_dropdown_metadata.csv,"V6.17 artifact is operational; the Master Catalog marks the serving view empty, so governed prepared-artifact precedence applies."
OPERATIONAL_ENTITY,HDD|Organic|Basilisk|Forest,HDD,HDD - Basilisk,Organic,Basilisk,,,Forest,Forest,,,namp283,HDD - Basilisk,Basilisk,Forest,namp283,TRUE,TRUE,TRUE,TRUE,TRUE,PREPARED_ACTUALS_AND_FORECASTS,OPERATIONAL_SOURCE_PRECEDENCE,,v6_17_viewer_dropdown_metadata.csv + v6_17_forecast_dropdown_metadata.csv,"V6.17 artifact is operational; the Master Catalog marks the serving view empty, so governed prepared-artifact precedence applies."
OPERATIONAL_ENTITY,HDD|Organic|Basilisk|Forest,HDD,HDD - Basilisk,Organic,Basilisk,,,Forest,Forest,,,namprd00,HDD - Basilisk,Basilisk,Forest,namprd00,TRUE,TRUE,TRUE,TRUE,TRUE,PREPARED_ACTUALS_AND_FORECASTS,OPERATIONAL_SOURCE_PRECEDENCE,,v6_17_viewer_dropdown_metadata.csv + v6_17_forecast_dropdown_metadata.csv,"V6.17 artifact is operational; the Master Catalog marks the serving view empty, so governed prepared-artifact precedence applies."
OPERATIONAL_ENTITY,HDD|Organic|Basilisk|Forest,HDD,HDD - Basilisk,Organic,Basilisk,,,Forest,Forest,,,namprd02,HDD - Basilisk,Basilisk,Forest,namprd02,TRUE,TRUE,TRUE,TRUE,TRUE,PREPARED_ACTUALS_AND_FORECASTS,OPERATIONAL_SOURCE_PRECEDENCE,,v6_17_viewer_dropdown_metadata.csv + v6_17_forecast_dropdown_metadata.csv,"V6.17 artifact is operational; the Master Catalog marks the serving view empty, so governed prepared-artifact precedence applies."
OPERATIONAL_ENTITY,HDD|Organic|Basilisk|Forest,HDD,HDD - Basilisk,Organic,Basilisk,,,Forest,Forest,,,namprd03,HDD - Basilisk,Basilisk,Forest,namprd03,TRUE,TRUE,TRUE,TRUE,TRUE,PREPARED_ACTUALS_AND_FORECASTS,OPERATIONAL_SOURCE_PRECEDENCE,,v6_17_viewer_dropdown_metadata.csv + v6_17_forecast_dropdown_metadata.csv,"V6.17 artifact is operational; the Master Catalog marks the serving view empty, so governed prepared-artifact precedence applies."
OPERATIONAL_ENTITY,HDD|Organic|Basilisk|Forest,HDD,HDD - Basilisk,Organic,Basilisk,,,Forest,Forest,,,namprd04,HDD - Basilisk,Basilisk,Forest,namprd04,TRUE,TRUE,TRUE,TRUE,TRUE,PREPARED_ACTUALS_AND_FORECASTS,OPERATIONAL_SOURCE_PRECEDENCE,,v6_17_viewer_dropdown_metadata.csv + v6_17_forecast_dropdown_metadata.csv,"V6.17 artifact is operational; the Master Catalog marks the serving view empty, so governed prepared-artifact precedence applies."
OPERATIONAL_ENTITY,HDD|Organic|Basilisk|Forest,HDD,HDD - Basilisk,Organic,Basilisk,,,Forest,Forest,,,namprd05,HDD - Basilisk,Basilisk,Forest,namprd05,TRUE,TRUE,TRUE,TRUE,TRUE,PREPARED_ACTUALS_AND_FORECASTS,OPERATIONAL_SOURCE_PRECEDENCE,,v6_17_viewer_dropdown_metadata.csv + v6_17_forecast_dropdown_metadata.csv,"V6.17 artifact is operational; the Master Catalog marks the serving view empty, so governed prepared-artifact precedence applies."
OPERATIONAL_ENTITY,HDD|Organic|Basilisk|Forest,HDD,HDD - Basilisk,Organic,Basilisk,,,Forest,Forest,,,namprd06,HDD - Basilisk,Basilisk,Forest,namprd06,TRUE,TRUE,TRUE,TRUE,TRUE,PREPARED_ACTUALS_AND_FORECASTS,OPERATIONAL_SOURCE_PRECEDENCE,,v6_17_viewer_dropdown_metadata.csv + v6_17_forecast_dropdown_metadata.csv,"V6.17 artifact is operational; the Master Catalog marks the serving view empty, so governed prepared-artifact precedence applies."
OPERATIONAL_ENTITY,HDD|Organic|Basilisk|Forest,HDD,HDD - Basilisk,Organic,Basilisk,,,Forest,Forest,,,namprd07,HDD - Basilisk,Basilisk,Forest,namprd07,TRUE,TRUE,TRUE,TRUE,TRUE,PREPARED_ACTUALS_AND_FORECASTS,OPERATIONAL_SOURCE_PRECEDENCE,,v6_17_viewer_dropdown_metadata.csv + v6_17_forecast_dropdown_metadata.csv,"V6.17 artifact is operational; the Master Catalog marks the serving view empty, so governed prepared-artifact precedence applies."
OPERATIONAL_ENTITY,HDD|Organic|Basilisk|Forest,HDD,HDD - Basilisk,Organic,Basilisk,,,Forest,Forest,,,namprd08,HDD - Basilisk,Basilisk,Forest,namprd08,TRUE,TRUE,TRUE,TRUE,TRUE,PREPARED_ACTUALS_AND_FORECASTS,OPERATIONAL_SOURCE_PRECEDENCE,,v6_17_viewer_dropdown_metadata.csv + v6_17_forecast_dropdown_metadata.csv,"V6.17 artifact is operational; the Master Catalog marks the serving view empty, so governed prepared-artifact precedence applies."
OPERATIONAL_ENTITY,HDD|Organic|Basilisk|Forest,HDD,HDD - Basilisk,Organic,Basilisk,,,Forest,Forest,,,namprd09,HDD - Basilisk,Basilisk,Forest,namprd09,TRUE,TRUE,TRUE,TRUE,TRUE,PREPARED_ACTUALS_AND_FORECASTS,OPERATIONAL_SOURCE_PRECEDENCE,,v6_17_viewer_dropdown_metadata.csv + v6_17_forecast_dropdown_metadata.csv,"V6.17 artifact is operational; the Master Catalog marks the serving view empty, so governed prepared-artifact precedence applies."
OPERATIONAL_ENTITY,HDD|Organic|Basilisk|Forest,HDD,HDD - Basilisk,Organic,Basilisk,,,Forest,Forest,,,namprd10,HDD - Basilisk,Basilisk,Forest,namprd10,TRUE,TRUE,TRUE,TRUE,TRUE,PREPARED_ACTUALS_AND_FORECASTS,OPERATIONAL_SOURCE_PRECEDENCE,,v6_17_viewer_dropdown_metadata.csv + v6_17_forecast_dropdown_metadata.csv,"V6.17 artifact is operational; the Master Catalog marks the serving view empty, so governed prepared-artifact precedence applies."
OPERATIONAL_ENTITY,HDD|Organic|Basilisk|Forest,HDD,HDD - Basilisk,Organic,Basilisk,,,Forest,Forest,,,namprd11,HDD - Basilisk,Basilisk,Forest,namprd11,TRUE,TRUE,TRUE,TRUE,TRUE,PREPARED_ACTUALS_AND_FORECASTS,OPERATIONAL_SOURCE_PRECEDENCE,,v6_17_viewer_dropdown_metadata.csv + v6_17_forecast_dropdown_metadata.csv,"V6.17 artifact is operational; the Master Catalog marks the serving view empty, so governed prepared-artifact precedence applies."
OPERATIONAL_ENTITY,HDD|Organic|Basilisk|Forest,HDD,HDD - Basilisk,Organic,Basilisk,,,Forest,Forest,,,namprd12,HDD - Basilisk,Basilisk,Forest,namprd12,TRUE,TRUE,TRUE,TRUE,TRUE,PREPARED_ACTUALS_AND_FORECASTS,OPERATIONAL_SOURCE_PRECEDENCE,,v6_17_viewer_dropdown_metadata.csv + v6_17_forecast_dropdown_metadata.csv,"V6.17 artifact is operational; the Master Catalog marks the serving view empty, so governed prepared-artifact precedence applies."
OPERATIONAL_ENTITY,HDD|Organic|Basilisk|Forest,HDD,HDD - Basilisk,Organic,Basilisk,,,Forest,Forest,,,namprd13,HDD - Basilisk,Basilisk,Forest,namprd13,TRUE,TRUE,TRUE,TRUE,TRUE,PREPARED_ACTUALS_AND_FORECASTS,OPERATIONAL_SOURCE_PRECEDENCE,,v6_17_viewer_dropdown_metadata.csv + v6_17_forecast_dropdown_metadata.csv,"V6.17 artifact is operational; the Master Catalog marks the serving view empty, so governed prepared-artifact precedence applies."
OPERATIONAL_ENTITY,HDD|Organic|Basilisk|Forest,HDD,HDD - Basilisk,Organic,Basilisk,,,Forest,Forest,,,namprd14,HDD - Basilisk,Basilisk,Forest,namprd14,TRUE,TRUE,TRUE,TRUE,TRUE,PREPARED_ACTUALS_AND_FORECASTS,OPERATIONAL_SOURCE_PRECEDENCE,,v6_17_viewer_dropdown_metadata.csv + v6_17_forecast_dropdown_metadata.csv,"V6.17 artifact is operational; the Master Catalog marks the serving view empty, so governed prepared-artifact precedence applies."
OPERATIONAL_ENTITY,HDD|Organic|Basilisk|Forest,HDD,HDD - Basilisk,Organic,Basilisk,,,Forest,Forest,,,namprd15,HDD - Basilisk,Basilisk,Forest,namprd15,TRUE,TRUE,TRUE,TRUE,TRUE,PREPARED_ACTUALS_AND_FORECASTS,OPERATIONAL_SOURCE_PRECEDENCE,,v6_17_viewer_dropdown_metadata.csv + v6_17_forecast_dropdown_metadata.csv,"V6.17 artifact is operational; the Master Catalog marks the serving view empty, so governed prepared-artifact precedence applies."
OPERATIONAL_ENTITY,HDD|Organic|Basilisk|Forest,HDD,HDD - Basilisk,Organic,Basilisk,,,Forest,Forest,,,namprd16,HDD - Basilisk,Basilisk,Forest,namprd16,TRUE,TRUE,TRUE,TRUE,TRUE,PREPARED_ACTUALS_AND_FORECASTS,OPERATIONAL_SOURCE_PRECEDENCE,,v6_17_viewer_dropdown_metadata.csv + v6_17_forecast_dropdown_metadata.csv,"V6.17 artifact is operational; the Master Catalog marks the serving view empty, so governed prepared-artifact precedence applies."
OPERATIONAL_ENTITY,HDD|Organic|Basilisk|Forest,HDD,HDD - Basilisk,Organic,Basilisk,,,Forest,Forest,,,namprd17,HDD - Basilisk,Basilisk,Forest,namprd17,TRUE,TRUE,TRUE,TRUE,TRUE,PREPARED_ACTUALS_AND_FORECASTS,OPERATIONAL_SOURCE_PRECEDENCE,,v6_17_viewer_dropdown_metadata.csv + v6_17_forecast_dropdown_metadata.csv,"V6.17 artifact is operational; the Master Catalog marks the serving view empty, so governed prepared-artifact precedence applies."
OPERATIONAL_ENTITY,HDD|Organic|Basilisk|Forest,HDD,HDD - Basilisk,Organic,Basilisk,,,Forest,Forest,,,namprd18,HDD - Basilisk,Basilisk,Forest,namprd18,TRUE,TRUE,TRUE,TRUE,TRUE,PREPARED_ACTUALS_AND_FORECASTS,OPERATIONAL_SOURCE_PRECEDENCE,,v6_17_viewer_dropdown_metadata.csv + v6_17_forecast_dropdown_metadata.csv,"V6.17 artifact is operational; the Master Catalog marks the serving view empty, so governed prepared-artifact precedence applies."
OPERATIONAL_ENTITY,HDD|Organic|Basilisk|Forest,HDD,HDD - Basilisk,Organic,Basilisk,,,Forest,Forest,,,namprd19,HDD - Basilisk,Basilisk,Forest,namprd19,TRUE,TRUE,TRUE,TRUE,TRUE,PREPARED_ACTUALS_AND_FORECASTS,OPERATIONAL_SOURCE_PRECEDENCE,,v6_17_viewer_dropdown_metadata.csv + v6_17_forecast_dropdown_metadata.csv,"V6.17 artifact is operational; the Master Catalog marks the serving view empty, so governed prepared-artifact precedence applies."
OPERATIONAL_ENTITY,HDD|Organic|Basilisk|Forest,HDD,HDD - Basilisk,Organic,Basilisk,,,Forest,Forest,,,namprd20,HDD - Basilisk,Basilisk,Forest,namprd20,TRUE,TRUE,TRUE,TRUE,TRUE,PREPARED_ACTUALS_AND_FORECASTS,OPERATIONAL_SOURCE_PRECEDENCE,,v6_17_viewer_dropdown_metadata.csv + v6_17_forecast_dropdown_metadata.csv,"V6.17 artifact is operational; the Master Catalog marks the serving view empty, so governed prepared-artifact precedence applies."
OPERATIONAL_ENTITY,HDD|Organic|Basilisk|Forest,HDD,HDD - Basilisk,Organic,Basilisk,,,Forest,Forest,,,namprd21,HDD - Basilisk,Basilisk,Forest,namprd21,TRUE,TRUE,TRUE,TRUE,TRUE,PREPARED_ACTUALS_AND_FORECASTS,OPERATIONAL_SOURCE_PRECEDENCE,,v6_17_viewer_dropdown_metadata.csv + v6_17_forecast_dropdown_metadata.csv,"V6.17 artifact is operational; the Master Catalog marks the serving view empty, so governed prepared-artifact precedence applies."
OPERATIONAL_ENTITY,HDD|Organic|Basilisk|Forest,HDD,HDD - Basilisk,Organic,Basilisk,,,Forest,Forest,,,namprd22,HDD - Basilisk,Basilisk,Forest,namprd22,TRUE,TRUE,TRUE,TRUE,TRUE,PREPARED_ACTUALS_AND_FORECASTS,OPERATIONAL_SOURCE_PRECEDENCE,,v6_17_viewer_dropdown_metadata.csv + v6_17_forecast_dropdown_metadata.csv,"V6.17 artifact is operational; the Master Catalog marks the serving view empty, so governed prepared-artifact precedence applies."
OPERATIONAL_ENTITY,HDD|Organic|Basilisk|Forest,HDD,HDD - Basilisk,Organic,Basilisk,,,Forest,Forest,,,namprd84,HDD - Basilisk,Basilisk,Forest,namprd84,TRUE,TRUE,TRUE,TRUE,TRUE,PREPARED_ACTUALS_AND_FORECASTS,OPERATIONAL_SOURCE_PRECEDENCE,,v6_17_viewer_dropdown_metadata.csv + v6_17_forecast_dropdown_metadata.csv,"V6.17 artifact is operational; the Master Catalog marks the serving view empty, so governed prepared-artifact precedence applies."
OPERATIONAL_ENTITY,HDD|Organic|Basilisk|Forest,HDD,HDD - Basilisk,Organic,Basilisk,,,Forest,Forest,,,namprd85,HDD - Basilisk,Basilisk,Forest,namprd85,TRUE,TRUE,TRUE,TRUE,TRUE,PREPARED_ACTUALS_AND_FORECASTS,OPERATIONAL_SOURCE_PRECEDENCE,,v6_17_viewer_dropdown_metadata.csv + v6_17_forecast_dropdown_metadata.csv,"V6.17 artifact is operational; the Master Catalog marks the serving view empty, so governed prepared-artifact precedence applies."
OPERATIONAL_ENTITY,HDD|Organic|Basilisk|Forest,HDD,HDD - Basilisk,Organic,Basilisk,,,Forest,Forest,,,norp279,HDD - Basilisk,Basilisk,Forest,norp279,TRUE,TRUE,TRUE,TRUE,TRUE,PREPARED_ACTUALS_AND_FORECASTS,OPERATIONAL_SOURCE_PRECEDENCE,,v6_17_viewer_dropdown_metadata.csv + v6_17_forecast_dropdown_metadata.csv,"V6.17 artifact is operational; the Master Catalog marks the serving view empty, so governed prepared-artifact precedence applies."
OPERATIONAL_ENTITY,HDD|Organic|Basilisk|Forest,HDD,HDD - Basilisk,Organic,Basilisk,,,Forest,Forest,,,nzlp299,HDD - Basilisk,Basilisk,Forest,nzlp299,TRUE,TRUE,TRUE,TRUE,TRUE,PREPARED_ACTUALS_AND_FORECASTS,OPERATIONAL_SOURCE_PRECEDENCE,,v6_17_viewer_dropdown_metadata.csv + v6_17_forecast_dropdown_metadata.csv,"V6.17 artifact is operational; the Master Catalog marks the serving view empty, so governed prepared-artifact precedence applies."
OPERATIONAL_ENTITY,HDD|Organic|Basilisk|Forest,HDD,HDD - Basilisk,Organic,Basilisk,,,Forest,Forest,,,polp291,HDD - Basilisk,Basilisk,Forest,polp291,TRUE,TRUE,TRUE,TRUE,TRUE,PREPARED_ACTUALS_AND_FORECASTS,OPERATIONAL_SOURCE_PRECEDENCE,,v6_17_viewer_dropdown_metadata.csv + v6_17_forecast_dropdown_metadata.csv,"V6.17 artifact is operational; the Master Catalog marks the serving view empty, so governed prepared-artifact precedence applies."
OPERATIONAL_ENTITY,HDD|Organic|Basilisk|Forest,HDD,HDD - Basilisk,Organic,Basilisk,,,Forest,Forest,,,qatp289,HDD - Basilisk,Basilisk,Forest,qatp289,TRUE,TRUE,TRUE,TRUE,TRUE,PREPARED_ACTUALS_AND_FORECASTS,OPERATIONAL_SOURCE_PRECEDENCE,,v6_17_viewer_dropdown_metadata.csv + v6_17_forecast_dropdown_metadata.csv,"V6.17 artifact is operational; the Master Catalog marks the serving view empty, so governed prepared-artifact precedence applies."
OPERATIONAL_ENTITY,HDD|Organic|Basilisk|Forest,HDD,HDD - Basilisk,Organic,Basilisk,,,Forest,Forest,,,sgpp274,HDD - Basilisk,Basilisk,Forest,sgpp274,TRUE,TRUE,TRUE,TRUE,TRUE,PREPARED_ACTUALS_AND_FORECASTS,OPERATIONAL_SOURCE_PRECEDENCE,,v6_17_viewer_dropdown_metadata.csv + v6_17_forecast_dropdown_metadata.csv,"V6.17 artifact is operational; the Master Catalog marks the serving view empty, so governed prepared-artifact precedence applies."
OPERATIONAL_ENTITY,HDD|Organic|Basilisk|Forest,HDD,HDD - Basilisk,Organic,Basilisk,,,Forest,Forest,,,swep280,HDD - Basilisk,Basilisk,Forest,swep280,TRUE,TRUE,TRUE,TRUE,TRUE,PREPARED_ACTUALS_AND_FORECASTS,OPERATIONAL_SOURCE_PRECEDENCE,,v6_17_viewer_dropdown_metadata.csv + v6_17_forecast_dropdown_metadata.csv,"V6.17 artifact is operational; the Master Catalog marks the serving view empty, so governed prepared-artifact precedence applies."
OPERATIONAL_ENTITY,HDD|Organic|Basilisk|Forest,HDD,HDD - Basilisk,Organic,Basilisk,,,Forest,Forest,,,twnp295,HDD - Basilisk,Basilisk,Forest,twnp295,TRUE,TRUE,TRUE,TRUE,TRUE,PREPARED_ACTUALS_AND_FORECASTS,OPERATIONAL_SOURCE_PRECEDENCE,,v6_17_viewer_dropdown_metadata.csv + v6_17_forecast_dropdown_metadata.csv,"V6.17 artifact is operational; the Master Catalog marks the serving view empty, so governed prepared-artifact precedence applies."
OPERATIONAL_ENTITY,HDD|Organic|Basilisk|Forest,HDD,HDD - Basilisk,Organic,Basilisk,,,Forest,Forest,,,zafp275,HDD - Basilisk,Basilisk,Forest,zafp275,TRUE,TRUE,TRUE,TRUE,TRUE,PREPARED_ACTUALS_AND_FORECASTS,OPERATIONAL_SOURCE_PRECEDENCE,,v6_17_viewer_dropdown_metadata.csv + v6_17_forecast_dropdown_metadata.csv,"V6.17 artifact is operational; the Master Catalog marks the serving view empty, so governed prepared-artifact precedence applies."
OPERATIONAL_ENTITY,HDD|Organic|Basilisk|Region,HDD,HDD - Basilisk,Organic,Basilisk,,,Region,Region,,,DNK-Go Local,HDD - Basilisk,Basilisk,Region,DNK-Go Local,TRUE,TRUE,TRUE,TRUE,TRUE,PREPARED_ACTUALS_AND_FORECASTS,OPERATIONAL_SOURCE_PRECEDENCE,,v6_17_viewer_dropdown_metadata.csv + v6_17_forecast_dropdown_metadata.csv,"V6.17 artifact is operational; the Master Catalog marks the serving view empty, so governed prepared-artifact precedence applies."
OPERATIONAL_ENTITY,HDD|Organic|Basilisk|Region,HDD,HDD - Basilisk,Organic,Basilisk,,,Region,Region,,,ESP-Go Local,HDD - Basilisk,Basilisk,Region,ESP-Go Local,TRUE,TRUE,TRUE,TRUE,TRUE,PREPARED_ACTUALS_AND_FORECASTS,OPERATIONAL_SOURCE_PRECEDENCE,,v6_17_viewer_dropdown_metadata.csv + v6_17_forecast_dropdown_metadata.csv,"V6.17 artifact is operational; the Master Catalog marks the serving view empty, so governed prepared-artifact precedence applies."
OPERATIONAL_ENTITY,HDD|Organic|Basilisk|Region,HDD,HDD - Basilisk,Organic,Basilisk,,,Region,Region,,,EUR-Go Local,HDD - Basilisk,Basilisk,Region,EUR-Go Local,TRUE,TRUE,TRUE,TRUE,TRUE,PREPARED_ACTUALS_AND_FORECASTS,OPERATIONAL_SOURCE_PRECEDENCE,,v6_17_viewer_dropdown_metadata.csv + v6_17_forecast_dropdown_metadata.csv,"V6.17 artifact is operational; the Master Catalog marks the serving view empty, so governed prepared-artifact precedence applies."
OPERATIONAL_ENTITY,HDD|Organic|Basilisk|Region,HDD,HDD - Basilisk,Organic,Basilisk,,,Region,Region,,,GBR-Go Local,HDD - Basilisk,Basilisk,Region,GBR-Go Local,TRUE,TRUE,TRUE,TRUE,TRUE,PREPARED_ACTUALS_AND_FORECASTS,OPERATIONAL_SOURCE_PRECEDENCE,,v6_17_viewer_dropdown_metadata.csv + v6_17_forecast_dropdown_metadata.csv,"V6.17 artifact is operational; the Master Catalog marks the serving view empty, so governed prepared-artifact precedence applies."
OPERATIONAL_ENTITY,HDD|Organic|Basilisk|Region,HDD,HDD - Basilisk,Organic,Basilisk,,,Region,Region,,,ISR-Go Local,HDD - Basilisk,Basilisk,Region,ISR-Go Local,TRUE,TRUE,TRUE,TRUE,TRUE,PREPARED_ACTUALS_AND_FORECASTS,OPERATIONAL_SOURCE_PRECEDENCE,,v6_17_viewer_dropdown_metadata.csv + v6_17_forecast_dropdown_metadata.csv,"V6.17 artifact is operational; the Master Catalog marks the serving view empty, so governed prepared-artifact precedence applies."
OPERATIONAL_ENTITY,HDD|Organic|Basilisk|Region,HDD,HDD - Basilisk,Organic,Basilisk,,,Region,Region,,,ITA-Go Local,HDD - Basilisk,Basilisk,Region,ITA-Go Local,TRUE,TRUE,TRUE,TRUE,TRUE,PREPARED_ACTUALS_AND_FORECASTS,OPERATIONAL_SOURCE_PRECEDENCE,,v6_17_viewer_dropdown_metadata.csv + v6_17_forecast_dropdown_metadata.csv,"V6.17 artifact is operational; the Master Catalog marks the serving view empty, so governed prepared-artifact precedence applies."
OPERATIONAL_ENTITY,HDD|Organic|Basilisk|Region,HDD,HDD - Basilisk,Organic,Basilisk,,,Region,Region,,,MEX-Go Local,HDD - Basilisk,Basilisk,Region,MEX-Go Local,TRUE,TRUE,TRUE,TRUE,TRUE,PREPARED_ACTUALS_AND_FORECASTS,OPERATIONAL_SOURCE_PRECEDENCE,,v6_17_viewer_dropdown_metadata.csv + v6_17_forecast_dropdown_metadata.csv,"V6.17 artifact is operational; the Master Catalog marks the serving view empty, so governed prepared-artifact precedence applies."
OPERATIONAL_ENTITY,HDD|Organic|Basilisk|Region,HDD,HDD - Basilisk,Organic,Basilisk,,,Region,Region,,,POL-Go Local,HDD - Basilisk,Basilisk,Region,POL-Go Local,TRUE,TRUE,TRUE,TRUE,TRUE,PREPARED_ACTUALS_AND_FORECASTS,OPERATIONAL_SOURCE_PRECEDENCE,,v6_17_viewer_dropdown_metadata.csv + v6_17_forecast_dropdown_metadata.csv,"V6.17 artifact is operational; the Master Catalog marks the serving view empty, so governed prepared-artifact precedence applies."
OPERATIONAL_ENTITY,HDD|Organic|Basilisk|Region,HDD,HDD - Basilisk,Organic,Basilisk,,,Region,Region,,,apc-Dedicated,HDD - Basilisk,Basilisk,Region,apc-Dedicated,TRUE,TRUE,TRUE,TRUE,TRUE,PREPARED_ACTUALS_AND_FORECASTS,OPERATIONAL_SOURCE_PRECEDENCE,,v6_17_viewer_dropdown_metadata.csv + v6_17_forecast_dropdown_metadata.csv,"V6.17 artifact is operational; the Master Catalog marks the serving view empty, so governed prepared-artifact precedence applies."
OPERATIONAL_ENTITY,HDD|Organic|Basilisk|Region,HDD,HDD - Basilisk,Organic,Basilisk,,,Region,Region,,,apc-MSIT,HDD - Basilisk,Basilisk,Region,apc-MSIT,TRUE,TRUE,TRUE,TRUE,TRUE,PREPARED_ACTUALS_AND_FORECASTS,OPERATIONAL_SOURCE_PRECEDENCE,,v6_17_viewer_dropdown_metadata.csv + v6_17_forecast_dropdown_metadata.csv,"V6.17 artifact is operational; the Master Catalog marks the serving view empty, so governed prepared-artifact precedence applies."
OPERATIONAL_ENTITY,HDD|Organic|Basilisk|Region,HDD,HDD - Basilisk,Organic,Basilisk,,,Region,Region,,,apc-Multitenant,HDD - Basilisk,Basilisk,Region,apc-Multitenant,TRUE,TRUE,TRUE,TRUE,TRUE,PREPARED_ACTUALS_AND_FORECASTS,OPERATIONAL_SOURCE_PRECEDENCE,,v6_17_viewer_dropdown_metadata.csv + v6_17_forecast_dropdown_metadata.csv,"V6.17 artifact is operational; the Master Catalog marks the serving view empty, so governed prepared-artifact precedence applies."
OPERATIONAL_ENTITY,HDD|Organic|Basilisk|Region,HDD,HDD - Basilisk,Organic,Basilisk,,,Region,Region,,,are-Go Local,HDD - Basilisk,Basilisk,Region,are-Go Local,TRUE,TRUE,TRUE,TRUE,TRUE,PREPARED_ACTUALS_AND_FORECASTS,OPERATIONAL_SOURCE_PRECEDENCE,,v6_17_viewer_dropdown_metadata.csv + v6_17_forecast_dropdown_metadata.csv,"V6.17 artifact is operational; the Master Catalog marks the serving view empty, so governed prepared-artifact precedence applies."
OPERATIONAL_ENTITY,HDD|Organic|Basilisk|Region,HDD,HDD - Basilisk,Organic,Basilisk,,,Region,Region,,,aus-Go Local,HDD - Basilisk,Basilisk,Region,aus-Go Local,TRUE,TRUE,TRUE,TRUE,TRUE,PREPARED_ACTUALS_AND_FORECASTS,OPERATIONAL_SOURCE_PRECEDENCE,,v6_17_viewer_dropdown_metadata.csv + v6_17_forecast_dropdown_metadata.csv,"V6.17 artifact is operational; the Master Catalog marks the serving view empty, so governed prepared-artifact precedence applies."
OPERATIONAL_ENTITY,HDD|Organic|Basilisk|Region,HDD,HDD - Basilisk,Organic,Basilisk,,,Region,Region,,,aut-Go Local,HDD - Basilisk,Basilisk,Region,aut-Go Local,TRUE,TRUE,TRUE,TRUE,TRUE,PREPARED_ACTUALS_AND_FORECASTS,OPERATIONAL_SOURCE_PRECEDENCE,,v6_17_viewer_dropdown_metadata.csv + v6_17_forecast_dropdown_metadata.csv,"V6.17 artifact is operational; the Master Catalog marks the serving view empty, so governed prepared-artifact precedence applies."
OPERATIONAL_ENTITY,HDD|Organic|Basilisk|Region,HDD,HDD - Basilisk,Organic,Basilisk,,,Region,Region,,,bra-Go Local,HDD - Basilisk,Basilisk,Region,bra-Go Local,TRUE,TRUE,TRUE,TRUE,TRUE,PREPARED_ACTUALS_AND_FORECASTS,OPERATIONAL_SOURCE_PRECEDENCE,,v6_17_viewer_dropdown_metadata.csv + v6_17_forecast_dropdown_metadata.csv,"V6.17 artifact is operational; the Master Catalog marks the serving view empty, so governed prepared-artifact precedence applies."
OPERATIONAL_ENTITY,HDD|Organic|Basilisk|Region,HDD,HDD - Basilisk,Organic,Basilisk,,,Region,Region,,,can-Go Local,HDD - Basilisk,Basilisk,Region,can-Go Local,TRUE,TRUE,TRUE,TRUE,TRUE,PREPARED_ACTUALS_AND_FORECASTS,OPERATIONAL_SOURCE_PRECEDENCE,,v6_17_viewer_dropdown_metadata.csv + v6_17_forecast_dropdown_metadata.csv,"V6.17 artifact is operational; the Master Catalog marks the serving view empty, so governed prepared-artifact precedence applies."
OPERATIONAL_ENTITY,HDD|Organic|Basilisk|Region,HDD,HDD - Basilisk,Organic,Basilisk,,,Region,Region,,,che-Go Local,HDD - Basilisk,Basilisk,Region,che-Go Local,TRUE,TRUE,TRUE,TRUE,TRUE,PREPARED_ACTUALS_AND_FORECASTS,OPERATIONAL_SOURCE_PRECEDENCE,,v6_17_viewer_dropdown_metadata.csv + v6_17_forecast_dropdown_metadata.csv,"V6.17 artifact is operational; the Master Catalog marks the serving view empty, so governed prepared-artifact precedence applies."
OPERATIONAL_ENTITY,HDD|Organic|Basilisk|Region,HDD,HDD - Basilisk,Organic,Basilisk,,,Region,Region,,,chl-Go Local,HDD - Basilisk,Basilisk,Region,chl-Go Local,TRUE,TRUE,TRUE,TRUE,TRUE,PREPARED_ACTUALS_AND_FORECASTS,OPERATIONAL_SOURCE_PRECEDENCE,,v6_17_viewer_dropdown_metadata.csv + v6_17_forecast_dropdown_metadata.csv,"V6.17 artifact is operational; the Master Catalog marks the serving view empty, so governed prepared-artifact precedence applies."
OPERATIONAL_ENTITY,HDD|Organic|Basilisk|Region,HDD,HDD - Basilisk,Organic,Basilisk,,,Region,Region,,,chn-Gallatin,HDD - Basilisk,Basilisk,Region,chn-Gallatin,TRUE,TRUE,TRUE,TRUE,TRUE,PREPARED_ACTUALS_AND_FORECASTS,OPERATIONAL_SOURCE_PRECEDENCE,,v6_17_viewer_dropdown_metadata.csv + v6_17_forecast_dropdown_metadata.csv,"V6.17 artifact is operational; the Master Catalog marks the serving view empty, so governed prepared-artifact precedence applies."
OPERATIONAL_ENTITY,HDD|Organic|Basilisk|Region,HDD,HDD - Basilisk,Organic,Basilisk,,,Region,Region,,,deu-Go Local,HDD - Basilisk,Basilisk,Region,deu-Go Local,TRUE,TRUE,TRUE,TRUE,TRUE,PREPARED_ACTUALS_AND_FORECASTS,OPERATIONAL_SOURCE_PRECEDENCE,,v6_17_viewer_dropdown_metadata.csv + v6_17_forecast_dropdown_metadata.csv,"V6.17 artifact is operational; the Master Catalog marks the serving view empty, so governed prepared-artifact precedence applies."
OPERATIONAL_ENTITY,HDD|Organic|Basilisk|Region,HDD,HDD - Basilisk,Organic,Basilisk,,,Region,Region,,,eur-Dedicated,HDD - Basilisk,Basilisk,Region,eur-Dedicated,TRUE,TRUE,TRUE,TRUE,TRUE,PREPARED_ACTUALS_AND_FORECASTS,OPERATIONAL_SOURCE_PRECEDENCE,,v6_17_viewer_dropdown_metadata.csv + v6_17_forecast_dropdown_metadata.csv,"V6.17 artifact is operational; the Master Catalog marks the serving view empty, so governed prepared-artifact precedence applies."
OPERATIONAL_ENTITY,HDD|Organic|Basilisk|Region,HDD,HDD - Basilisk,Organic,Basilisk,,,Region,Region,,,eur-MSIT,HDD - Basilisk,Basilisk,Region,eur-MSIT,TRUE,TRUE,TRUE,TRUE,TRUE,PREPARED_ACTUALS_AND_FORECASTS,OPERATIONAL_SOURCE_PRECEDENCE,,v6_17_viewer_dropdown_metadata.csv + v6_17_forecast_dropdown_metadata.csv,"V6.17 artifact is operational; the Master Catalog marks the serving view empty, so governed prepared-artifact precedence applies."
OPERATIONAL_ENTITY,HDD|Organic|Basilisk|Region,HDD,HDD - Basilisk,Organic,Basilisk,,,Region,Region,,,eur-Multitenant,HDD - Basilisk,Basilisk,Region,eur-Multitenant,TRUE,TRUE,TRUE,TRUE,TRUE,PREPARED_ACTUALS_AND_FORECASTS,OPERATIONAL_SOURCE_PRECEDENCE,,v6_17_viewer_dropdown_metadata.csv + v6_17_forecast_dropdown_metadata.csv,"V6.17 artifact is operational; the Master Catalog marks the serving view empty, so governed prepared-artifact precedence applies."
OPERATIONAL_ENTITY,HDD|Organic|Basilisk|Region,HDD,HDD - Basilisk,Organic,Basilisk,,,Region,Region,,,fra-Go Local,HDD - Basilisk,Basilisk,Region,fra-Go Local,TRUE,TRUE,TRUE,TRUE,TRUE,PREPARED_ACTUALS_AND_FORECASTS,OPERATIONAL_SOURCE_PRECEDENCE,,v6_17_viewer_dropdown_metadata.csv + v6_17_forecast_dropdown_metadata.csv,"V6.17 artifact is operational; the Master Catalog marks the serving view empty, so governed prepared-artifact precedence applies."
OPERATIONAL_ENTITY,HDD|Organic|Basilisk|Region,HDD,HDD - Basilisk,Organic,Basilisk,,,Region,Region,,,gbr-Dedicated,HDD - Basilisk,Basilisk,Region,gbr-Dedicated,TRUE,TRUE,TRUE,TRUE,TRUE,PREPARED_ACTUALS_AND_FORECASTS,OPERATIONAL_SOURCE_PRECEDENCE,,v6_17_viewer_dropdown_metadata.csv + v6_17_forecast_dropdown_metadata.csv,"V6.17 artifact is operational; the Master Catalog marks the serving view empty, so governed prepared-artifact precedence applies."
OPERATIONAL_ENTITY,HDD|Organic|Basilisk|Region,HDD,HDD - Basilisk,Organic,Basilisk,,,Region,Region,,,gbr-Go Local,HDD - Basilisk,Basilisk,Region,gbr-Go Local,TRUE,TRUE,TRUE,TRUE,TRUE,PREPARED_ACTUALS_AND_FORECASTS,OPERATIONAL_SOURCE_PRECEDENCE,,v6_17_viewer_dropdown_metadata.csv + v6_17_forecast_dropdown_metadata.csv,"V6.17 artifact is operational; the Master Catalog marks the serving view empty, so governed prepared-artifact precedence applies."
OPERATIONAL_ENTITY,HDD|Organic|Basilisk|Region,HDD,HDD - Basilisk,Organic,Basilisk,,,Region,Region,,,idn-Go Local,HDD - Basilisk,Basilisk,Region,idn-Go Local,TRUE,TRUE,TRUE,TRUE,TRUE,PREPARED_ACTUALS_AND_FORECASTS,OPERATIONAL_SOURCE_PRECEDENCE,,v6_17_viewer_dropdown_metadata.csv + v6_17_forecast_dropdown_metadata.csv,"V6.17 artifact is operational; the Master Catalog marks the serving view empty, so governed prepared-artifact precedence applies."
OPERATIONAL_ENTITY,HDD|Organic|Basilisk|Region,HDD,HDD - Basilisk,Organic,Basilisk,,,Region,Region,,,ind-Go Local,HDD - Basilisk,Basilisk,Region,ind-Go Local,TRUE,TRUE,TRUE,TRUE,TRUE,PREPARED_ACTUALS_AND_FORECASTS,OPERATIONAL_SOURCE_PRECEDENCE,,v6_17_viewer_dropdown_metadata.csv + v6_17_forecast_dropdown_metadata.csv,"V6.17 artifact is operational; the Master Catalog marks the serving view empty, so governed prepared-artifact precedence applies."
OPERATIONAL_ENTITY,HDD|Organic|Basilisk|Region,HDD,HDD - Basilisk,Organic,Basilisk,,,Region,Region,,,jpn-Go Local,HDD - Basilisk,Basilisk,Region,jpn-Go Local,TRUE,TRUE,TRUE,TRUE,TRUE,PREPARED_ACTUALS_AND_FORECASTS,OPERATIONAL_SOURCE_PRECEDENCE,,v6_17_viewer_dropdown_metadata.csv + v6_17_forecast_dropdown_metadata.csv,"V6.17 artifact is operational; the Master Catalog marks the serving view empty, so governed prepared-artifact precedence applies."
OPERATIONAL_ENTITY,HDD|Organic|Basilisk|Region,HDD,HDD - Basilisk,Organic,Basilisk,,,Region,Region,,,kor-Go Local,HDD - Basilisk,Basilisk,Region,kor-Go Local,TRUE,TRUE,TRUE,TRUE,TRUE,PREPARED_ACTUALS_AND_FORECASTS,OPERATIONAL_SOURCE_PRECEDENCE,,v6_17_viewer_dropdown_metadata.csv + v6_17_forecast_dropdown_metadata.csv,"V6.17 artifact is operational; the Master Catalog marks the serving view empty, so governed prepared-artifact precedence applies."
OPERATIONAL_ENTITY,HDD|Organic|Basilisk|Region,HDD,HDD - Basilisk,Organic,Basilisk,,,Region,Region,,,lam-Multitenant,HDD - Basilisk,Basilisk,Region,lam-Multitenant,TRUE,TRUE,TRUE,TRUE,TRUE,PREPARED_ACTUALS_AND_FORECASTS,OPERATIONAL_SOURCE_PRECEDENCE,,v6_17_viewer_dropdown_metadata.csv + v6_17_forecast_dropdown_metadata.csv,"V6.17 artifact is operational; the Master Catalog marks the serving view empty, so governed prepared-artifact precedence applies."
OPERATIONAL_ENTITY,HDD|Organic|Basilisk|Region,HDD,HDD - Basilisk,Organic,Basilisk,,,Region,Region,,,mys-Go Local,HDD - Basilisk,Basilisk,Region,mys-Go Local,TRUE,TRUE,TRUE,TRUE,TRUE,PREPARED_ACTUALS_AND_FORECASTS,OPERATIONAL_SOURCE_PRECEDENCE,,v6_17_viewer_dropdown_metadata.csv + v6_17_forecast_dropdown_metadata.csv,"V6.17 artifact is operational; the Master Catalog marks the serving view empty, so governed prepared-artifact precedence applies."
OPERATIONAL_ENTITY,HDD|Organic|Basilisk|Region,HDD,HDD - Basilisk,Organic,Basilisk,,,Region,Region,,,nam-Dedicated,HDD - Basilisk,Basilisk,Region,nam-Dedicated,TRUE,TRUE,TRUE,TRUE,TRUE,PREPARED_ACTUALS_AND_FORECASTS,OPERATIONAL_SOURCE_PRECEDENCE,,v6_17_viewer_dropdown_metadata.csv + v6_17_forecast_dropdown_metadata.csv,"V6.17 artifact is operational; the Master Catalog marks the serving view empty, so governed prepared-artifact precedence applies."
OPERATIONAL_ENTITY,HDD|Organic|Basilisk|Region,HDD,HDD - Basilisk,Organic,Basilisk,,,Region,Region,,,nam-GCC Low,HDD - Basilisk,Basilisk,Region,nam-GCC Low,TRUE,TRUE,TRUE,TRUE,TRUE,PREPARED_ACTUALS_AND_FORECASTS,OPERATIONAL_SOURCE_PRECEDENCE,,v6_17_viewer_dropdown_metadata.csv + v6_17_forecast_dropdown_metadata.csv,"V6.17 artifact is operational; the Master Catalog marks the serving view empty, so governed prepared-artifact precedence applies."
OPERATIONAL_ENTITY,HDD|Organic|Basilisk|Region,HDD,HDD - Basilisk,Organic,Basilisk,,,Region,Region,,,nam-ITAR DoD,HDD - Basilisk,Basilisk,Region,nam-ITAR DoD,TRUE,TRUE,TRUE,TRUE,TRUE,PREPARED_ACTUALS_AND_FORECASTS,OPERATIONAL_SOURCE_PRECEDENCE,,v6_17_viewer_dropdown_metadata.csv + v6_17_forecast_dropdown_metadata.csv,"V6.17 artifact is operational; the Master Catalog marks the serving view empty, so governed prepared-artifact precedence applies."
OPERATIONAL_ENTITY,HDD|Organic|Basilisk|Region,HDD,HDD - Basilisk,Organic,Basilisk,,,Region,Region,,,nam-ITAR GCCH,HDD - Basilisk,Basilisk,Region,nam-ITAR GCCH,TRUE,TRUE,TRUE,TRUE,TRUE,PREPARED_ACTUALS_AND_FORECASTS,OPERATIONAL_SOURCE_PRECEDENCE,,v6_17_viewer_dropdown_metadata.csv + v6_17_forecast_dropdown_metadata.csv,"V6.17 artifact is operational; the Master Catalog marks the serving view empty, so governed prepared-artifact precedence applies."
OPERATIONAL_ENTITY,HDD|Organic|Basilisk|Region,HDD,HDD - Basilisk,Organic,Basilisk,,,Region,Region,,,nam-MSIT,HDD - Basilisk,Basilisk,Region,nam-MSIT,TRUE,TRUE,TRUE,TRUE,TRUE,PREPARED_ACTUALS_AND_FORECASTS,OPERATIONAL_SOURCE_PRECEDENCE,,v6_17_viewer_dropdown_metadata.csv + v6_17_forecast_dropdown_metadata.csv,"V6.17 artifact is operational; the Master Catalog marks the serving view empty, so governed prepared-artifact precedence applies."
OPERATIONAL_ENTITY,HDD|Organic|Basilisk|Region,HDD,HDD - Basilisk,Organic,Basilisk,,,Region,Region,,,nam-Multitenant,HDD - Basilisk,Basilisk,Region,nam-Multitenant,TRUE,TRUE,TRUE,TRUE,TRUE,PREPARED_ACTUALS_AND_FORECASTS,OPERATIONAL_SOURCE_PRECEDENCE,,v6_17_viewer_dropdown_metadata.csv + v6_17_forecast_dropdown_metadata.csv,"V6.17 artifact is operational; the Master Catalog marks the serving view empty, so governed prepared-artifact precedence applies."
OPERATIONAL_ENTITY,HDD|Organic|Basilisk|Region,HDD,HDD - Basilisk,Organic,Basilisk,,,Region,Region,,,nam-SDF,HDD - Basilisk,Basilisk,Region,nam-SDF,TRUE,TRUE,TRUE,TRUE,TRUE,PREPARED_ACTUALS_AND_FORECASTS,OPERATIONAL_SOURCE_PRECEDENCE,,v6_17_viewer_dropdown_metadata.csv + v6_17_forecast_dropdown_metadata.csv,"V6.17 artifact is operational; the Master Catalog marks the serving view empty, so governed prepared-artifact precedence applies."
OPERATIONAL_ENTITY,HDD|Organic|Basilisk|Region,HDD,HDD - Basilisk,Organic,Basilisk,,,Region,Region,,,nam-TDF,HDD - Basilisk,Basilisk,Region,nam-TDF,TRUE,TRUE,TRUE,TRUE,TRUE,PREPARED_ACTUALS_AND_FORECASTS,OPERATIONAL_SOURCE_PRECEDENCE,,v6_17_viewer_dropdown_metadata.csv + v6_17_forecast_dropdown_metadata.csv,"V6.17 artifact is operational; the Master Catalog marks the serving view empty, so governed prepared-artifact precedence applies."
OPERATIONAL_ENTITY,HDD|Organic|Basilisk|Region,HDD,HDD - Basilisk,Organic,Basilisk,,,Region,Region,,,nor-Go Local,HDD - Basilisk,Basilisk,Region,nor-Go Local,TRUE,TRUE,TRUE,TRUE,TRUE,PREPARED_ACTUALS_AND_FORECASTS,OPERATIONAL_SOURCE_PRECEDENCE,,v6_17_viewer_dropdown_metadata.csv + v6_17_forecast_dropdown_metadata.csv,"V6.17 artifact is operational; the Master Catalog marks the serving view empty, so governed prepared-artifact precedence applies."
OPERATIONAL_ENTITY,HDD|Organic|Basilisk|Region,HDD,HDD - Basilisk,Organic,Basilisk,,,Region,Region,,,nzl-Go Local,HDD - Basilisk,Basilisk,Region,nzl-Go Local,TRUE,TRUE,TRUE,TRUE,TRUE,PREPARED_ACTUALS_AND_FORECASTS,OPERATIONAL_SOURCE_PRECEDENCE,,v6_17_viewer_dropdown_metadata.csv + v6_17_forecast_dropdown_metadata.csv,"V6.17 artifact is operational; the Master Catalog marks the serving view empty, so governed prepared-artifact precedence applies."
OPERATIONAL_ENTITY,HDD|Organic|Basilisk|Region,HDD,HDD - Basilisk,Organic,Basilisk,,,Region,Region,,,qat-Go Local,HDD - Basilisk,Basilisk,Region,qat-Go Local,TRUE,TRUE,TRUE,TRUE,TRUE,PREPARED_ACTUALS_AND_FORECASTS,OPERATIONAL_SOURCE_PRECEDENCE,,v6_17_viewer_dropdown_metadata.csv + v6_17_forecast_dropdown_metadata.csv,"V6.17 artifact is operational; the Master Catalog marks the serving view empty, so governed prepared-artifact precedence applies."
OPERATIONAL_ENTITY,HDD|Organic|Basilisk|Region,HDD,HDD - Basilisk,Organic,Basilisk,,,Region,Region,,,sgp-Go Local,HDD - Basilisk,Basilisk,Region,sgp-Go Local,TRUE,TRUE,TRUE,TRUE,TRUE,PREPARED_ACTUALS_AND_FORECASTS,OPERATIONAL_SOURCE_PRECEDENCE,,v6_17_viewer_dropdown_metadata.csv + v6_17_forecast_dropdown_metadata.csv,"V6.17 artifact is operational; the Master Catalog marks the serving view empty, so governed prepared-artifact precedence applies."
OPERATIONAL_ENTITY,HDD|Organic|Basilisk|Region,HDD,HDD - Basilisk,Organic,Basilisk,,,Region,Region,,,swe-Go Local,HDD - Basilisk,Basilisk,Region,swe-Go Local,TRUE,TRUE,TRUE,TRUE,TRUE,PREPARED_ACTUALS_AND_FORECASTS,OPERATIONAL_SOURCE_PRECEDENCE,,v6_17_viewer_dropdown_metadata.csv + v6_17_forecast_dropdown_metadata.csv,"V6.17 artifact is operational; the Master Catalog marks the serving view empty, so governed prepared-artifact precedence applies."
OPERATIONAL_ENTITY,HDD|Organic|Basilisk|Region,HDD,HDD - Basilisk,Organic,Basilisk,,,Region,Region,,,twn-Go Local,HDD - Basilisk,Basilisk,Region,twn-Go Local,TRUE,TRUE,TRUE,TRUE,TRUE,PREPARED_ACTUALS_AND_FORECASTS,OPERATIONAL_SOURCE_PRECEDENCE,,v6_17_viewer_dropdown_metadata.csv + v6_17_forecast_dropdown_metadata.csv,"V6.17 artifact is operational; the Master Catalog marks the serving view empty, so governed prepared-artifact precedence applies."
OPERATIONAL_ENTITY,HDD|Organic|Basilisk|Region,HDD,HDD - Basilisk,Organic,Basilisk,,,Region,Region,,,zaf-Go Local,HDD - Basilisk,Basilisk,Region,zaf-Go Local,TRUE,TRUE,TRUE,TRUE,TRUE,PREPARED_ACTUALS_AND_FORECASTS,OPERATIONAL_SOURCE_PRECEDENCE,,v6_17_viewer_dropdown_metadata.csv + v6_17_forecast_dropdown_metadata.csv,"V6.17 artifact is operational; the Master Catalog marks the serving view empty, so governed prepared-artifact precedence applies."
OPERATIONAL_ENTITY,HDD|Organic|EDB|Consumer|Forest,HDD,HDD - EDB,Organic,EDB,,Consumer,Forest,Forest,,,APCP150,HDD - EDB,Consumer,Forest,APCP150,TRUE,TRUE,TRUE,TRUE,TRUE,PREPARED_ACTUALS_AND_FORECASTS,OPERATIONAL,,v6_17_viewer_dropdown_metadata.csv + v6_17_forecast_dropdown_metadata.csv,Direct canonical-taxonomy match.
OPERATIONAL_ENTITY,HDD|Organic|EDB|Consumer|Forest,HDD,HDD - EDB,Organic,EDB,,Consumer,Forest,Forest,,,APCP153,HDD - EDB,Consumer,Forest,APCP153,TRUE,TRUE,TRUE,TRUE,TRUE,PREPARED_ACTUALS_AND_FORECASTS,OPERATIONAL,,v6_17_viewer_dropdown_metadata.csv + v6_17_forecast_dropdown_metadata.csv,Direct canonical-taxonomy match.
OPERATIONAL_ENTITY,HDD|Organic|EDB|Consumer|Forest,HDD,HDD - EDB,Organic,EDB,,Consumer,Forest,Forest,,,APCPRD01,HDD - EDB,Consumer,Forest,APCPRD01,TRUE,TRUE,TRUE,TRUE,TRUE,PREPARED_ACTUALS_AND_FORECASTS,OPERATIONAL,,v6_17_viewer_dropdown_metadata.csv + v6_17_forecast_dropdown_metadata.csv,Direct canonical-taxonomy match.
OPERATIONAL_ENTITY,HDD|Organic|EDB|Consumer|Forest,HDD,HDD - EDB,Organic,EDB,,Consumer,Forest,Forest,,,APCPRD02,HDD - EDB,Consumer,Forest,APCPRD02,TRUE,TRUE,TRUE,TRUE,TRUE,PREPARED_ACTUALS_AND_FORECASTS,OPERATIONAL,,v6_17_viewer_dropdown_metadata.csv + v6_17_forecast_dropdown_metadata.csv,Direct canonical-taxonomy match.
OPERATIONAL_ENTITY,HDD|Organic|EDB|Consumer|Forest,HDD,HDD - EDB,Organic,EDB,,Consumer,Forest,Forest,,,APCPRD03,HDD - EDB,Consumer,Forest,APCPRD03,TRUE,TRUE,TRUE,TRUE,TRUE,PREPARED_ACTUALS_AND_FORECASTS,OPERATIONAL,,v6_17_viewer_dropdown_metadata.csv + v6_17_forecast_dropdown_metadata.csv,Direct canonical-taxonomy match.
OPERATIONAL_ENTITY,HDD|Organic|EDB|Consumer|Forest,HDD,HDD - EDB,Organic,EDB,,Consumer,Forest,Forest,,,APCPRD04,HDD - EDB,Consumer,Forest,APCPRD04,TRUE,TRUE,TRUE,TRUE,TRUE,PREPARED_ACTUALS_AND_FORECASTS,OPERATIONAL,,v6_17_viewer_dropdown_metadata.csv + v6_17_forecast_dropdown_metadata.csv,Direct canonical-taxonomy match.
OPERATIONAL_ENTITY,HDD|Organic|EDB|Consumer|Forest,HDD,HDD - EDB,Organic,EDB,,Consumer,Forest,Forest,,,APCPRD06,HDD - EDB,Consumer,Forest,APCPRD06,TRUE,TRUE,TRUE,TRUE,TRUE,PREPARED_ACTUALS_AND_FORECASTS,OPERATIONAL,,v6_17_viewer_dropdown_metadata.csv + v6_17_forecast_dropdown_metadata.csv,Direct canonical-taxonomy match.
OPERATIONAL_ENTITY,HDD|Organic|EDB|Consumer|Forest,HDD,HDD - EDB,Organic,EDB,,Consumer,Forest,Forest,,,AREP273,HDD - EDB,Consumer,Forest,AREP273,TRUE,TRUE,TRUE,TRUE,TRUE,PREPARED_ACTUALS_AND_FORECASTS,OPERATIONAL,,v6_17_viewer_dropdown_metadata.csv + v6_17_forecast_dropdown_metadata.csv,Direct canonical-taxonomy match.
OPERATIONAL_ENTITY,HDD|Organic|EDB|Consumer|Forest,HDD,HDD - EDB,Organic,EDB,,Consumer,Forest,Forest,,,AUSP282,HDD - EDB,Consumer,Forest,AUSP282,TRUE,TRUE,TRUE,TRUE,TRUE,PREPARED_ACTUALS_AND_FORECASTS,OPERATIONAL,,v6_17_viewer_dropdown_metadata.csv + v6_17_forecast_dropdown_metadata.csv,Direct canonical-taxonomy match.
OPERATIONAL_ENTITY,HDD|Organic|EDB|Consumer|Forest,HDD,HDD - EDB,Organic,EDB,,Consumer,Forest,Forest,,,AUSP300,HDD - EDB,Consumer,Forest,AUSP300,TRUE,TRUE,TRUE,TRUE,TRUE,PREPARED_ACTUALS_AND_FORECASTS,OPERATIONAL,,v6_17_viewer_dropdown_metadata.csv + v6_17_forecast_dropdown_metadata.csv,Direct canonical-taxonomy match.
OPERATIONAL_ENTITY,HDD|Organic|EDB|Consumer|Forest,HDD,HDD - EDB,Organic,EDB,,Consumer,Forest,Forest,,,AUSPRD01,HDD - EDB,Consumer,Forest,AUSPRD01,TRUE,TRUE,TRUE,TRUE,TRUE,PREPARED_ACTUALS_AND_FORECASTS,OPERATIONAL,,v6_17_viewer_dropdown_metadata.csv + v6_17_forecast_dropdown_metadata.csv,Direct canonical-taxonomy match.
OPERATIONAL_ENTITY,HDD|Organic|EDB|Consumer|Forest,HDD,HDD - EDB,Organic,EDB,,Consumer,Forest,Forest,,,AUTP296,HDD - EDB,Consumer,Forest,AUTP296,TRUE,TRUE,TRUE,TRUE,TRUE,PREPARED_ACTUALS_AND_FORECASTS,OPERATIONAL,,v6_17_viewer_dropdown_metadata.csv + v6_17_forecast_dropdown_metadata.csv,Direct canonical-taxonomy match.
OPERATIONAL_ENTITY,HDD|Organic|EDB|Consumer|Forest,HDD,HDD - EDB,Organic,EDB,,Consumer,Forest,Forest,,,BRAP284,HDD - EDB,Consumer,Forest,BRAP284,TRUE,TRUE,TRUE,TRUE,TRUE,PREPARED_ACTUALS_AND_FORECASTS,OPERATIONAL,,v6_17_viewer_dropdown_metadata.csv + v6_17_forecast_dropdown_metadata.csv,Direct canonical-taxonomy match.
OPERATIONAL_ENTITY,HDD|Organic|EDB|Consumer|Forest,HDD,HDD - EDB,Organic,EDB,,Consumer,Forest,Forest,,,CANP288,HDD - EDB,Consumer,Forest,CANP288,TRUE,TRUE,TRUE,TRUE,TRUE,PREPARED_ACTUALS_AND_FORECASTS,OPERATIONAL,,v6_17_viewer_dropdown_metadata.csv + v6_17_forecast_dropdown_metadata.csv,Direct canonical-taxonomy match.
OPERATIONAL_ENTITY,HDD|Organic|EDB|Consumer|Forest,HDD,HDD - EDB,Organic,EDB,,Consumer,Forest,Forest,,,CANPRD01,HDD - EDB,Consumer,Forest,CANPRD01,TRUE,TRUE,TRUE,TRUE,TRUE,PREPARED_ACTUALS_AND_FORECASTS,OPERATIONAL,,v6_17_viewer_dropdown_metadata.csv + v6_17_forecast_dropdown_metadata.csv,Direct canonical-taxonomy match.
OPERATIONAL_ENTITY,HDD|Organic|EDB|Consumer|Forest,HDD,HDD - EDB,Organic,EDB,,Consumer,Forest,Forest,,,CHEP278,HDD - EDB,Consumer,Forest,CHEP278,TRUE,TRUE,TRUE,TRUE,TRUE,PREPARED_ACTUALS_AND_FORECASTS,OPERATIONAL,,v6_17_viewer_dropdown_metadata.csv + v6_17_forecast_dropdown_metadata.csv,Direct canonical-taxonomy match.
OPERATIONAL_ENTITY,HDD|Organic|EDB|Consumer|Forest,HDD,HDD - EDB,Organic,EDB,,Consumer,Forest,Forest,,,CHLP298,HDD - EDB,Consumer,Forest,CHLP298,TRUE,TRUE,TRUE,TRUE,TRUE,PREPARED_ACTUALS_AND_FORECASTS,OPERATIONAL,,v6_17_viewer_dropdown_metadata.csv + v6_17_forecast_dropdown_metadata.csv,Direct canonical-taxonomy match.
OPERATIONAL_ENTITY,HDD|Organic|EDB|Consumer|Forest,HDD,HDD - EDB,Organic,EDB,,Consumer,Forest,Forest,,,CHNPR01,HDD - EDB,Consumer,Forest,CHNPR01,TRUE,TRUE,TRUE,TRUE,TRUE,PREPARED_ACTUALS_AND_FORECASTS,OPERATIONAL,,v6_17_viewer_dropdown_metadata.csv + v6_17_forecast_dropdown_metadata.csv,Direct canonical-taxonomy match.
OPERATIONAL_ENTITY,HDD|Organic|EDB|Consumer|Forest,HDD,HDD - EDB,Organic,EDB,,Consumer,Forest,Forest,,,DEUP281,HDD - EDB,Consumer,Forest,DEUP281,TRUE,TRUE,TRUE,TRUE,TRUE,PREPARED_ACTUALS_AND_FORECASTS,OPERATIONAL,,v6_17_viewer_dropdown_metadata.csv + v6_17_forecast_dropdown_metadata.csv,Direct canonical-taxonomy match.
OPERATIONAL_ENTITY,HDD|Organic|EDB|Consumer|Forest,HDD,HDD - EDB,Organic,EDB,,Consumer,Forest,Forest,,,DNKP307,HDD - EDB,Consumer,Forest,DNKP307,TRUE,TRUE,TRUE,TRUE,TRUE,PREPARED_ACTUALS_AND_FORECASTS,OPERATIONAL,,v6_17_viewer_dropdown_metadata.csv + v6_17_forecast_dropdown_metadata.csv,Direct canonical-taxonomy match.
OPERATIONAL_ENTITY,HDD|Organic|EDB|Consumer|Forest,HDD,HDD - EDB,Organic,EDB,,Consumer,Forest,Forest,,,ESPP292,HDD - EDB,Consumer,Forest,ESPP292,TRUE,TRUE,TRUE,TRUE,TRUE,PREPARED_ACTUALS_AND_FORECASTS,OPERATIONAL,,v6_17_viewer_dropdown_metadata.csv + v6_17_forecast_dropdown_metadata.csv,Direct canonical-taxonomy match.
OPERATIONAL_ENTITY,HDD|Organic|EDB|Consumer|Forest,HDD,HDD - EDB,Organic,EDB,,Consumer,Forest,Forest,,,EURP107,HDD - EDB,Consumer,Forest,EURP107,TRUE,TRUE,TRUE,TRUE,TRUE,PREPARED_ACTUALS_AND_FORECASTS,OPERATIONAL,,v6_17_viewer_dropdown_metadata.csv + v6_17_forecast_dropdown_metadata.csv,Direct canonical-taxonomy match.
OPERATIONAL_ENTITY,HDD|Organic|EDB|Consumer|Forest,HDD,HDD - EDB,Organic,EDB,,Consumer,Forest,Forest,,,EURP119,HDD - EDB,Consumer,Forest,EURP119,TRUE,TRUE,TRUE,TRUE,TRUE,PREPARED_ACTUALS_AND_FORECASTS,OPERATIONAL,,v6_17_viewer_dropdown_metadata.csv + v6_17_forecast_dropdown_metadata.csv,Direct canonical-taxonomy match.
OPERATIONAL_ENTITY,HDD|Organic|EDB|Consumer|Forest,HDD,HDD - EDB,Organic,EDB,,Consumer,Forest,Forest,,,EURP120,HDD - EDB,Consumer,Forest,EURP120,TRUE,TRUE,TRUE,TRUE,TRUE,PREPARED_ACTUALS_AND_FORECASTS,OPERATIONAL,,v6_17_viewer_dropdown_metadata.csv + v6_17_forecast_dropdown_metadata.csv,Direct canonical-taxonomy match.
OPERATIONAL_ENTITY,HDD|Organic|EDB|Consumer|Forest,HDD,HDD - EDB,Organic,EDB,,Consumer,Forest,Forest,,,EURP121,HDD - EDB,Consumer,Forest,EURP121,TRUE,TRUE,TRUE,TRUE,TRUE,PREPARED_ACTUALS_AND_FORECASTS,OPERATIONAL,,v6_17_viewer_dropdown_metadata.csv + v6_17_forecast_dropdown_metadata.csv,Direct canonical-taxonomy match.
OPERATIONAL_ENTITY,HDD|Organic|EDB|Consumer|Forest,HDD,HDD - EDB,Organic,EDB,,Consumer,Forest,Forest,,,EURP122,HDD - EDB,Consumer,Forest,EURP122,TRUE,TRUE,TRUE,TRUE,TRUE,PREPARED_ACTUALS_AND_FORECASTS,OPERATIONAL,,v6_17_viewer_dropdown_metadata.csv + v6_17_forecast_dropdown_metadata.csv,Direct canonical-taxonomy match.
OPERATIONAL_ENTITY,HDD|Organic|EDB|Consumer|Forest,HDD,HDD - EDB,Organic,EDB,,Consumer,Forest,Forest,,,EURP137,HDD - EDB,Consumer,Forest,EURP137,TRUE,TRUE,TRUE,TRUE,TRUE,PREPARED_ACTUALS_AND_FORECASTS,OPERATIONAL,,v6_17_viewer_dropdown_metadata.csv + v6_17_forecast_dropdown_metadata.csv,Direct canonical-taxonomy match.
OPERATIONAL_ENTITY,HDD|Organic|EDB|Consumer|Forest,HDD,HDD - EDB,Organic,EDB,,Consumer,Forest,Forest,,,EURP138,HDD - EDB,Consumer,Forest,EURP138,TRUE,TRUE,TRUE,TRUE,TRUE,PREPARED_ACTUALS_AND_FORECASTS,OPERATIONAL,,v6_17_viewer_dropdown_metadata.csv + v6_17_forecast_dropdown_metadata.csv,Direct canonical-taxonomy match.
OPERATIONAL_ENTITY,HDD|Organic|EDB|Consumer|Forest,HDD,HDD - EDB,Organic,EDB,,Consumer,Forest,Forest,,,EURP175,HDD - EDB,Consumer,Forest,EURP175,TRUE,TRUE,TRUE,TRUE,TRUE,PREPARED_ACTUALS_AND_FORECASTS,OPERATIONAL,,v6_17_viewer_dropdown_metadata.csv + v6_17_forecast_dropdown_metadata.csv,Direct canonical-taxonomy match.
OPERATIONAL_ENTITY,HDD|Organic|EDB|Consumer|Forest,HDD,HDD - EDB,Organic,EDB,,Consumer,Forest,Forest,,,EURP176,HDD - EDB,Consumer,Forest,EURP176,TRUE,TRUE,TRUE,TRUE,TRUE,PREPARED_ACTUALS_AND_FORECASTS,OPERATIONAL,,v6_17_viewer_dropdown_metadata.csv + v6_17_forecast_dropdown_metadata.csv,Direct canonical-taxonomy match.
OPERATIONAL_ENTITY,HDD|Organic|EDB|Consumer|Forest,HDD,HDD - EDB,Organic,EDB,,Consumer,Forest,Forest,,,EURP177,HDD - EDB,Consumer,Forest,EURP177,TRUE,TRUE,TRUE,TRUE,TRUE,PREPARED_ACTUALS_AND_FORECASTS,OPERATIONAL,,v6_17_viewer_dropdown_metadata.csv + v6_17_forecast_dropdown_metadata.csv,Direct canonical-taxonomy match.
OPERATIONAL_ENTITY,HDD|Organic|EDB|Consumer|Forest,HDD,HDD - EDB,Organic,EDB,,Consumer,Forest,Forest,,,EURP178,HDD - EDB,Consumer,Forest,EURP178,TRUE,TRUE,TRUE,TRUE,TRUE,PREPARED_ACTUALS_AND_FORECASTS,OPERATIONAL,,v6_17_viewer_dropdown_metadata.csv + v6_17_forecast_dropdown_metadata.csv,Direct canonical-taxonomy match.
OPERATIONAL_ENTITY,HDD|Organic|EDB|Consumer|Forest,HDD,HDD - EDB,Organic,EDB,,Consumer,Forest,Forest,,,EURP179,HDD - EDB,Consumer,Forest,EURP179,TRUE,TRUE,TRUE,TRUE,TRUE,PREPARED_ACTUALS_AND_FORECASTS,OPERATIONAL,,v6_17_viewer_dropdown_metadata.csv + v6_17_forecast_dropdown_metadata.csv,Direct canonical-taxonomy match.
OPERATIONAL_ENTITY,HDD|Organic|EDB|Consumer|Forest,HDD,HDD - EDB,Organic,EDB,,Consumer,Forest,Forest,,,EURP180,HDD - EDB,Consumer,Forest,EURP180,TRUE,TRUE,TRUE,TRUE,TRUE,PREPARED_ACTUALS_AND_FORECASTS,OPERATIONAL,,v6_17_viewer_dropdown_metadata.csv + v6_17_forecast_dropdown_metadata.csv,Direct canonical-taxonomy match.
OPERATIONAL_ENTITY,HDD|Organic|EDB|Consumer|Forest,HDD,HDD - EDB,Organic,EDB,,Consumer,Forest,Forest,,,EURP189,HDD - EDB,Consumer,Forest,EURP189,TRUE,TRUE,TRUE,TRUE,TRUE,PREPARED_ACTUALS_AND_FORECASTS,OPERATIONAL,,v6_17_viewer_dropdown_metadata.csv + v6_17_forecast_dropdown_metadata.csv,Direct canonical-taxonomy match.
OPERATIONAL_ENTITY,HDD|Organic|EDB|Consumer|Forest,HDD,HDD - EDB,Organic,EDB,,Consumer,Forest,Forest,,,EURP190,HDD - EDB,Consumer,Forest,EURP190,TRUE,TRUE,TRUE,TRUE,TRUE,PREPARED_ACTUALS_AND_FORECASTS,OPERATIONAL,,v6_17_viewer_dropdown_metadata.csv + v6_17_forecast_dropdown_metadata.csv,Direct canonical-taxonomy match.
OPERATIONAL_ENTITY,HDD|Organic|EDB|Consumer|Forest,HDD,HDD - EDB,Organic,EDB,,Consumer,Forest,Forest,,,EURP191,HDD - EDB,Consumer,Forest,EURP191,TRUE,TRUE,TRUE,TRUE,TRUE,PREPARED_ACTUALS_AND_FORECASTS,OPERATIONAL,,v6_17_viewer_dropdown_metadata.csv + v6_17_forecast_dropdown_metadata.csv,Direct canonical-taxonomy match.
OPERATIONAL_ENTITY,HDD|Organic|EDB|Consumer|Forest,HDD,HDD - EDB,Organic,EDB,,Consumer,Forest,Forest,,,EURP192,HDD - EDB,Consumer,Forest,EURP192,TRUE,TRUE,TRUE,TRUE,TRUE,PREPARED_ACTUALS_AND_FORECASTS,OPERATIONAL,,v6_17_viewer_dropdown_metadata.csv + v6_17_forecast_dropdown_metadata.csv,Direct canonical-taxonomy match.
OPERATIONAL_ENTITY,HDD|Organic|EDB|Consumer|Forest,HDD,HDD - EDB,Organic,EDB,,Consumer,Forest,Forest,,,EURP193,HDD - EDB,Consumer,Forest,EURP193,TRUE,TRUE,TRUE,TRUE,TRUE,PREPARED_ACTUALS_AND_FORECASTS,OPERATIONAL,,v6_17_viewer_dropdown_metadata.csv + v6_17_forecast_dropdown_metadata.csv,Direct canonical-taxonomy match.
OPERATIONAL_ENTITY,HDD|Organic|EDB|Consumer|Forest,HDD,HDD - EDB,Organic,EDB,,Consumer,Forest,Forest,,,EURP194,HDD - EDB,Consumer,Forest,EURP194,TRUE,TRUE,TRUE,TRUE,TRUE,PREPARED_ACTUALS_AND_FORECASTS,OPERATIONAL,,v6_17_viewer_dropdown_metadata.csv + v6_17_forecast_dropdown_metadata.csv,Direct canonical-taxonomy match.
OPERATIONAL_ENTITY,HDD|Organic|EDB|Consumer|Forest,HDD,HDD - EDB,Organic,EDB,,Consumer,Forest,Forest,,,EURP195,HDD - EDB,Consumer,Forest,EURP195,TRUE,TRUE,TRUE,TRUE,TRUE,PREPARED_ACTUALS_AND_FORECASTS,OPERATIONAL,,v6_17_viewer_dropdown_metadata.csv + v6_17_forecast_dropdown_metadata.csv,Direct canonical-taxonomy match.
OPERATIONAL_ENTITY,HDD|Organic|EDB|Consumer|Forest,HDD,HDD - EDB,Organic,EDB,,Consumer,Forest,Forest,,,EURP250,HDD - EDB,Consumer,Forest,EURP250,TRUE,TRUE,TRUE,TRUE,TRUE,PREPARED_ACTUALS_AND_FORECASTS,OPERATIONAL,,v6_17_viewer_dropdown_metadata.csv + v6_17_forecast_dropdown_metadata.csv,Direct canonical-taxonomy match.
OPERATIONAL_ENTITY,HDD|Organic|EDB|Consumer|Forest,HDD,HDD - EDB,Organic,EDB,,Consumer,Forest,Forest,,,EURP251,HDD - EDB,Consumer,Forest,EURP251,TRUE,TRUE,TRUE,TRUE,TRUE,PREPARED_ACTUALS_AND_FORECASTS,OPERATIONAL,,v6_17_viewer_dropdown_metadata.csv + v6_17_forecast_dropdown_metadata.csv,Direct canonical-taxonomy match.
OPERATIONAL_ENTITY,HDD|Organic|EDB|Consumer|Forest,HDD,HDD - EDB,Organic,EDB,,Consumer,Forest,Forest,,,EURP309,HDD - EDB,Consumer,Forest,EURP309,TRUE,TRUE,TRUE,TRUE,TRUE,PREPARED_ACTUALS_AND_FORECASTS,OPERATIONAL,,v6_17_viewer_dropdown_metadata.csv + v6_17_forecast_dropdown_metadata.csv,Direct canonical-taxonomy match.
OPERATIONAL_ENTITY,HDD|Organic|EDB|Consumer|Forest,HDD,HDD - EDB,Organic,EDB,,Consumer,Forest,Forest,,,EURPRD01,HDD - EDB,Consumer,Forest,EURPRD01,TRUE,TRUE,TRUE,TRUE,TRUE,PREPARED_ACTUALS_AND_FORECASTS,OPERATIONAL,,v6_17_viewer_dropdown_metadata.csv + v6_17_forecast_dropdown_metadata.csv,Direct canonical-taxonomy match.
OPERATIONAL_ENTITY,HDD|Organic|EDB|Consumer|Forest,HDD,HDD - EDB,Organic,EDB,,Consumer,Forest,Forest,,,EURPRD02,HDD - EDB,Consumer,Forest,EURPRD02,TRUE,TRUE,TRUE,TRUE,TRUE,PREPARED_ACTUALS_AND_FORECASTS,OPERATIONAL,,v6_17_viewer_dropdown_metadata.csv + v6_17_forecast_dropdown_metadata.csv,Direct canonical-taxonomy match.
OPERATIONAL_ENTITY,HDD|Organic|EDB|Consumer|Forest,HDD,HDD - EDB,Organic,EDB,,Consumer,Forest,Forest,,,EURPRD03,HDD - EDB,Consumer,Forest,EURPRD03,TRUE,TRUE,TRUE,TRUE,TRUE,PREPARED_ACTUALS_AND_FORECASTS,OPERATIONAL,,v6_17_viewer_dropdown_metadata.csv + v6_17_forecast_dropdown_metadata.csv,Direct canonical-taxonomy match.
OPERATIONAL_ENTITY,HDD|Organic|EDB|Consumer|Forest,HDD,HDD - EDB,Organic,EDB,,Consumer,Forest,Forest,,,EURPRD04,HDD - EDB,Consumer,Forest,EURPRD04,TRUE,TRUE,TRUE,TRUE,TRUE,PREPARED_ACTUALS_AND_FORECASTS,OPERATIONAL,,v6_17_viewer_dropdown_metadata.csv + v6_17_forecast_dropdown_metadata.csv,Direct canonical-taxonomy match.
OPERATIONAL_ENTITY,HDD|Organic|EDB|Consumer|Forest,HDD,HDD - EDB,Organic,EDB,,Consumer,Forest,Forest,,,EURPRD05,HDD - EDB,Consumer,Forest,EURPRD05,TRUE,TRUE,TRUE,TRUE,TRUE,PREPARED_ACTUALS_AND_FORECASTS,OPERATIONAL,,v6_17_viewer_dropdown_metadata.csv + v6_17_forecast_dropdown_metadata.csv,Direct canonical-taxonomy match.
OPERATIONAL_ENTITY,HDD|Organic|EDB|Consumer|Forest,HDD,HDD - EDB,Organic,EDB,,Consumer,Forest,Forest,,,EURPRD06,HDD - EDB,Consumer,Forest,EURPRD06,TRUE,TRUE,TRUE,TRUE,TRUE,PREPARED_ACTUALS_AND_FORECASTS,OPERATIONAL,,v6_17_viewer_dropdown_metadata.csv + v6_17_forecast_dropdown_metadata.csv,Direct canonical-taxonomy match.
OPERATIONAL_ENTITY,HDD|Organic|EDB|Consumer|Forest,HDD,HDD - EDB,Organic,EDB,,Consumer,Forest,Forest,,,EURPRD07,HDD - EDB,Consumer,Forest,EURPRD07,TRUE,TRUE,TRUE,TRUE,TRUE,PREPARED_ACTUALS_AND_FORECASTS,OPERATIONAL,,v6_17_viewer_dropdown_metadata.csv + v6_17_forecast_dropdown_metadata.csv,Direct canonical-taxonomy match.
OPERATIONAL_ENTITY,HDD|Organic|EDB|Consumer|Forest,HDD,HDD - EDB,Organic,EDB,,Consumer,Forest,Forest,,,EURPRD08,HDD - EDB,Consumer,Forest,EURPRD08,TRUE,TRUE,TRUE,TRUE,TRUE,PREPARED_ACTUALS_AND_FORECASTS,OPERATIONAL,,v6_17_viewer_dropdown_metadata.csv + v6_17_forecast_dropdown_metadata.csv,Direct canonical-taxonomy match.
OPERATIONAL_ENTITY,HDD|Organic|EDB|Consumer|Forest,HDD,HDD - EDB,Organic,EDB,,Consumer,Forest,Forest,,,EURPRD09,HDD - EDB,Consumer,Forest,EURPRD09,TRUE,TRUE,TRUE,TRUE,TRUE,PREPARED_ACTUALS_AND_FORECASTS,OPERATIONAL,,v6_17_viewer_dropdown_metadata.csv + v6_17_forecast_dropdown_metadata.csv,Direct canonical-taxonomy match.
OPERATIONAL_ENTITY,HDD|Organic|EDB|Consumer|Forest,HDD,HDD - EDB,Organic,EDB,,Consumer,Forest,Forest,,,EURPRD10,HDD - EDB,Consumer,Forest,EURPRD10,TRUE,TRUE,TRUE,TRUE,TRUE,PREPARED_ACTUALS_AND_FORECASTS,OPERATIONAL,,v6_17_viewer_dropdown_metadata.csv + v6_17_forecast_dropdown_metadata.csv,Direct canonical-taxonomy match.
OPERATIONAL_ENTITY,HDD|Organic|EDB|Consumer|Forest,HDD,HDD - EDB,Organic,EDB,,Consumer,Forest,Forest,,,EURPRD83,HDD - EDB,Consumer,Forest,EURPRD83,TRUE,TRUE,TRUE,TRUE,TRUE,PREPARED_ACTUALS_AND_FORECASTS,OPERATIONAL,,v6_17_viewer_dropdown_metadata.csv + v6_17_forecast_dropdown_metadata.csv,Direct canonical-taxonomy match.
OPERATIONAL_ENTITY,HDD|Organic|EDB|Consumer|Forest,HDD,HDD - EDB,Organic,EDB,,Consumer,Forest,Forest,,,FRAP264,HDD - EDB,Consumer,Forest,FRAP264,TRUE,TRUE,TRUE,TRUE,TRUE,PREPARED_ACTUALS_AND_FORECASTS,OPERATIONAL,,v6_17_viewer_dropdown_metadata.csv + v6_17_forecast_dropdown_metadata.csv,Direct canonical-taxonomy match.
OPERATIONAL_ENTITY,HDD|Organic|EDB|Consumer|Forest,HDD,HDD - EDB,Organic,EDB,,Consumer,Forest,Forest,,,GBRP123,HDD - EDB,Consumer,Forest,GBRP123,TRUE,TRUE,TRUE,TRUE,TRUE,PREPARED_ACTUALS_AND_FORECASTS,OPERATIONAL,,v6_17_viewer_dropdown_metadata.csv + v6_17_forecast_dropdown_metadata.csv,Direct canonical-taxonomy match.
OPERATIONAL_ENTITY,HDD|Organic|EDB|Consumer|Forest,HDD,HDD - EDB,Organic,EDB,,Consumer,Forest,Forest,,,GBRP265,HDD - EDB,Consumer,Forest,GBRP265,TRUE,TRUE,TRUE,TRUE,TRUE,PREPARED_ACTUALS_AND_FORECASTS,OPERATIONAL,,v6_17_viewer_dropdown_metadata.csv + v6_17_forecast_dropdown_metadata.csv,Direct canonical-taxonomy match.
OPERATIONAL_ENTITY,HDD|Organic|EDB|Consumer|Forest,HDD,HDD - EDB,Organic,EDB,,Consumer,Forest,Forest,,,GBRP267,HDD - EDB,Consumer,Forest,GBRP267,TRUE,TRUE,TRUE,TRUE,TRUE,PREPARED_ACTUALS_AND_FORECASTS,OPERATIONAL,,v6_17_viewer_dropdown_metadata.csv + v6_17_forecast_dropdown_metadata.csv,Direct canonical-taxonomy match.
OPERATIONAL_ENTITY,HDD|Organic|EDB|Consumer|Forest,HDD,HDD - EDB,Organic,EDB,,Consumer,Forest,Forest,,,GBRP302,HDD - EDB,Consumer,Forest,GBRP302,TRUE,TRUE,TRUE,TRUE,TRUE,PREPARED_ACTUALS_AND_FORECASTS,OPERATIONAL,,v6_17_viewer_dropdown_metadata.csv + v6_17_forecast_dropdown_metadata.csv,Direct canonical-taxonomy match.
OPERATIONAL_ENTITY,HDD|Organic|EDB|Consumer|Forest,HDD,HDD - EDB,Organic,EDB,,Consumer,Forest,Forest,,,IDNP305,HDD - EDB,Consumer,Forest,IDNP305,TRUE,TRUE,TRUE,TRUE,TRUE,PREPARED_ACTUALS_AND_FORECASTS,OPERATIONAL,,v6_17_viewer_dropdown_metadata.csv + v6_17_forecast_dropdown_metadata.csv,Direct canonical-taxonomy match.
OPERATIONAL_ENTITY,HDD|Organic|EDB|Consumer|Forest,HDD,HDD - EDB,Organic,EDB,,Consumer,Forest,Forest,,,INDP287,HDD - EDB,Consumer,Forest,INDP287,TRUE,TRUE,TRUE,TRUE,TRUE,PREPARED_ACTUALS_AND_FORECASTS,OPERATIONAL,,v6_17_viewer_dropdown_metadata.csv + v6_17_forecast_dropdown_metadata.csv,Direct canonical-taxonomy match.
OPERATIONAL_ENTITY,HDD|Organic|EDB|Consumer|Forest,HDD,HDD - EDB,Organic,EDB,,Consumer,Forest,Forest,,,INDPRD01,HDD - EDB,Consumer,Forest,INDPRD01,TRUE,TRUE,TRUE,TRUE,TRUE,PREPARED_ACTUALS_AND_FORECASTS,OPERATIONAL,,v6_17_viewer_dropdown_metadata.csv + v6_17_forecast_dropdown_metadata.csv,Direct canonical-taxonomy match.
OPERATIONAL_ENTITY,HDD|Organic|EDB|Consumer|Forest,HDD,HDD - EDB,Organic,EDB,,Consumer,Forest,Forest,,,ISRP290,HDD - EDB,Consumer,Forest,ISRP290,TRUE,TRUE,TRUE,TRUE,TRUE,PREPARED_ACTUALS_AND_FORECASTS,OPERATIONAL,,v6_17_viewer_dropdown_metadata.csv + v6_17_forecast_dropdown_metadata.csv,Direct canonical-taxonomy match.
OPERATIONAL_ENTITY,HDD|Organic|EDB|Consumer|Forest,HDD,HDD - EDB,Organic,EDB,,Consumer,Forest,Forest,,,ITAP293,HDD - EDB,Consumer,Forest,ITAP293,TRUE,TRUE,TRUE,TRUE,TRUE,PREPARED_ACTUALS_AND_FORECASTS,OPERATIONAL,,v6_17_viewer_dropdown_metadata.csv + v6_17_forecast_dropdown_metadata.csv,Direct canonical-taxonomy match.
OPERATIONAL_ENTITY,HDD|Organic|EDB|Consumer|Forest,HDD,HDD - EDB,Organic,EDB,,Consumer,Forest,Forest,,,JPNP286,HDD - EDB,Consumer,Forest,JPNP286,TRUE,TRUE,TRUE,TRUE,TRUE,PREPARED_ACTUALS_AND_FORECASTS,OPERATIONAL,,v6_17_viewer_dropdown_metadata.csv + v6_17_forecast_dropdown_metadata.csv,Direct canonical-taxonomy match.
OPERATIONAL_ENTITY,HDD|Organic|EDB|Consumer|Forest,HDD,HDD - EDB,Organic,EDB,,Consumer,Forest,Forest,,,JPNP301,HDD - EDB,Consumer,Forest,JPNP301,TRUE,TRUE,TRUE,TRUE,TRUE,PREPARED_ACTUALS_AND_FORECASTS,OPERATIONAL,,v6_17_viewer_dropdown_metadata.csv + v6_17_forecast_dropdown_metadata.csv,Direct canonical-taxonomy match.
OPERATIONAL_ENTITY,HDD|Organic|EDB|Consumer|Forest,HDD,HDD - EDB,Organic,EDB,,Consumer,Forest,Forest,,,JPNPRD01,HDD - EDB,Consumer,Forest,JPNPRD01,TRUE,TRUE,TRUE,TRUE,TRUE,PREPARED_ACTUALS_AND_FORECASTS,OPERATIONAL,,v6_17_viewer_dropdown_metadata.csv + v6_17_forecast_dropdown_metadata.csv,Direct canonical-taxonomy match.
OPERATIONAL_ENTITY,HDD|Organic|EDB|Consumer|Forest,HDD,HDD - EDB,Organic,EDB,,Consumer,Forest,Forest,,,KORP216,HDD - EDB,Consumer,Forest,KORP216,TRUE,TRUE,TRUE,TRUE,TRUE,PREPARED_ACTUALS_AND_FORECASTS,OPERATIONAL,,v6_17_viewer_dropdown_metadata.csv + v6_17_forecast_dropdown_metadata.csv,Direct canonical-taxonomy match.
OPERATIONAL_ENTITY,HDD|Organic|EDB|Consumer|Forest,HDD,HDD - EDB,Organic,EDB,,Consumer,Forest,Forest,,,LAMP152,HDD - EDB,Consumer,Forest,LAMP152,TRUE,TRUE,TRUE,TRUE,TRUE,PREPARED_ACTUALS_AND_FORECASTS,OPERATIONAL,,v6_17_viewer_dropdown_metadata.csv + v6_17_forecast_dropdown_metadata.csv,Direct canonical-taxonomy match.
OPERATIONAL_ENTITY,HDD|Organic|EDB|Consumer|Forest,HDD,HDD - EDB,Organic,EDB,,Consumer,Forest,Forest,,,LAMP215,HDD - EDB,Consumer,Forest,LAMP215,TRUE,TRUE,TRUE,TRUE,TRUE,PREPARED_ACTUALS_AND_FORECASTS,OPERATIONAL,,v6_17_viewer_dropdown_metadata.csv + v6_17_forecast_dropdown_metadata.csv,Direct canonical-taxonomy match.
OPERATIONAL_ENTITY,HDD|Organic|EDB|Consumer|Forest,HDD,HDD - EDB,Organic,EDB,,Consumer,Forest,Forest,,,LAMPRD80,HDD - EDB,Consumer,Forest,LAMPRD80,TRUE,TRUE,TRUE,TRUE,TRUE,PREPARED_ACTUALS_AND_FORECASTS,OPERATIONAL,,v6_17_viewer_dropdown_metadata.csv + v6_17_forecast_dropdown_metadata.csv,Direct canonical-taxonomy match.
OPERATIONAL_ENTITY,HDD|Organic|EDB|Consumer|Forest,HDD,HDD - EDB,Organic,EDB,,Consumer,Forest,Forest,,,MEXP297,HDD - EDB,Consumer,Forest,MEXP297,TRUE,TRUE,TRUE,TRUE,TRUE,PREPARED_ACTUALS_AND_FORECASTS,OPERATIONAL,,v6_17_viewer_dropdown_metadata.csv + v6_17_forecast_dropdown_metadata.csv,Direct canonical-taxonomy match.
OPERATIONAL_ENTITY,HDD|Organic|EDB|Consumer|Forest,HDD,HDD - EDB,Organic,EDB,,Consumer,Forest,Forest,,,MYSP306,HDD - EDB,Consumer,Forest,MYSP306,TRUE,TRUE,TRUE,TRUE,TRUE,PREPARED_ACTUALS_AND_FORECASTS,OPERATIONAL,,v6_17_viewer_dropdown_metadata.csv + v6_17_forecast_dropdown_metadata.csv,Direct canonical-taxonomy match.
OPERATIONAL_ENTITY,HDD|Organic|EDB|Consumer|Forest,HDD,HDD - EDB,Organic,EDB,,Consumer,Forest,Forest,,,NAMP100,HDD - EDB,Consumer,Forest,NAMP100,TRUE,TRUE,TRUE,TRUE,TRUE,PREPARED_ACTUALS_AND_FORECASTS,OPERATIONAL,,v6_17_viewer_dropdown_metadata.csv + v6_17_forecast_dropdown_metadata.csv,Direct canonical-taxonomy match.
OPERATIONAL_ENTITY,HDD|Organic|EDB|Consumer|Forest,HDD,HDD - EDB,Organic,EDB,,Consumer,Forest,Forest,,,NAMP101,HDD - EDB,Consumer,Forest,NAMP101,TRUE,TRUE,TRUE,TRUE,TRUE,PREPARED_ACTUALS_AND_FORECASTS,OPERATIONAL,,v6_17_viewer_dropdown_metadata.csv + v6_17_forecast_dropdown_metadata.csv,Direct canonical-taxonomy match.
OPERATIONAL_ENTITY,HDD|Organic|EDB|Consumer|Forest,HDD,HDD - EDB,Organic,EDB,,Consumer,Forest,Forest,,,NAMP103,HDD - EDB,Consumer,Forest,NAMP103,TRUE,TRUE,TRUE,TRUE,TRUE,PREPARED_ACTUALS_AND_FORECASTS,OPERATIONAL,,v6_17_viewer_dropdown_metadata.csv + v6_17_forecast_dropdown_metadata.csv,Direct canonical-taxonomy match.
OPERATIONAL_ENTITY,HDD|Organic|EDB|Consumer|Forest,HDD,HDD - EDB,Organic,EDB,,Consumer,Forest,Forest,,,NAMP104,HDD - EDB,Consumer,Forest,NAMP104,TRUE,TRUE,TRUE,TRUE,TRUE,PREPARED_ACTUALS_AND_FORECASTS,OPERATIONAL,,v6_17_viewer_dropdown_metadata.csv + v6_17_forecast_dropdown_metadata.csv,Direct canonical-taxonomy match.
OPERATIONAL_ENTITY,HDD|Organic|EDB|Consumer|Forest,HDD,HDD - EDB,Organic,EDB,,Consumer,Forest,Forest,,,NAMP105,HDD - EDB,Consumer,Forest,NAMP105,TRUE,TRUE,TRUE,TRUE,TRUE,PREPARED_ACTUALS_AND_FORECASTS,OPERATIONAL,,v6_17_viewer_dropdown_metadata.csv + v6_17_forecast_dropdown_metadata.csv,Direct canonical-taxonomy match.
OPERATIONAL_ENTITY,HDD|Organic|EDB|Consumer|Forest,HDD,HDD - EDB,Organic,EDB,,Consumer,Forest,Forest,,,NAMP106,HDD - EDB,Consumer,Forest,NAMP106,TRUE,TRUE,TRUE,TRUE,TRUE,PREPARED_ACTUALS_AND_FORECASTS,OPERATIONAL,,v6_17_viewer_dropdown_metadata.csv + v6_17_forecast_dropdown_metadata.csv,Direct canonical-taxonomy match.
OPERATIONAL_ENTITY,HDD|Organic|EDB|Consumer|Forest,HDD,HDD - EDB,Organic,EDB,,Consumer,Forest,Forest,,,NAMP108,HDD - EDB,Consumer,Forest,NAMP108,TRUE,TRUE,TRUE,TRUE,TRUE,PREPARED_ACTUALS_AND_FORECASTS,OPERATIONAL,,v6_17_viewer_dropdown_metadata.csv + v6_17_forecast_dropdown_metadata.csv,Direct canonical-taxonomy match.
OPERATIONAL_ENTITY,HDD|Organic|EDB|Consumer|Forest,HDD,HDD - EDB,Organic,EDB,,Consumer,Forest,Forest,,,NAMP109,HDD - EDB,Consumer,Forest,NAMP109,TRUE,TRUE,TRUE,TRUE,TRUE,PREPARED_ACTUALS_AND_FORECASTS,OPERATIONAL,,v6_17_viewer_dropdown_metadata.csv + v6_17_forecast_dropdown_metadata.csv,Direct canonical-taxonomy match.
OPERATIONAL_ENTITY,HDD|Organic|EDB|Consumer|Forest,HDD,HDD - EDB,Organic,EDB,,Consumer,Forest,Forest,,,NAMP113,HDD - EDB,Consumer,Forest,NAMP113,TRUE,TRUE,TRUE,TRUE,TRUE,PREPARED_ACTUALS_AND_FORECASTS,OPERATIONAL,,v6_17_viewer_dropdown_metadata.csv + v6_17_forecast_dropdown_metadata.csv,Direct canonical-taxonomy match.
OPERATIONAL_ENTITY,HDD|Organic|EDB|Consumer|Forest,HDD,HDD - EDB,Organic,EDB,,Consumer,Forest,Forest,,,NAMP114,HDD - EDB,Consumer,Forest,NAMP114,TRUE,TRUE,TRUE,TRUE,TRUE,PREPARED_ACTUALS_AND_FORECASTS,OPERATIONAL,,v6_17_viewer_dropdown_metadata.csv + v6_17_forecast_dropdown_metadata.csv,Direct canonical-taxonomy match.
OPERATIONAL_ENTITY,HDD|Organic|EDB|Consumer|Forest,HDD,HDD - EDB,Organic,EDB,,Consumer,Forest,Forest,,,NAMP115,HDD - EDB,Consumer,Forest,NAMP115,TRUE,TRUE,TRUE,TRUE,TRUE,PREPARED_ACTUALS_AND_FORECASTS,OPERATIONAL,,v6_17_viewer_dropdown_metadata.csv + v6_17_forecast_dropdown_metadata.csv,Direct canonical-taxonomy match.
OPERATIONAL_ENTITY,HDD|Organic|EDB|Consumer|Forest,HDD,HDD - EDB,Organic,EDB,,Consumer,Forest,Forest,,,NAMP116,HDD - EDB,Consumer,Forest,NAMP116,TRUE,TRUE,TRUE,TRUE,TRUE,PREPARED_ACTUALS_AND_FORECASTS,OPERATIONAL,,v6_17_viewer_dropdown_metadata.csv + v6_17_forecast_dropdown_metadata.csv,Direct canonical-taxonomy match.
OPERATIONAL_ENTITY,HDD|Organic|EDB|Consumer|Forest,HDD,HDD - EDB,Organic,EDB,,Consumer,Forest,Forest,,,NAMP118,HDD - EDB,Consumer,Forest,NAMP118,TRUE,TRUE,TRUE,TRUE,TRUE,PREPARED_ACTUALS_AND_FORECASTS,OPERATIONAL,,v6_17_viewer_dropdown_metadata.csv + v6_17_forecast_dropdown_metadata.csv,Direct canonical-taxonomy match.
OPERATIONAL_ENTITY,HDD|Organic|EDB|Consumer|Forest,HDD,HDD - EDB,Organic,EDB,,Consumer,Forest,Forest,,,NAMP125,HDD - EDB,Consumer,Forest,NAMP125,TRUE,TRUE,TRUE,TRUE,TRUE,PREPARED_ACTUALS_AND_FORECASTS,OPERATIONAL,,v6_17_viewer_dropdown_metadata.csv + v6_17_forecast_dropdown_metadata.csv,Direct canonical-taxonomy match.
OPERATIONAL_ENTITY,HDD|Organic|EDB|Consumer|Forest,HDD,HDD - EDB,Organic,EDB,,Consumer,Forest,Forest,,,NAMP126,HDD - EDB,Consumer,Forest,NAMP126,TRUE,TRUE,TRUE,TRUE,TRUE,PREPARED_ACTUALS_AND_FORECASTS,OPERATIONAL,,v6_17_viewer_dropdown_metadata.csv + v6_17_forecast_dropdown_metadata.csv,Direct canonical-taxonomy match.
OPERATIONAL_ENTITY,HDD|Organic|EDB|Consumer|Forest,HDD,HDD - EDB,Organic,EDB,,Consumer,Forest,Forest,,,NAMP128,HDD - EDB,Consumer,Forest,NAMP128,TRUE,TRUE,TRUE,TRUE,TRUE,PREPARED_ACTUALS_AND_FORECASTS,OPERATIONAL,,v6_17_viewer_dropdown_metadata.csv + v6_17_forecast_dropdown_metadata.csv,Direct canonical-taxonomy match.
OPERATIONAL_ENTITY,HDD|Organic|EDB|Consumer|Forest,HDD,HDD - EDB,Organic,EDB,,Consumer,Forest,Forest,,,NAMP129,HDD - EDB,Consumer,Forest,NAMP129,TRUE,TRUE,TRUE,TRUE,TRUE,PREPARED_ACTUALS_AND_FORECASTS,OPERATIONAL,,v6_17_viewer_dropdown_metadata.csv + v6_17_forecast_dropdown_metadata.csv,Direct canonical-taxonomy match.
OPERATIONAL_ENTITY,HDD|Organic|EDB|Consumer|Forest,HDD,HDD - EDB,Organic,EDB,,Consumer,Forest,Forest,,,NAMP130,HDD - EDB,Consumer,Forest,NAMP130,TRUE,TRUE,TRUE,TRUE,TRUE,PREPARED_ACTUALS_AND_FORECASTS,OPERATIONAL,,v6_17_viewer_dropdown_metadata.csv + v6_17_forecast_dropdown_metadata.csv,Direct canonical-taxonomy match.
OPERATIONAL_ENTITY,HDD|Organic|EDB|Consumer|Forest,HDD,HDD - EDB,Organic,EDB,,Consumer,Forest,Forest,,,NAMP131,HDD - EDB,Consumer,Forest,NAMP131,TRUE,TRUE,TRUE,TRUE,TRUE,PREPARED_ACTUALS_AND_FORECASTS,OPERATIONAL,,v6_17_viewer_dropdown_metadata.csv + v6_17_forecast_dropdown_metadata.csv,Direct canonical-taxonomy match.
OPERATIONAL_ENTITY,HDD|Organic|EDB|Consumer|Forest,HDD,HDD - EDB,Organic,EDB,,Consumer,Forest,Forest,,,NAMP132,HDD - EDB,Consumer,Forest,NAMP132,TRUE,TRUE,TRUE,TRUE,TRUE,PREPARED_ACTUALS_AND_FORECASTS,OPERATIONAL,,v6_17_viewer_dropdown_metadata.csv + v6_17_forecast_dropdown_metadata.csv,Direct canonical-taxonomy match.
OPERATIONAL_ENTITY,HDD|Organic|EDB|Consumer|Forest,HDD,HDD - EDB,Organic,EDB,,Consumer,Forest,Forest,,,NAMP133,HDD - EDB,Consumer,Forest,NAMP133,TRUE,TRUE,TRUE,TRUE,TRUE,PREPARED_ACTUALS_AND_FORECASTS,OPERATIONAL,,v6_17_viewer_dropdown_metadata.csv + v6_17_forecast_dropdown_metadata.csv,Direct canonical-taxonomy match.
OPERATIONAL_ENTITY,HDD|Organic|EDB|Consumer|Forest,HDD,HDD - EDB,Organic,EDB,,Consumer,Forest,Forest,,,NAMP134,HDD - EDB,Consumer,Forest,NAMP134,TRUE,TRUE,TRUE,TRUE,TRUE,PREPARED_ACTUALS_AND_FORECASTS,OPERATIONAL,,v6_17_viewer_dropdown_metadata.csv + v6_17_forecast_dropdown_metadata.csv,Direct canonical-taxonomy match.
OPERATIONAL_ENTITY,HDD|Organic|EDB|Consumer|Forest,HDD,HDD - EDB,Organic,EDB,,Consumer,Forest,Forest,,,NAMP135,HDD - EDB,Consumer,Forest,NAMP135,TRUE,TRUE,TRUE,TRUE,TRUE,PREPARED_ACTUALS_AND_FORECASTS,OPERATIONAL,,v6_17_viewer_dropdown_metadata.csv + v6_17_forecast_dropdown_metadata.csv,Direct canonical-taxonomy match.
OPERATIONAL_ENTITY,HDD|Organic|EDB|Consumer|Forest,HDD,HDD - EDB,Organic,EDB,,Consumer,Forest,Forest,,,NAMP136,HDD - EDB,Consumer,Forest,NAMP136,TRUE,TRUE,TRUE,TRUE,TRUE,PREPARED_ACTUALS_AND_FORECASTS,OPERATIONAL,,v6_17_viewer_dropdown_metadata.csv + v6_17_forecast_dropdown_metadata.csv,Direct canonical-taxonomy match.
OPERATIONAL_ENTITY,HDD|Organic|EDB|Consumer|Forest,HDD,HDD - EDB,Organic,EDB,,Consumer,Forest,Forest,,,NAMP154,HDD - EDB,Consumer,Forest,NAMP154,TRUE,TRUE,TRUE,TRUE,TRUE,PREPARED_ACTUALS_AND_FORECASTS,OPERATIONAL,,v6_17_viewer_dropdown_metadata.csv + v6_17_forecast_dropdown_metadata.csv,Direct canonical-taxonomy match.
OPERATIONAL_ENTITY,HDD|Organic|EDB|Consumer|Forest,HDD,HDD - EDB,Organic,EDB,,Consumer,Forest,Forest,,,NAMP157,HDD - EDB,Consumer,Forest,NAMP157,TRUE,TRUE,TRUE,TRUE,TRUE,PREPARED_ACTUALS_AND_FORECASTS,OPERATIONAL,,v6_17_viewer_dropdown_metadata.csv + v6_17_forecast_dropdown_metadata.csv,Direct canonical-taxonomy match.
OPERATIONAL_ENTITY,HDD|Organic|EDB|Consumer|Forest,HDD,HDD - EDB,Organic,EDB,,Consumer,Forest,Forest,,,NAMP158,HDD - EDB,Consumer,Forest,NAMP158,TRUE,TRUE,TRUE,TRUE,TRUE,PREPARED_ACTUALS_AND_FORECASTS,OPERATIONAL,,v6_17_viewer_dropdown_metadata.csv + v6_17_forecast_dropdown_metadata.csv,Direct canonical-taxonomy match.
OPERATIONAL_ENTITY,HDD|Organic|EDB|Consumer|Forest,HDD,HDD - EDB,Organic,EDB,,Consumer,Forest,Forest,,,NAMP159,HDD - EDB,Consumer,Forest,NAMP159,TRUE,TRUE,TRUE,TRUE,TRUE,PREPARED_ACTUALS_AND_FORECASTS,OPERATIONAL,,v6_17_viewer_dropdown_metadata.csv + v6_17_forecast_dropdown_metadata.csv,Direct canonical-taxonomy match.
OPERATIONAL_ENTITY,HDD|Organic|EDB|Consumer|Forest,HDD,HDD - EDB,Organic,EDB,,Consumer,Forest,Forest,,,NAMP161,HDD - EDB,Consumer,Forest,NAMP161,TRUE,TRUE,TRUE,TRUE,TRUE,PREPARED_ACTUALS_AND_FORECASTS,OPERATIONAL,,v6_17_viewer_dropdown_metadata.csv + v6_17_forecast_dropdown_metadata.csv,Direct canonical-taxonomy match.
OPERATIONAL_ENTITY,HDD|Organic|EDB|Consumer|Forest,HDD,HDD - EDB,Organic,EDB,,Consumer,Forest,Forest,,,NAMP162,HDD - EDB,Consumer,Forest,NAMP162,TRUE,TRUE,TRUE,TRUE,TRUE,PREPARED_ACTUALS_AND_FORECASTS,OPERATIONAL,,v6_17_viewer_dropdown_metadata.csv + v6_17_forecast_dropdown_metadata.csv,Direct canonical-taxonomy match.
OPERATIONAL_ENTITY,HDD|Organic|EDB|Consumer|Forest,HDD,HDD - EDB,Organic,EDB,,Consumer,Forest,Forest,,,NAMP163,HDD - EDB,Consumer,Forest,NAMP163,TRUE,TRUE,TRUE,TRUE,TRUE,PREPARED_ACTUALS_AND_FORECASTS,OPERATIONAL,,v6_17_viewer_dropdown_metadata.csv + v6_17_forecast_dropdown_metadata.csv,Direct canonical-taxonomy match.
OPERATIONAL_ENTITY,HDD|Organic|EDB|Consumer|Forest,HDD,HDD - EDB,Organic,EDB,,Consumer,Forest,Forest,,,NAMP164,HDD - EDB,Consumer,Forest,NAMP164,TRUE,TRUE,TRUE,TRUE,TRUE,PREPARED_ACTUALS_AND_FORECASTS,OPERATIONAL,,v6_17_viewer_dropdown_metadata.csv + v6_17_forecast_dropdown_metadata.csv,Direct canonical-taxonomy match.
OPERATIONAL_ENTITY,HDD|Organic|EDB|Consumer|Forest,HDD,HDD - EDB,Organic,EDB,,Consumer,Forest,Forest,,,NAMP166,HDD - EDB,Consumer,Forest,NAMP166,TRUE,TRUE,TRUE,TRUE,TRUE,PREPARED_ACTUALS_AND_FORECASTS,OPERATIONAL,,v6_17_viewer_dropdown_metadata.csv + v6_17_forecast_dropdown_metadata.csv,Direct canonical-taxonomy match.
OPERATIONAL_ENTITY,HDD|Organic|EDB|Consumer|Forest,HDD,HDD - EDB,Organic,EDB,,Consumer,Forest,Forest,,,NAMP167,HDD - EDB,Consumer,Forest,NAMP167,TRUE,TRUE,TRUE,TRUE,TRUE,PREPARED_ACTUALS_AND_FORECASTS,OPERATIONAL,,v6_17_viewer_dropdown_metadata.csv + v6_17_forecast_dropdown_metadata.csv,Direct canonical-taxonomy match.
OPERATIONAL_ENTITY,HDD|Organic|EDB|Consumer|Forest,HDD,HDD - EDB,Organic,EDB,,Consumer,Forest,Forest,,,NAMP169,HDD - EDB,Consumer,Forest,NAMP169,TRUE,TRUE,TRUE,TRUE,TRUE,PREPARED_ACTUALS_AND_FORECASTS,OPERATIONAL,,v6_17_viewer_dropdown_metadata.csv + v6_17_forecast_dropdown_metadata.csv,Direct canonical-taxonomy match.
OPERATIONAL_ENTITY,HDD|Organic|EDB|Consumer|Forest,HDD,HDD - EDB,Organic,EDB,,Consumer,Forest,Forest,,,NAMP170,HDD - EDB,Consumer,Forest,NAMP170,TRUE,TRUE,TRUE,TRUE,TRUE,PREPARED_ACTUALS_AND_FORECASTS,OPERATIONAL,,v6_17_viewer_dropdown_metadata.csv + v6_17_forecast_dropdown_metadata.csv,Direct canonical-taxonomy match.
OPERATIONAL_ENTITY,HDD|Organic|EDB|Consumer|Forest,HDD,HDD - EDB,Organic,EDB,,Consumer,Forest,Forest,,,NAMP171,HDD - EDB,Consumer,Forest,NAMP171,TRUE,TRUE,TRUE,TRUE,TRUE,PREPARED_ACTUALS_AND_FORECASTS,OPERATIONAL,,v6_17_viewer_dropdown_metadata.csv + v6_17_forecast_dropdown_metadata.csv,Direct canonical-taxonomy match.
OPERATIONAL_ENTITY,HDD|Organic|EDB|Consumer|Forest,HDD,HDD - EDB,Organic,EDB,,Consumer,Forest,Forest,,,NAMP172,HDD - EDB,Consumer,Forest,NAMP172,TRUE,TRUE,TRUE,TRUE,TRUE,PREPARED_ACTUALS_AND_FORECASTS,OPERATIONAL,,v6_17_viewer_dropdown_metadata.csv + v6_17_forecast_dropdown_metadata.csv,Direct canonical-taxonomy match.
OPERATIONAL_ENTITY,HDD|Organic|EDB|Consumer|Forest,HDD,HDD - EDB,Organic,EDB,,Consumer,Forest,Forest,,,NAMP173,HDD - EDB,Consumer,Forest,NAMP173,TRUE,TRUE,TRUE,TRUE,TRUE,PREPARED_ACTUALS_AND_FORECASTS,OPERATIONAL,,v6_17_viewer_dropdown_metadata.csv + v6_17_forecast_dropdown_metadata.csv,Direct canonical-taxonomy match.
OPERATIONAL_ENTITY,HDD|Organic|EDB|Consumer|Forest,HDD,HDD - EDB,Organic,EDB,,Consumer,Forest,Forest,,,NAMP197,HDD - EDB,Consumer,Forest,NAMP197,TRUE,TRUE,TRUE,TRUE,TRUE,PREPARED_ACTUALS_AND_FORECASTS,OPERATIONAL,,v6_17_viewer_dropdown_metadata.csv + v6_17_forecast_dropdown_metadata.csv,Direct canonical-taxonomy match.
OPERATIONAL_ENTITY,HDD|Organic|EDB|Consumer|Forest,HDD,HDD - EDB,Organic,EDB,,Consumer,Forest,Forest,,,NAMP220,HDD - EDB,Consumer,Forest,NAMP220,TRUE,TRUE,TRUE,TRUE,TRUE,PREPARED_ACTUALS_AND_FORECASTS,OPERATIONAL,,v6_17_viewer_dropdown_metadata.csv + v6_17_forecast_dropdown_metadata.csv,Direct canonical-taxonomy match.
OPERATIONAL_ENTITY,HDD|Organic|EDB|Consumer|Forest,HDD,HDD - EDB,Organic,EDB,,Consumer,Forest,Forest,,,NAMP221,HDD - EDB,Consumer,Forest,NAMP221,TRUE,TRUE,TRUE,TRUE,TRUE,PREPARED_ACTUALS_AND_FORECASTS,OPERATIONAL,,v6_17_viewer_dropdown_metadata.csv + v6_17_forecast_dropdown_metadata.csv,Direct canonical-taxonomy match.
OPERATIONAL_ENTITY,HDD|Organic|EDB|Consumer|Forest,HDD,HDD - EDB,Organic,EDB,,Consumer,Forest,Forest,,,NAMP222,HDD - EDB,Consumer,Forest,NAMP222,TRUE,TRUE,TRUE,TRUE,TRUE,PREPARED_ACTUALS_AND_FORECASTS,OPERATIONAL,,v6_17_viewer_dropdown_metadata.csv + v6_17_forecast_dropdown_metadata.csv,Direct canonical-taxonomy match.
OPERATIONAL_ENTITY,HDD|Organic|EDB|Consumer|Forest,HDD,HDD - EDB,Organic,EDB,,Consumer,Forest,Forest,,,NAMP223,HDD - EDB,Consumer,Forest,NAMP223,TRUE,TRUE,TRUE,TRUE,TRUE,PREPARED_ACTUALS_AND_FORECASTS,OPERATIONAL,,v6_17_viewer_dropdown_metadata.csv + v6_17_forecast_dropdown_metadata.csv,Direct canonical-taxonomy match.
OPERATIONAL_ENTITY,HDD|Organic|EDB|Consumer|Forest,HDD,HDD - EDB,Organic,EDB,,Consumer,Forest,Forest,,,NAMP283,HDD - EDB,Consumer,Forest,NAMP283,TRUE,TRUE,TRUE,TRUE,TRUE,PREPARED_ACTUALS_AND_FORECASTS,OPERATIONAL,,v6_17_viewer_dropdown_metadata.csv + v6_17_forecast_dropdown_metadata.csv,Direct canonical-taxonomy match.
OPERATIONAL_ENTITY,HDD|Organic|EDB|Consumer|Forest,HDD,HDD - EDB,Organic,EDB,,Consumer,Forest,Forest,,,NAMPRD00,HDD - EDB,Consumer,Forest,NAMPRD00,TRUE,TRUE,TRUE,TRUE,TRUE,PREPARED_ACTUALS_AND_FORECASTS,OPERATIONAL,,v6_17_viewer_dropdown_metadata.csv + v6_17_forecast_dropdown_metadata.csv,Direct canonical-taxonomy match.
OPERATIONAL_ENTITY,HDD|Organic|EDB|Consumer|Forest,HDD,HDD - EDB,Organic,EDB,,Consumer,Forest,Forest,,,NAMPRD01,HDD - EDB,Consumer,Forest,NAMPRD01,TRUE,TRUE,TRUE,TRUE,TRUE,PREPARED_ACTUALS_AND_FORECASTS,OPERATIONAL,,v6_17_viewer_dropdown_metadata.csv + v6_17_forecast_dropdown_metadata.csv,Direct canonical-taxonomy match.
OPERATIONAL_ENTITY,HDD|Organic|EDB|Consumer|Forest,HDD,HDD - EDB,Organic,EDB,,Consumer,Forest,Forest,,,NAMPRD02,HDD - EDB,Consumer,Forest,NAMPRD02,TRUE,TRUE,TRUE,TRUE,TRUE,PREPARED_ACTUALS_AND_FORECASTS,OPERATIONAL,,v6_17_viewer_dropdown_metadata.csv + v6_17_forecast_dropdown_metadata.csv,Direct canonical-taxonomy match.
OPERATIONAL_ENTITY,HDD|Organic|EDB|Consumer|Forest,HDD,HDD - EDB,Organic,EDB,,Consumer,Forest,Forest,,,NAMPRD03,HDD - EDB,Consumer,Forest,NAMPRD03,TRUE,TRUE,TRUE,TRUE,TRUE,PREPARED_ACTUALS_AND_FORECASTS,OPERATIONAL,,v6_17_viewer_dropdown_metadata.csv + v6_17_forecast_dropdown_metadata.csv,Direct canonical-taxonomy match.
OPERATIONAL_ENTITY,HDD|Organic|EDB|Consumer|Forest,HDD,HDD - EDB,Organic,EDB,,Consumer,Forest,Forest,,,NAMPRD04,HDD - EDB,Consumer,Forest,NAMPRD04,TRUE,TRUE,TRUE,TRUE,TRUE,PREPARED_ACTUALS_AND_FORECASTS,OPERATIONAL,,v6_17_viewer_dropdown_metadata.csv + v6_17_forecast_dropdown_metadata.csv,Direct canonical-taxonomy match.
OPERATIONAL_ENTITY,HDD|Organic|EDB|Consumer|Forest,HDD,HDD - EDB,Organic,EDB,,Consumer,Forest,Forest,,,NAMPRD05,HDD - EDB,Consumer,Forest,NAMPRD05,TRUE,TRUE,TRUE,TRUE,TRUE,PREPARED_ACTUALS_AND_FORECASTS,OPERATIONAL,,v6_17_viewer_dropdown_metadata.csv + v6_17_forecast_dropdown_metadata.csv,Direct canonical-taxonomy match.
OPERATIONAL_ENTITY,HDD|Organic|EDB|Consumer|Forest,HDD,HDD - EDB,Organic,EDB,,Consumer,Forest,Forest,,,NAMPRD06,HDD - EDB,Consumer,Forest,NAMPRD06,TRUE,TRUE,TRUE,TRUE,TRUE,PREPARED_ACTUALS_AND_FORECASTS,OPERATIONAL,,v6_17_viewer_dropdown_metadata.csv + v6_17_forecast_dropdown_metadata.csv,Direct canonical-taxonomy match.
OPERATIONAL_ENTITY,HDD|Organic|EDB|Consumer|Forest,HDD,HDD - EDB,Organic,EDB,,Consumer,Forest,Forest,,,NAMPRD07,HDD - EDB,Consumer,Forest,NAMPRD07,TRUE,TRUE,TRUE,TRUE,TRUE,PREPARED_ACTUALS_AND_FORECASTS,OPERATIONAL,,v6_17_viewer_dropdown_metadata.csv + v6_17_forecast_dropdown_metadata.csv,Direct canonical-taxonomy match.
OPERATIONAL_ENTITY,HDD|Organic|EDB|Consumer|Forest,HDD,HDD - EDB,Organic,EDB,,Consumer,Forest,Forest,,,NAMPRD08,HDD - EDB,Consumer,Forest,NAMPRD08,TRUE,TRUE,TRUE,TRUE,TRUE,PREPARED_ACTUALS_AND_FORECASTS,OPERATIONAL,,v6_17_viewer_dropdown_metadata.csv + v6_17_forecast_dropdown_metadata.csv,Direct canonical-taxonomy match.
OPERATIONAL_ENTITY,HDD|Organic|EDB|Consumer|Forest,HDD,HDD - EDB,Organic,EDB,,Consumer,Forest,Forest,,,NAMPRD09,HDD - EDB,Consumer,Forest,NAMPRD09,TRUE,TRUE,TRUE,TRUE,TRUE,PREPARED_ACTUALS_AND_FORECASTS,OPERATIONAL,,v6_17_viewer_dropdown_metadata.csv + v6_17_forecast_dropdown_metadata.csv,Direct canonical-taxonomy match.
OPERATIONAL_ENTITY,HDD|Organic|EDB|Consumer|Forest,HDD,HDD - EDB,Organic,EDB,,Consumer,Forest,Forest,,,NAMPRD10,HDD - EDB,Consumer,Forest,NAMPRD10,TRUE,TRUE,TRUE,TRUE,TRUE,PREPARED_ACTUALS_AND_FORECASTS,OPERATIONAL,,v6_17_viewer_dropdown_metadata.csv + v6_17_forecast_dropdown_metadata.csv,Direct canonical-taxonomy match.
OPERATIONAL_ENTITY,HDD|Organic|EDB|Consumer|Forest,HDD,HDD - EDB,Organic,EDB,,Consumer,Forest,Forest,,,NAMPRD11,HDD - EDB,Consumer,Forest,NAMPRD11,TRUE,TRUE,TRUE,TRUE,TRUE,PREPARED_ACTUALS_AND_FORECASTS,OPERATIONAL,,v6_17_viewer_dropdown_metadata.csv + v6_17_forecast_dropdown_metadata.csv,Direct canonical-taxonomy match.
OPERATIONAL_ENTITY,HDD|Organic|EDB|Consumer|Forest,HDD,HDD - EDB,Organic,EDB,,Consumer,Forest,Forest,,,NAMPRD12,HDD - EDB,Consumer,Forest,NAMPRD12,TRUE,TRUE,TRUE,TRUE,TRUE,PREPARED_ACTUALS_AND_FORECASTS,OPERATIONAL,,v6_17_viewer_dropdown_metadata.csv + v6_17_forecast_dropdown_metadata.csv,Direct canonical-taxonomy match.
OPERATIONAL_ENTITY,HDD|Organic|EDB|Consumer|Forest,HDD,HDD - EDB,Organic,EDB,,Consumer,Forest,Forest,,,NAMPRD13,HDD - EDB,Consumer,Forest,NAMPRD13,TRUE,TRUE,TRUE,TRUE,TRUE,PREPARED_ACTUALS_AND_FORECASTS,OPERATIONAL,,v6_17_viewer_dropdown_metadata.csv + v6_17_forecast_dropdown_metadata.csv,Direct canonical-taxonomy match.
OPERATIONAL_ENTITY,HDD|Organic|EDB|Consumer|Forest,HDD,HDD - EDB,Organic,EDB,,Consumer,Forest,Forest,,,NAMPRD14,HDD - EDB,Consumer,Forest,NAMPRD14,TRUE,TRUE,TRUE,TRUE,TRUE,PREPARED_ACTUALS_AND_FORECASTS,OPERATIONAL,,v6_17_viewer_dropdown_metadata.csv + v6_17_forecast_dropdown_metadata.csv,Direct canonical-taxonomy match.
OPERATIONAL_ENTITY,HDD|Organic|EDB|Consumer|Forest,HDD,HDD - EDB,Organic,EDB,,Consumer,Forest,Forest,,,NAMPRD15,HDD - EDB,Consumer,Forest,NAMPRD15,TRUE,TRUE,TRUE,TRUE,TRUE,PREPARED_ACTUALS_AND_FORECASTS,OPERATIONAL,,v6_17_viewer_dropdown_metadata.csv + v6_17_forecast_dropdown_metadata.csv,Direct canonical-taxonomy match.
OPERATIONAL_ENTITY,HDD|Organic|EDB|Consumer|Forest,HDD,HDD - EDB,Organic,EDB,,Consumer,Forest,Forest,,,NAMPRD16,HDD - EDB,Consumer,Forest,NAMPRD16,TRUE,TRUE,TRUE,TRUE,TRUE,PREPARED_ACTUALS_AND_FORECASTS,OPERATIONAL,,v6_17_viewer_dropdown_metadata.csv + v6_17_forecast_dropdown_metadata.csv,Direct canonical-taxonomy match.
OPERATIONAL_ENTITY,HDD|Organic|EDB|Consumer|Forest,HDD,HDD - EDB,Organic,EDB,,Consumer,Forest,Forest,,,NAMPRD17,HDD - EDB,Consumer,Forest,NAMPRD17,TRUE,TRUE,TRUE,TRUE,TRUE,PREPARED_ACTUALS_AND_FORECASTS,OPERATIONAL,,v6_17_viewer_dropdown_metadata.csv + v6_17_forecast_dropdown_metadata.csv,Direct canonical-taxonomy match.
OPERATIONAL_ENTITY,HDD|Organic|EDB|Consumer|Forest,HDD,HDD - EDB,Organic,EDB,,Consumer,Forest,Forest,,,NAMPRD18,HDD - EDB,Consumer,Forest,NAMPRD18,TRUE,TRUE,TRUE,TRUE,TRUE,PREPARED_ACTUALS_AND_FORECASTS,OPERATIONAL,,v6_17_viewer_dropdown_metadata.csv + v6_17_forecast_dropdown_metadata.csv,Direct canonical-taxonomy match.
OPERATIONAL_ENTITY,HDD|Organic|EDB|Consumer|Forest,HDD,HDD - EDB,Organic,EDB,,Consumer,Forest,Forest,,,NAMPRD19,HDD - EDB,Consumer,Forest,NAMPRD19,TRUE,TRUE,TRUE,TRUE,TRUE,PREPARED_ACTUALS_AND_FORECASTS,OPERATIONAL,,v6_17_viewer_dropdown_metadata.csv + v6_17_forecast_dropdown_metadata.csv,Direct canonical-taxonomy match.
OPERATIONAL_ENTITY,HDD|Organic|EDB|Consumer|Forest,HDD,HDD - EDB,Organic,EDB,,Consumer,Forest,Forest,,,NAMPRD20,HDD - EDB,Consumer,Forest,NAMPRD20,TRUE,TRUE,TRUE,TRUE,TRUE,PREPARED_ACTUALS_AND_FORECASTS,OPERATIONAL,,v6_17_viewer_dropdown_metadata.csv + v6_17_forecast_dropdown_metadata.csv,Direct canonical-taxonomy match.
OPERATIONAL_ENTITY,HDD|Organic|EDB|Consumer|Forest,HDD,HDD - EDB,Organic,EDB,,Consumer,Forest,Forest,,,NAMPRD21,HDD - EDB,Consumer,Forest,NAMPRD21,TRUE,TRUE,TRUE,TRUE,TRUE,PREPARED_ACTUALS_AND_FORECASTS,OPERATIONAL,,v6_17_viewer_dropdown_metadata.csv + v6_17_forecast_dropdown_metadata.csv,Direct canonical-taxonomy match.
OPERATIONAL_ENTITY,HDD|Organic|EDB|Consumer|Forest,HDD,HDD - EDB,Organic,EDB,,Consumer,Forest,Forest,,,NAMPRD22,HDD - EDB,Consumer,Forest,NAMPRD22,TRUE,TRUE,TRUE,TRUE,TRUE,PREPARED_ACTUALS_AND_FORECASTS,OPERATIONAL,,v6_17_viewer_dropdown_metadata.csv + v6_17_forecast_dropdown_metadata.csv,Direct canonical-taxonomy match.
OPERATIONAL_ENTITY,HDD|Organic|EDB|Consumer|Forest,HDD,HDD - EDB,Organic,EDB,,Consumer,Forest,Forest,,,NAMPRD84,HDD - EDB,Consumer,Forest,NAMPRD84,TRUE,TRUE,TRUE,TRUE,TRUE,PREPARED_ACTUALS_AND_FORECASTS,OPERATIONAL,,v6_17_viewer_dropdown_metadata.csv + v6_17_forecast_dropdown_metadata.csv,Direct canonical-taxonomy match.
OPERATIONAL_ENTITY,HDD|Organic|EDB|Consumer|Forest,HDD,HDD - EDB,Organic,EDB,,Consumer,Forest,Forest,,,NAMPRD85,HDD - EDB,Consumer,Forest,NAMPRD85,TRUE,TRUE,TRUE,TRUE,TRUE,PREPARED_ACTUALS_AND_FORECASTS,OPERATIONAL,,v6_17_viewer_dropdown_metadata.csv + v6_17_forecast_dropdown_metadata.csv,Direct canonical-taxonomy match.
OPERATIONAL_ENTITY,HDD|Organic|EDB|Consumer|Forest,HDD,HDD - EDB,Organic,EDB,,Consumer,Forest,Forest,,,NORP279,HDD - EDB,Consumer,Forest,NORP279,TRUE,TRUE,TRUE,TRUE,TRUE,PREPARED_ACTUALS_AND_FORECASTS,OPERATIONAL,,v6_17_viewer_dropdown_metadata.csv + v6_17_forecast_dropdown_metadata.csv,Direct canonical-taxonomy match.
OPERATIONAL_ENTITY,HDD|Organic|EDB|Consumer|Forest,HDD,HDD - EDB,Organic,EDB,,Consumer,Forest,Forest,,,NZLP299,HDD - EDB,Consumer,Forest,NZLP299,TRUE,TRUE,TRUE,TRUE,TRUE,PREPARED_ACTUALS_AND_FORECASTS,OPERATIONAL,,v6_17_viewer_dropdown_metadata.csv + v6_17_forecast_dropdown_metadata.csv,Direct canonical-taxonomy match.
OPERATIONAL_ENTITY,HDD|Organic|EDB|Consumer|Forest,HDD,HDD - EDB,Organic,EDB,,Consumer,Forest,Forest,,,POLP291,HDD - EDB,Consumer,Forest,POLP291,TRUE,TRUE,TRUE,TRUE,TRUE,PREPARED_ACTUALS_AND_FORECASTS,OPERATIONAL,,v6_17_viewer_dropdown_metadata.csv + v6_17_forecast_dropdown_metadata.csv,Direct canonical-taxonomy match.
OPERATIONAL_ENTITY,HDD|Organic|EDB|Consumer|Forest,HDD,HDD - EDB,Organic,EDB,,Consumer,Forest,Forest,,,QATP289,HDD - EDB,Consumer,Forest,QATP289,TRUE,TRUE,TRUE,TRUE,TRUE,PREPARED_ACTUALS_AND_FORECASTS,OPERATIONAL,,v6_17_viewer_dropdown_metadata.csv + v6_17_forecast_dropdown_metadata.csv,Direct canonical-taxonomy match.
OPERATIONAL_ENTITY,HDD|Organic|EDB|Consumer|Forest,HDD,HDD - EDB,Organic,EDB,,Consumer,Forest,Forest,,,SGPP274,HDD - EDB,Consumer,Forest,SGPP274,TRUE,TRUE,TRUE,TRUE,TRUE,PREPARED_ACTUALS_AND_FORECASTS,OPERATIONAL,,v6_17_viewer_dropdown_metadata.csv + v6_17_forecast_dropdown_metadata.csv,Direct canonical-taxonomy match.
OPERATIONAL_ENTITY,HDD|Organic|EDB|Consumer|Forest,HDD,HDD - EDB,Organic,EDB,,Consumer,Forest,Forest,,,SWEP280,HDD - EDB,Consumer,Forest,SWEP280,TRUE,TRUE,TRUE,TRUE,TRUE,PREPARED_ACTUALS_AND_FORECASTS,OPERATIONAL,,v6_17_viewer_dropdown_metadata.csv + v6_17_forecast_dropdown_metadata.csv,Direct canonical-taxonomy match.
OPERATIONAL_ENTITY,HDD|Organic|EDB|Consumer|Forest,HDD,HDD - EDB,Organic,EDB,,Consumer,Forest,Forest,,,TWNP295,HDD - EDB,Consumer,Forest,TWNP295,TRUE,TRUE,TRUE,TRUE,TRUE,PREPARED_ACTUALS_AND_FORECASTS,OPERATIONAL,,v6_17_viewer_dropdown_metadata.csv + v6_17_forecast_dropdown_metadata.csv,Direct canonical-taxonomy match.
OPERATIONAL_ENTITY,HDD|Organic|EDB|Consumer|Forest,HDD,HDD - EDB,Organic,EDB,,Consumer,Forest,Forest,,,ZAFP275,HDD - EDB,Consumer,Forest,ZAFP275,TRUE,TRUE,TRUE,TRUE,TRUE,PREPARED_ACTUALS_AND_FORECASTS,OPERATIONAL,,v6_17_viewer_dropdown_metadata.csv + v6_17_forecast_dropdown_metadata.csv,Direct canonical-taxonomy match.
OPERATIONAL_ENTITY,HDD|Organic|EDB|Consumer|Region,HDD,HDD - EDB,Organic,EDB,,Consumer,Region,Region,,,APC-Dedicated,HDD - EDB,Consumer,Region,APC-Dedicated,TRUE,TRUE,TRUE,TRUE,TRUE,PREPARED_ACTUALS_AND_FORECASTS,OPERATIONAL,,v6_17_viewer_dropdown_metadata.csv + v6_17_forecast_dropdown_metadata.csv,Direct canonical-taxonomy match.
OPERATIONAL_ENTITY,HDD|Organic|EDB|Consumer|Region,HDD,HDD - EDB,Organic,EDB,,Consumer,Region,Region,,,APC-MSIT,HDD - EDB,Consumer,Region,APC-MSIT,TRUE,TRUE,TRUE,TRUE,TRUE,PREPARED_ACTUALS_AND_FORECASTS,OPERATIONAL,,v6_17_viewer_dropdown_metadata.csv + v6_17_forecast_dropdown_metadata.csv,Direct canonical-taxonomy match.
OPERATIONAL_ENTITY,HDD|Organic|EDB|Consumer|Region,HDD,HDD - EDB,Organic,EDB,,Consumer,Region,Region,,,APC-Multitenant,HDD - EDB,Consumer,Region,APC-Multitenant,TRUE,TRUE,TRUE,TRUE,TRUE,PREPARED_ACTUALS_AND_FORECASTS,OPERATIONAL,,v6_17_viewer_dropdown_metadata.csv + v6_17_forecast_dropdown_metadata.csv,Direct canonical-taxonomy match.
OPERATIONAL_ENTITY,HDD|Organic|EDB|Consumer|Region,HDD,HDD - EDB,Organic,EDB,,Consumer,Region,Region,,,ARE-Go Local,HDD - EDB,Consumer,Region,ARE-Go Local,TRUE,TRUE,TRUE,TRUE,TRUE,PREPARED_ACTUALS_AND_FORECASTS,OPERATIONAL,,v6_17_viewer_dropdown_metadata.csv + v6_17_forecast_dropdown_metadata.csv,Direct canonical-taxonomy match.
OPERATIONAL_ENTITY,HDD|Organic|EDB|Consumer|Region,HDD,HDD - EDB,Organic,EDB,,Consumer,Region,Region,,,AUS-Go Local,HDD - EDB,Consumer,Region,AUS-Go Local,TRUE,TRUE,TRUE,TRUE,TRUE,PREPARED_ACTUALS_AND_FORECASTS,OPERATIONAL,,v6_17_viewer_dropdown_metadata.csv + v6_17_forecast_dropdown_metadata.csv,Direct canonical-taxonomy match.
OPERATIONAL_ENTITY,HDD|Organic|EDB|Consumer|Region,HDD,HDD - EDB,Organic,EDB,,Consumer,Region,Region,,,AUT-Go Local,HDD - EDB,Consumer,Region,AUT-Go Local,TRUE,TRUE,TRUE,TRUE,TRUE,PREPARED_ACTUALS_AND_FORECASTS,OPERATIONAL,,v6_17_viewer_dropdown_metadata.csv + v6_17_forecast_dropdown_metadata.csv,Direct canonical-taxonomy match.
OPERATIONAL_ENTITY,HDD|Organic|EDB|Consumer|Region,HDD,HDD - EDB,Organic,EDB,,Consumer,Region,Region,,,BRA-Go Local,HDD - EDB,Consumer,Region,BRA-Go Local,TRUE,TRUE,TRUE,TRUE,TRUE,PREPARED_ACTUALS_AND_FORECASTS,OPERATIONAL,,v6_17_viewer_dropdown_metadata.csv + v6_17_forecast_dropdown_metadata.csv,Direct canonical-taxonomy match.
OPERATIONAL_ENTITY,HDD|Organic|EDB|Consumer|Region,HDD,HDD - EDB,Organic,EDB,,Consumer,Region,Region,,,CAN-Go Local,HDD - EDB,Consumer,Region,CAN-Go Local,TRUE,TRUE,TRUE,TRUE,TRUE,PREPARED_ACTUALS_AND_FORECASTS,OPERATIONAL,,v6_17_viewer_dropdown_metadata.csv + v6_17_forecast_dropdown_metadata.csv,Direct canonical-taxonomy match.
OPERATIONAL_ENTITY,HDD|Organic|EDB|Consumer|Region,HDD,HDD - EDB,Organic,EDB,,Consumer,Region,Region,,,CHE-Go Local,HDD - EDB,Consumer,Region,CHE-Go Local,TRUE,TRUE,TRUE,TRUE,TRUE,PREPARED_ACTUALS_AND_FORECASTS,OPERATIONAL,,v6_17_viewer_dropdown_metadata.csv + v6_17_forecast_dropdown_metadata.csv,Direct canonical-taxonomy match.
OPERATIONAL_ENTITY,HDD|Organic|EDB|Consumer|Region,HDD,HDD - EDB,Organic,EDB,,Consumer,Region,Region,,,CHL-Go Local,HDD - EDB,Consumer,Region,CHL-Go Local,TRUE,TRUE,TRUE,TRUE,TRUE,PREPARED_ACTUALS_AND_FORECASTS,OPERATIONAL,,v6_17_viewer_dropdown_metadata.csv + v6_17_forecast_dropdown_metadata.csv,Direct canonical-taxonomy match.
OPERATIONAL_ENTITY,HDD|Organic|EDB|Consumer|Region,HDD,HDD - EDB,Organic,EDB,,Consumer,Region,Region,,,DEU-Go Local,HDD - EDB,Consumer,Region,DEU-Go Local,TRUE,TRUE,TRUE,TRUE,TRUE,PREPARED_ACTUALS_AND_FORECASTS,OPERATIONAL,,v6_17_viewer_dropdown_metadata.csv + v6_17_forecast_dropdown_metadata.csv,Direct canonical-taxonomy match.
OPERATIONAL_ENTITY,HDD|Organic|EDB|Consumer|Region,HDD,HDD - EDB,Organic,EDB,,Consumer,Region,Region,,,DNK-Go Local,HDD - EDB,Consumer,Region,DNK-Go Local,TRUE,TRUE,TRUE,TRUE,TRUE,PREPARED_ACTUALS_AND_FORECASTS,OPERATIONAL,,v6_17_viewer_dropdown_metadata.csv + v6_17_forecast_dropdown_metadata.csv,Direct canonical-taxonomy match.
OPERATIONAL_ENTITY,HDD|Organic|EDB|Consumer|Region,HDD,HDD - EDB,Organic,EDB,,Consumer,Region,Region,,,ESP-Go Local,HDD - EDB,Consumer,Region,ESP-Go Local,TRUE,TRUE,TRUE,TRUE,TRUE,PREPARED_ACTUALS_AND_FORECASTS,OPERATIONAL,,v6_17_viewer_dropdown_metadata.csv + v6_17_forecast_dropdown_metadata.csv,Direct canonical-taxonomy match.
OPERATIONAL_ENTITY,HDD|Organic|EDB|Consumer|Region,HDD,HDD - EDB,Organic,EDB,,Consumer,Region,Region,,,EUR-Dedicated,HDD - EDB,Consumer,Region,EUR-Dedicated,TRUE,TRUE,TRUE,TRUE,TRUE,PREPARED_ACTUALS_AND_FORECASTS,OPERATIONAL,,v6_17_viewer_dropdown_metadata.csv + v6_17_forecast_dropdown_metadata.csv,Direct canonical-taxonomy match.
OPERATIONAL_ENTITY,HDD|Organic|EDB|Consumer|Region,HDD,HDD - EDB,Organic,EDB,,Consumer,Region,Region,,,EUR-Go Local,HDD - EDB,Consumer,Region,EUR-Go Local,TRUE,TRUE,TRUE,TRUE,TRUE,PREPARED_ACTUALS_AND_FORECASTS,OPERATIONAL,,v6_17_viewer_dropdown_metadata.csv + v6_17_forecast_dropdown_metadata.csv,Direct canonical-taxonomy match.
OPERATIONAL_ENTITY,HDD|Organic|EDB|Consumer|Region,HDD,HDD - EDB,Organic,EDB,,Consumer,Region,Region,,,EUR-MSIT,HDD - EDB,Consumer,Region,EUR-MSIT,TRUE,TRUE,TRUE,TRUE,TRUE,PREPARED_ACTUALS_AND_FORECASTS,OPERATIONAL,,v6_17_viewer_dropdown_metadata.csv + v6_17_forecast_dropdown_metadata.csv,Direct canonical-taxonomy match.
OPERATIONAL_ENTITY,HDD|Organic|EDB|Consumer|Region,HDD,HDD - EDB,Organic,EDB,,Consumer,Region,Region,,,EUR-Multitenant,HDD - EDB,Consumer,Region,EUR-Multitenant,TRUE,TRUE,TRUE,TRUE,TRUE,PREPARED_ACTUALS_AND_FORECASTS,OPERATIONAL,,v6_17_viewer_dropdown_metadata.csv + v6_17_forecast_dropdown_metadata.csv,Direct canonical-taxonomy match.
OPERATIONAL_ENTITY,HDD|Organic|EDB|Consumer|Region,HDD,HDD - EDB,Organic,EDB,,Consumer,Region,Region,,,FRA-Go Local,HDD - EDB,Consumer,Region,FRA-Go Local,TRUE,TRUE,TRUE,TRUE,TRUE,PREPARED_ACTUALS_AND_FORECASTS,OPERATIONAL,,v6_17_viewer_dropdown_metadata.csv + v6_17_forecast_dropdown_metadata.csv,Direct canonical-taxonomy match.
OPERATIONAL_ENTITY,HDD|Organic|EDB|Consumer|Region,HDD,HDD - EDB,Organic,EDB,,Consumer,Region,Region,,,GBR-Dedicated,HDD - EDB,Consumer,Region,GBR-Dedicated,TRUE,TRUE,TRUE,TRUE,TRUE,PREPARED_ACTUALS_AND_FORECASTS,OPERATIONAL,,v6_17_viewer_dropdown_metadata.csv + v6_17_forecast_dropdown_metadata.csv,Direct canonical-taxonomy match.
OPERATIONAL_ENTITY,HDD|Organic|EDB|Consumer|Region,HDD,HDD - EDB,Organic,EDB,,Consumer,Region,Region,,,GBR-Go Local,HDD - EDB,Consumer,Region,GBR-Go Local,TRUE,TRUE,TRUE,TRUE,TRUE,PREPARED_ACTUALS_AND_FORECASTS,OPERATIONAL,,v6_17_viewer_dropdown_metadata.csv + v6_17_forecast_dropdown_metadata.csv,Direct canonical-taxonomy match.
OPERATIONAL_ENTITY,HDD|Organic|EDB|Consumer|Region,HDD,HDD - EDB,Organic,EDB,,Consumer,Region,Region,,,IDN-Go Local,HDD - EDB,Consumer,Region,IDN-Go Local,TRUE,TRUE,TRUE,TRUE,TRUE,PREPARED_ACTUALS_AND_FORECASTS,OPERATIONAL,,v6_17_viewer_dropdown_metadata.csv + v6_17_forecast_dropdown_metadata.csv,Direct canonical-taxonomy match.
OPERATIONAL_ENTITY,HDD|Organic|EDB|Consumer|Region,HDD,HDD - EDB,Organic,EDB,,Consumer,Region,Region,,,IND-Go Local,HDD - EDB,Consumer,Region,IND-Go Local,TRUE,TRUE,TRUE,TRUE,TRUE,PREPARED_ACTUALS_AND_FORECASTS,OPERATIONAL,,v6_17_viewer_dropdown_metadata.csv + v6_17_forecast_dropdown_metadata.csv,Direct canonical-taxonomy match.
OPERATIONAL_ENTITY,HDD|Organic|EDB|Consumer|Region,HDD,HDD - EDB,Organic,EDB,,Consumer,Region,Region,,,ISR-Go Local,HDD - EDB,Consumer,Region,ISR-Go Local,TRUE,TRUE,TRUE,TRUE,TRUE,PREPARED_ACTUALS_AND_FORECASTS,OPERATIONAL,,v6_17_viewer_dropdown_metadata.csv + v6_17_forecast_dropdown_metadata.csv,Direct canonical-taxonomy match.
OPERATIONAL_ENTITY,HDD|Organic|EDB|Consumer|Region,HDD,HDD - EDB,Organic,EDB,,Consumer,Region,Region,,,ITA-Go Local,HDD - EDB,Consumer,Region,ITA-Go Local,TRUE,TRUE,TRUE,TRUE,TRUE,PREPARED_ACTUALS_AND_FORECASTS,OPERATIONAL,,v6_17_viewer_dropdown_metadata.csv + v6_17_forecast_dropdown_metadata.csv,Direct canonical-taxonomy match.
OPERATIONAL_ENTITY,HDD|Organic|EDB|Consumer|Region,HDD,HDD - EDB,Organic,EDB,,Consumer,Region,Region,,,JPN-Go Local,HDD - EDB,Consumer,Region,JPN-Go Local,TRUE,TRUE,TRUE,TRUE,TRUE,PREPARED_ACTUALS_AND_FORECASTS,OPERATIONAL,,v6_17_viewer_dropdown_metadata.csv + v6_17_forecast_dropdown_metadata.csv,Direct canonical-taxonomy match.
OPERATIONAL_ENTITY,HDD|Organic|EDB|Consumer|Region,HDD,HDD - EDB,Organic,EDB,,Consumer,Region,Region,,,KOR-Go Local,HDD - EDB,Consumer,Region,KOR-Go Local,TRUE,TRUE,TRUE,TRUE,TRUE,PREPARED_ACTUALS_AND_FORECASTS,OPERATIONAL,,v6_17_viewer_dropdown_metadata.csv + v6_17_forecast_dropdown_metadata.csv,Direct canonical-taxonomy match.
OPERATIONAL_ENTITY,HDD|Organic|EDB|Consumer|Region,HDD,HDD - EDB,Organic,EDB,,Consumer,Region,Region,,,LAM-Multitenant,HDD - EDB,Consumer,Region,LAM-Multitenant,TRUE,TRUE,TRUE,TRUE,TRUE,PREPARED_ACTUALS_AND_FORECASTS,OPERATIONAL,,v6_17_viewer_dropdown_metadata.csv + v6_17_forecast_dropdown_metadata.csv,Direct canonical-taxonomy match.
OPERATIONAL_ENTITY,HDD|Organic|EDB|Consumer|Region,HDD,HDD - EDB,Organic,EDB,,Consumer,Region,Region,,,MEX-Go Local,HDD - EDB,Consumer,Region,MEX-Go Local,TRUE,TRUE,TRUE,TRUE,TRUE,PREPARED_ACTUALS_AND_FORECASTS,OPERATIONAL,,v6_17_viewer_dropdown_metadata.csv + v6_17_forecast_dropdown_metadata.csv,Direct canonical-taxonomy match.
OPERATIONAL_ENTITY,HDD|Organic|EDB|Consumer|Region,HDD,HDD - EDB,Organic,EDB,,Consumer,Region,Region,,,MYS-Go Local,HDD - EDB,Consumer,Region,MYS-Go Local,TRUE,TRUE,TRUE,TRUE,TRUE,PREPARED_ACTUALS_AND_FORECASTS,OPERATIONAL,,v6_17_viewer_dropdown_metadata.csv + v6_17_forecast_dropdown_metadata.csv,Direct canonical-taxonomy match.
OPERATIONAL_ENTITY,HDD|Organic|EDB|Consumer|Region,HDD,HDD - EDB,Organic,EDB,,Consumer,Region,Region,,,NAM-Dedicated,HDD - EDB,Consumer,Region,NAM-Dedicated,TRUE,TRUE,TRUE,TRUE,TRUE,PREPARED_ACTUALS_AND_FORECASTS,OPERATIONAL,,v6_17_viewer_dropdown_metadata.csv + v6_17_forecast_dropdown_metadata.csv,Direct canonical-taxonomy match.
OPERATIONAL_ENTITY,HDD|Organic|EDB|Consumer|Region,HDD,HDD - EDB,Organic,EDB,,Consumer,Region,Region,,,NAM-GCC Low,HDD - EDB,Consumer,Region,NAM-GCC Low,TRUE,TRUE,TRUE,TRUE,TRUE,PREPARED_ACTUALS_AND_FORECASTS,OPERATIONAL,,v6_17_viewer_dropdown_metadata.csv + v6_17_forecast_dropdown_metadata.csv,Direct canonical-taxonomy match.
OPERATIONAL_ENTITY,HDD|Organic|EDB|Consumer|Region,HDD,HDD - EDB,Organic,EDB,,Consumer,Region,Region,,,NAM-ITAR DoD,HDD - EDB,Consumer,Region,NAM-ITAR DoD,TRUE,TRUE,TRUE,TRUE,TRUE,PREPARED_ACTUALS_AND_FORECASTS,OPERATIONAL,,v6_17_viewer_dropdown_metadata.csv + v6_17_forecast_dropdown_metadata.csv,Direct canonical-taxonomy match.
OPERATIONAL_ENTITY,HDD|Organic|EDB|Consumer|Region,HDD,HDD - EDB,Organic,EDB,,Consumer,Region,Region,,,NAM-ITAR GCCH,HDD - EDB,Consumer,Region,NAM-ITAR GCCH,TRUE,TRUE,TRUE,TRUE,TRUE,PREPARED_ACTUALS_AND_FORECASTS,OPERATIONAL,,v6_17_viewer_dropdown_metadata.csv + v6_17_forecast_dropdown_metadata.csv,Direct canonical-taxonomy match.
OPERATIONAL_ENTITY,HDD|Organic|EDB|Consumer|Region,HDD,HDD - EDB,Organic,EDB,,Consumer,Region,Region,,,NAM-MSIT,HDD - EDB,Consumer,Region,NAM-MSIT,TRUE,TRUE,TRUE,TRUE,TRUE,PREPARED_ACTUALS_AND_FORECASTS,OPERATIONAL,,v6_17_viewer_dropdown_metadata.csv + v6_17_forecast_dropdown_metadata.csv,Direct canonical-taxonomy match.
OPERATIONAL_ENTITY,HDD|Organic|EDB|Consumer|Region,HDD,HDD - EDB,Organic,EDB,,Consumer,Region,Region,,,NAM-Multitenant,HDD - EDB,Consumer,Region,NAM-Multitenant,TRUE,TRUE,TRUE,TRUE,TRUE,PREPARED_ACTUALS_AND_FORECASTS,OPERATIONAL,,v6_17_viewer_dropdown_metadata.csv + v6_17_forecast_dropdown_metadata.csv,Direct canonical-taxonomy match.
OPERATIONAL_ENTITY,HDD|Organic|EDB|Consumer|Region,HDD,HDD - EDB,Organic,EDB,,Consumer,Region,Region,,,NAM-SDF,HDD - EDB,Consumer,Region,NAM-SDF,TRUE,TRUE,TRUE,TRUE,TRUE,PREPARED_ACTUALS_AND_FORECASTS,OPERATIONAL,,v6_17_viewer_dropdown_metadata.csv + v6_17_forecast_dropdown_metadata.csv,Direct canonical-taxonomy match.
OPERATIONAL_ENTITY,HDD|Organic|EDB|Consumer|Region,HDD,HDD - EDB,Organic,EDB,,Consumer,Region,Region,,,NAM-TDF,HDD - EDB,Consumer,Region,NAM-TDF,TRUE,TRUE,TRUE,TRUE,TRUE,PREPARED_ACTUALS_AND_FORECASTS,OPERATIONAL,,v6_17_viewer_dropdown_metadata.csv + v6_17_forecast_dropdown_metadata.csv,Direct canonical-taxonomy match.
OPERATIONAL_ENTITY,HDD|Organic|EDB|Consumer|Region,HDD,HDD - EDB,Organic,EDB,,Consumer,Region,Region,,,NOR-Go Local,HDD - EDB,Consumer,Region,NOR-Go Local,TRUE,TRUE,TRUE,TRUE,TRUE,PREPARED_ACTUALS_AND_FORECASTS,OPERATIONAL,,v6_17_viewer_dropdown_metadata.csv + v6_17_forecast_dropdown_metadata.csv,Direct canonical-taxonomy match.
OPERATIONAL_ENTITY,HDD|Organic|EDB|Consumer|Region,HDD,HDD - EDB,Organic,EDB,,Consumer,Region,Region,,,NZL-Go Local,HDD - EDB,Consumer,Region,NZL-Go Local,TRUE,TRUE,TRUE,TRUE,TRUE,PREPARED_ACTUALS_AND_FORECASTS,OPERATIONAL,,v6_17_viewer_dropdown_metadata.csv + v6_17_forecast_dropdown_metadata.csv,Direct canonical-taxonomy match.
OPERATIONAL_ENTITY,HDD|Organic|EDB|Consumer|Region,HDD,HDD - EDB,Organic,EDB,,Consumer,Region,Region,,,POL-Go Local,HDD - EDB,Consumer,Region,POL-Go Local,TRUE,TRUE,TRUE,TRUE,TRUE,PREPARED_ACTUALS_AND_FORECASTS,OPERATIONAL,,v6_17_viewer_dropdown_metadata.csv + v6_17_forecast_dropdown_metadata.csv,Direct canonical-taxonomy match.
OPERATIONAL_ENTITY,HDD|Organic|EDB|Consumer|Region,HDD,HDD - EDB,Organic,EDB,,Consumer,Region,Region,,,QAT-Go Local,HDD - EDB,Consumer,Region,QAT-Go Local,TRUE,TRUE,TRUE,TRUE,TRUE,PREPARED_ACTUALS_AND_FORECASTS,OPERATIONAL,,v6_17_viewer_dropdown_metadata.csv + v6_17_forecast_dropdown_metadata.csv,Direct canonical-taxonomy match.
OPERATIONAL_ENTITY,HDD|Organic|EDB|Consumer|Region,HDD,HDD - EDB,Organic,EDB,,Consumer,Region,Region,,,SGP-Go Local,HDD - EDB,Consumer,Region,SGP-Go Local,TRUE,TRUE,TRUE,TRUE,TRUE,PREPARED_ACTUALS_AND_FORECASTS,OPERATIONAL,,v6_17_viewer_dropdown_metadata.csv + v6_17_forecast_dropdown_metadata.csv,Direct canonical-taxonomy match.
OPERATIONAL_ENTITY,HDD|Organic|EDB|Consumer|Region,HDD,HDD - EDB,Organic,EDB,,Consumer,Region,Region,,,SWE-Go Local,HDD - EDB,Consumer,Region,SWE-Go Local,TRUE,TRUE,TRUE,TRUE,TRUE,PREPARED_ACTUALS_AND_FORECASTS,OPERATIONAL,,v6_17_viewer_dropdown_metadata.csv + v6_17_forecast_dropdown_metadata.csv,Direct canonical-taxonomy match.
OPERATIONAL_ENTITY,HDD|Organic|EDB|Consumer|Region,HDD,HDD - EDB,Organic,EDB,,Consumer,Region,Region,,,TWN-Go Local,HDD - EDB,Consumer,Region,TWN-Go Local,TRUE,TRUE,TRUE,TRUE,TRUE,PREPARED_ACTUALS_AND_FORECASTS,OPERATIONAL,,v6_17_viewer_dropdown_metadata.csv + v6_17_forecast_dropdown_metadata.csv,Direct canonical-taxonomy match.
OPERATIONAL_ENTITY,HDD|Organic|EDB|Consumer|Region,HDD,HDD - EDB,Organic,EDB,,Consumer,Region,Region,,,ZAF-Go Local,HDD - EDB,Consumer,Region,ZAF-Go Local,TRUE,TRUE,TRUE,TRUE,TRUE,PREPARED_ACTUALS_AND_FORECASTS,OPERATIONAL,,v6_17_viewer_dropdown_metadata.csv + v6_17_forecast_dropdown_metadata.csv,Direct canonical-taxonomy match.
OPERATIONAL_ENTITY,HDD|Organic|EDB|Enterprise|Forest,HDD,HDD - EDB,Organic,EDB,,Enterprise,Forest,Forest,,,APCP150,HDD - EDB,Enterprise,Forest,APCP150,TRUE,TRUE,TRUE,TRUE,TRUE,PREPARED_ACTUALS_AND_FORECASTS,OPERATIONAL,,v6_17_viewer_dropdown_metadata.csv + v6_17_forecast_dropdown_metadata.csv,Direct canonical-taxonomy match.
OPERATIONAL_ENTITY,HDD|Organic|EDB|Enterprise|Forest,HDD,HDD - EDB,Organic,EDB,,Enterprise,Forest,Forest,,,APCP153,HDD - EDB,Enterprise,Forest,APCP153,TRUE,TRUE,TRUE,TRUE,TRUE,PREPARED_ACTUALS_AND_FORECASTS,OPERATIONAL,,v6_17_viewer_dropdown_metadata.csv + v6_17_forecast_dropdown_metadata.csv,Direct canonical-taxonomy match.
OPERATIONAL_ENTITY,HDD|Organic|EDB|Enterprise|Forest,HDD,HDD - EDB,Organic,EDB,,Enterprise,Forest,Forest,,,APCPRD01,HDD - EDB,Enterprise,Forest,APCPRD01,TRUE,TRUE,TRUE,TRUE,TRUE,PREPARED_ACTUALS_AND_FORECASTS,OPERATIONAL,,v6_17_viewer_dropdown_metadata.csv + v6_17_forecast_dropdown_metadata.csv,Direct canonical-taxonomy match.
OPERATIONAL_ENTITY,HDD|Organic|EDB|Enterprise|Forest,HDD,HDD - EDB,Organic,EDB,,Enterprise,Forest,Forest,,,APCPRD02,HDD - EDB,Enterprise,Forest,APCPRD02,TRUE,TRUE,TRUE,TRUE,TRUE,PREPARED_ACTUALS_AND_FORECASTS,OPERATIONAL,,v6_17_viewer_dropdown_metadata.csv + v6_17_forecast_dropdown_metadata.csv,Direct canonical-taxonomy match.
OPERATIONAL_ENTITY,HDD|Organic|EDB|Enterprise|Forest,HDD,HDD - EDB,Organic,EDB,,Enterprise,Forest,Forest,,,APCPRD03,HDD - EDB,Enterprise,Forest,APCPRD03,TRUE,TRUE,TRUE,TRUE,TRUE,PREPARED_ACTUALS_AND_FORECASTS,OPERATIONAL,,v6_17_viewer_dropdown_metadata.csv + v6_17_forecast_dropdown_metadata.csv,Direct canonical-taxonomy match.
OPERATIONAL_ENTITY,HDD|Organic|EDB|Enterprise|Forest,HDD,HDD - EDB,Organic,EDB,,Enterprise,Forest,Forest,,,APCPRD04,HDD - EDB,Enterprise,Forest,APCPRD04,TRUE,TRUE,TRUE,TRUE,TRUE,PREPARED_ACTUALS_AND_FORECASTS,OPERATIONAL,,v6_17_viewer_dropdown_metadata.csv + v6_17_forecast_dropdown_metadata.csv,Direct canonical-taxonomy match.
OPERATIONAL_ENTITY,HDD|Organic|EDB|Enterprise|Forest,HDD,HDD - EDB,Organic,EDB,,Enterprise,Forest,Forest,,,APCPRD06,HDD - EDB,Enterprise,Forest,APCPRD06,TRUE,TRUE,TRUE,TRUE,TRUE,PREPARED_ACTUALS_AND_FORECASTS,OPERATIONAL,,v6_17_viewer_dropdown_metadata.csv + v6_17_forecast_dropdown_metadata.csv,Direct canonical-taxonomy match.
OPERATIONAL_ENTITY,HDD|Organic|EDB|Enterprise|Forest,HDD,HDD - EDB,Organic,EDB,,Enterprise,Forest,Forest,,,AREP273,HDD - EDB,Enterprise,Forest,AREP273,TRUE,TRUE,TRUE,TRUE,TRUE,PREPARED_ACTUALS_AND_FORECASTS,OPERATIONAL,,v6_17_viewer_dropdown_metadata.csv + v6_17_forecast_dropdown_metadata.csv,Direct canonical-taxonomy match.
OPERATIONAL_ENTITY,HDD|Organic|EDB|Enterprise|Forest,HDD,HDD - EDB,Organic,EDB,,Enterprise,Forest,Forest,,,AUSP282,HDD - EDB,Enterprise,Forest,AUSP282,TRUE,TRUE,TRUE,TRUE,TRUE,PREPARED_ACTUALS_AND_FORECASTS,OPERATIONAL,,v6_17_viewer_dropdown_metadata.csv + v6_17_forecast_dropdown_metadata.csv,Direct canonical-taxonomy match.
OPERATIONAL_ENTITY,HDD|Organic|EDB|Enterprise|Forest,HDD,HDD - EDB,Organic,EDB,,Enterprise,Forest,Forest,,,AUSP300,HDD - EDB,Enterprise,Forest,AUSP300,TRUE,TRUE,TRUE,TRUE,TRUE,PREPARED_ACTUALS_AND_FORECASTS,OPERATIONAL,,v6_17_viewer_dropdown_metadata.csv + v6_17_forecast_dropdown_metadata.csv,Direct canonical-taxonomy match.
OPERATIONAL_ENTITY,HDD|Organic|EDB|Enterprise|Forest,HDD,HDD - EDB,Organic,EDB,,Enterprise,Forest,Forest,,,AUSPRD01,HDD - EDB,Enterprise,Forest,AUSPRD01,TRUE,TRUE,TRUE,TRUE,TRUE,PREPARED_ACTUALS_AND_FORECASTS,OPERATIONAL,,v6_17_viewer_dropdown_metadata.csv + v6_17_forecast_dropdown_metadata.csv,Direct canonical-taxonomy match.
OPERATIONAL_ENTITY,HDD|Organic|EDB|Enterprise|Forest,HDD,HDD - EDB,Organic,EDB,,Enterprise,Forest,Forest,,,AUTP296,HDD - EDB,Enterprise,Forest,AUTP296,TRUE,TRUE,TRUE,TRUE,TRUE,PREPARED_ACTUALS_AND_FORECASTS,OPERATIONAL,,v6_17_viewer_dropdown_metadata.csv + v6_17_forecast_dropdown_metadata.csv,Direct canonical-taxonomy match.
OPERATIONAL_ENTITY,HDD|Organic|EDB|Enterprise|Forest,HDD,HDD - EDB,Organic,EDB,,Enterprise,Forest,Forest,,,BRAP284,HDD - EDB,Enterprise,Forest,BRAP284,TRUE,TRUE,TRUE,TRUE,TRUE,PREPARED_ACTUALS_AND_FORECASTS,OPERATIONAL,,v6_17_viewer_dropdown_metadata.csv + v6_17_forecast_dropdown_metadata.csv,Direct canonical-taxonomy match.
OPERATIONAL_ENTITY,HDD|Organic|EDB|Enterprise|Forest,HDD,HDD - EDB,Organic,EDB,,Enterprise,Forest,Forest,,,CANP288,HDD - EDB,Enterprise,Forest,CANP288,TRUE,TRUE,TRUE,TRUE,TRUE,PREPARED_ACTUALS_AND_FORECASTS,OPERATIONAL,,v6_17_viewer_dropdown_metadata.csv + v6_17_forecast_dropdown_metadata.csv,Direct canonical-taxonomy match.
OPERATIONAL_ENTITY,HDD|Organic|EDB|Enterprise|Forest,HDD,HDD - EDB,Organic,EDB,,Enterprise,Forest,Forest,,,CANPRD01,HDD - EDB,Enterprise,Forest,CANPRD01,TRUE,TRUE,TRUE,TRUE,TRUE,PREPARED_ACTUALS_AND_FORECASTS,OPERATIONAL,,v6_17_viewer_dropdown_metadata.csv + v6_17_forecast_dropdown_metadata.csv,Direct canonical-taxonomy match.
OPERATIONAL_ENTITY,HDD|Organic|EDB|Enterprise|Forest,HDD,HDD - EDB,Organic,EDB,,Enterprise,Forest,Forest,,,CHEP278,HDD - EDB,Enterprise,Forest,CHEP278,TRUE,TRUE,TRUE,TRUE,TRUE,PREPARED_ACTUALS_AND_FORECASTS,OPERATIONAL,,v6_17_viewer_dropdown_metadata.csv + v6_17_forecast_dropdown_metadata.csv,Direct canonical-taxonomy match.
OPERATIONAL_ENTITY,HDD|Organic|EDB|Enterprise|Forest,HDD,HDD - EDB,Organic,EDB,,Enterprise,Forest,Forest,,,CHLP298,HDD - EDB,Enterprise,Forest,CHLP298,TRUE,TRUE,TRUE,TRUE,TRUE,PREPARED_ACTUALS_AND_FORECASTS,OPERATIONAL,,v6_17_viewer_dropdown_metadata.csv + v6_17_forecast_dropdown_metadata.csv,Direct canonical-taxonomy match.
OPERATIONAL_ENTITY,HDD|Organic|EDB|Enterprise|Forest,HDD,HDD - EDB,Organic,EDB,,Enterprise,Forest,Forest,,,CHNPR01,HDD - EDB,Enterprise,Forest,CHNPR01,TRUE,TRUE,TRUE,TRUE,TRUE,PREPARED_ACTUALS_AND_FORECASTS,OPERATIONAL,,v6_17_viewer_dropdown_metadata.csv + v6_17_forecast_dropdown_metadata.csv,Direct canonical-taxonomy match.
OPERATIONAL_ENTITY,HDD|Organic|EDB|Enterprise|Forest,HDD,HDD - EDB,Organic,EDB,,Enterprise,Forest,Forest,,,DEUP281,HDD - EDB,Enterprise,Forest,DEUP281,TRUE,TRUE,TRUE,TRUE,TRUE,PREPARED_ACTUALS_AND_FORECASTS,OPERATIONAL,,v6_17_viewer_dropdown_metadata.csv + v6_17_forecast_dropdown_metadata.csv,Direct canonical-taxonomy match.
OPERATIONAL_ENTITY,HDD|Organic|EDB|Enterprise|Forest,HDD,HDD - EDB,Organic,EDB,,Enterprise,Forest,Forest,,,DNKP307,HDD - EDB,Enterprise,Forest,DNKP307,TRUE,TRUE,TRUE,TRUE,TRUE,PREPARED_ACTUALS_AND_FORECASTS,OPERATIONAL,,v6_17_viewer_dropdown_metadata.csv + v6_17_forecast_dropdown_metadata.csv,Direct canonical-taxonomy match.
OPERATIONAL_ENTITY,HDD|Organic|EDB|Enterprise|Forest,HDD,HDD - EDB,Organic,EDB,,Enterprise,Forest,Forest,,,ESPP292,HDD - EDB,Enterprise,Forest,ESPP292,TRUE,TRUE,TRUE,TRUE,TRUE,PREPARED_ACTUALS_AND_FORECASTS,OPERATIONAL,,v6_17_viewer_dropdown_metadata.csv + v6_17_forecast_dropdown_metadata.csv,Direct canonical-taxonomy match.
OPERATIONAL_ENTITY,HDD|Organic|EDB|Enterprise|Forest,HDD,HDD - EDB,Organic,EDB,,Enterprise,Forest,Forest,,,EURP107,HDD - EDB,Enterprise,Forest,EURP107,TRUE,TRUE,TRUE,TRUE,TRUE,PREPARED_ACTUALS_AND_FORECASTS,OPERATIONAL,,v6_17_viewer_dropdown_metadata.csv + v6_17_forecast_dropdown_metadata.csv,Direct canonical-taxonomy match.
OPERATIONAL_ENTITY,HDD|Organic|EDB|Enterprise|Forest,HDD,HDD - EDB,Organic,EDB,,Enterprise,Forest,Forest,,,EURP119,HDD - EDB,Enterprise,Forest,EURP119,TRUE,TRUE,TRUE,TRUE,TRUE,PREPARED_ACTUALS_AND_FORECASTS,OPERATIONAL,,v6_17_viewer_dropdown_metadata.csv + v6_17_forecast_dropdown_metadata.csv,Direct canonical-taxonomy match.
OPERATIONAL_ENTITY,HDD|Organic|EDB|Enterprise|Forest,HDD,HDD - EDB,Organic,EDB,,Enterprise,Forest,Forest,,,EURP120,HDD - EDB,Enterprise,Forest,EURP120,TRUE,TRUE,TRUE,TRUE,TRUE,PREPARED_ACTUALS_AND_FORECASTS,OPERATIONAL,,v6_17_viewer_dropdown_metadata.csv + v6_17_forecast_dropdown_metadata.csv,Direct canonical-taxonomy match.
OPERATIONAL_ENTITY,HDD|Organic|EDB|Enterprise|Forest,HDD,HDD - EDB,Organic,EDB,,Enterprise,Forest,Forest,,,EURP121,HDD - EDB,Enterprise,Forest,EURP121,TRUE,TRUE,TRUE,TRUE,TRUE,PREPARED_ACTUALS_AND_FORECASTS,OPERATIONAL,,v6_17_viewer_dropdown_metadata.csv + v6_17_forecast_dropdown_metadata.csv,Direct canonical-taxonomy match.
OPERATIONAL_ENTITY,HDD|Organic|EDB|Enterprise|Forest,HDD,HDD - EDB,Organic,EDB,,Enterprise,Forest,Forest,,,EURP122,HDD - EDB,Enterprise,Forest,EURP122,TRUE,TRUE,TRUE,TRUE,TRUE,PREPARED_ACTUALS_AND_FORECASTS,OPERATIONAL,,v6_17_viewer_dropdown_metadata.csv + v6_17_forecast_dropdown_metadata.csv,Direct canonical-taxonomy match.
OPERATIONAL_ENTITY,HDD|Organic|EDB|Enterprise|Forest,HDD,HDD - EDB,Organic,EDB,,Enterprise,Forest,Forest,,,EURP137,HDD - EDB,Enterprise,Forest,EURP137,TRUE,TRUE,TRUE,TRUE,TRUE,PREPARED_ACTUALS_AND_FORECASTS,OPERATIONAL,,v6_17_viewer_dropdown_metadata.csv + v6_17_forecast_dropdown_metadata.csv,Direct canonical-taxonomy match.
OPERATIONAL_ENTITY,HDD|Organic|EDB|Enterprise|Forest,HDD,HDD - EDB,Organic,EDB,,Enterprise,Forest,Forest,,,EURP138,HDD - EDB,Enterprise,Forest,EURP138,TRUE,TRUE,TRUE,TRUE,TRUE,PREPARED_ACTUALS_AND_FORECASTS,OPERATIONAL,,v6_17_viewer_dropdown_metadata.csv + v6_17_forecast_dropdown_metadata.csv,Direct canonical-taxonomy match.
OPERATIONAL_ENTITY,HDD|Organic|EDB|Enterprise|Forest,HDD,HDD - EDB,Organic,EDB,,Enterprise,Forest,Forest,,,EURP175,HDD - EDB,Enterprise,Forest,EURP175,TRUE,TRUE,TRUE,TRUE,TRUE,PREPARED_ACTUALS_AND_FORECASTS,OPERATIONAL,,v6_17_viewer_dropdown_metadata.csv + v6_17_forecast_dropdown_metadata.csv,Direct canonical-taxonomy match.
OPERATIONAL_ENTITY,HDD|Organic|EDB|Enterprise|Forest,HDD,HDD - EDB,Organic,EDB,,Enterprise,Forest,Forest,,,EURP176,HDD - EDB,Enterprise,Forest,EURP176,TRUE,TRUE,TRUE,TRUE,TRUE,PREPARED_ACTUALS_AND_FORECASTS,OPERATIONAL,,v6_17_viewer_dropdown_metadata.csv + v6_17_forecast_dropdown_metadata.csv,Direct canonical-taxonomy match.
OPERATIONAL_ENTITY,HDD|Organic|EDB|Enterprise|Forest,HDD,HDD - EDB,Organic,EDB,,Enterprise,Forest,Forest,,,EURP177,HDD - EDB,Enterprise,Forest,EURP177,TRUE,TRUE,TRUE,TRUE,TRUE,PREPARED_ACTUALS_AND_FORECASTS,OPERATIONAL,,v6_17_viewer_dropdown_metadata.csv + v6_17_forecast_dropdown_metadata.csv,Direct canonical-taxonomy match.
OPERATIONAL_ENTITY,HDD|Organic|EDB|Enterprise|Forest,HDD,HDD - EDB,Organic,EDB,,Enterprise,Forest,Forest,,,EURP178,HDD - EDB,Enterprise,Forest,EURP178,TRUE,TRUE,TRUE,TRUE,TRUE,PREPARED_ACTUALS_AND_FORECASTS,OPERATIONAL,,v6_17_viewer_dropdown_metadata.csv + v6_17_forecast_dropdown_metadata.csv,Direct canonical-taxonomy match.
OPERATIONAL_ENTITY,HDD|Organic|EDB|Enterprise|Forest,HDD,HDD - EDB,Organic,EDB,,Enterprise,Forest,Forest,,,EURP179,HDD - EDB,Enterprise,Forest,EURP179,TRUE,TRUE,TRUE,TRUE,TRUE,PREPARED_ACTUALS_AND_FORECASTS,OPERATIONAL,,v6_17_viewer_dropdown_metadata.csv + v6_17_forecast_dropdown_metadata.csv,Direct canonical-taxonomy match.
OPERATIONAL_ENTITY,HDD|Organic|EDB|Enterprise|Forest,HDD,HDD - EDB,Organic,EDB,,Enterprise,Forest,Forest,,,EURP180,HDD - EDB,Enterprise,Forest,EURP180,TRUE,TRUE,TRUE,TRUE,TRUE,PREPARED_ACTUALS_AND_FORECASTS,OPERATIONAL,,v6_17_viewer_dropdown_metadata.csv + v6_17_forecast_dropdown_metadata.csv,Direct canonical-taxonomy match.
OPERATIONAL_ENTITY,HDD|Organic|EDB|Enterprise|Forest,HDD,HDD - EDB,Organic,EDB,,Enterprise,Forest,Forest,,,EURP189,HDD - EDB,Enterprise,Forest,EURP189,TRUE,TRUE,TRUE,TRUE,TRUE,PREPARED_ACTUALS_AND_FORECASTS,OPERATIONAL,,v6_17_viewer_dropdown_metadata.csv + v6_17_forecast_dropdown_metadata.csv,Direct canonical-taxonomy match.
OPERATIONAL_ENTITY,HDD|Organic|EDB|Enterprise|Forest,HDD,HDD - EDB,Organic,EDB,,Enterprise,Forest,Forest,,,EURP190,HDD - EDB,Enterprise,Forest,EURP190,TRUE,TRUE,TRUE,TRUE,TRUE,PREPARED_ACTUALS_AND_FORECASTS,OPERATIONAL,,v6_17_viewer_dropdown_metadata.csv + v6_17_forecast_dropdown_metadata.csv,Direct canonical-taxonomy match.
OPERATIONAL_ENTITY,HDD|Organic|EDB|Enterprise|Forest,HDD,HDD - EDB,Organic,EDB,,Enterprise,Forest,Forest,,,EURP191,HDD - EDB,Enterprise,Forest,EURP191,TRUE,TRUE,TRUE,TRUE,TRUE,PREPARED_ACTUALS_AND_FORECASTS,OPERATIONAL,,v6_17_viewer_dropdown_metadata.csv + v6_17_forecast_dropdown_metadata.csv,Direct canonical-taxonomy match.
OPERATIONAL_ENTITY,HDD|Organic|EDB|Enterprise|Forest,HDD,HDD - EDB,Organic,EDB,,Enterprise,Forest,Forest,,,EURP192,HDD - EDB,Enterprise,Forest,EURP192,TRUE,TRUE,TRUE,TRUE,TRUE,PREPARED_ACTUALS_AND_FORECASTS,OPERATIONAL,,v6_17_viewer_dropdown_metadata.csv + v6_17_forecast_dropdown_metadata.csv,Direct canonical-taxonomy match.
OPERATIONAL_ENTITY,HDD|Organic|EDB|Enterprise|Forest,HDD,HDD - EDB,Organic,EDB,,Enterprise,Forest,Forest,,,EURP193,HDD - EDB,Enterprise,Forest,EURP193,TRUE,TRUE,TRUE,TRUE,TRUE,PREPARED_ACTUALS_AND_FORECASTS,OPERATIONAL,,v6_17_viewer_dropdown_metadata.csv + v6_17_forecast_dropdown_metadata.csv,Direct canonical-taxonomy match.
OPERATIONAL_ENTITY,HDD|Organic|EDB|Enterprise|Forest,HDD,HDD - EDB,Organic,EDB,,Enterprise,Forest,Forest,,,EURP194,HDD - EDB,Enterprise,Forest,EURP194,TRUE,TRUE,TRUE,TRUE,TRUE,PREPARED_ACTUALS_AND_FORECASTS,OPERATIONAL,,v6_17_viewer_dropdown_metadata.csv + v6_17_forecast_dropdown_metadata.csv,Direct canonical-taxonomy match.
OPERATIONAL_ENTITY,HDD|Organic|EDB|Enterprise|Forest,HDD,HDD - EDB,Organic,EDB,,Enterprise,Forest,Forest,,,EURP195,HDD - EDB,Enterprise,Forest,EURP195,TRUE,TRUE,TRUE,TRUE,TRUE,PREPARED_ACTUALS_AND_FORECASTS,OPERATIONAL,,v6_17_viewer_dropdown_metadata.csv + v6_17_forecast_dropdown_metadata.csv,Direct canonical-taxonomy match.
OPERATIONAL_ENTITY,HDD|Organic|EDB|Enterprise|Forest,HDD,HDD - EDB,Organic,EDB,,Enterprise,Forest,Forest,,,EURP250,HDD - EDB,Enterprise,Forest,EURP250,TRUE,TRUE,TRUE,TRUE,TRUE,PREPARED_ACTUALS_AND_FORECASTS,OPERATIONAL,,v6_17_viewer_dropdown_metadata.csv + v6_17_forecast_dropdown_metadata.csv,Direct canonical-taxonomy match.
OPERATIONAL_ENTITY,HDD|Organic|EDB|Enterprise|Forest,HDD,HDD - EDB,Organic,EDB,,Enterprise,Forest,Forest,,,EURP251,HDD - EDB,Enterprise,Forest,EURP251,TRUE,TRUE,TRUE,TRUE,TRUE,PREPARED_ACTUALS_AND_FORECASTS,OPERATIONAL,,v6_17_viewer_dropdown_metadata.csv + v6_17_forecast_dropdown_metadata.csv,Direct canonical-taxonomy match.
OPERATIONAL_ENTITY,HDD|Organic|EDB|Enterprise|Forest,HDD,HDD - EDB,Organic,EDB,,Enterprise,Forest,Forest,,,EURP309,HDD - EDB,Enterprise,Forest,EURP309,TRUE,TRUE,TRUE,TRUE,TRUE,PREPARED_ACTUALS_AND_FORECASTS,OPERATIONAL,,v6_17_viewer_dropdown_metadata.csv + v6_17_forecast_dropdown_metadata.csv,Direct canonical-taxonomy match.
OPERATIONAL_ENTITY,HDD|Organic|EDB|Enterprise|Forest,HDD,HDD - EDB,Organic,EDB,,Enterprise,Forest,Forest,,,EURPRD01,HDD - EDB,Enterprise,Forest,EURPRD01,TRUE,TRUE,TRUE,TRUE,TRUE,PREPARED_ACTUALS_AND_FORECASTS,OPERATIONAL,,v6_17_viewer_dropdown_metadata.csv + v6_17_forecast_dropdown_metadata.csv,Direct canonical-taxonomy match.
OPERATIONAL_ENTITY,HDD|Organic|EDB|Enterprise|Forest,HDD,HDD - EDB,Organic,EDB,,Enterprise,Forest,Forest,,,EURPRD02,HDD - EDB,Enterprise,Forest,EURPRD02,TRUE,TRUE,TRUE,TRUE,TRUE,PREPARED_ACTUALS_AND_FORECASTS,OPERATIONAL,,v6_17_viewer_dropdown_metadata.csv + v6_17_forecast_dropdown_metadata.csv,Direct canonical-taxonomy match.
OPERATIONAL_ENTITY,HDD|Organic|EDB|Enterprise|Forest,HDD,HDD - EDB,Organic,EDB,,Enterprise,Forest,Forest,,,EURPRD03,HDD - EDB,Enterprise,Forest,EURPRD03,TRUE,TRUE,TRUE,TRUE,TRUE,PREPARED_ACTUALS_AND_FORECASTS,OPERATIONAL,,v6_17_viewer_dropdown_metadata.csv + v6_17_forecast_dropdown_metadata.csv,Direct canonical-taxonomy match.
OPERATIONAL_ENTITY,HDD|Organic|EDB|Enterprise|Forest,HDD,HDD - EDB,Organic,EDB,,Enterprise,Forest,Forest,,,EURPRD04,HDD - EDB,Enterprise,Forest,EURPRD04,TRUE,TRUE,TRUE,TRUE,TRUE,PREPARED_ACTUALS_AND_FORECASTS,OPERATIONAL,,v6_17_viewer_dropdown_metadata.csv + v6_17_forecast_dropdown_metadata.csv,Direct canonical-taxonomy match.
OPERATIONAL_ENTITY,HDD|Organic|EDB|Enterprise|Forest,HDD,HDD - EDB,Organic,EDB,,Enterprise,Forest,Forest,,,EURPRD05,HDD - EDB,Enterprise,Forest,EURPRD05,TRUE,TRUE,TRUE,TRUE,TRUE,PREPARED_ACTUALS_AND_FORECASTS,OPERATIONAL,,v6_17_viewer_dropdown_metadata.csv + v6_17_forecast_dropdown_metadata.csv,Direct canonical-taxonomy match.
OPERATIONAL_ENTITY,HDD|Organic|EDB|Enterprise|Forest,HDD,HDD - EDB,Organic,EDB,,Enterprise,Forest,Forest,,,EURPRD06,HDD - EDB,Enterprise,Forest,EURPRD06,TRUE,TRUE,TRUE,TRUE,TRUE,PREPARED_ACTUALS_AND_FORECASTS,OPERATIONAL,,v6_17_viewer_dropdown_metadata.csv + v6_17_forecast_dropdown_metadata.csv,Direct canonical-taxonomy match.
OPERATIONAL_ENTITY,HDD|Organic|EDB|Enterprise|Forest,HDD,HDD - EDB,Organic,EDB,,Enterprise,Forest,Forest,,,EURPRD07,HDD - EDB,Enterprise,Forest,EURPRD07,TRUE,TRUE,TRUE,TRUE,TRUE,PREPARED_ACTUALS_AND_FORECASTS,OPERATIONAL,,v6_17_viewer_dropdown_metadata.csv + v6_17_forecast_dropdown_metadata.csv,Direct canonical-taxonomy match.
OPERATIONAL_ENTITY,HDD|Organic|EDB|Enterprise|Forest,HDD,HDD - EDB,Organic,EDB,,Enterprise,Forest,Forest,,,EURPRD08,HDD - EDB,Enterprise,Forest,EURPRD08,TRUE,TRUE,TRUE,TRUE,TRUE,PREPARED_ACTUALS_AND_FORECASTS,OPERATIONAL,,v6_17_viewer_dropdown_metadata.csv + v6_17_forecast_dropdown_metadata.csv,Direct canonical-taxonomy match.
OPERATIONAL_ENTITY,HDD|Organic|EDB|Enterprise|Forest,HDD,HDD - EDB,Organic,EDB,,Enterprise,Forest,Forest,,,EURPRD09,HDD - EDB,Enterprise,Forest,EURPRD09,TRUE,TRUE,TRUE,TRUE,TRUE,PREPARED_ACTUALS_AND_FORECASTS,OPERATIONAL,,v6_17_viewer_dropdown_metadata.csv + v6_17_forecast_dropdown_metadata.csv,Direct canonical-taxonomy match.
OPERATIONAL_ENTITY,HDD|Organic|EDB|Enterprise|Forest,HDD,HDD - EDB,Organic,EDB,,Enterprise,Forest,Forest,,,EURPRD10,HDD - EDB,Enterprise,Forest,EURPRD10,TRUE,TRUE,TRUE,TRUE,TRUE,PREPARED_ACTUALS_AND_FORECASTS,OPERATIONAL,,v6_17_viewer_dropdown_metadata.csv + v6_17_forecast_dropdown_metadata.csv,Direct canonical-taxonomy match.
OPERATIONAL_ENTITY,HDD|Organic|EDB|Enterprise|Forest,HDD,HDD - EDB,Organic,EDB,,Enterprise,Forest,Forest,,,EURPRD83,HDD - EDB,Enterprise,Forest,EURPRD83,TRUE,TRUE,TRUE,TRUE,TRUE,PREPARED_ACTUALS_AND_FORECASTS,OPERATIONAL,,v6_17_viewer_dropdown_metadata.csv + v6_17_forecast_dropdown_metadata.csv,Direct canonical-taxonomy match.
OPERATIONAL_ENTITY,HDD|Organic|EDB|Enterprise|Forest,HDD,HDD - EDB,Organic,EDB,,Enterprise,Forest,Forest,,,FRAP264,HDD - EDB,Enterprise,Forest,FRAP264,TRUE,TRUE,TRUE,TRUE,TRUE,PREPARED_ACTUALS_AND_FORECASTS,OPERATIONAL,,v6_17_viewer_dropdown_metadata.csv + v6_17_forecast_dropdown_metadata.csv,Direct canonical-taxonomy match.
OPERATIONAL_ENTITY,HDD|Organic|EDB|Enterprise|Forest,HDD,HDD - EDB,Organic,EDB,,Enterprise,Forest,Forest,,,GBRP123,HDD - EDB,Enterprise,Forest,GBRP123,TRUE,TRUE,TRUE,TRUE,TRUE,PREPARED_ACTUALS_AND_FORECASTS,OPERATIONAL,,v6_17_viewer_dropdown_metadata.csv + v6_17_forecast_dropdown_metadata.csv,Direct canonical-taxonomy match.
OPERATIONAL_ENTITY,HDD|Organic|EDB|Enterprise|Forest,HDD,HDD - EDB,Organic,EDB,,Enterprise,Forest,Forest,,,GBRP265,HDD - EDB,Enterprise,Forest,GBRP265,TRUE,TRUE,TRUE,TRUE,TRUE,PREPARED_ACTUALS_AND_FORECASTS,OPERATIONAL,,v6_17_viewer_dropdown_metadata.csv + v6_17_forecast_dropdown_metadata.csv,Direct canonical-taxonomy match.
OPERATIONAL_ENTITY,HDD|Organic|EDB|Enterprise|Forest,HDD,HDD - EDB,Organic,EDB,,Enterprise,Forest,Forest,,,GBRP267,HDD - EDB,Enterprise,Forest,GBRP267,TRUE,TRUE,TRUE,TRUE,TRUE,PREPARED_ACTUALS_AND_FORECASTS,OPERATIONAL,,v6_17_viewer_dropdown_metadata.csv + v6_17_forecast_dropdown_metadata.csv,Direct canonical-taxonomy match.
OPERATIONAL_ENTITY,HDD|Organic|EDB|Enterprise|Forest,HDD,HDD - EDB,Organic,EDB,,Enterprise,Forest,Forest,,,GBRP302,HDD - EDB,Enterprise,Forest,GBRP302,TRUE,TRUE,TRUE,TRUE,TRUE,PREPARED_ACTUALS_AND_FORECASTS,OPERATIONAL,,v6_17_viewer_dropdown_metadata.csv + v6_17_forecast_dropdown_metadata.csv,Direct canonical-taxonomy match.
OPERATIONAL_ENTITY,HDD|Organic|EDB|Enterprise|Forest,HDD,HDD - EDB,Organic,EDB,,Enterprise,Forest,Forest,,,IDNP305,HDD - EDB,Enterprise,Forest,IDNP305,TRUE,TRUE,TRUE,TRUE,TRUE,PREPARED_ACTUALS_AND_FORECASTS,OPERATIONAL,,v6_17_viewer_dropdown_metadata.csv + v6_17_forecast_dropdown_metadata.csv,Direct canonical-taxonomy match.
OPERATIONAL_ENTITY,HDD|Organic|EDB|Enterprise|Forest,HDD,HDD - EDB,Organic,EDB,,Enterprise,Forest,Forest,,,INDP287,HDD - EDB,Enterprise,Forest,INDP287,TRUE,TRUE,TRUE,TRUE,TRUE,PREPARED_ACTUALS_AND_FORECASTS,OPERATIONAL,,v6_17_viewer_dropdown_metadata.csv + v6_17_forecast_dropdown_metadata.csv,Direct canonical-taxonomy match.
OPERATIONAL_ENTITY,HDD|Organic|EDB|Enterprise|Forest,HDD,HDD - EDB,Organic,EDB,,Enterprise,Forest,Forest,,,INDPRD01,HDD - EDB,Enterprise,Forest,INDPRD01,TRUE,TRUE,TRUE,TRUE,TRUE,PREPARED_ACTUALS_AND_FORECASTS,OPERATIONAL,,v6_17_viewer_dropdown_metadata.csv + v6_17_forecast_dropdown_metadata.csv,Direct canonical-taxonomy match.
OPERATIONAL_ENTITY,HDD|Organic|EDB|Enterprise|Forest,HDD,HDD - EDB,Organic,EDB,,Enterprise,Forest,Forest,,,ISRP290,HDD - EDB,Enterprise,Forest,ISRP290,TRUE,TRUE,TRUE,TRUE,TRUE,PREPARED_ACTUALS_AND_FORECASTS,OPERATIONAL,,v6_17_viewer_dropdown_metadata.csv + v6_17_forecast_dropdown_metadata.csv,Direct canonical-taxonomy match.
OPERATIONAL_ENTITY,HDD|Organic|EDB|Enterprise|Forest,HDD,HDD - EDB,Organic,EDB,,Enterprise,Forest,Forest,,,ITAP293,HDD - EDB,Enterprise,Forest,ITAP293,TRUE,TRUE,TRUE,TRUE,TRUE,PREPARED_ACTUALS_AND_FORECASTS,OPERATIONAL,,v6_17_viewer_dropdown_metadata.csv + v6_17_forecast_dropdown_metadata.csv,Direct canonical-taxonomy match.
OPERATIONAL_ENTITY,HDD|Organic|EDB|Enterprise|Forest,HDD,HDD - EDB,Organic,EDB,,Enterprise,Forest,Forest,,,JPNP286,HDD - EDB,Enterprise,Forest,JPNP286,TRUE,TRUE,TRUE,TRUE,TRUE,PREPARED_ACTUALS_AND_FORECASTS,OPERATIONAL,,v6_17_viewer_dropdown_metadata.csv + v6_17_forecast_dropdown_metadata.csv,Direct canonical-taxonomy match.
OPERATIONAL_ENTITY,HDD|Organic|EDB|Enterprise|Forest,HDD,HDD - EDB,Organic,EDB,,Enterprise,Forest,Forest,,,JPNP301,HDD - EDB,Enterprise,Forest,JPNP301,TRUE,TRUE,TRUE,TRUE,TRUE,PREPARED_ACTUALS_AND_FORECASTS,OPERATIONAL,,v6_17_viewer_dropdown_metadata.csv + v6_17_forecast_dropdown_metadata.csv,Direct canonical-taxonomy match.
OPERATIONAL_ENTITY,HDD|Organic|EDB|Enterprise|Forest,HDD,HDD - EDB,Organic,EDB,,Enterprise,Forest,Forest,,,JPNPRD01,HDD - EDB,Enterprise,Forest,JPNPRD01,TRUE,TRUE,TRUE,TRUE,TRUE,PREPARED_ACTUALS_AND_FORECASTS,OPERATIONAL,,v6_17_viewer_dropdown_metadata.csv + v6_17_forecast_dropdown_metadata.csv,Direct canonical-taxonomy match.
OPERATIONAL_ENTITY,HDD|Organic|EDB|Enterprise|Forest,HDD,HDD - EDB,Organic,EDB,,Enterprise,Forest,Forest,,,KORP216,HDD - EDB,Enterprise,Forest,KORP216,TRUE,TRUE,TRUE,TRUE,TRUE,PREPARED_ACTUALS_AND_FORECASTS,OPERATIONAL,,v6_17_viewer_dropdown_metadata.csv + v6_17_forecast_dropdown_metadata.csv,Direct canonical-taxonomy match.
OPERATIONAL_ENTITY,HDD|Organic|EDB|Enterprise|Forest,HDD,HDD - EDB,Organic,EDB,,Enterprise,Forest,Forest,,,LAMP152,HDD - EDB,Enterprise,Forest,LAMP152,TRUE,TRUE,TRUE,TRUE,TRUE,PREPARED_ACTUALS_AND_FORECASTS,OPERATIONAL,,v6_17_viewer_dropdown_metadata.csv + v6_17_forecast_dropdown_metadata.csv,Direct canonical-taxonomy match.
OPERATIONAL_ENTITY,HDD|Organic|EDB|Enterprise|Forest,HDD,HDD - EDB,Organic,EDB,,Enterprise,Forest,Forest,,,LAMP215,HDD - EDB,Enterprise,Forest,LAMP215,TRUE,TRUE,TRUE,TRUE,TRUE,PREPARED_ACTUALS_AND_FORECASTS,OPERATIONAL,,v6_17_viewer_dropdown_metadata.csv + v6_17_forecast_dropdown_metadata.csv,Direct canonical-taxonomy match.
OPERATIONAL_ENTITY,HDD|Organic|EDB|Enterprise|Forest,HDD,HDD - EDB,Organic,EDB,,Enterprise,Forest,Forest,,,LAMPRD80,HDD - EDB,Enterprise,Forest,LAMPRD80,TRUE,TRUE,TRUE,TRUE,TRUE,PREPARED_ACTUALS_AND_FORECASTS,OPERATIONAL,,v6_17_viewer_dropdown_metadata.csv + v6_17_forecast_dropdown_metadata.csv,Direct canonical-taxonomy match.
OPERATIONAL_ENTITY,HDD|Organic|EDB|Enterprise|Forest,HDD,HDD - EDB,Organic,EDB,,Enterprise,Forest,Forest,,,MEXP297,HDD - EDB,Enterprise,Forest,MEXP297,TRUE,TRUE,TRUE,TRUE,TRUE,PREPARED_ACTUALS_AND_FORECASTS,OPERATIONAL,,v6_17_viewer_dropdown_metadata.csv + v6_17_forecast_dropdown_metadata.csv,Direct canonical-taxonomy match.
OPERATIONAL_ENTITY,HDD|Organic|EDB|Enterprise|Forest,HDD,HDD - EDB,Organic,EDB,,Enterprise,Forest,Forest,,,MYSP306,HDD - EDB,Enterprise,Forest,MYSP306,TRUE,TRUE,TRUE,TRUE,TRUE,PREPARED_ACTUALS_AND_FORECASTS,OPERATIONAL,,v6_17_viewer_dropdown_metadata.csv + v6_17_forecast_dropdown_metadata.csv,Direct canonical-taxonomy match.
OPERATIONAL_ENTITY,HDD|Organic|EDB|Enterprise|Forest,HDD,HDD - EDB,Organic,EDB,,Enterprise,Forest,Forest,,,NAMP100,HDD - EDB,Enterprise,Forest,NAMP100,TRUE,TRUE,TRUE,TRUE,TRUE,PREPARED_ACTUALS_AND_FORECASTS,OPERATIONAL,,v6_17_viewer_dropdown_metadata.csv + v6_17_forecast_dropdown_metadata.csv,Direct canonical-taxonomy match.
OPERATIONAL_ENTITY,HDD|Organic|EDB|Enterprise|Forest,HDD,HDD - EDB,Organic,EDB,,Enterprise,Forest,Forest,,,NAMP101,HDD - EDB,Enterprise,Forest,NAMP101,TRUE,TRUE,TRUE,TRUE,TRUE,PREPARED_ACTUALS_AND_FORECASTS,OPERATIONAL,,v6_17_viewer_dropdown_metadata.csv + v6_17_forecast_dropdown_metadata.csv,Direct canonical-taxonomy match.
OPERATIONAL_ENTITY,HDD|Organic|EDB|Enterprise|Forest,HDD,HDD - EDB,Organic,EDB,,Enterprise,Forest,Forest,,,NAMP103,HDD - EDB,Enterprise,Forest,NAMP103,TRUE,TRUE,TRUE,TRUE,TRUE,PREPARED_ACTUALS_AND_FORECASTS,OPERATIONAL,,v6_17_viewer_dropdown_metadata.csv + v6_17_forecast_dropdown_metadata.csv,Direct canonical-taxonomy match.
OPERATIONAL_ENTITY,HDD|Organic|EDB|Enterprise|Forest,HDD,HDD - EDB,Organic,EDB,,Enterprise,Forest,Forest,,,NAMP104,HDD - EDB,Enterprise,Forest,NAMP104,TRUE,TRUE,TRUE,TRUE,TRUE,PREPARED_ACTUALS_AND_FORECASTS,OPERATIONAL,,v6_17_viewer_dropdown_metadata.csv + v6_17_forecast_dropdown_metadata.csv,Direct canonical-taxonomy match.
OPERATIONAL_ENTITY,HDD|Organic|EDB|Enterprise|Forest,HDD,HDD - EDB,Organic,EDB,,Enterprise,Forest,Forest,,,NAMP105,HDD - EDB,Enterprise,Forest,NAMP105,TRUE,TRUE,TRUE,TRUE,TRUE,PREPARED_ACTUALS_AND_FORECASTS,OPERATIONAL,,v6_17_viewer_dropdown_metadata.csv + v6_17_forecast_dropdown_metadata.csv,Direct canonical-taxonomy match.
OPERATIONAL_ENTITY,HDD|Organic|EDB|Enterprise|Forest,HDD,HDD - EDB,Organic,EDB,,Enterprise,Forest,Forest,,,NAMP106,HDD - EDB,Enterprise,Forest,NAMP106,TRUE,TRUE,TRUE,TRUE,TRUE,PREPARED_ACTUALS_AND_FORECASTS,OPERATIONAL,,v6_17_viewer_dropdown_metadata.csv + v6_17_forecast_dropdown_metadata.csv,Direct canonical-taxonomy match.
OPERATIONAL_ENTITY,HDD|Organic|EDB|Enterprise|Forest,HDD,HDD - EDB,Organic,EDB,,Enterprise,Forest,Forest,,,NAMP108,HDD - EDB,Enterprise,Forest,NAMP108,TRUE,TRUE,TRUE,TRUE,TRUE,PREPARED_ACTUALS_AND_FORECASTS,OPERATIONAL,,v6_17_viewer_dropdown_metadata.csv + v6_17_forecast_dropdown_metadata.csv,Direct canonical-taxonomy match.
OPERATIONAL_ENTITY,HDD|Organic|EDB|Enterprise|Forest,HDD,HDD - EDB,Organic,EDB,,Enterprise,Forest,Forest,,,NAMP109,HDD - EDB,Enterprise,Forest,NAMP109,TRUE,TRUE,TRUE,TRUE,TRUE,PREPARED_ACTUALS_AND_FORECASTS,OPERATIONAL,,v6_17_viewer_dropdown_metadata.csv + v6_17_forecast_dropdown_metadata.csv,Direct canonical-taxonomy match.
OPERATIONAL_ENTITY,HDD|Organic|EDB|Enterprise|Forest,HDD,HDD - EDB,Organic,EDB,,Enterprise,Forest,Forest,,,NAMP113,HDD - EDB,Enterprise,Forest,NAMP113,TRUE,TRUE,TRUE,TRUE,TRUE,PREPARED_ACTUALS_AND_FORECASTS,OPERATIONAL,,v6_17_viewer_dropdown_metadata.csv + v6_17_forecast_dropdown_metadata.csv,Direct canonical-taxonomy match.
OPERATIONAL_ENTITY,HDD|Organic|EDB|Enterprise|Forest,HDD,HDD - EDB,Organic,EDB,,Enterprise,Forest,Forest,,,NAMP114,HDD - EDB,Enterprise,Forest,NAMP114,TRUE,TRUE,TRUE,TRUE,TRUE,PREPARED_ACTUALS_AND_FORECASTS,OPERATIONAL,,v6_17_viewer_dropdown_metadata.csv + v6_17_forecast_dropdown_metadata.csv,Direct canonical-taxonomy match.
OPERATIONAL_ENTITY,HDD|Organic|EDB|Enterprise|Forest,HDD,HDD - EDB,Organic,EDB,,Enterprise,Forest,Forest,,,NAMP115,HDD - EDB,Enterprise,Forest,NAMP115,TRUE,TRUE,TRUE,TRUE,TRUE,PREPARED_ACTUALS_AND_FORECASTS,OPERATIONAL,,v6_17_viewer_dropdown_metadata.csv + v6_17_forecast_dropdown_metadata.csv,Direct canonical-taxonomy match.
OPERATIONAL_ENTITY,HDD|Organic|EDB|Enterprise|Forest,HDD,HDD - EDB,Organic,EDB,,Enterprise,Forest,Forest,,,NAMP116,HDD - EDB,Enterprise,Forest,NAMP116,TRUE,TRUE,TRUE,TRUE,TRUE,PREPARED_ACTUALS_AND_FORECASTS,OPERATIONAL,,v6_17_viewer_dropdown_metadata.csv + v6_17_forecast_dropdown_metadata.csv,Direct canonical-taxonomy match.
OPERATIONAL_ENTITY,HDD|Organic|EDB|Enterprise|Forest,HDD,HDD - EDB,Organic,EDB,,Enterprise,Forest,Forest,,,NAMP118,HDD - EDB,Enterprise,Forest,NAMP118,TRUE,TRUE,TRUE,TRUE,TRUE,PREPARED_ACTUALS_AND_FORECASTS,OPERATIONAL,,v6_17_viewer_dropdown_metadata.csv + v6_17_forecast_dropdown_metadata.csv,Direct canonical-taxonomy match.
OPERATIONAL_ENTITY,HDD|Organic|EDB|Enterprise|Forest,HDD,HDD - EDB,Organic,EDB,,Enterprise,Forest,Forest,,,NAMP125,HDD - EDB,Enterprise,Forest,NAMP125,TRUE,TRUE,TRUE,TRUE,TRUE,PREPARED_ACTUALS_AND_FORECASTS,OPERATIONAL,,v6_17_viewer_dropdown_metadata.csv + v6_17_forecast_dropdown_metadata.csv,Direct canonical-taxonomy match.
OPERATIONAL_ENTITY,HDD|Organic|EDB|Enterprise|Forest,HDD,HDD - EDB,Organic,EDB,,Enterprise,Forest,Forest,,,NAMP126,HDD - EDB,Enterprise,Forest,NAMP126,TRUE,TRUE,TRUE,TRUE,TRUE,PREPARED_ACTUALS_AND_FORECASTS,OPERATIONAL,,v6_17_viewer_dropdown_metadata.csv + v6_17_forecast_dropdown_metadata.csv,Direct canonical-taxonomy match.
OPERATIONAL_ENTITY,HDD|Organic|EDB|Enterprise|Forest,HDD,HDD - EDB,Organic,EDB,,Enterprise,Forest,Forest,,,NAMP128,HDD - EDB,Enterprise,Forest,NAMP128,TRUE,TRUE,TRUE,TRUE,TRUE,PREPARED_ACTUALS_AND_FORECASTS,OPERATIONAL,,v6_17_viewer_dropdown_metadata.csv + v6_17_forecast_dropdown_metadata.csv,Direct canonical-taxonomy match.
OPERATIONAL_ENTITY,HDD|Organic|EDB|Enterprise|Forest,HDD,HDD - EDB,Organic,EDB,,Enterprise,Forest,Forest,,,NAMP129,HDD - EDB,Enterprise,Forest,NAMP129,TRUE,TRUE,TRUE,TRUE,TRUE,PREPARED_ACTUALS_AND_FORECASTS,OPERATIONAL,,v6_17_viewer_dropdown_metadata.csv + v6_17_forecast_dropdown_metadata.csv,Direct canonical-taxonomy match.
OPERATIONAL_ENTITY,HDD|Organic|EDB|Enterprise|Forest,HDD,HDD - EDB,Organic,EDB,,Enterprise,Forest,Forest,,,NAMP130,HDD - EDB,Enterprise,Forest,NAMP130,TRUE,TRUE,TRUE,TRUE,TRUE,PREPARED_ACTUALS_AND_FORECASTS,OPERATIONAL,,v6_17_viewer_dropdown_metadata.csv + v6_17_forecast_dropdown_metadata.csv,Direct canonical-taxonomy match.
OPERATIONAL_ENTITY,HDD|Organic|EDB|Enterprise|Forest,HDD,HDD - EDB,Organic,EDB,,Enterprise,Forest,Forest,,,NAMP131,HDD - EDB,Enterprise,Forest,NAMP131,TRUE,TRUE,TRUE,TRUE,TRUE,PREPARED_ACTUALS_AND_FORECASTS,OPERATIONAL,,v6_17_viewer_dropdown_metadata.csv + v6_17_forecast_dropdown_metadata.csv,Direct canonical-taxonomy match.
OPERATIONAL_ENTITY,HDD|Organic|EDB|Enterprise|Forest,HDD,HDD - EDB,Organic,EDB,,Enterprise,Forest,Forest,,,NAMP132,HDD - EDB,Enterprise,Forest,NAMP132,TRUE,TRUE,TRUE,TRUE,TRUE,PREPARED_ACTUALS_AND_FORECASTS,OPERATIONAL,,v6_17_viewer_dropdown_metadata.csv + v6_17_forecast_dropdown_metadata.csv,Direct canonical-taxonomy match.
OPERATIONAL_ENTITY,HDD|Organic|EDB|Enterprise|Forest,HDD,HDD - EDB,Organic,EDB,,Enterprise,Forest,Forest,,,NAMP133,HDD - EDB,Enterprise,Forest,NAMP133,TRUE,TRUE,TRUE,TRUE,TRUE,PREPARED_ACTUALS_AND_FORECASTS,OPERATIONAL,,v6_17_viewer_dropdown_metadata.csv + v6_17_forecast_dropdown_metadata.csv,Direct canonical-taxonomy match.
OPERATIONAL_ENTITY,HDD|Organic|EDB|Enterprise|Forest,HDD,HDD - EDB,Organic,EDB,,Enterprise,Forest,Forest,,,NAMP134,HDD - EDB,Enterprise,Forest,NAMP134,TRUE,TRUE,TRUE,TRUE,TRUE,PREPARED_ACTUALS_AND_FORECASTS,OPERATIONAL,,v6_17_viewer_dropdown_metadata.csv + v6_17_forecast_dropdown_metadata.csv,Direct canonical-taxonomy match.
OPERATIONAL_ENTITY,HDD|Organic|EDB|Enterprise|Forest,HDD,HDD - EDB,Organic,EDB,,Enterprise,Forest,Forest,,,NAMP135,HDD - EDB,Enterprise,Forest,NAMP135,TRUE,TRUE,TRUE,TRUE,TRUE,PREPARED_ACTUALS_AND_FORECASTS,OPERATIONAL,,v6_17_viewer_dropdown_metadata.csv + v6_17_forecast_dropdown_metadata.csv,Direct canonical-taxonomy match.
OPERATIONAL_ENTITY,HDD|Organic|EDB|Enterprise|Forest,HDD,HDD - EDB,Organic,EDB,,Enterprise,Forest,Forest,,,NAMP136,HDD - EDB,Enterprise,Forest,NAMP136,TRUE,TRUE,TRUE,TRUE,TRUE,PREPARED_ACTUALS_AND_FORECASTS,OPERATIONAL,,v6_17_viewer_dropdown_metadata.csv + v6_17_forecast_dropdown_metadata.csv,Direct canonical-taxonomy match.
OPERATIONAL_ENTITY,HDD|Organic|EDB|Enterprise|Forest,HDD,HDD - EDB,Organic,EDB,,Enterprise,Forest,Forest,,,NAMP154,HDD - EDB,Enterprise,Forest,NAMP154,TRUE,TRUE,TRUE,TRUE,TRUE,PREPARED_ACTUALS_AND_FORECASTS,OPERATIONAL,,v6_17_viewer_dropdown_metadata.csv + v6_17_forecast_dropdown_metadata.csv,Direct canonical-taxonomy match.
OPERATIONAL_ENTITY,HDD|Organic|EDB|Enterprise|Forest,HDD,HDD - EDB,Organic,EDB,,Enterprise,Forest,Forest,,,NAMP157,HDD - EDB,Enterprise,Forest,NAMP157,TRUE,TRUE,TRUE,TRUE,TRUE,PREPARED_ACTUALS_AND_FORECASTS,OPERATIONAL,,v6_17_viewer_dropdown_metadata.csv + v6_17_forecast_dropdown_metadata.csv,Direct canonical-taxonomy match.
OPERATIONAL_ENTITY,HDD|Organic|EDB|Enterprise|Forest,HDD,HDD - EDB,Organic,EDB,,Enterprise,Forest,Forest,,,NAMP158,HDD - EDB,Enterprise,Forest,NAMP158,TRUE,TRUE,TRUE,TRUE,TRUE,PREPARED_ACTUALS_AND_FORECASTS,OPERATIONAL,,v6_17_viewer_dropdown_metadata.csv + v6_17_forecast_dropdown_metadata.csv,Direct canonical-taxonomy match.
OPERATIONAL_ENTITY,HDD|Organic|EDB|Enterprise|Forest,HDD,HDD - EDB,Organic,EDB,,Enterprise,Forest,Forest,,,NAMP159,HDD - EDB,Enterprise,Forest,NAMP159,TRUE,TRUE,TRUE,TRUE,TRUE,PREPARED_ACTUALS_AND_FORECASTS,OPERATIONAL,,v6_17_viewer_dropdown_metadata.csv + v6_17_forecast_dropdown_metadata.csv,Direct canonical-taxonomy match.
OPERATIONAL_ENTITY,HDD|Organic|EDB|Enterprise|Forest,HDD,HDD - EDB,Organic,EDB,,Enterprise,Forest,Forest,,,NAMP161,HDD - EDB,Enterprise,Forest,NAMP161,TRUE,TRUE,TRUE,TRUE,TRUE,PREPARED_ACTUALS_AND_FORECASTS,OPERATIONAL,,v6_17_viewer_dropdown_metadata.csv + v6_17_forecast_dropdown_metadata.csv,Direct canonical-taxonomy match.
OPERATIONAL_ENTITY,HDD|Organic|EDB|Enterprise|Forest,HDD,HDD - EDB,Organic,EDB,,Enterprise,Forest,Forest,,,NAMP162,HDD - EDB,Enterprise,Forest,NAMP162,TRUE,TRUE,TRUE,TRUE,TRUE,PREPARED_ACTUALS_AND_FORECASTS,OPERATIONAL,,v6_17_viewer_dropdown_metadata.csv + v6_17_forecast_dropdown_metadata.csv,Direct canonical-taxonomy match.
OPERATIONAL_ENTITY,HDD|Organic|EDB|Enterprise|Forest,HDD,HDD - EDB,Organic,EDB,,Enterprise,Forest,Forest,,,NAMP163,HDD - EDB,Enterprise,Forest,NAMP163,TRUE,TRUE,TRUE,TRUE,TRUE,PREPARED_ACTUALS_AND_FORECASTS,OPERATIONAL,,v6_17_viewer_dropdown_metadata.csv + v6_17_forecast_dropdown_metadata.csv,Direct canonical-taxonomy match.
OPERATIONAL_ENTITY,HDD|Organic|EDB|Enterprise|Forest,HDD,HDD - EDB,Organic,EDB,,Enterprise,Forest,Forest,,,NAMP164,HDD - EDB,Enterprise,Forest,NAMP164,TRUE,TRUE,TRUE,TRUE,TRUE,PREPARED_ACTUALS_AND_FORECASTS,OPERATIONAL,,v6_17_viewer_dropdown_metadata.csv + v6_17_forecast_dropdown_metadata.csv,Direct canonical-taxonomy match.
OPERATIONAL_ENTITY,HDD|Organic|EDB|Enterprise|Forest,HDD,HDD - EDB,Organic,EDB,,Enterprise,Forest,Forest,,,NAMP166,HDD - EDB,Enterprise,Forest,NAMP166,TRUE,TRUE,TRUE,TRUE,TRUE,PREPARED_ACTUALS_AND_FORECASTS,OPERATIONAL,,v6_17_viewer_dropdown_metadata.csv + v6_17_forecast_dropdown_metadata.csv,Direct canonical-taxonomy match.
OPERATIONAL_ENTITY,HDD|Organic|EDB|Enterprise|Forest,HDD,HDD - EDB,Organic,EDB,,Enterprise,Forest,Forest,,,NAMP167,HDD - EDB,Enterprise,Forest,NAMP167,TRUE,TRUE,TRUE,TRUE,TRUE,PREPARED_ACTUALS_AND_FORECASTS,OPERATIONAL,,v6_17_viewer_dropdown_metadata.csv + v6_17_forecast_dropdown_metadata.csv,Direct canonical-taxonomy match.
OPERATIONAL_ENTITY,HDD|Organic|EDB|Enterprise|Forest,HDD,HDD - EDB,Organic,EDB,,Enterprise,Forest,Forest,,,NAMP169,HDD - EDB,Enterprise,Forest,NAMP169,TRUE,TRUE,TRUE,TRUE,TRUE,PREPARED_ACTUALS_AND_FORECASTS,OPERATIONAL,,v6_17_viewer_dropdown_metadata.csv + v6_17_forecast_dropdown_metadata.csv,Direct canonical-taxonomy match.
OPERATIONAL_ENTITY,HDD|Organic|EDB|Enterprise|Forest,HDD,HDD - EDB,Organic,EDB,,Enterprise,Forest,Forest,,,NAMP170,HDD - EDB,Enterprise,Forest,NAMP170,TRUE,TRUE,TRUE,TRUE,TRUE,PREPARED_ACTUALS_AND_FORECASTS,OPERATIONAL,,v6_17_viewer_dropdown_metadata.csv + v6_17_forecast_dropdown_metadata.csv,Direct canonical-taxonomy match.
OPERATIONAL_ENTITY,HDD|Organic|EDB|Enterprise|Forest,HDD,HDD - EDB,Organic,EDB,,Enterprise,Forest,Forest,,,NAMP171,HDD - EDB,Enterprise,Forest,NAMP171,TRUE,TRUE,TRUE,TRUE,TRUE,PREPARED_ACTUALS_AND_FORECASTS,OPERATIONAL,,v6_17_viewer_dropdown_metadata.csv + v6_17_forecast_dropdown_metadata.csv,Direct canonical-taxonomy match.
OPERATIONAL_ENTITY,HDD|Organic|EDB|Enterprise|Forest,HDD,HDD - EDB,Organic,EDB,,Enterprise,Forest,Forest,,,NAMP172,HDD - EDB,Enterprise,Forest,NAMP172,TRUE,TRUE,TRUE,TRUE,TRUE,PREPARED_ACTUALS_AND_FORECASTS,OPERATIONAL,,v6_17_viewer_dropdown_metadata.csv + v6_17_forecast_dropdown_metadata.csv,Direct canonical-taxonomy match.
OPERATIONAL_ENTITY,HDD|Organic|EDB|Enterprise|Forest,HDD,HDD - EDB,Organic,EDB,,Enterprise,Forest,Forest,,,NAMP173,HDD - EDB,Enterprise,Forest,NAMP173,TRUE,TRUE,TRUE,TRUE,TRUE,PREPARED_ACTUALS_AND_FORECASTS,OPERATIONAL,,v6_17_viewer_dropdown_metadata.csv + v6_17_forecast_dropdown_metadata.csv,Direct canonical-taxonomy match.
OPERATIONAL_ENTITY,HDD|Organic|EDB|Enterprise|Forest,HDD,HDD - EDB,Organic,EDB,,Enterprise,Forest,Forest,,,NAMP197,HDD - EDB,Enterprise,Forest,NAMP197,TRUE,TRUE,TRUE,TRUE,TRUE,PREPARED_ACTUALS_AND_FORECASTS,OPERATIONAL,,v6_17_viewer_dropdown_metadata.csv + v6_17_forecast_dropdown_metadata.csv,Direct canonical-taxonomy match.
OPERATIONAL_ENTITY,HDD|Organic|EDB|Enterprise|Forest,HDD,HDD - EDB,Organic,EDB,,Enterprise,Forest,Forest,,,NAMP220,HDD - EDB,Enterprise,Forest,NAMP220,TRUE,TRUE,TRUE,TRUE,TRUE,PREPARED_ACTUALS_AND_FORECASTS,OPERATIONAL,,v6_17_viewer_dropdown_metadata.csv + v6_17_forecast_dropdown_metadata.csv,Direct canonical-taxonomy match.
OPERATIONAL_ENTITY,HDD|Organic|EDB|Enterprise|Forest,HDD,HDD - EDB,Organic,EDB,,Enterprise,Forest,Forest,,,NAMP221,HDD - EDB,Enterprise,Forest,NAMP221,TRUE,TRUE,TRUE,TRUE,TRUE,PREPARED_ACTUALS_AND_FORECASTS,OPERATIONAL,,v6_17_viewer_dropdown_metadata.csv + v6_17_forecast_dropdown_metadata.csv,Direct canonical-taxonomy match.
OPERATIONAL_ENTITY,HDD|Organic|EDB|Enterprise|Forest,HDD,HDD - EDB,Organic,EDB,,Enterprise,Forest,Forest,,,NAMP222,HDD - EDB,Enterprise,Forest,NAMP222,TRUE,TRUE,TRUE,TRUE,TRUE,PREPARED_ACTUALS_AND_FORECASTS,OPERATIONAL,,v6_17_viewer_dropdown_metadata.csv + v6_17_forecast_dropdown_metadata.csv,Direct canonical-taxonomy match.
OPERATIONAL_ENTITY,HDD|Organic|EDB|Enterprise|Forest,HDD,HDD - EDB,Organic,EDB,,Enterprise,Forest,Forest,,,NAMP223,HDD - EDB,Enterprise,Forest,NAMP223,TRUE,TRUE,TRUE,TRUE,TRUE,PREPARED_ACTUALS_AND_FORECASTS,OPERATIONAL,,v6_17_viewer_dropdown_metadata.csv + v6_17_forecast_dropdown_metadata.csv,Direct canonical-taxonomy match.
OPERATIONAL_ENTITY,HDD|Organic|EDB|Enterprise|Forest,HDD,HDD - EDB,Organic,EDB,,Enterprise,Forest,Forest,,,NAMP283,HDD - EDB,Enterprise,Forest,NAMP283,TRUE,TRUE,TRUE,TRUE,TRUE,PREPARED_ACTUALS_AND_FORECASTS,OPERATIONAL,,v6_17_viewer_dropdown_metadata.csv + v6_17_forecast_dropdown_metadata.csv,Direct canonical-taxonomy match.
OPERATIONAL_ENTITY,HDD|Organic|EDB|Enterprise|Forest,HDD,HDD - EDB,Organic,EDB,,Enterprise,Forest,Forest,,,NAMPRD00,HDD - EDB,Enterprise,Forest,NAMPRD00,TRUE,TRUE,TRUE,TRUE,TRUE,PREPARED_ACTUALS_AND_FORECASTS,OPERATIONAL,,v6_17_viewer_dropdown_metadata.csv + v6_17_forecast_dropdown_metadata.csv,Direct canonical-taxonomy match.
OPERATIONAL_ENTITY,HDD|Organic|EDB|Enterprise|Forest,HDD,HDD - EDB,Organic,EDB,,Enterprise,Forest,Forest,,,NAMPRD01,HDD - EDB,Enterprise,Forest,NAMPRD01,TRUE,TRUE,TRUE,TRUE,TRUE,PREPARED_ACTUALS_AND_FORECASTS,OPERATIONAL,,v6_17_viewer_dropdown_metadata.csv + v6_17_forecast_dropdown_metadata.csv,Direct canonical-taxonomy match.
OPERATIONAL_ENTITY,HDD|Organic|EDB|Enterprise|Forest,HDD,HDD - EDB,Organic,EDB,,Enterprise,Forest,Forest,,,NAMPRD02,HDD - EDB,Enterprise,Forest,NAMPRD02,TRUE,TRUE,TRUE,TRUE,TRUE,PREPARED_ACTUALS_AND_FORECASTS,OPERATIONAL,,v6_17_viewer_dropdown_metadata.csv + v6_17_forecast_dropdown_metadata.csv,Direct canonical-taxonomy match.
OPERATIONAL_ENTITY,HDD|Organic|EDB|Enterprise|Forest,HDD,HDD - EDB,Organic,EDB,,Enterprise,Forest,Forest,,,NAMPRD03,HDD - EDB,Enterprise,Forest,NAMPRD03,TRUE,TRUE,TRUE,TRUE,TRUE,PREPARED_ACTUALS_AND_FORECASTS,OPERATIONAL,,v6_17_viewer_dropdown_metadata.csv + v6_17_forecast_dropdown_metadata.csv,Direct canonical-taxonomy match.
OPERATIONAL_ENTITY,HDD|Organic|EDB|Enterprise|Forest,HDD,HDD - EDB,Organic,EDB,,Enterprise,Forest,Forest,,,NAMPRD04,HDD - EDB,Enterprise,Forest,NAMPRD04,TRUE,TRUE,TRUE,TRUE,TRUE,PREPARED_ACTUALS_AND_FORECASTS,OPERATIONAL,,v6_17_viewer_dropdown_metadata.csv + v6_17_forecast_dropdown_metadata.csv,Direct canonical-taxonomy match.
OPERATIONAL_ENTITY,HDD|Organic|EDB|Enterprise|Forest,HDD,HDD - EDB,Organic,EDB,,Enterprise,Forest,Forest,,,NAMPRD05,HDD - EDB,Enterprise,Forest,NAMPRD05,TRUE,TRUE,TRUE,TRUE,TRUE,PREPARED_ACTUALS_AND_FORECASTS,OPERATIONAL,,v6_17_viewer_dropdown_metadata.csv + v6_17_forecast_dropdown_metadata.csv,Direct canonical-taxonomy match.
OPERATIONAL_ENTITY,HDD|Organic|EDB|Enterprise|Forest,HDD,HDD - EDB,Organic,EDB,,Enterprise,Forest,Forest,,,NAMPRD06,HDD - EDB,Enterprise,Forest,NAMPRD06,TRUE,TRUE,TRUE,TRUE,TRUE,PREPARED_ACTUALS_AND_FORECASTS,OPERATIONAL,,v6_17_viewer_dropdown_metadata.csv + v6_17_forecast_dropdown_metadata.csv,Direct canonical-taxonomy match.
OPERATIONAL_ENTITY,HDD|Organic|EDB|Enterprise|Forest,HDD,HDD - EDB,Organic,EDB,,Enterprise,Forest,Forest,,,NAMPRD07,HDD - EDB,Enterprise,Forest,NAMPRD07,TRUE,TRUE,TRUE,TRUE,TRUE,PREPARED_ACTUALS_AND_FORECASTS,OPERATIONAL,,v6_17_viewer_dropdown_metadata.csv + v6_17_forecast_dropdown_metadata.csv,Direct canonical-taxonomy match.
OPERATIONAL_ENTITY,HDD|Organic|EDB|Enterprise|Forest,HDD,HDD - EDB,Organic,EDB,,Enterprise,Forest,Forest,,,NAMPRD08,HDD - EDB,Enterprise,Forest,NAMPRD08,TRUE,TRUE,TRUE,TRUE,TRUE,PREPARED_ACTUALS_AND_FORECASTS,OPERATIONAL,,v6_17_viewer_dropdown_metadata.csv + v6_17_forecast_dropdown_metadata.csv,Direct canonical-taxonomy match.
OPERATIONAL_ENTITY,HDD|Organic|EDB|Enterprise|Forest,HDD,HDD - EDB,Organic,EDB,,Enterprise,Forest,Forest,,,NAMPRD09,HDD - EDB,Enterprise,Forest,NAMPRD09,TRUE,TRUE,TRUE,TRUE,TRUE,PREPARED_ACTUALS_AND_FORECASTS,OPERATIONAL,,v6_17_viewer_dropdown_metadata.csv + v6_17_forecast_dropdown_metadata.csv,Direct canonical-taxonomy match.
OPERATIONAL_ENTITY,HDD|Organic|EDB|Enterprise|Forest,HDD,HDD - EDB,Organic,EDB,,Enterprise,Forest,Forest,,,NAMPRD10,HDD - EDB,Enterprise,Forest,NAMPRD10,TRUE,TRUE,TRUE,TRUE,TRUE,PREPARED_ACTUALS_AND_FORECASTS,OPERATIONAL,,v6_17_viewer_dropdown_metadata.csv + v6_17_forecast_dropdown_metadata.csv,Direct canonical-taxonomy match.
OPERATIONAL_ENTITY,HDD|Organic|EDB|Enterprise|Forest,HDD,HDD - EDB,Organic,EDB,,Enterprise,Forest,Forest,,,NAMPRD11,HDD - EDB,Enterprise,Forest,NAMPRD11,TRUE,TRUE,TRUE,TRUE,TRUE,PREPARED_ACTUALS_AND_FORECASTS,OPERATIONAL,,v6_17_viewer_dropdown_metadata.csv + v6_17_forecast_dropdown_metadata.csv,Direct canonical-taxonomy match.
OPERATIONAL_ENTITY,HDD|Organic|EDB|Enterprise|Forest,HDD,HDD - EDB,Organic,EDB,,Enterprise,Forest,Forest,,,NAMPRD12,HDD - EDB,Enterprise,Forest,NAMPRD12,TRUE,TRUE,TRUE,TRUE,TRUE,PREPARED_ACTUALS_AND_FORECASTS,OPERATIONAL,,v6_17_viewer_dropdown_metadata.csv + v6_17_forecast_dropdown_metadata.csv,Direct canonical-taxonomy match.
OPERATIONAL_ENTITY,HDD|Organic|EDB|Enterprise|Forest,HDD,HDD - EDB,Organic,EDB,,Enterprise,Forest,Forest,,,NAMPRD13,HDD - EDB,Enterprise,Forest,NAMPRD13,TRUE,TRUE,TRUE,TRUE,TRUE,PREPARED_ACTUALS_AND_FORECASTS,OPERATIONAL,,v6_17_viewer_dropdown_metadata.csv + v6_17_forecast_dropdown_metadata.csv,Direct canonical-taxonomy match.
OPERATIONAL_ENTITY,HDD|Organic|EDB|Enterprise|Forest,HDD,HDD - EDB,Organic,EDB,,Enterprise,Forest,Forest,,,NAMPRD14,HDD - EDB,Enterprise,Forest,NAMPRD14,TRUE,TRUE,TRUE,TRUE,TRUE,PREPARED_ACTUALS_AND_FORECASTS,OPERATIONAL,,v6_17_viewer_dropdown_metadata.csv + v6_17_forecast_dropdown_metadata.csv,Direct canonical-taxonomy match.
OPERATIONAL_ENTITY,HDD|Organic|EDB|Enterprise|Forest,HDD,HDD - EDB,Organic,EDB,,Enterprise,Forest,Forest,,,NAMPRD15,HDD - EDB,Enterprise,Forest,NAMPRD15,TRUE,TRUE,TRUE,TRUE,TRUE,PREPARED_ACTUALS_AND_FORECASTS,OPERATIONAL,,v6_17_viewer_dropdown_metadata.csv + v6_17_forecast_dropdown_metadata.csv,Direct canonical-taxonomy match.
OPERATIONAL_ENTITY,HDD|Organic|EDB|Enterprise|Forest,HDD,HDD - EDB,Organic,EDB,,Enterprise,Forest,Forest,,,NAMPRD16,HDD - EDB,Enterprise,Forest,NAMPRD16,TRUE,TRUE,TRUE,TRUE,TRUE,PREPARED_ACTUALS_AND_FORECASTS,OPERATIONAL,,v6_17_viewer_dropdown_metadata.csv + v6_17_forecast_dropdown_metadata.csv,Direct canonical-taxonomy match.
OPERATIONAL_ENTITY,HDD|Organic|EDB|Enterprise|Forest,HDD,HDD - EDB,Organic,EDB,,Enterprise,Forest,Forest,,,NAMPRD17,HDD - EDB,Enterprise,Forest,NAMPRD17,TRUE,TRUE,TRUE,TRUE,TRUE,PREPARED_ACTUALS_AND_FORECASTS,OPERATIONAL,,v6_17_viewer_dropdown_metadata.csv + v6_17_forecast_dropdown_metadata.csv,Direct canonical-taxonomy match.
OPERATIONAL_ENTITY,HDD|Organic|EDB|Enterprise|Forest,HDD,HDD - EDB,Organic,EDB,,Enterprise,Forest,Forest,,,NAMPRD18,HDD - EDB,Enterprise,Forest,NAMPRD18,TRUE,TRUE,TRUE,TRUE,TRUE,PREPARED_ACTUALS_AND_FORECASTS,OPERATIONAL,,v6_17_viewer_dropdown_metadata.csv + v6_17_forecast_dropdown_metadata.csv,Direct canonical-taxonomy match.
OPERATIONAL_ENTITY,HDD|Organic|EDB|Enterprise|Forest,HDD,HDD - EDB,Organic,EDB,,Enterprise,Forest,Forest,,,NAMPRD19,HDD - EDB,Enterprise,Forest,NAMPRD19,TRUE,TRUE,TRUE,TRUE,TRUE,PREPARED_ACTUALS_AND_FORECASTS,OPERATIONAL,,v6_17_viewer_dropdown_metadata.csv + v6_17_forecast_dropdown_metadata.csv,Direct canonical-taxonomy match.
OPERATIONAL_ENTITY,HDD|Organic|EDB|Enterprise|Forest,HDD,HDD - EDB,Organic,EDB,,Enterprise,Forest,Forest,,,NAMPRD20,HDD - EDB,Enterprise,Forest,NAMPRD20,TRUE,TRUE,TRUE,TRUE,TRUE,PREPARED_ACTUALS_AND_FORECASTS,OPERATIONAL,,v6_17_viewer_dropdown_metadata.csv + v6_17_forecast_dropdown_metadata.csv,Direct canonical-taxonomy match.
OPERATIONAL_ENTITY,HDD|Organic|EDB|Enterprise|Forest,HDD,HDD - EDB,Organic,EDB,,Enterprise,Forest,Forest,,,NAMPRD21,HDD - EDB,Enterprise,Forest,NAMPRD21,TRUE,TRUE,TRUE,TRUE,TRUE,PREPARED_ACTUALS_AND_FORECASTS,OPERATIONAL,,v6_17_viewer_dropdown_metadata.csv + v6_17_forecast_dropdown_metadata.csv,Direct canonical-taxonomy match.
OPERATIONAL_ENTITY,HDD|Organic|EDB|Enterprise|Forest,HDD,HDD - EDB,Organic,EDB,,Enterprise,Forest,Forest,,,NAMPRD22,HDD - EDB,Enterprise,Forest,NAMPRD22,TRUE,TRUE,TRUE,TRUE,TRUE,PREPARED_ACTUALS_AND_FORECASTS,OPERATIONAL,,v6_17_viewer_dropdown_metadata.csv + v6_17_forecast_dropdown_metadata.csv,Direct canonical-taxonomy match.
OPERATIONAL_ENTITY,HDD|Organic|EDB|Enterprise|Forest,HDD,HDD - EDB,Organic,EDB,,Enterprise,Forest,Forest,,,NAMPRD84,HDD - EDB,Enterprise,Forest,NAMPRD84,TRUE,TRUE,TRUE,TRUE,TRUE,PREPARED_ACTUALS_AND_FORECASTS,OPERATIONAL,,v6_17_viewer_dropdown_metadata.csv + v6_17_forecast_dropdown_metadata.csv,Direct canonical-taxonomy match.
OPERATIONAL_ENTITY,HDD|Organic|EDB|Enterprise|Forest,HDD,HDD - EDB,Organic,EDB,,Enterprise,Forest,Forest,,,NAMPRD85,HDD - EDB,Enterprise,Forest,NAMPRD85,TRUE,TRUE,TRUE,TRUE,TRUE,PREPARED_ACTUALS_AND_FORECASTS,OPERATIONAL,,v6_17_viewer_dropdown_metadata.csv + v6_17_forecast_dropdown_metadata.csv,Direct canonical-taxonomy match.
OPERATIONAL_ENTITY,HDD|Organic|EDB|Enterprise|Forest,HDD,HDD - EDB,Organic,EDB,,Enterprise,Forest,Forest,,,NORP279,HDD - EDB,Enterprise,Forest,NORP279,TRUE,TRUE,TRUE,TRUE,TRUE,PREPARED_ACTUALS_AND_FORECASTS,OPERATIONAL,,v6_17_viewer_dropdown_metadata.csv + v6_17_forecast_dropdown_metadata.csv,Direct canonical-taxonomy match.
OPERATIONAL_ENTITY,HDD|Organic|EDB|Enterprise|Forest,HDD,HDD - EDB,Organic,EDB,,Enterprise,Forest,Forest,,,NZLP299,HDD - EDB,Enterprise,Forest,NZLP299,TRUE,TRUE,TRUE,TRUE,TRUE,PREPARED_ACTUALS_AND_FORECASTS,OPERATIONAL,,v6_17_viewer_dropdown_metadata.csv + v6_17_forecast_dropdown_metadata.csv,Direct canonical-taxonomy match.
OPERATIONAL_ENTITY,HDD|Organic|EDB|Enterprise|Forest,HDD,HDD - EDB,Organic,EDB,,Enterprise,Forest,Forest,,,POLP291,HDD - EDB,Enterprise,Forest,POLP291,TRUE,TRUE,TRUE,TRUE,TRUE,PREPARED_ACTUALS_AND_FORECASTS,OPERATIONAL,,v6_17_viewer_dropdown_metadata.csv + v6_17_forecast_dropdown_metadata.csv,Direct canonical-taxonomy match.
OPERATIONAL_ENTITY,HDD|Organic|EDB|Enterprise|Forest,HDD,HDD - EDB,Organic,EDB,,Enterprise,Forest,Forest,,,QATP289,HDD - EDB,Enterprise,Forest,QATP289,TRUE,TRUE,TRUE,TRUE,TRUE,PREPARED_ACTUALS_AND_FORECASTS,OPERATIONAL,,v6_17_viewer_dropdown_metadata.csv + v6_17_forecast_dropdown_metadata.csv,Direct canonical-taxonomy match.
OPERATIONAL_ENTITY,HDD|Organic|EDB|Enterprise|Forest,HDD,HDD - EDB,Organic,EDB,,Enterprise,Forest,Forest,,,SGPP274,HDD - EDB,Enterprise,Forest,SGPP274,TRUE,TRUE,TRUE,TRUE,TRUE,PREPARED_ACTUALS_AND_FORECASTS,OPERATIONAL,,v6_17_viewer_dropdown_metadata.csv + v6_17_forecast_dropdown_metadata.csv,Direct canonical-taxonomy match.
OPERATIONAL_ENTITY,HDD|Organic|EDB|Enterprise|Forest,HDD,HDD - EDB,Organic,EDB,,Enterprise,Forest,Forest,,,SWEP280,HDD - EDB,Enterprise,Forest,SWEP280,TRUE,TRUE,TRUE,TRUE,TRUE,PREPARED_ACTUALS_AND_FORECASTS,OPERATIONAL,,v6_17_viewer_dropdown_metadata.csv + v6_17_forecast_dropdown_metadata.csv,Direct canonical-taxonomy match.
OPERATIONAL_ENTITY,HDD|Organic|EDB|Enterprise|Forest,HDD,HDD - EDB,Organic,EDB,,Enterprise,Forest,Forest,,,TWNP295,HDD - EDB,Enterprise,Forest,TWNP295,TRUE,TRUE,TRUE,TRUE,TRUE,PREPARED_ACTUALS_AND_FORECASTS,OPERATIONAL,,v6_17_viewer_dropdown_metadata.csv + v6_17_forecast_dropdown_metadata.csv,Direct canonical-taxonomy match.
OPERATIONAL_ENTITY,HDD|Organic|EDB|Enterprise|Forest,HDD,HDD - EDB,Organic,EDB,,Enterprise,Forest,Forest,,,ZAFP275,HDD - EDB,Enterprise,Forest,ZAFP275,TRUE,TRUE,TRUE,TRUE,TRUE,PREPARED_ACTUALS_AND_FORECASTS,OPERATIONAL,,v6_17_viewer_dropdown_metadata.csv + v6_17_forecast_dropdown_metadata.csv,Direct canonical-taxonomy match.
OPERATIONAL_ENTITY,HDD|Organic|EDB|Enterprise|Region,HDD,HDD - EDB,Organic,EDB,,Enterprise,Region,Region,,,APC-Dedicated,HDD - EDB,Enterprise,Region,APC-Dedicated,TRUE,TRUE,TRUE,TRUE,TRUE,PREPARED_ACTUALS_AND_FORECASTS,OPERATIONAL,,v6_17_viewer_dropdown_metadata.csv + v6_17_forecast_dropdown_metadata.csv,Direct canonical-taxonomy match.
OPERATIONAL_ENTITY,HDD|Organic|EDB|Enterprise|Region,HDD,HDD - EDB,Organic,EDB,,Enterprise,Region,Region,,,APC-MSIT,HDD - EDB,Enterprise,Region,APC-MSIT,TRUE,TRUE,TRUE,TRUE,TRUE,PREPARED_ACTUALS_AND_FORECASTS,OPERATIONAL,,v6_17_viewer_dropdown_metadata.csv + v6_17_forecast_dropdown_metadata.csv,Direct canonical-taxonomy match.
OPERATIONAL_ENTITY,HDD|Organic|EDB|Enterprise|Region,HDD,HDD - EDB,Organic,EDB,,Enterprise,Region,Region,,,APC-Multitenant,HDD - EDB,Enterprise,Region,APC-Multitenant,TRUE,TRUE,TRUE,TRUE,TRUE,PREPARED_ACTUALS_AND_FORECASTS,OPERATIONAL,,v6_17_viewer_dropdown_metadata.csv + v6_17_forecast_dropdown_metadata.csv,Direct canonical-taxonomy match.
OPERATIONAL_ENTITY,HDD|Organic|EDB|Enterprise|Region,HDD,HDD - EDB,Organic,EDB,,Enterprise,Region,Region,,,ARE-Go Local,HDD - EDB,Enterprise,Region,ARE-Go Local,TRUE,TRUE,TRUE,TRUE,TRUE,PREPARED_ACTUALS_AND_FORECASTS,OPERATIONAL,,v6_17_viewer_dropdown_metadata.csv + v6_17_forecast_dropdown_metadata.csv,Direct canonical-taxonomy match.
OPERATIONAL_ENTITY,HDD|Organic|EDB|Enterprise|Region,HDD,HDD - EDB,Organic,EDB,,Enterprise,Region,Region,,,AUS-Go Local,HDD - EDB,Enterprise,Region,AUS-Go Local,TRUE,TRUE,TRUE,TRUE,TRUE,PREPARED_ACTUALS_AND_FORECASTS,OPERATIONAL,,v6_17_viewer_dropdown_metadata.csv + v6_17_forecast_dropdown_metadata.csv,Direct canonical-taxonomy match.
OPERATIONAL_ENTITY,HDD|Organic|EDB|Enterprise|Region,HDD,HDD - EDB,Organic,EDB,,Enterprise,Region,Region,,,AUT-Go Local,HDD - EDB,Enterprise,Region,AUT-Go Local,TRUE,TRUE,TRUE,TRUE,TRUE,PREPARED_ACTUALS_AND_FORECASTS,OPERATIONAL,,v6_17_viewer_dropdown_metadata.csv + v6_17_forecast_dropdown_metadata.csv,Direct canonical-taxonomy match.
OPERATIONAL_ENTITY,HDD|Organic|EDB|Enterprise|Region,HDD,HDD - EDB,Organic,EDB,,Enterprise,Region,Region,,,BRA-Go Local,HDD - EDB,Enterprise,Region,BRA-Go Local,TRUE,TRUE,TRUE,TRUE,TRUE,PREPARED_ACTUALS_AND_FORECASTS,OPERATIONAL,,v6_17_viewer_dropdown_metadata.csv + v6_17_forecast_dropdown_metadata.csv,Direct canonical-taxonomy match.
OPERATIONAL_ENTITY,HDD|Organic|EDB|Enterprise|Region,HDD,HDD - EDB,Organic,EDB,,Enterprise,Region,Region,,,CAN-Go Local,HDD - EDB,Enterprise,Region,CAN-Go Local,TRUE,TRUE,TRUE,TRUE,TRUE,PREPARED_ACTUALS_AND_FORECASTS,OPERATIONAL,,v6_17_viewer_dropdown_metadata.csv + v6_17_forecast_dropdown_metadata.csv,Direct canonical-taxonomy match.
OPERATIONAL_ENTITY,HDD|Organic|EDB|Enterprise|Region,HDD,HDD - EDB,Organic,EDB,,Enterprise,Region,Region,,,CHE-Go Local,HDD - EDB,Enterprise,Region,CHE-Go Local,TRUE,TRUE,TRUE,TRUE,TRUE,PREPARED_ACTUALS_AND_FORECASTS,OPERATIONAL,,v6_17_viewer_dropdown_metadata.csv + v6_17_forecast_dropdown_metadata.csv,Direct canonical-taxonomy match.
OPERATIONAL_ENTITY,HDD|Organic|EDB|Enterprise|Region,HDD,HDD - EDB,Organic,EDB,,Enterprise,Region,Region,,,CHL-Go Local,HDD - EDB,Enterprise,Region,CHL-Go Local,TRUE,TRUE,TRUE,TRUE,TRUE,PREPARED_ACTUALS_AND_FORECASTS,OPERATIONAL,,v6_17_viewer_dropdown_metadata.csv + v6_17_forecast_dropdown_metadata.csv,Direct canonical-taxonomy match.
OPERATIONAL_ENTITY,HDD|Organic|EDB|Enterprise|Region,HDD,HDD - EDB,Organic,EDB,,Enterprise,Region,Region,,,DEU-Go Local,HDD - EDB,Enterprise,Region,DEU-Go Local,TRUE,TRUE,TRUE,TRUE,TRUE,PREPARED_ACTUALS_AND_FORECASTS,OPERATIONAL,,v6_17_viewer_dropdown_metadata.csv + v6_17_forecast_dropdown_metadata.csv,Direct canonical-taxonomy match.
OPERATIONAL_ENTITY,HDD|Organic|EDB|Enterprise|Region,HDD,HDD - EDB,Organic,EDB,,Enterprise,Region,Region,,,DNK-Go Local,HDD - EDB,Enterprise,Region,DNK-Go Local,TRUE,TRUE,TRUE,TRUE,TRUE,PREPARED_ACTUALS_AND_FORECASTS,OPERATIONAL,,v6_17_viewer_dropdown_metadata.csv + v6_17_forecast_dropdown_metadata.csv,Direct canonical-taxonomy match.
OPERATIONAL_ENTITY,HDD|Organic|EDB|Enterprise|Region,HDD,HDD - EDB,Organic,EDB,,Enterprise,Region,Region,,,ESP-Go Local,HDD - EDB,Enterprise,Region,ESP-Go Local,TRUE,TRUE,TRUE,TRUE,TRUE,PREPARED_ACTUALS_AND_FORECASTS,OPERATIONAL,,v6_17_viewer_dropdown_metadata.csv + v6_17_forecast_dropdown_metadata.csv,Direct canonical-taxonomy match.
OPERATIONAL_ENTITY,HDD|Organic|EDB|Enterprise|Region,HDD,HDD - EDB,Organic,EDB,,Enterprise,Region,Region,,,EUR-Dedicated,HDD - EDB,Enterprise,Region,EUR-Dedicated,TRUE,TRUE,TRUE,TRUE,TRUE,PREPARED_ACTUALS_AND_FORECASTS,OPERATIONAL,,v6_17_viewer_dropdown_metadata.csv + v6_17_forecast_dropdown_metadata.csv,Direct canonical-taxonomy match.
OPERATIONAL_ENTITY,HDD|Organic|EDB|Enterprise|Region,HDD,HDD - EDB,Organic,EDB,,Enterprise,Region,Region,,,EUR-Go Local,HDD - EDB,Enterprise,Region,EUR-Go Local,TRUE,TRUE,TRUE,TRUE,TRUE,PREPARED_ACTUALS_AND_FORECASTS,OPERATIONAL,,v6_17_viewer_dropdown_metadata.csv + v6_17_forecast_dropdown_metadata.csv,Direct canonical-taxonomy match.
OPERATIONAL_ENTITY,HDD|Organic|EDB|Enterprise|Region,HDD,HDD - EDB,Organic,EDB,,Enterprise,Region,Region,,,EUR-MSIT,HDD - EDB,Enterprise,Region,EUR-MSIT,TRUE,TRUE,TRUE,TRUE,TRUE,PREPARED_ACTUALS_AND_FORECASTS,OPERATIONAL,,v6_17_viewer_dropdown_metadata.csv + v6_17_forecast_dropdown_metadata.csv,Direct canonical-taxonomy match.
OPERATIONAL_ENTITY,HDD|Organic|EDB|Enterprise|Region,HDD,HDD - EDB,Organic,EDB,,Enterprise,Region,Region,,,EUR-Multitenant,HDD - EDB,Enterprise,Region,EUR-Multitenant,TRUE,TRUE,TRUE,TRUE,TRUE,PREPARED_ACTUALS_AND_FORECASTS,OPERATIONAL,,v6_17_viewer_dropdown_metadata.csv + v6_17_forecast_dropdown_metadata.csv,Direct canonical-taxonomy match.
OPERATIONAL_ENTITY,HDD|Organic|EDB|Enterprise|Region,HDD,HDD - EDB,Organic,EDB,,Enterprise,Region,Region,,,FRA-Go Local,HDD - EDB,Enterprise,Region,FRA-Go Local,TRUE,TRUE,TRUE,TRUE,TRUE,PREPARED_ACTUALS_AND_FORECASTS,OPERATIONAL,,v6_17_viewer_dropdown_metadata.csv + v6_17_forecast_dropdown_metadata.csv,Direct canonical-taxonomy match.
OPERATIONAL_ENTITY,HDD|Organic|EDB|Enterprise|Region,HDD,HDD - EDB,Organic,EDB,,Enterprise,Region,Region,,,GBR-Dedicated,HDD - EDB,Enterprise,Region,GBR-Dedicated,TRUE,TRUE,TRUE,TRUE,TRUE,PREPARED_ACTUALS_AND_FORECASTS,OPERATIONAL,,v6_17_viewer_dropdown_metadata.csv + v6_17_forecast_dropdown_metadata.csv,Direct canonical-taxonomy match.
OPERATIONAL_ENTITY,HDD|Organic|EDB|Enterprise|Region,HDD,HDD - EDB,Organic,EDB,,Enterprise,Region,Region,,,GBR-Go Local,HDD - EDB,Enterprise,Region,GBR-Go Local,TRUE,TRUE,TRUE,TRUE,TRUE,PREPARED_ACTUALS_AND_FORECASTS,OPERATIONAL,,v6_17_viewer_dropdown_metadata.csv + v6_17_forecast_dropdown_metadata.csv,Direct canonical-taxonomy match.
OPERATIONAL_ENTITY,HDD|Organic|EDB|Enterprise|Region,HDD,HDD - EDB,Organic,EDB,,Enterprise,Region,Region,,,IDN-Go Local,HDD - EDB,Enterprise,Region,IDN-Go Local,TRUE,TRUE,TRUE,TRUE,TRUE,PREPARED_ACTUALS_AND_FORECASTS,OPERATIONAL,,v6_17_viewer_dropdown_metadata.csv + v6_17_forecast_dropdown_metadata.csv,Direct canonical-taxonomy match.
OPERATIONAL_ENTITY,HDD|Organic|EDB|Enterprise|Region,HDD,HDD - EDB,Organic,EDB,,Enterprise,Region,Region,,,IND-Go Local,HDD - EDB,Enterprise,Region,IND-Go Local,TRUE,TRUE,TRUE,TRUE,TRUE,PREPARED_ACTUALS_AND_FORECASTS,OPERATIONAL,,v6_17_viewer_dropdown_metadata.csv + v6_17_forecast_dropdown_metadata.csv,Direct canonical-taxonomy match.
OPERATIONAL_ENTITY,HDD|Organic|EDB|Enterprise|Region,HDD,HDD - EDB,Organic,EDB,,Enterprise,Region,Region,,,ISR-Go Local,HDD - EDB,Enterprise,Region,ISR-Go Local,TRUE,TRUE,TRUE,TRUE,TRUE,PREPARED_ACTUALS_AND_FORECASTS,OPERATIONAL,,v6_17_viewer_dropdown_metadata.csv + v6_17_forecast_dropdown_metadata.csv,Direct canonical-taxonomy match.
OPERATIONAL_ENTITY,HDD|Organic|EDB|Enterprise|Region,HDD,HDD - EDB,Organic,EDB,,Enterprise,Region,Region,,,ITA-Go Local,HDD - EDB,Enterprise,Region,ITA-Go Local,TRUE,TRUE,TRUE,TRUE,TRUE,PREPARED_ACTUALS_AND_FORECASTS,OPERATIONAL,,v6_17_viewer_dropdown_metadata.csv + v6_17_forecast_dropdown_metadata.csv,Direct canonical-taxonomy match.
OPERATIONAL_ENTITY,HDD|Organic|EDB|Enterprise|Region,HDD,HDD - EDB,Organic,EDB,,Enterprise,Region,Region,,,JPN-Go Local,HDD - EDB,Enterprise,Region,JPN-Go Local,TRUE,TRUE,TRUE,TRUE,TRUE,PREPARED_ACTUALS_AND_FORECASTS,OPERATIONAL,,v6_17_viewer_dropdown_metadata.csv + v6_17_forecast_dropdown_metadata.csv,Direct canonical-taxonomy match.
OPERATIONAL_ENTITY,HDD|Organic|EDB|Enterprise|Region,HDD,HDD - EDB,Organic,EDB,,Enterprise,Region,Region,,,KOR-Go Local,HDD - EDB,Enterprise,Region,KOR-Go Local,TRUE,TRUE,TRUE,TRUE,TRUE,PREPARED_ACTUALS_AND_FORECASTS,OPERATIONAL,,v6_17_viewer_dropdown_metadata.csv + v6_17_forecast_dropdown_metadata.csv,Direct canonical-taxonomy match.
OPERATIONAL_ENTITY,HDD|Organic|EDB|Enterprise|Region,HDD,HDD - EDB,Organic,EDB,,Enterprise,Region,Region,,,LAM-Multitenant,HDD - EDB,Enterprise,Region,LAM-Multitenant,TRUE,TRUE,TRUE,TRUE,TRUE,PREPARED_ACTUALS_AND_FORECASTS,OPERATIONAL,,v6_17_viewer_dropdown_metadata.csv + v6_17_forecast_dropdown_metadata.csv,Direct canonical-taxonomy match.
OPERATIONAL_ENTITY,HDD|Organic|EDB|Enterprise|Region,HDD,HDD - EDB,Organic,EDB,,Enterprise,Region,Region,,,MEX-Go Local,HDD - EDB,Enterprise,Region,MEX-Go Local,TRUE,TRUE,TRUE,TRUE,TRUE,PREPARED_ACTUALS_AND_FORECASTS,OPERATIONAL,,v6_17_viewer_dropdown_metadata.csv + v6_17_forecast_dropdown_metadata.csv,Direct canonical-taxonomy match.
OPERATIONAL_ENTITY,HDD|Organic|EDB|Enterprise|Region,HDD,HDD - EDB,Organic,EDB,,Enterprise,Region,Region,,,MYS-Go Local,HDD - EDB,Enterprise,Region,MYS-Go Local,TRUE,TRUE,TRUE,TRUE,TRUE,PREPARED_ACTUALS_AND_FORECASTS,OPERATIONAL,,v6_17_viewer_dropdown_metadata.csv + v6_17_forecast_dropdown_metadata.csv,Direct canonical-taxonomy match.
OPERATIONAL_ENTITY,HDD|Organic|EDB|Enterprise|Region,HDD,HDD - EDB,Organic,EDB,,Enterprise,Region,Region,,,NAM-Dedicated,HDD - EDB,Enterprise,Region,NAM-Dedicated,TRUE,TRUE,TRUE,TRUE,TRUE,PREPARED_ACTUALS_AND_FORECASTS,OPERATIONAL,,v6_17_viewer_dropdown_metadata.csv + v6_17_forecast_dropdown_metadata.csv,Direct canonical-taxonomy match.
OPERATIONAL_ENTITY,HDD|Organic|EDB|Enterprise|Region,HDD,HDD - EDB,Organic,EDB,,Enterprise,Region,Region,,,NAM-GCC Low,HDD - EDB,Enterprise,Region,NAM-GCC Low,TRUE,TRUE,TRUE,TRUE,TRUE,PREPARED_ACTUALS_AND_FORECASTS,OPERATIONAL,,v6_17_viewer_dropdown_metadata.csv + v6_17_forecast_dropdown_metadata.csv,Direct canonical-taxonomy match.
OPERATIONAL_ENTITY,HDD|Organic|EDB|Enterprise|Region,HDD,HDD - EDB,Organic,EDB,,Enterprise,Region,Region,,,NAM-ITAR DoD,HDD - EDB,Enterprise,Region,NAM-ITAR DoD,TRUE,TRUE,TRUE,TRUE,TRUE,PREPARED_ACTUALS_AND_FORECASTS,OPERATIONAL,,v6_17_viewer_dropdown_metadata.csv + v6_17_forecast_dropdown_metadata.csv,Direct canonical-taxonomy match.
OPERATIONAL_ENTITY,HDD|Organic|EDB|Enterprise|Region,HDD,HDD - EDB,Organic,EDB,,Enterprise,Region,Region,,,NAM-ITAR GCCH,HDD - EDB,Enterprise,Region,NAM-ITAR GCCH,TRUE,TRUE,TRUE,TRUE,TRUE,PREPARED_ACTUALS_AND_FORECASTS,OPERATIONAL,,v6_17_viewer_dropdown_metadata.csv + v6_17_forecast_dropdown_metadata.csv,Direct canonical-taxonomy match.
OPERATIONAL_ENTITY,HDD|Organic|EDB|Enterprise|Region,HDD,HDD - EDB,Organic,EDB,,Enterprise,Region,Region,,,NAM-MSIT,HDD - EDB,Enterprise,Region,NAM-MSIT,TRUE,TRUE,TRUE,TRUE,TRUE,PREPARED_ACTUALS_AND_FORECASTS,OPERATIONAL,,v6_17_viewer_dropdown_metadata.csv + v6_17_forecast_dropdown_metadata.csv,Direct canonical-taxonomy match.
OPERATIONAL_ENTITY,HDD|Organic|EDB|Enterprise|Region,HDD,HDD - EDB,Organic,EDB,,Enterprise,Region,Region,,,NAM-Multitenant,HDD - EDB,Enterprise,Region,NAM-Multitenant,TRUE,TRUE,TRUE,TRUE,TRUE,PREPARED_ACTUALS_AND_FORECASTS,OPERATIONAL,,v6_17_viewer_dropdown_metadata.csv + v6_17_forecast_dropdown_metadata.csv,Direct canonical-taxonomy match.
OPERATIONAL_ENTITY,HDD|Organic|EDB|Enterprise|Region,HDD,HDD - EDB,Organic,EDB,,Enterprise,Region,Region,,,NAM-SDF,HDD - EDB,Enterprise,Region,NAM-SDF,TRUE,TRUE,TRUE,TRUE,TRUE,PREPARED_ACTUALS_AND_FORECASTS,OPERATIONAL,,v6_17_viewer_dropdown_metadata.csv + v6_17_forecast_dropdown_metadata.csv,Direct canonical-taxonomy match.
OPERATIONAL_ENTITY,HDD|Organic|EDB|Enterprise|Region,HDD,HDD - EDB,Organic,EDB,,Enterprise,Region,Region,,,NAM-TDF,HDD - EDB,Enterprise,Region,NAM-TDF,TRUE,TRUE,TRUE,TRUE,TRUE,PREPARED_ACTUALS_AND_FORECASTS,OPERATIONAL,,v6_17_viewer_dropdown_metadata.csv + v6_17_forecast_dropdown_metadata.csv,Direct canonical-taxonomy match.
OPERATIONAL_ENTITY,HDD|Organic|EDB|Enterprise|Region,HDD,HDD - EDB,Organic,EDB,,Enterprise,Region,Region,,,NOR-Go Local,HDD - EDB,Enterprise,Region,NOR-Go Local,TRUE,TRUE,TRUE,TRUE,TRUE,PREPARED_ACTUALS_AND_FORECASTS,OPERATIONAL,,v6_17_viewer_dropdown_metadata.csv + v6_17_forecast_dropdown_metadata.csv,Direct canonical-taxonomy match.
OPERATIONAL_ENTITY,HDD|Organic|EDB|Enterprise|Region,HDD,HDD - EDB,Organic,EDB,,Enterprise,Region,Region,,,NZL-Go Local,HDD - EDB,Enterprise,Region,NZL-Go Local,TRUE,TRUE,TRUE,TRUE,TRUE,PREPARED_ACTUALS_AND_FORECASTS,OPERATIONAL,,v6_17_viewer_dropdown_metadata.csv + v6_17_forecast_dropdown_metadata.csv,Direct canonical-taxonomy match.
OPERATIONAL_ENTITY,HDD|Organic|EDB|Enterprise|Region,HDD,HDD - EDB,Organic,EDB,,Enterprise,Region,Region,,,POL-Go Local,HDD - EDB,Enterprise,Region,POL-Go Local,TRUE,TRUE,TRUE,TRUE,TRUE,PREPARED_ACTUALS_AND_FORECASTS,OPERATIONAL,,v6_17_viewer_dropdown_metadata.csv + v6_17_forecast_dropdown_metadata.csv,Direct canonical-taxonomy match.
OPERATIONAL_ENTITY,HDD|Organic|EDB|Enterprise|Region,HDD,HDD - EDB,Organic,EDB,,Enterprise,Region,Region,,,QAT-Go Local,HDD - EDB,Enterprise,Region,QAT-Go Local,TRUE,TRUE,TRUE,TRUE,TRUE,PREPARED_ACTUALS_AND_FORECASTS,OPERATIONAL,,v6_17_viewer_dropdown_metadata.csv + v6_17_forecast_dropdown_metadata.csv,Direct canonical-taxonomy match.
OPERATIONAL_ENTITY,HDD|Organic|EDB|Enterprise|Region,HDD,HDD - EDB,Organic,EDB,,Enterprise,Region,Region,,,SGP-Go Local,HDD - EDB,Enterprise,Region,SGP-Go Local,TRUE,TRUE,TRUE,TRUE,TRUE,PREPARED_ACTUALS_AND_FORECASTS,OPERATIONAL,,v6_17_viewer_dropdown_metadata.csv + v6_17_forecast_dropdown_metadata.csv,Direct canonical-taxonomy match.
OPERATIONAL_ENTITY,HDD|Organic|EDB|Enterprise|Region,HDD,HDD - EDB,Organic,EDB,,Enterprise,Region,Region,,,SWE-Go Local,HDD - EDB,Enterprise,Region,SWE-Go Local,TRUE,TRUE,TRUE,TRUE,TRUE,PREPARED_ACTUALS_AND_FORECASTS,OPERATIONAL,,v6_17_viewer_dropdown_metadata.csv + v6_17_forecast_dropdown_metadata.csv,Direct canonical-taxonomy match.
OPERATIONAL_ENTITY,HDD|Organic|EDB|Enterprise|Region,HDD,HDD - EDB,Organic,EDB,,Enterprise,Region,Region,,,TWN-Go Local,HDD - EDB,Enterprise,Region,TWN-Go Local,TRUE,TRUE,TRUE,TRUE,TRUE,PREPARED_ACTUALS_AND_FORECASTS,OPERATIONAL,,v6_17_viewer_dropdown_metadata.csv + v6_17_forecast_dropdown_metadata.csv,Direct canonical-taxonomy match.
OPERATIONAL_ENTITY,HDD|Organic|EDB|Enterprise|Region,HDD,HDD - EDB,Organic,EDB,,Enterprise,Region,Region,,,ZAF-Go Local,HDD - EDB,Enterprise,Region,ZAF-Go Local,TRUE,TRUE,TRUE,TRUE,TRUE,PREPARED_ACTUALS_AND_FORECASTS,OPERATIONAL,,v6_17_viewer_dropdown_metadata.csv + v6_17_forecast_dropdown_metadata.csv,Direct canonical-taxonomy match.
OPERATIONAL_ENTITY,SSD|Phoenix|LEGACY_VARIANT|Low Volume No Efficiency|Forest,SSD,SSD - Phoenix,,Phoenix,Low Volume No Efficiency,,Forest,Forest,,,APCP150,SSD - Phoenix,Low Volume No Efficiency,Forest,APCP150,FALSE,TRUE,FALSE,TRUE,FALSE,PREPARED_FORECAST_ONLY,OPERATIONAL_LEGACY_COMPATIBILITY,FORECAST_ONLY,v6_17_viewer_dropdown_metadata.csv + v6_17_forecast_dropdown_metadata.csv,Prepared volume/efficiency variants are preserved verbatim. No Organic/Inorganic mapping has been verified.
OPERATIONAL_ENTITY,SSD|Phoenix|LEGACY_VARIANT|Low Volume No Efficiency|Forest,SSD,SSD - Phoenix,,Phoenix,Low Volume No Efficiency,,Forest,Forest,,,APCPRD01,SSD - Phoenix,Low Volume No Efficiency,Forest,APCPRD01,FALSE,TRUE,FALSE,TRUE,FALSE,PREPARED_FORECAST_ONLY,OPERATIONAL_LEGACY_COMPATIBILITY,FORECAST_ONLY,v6_17_viewer_dropdown_metadata.csv + v6_17_forecast_dropdown_metadata.csv,Prepared volume/efficiency variants are preserved verbatim. No Organic/Inorganic mapping has been verified.
OPERATIONAL_ENTITY,SSD|Phoenix|LEGACY_VARIANT|Low Volume No Efficiency|Forest,SSD,SSD - Phoenix,,Phoenix,Low Volume No Efficiency,,Forest,Forest,,,APCPRD02,SSD - Phoenix,Low Volume No Efficiency,Forest,APCPRD02,FALSE,TRUE,FALSE,TRUE,FALSE,PREPARED_FORECAST_ONLY,OPERATIONAL_LEGACY_COMPATIBILITY,FORECAST_ONLY,v6_17_viewer_dropdown_metadata.csv + v6_17_forecast_dropdown_metadata.csv,Prepared volume/efficiency variants are preserved verbatim. No Organic/Inorganic mapping has been verified.
OPERATIONAL_ENTITY,SSD|Phoenix|LEGACY_VARIANT|Low Volume No Efficiency|Forest,SSD,SSD - Phoenix,,Phoenix,Low Volume No Efficiency,,Forest,Forest,,,APCPRD03,SSD - Phoenix,Low Volume No Efficiency,Forest,APCPRD03,FALSE,TRUE,FALSE,TRUE,FALSE,PREPARED_FORECAST_ONLY,OPERATIONAL_LEGACY_COMPATIBILITY,FORECAST_ONLY,v6_17_viewer_dropdown_metadata.csv + v6_17_forecast_dropdown_metadata.csv,Prepared volume/efficiency variants are preserved verbatim. No Organic/Inorganic mapping has been verified.
OPERATIONAL_ENTITY,SSD|Phoenix|LEGACY_VARIANT|Low Volume No Efficiency|Forest,SSD,SSD - Phoenix,,Phoenix,Low Volume No Efficiency,,Forest,Forest,,,APCPRD04,SSD - Phoenix,Low Volume No Efficiency,Forest,APCPRD04,FALSE,TRUE,FALSE,TRUE,FALSE,PREPARED_FORECAST_ONLY,OPERATIONAL_LEGACY_COMPATIBILITY,FORECAST_ONLY,v6_17_viewer_dropdown_metadata.csv + v6_17_forecast_dropdown_metadata.csv,Prepared volume/efficiency variants are preserved verbatim. No Organic/Inorganic mapping has been verified.
OPERATIONAL_ENTITY,SSD|Phoenix|LEGACY_VARIANT|Low Volume No Efficiency|Forest,SSD,SSD - Phoenix,,Phoenix,Low Volume No Efficiency,,Forest,Forest,,,APCPRD06,SSD - Phoenix,Low Volume No Efficiency,Forest,APCPRD06,FALSE,TRUE,FALSE,TRUE,FALSE,PREPARED_FORECAST_ONLY,OPERATIONAL_LEGACY_COMPATIBILITY,FORECAST_ONLY,v6_17_viewer_dropdown_metadata.csv + v6_17_forecast_dropdown_metadata.csv,Prepared volume/efficiency variants are preserved verbatim. No Organic/Inorganic mapping has been verified.
OPERATIONAL_ENTITY,SSD|Phoenix|LEGACY_VARIANT|Low Volume No Efficiency|Forest,SSD,SSD - Phoenix,,Phoenix,Low Volume No Efficiency,,Forest,Forest,,,AREP273,SSD - Phoenix,Low Volume No Efficiency,Forest,AREP273,FALSE,TRUE,FALSE,TRUE,FALSE,PREPARED_FORECAST_ONLY,OPERATIONAL_LEGACY_COMPATIBILITY,FORECAST_ONLY,v6_17_viewer_dropdown_metadata.csv + v6_17_forecast_dropdown_metadata.csv,Prepared volume/efficiency variants are preserved verbatim. No Organic/Inorganic mapping has been verified.
OPERATIONAL_ENTITY,SSD|Phoenix|LEGACY_VARIANT|Low Volume No Efficiency|Forest,SSD,SSD - Phoenix,,Phoenix,Low Volume No Efficiency,,Forest,Forest,,,AUSP282,SSD - Phoenix,Low Volume No Efficiency,Forest,AUSP282,FALSE,TRUE,FALSE,TRUE,FALSE,PREPARED_FORECAST_ONLY,OPERATIONAL_LEGACY_COMPATIBILITY,FORECAST_ONLY,v6_17_viewer_dropdown_metadata.csv + v6_17_forecast_dropdown_metadata.csv,Prepared volume/efficiency variants are preserved verbatim. No Organic/Inorganic mapping has been verified.
OPERATIONAL_ENTITY,SSD|Phoenix|LEGACY_VARIANT|Low Volume No Efficiency|Forest,SSD,SSD - Phoenix,,Phoenix,Low Volume No Efficiency,,Forest,Forest,,,AUSP300,SSD - Phoenix,Low Volume No Efficiency,Forest,AUSP300,FALSE,TRUE,FALSE,TRUE,FALSE,PREPARED_FORECAST_ONLY,OPERATIONAL_LEGACY_COMPATIBILITY,FORECAST_ONLY,v6_17_viewer_dropdown_metadata.csv + v6_17_forecast_dropdown_metadata.csv,Prepared volume/efficiency variants are preserved verbatim. No Organic/Inorganic mapping has been verified.
OPERATIONAL_ENTITY,SSD|Phoenix|LEGACY_VARIANT|Low Volume No Efficiency|Forest,SSD,SSD - Phoenix,,Phoenix,Low Volume No Efficiency,,Forest,Forest,,,AUSPRD01,SSD - Phoenix,Low Volume No Efficiency,Forest,AUSPRD01,FALSE,TRUE,FALSE,TRUE,FALSE,PREPARED_FORECAST_ONLY,OPERATIONAL_LEGACY_COMPATIBILITY,FORECAST_ONLY,v6_17_viewer_dropdown_metadata.csv + v6_17_forecast_dropdown_metadata.csv,Prepared volume/efficiency variants are preserved verbatim. No Organic/Inorganic mapping has been verified.
OPERATIONAL_ENTITY,SSD|Phoenix|LEGACY_VARIANT|Low Volume No Efficiency|Forest,SSD,SSD - Phoenix,,Phoenix,Low Volume No Efficiency,,Forest,Forest,,,AUTP296,SSD - Phoenix,Low Volume No Efficiency,Forest,AUTP296,FALSE,TRUE,FALSE,TRUE,FALSE,PREPARED_FORECAST_ONLY,OPERATIONAL_LEGACY_COMPATIBILITY,FORECAST_ONLY,v6_17_viewer_dropdown_metadata.csv + v6_17_forecast_dropdown_metadata.csv,Prepared volume/efficiency variants are preserved verbatim. No Organic/Inorganic mapping has been verified.
OPERATIONAL_ENTITY,SSD|Phoenix|LEGACY_VARIANT|Low Volume No Efficiency|Forest,SSD,SSD - Phoenix,,Phoenix,Low Volume No Efficiency,,Forest,Forest,,,BRAP284,SSD - Phoenix,Low Volume No Efficiency,Forest,BRAP284,FALSE,TRUE,FALSE,TRUE,FALSE,PREPARED_FORECAST_ONLY,OPERATIONAL_LEGACY_COMPATIBILITY,FORECAST_ONLY,v6_17_viewer_dropdown_metadata.csv + v6_17_forecast_dropdown_metadata.csv,Prepared volume/efficiency variants are preserved verbatim. No Organic/Inorganic mapping has been verified.
OPERATIONAL_ENTITY,SSD|Phoenix|LEGACY_VARIANT|Low Volume No Efficiency|Forest,SSD,SSD - Phoenix,,Phoenix,Low Volume No Efficiency,,Forest,Forest,,,CANP288,SSD - Phoenix,Low Volume No Efficiency,Forest,CANP288,FALSE,TRUE,FALSE,TRUE,FALSE,PREPARED_FORECAST_ONLY,OPERATIONAL_LEGACY_COMPATIBILITY,FORECAST_ONLY,v6_17_viewer_dropdown_metadata.csv + v6_17_forecast_dropdown_metadata.csv,Prepared volume/efficiency variants are preserved verbatim. No Organic/Inorganic mapping has been verified.
OPERATIONAL_ENTITY,SSD|Phoenix|LEGACY_VARIANT|Low Volume No Efficiency|Forest,SSD,SSD - Phoenix,,Phoenix,Low Volume No Efficiency,,Forest,Forest,,,CANPRD01,SSD - Phoenix,Low Volume No Efficiency,Forest,CANPRD01,FALSE,TRUE,FALSE,TRUE,FALSE,PREPARED_FORECAST_ONLY,OPERATIONAL_LEGACY_COMPATIBILITY,FORECAST_ONLY,v6_17_viewer_dropdown_metadata.csv + v6_17_forecast_dropdown_metadata.csv,Prepared volume/efficiency variants are preserved verbatim. No Organic/Inorganic mapping has been verified.
OPERATIONAL_ENTITY,SSD|Phoenix|LEGACY_VARIANT|Low Volume No Efficiency|Forest,SSD,SSD - Phoenix,,Phoenix,Low Volume No Efficiency,,Forest,Forest,,,CHEP278,SSD - Phoenix,Low Volume No Efficiency,Forest,CHEP278,FALSE,TRUE,FALSE,TRUE,FALSE,PREPARED_FORECAST_ONLY,OPERATIONAL_LEGACY_COMPATIBILITY,FORECAST_ONLY,v6_17_viewer_dropdown_metadata.csv + v6_17_forecast_dropdown_metadata.csv,Prepared volume/efficiency variants are preserved verbatim. No Organic/Inorganic mapping has been verified.
OPERATIONAL_ENTITY,SSD|Phoenix|LEGACY_VARIANT|Low Volume No Efficiency|Forest,SSD,SSD - Phoenix,,Phoenix,Low Volume No Efficiency,,Forest,Forest,,,CHLP298,SSD - Phoenix,Low Volume No Efficiency,Forest,CHLP298,FALSE,TRUE,FALSE,TRUE,FALSE,PREPARED_FORECAST_ONLY,OPERATIONAL_LEGACY_COMPATIBILITY,FORECAST_ONLY,v6_17_viewer_dropdown_metadata.csv + v6_17_forecast_dropdown_metadata.csv,Prepared volume/efficiency variants are preserved verbatim. No Organic/Inorganic mapping has been verified.
OPERATIONAL_ENTITY,SSD|Phoenix|LEGACY_VARIANT|Low Volume No Efficiency|Forest,SSD,SSD - Phoenix,,Phoenix,Low Volume No Efficiency,,Forest,Forest,,,DEUP281,SSD - Phoenix,Low Volume No Efficiency,Forest,DEUP281,FALSE,TRUE,FALSE,TRUE,FALSE,PREPARED_FORECAST_ONLY,OPERATIONAL_LEGACY_COMPATIBILITY,FORECAST_ONLY,v6_17_viewer_dropdown_metadata.csv + v6_17_forecast_dropdown_metadata.csv,Prepared volume/efficiency variants are preserved verbatim. No Organic/Inorganic mapping has been verified.
OPERATIONAL_ENTITY,SSD|Phoenix|LEGACY_VARIANT|Low Volume No Efficiency|Forest,SSD,SSD - Phoenix,,Phoenix,Low Volume No Efficiency,,Forest,Forest,,,DNKP307,SSD - Phoenix,Low Volume No Efficiency,Forest,DNKP307,FALSE,TRUE,FALSE,TRUE,FALSE,PREPARED_FORECAST_ONLY,OPERATIONAL_LEGACY_COMPATIBILITY,FORECAST_ONLY,v6_17_viewer_dropdown_metadata.csv + v6_17_forecast_dropdown_metadata.csv,Prepared volume/efficiency variants are preserved verbatim. No Organic/Inorganic mapping has been verified.
OPERATIONAL_ENTITY,SSD|Phoenix|LEGACY_VARIANT|Low Volume No Efficiency|Forest,SSD,SSD - Phoenix,,Phoenix,Low Volume No Efficiency,,Forest,Forest,,,ESPP292,SSD - Phoenix,Low Volume No Efficiency,Forest,ESPP292,FALSE,TRUE,FALSE,TRUE,FALSE,PREPARED_FORECAST_ONLY,OPERATIONAL_LEGACY_COMPATIBILITY,FORECAST_ONLY,v6_17_viewer_dropdown_metadata.csv + v6_17_forecast_dropdown_metadata.csv,Prepared volume/efficiency variants are preserved verbatim. No Organic/Inorganic mapping has been verified.
OPERATIONAL_ENTITY,SSD|Phoenix|LEGACY_VARIANT|Low Volume No Efficiency|Forest,SSD,SSD - Phoenix,,Phoenix,Low Volume No Efficiency,,Forest,Forest,,,EURP107,SSD - Phoenix,Low Volume No Efficiency,Forest,EURP107,FALSE,TRUE,FALSE,TRUE,FALSE,PREPARED_FORECAST_ONLY,OPERATIONAL_LEGACY_COMPATIBILITY,FORECAST_ONLY,v6_17_viewer_dropdown_metadata.csv + v6_17_forecast_dropdown_metadata.csv,Prepared volume/efficiency variants are preserved verbatim. No Organic/Inorganic mapping has been verified.
OPERATIONAL_ENTITY,SSD|Phoenix|LEGACY_VARIANT|Low Volume No Efficiency|Forest,SSD,SSD - Phoenix,,Phoenix,Low Volume No Efficiency,,Forest,Forest,,,EURP119,SSD - Phoenix,Low Volume No Efficiency,Forest,EURP119,FALSE,TRUE,FALSE,TRUE,FALSE,PREPARED_FORECAST_ONLY,OPERATIONAL_LEGACY_COMPATIBILITY,FORECAST_ONLY,v6_17_viewer_dropdown_metadata.csv + v6_17_forecast_dropdown_metadata.csv,Prepared volume/efficiency variants are preserved verbatim. No Organic/Inorganic mapping has been verified.
OPERATIONAL_ENTITY,SSD|Phoenix|LEGACY_VARIANT|Low Volume No Efficiency|Forest,SSD,SSD - Phoenix,,Phoenix,Low Volume No Efficiency,,Forest,Forest,,,EURP120,SSD - Phoenix,Low Volume No Efficiency,Forest,EURP120,FALSE,TRUE,FALSE,TRUE,FALSE,PREPARED_FORECAST_ONLY,OPERATIONAL_LEGACY_COMPATIBILITY,FORECAST_ONLY,v6_17_viewer_dropdown_metadata.csv + v6_17_forecast_dropdown_metadata.csv,Prepared volume/efficiency variants are preserved verbatim. No Organic/Inorganic mapping has been verified.
OPERATIONAL_ENTITY,SSD|Phoenix|LEGACY_VARIANT|Low Volume No Efficiency|Forest,SSD,SSD - Phoenix,,Phoenix,Low Volume No Efficiency,,Forest,Forest,,,EURP121,SSD - Phoenix,Low Volume No Efficiency,Forest,EURP121,FALSE,TRUE,FALSE,TRUE,FALSE,PREPARED_FORECAST_ONLY,OPERATIONAL_LEGACY_COMPATIBILITY,FORECAST_ONLY,v6_17_viewer_dropdown_metadata.csv + v6_17_forecast_dropdown_metadata.csv,Prepared volume/efficiency variants are preserved verbatim. No Organic/Inorganic mapping has been verified.
OPERATIONAL_ENTITY,SSD|Phoenix|LEGACY_VARIANT|Low Volume No Efficiency|Forest,SSD,SSD - Phoenix,,Phoenix,Low Volume No Efficiency,,Forest,Forest,,,EURP122,SSD - Phoenix,Low Volume No Efficiency,Forest,EURP122,FALSE,TRUE,FALSE,TRUE,FALSE,PREPARED_FORECAST_ONLY,OPERATIONAL_LEGACY_COMPATIBILITY,FORECAST_ONLY,v6_17_viewer_dropdown_metadata.csv + v6_17_forecast_dropdown_metadata.csv,Prepared volume/efficiency variants are preserved verbatim. No Organic/Inorganic mapping has been verified.
OPERATIONAL_ENTITY,SSD|Phoenix|LEGACY_VARIANT|Low Volume No Efficiency|Forest,SSD,SSD - Phoenix,,Phoenix,Low Volume No Efficiency,,Forest,Forest,,,EURP137,SSD - Phoenix,Low Volume No Efficiency,Forest,EURP137,FALSE,TRUE,FALSE,TRUE,FALSE,PREPARED_FORECAST_ONLY,OPERATIONAL_LEGACY_COMPATIBILITY,FORECAST_ONLY,v6_17_viewer_dropdown_metadata.csv + v6_17_forecast_dropdown_metadata.csv,Prepared volume/efficiency variants are preserved verbatim. No Organic/Inorganic mapping has been verified.
OPERATIONAL_ENTITY,SSD|Phoenix|LEGACY_VARIANT|Low Volume No Efficiency|Forest,SSD,SSD - Phoenix,,Phoenix,Low Volume No Efficiency,,Forest,Forest,,,EURP138,SSD - Phoenix,Low Volume No Efficiency,Forest,EURP138,FALSE,TRUE,FALSE,TRUE,FALSE,PREPARED_FORECAST_ONLY,OPERATIONAL_LEGACY_COMPATIBILITY,FORECAST_ONLY,v6_17_viewer_dropdown_metadata.csv + v6_17_forecast_dropdown_metadata.csv,Prepared volume/efficiency variants are preserved verbatim. No Organic/Inorganic mapping has been verified.
OPERATIONAL_ENTITY,SSD|Phoenix|LEGACY_VARIANT|Low Volume No Efficiency|Forest,SSD,SSD - Phoenix,,Phoenix,Low Volume No Efficiency,,Forest,Forest,,,EURP174,SSD - Phoenix,Low Volume No Efficiency,Forest,EURP174,FALSE,TRUE,FALSE,TRUE,FALSE,PREPARED_FORECAST_ONLY,OPERATIONAL_LEGACY_COMPATIBILITY,FORECAST_ONLY,v6_17_viewer_dropdown_metadata.csv + v6_17_forecast_dropdown_metadata.csv,Prepared volume/efficiency variants are preserved verbatim. No Organic/Inorganic mapping has been verified.
OPERATIONAL_ENTITY,SSD|Phoenix|LEGACY_VARIANT|Low Volume No Efficiency|Forest,SSD,SSD - Phoenix,,Phoenix,Low Volume No Efficiency,,Forest,Forest,,,EURP175,SSD - Phoenix,Low Volume No Efficiency,Forest,EURP175,FALSE,TRUE,FALSE,TRUE,FALSE,PREPARED_FORECAST_ONLY,OPERATIONAL_LEGACY_COMPATIBILITY,FORECAST_ONLY,v6_17_viewer_dropdown_metadata.csv + v6_17_forecast_dropdown_metadata.csv,Prepared volume/efficiency variants are preserved verbatim. No Organic/Inorganic mapping has been verified.
OPERATIONAL_ENTITY,SSD|Phoenix|LEGACY_VARIANT|Low Volume No Efficiency|Forest,SSD,SSD - Phoenix,,Phoenix,Low Volume No Efficiency,,Forest,Forest,,,EURP176,SSD - Phoenix,Low Volume No Efficiency,Forest,EURP176,FALSE,TRUE,FALSE,TRUE,FALSE,PREPARED_FORECAST_ONLY,OPERATIONAL_LEGACY_COMPATIBILITY,FORECAST_ONLY,v6_17_viewer_dropdown_metadata.csv + v6_17_forecast_dropdown_metadata.csv,Prepared volume/efficiency variants are preserved verbatim. No Organic/Inorganic mapping has been verified.
OPERATIONAL_ENTITY,SSD|Phoenix|LEGACY_VARIANT|Low Volume No Efficiency|Forest,SSD,SSD - Phoenix,,Phoenix,Low Volume No Efficiency,,Forest,Forest,,,EURP177,SSD - Phoenix,Low Volume No Efficiency,Forest,EURP177,FALSE,TRUE,FALSE,TRUE,FALSE,PREPARED_FORECAST_ONLY,OPERATIONAL_LEGACY_COMPATIBILITY,FORECAST_ONLY,v6_17_viewer_dropdown_metadata.csv + v6_17_forecast_dropdown_metadata.csv,Prepared volume/efficiency variants are preserved verbatim. No Organic/Inorganic mapping has been verified.
OPERATIONAL_ENTITY,SSD|Phoenix|LEGACY_VARIANT|Low Volume No Efficiency|Forest,SSD,SSD - Phoenix,,Phoenix,Low Volume No Efficiency,,Forest,Forest,,,EURP178,SSD - Phoenix,Low Volume No Efficiency,Forest,EURP178,FALSE,TRUE,FALSE,TRUE,FALSE,PREPARED_FORECAST_ONLY,OPERATIONAL_LEGACY_COMPATIBILITY,FORECAST_ONLY,v6_17_viewer_dropdown_metadata.csv + v6_17_forecast_dropdown_metadata.csv,Prepared volume/efficiency variants are preserved verbatim. No Organic/Inorganic mapping has been verified.
OPERATIONAL_ENTITY,SSD|Phoenix|LEGACY_VARIANT|Low Volume No Efficiency|Forest,SSD,SSD - Phoenix,,Phoenix,Low Volume No Efficiency,,Forest,Forest,,,EURP179,SSD - Phoenix,Low Volume No Efficiency,Forest,EURP179,FALSE,TRUE,FALSE,TRUE,FALSE,PREPARED_FORECAST_ONLY,OPERATIONAL_LEGACY_COMPATIBILITY,FORECAST_ONLY,v6_17_viewer_dropdown_metadata.csv + v6_17_forecast_dropdown_metadata.csv,Prepared volume/efficiency variants are preserved verbatim. No Organic/Inorganic mapping has been verified.
OPERATIONAL_ENTITY,SSD|Phoenix|LEGACY_VARIANT|Low Volume No Efficiency|Forest,SSD,SSD - Phoenix,,Phoenix,Low Volume No Efficiency,,Forest,Forest,,,EURP180,SSD - Phoenix,Low Volume No Efficiency,Forest,EURP180,FALSE,TRUE,FALSE,TRUE,FALSE,PREPARED_FORECAST_ONLY,OPERATIONAL_LEGACY_COMPATIBILITY,FORECAST_ONLY,v6_17_viewer_dropdown_metadata.csv + v6_17_forecast_dropdown_metadata.csv,Prepared volume/efficiency variants are preserved verbatim. No Organic/Inorganic mapping has been verified.
OPERATIONAL_ENTITY,SSD|Phoenix|LEGACY_VARIANT|Low Volume No Efficiency|Forest,SSD,SSD - Phoenix,,Phoenix,Low Volume No Efficiency,,Forest,Forest,,,EURP189,SSD - Phoenix,Low Volume No Efficiency,Forest,EURP189,FALSE,TRUE,FALSE,TRUE,FALSE,PREPARED_FORECAST_ONLY,OPERATIONAL_LEGACY_COMPATIBILITY,FORECAST_ONLY,v6_17_viewer_dropdown_metadata.csv + v6_17_forecast_dropdown_metadata.csv,Prepared volume/efficiency variants are preserved verbatim. No Organic/Inorganic mapping has been verified.
OPERATIONAL_ENTITY,SSD|Phoenix|LEGACY_VARIANT|Low Volume No Efficiency|Forest,SSD,SSD - Phoenix,,Phoenix,Low Volume No Efficiency,,Forest,Forest,,,EURP190,SSD - Phoenix,Low Volume No Efficiency,Forest,EURP190,FALSE,TRUE,FALSE,TRUE,FALSE,PREPARED_FORECAST_ONLY,OPERATIONAL_LEGACY_COMPATIBILITY,FORECAST_ONLY,v6_17_viewer_dropdown_metadata.csv + v6_17_forecast_dropdown_metadata.csv,Prepared volume/efficiency variants are preserved verbatim. No Organic/Inorganic mapping has been verified.
OPERATIONAL_ENTITY,SSD|Phoenix|LEGACY_VARIANT|Low Volume No Efficiency|Forest,SSD,SSD - Phoenix,,Phoenix,Low Volume No Efficiency,,Forest,Forest,,,EURP191,SSD - Phoenix,Low Volume No Efficiency,Forest,EURP191,FALSE,TRUE,FALSE,TRUE,FALSE,PREPARED_FORECAST_ONLY,OPERATIONAL_LEGACY_COMPATIBILITY,FORECAST_ONLY,v6_17_viewer_dropdown_metadata.csv + v6_17_forecast_dropdown_metadata.csv,Prepared volume/efficiency variants are preserved verbatim. No Organic/Inorganic mapping has been verified.
OPERATIONAL_ENTITY,SSD|Phoenix|LEGACY_VARIANT|Low Volume No Efficiency|Forest,SSD,SSD - Phoenix,,Phoenix,Low Volume No Efficiency,,Forest,Forest,,,EURP192,SSD - Phoenix,Low Volume No Efficiency,Forest,EURP192,FALSE,TRUE,FALSE,TRUE,FALSE,PREPARED_FORECAST_ONLY,OPERATIONAL_LEGACY_COMPATIBILITY,FORECAST_ONLY,v6_17_viewer_dropdown_metadata.csv + v6_17_forecast_dropdown_metadata.csv,Prepared volume/efficiency variants are preserved verbatim. No Organic/Inorganic mapping has been verified.
OPERATIONAL_ENTITY,SSD|Phoenix|LEGACY_VARIANT|Low Volume No Efficiency|Forest,SSD,SSD - Phoenix,,Phoenix,Low Volume No Efficiency,,Forest,Forest,,,EURP193,SSD - Phoenix,Low Volume No Efficiency,Forest,EURP193,FALSE,TRUE,FALSE,TRUE,FALSE,PREPARED_FORECAST_ONLY,OPERATIONAL_LEGACY_COMPATIBILITY,FORECAST_ONLY,v6_17_viewer_dropdown_metadata.csv + v6_17_forecast_dropdown_metadata.csv,Prepared volume/efficiency variants are preserved verbatim. No Organic/Inorganic mapping has been verified.
OPERATIONAL_ENTITY,SSD|Phoenix|LEGACY_VARIANT|Low Volume No Efficiency|Forest,SSD,SSD - Phoenix,,Phoenix,Low Volume No Efficiency,,Forest,Forest,,,EURP194,SSD - Phoenix,Low Volume No Efficiency,Forest,EURP194,FALSE,TRUE,FALSE,TRUE,FALSE,PREPARED_FORECAST_ONLY,OPERATIONAL_LEGACY_COMPATIBILITY,FORECAST_ONLY,v6_17_viewer_dropdown_metadata.csv + v6_17_forecast_dropdown_metadata.csv,Prepared volume/efficiency variants are preserved verbatim. No Organic/Inorganic mapping has been verified.
OPERATIONAL_ENTITY,SSD|Phoenix|LEGACY_VARIANT|Low Volume No Efficiency|Forest,SSD,SSD - Phoenix,,Phoenix,Low Volume No Efficiency,,Forest,Forest,,,EURP195,SSD - Phoenix,Low Volume No Efficiency,Forest,EURP195,FALSE,TRUE,FALSE,TRUE,FALSE,PREPARED_FORECAST_ONLY,OPERATIONAL_LEGACY_COMPATIBILITY,FORECAST_ONLY,v6_17_viewer_dropdown_metadata.csv + v6_17_forecast_dropdown_metadata.csv,Prepared volume/efficiency variants are preserved verbatim. No Organic/Inorganic mapping has been verified.
OPERATIONAL_ENTITY,SSD|Phoenix|LEGACY_VARIANT|Low Volume No Efficiency|Forest,SSD,SSD - Phoenix,,Phoenix,Low Volume No Efficiency,,Forest,Forest,,,EURP250,SSD - Phoenix,Low Volume No Efficiency,Forest,EURP250,FALSE,TRUE,FALSE,TRUE,FALSE,PREPARED_FORECAST_ONLY,OPERATIONAL_LEGACY_COMPATIBILITY,FORECAST_ONLY,v6_17_viewer_dropdown_metadata.csv + v6_17_forecast_dropdown_metadata.csv,Prepared volume/efficiency variants are preserved verbatim. No Organic/Inorganic mapping has been verified.
OPERATIONAL_ENTITY,SSD|Phoenix|LEGACY_VARIANT|Low Volume No Efficiency|Forest,SSD,SSD - Phoenix,,Phoenix,Low Volume No Efficiency,,Forest,Forest,,,EURP251,SSD - Phoenix,Low Volume No Efficiency,Forest,EURP251,FALSE,TRUE,FALSE,TRUE,FALSE,PREPARED_FORECAST_ONLY,OPERATIONAL_LEGACY_COMPATIBILITY,FORECAST_ONLY,v6_17_viewer_dropdown_metadata.csv + v6_17_forecast_dropdown_metadata.csv,Prepared volume/efficiency variants are preserved verbatim. No Organic/Inorganic mapping has been verified.
OPERATIONAL_ENTITY,SSD|Phoenix|LEGACY_VARIANT|Low Volume No Efficiency|Forest,SSD,SSD - Phoenix,,Phoenix,Low Volume No Efficiency,,Forest,Forest,,,EURP309,SSD - Phoenix,Low Volume No Efficiency,Forest,EURP309,FALSE,TRUE,FALSE,TRUE,FALSE,PREPARED_FORECAST_ONLY,OPERATIONAL_LEGACY_COMPATIBILITY,FORECAST_ONLY,v6_17_viewer_dropdown_metadata.csv + v6_17_forecast_dropdown_metadata.csv,Prepared volume/efficiency variants are preserved verbatim. No Organic/Inorganic mapping has been verified.
OPERATIONAL_ENTITY,SSD|Phoenix|LEGACY_VARIANT|Low Volume No Efficiency|Forest,SSD,SSD - Phoenix,,Phoenix,Low Volume No Efficiency,,Forest,Forest,,,EURPRD01,SSD - Phoenix,Low Volume No Efficiency,Forest,EURPRD01,FALSE,TRUE,FALSE,TRUE,FALSE,PREPARED_FORECAST_ONLY,OPERATIONAL_LEGACY_COMPATIBILITY,FORECAST_ONLY,v6_17_viewer_dropdown_metadata.csv + v6_17_forecast_dropdown_metadata.csv,Prepared volume/efficiency variants are preserved verbatim. No Organic/Inorganic mapping has been verified.
OPERATIONAL_ENTITY,SSD|Phoenix|LEGACY_VARIANT|Low Volume No Efficiency|Forest,SSD,SSD - Phoenix,,Phoenix,Low Volume No Efficiency,,Forest,Forest,,,EURPRD02,SSD - Phoenix,Low Volume No Efficiency,Forest,EURPRD02,FALSE,TRUE,FALSE,TRUE,FALSE,PREPARED_FORECAST_ONLY,OPERATIONAL_LEGACY_COMPATIBILITY,FORECAST_ONLY,v6_17_viewer_dropdown_metadata.csv + v6_17_forecast_dropdown_metadata.csv,Prepared volume/efficiency variants are preserved verbatim. No Organic/Inorganic mapping has been verified.
OPERATIONAL_ENTITY,SSD|Phoenix|LEGACY_VARIANT|Low Volume No Efficiency|Forest,SSD,SSD - Phoenix,,Phoenix,Low Volume No Efficiency,,Forest,Forest,,,EURPRD03,SSD - Phoenix,Low Volume No Efficiency,Forest,EURPRD03,FALSE,TRUE,FALSE,TRUE,FALSE,PREPARED_FORECAST_ONLY,OPERATIONAL_LEGACY_COMPATIBILITY,FORECAST_ONLY,v6_17_viewer_dropdown_metadata.csv + v6_17_forecast_dropdown_metadata.csv,Prepared volume/efficiency variants are preserved verbatim. No Organic/Inorganic mapping has been verified.
OPERATIONAL_ENTITY,SSD|Phoenix|LEGACY_VARIANT|Low Volume No Efficiency|Forest,SSD,SSD - Phoenix,,Phoenix,Low Volume No Efficiency,,Forest,Forest,,,EURPRD04,SSD - Phoenix,Low Volume No Efficiency,Forest,EURPRD04,FALSE,TRUE,FALSE,TRUE,FALSE,PREPARED_FORECAST_ONLY,OPERATIONAL_LEGACY_COMPATIBILITY,FORECAST_ONLY,v6_17_viewer_dropdown_metadata.csv + v6_17_forecast_dropdown_metadata.csv,Prepared volume/efficiency variants are preserved verbatim. No Organic/Inorganic mapping has been verified.
OPERATIONAL_ENTITY,SSD|Phoenix|LEGACY_VARIANT|Low Volume No Efficiency|Forest,SSD,SSD - Phoenix,,Phoenix,Low Volume No Efficiency,,Forest,Forest,,,EURPRD05,SSD - Phoenix,Low Volume No Efficiency,Forest,EURPRD05,FALSE,TRUE,FALSE,TRUE,FALSE,PREPARED_FORECAST_ONLY,OPERATIONAL_LEGACY_COMPATIBILITY,FORECAST_ONLY,v6_17_viewer_dropdown_metadata.csv + v6_17_forecast_dropdown_metadata.csv,Prepared volume/efficiency variants are preserved verbatim. No Organic/Inorganic mapping has been verified.
OPERATIONAL_ENTITY,SSD|Phoenix|LEGACY_VARIANT|Low Volume No Efficiency|Forest,SSD,SSD - Phoenix,,Phoenix,Low Volume No Efficiency,,Forest,Forest,,,EURPRD06,SSD - Phoenix,Low Volume No Efficiency,Forest,EURPRD06,FALSE,TRUE,FALSE,TRUE,FALSE,PREPARED_FORECAST_ONLY,OPERATIONAL_LEGACY_COMPATIBILITY,FORECAST_ONLY,v6_17_viewer_dropdown_metadata.csv + v6_17_forecast_dropdown_metadata.csv,Prepared volume/efficiency variants are preserved verbatim. No Organic/Inorganic mapping has been verified.
OPERATIONAL_ENTITY,SSD|Phoenix|LEGACY_VARIANT|Low Volume No Efficiency|Forest,SSD,SSD - Phoenix,,Phoenix,Low Volume No Efficiency,,Forest,Forest,,,EURPRD07,SSD - Phoenix,Low Volume No Efficiency,Forest,EURPRD07,FALSE,TRUE,FALSE,TRUE,FALSE,PREPARED_FORECAST_ONLY,OPERATIONAL_LEGACY_COMPATIBILITY,FORECAST_ONLY,v6_17_viewer_dropdown_metadata.csv + v6_17_forecast_dropdown_metadata.csv,Prepared volume/efficiency variants are preserved verbatim. No Organic/Inorganic mapping has been verified.
OPERATIONAL_ENTITY,SSD|Phoenix|LEGACY_VARIANT|Low Volume No Efficiency|Forest,SSD,SSD - Phoenix,,Phoenix,Low Volume No Efficiency,,Forest,Forest,,,EURPRD08,SSD - Phoenix,Low Volume No Efficiency,Forest,EURPRD08,FALSE,TRUE,FALSE,TRUE,FALSE,PREPARED_FORECAST_ONLY,OPERATIONAL_LEGACY_COMPATIBILITY,FORECAST_ONLY,v6_17_viewer_dropdown_metadata.csv + v6_17_forecast_dropdown_metadata.csv,Prepared volume/efficiency variants are preserved verbatim. No Organic/Inorganic mapping has been verified.
OPERATIONAL_ENTITY,SSD|Phoenix|LEGACY_VARIANT|Low Volume No Efficiency|Forest,SSD,SSD - Phoenix,,Phoenix,Low Volume No Efficiency,,Forest,Forest,,,EURPRD09,SSD - Phoenix,Low Volume No Efficiency,Forest,EURPRD09,FALSE,TRUE,FALSE,TRUE,FALSE,PREPARED_FORECAST_ONLY,OPERATIONAL_LEGACY_COMPATIBILITY,FORECAST_ONLY,v6_17_viewer_dropdown_metadata.csv + v6_17_forecast_dropdown_metadata.csv,Prepared volume/efficiency variants are preserved verbatim. No Organic/Inorganic mapping has been verified.
OPERATIONAL_ENTITY,SSD|Phoenix|LEGACY_VARIANT|Low Volume No Efficiency|Forest,SSD,SSD - Phoenix,,Phoenix,Low Volume No Efficiency,,Forest,Forest,,,EURPRD10,SSD - Phoenix,Low Volume No Efficiency,Forest,EURPRD10,FALSE,TRUE,FALSE,TRUE,FALSE,PREPARED_FORECAST_ONLY,OPERATIONAL_LEGACY_COMPATIBILITY,FORECAST_ONLY,v6_17_viewer_dropdown_metadata.csv + v6_17_forecast_dropdown_metadata.csv,Prepared volume/efficiency variants are preserved verbatim. No Organic/Inorganic mapping has been verified.
OPERATIONAL_ENTITY,SSD|Phoenix|LEGACY_VARIANT|Low Volume No Efficiency|Forest,SSD,SSD - Phoenix,,Phoenix,Low Volume No Efficiency,,Forest,Forest,,,FRAP264,SSD - Phoenix,Low Volume No Efficiency,Forest,FRAP264,FALSE,TRUE,FALSE,TRUE,FALSE,PREPARED_FORECAST_ONLY,OPERATIONAL_LEGACY_COMPATIBILITY,FORECAST_ONLY,v6_17_viewer_dropdown_metadata.csv + v6_17_forecast_dropdown_metadata.csv,Prepared volume/efficiency variants are preserved verbatim. No Organic/Inorganic mapping has been verified.
OPERATIONAL_ENTITY,SSD|Phoenix|LEGACY_VARIANT|Low Volume No Efficiency|Forest,SSD,SSD - Phoenix,,Phoenix,Low Volume No Efficiency,,Forest,Forest,,,GBRP123,SSD - Phoenix,Low Volume No Efficiency,Forest,GBRP123,FALSE,TRUE,FALSE,TRUE,FALSE,PREPARED_FORECAST_ONLY,OPERATIONAL_LEGACY_COMPATIBILITY,FORECAST_ONLY,v6_17_viewer_dropdown_metadata.csv + v6_17_forecast_dropdown_metadata.csv,Prepared volume/efficiency variants are preserved verbatim. No Organic/Inorganic mapping has been verified.
OPERATIONAL_ENTITY,SSD|Phoenix|LEGACY_VARIANT|Low Volume No Efficiency|Forest,SSD,SSD - Phoenix,,Phoenix,Low Volume No Efficiency,,Forest,Forest,,,GBRP265,SSD - Phoenix,Low Volume No Efficiency,Forest,GBRP265,FALSE,TRUE,FALSE,TRUE,FALSE,PREPARED_FORECAST_ONLY,OPERATIONAL_LEGACY_COMPATIBILITY,FORECAST_ONLY,v6_17_viewer_dropdown_metadata.csv + v6_17_forecast_dropdown_metadata.csv,Prepared volume/efficiency variants are preserved verbatim. No Organic/Inorganic mapping has been verified.
OPERATIONAL_ENTITY,SSD|Phoenix|LEGACY_VARIANT|Low Volume No Efficiency|Forest,SSD,SSD - Phoenix,,Phoenix,Low Volume No Efficiency,,Forest,Forest,,,GBRP267,SSD - Phoenix,Low Volume No Efficiency,Forest,GBRP267,FALSE,TRUE,FALSE,TRUE,FALSE,PREPARED_FORECAST_ONLY,OPERATIONAL_LEGACY_COMPATIBILITY,FORECAST_ONLY,v6_17_viewer_dropdown_metadata.csv + v6_17_forecast_dropdown_metadata.csv,Prepared volume/efficiency variants are preserved verbatim. No Organic/Inorganic mapping has been verified.
OPERATIONAL_ENTITY,SSD|Phoenix|LEGACY_VARIANT|Low Volume No Efficiency|Forest,SSD,SSD - Phoenix,,Phoenix,Low Volume No Efficiency,,Forest,Forest,,,GBRP302,SSD - Phoenix,Low Volume No Efficiency,Forest,GBRP302,FALSE,TRUE,FALSE,TRUE,FALSE,PREPARED_FORECAST_ONLY,OPERATIONAL_LEGACY_COMPATIBILITY,FORECAST_ONLY,v6_17_viewer_dropdown_metadata.csv + v6_17_forecast_dropdown_metadata.csv,Prepared volume/efficiency variants are preserved verbatim. No Organic/Inorganic mapping has been verified.
OPERATIONAL_ENTITY,SSD|Phoenix|LEGACY_VARIANT|Low Volume No Efficiency|Forest,SSD,SSD - Phoenix,,Phoenix,Low Volume No Efficiency,,Forest,Forest,,,IDNP305,SSD - Phoenix,Low Volume No Efficiency,Forest,IDNP305,FALSE,TRUE,FALSE,TRUE,FALSE,PREPARED_FORECAST_ONLY,OPERATIONAL_LEGACY_COMPATIBILITY,FORECAST_ONLY,v6_17_viewer_dropdown_metadata.csv + v6_17_forecast_dropdown_metadata.csv,Prepared volume/efficiency variants are preserved verbatim. No Organic/Inorganic mapping has been verified.
OPERATIONAL_ENTITY,SSD|Phoenix|LEGACY_VARIANT|Low Volume No Efficiency|Forest,SSD,SSD - Phoenix,,Phoenix,Low Volume No Efficiency,,Forest,Forest,,,INDP287,SSD - Phoenix,Low Volume No Efficiency,Forest,INDP287,FALSE,TRUE,FALSE,TRUE,FALSE,PREPARED_FORECAST_ONLY,OPERATIONAL_LEGACY_COMPATIBILITY,FORECAST_ONLY,v6_17_viewer_dropdown_metadata.csv + v6_17_forecast_dropdown_metadata.csv,Prepared volume/efficiency variants are preserved verbatim. No Organic/Inorganic mapping has been verified.
OPERATIONAL_ENTITY,SSD|Phoenix|LEGACY_VARIANT|Low Volume No Efficiency|Forest,SSD,SSD - Phoenix,,Phoenix,Low Volume No Efficiency,,Forest,Forest,,,INDPRD01,SSD - Phoenix,Low Volume No Efficiency,Forest,INDPRD01,FALSE,TRUE,FALSE,TRUE,FALSE,PREPARED_FORECAST_ONLY,OPERATIONAL_LEGACY_COMPATIBILITY,FORECAST_ONLY,v6_17_viewer_dropdown_metadata.csv + v6_17_forecast_dropdown_metadata.csv,Prepared volume/efficiency variants are preserved verbatim. No Organic/Inorganic mapping has been verified.
OPERATIONAL_ENTITY,SSD|Phoenix|LEGACY_VARIANT|Low Volume No Efficiency|Forest,SSD,SSD - Phoenix,,Phoenix,Low Volume No Efficiency,,Forest,Forest,,,ISRP290,SSD - Phoenix,Low Volume No Efficiency,Forest,ISRP290,FALSE,TRUE,FALSE,TRUE,FALSE,PREPARED_FORECAST_ONLY,OPERATIONAL_LEGACY_COMPATIBILITY,FORECAST_ONLY,v6_17_viewer_dropdown_metadata.csv + v6_17_forecast_dropdown_metadata.csv,Prepared volume/efficiency variants are preserved verbatim. No Organic/Inorganic mapping has been verified.
OPERATIONAL_ENTITY,SSD|Phoenix|LEGACY_VARIANT|Low Volume No Efficiency|Forest,SSD,SSD - Phoenix,,Phoenix,Low Volume No Efficiency,,Forest,Forest,,,ITAP293,SSD - Phoenix,Low Volume No Efficiency,Forest,ITAP293,FALSE,TRUE,FALSE,TRUE,FALSE,PREPARED_FORECAST_ONLY,OPERATIONAL_LEGACY_COMPATIBILITY,FORECAST_ONLY,v6_17_viewer_dropdown_metadata.csv + v6_17_forecast_dropdown_metadata.csv,Prepared volume/efficiency variants are preserved verbatim. No Organic/Inorganic mapping has been verified.
OPERATIONAL_ENTITY,SSD|Phoenix|LEGACY_VARIANT|Low Volume No Efficiency|Forest,SSD,SSD - Phoenix,,Phoenix,Low Volume No Efficiency,,Forest,Forest,,,JPNP286,SSD - Phoenix,Low Volume No Efficiency,Forest,JPNP286,FALSE,TRUE,FALSE,TRUE,FALSE,PREPARED_FORECAST_ONLY,OPERATIONAL_LEGACY_COMPATIBILITY,FORECAST_ONLY,v6_17_viewer_dropdown_metadata.csv + v6_17_forecast_dropdown_metadata.csv,Prepared volume/efficiency variants are preserved verbatim. No Organic/Inorganic mapping has been verified.
OPERATIONAL_ENTITY,SSD|Phoenix|LEGACY_VARIANT|Low Volume No Efficiency|Forest,SSD,SSD - Phoenix,,Phoenix,Low Volume No Efficiency,,Forest,Forest,,,JPNP301,SSD - Phoenix,Low Volume No Efficiency,Forest,JPNP301,FALSE,TRUE,FALSE,TRUE,FALSE,PREPARED_FORECAST_ONLY,OPERATIONAL_LEGACY_COMPATIBILITY,FORECAST_ONLY,v6_17_viewer_dropdown_metadata.csv + v6_17_forecast_dropdown_metadata.csv,Prepared volume/efficiency variants are preserved verbatim. No Organic/Inorganic mapping has been verified.
OPERATIONAL_ENTITY,SSD|Phoenix|LEGACY_VARIANT|Low Volume No Efficiency|Forest,SSD,SSD - Phoenix,,Phoenix,Low Volume No Efficiency,,Forest,Forest,,,JPNPRD01,SSD - Phoenix,Low Volume No Efficiency,Forest,JPNPRD01,FALSE,TRUE,FALSE,TRUE,FALSE,PREPARED_FORECAST_ONLY,OPERATIONAL_LEGACY_COMPATIBILITY,FORECAST_ONLY,v6_17_viewer_dropdown_metadata.csv + v6_17_forecast_dropdown_metadata.csv,Prepared volume/efficiency variants are preserved verbatim. No Organic/Inorganic mapping has been verified.
OPERATIONAL_ENTITY,SSD|Phoenix|LEGACY_VARIANT|Low Volume No Efficiency|Forest,SSD,SSD - Phoenix,,Phoenix,Low Volume No Efficiency,,Forest,Forest,,,KORP216,SSD - Phoenix,Low Volume No Efficiency,Forest,KORP216,FALSE,TRUE,FALSE,TRUE,FALSE,PREPARED_FORECAST_ONLY,OPERATIONAL_LEGACY_COMPATIBILITY,FORECAST_ONLY,v6_17_viewer_dropdown_metadata.csv + v6_17_forecast_dropdown_metadata.csv,Prepared volume/efficiency variants are preserved verbatim. No Organic/Inorganic mapping has been verified.
OPERATIONAL_ENTITY,SSD|Phoenix|LEGACY_VARIANT|Low Volume No Efficiency|Forest,SSD,SSD - Phoenix,,Phoenix,Low Volume No Efficiency,,Forest,Forest,,,LAMP152,SSD - Phoenix,Low Volume No Efficiency,Forest,LAMP152,FALSE,TRUE,FALSE,TRUE,FALSE,PREPARED_FORECAST_ONLY,OPERATIONAL_LEGACY_COMPATIBILITY,FORECAST_ONLY,v6_17_viewer_dropdown_metadata.csv + v6_17_forecast_dropdown_metadata.csv,Prepared volume/efficiency variants are preserved verbatim. No Organic/Inorganic mapping has been verified.
OPERATIONAL_ENTITY,SSD|Phoenix|LEGACY_VARIANT|Low Volume No Efficiency|Forest,SSD,SSD - Phoenix,,Phoenix,Low Volume No Efficiency,,Forest,Forest,,,LAMP215,SSD - Phoenix,Low Volume No Efficiency,Forest,LAMP215,FALSE,TRUE,FALSE,TRUE,FALSE,PREPARED_FORECAST_ONLY,OPERATIONAL_LEGACY_COMPATIBILITY,FORECAST_ONLY,v6_17_viewer_dropdown_metadata.csv + v6_17_forecast_dropdown_metadata.csv,Prepared volume/efficiency variants are preserved verbatim. No Organic/Inorganic mapping has been verified.
OPERATIONAL_ENTITY,SSD|Phoenix|LEGACY_VARIANT|Low Volume No Efficiency|Forest,SSD,SSD - Phoenix,,Phoenix,Low Volume No Efficiency,,Forest,Forest,,,LAMPRD80,SSD - Phoenix,Low Volume No Efficiency,Forest,LAMPRD80,FALSE,TRUE,FALSE,TRUE,FALSE,PREPARED_FORECAST_ONLY,OPERATIONAL_LEGACY_COMPATIBILITY,FORECAST_ONLY,v6_17_viewer_dropdown_metadata.csv + v6_17_forecast_dropdown_metadata.csv,Prepared volume/efficiency variants are preserved verbatim. No Organic/Inorganic mapping has been verified.
OPERATIONAL_ENTITY,SSD|Phoenix|LEGACY_VARIANT|Low Volume No Efficiency|Forest,SSD,SSD - Phoenix,,Phoenix,Low Volume No Efficiency,,Forest,Forest,,,MEXP297,SSD - Phoenix,Low Volume No Efficiency,Forest,MEXP297,FALSE,TRUE,FALSE,TRUE,FALSE,PREPARED_FORECAST_ONLY,OPERATIONAL_LEGACY_COMPATIBILITY,FORECAST_ONLY,v6_17_viewer_dropdown_metadata.csv + v6_17_forecast_dropdown_metadata.csv,Prepared volume/efficiency variants are preserved verbatim. No Organic/Inorganic mapping has been verified.
OPERATIONAL_ENTITY,SSD|Phoenix|LEGACY_VARIANT|Low Volume No Efficiency|Forest,SSD,SSD - Phoenix,,Phoenix,Low Volume No Efficiency,,Forest,Forest,,,MYSP306,SSD - Phoenix,Low Volume No Efficiency,Forest,MYSP306,FALSE,TRUE,FALSE,TRUE,FALSE,PREPARED_FORECAST_ONLY,OPERATIONAL_LEGACY_COMPATIBILITY,FORECAST_ONLY,v6_17_viewer_dropdown_metadata.csv + v6_17_forecast_dropdown_metadata.csv,Prepared volume/efficiency variants are preserved verbatim. No Organic/Inorganic mapping has been verified.
OPERATIONAL_ENTITY,SSD|Phoenix|LEGACY_VARIANT|Low Volume No Efficiency|Forest,SSD,SSD - Phoenix,,Phoenix,Low Volume No Efficiency,,Forest,Forest,,,NAMP100,SSD - Phoenix,Low Volume No Efficiency,Forest,NAMP100,FALSE,TRUE,FALSE,TRUE,FALSE,PREPARED_FORECAST_ONLY,OPERATIONAL_LEGACY_COMPATIBILITY,FORECAST_ONLY,v6_17_viewer_dropdown_metadata.csv + v6_17_forecast_dropdown_metadata.csv,Prepared volume/efficiency variants are preserved verbatim. No Organic/Inorganic mapping has been verified.
OPERATIONAL_ENTITY,SSD|Phoenix|LEGACY_VARIANT|Low Volume No Efficiency|Forest,SSD,SSD - Phoenix,,Phoenix,Low Volume No Efficiency,,Forest,Forest,,,NAMP101,SSD - Phoenix,Low Volume No Efficiency,Forest,NAMP101,FALSE,TRUE,FALSE,TRUE,FALSE,PREPARED_FORECAST_ONLY,OPERATIONAL_LEGACY_COMPATIBILITY,FORECAST_ONLY,v6_17_viewer_dropdown_metadata.csv + v6_17_forecast_dropdown_metadata.csv,Prepared volume/efficiency variants are preserved verbatim. No Organic/Inorganic mapping has been verified.
OPERATIONAL_ENTITY,SSD|Phoenix|LEGACY_VARIANT|Low Volume No Efficiency|Forest,SSD,SSD - Phoenix,,Phoenix,Low Volume No Efficiency,,Forest,Forest,,,NAMP102,SSD - Phoenix,Low Volume No Efficiency,Forest,NAMP102,FALSE,TRUE,FALSE,TRUE,FALSE,PREPARED_FORECAST_ONLY,OPERATIONAL_LEGACY_COMPATIBILITY,FORECAST_ONLY,v6_17_viewer_dropdown_metadata.csv + v6_17_forecast_dropdown_metadata.csv,Prepared volume/efficiency variants are preserved verbatim. No Organic/Inorganic mapping has been verified.
OPERATIONAL_ENTITY,SSD|Phoenix|LEGACY_VARIANT|Low Volume No Efficiency|Forest,SSD,SSD - Phoenix,,Phoenix,Low Volume No Efficiency,,Forest,Forest,,,NAMP103,SSD - Phoenix,Low Volume No Efficiency,Forest,NAMP103,FALSE,TRUE,FALSE,TRUE,FALSE,PREPARED_FORECAST_ONLY,OPERATIONAL_LEGACY_COMPATIBILITY,FORECAST_ONLY,v6_17_viewer_dropdown_metadata.csv + v6_17_forecast_dropdown_metadata.csv,Prepared volume/efficiency variants are preserved verbatim. No Organic/Inorganic mapping has been verified.
OPERATIONAL_ENTITY,SSD|Phoenix|LEGACY_VARIANT|Low Volume No Efficiency|Forest,SSD,SSD - Phoenix,,Phoenix,Low Volume No Efficiency,,Forest,Forest,,,NAMP104,SSD - Phoenix,Low Volume No Efficiency,Forest,NAMP104,FALSE,TRUE,FALSE,TRUE,FALSE,PREPARED_FORECAST_ONLY,OPERATIONAL_LEGACY_COMPATIBILITY,FORECAST_ONLY,v6_17_viewer_dropdown_metadata.csv + v6_17_forecast_dropdown_metadata.csv,Prepared volume/efficiency variants are preserved verbatim. No Organic/Inorganic mapping has been verified.
OPERATIONAL_ENTITY,SSD|Phoenix|LEGACY_VARIANT|Low Volume No Efficiency|Forest,SSD,SSD - Phoenix,,Phoenix,Low Volume No Efficiency,,Forest,Forest,,,NAMP105,SSD - Phoenix,Low Volume No Efficiency,Forest,NAMP105,FALSE,TRUE,FALSE,TRUE,FALSE,PREPARED_FORECAST_ONLY,OPERATIONAL_LEGACY_COMPATIBILITY,FORECAST_ONLY,v6_17_viewer_dropdown_metadata.csv + v6_17_forecast_dropdown_metadata.csv,Prepared volume/efficiency variants are preserved verbatim. No Organic/Inorganic mapping has been verified.
OPERATIONAL_ENTITY,SSD|Phoenix|LEGACY_VARIANT|Low Volume No Efficiency|Forest,SSD,SSD - Phoenix,,Phoenix,Low Volume No Efficiency,,Forest,Forest,,,NAMP106,SSD - Phoenix,Low Volume No Efficiency,Forest,NAMP106,FALSE,TRUE,FALSE,TRUE,FALSE,PREPARED_FORECAST_ONLY,OPERATIONAL_LEGACY_COMPATIBILITY,FORECAST_ONLY,v6_17_viewer_dropdown_metadata.csv + v6_17_forecast_dropdown_metadata.csv,Prepared volume/efficiency variants are preserved verbatim. No Organic/Inorganic mapping has been verified.
OPERATIONAL_ENTITY,SSD|Phoenix|LEGACY_VARIANT|Low Volume No Efficiency|Forest,SSD,SSD - Phoenix,,Phoenix,Low Volume No Efficiency,,Forest,Forest,,,NAMP108,SSD - Phoenix,Low Volume No Efficiency,Forest,NAMP108,FALSE,TRUE,FALSE,TRUE,FALSE,PREPARED_FORECAST_ONLY,OPERATIONAL_LEGACY_COMPATIBILITY,FORECAST_ONLY,v6_17_viewer_dropdown_metadata.csv + v6_17_forecast_dropdown_metadata.csv,Prepared volume/efficiency variants are preserved verbatim. No Organic/Inorganic mapping has been verified.
OPERATIONAL_ENTITY,SSD|Phoenix|LEGACY_VARIANT|Low Volume No Efficiency|Forest,SSD,SSD - Phoenix,,Phoenix,Low Volume No Efficiency,,Forest,Forest,,,NAMP109,SSD - Phoenix,Low Volume No Efficiency,Forest,NAMP109,FALSE,TRUE,FALSE,TRUE,FALSE,PREPARED_FORECAST_ONLY,OPERATIONAL_LEGACY_COMPATIBILITY,FORECAST_ONLY,v6_17_viewer_dropdown_metadata.csv + v6_17_forecast_dropdown_metadata.csv,Prepared volume/efficiency variants are preserved verbatim. No Organic/Inorganic mapping has been verified.
OPERATIONAL_ENTITY,SSD|Phoenix|LEGACY_VARIANT|Low Volume No Efficiency|Forest,SSD,SSD - Phoenix,,Phoenix,Low Volume No Efficiency,,Forest,Forest,,,NAMP113,SSD - Phoenix,Low Volume No Efficiency,Forest,NAMP113,FALSE,TRUE,FALSE,TRUE,FALSE,PREPARED_FORECAST_ONLY,OPERATIONAL_LEGACY_COMPATIBILITY,FORECAST_ONLY,v6_17_viewer_dropdown_metadata.csv + v6_17_forecast_dropdown_metadata.csv,Prepared volume/efficiency variants are preserved verbatim. No Organic/Inorganic mapping has been verified.
OPERATIONAL_ENTITY,SSD|Phoenix|LEGACY_VARIANT|Low Volume No Efficiency|Forest,SSD,SSD - Phoenix,,Phoenix,Low Volume No Efficiency,,Forest,Forest,,,NAMP114,SSD - Phoenix,Low Volume No Efficiency,Forest,NAMP114,FALSE,TRUE,FALSE,TRUE,FALSE,PREPARED_FORECAST_ONLY,OPERATIONAL_LEGACY_COMPATIBILITY,FORECAST_ONLY,v6_17_viewer_dropdown_metadata.csv + v6_17_forecast_dropdown_metadata.csv,Prepared volume/efficiency variants are preserved verbatim. No Organic/Inorganic mapping has been verified.
OPERATIONAL_ENTITY,SSD|Phoenix|LEGACY_VARIANT|Low Volume No Efficiency|Forest,SSD,SSD - Phoenix,,Phoenix,Low Volume No Efficiency,,Forest,Forest,,,NAMP115,SSD - Phoenix,Low Volume No Efficiency,Forest,NAMP115,FALSE,TRUE,FALSE,TRUE,FALSE,PREPARED_FORECAST_ONLY,OPERATIONAL_LEGACY_COMPATIBILITY,FORECAST_ONLY,v6_17_viewer_dropdown_metadata.csv + v6_17_forecast_dropdown_metadata.csv,Prepared volume/efficiency variants are preserved verbatim. No Organic/Inorganic mapping has been verified.
OPERATIONAL_ENTITY,SSD|Phoenix|LEGACY_VARIANT|Low Volume No Efficiency|Forest,SSD,SSD - Phoenix,,Phoenix,Low Volume No Efficiency,,Forest,Forest,,,NAMP116,SSD - Phoenix,Low Volume No Efficiency,Forest,NAMP116,FALSE,TRUE,FALSE,TRUE,FALSE,PREPARED_FORECAST_ONLY,OPERATIONAL_LEGACY_COMPATIBILITY,FORECAST_ONLY,v6_17_viewer_dropdown_metadata.csv + v6_17_forecast_dropdown_metadata.csv,Prepared volume/efficiency variants are preserved verbatim. No Organic/Inorganic mapping has been verified.
OPERATIONAL_ENTITY,SSD|Phoenix|LEGACY_VARIANT|Low Volume No Efficiency|Forest,SSD,SSD - Phoenix,,Phoenix,Low Volume No Efficiency,,Forest,Forest,,,NAMP118,SSD - Phoenix,Low Volume No Efficiency,Forest,NAMP118,FALSE,TRUE,FALSE,TRUE,FALSE,PREPARED_FORECAST_ONLY,OPERATIONAL_LEGACY_COMPATIBILITY,FORECAST_ONLY,v6_17_viewer_dropdown_metadata.csv + v6_17_forecast_dropdown_metadata.csv,Prepared volume/efficiency variants are preserved verbatim. No Organic/Inorganic mapping has been verified.
OPERATIONAL_ENTITY,SSD|Phoenix|LEGACY_VARIANT|Low Volume No Efficiency|Forest,SSD,SSD - Phoenix,,Phoenix,Low Volume No Efficiency,,Forest,Forest,,,NAMP125,SSD - Phoenix,Low Volume No Efficiency,Forest,NAMP125,FALSE,TRUE,FALSE,TRUE,FALSE,PREPARED_FORECAST_ONLY,OPERATIONAL_LEGACY_COMPATIBILITY,FORECAST_ONLY,v6_17_viewer_dropdown_metadata.csv + v6_17_forecast_dropdown_metadata.csv,Prepared volume/efficiency variants are preserved verbatim. No Organic/Inorganic mapping has been verified.
OPERATIONAL_ENTITY,SSD|Phoenix|LEGACY_VARIANT|Low Volume No Efficiency|Forest,SSD,SSD - Phoenix,,Phoenix,Low Volume No Efficiency,,Forest,Forest,,,NAMP126,SSD - Phoenix,Low Volume No Efficiency,Forest,NAMP126,FALSE,TRUE,FALSE,TRUE,FALSE,PREPARED_FORECAST_ONLY,OPERATIONAL_LEGACY_COMPATIBILITY,FORECAST_ONLY,v6_17_viewer_dropdown_metadata.csv + v6_17_forecast_dropdown_metadata.csv,Prepared volume/efficiency variants are preserved verbatim. No Organic/Inorganic mapping has been verified.
OPERATIONAL_ENTITY,SSD|Phoenix|LEGACY_VARIANT|Low Volume No Efficiency|Forest,SSD,SSD - Phoenix,,Phoenix,Low Volume No Efficiency,,Forest,Forest,,,NAMP128,SSD - Phoenix,Low Volume No Efficiency,Forest,NAMP128,FALSE,TRUE,FALSE,TRUE,FALSE,PREPARED_FORECAST_ONLY,OPERATIONAL_LEGACY_COMPATIBILITY,FORECAST_ONLY,v6_17_viewer_dropdown_metadata.csv + v6_17_forecast_dropdown_metadata.csv,Prepared volume/efficiency variants are preserved verbatim. No Organic/Inorganic mapping has been verified.
OPERATIONAL_ENTITY,SSD|Phoenix|LEGACY_VARIANT|Low Volume No Efficiency|Forest,SSD,SSD - Phoenix,,Phoenix,Low Volume No Efficiency,,Forest,Forest,,,NAMP129,SSD - Phoenix,Low Volume No Efficiency,Forest,NAMP129,FALSE,TRUE,FALSE,TRUE,FALSE,PREPARED_FORECAST_ONLY,OPERATIONAL_LEGACY_COMPATIBILITY,FORECAST_ONLY,v6_17_viewer_dropdown_metadata.csv + v6_17_forecast_dropdown_metadata.csv,Prepared volume/efficiency variants are preserved verbatim. No Organic/Inorganic mapping has been verified.
OPERATIONAL_ENTITY,SSD|Phoenix|LEGACY_VARIANT|Low Volume No Efficiency|Forest,SSD,SSD - Phoenix,,Phoenix,Low Volume No Efficiency,,Forest,Forest,,,NAMP130,SSD - Phoenix,Low Volume No Efficiency,Forest,NAMP130,FALSE,TRUE,FALSE,TRUE,FALSE,PREPARED_FORECAST_ONLY,OPERATIONAL_LEGACY_COMPATIBILITY,FORECAST_ONLY,v6_17_viewer_dropdown_metadata.csv + v6_17_forecast_dropdown_metadata.csv,Prepared volume/efficiency variants are preserved verbatim. No Organic/Inorganic mapping has been verified.
OPERATIONAL_ENTITY,SSD|Phoenix|LEGACY_VARIANT|Low Volume No Efficiency|Forest,SSD,SSD - Phoenix,,Phoenix,Low Volume No Efficiency,,Forest,Forest,,,NAMP131,SSD - Phoenix,Low Volume No Efficiency,Forest,NAMP131,FALSE,TRUE,FALSE,TRUE,FALSE,PREPARED_FORECAST_ONLY,OPERATIONAL_LEGACY_COMPATIBILITY,FORECAST_ONLY,v6_17_viewer_dropdown_metadata.csv + v6_17_forecast_dropdown_metadata.csv,Prepared volume/efficiency variants are preserved verbatim. No Organic/Inorganic mapping has been verified.
OPERATIONAL_ENTITY,SSD|Phoenix|LEGACY_VARIANT|Low Volume No Efficiency|Forest,SSD,SSD - Phoenix,,Phoenix,Low Volume No Efficiency,,Forest,Forest,,,NAMP132,SSD - Phoenix,Low Volume No Efficiency,Forest,NAMP132,FALSE,TRUE,FALSE,TRUE,FALSE,PREPARED_FORECAST_ONLY,OPERATIONAL_LEGACY_COMPATIBILITY,FORECAST_ONLY,v6_17_viewer_dropdown_metadata.csv + v6_17_forecast_dropdown_metadata.csv,Prepared volume/efficiency variants are preserved verbatim. No Organic/Inorganic mapping has been verified.
OPERATIONAL_ENTITY,SSD|Phoenix|LEGACY_VARIANT|Low Volume No Efficiency|Forest,SSD,SSD - Phoenix,,Phoenix,Low Volume No Efficiency,,Forest,Forest,,,NAMP133,SSD - Phoenix,Low Volume No Efficiency,Forest,NAMP133,FALSE,TRUE,FALSE,TRUE,FALSE,PREPARED_FORECAST_ONLY,OPERATIONAL_LEGACY_COMPATIBILITY,FORECAST_ONLY,v6_17_viewer_dropdown_metadata.csv + v6_17_forecast_dropdown_metadata.csv,Prepared volume/efficiency variants are preserved verbatim. No Organic/Inorganic mapping has been verified.
OPERATIONAL_ENTITY,SSD|Phoenix|LEGACY_VARIANT|Low Volume No Efficiency|Forest,SSD,SSD - Phoenix,,Phoenix,Low Volume No Efficiency,,Forest,Forest,,,NAMP134,SSD - Phoenix,Low Volume No Efficiency,Forest,NAMP134,FALSE,TRUE,FALSE,TRUE,FALSE,PREPARED_FORECAST_ONLY,OPERATIONAL_LEGACY_COMPATIBILITY,FORECAST_ONLY,v6_17_viewer_dropdown_metadata.csv + v6_17_forecast_dropdown_metadata.csv,Prepared volume/efficiency variants are preserved verbatim. No Organic/Inorganic mapping has been verified.
OPERATIONAL_ENTITY,SSD|Phoenix|LEGACY_VARIANT|Low Volume No Efficiency|Forest,SSD,SSD - Phoenix,,Phoenix,Low Volume No Efficiency,,Forest,Forest,,,NAMP135,SSD - Phoenix,Low Volume No Efficiency,Forest,NAMP135,FALSE,TRUE,FALSE,TRUE,FALSE,PREPARED_FORECAST_ONLY,OPERATIONAL_LEGACY_COMPATIBILITY,FORECAST_ONLY,v6_17_viewer_dropdown_metadata.csv + v6_17_forecast_dropdown_metadata.csv,Prepared volume/efficiency variants are preserved verbatim. No Organic/Inorganic mapping has been verified.
OPERATIONAL_ENTITY,SSD|Phoenix|LEGACY_VARIANT|Low Volume No Efficiency|Forest,SSD,SSD - Phoenix,,Phoenix,Low Volume No Efficiency,,Forest,Forest,,,NAMP136,SSD - Phoenix,Low Volume No Efficiency,Forest,NAMP136,FALSE,TRUE,FALSE,TRUE,FALSE,PREPARED_FORECAST_ONLY,OPERATIONAL_LEGACY_COMPATIBILITY,FORECAST_ONLY,v6_17_viewer_dropdown_metadata.csv + v6_17_forecast_dropdown_metadata.csv,Prepared volume/efficiency variants are preserved verbatim. No Organic/Inorganic mapping has been verified.
OPERATIONAL_ENTITY,SSD|Phoenix|LEGACY_VARIANT|Low Volume No Efficiency|Forest,SSD,SSD - Phoenix,,Phoenix,Low Volume No Efficiency,,Forest,Forest,,,NAMP154,SSD - Phoenix,Low Volume No Efficiency,Forest,NAMP154,FALSE,TRUE,FALSE,TRUE,FALSE,PREPARED_FORECAST_ONLY,OPERATIONAL_LEGACY_COMPATIBILITY,FORECAST_ONLY,v6_17_viewer_dropdown_metadata.csv + v6_17_forecast_dropdown_metadata.csv,Prepared volume/efficiency variants are preserved verbatim. No Organic/Inorganic mapping has been verified.
OPERATIONAL_ENTITY,SSD|Phoenix|LEGACY_VARIANT|Low Volume No Efficiency|Forest,SSD,SSD - Phoenix,,Phoenix,Low Volume No Efficiency,,Forest,Forest,,,NAMP157,SSD - Phoenix,Low Volume No Efficiency,Forest,NAMP157,FALSE,TRUE,FALSE,TRUE,FALSE,PREPARED_FORECAST_ONLY,OPERATIONAL_LEGACY_COMPATIBILITY,FORECAST_ONLY,v6_17_viewer_dropdown_metadata.csv + v6_17_forecast_dropdown_metadata.csv,Prepared volume/efficiency variants are preserved verbatim. No Organic/Inorganic mapping has been verified.
OPERATIONAL_ENTITY,SSD|Phoenix|LEGACY_VARIANT|Low Volume No Efficiency|Forest,SSD,SSD - Phoenix,,Phoenix,Low Volume No Efficiency,,Forest,Forest,,,NAMP158,SSD - Phoenix,Low Volume No Efficiency,Forest,NAMP158,FALSE,TRUE,FALSE,TRUE,FALSE,PREPARED_FORECAST_ONLY,OPERATIONAL_LEGACY_COMPATIBILITY,FORECAST_ONLY,v6_17_viewer_dropdown_metadata.csv + v6_17_forecast_dropdown_metadata.csv,Prepared volume/efficiency variants are preserved verbatim. No Organic/Inorganic mapping has been verified.
OPERATIONAL_ENTITY,SSD|Phoenix|LEGACY_VARIANT|Low Volume No Efficiency|Forest,SSD,SSD - Phoenix,,Phoenix,Low Volume No Efficiency,,Forest,Forest,,,NAMP159,SSD - Phoenix,Low Volume No Efficiency,Forest,NAMP159,FALSE,TRUE,FALSE,TRUE,FALSE,PREPARED_FORECAST_ONLY,OPERATIONAL_LEGACY_COMPATIBILITY,FORECAST_ONLY,v6_17_viewer_dropdown_metadata.csv + v6_17_forecast_dropdown_metadata.csv,Prepared volume/efficiency variants are preserved verbatim. No Organic/Inorganic mapping has been verified.
OPERATIONAL_ENTITY,SSD|Phoenix|LEGACY_VARIANT|Low Volume No Efficiency|Forest,SSD,SSD - Phoenix,,Phoenix,Low Volume No Efficiency,,Forest,Forest,,,NAMP161,SSD - Phoenix,Low Volume No Efficiency,Forest,NAMP161,FALSE,TRUE,FALSE,TRUE,FALSE,PREPARED_FORECAST_ONLY,OPERATIONAL_LEGACY_COMPATIBILITY,FORECAST_ONLY,v6_17_viewer_dropdown_metadata.csv + v6_17_forecast_dropdown_metadata.csv,Prepared volume/efficiency variants are preserved verbatim. No Organic/Inorganic mapping has been verified.
OPERATIONAL_ENTITY,SSD|Phoenix|LEGACY_VARIANT|Low Volume No Efficiency|Forest,SSD,SSD - Phoenix,,Phoenix,Low Volume No Efficiency,,Forest,Forest,,,NAMP162,SSD - Phoenix,Low Volume No Efficiency,Forest,NAMP162,FALSE,TRUE,FALSE,TRUE,FALSE,PREPARED_FORECAST_ONLY,OPERATIONAL_LEGACY_COMPATIBILITY,FORECAST_ONLY,v6_17_viewer_dropdown_metadata.csv + v6_17_forecast_dropdown_metadata.csv,Prepared volume/efficiency variants are preserved verbatim. No Organic/Inorganic mapping has been verified.
OPERATIONAL_ENTITY,SSD|Phoenix|LEGACY_VARIANT|Low Volume No Efficiency|Forest,SSD,SSD - Phoenix,,Phoenix,Low Volume No Efficiency,,Forest,Forest,,,NAMP163,SSD - Phoenix,Low Volume No Efficiency,Forest,NAMP163,FALSE,TRUE,FALSE,TRUE,FALSE,PREPARED_FORECAST_ONLY,OPERATIONAL_LEGACY_COMPATIBILITY,FORECAST_ONLY,v6_17_viewer_dropdown_metadata.csv + v6_17_forecast_dropdown_metadata.csv,Prepared volume/efficiency variants are preserved verbatim. No Organic/Inorganic mapping has been verified.
OPERATIONAL_ENTITY,SSD|Phoenix|LEGACY_VARIANT|Low Volume No Efficiency|Forest,SSD,SSD - Phoenix,,Phoenix,Low Volume No Efficiency,,Forest,Forest,,,NAMP164,SSD - Phoenix,Low Volume No Efficiency,Forest,NAMP164,FALSE,TRUE,FALSE,TRUE,FALSE,PREPARED_FORECAST_ONLY,OPERATIONAL_LEGACY_COMPATIBILITY,FORECAST_ONLY,v6_17_viewer_dropdown_metadata.csv + v6_17_forecast_dropdown_metadata.csv,Prepared volume/efficiency variants are preserved verbatim. No Organic/Inorganic mapping has been verified.
OPERATIONAL_ENTITY,SSD|Phoenix|LEGACY_VARIANT|Low Volume No Efficiency|Forest,SSD,SSD - Phoenix,,Phoenix,Low Volume No Efficiency,,Forest,Forest,,,NAMP166,SSD - Phoenix,Low Volume No Efficiency,Forest,NAMP166,FALSE,TRUE,FALSE,TRUE,FALSE,PREPARED_FORECAST_ONLY,OPERATIONAL_LEGACY_COMPATIBILITY,FORECAST_ONLY,v6_17_viewer_dropdown_metadata.csv + v6_17_forecast_dropdown_metadata.csv,Prepared volume/efficiency variants are preserved verbatim. No Organic/Inorganic mapping has been verified.
OPERATIONAL_ENTITY,SSD|Phoenix|LEGACY_VARIANT|Low Volume No Efficiency|Forest,SSD,SSD - Phoenix,,Phoenix,Low Volume No Efficiency,,Forest,Forest,,,NAMP167,SSD - Phoenix,Low Volume No Efficiency,Forest,NAMP167,FALSE,TRUE,FALSE,TRUE,FALSE,PREPARED_FORECAST_ONLY,OPERATIONAL_LEGACY_COMPATIBILITY,FORECAST_ONLY,v6_17_viewer_dropdown_metadata.csv + v6_17_forecast_dropdown_metadata.csv,Prepared volume/efficiency variants are preserved verbatim. No Organic/Inorganic mapping has been verified.
OPERATIONAL_ENTITY,SSD|Phoenix|LEGACY_VARIANT|Low Volume No Efficiency|Forest,SSD,SSD - Phoenix,,Phoenix,Low Volume No Efficiency,,Forest,Forest,,,NAMP169,SSD - Phoenix,Low Volume No Efficiency,Forest,NAMP169,FALSE,TRUE,FALSE,TRUE,FALSE,PREPARED_FORECAST_ONLY,OPERATIONAL_LEGACY_COMPATIBILITY,FORECAST_ONLY,v6_17_viewer_dropdown_metadata.csv + v6_17_forecast_dropdown_metadata.csv,Prepared volume/efficiency variants are preserved verbatim. No Organic/Inorganic mapping has been verified.
OPERATIONAL_ENTITY,SSD|Phoenix|LEGACY_VARIANT|Low Volume No Efficiency|Forest,SSD,SSD - Phoenix,,Phoenix,Low Volume No Efficiency,,Forest,Forest,,,NAMP170,SSD - Phoenix,Low Volume No Efficiency,Forest,NAMP170,FALSE,TRUE,FALSE,TRUE,FALSE,PREPARED_FORECAST_ONLY,OPERATIONAL_LEGACY_COMPATIBILITY,FORECAST_ONLY,v6_17_viewer_dropdown_metadata.csv + v6_17_forecast_dropdown_metadata.csv,Prepared volume/efficiency variants are preserved verbatim. No Organic/Inorganic mapping has been verified.
OPERATIONAL_ENTITY,SSD|Phoenix|LEGACY_VARIANT|Low Volume No Efficiency|Forest,SSD,SSD - Phoenix,,Phoenix,Low Volume No Efficiency,,Forest,Forest,,,NAMP171,SSD - Phoenix,Low Volume No Efficiency,Forest,NAMP171,FALSE,TRUE,FALSE,TRUE,FALSE,PREPARED_FORECAST_ONLY,OPERATIONAL_LEGACY_COMPATIBILITY,FORECAST_ONLY,v6_17_viewer_dropdown_metadata.csv + v6_17_forecast_dropdown_metadata.csv,Prepared volume/efficiency variants are preserved verbatim. No Organic/Inorganic mapping has been verified.
OPERATIONAL_ENTITY,SSD|Phoenix|LEGACY_VARIANT|Low Volume No Efficiency|Forest,SSD,SSD - Phoenix,,Phoenix,Low Volume No Efficiency,,Forest,Forest,,,NAMP172,SSD - Phoenix,Low Volume No Efficiency,Forest,NAMP172,FALSE,TRUE,FALSE,TRUE,FALSE,PREPARED_FORECAST_ONLY,OPERATIONAL_LEGACY_COMPATIBILITY,FORECAST_ONLY,v6_17_viewer_dropdown_metadata.csv + v6_17_forecast_dropdown_metadata.csv,Prepared volume/efficiency variants are preserved verbatim. No Organic/Inorganic mapping has been verified.
OPERATIONAL_ENTITY,SSD|Phoenix|LEGACY_VARIANT|Low Volume No Efficiency|Forest,SSD,SSD - Phoenix,,Phoenix,Low Volume No Efficiency,,Forest,Forest,,,NAMP173,SSD - Phoenix,Low Volume No Efficiency,Forest,NAMP173,FALSE,TRUE,FALSE,TRUE,FALSE,PREPARED_FORECAST_ONLY,OPERATIONAL_LEGACY_COMPATIBILITY,FORECAST_ONLY,v6_17_viewer_dropdown_metadata.csv + v6_17_forecast_dropdown_metadata.csv,Prepared volume/efficiency variants are preserved verbatim. No Organic/Inorganic mapping has been verified.
OPERATIONAL_ENTITY,SSD|Phoenix|LEGACY_VARIANT|Low Volume No Efficiency|Forest,SSD,SSD - Phoenix,,Phoenix,Low Volume No Efficiency,,Forest,Forest,,,NAMP197,SSD - Phoenix,Low Volume No Efficiency,Forest,NAMP197,FALSE,TRUE,FALSE,TRUE,FALSE,PREPARED_FORECAST_ONLY,OPERATIONAL_LEGACY_COMPATIBILITY,FORECAST_ONLY,v6_17_viewer_dropdown_metadata.csv + v6_17_forecast_dropdown_metadata.csv,Prepared volume/efficiency variants are preserved verbatim. No Organic/Inorganic mapping has been verified.
OPERATIONAL_ENTITY,SSD|Phoenix|LEGACY_VARIANT|Low Volume No Efficiency|Forest,SSD,SSD - Phoenix,,Phoenix,Low Volume No Efficiency,,Forest,Forest,,,NAMP220,SSD - Phoenix,Low Volume No Efficiency,Forest,NAMP220,FALSE,TRUE,FALSE,TRUE,FALSE,PREPARED_FORECAST_ONLY,OPERATIONAL_LEGACY_COMPATIBILITY,FORECAST_ONLY,v6_17_viewer_dropdown_metadata.csv + v6_17_forecast_dropdown_metadata.csv,Prepared volume/efficiency variants are preserved verbatim. No Organic/Inorganic mapping has been verified.
OPERATIONAL_ENTITY,SSD|Phoenix|LEGACY_VARIANT|Low Volume No Efficiency|Forest,SSD,SSD - Phoenix,,Phoenix,Low Volume No Efficiency,,Forest,Forest,,,NAMP221,SSD - Phoenix,Low Volume No Efficiency,Forest,NAMP221,FALSE,TRUE,FALSE,TRUE,FALSE,PREPARED_FORECAST_ONLY,OPERATIONAL_LEGACY_COMPATIBILITY,FORECAST_ONLY,v6_17_viewer_dropdown_metadata.csv + v6_17_forecast_dropdown_metadata.csv,Prepared volume/efficiency variants are preserved verbatim. No Organic/Inorganic mapping has been verified.
OPERATIONAL_ENTITY,SSD|Phoenix|LEGACY_VARIANT|Low Volume No Efficiency|Forest,SSD,SSD - Phoenix,,Phoenix,Low Volume No Efficiency,,Forest,Forest,,,NAMP222,SSD - Phoenix,Low Volume No Efficiency,Forest,NAMP222,FALSE,TRUE,FALSE,TRUE,FALSE,PREPARED_FORECAST_ONLY,OPERATIONAL_LEGACY_COMPATIBILITY,FORECAST_ONLY,v6_17_viewer_dropdown_metadata.csv + v6_17_forecast_dropdown_metadata.csv,Prepared volume/efficiency variants are preserved verbatim. No Organic/Inorganic mapping has been verified.
OPERATIONAL_ENTITY,SSD|Phoenix|LEGACY_VARIANT|Low Volume No Efficiency|Forest,SSD,SSD - Phoenix,,Phoenix,Low Volume No Efficiency,,Forest,Forest,,,NAMP223,SSD - Phoenix,Low Volume No Efficiency,Forest,NAMP223,FALSE,TRUE,FALSE,TRUE,FALSE,PREPARED_FORECAST_ONLY,OPERATIONAL_LEGACY_COMPATIBILITY,FORECAST_ONLY,v6_17_viewer_dropdown_metadata.csv + v6_17_forecast_dropdown_metadata.csv,Prepared volume/efficiency variants are preserved verbatim. No Organic/Inorganic mapping has been verified.
OPERATIONAL_ENTITY,SSD|Phoenix|LEGACY_VARIANT|Low Volume No Efficiency|Forest,SSD,SSD - Phoenix,,Phoenix,Low Volume No Efficiency,,Forest,Forest,,,NAMPRD01,SSD - Phoenix,Low Volume No Efficiency,Forest,NAMPRD01,FALSE,TRUE,FALSE,TRUE,FALSE,PREPARED_FORECAST_ONLY,OPERATIONAL_LEGACY_COMPATIBILITY,FORECAST_ONLY,v6_17_viewer_dropdown_metadata.csv + v6_17_forecast_dropdown_metadata.csv,Prepared volume/efficiency variants are preserved verbatim. No Organic/Inorganic mapping has been verified.
OPERATIONAL_ENTITY,SSD|Phoenix|LEGACY_VARIANT|Low Volume No Efficiency|Forest,SSD,SSD - Phoenix,,Phoenix,Low Volume No Efficiency,,Forest,Forest,,,NAMPRD02,SSD - Phoenix,Low Volume No Efficiency,Forest,NAMPRD02,FALSE,TRUE,FALSE,TRUE,FALSE,PREPARED_FORECAST_ONLY,OPERATIONAL_LEGACY_COMPATIBILITY,FORECAST_ONLY,v6_17_viewer_dropdown_metadata.csv + v6_17_forecast_dropdown_metadata.csv,Prepared volume/efficiency variants are preserved verbatim. No Organic/Inorganic mapping has been verified.
OPERATIONAL_ENTITY,SSD|Phoenix|LEGACY_VARIANT|Low Volume No Efficiency|Forest,SSD,SSD - Phoenix,,Phoenix,Low Volume No Efficiency,,Forest,Forest,,,NAMPRD03,SSD - Phoenix,Low Volume No Efficiency,Forest,NAMPRD03,FALSE,TRUE,FALSE,TRUE,FALSE,PREPARED_FORECAST_ONLY,OPERATIONAL_LEGACY_COMPATIBILITY,FORECAST_ONLY,v6_17_viewer_dropdown_metadata.csv + v6_17_forecast_dropdown_metadata.csv,Prepared volume/efficiency variants are preserved verbatim. No Organic/Inorganic mapping has been verified.
OPERATIONAL_ENTITY,SSD|Phoenix|LEGACY_VARIANT|Low Volume No Efficiency|Forest,SSD,SSD - Phoenix,,Phoenix,Low Volume No Efficiency,,Forest,Forest,,,NAMPRD04,SSD - Phoenix,Low Volume No Efficiency,Forest,NAMPRD04,FALSE,TRUE,FALSE,TRUE,FALSE,PREPARED_FORECAST_ONLY,OPERATIONAL_LEGACY_COMPATIBILITY,FORECAST_ONLY,v6_17_viewer_dropdown_metadata.csv + v6_17_forecast_dropdown_metadata.csv,Prepared volume/efficiency variants are preserved verbatim. No Organic/Inorganic mapping has been verified.
OPERATIONAL_ENTITY,SSD|Phoenix|LEGACY_VARIANT|Low Volume No Efficiency|Forest,SSD,SSD - Phoenix,,Phoenix,Low Volume No Efficiency,,Forest,Forest,,,NAMPRD05,SSD - Phoenix,Low Volume No Efficiency,Forest,NAMPRD05,FALSE,TRUE,FALSE,TRUE,FALSE,PREPARED_FORECAST_ONLY,OPERATIONAL_LEGACY_COMPATIBILITY,FORECAST_ONLY,v6_17_viewer_dropdown_metadata.csv + v6_17_forecast_dropdown_metadata.csv,Prepared volume/efficiency variants are preserved verbatim. No Organic/Inorganic mapping has been verified.
OPERATIONAL_ENTITY,SSD|Phoenix|LEGACY_VARIANT|Low Volume No Efficiency|Forest,SSD,SSD - Phoenix,,Phoenix,Low Volume No Efficiency,,Forest,Forest,,,NAMPRD06,SSD - Phoenix,Low Volume No Efficiency,Forest,NAMPRD06,FALSE,TRUE,FALSE,TRUE,FALSE,PREPARED_FORECAST_ONLY,OPERATIONAL_LEGACY_COMPATIBILITY,FORECAST_ONLY,v6_17_viewer_dropdown_metadata.csv + v6_17_forecast_dropdown_metadata.csv,Prepared volume/efficiency variants are preserved verbatim. No Organic/Inorganic mapping has been verified.
OPERATIONAL_ENTITY,SSD|Phoenix|LEGACY_VARIANT|Low Volume No Efficiency|Forest,SSD,SSD - Phoenix,,Phoenix,Low Volume No Efficiency,,Forest,Forest,,,NAMPRD07,SSD - Phoenix,Low Volume No Efficiency,Forest,NAMPRD07,FALSE,TRUE,FALSE,TRUE,FALSE,PREPARED_FORECAST_ONLY,OPERATIONAL_LEGACY_COMPATIBILITY,FORECAST_ONLY,v6_17_viewer_dropdown_metadata.csv + v6_17_forecast_dropdown_metadata.csv,Prepared volume/efficiency variants are preserved verbatim. No Organic/Inorganic mapping has been verified.
OPERATIONAL_ENTITY,SSD|Phoenix|LEGACY_VARIANT|Low Volume No Efficiency|Forest,SSD,SSD - Phoenix,,Phoenix,Low Volume No Efficiency,,Forest,Forest,,,NAMPRD08,SSD - Phoenix,Low Volume No Efficiency,Forest,NAMPRD08,FALSE,TRUE,FALSE,TRUE,FALSE,PREPARED_FORECAST_ONLY,OPERATIONAL_LEGACY_COMPATIBILITY,FORECAST_ONLY,v6_17_viewer_dropdown_metadata.csv + v6_17_forecast_dropdown_metadata.csv,Prepared volume/efficiency variants are preserved verbatim. No Organic/Inorganic mapping has been verified.
OPERATIONAL_ENTITY,SSD|Phoenix|LEGACY_VARIANT|Low Volume No Efficiency|Forest,SSD,SSD - Phoenix,,Phoenix,Low Volume No Efficiency,,Forest,Forest,,,NAMPRD10,SSD - Phoenix,Low Volume No Efficiency,Forest,NAMPRD10,FALSE,TRUE,FALSE,TRUE,FALSE,PREPARED_FORECAST_ONLY,OPERATIONAL_LEGACY_COMPATIBILITY,FORECAST_ONLY,v6_17_viewer_dropdown_metadata.csv + v6_17_forecast_dropdown_metadata.csv,Prepared volume/efficiency variants are preserved verbatim. No Organic/Inorganic mapping has been verified.
OPERATIONAL_ENTITY,SSD|Phoenix|LEGACY_VARIANT|Low Volume No Efficiency|Forest,SSD,SSD - Phoenix,,Phoenix,Low Volume No Efficiency,,Forest,Forest,,,NAMPRD11,SSD - Phoenix,Low Volume No Efficiency,Forest,NAMPRD11,FALSE,TRUE,FALSE,TRUE,FALSE,PREPARED_FORECAST_ONLY,OPERATIONAL_LEGACY_COMPATIBILITY,FORECAST_ONLY,v6_17_viewer_dropdown_metadata.csv + v6_17_forecast_dropdown_metadata.csv,Prepared volume/efficiency variants are preserved verbatim. No Organic/Inorganic mapping has been verified.
OPERATIONAL_ENTITY,SSD|Phoenix|LEGACY_VARIANT|Low Volume No Efficiency|Forest,SSD,SSD - Phoenix,,Phoenix,Low Volume No Efficiency,,Forest,Forest,,,NAMPRD12,SSD - Phoenix,Low Volume No Efficiency,Forest,NAMPRD12,FALSE,TRUE,FALSE,TRUE,FALSE,PREPARED_FORECAST_ONLY,OPERATIONAL_LEGACY_COMPATIBILITY,FORECAST_ONLY,v6_17_viewer_dropdown_metadata.csv + v6_17_forecast_dropdown_metadata.csv,Prepared volume/efficiency variants are preserved verbatim. No Organic/Inorganic mapping has been verified.
OPERATIONAL_ENTITY,SSD|Phoenix|LEGACY_VARIANT|Low Volume No Efficiency|Forest,SSD,SSD - Phoenix,,Phoenix,Low Volume No Efficiency,,Forest,Forest,,,NAMPRD13,SSD - Phoenix,Low Volume No Efficiency,Forest,NAMPRD13,FALSE,TRUE,FALSE,TRUE,FALSE,PREPARED_FORECAST_ONLY,OPERATIONAL_LEGACY_COMPATIBILITY,FORECAST_ONLY,v6_17_viewer_dropdown_metadata.csv + v6_17_forecast_dropdown_metadata.csv,Prepared volume/efficiency variants are preserved verbatim. No Organic/Inorganic mapping has been verified.
OPERATIONAL_ENTITY,SSD|Phoenix|LEGACY_VARIANT|Low Volume No Efficiency|Forest,SSD,SSD - Phoenix,,Phoenix,Low Volume No Efficiency,,Forest,Forest,,,NAMPRD14,SSD - Phoenix,Low Volume No Efficiency,Forest,NAMPRD14,FALSE,TRUE,FALSE,TRUE,FALSE,PREPARED_FORECAST_ONLY,OPERATIONAL_LEGACY_COMPATIBILITY,FORECAST_ONLY,v6_17_viewer_dropdown_metadata.csv + v6_17_forecast_dropdown_metadata.csv,Prepared volume/efficiency variants are preserved verbatim. No Organic/Inorganic mapping has been verified.
OPERATIONAL_ENTITY,SSD|Phoenix|LEGACY_VARIANT|Low Volume No Efficiency|Forest,SSD,SSD - Phoenix,,Phoenix,Low Volume No Efficiency,,Forest,Forest,,,NAMPRD15,SSD - Phoenix,Low Volume No Efficiency,Forest,NAMPRD15,FALSE,TRUE,FALSE,TRUE,FALSE,PREPARED_FORECAST_ONLY,OPERATIONAL_LEGACY_COMPATIBILITY,FORECAST_ONLY,v6_17_viewer_dropdown_metadata.csv + v6_17_forecast_dropdown_metadata.csv,Prepared volume/efficiency variants are preserved verbatim. No Organic/Inorganic mapping has been verified.
OPERATIONAL_ENTITY,SSD|Phoenix|LEGACY_VARIANT|Low Volume No Efficiency|Forest,SSD,SSD - Phoenix,,Phoenix,Low Volume No Efficiency,,Forest,Forest,,,NAMPRD16,SSD - Phoenix,Low Volume No Efficiency,Forest,NAMPRD16,FALSE,TRUE,FALSE,TRUE,FALSE,PREPARED_FORECAST_ONLY,OPERATIONAL_LEGACY_COMPATIBILITY,FORECAST_ONLY,v6_17_viewer_dropdown_metadata.csv + v6_17_forecast_dropdown_metadata.csv,Prepared volume/efficiency variants are preserved verbatim. No Organic/Inorganic mapping has been verified.
OPERATIONAL_ENTITY,SSD|Phoenix|LEGACY_VARIANT|Low Volume No Efficiency|Forest,SSD,SSD - Phoenix,,Phoenix,Low Volume No Efficiency,,Forest,Forest,,,NAMPRD17,SSD - Phoenix,Low Volume No Efficiency,Forest,NAMPRD17,FALSE,TRUE,FALSE,TRUE,FALSE,PREPARED_FORECAST_ONLY,OPERATIONAL_LEGACY_COMPATIBILITY,FORECAST_ONLY,v6_17_viewer_dropdown_metadata.csv + v6_17_forecast_dropdown_metadata.csv,Prepared volume/efficiency variants are preserved verbatim. No Organic/Inorganic mapping has been verified.
OPERATIONAL_ENTITY,SSD|Phoenix|LEGACY_VARIANT|Low Volume No Efficiency|Forest,SSD,SSD - Phoenix,,Phoenix,Low Volume No Efficiency,,Forest,Forest,,,NAMPRD18,SSD - Phoenix,Low Volume No Efficiency,Forest,NAMPRD18,FALSE,TRUE,FALSE,TRUE,FALSE,PREPARED_FORECAST_ONLY,OPERATIONAL_LEGACY_COMPATIBILITY,FORECAST_ONLY,v6_17_viewer_dropdown_metadata.csv + v6_17_forecast_dropdown_metadata.csv,Prepared volume/efficiency variants are preserved verbatim. No Organic/Inorganic mapping has been verified.
OPERATIONAL_ENTITY,SSD|Phoenix|LEGACY_VARIANT|Low Volume No Efficiency|Forest,SSD,SSD - Phoenix,,Phoenix,Low Volume No Efficiency,,Forest,Forest,,,NAMPRD19,SSD - Phoenix,Low Volume No Efficiency,Forest,NAMPRD19,FALSE,TRUE,FALSE,TRUE,FALSE,PREPARED_FORECAST_ONLY,OPERATIONAL_LEGACY_COMPATIBILITY,FORECAST_ONLY,v6_17_viewer_dropdown_metadata.csv + v6_17_forecast_dropdown_metadata.csv,Prepared volume/efficiency variants are preserved verbatim. No Organic/Inorganic mapping has been verified.
OPERATIONAL_ENTITY,SSD|Phoenix|LEGACY_VARIANT|Low Volume No Efficiency|Forest,SSD,SSD - Phoenix,,Phoenix,Low Volume No Efficiency,,Forest,Forest,,,NAMPRD20,SSD - Phoenix,Low Volume No Efficiency,Forest,NAMPRD20,FALSE,TRUE,FALSE,TRUE,FALSE,PREPARED_FORECAST_ONLY,OPERATIONAL_LEGACY_COMPATIBILITY,FORECAST_ONLY,v6_17_viewer_dropdown_metadata.csv + v6_17_forecast_dropdown_metadata.csv,Prepared volume/efficiency variants are preserved verbatim. No Organic/Inorganic mapping has been verified.
OPERATIONAL_ENTITY,SSD|Phoenix|LEGACY_VARIANT|Low Volume No Efficiency|Forest,SSD,SSD - Phoenix,,Phoenix,Low Volume No Efficiency,,Forest,Forest,,,NAMPRD22,SSD - Phoenix,Low Volume No Efficiency,Forest,NAMPRD22,FALSE,TRUE,FALSE,TRUE,FALSE,PREPARED_FORECAST_ONLY,OPERATIONAL_LEGACY_COMPATIBILITY,FORECAST_ONLY,v6_17_viewer_dropdown_metadata.csv + v6_17_forecast_dropdown_metadata.csv,Prepared volume/efficiency variants are preserved verbatim. No Organic/Inorganic mapping has been verified.
OPERATIONAL_ENTITY,SSD|Phoenix|LEGACY_VARIANT|Low Volume No Efficiency|Forest,SSD,SSD - Phoenix,,Phoenix,Low Volume No Efficiency,,Forest,Forest,,,NAMPRD84,SSD - Phoenix,Low Volume No Efficiency,Forest,NAMPRD84,FALSE,TRUE,FALSE,TRUE,FALSE,PREPARED_FORECAST_ONLY,OPERATIONAL_LEGACY_COMPATIBILITY,FORECAST_ONLY,v6_17_viewer_dropdown_metadata.csv + v6_17_forecast_dropdown_metadata.csv,Prepared volume/efficiency variants are preserved verbatim. No Organic/Inorganic mapping has been verified.
OPERATIONAL_ENTITY,SSD|Phoenix|LEGACY_VARIANT|Low Volume No Efficiency|Forest,SSD,SSD - Phoenix,,Phoenix,Low Volume No Efficiency,,Forest,Forest,,,NAMPRD85,SSD - Phoenix,Low Volume No Efficiency,Forest,NAMPRD85,FALSE,TRUE,FALSE,TRUE,FALSE,PREPARED_FORECAST_ONLY,OPERATIONAL_LEGACY_COMPATIBILITY,FORECAST_ONLY,v6_17_viewer_dropdown_metadata.csv + v6_17_forecast_dropdown_metadata.csv,Prepared volume/efficiency variants are preserved verbatim. No Organic/Inorganic mapping has been verified.
OPERATIONAL_ENTITY,SSD|Phoenix|LEGACY_VARIANT|Low Volume No Efficiency|Forest,SSD,SSD - Phoenix,,Phoenix,Low Volume No Efficiency,,Forest,Forest,,,NORP279,SSD - Phoenix,Low Volume No Efficiency,Forest,NORP279,FALSE,TRUE,FALSE,TRUE,FALSE,PREPARED_FORECAST_ONLY,OPERATIONAL_LEGACY_COMPATIBILITY,FORECAST_ONLY,v6_17_viewer_dropdown_metadata.csv + v6_17_forecast_dropdown_metadata.csv,Prepared volume/efficiency variants are preserved verbatim. No Organic/Inorganic mapping has been verified.
OPERATIONAL_ENTITY,SSD|Phoenix|LEGACY_VARIANT|Low Volume No Efficiency|Forest,SSD,SSD - Phoenix,,Phoenix,Low Volume No Efficiency,,Forest,Forest,,,NZLP299,SSD - Phoenix,Low Volume No Efficiency,Forest,NZLP299,FALSE,TRUE,FALSE,TRUE,FALSE,PREPARED_FORECAST_ONLY,OPERATIONAL_LEGACY_COMPATIBILITY,FORECAST_ONLY,v6_17_viewer_dropdown_metadata.csv + v6_17_forecast_dropdown_metadata.csv,Prepared volume/efficiency variants are preserved verbatim. No Organic/Inorganic mapping has been verified.
OPERATIONAL_ENTITY,SSD|Phoenix|LEGACY_VARIANT|Low Volume No Efficiency|Forest,SSD,SSD - Phoenix,,Phoenix,Low Volume No Efficiency,,Forest,Forest,,,POLP291,SSD - Phoenix,Low Volume No Efficiency,Forest,POLP291,FALSE,TRUE,FALSE,TRUE,FALSE,PREPARED_FORECAST_ONLY,OPERATIONAL_LEGACY_COMPATIBILITY,FORECAST_ONLY,v6_17_viewer_dropdown_metadata.csv + v6_17_forecast_dropdown_metadata.csv,Prepared volume/efficiency variants are preserved verbatim. No Organic/Inorganic mapping has been verified.
OPERATIONAL_ENTITY,SSD|Phoenix|LEGACY_VARIANT|Low Volume No Efficiency|Forest,SSD,SSD - Phoenix,,Phoenix,Low Volume No Efficiency,,Forest,Forest,,,PROD,SSD - Phoenix,Low Volume No Efficiency,Forest,PROD,FALSE,FALSE,FALSE,TRUE,FALSE,PREPARED_FORECAST_ONLY,OPERATIONAL_LEGACY_COMPATIBILITY,FORECAST_ONLY,v6_17_viewer_dropdown_metadata.csv + v6_17_forecast_dropdown_metadata.csv,Prepared volume/efficiency variants are preserved verbatim. No Organic/Inorganic mapping has been verified.
OPERATIONAL_ENTITY,SSD|Phoenix|LEGACY_VARIANT|Low Volume No Efficiency|Forest,SSD,SSD - Phoenix,,Phoenix,Low Volume No Efficiency,,Forest,Forest,,,QATP289,SSD - Phoenix,Low Volume No Efficiency,Forest,QATP289,FALSE,TRUE,FALSE,TRUE,FALSE,PREPARED_FORECAST_ONLY,OPERATIONAL_LEGACY_COMPATIBILITY,FORECAST_ONLY,v6_17_viewer_dropdown_metadata.csv + v6_17_forecast_dropdown_metadata.csv,Prepared volume/efficiency variants are preserved verbatim. No Organic/Inorganic mapping has been verified.
OPERATIONAL_ENTITY,SSD|Phoenix|LEGACY_VARIANT|Low Volume No Efficiency|Forest,SSD,SSD - Phoenix,,Phoenix,Low Volume No Efficiency,,Forest,Forest,,,SGPP274,SSD - Phoenix,Low Volume No Efficiency,Forest,SGPP274,FALSE,TRUE,FALSE,TRUE,FALSE,PREPARED_FORECAST_ONLY,OPERATIONAL_LEGACY_COMPATIBILITY,FORECAST_ONLY,v6_17_viewer_dropdown_metadata.csv + v6_17_forecast_dropdown_metadata.csv,Prepared volume/efficiency variants are preserved verbatim. No Organic/Inorganic mapping has been verified.
OPERATIONAL_ENTITY,SSD|Phoenix|LEGACY_VARIANT|Low Volume No Efficiency|Forest,SSD,SSD - Phoenix,,Phoenix,Low Volume No Efficiency,,Forest,Forest,,,SWEP280,SSD - Phoenix,Low Volume No Efficiency,Forest,SWEP280,FALSE,TRUE,FALSE,TRUE,FALSE,PREPARED_FORECAST_ONLY,OPERATIONAL_LEGACY_COMPATIBILITY,FORECAST_ONLY,v6_17_viewer_dropdown_metadata.csv + v6_17_forecast_dropdown_metadata.csv,Prepared volume/efficiency variants are preserved verbatim. No Organic/Inorganic mapping has been verified.
OPERATIONAL_ENTITY,SSD|Phoenix|LEGACY_VARIANT|Low Volume No Efficiency|Forest,SSD,SSD - Phoenix,,Phoenix,Low Volume No Efficiency,,Forest,Forest,,,TWNP295,SSD - Phoenix,Low Volume No Efficiency,Forest,TWNP295,FALSE,TRUE,FALSE,TRUE,FALSE,PREPARED_FORECAST_ONLY,OPERATIONAL_LEGACY_COMPATIBILITY,FORECAST_ONLY,v6_17_viewer_dropdown_metadata.csv + v6_17_forecast_dropdown_metadata.csv,Prepared volume/efficiency variants are preserved verbatim. No Organic/Inorganic mapping has been verified.
OPERATIONAL_ENTITY,SSD|Phoenix|LEGACY_VARIANT|Low Volume No Efficiency|Forest,SSD,SSD - Phoenix,,Phoenix,Low Volume No Efficiency,,Forest,Forest,,,ZAFP275,SSD - Phoenix,Low Volume No Efficiency,Forest,ZAFP275,FALSE,TRUE,FALSE,TRUE,FALSE,PREPARED_FORECAST_ONLY,OPERATIONAL_LEGACY_COMPATIBILITY,FORECAST_ONLY,v6_17_viewer_dropdown_metadata.csv + v6_17_forecast_dropdown_metadata.csv,Prepared volume/efficiency variants are preserved verbatim. No Organic/Inorganic mapping has been verified.
OPERATIONAL_ENTITY,SSD|Phoenix|LEGACY_VARIANT|Low Volume With Efficiency|Forest,SSD,SSD - Phoenix,,Phoenix,Low Volume With Efficiency,,Forest,Forest,,,APCP150,SSD - Phoenix,Low Volume With Efficiency,Forest,APCP150,FALSE,TRUE,FALSE,TRUE,FALSE,PREPARED_FORECAST_ONLY,OPERATIONAL_LEGACY_COMPATIBILITY,FORECAST_ONLY,v6_17_viewer_dropdown_metadata.csv + v6_17_forecast_dropdown_metadata.csv,Prepared volume/efficiency variants are preserved verbatim. No Organic/Inorganic mapping has been verified.
OPERATIONAL_ENTITY,SSD|Phoenix|LEGACY_VARIANT|Low Volume With Efficiency|Forest,SSD,SSD - Phoenix,,Phoenix,Low Volume With Efficiency,,Forest,Forest,,,APCPRD01,SSD - Phoenix,Low Volume With Efficiency,Forest,APCPRD01,FALSE,TRUE,FALSE,TRUE,FALSE,PREPARED_FORECAST_ONLY,OPERATIONAL_LEGACY_COMPATIBILITY,FORECAST_ONLY,v6_17_viewer_dropdown_metadata.csv + v6_17_forecast_dropdown_metadata.csv,Prepared volume/efficiency variants are preserved verbatim. No Organic/Inorganic mapping has been verified.
OPERATIONAL_ENTITY,SSD|Phoenix|LEGACY_VARIANT|Low Volume With Efficiency|Forest,SSD,SSD - Phoenix,,Phoenix,Low Volume With Efficiency,,Forest,Forest,,,APCPRD02,SSD - Phoenix,Low Volume With Efficiency,Forest,APCPRD02,FALSE,TRUE,FALSE,TRUE,FALSE,PREPARED_FORECAST_ONLY,OPERATIONAL_LEGACY_COMPATIBILITY,FORECAST_ONLY,v6_17_viewer_dropdown_metadata.csv + v6_17_forecast_dropdown_metadata.csv,Prepared volume/efficiency variants are preserved verbatim. No Organic/Inorganic mapping has been verified.
OPERATIONAL_ENTITY,SSD|Phoenix|LEGACY_VARIANT|Low Volume With Efficiency|Forest,SSD,SSD - Phoenix,,Phoenix,Low Volume With Efficiency,,Forest,Forest,,,APCPRD03,SSD - Phoenix,Low Volume With Efficiency,Forest,APCPRD03,FALSE,TRUE,FALSE,TRUE,FALSE,PREPARED_FORECAST_ONLY,OPERATIONAL_LEGACY_COMPATIBILITY,FORECAST_ONLY,v6_17_viewer_dropdown_metadata.csv + v6_17_forecast_dropdown_metadata.csv,Prepared volume/efficiency variants are preserved verbatim. No Organic/Inorganic mapping has been verified.
OPERATIONAL_ENTITY,SSD|Phoenix|LEGACY_VARIANT|Low Volume With Efficiency|Forest,SSD,SSD - Phoenix,,Phoenix,Low Volume With Efficiency,,Forest,Forest,,,APCPRD04,SSD - Phoenix,Low Volume With Efficiency,Forest,APCPRD04,FALSE,TRUE,FALSE,TRUE,FALSE,PREPARED_FORECAST_ONLY,OPERATIONAL_LEGACY_COMPATIBILITY,FORECAST_ONLY,v6_17_viewer_dropdown_metadata.csv + v6_17_forecast_dropdown_metadata.csv,Prepared volume/efficiency variants are preserved verbatim. No Organic/Inorganic mapping has been verified.
OPERATIONAL_ENTITY,SSD|Phoenix|LEGACY_VARIANT|Low Volume With Efficiency|Forest,SSD,SSD - Phoenix,,Phoenix,Low Volume With Efficiency,,Forest,Forest,,,APCPRD06,SSD - Phoenix,Low Volume With Efficiency,Forest,APCPRD06,FALSE,TRUE,FALSE,TRUE,FALSE,PREPARED_FORECAST_ONLY,OPERATIONAL_LEGACY_COMPATIBILITY,FORECAST_ONLY,v6_17_viewer_dropdown_metadata.csv + v6_17_forecast_dropdown_metadata.csv,Prepared volume/efficiency variants are preserved verbatim. No Organic/Inorganic mapping has been verified.
OPERATIONAL_ENTITY,SSD|Phoenix|LEGACY_VARIANT|Low Volume With Efficiency|Forest,SSD,SSD - Phoenix,,Phoenix,Low Volume With Efficiency,,Forest,Forest,,,AREP273,SSD - Phoenix,Low Volume With Efficiency,Forest,AREP273,FALSE,TRUE,FALSE,TRUE,FALSE,PREPARED_FORECAST_ONLY,OPERATIONAL_LEGACY_COMPATIBILITY,FORECAST_ONLY,v6_17_viewer_dropdown_metadata.csv + v6_17_forecast_dropdown_metadata.csv,Prepared volume/efficiency variants are preserved verbatim. No Organic/Inorganic mapping has been verified.
OPERATIONAL_ENTITY,SSD|Phoenix|LEGACY_VARIANT|Low Volume With Efficiency|Forest,SSD,SSD - Phoenix,,Phoenix,Low Volume With Efficiency,,Forest,Forest,,,AUSP282,SSD - Phoenix,Low Volume With Efficiency,Forest,AUSP282,FALSE,TRUE,FALSE,TRUE,FALSE,PREPARED_FORECAST_ONLY,OPERATIONAL_LEGACY_COMPATIBILITY,FORECAST_ONLY,v6_17_viewer_dropdown_metadata.csv + v6_17_forecast_dropdown_metadata.csv,Prepared volume/efficiency variants are preserved verbatim. No Organic/Inorganic mapping has been verified.
OPERATIONAL_ENTITY,SSD|Phoenix|LEGACY_VARIANT|Low Volume With Efficiency|Forest,SSD,SSD - Phoenix,,Phoenix,Low Volume With Efficiency,,Forest,Forest,,,AUSP300,SSD - Phoenix,Low Volume With Efficiency,Forest,AUSP300,FALSE,TRUE,FALSE,TRUE,FALSE,PREPARED_FORECAST_ONLY,OPERATIONAL_LEGACY_COMPATIBILITY,FORECAST_ONLY,v6_17_viewer_dropdown_metadata.csv + v6_17_forecast_dropdown_metadata.csv,Prepared volume/efficiency variants are preserved verbatim. No Organic/Inorganic mapping has been verified.
OPERATIONAL_ENTITY,SSD|Phoenix|LEGACY_VARIANT|Low Volume With Efficiency|Forest,SSD,SSD - Phoenix,,Phoenix,Low Volume With Efficiency,,Forest,Forest,,,AUSPRD01,SSD - Phoenix,Low Volume With Efficiency,Forest,AUSPRD01,FALSE,TRUE,FALSE,TRUE,FALSE,PREPARED_FORECAST_ONLY,OPERATIONAL_LEGACY_COMPATIBILITY,FORECAST_ONLY,v6_17_viewer_dropdown_metadata.csv + v6_17_forecast_dropdown_metadata.csv,Prepared volume/efficiency variants are preserved verbatim. No Organic/Inorganic mapping has been verified.
OPERATIONAL_ENTITY,SSD|Phoenix|LEGACY_VARIANT|Low Volume With Efficiency|Forest,SSD,SSD - Phoenix,,Phoenix,Low Volume With Efficiency,,Forest,Forest,,,AUTP296,SSD - Phoenix,Low Volume With Efficiency,Forest,AUTP296,FALSE,TRUE,FALSE,TRUE,FALSE,PREPARED_FORECAST_ONLY,OPERATIONAL_LEGACY_COMPATIBILITY,FORECAST_ONLY,v6_17_viewer_dropdown_metadata.csv + v6_17_forecast_dropdown_metadata.csv,Prepared volume/efficiency variants are preserved verbatim. No Organic/Inorganic mapping has been verified.
OPERATIONAL_ENTITY,SSD|Phoenix|LEGACY_VARIANT|Low Volume With Efficiency|Forest,SSD,SSD - Phoenix,,Phoenix,Low Volume With Efficiency,,Forest,Forest,,,BRAP284,SSD - Phoenix,Low Volume With Efficiency,Forest,BRAP284,FALSE,TRUE,FALSE,TRUE,FALSE,PREPARED_FORECAST_ONLY,OPERATIONAL_LEGACY_COMPATIBILITY,FORECAST_ONLY,v6_17_viewer_dropdown_metadata.csv + v6_17_forecast_dropdown_metadata.csv,Prepared volume/efficiency variants are preserved verbatim. No Organic/Inorganic mapping has been verified.
OPERATIONAL_ENTITY,SSD|Phoenix|LEGACY_VARIANT|Low Volume With Efficiency|Forest,SSD,SSD - Phoenix,,Phoenix,Low Volume With Efficiency,,Forest,Forest,,,CANP288,SSD - Phoenix,Low Volume With Efficiency,Forest,CANP288,FALSE,TRUE,FALSE,TRUE,FALSE,PREPARED_FORECAST_ONLY,OPERATIONAL_LEGACY_COMPATIBILITY,FORECAST_ONLY,v6_17_viewer_dropdown_metadata.csv + v6_17_forecast_dropdown_metadata.csv,Prepared volume/efficiency variants are preserved verbatim. No Organic/Inorganic mapping has been verified.
OPERATIONAL_ENTITY,SSD|Phoenix|LEGACY_VARIANT|Low Volume With Efficiency|Forest,SSD,SSD - Phoenix,,Phoenix,Low Volume With Efficiency,,Forest,Forest,,,CANPRD01,SSD - Phoenix,Low Volume With Efficiency,Forest,CANPRD01,FALSE,TRUE,FALSE,TRUE,FALSE,PREPARED_FORECAST_ONLY,OPERATIONAL_LEGACY_COMPATIBILITY,FORECAST_ONLY,v6_17_viewer_dropdown_metadata.csv + v6_17_forecast_dropdown_metadata.csv,Prepared volume/efficiency variants are preserved verbatim. No Organic/Inorganic mapping has been verified.
OPERATIONAL_ENTITY,SSD|Phoenix|LEGACY_VARIANT|Low Volume With Efficiency|Forest,SSD,SSD - Phoenix,,Phoenix,Low Volume With Efficiency,,Forest,Forest,,,CHEP278,SSD - Phoenix,Low Volume With Efficiency,Forest,CHEP278,FALSE,TRUE,FALSE,TRUE,FALSE,PREPARED_FORECAST_ONLY,OPERATIONAL_LEGACY_COMPATIBILITY,FORECAST_ONLY,v6_17_viewer_dropdown_metadata.csv + v6_17_forecast_dropdown_metadata.csv,Prepared volume/efficiency variants are preserved verbatim. No Organic/Inorganic mapping has been verified.
OPERATIONAL_ENTITY,SSD|Phoenix|LEGACY_VARIANT|Low Volume With Efficiency|Forest,SSD,SSD - Phoenix,,Phoenix,Low Volume With Efficiency,,Forest,Forest,,,CHLP298,SSD - Phoenix,Low Volume With Efficiency,Forest,CHLP298,FALSE,TRUE,FALSE,TRUE,FALSE,PREPARED_FORECAST_ONLY,OPERATIONAL_LEGACY_COMPATIBILITY,FORECAST_ONLY,v6_17_viewer_dropdown_metadata.csv + v6_17_forecast_dropdown_metadata.csv,Prepared volume/efficiency variants are preserved verbatim. No Organic/Inorganic mapping has been verified.
OPERATIONAL_ENTITY,SSD|Phoenix|LEGACY_VARIANT|Low Volume With Efficiency|Forest,SSD,SSD - Phoenix,,Phoenix,Low Volume With Efficiency,,Forest,Forest,,,CHNPR01,SSD - Phoenix,Low Volume With Efficiency,Forest,CHNPR01,FALSE,TRUE,FALSE,TRUE,FALSE,PREPARED_FORECAST_ONLY,OPERATIONAL_LEGACY_COMPATIBILITY,FORECAST_ONLY,v6_17_viewer_dropdown_metadata.csv + v6_17_forecast_dropdown_metadata.csv,Prepared volume/efficiency variants are preserved verbatim. No Organic/Inorganic mapping has been verified.
OPERATIONAL_ENTITY,SSD|Phoenix|LEGACY_VARIANT|Low Volume With Efficiency|Forest,SSD,SSD - Phoenix,,Phoenix,Low Volume With Efficiency,,Forest,Forest,,,DEUP281,SSD - Phoenix,Low Volume With Efficiency,Forest,DEUP281,FALSE,TRUE,FALSE,TRUE,FALSE,PREPARED_FORECAST_ONLY,OPERATIONAL_LEGACY_COMPATIBILITY,FORECAST_ONLY,v6_17_viewer_dropdown_metadata.csv + v6_17_forecast_dropdown_metadata.csv,Prepared volume/efficiency variants are preserved verbatim. No Organic/Inorganic mapping has been verified.
OPERATIONAL_ENTITY,SSD|Phoenix|LEGACY_VARIANT|Low Volume With Efficiency|Forest,SSD,SSD - Phoenix,,Phoenix,Low Volume With Efficiency,,Forest,Forest,,,DNKP307,SSD - Phoenix,Low Volume With Efficiency,Forest,DNKP307,FALSE,TRUE,FALSE,TRUE,FALSE,PREPARED_FORECAST_ONLY,OPERATIONAL_LEGACY_COMPATIBILITY,FORECAST_ONLY,v6_17_viewer_dropdown_metadata.csv + v6_17_forecast_dropdown_metadata.csv,Prepared volume/efficiency variants are preserved verbatim. No Organic/Inorganic mapping has been verified.
OPERATIONAL_ENTITY,SSD|Phoenix|LEGACY_VARIANT|Low Volume With Efficiency|Forest,SSD,SSD - Phoenix,,Phoenix,Low Volume With Efficiency,,Forest,Forest,,,ESPP292,SSD - Phoenix,Low Volume With Efficiency,Forest,ESPP292,FALSE,TRUE,FALSE,TRUE,FALSE,PREPARED_FORECAST_ONLY,OPERATIONAL_LEGACY_COMPATIBILITY,FORECAST_ONLY,v6_17_viewer_dropdown_metadata.csv + v6_17_forecast_dropdown_metadata.csv,Prepared volume/efficiency variants are preserved verbatim. No Organic/Inorganic mapping has been verified.
OPERATIONAL_ENTITY,SSD|Phoenix|LEGACY_VARIANT|Low Volume With Efficiency|Forest,SSD,SSD - Phoenix,,Phoenix,Low Volume With Efficiency,,Forest,Forest,,,EURP107,SSD - Phoenix,Low Volume With Efficiency,Forest,EURP107,FALSE,TRUE,FALSE,TRUE,FALSE,PREPARED_FORECAST_ONLY,OPERATIONAL_LEGACY_COMPATIBILITY,FORECAST_ONLY,v6_17_viewer_dropdown_metadata.csv + v6_17_forecast_dropdown_metadata.csv,Prepared volume/efficiency variants are preserved verbatim. No Organic/Inorganic mapping has been verified.
OPERATIONAL_ENTITY,SSD|Phoenix|LEGACY_VARIANT|Low Volume With Efficiency|Forest,SSD,SSD - Phoenix,,Phoenix,Low Volume With Efficiency,,Forest,Forest,,,EURP119,SSD - Phoenix,Low Volume With Efficiency,Forest,EURP119,FALSE,TRUE,FALSE,TRUE,FALSE,PREPARED_FORECAST_ONLY,OPERATIONAL_LEGACY_COMPATIBILITY,FORECAST_ONLY,v6_17_viewer_dropdown_metadata.csv + v6_17_forecast_dropdown_metadata.csv,Prepared volume/efficiency variants are preserved verbatim. No Organic/Inorganic mapping has been verified.
OPERATIONAL_ENTITY,SSD|Phoenix|LEGACY_VARIANT|Low Volume With Efficiency|Forest,SSD,SSD - Phoenix,,Phoenix,Low Volume With Efficiency,,Forest,Forest,,,EURP120,SSD - Phoenix,Low Volume With Efficiency,Forest,EURP120,FALSE,TRUE,FALSE,TRUE,FALSE,PREPARED_FORECAST_ONLY,OPERATIONAL_LEGACY_COMPATIBILITY,FORECAST_ONLY,v6_17_viewer_dropdown_metadata.csv + v6_17_forecast_dropdown_metadata.csv,Prepared volume/efficiency variants are preserved verbatim. No Organic/Inorganic mapping has been verified.
OPERATIONAL_ENTITY,SSD|Phoenix|LEGACY_VARIANT|Low Volume With Efficiency|Forest,SSD,SSD - Phoenix,,Phoenix,Low Volume With Efficiency,,Forest,Forest,,,EURP121,SSD - Phoenix,Low Volume With Efficiency,Forest,EURP121,FALSE,TRUE,FALSE,TRUE,FALSE,PREPARED_FORECAST_ONLY,OPERATIONAL_LEGACY_COMPATIBILITY,FORECAST_ONLY,v6_17_viewer_dropdown_metadata.csv + v6_17_forecast_dropdown_metadata.csv,Prepared volume/efficiency variants are preserved verbatim. No Organic/Inorganic mapping has been verified.
OPERATIONAL_ENTITY,SSD|Phoenix|LEGACY_VARIANT|Low Volume With Efficiency|Forest,SSD,SSD - Phoenix,,Phoenix,Low Volume With Efficiency,,Forest,Forest,,,EURP122,SSD - Phoenix,Low Volume With Efficiency,Forest,EURP122,FALSE,TRUE,FALSE,TRUE,FALSE,PREPARED_FORECAST_ONLY,OPERATIONAL_LEGACY_COMPATIBILITY,FORECAST_ONLY,v6_17_viewer_dropdown_metadata.csv + v6_17_forecast_dropdown_metadata.csv,Prepared volume/efficiency variants are preserved verbatim. No Organic/Inorganic mapping has been verified.
OPERATIONAL_ENTITY,SSD|Phoenix|LEGACY_VARIANT|Low Volume With Efficiency|Forest,SSD,SSD - Phoenix,,Phoenix,Low Volume With Efficiency,,Forest,Forest,,,EURP137,SSD - Phoenix,Low Volume With Efficiency,Forest,EURP137,FALSE,TRUE,FALSE,TRUE,FALSE,PREPARED_FORECAST_ONLY,OPERATIONAL_LEGACY_COMPATIBILITY,FORECAST_ONLY,v6_17_viewer_dropdown_metadata.csv + v6_17_forecast_dropdown_metadata.csv,Prepared volume/efficiency variants are preserved verbatim. No Organic/Inorganic mapping has been verified.
OPERATIONAL_ENTITY,SSD|Phoenix|LEGACY_VARIANT|Low Volume With Efficiency|Forest,SSD,SSD - Phoenix,,Phoenix,Low Volume With Efficiency,,Forest,Forest,,,EURP138,SSD - Phoenix,Low Volume With Efficiency,Forest,EURP138,FALSE,TRUE,FALSE,TRUE,FALSE,PREPARED_FORECAST_ONLY,OPERATIONAL_LEGACY_COMPATIBILITY,FORECAST_ONLY,v6_17_viewer_dropdown_metadata.csv + v6_17_forecast_dropdown_metadata.csv,Prepared volume/efficiency variants are preserved verbatim. No Organic/Inorganic mapping has been verified.
OPERATIONAL_ENTITY,SSD|Phoenix|LEGACY_VARIANT|Low Volume With Efficiency|Forest,SSD,SSD - Phoenix,,Phoenix,Low Volume With Efficiency,,Forest,Forest,,,EURP174,SSD - Phoenix,Low Volume With Efficiency,Forest,EURP174,FALSE,TRUE,FALSE,TRUE,FALSE,PREPARED_FORECAST_ONLY,OPERATIONAL_LEGACY_COMPATIBILITY,FORECAST_ONLY,v6_17_viewer_dropdown_metadata.csv + v6_17_forecast_dropdown_metadata.csv,Prepared volume/efficiency variants are preserved verbatim. No Organic/Inorganic mapping has been verified.
OPERATIONAL_ENTITY,SSD|Phoenix|LEGACY_VARIANT|Low Volume With Efficiency|Forest,SSD,SSD - Phoenix,,Phoenix,Low Volume With Efficiency,,Forest,Forest,,,EURP175,SSD - Phoenix,Low Volume With Efficiency,Forest,EURP175,FALSE,TRUE,FALSE,TRUE,FALSE,PREPARED_FORECAST_ONLY,OPERATIONAL_LEGACY_COMPATIBILITY,FORECAST_ONLY,v6_17_viewer_dropdown_metadata.csv + v6_17_forecast_dropdown_metadata.csv,Prepared volume/efficiency variants are preserved verbatim. No Organic/Inorganic mapping has been verified.
OPERATIONAL_ENTITY,SSD|Phoenix|LEGACY_VARIANT|Low Volume With Efficiency|Forest,SSD,SSD - Phoenix,,Phoenix,Low Volume With Efficiency,,Forest,Forest,,,EURP176,SSD - Phoenix,Low Volume With Efficiency,Forest,EURP176,FALSE,TRUE,FALSE,TRUE,FALSE,PREPARED_FORECAST_ONLY,OPERATIONAL_LEGACY_COMPATIBILITY,FORECAST_ONLY,v6_17_viewer_dropdown_metadata.csv + v6_17_forecast_dropdown_metadata.csv,Prepared volume/efficiency variants are preserved verbatim. No Organic/Inorganic mapping has been verified.
OPERATIONAL_ENTITY,SSD|Phoenix|LEGACY_VARIANT|Low Volume With Efficiency|Forest,SSD,SSD - Phoenix,,Phoenix,Low Volume With Efficiency,,Forest,Forest,,,EURP177,SSD - Phoenix,Low Volume With Efficiency,Forest,EURP177,FALSE,TRUE,FALSE,TRUE,FALSE,PREPARED_FORECAST_ONLY,OPERATIONAL_LEGACY_COMPATIBILITY,FORECAST_ONLY,v6_17_viewer_dropdown_metadata.csv + v6_17_forecast_dropdown_metadata.csv,Prepared volume/efficiency variants are preserved verbatim. No Organic/Inorganic mapping has been verified.
OPERATIONAL_ENTITY,SSD|Phoenix|LEGACY_VARIANT|Low Volume With Efficiency|Forest,SSD,SSD - Phoenix,,Phoenix,Low Volume With Efficiency,,Forest,Forest,,,EURP178,SSD - Phoenix,Low Volume With Efficiency,Forest,EURP178,FALSE,TRUE,FALSE,TRUE,FALSE,PREPARED_FORECAST_ONLY,OPERATIONAL_LEGACY_COMPATIBILITY,FORECAST_ONLY,v6_17_viewer_dropdown_metadata.csv + v6_17_forecast_dropdown_metadata.csv,Prepared volume/efficiency variants are preserved verbatim. No Organic/Inorganic mapping has been verified.
OPERATIONAL_ENTITY,SSD|Phoenix|LEGACY_VARIANT|Low Volume With Efficiency|Forest,SSD,SSD - Phoenix,,Phoenix,Low Volume With Efficiency,,Forest,Forest,,,EURP179,SSD - Phoenix,Low Volume With Efficiency,Forest,EURP179,FALSE,TRUE,FALSE,TRUE,FALSE,PREPARED_FORECAST_ONLY,OPERATIONAL_LEGACY_COMPATIBILITY,FORECAST_ONLY,v6_17_viewer_dropdown_metadata.csv + v6_17_forecast_dropdown_metadata.csv,Prepared volume/efficiency variants are preserved verbatim. No Organic/Inorganic mapping has been verified.
OPERATIONAL_ENTITY,SSD|Phoenix|LEGACY_VARIANT|Low Volume With Efficiency|Forest,SSD,SSD - Phoenix,,Phoenix,Low Volume With Efficiency,,Forest,Forest,,,EURP180,SSD - Phoenix,Low Volume With Efficiency,Forest,EURP180,FALSE,TRUE,FALSE,TRUE,FALSE,PREPARED_FORECAST_ONLY,OPERATIONAL_LEGACY_COMPATIBILITY,FORECAST_ONLY,v6_17_viewer_dropdown_metadata.csv + v6_17_forecast_dropdown_metadata.csv,Prepared volume/efficiency variants are preserved verbatim. No Organic/Inorganic mapping has been verified.
OPERATIONAL_ENTITY,SSD|Phoenix|LEGACY_VARIANT|Low Volume With Efficiency|Forest,SSD,SSD - Phoenix,,Phoenix,Low Volume With Efficiency,,Forest,Forest,,,EURP189,SSD - Phoenix,Low Volume With Efficiency,Forest,EURP189,FALSE,TRUE,FALSE,TRUE,FALSE,PREPARED_FORECAST_ONLY,OPERATIONAL_LEGACY_COMPATIBILITY,FORECAST_ONLY,v6_17_viewer_dropdown_metadata.csv + v6_17_forecast_dropdown_metadata.csv,Prepared volume/efficiency variants are preserved verbatim. No Organic/Inorganic mapping has been verified.
OPERATIONAL_ENTITY,SSD|Phoenix|LEGACY_VARIANT|Low Volume With Efficiency|Forest,SSD,SSD - Phoenix,,Phoenix,Low Volume With Efficiency,,Forest,Forest,,,EURP190,SSD - Phoenix,Low Volume With Efficiency,Forest,EURP190,FALSE,TRUE,FALSE,TRUE,FALSE,PREPARED_FORECAST_ONLY,OPERATIONAL_LEGACY_COMPATIBILITY,FORECAST_ONLY,v6_17_viewer_dropdown_metadata.csv + v6_17_forecast_dropdown_metadata.csv,Prepared volume/efficiency variants are preserved verbatim. No Organic/Inorganic mapping has been verified.
OPERATIONAL_ENTITY,SSD|Phoenix|LEGACY_VARIANT|Low Volume With Efficiency|Forest,SSD,SSD - Phoenix,,Phoenix,Low Volume With Efficiency,,Forest,Forest,,,EURP191,SSD - Phoenix,Low Volume With Efficiency,Forest,EURP191,FALSE,TRUE,FALSE,TRUE,FALSE,PREPARED_FORECAST_ONLY,OPERATIONAL_LEGACY_COMPATIBILITY,FORECAST_ONLY,v6_17_viewer_dropdown_metadata.csv + v6_17_forecast_dropdown_metadata.csv,Prepared volume/efficiency variants are preserved verbatim. No Organic/Inorganic mapping has been verified.
OPERATIONAL_ENTITY,SSD|Phoenix|LEGACY_VARIANT|Low Volume With Efficiency|Forest,SSD,SSD - Phoenix,,Phoenix,Low Volume With Efficiency,,Forest,Forest,,,EURP192,SSD - Phoenix,Low Volume With Efficiency,Forest,EURP192,FALSE,TRUE,FALSE,TRUE,FALSE,PREPARED_FORECAST_ONLY,OPERATIONAL_LEGACY_COMPATIBILITY,FORECAST_ONLY,v6_17_viewer_dropdown_metadata.csv + v6_17_forecast_dropdown_metadata.csv,Prepared volume/efficiency variants are preserved verbatim. No Organic/Inorganic mapping has been verified.
OPERATIONAL_ENTITY,SSD|Phoenix|LEGACY_VARIANT|Low Volume With Efficiency|Forest,SSD,SSD - Phoenix,,Phoenix,Low Volume With Efficiency,,Forest,Forest,,,EURP193,SSD - Phoenix,Low Volume With Efficiency,Forest,EURP193,FALSE,TRUE,FALSE,TRUE,FALSE,PREPARED_FORECAST_ONLY,OPERATIONAL_LEGACY_COMPATIBILITY,FORECAST_ONLY,v6_17_viewer_dropdown_metadata.csv + v6_17_forecast_dropdown_metadata.csv,Prepared volume/efficiency variants are preserved verbatim. No Organic/Inorganic mapping has been verified.
OPERATIONAL_ENTITY,SSD|Phoenix|LEGACY_VARIANT|Low Volume With Efficiency|Forest,SSD,SSD - Phoenix,,Phoenix,Low Volume With Efficiency,,Forest,Forest,,,EURP194,SSD - Phoenix,Low Volume With Efficiency,Forest,EURP194,FALSE,TRUE,FALSE,TRUE,FALSE,PREPARED_FORECAST_ONLY,OPERATIONAL_LEGACY_COMPATIBILITY,FORECAST_ONLY,v6_17_viewer_dropdown_metadata.csv + v6_17_forecast_dropdown_metadata.csv,Prepared volume/efficiency variants are preserved verbatim. No Organic/Inorganic mapping has been verified.
OPERATIONAL_ENTITY,SSD|Phoenix|LEGACY_VARIANT|Low Volume With Efficiency|Forest,SSD,SSD - Phoenix,,Phoenix,Low Volume With Efficiency,,Forest,Forest,,,EURP195,SSD - Phoenix,Low Volume With Efficiency,Forest,EURP195,FALSE,TRUE,FALSE,TRUE,FALSE,PREPARED_FORECAST_ONLY,OPERATIONAL_LEGACY_COMPATIBILITY,FORECAST_ONLY,v6_17_viewer_dropdown_metadata.csv + v6_17_forecast_dropdown_metadata.csv,Prepared volume/efficiency variants are preserved verbatim. No Organic/Inorganic mapping has been verified.
OPERATIONAL_ENTITY,SSD|Phoenix|LEGACY_VARIANT|Low Volume With Efficiency|Forest,SSD,SSD - Phoenix,,Phoenix,Low Volume With Efficiency,,Forest,Forest,,,EURP250,SSD - Phoenix,Low Volume With Efficiency,Forest,EURP250,FALSE,TRUE,FALSE,TRUE,FALSE,PREPARED_FORECAST_ONLY,OPERATIONAL_LEGACY_COMPATIBILITY,FORECAST_ONLY,v6_17_viewer_dropdown_metadata.csv + v6_17_forecast_dropdown_metadata.csv,Prepared volume/efficiency variants are preserved verbatim. No Organic/Inorganic mapping has been verified.
OPERATIONAL_ENTITY,SSD|Phoenix|LEGACY_VARIANT|Low Volume With Efficiency|Forest,SSD,SSD - Phoenix,,Phoenix,Low Volume With Efficiency,,Forest,Forest,,,EURP251,SSD - Phoenix,Low Volume With Efficiency,Forest,EURP251,FALSE,TRUE,FALSE,TRUE,FALSE,PREPARED_FORECAST_ONLY,OPERATIONAL_LEGACY_COMPATIBILITY,FORECAST_ONLY,v6_17_viewer_dropdown_metadata.csv + v6_17_forecast_dropdown_metadata.csv,Prepared volume/efficiency variants are preserved verbatim. No Organic/Inorganic mapping has been verified.
OPERATIONAL_ENTITY,SSD|Phoenix|LEGACY_VARIANT|Low Volume With Efficiency|Forest,SSD,SSD - Phoenix,,Phoenix,Low Volume With Efficiency,,Forest,Forest,,,EURP309,SSD - Phoenix,Low Volume With Efficiency,Forest,EURP309,FALSE,TRUE,FALSE,TRUE,FALSE,PREPARED_FORECAST_ONLY,OPERATIONAL_LEGACY_COMPATIBILITY,FORECAST_ONLY,v6_17_viewer_dropdown_metadata.csv + v6_17_forecast_dropdown_metadata.csv,Prepared volume/efficiency variants are preserved verbatim. No Organic/Inorganic mapping has been verified.
OPERATIONAL_ENTITY,SSD|Phoenix|LEGACY_VARIANT|Low Volume With Efficiency|Forest,SSD,SSD - Phoenix,,Phoenix,Low Volume With Efficiency,,Forest,Forest,,,EURPRD01,SSD - Phoenix,Low Volume With Efficiency,Forest,EURPRD01,FALSE,TRUE,FALSE,TRUE,FALSE,PREPARED_FORECAST_ONLY,OPERATIONAL_LEGACY_COMPATIBILITY,FORECAST_ONLY,v6_17_viewer_dropdown_metadata.csv + v6_17_forecast_dropdown_metadata.csv,Prepared volume/efficiency variants are preserved verbatim. No Organic/Inorganic mapping has been verified.
OPERATIONAL_ENTITY,SSD|Phoenix|LEGACY_VARIANT|Low Volume With Efficiency|Forest,SSD,SSD - Phoenix,,Phoenix,Low Volume With Efficiency,,Forest,Forest,,,EURPRD02,SSD - Phoenix,Low Volume With Efficiency,Forest,EURPRD02,FALSE,TRUE,FALSE,TRUE,FALSE,PREPARED_FORECAST_ONLY,OPERATIONAL_LEGACY_COMPATIBILITY,FORECAST_ONLY,v6_17_viewer_dropdown_metadata.csv + v6_17_forecast_dropdown_metadata.csv,Prepared volume/efficiency variants are preserved verbatim. No Organic/Inorganic mapping has been verified.
OPERATIONAL_ENTITY,SSD|Phoenix|LEGACY_VARIANT|Low Volume With Efficiency|Forest,SSD,SSD - Phoenix,,Phoenix,Low Volume With Efficiency,,Forest,Forest,,,EURPRD03,SSD - Phoenix,Low Volume With Efficiency,Forest,EURPRD03,FALSE,TRUE,FALSE,TRUE,FALSE,PREPARED_FORECAST_ONLY,OPERATIONAL_LEGACY_COMPATIBILITY,FORECAST_ONLY,v6_17_viewer_dropdown_metadata.csv + v6_17_forecast_dropdown_metadata.csv,Prepared volume/efficiency variants are preserved verbatim. No Organic/Inorganic mapping has been verified.
OPERATIONAL_ENTITY,SSD|Phoenix|LEGACY_VARIANT|Low Volume With Efficiency|Forest,SSD,SSD - Phoenix,,Phoenix,Low Volume With Efficiency,,Forest,Forest,,,EURPRD04,SSD - Phoenix,Low Volume With Efficiency,Forest,EURPRD04,FALSE,TRUE,FALSE,TRUE,FALSE,PREPARED_FORECAST_ONLY,OPERATIONAL_LEGACY_COMPATIBILITY,FORECAST_ONLY,v6_17_viewer_dropdown_metadata.csv + v6_17_forecast_dropdown_metadata.csv,Prepared volume/efficiency variants are preserved verbatim. No Organic/Inorganic mapping has been verified.
OPERATIONAL_ENTITY,SSD|Phoenix|LEGACY_VARIANT|Low Volume With Efficiency|Forest,SSD,SSD - Phoenix,,Phoenix,Low Volume With Efficiency,,Forest,Forest,,,EURPRD05,SSD - Phoenix,Low Volume With Efficiency,Forest,EURPRD05,FALSE,TRUE,FALSE,TRUE,FALSE,PREPARED_FORECAST_ONLY,OPERATIONAL_LEGACY_COMPATIBILITY,FORECAST_ONLY,v6_17_viewer_dropdown_metadata.csv + v6_17_forecast_dropdown_metadata.csv,Prepared volume/efficiency variants are preserved verbatim. No Organic/Inorganic mapping has been verified.
OPERATIONAL_ENTITY,SSD|Phoenix|LEGACY_VARIANT|Low Volume With Efficiency|Forest,SSD,SSD - Phoenix,,Phoenix,Low Volume With Efficiency,,Forest,Forest,,,EURPRD06,SSD - Phoenix,Low Volume With Efficiency,Forest,EURPRD06,FALSE,TRUE,FALSE,TRUE,FALSE,PREPARED_FORECAST_ONLY,OPERATIONAL_LEGACY_COMPATIBILITY,FORECAST_ONLY,v6_17_viewer_dropdown_metadata.csv + v6_17_forecast_dropdown_metadata.csv,Prepared volume/efficiency variants are preserved verbatim. No Organic/Inorganic mapping has been verified.
OPERATIONAL_ENTITY,SSD|Phoenix|LEGACY_VARIANT|Low Volume With Efficiency|Forest,SSD,SSD - Phoenix,,Phoenix,Low Volume With Efficiency,,Forest,Forest,,,EURPRD07,SSD - Phoenix,Low Volume With Efficiency,Forest,EURPRD07,FALSE,TRUE,FALSE,TRUE,FALSE,PREPARED_FORECAST_ONLY,OPERATIONAL_LEGACY_COMPATIBILITY,FORECAST_ONLY,v6_17_viewer_dropdown_metadata.csv + v6_17_forecast_dropdown_metadata.csv,Prepared volume/efficiency variants are preserved verbatim. No Organic/Inorganic mapping has been verified.
OPERATIONAL_ENTITY,SSD|Phoenix|LEGACY_VARIANT|Low Volume With Efficiency|Forest,SSD,SSD - Phoenix,,Phoenix,Low Volume With Efficiency,,Forest,Forest,,,EURPRD08,SSD - Phoenix,Low Volume With Efficiency,Forest,EURPRD08,FALSE,TRUE,FALSE,TRUE,FALSE,PREPARED_FORECAST_ONLY,OPERATIONAL_LEGACY_COMPATIBILITY,FORECAST_ONLY,v6_17_viewer_dropdown_metadata.csv + v6_17_forecast_dropdown_metadata.csv,Prepared volume/efficiency variants are preserved verbatim. No Organic/Inorganic mapping has been verified.
OPERATIONAL_ENTITY,SSD|Phoenix|LEGACY_VARIANT|Low Volume With Efficiency|Forest,SSD,SSD - Phoenix,,Phoenix,Low Volume With Efficiency,,Forest,Forest,,,EURPRD09,SSD - Phoenix,Low Volume With Efficiency,Forest,EURPRD09,FALSE,TRUE,FALSE,TRUE,FALSE,PREPARED_FORECAST_ONLY,OPERATIONAL_LEGACY_COMPATIBILITY,FORECAST_ONLY,v6_17_viewer_dropdown_metadata.csv + v6_17_forecast_dropdown_metadata.csv,Prepared volume/efficiency variants are preserved verbatim. No Organic/Inorganic mapping has been verified.
OPERATIONAL_ENTITY,SSD|Phoenix|LEGACY_VARIANT|Low Volume With Efficiency|Forest,SSD,SSD - Phoenix,,Phoenix,Low Volume With Efficiency,,Forest,Forest,,,EURPRD10,SSD - Phoenix,Low Volume With Efficiency,Forest,EURPRD10,FALSE,TRUE,FALSE,TRUE,FALSE,PREPARED_FORECAST_ONLY,OPERATIONAL_LEGACY_COMPATIBILITY,FORECAST_ONLY,v6_17_viewer_dropdown_metadata.csv + v6_17_forecast_dropdown_metadata.csv,Prepared volume/efficiency variants are preserved verbatim. No Organic/Inorganic mapping has been verified.
OPERATIONAL_ENTITY,SSD|Phoenix|LEGACY_VARIANT|Low Volume With Efficiency|Forest,SSD,SSD - Phoenix,,Phoenix,Low Volume With Efficiency,,Forest,Forest,,,FRAP264,SSD - Phoenix,Low Volume With Efficiency,Forest,FRAP264,FALSE,TRUE,FALSE,TRUE,FALSE,PREPARED_FORECAST_ONLY,OPERATIONAL_LEGACY_COMPATIBILITY,FORECAST_ONLY,v6_17_viewer_dropdown_metadata.csv + v6_17_forecast_dropdown_metadata.csv,Prepared volume/efficiency variants are preserved verbatim. No Organic/Inorganic mapping has been verified.
OPERATIONAL_ENTITY,SSD|Phoenix|LEGACY_VARIANT|Low Volume With Efficiency|Forest,SSD,SSD - Phoenix,,Phoenix,Low Volume With Efficiency,,Forest,Forest,,,GBRP123,SSD - Phoenix,Low Volume With Efficiency,Forest,GBRP123,FALSE,TRUE,FALSE,TRUE,FALSE,PREPARED_FORECAST_ONLY,OPERATIONAL_LEGACY_COMPATIBILITY,FORECAST_ONLY,v6_17_viewer_dropdown_metadata.csv + v6_17_forecast_dropdown_metadata.csv,Prepared volume/efficiency variants are preserved verbatim. No Organic/Inorganic mapping has been verified.
OPERATIONAL_ENTITY,SSD|Phoenix|LEGACY_VARIANT|Low Volume With Efficiency|Forest,SSD,SSD - Phoenix,,Phoenix,Low Volume With Efficiency,,Forest,Forest,,,GBRP265,SSD - Phoenix,Low Volume With Efficiency,Forest,GBRP265,FALSE,TRUE,FALSE,TRUE,FALSE,PREPARED_FORECAST_ONLY,OPERATIONAL_LEGACY_COMPATIBILITY,FORECAST_ONLY,v6_17_viewer_dropdown_metadata.csv + v6_17_forecast_dropdown_metadata.csv,Prepared volume/efficiency variants are preserved verbatim. No Organic/Inorganic mapping has been verified.
OPERATIONAL_ENTITY,SSD|Phoenix|LEGACY_VARIANT|Low Volume With Efficiency|Forest,SSD,SSD - Phoenix,,Phoenix,Low Volume With Efficiency,,Forest,Forest,,,GBRP267,SSD - Phoenix,Low Volume With Efficiency,Forest,GBRP267,FALSE,TRUE,FALSE,TRUE,FALSE,PREPARED_FORECAST_ONLY,OPERATIONAL_LEGACY_COMPATIBILITY,FORECAST_ONLY,v6_17_viewer_dropdown_metadata.csv + v6_17_forecast_dropdown_metadata.csv,Prepared volume/efficiency variants are preserved verbatim. No Organic/Inorganic mapping has been verified.
OPERATIONAL_ENTITY,SSD|Phoenix|LEGACY_VARIANT|Low Volume With Efficiency|Forest,SSD,SSD - Phoenix,,Phoenix,Low Volume With Efficiency,,Forest,Forest,,,GBRP302,SSD - Phoenix,Low Volume With Efficiency,Forest,GBRP302,FALSE,TRUE,FALSE,TRUE,FALSE,PREPARED_FORECAST_ONLY,OPERATIONAL_LEGACY_COMPATIBILITY,FORECAST_ONLY,v6_17_viewer_dropdown_metadata.csv + v6_17_forecast_dropdown_metadata.csv,Prepared volume/efficiency variants are preserved verbatim. No Organic/Inorganic mapping has been verified.
OPERATIONAL_ENTITY,SSD|Phoenix|LEGACY_VARIANT|Low Volume With Efficiency|Forest,SSD,SSD - Phoenix,,Phoenix,Low Volume With Efficiency,,Forest,Forest,,,IDNP305,SSD - Phoenix,Low Volume With Efficiency,Forest,IDNP305,FALSE,TRUE,FALSE,TRUE,FALSE,PREPARED_FORECAST_ONLY,OPERATIONAL_LEGACY_COMPATIBILITY,FORECAST_ONLY,v6_17_viewer_dropdown_metadata.csv + v6_17_forecast_dropdown_metadata.csv,Prepared volume/efficiency variants are preserved verbatim. No Organic/Inorganic mapping has been verified.
OPERATIONAL_ENTITY,SSD|Phoenix|LEGACY_VARIANT|Low Volume With Efficiency|Forest,SSD,SSD - Phoenix,,Phoenix,Low Volume With Efficiency,,Forest,Forest,,,INDP287,SSD - Phoenix,Low Volume With Efficiency,Forest,INDP287,FALSE,TRUE,FALSE,TRUE,FALSE,PREPARED_FORECAST_ONLY,OPERATIONAL_LEGACY_COMPATIBILITY,FORECAST_ONLY,v6_17_viewer_dropdown_metadata.csv + v6_17_forecast_dropdown_metadata.csv,Prepared volume/efficiency variants are preserved verbatim. No Organic/Inorganic mapping has been verified.
OPERATIONAL_ENTITY,SSD|Phoenix|LEGACY_VARIANT|Low Volume With Efficiency|Forest,SSD,SSD - Phoenix,,Phoenix,Low Volume With Efficiency,,Forest,Forest,,,INDPRD01,SSD - Phoenix,Low Volume With Efficiency,Forest,INDPRD01,FALSE,TRUE,FALSE,TRUE,FALSE,PREPARED_FORECAST_ONLY,OPERATIONAL_LEGACY_COMPATIBILITY,FORECAST_ONLY,v6_17_viewer_dropdown_metadata.csv + v6_17_forecast_dropdown_metadata.csv,Prepared volume/efficiency variants are preserved verbatim. No Organic/Inorganic mapping has been verified.
OPERATIONAL_ENTITY,SSD|Phoenix|LEGACY_VARIANT|Low Volume With Efficiency|Forest,SSD,SSD - Phoenix,,Phoenix,Low Volume With Efficiency,,Forest,Forest,,,ISRP290,SSD - Phoenix,Low Volume With Efficiency,Forest,ISRP290,FALSE,TRUE,FALSE,TRUE,FALSE,PREPARED_FORECAST_ONLY,OPERATIONAL_LEGACY_COMPATIBILITY,FORECAST_ONLY,v6_17_viewer_dropdown_metadata.csv + v6_17_forecast_dropdown_metadata.csv,Prepared volume/efficiency variants are preserved verbatim. No Organic/Inorganic mapping has been verified.
OPERATIONAL_ENTITY,SSD|Phoenix|LEGACY_VARIANT|Low Volume With Efficiency|Forest,SSD,SSD - Phoenix,,Phoenix,Low Volume With Efficiency,,Forest,Forest,,,ITAP293,SSD - Phoenix,Low Volume With Efficiency,Forest,ITAP293,FALSE,TRUE,FALSE,TRUE,FALSE,PREPARED_FORECAST_ONLY,OPERATIONAL_LEGACY_COMPATIBILITY,FORECAST_ONLY,v6_17_viewer_dropdown_metadata.csv + v6_17_forecast_dropdown_metadata.csv,Prepared volume/efficiency variants are preserved verbatim. No Organic/Inorganic mapping has been verified.
OPERATIONAL_ENTITY,SSD|Phoenix|LEGACY_VARIANT|Low Volume With Efficiency|Forest,SSD,SSD - Phoenix,,Phoenix,Low Volume With Efficiency,,Forest,Forest,,,JPNP286,SSD - Phoenix,Low Volume With Efficiency,Forest,JPNP286,FALSE,TRUE,FALSE,TRUE,FALSE,PREPARED_FORECAST_ONLY,OPERATIONAL_LEGACY_COMPATIBILITY,FORECAST_ONLY,v6_17_viewer_dropdown_metadata.csv + v6_17_forecast_dropdown_metadata.csv,Prepared volume/efficiency variants are preserved verbatim. No Organic/Inorganic mapping has been verified.
OPERATIONAL_ENTITY,SSD|Phoenix|LEGACY_VARIANT|Low Volume With Efficiency|Forest,SSD,SSD - Phoenix,,Phoenix,Low Volume With Efficiency,,Forest,Forest,,,JPNP301,SSD - Phoenix,Low Volume With Efficiency,Forest,JPNP301,FALSE,TRUE,FALSE,TRUE,FALSE,PREPARED_FORECAST_ONLY,OPERATIONAL_LEGACY_COMPATIBILITY,FORECAST_ONLY,v6_17_viewer_dropdown_metadata.csv + v6_17_forecast_dropdown_metadata.csv,Prepared volume/efficiency variants are preserved verbatim. No Organic/Inorganic mapping has been verified.
OPERATIONAL_ENTITY,SSD|Phoenix|LEGACY_VARIANT|Low Volume With Efficiency|Forest,SSD,SSD - Phoenix,,Phoenix,Low Volume With Efficiency,,Forest,Forest,,,JPNPRD01,SSD - Phoenix,Low Volume With Efficiency,Forest,JPNPRD01,FALSE,TRUE,FALSE,TRUE,FALSE,PREPARED_FORECAST_ONLY,OPERATIONAL_LEGACY_COMPATIBILITY,FORECAST_ONLY,v6_17_viewer_dropdown_metadata.csv + v6_17_forecast_dropdown_metadata.csv,Prepared volume/efficiency variants are preserved verbatim. No Organic/Inorganic mapping has been verified.
OPERATIONAL_ENTITY,SSD|Phoenix|LEGACY_VARIANT|Low Volume With Efficiency|Forest,SSD,SSD - Phoenix,,Phoenix,Low Volume With Efficiency,,Forest,Forest,,,KORP216,SSD - Phoenix,Low Volume With Efficiency,Forest,KORP216,FALSE,TRUE,FALSE,TRUE,FALSE,PREPARED_FORECAST_ONLY,OPERATIONAL_LEGACY_COMPATIBILITY,FORECAST_ONLY,v6_17_viewer_dropdown_metadata.csv + v6_17_forecast_dropdown_metadata.csv,Prepared volume/efficiency variants are preserved verbatim. No Organic/Inorganic mapping has been verified.
OPERATIONAL_ENTITY,SSD|Phoenix|LEGACY_VARIANT|Low Volume With Efficiency|Forest,SSD,SSD - Phoenix,,Phoenix,Low Volume With Efficiency,,Forest,Forest,,,LAMP152,SSD - Phoenix,Low Volume With Efficiency,Forest,LAMP152,FALSE,TRUE,FALSE,TRUE,FALSE,PREPARED_FORECAST_ONLY,OPERATIONAL_LEGACY_COMPATIBILITY,FORECAST_ONLY,v6_17_viewer_dropdown_metadata.csv + v6_17_forecast_dropdown_metadata.csv,Prepared volume/efficiency variants are preserved verbatim. No Organic/Inorganic mapping has been verified.
OPERATIONAL_ENTITY,SSD|Phoenix|LEGACY_VARIANT|Low Volume With Efficiency|Forest,SSD,SSD - Phoenix,,Phoenix,Low Volume With Efficiency,,Forest,Forest,,,LAMP215,SSD - Phoenix,Low Volume With Efficiency,Forest,LAMP215,FALSE,TRUE,FALSE,TRUE,FALSE,PREPARED_FORECAST_ONLY,OPERATIONAL_LEGACY_COMPATIBILITY,FORECAST_ONLY,v6_17_viewer_dropdown_metadata.csv + v6_17_forecast_dropdown_metadata.csv,Prepared volume/efficiency variants are preserved verbatim. No Organic/Inorganic mapping has been verified.
OPERATIONAL_ENTITY,SSD|Phoenix|LEGACY_VARIANT|Low Volume With Efficiency|Forest,SSD,SSD - Phoenix,,Phoenix,Low Volume With Efficiency,,Forest,Forest,,,LAMPRD80,SSD - Phoenix,Low Volume With Efficiency,Forest,LAMPRD80,FALSE,TRUE,FALSE,TRUE,FALSE,PREPARED_FORECAST_ONLY,OPERATIONAL_LEGACY_COMPATIBILITY,FORECAST_ONLY,v6_17_viewer_dropdown_metadata.csv + v6_17_forecast_dropdown_metadata.csv,Prepared volume/efficiency variants are preserved verbatim. No Organic/Inorganic mapping has been verified.
OPERATIONAL_ENTITY,SSD|Phoenix|LEGACY_VARIANT|Low Volume With Efficiency|Forest,SSD,SSD - Phoenix,,Phoenix,Low Volume With Efficiency,,Forest,Forest,,,MEXP297,SSD - Phoenix,Low Volume With Efficiency,Forest,MEXP297,FALSE,TRUE,FALSE,TRUE,FALSE,PREPARED_FORECAST_ONLY,OPERATIONAL_LEGACY_COMPATIBILITY,FORECAST_ONLY,v6_17_viewer_dropdown_metadata.csv + v6_17_forecast_dropdown_metadata.csv,Prepared volume/efficiency variants are preserved verbatim. No Organic/Inorganic mapping has been verified.
OPERATIONAL_ENTITY,SSD|Phoenix|LEGACY_VARIANT|Low Volume With Efficiency|Forest,SSD,SSD - Phoenix,,Phoenix,Low Volume With Efficiency,,Forest,Forest,,,MYSP306,SSD - Phoenix,Low Volume With Efficiency,Forest,MYSP306,FALSE,TRUE,FALSE,TRUE,FALSE,PREPARED_FORECAST_ONLY,OPERATIONAL_LEGACY_COMPATIBILITY,FORECAST_ONLY,v6_17_viewer_dropdown_metadata.csv + v6_17_forecast_dropdown_metadata.csv,Prepared volume/efficiency variants are preserved verbatim. No Organic/Inorganic mapping has been verified.
OPERATIONAL_ENTITY,SSD|Phoenix|LEGACY_VARIANT|Low Volume With Efficiency|Forest,SSD,SSD - Phoenix,,Phoenix,Low Volume With Efficiency,,Forest,Forest,,,NAMP100,SSD - Phoenix,Low Volume With Efficiency,Forest,NAMP100,FALSE,TRUE,FALSE,TRUE,FALSE,PREPARED_FORECAST_ONLY,OPERATIONAL_LEGACY_COMPATIBILITY,FORECAST_ONLY,v6_17_viewer_dropdown_metadata.csv + v6_17_forecast_dropdown_metadata.csv,Prepared volume/efficiency variants are preserved verbatim. No Organic/Inorganic mapping has been verified.
OPERATIONAL_ENTITY,SSD|Phoenix|LEGACY_VARIANT|Low Volume With Efficiency|Forest,SSD,SSD - Phoenix,,Phoenix,Low Volume With Efficiency,,Forest,Forest,,,NAMP101,SSD - Phoenix,Low Volume With Efficiency,Forest,NAMP101,FALSE,TRUE,FALSE,TRUE,FALSE,PREPARED_FORECAST_ONLY,OPERATIONAL_LEGACY_COMPATIBILITY,FORECAST_ONLY,v6_17_viewer_dropdown_metadata.csv + v6_17_forecast_dropdown_metadata.csv,Prepared volume/efficiency variants are preserved verbatim. No Organic/Inorganic mapping has been verified.
OPERATIONAL_ENTITY,SSD|Phoenix|LEGACY_VARIANT|Low Volume With Efficiency|Forest,SSD,SSD - Phoenix,,Phoenix,Low Volume With Efficiency,,Forest,Forest,,,NAMP102,SSD - Phoenix,Low Volume With Efficiency,Forest,NAMP102,FALSE,TRUE,FALSE,TRUE,FALSE,PREPARED_FORECAST_ONLY,OPERATIONAL_LEGACY_COMPATIBILITY,FORECAST_ONLY,v6_17_viewer_dropdown_metadata.csv + v6_17_forecast_dropdown_metadata.csv,Prepared volume/efficiency variants are preserved verbatim. No Organic/Inorganic mapping has been verified.
OPERATIONAL_ENTITY,SSD|Phoenix|LEGACY_VARIANT|Low Volume With Efficiency|Forest,SSD,SSD - Phoenix,,Phoenix,Low Volume With Efficiency,,Forest,Forest,,,NAMP103,SSD - Phoenix,Low Volume With Efficiency,Forest,NAMP103,FALSE,TRUE,FALSE,TRUE,FALSE,PREPARED_FORECAST_ONLY,OPERATIONAL_LEGACY_COMPATIBILITY,FORECAST_ONLY,v6_17_viewer_dropdown_metadata.csv + v6_17_forecast_dropdown_metadata.csv,Prepared volume/efficiency variants are preserved verbatim. No Organic/Inorganic mapping has been verified.
OPERATIONAL_ENTITY,SSD|Phoenix|LEGACY_VARIANT|Low Volume With Efficiency|Forest,SSD,SSD - Phoenix,,Phoenix,Low Volume With Efficiency,,Forest,Forest,,,NAMP104,SSD - Phoenix,Low Volume With Efficiency,Forest,NAMP104,FALSE,TRUE,FALSE,TRUE,FALSE,PREPARED_FORECAST_ONLY,OPERATIONAL_LEGACY_COMPATIBILITY,FORECAST_ONLY,v6_17_viewer_dropdown_metadata.csv + v6_17_forecast_dropdown_metadata.csv,Prepared volume/efficiency variants are preserved verbatim. No Organic/Inorganic mapping has been verified.
OPERATIONAL_ENTITY,SSD|Phoenix|LEGACY_VARIANT|Low Volume With Efficiency|Forest,SSD,SSD - Phoenix,,Phoenix,Low Volume With Efficiency,,Forest,Forest,,,NAMP105,SSD - Phoenix,Low Volume With Efficiency,Forest,NAMP105,FALSE,TRUE,FALSE,TRUE,FALSE,PREPARED_FORECAST_ONLY,OPERATIONAL_LEGACY_COMPATIBILITY,FORECAST_ONLY,v6_17_viewer_dropdown_metadata.csv + v6_17_forecast_dropdown_metadata.csv,Prepared volume/efficiency variants are preserved verbatim. No Organic/Inorganic mapping has been verified.
OPERATIONAL_ENTITY,SSD|Phoenix|LEGACY_VARIANT|Low Volume With Efficiency|Forest,SSD,SSD - Phoenix,,Phoenix,Low Volume With Efficiency,,Forest,Forest,,,NAMP106,SSD - Phoenix,Low Volume With Efficiency,Forest,NAMP106,FALSE,TRUE,FALSE,TRUE,FALSE,PREPARED_FORECAST_ONLY,OPERATIONAL_LEGACY_COMPATIBILITY,FORECAST_ONLY,v6_17_viewer_dropdown_metadata.csv + v6_17_forecast_dropdown_metadata.csv,Prepared volume/efficiency variants are preserved verbatim. No Organic/Inorganic mapping has been verified.
OPERATIONAL_ENTITY,SSD|Phoenix|LEGACY_VARIANT|Low Volume With Efficiency|Forest,SSD,SSD - Phoenix,,Phoenix,Low Volume With Efficiency,,Forest,Forest,,,NAMP108,SSD - Phoenix,Low Volume With Efficiency,Forest,NAMP108,FALSE,TRUE,FALSE,TRUE,FALSE,PREPARED_FORECAST_ONLY,OPERATIONAL_LEGACY_COMPATIBILITY,FORECAST_ONLY,v6_17_viewer_dropdown_metadata.csv + v6_17_forecast_dropdown_metadata.csv,Prepared volume/efficiency variants are preserved verbatim. No Organic/Inorganic mapping has been verified.
OPERATIONAL_ENTITY,SSD|Phoenix|LEGACY_VARIANT|Low Volume With Efficiency|Forest,SSD,SSD - Phoenix,,Phoenix,Low Volume With Efficiency,,Forest,Forest,,,NAMP109,SSD - Phoenix,Low Volume With Efficiency,Forest,NAMP109,FALSE,TRUE,FALSE,TRUE,FALSE,PREPARED_FORECAST_ONLY,OPERATIONAL_LEGACY_COMPATIBILITY,FORECAST_ONLY,v6_17_viewer_dropdown_metadata.csv + v6_17_forecast_dropdown_metadata.csv,Prepared volume/efficiency variants are preserved verbatim. No Organic/Inorganic mapping has been verified.
OPERATIONAL_ENTITY,SSD|Phoenix|LEGACY_VARIANT|Low Volume With Efficiency|Forest,SSD,SSD - Phoenix,,Phoenix,Low Volume With Efficiency,,Forest,Forest,,,NAMP113,SSD - Phoenix,Low Volume With Efficiency,Forest,NAMP113,FALSE,TRUE,FALSE,TRUE,FALSE,PREPARED_FORECAST_ONLY,OPERATIONAL_LEGACY_COMPATIBILITY,FORECAST_ONLY,v6_17_viewer_dropdown_metadata.csv + v6_17_forecast_dropdown_metadata.csv,Prepared volume/efficiency variants are preserved verbatim. No Organic/Inorganic mapping has been verified.
OPERATIONAL_ENTITY,SSD|Phoenix|LEGACY_VARIANT|Low Volume With Efficiency|Forest,SSD,SSD - Phoenix,,Phoenix,Low Volume With Efficiency,,Forest,Forest,,,NAMP114,SSD - Phoenix,Low Volume With Efficiency,Forest,NAMP114,FALSE,TRUE,FALSE,TRUE,FALSE,PREPARED_FORECAST_ONLY,OPERATIONAL_LEGACY_COMPATIBILITY,FORECAST_ONLY,v6_17_viewer_dropdown_metadata.csv + v6_17_forecast_dropdown_metadata.csv,Prepared volume/efficiency variants are preserved verbatim. No Organic/Inorganic mapping has been verified.
OPERATIONAL_ENTITY,SSD|Phoenix|LEGACY_VARIANT|Low Volume With Efficiency|Forest,SSD,SSD - Phoenix,,Phoenix,Low Volume With Efficiency,,Forest,Forest,,,NAMP115,SSD - Phoenix,Low Volume With Efficiency,Forest,NAMP115,FALSE,TRUE,FALSE,TRUE,FALSE,PREPARED_FORECAST_ONLY,OPERATIONAL_LEGACY_COMPATIBILITY,FORECAST_ONLY,v6_17_viewer_dropdown_metadata.csv + v6_17_forecast_dropdown_metadata.csv,Prepared volume/efficiency variants are preserved verbatim. No Organic/Inorganic mapping has been verified.
OPERATIONAL_ENTITY,SSD|Phoenix|LEGACY_VARIANT|Low Volume With Efficiency|Forest,SSD,SSD - Phoenix,,Phoenix,Low Volume With Efficiency,,Forest,Forest,,,NAMP116,SSD - Phoenix,Low Volume With Efficiency,Forest,NAMP116,FALSE,TRUE,FALSE,TRUE,FALSE,PREPARED_FORECAST_ONLY,OPERATIONAL_LEGACY_COMPATIBILITY,FORECAST_ONLY,v6_17_viewer_dropdown_metadata.csv + v6_17_forecast_dropdown_metadata.csv,Prepared volume/efficiency variants are preserved verbatim. No Organic/Inorganic mapping has been verified.
OPERATIONAL_ENTITY,SSD|Phoenix|LEGACY_VARIANT|Low Volume With Efficiency|Forest,SSD,SSD - Phoenix,,Phoenix,Low Volume With Efficiency,,Forest,Forest,,,NAMP118,SSD - Phoenix,Low Volume With Efficiency,Forest,NAMP118,FALSE,TRUE,FALSE,TRUE,FALSE,PREPARED_FORECAST_ONLY,OPERATIONAL_LEGACY_COMPATIBILITY,FORECAST_ONLY,v6_17_viewer_dropdown_metadata.csv + v6_17_forecast_dropdown_metadata.csv,Prepared volume/efficiency variants are preserved verbatim. No Organic/Inorganic mapping has been verified.
OPERATIONAL_ENTITY,SSD|Phoenix|LEGACY_VARIANT|Low Volume With Efficiency|Forest,SSD,SSD - Phoenix,,Phoenix,Low Volume With Efficiency,,Forest,Forest,,,NAMP125,SSD - Phoenix,Low Volume With Efficiency,Forest,NAMP125,FALSE,TRUE,FALSE,TRUE,FALSE,PREPARED_FORECAST_ONLY,OPERATIONAL_LEGACY_COMPATIBILITY,FORECAST_ONLY,v6_17_viewer_dropdown_metadata.csv + v6_17_forecast_dropdown_metadata.csv,Prepared volume/efficiency variants are preserved verbatim. No Organic/Inorganic mapping has been verified.
OPERATIONAL_ENTITY,SSD|Phoenix|LEGACY_VARIANT|Low Volume With Efficiency|Forest,SSD,SSD - Phoenix,,Phoenix,Low Volume With Efficiency,,Forest,Forest,,,NAMP126,SSD - Phoenix,Low Volume With Efficiency,Forest,NAMP126,FALSE,TRUE,FALSE,TRUE,FALSE,PREPARED_FORECAST_ONLY,OPERATIONAL_LEGACY_COMPATIBILITY,FORECAST_ONLY,v6_17_viewer_dropdown_metadata.csv + v6_17_forecast_dropdown_metadata.csv,Prepared volume/efficiency variants are preserved verbatim. No Organic/Inorganic mapping has been verified.
OPERATIONAL_ENTITY,SSD|Phoenix|LEGACY_VARIANT|Low Volume With Efficiency|Forest,SSD,SSD - Phoenix,,Phoenix,Low Volume With Efficiency,,Forest,Forest,,,NAMP128,SSD - Phoenix,Low Volume With Efficiency,Forest,NAMP128,FALSE,TRUE,FALSE,TRUE,FALSE,PREPARED_FORECAST_ONLY,OPERATIONAL_LEGACY_COMPATIBILITY,FORECAST_ONLY,v6_17_viewer_dropdown_metadata.csv + v6_17_forecast_dropdown_metadata.csv,Prepared volume/efficiency variants are preserved verbatim. No Organic/Inorganic mapping has been verified.
OPERATIONAL_ENTITY,SSD|Phoenix|LEGACY_VARIANT|Low Volume With Efficiency|Forest,SSD,SSD - Phoenix,,Phoenix,Low Volume With Efficiency,,Forest,Forest,,,NAMP129,SSD - Phoenix,Low Volume With Efficiency,Forest,NAMP129,FALSE,TRUE,FALSE,TRUE,FALSE,PREPARED_FORECAST_ONLY,OPERATIONAL_LEGACY_COMPATIBILITY,FORECAST_ONLY,v6_17_viewer_dropdown_metadata.csv + v6_17_forecast_dropdown_metadata.csv,Prepared volume/efficiency variants are preserved verbatim. No Organic/Inorganic mapping has been verified.
OPERATIONAL_ENTITY,SSD|Phoenix|LEGACY_VARIANT|Low Volume With Efficiency|Forest,SSD,SSD - Phoenix,,Phoenix,Low Volume With Efficiency,,Forest,Forest,,,NAMP130,SSD - Phoenix,Low Volume With Efficiency,Forest,NAMP130,FALSE,TRUE,FALSE,TRUE,FALSE,PREPARED_FORECAST_ONLY,OPERATIONAL_LEGACY_COMPATIBILITY,FORECAST_ONLY,v6_17_viewer_dropdown_metadata.csv + v6_17_forecast_dropdown_metadata.csv,Prepared volume/efficiency variants are preserved verbatim. No Organic/Inorganic mapping has been verified.
OPERATIONAL_ENTITY,SSD|Phoenix|LEGACY_VARIANT|Low Volume With Efficiency|Forest,SSD,SSD - Phoenix,,Phoenix,Low Volume With Efficiency,,Forest,Forest,,,NAMP131,SSD - Phoenix,Low Volume With Efficiency,Forest,NAMP131,FALSE,TRUE,FALSE,TRUE,FALSE,PREPARED_FORECAST_ONLY,OPERATIONAL_LEGACY_COMPATIBILITY,FORECAST_ONLY,v6_17_viewer_dropdown_metadata.csv + v6_17_forecast_dropdown_metadata.csv,Prepared volume/efficiency variants are preserved verbatim. No Organic/Inorganic mapping has been verified.
OPERATIONAL_ENTITY,SSD|Phoenix|LEGACY_VARIANT|Low Volume With Efficiency|Forest,SSD,SSD - Phoenix,,Phoenix,Low Volume With Efficiency,,Forest,Forest,,,NAMP132,SSD - Phoenix,Low Volume With Efficiency,Forest,NAMP132,FALSE,TRUE,FALSE,TRUE,FALSE,PREPARED_FORECAST_ONLY,OPERATIONAL_LEGACY_COMPATIBILITY,FORECAST_ONLY,v6_17_viewer_dropdown_metadata.csv + v6_17_forecast_dropdown_metadata.csv,Prepared volume/efficiency variants are preserved verbatim. No Organic/Inorganic mapping has been verified.
OPERATIONAL_ENTITY,SSD|Phoenix|LEGACY_VARIANT|Low Volume With Efficiency|Forest,SSD,SSD - Phoenix,,Phoenix,Low Volume With Efficiency,,Forest,Forest,,,NAMP133,SSD - Phoenix,Low Volume With Efficiency,Forest,NAMP133,FALSE,TRUE,FALSE,TRUE,FALSE,PREPARED_FORECAST_ONLY,OPERATIONAL_LEGACY_COMPATIBILITY,FORECAST_ONLY,v6_17_viewer_dropdown_metadata.csv + v6_17_forecast_dropdown_metadata.csv,Prepared volume/efficiency variants are preserved verbatim. No Organic/Inorganic mapping has been verified.
OPERATIONAL_ENTITY,SSD|Phoenix|LEGACY_VARIANT|Low Volume With Efficiency|Forest,SSD,SSD - Phoenix,,Phoenix,Low Volume With Efficiency,,Forest,Forest,,,NAMP134,SSD - Phoenix,Low Volume With Efficiency,Forest,NAMP134,FALSE,TRUE,FALSE,TRUE,FALSE,PREPARED_FORECAST_ONLY,OPERATIONAL_LEGACY_COMPATIBILITY,FORECAST_ONLY,v6_17_viewer_dropdown_metadata.csv + v6_17_forecast_dropdown_metadata.csv,Prepared volume/efficiency variants are preserved verbatim. No Organic/Inorganic mapping has been verified.
OPERATIONAL_ENTITY,SSD|Phoenix|LEGACY_VARIANT|Low Volume With Efficiency|Forest,SSD,SSD - Phoenix,,Phoenix,Low Volume With Efficiency,,Forest,Forest,,,NAMP135,SSD - Phoenix,Low Volume With Efficiency,Forest,NAMP135,FALSE,TRUE,FALSE,TRUE,FALSE,PREPARED_FORECAST_ONLY,OPERATIONAL_LEGACY_COMPATIBILITY,FORECAST_ONLY,v6_17_viewer_dropdown_metadata.csv + v6_17_forecast_dropdown_metadata.csv,Prepared volume/efficiency variants are preserved verbatim. No Organic/Inorganic mapping has been verified.
OPERATIONAL_ENTITY,SSD|Phoenix|LEGACY_VARIANT|Low Volume With Efficiency|Forest,SSD,SSD - Phoenix,,Phoenix,Low Volume With Efficiency,,Forest,Forest,,,NAMP136,SSD - Phoenix,Low Volume With Efficiency,Forest,NAMP136,FALSE,TRUE,FALSE,TRUE,FALSE,PREPARED_FORECAST_ONLY,OPERATIONAL_LEGACY_COMPATIBILITY,FORECAST_ONLY,v6_17_viewer_dropdown_metadata.csv + v6_17_forecast_dropdown_metadata.csv,Prepared volume/efficiency variants are preserved verbatim. No Organic/Inorganic mapping has been verified.
OPERATIONAL_ENTITY,SSD|Phoenix|LEGACY_VARIANT|Low Volume With Efficiency|Forest,SSD,SSD - Phoenix,,Phoenix,Low Volume With Efficiency,,Forest,Forest,,,NAMP154,SSD - Phoenix,Low Volume With Efficiency,Forest,NAMP154,FALSE,TRUE,FALSE,TRUE,FALSE,PREPARED_FORECAST_ONLY,OPERATIONAL_LEGACY_COMPATIBILITY,FORECAST_ONLY,v6_17_viewer_dropdown_metadata.csv + v6_17_forecast_dropdown_metadata.csv,Prepared volume/efficiency variants are preserved verbatim. No Organic/Inorganic mapping has been verified.
OPERATIONAL_ENTITY,SSD|Phoenix|LEGACY_VARIANT|Low Volume With Efficiency|Forest,SSD,SSD - Phoenix,,Phoenix,Low Volume With Efficiency,,Forest,Forest,,,NAMP156,SSD - Phoenix,Low Volume With Efficiency,Forest,NAMP156,FALSE,TRUE,FALSE,TRUE,FALSE,PREPARED_FORECAST_ONLY,OPERATIONAL_LEGACY_COMPATIBILITY,FORECAST_ONLY,v6_17_viewer_dropdown_metadata.csv + v6_17_forecast_dropdown_metadata.csv,Prepared volume/efficiency variants are preserved verbatim. No Organic/Inorganic mapping has been verified.
OPERATIONAL_ENTITY,SSD|Phoenix|LEGACY_VARIANT|Low Volume With Efficiency|Forest,SSD,SSD - Phoenix,,Phoenix,Low Volume With Efficiency,,Forest,Forest,,,NAMP157,SSD - Phoenix,Low Volume With Efficiency,Forest,NAMP157,FALSE,TRUE,FALSE,TRUE,FALSE,PREPARED_FORECAST_ONLY,OPERATIONAL_LEGACY_COMPATIBILITY,FORECAST_ONLY,v6_17_viewer_dropdown_metadata.csv + v6_17_forecast_dropdown_metadata.csv,Prepared volume/efficiency variants are preserved verbatim. No Organic/Inorganic mapping has been verified.
OPERATIONAL_ENTITY,SSD|Phoenix|LEGACY_VARIANT|Low Volume With Efficiency|Forest,SSD,SSD - Phoenix,,Phoenix,Low Volume With Efficiency,,Forest,Forest,,,NAMP158,SSD - Phoenix,Low Volume With Efficiency,Forest,NAMP158,FALSE,TRUE,FALSE,TRUE,FALSE,PREPARED_FORECAST_ONLY,OPERATIONAL_LEGACY_COMPATIBILITY,FORECAST_ONLY,v6_17_viewer_dropdown_metadata.csv + v6_17_forecast_dropdown_metadata.csv,Prepared volume/efficiency variants are preserved verbatim. No Organic/Inorganic mapping has been verified.
OPERATIONAL_ENTITY,SSD|Phoenix|LEGACY_VARIANT|Low Volume With Efficiency|Forest,SSD,SSD - Phoenix,,Phoenix,Low Volume With Efficiency,,Forest,Forest,,,NAMP159,SSD - Phoenix,Low Volume With Efficiency,Forest,NAMP159,FALSE,TRUE,FALSE,TRUE,FALSE,PREPARED_FORECAST_ONLY,OPERATIONAL_LEGACY_COMPATIBILITY,FORECAST_ONLY,v6_17_viewer_dropdown_metadata.csv + v6_17_forecast_dropdown_metadata.csv,Prepared volume/efficiency variants are preserved verbatim. No Organic/Inorganic mapping has been verified.
OPERATIONAL_ENTITY,SSD|Phoenix|LEGACY_VARIANT|Low Volume With Efficiency|Forest,SSD,SSD - Phoenix,,Phoenix,Low Volume With Efficiency,,Forest,Forest,,,NAMP161,SSD - Phoenix,Low Volume With Efficiency,Forest,NAMP161,FALSE,TRUE,FALSE,TRUE,FALSE,PREPARED_FORECAST_ONLY,OPERATIONAL_LEGACY_COMPATIBILITY,FORECAST_ONLY,v6_17_viewer_dropdown_metadata.csv + v6_17_forecast_dropdown_metadata.csv,Prepared volume/efficiency variants are preserved verbatim. No Organic/Inorganic mapping has been verified.
OPERATIONAL_ENTITY,SSD|Phoenix|LEGACY_VARIANT|Low Volume With Efficiency|Forest,SSD,SSD - Phoenix,,Phoenix,Low Volume With Efficiency,,Forest,Forest,,,NAMP162,SSD - Phoenix,Low Volume With Efficiency,Forest,NAMP162,FALSE,TRUE,FALSE,TRUE,FALSE,PREPARED_FORECAST_ONLY,OPERATIONAL_LEGACY_COMPATIBILITY,FORECAST_ONLY,v6_17_viewer_dropdown_metadata.csv + v6_17_forecast_dropdown_metadata.csv,Prepared volume/efficiency variants are preserved verbatim. No Organic/Inorganic mapping has been verified.
OPERATIONAL_ENTITY,SSD|Phoenix|LEGACY_VARIANT|Low Volume With Efficiency|Forest,SSD,SSD - Phoenix,,Phoenix,Low Volume With Efficiency,,Forest,Forest,,,NAMP163,SSD - Phoenix,Low Volume With Efficiency,Forest,NAMP163,FALSE,TRUE,FALSE,TRUE,FALSE,PREPARED_FORECAST_ONLY,OPERATIONAL_LEGACY_COMPATIBILITY,FORECAST_ONLY,v6_17_viewer_dropdown_metadata.csv + v6_17_forecast_dropdown_metadata.csv,Prepared volume/efficiency variants are preserved verbatim. No Organic/Inorganic mapping has been verified.
OPERATIONAL_ENTITY,SSD|Phoenix|LEGACY_VARIANT|Low Volume With Efficiency|Forest,SSD,SSD - Phoenix,,Phoenix,Low Volume With Efficiency,,Forest,Forest,,,NAMP164,SSD - Phoenix,Low Volume With Efficiency,Forest,NAMP164,FALSE,TRUE,FALSE,TRUE,FALSE,PREPARED_FORECAST_ONLY,OPERATIONAL_LEGACY_COMPATIBILITY,FORECAST_ONLY,v6_17_viewer_dropdown_metadata.csv + v6_17_forecast_dropdown_metadata.csv,Prepared volume/efficiency variants are preserved verbatim. No Organic/Inorganic mapping has been verified.
OPERATIONAL_ENTITY,SSD|Phoenix|LEGACY_VARIANT|Low Volume With Efficiency|Forest,SSD,SSD - Phoenix,,Phoenix,Low Volume With Efficiency,,Forest,Forest,,,NAMP166,SSD - Phoenix,Low Volume With Efficiency,Forest,NAMP166,FALSE,TRUE,FALSE,TRUE,FALSE,PREPARED_FORECAST_ONLY,OPERATIONAL_LEGACY_COMPATIBILITY,FORECAST_ONLY,v6_17_viewer_dropdown_metadata.csv + v6_17_forecast_dropdown_metadata.csv,Prepared volume/efficiency variants are preserved verbatim. No Organic/Inorganic mapping has been verified.
OPERATIONAL_ENTITY,SSD|Phoenix|LEGACY_VARIANT|Low Volume With Efficiency|Forest,SSD,SSD - Phoenix,,Phoenix,Low Volume With Efficiency,,Forest,Forest,,,NAMP167,SSD - Phoenix,Low Volume With Efficiency,Forest,NAMP167,FALSE,TRUE,FALSE,TRUE,FALSE,PREPARED_FORECAST_ONLY,OPERATIONAL_LEGACY_COMPATIBILITY,FORECAST_ONLY,v6_17_viewer_dropdown_metadata.csv + v6_17_forecast_dropdown_metadata.csv,Prepared volume/efficiency variants are preserved verbatim. No Organic/Inorganic mapping has been verified.
OPERATIONAL_ENTITY,SSD|Phoenix|LEGACY_VARIANT|Low Volume With Efficiency|Forest,SSD,SSD - Phoenix,,Phoenix,Low Volume With Efficiency,,Forest,Forest,,,NAMP169,SSD - Phoenix,Low Volume With Efficiency,Forest,NAMP169,FALSE,TRUE,FALSE,TRUE,FALSE,PREPARED_FORECAST_ONLY,OPERATIONAL_LEGACY_COMPATIBILITY,FORECAST_ONLY,v6_17_viewer_dropdown_metadata.csv + v6_17_forecast_dropdown_metadata.csv,Prepared volume/efficiency variants are preserved verbatim. No Organic/Inorganic mapping has been verified.
OPERATIONAL_ENTITY,SSD|Phoenix|LEGACY_VARIANT|Low Volume With Efficiency|Forest,SSD,SSD - Phoenix,,Phoenix,Low Volume With Efficiency,,Forest,Forest,,,NAMP170,SSD - Phoenix,Low Volume With Efficiency,Forest,NAMP170,FALSE,TRUE,FALSE,TRUE,FALSE,PREPARED_FORECAST_ONLY,OPERATIONAL_LEGACY_COMPATIBILITY,FORECAST_ONLY,v6_17_viewer_dropdown_metadata.csv + v6_17_forecast_dropdown_metadata.csv,Prepared volume/efficiency variants are preserved verbatim. No Organic/Inorganic mapping has been verified.
OPERATIONAL_ENTITY,SSD|Phoenix|LEGACY_VARIANT|Low Volume With Efficiency|Forest,SSD,SSD - Phoenix,,Phoenix,Low Volume With Efficiency,,Forest,Forest,,,NAMP171,SSD - Phoenix,Low Volume With Efficiency,Forest,NAMP171,FALSE,TRUE,FALSE,TRUE,FALSE,PREPARED_FORECAST_ONLY,OPERATIONAL_LEGACY_COMPATIBILITY,FORECAST_ONLY,v6_17_viewer_dropdown_metadata.csv + v6_17_forecast_dropdown_metadata.csv,Prepared volume/efficiency variants are preserved verbatim. No Organic/Inorganic mapping has been verified.
OPERATIONAL_ENTITY,SSD|Phoenix|LEGACY_VARIANT|Low Volume With Efficiency|Forest,SSD,SSD - Phoenix,,Phoenix,Low Volume With Efficiency,,Forest,Forest,,,NAMP172,SSD - Phoenix,Low Volume With Efficiency,Forest,NAMP172,FALSE,TRUE,FALSE,TRUE,FALSE,PREPARED_FORECAST_ONLY,OPERATIONAL_LEGACY_COMPATIBILITY,FORECAST_ONLY,v6_17_viewer_dropdown_metadata.csv + v6_17_forecast_dropdown_metadata.csv,Prepared volume/efficiency variants are preserved verbatim. No Organic/Inorganic mapping has been verified.
OPERATIONAL_ENTITY,SSD|Phoenix|LEGACY_VARIANT|Low Volume With Efficiency|Forest,SSD,SSD - Phoenix,,Phoenix,Low Volume With Efficiency,,Forest,Forest,,,NAMP173,SSD - Phoenix,Low Volume With Efficiency,Forest,NAMP173,FALSE,TRUE,FALSE,TRUE,FALSE,PREPARED_FORECAST_ONLY,OPERATIONAL_LEGACY_COMPATIBILITY,FORECAST_ONLY,v6_17_viewer_dropdown_metadata.csv + v6_17_forecast_dropdown_metadata.csv,Prepared volume/efficiency variants are preserved verbatim. No Organic/Inorganic mapping has been verified.
OPERATIONAL_ENTITY,SSD|Phoenix|LEGACY_VARIANT|Low Volume With Efficiency|Forest,SSD,SSD - Phoenix,,Phoenix,Low Volume With Efficiency,,Forest,Forest,,,NAMP197,SSD - Phoenix,Low Volume With Efficiency,Forest,NAMP197,FALSE,TRUE,FALSE,TRUE,FALSE,PREPARED_FORECAST_ONLY,OPERATIONAL_LEGACY_COMPATIBILITY,FORECAST_ONLY,v6_17_viewer_dropdown_metadata.csv + v6_17_forecast_dropdown_metadata.csv,Prepared volume/efficiency variants are preserved verbatim. No Organic/Inorganic mapping has been verified.
OPERATIONAL_ENTITY,SSD|Phoenix|LEGACY_VARIANT|Low Volume With Efficiency|Forest,SSD,SSD - Phoenix,,Phoenix,Low Volume With Efficiency,,Forest,Forest,,,NAMP220,SSD - Phoenix,Low Volume With Efficiency,Forest,NAMP220,FALSE,TRUE,FALSE,TRUE,FALSE,PREPARED_FORECAST_ONLY,OPERATIONAL_LEGACY_COMPATIBILITY,FORECAST_ONLY,v6_17_viewer_dropdown_metadata.csv + v6_17_forecast_dropdown_metadata.csv,Prepared volume/efficiency variants are preserved verbatim. No Organic/Inorganic mapping has been verified.
OPERATIONAL_ENTITY,SSD|Phoenix|LEGACY_VARIANT|Low Volume With Efficiency|Forest,SSD,SSD - Phoenix,,Phoenix,Low Volume With Efficiency,,Forest,Forest,,,NAMP221,SSD - Phoenix,Low Volume With Efficiency,Forest,NAMP221,FALSE,TRUE,FALSE,TRUE,FALSE,PREPARED_FORECAST_ONLY,OPERATIONAL_LEGACY_COMPATIBILITY,FORECAST_ONLY,v6_17_viewer_dropdown_metadata.csv + v6_17_forecast_dropdown_metadata.csv,Prepared volume/efficiency variants are preserved verbatim. No Organic/Inorganic mapping has been verified.
OPERATIONAL_ENTITY,SSD|Phoenix|LEGACY_VARIANT|Low Volume With Efficiency|Forest,SSD,SSD - Phoenix,,Phoenix,Low Volume With Efficiency,,Forest,Forest,,,NAMP222,SSD - Phoenix,Low Volume With Efficiency,Forest,NAMP222,FALSE,TRUE,FALSE,TRUE,FALSE,PREPARED_FORECAST_ONLY,OPERATIONAL_LEGACY_COMPATIBILITY,FORECAST_ONLY,v6_17_viewer_dropdown_metadata.csv + v6_17_forecast_dropdown_metadata.csv,Prepared volume/efficiency variants are preserved verbatim. No Organic/Inorganic mapping has been verified.
OPERATIONAL_ENTITY,SSD|Phoenix|LEGACY_VARIANT|Low Volume With Efficiency|Forest,SSD,SSD - Phoenix,,Phoenix,Low Volume With Efficiency,,Forest,Forest,,,NAMP223,SSD - Phoenix,Low Volume With Efficiency,Forest,NAMP223,FALSE,TRUE,FALSE,TRUE,FALSE,PREPARED_FORECAST_ONLY,OPERATIONAL_LEGACY_COMPATIBILITY,FORECAST_ONLY,v6_17_viewer_dropdown_metadata.csv + v6_17_forecast_dropdown_metadata.csv,Prepared volume/efficiency variants are preserved verbatim. No Organic/Inorganic mapping has been verified.
OPERATIONAL_ENTITY,SSD|Phoenix|LEGACY_VARIANT|Low Volume With Efficiency|Forest,SSD,SSD - Phoenix,,Phoenix,Low Volume With Efficiency,,Forest,Forest,,,NAMP242,SSD - Phoenix,Low Volume With Efficiency,Forest,NAMP242,FALSE,TRUE,FALSE,TRUE,FALSE,PREPARED_FORECAST_ONLY,OPERATIONAL_LEGACY_COMPATIBILITY,FORECAST_ONLY,v6_17_viewer_dropdown_metadata.csv + v6_17_forecast_dropdown_metadata.csv,Prepared volume/efficiency variants are preserved verbatim. No Organic/Inorganic mapping has been verified.
OPERATIONAL_ENTITY,SSD|Phoenix|LEGACY_VARIANT|Low Volume With Efficiency|Forest,SSD,SSD - Phoenix,,Phoenix,Low Volume With Efficiency,,Forest,Forest,,,NAMP243,SSD - Phoenix,Low Volume With Efficiency,Forest,NAMP243,FALSE,TRUE,FALSE,TRUE,FALSE,PREPARED_FORECAST_ONLY,OPERATIONAL_LEGACY_COMPATIBILITY,FORECAST_ONLY,v6_17_viewer_dropdown_metadata.csv + v6_17_forecast_dropdown_metadata.csv,Prepared volume/efficiency variants are preserved verbatim. No Organic/Inorganic mapping has been verified.
OPERATIONAL_ENTITY,SSD|Phoenix|LEGACY_VARIANT|Low Volume With Efficiency|Forest,SSD,SSD - Phoenix,,Phoenix,Low Volume With Efficiency,,Forest,Forest,,,NAMPRD01,SSD - Phoenix,Low Volume With Efficiency,Forest,NAMPRD01,FALSE,TRUE,FALSE,TRUE,FALSE,PREPARED_FORECAST_ONLY,OPERATIONAL_LEGACY_COMPATIBILITY,FORECAST_ONLY,v6_17_viewer_dropdown_metadata.csv + v6_17_forecast_dropdown_metadata.csv,Prepared volume/efficiency variants are preserved verbatim. No Organic/Inorganic mapping has been verified.
OPERATIONAL_ENTITY,SSD|Phoenix|LEGACY_VARIANT|Low Volume With Efficiency|Forest,SSD,SSD - Phoenix,,Phoenix,Low Volume With Efficiency,,Forest,Forest,,,NAMPRD02,SSD - Phoenix,Low Volume With Efficiency,Forest,NAMPRD02,FALSE,TRUE,FALSE,TRUE,FALSE,PREPARED_FORECAST_ONLY,OPERATIONAL_LEGACY_COMPATIBILITY,FORECAST_ONLY,v6_17_viewer_dropdown_metadata.csv + v6_17_forecast_dropdown_metadata.csv,Prepared volume/efficiency variants are preserved verbatim. No Organic/Inorganic mapping has been verified.
OPERATIONAL_ENTITY,SSD|Phoenix|LEGACY_VARIANT|Low Volume With Efficiency|Forest,SSD,SSD - Phoenix,,Phoenix,Low Volume With Efficiency,,Forest,Forest,,,NAMPRD03,SSD - Phoenix,Low Volume With Efficiency,Forest,NAMPRD03,FALSE,TRUE,FALSE,TRUE,FALSE,PREPARED_FORECAST_ONLY,OPERATIONAL_LEGACY_COMPATIBILITY,FORECAST_ONLY,v6_17_viewer_dropdown_metadata.csv + v6_17_forecast_dropdown_metadata.csv,Prepared volume/efficiency variants are preserved verbatim. No Organic/Inorganic mapping has been verified.
OPERATIONAL_ENTITY,SSD|Phoenix|LEGACY_VARIANT|Low Volume With Efficiency|Forest,SSD,SSD - Phoenix,,Phoenix,Low Volume With Efficiency,,Forest,Forest,,,NAMPRD04,SSD - Phoenix,Low Volume With Efficiency,Forest,NAMPRD04,FALSE,TRUE,FALSE,TRUE,FALSE,PREPARED_FORECAST_ONLY,OPERATIONAL_LEGACY_COMPATIBILITY,FORECAST_ONLY,v6_17_viewer_dropdown_metadata.csv + v6_17_forecast_dropdown_metadata.csv,Prepared volume/efficiency variants are preserved verbatim. No Organic/Inorganic mapping has been verified.
OPERATIONAL_ENTITY,SSD|Phoenix|LEGACY_VARIANT|Low Volume With Efficiency|Forest,SSD,SSD - Phoenix,,Phoenix,Low Volume With Efficiency,,Forest,Forest,,,NAMPRD05,SSD - Phoenix,Low Volume With Efficiency,Forest,NAMPRD05,FALSE,TRUE,FALSE,TRUE,FALSE,PREPARED_FORECAST_ONLY,OPERATIONAL_LEGACY_COMPATIBILITY,FORECAST_ONLY,v6_17_viewer_dropdown_metadata.csv + v6_17_forecast_dropdown_metadata.csv,Prepared volume/efficiency variants are preserved verbatim. No Organic/Inorganic mapping has been verified.
OPERATIONAL_ENTITY,SSD|Phoenix|LEGACY_VARIANT|Low Volume With Efficiency|Forest,SSD,SSD - Phoenix,,Phoenix,Low Volume With Efficiency,,Forest,Forest,,,NAMPRD06,SSD - Phoenix,Low Volume With Efficiency,Forest,NAMPRD06,FALSE,TRUE,FALSE,TRUE,FALSE,PREPARED_FORECAST_ONLY,OPERATIONAL_LEGACY_COMPATIBILITY,FORECAST_ONLY,v6_17_viewer_dropdown_metadata.csv + v6_17_forecast_dropdown_metadata.csv,Prepared volume/efficiency variants are preserved verbatim. No Organic/Inorganic mapping has been verified.
OPERATIONAL_ENTITY,SSD|Phoenix|LEGACY_VARIANT|Low Volume With Efficiency|Forest,SSD,SSD - Phoenix,,Phoenix,Low Volume With Efficiency,,Forest,Forest,,,NAMPRD07,SSD - Phoenix,Low Volume With Efficiency,Forest,NAMPRD07,FALSE,TRUE,FALSE,TRUE,FALSE,PREPARED_FORECAST_ONLY,OPERATIONAL_LEGACY_COMPATIBILITY,FORECAST_ONLY,v6_17_viewer_dropdown_metadata.csv + v6_17_forecast_dropdown_metadata.csv,Prepared volume/efficiency variants are preserved verbatim. No Organic/Inorganic mapping has been verified.
OPERATIONAL_ENTITY,SSD|Phoenix|LEGACY_VARIANT|Low Volume With Efficiency|Forest,SSD,SSD - Phoenix,,Phoenix,Low Volume With Efficiency,,Forest,Forest,,,NAMPRD08,SSD - Phoenix,Low Volume With Efficiency,Forest,NAMPRD08,FALSE,TRUE,FALSE,TRUE,FALSE,PREPARED_FORECAST_ONLY,OPERATIONAL_LEGACY_COMPATIBILITY,FORECAST_ONLY,v6_17_viewer_dropdown_metadata.csv + v6_17_forecast_dropdown_metadata.csv,Prepared volume/efficiency variants are preserved verbatim. No Organic/Inorganic mapping has been verified.
OPERATIONAL_ENTITY,SSD|Phoenix|LEGACY_VARIANT|Low Volume With Efficiency|Forest,SSD,SSD - Phoenix,,Phoenix,Low Volume With Efficiency,,Forest,Forest,,,NAMPRD10,SSD - Phoenix,Low Volume With Efficiency,Forest,NAMPRD10,FALSE,TRUE,FALSE,TRUE,FALSE,PREPARED_FORECAST_ONLY,OPERATIONAL_LEGACY_COMPATIBILITY,FORECAST_ONLY,v6_17_viewer_dropdown_metadata.csv + v6_17_forecast_dropdown_metadata.csv,Prepared volume/efficiency variants are preserved verbatim. No Organic/Inorganic mapping has been verified.
OPERATIONAL_ENTITY,SSD|Phoenix|LEGACY_VARIANT|Low Volume With Efficiency|Forest,SSD,SSD - Phoenix,,Phoenix,Low Volume With Efficiency,,Forest,Forest,,,NAMPRD11,SSD - Phoenix,Low Volume With Efficiency,Forest,NAMPRD11,FALSE,TRUE,FALSE,TRUE,FALSE,PREPARED_FORECAST_ONLY,OPERATIONAL_LEGACY_COMPATIBILITY,FORECAST_ONLY,v6_17_viewer_dropdown_metadata.csv + v6_17_forecast_dropdown_metadata.csv,Prepared volume/efficiency variants are preserved verbatim. No Organic/Inorganic mapping has been verified.
OPERATIONAL_ENTITY,SSD|Phoenix|LEGACY_VARIANT|Low Volume With Efficiency|Forest,SSD,SSD - Phoenix,,Phoenix,Low Volume With Efficiency,,Forest,Forest,,,NAMPRD12,SSD - Phoenix,Low Volume With Efficiency,Forest,NAMPRD12,FALSE,TRUE,FALSE,TRUE,FALSE,PREPARED_FORECAST_ONLY,OPERATIONAL_LEGACY_COMPATIBILITY,FORECAST_ONLY,v6_17_viewer_dropdown_metadata.csv + v6_17_forecast_dropdown_metadata.csv,Prepared volume/efficiency variants are preserved verbatim. No Organic/Inorganic mapping has been verified.
OPERATIONAL_ENTITY,SSD|Phoenix|LEGACY_VARIANT|Low Volume With Efficiency|Forest,SSD,SSD - Phoenix,,Phoenix,Low Volume With Efficiency,,Forest,Forest,,,NAMPRD13,SSD - Phoenix,Low Volume With Efficiency,Forest,NAMPRD13,FALSE,TRUE,FALSE,TRUE,FALSE,PREPARED_FORECAST_ONLY,OPERATIONAL_LEGACY_COMPATIBILITY,FORECAST_ONLY,v6_17_viewer_dropdown_metadata.csv + v6_17_forecast_dropdown_metadata.csv,Prepared volume/efficiency variants are preserved verbatim. No Organic/Inorganic mapping has been verified.
OPERATIONAL_ENTITY,SSD|Phoenix|LEGACY_VARIANT|Low Volume With Efficiency|Forest,SSD,SSD - Phoenix,,Phoenix,Low Volume With Efficiency,,Forest,Forest,,,NAMPRD14,SSD - Phoenix,Low Volume With Efficiency,Forest,NAMPRD14,FALSE,TRUE,FALSE,TRUE,FALSE,PREPARED_FORECAST_ONLY,OPERATIONAL_LEGACY_COMPATIBILITY,FORECAST_ONLY,v6_17_viewer_dropdown_metadata.csv + v6_17_forecast_dropdown_metadata.csv,Prepared volume/efficiency variants are preserved verbatim. No Organic/Inorganic mapping has been verified.
OPERATIONAL_ENTITY,SSD|Phoenix|LEGACY_VARIANT|Low Volume With Efficiency|Forest,SSD,SSD - Phoenix,,Phoenix,Low Volume With Efficiency,,Forest,Forest,,,NAMPRD15,SSD - Phoenix,Low Volume With Efficiency,Forest,NAMPRD15,FALSE,TRUE,FALSE,TRUE,FALSE,PREPARED_FORECAST_ONLY,OPERATIONAL_LEGACY_COMPATIBILITY,FORECAST_ONLY,v6_17_viewer_dropdown_metadata.csv + v6_17_forecast_dropdown_metadata.csv,Prepared volume/efficiency variants are preserved verbatim. No Organic/Inorganic mapping has been verified.
OPERATIONAL_ENTITY,SSD|Phoenix|LEGACY_VARIANT|Low Volume With Efficiency|Forest,SSD,SSD - Phoenix,,Phoenix,Low Volume With Efficiency,,Forest,Forest,,,NAMPRD16,SSD - Phoenix,Low Volume With Efficiency,Forest,NAMPRD16,FALSE,TRUE,FALSE,TRUE,FALSE,PREPARED_FORECAST_ONLY,OPERATIONAL_LEGACY_COMPATIBILITY,FORECAST_ONLY,v6_17_viewer_dropdown_metadata.csv + v6_17_forecast_dropdown_metadata.csv,Prepared volume/efficiency variants are preserved verbatim. No Organic/Inorganic mapping has been verified.
OPERATIONAL_ENTITY,SSD|Phoenix|LEGACY_VARIANT|Low Volume With Efficiency|Forest,SSD,SSD - Phoenix,,Phoenix,Low Volume With Efficiency,,Forest,Forest,,,NAMPRD17,SSD - Phoenix,Low Volume With Efficiency,Forest,NAMPRD17,FALSE,TRUE,FALSE,TRUE,FALSE,PREPARED_FORECAST_ONLY,OPERATIONAL_LEGACY_COMPATIBILITY,FORECAST_ONLY,v6_17_viewer_dropdown_metadata.csv + v6_17_forecast_dropdown_metadata.csv,Prepared volume/efficiency variants are preserved verbatim. No Organic/Inorganic mapping has been verified.
OPERATIONAL_ENTITY,SSD|Phoenix|LEGACY_VARIANT|Low Volume With Efficiency|Forest,SSD,SSD - Phoenix,,Phoenix,Low Volume With Efficiency,,Forest,Forest,,,NAMPRD18,SSD - Phoenix,Low Volume With Efficiency,Forest,NAMPRD18,FALSE,TRUE,FALSE,TRUE,FALSE,PREPARED_FORECAST_ONLY,OPERATIONAL_LEGACY_COMPATIBILITY,FORECAST_ONLY,v6_17_viewer_dropdown_metadata.csv + v6_17_forecast_dropdown_metadata.csv,Prepared volume/efficiency variants are preserved verbatim. No Organic/Inorganic mapping has been verified.
OPERATIONAL_ENTITY,SSD|Phoenix|LEGACY_VARIANT|Low Volume With Efficiency|Forest,SSD,SSD - Phoenix,,Phoenix,Low Volume With Efficiency,,Forest,Forest,,,NAMPRD19,SSD - Phoenix,Low Volume With Efficiency,Forest,NAMPRD19,FALSE,TRUE,FALSE,TRUE,FALSE,PREPARED_FORECAST_ONLY,OPERATIONAL_LEGACY_COMPATIBILITY,FORECAST_ONLY,v6_17_viewer_dropdown_metadata.csv + v6_17_forecast_dropdown_metadata.csv,Prepared volume/efficiency variants are preserved verbatim. No Organic/Inorganic mapping has been verified.
OPERATIONAL_ENTITY,SSD|Phoenix|LEGACY_VARIANT|Low Volume With Efficiency|Forest,SSD,SSD - Phoenix,,Phoenix,Low Volume With Efficiency,,Forest,Forest,,,NAMPRD20,SSD - Phoenix,Low Volume With Efficiency,Forest,NAMPRD20,FALSE,TRUE,FALSE,TRUE,FALSE,PREPARED_FORECAST_ONLY,OPERATIONAL_LEGACY_COMPATIBILITY,FORECAST_ONLY,v6_17_viewer_dropdown_metadata.csv + v6_17_forecast_dropdown_metadata.csv,Prepared volume/efficiency variants are preserved verbatim. No Organic/Inorganic mapping has been verified.
OPERATIONAL_ENTITY,SSD|Phoenix|LEGACY_VARIANT|Low Volume With Efficiency|Forest,SSD,SSD - Phoenix,,Phoenix,Low Volume With Efficiency,,Forest,Forest,,,NAMPRD22,SSD - Phoenix,Low Volume With Efficiency,Forest,NAMPRD22,FALSE,TRUE,FALSE,TRUE,FALSE,PREPARED_FORECAST_ONLY,OPERATIONAL_LEGACY_COMPATIBILITY,FORECAST_ONLY,v6_17_viewer_dropdown_metadata.csv + v6_17_forecast_dropdown_metadata.csv,Prepared volume/efficiency variants are preserved verbatim. No Organic/Inorganic mapping has been verified.
OPERATIONAL_ENTITY,SSD|Phoenix|LEGACY_VARIANT|Low Volume With Efficiency|Forest,SSD,SSD - Phoenix,,Phoenix,Low Volume With Efficiency,,Forest,Forest,,,NAMPRD84,SSD - Phoenix,Low Volume With Efficiency,Forest,NAMPRD84,FALSE,TRUE,FALSE,TRUE,FALSE,PREPARED_FORECAST_ONLY,OPERATIONAL_LEGACY_COMPATIBILITY,FORECAST_ONLY,v6_17_viewer_dropdown_metadata.csv + v6_17_forecast_dropdown_metadata.csv,Prepared volume/efficiency variants are preserved verbatim. No Organic/Inorganic mapping has been verified.
OPERATIONAL_ENTITY,SSD|Phoenix|LEGACY_VARIANT|Low Volume With Efficiency|Forest,SSD,SSD - Phoenix,,Phoenix,Low Volume With Efficiency,,Forest,Forest,,,NAMPRD85,SSD - Phoenix,Low Volume With Efficiency,Forest,NAMPRD85,FALSE,TRUE,FALSE,TRUE,FALSE,PREPARED_FORECAST_ONLY,OPERATIONAL_LEGACY_COMPATIBILITY,FORECAST_ONLY,v6_17_viewer_dropdown_metadata.csv + v6_17_forecast_dropdown_metadata.csv,Prepared volume/efficiency variants are preserved verbatim. No Organic/Inorganic mapping has been verified.
OPERATIONAL_ENTITY,SSD|Phoenix|LEGACY_VARIANT|Low Volume With Efficiency|Forest,SSD,SSD - Phoenix,,Phoenix,Low Volume With Efficiency,,Forest,Forest,,,NORP279,SSD - Phoenix,Low Volume With Efficiency,Forest,NORP279,FALSE,TRUE,FALSE,TRUE,FALSE,PREPARED_FORECAST_ONLY,OPERATIONAL_LEGACY_COMPATIBILITY,FORECAST_ONLY,v6_17_viewer_dropdown_metadata.csv + v6_17_forecast_dropdown_metadata.csv,Prepared volume/efficiency variants are preserved verbatim. No Organic/Inorganic mapping has been verified.
OPERATIONAL_ENTITY,SSD|Phoenix|LEGACY_VARIANT|Low Volume With Efficiency|Forest,SSD,SSD - Phoenix,,Phoenix,Low Volume With Efficiency,,Forest,Forest,,,NZLP299,SSD - Phoenix,Low Volume With Efficiency,Forest,NZLP299,FALSE,TRUE,FALSE,TRUE,FALSE,PREPARED_FORECAST_ONLY,OPERATIONAL_LEGACY_COMPATIBILITY,FORECAST_ONLY,v6_17_viewer_dropdown_metadata.csv + v6_17_forecast_dropdown_metadata.csv,Prepared volume/efficiency variants are preserved verbatim. No Organic/Inorganic mapping has been verified.
OPERATIONAL_ENTITY,SSD|Phoenix|LEGACY_VARIANT|Low Volume With Efficiency|Forest,SSD,SSD - Phoenix,,Phoenix,Low Volume With Efficiency,,Forest,Forest,,,POLP291,SSD - Phoenix,Low Volume With Efficiency,Forest,POLP291,FALSE,TRUE,FALSE,TRUE,FALSE,PREPARED_FORECAST_ONLY,OPERATIONAL_LEGACY_COMPATIBILITY,FORECAST_ONLY,v6_17_viewer_dropdown_metadata.csv + v6_17_forecast_dropdown_metadata.csv,Prepared volume/efficiency variants are preserved verbatim. No Organic/Inorganic mapping has been verified.
OPERATIONAL_ENTITY,SSD|Phoenix|LEGACY_VARIANT|Low Volume With Efficiency|Forest,SSD,SSD - Phoenix,,Phoenix,Low Volume With Efficiency,,Forest,Forest,,,PROD,SSD - Phoenix,Low Volume With Efficiency,Forest,PROD,FALSE,FALSE,FALSE,TRUE,FALSE,PREPARED_FORECAST_ONLY,OPERATIONAL_LEGACY_COMPATIBILITY,FORECAST_ONLY,v6_17_viewer_dropdown_metadata.csv + v6_17_forecast_dropdown_metadata.csv,Prepared volume/efficiency variants are preserved verbatim. No Organic/Inorganic mapping has been verified.
OPERATIONAL_ENTITY,SSD|Phoenix|LEGACY_VARIANT|Low Volume With Efficiency|Forest,SSD,SSD - Phoenix,,Phoenix,Low Volume With Efficiency,,Forest,Forest,,,QATP289,SSD - Phoenix,Low Volume With Efficiency,Forest,QATP289,FALSE,TRUE,FALSE,TRUE,FALSE,PREPARED_FORECAST_ONLY,OPERATIONAL_LEGACY_COMPATIBILITY,FORECAST_ONLY,v6_17_viewer_dropdown_metadata.csv + v6_17_forecast_dropdown_metadata.csv,Prepared volume/efficiency variants are preserved verbatim. No Organic/Inorganic mapping has been verified.
OPERATIONAL_ENTITY,SSD|Phoenix|LEGACY_VARIANT|Low Volume With Efficiency|Forest,SSD,SSD - Phoenix,,Phoenix,Low Volume With Efficiency,,Forest,Forest,,,SGPP274,SSD - Phoenix,Low Volume With Efficiency,Forest,SGPP274,FALSE,TRUE,FALSE,TRUE,FALSE,PREPARED_FORECAST_ONLY,OPERATIONAL_LEGACY_COMPATIBILITY,FORECAST_ONLY,v6_17_viewer_dropdown_metadata.csv + v6_17_forecast_dropdown_metadata.csv,Prepared volume/efficiency variants are preserved verbatim. No Organic/Inorganic mapping has been verified.
OPERATIONAL_ENTITY,SSD|Phoenix|LEGACY_VARIANT|Low Volume With Efficiency|Forest,SSD,SSD - Phoenix,,Phoenix,Low Volume With Efficiency,,Forest,Forest,,,SWEP280,SSD - Phoenix,Low Volume With Efficiency,Forest,SWEP280,FALSE,TRUE,FALSE,TRUE,FALSE,PREPARED_FORECAST_ONLY,OPERATIONAL_LEGACY_COMPATIBILITY,FORECAST_ONLY,v6_17_viewer_dropdown_metadata.csv + v6_17_forecast_dropdown_metadata.csv,Prepared volume/efficiency variants are preserved verbatim. No Organic/Inorganic mapping has been verified.
OPERATIONAL_ENTITY,SSD|Phoenix|LEGACY_VARIANT|Low Volume With Efficiency|Forest,SSD,SSD - Phoenix,,Phoenix,Low Volume With Efficiency,,Forest,Forest,,,TWNP295,SSD - Phoenix,Low Volume With Efficiency,Forest,TWNP295,FALSE,TRUE,FALSE,TRUE,FALSE,PREPARED_FORECAST_ONLY,OPERATIONAL_LEGACY_COMPATIBILITY,FORECAST_ONLY,v6_17_viewer_dropdown_metadata.csv + v6_17_forecast_dropdown_metadata.csv,Prepared volume/efficiency variants are preserved verbatim. No Organic/Inorganic mapping has been verified.
OPERATIONAL_ENTITY,SSD|Phoenix|LEGACY_VARIANT|Low Volume With Efficiency|Forest,SSD,SSD - Phoenix,,Phoenix,Low Volume With Efficiency,,Forest,Forest,,,ZAFP275,SSD - Phoenix,Low Volume With Efficiency,Forest,ZAFP275,FALSE,TRUE,FALSE,TRUE,FALSE,PREPARED_FORECAST_ONLY,OPERATIONAL_LEGACY_COMPATIBILITY,FORECAST_ONLY,v6_17_viewer_dropdown_metadata.csv + v6_17_forecast_dropdown_metadata.csv,Prepared volume/efficiency variants are preserved verbatim. No Organic/Inorganic mapping has been verified.
INFORMATIONAL_ROUTE,HDD|Inorganic,HDD,HDD,Inorganic,,,,,,,,,,,,,TRUE,TRUE,FALSE,FALSE,FALSE,TAXONOMY_ONLY,TAXONOMY_VALID_NOT_IMPLEMENTED,NOT_CURRENTLY_IMPLEMENTED,Master Catalog E0-E10 + V6.17 availability,No governed V6.17 prepared artifact exists for HDD Inorganic.
INFORMATIONAL_ROUTE,CPU,CPU,CPU,,,,,,,,,,,,,,FALSE,TRUE,FALSE,FALSE,FALSE,NO_PRODUCTIVE_V6_ARTIFACT,BACKEND_GAP,BACKEND_GAP,Master Catalog E0-E10 + V6.17 availability,Productive governed CPU forecast input is unavailable in V6.17.
INFORMATIONAL_ROUTE,IOPS,IOPS,IOPS,,,,,,,,,,,,,,FALSE,TRUE,FALSE,FALSE,FALSE,NO_PRODUCTIVE_V6_ARTIFACT,BACKEND_GAP,BACKEND_GAP,Master Catalog E0-E10 + V6.17 availability,Productive governed IOPS forecast input is unavailable in V6.17.
INFORMATIONAL_ROUTE,SSD|MCDB,SSD,SSD - MCDB,Organic,MCDB,,,,,,,,,,,,FALSE,TRUE,FALSE,FALSE,FALSE,NO_PRODUCTIVE_V6_ARTIFACT,BACKEND_GAP,BACKEND_GAP,Master Catalog E0-E10 + V6.17 availability,SSD-MCDB is a valid catalog branch but has no governed V6.17 prepared forecast.
INFORMATIONAL_ROUTE,Memory,Memory,Memory,,,,,,,,,,,,,,FALSE,TRUE,FALSE,FALSE,FALSE,NOT_ROUTABLE,BACKEND_GAP,NOT_ROUTABLE,Master Catalog E0-E10 + V6.17 availability,Memory has no routable productive forecast source.
