inventory_row_id,observed_series_id,raw_extraction_unit_id,metric,db_type,variant,scenario,segment,demand_nature,granularity,key,route_path,ui_filter_path,source_object,raw_parquet_file,raw_parquet_relative_path,date_column,actual_column,forecast_column,min_date,max_date,row_count,distinct_date_count,duplicate_row_count,parseable_actual_count,non_parseable_actual_count,freshness_status,caveat,is_observed_series,is_forecast_variant,is_duplicate_physical_variant,ui_visible_now,ui_visible_after_p5_p6_p7,notes
RAW001,OBS-SSD-APCP150,RAW-SSD-LVWE-APCP150,SSD,Phoenix,LVWE,NOT_APPLICABLE,NOT_APPLICABLE,Organic,Forest,APCP150,SSD|Phoenix|LowVolume|Forest,Metric=SSD > DBType=Phoenix > Variant=LVWE > Granularity=Forest > Key=APCP150,forecast_substrateBE_ssd_phx_lvwe_metrics,ssd_lvwe_raw.parquet,data/raw/v6_24_mvp_cohort/ssd/ssd_lvwe_raw.parquet,End_Date,Mean_Actual,Mean_Forecast,2026-04-13,2026-08-22,131,130,1,131,0,CURRENT (to 2026-08-22),AGGREGATED_WINDOW_ACTUALS (rolling window 1-7 days); Mean_Actual is varchar in source and was CAST; 1 exact-duplicate row per key on 2026-04-22; 15 governed model backtests DO NOT exist yet; must be generated in P5,TRUE,TRUE,FALSE,FALSE,TRUE,Physical unit that CARRIES the observed actual series.
RAW002,OBS-SSD-APCPRD01,RAW-SSD-LVWE-APCPRD01,SSD,Phoenix,LVWE,NOT_APPLICABLE,NOT_APPLICABLE,Organic,Forest,APCPRD01,SSD|Phoenix|LowVolume|Forest,Metric=SSD > DBType=Phoenix > Variant=LVWE > Granularity=Forest > Key=APCPRD01,forecast_substrateBE_ssd_phx_lvwe_metrics,ssd_lvwe_raw.parquet,data/raw/v6_24_mvp_cohort/ssd/ssd_lvwe_raw.parquet,End_Date,Mean_Actual,Mean_Forecast,2026-04-13,2026-08-22,131,130,1,131,0,CURRENT (to 2026-08-22),AGGREGATED_WINDOW_ACTUALS (rolling window 1-7 days); Mean_Actual is varchar in source and was CAST; 1 exact-duplicate row per key on 2026-04-22; 15 governed model backtests DO NOT exist yet; must be generated in P5,TRUE,TRUE,FALSE,FALSE,TRUE,Physical unit that CARRIES the observed actual series.
RAW003,OBS-SSD-APCPRD02,RAW-SSD-LVWE-APCPRD02,SSD,Phoenix,LVWE,NOT_APPLICABLE,NOT_APPLICABLE,Organic,Forest,APCPRD02,SSD|Phoenix|LowVolume|Forest,Metric=SSD > DBType=Phoenix > Variant=LVWE > Granularity=Forest > Key=APCPRD02,forecast_substrateBE_ssd_phx_lvwe_metrics,ssd_lvwe_raw.parquet,data/raw/v6_24_mvp_cohort/ssd/ssd_lvwe_raw.parquet,End_Date,Mean_Actual,Mean_Forecast,2026-04-13,2026-08-22,131,130,1,131,0,CURRENT (to 2026-08-22),AGGREGATED_WINDOW_ACTUALS (rolling window 1-7 days); Mean_Actual is varchar in source and was CAST; 1 exact-duplicate row per key on 2026-04-22; 15 governed model backtests DO NOT exist yet; must be generated in P5,TRUE,TRUE,FALSE,FALSE,TRUE,Physical unit that CARRIES the observed actual series.
RAW004,OBS-SSD-AREP273,RAW-SSD-LVWE-AREP273,SSD,Phoenix,LVWE,NOT_APPLICABLE,NOT_APPLICABLE,Organic,Forest,AREP273,SSD|Phoenix|LowVolume|Forest,Metric=SSD > DBType=Phoenix > Variant=LVWE > Granularity=Forest > Key=AREP273,forecast_substrateBE_ssd_phx_lvwe_metrics,ssd_lvwe_raw.parquet,data/raw/v6_24_mvp_cohort/ssd/ssd_lvwe_raw.parquet,End_Date,Mean_Actual,Mean_Forecast,2026-04-13,2026-08-22,131,130,1,131,0,CURRENT (to 2026-08-22),AGGREGATED_WINDOW_ACTUALS (rolling window 1-7 days); Mean_Actual is varchar in source and was CAST; 1 exact-duplicate row per key on 2026-04-22; 15 governed model backtests DO NOT exist yet; must be generated in P5,TRUE,TRUE,FALSE,FALSE,TRUE,Physical unit that CARRIES the observed actual series.
RAW005,OBS-SSD-AUSP282,RAW-SSD-LVWE-AUSP282,SSD,Phoenix,LVWE,NOT_APPLICABLE,NOT_APPLICABLE,Organic,Forest,AUSP282,SSD|Phoenix|LowVolume|Forest,Metric=SSD > DBType=Phoenix > Variant=LVWE > Granularity=Forest > Key=AUSP282,forecast_substrateBE_ssd_phx_lvwe_metrics,ssd_lvwe_raw.parquet,data/raw/v6_24_mvp_cohort/ssd/ssd_lvwe_raw.parquet,End_Date,Mean_Actual,Mean_Forecast,2026-04-13,2026-08-22,131,130,1,131,0,CURRENT (to 2026-08-22),AGGREGATED_WINDOW_ACTUALS (rolling window 1-7 days); Mean_Actual is varchar in source and was CAST; 1 exact-duplicate row per key on 2026-04-22; 15 governed model backtests DO NOT exist yet; must be generated in P5,TRUE,TRUE,FALSE,FALSE,TRUE,Physical unit that CARRIES the observed actual series.
RAW006,OBS-SSD-AUSP300,RAW-SSD-LVWE-AUSP300,SSD,Phoenix,LVWE,NOT_APPLICABLE,NOT_APPLICABLE,Organic,Forest,AUSP300,SSD|Phoenix|LowVolume|Forest,Metric=SSD > DBType=Phoenix > Variant=LVWE > Granularity=Forest > Key=AUSP300,forecast_substrateBE_ssd_phx_lvwe_metrics,ssd_lvwe_raw.parquet,data/raw/v6_24_mvp_cohort/ssd/ssd_lvwe_raw.parquet,End_Date,Mean_Actual,Mean_Forecast,2026-04-13,2026-08-22,131,130,1,131,0,CURRENT (to 2026-08-22),AGGREGATED_WINDOW_ACTUALS (rolling window 1-7 days); Mean_Actual is varchar in source and was CAST; 1 exact-duplicate row per key on 2026-04-22; 15 governed model backtests DO NOT exist yet; must be generated in P5,TRUE,TRUE,FALSE,FALSE,TRUE,Physical unit that CARRIES the observed actual series.
RAW007,OBS-SSD-AUSPRD01,RAW-SSD-LVWE-AUSPRD01,SSD,Phoenix,LVWE,NOT_APPLICABLE,NOT_APPLICABLE,Organic,Forest,AUSPRD01,SSD|Phoenix|LowVolume|Forest,Metric=SSD > DBType=Phoenix > Variant=LVWE > Granularity=Forest > Key=AUSPRD01,forecast_substrateBE_ssd_phx_lvwe_metrics,ssd_lvwe_raw.parquet,data/raw/v6_24_mvp_cohort/ssd/ssd_lvwe_raw.parquet,End_Date,Mean_Actual,Mean_Forecast,2026-04-13,2026-08-22,131,130,1,131,0,CURRENT (to 2026-08-22),AGGREGATED_WINDOW_ACTUALS (rolling window 1-7 days); Mean_Actual is varchar in source and was CAST; 1 exact-duplicate row per key on 2026-04-22; 15 governed model backtests DO NOT exist yet; must be generated in P5,TRUE,TRUE,FALSE,FALSE,TRUE,Physical unit that CARRIES the observed actual series.
RAW008,OBS-SSD-AUTP296,RAW-SSD-LVWE-AUTP296,SSD,Phoenix,LVWE,NOT_APPLICABLE,NOT_APPLICABLE,Organic,Forest,AUTP296,SSD|Phoenix|LowVolume|Forest,Metric=SSD > DBType=Phoenix > Variant=LVWE > Granularity=Forest > Key=AUTP296,forecast_substrateBE_ssd_phx_lvwe_metrics,ssd_lvwe_raw.parquet,data/raw/v6_24_mvp_cohort/ssd/ssd_lvwe_raw.parquet,End_Date,Mean_Actual,Mean_Forecast,2026-04-13,2026-08-22,131,130,1,131,0,CURRENT (to 2026-08-22),AGGREGATED_WINDOW_ACTUALS (rolling window 1-7 days); Mean_Actual is varchar in source and was CAST; 1 exact-duplicate row per key on 2026-04-22; 15 governed model backtests DO NOT exist yet; must be generated in P5,TRUE,TRUE,FALSE,FALSE,TRUE,Physical unit that CARRIES the observed actual series.
RAW009,OBS-SSD-BRAP284,RAW-SSD-LVWE-BRAP284,SSD,Phoenix,LVWE,NOT_APPLICABLE,NOT_APPLICABLE,Organic,Forest,BRAP284,SSD|Phoenix|LowVolume|Forest,Metric=SSD > DBType=Phoenix > Variant=LVWE > Granularity=Forest > Key=BRAP284,forecast_substrateBE_ssd_phx_lvwe_metrics,ssd_lvwe_raw.parquet,data/raw/v6_24_mvp_cohort/ssd/ssd_lvwe_raw.parquet,End_Date,Mean_Actual,Mean_Forecast,2026-04-13,2026-08-22,131,130,1,131,0,CURRENT (to 2026-08-22),AGGREGATED_WINDOW_ACTUALS (rolling window 1-7 days); Mean_Actual is varchar in source and was CAST; 1 exact-duplicate row per key on 2026-04-22; 15 governed model backtests DO NOT exist yet; must be generated in P5,TRUE,TRUE,FALSE,FALSE,TRUE,Physical unit that CARRIES the observed actual series.
RAW010,OBS-SSD-CANP288,RAW-SSD-LVWE-CANP288,SSD,Phoenix,LVWE,NOT_APPLICABLE,NOT_APPLICABLE,Organic,Forest,CANP288,SSD|Phoenix|LowVolume|Forest,Metric=SSD > DBType=Phoenix > Variant=LVWE > Granularity=Forest > Key=CANP288,forecast_substrateBE_ssd_phx_lvwe_metrics,ssd_lvwe_raw.parquet,data/raw/v6_24_mvp_cohort/ssd/ssd_lvwe_raw.parquet,End_Date,Mean_Actual,Mean_Forecast,2026-04-13,2026-08-22,131,130,1,131,0,CURRENT (to 2026-08-22),AGGREGATED_WINDOW_ACTUALS (rolling window 1-7 days); Mean_Actual is varchar in source and was CAST; 1 exact-duplicate row per key on 2026-04-22; 15 governed model backtests DO NOT exist yet; must be generated in P5,TRUE,TRUE,FALSE,FALSE,TRUE,Physical unit that CARRIES the observed actual series.
RAW011,OBS-SSD-CANPRD01,RAW-SSD-LVWE-CANPRD01,SSD,Phoenix,LVWE,NOT_APPLICABLE,NOT_APPLICABLE,Organic,Forest,CANPRD01,SSD|Phoenix|LowVolume|Forest,Metric=SSD > DBType=Phoenix > Variant=LVWE > Granularity=Forest > Key=CANPRD01,forecast_substrateBE_ssd_phx_lvwe_metrics,ssd_lvwe_raw.parquet,data/raw/v6_24_mvp_cohort/ssd/ssd_lvwe_raw.parquet,End_Date,Mean_Actual,Mean_Forecast,2026-04-13,2026-08-22,131,130,1,131,0,CURRENT (to 2026-08-22),AGGREGATED_WINDOW_ACTUALS (rolling window 1-7 days); Mean_Actual is varchar in source and was CAST; 1 exact-duplicate row per key on 2026-04-22; 15 governed model backtests DO NOT exist yet; must be generated in P5,TRUE,TRUE,FALSE,FALSE,TRUE,Physical unit that CARRIES the observed actual series.
RAW012,OBS-SSD-CHEP278,RAW-SSD-LVWE-CHEP278,SSD,Phoenix,LVWE,NOT_APPLICABLE,NOT_APPLICABLE,Organic,Forest,CHEP278,SSD|Phoenix|LowVolume|Forest,Metric=SSD > DBType=Phoenix > Variant=LVWE > Granularity=Forest > Key=CHEP278,forecast_substrateBE_ssd_phx_lvwe_metrics,ssd_lvwe_raw.parquet,data/raw/v6_24_mvp_cohort/ssd/ssd_lvwe_raw.parquet,End_Date,Mean_Actual,Mean_Forecast,2026-04-13,2026-08-22,131,130,1,131,0,CURRENT (to 2026-08-22),AGGREGATED_WINDOW_ACTUALS (rolling window 1-7 days); Mean_Actual is varchar in source and was CAST; 1 exact-duplicate row per key on 2026-04-22; 15 governed model backtests DO NOT exist yet; must be generated in P5,TRUE,TRUE,FALSE,FALSE,TRUE,Physical unit that CARRIES the observed actual series.
RAW013,OBS-SSD-CHLP298,RAW-SSD-LVWE-CHLP298,SSD,Phoenix,LVWE,NOT_APPLICABLE,NOT_APPLICABLE,Organic,Forest,CHLP298,SSD|Phoenix|LowVolume|Forest,Metric=SSD > DBType=Phoenix > Variant=LVWE > Granularity=Forest > Key=CHLP298,forecast_substrateBE_ssd_phx_lvwe_metrics,ssd_lvwe_raw.parquet,data/raw/v6_24_mvp_cohort/ssd/ssd_lvwe_raw.parquet,End_Date,Mean_Actual,Mean_Forecast,2026-04-13,2026-08-22,131,130,1,131,0,CURRENT (to 2026-08-22),AGGREGATED_WINDOW_ACTUALS (rolling window 1-7 days); Mean_Actual is varchar in source and was CAST; 1 exact-duplicate row per key on 2026-04-22; 15 governed model backtests DO NOT exist yet; must be generated in P5,TRUE,TRUE,FALSE,FALSE,TRUE,Physical unit that CARRIES the observed actual series.
RAW014,OBS-SSD-DEUP281,RAW-SSD-LVWE-DEUP281,SSD,Phoenix,LVWE,NOT_APPLICABLE,NOT_APPLICABLE,Organic,Forest,DEUP281,SSD|Phoenix|LowVolume|Forest,Metric=SSD > DBType=Phoenix > Variant=LVWE > Granularity=Forest > Key=DEUP281,forecast_substrateBE_ssd_phx_lvwe_metrics,ssd_lvwe_raw.parquet,data/raw/v6_24_mvp_cohort/ssd/ssd_lvwe_raw.parquet,End_Date,Mean_Actual,Mean_Forecast,2026-04-13,2026-08-22,131,130,1,131,0,CURRENT (to 2026-08-22),AGGREGATED_WINDOW_ACTUALS (rolling window 1-7 days); Mean_Actual is varchar in source and was CAST; 1 exact-duplicate row per key on 2026-04-22; 15 governed model backtests DO NOT exist yet; must be generated in P5,TRUE,TRUE,FALSE,FALSE,TRUE,Physical unit that CARRIES the observed actual series.
RAW015,OBS-SSD-DNKP307,RAW-SSD-LVWE-DNKP307,SSD,Phoenix,LVWE,NOT_APPLICABLE,NOT_APPLICABLE,Organic,Forest,DNKP307,SSD|Phoenix|LowVolume|Forest,Metric=SSD > DBType=Phoenix > Variant=LVWE > Granularity=Forest > Key=DNKP307,forecast_substrateBE_ssd_phx_lvwe_metrics,ssd_lvwe_raw.parquet,data/raw/v6_24_mvp_cohort/ssd/ssd_lvwe_raw.parquet,End_Date,Mean_Actual,Mean_Forecast,2026-04-13,2026-08-22,131,130,1,131,0,CURRENT (to 2026-08-22),AGGREGATED_WINDOW_ACTUALS (rolling window 1-7 days); Mean_Actual is varchar in source and was CAST; 1 exact-duplicate row per key on 2026-04-22; 15 governed model backtests DO NOT exist yet; must be generated in P5,TRUE,TRUE,FALSE,FALSE,TRUE,Physical unit that CARRIES the observed actual series.
RAW016,OBS-SSD-ESPP292,RAW-SSD-LVWE-ESPP292,SSD,Phoenix,LVWE,NOT_APPLICABLE,NOT_APPLICABLE,Organic,Forest,ESPP292,SSD|Phoenix|LowVolume|Forest,Metric=SSD > DBType=Phoenix > Variant=LVWE > Granularity=Forest > Key=ESPP292,forecast_substrateBE_ssd_phx_lvwe_metrics,ssd_lvwe_raw.parquet,data/raw/v6_24_mvp_cohort/ssd/ssd_lvwe_raw.parquet,End_Date,Mean_Actual,Mean_Forecast,2026-04-13,2026-08-22,131,130,1,131,0,CURRENT (to 2026-08-22),AGGREGATED_WINDOW_ACTUALS (rolling window 1-7 days); Mean_Actual is varchar in source and was CAST; 1 exact-duplicate row per key on 2026-04-22; 15 governed model backtests DO NOT exist yet; must be generated in P5,TRUE,TRUE,FALSE,FALSE,TRUE,Physical unit that CARRIES the observed actual series.
RAW017,OBS-SSD-EURP107,RAW-SSD-LVWE-EURP107,SSD,Phoenix,LVWE,NOT_APPLICABLE,NOT_APPLICABLE,Organic,Forest,EURP107,SSD|Phoenix|LowVolume|Forest,Metric=SSD > DBType=Phoenix > Variant=LVWE > Granularity=Forest > Key=EURP107,forecast_substrateBE_ssd_phx_lvwe_metrics,ssd_lvwe_raw.parquet,data/raw/v6_24_mvp_cohort/ssd/ssd_lvwe_raw.parquet,End_Date,Mean_Actual,Mean_Forecast,2026-04-13,2026-08-22,131,130,1,131,0,CURRENT (to 2026-08-22),AGGREGATED_WINDOW_ACTUALS (rolling window 1-7 days); Mean_Actual is varchar in source and was CAST; 1 exact-duplicate row per key on 2026-04-22; 15 governed model backtests DO NOT exist yet; must be generated in P5,TRUE,TRUE,FALSE,FALSE,TRUE,Physical unit that CARRIES the observed actual series.
RAW018,OBS-SSD-EURP119,RAW-SSD-LVWE-EURP119,SSD,Phoenix,LVWE,NOT_APPLICABLE,NOT_APPLICABLE,Organic,Forest,EURP119,SSD|Phoenix|LowVolume|Forest,Metric=SSD > DBType=Phoenix > Variant=LVWE > Granularity=Forest > Key=EURP119,forecast_substrateBE_ssd_phx_lvwe_metrics,ssd_lvwe_raw.parquet,data/raw/v6_24_mvp_cohort/ssd/ssd_lvwe_raw.parquet,End_Date,Mean_Actual,Mean_Forecast,2026-04-13,2026-08-22,131,130,1,131,0,CURRENT (to 2026-08-22),AGGREGATED_WINDOW_ACTUALS (rolling window 1-7 days); Mean_Actual is varchar in source and was CAST; 1 exact-duplicate row per key on 2026-04-22; 15 governed model backtests DO NOT exist yet; must be generated in P5,TRUE,TRUE,FALSE,FALSE,TRUE,Physical unit that CARRIES the observed actual series.
RAW019,OBS-SSD-EURP120,RAW-SSD-LVWE-EURP120,SSD,Phoenix,LVWE,NOT_APPLICABLE,NOT_APPLICABLE,Organic,Forest,EURP120,SSD|Phoenix|LowVolume|Forest,Metric=SSD > DBType=Phoenix > Variant=LVWE > Granularity=Forest > Key=EURP120,forecast_substrateBE_ssd_phx_lvwe_metrics,ssd_lvwe_raw.parquet,data/raw/v6_24_mvp_cohort/ssd/ssd_lvwe_raw.parquet,End_Date,Mean_Actual,Mean_Forecast,2026-04-13,2026-08-22,131,130,1,131,0,CURRENT (to 2026-08-22),AGGREGATED_WINDOW_ACTUALS (rolling window 1-7 days); Mean_Actual is varchar in source and was CAST; 1 exact-duplicate row per key on 2026-04-22; 15 governed model backtests DO NOT exist yet; must be generated in P5,TRUE,TRUE,FALSE,FALSE,TRUE,Physical unit that CARRIES the observed actual series.
RAW020,OBS-SSD-FRAP264,RAW-SSD-LVWE-FRAP264,SSD,Phoenix,LVWE,NOT_APPLICABLE,NOT_APPLICABLE,Organic,Forest,FRAP264,SSD|Phoenix|LowVolume|Forest,Metric=SSD > DBType=Phoenix > Variant=LVWE > Granularity=Forest > Key=FRAP264,forecast_substrateBE_ssd_phx_lvwe_metrics,ssd_lvwe_raw.parquet,data/raw/v6_24_mvp_cohort/ssd/ssd_lvwe_raw.parquet,End_Date,Mean_Actual,Mean_Forecast,2026-04-13,2026-08-22,131,130,1,131,0,CURRENT (to 2026-08-22),AGGREGATED_WINDOW_ACTUALS (rolling window 1-7 days); Mean_Actual is varchar in source and was CAST; 1 exact-duplicate row per key on 2026-04-22; 15 governed model backtests DO NOT exist yet; must be generated in P5,TRUE,TRUE,FALSE,FALSE,TRUE,Physical unit that CARRIES the observed actual series.
RAW021,OBS-SSD-GBRP123,RAW-SSD-LVWE-GBRP123,SSD,Phoenix,LVWE,NOT_APPLICABLE,NOT_APPLICABLE,Organic,Forest,GBRP123,SSD|Phoenix|LowVolume|Forest,Metric=SSD > DBType=Phoenix > Variant=LVWE > Granularity=Forest > Key=GBRP123,forecast_substrateBE_ssd_phx_lvwe_metrics,ssd_lvwe_raw.parquet,data/raw/v6_24_mvp_cohort/ssd/ssd_lvwe_raw.parquet,End_Date,Mean_Actual,Mean_Forecast,2026-04-13,2026-08-22,131,130,1,131,0,CURRENT (to 2026-08-22),AGGREGATED_WINDOW_ACTUALS (rolling window 1-7 days); Mean_Actual is varchar in source and was CAST; 1 exact-duplicate row per key on 2026-04-22; 15 governed model backtests DO NOT exist yet; must be generated in P5,TRUE,TRUE,FALSE,FALSE,TRUE,Physical unit that CARRIES the observed actual series.
RAW022,OBS-SSD-GBRP265,RAW-SSD-LVWE-GBRP265,SSD,Phoenix,LVWE,NOT_APPLICABLE,NOT_APPLICABLE,Organic,Forest,GBRP265,SSD|Phoenix|LowVolume|Forest,Metric=SSD > DBType=Phoenix > Variant=LVWE > Granularity=Forest > Key=GBRP265,forecast_substrateBE_ssd_phx_lvwe_metrics,ssd_lvwe_raw.parquet,data/raw/v6_24_mvp_cohort/ssd/ssd_lvwe_raw.parquet,End_Date,Mean_Actual,Mean_Forecast,2026-04-13,2026-08-22,131,130,1,131,0,CURRENT (to 2026-08-22),AGGREGATED_WINDOW_ACTUALS (rolling window 1-7 days); Mean_Actual is varchar in source and was CAST; 1 exact-duplicate row per key on 2026-04-22; 15 governed model backtests DO NOT exist yet; must be generated in P5,TRUE,TRUE,FALSE,FALSE,TRUE,Physical unit that CARRIES the observed actual series.
RAW023,OBS-SSD-GBRP267,RAW-SSD-LVWE-GBRP267,SSD,Phoenix,LVWE,NOT_APPLICABLE,NOT_APPLICABLE,Organic,Forest,GBRP267,SSD|Phoenix|LowVolume|Forest,Metric=SSD > DBType=Phoenix > Variant=LVWE > Granularity=Forest > Key=GBRP267,forecast_substrateBE_ssd_phx_lvwe_metrics,ssd_lvwe_raw.parquet,data/raw/v6_24_mvp_cohort/ssd/ssd_lvwe_raw.parquet,End_Date,Mean_Actual,Mean_Forecast,2026-04-13,2026-08-22,131,130,1,131,0,CURRENT (to 2026-08-22),AGGREGATED_WINDOW_ACTUALS (rolling window 1-7 days); Mean_Actual is varchar in source and was CAST; 1 exact-duplicate row per key on 2026-04-22; 15 governed model backtests DO NOT exist yet; must be generated in P5,TRUE,TRUE,FALSE,FALSE,TRUE,Physical unit that CARRIES the observed actual series.
RAW024,OBS-SSD-IDNP305,RAW-SSD-LVWE-IDNP305,SSD,Phoenix,LVWE,NOT_APPLICABLE,NOT_APPLICABLE,Organic,Forest,IDNP305,SSD|Phoenix|LowVolume|Forest,Metric=SSD > DBType=Phoenix > Variant=LVWE > Granularity=Forest > Key=IDNP305,forecast_substrateBE_ssd_phx_lvwe_metrics,ssd_lvwe_raw.parquet,data/raw/v6_24_mvp_cohort/ssd/ssd_lvwe_raw.parquet,End_Date,Mean_Actual,Mean_Forecast,2026-04-13,2026-08-22,131,130,1,131,0,CURRENT (to 2026-08-22),AGGREGATED_WINDOW_ACTUALS (rolling window 1-7 days); Mean_Actual is varchar in source and was CAST; 1 exact-duplicate row per key on 2026-04-22; 15 governed model backtests DO NOT exist yet; must be generated in P5,TRUE,TRUE,FALSE,FALSE,TRUE,Physical unit that CARRIES the observed actual series.
RAW025,OBS-SSD-INDP287,RAW-SSD-LVWE-INDP287,SSD,Phoenix,LVWE,NOT_APPLICABLE,NOT_APPLICABLE,Organic,Forest,INDP287,SSD|Phoenix|LowVolume|Forest,Metric=SSD > DBType=Phoenix > Variant=LVWE > Granularity=Forest > Key=INDP287,forecast_substrateBE_ssd_phx_lvwe_metrics,ssd_lvwe_raw.parquet,data/raw/v6_24_mvp_cohort/ssd/ssd_lvwe_raw.parquet,End_Date,Mean_Actual,Mean_Forecast,2026-04-13,2026-08-22,131,130,1,131,0,CURRENT (to 2026-08-22),AGGREGATED_WINDOW_ACTUALS (rolling window 1-7 days); Mean_Actual is varchar in source and was CAST; 1 exact-duplicate row per key on 2026-04-22; 15 governed model backtests DO NOT exist yet; must be generated in P5,TRUE,TRUE,FALSE,FALSE,TRUE,Physical unit that CARRIES the observed actual series.
RAW026,OBS-SSD-INDPRD01,RAW-SSD-LVWE-INDPRD01,SSD,Phoenix,LVWE,NOT_APPLICABLE,NOT_APPLICABLE,Organic,Forest,INDPRD01,SSD|Phoenix|LowVolume|Forest,Metric=SSD > DBType=Phoenix > Variant=LVWE > Granularity=Forest > Key=INDPRD01,forecast_substrateBE_ssd_phx_lvwe_metrics,ssd_lvwe_raw.parquet,data/raw/v6_24_mvp_cohort/ssd/ssd_lvwe_raw.parquet,End_Date,Mean_Actual,Mean_Forecast,2026-04-13,2026-08-22,131,130,1,131,0,CURRENT (to 2026-08-22),AGGREGATED_WINDOW_ACTUALS (rolling window 1-7 days); Mean_Actual is varchar in source and was CAST; 1 exact-duplicate row per key on 2026-04-22; 15 governed model backtests DO NOT exist yet; must be generated in P5,TRUE,TRUE,FALSE,FALSE,TRUE,Physical unit that CARRIES the observed actual series.
RAW027,OBS-SSD-ISRP290,RAW-SSD-LVWE-ISRP290,SSD,Phoenix,LVWE,NOT_APPLICABLE,NOT_APPLICABLE,Organic,Forest,ISRP290,SSD|Phoenix|LowVolume|Forest,Metric=SSD > DBType=Phoenix > Variant=LVWE > Granularity=Forest > Key=ISRP290,forecast_substrateBE_ssd_phx_lvwe_metrics,ssd_lvwe_raw.parquet,data/raw/v6_24_mvp_cohort/ssd/ssd_lvwe_raw.parquet,End_Date,Mean_Actual,Mean_Forecast,2026-04-13,2026-08-22,131,130,1,131,0,CURRENT (to 2026-08-22),AGGREGATED_WINDOW_ACTUALS (rolling window 1-7 days); Mean_Actual is varchar in source and was CAST; 1 exact-duplicate row per key on 2026-04-22; 15 governed model backtests DO NOT exist yet; must be generated in P5,TRUE,TRUE,FALSE,FALSE,TRUE,Physical unit that CARRIES the observed actual series.
RAW028,OBS-SSD-ITAP293,RAW-SSD-LVWE-ITAP293,SSD,Phoenix,LVWE,NOT_APPLICABLE,NOT_APPLICABLE,Organic,Forest,ITAP293,SSD|Phoenix|LowVolume|Forest,Metric=SSD > DBType=Phoenix > Variant=LVWE > Granularity=Forest > Key=ITAP293,forecast_substrateBE_ssd_phx_lvwe_metrics,ssd_lvwe_raw.parquet,data/raw/v6_24_mvp_cohort/ssd/ssd_lvwe_raw.parquet,End_Date,Mean_Actual,Mean_Forecast,2026-04-13,2026-08-22,131,130,1,131,0,CURRENT (to 2026-08-22),AGGREGATED_WINDOW_ACTUALS (rolling window 1-7 days); Mean_Actual is varchar in source and was CAST; 1 exact-duplicate row per key on 2026-04-22; 15 governed model backtests DO NOT exist yet; must be generated in P5,TRUE,TRUE,FALSE,FALSE,TRUE,Physical unit that CARRIES the observed actual series.
RAW029,OBS-SSD-JPNP286,RAW-SSD-LVWE-JPNP286,SSD,Phoenix,LVWE,NOT_APPLICABLE,NOT_APPLICABLE,Organic,Forest,JPNP286,SSD|Phoenix|LowVolume|Forest,Metric=SSD > DBType=Phoenix > Variant=LVWE > Granularity=Forest > Key=JPNP286,forecast_substrateBE_ssd_phx_lvwe_metrics,ssd_lvwe_raw.parquet,data/raw/v6_24_mvp_cohort/ssd/ssd_lvwe_raw.parquet,End_Date,Mean_Actual,Mean_Forecast,2026-04-13,2026-08-22,131,130,1,131,0,CURRENT (to 2026-08-22),AGGREGATED_WINDOW_ACTUALS (rolling window 1-7 days); Mean_Actual is varchar in source and was CAST; 1 exact-duplicate row per key on 2026-04-22; 15 governed model backtests DO NOT exist yet; must be generated in P5,TRUE,TRUE,FALSE,FALSE,TRUE,Physical unit that CARRIES the observed actual series.
RAW030,OBS-SSD-JPNP301,RAW-SSD-LVWE-JPNP301,SSD,Phoenix,LVWE,NOT_APPLICABLE,NOT_APPLICABLE,Organic,Forest,JPNP301,SSD|Phoenix|LowVolume|Forest,Metric=SSD > DBType=Phoenix > Variant=LVWE > Granularity=Forest > Key=JPNP301,forecast_substrateBE_ssd_phx_lvwe_metrics,ssd_lvwe_raw.parquet,data/raw/v6_24_mvp_cohort/ssd/ssd_lvwe_raw.parquet,End_Date,Mean_Actual,Mean_Forecast,2026-04-13,2026-08-22,131,130,1,131,0,CURRENT (to 2026-08-22),AGGREGATED_WINDOW_ACTUALS (rolling window 1-7 days); Mean_Actual is varchar in source and was CAST; 1 exact-duplicate row per key on 2026-04-22; 15 governed model backtests DO NOT exist yet; must be generated in P5,TRUE,TRUE,FALSE,FALSE,TRUE,Physical unit that CARRIES the observed actual series.
RAW031,OBS-SSD-JPNPRD01,RAW-SSD-LVWE-JPNPRD01,SSD,Phoenix,LVWE,NOT_APPLICABLE,NOT_APPLICABLE,Organic,Forest,JPNPRD01,SSD|Phoenix|LowVolume|Forest,Metric=SSD > DBType=Phoenix > Variant=LVWE > Granularity=Forest > Key=JPNPRD01,forecast_substrateBE_ssd_phx_lvwe_metrics,ssd_lvwe_raw.parquet,data/raw/v6_24_mvp_cohort/ssd/ssd_lvwe_raw.parquet,End_Date,Mean_Actual,Mean_Forecast,2026-04-13,2026-08-22,131,130,1,131,0,CURRENT (to 2026-08-22),AGGREGATED_WINDOW_ACTUALS (rolling window 1-7 days); Mean_Actual is varchar in source and was CAST; 1 exact-duplicate row per key on 2026-04-22; 15 governed model backtests DO NOT exist yet; must be generated in P5,TRUE,TRUE,FALSE,FALSE,TRUE,Physical unit that CARRIES the observed actual series.
RAW032,OBS-SSD-KORP216,RAW-SSD-LVWE-KORP216,SSD,Phoenix,LVWE,NOT_APPLICABLE,NOT_APPLICABLE,Organic,Forest,KORP216,SSD|Phoenix|LowVolume|Forest,Metric=SSD > DBType=Phoenix > Variant=LVWE > Granularity=Forest > Key=KORP216,forecast_substrateBE_ssd_phx_lvwe_metrics,ssd_lvwe_raw.parquet,data/raw/v6_24_mvp_cohort/ssd/ssd_lvwe_raw.parquet,End_Date,Mean_Actual,Mean_Forecast,2026-04-13,2026-08-22,131,130,1,131,0,CURRENT (to 2026-08-22),AGGREGATED_WINDOW_ACTUALS (rolling window 1-7 days); Mean_Actual is varchar in source and was CAST; 1 exact-duplicate row per key on 2026-04-22; 15 governed model backtests DO NOT exist yet; must be generated in P5,TRUE,TRUE,FALSE,FALSE,TRUE,Physical unit that CARRIES the observed actual series.
RAW033,OBS-SSD-LAMP152,RAW-SSD-LVWE-LAMP152,SSD,Phoenix,LVWE,NOT_APPLICABLE,NOT_APPLICABLE,Organic,Forest,LAMP152,SSD|Phoenix|LowVolume|Forest,Metric=SSD > DBType=Phoenix > Variant=LVWE > Granularity=Forest > Key=LAMP152,forecast_substrateBE_ssd_phx_lvwe_metrics,ssd_lvwe_raw.parquet,data/raw/v6_24_mvp_cohort/ssd/ssd_lvwe_raw.parquet,End_Date,Mean_Actual,Mean_Forecast,2026-04-13,2026-08-22,131,130,1,131,0,CURRENT (to 2026-08-22),AGGREGATED_WINDOW_ACTUALS (rolling window 1-7 days); Mean_Actual is varchar in source and was CAST; 1 exact-duplicate row per key on 2026-04-22; 15 governed model backtests DO NOT exist yet; must be generated in P5,TRUE,TRUE,FALSE,FALSE,TRUE,Physical unit that CARRIES the observed actual series.
RAW034,OBS-SSD-LAMP215,RAW-SSD-LVWE-LAMP215,SSD,Phoenix,LVWE,NOT_APPLICABLE,NOT_APPLICABLE,Organic,Forest,LAMP215,SSD|Phoenix|LowVolume|Forest,Metric=SSD > DBType=Phoenix > Variant=LVWE > Granularity=Forest > Key=LAMP215,forecast_substrateBE_ssd_phx_lvwe_metrics,ssd_lvwe_raw.parquet,data/raw/v6_24_mvp_cohort/ssd/ssd_lvwe_raw.parquet,End_Date,Mean_Actual,Mean_Forecast,2026-04-13,2026-08-22,131,130,1,131,0,CURRENT (to 2026-08-22),AGGREGATED_WINDOW_ACTUALS (rolling window 1-7 days); Mean_Actual is varchar in source and was CAST; 1 exact-duplicate row per key on 2026-04-22; 15 governed model backtests DO NOT exist yet; must be generated in P5,TRUE,TRUE,FALSE,FALSE,TRUE,Physical unit that CARRIES the observed actual series.
RAW035,OBS-SSD-LAMPRD80,RAW-SSD-LVWE-LAMPRD80,SSD,Phoenix,LVWE,NOT_APPLICABLE,NOT_APPLICABLE,Organic,Forest,LAMPRD80,SSD|Phoenix|LowVolume|Forest,Metric=SSD > DBType=Phoenix > Variant=LVWE > Granularity=Forest > Key=LAMPRD80,forecast_substrateBE_ssd_phx_lvwe_metrics,ssd_lvwe_raw.parquet,data/raw/v6_24_mvp_cohort/ssd/ssd_lvwe_raw.parquet,End_Date,Mean_Actual,Mean_Forecast,2026-04-13,2026-08-22,131,130,1,131,0,CURRENT (to 2026-08-22),AGGREGATED_WINDOW_ACTUALS (rolling window 1-7 days); Mean_Actual is varchar in source and was CAST; 1 exact-duplicate row per key on 2026-04-22; 15 governed model backtests DO NOT exist yet; must be generated in P5,TRUE,TRUE,FALSE,FALSE,TRUE,Physical unit that CARRIES the observed actual series.
RAW036,OBS-SSD-MEXP297,RAW-SSD-LVWE-MEXP297,SSD,Phoenix,LVWE,NOT_APPLICABLE,NOT_APPLICABLE,Organic,Forest,MEXP297,SSD|Phoenix|LowVolume|Forest,Metric=SSD > DBType=Phoenix > Variant=LVWE > Granularity=Forest > Key=MEXP297,forecast_substrateBE_ssd_phx_lvwe_metrics,ssd_lvwe_raw.parquet,data/raw/v6_24_mvp_cohort/ssd/ssd_lvwe_raw.parquet,End_Date,Mean_Actual,Mean_Forecast,2026-04-13,2026-08-22,131,130,1,131,0,CURRENT (to 2026-08-22),AGGREGATED_WINDOW_ACTUALS (rolling window 1-7 days); Mean_Actual is varchar in source and was CAST; 1 exact-duplicate row per key on 2026-04-22; 15 governed model backtests DO NOT exist yet; must be generated in P5,TRUE,TRUE,FALSE,FALSE,TRUE,Physical unit that CARRIES the observed actual series.
RAW037,OBS-SSD-MYSP306,RAW-SSD-LVWE-MYSP306,SSD,Phoenix,LVWE,NOT_APPLICABLE,NOT_APPLICABLE,Organic,Forest,MYSP306,SSD|Phoenix|LowVolume|Forest,Metric=SSD > DBType=Phoenix > Variant=LVWE > Granularity=Forest > Key=MYSP306,forecast_substrateBE_ssd_phx_lvwe_metrics,ssd_lvwe_raw.parquet,data/raw/v6_24_mvp_cohort/ssd/ssd_lvwe_raw.parquet,End_Date,Mean_Actual,Mean_Forecast,2026-04-13,2026-08-22,131,130,1,131,0,CURRENT (to 2026-08-22),AGGREGATED_WINDOW_ACTUALS (rolling window 1-7 days); Mean_Actual is varchar in source and was CAST; 1 exact-duplicate row per key on 2026-04-22; 15 governed model backtests DO NOT exist yet; must be generated in P5,TRUE,TRUE,FALSE,FALSE,TRUE,Physical unit that CARRIES the observed actual series.
RAW038,OBS-SSD-NAMP100,RAW-SSD-LVWE-NAMP100,SSD,Phoenix,LVWE,NOT_APPLICABLE,NOT_APPLICABLE,Organic,Forest,NAMP100,SSD|Phoenix|LowVolume|Forest,Metric=SSD > DBType=Phoenix > Variant=LVWE > Granularity=Forest > Key=NAMP100,forecast_substrateBE_ssd_phx_lvwe_metrics,ssd_lvwe_raw.parquet,data/raw/v6_24_mvp_cohort/ssd/ssd_lvwe_raw.parquet,End_Date,Mean_Actual,Mean_Forecast,2026-04-13,2026-08-22,131,130,1,131,0,CURRENT (to 2026-08-22),AGGREGATED_WINDOW_ACTUALS (rolling window 1-7 days); Mean_Actual is varchar in source and was CAST; 1 exact-duplicate row per key on 2026-04-22; 15 governed model backtests DO NOT exist yet; must be generated in P5,TRUE,TRUE,FALSE,FALSE,TRUE,Physical unit that CARRIES the observed actual series.
RAW039,OBS-SSD-NAMP101,RAW-SSD-LVWE-NAMP101,SSD,Phoenix,LVWE,NOT_APPLICABLE,NOT_APPLICABLE,Organic,Forest,NAMP101,SSD|Phoenix|LowVolume|Forest,Metric=SSD > DBType=Phoenix > Variant=LVWE > Granularity=Forest > Key=NAMP101,forecast_substrateBE_ssd_phx_lvwe_metrics,ssd_lvwe_raw.parquet,data/raw/v6_24_mvp_cohort/ssd/ssd_lvwe_raw.parquet,End_Date,Mean_Actual,Mean_Forecast,2026-04-13,2026-08-22,131,130,1,131,0,CURRENT (to 2026-08-22),AGGREGATED_WINDOW_ACTUALS (rolling window 1-7 days); Mean_Actual is varchar in source and was CAST; 1 exact-duplicate row per key on 2026-04-22; 15 governed model backtests DO NOT exist yet; must be generated in P5,TRUE,TRUE,FALSE,FALSE,TRUE,Physical unit that CARRIES the observed actual series.
RAW040,OBS-SSD-NAMP104,RAW-SSD-LVWE-NAMP104,SSD,Phoenix,LVWE,NOT_APPLICABLE,NOT_APPLICABLE,Organic,Forest,NAMP104,SSD|Phoenix|LowVolume|Forest,Metric=SSD > DBType=Phoenix > Variant=LVWE > Granularity=Forest > Key=NAMP104,forecast_substrateBE_ssd_phx_lvwe_metrics,ssd_lvwe_raw.parquet,data/raw/v6_24_mvp_cohort/ssd/ssd_lvwe_raw.parquet,End_Date,Mean_Actual,Mean_Forecast,2026-04-13,2026-08-22,131,130,1,131,0,CURRENT (to 2026-08-22),AGGREGATED_WINDOW_ACTUALS (rolling window 1-7 days); Mean_Actual is varchar in source and was CAST; 1 exact-duplicate row per key on 2026-04-22; 15 governed model backtests DO NOT exist yet; must be generated in P5,TRUE,TRUE,FALSE,FALSE,TRUE,Physical unit that CARRIES the observed actual series.
RAW041,OBS-SSD-NAMPRD07,RAW-SSD-LVWE-NAMPRD07,SSD,Phoenix,LVWE,NOT_APPLICABLE,NOT_APPLICABLE,Organic,Forest,NAMPRD07,SSD|Phoenix|LowVolume|Forest,Metric=SSD > DBType=Phoenix > Variant=LVWE > Granularity=Forest > Key=NAMPRD07,forecast_substrateBE_ssd_phx_lvwe_metrics,ssd_lvwe_raw.parquet,data/raw/v6_24_mvp_cohort/ssd/ssd_lvwe_raw.parquet,End_Date,Mean_Actual,Mean_Forecast,2026-04-13,2026-08-22,131,130,1,131,0,CURRENT (to 2026-08-22),AGGREGATED_WINDOW_ACTUALS (rolling window 1-7 days); Mean_Actual is varchar in source and was CAST; 1 exact-duplicate row per key on 2026-04-22; 15 governed model backtests DO NOT exist yet; must be generated in P5,TRUE,TRUE,FALSE,FALSE,TRUE,Physical unit that CARRIES the observed actual series.
RAW042,OBS-SSD-NAMPRD08,RAW-SSD-LVWE-NAMPRD08,SSD,Phoenix,LVWE,NOT_APPLICABLE,NOT_APPLICABLE,Organic,Forest,NAMPRD08,SSD|Phoenix|LowVolume|Forest,Metric=SSD > DBType=Phoenix > Variant=LVWE > Granularity=Forest > Key=NAMPRD08,forecast_substrateBE_ssd_phx_lvwe_metrics,ssd_lvwe_raw.parquet,data/raw/v6_24_mvp_cohort/ssd/ssd_lvwe_raw.parquet,End_Date,Mean_Actual,Mean_Forecast,2026-04-13,2026-08-22,131,130,1,131,0,CURRENT (to 2026-08-22),AGGREGATED_WINDOW_ACTUALS (rolling window 1-7 days); Mean_Actual is varchar in source and was CAST; 1 exact-duplicate row per key on 2026-04-22; 15 governed model backtests DO NOT exist yet; must be generated in P5,TRUE,TRUE,FALSE,FALSE,TRUE,Physical unit that CARRIES the observed actual series.
RAW043,OBS-SSD-NORP279,RAW-SSD-LVWE-NORP279,SSD,Phoenix,LVWE,NOT_APPLICABLE,NOT_APPLICABLE,Organic,Forest,NORP279,SSD|Phoenix|LowVolume|Forest,Metric=SSD > DBType=Phoenix > Variant=LVWE > Granularity=Forest > Key=NORP279,forecast_substrateBE_ssd_phx_lvwe_metrics,ssd_lvwe_raw.parquet,data/raw/v6_24_mvp_cohort/ssd/ssd_lvwe_raw.parquet,End_Date,Mean_Actual,Mean_Forecast,2026-04-13,2026-08-22,131,130,1,131,0,CURRENT (to 2026-08-22),AGGREGATED_WINDOW_ACTUALS (rolling window 1-7 days); Mean_Actual is varchar in source and was CAST; 1 exact-duplicate row per key on 2026-04-22; 15 governed model backtests DO NOT exist yet; must be generated in P5,TRUE,TRUE,FALSE,FALSE,TRUE,Physical unit that CARRIES the observed actual series.
RAW044,OBS-SSD-NZLP299,RAW-SSD-LVWE-NZLP299,SSD,Phoenix,LVWE,NOT_APPLICABLE,NOT_APPLICABLE,Organic,Forest,NZLP299,SSD|Phoenix|LowVolume|Forest,Metric=SSD > DBType=Phoenix > Variant=LVWE > Granularity=Forest > Key=NZLP299,forecast_substrateBE_ssd_phx_lvwe_metrics,ssd_lvwe_raw.parquet,data/raw/v6_24_mvp_cohort/ssd/ssd_lvwe_raw.parquet,End_Date,Mean_Actual,Mean_Forecast,2026-04-13,2026-08-22,131,130,1,131,0,CURRENT (to 2026-08-22),AGGREGATED_WINDOW_ACTUALS (rolling window 1-7 days); Mean_Actual is varchar in source and was CAST; 1 exact-duplicate row per key on 2026-04-22; 15 governed model backtests DO NOT exist yet; must be generated in P5,TRUE,TRUE,FALSE,FALSE,TRUE,Physical unit that CARRIES the observed actual series.
RAW045,OBS-SSD-POLP291,RAW-SSD-LVWE-POLP291,SSD,Phoenix,LVWE,NOT_APPLICABLE,NOT_APPLICABLE,Organic,Forest,POLP291,SSD|Phoenix|LowVolume|Forest,Metric=SSD > DBType=Phoenix > Variant=LVWE > Granularity=Forest > Key=POLP291,forecast_substrateBE_ssd_phx_lvwe_metrics,ssd_lvwe_raw.parquet,data/raw/v6_24_mvp_cohort/ssd/ssd_lvwe_raw.parquet,End_Date,Mean_Actual,Mean_Forecast,2026-04-13,2026-08-22,131,130,1,131,0,CURRENT (to 2026-08-22),AGGREGATED_WINDOW_ACTUALS (rolling window 1-7 days); Mean_Actual is varchar in source and was CAST; 1 exact-duplicate row per key on 2026-04-22; 15 governed model backtests DO NOT exist yet; must be generated in P5,TRUE,TRUE,FALSE,FALSE,TRUE,Physical unit that CARRIES the observed actual series.
RAW046,OBS-SSD-QATP289,RAW-SSD-LVWE-QATP289,SSD,Phoenix,LVWE,NOT_APPLICABLE,NOT_APPLICABLE,Organic,Forest,QATP289,SSD|Phoenix|LowVolume|Forest,Metric=SSD > DBType=Phoenix > Variant=LVWE > Granularity=Forest > Key=QATP289,forecast_substrateBE_ssd_phx_lvwe_metrics,ssd_lvwe_raw.parquet,data/raw/v6_24_mvp_cohort/ssd/ssd_lvwe_raw.parquet,End_Date,Mean_Actual,Mean_Forecast,2026-04-13,2026-08-22,131,130,1,131,0,CURRENT (to 2026-08-22),AGGREGATED_WINDOW_ACTUALS (rolling window 1-7 days); Mean_Actual is varchar in source and was CAST; 1 exact-duplicate row per key on 2026-04-22; 15 governed model backtests DO NOT exist yet; must be generated in P5,TRUE,TRUE,FALSE,FALSE,TRUE,Physical unit that CARRIES the observed actual series.
RAW047,OBS-SSD-SGPP274,RAW-SSD-LVWE-SGPP274,SSD,Phoenix,LVWE,NOT_APPLICABLE,NOT_APPLICABLE,Organic,Forest,SGPP274,SSD|Phoenix|LowVolume|Forest,Metric=SSD > DBType=Phoenix > Variant=LVWE > Granularity=Forest > Key=SGPP274,forecast_substrateBE_ssd_phx_lvwe_metrics,ssd_lvwe_raw.parquet,data/raw/v6_24_mvp_cohort/ssd/ssd_lvwe_raw.parquet,End_Date,Mean_Actual,Mean_Forecast,2026-04-13,2026-08-22,131,130,1,131,0,CURRENT (to 2026-08-22),AGGREGATED_WINDOW_ACTUALS (rolling window 1-7 days); Mean_Actual is varchar in source and was CAST; 1 exact-duplicate row per key on 2026-04-22; 15 governed model backtests DO NOT exist yet; must be generated in P5,TRUE,TRUE,FALSE,FALSE,TRUE,Physical unit that CARRIES the observed actual series.
RAW048,OBS-SSD-SWEP280,RAW-SSD-LVWE-SWEP280,SSD,Phoenix,LVWE,NOT_APPLICABLE,NOT_APPLICABLE,Organic,Forest,SWEP280,SSD|Phoenix|LowVolume|Forest,Metric=SSD > DBType=Phoenix > Variant=LVWE > Granularity=Forest > Key=SWEP280,forecast_substrateBE_ssd_phx_lvwe_metrics,ssd_lvwe_raw.parquet,data/raw/v6_24_mvp_cohort/ssd/ssd_lvwe_raw.parquet,End_Date,Mean_Actual,Mean_Forecast,2026-04-13,2026-08-22,131,130,1,131,0,CURRENT (to 2026-08-22),AGGREGATED_WINDOW_ACTUALS (rolling window 1-7 days); Mean_Actual is varchar in source and was CAST; 1 exact-duplicate row per key on 2026-04-22; 15 governed model backtests DO NOT exist yet; must be generated in P5,TRUE,TRUE,FALSE,FALSE,TRUE,Physical unit that CARRIES the observed actual series.
RAW049,OBS-SSD-TWNP295,RAW-SSD-LVWE-TWNP295,SSD,Phoenix,LVWE,NOT_APPLICABLE,NOT_APPLICABLE,Organic,Forest,TWNP295,SSD|Phoenix|LowVolume|Forest,Metric=SSD > DBType=Phoenix > Variant=LVWE > Granularity=Forest > Key=TWNP295,forecast_substrateBE_ssd_phx_lvwe_metrics,ssd_lvwe_raw.parquet,data/raw/v6_24_mvp_cohort/ssd/ssd_lvwe_raw.parquet,End_Date,Mean_Actual,Mean_Forecast,2026-04-13,2026-08-22,131,130,1,131,0,CURRENT (to 2026-08-22),AGGREGATED_WINDOW_ACTUALS (rolling window 1-7 days); Mean_Actual is varchar in source and was CAST; 1 exact-duplicate row per key on 2026-04-22; 15 governed model backtests DO NOT exist yet; must be generated in P5,TRUE,TRUE,FALSE,FALSE,TRUE,Physical unit that CARRIES the observed actual series.
RAW050,OBS-SSD-ZAFP275,RAW-SSD-LVWE-ZAFP275,SSD,Phoenix,LVWE,NOT_APPLICABLE,NOT_APPLICABLE,Organic,Forest,ZAFP275,SSD|Phoenix|LowVolume|Forest,Metric=SSD > DBType=Phoenix > Variant=LVWE > Granularity=Forest > Key=ZAFP275,forecast_substrateBE_ssd_phx_lvwe_metrics,ssd_lvwe_raw.parquet,data/raw/v6_24_mvp_cohort/ssd/ssd_lvwe_raw.parquet,End_Date,Mean_Actual,Mean_Forecast,2026-04-13,2026-08-22,131,130,1,131,0,CURRENT (to 2026-08-22),AGGREGATED_WINDOW_ACTUALS (rolling window 1-7 days); Mean_Actual is varchar in source and was CAST; 1 exact-duplicate row per key on 2026-04-22; 15 governed model backtests DO NOT exist yet; must be generated in P5,TRUE,TRUE,FALSE,FALSE,TRUE,Physical unit that CARRIES the observed actual series.
RAW051,OBS-SSD-APCP150,RAW-SSD-LVNE-APCP150,SSD,Phoenix,LVNE,NOT_APPLICABLE,NOT_APPLICABLE,Organic,Forest,APCP150,SSD|Phoenix|LowVolume|Forest,Metric=SSD > DBType=Phoenix > Variant=LVNE > Granularity=Forest > Key=APCP150,forecast_substrateBE_ssd_phx_lvne_metrics,ssd_lvne_raw.parquet,data/raw/v6_24_mvp_cohort/ssd/ssd_lvne_raw.parquet,End_Date,Mean_Actual,Mean_Forecast,2026-04-09,2026-08-22,132,131,1,132,0,CURRENT (to 2026-08-22),AGGREGATED_WINDOW_ACTUALS (rolling window 1-7 days); Mean_Actual is varchar in source and was CAST; 1 exact-duplicate row per key on 2026-04-22; 15 governed model backtests DO NOT exist yet; must be generated in P5,FALSE,TRUE,TRUE,FALSE,TRUE,Physical unit only. Its Mean_Actual duplicates LVWE exactly and must NOT be loaded as actuals. Contributes Mean_Forecast only.
RAW052,OBS-SSD-APCPRD01,RAW-SSD-LVNE-APCPRD01,SSD,Phoenix,LVNE,NOT_APPLICABLE,NOT_APPLICABLE,Organic,Forest,APCPRD01,SSD|Phoenix|LowVolume|Forest,Metric=SSD > DBType=Phoenix > Variant=LVNE > Granularity=Forest > Key=APCPRD01,forecast_substrateBE_ssd_phx_lvne_metrics,ssd_lvne_raw.parquet,data/raw/v6_24_mvp_cohort/ssd/ssd_lvne_raw.parquet,End_Date,Mean_Actual,Mean_Forecast,2026-04-09,2026-08-22,132,131,1,132,0,CURRENT (to 2026-08-22),AGGREGATED_WINDOW_ACTUALS (rolling window 1-7 days); Mean_Actual is varchar in source and was CAST; 1 exact-duplicate row per key on 2026-04-22; 15 governed model backtests DO NOT exist yet; must be generated in P5,FALSE,TRUE,TRUE,FALSE,TRUE,Physical unit only. Its Mean_Actual duplicates LVWE exactly and must NOT be loaded as actuals. Contributes Mean_Forecast only.
RAW053,OBS-SSD-APCPRD02,RAW-SSD-LVNE-APCPRD02,SSD,Phoenix,LVNE,NOT_APPLICABLE,NOT_APPLICABLE,Organic,Forest,APCPRD02,SSD|Phoenix|LowVolume|Forest,Metric=SSD > DBType=Phoenix > Variant=LVNE > Granularity=Forest > Key=APCPRD02,forecast_substrateBE_ssd_phx_lvne_metrics,ssd_lvne_raw.parquet,data/raw/v6_24_mvp_cohort/ssd/ssd_lvne_raw.parquet,End_Date,Mean_Actual,Mean_Forecast,2026-04-09,2026-08-22,132,131,1,132,0,CURRENT (to 2026-08-22),AGGREGATED_WINDOW_ACTUALS (rolling window 1-7 days); Mean_Actual is varchar in source and was CAST; 1 exact-duplicate row per key on 2026-04-22; 15 governed model backtests DO NOT exist yet; must be generated in P5,FALSE,TRUE,TRUE,FALSE,TRUE,Physical unit only. Its Mean_Actual duplicates LVWE exactly and must NOT be loaded as actuals. Contributes Mean_Forecast only.
RAW054,OBS-SSD-AREP273,RAW-SSD-LVNE-AREP273,SSD,Phoenix,LVNE,NOT_APPLICABLE,NOT_APPLICABLE,Organic,Forest,AREP273,SSD|Phoenix|LowVolume|Forest,Metric=SSD > DBType=Phoenix > Variant=LVNE > Granularity=Forest > Key=AREP273,forecast_substrateBE_ssd_phx_lvne_metrics,ssd_lvne_raw.parquet,data/raw/v6_24_mvp_cohort/ssd/ssd_lvne_raw.parquet,End_Date,Mean_Actual,Mean_Forecast,2026-04-09,2026-08-22,132,131,1,132,0,CURRENT (to 2026-08-22),AGGREGATED_WINDOW_ACTUALS (rolling window 1-7 days); Mean_Actual is varchar in source and was CAST; 1 exact-duplicate row per key on 2026-04-22; 15 governed model backtests DO NOT exist yet; must be generated in P5,FALSE,TRUE,TRUE,FALSE,TRUE,Physical unit only. Its Mean_Actual duplicates LVWE exactly and must NOT be loaded as actuals. Contributes Mean_Forecast only.
RAW055,OBS-SSD-AUSP282,RAW-SSD-LVNE-AUSP282,SSD,Phoenix,LVNE,NOT_APPLICABLE,NOT_APPLICABLE,Organic,Forest,AUSP282,SSD|Phoenix|LowVolume|Forest,Metric=SSD > DBType=Phoenix > Variant=LVNE > Granularity=Forest > Key=AUSP282,forecast_substrateBE_ssd_phx_lvne_metrics,ssd_lvne_raw.parquet,data/raw/v6_24_mvp_cohort/ssd/ssd_lvne_raw.parquet,End_Date,Mean_Actual,Mean_Forecast,2026-04-09,2026-08-22,132,131,1,132,0,CURRENT (to 2026-08-22),AGGREGATED_WINDOW_ACTUALS (rolling window 1-7 days); Mean_Actual is varchar in source and was CAST; 1 exact-duplicate row per key on 2026-04-22; 15 governed model backtests DO NOT exist yet; must be generated in P5,FALSE,TRUE,TRUE,FALSE,TRUE,Physical unit only. Its Mean_Actual duplicates LVWE exactly and must NOT be loaded as actuals. Contributes Mean_Forecast only.
RAW056,OBS-SSD-AUSP300,RAW-SSD-LVNE-AUSP300,SSD,Phoenix,LVNE,NOT_APPLICABLE,NOT_APPLICABLE,Organic,Forest,AUSP300,SSD|Phoenix|LowVolume|Forest,Metric=SSD > DBType=Phoenix > Variant=LVNE > Granularity=Forest > Key=AUSP300,forecast_substrateBE_ssd_phx_lvne_metrics,ssd_lvne_raw.parquet,data/raw/v6_24_mvp_cohort/ssd/ssd_lvne_raw.parquet,End_Date,Mean_Actual,Mean_Forecast,2026-04-09,2026-08-22,132,131,1,132,0,CURRENT (to 2026-08-22),AGGREGATED_WINDOW_ACTUALS (rolling window 1-7 days); Mean_Actual is varchar in source and was CAST; 1 exact-duplicate row per key on 2026-04-22; 15 governed model backtests DO NOT exist yet; must be generated in P5,FALSE,TRUE,TRUE,FALSE,TRUE,Physical unit only. Its Mean_Actual duplicates LVWE exactly and must NOT be loaded as actuals. Contributes Mean_Forecast only.
RAW057,OBS-SSD-AUSPRD01,RAW-SSD-LVNE-AUSPRD01,SSD,Phoenix,LVNE,NOT_APPLICABLE,NOT_APPLICABLE,Organic,Forest,AUSPRD01,SSD|Phoenix|LowVolume|Forest,Metric=SSD > DBType=Phoenix > Variant=LVNE > Granularity=Forest > Key=AUSPRD01,forecast_substrateBE_ssd_phx_lvne_metrics,ssd_lvne_raw.parquet,data/raw/v6_24_mvp_cohort/ssd/ssd_lvne_raw.parquet,End_Date,Mean_Actual,Mean_Forecast,2026-04-09,2026-08-22,132,131,1,132,0,CURRENT (to 2026-08-22),AGGREGATED_WINDOW_ACTUALS (rolling window 1-7 days); Mean_Actual is varchar in source and was CAST; 1 exact-duplicate row per key on 2026-04-22; 15 governed model backtests DO NOT exist yet; must be generated in P5,FALSE,TRUE,TRUE,FALSE,TRUE,Physical unit only. Its Mean_Actual duplicates LVWE exactly and must NOT be loaded as actuals. Contributes Mean_Forecast only.
RAW058,OBS-SSD-AUTP296,RAW-SSD-LVNE-AUTP296,SSD,Phoenix,LVNE,NOT_APPLICABLE,NOT_APPLICABLE,Organic,Forest,AUTP296,SSD|Phoenix|LowVolume|Forest,Metric=SSD > DBType=Phoenix > Variant=LVNE > Granularity=Forest > Key=AUTP296,forecast_substrateBE_ssd_phx_lvne_metrics,ssd_lvne_raw.parquet,data/raw/v6_24_mvp_cohort/ssd/ssd_lvne_raw.parquet,End_Date,Mean_Actual,Mean_Forecast,2026-04-09,2026-08-22,132,131,1,132,0,CURRENT (to 2026-08-22),AGGREGATED_WINDOW_ACTUALS (rolling window 1-7 days); Mean_Actual is varchar in source and was CAST; 1 exact-duplicate row per key on 2026-04-22; 15 governed model backtests DO NOT exist yet; must be generated in P5,FALSE,TRUE,TRUE,FALSE,TRUE,Physical unit only. Its Mean_Actual duplicates LVWE exactly and must NOT be loaded as actuals. Contributes Mean_Forecast only.
RAW059,OBS-SSD-BRAP284,RAW-SSD-LVNE-BRAP284,SSD,Phoenix,LVNE,NOT_APPLICABLE,NOT_APPLICABLE,Organic,Forest,BRAP284,SSD|Phoenix|LowVolume|Forest,Metric=SSD > DBType=Phoenix > Variant=LVNE > Granularity=Forest > Key=BRAP284,forecast_substrateBE_ssd_phx_lvne_metrics,ssd_lvne_raw.parquet,data/raw/v6_24_mvp_cohort/ssd/ssd_lvne_raw.parquet,End_Date,Mean_Actual,Mean_Forecast,2026-04-09,2026-08-22,132,131,1,132,0,CURRENT (to 2026-08-22),AGGREGATED_WINDOW_ACTUALS (rolling window 1-7 days); Mean_Actual is varchar in source and was CAST; 1 exact-duplicate row per key on 2026-04-22; 15 governed model backtests DO NOT exist yet; must be generated in P5,FALSE,TRUE,TRUE,FALSE,TRUE,Physical unit only. Its Mean_Actual duplicates LVWE exactly and must NOT be loaded as actuals. Contributes Mean_Forecast only.
RAW060,OBS-SSD-CANP288,RAW-SSD-LVNE-CANP288,SSD,Phoenix,LVNE,NOT_APPLICABLE,NOT_APPLICABLE,Organic,Forest,CANP288,SSD|Phoenix|LowVolume|Forest,Metric=SSD > DBType=Phoenix > Variant=LVNE > Granularity=Forest > Key=CANP288,forecast_substrateBE_ssd_phx_lvne_metrics,ssd_lvne_raw.parquet,data/raw/v6_24_mvp_cohort/ssd/ssd_lvne_raw.parquet,End_Date,Mean_Actual,Mean_Forecast,2026-04-09,2026-08-22,132,131,1,132,0,CURRENT (to 2026-08-22),AGGREGATED_WINDOW_ACTUALS (rolling window 1-7 days); Mean_Actual is varchar in source and was CAST; 1 exact-duplicate row per key on 2026-04-22; 15 governed model backtests DO NOT exist yet; must be generated in P5,FALSE,TRUE,TRUE,FALSE,TRUE,Physical unit only. Its Mean_Actual duplicates LVWE exactly and must NOT be loaded as actuals. Contributes Mean_Forecast only.
RAW061,OBS-SSD-CANPRD01,RAW-SSD-LVNE-CANPRD01,SSD,Phoenix,LVNE,NOT_APPLICABLE,NOT_APPLICABLE,Organic,Forest,CANPRD01,SSD|Phoenix|LowVolume|Forest,Metric=SSD > DBType=Phoenix > Variant=LVNE > Granularity=Forest > Key=CANPRD01,forecast_substrateBE_ssd_phx_lvne_metrics,ssd_lvne_raw.parquet,data/raw/v6_24_mvp_cohort/ssd/ssd_lvne_raw.parquet,End_Date,Mean_Actual,Mean_Forecast,2026-04-09,2026-08-22,132,131,1,132,0,CURRENT (to 2026-08-22),AGGREGATED_WINDOW_ACTUALS (rolling window 1-7 days); Mean_Actual is varchar in source and was CAST; 1 exact-duplicate row per key on 2026-04-22; 15 governed model backtests DO NOT exist yet; must be generated in P5,FALSE,TRUE,TRUE,FALSE,TRUE,Physical unit only. Its Mean_Actual duplicates LVWE exactly and must NOT be loaded as actuals. Contributes Mean_Forecast only.
RAW062,OBS-SSD-CHEP278,RAW-SSD-LVNE-CHEP278,SSD,Phoenix,LVNE,NOT_APPLICABLE,NOT_APPLICABLE,Organic,Forest,CHEP278,SSD|Phoenix|LowVolume|Forest,Metric=SSD > DBType=Phoenix > Variant=LVNE > Granularity=Forest > Key=CHEP278,forecast_substrateBE_ssd_phx_lvne_metrics,ssd_lvne_raw.parquet,data/raw/v6_24_mvp_cohort/ssd/ssd_lvne_raw.parquet,End_Date,Mean_Actual,Mean_Forecast,2026-04-09,2026-08-22,132,131,1,132,0,CURRENT (to 2026-08-22),AGGREGATED_WINDOW_ACTUALS (rolling window 1-7 days); Mean_Actual is varchar in source and was CAST; 1 exact-duplicate row per key on 2026-04-22; 15 governed model backtests DO NOT exist yet; must be generated in P5,FALSE,TRUE,TRUE,FALSE,TRUE,Physical unit only. Its Mean_Actual duplicates LVWE exactly and must NOT be loaded as actuals. Contributes Mean_Forecast only.
RAW063,OBS-SSD-CHLP298,RAW-SSD-LVNE-CHLP298,SSD,Phoenix,LVNE,NOT_APPLICABLE,NOT_APPLICABLE,Organic,Forest,CHLP298,SSD|Phoenix|LowVolume|Forest,Metric=SSD > DBType=Phoenix > Variant=LVNE > Granularity=Forest > Key=CHLP298,forecast_substrateBE_ssd_phx_lvne_metrics,ssd_lvne_raw.parquet,data/raw/v6_24_mvp_cohort/ssd/ssd_lvne_raw.parquet,End_Date,Mean_Actual,Mean_Forecast,2026-04-09,2026-08-22,132,131,1,132,0,CURRENT (to 2026-08-22),AGGREGATED_WINDOW_ACTUALS (rolling window 1-7 days); Mean_Actual is varchar in source and was CAST; 1 exact-duplicate row per key on 2026-04-22; 15 governed model backtests DO NOT exist yet; must be generated in P5,FALSE,TRUE,TRUE,FALSE,TRUE,Physical unit only. Its Mean_Actual duplicates LVWE exactly and must NOT be loaded as actuals. Contributes Mean_Forecast only.
RAW064,OBS-SSD-DEUP281,RAW-SSD-LVNE-DEUP281,SSD,Phoenix,LVNE,NOT_APPLICABLE,NOT_APPLICABLE,Organic,Forest,DEUP281,SSD|Phoenix|LowVolume|Forest,Metric=SSD > DBType=Phoenix > Variant=LVNE > Granularity=Forest > Key=DEUP281,forecast_substrateBE_ssd_phx_lvne_metrics,ssd_lvne_raw.parquet,data/raw/v6_24_mvp_cohort/ssd/ssd_lvne_raw.parquet,End_Date,Mean_Actual,Mean_Forecast,2026-04-09,2026-08-22,132,131,1,132,0,CURRENT (to 2026-08-22),AGGREGATED_WINDOW_ACTUALS (rolling window 1-7 days); Mean_Actual is varchar in source and was CAST; 1 exact-duplicate row per key on 2026-04-22; 15 governed model backtests DO NOT exist yet; must be generated in P5,FALSE,TRUE,TRUE,FALSE,TRUE,Physical unit only. Its Mean_Actual duplicates LVWE exactly and must NOT be loaded as actuals. Contributes Mean_Forecast only.
RAW065,OBS-SSD-DNKP307,RAW-SSD-LVNE-DNKP307,SSD,Phoenix,LVNE,NOT_APPLICABLE,NOT_APPLICABLE,Organic,Forest,DNKP307,SSD|Phoenix|LowVolume|Forest,Metric=SSD > DBType=Phoenix > Variant=LVNE > Granularity=Forest > Key=DNKP307,forecast_substrateBE_ssd_phx_lvne_metrics,ssd_lvne_raw.parquet,data/raw/v6_24_mvp_cohort/ssd/ssd_lvne_raw.parquet,End_Date,Mean_Actual,Mean_Forecast,2026-04-09,2026-08-22,132,131,1,132,0,CURRENT (to 2026-08-22),AGGREGATED_WINDOW_ACTUALS (rolling window 1-7 days); Mean_Actual is varchar in source and was CAST; 1 exact-duplicate row per key on 2026-04-22; 15 governed model backtests DO NOT exist yet; must be generated in P5,FALSE,TRUE,TRUE,FALSE,TRUE,Physical unit only. Its Mean_Actual duplicates LVWE exactly and must NOT be loaded as actuals. Contributes Mean_Forecast only.
RAW066,OBS-SSD-ESPP292,RAW-SSD-LVNE-ESPP292,SSD,Phoenix,LVNE,NOT_APPLICABLE,NOT_APPLICABLE,Organic,Forest,ESPP292,SSD|Phoenix|LowVolume|Forest,Metric=SSD > DBType=Phoenix > Variant=LVNE > Granularity=Forest > Key=ESPP292,forecast_substrateBE_ssd_phx_lvne_metrics,ssd_lvne_raw.parquet,data/raw/v6_24_mvp_cohort/ssd/ssd_lvne_raw.parquet,End_Date,Mean_Actual,Mean_Forecast,2026-04-09,2026-08-22,132,131,1,132,0,CURRENT (to 2026-08-22),AGGREGATED_WINDOW_ACTUALS (rolling window 1-7 days); Mean_Actual is varchar in source and was CAST; 1 exact-duplicate row per key on 2026-04-22; 15 governed model backtests DO NOT exist yet; must be generated in P5,FALSE,TRUE,TRUE,FALSE,TRUE,Physical unit only. Its Mean_Actual duplicates LVWE exactly and must NOT be loaded as actuals. Contributes Mean_Forecast only.
RAW067,OBS-SSD-EURP107,RAW-SSD-LVNE-EURP107,SSD,Phoenix,LVNE,NOT_APPLICABLE,NOT_APPLICABLE,Organic,Forest,EURP107,SSD|Phoenix|LowVolume|Forest,Metric=SSD > DBType=Phoenix > Variant=LVNE > Granularity=Forest > Key=EURP107,forecast_substrateBE_ssd_phx_lvne_metrics,ssd_lvne_raw.parquet,data/raw/v6_24_mvp_cohort/ssd/ssd_lvne_raw.parquet,End_Date,Mean_Actual,Mean_Forecast,2026-04-09,2026-08-22,132,131,1,132,0,CURRENT (to 2026-08-22),AGGREGATED_WINDOW_ACTUALS (rolling window 1-7 days); Mean_Actual is varchar in source and was CAST; 1 exact-duplicate row per key on 2026-04-22; 15 governed model backtests DO NOT exist yet; must be generated in P5,FALSE,TRUE,TRUE,FALSE,TRUE,Physical unit only. Its Mean_Actual duplicates LVWE exactly and must NOT be loaded as actuals. Contributes Mean_Forecast only.
RAW068,OBS-SSD-EURP119,RAW-SSD-LVNE-EURP119,SSD,Phoenix,LVNE,NOT_APPLICABLE,NOT_APPLICABLE,Organic,Forest,EURP119,SSD|Phoenix|LowVolume|Forest,Metric=SSD > DBType=Phoenix > Variant=LVNE > Granularity=Forest > Key=EURP119,forecast_substrateBE_ssd_phx_lvne_metrics,ssd_lvne_raw.parquet,data/raw/v6_24_mvp_cohort/ssd/ssd_lvne_raw.parquet,End_Date,Mean_Actual,Mean_Forecast,2026-04-09,2026-08-22,132,131,1,132,0,CURRENT (to 2026-08-22),AGGREGATED_WINDOW_ACTUALS (rolling window 1-7 days); Mean_Actual is varchar in source and was CAST; 1 exact-duplicate row per key on 2026-04-22; 15 governed model backtests DO NOT exist yet; must be generated in P5,FALSE,TRUE,TRUE,FALSE,TRUE,Physical unit only. Its Mean_Actual duplicates LVWE exactly and must NOT be loaded as actuals. Contributes Mean_Forecast only.
RAW069,OBS-SSD-EURP120,RAW-SSD-LVNE-EURP120,SSD,Phoenix,LVNE,NOT_APPLICABLE,NOT_APPLICABLE,Organic,Forest,EURP120,SSD|Phoenix|LowVolume|Forest,Metric=SSD > DBType=Phoenix > Variant=LVNE > Granularity=Forest > Key=EURP120,forecast_substrateBE_ssd_phx_lvne_metrics,ssd_lvne_raw.parquet,data/raw/v6_24_mvp_cohort/ssd/ssd_lvne_raw.parquet,End_Date,Mean_Actual,Mean_Forecast,2026-04-09,2026-08-22,132,131,1,132,0,CURRENT (to 2026-08-22),AGGREGATED_WINDOW_ACTUALS (rolling window 1-7 days); Mean_Actual is varchar in source and was CAST; 1 exact-duplicate row per key on 2026-04-22; 15 governed model backtests DO NOT exist yet; must be generated in P5,FALSE,TRUE,TRUE,FALSE,TRUE,Physical unit only. Its Mean_Actual duplicates LVWE exactly and must NOT be loaded as actuals. Contributes Mean_Forecast only.
RAW070,OBS-SSD-FRAP264,RAW-SSD-LVNE-FRAP264,SSD,Phoenix,LVNE,NOT_APPLICABLE,NOT_APPLICABLE,Organic,Forest,FRAP264,SSD|Phoenix|LowVolume|Forest,Metric=SSD > DBType=Phoenix > Variant=LVNE > Granularity=Forest > Key=FRAP264,forecast_substrateBE_ssd_phx_lvne_metrics,ssd_lvne_raw.parquet,data/raw/v6_24_mvp_cohort/ssd/ssd_lvne_raw.parquet,End_Date,Mean_Actual,Mean_Forecast,2026-04-09,2026-08-22,132,131,1,132,0,CURRENT (to 2026-08-22),AGGREGATED_WINDOW_ACTUALS (rolling window 1-7 days); Mean_Actual is varchar in source and was CAST; 1 exact-duplicate row per key on 2026-04-22; 15 governed model backtests DO NOT exist yet; must be generated in P5,FALSE,TRUE,TRUE,FALSE,TRUE,Physical unit only. Its Mean_Actual duplicates LVWE exactly and must NOT be loaded as actuals. Contributes Mean_Forecast only.
RAW071,OBS-SSD-GBRP123,RAW-SSD-LVNE-GBRP123,SSD,Phoenix,LVNE,NOT_APPLICABLE,NOT_APPLICABLE,Organic,Forest,GBRP123,SSD|Phoenix|LowVolume|Forest,Metric=SSD > DBType=Phoenix > Variant=LVNE > Granularity=Forest > Key=GBRP123,forecast_substrateBE_ssd_phx_lvne_metrics,ssd_lvne_raw.parquet,data/raw/v6_24_mvp_cohort/ssd/ssd_lvne_raw.parquet,End_Date,Mean_Actual,Mean_Forecast,2026-04-09,2026-08-22,132,131,1,132,0,CURRENT (to 2026-08-22),AGGREGATED_WINDOW_ACTUALS (rolling window 1-7 days); Mean_Actual is varchar in source and was CAST; 1 exact-duplicate row per key on 2026-04-22; 15 governed model backtests DO NOT exist yet; must be generated in P5,FALSE,TRUE,TRUE,FALSE,TRUE,Physical unit only. Its Mean_Actual duplicates LVWE exactly and must NOT be loaded as actuals. Contributes Mean_Forecast only.
RAW072,OBS-SSD-GBRP265,RAW-SSD-LVNE-GBRP265,SSD,Phoenix,LVNE,NOT_APPLICABLE,NOT_APPLICABLE,Organic,Forest,GBRP265,SSD|Phoenix|LowVolume|Forest,Metric=SSD > DBType=Phoenix > Variant=LVNE > Granularity=Forest > Key=GBRP265,forecast_substrateBE_ssd_phx_lvne_metrics,ssd_lvne_raw.parquet,data/raw/v6_24_mvp_cohort/ssd/ssd_lvne_raw.parquet,End_Date,Mean_Actual,Mean_Forecast,2026-04-09,2026-08-22,132,131,1,132,0,CURRENT (to 2026-08-22),AGGREGATED_WINDOW_ACTUALS (rolling window 1-7 days); Mean_Actual is varchar in source and was CAST; 1 exact-duplicate row per key on 2026-04-22; 15 governed model backtests DO NOT exist yet; must be generated in P5,FALSE,TRUE,TRUE,FALSE,TRUE,Physical unit only. Its Mean_Actual duplicates LVWE exactly and must NOT be loaded as actuals. Contributes Mean_Forecast only.
RAW073,OBS-SSD-GBRP267,RAW-SSD-LVNE-GBRP267,SSD,Phoenix,LVNE,NOT_APPLICABLE,NOT_APPLICABLE,Organic,Forest,GBRP267,SSD|Phoenix|LowVolume|Forest,Metric=SSD > DBType=Phoenix > Variant=LVNE > Granularity=Forest > Key=GBRP267,forecast_substrateBE_ssd_phx_lvne_metrics,ssd_lvne_raw.parquet,data/raw/v6_24_mvp_cohort/ssd/ssd_lvne_raw.parquet,End_Date,Mean_Actual,Mean_Forecast,2026-04-09,2026-08-22,132,131,1,132,0,CURRENT (to 2026-08-22),AGGREGATED_WINDOW_ACTUALS (rolling window 1-7 days); Mean_Actual is varchar in source and was CAST; 1 exact-duplicate row per key on 2026-04-22; 15 governed model backtests DO NOT exist yet; must be generated in P5,FALSE,TRUE,TRUE,FALSE,TRUE,Physical unit only. Its Mean_Actual duplicates LVWE exactly and must NOT be loaded as actuals. Contributes Mean_Forecast only.
RAW074,OBS-SSD-IDNP305,RAW-SSD-LVNE-IDNP305,SSD,Phoenix,LVNE,NOT_APPLICABLE,NOT_APPLICABLE,Organic,Forest,IDNP305,SSD|Phoenix|LowVolume|Forest,Metric=SSD > DBType=Phoenix > Variant=LVNE > Granularity=Forest > Key=IDNP305,forecast_substrateBE_ssd_phx_lvne_metrics,ssd_lvne_raw.parquet,data/raw/v6_24_mvp_cohort/ssd/ssd_lvne_raw.parquet,End_Date,Mean_Actual,Mean_Forecast,2026-04-09,2026-08-22,132,131,1,132,0,CURRENT (to 2026-08-22),AGGREGATED_WINDOW_ACTUALS (rolling window 1-7 days); Mean_Actual is varchar in source and was CAST; 1 exact-duplicate row per key on 2026-04-22; 15 governed model backtests DO NOT exist yet; must be generated in P5,FALSE,TRUE,TRUE,FALSE,TRUE,Physical unit only. Its Mean_Actual duplicates LVWE exactly and must NOT be loaded as actuals. Contributes Mean_Forecast only.
RAW075,OBS-SSD-INDP287,RAW-SSD-LVNE-INDP287,SSD,Phoenix,LVNE,NOT_APPLICABLE,NOT_APPLICABLE,Organic,Forest,INDP287,SSD|Phoenix|LowVolume|Forest,Metric=SSD > DBType=Phoenix > Variant=LVNE > Granularity=Forest > Key=INDP287,forecast_substrateBE_ssd_phx_lvne_metrics,ssd_lvne_raw.parquet,data/raw/v6_24_mvp_cohort/ssd/ssd_lvne_raw.parquet,End_Date,Mean_Actual,Mean_Forecast,2026-04-09,2026-08-22,132,131,1,132,0,CURRENT (to 2026-08-22),AGGREGATED_WINDOW_ACTUALS (rolling window 1-7 days); Mean_Actual is varchar in source and was CAST; 1 exact-duplicate row per key on 2026-04-22; 15 governed model backtests DO NOT exist yet; must be generated in P5,FALSE,TRUE,TRUE,FALSE,TRUE,Physical unit only. Its Mean_Actual duplicates LVWE exactly and must NOT be loaded as actuals. Contributes Mean_Forecast only.
RAW076,OBS-SSD-INDPRD01,RAW-SSD-LVNE-INDPRD01,SSD,Phoenix,LVNE,NOT_APPLICABLE,NOT_APPLICABLE,Organic,Forest,INDPRD01,SSD|Phoenix|LowVolume|Forest,Metric=SSD > DBType=Phoenix > Variant=LVNE > Granularity=Forest > Key=INDPRD01,forecast_substrateBE_ssd_phx_lvne_metrics,ssd_lvne_raw.parquet,data/raw/v6_24_mvp_cohort/ssd/ssd_lvne_raw.parquet,End_Date,Mean_Actual,Mean_Forecast,2026-04-09,2026-08-22,132,131,1,132,0,CURRENT (to 2026-08-22),AGGREGATED_WINDOW_ACTUALS (rolling window 1-7 days); Mean_Actual is varchar in source and was CAST; 1 exact-duplicate row per key on 2026-04-22; 15 governed model backtests DO NOT exist yet; must be generated in P5,FALSE,TRUE,TRUE,FALSE,TRUE,Physical unit only. Its Mean_Actual duplicates LVWE exactly and must NOT be loaded as actuals. Contributes Mean_Forecast only.
RAW077,OBS-SSD-ISRP290,RAW-SSD-LVNE-ISRP290,SSD,Phoenix,LVNE,NOT_APPLICABLE,NOT_APPLICABLE,Organic,Forest,ISRP290,SSD|Phoenix|LowVolume|Forest,Metric=SSD > DBType=Phoenix > Variant=LVNE > Granularity=Forest > Key=ISRP290,forecast_substrateBE_ssd_phx_lvne_metrics,ssd_lvne_raw.parquet,data/raw/v6_24_mvp_cohort/ssd/ssd_lvne_raw.parquet,End_Date,Mean_Actual,Mean_Forecast,2026-04-09,2026-08-22,132,131,1,132,0,CURRENT (to 2026-08-22),AGGREGATED_WINDOW_ACTUALS (rolling window 1-7 days); Mean_Actual is varchar in source and was CAST; 1 exact-duplicate row per key on 2026-04-22; 15 governed model backtests DO NOT exist yet; must be generated in P5,FALSE,TRUE,TRUE,FALSE,TRUE,Physical unit only. Its Mean_Actual duplicates LVWE exactly and must NOT be loaded as actuals. Contributes Mean_Forecast only.
RAW078,OBS-SSD-ITAP293,RAW-SSD-LVNE-ITAP293,SSD,Phoenix,LVNE,NOT_APPLICABLE,NOT_APPLICABLE,Organic,Forest,ITAP293,SSD|Phoenix|LowVolume|Forest,Metric=SSD > DBType=Phoenix > Variant=LVNE > Granularity=Forest > Key=ITAP293,forecast_substrateBE_ssd_phx_lvne_metrics,ssd_lvne_raw.parquet,data/raw/v6_24_mvp_cohort/ssd/ssd_lvne_raw.parquet,End_Date,Mean_Actual,Mean_Forecast,2026-04-09,2026-08-22,132,131,1,132,0,CURRENT (to 2026-08-22),AGGREGATED_WINDOW_ACTUALS (rolling window 1-7 days); Mean_Actual is varchar in source and was CAST; 1 exact-duplicate row per key on 2026-04-22; 15 governed model backtests DO NOT exist yet; must be generated in P5,FALSE,TRUE,TRUE,FALSE,TRUE,Physical unit only. Its Mean_Actual duplicates LVWE exactly and must NOT be loaded as actuals. Contributes Mean_Forecast only.
RAW079,OBS-SSD-JPNP286,RAW-SSD-LVNE-JPNP286,SSD,Phoenix,LVNE,NOT_APPLICABLE,NOT_APPLICABLE,Organic,Forest,JPNP286,SSD|Phoenix|LowVolume|Forest,Metric=SSD > DBType=Phoenix > Variant=LVNE > Granularity=Forest > Key=JPNP286,forecast_substrateBE_ssd_phx_lvne_metrics,ssd_lvne_raw.parquet,data/raw/v6_24_mvp_cohort/ssd/ssd_lvne_raw.parquet,End_Date,Mean_Actual,Mean_Forecast,2026-04-09,2026-08-22,132,131,1,132,0,CURRENT (to 2026-08-22),AGGREGATED_WINDOW_ACTUALS (rolling window 1-7 days); Mean_Actual is varchar in source and was CAST; 1 exact-duplicate row per key on 2026-04-22; 15 governed model backtests DO NOT exist yet; must be generated in P5,FALSE,TRUE,TRUE,FALSE,TRUE,Physical unit only. Its Mean_Actual duplicates LVWE exactly and must NOT be loaded as actuals. Contributes Mean_Forecast only.
RAW080,OBS-SSD-JPNP301,RAW-SSD-LVNE-JPNP301,SSD,Phoenix,LVNE,NOT_APPLICABLE,NOT_APPLICABLE,Organic,Forest,JPNP301,SSD|Phoenix|LowVolume|Forest,Metric=SSD > DBType=Phoenix > Variant=LVNE > Granularity=Forest > Key=JPNP301,forecast_substrateBE_ssd_phx_lvne_metrics,ssd_lvne_raw.parquet,data/raw/v6_24_mvp_cohort/ssd/ssd_lvne_raw.parquet,End_Date,Mean_Actual,Mean_Forecast,2026-04-09,2026-08-22,132,131,1,132,0,CURRENT (to 2026-08-22),AGGREGATED_WINDOW_ACTUALS (rolling window 1-7 days); Mean_Actual is varchar in source and was CAST; 1 exact-duplicate row per key on 2026-04-22; 15 governed model backtests DO NOT exist yet; must be generated in P5,FALSE,TRUE,TRUE,FALSE,TRUE,Physical unit only. Its Mean_Actual duplicates LVWE exactly and must NOT be loaded as actuals. Contributes Mean_Forecast only.
RAW081,OBS-SSD-JPNPRD01,RAW-SSD-LVNE-JPNPRD01,SSD,Phoenix,LVNE,NOT_APPLICABLE,NOT_APPLICABLE,Organic,Forest,JPNPRD01,SSD|Phoenix|LowVolume|Forest,Metric=SSD > DBType=Phoenix > Variant=LVNE > Granularity=Forest > Key=JPNPRD01,forecast_substrateBE_ssd_phx_lvne_metrics,ssd_lvne_raw.parquet,data/raw/v6_24_mvp_cohort/ssd/ssd_lvne_raw.parquet,End_Date,Mean_Actual,Mean_Forecast,2026-04-09,2026-08-22,132,131,1,132,0,CURRENT (to 2026-08-22),AGGREGATED_WINDOW_ACTUALS (rolling window 1-7 days); Mean_Actual is varchar in source and was CAST; 1 exact-duplicate row per key on 2026-04-22; 15 governed model backtests DO NOT exist yet; must be generated in P5,FALSE,TRUE,TRUE,FALSE,TRUE,Physical unit only. Its Mean_Actual duplicates LVWE exactly and must NOT be loaded as actuals. Contributes Mean_Forecast only.
RAW082,OBS-SSD-KORP216,RAW-SSD-LVNE-KORP216,SSD,Phoenix,LVNE,NOT_APPLICABLE,NOT_APPLICABLE,Organic,Forest,KORP216,SSD|Phoenix|LowVolume|Forest,Metric=SSD > DBType=Phoenix > Variant=LVNE > Granularity=Forest > Key=KORP216,forecast_substrateBE_ssd_phx_lvne_metrics,ssd_lvne_raw.parquet,data/raw/v6_24_mvp_cohort/ssd/ssd_lvne_raw.parquet,End_Date,Mean_Actual,Mean_Forecast,2026-04-09,2026-08-22,132,131,1,132,0,CURRENT (to 2026-08-22),AGGREGATED_WINDOW_ACTUALS (rolling window 1-7 days); Mean_Actual is varchar in source and was CAST; 1 exact-duplicate row per key on 2026-04-22; 15 governed model backtests DO NOT exist yet; must be generated in P5,FALSE,TRUE,TRUE,FALSE,TRUE,Physical unit only. Its Mean_Actual duplicates LVWE exactly and must NOT be loaded as actuals. Contributes Mean_Forecast only.
RAW083,OBS-SSD-LAMP152,RAW-SSD-LVNE-LAMP152,SSD,Phoenix,LVNE,NOT_APPLICABLE,NOT_APPLICABLE,Organic,Forest,LAMP152,SSD|Phoenix|LowVolume|Forest,Metric=SSD > DBType=Phoenix > Variant=LVNE > Granularity=Forest > Key=LAMP152,forecast_substrateBE_ssd_phx_lvne_metrics,ssd_lvne_raw.parquet,data/raw/v6_24_mvp_cohort/ssd/ssd_lvne_raw.parquet,End_Date,Mean_Actual,Mean_Forecast,2026-04-09,2026-08-22,132,131,1,132,0,CURRENT (to 2026-08-22),AGGREGATED_WINDOW_ACTUALS (rolling window 1-7 days); Mean_Actual is varchar in source and was CAST; 1 exact-duplicate row per key on 2026-04-22; 15 governed model backtests DO NOT exist yet; must be generated in P5,FALSE,TRUE,TRUE,FALSE,TRUE,Physical unit only. Its Mean_Actual duplicates LVWE exactly and must NOT be loaded as actuals. Contributes Mean_Forecast only.
RAW084,OBS-SSD-LAMP215,RAW-SSD-LVNE-LAMP215,SSD,Phoenix,LVNE,NOT_APPLICABLE,NOT_APPLICABLE,Organic,Forest,LAMP215,SSD|Phoenix|LowVolume|Forest,Metric=SSD > DBType=Phoenix > Variant=LVNE > Granularity=Forest > Key=LAMP215,forecast_substrateBE_ssd_phx_lvne_metrics,ssd_lvne_raw.parquet,data/raw/v6_24_mvp_cohort/ssd/ssd_lvne_raw.parquet,End_Date,Mean_Actual,Mean_Forecast,2026-04-09,2026-08-22,132,131,1,132,0,CURRENT (to 2026-08-22),AGGREGATED_WINDOW_ACTUALS (rolling window 1-7 days); Mean_Actual is varchar in source and was CAST; 1 exact-duplicate row per key on 2026-04-22; 15 governed model backtests DO NOT exist yet; must be generated in P5,FALSE,TRUE,TRUE,FALSE,TRUE,Physical unit only. Its Mean_Actual duplicates LVWE exactly and must NOT be loaded as actuals. Contributes Mean_Forecast only.
RAW085,OBS-SSD-LAMPRD80,RAW-SSD-LVNE-LAMPRD80,SSD,Phoenix,LVNE,NOT_APPLICABLE,NOT_APPLICABLE,Organic,Forest,LAMPRD80,SSD|Phoenix|LowVolume|Forest,Metric=SSD > DBType=Phoenix > Variant=LVNE > Granularity=Forest > Key=LAMPRD80,forecast_substrateBE_ssd_phx_lvne_metrics,ssd_lvne_raw.parquet,data/raw/v6_24_mvp_cohort/ssd/ssd_lvne_raw.parquet,End_Date,Mean_Actual,Mean_Forecast,2026-04-09,2026-08-22,132,131,1,132,0,CURRENT (to 2026-08-22),AGGREGATED_WINDOW_ACTUALS (rolling window 1-7 days); Mean_Actual is varchar in source and was CAST; 1 exact-duplicate row per key on 2026-04-22; 15 governed model backtests DO NOT exist yet; must be generated in P5,FALSE,TRUE,TRUE,FALSE,TRUE,Physical unit only. Its Mean_Actual duplicates LVWE exactly and must NOT be loaded as actuals. Contributes Mean_Forecast only.
RAW086,OBS-SSD-MEXP297,RAW-SSD-LVNE-MEXP297,SSD,Phoenix,LVNE,NOT_APPLICABLE,NOT_APPLICABLE,Organic,Forest,MEXP297,SSD|Phoenix|LowVolume|Forest,Metric=SSD > DBType=Phoenix > Variant=LVNE > Granularity=Forest > Key=MEXP297,forecast_substrateBE_ssd_phx_lvne_metrics,ssd_lvne_raw.parquet,data/raw/v6_24_mvp_cohort/ssd/ssd_lvne_raw.parquet,End_Date,Mean_Actual,Mean_Forecast,2026-04-09,2026-08-22,132,131,1,132,0,CURRENT (to 2026-08-22),AGGREGATED_WINDOW_ACTUALS (rolling window 1-7 days); Mean_Actual is varchar in source and was CAST; 1 exact-duplicate row per key on 2026-04-22; 15 governed model backtests DO NOT exist yet; must be generated in P5,FALSE,TRUE,TRUE,FALSE,TRUE,Physical unit only. Its Mean_Actual duplicates LVWE exactly and must NOT be loaded as actuals. Contributes Mean_Forecast only.
RAW087,OBS-SSD-MYSP306,RAW-SSD-LVNE-MYSP306,SSD,Phoenix,LVNE,NOT_APPLICABLE,NOT_APPLICABLE,Organic,Forest,MYSP306,SSD|Phoenix|LowVolume|Forest,Metric=SSD > DBType=Phoenix > Variant=LVNE > Granularity=Forest > Key=MYSP306,forecast_substrateBE_ssd_phx_lvne_metrics,ssd_lvne_raw.parquet,data/raw/v6_24_mvp_cohort/ssd/ssd_lvne_raw.parquet,End_Date,Mean_Actual,Mean_Forecast,2026-04-09,2026-08-22,132,131,1,132,0,CURRENT (to 2026-08-22),AGGREGATED_WINDOW_ACTUALS (rolling window 1-7 days); Mean_Actual is varchar in source and was CAST; 1 exact-duplicate row per key on 2026-04-22; 15 governed model backtests DO NOT exist yet; must be generated in P5,FALSE,TRUE,TRUE,FALSE,TRUE,Physical unit only. Its Mean_Actual duplicates LVWE exactly and must NOT be loaded as actuals. Contributes Mean_Forecast only.
RAW088,OBS-SSD-NAMP100,RAW-SSD-LVNE-NAMP100,SSD,Phoenix,LVNE,NOT_APPLICABLE,NOT_APPLICABLE,Organic,Forest,NAMP100,SSD|Phoenix|LowVolume|Forest,Metric=SSD > DBType=Phoenix > Variant=LVNE > Granularity=Forest > Key=NAMP100,forecast_substrateBE_ssd_phx_lvne_metrics,ssd_lvne_raw.parquet,data/raw/v6_24_mvp_cohort/ssd/ssd_lvne_raw.parquet,End_Date,Mean_Actual,Mean_Forecast,2026-04-09,2026-08-22,132,131,1,132,0,CURRENT (to 2026-08-22),AGGREGATED_WINDOW_ACTUALS (rolling window 1-7 days); Mean_Actual is varchar in source and was CAST; 1 exact-duplicate row per key on 2026-04-22; 15 governed model backtests DO NOT exist yet; must be generated in P5,FALSE,TRUE,TRUE,FALSE,TRUE,Physical unit only. Its Mean_Actual duplicates LVWE exactly and must NOT be loaded as actuals. Contributes Mean_Forecast only.
RAW089,OBS-SSD-NAMP101,RAW-SSD-LVNE-NAMP101,SSD,Phoenix,LVNE,NOT_APPLICABLE,NOT_APPLICABLE,Organic,Forest,NAMP101,SSD|Phoenix|LowVolume|Forest,Metric=SSD > DBType=Phoenix > Variant=LVNE > Granularity=Forest > Key=NAMP101,forecast_substrateBE_ssd_phx_lvne_metrics,ssd_lvne_raw.parquet,data/raw/v6_24_mvp_cohort/ssd/ssd_lvne_raw.parquet,End_Date,Mean_Actual,Mean_Forecast,2026-04-09,2026-08-22,132,131,1,132,0,CURRENT (to 2026-08-22),AGGREGATED_WINDOW_ACTUALS (rolling window 1-7 days); Mean_Actual is varchar in source and was CAST; 1 exact-duplicate row per key on 2026-04-22; 15 governed model backtests DO NOT exist yet; must be generated in P5,FALSE,TRUE,TRUE,FALSE,TRUE,Physical unit only. Its Mean_Actual duplicates LVWE exactly and must NOT be loaded as actuals. Contributes Mean_Forecast only.
RAW090,OBS-SSD-NAMP104,RAW-SSD-LVNE-NAMP104,SSD,Phoenix,LVNE,NOT_APPLICABLE,NOT_APPLICABLE,Organic,Forest,NAMP104,SSD|Phoenix|LowVolume|Forest,Metric=SSD > DBType=Phoenix > Variant=LVNE > Granularity=Forest > Key=NAMP104,forecast_substrateBE_ssd_phx_lvne_metrics,ssd_lvne_raw.parquet,data/raw/v6_24_mvp_cohort/ssd/ssd_lvne_raw.parquet,End_Date,Mean_Actual,Mean_Forecast,2026-04-09,2026-08-22,132,131,1,132,0,CURRENT (to 2026-08-22),AGGREGATED_WINDOW_ACTUALS (rolling window 1-7 days); Mean_Actual is varchar in source and was CAST; 1 exact-duplicate row per key on 2026-04-22; 15 governed model backtests DO NOT exist yet; must be generated in P5,FALSE,TRUE,TRUE,FALSE,TRUE,Physical unit only. Its Mean_Actual duplicates LVWE exactly and must NOT be loaded as actuals. Contributes Mean_Forecast only.
RAW091,OBS-SSD-NAMPRD07,RAW-SSD-LVNE-NAMPRD07,SSD,Phoenix,LVNE,NOT_APPLICABLE,NOT_APPLICABLE,Organic,Forest,NAMPRD07,SSD|Phoenix|LowVolume|Forest,Metric=SSD > DBType=Phoenix > Variant=LVNE > Granularity=Forest > Key=NAMPRD07,forecast_substrateBE_ssd_phx_lvne_metrics,ssd_lvne_raw.parquet,data/raw/v6_24_mvp_cohort/ssd/ssd_lvne_raw.parquet,End_Date,Mean_Actual,Mean_Forecast,2026-04-09,2026-08-22,132,131,1,132,0,CURRENT (to 2026-08-22),AGGREGATED_WINDOW_ACTUALS (rolling window 1-7 days); Mean_Actual is varchar in source and was CAST; 1 exact-duplicate row per key on 2026-04-22; 15 governed model backtests DO NOT exist yet; must be generated in P5,FALSE,TRUE,TRUE,FALSE,TRUE,Physical unit only. Its Mean_Actual duplicates LVWE exactly and must NOT be loaded as actuals. Contributes Mean_Forecast only.
RAW092,OBS-SSD-NAMPRD08,RAW-SSD-LVNE-NAMPRD08,SSD,Phoenix,LVNE,NOT_APPLICABLE,NOT_APPLICABLE,Organic,Forest,NAMPRD08,SSD|Phoenix|LowVolume|Forest,Metric=SSD > DBType=Phoenix > Variant=LVNE > Granularity=Forest > Key=NAMPRD08,forecast_substrateBE_ssd_phx_lvne_metrics,ssd_lvne_raw.parquet,data/raw/v6_24_mvp_cohort/ssd/ssd_lvne_raw.parquet,End_Date,Mean_Actual,Mean_Forecast,2026-04-09,2026-08-22,132,131,1,132,0,CURRENT (to 2026-08-22),AGGREGATED_WINDOW_ACTUALS (rolling window 1-7 days); Mean_Actual is varchar in source and was CAST; 1 exact-duplicate row per key on 2026-04-22; 15 governed model backtests DO NOT exist yet; must be generated in P5,FALSE,TRUE,TRUE,FALSE,TRUE,Physical unit only. Its Mean_Actual duplicates LVWE exactly and must NOT be loaded as actuals. Contributes Mean_Forecast only.
RAW093,OBS-SSD-NORP279,RAW-SSD-LVNE-NORP279,SSD,Phoenix,LVNE,NOT_APPLICABLE,NOT_APPLICABLE,Organic,Forest,NORP279,SSD|Phoenix|LowVolume|Forest,Metric=SSD > DBType=Phoenix > Variant=LVNE > Granularity=Forest > Key=NORP279,forecast_substrateBE_ssd_phx_lvne_metrics,ssd_lvne_raw.parquet,data/raw/v6_24_mvp_cohort/ssd/ssd_lvne_raw.parquet,End_Date,Mean_Actual,Mean_Forecast,2026-04-09,2026-08-22,132,131,1,132,0,CURRENT (to 2026-08-22),AGGREGATED_WINDOW_ACTUALS (rolling window 1-7 days); Mean_Actual is varchar in source and was CAST; 1 exact-duplicate row per key on 2026-04-22; 15 governed model backtests DO NOT exist yet; must be generated in P5,FALSE,TRUE,TRUE,FALSE,TRUE,Physical unit only. Its Mean_Actual duplicates LVWE exactly and must NOT be loaded as actuals. Contributes Mean_Forecast only.
RAW094,OBS-SSD-NZLP299,RAW-SSD-LVNE-NZLP299,SSD,Phoenix,LVNE,NOT_APPLICABLE,NOT_APPLICABLE,Organic,Forest,NZLP299,SSD|Phoenix|LowVolume|Forest,Metric=SSD > DBType=Phoenix > Variant=LVNE > Granularity=Forest > Key=NZLP299,forecast_substrateBE_ssd_phx_lvne_metrics,ssd_lvne_raw.parquet,data/raw/v6_24_mvp_cohort/ssd/ssd_lvne_raw.parquet,End_Date,Mean_Actual,Mean_Forecast,2026-04-09,2026-08-22,132,131,1,132,0,CURRENT (to 2026-08-22),AGGREGATED_WINDOW_ACTUALS (rolling window 1-7 days); Mean_Actual is varchar in source and was CAST; 1 exact-duplicate row per key on 2026-04-22; 15 governed model backtests DO NOT exist yet; must be generated in P5,FALSE,TRUE,TRUE,FALSE,TRUE,Physical unit only. Its Mean_Actual duplicates LVWE exactly and must NOT be loaded as actuals. Contributes Mean_Forecast only.
RAW095,OBS-SSD-POLP291,RAW-SSD-LVNE-POLP291,SSD,Phoenix,LVNE,NOT_APPLICABLE,NOT_APPLICABLE,Organic,Forest,POLP291,SSD|Phoenix|LowVolume|Forest,Metric=SSD > DBType=Phoenix > Variant=LVNE > Granularity=Forest > Key=POLP291,forecast_substrateBE_ssd_phx_lvne_metrics,ssd_lvne_raw.parquet,data/raw/v6_24_mvp_cohort/ssd/ssd_lvne_raw.parquet,End_Date,Mean_Actual,Mean_Forecast,2026-04-09,2026-08-22,132,131,1,132,0,CURRENT (to 2026-08-22),AGGREGATED_WINDOW_ACTUALS (rolling window 1-7 days); Mean_Actual is varchar in source and was CAST; 1 exact-duplicate row per key on 2026-04-22; 15 governed model backtests DO NOT exist yet; must be generated in P5,FALSE,TRUE,TRUE,FALSE,TRUE,Physical unit only. Its Mean_Actual duplicates LVWE exactly and must NOT be loaded as actuals. Contributes Mean_Forecast only.
RAW096,OBS-SSD-QATP289,RAW-SSD-LVNE-QATP289,SSD,Phoenix,LVNE,NOT_APPLICABLE,NOT_APPLICABLE,Organic,Forest,QATP289,SSD|Phoenix|LowVolume|Forest,Metric=SSD > DBType=Phoenix > Variant=LVNE > Granularity=Forest > Key=QATP289,forecast_substrateBE_ssd_phx_lvne_metrics,ssd_lvne_raw.parquet,data/raw/v6_24_mvp_cohort/ssd/ssd_lvne_raw.parquet,End_Date,Mean_Actual,Mean_Forecast,2026-04-09,2026-08-22,132,131,1,132,0,CURRENT (to 2026-08-22),AGGREGATED_WINDOW_ACTUALS (rolling window 1-7 days); Mean_Actual is varchar in source and was CAST; 1 exact-duplicate row per key on 2026-04-22; 15 governed model backtests DO NOT exist yet; must be generated in P5,FALSE,TRUE,TRUE,FALSE,TRUE,Physical unit only. Its Mean_Actual duplicates LVWE exactly and must NOT be loaded as actuals. Contributes Mean_Forecast only.
RAW097,OBS-SSD-SGPP274,RAW-SSD-LVNE-SGPP274,SSD,Phoenix,LVNE,NOT_APPLICABLE,NOT_APPLICABLE,Organic,Forest,SGPP274,SSD|Phoenix|LowVolume|Forest,Metric=SSD > DBType=Phoenix > Variant=LVNE > Granularity=Forest > Key=SGPP274,forecast_substrateBE_ssd_phx_lvne_metrics,ssd_lvne_raw.parquet,data/raw/v6_24_mvp_cohort/ssd/ssd_lvne_raw.parquet,End_Date,Mean_Actual,Mean_Forecast,2026-04-09,2026-08-22,132,131,1,132,0,CURRENT (to 2026-08-22),AGGREGATED_WINDOW_ACTUALS (rolling window 1-7 days); Mean_Actual is varchar in source and was CAST; 1 exact-duplicate row per key on 2026-04-22; 15 governed model backtests DO NOT exist yet; must be generated in P5,FALSE,TRUE,TRUE,FALSE,TRUE,Physical unit only. Its Mean_Actual duplicates LVWE exactly and must NOT be loaded as actuals. Contributes Mean_Forecast only.
RAW098,OBS-SSD-SWEP280,RAW-SSD-LVNE-SWEP280,SSD,Phoenix,LVNE,NOT_APPLICABLE,NOT_APPLICABLE,Organic,Forest,SWEP280,SSD|Phoenix|LowVolume|Forest,Metric=SSD > DBType=Phoenix > Variant=LVNE > Granularity=Forest > Key=SWEP280,forecast_substrateBE_ssd_phx_lvne_metrics,ssd_lvne_raw.parquet,data/raw/v6_24_mvp_cohort/ssd/ssd_lvne_raw.parquet,End_Date,Mean_Actual,Mean_Forecast,2026-04-09,2026-08-22,132,131,1,132,0,CURRENT (to 2026-08-22),AGGREGATED_WINDOW_ACTUALS (rolling window 1-7 days); Mean_Actual is varchar in source and was CAST; 1 exact-duplicate row per key on 2026-04-22; 15 governed model backtests DO NOT exist yet; must be generated in P5,FALSE,TRUE,TRUE,FALSE,TRUE,Physical unit only. Its Mean_Actual duplicates LVWE exactly and must NOT be loaded as actuals. Contributes Mean_Forecast only.
RAW099,OBS-SSD-TWNP295,RAW-SSD-LVNE-TWNP295,SSD,Phoenix,LVNE,NOT_APPLICABLE,NOT_APPLICABLE,Organic,Forest,TWNP295,SSD|Phoenix|LowVolume|Forest,Metric=SSD > DBType=Phoenix > Variant=LVNE > Granularity=Forest > Key=TWNP295,forecast_substrateBE_ssd_phx_lvne_metrics,ssd_lvne_raw.parquet,data/raw/v6_24_mvp_cohort/ssd/ssd_lvne_raw.parquet,End_Date,Mean_Actual,Mean_Forecast,2026-04-09,2026-08-22,132,131,1,132,0,CURRENT (to 2026-08-22),AGGREGATED_WINDOW_ACTUALS (rolling window 1-7 days); Mean_Actual is varchar in source and was CAST; 1 exact-duplicate row per key on 2026-04-22; 15 governed model backtests DO NOT exist yet; must be generated in P5,FALSE,TRUE,TRUE,FALSE,TRUE,Physical unit only. Its Mean_Actual duplicates LVWE exactly and must NOT be loaded as actuals. Contributes Mean_Forecast only.
RAW100,OBS-SSD-ZAFP275,RAW-SSD-LVNE-ZAFP275,SSD,Phoenix,LVNE,NOT_APPLICABLE,NOT_APPLICABLE,Organic,Forest,ZAFP275,SSD|Phoenix|LowVolume|Forest,Metric=SSD > DBType=Phoenix > Variant=LVNE > Granularity=Forest > Key=ZAFP275,forecast_substrateBE_ssd_phx_lvne_metrics,ssd_lvne_raw.parquet,data/raw/v6_24_mvp_cohort/ssd/ssd_lvne_raw.parquet,End_Date,Mean_Actual,Mean_Forecast,2026-04-09,2026-08-22,132,131,1,132,0,CURRENT (to 2026-08-22),AGGREGATED_WINDOW_ACTUALS (rolling window 1-7 days); Mean_Actual is varchar in source and was CAST; 1 exact-duplicate row per key on 2026-04-22; 15 governed model backtests DO NOT exist yet; must be generated in P5,FALSE,TRUE,TRUE,FALSE,TRUE,Physical unit only. Its Mean_Actual duplicates LVWE exactly and must NOT be loaded as actuals. Contributes Mean_Forecast only.
RAW101,OBS-CPU-Consumed-APC-Multitenant,RAW-CPU-Consumed-APC-Multitenant,CPU,UNKNOWN_SOURCE_DOES_NOT_CARRY_DBTYPE,NOT_APPLICABLE,Consumed,NOT_APPLICABLE,Organic,Region,APC-Multitenant,CPU|Organic|Consumed|Region,Metric=CPU > Scenario=Consumed > Granularity=Region > Key=APC-Multitenant,forecast_substrateBE_cpu_actual_region,cpu_actuals_raw.parquet,data/raw/v6_24_mvp_cohort/cpu/cpu_actuals_raw.parquet,DateTime,Value,NOT_PRESENT_IN_SOURCE,2022-01-04,2023-07-20,562,562,0,562,0,STALE (to 2023-07-20),"STALE_ACTUALS_SOURCE, latest date 2023-07-20; 15 governed model backtests DO NOT exist yet; must be generated in P5",TRUE,FALSE,FALSE,FALSE,TRUE,Physical unit maps one-to-one to an observed series.
RAW102,OBS-CPU-Consumed-ARE-Go Local,RAW-CPU-Consumed-ARE-Go Local,CPU,UNKNOWN_SOURCE_DOES_NOT_CARRY_DBTYPE,NOT_APPLICABLE,Consumed,NOT_APPLICABLE,Organic,Region,ARE-Go Local,CPU|Organic|Consumed|Region,Metric=CPU > Scenario=Consumed > Granularity=Region > Key=ARE-Go Local,forecast_substrateBE_cpu_actual_region,cpu_actuals_raw.parquet,data/raw/v6_24_mvp_cohort/cpu/cpu_actuals_raw.parquet,DateTime,Value,NOT_PRESENT_IN_SOURCE,2022-01-04,2023-07-20,562,562,0,562,0,STALE (to 2023-07-20),"STALE_ACTUALS_SOURCE, latest date 2023-07-20; 15 governed model backtests DO NOT exist yet; must be generated in P5",TRUE,FALSE,FALSE,FALSE,TRUE,Physical unit maps one-to-one to an observed series.
RAW103,OBS-CPU-Consumed-AUS-Go Local,RAW-CPU-Consumed-AUS-Go Local,CPU,UNKNOWN_SOURCE_DOES_NOT_CARRY_DBTYPE,NOT_APPLICABLE,Consumed,NOT_APPLICABLE,Organic,Region,AUS-Go Local,CPU|Organic|Consumed|Region,Metric=CPU > Scenario=Consumed > Granularity=Region > Key=AUS-Go Local,forecast_substrateBE_cpu_actual_region,cpu_actuals_raw.parquet,data/raw/v6_24_mvp_cohort/cpu/cpu_actuals_raw.parquet,DateTime,Value,NOT_PRESENT_IN_SOURCE,2022-01-04,2023-07-20,562,562,0,562,0,STALE (to 2023-07-20),"STALE_ACTUALS_SOURCE, latest date 2023-07-20; 15 governed model backtests DO NOT exist yet; must be generated in P5",TRUE,FALSE,FALSE,FALSE,TRUE,Physical unit maps one-to-one to an observed series.
RAW104,OBS-CPU-Consumed-BRA-Go Local,RAW-CPU-Consumed-BRA-Go Local,CPU,UNKNOWN_SOURCE_DOES_NOT_CARRY_DBTYPE,NOT_APPLICABLE,Consumed,NOT_APPLICABLE,Organic,Region,BRA-Go Local,CPU|Organic|Consumed|Region,Metric=CPU > Scenario=Consumed > Granularity=Region > Key=BRA-Go Local,forecast_substrateBE_cpu_actual_region,cpu_actuals_raw.parquet,data/raw/v6_24_mvp_cohort/cpu/cpu_actuals_raw.parquet,DateTime,Value,NOT_PRESENT_IN_SOURCE,2022-01-04,2023-07-20,562,562,0,562,0,STALE (to 2023-07-20),"STALE_ACTUALS_SOURCE, latest date 2023-07-20; 15 governed model backtests DO NOT exist yet; must be generated in P5",TRUE,FALSE,FALSE,FALSE,TRUE,Physical unit maps one-to-one to an observed series.
RAW105,OBS-CPU-Consumed-CAN-Go Local,RAW-CPU-Consumed-CAN-Go Local,CPU,UNKNOWN_SOURCE_DOES_NOT_CARRY_DBTYPE,NOT_APPLICABLE,Consumed,NOT_APPLICABLE,Organic,Region,CAN-Go Local,CPU|Organic|Consumed|Region,Metric=CPU > Scenario=Consumed > Granularity=Region > Key=CAN-Go Local,forecast_substrateBE_cpu_actual_region,cpu_actuals_raw.parquet,data/raw/v6_24_mvp_cohort/cpu/cpu_actuals_raw.parquet,DateTime,Value,NOT_PRESENT_IN_SOURCE,2022-01-04,2023-07-20,562,562,0,562,0,STALE (to 2023-07-20),"STALE_ACTUALS_SOURCE, latest date 2023-07-20; 15 governed model backtests DO NOT exist yet; must be generated in P5",TRUE,FALSE,FALSE,FALSE,TRUE,Physical unit maps one-to-one to an observed series.
RAW106,OBS-CPU-Consumed-CHE-Go Local,RAW-CPU-Consumed-CHE-Go Local,CPU,UNKNOWN_SOURCE_DOES_NOT_CARRY_DBTYPE,NOT_APPLICABLE,Consumed,NOT_APPLICABLE,Organic,Region,CHE-Go Local,CPU|Organic|Consumed|Region,Metric=CPU > Scenario=Consumed > Granularity=Region > Key=CHE-Go Local,forecast_substrateBE_cpu_actual_region,cpu_actuals_raw.parquet,data/raw/v6_24_mvp_cohort/cpu/cpu_actuals_raw.parquet,DateTime,Value,NOT_PRESENT_IN_SOURCE,2022-01-04,2023-07-20,562,562,0,562,0,STALE (to 2023-07-20),"STALE_ACTUALS_SOURCE, latest date 2023-07-20; 15 governed model backtests DO NOT exist yet; must be generated in P5",TRUE,FALSE,FALSE,FALSE,TRUE,Physical unit maps one-to-one to an observed series.
RAW107,OBS-CPU-Consumed-CHN-Gallatin,RAW-CPU-Consumed-CHN-Gallatin,CPU,UNKNOWN_SOURCE_DOES_NOT_CARRY_DBTYPE,NOT_APPLICABLE,Consumed,NOT_APPLICABLE,Organic,Region,CHN-Gallatin,CPU|Organic|Consumed|Region,Metric=CPU > Scenario=Consumed > Granularity=Region > Key=CHN-Gallatin,forecast_substrateBE_cpu_actual_region,cpu_actuals_raw.parquet,data/raw/v6_24_mvp_cohort/cpu/cpu_actuals_raw.parquet,DateTime,Value,NOT_PRESENT_IN_SOURCE,2022-01-04,2023-07-20,556,556,0,556,0,STALE (to 2023-07-20),"STALE_ACTUALS_SOURCE, latest date 2023-07-20; 15 governed model backtests DO NOT exist yet; must be generated in P5",TRUE,FALSE,FALSE,FALSE,TRUE,Physical unit maps one-to-one to an observed series.
RAW108,OBS-CPU-Consumed-DEU-Go Local,RAW-CPU-Consumed-DEU-Go Local,CPU,UNKNOWN_SOURCE_DOES_NOT_CARRY_DBTYPE,NOT_APPLICABLE,Consumed,NOT_APPLICABLE,Organic,Region,DEU-Go Local,CPU|Organic|Consumed|Region,Metric=CPU > Scenario=Consumed > Granularity=Region > Key=DEU-Go Local,forecast_substrateBE_cpu_actual_region,cpu_actuals_raw.parquet,data/raw/v6_24_mvp_cohort/cpu/cpu_actuals_raw.parquet,DateTime,Value,NOT_PRESENT_IN_SOURCE,2022-01-04,2023-07-20,562,562,0,562,0,STALE (to 2023-07-20),"STALE_ACTUALS_SOURCE, latest date 2023-07-20; 15 governed model backtests DO NOT exist yet; must be generated in P5",TRUE,FALSE,FALSE,FALSE,TRUE,Physical unit maps one-to-one to an observed series.
RAW109,OBS-CPU-Consumed-EUR-MSIT,RAW-CPU-Consumed-EUR-MSIT,CPU,UNKNOWN_SOURCE_DOES_NOT_CARRY_DBTYPE,NOT_APPLICABLE,Consumed,NOT_APPLICABLE,Organic,Region,EUR-MSIT,CPU|Organic|Consumed|Region,Metric=CPU > Scenario=Consumed > Granularity=Region > Key=EUR-MSIT,forecast_substrateBE_cpu_actual_region,cpu_actuals_raw.parquet,data/raw/v6_24_mvp_cohort/cpu/cpu_actuals_raw.parquet,DateTime,Value,NOT_PRESENT_IN_SOURCE,2022-01-04,2023-07-20,562,562,0,562,0,STALE (to 2023-07-20),"STALE_ACTUALS_SOURCE, latest date 2023-07-20; 15 governed model backtests DO NOT exist yet; must be generated in P5",TRUE,FALSE,FALSE,FALSE,TRUE,Physical unit maps one-to-one to an observed series.
RAW110,OBS-CPU-Consumed-FRA-Go Local,RAW-CPU-Consumed-FRA-Go Local,CPU,UNKNOWN_SOURCE_DOES_NOT_CARRY_DBTYPE,NOT_APPLICABLE,Consumed,NOT_APPLICABLE,Organic,Region,FRA-Go Local,CPU|Organic|Consumed|Region,Metric=CPU > Scenario=Consumed > Granularity=Region > Key=FRA-Go Local,forecast_substrateBE_cpu_actual_region,cpu_actuals_raw.parquet,data/raw/v6_24_mvp_cohort/cpu/cpu_actuals_raw.parquet,DateTime,Value,NOT_PRESENT_IN_SOURCE,2022-01-04,2023-07-20,562,562,0,562,0,STALE (to 2023-07-20),"STALE_ACTUALS_SOURCE, latest date 2023-07-20; 15 governed model backtests DO NOT exist yet; must be generated in P5",TRUE,FALSE,FALSE,FALSE,TRUE,Physical unit maps one-to-one to an observed series.
RAW111,OBS-CPU-Failover-APC-Multitenant,RAW-CPU-Failover-APC-Multitenant,CPU,UNKNOWN_SOURCE_DOES_NOT_CARRY_DBTYPE,NOT_APPLICABLE,Failover,NOT_APPLICABLE,Organic,Region,APC-Multitenant,CPU|Organic|Failover|Region,Metric=CPU > Scenario=Failover > Granularity=Region > Key=APC-Multitenant,forecast_substrateBE_cpu_actual_region,cpu_actuals_raw.parquet,data/raw/v6_24_mvp_cohort/cpu/cpu_actuals_raw.parquet,DateTime,Value,NOT_PRESENT_IN_SOURCE,2022-01-04,2023-07-20,562,562,0,562,0,STALE (to 2023-07-20),"STALE_ACTUALS_SOURCE, latest date 2023-07-20; 15 governed model backtests DO NOT exist yet; must be generated in P5",TRUE,FALSE,FALSE,FALSE,TRUE,Physical unit maps one-to-one to an observed series.
RAW112,OBS-CPU-Failover-ARE-Go Local,RAW-CPU-Failover-ARE-Go Local,CPU,UNKNOWN_SOURCE_DOES_NOT_CARRY_DBTYPE,NOT_APPLICABLE,Failover,NOT_APPLICABLE,Organic,Region,ARE-Go Local,CPU|Organic|Failover|Region,Metric=CPU > Scenario=Failover > Granularity=Region > Key=ARE-Go Local,forecast_substrateBE_cpu_actual_region,cpu_actuals_raw.parquet,data/raw/v6_24_mvp_cohort/cpu/cpu_actuals_raw.parquet,DateTime,Value,NOT_PRESENT_IN_SOURCE,2022-01-04,2023-07-20,562,562,0,562,0,STALE (to 2023-07-20),"STALE_ACTUALS_SOURCE, latest date 2023-07-20; 15 governed model backtests DO NOT exist yet; must be generated in P5",TRUE,FALSE,FALSE,FALSE,TRUE,Physical unit maps one-to-one to an observed series.
RAW113,OBS-CPU-Failover-AUS-Go Local,RAW-CPU-Failover-AUS-Go Local,CPU,UNKNOWN_SOURCE_DOES_NOT_CARRY_DBTYPE,NOT_APPLICABLE,Failover,NOT_APPLICABLE,Organic,Region,AUS-Go Local,CPU|Organic|Failover|Region,Metric=CPU > Scenario=Failover > Granularity=Region > Key=AUS-Go Local,forecast_substrateBE_cpu_actual_region,cpu_actuals_raw.parquet,data/raw/v6_24_mvp_cohort/cpu/cpu_actuals_raw.parquet,DateTime,Value,NOT_PRESENT_IN_SOURCE,2022-01-04,2023-07-20,562,562,0,562,0,STALE (to 2023-07-20),"STALE_ACTUALS_SOURCE, latest date 2023-07-20; 15 governed model backtests DO NOT exist yet; must be generated in P5",TRUE,FALSE,FALSE,FALSE,TRUE,Physical unit maps one-to-one to an observed series.
RAW114,OBS-CPU-Failover-BRA-Go Local,RAW-CPU-Failover-BRA-Go Local,CPU,UNKNOWN_SOURCE_DOES_NOT_CARRY_DBTYPE,NOT_APPLICABLE,Failover,NOT_APPLICABLE,Organic,Region,BRA-Go Local,CPU|Organic|Failover|Region,Metric=CPU > Scenario=Failover > Granularity=Region > Key=BRA-Go Local,forecast_substrateBE_cpu_actual_region,cpu_actuals_raw.parquet,data/raw/v6_24_mvp_cohort/cpu/cpu_actuals_raw.parquet,DateTime,Value,NOT_PRESENT_IN_SOURCE,2022-01-04,2023-07-20,562,562,0,562,0,STALE (to 2023-07-20),"STALE_ACTUALS_SOURCE, latest date 2023-07-20; 15 governed model backtests DO NOT exist yet; must be generated in P5",TRUE,FALSE,FALSE,FALSE,TRUE,Physical unit maps one-to-one to an observed series.
RAW115,OBS-CPU-Failover-CAN-Go Local,RAW-CPU-Failover-CAN-Go Local,CPU,UNKNOWN_SOURCE_DOES_NOT_CARRY_DBTYPE,NOT_APPLICABLE,Failover,NOT_APPLICABLE,Organic,Region,CAN-Go Local,CPU|Organic|Failover|Region,Metric=CPU > Scenario=Failover > Granularity=Region > Key=CAN-Go Local,forecast_substrateBE_cpu_actual_region,cpu_actuals_raw.parquet,data/raw/v6_24_mvp_cohort/cpu/cpu_actuals_raw.parquet,DateTime,Value,NOT_PRESENT_IN_SOURCE,2022-01-04,2023-07-20,562,562,0,562,0,STALE (to 2023-07-20),"STALE_ACTUALS_SOURCE, latest date 2023-07-20; 15 governed model backtests DO NOT exist yet; must be generated in P5",TRUE,FALSE,FALSE,FALSE,TRUE,Physical unit maps one-to-one to an observed series.
RAW116,OBS-CPU-Failover-CHE-Go Local,RAW-CPU-Failover-CHE-Go Local,CPU,UNKNOWN_SOURCE_DOES_NOT_CARRY_DBTYPE,NOT_APPLICABLE,Failover,NOT_APPLICABLE,Organic,Region,CHE-Go Local,CPU|Organic|Failover|Region,Metric=CPU > Scenario=Failover > Granularity=Region > Key=CHE-Go Local,forecast_substrateBE_cpu_actual_region,cpu_actuals_raw.parquet,data/raw/v6_24_mvp_cohort/cpu/cpu_actuals_raw.parquet,DateTime,Value,NOT_PRESENT_IN_SOURCE,2022-01-04,2023-07-20,562,562,0,562,0,STALE (to 2023-07-20),"STALE_ACTUALS_SOURCE, latest date 2023-07-20; 15 governed model backtests DO NOT exist yet; must be generated in P5",TRUE,FALSE,FALSE,FALSE,TRUE,Physical unit maps one-to-one to an observed series.
RAW117,OBS-CPU-Failover-CHN-Gallatin,RAW-CPU-Failover-CHN-Gallatin,CPU,UNKNOWN_SOURCE_DOES_NOT_CARRY_DBTYPE,NOT_APPLICABLE,Failover,NOT_APPLICABLE,Organic,Region,CHN-Gallatin,CPU|Organic|Failover|Region,Metric=CPU > Scenario=Failover > Granularity=Region > Key=CHN-Gallatin,forecast_substrateBE_cpu_actual_region,cpu_actuals_raw.parquet,data/raw/v6_24_mvp_cohort/cpu/cpu_actuals_raw.parquet,DateTime,Value,NOT_PRESENT_IN_SOURCE,2022-01-04,2023-07-20,556,556,0,556,0,STALE (to 2023-07-20),"STALE_ACTUALS_SOURCE, latest date 2023-07-20; 15 governed model backtests DO NOT exist yet; must be generated in P5",TRUE,FALSE,FALSE,FALSE,TRUE,Physical unit maps one-to-one to an observed series.
RAW118,OBS-CPU-Failover-DEU-Go Local,RAW-CPU-Failover-DEU-Go Local,CPU,UNKNOWN_SOURCE_DOES_NOT_CARRY_DBTYPE,NOT_APPLICABLE,Failover,NOT_APPLICABLE,Organic,Region,DEU-Go Local,CPU|Organic|Failover|Region,Metric=CPU > Scenario=Failover > Granularity=Region > Key=DEU-Go Local,forecast_substrateBE_cpu_actual_region,cpu_actuals_raw.parquet,data/raw/v6_24_mvp_cohort/cpu/cpu_actuals_raw.parquet,DateTime,Value,NOT_PRESENT_IN_SOURCE,2022-01-04,2023-07-20,562,562,0,562,0,STALE (to 2023-07-20),"STALE_ACTUALS_SOURCE, latest date 2023-07-20; 15 governed model backtests DO NOT exist yet; must be generated in P5",TRUE,FALSE,FALSE,FALSE,TRUE,Physical unit maps one-to-one to an observed series.
RAW119,OBS-CPU-Failover-EUR-MSIT,RAW-CPU-Failover-EUR-MSIT,CPU,UNKNOWN_SOURCE_DOES_NOT_CARRY_DBTYPE,NOT_APPLICABLE,Failover,NOT_APPLICABLE,Organic,Region,EUR-MSIT,CPU|Organic|Failover|Region,Metric=CPU > Scenario=Failover > Granularity=Region > Key=EUR-MSIT,forecast_substrateBE_cpu_actual_region,cpu_actuals_raw.parquet,data/raw/v6_24_mvp_cohort/cpu/cpu_actuals_raw.parquet,DateTime,Value,NOT_PRESENT_IN_SOURCE,2022-01-04,2023-07-20,562,562,0,562,0,STALE (to 2023-07-20),"STALE_ACTUALS_SOURCE, latest date 2023-07-20; 15 governed model backtests DO NOT exist yet; must be generated in P5",TRUE,FALSE,FALSE,FALSE,TRUE,Physical unit maps one-to-one to an observed series.
RAW120,OBS-CPU-Failover-FRA-Go Local,RAW-CPU-Failover-FRA-Go Local,CPU,UNKNOWN_SOURCE_DOES_NOT_CARRY_DBTYPE,NOT_APPLICABLE,Failover,NOT_APPLICABLE,Organic,Region,FRA-Go Local,CPU|Organic|Failover|Region,Metric=CPU > Scenario=Failover > Granularity=Region > Key=FRA-Go Local,forecast_substrateBE_cpu_actual_region,cpu_actuals_raw.parquet,data/raw/v6_24_mvp_cohort/cpu/cpu_actuals_raw.parquet,DateTime,Value,NOT_PRESENT_IN_SOURCE,2022-01-04,2023-07-20,562,562,0,562,0,STALE (to 2023-07-20),"STALE_ACTUALS_SOURCE, latest date 2023-07-20; 15 governed model backtests DO NOT exist yet; must be generated in P5",TRUE,FALSE,FALSE,FALSE,TRUE,Physical unit maps one-to-one to an observed series.
RAW121,OBS-IOPS-Consumed-APC-Multitenant,RAW-IOPS-Consumed-APC-Multitenant,IOPS,NOT_APPLICABLE,NOT_APPLICABLE,Consumed,NOT_APPLICABLE,Organic,Region,APC-Multitenant,IOPS|Organic|Consumed|Region,Metric=IOPS > Scenario=Consumed > Granularity=Region > Key=APC-Multitenant,forecast_substrateBE_iops_actual_region,iops_actuals_raw.parquet,data/raw/v6_24_mvp_cohort/iops/iops_actuals_raw.parquet,DateTime,Value,NOT_PRESENT_IN_SOURCE,2020-06-23,2023-07-20,1103,1103,0,1103,0,STALE (to 2023-07-20),"STALE_ACTUALS_SOURCE, latest date 2023-07-20; 15 governed model backtests DO NOT exist yet; must be generated in P5",TRUE,FALSE,FALSE,FALSE,TRUE,Physical unit maps one-to-one to an observed series.
RAW122,OBS-IOPS-Consumed-ARE-Go Local,RAW-IOPS-Consumed-ARE-Go Local,IOPS,NOT_APPLICABLE,NOT_APPLICABLE,Consumed,NOT_APPLICABLE,Organic,Region,ARE-Go Local,IOPS|Organic|Consumed|Region,Metric=IOPS > Scenario=Consumed > Granularity=Region > Key=ARE-Go Local,forecast_substrateBE_iops_actual_region,iops_actuals_raw.parquet,data/raw/v6_24_mvp_cohort/iops/iops_actuals_raw.parquet,DateTime,Value,NOT_PRESENT_IN_SOURCE,2020-06-23,2023-07-20,1101,1101,0,1101,0,STALE (to 2023-07-20),"STALE_ACTUALS_SOURCE, latest date 2023-07-20; 15 governed model backtests DO NOT exist yet; must be generated in P5",TRUE,FALSE,FALSE,FALSE,TRUE,Physical unit maps one-to-one to an observed series.
RAW123,OBS-IOPS-Consumed-AUS-Go Local,RAW-IOPS-Consumed-AUS-Go Local,IOPS,NOT_APPLICABLE,NOT_APPLICABLE,Consumed,NOT_APPLICABLE,Organic,Region,AUS-Go Local,IOPS|Organic|Consumed|Region,Metric=IOPS > Scenario=Consumed > Granularity=Region > Key=AUS-Go Local,forecast_substrateBE_iops_actual_region,iops_actuals_raw.parquet,data/raw/v6_24_mvp_cohort/iops/iops_actuals_raw.parquet,DateTime,Value,NOT_PRESENT_IN_SOURCE,2020-06-23,2023-07-20,1103,1103,0,1103,0,STALE (to 2023-07-20),"STALE_ACTUALS_SOURCE, latest date 2023-07-20; 15 governed model backtests DO NOT exist yet; must be generated in P5",TRUE,FALSE,FALSE,FALSE,TRUE,Physical unit maps one-to-one to an observed series.
RAW124,OBS-IOPS-Consumed-BRA-Go Local,RAW-IOPS-Consumed-BRA-Go Local,IOPS,NOT_APPLICABLE,NOT_APPLICABLE,Consumed,NOT_APPLICABLE,Organic,Region,BRA-Go Local,IOPS|Organic|Consumed|Region,Metric=IOPS > Scenario=Consumed > Granularity=Region > Key=BRA-Go Local,forecast_substrateBE_iops_actual_region,iops_actuals_raw.parquet,data/raw/v6_24_mvp_cohort/iops/iops_actuals_raw.parquet,DateTime,Value,NOT_PRESENT_IN_SOURCE,2020-09-22,2023-07-20,1009,1009,0,1009,0,STALE (to 2023-07-20),"STALE_ACTUALS_SOURCE, latest date 2023-07-20; 15 governed model backtests DO NOT exist yet; must be generated in P5",TRUE,FALSE,FALSE,FALSE,TRUE,Physical unit maps one-to-one to an observed series.
RAW125,OBS-IOPS-Consumed-CAN-Go Local,RAW-IOPS-Consumed-CAN-Go Local,IOPS,NOT_APPLICABLE,NOT_APPLICABLE,Consumed,NOT_APPLICABLE,Organic,Region,CAN-Go Local,IOPS|Organic|Consumed|Region,Metric=IOPS > Scenario=Consumed > Granularity=Region > Key=CAN-Go Local,forecast_substrateBE_iops_actual_region,iops_actuals_raw.parquet,data/raw/v6_24_mvp_cohort/iops/iops_actuals_raw.parquet,DateTime,Value,NOT_PRESENT_IN_SOURCE,2020-06-23,2023-07-20,1101,1101,0,1101,0,STALE (to 2023-07-20),"STALE_ACTUALS_SOURCE, latest date 2023-07-20; 15 governed model backtests DO NOT exist yet; must be generated in P5",TRUE,FALSE,FALSE,FALSE,TRUE,Physical unit maps one-to-one to an observed series.
RAW126,OBS-IOPS-Consumed-CHE-Go Local,RAW-IOPS-Consumed-CHE-Go Local,IOPS,NOT_APPLICABLE,NOT_APPLICABLE,Consumed,NOT_APPLICABLE,Organic,Region,CHE-Go Local,IOPS|Organic|Consumed|Region,Metric=IOPS > Scenario=Consumed > Granularity=Region > Key=CHE-Go Local,forecast_substrateBE_iops_actual_region,iops_actuals_raw.parquet,data/raw/v6_24_mvp_cohort/iops/iops_actuals_raw.parquet,DateTime,Value,NOT_PRESENT_IN_SOURCE,2020-06-23,2023-07-20,1101,1101,0,1101,0,STALE (to 2023-07-20),"STALE_ACTUALS_SOURCE, latest date 2023-07-20; 15 governed model backtests DO NOT exist yet; must be generated in P5",TRUE,FALSE,FALSE,FALSE,TRUE,Physical unit maps one-to-one to an observed series.
RAW127,OBS-IOPS-Consumed-CHN-Gallatin,RAW-IOPS-Consumed-CHN-Gallatin,IOPS,NOT_APPLICABLE,NOT_APPLICABLE,Consumed,NOT_APPLICABLE,Organic,Region,CHN-Gallatin,IOPS|Organic|Consumed|Region,Metric=IOPS > Scenario=Consumed > Granularity=Region > Key=CHN-Gallatin,forecast_substrateBE_iops_actual_region,iops_actuals_raw.parquet,data/raw/v6_24_mvp_cohort/iops/iops_actuals_raw.parquet,DateTime,Value,NOT_PRESENT_IN_SOURCE,2022-05-10,2023-07-20,429,429,0,429,0,STALE (to 2023-07-20),"STALE_ACTUALS_SOURCE, latest date 2023-07-20; 15 governed model backtests DO NOT exist yet; must be generated in P5",TRUE,FALSE,FALSE,FALSE,TRUE,Physical unit maps one-to-one to an observed series.
RAW128,OBS-IOPS-Consumed-DEU-Go Local,RAW-IOPS-Consumed-DEU-Go Local,IOPS,NOT_APPLICABLE,NOT_APPLICABLE,Consumed,NOT_APPLICABLE,Organic,Region,DEU-Go Local,IOPS|Organic|Consumed|Region,Metric=IOPS > Scenario=Consumed > Granularity=Region > Key=DEU-Go Local,forecast_substrateBE_iops_actual_region,iops_actuals_raw.parquet,data/raw/v6_24_mvp_cohort/iops/iops_actuals_raw.parquet,DateTime,Value,NOT_PRESENT_IN_SOURCE,2020-06-23,2023-07-20,1100,1100,0,1100,0,STALE (to 2023-07-20),"STALE_ACTUALS_SOURCE, latest date 2023-07-20; 15 governed model backtests DO NOT exist yet; must be generated in P5",TRUE,FALSE,FALSE,FALSE,TRUE,Physical unit maps one-to-one to an observed series.
RAW129,OBS-IOPS-Consumed-EUR-Multitenant,RAW-IOPS-Consumed-EUR-Multitenant,IOPS,NOT_APPLICABLE,NOT_APPLICABLE,Consumed,NOT_APPLICABLE,Organic,Region,EUR-Multitenant,IOPS|Organic|Consumed|Region,Metric=IOPS > Scenario=Consumed > Granularity=Region > Key=EUR-Multitenant,forecast_substrateBE_iops_actual_region,iops_actuals_raw.parquet,data/raw/v6_24_mvp_cohort/iops/iops_actuals_raw.parquet,DateTime,Value,NOT_PRESENT_IN_SOURCE,2020-06-23,2023-07-20,1102,1102,0,1102,0,STALE (to 2023-07-20),"STALE_ACTUALS_SOURCE, latest date 2023-07-20; 15 governed model backtests DO NOT exist yet; must be generated in P5",TRUE,FALSE,FALSE,FALSE,TRUE,Physical unit maps one-to-one to an observed series.
RAW130,OBS-IOPS-Consumed-FRA-Go Local,RAW-IOPS-Consumed-FRA-Go Local,IOPS,NOT_APPLICABLE,NOT_APPLICABLE,Consumed,NOT_APPLICABLE,Organic,Region,FRA-Go Local,IOPS|Organic|Consumed|Region,Metric=IOPS > Scenario=Consumed > Granularity=Region > Key=FRA-Go Local,forecast_substrateBE_iops_actual_region,iops_actuals_raw.parquet,data/raw/v6_24_mvp_cohort/iops/iops_actuals_raw.parquet,DateTime,Value,NOT_PRESENT_IN_SOURCE,2020-06-23,2023-07-20,1102,1102,0,1102,0,STALE (to 2023-07-20),"STALE_ACTUALS_SOURCE, latest date 2023-07-20; 15 governed model backtests DO NOT exist yet; must be generated in P5",TRUE,FALSE,FALSE,FALSE,TRUE,Physical unit maps one-to-one to an observed series.
RAW131,OBS-IOPS-Failover-APC-Multitenant,RAW-IOPS-Failover-APC-Multitenant,IOPS,NOT_APPLICABLE,NOT_APPLICABLE,Failover,NOT_APPLICABLE,Organic,Region,APC-Multitenant,IOPS|Organic|Failover|Region,Metric=IOPS > Scenario=Failover > Granularity=Region > Key=APC-Multitenant,forecast_substrateBE_iops_actual_region,iops_actuals_raw.parquet,data/raw/v6_24_mvp_cohort/iops/iops_actuals_raw.parquet,DateTime,Value,NOT_PRESENT_IN_SOURCE,2020-06-23,2023-07-20,1102,1102,0,1102,0,STALE (to 2023-07-20),"STALE_ACTUALS_SOURCE, latest date 2023-07-20; 15 governed model backtests DO NOT exist yet; must be generated in P5",TRUE,FALSE,FALSE,FALSE,TRUE,Physical unit maps one-to-one to an observed series.
RAW132,OBS-IOPS-Failover-ARE-Go Local,RAW-IOPS-Failover-ARE-Go Local,IOPS,NOT_APPLICABLE,NOT_APPLICABLE,Failover,NOT_APPLICABLE,Organic,Region,ARE-Go Local,IOPS|Organic|Failover|Region,Metric=IOPS > Scenario=Failover > Granularity=Region > Key=ARE-Go Local,forecast_substrateBE_iops_actual_region,iops_actuals_raw.parquet,data/raw/v6_24_mvp_cohort/iops/iops_actuals_raw.parquet,DateTime,Value,NOT_PRESENT_IN_SOURCE,2020-06-23,2023-07-20,1101,1101,0,1101,0,STALE (to 2023-07-20),"STALE_ACTUALS_SOURCE, latest date 2023-07-20; 15 governed model backtests DO NOT exist yet; must be generated in P5",TRUE,FALSE,FALSE,FALSE,TRUE,Physical unit maps one-to-one to an observed series.
RAW133,OBS-IOPS-Failover-AUS-Go Local,RAW-IOPS-Failover-AUS-Go Local,IOPS,NOT_APPLICABLE,NOT_APPLICABLE,Failover,NOT_APPLICABLE,Organic,Region,AUS-Go Local,IOPS|Organic|Failover|Region,Metric=IOPS > Scenario=Failover > Granularity=Region > Key=AUS-Go Local,forecast_substrateBE_iops_actual_region,iops_actuals_raw.parquet,data/raw/v6_24_mvp_cohort/iops/iops_actuals_raw.parquet,DateTime,Value,NOT_PRESENT_IN_SOURCE,2020-06-23,2023-07-20,1103,1103,0,1103,0,STALE (to 2023-07-20),"STALE_ACTUALS_SOURCE, latest date 2023-07-20; 15 governed model backtests DO NOT exist yet; must be generated in P5",TRUE,FALSE,FALSE,FALSE,TRUE,Physical unit maps one-to-one to an observed series.
RAW134,OBS-IOPS-Failover-BRA-Go Local,RAW-IOPS-Failover-BRA-Go Local,IOPS,NOT_APPLICABLE,NOT_APPLICABLE,Failover,NOT_APPLICABLE,Organic,Region,BRA-Go Local,IOPS|Organic|Failover|Region,Metric=IOPS > Scenario=Failover > Granularity=Region > Key=BRA-Go Local,forecast_substrateBE_iops_actual_region,iops_actuals_raw.parquet,data/raw/v6_24_mvp_cohort/iops/iops_actuals_raw.parquet,DateTime,Value,NOT_PRESENT_IN_SOURCE,2020-09-22,2023-07-20,1009,1009,0,1009,0,STALE (to 2023-07-20),"STALE_ACTUALS_SOURCE, latest date 2023-07-20; 15 governed model backtests DO NOT exist yet; must be generated in P5",TRUE,FALSE,FALSE,FALSE,TRUE,Physical unit maps one-to-one to an observed series.
RAW135,OBS-IOPS-Failover-CAN-Go Local,RAW-IOPS-Failover-CAN-Go Local,IOPS,NOT_APPLICABLE,NOT_APPLICABLE,Failover,NOT_APPLICABLE,Organic,Region,CAN-Go Local,IOPS|Organic|Failover|Region,Metric=IOPS > Scenario=Failover > Granularity=Region > Key=CAN-Go Local,forecast_substrateBE_iops_actual_region,iops_actuals_raw.parquet,data/raw/v6_24_mvp_cohort/iops/iops_actuals_raw.parquet,DateTime,Value,NOT_PRESENT_IN_SOURCE,2020-06-23,2023-07-20,1101,1101,0,1101,0,STALE (to 2023-07-20),"STALE_ACTUALS_SOURCE, latest date 2023-07-20; 15 governed model backtests DO NOT exist yet; must be generated in P5",TRUE,FALSE,FALSE,FALSE,TRUE,Physical unit maps one-to-one to an observed series.
RAW136,OBS-IOPS-Failover-CHE-Go Local,RAW-IOPS-Failover-CHE-Go Local,IOPS,NOT_APPLICABLE,NOT_APPLICABLE,Failover,NOT_APPLICABLE,Organic,Region,CHE-Go Local,IOPS|Organic|Failover|Region,Metric=IOPS > Scenario=Failover > Granularity=Region > Key=CHE-Go Local,forecast_substrateBE_iops_actual_region,iops_actuals_raw.parquet,data/raw/v6_24_mvp_cohort/iops/iops_actuals_raw.parquet,DateTime,Value,NOT_PRESENT_IN_SOURCE,2020-06-23,2023-07-20,1101,1101,0,1101,0,STALE (to 2023-07-20),"STALE_ACTUALS_SOURCE, latest date 2023-07-20; 15 governed model backtests DO NOT exist yet; must be generated in P5",TRUE,FALSE,FALSE,FALSE,TRUE,Physical unit maps one-to-one to an observed series.
RAW137,OBS-IOPS-Failover-CHN-Gallatin,RAW-IOPS-Failover-CHN-Gallatin,IOPS,NOT_APPLICABLE,NOT_APPLICABLE,Failover,NOT_APPLICABLE,Organic,Region,CHN-Gallatin,IOPS|Organic|Failover|Region,Metric=IOPS > Scenario=Failover > Granularity=Region > Key=CHN-Gallatin,forecast_substrateBE_iops_actual_region,iops_actuals_raw.parquet,data/raw/v6_24_mvp_cohort/iops/iops_actuals_raw.parquet,DateTime,Value,NOT_PRESENT_IN_SOURCE,2022-05-10,2023-07-20,429,429,0,429,0,STALE (to 2023-07-20),"STALE_ACTUALS_SOURCE, latest date 2023-07-20; 15 governed model backtests DO NOT exist yet; must be generated in P5",TRUE,FALSE,FALSE,FALSE,TRUE,Physical unit maps one-to-one to an observed series.
RAW138,OBS-IOPS-Failover-DEU-Go Local,RAW-IOPS-Failover-DEU-Go Local,IOPS,NOT_APPLICABLE,NOT_APPLICABLE,Failover,NOT_APPLICABLE,Organic,Region,DEU-Go Local,IOPS|Organic|Failover|Region,Metric=IOPS > Scenario=Failover > Granularity=Region > Key=DEU-Go Local,forecast_substrateBE_iops_actual_region,iops_actuals_raw.parquet,data/raw/v6_24_mvp_cohort/iops/iops_actuals_raw.parquet,DateTime,Value,NOT_PRESENT_IN_SOURCE,2020-06-23,2023-07-20,1100,1100,0,1100,0,STALE (to 2023-07-20),"STALE_ACTUALS_SOURCE, latest date 2023-07-20; 15 governed model backtests DO NOT exist yet; must be generated in P5",TRUE,FALSE,FALSE,FALSE,TRUE,Physical unit maps one-to-one to an observed series.
RAW139,OBS-IOPS-Failover-EUR-Multitenant,RAW-IOPS-Failover-EUR-Multitenant,IOPS,NOT_APPLICABLE,NOT_APPLICABLE,Failover,NOT_APPLICABLE,Organic,Region,EUR-Multitenant,IOPS|Organic|Failover|Region,Metric=IOPS > Scenario=Failover > Granularity=Region > Key=EUR-Multitenant,forecast_substrateBE_iops_actual_region,iops_actuals_raw.parquet,data/raw/v6_24_mvp_cohort/iops/iops_actuals_raw.parquet,DateTime,Value,NOT_PRESENT_IN_SOURCE,2020-06-23,2023-07-20,1102,1102,0,1102,0,STALE (to 2023-07-20),"STALE_ACTUALS_SOURCE, latest date 2023-07-20; 15 governed model backtests DO NOT exist yet; must be generated in P5",TRUE,FALSE,FALSE,FALSE,TRUE,Physical unit maps one-to-one to an observed series.
RAW140,OBS-IOPS-Failover-FRA-Go Local,RAW-IOPS-Failover-FRA-Go Local,IOPS,NOT_APPLICABLE,NOT_APPLICABLE,Failover,NOT_APPLICABLE,Organic,Region,FRA-Go Local,IOPS|Organic|Failover|Region,Metric=IOPS > Scenario=Failover > Granularity=Region > Key=FRA-Go Local,forecast_substrateBE_iops_actual_region,iops_actuals_raw.parquet,data/raw/v6_24_mvp_cohort/iops/iops_actuals_raw.parquet,DateTime,Value,NOT_PRESENT_IN_SOURCE,2020-06-23,2023-07-20,1102,1102,0,1102,0,STALE (to 2023-07-20),"STALE_ACTUALS_SOURCE, latest date 2023-07-20; 15 governed model backtests DO NOT exist yet; must be generated in P5",TRUE,FALSE,FALSE,FALSE,TRUE,Physical unit maps one-to-one to an observed series.
